v -0.00341018 0.13031957 0.02175437
v -0.08171916 0.15250145 0.02965609
v -0.03054348 0.12477885 0.00109834
v -0.02490159 0.11211138 0.03756024
v -0.01840568 0.17843055 -0.02421958
v 0.01906794 0.12144925 0.03196844
v 0.0060412 0.12494359 0.03265289
v -0.01346903 0.16299355 -0.01200002
v -0.03439324 0.17236688 -0.00098213
v -0.08431416 0.10957263 0.00370973
v -0.04223354 0.17211574 -0.00417998
v -0.06330839 0.15660615 -0.01383879
v -0.07690395 0.16708033 -0.02693136
v -0.07225392 0.1153955 0.0516703
v 0.01298133 0.11366375 0.03830295
v 0.00486894 0.03796237 0.04586763
v -0.05718055 0.04091883 0.04630134
v -0.04520907 0.0388391 0.04450377
v -0.05024227 0.15773747 0.00939445
v -0.02121695 0.15887938 -0.00469237
v -0.04996034 0.04310195 0.04446265
v -0.02974875 0.03653986 0.05249331
v -0.00354389 0.04265977 0.04754153
v -0.03908818 0.1687202 -0.01192468
v -0.04124488 0.04309889 0.04212956
v 0.04976006 0.07023522 0.02373202
v 0.03402392 0.11353879 0.02459528
v -0.0264679 0.1810425 -0.00808117
v -0.01753347 0.04796425 0.04882963
v 0.00598623 0.04668914 0.04907362
v -0.0354537 0.11244769 0.03505541
v -0.0759832 0.138208 0.04921658
v 0.03483844 0.04315341 0.02895431
v -0.02274927 0.04988388 0.04660552
v -0.00780368 0.05016931 0.05098865
v -0.06387565 0.16140094 -0.02006421
v -0.08806457 0.12496764 0.00057412
v -0.06445701 0.15342891 -0.00511804
v -0.03430319 0.05052015 0.03828602
v -0.01435471 0.0544282 0.05071031
v -0.07266589 0.13005582 0.0516682
v 0.03799278 0.0497932 0.03190202
v 0.02150351 0.12563988 0.02125262
v -0.07648133 0.14827412 -0.00893762
v -0.0406522 0.12266506 0.0262903
v -0.04668618 0.05457072 0.03758737
v 0.03795509 0.1048871 -0.00320318
v -0.07900379 0.1285055 0.05314934
v -0.0591297 0.15039712 0.03448954
v -0.06569179 0.14961818 0.03816098
v -0.03195166 0.12518394 0.01940058
v -0.0452255 0.12935459 0.02037752
v -0.03061484 0.05441265 0.03669429
v -0.0247876 0.05260622 0.04083976
v -0.02158886 0.05683692 0.04546704
v -0.08090051 0.12558713 0.05215537
v -0.02999621 0.17811137 -0.00523582
v 0.04331555 0.05214555 0.03249211
v -0.07908773 0.17044488 -0.04137317
v -0.00149855 0.05592548 0.0546308
v 0.00519817 0.05701799 0.05342353
v 0.0386863 0.05645059 0.03118893
v -0.00853083 0.06015942 0.05530895
v -0.09107873 0.11506037 0.04014181
v 0.04563688 0.05740262 0.03199222
v -0.0141697 0.12767892 0.00130805
v -0.01239524 0.12264726 0.03358828
v -0.02800136 0.06107542 0.03747121
v -0.02537355 0.15840012 -0.00148013
v -0.06781859 0.15454353 0.03023372
v -0.00319589 0.11912518 0.03834958
v -0.03918559 0.06307453 0.04138289
v -0.00215139 0.09943738 0.04984975
v -0.05600139 0.06183067 0.02793115
v -0.05130794 0.06052166 0.03143493
v -0.04197932 0.06962998 0.04182493
v 0.00695449 0.06470013 0.05559915
v 0.04301509 0.09769096 0.00102583
v 0.03755296 0.10685291 0.02630347
v -0.07864073 0.16387238 -0.02838779
v -0.06199624 0.14761484 -0.00432568
v -0.01028289 0.06892636 0.05528961
v -0.0703258 0.06336777 0.01980918
v 0.04283111 0.08555604 0.02787376
v -0.04212149 0.12825104 0.00107515
v -0.03225787 0.0881926 -0.02513096
v 0.00769625 0.0723756 0.05606215
v -0.06189763 0.12297065 -0.00877255
v -0.00639347 0.10524472 -0.0228419
v -0.02924544 0.06955152 0.03936901
v -0.0893851 0.09902404 0.01752183
v 0.05453721 0.06879672 0.02451769
v -0.07388009 0.12091638 0.0533958
v -0.07403387 0.14406894 0.04499497
v -0.05405689 0.15671602 -0.00248659
v -0.04507884 0.08726113 -0.02186552
v -0.04731121 0.16296037 0.00607403
v -0.02578106 0.09377818 -0.02838822
v -0.08412341 0.1083205 0.02473098
v -0.07429408 0.1635685 -0.01553422
v -0.09429715 0.12617744 0.01922465
v -0.04949594 0.07343634 0.04167357
v 0.04107326 0.08872432 -0.00978794
v -0.05511138 0.07468784 0.04193974
v -0.04274023 0.07699534 0.04280408
v -0.06853119 0.15630045 0.02099771
v -0.00324792 0.07571069 0.05871464
v 0.01341438 0.09307374 0.05146775
v -0.07350444 0.09388334 -0.01475172
v -0.01779548 0.07748619 0.05608724
v -0.01137866 0.07987715 0.05769888
v 0.00273814 0.07910568 0.05671919
v -0.06189586 0.15424247 -0.0190186
v 0.01579974 0.12901416 0.01323687
v -0.01170342 0.09735572 0.05159208
v 0.00239297 0.13162713 0.0119551
v -0.09364421 0.11789378 0.01866208
v -0.04537646 0.08238355 0.04328212
v -0.03650546 0.08115226 0.04316232
v 0.00818481 0.08075617 0.05537451
v -0.0824716 0.1162413 -0.00232363
v -0.02753848 0.07996478 0.04769721
v -0.06243324 0.08403527 0.04420312
v -0.05523834 0.08199945 0.04498477
v -0.08616148 0.10838594 0.01824492
v -0.08672301 0.09991725 0.00355371
v -0.0224137 0.08328352 0.0555907
v -0.0021452 0.11143287 0.04243662
v -0.06112104 0.1556966 0.02251705
v -0.03753854 0.12744127 0.01532087
v -0.02998201 0.0854023 0.04374508
v -0.04900084 0.08622168 0.04535204
v -0.0108726 0.08882677 0.05666549
v -0.04902007 0.11771293 0.03158143
v -0.05768453 0.15561695 0.01298311
v -0.08577755 0.09170137 -4.697e-05
v -0.00124391 0.0890932 0.05655212
v 0.0094076 0.09032805 0.05421414
v -0.07369669 0.15613015 0.01435979
v -0.06559238 0.0910424 0.04409208
v 0.03910844 0.10829072 0.01314233
v -0.04541156 0.09100213 0.04325277
v -0.04451455 0.09486042 0.04297249
v -0.03564224 0.09261741 0.04423849
v -0.00898303 0.16926449 -0.02268348
v -0.06011714 0.09555291 0.04418382
v -0.02437993 0.09586645 0.04443453
v 0.01697345 0.09710662 0.04744092
v -0.06723198 0.09917395 0.04159388
v -0.02011064 0.12504545 0.02358831
v -0.03973825 0.10215357 0.04057441
v 0.0071936 0.09885947 0.04841951
v 0.0134871 0.1007642 0.04745429
v -0.07143369 0.07757352 0.03806076
v -0.06846643 0.13498146 -0.00833598
v -0.07468381 0.107861 -0.00904771
v -0.0789317 0.15093057 0.0351519
v -0.07411355 0.09944252 0.03833771
v -0.02915118 0.10197369 0.04263306
v 0.00425159 0.10523743 0.04256355
v -0.07214195 0.10536685 0.03752321
v -0.05530898 0.10365394 0.04151669
v -0.01551334 0.10436131 0.04291942
v -0.00780469 0.10516619 0.04382546
v -0.05420137 0.1145173 0.03484399
v -0.0637824 0.1103727 0.03757979
v -0.05074939 0.10928682 0.03829758
v -0.08004357 0.09208016 -0.00941982
v -0.05107908 0.09389281 -0.02176169
v -0.07394537 0.08437488 -0.01515449
v 0.01668846 0.0369766 0.0430006
v -0.05227733 0.11775075 0.03376946
v -0.00737751 0.03898843 0.04892945
v 0.01323466 0.03845306 0.04450147
v 0.01948735 0.04080929 0.04264106
v 0.0025822 0.10747582 -0.02060603
v -0.05098041 0.13486613 0.027585
v -0.01761801 0.03891117 0.05240344
v -0.01971175 0.16829145 -0.01302096
v -0.06406724 0.09017219 -0.01885552
v 0.02031915 0.10041961 0.04576052
v -0.05733534 0.12340101 0.04023147
v 0.02262521 0.04362168 0.04090458
v -0.04276416 0.15727487 0.00520162
v -0.06375729 0.10251144 -0.0174844
v -0.03407043 0.16148975 -0.01378696
v -0.0821915 0.0756102 0.01654262
v -0.06629942 0.12337119 0.05061592
v 0.0258218 0.04632661 0.03827723
v 0.02385576 0.10616625 0.03937808
v 0.05266309 0.04767362 0.02120127
v -0.03007161 0.17258324 -0.00635977
v -0.03450805 0.15447469 0.00165046
v 0.01674344 0.048439 0.04367863
v 0.02882705 0.09213337 0.04392009
v -0.03788539 0.16199719 0.00024686
v -0.04488228 0.15052959 0.00764517
v -0.01625752 0.1603125 -0.0096926
v -0.0639263 0.16792441 -0.04073042
v 0.04131877 0.09949674 0.02427575
v 0.01405522 0.05252391 0.04859388
v 0.05595734 0.05314741 0.02319772
v -0.03993796 0.1492285 0.00160172
v -0.0469888 0.12600802 0.0269855
v 0.01920463 0.05516651 0.04772215
v 0.05182373 0.0532767 0.02792701
v 0.04471785 0.09480266 0.01202471
v -0.01838313 0.18543664 -0.01713637
v 0.0117454 0.05667834 0.05191406
v 0.02895261 0.05612525 0.04038897
v 0.05767943 0.06139297 0.02420179
v -0.05829864 0.138855 0.03293746
v -0.05603276 0.13731083 0.03197059
v -0.06214562 0.13599775 0.03670097
v 0.02012695 0.06385133 0.04791966
v 0.03597176 0.06666961 0.0377814
v 0.03304458 0.10766252 0.03191615
v 0.02338677 0.07007599 0.04701262
v 0.02936287 0.06650978 0.04228938
v 0.03702718 0.09394963 -0.01167404
v 0.03989968 0.07029482 0.03272002
v -0.01581544 0.17504938 -0.01865416
v -0.06109602 0.1170165 0.03965402
v -0.06559994 0.11329504 0.04231871
v 0.0289824 0.07408848 0.04344724
v 0.04487254 0.07551671 0.02315525
v -0.07822523 0.14962481 -0.00250194
v -0.05236903 0.14682913 0.01893465
v 0.0226875 0.07514918 0.0493125
v -0.08948084 0.13839976 0.02506145
v 0.01407427 0.07665172 0.05422135
v 0.03129876 0.07590744 0.04269906
v -0.04556989 0.14663612 0.00565142
v 0.03088504 0.07899948 0.04338877
v -0.02917729 0.17619959 -0.00562411
v 0.01318912 0.08421118 0.05306583
v -0.06375713 0.15912175 -0.05015573
v -0.01852762 0.17653197 -0.01704354
v -0.07772146 0.11355888 0.04815599
v 0.03841359 0.08748993 0.03518585
v -0.06194593 0.16479234 -0.05664767
v 0.03614382 0.0844392 0.03793693
v 0.02587286 0.08848229 0.04665526
v -0.07737826 0.15764266 -0.01413365
v -0.09290734 0.12307021 0.03652323
v 0.02842334 0.08801108 0.0442342
v -0.07591778 0.1499769 -0.01684205
v 0.01859657 0.03529394 -0.00867822
v 0.0172098 0.0352594 -0.01468516
v 0.03833591 0.03883083 0.00309381
v 0.02219292 0.03677532 -0.00209193
v 0.01963602 0.03823401 -0.01250767
v 0.04669328 0.04246532 0.00656495
v 0.01663861 0.03819609 -0.01988493
v -0.09059387 0.11373094 0.01027677
v -0.06254169 0.17679461 -0.05782182
v -0.01109194 0.17992082 -0.02599643
v -0.06237257 0.15313041 -0.02899712
v 0.05298796 0.04774769 0.005042
v 0.0319129 0.09987006 -0.01462098
v -0.04866364 0.13638523 0.00680639
v 0.02391124 0.09802167 -0.02080729
v -0.02188242 0.11087418 -0.01969532
v -0.0538318 0.14981693 0.02506661
v 0.04594182 0.04813882 -0.00387157
v 0.02920777 0.04745025 -0.00850818
v 0.02663726 0.0476071 -0.01642774
v 0.01912008 0.04716775 -0.02211468
v -0.0157822 0.10072957 -0.02372413
v -0.06251417 0.17213119 -0.0527881
v -0.08276186 0.11162341 0.04422146
v -0.06361674 0.14801371 -0.02017026
v -0.05149269 0.13796388 0.02366218
v 0.05031813 0.05278637 -0.00341663
v -0.06268195 0.16744086 -0.04571389
v -0.03892114 0.03376739 -0.02904256
v -0.06879619 0.03511772 -0.00520674
v 0.05979814 0.05684018 0.01334273
v -0.07703956 0.07196702 0.02640507
v -0.06306989 0.15897471 -0.04295185
v 0.03570669 0.05608304 -0.00899933
v 0.05742175 0.05601221 0.00402456
v -0.01722441 0.09521409 -0.0320853
v -0.02776207 0.12068537 -0.00901529
v 0.02425186 0.05645747 -0.0242548
v 0.03094044 0.06051808 -0.01813272
v -0.00922961 0.17314463 -0.02419766
v 0.05983724 0.06642318 0.00851394
v -0.08315935 0.14674277 0.00307579
v -0.07144833 0.18105301 -0.05547855
v 0.03498179 0.06774079 -0.01568321
v -0.07116895 0.14740156 -0.02759094
v 0.05988667 0.06851305 0.01617161
v -0.06140699 0.17268822 -0.05826575
v 0.02499074 0.06589732 -0.02356827
v -0.07485275 0.14993112 -0.02775294
v -0.06222569 0.0602652 0.02044929
v -0.06200194 0.03643502 0.04391894
v -0.03612504 0.12286688 -0.00829279
v 0.02921651 0.06785025 -0.02041857
v -0.0416817 0.12575112 -0.00701933
v -0.04843435 0.13754973 0.01324498
v -0.08931316 0.13653006 0.03045875
v -0.07423019 0.15652681 -0.02516709
v 0.02632181 0.07024065 -0.02387868
v 0.04334214 0.07167612 -0.00223046
v 0.01309699 0.09112648 -0.02926977
v 0.04562 0.07468443 0.00260739
v -0.0930398 0.12026416 0.01121682
v 0.04551119 0.08695305 0.00388655
v 0.04496022 0.08094263 0.00061119
v 0.03386449 0.07865669 -0.01763249
v -0.07291636 0.0650574 0.01879462
v -0.09094969 0.13895375 0.01737113
v 0.04628088 0.07870202 0.01478633
v 0.04210691 0.08153316 -0.00666909
v -0.03742022 0.0454285 -0.02422679
v -0.08514891 0.1396552 0.00248085
v -0.0633133 0.16503258 -0.03289512
v 0.04463114 0.08417838 0.00082665
v -0.06437103 0.17296209 -0.04922566
v -0.0741587 0.17987275 -0.05079475
v -0.08149667 0.15473104 0.01969734
v -0.0137085 0.1849115 -0.02554955
v -0.04346534 0.12451145 0.02251889
v -0.07374808 0.15539253 0.00234917
v -0.03135885 0.12140977 0.02597109
v -0.04293064 0.12928436 0.00927007
v -0.08656194 0.14249188 0.00843268
v -0.08356095 0.15255943 0.00768067
v -0.08882645 0.09048332 0.0212047
v 0.03083572 0.11554234 -0.00317855
v 0.03281993 0.11655625 0.00444586
v -0.08940816 0.14352815 0.03092475
v -0.07091976 0.17136688 -0.03276375
v 0.02572594 0.12122705 -3.615e-05
v 0.05153713 0.07349669 0.0126987
v -0.07256706 0.1475323 0.04171409
v 0.0253435 0.1237475 0.00998188
v 0.00867844 0.12894574 0.02615688
v -0.06850422 0.16732018 -0.02395957
v 0.00096836 0.13064303 0.00258659
v -0.02285164 0.09063504 0.05228046
v -0.06481132 0.03453064 0.01550844
v -0.06430026 0.03508645 0.02427205
v -0.06672702 0.03589577 0.03384943
v -0.07689009 0.13041906 -0.00695701
v -0.07253973 0.03539927 0.00702988
v -0.06639203 0.03771235 0.02962195
v -0.03949475 0.03755157 0.0428709
v -0.07201603 0.0375727 0.00397894
v -0.06112567 0.03779005 0.0197109
v -0.03514596 0.03858592 0.04773269
v -0.06441576 0.04128384 0.02824348
v -0.08585634 0.09702539 0.02741496
v -0.06999732 0.04207308 0.00668978
v -0.08037933 0.09780066 0.03364575
v 0.02585506 0.08961066 -0.02270184
v -0.07764496 0.08221494 0.03579766
v -0.03445385 0.04456396 0.04542299
v -0.01511958 0.09993002 0.04450027
v -0.05785299 0.0464445 0.01106261
v -0.05181526 0.16392582 0.00174888
v -0.07884915 0.11867375 0.05062287
v -0.08005037 0.11670406 0.04876246
v -0.05251364 0.04757788 0.01485844
v -0.09223775 0.12488519 0.04078653
v -0.08591877 0.14263412 0.03984981
v -0.05016872 0.05346226 0.01625544
v -0.08876373 0.11944938 0.04656009
v -0.05606751 0.05347063 0.00737182
v -0.0866051 0.13226807 0.04678302
v -0.05290982 0.05704307 0.02098841
v -0.08353979 0.08116956 0.02701407
v -0.06278668 0.1127419 -0.01360544
v 0.00994449 0.10919723 -0.01947281
v -0.05826563 0.09092639 -0.02094869
v -0.06048358 0.15567975 0.00433438
v -0.07408436 0.14987744 -0.03261005
v -0.05267578 0.08822074 -0.0218863
v -0.0316939 0.10261265 -0.02235231
v -0.0737904 0.12016662 -0.00788512
v -0.04553288 0.03473648 -0.0213632
v -0.04499303 0.03901701 -0.02109783
v -0.04646261 0.03680027 -0.01777871
v -0.07758718 0.17717875 -0.05022109
v -0.06308703 0.03961417 0.02518156
v -0.07230302 0.15186699 -0.04154431
v -0.04699058 0.03889238 -0.01401692
v -0.07012167 0.16882633 -0.05117365
v -0.0480697 0.12493027 -0.00840764
v -0.08310943 0.10265445 -0.00329334
v -0.0654728 0.04562757 0.00455754
v -0.05447342 0.04593751 0.0236126
v -0.06025526 0.04474962 -0.00413162
v -0.09100365 0.14885725 0.02150703
v -0.0395199 0.17385855 -0.00757526
v -0.03395731 0.04102506 -0.02966025
v -0.05851589 0.04773131 0.00021246
v -0.03741645 0.04768213 -0.01714728
v -0.05442072 0.04783652 -0.00591869
v 0.00941157 0.12350285 -0.0098291
v -0.0327157 0.10896631 -0.01894141
v -0.03113338 0.04960726 -0.01940694
v -0.0502905 0.04909893 0.01716478
v -0.05567396 0.05698385 -0.00335104
v -0.02754591 0.05402157 -0.02514739
v -0.09223262 0.131954 0.01543065
v -0.05406648 0.05995935 -0.00759922
v 0.02181502 0.11770533 -0.0100153
v -0.02964712 0.05810426 -0.02131132
v 0.01046428 0.09618045 -0.02589897
v 0.05290641 0.06523045 -0.00051112
v -0.01832068 0.11968625 -0.01111066
v -0.02544562 0.06020855 -0.0308647
v -0.03032487 0.06769472 -0.02765495
v 0.01353349 0.10255388 -0.02157931
v -0.0720285 0.06704661 -0.00072256
v -0.02868068 0.0682835 -0.03061016
v -0.08125743 0.0730252 0.00710204
v -0.00082448 0.09516512 -0.03205632
v -0.07761883 0.07399913 -0.00532635
v -0.06854389 0.17513008 -0.0571879
v -0.09020572 0.14947775 0.01303509
v -0.02908746 0.07292463 -0.03335447
v -0.08620462 0.08093075 0.01053542
v -0.08154276 0.07795066 0.02672728
v 0.02666617 0.11268609 -0.01050954
v -0.03321096 0.07687319 -0.02770838
v -0.07928595 0.08004883 -0.00701255
v -0.0446974 0.11791537 -0.01472586
v -0.0834485 0.13393299 -0.00168732
v -0.01250182 0.10634409 -0.02236019
v -0.0882842 0.08686911 0.00810292
v -0.08881256 0.08776549 0.01422654
v -0.08800107 0.08662643 0.01546668
v -0.07777055 0.08784484 -0.01169481
v -0.05112141 0.16374125 -0.00266405
v -0.01041117 0.09459234 -0.03378485
v -0.01242992 0.10286006 -0.02382248
v 0.01580015 0.11996558 -0.01141563
v 0.04576943 0.0646288 -0.00121661
v -0.01009087 0.09822965 -0.02773136
v -0.03089295 0.04740903 -0.024954
v -0.00668781 0.11747209 -0.01535928
v -0.01322027 0.18397188 -0.02751946
v -0.04785945 0.11162729 -0.01748212
v -0.05513975 0.11051601 -0.01767274
v -0.06199357 0.15028063 -0.00162971
v 0.03668402 0.1009957 -0.00984859
v -0.05971053 0.03653578 -0.0094949
v 0.03155543 0.09248473 -0.01820428
v -0.00067307 0.10119875 -0.02285777
v -0.05621514 0.14139213 -0.00280273
v -0.00935695 0.08542373 -0.03811254
v -0.03984279 0.12156113 -0.01157031
v 0.05000082 0.06161207 -0.00346499
v -0.0254259 0.04142101 -0.02920483
v -0.05053938 0.13336659 -0.00108722
v -0.00781631 0.12821209 -0.00194304
v -0.00438224 0.12640753 -0.00694952
v 0.00140857 0.03478199 -0.0232652
v -0.0148462 0.03507093 -0.0260719
v -0.0213995 0.03479512 -0.02795882
v -0.02759704 0.16979824 -0.01817042
v -0.00684782 0.03644454 -0.02517712
v 0.02900777 0.03735822 -0.00027474
v -0.06515615 0.14034537 -0.00768486
v 0.00518207 0.04153632 -0.02406567
v -0.00170334 0.0478192 -0.02992893
v 0.03689089 0.0473532 -0.00610571
v -0.01375377 0.05186506 -0.03224348
v 0.0059436 0.05097666 -0.02911936
v -0.02552829 0.05147271 -0.02688468
v 0.00683417 0.05501017 -0.03056113
v 0.00214247 0.0555028 -0.0313344
v -0.06108427 0.1338619 -0.00722489
v -0.04330976 0.05565684 -0.01140211
v -0.00589038 0.03479062 -0.02422447
v 0.01071104 0.05468761 -0.02976752
v -0.00523259 0.05568896 -0.03284022
v -0.03526256 0.0552849 -0.01054506
v -0.01446691 0.06313602 -0.03686587
v -0.04553056 0.09851085 -0.02172951
v 0.01147133 0.06758144 -0.03090117
v -0.01773936 0.06626083 -0.03765731
v -0.05614789 0.06192155 -0.00575411
v -0.00592505 0.06951563 -0.03593348
v -0.02191135 0.06714479 -0.03653575
v -0.07595081 0.06817061 0.01811797
v -0.01797607 0.07061377 -0.03844388
v -0.03526304 0.07106765 -0.01801186
v -0.05283173 0.07029892 -0.01486496
v 0.0087503 0.07430156 -0.03339821
v -0.04435401 0.07337222 -0.01787443
v -0.0720716 0.07153815 -0.00747144
v 0.02547293 0.0740945 -0.02493854
v -0.06439255 0.07311633 -0.01533534
v -0.02385433 0.16164528 -0.01450419
v -0.05110362 0.07307195 -0.01624306
v -0.00534334 0.07826458 -0.03747694
v -0.03811782 0.07639012 -0.01864436
v -0.03920697 0.08153638 -0.020571
v -0.05767694 0.08625834 -0.02109832
v -0.02116286 0.17491852 -0.02197711
v -0.00534863 0.03382901 -0.02260043
v -0.02367146 0.03363097 -0.02321776
v 0.00173239 0.03445966 -0.01660787
v -0.03697052 0.03568036 -0.01500779
v -0.02008631 0.03806445 -0.01722079
v -0.01111325 0.03829029 -0.01564636
v -0.02785147 0.03840433 -0.01721042
v 0.00741471 0.03465919 -0.00301168
v 0.00397347 0.03820855 -0.00379635
v -0.01952351 0.03850521 -0.00454345
v 0.00232623 0.0353482 0.0023246
v 0.0140143 0.0357038 0.00388789
v -0.0380666 0.0385186 -0.00730796
v -0.05273006 0.0334979 -0.00181175
v -0.041271 0.0338554 -0.00188008
v 0.00314923 0.03412531 0.01176222
v 0.02824862 0.03504637 0.0160167
v -0.06703297 0.06514596 0.02729286
v -0.0331634 0.0381954 -0.0005252
v -0.05860408 0.03346223 -0.00021667
v -0.0373144 0.033633 0.00457247
v -0.01042399 0.03848857 0.00622927
v 0.0214998 0.0358071 0.0181694
v 0.00810435 0.0348429 0.0181346
v 0.02358946 0.0358906 0.02533769
v 0.04126135 0.04058507 0.02075193
v -0.05135087 0.0336457 0.00803294
v 0.0132792 0.0343795 0.0214237
v 0.0143227 0.0344255 0.0215932
v -0.0303071 0.0339954 0.0147064
v 0.03358413 0.03830393 0.02292867
v -0.05822597 0.06660731 0.03505028
v -0.0298032 0.034287 0.0163531
v -0.05768056 0.03362269 0.01404031
v -0.0288615 0.0353967 0.01735
v -0.0265805 0.0377426 0.0157053
v -0.0382796 0.035429 0.0243806
v -0.06464419 0.06172323 0.00022552
v -0.08882776 0.11359169 0.02387364
v -0.05184771 0.03447027 0.03463518
v -0.00496131 0.0393649 0.0367022
v -0.0804691 0.11357963 0.04664344
v -0.0336564 0.0343441 0.0369141
v -0.06854352 0.06109048 0.01055776
v -0.00282619 0.03488534 0.04561141
v -0.0181599 0.0393223 0.0394029
v -0.08564473 0.11131719 0.03423478
v -0.0263231 0.034658 0.0434735
v -0.07279013 0.06439988 0.01520595
v -0.0368986 0.03592464 0.04479417
v -0.07280136 0.06438259 0.01208908
v -0.01530644 0.03524641 0.05013381
v -0.04375572 0.14773408 -0.00214332
v -0.06670071 0.15236775 -0.04526639
v 0.01231936 0.12903768 0.0013336199999999998
v -0.04612416 0.10506369 -0.02045758
v -0.02696411 0.08451281 -0.03636174
v -0.04281898 0.16220182 -0.01033751
v -0.01940887 0.17041104 -0.02099483
v -0.01073649 0.12990285 0.01099379
v 0.03412644 0.09705398 0.03759039
v -0.09228086 0.12762053 0.02975167
v 0.02614811 0.12014725 0.02730801
v -0.05293564 0.09091352 0.04456887
v -0.02647198 0.04503453 0.05121946
v -0.07022226 0.15143521 0.03671891
v -0.02054255 0.11979518 0.03300367
v -0.04322683 0.04626357 -0.01177173
v -0.07422655 0.16437012 -0.03824034
v -0.04910459 0.13666879 0.01931403
v 0.04957568 0.0438159 0.01458296
v 0.00958873 0.03420722 -0.01542405
v -0.07702557 0.11396763 -0.00461681
v -0.0628326 0.04518275 0.03462289
v -0.07203608 0.11107918 0.0453614
v -0.03260575 0.0612646 -0.01545301
v -0.06960559 0.15490763 -0.05018867
v -0.02287024 0.10284737 0.04354475
v 0.00665325 0.11673563 0.03871634
v -0.036425 0.09363069 -0.02353463
v 0.02368212 0.03976254 0.03714876
v -0.00817975 0.0498458 -0.03107139
v 0.03830205 0.08454914 -0.01447883
v 0.0151103 0.05981984 -0.02864575
v 0.00025369 0.06574117 0.05656926
v -0.05798954 0.07401788 -0.01752232
v 0.04559818 0.08815172 0.01312407
v -0.06554542 0.07443037 0.03916807
v -0.0021998999999999994 0.11215881 -0.01965866
v -0.08889226 0.0992091 0.00957032
v -0.06721659 0.1617134 -0.01373371
v -0.08076792 0.143014 -0.00153128
v -0.0568023 0.14514674 0.0317403
v -0.08379885 0.10290691 0.02803833
v -0.06976057 0.13442855 0.04826522
v -0.02026838 0.06226681 0.04821212
v -0.0820635 0.07599367 0.00176155
v -0.0332411 0.03357876 -0.02671945
v 0.00206568 0.05010468 0.05229022
v -0.0085264 0.06400173 -0.03585048
v 0.01069621 0.0798892 -0.03200958
v -0.04934993 0.14913519 0.01127406
v -0.08240389 0.12186563 0.04936503
v -0.04729006 0.13055355 0.0016909099999999997
v 0.01786943 0.09089861 0.04871294
v -0.06819241 0.17439828 -0.04536587
v 0.03357384 0.05851526 0.03831099
v -0.0637554 0.14428875 -0.01139573
v -0.08955969 0.12851666 0.00454575
v -0.04187911 0.05616439 0.0397967
v 0.03882938 0.05983983 -0.00642525
v -0.0059406 0.07903824 0.05796983
v 0.04851001 0.06178076 0.03034725
v -0.01309899 0.09077604 -0.03665927
v 0.01200922 0.0359619 -0.02173575
v -0.02329883 0.18324307 -0.017923
v 0.05718027 0.07110769 0.00803076
v -0.04957947 0.03609654 0.04595536
v -0.04443413 0.08765453 0.04347762
v -0.03897895 0.10683037 0.03824766
v 0.02424972 0.10266151 -0.01831383
v 0.0028887900000000005 0.03463625 0.01884977
v -0.09130982 0.14848588 0.01627007
v -0.05706936 0.05442438 0.00233955
v -0.06498457 0.1037155 0.04064781
v -0.07038525 0.0374503 -0.0009319000000000003
v -0.02926488 0.16140418 -0.00210395
v -0.08897947 0.11450869 0.02844603
v -0.02204779 0.18348586 -0.01209499
v 0.01544899 0.03485244 0.03698489
v -0.0532105 0.0335853 0.013987
v -0.01474603 0.06558391 0.05373086
v -0.07289616 0.15834962 -0.03410942
v -0.05039932 0.05183133 0.0340374
v -0.05574063 0.03412805 0.02667436
v -0.0168038 0.03975381 -0.02756535
v -0.08603451 0.08264572 0.01954268
v -0.03135813 0.15362199 -0.00467389
v -0.01159972 0.10107813 0.04419166
v -0.0031105 0.03894619 -0.00277939
v -0.07073153 0.15569959 0.00690582
v 0.03044456 0.11886441 0.02082175
v -0.06156942 0.17084875 -0.06167917
v 0.03236918 0.03581601 0.00702463
v -0.0870559 0.10562761 0.00976511
v -0.04863998 0.16472475 -0.00505915
v -0.05064789 0.08230943 -0.02136589
v -0.01669256 0.11568553 0.03785315
v -0.02933114 0.1147623 -0.01584464
v -0.05212427 0.12929832 -0.0041187
v -0.08006981 0.09058613 0.03459307
v -0.05553045 0.14905531 -0.00196021
v 0.03811107 0.06481181 -0.011142
v -0.0290472 0.12556338 0.00776177
v 0.04220994 0.07886148 0.0291872
v 0.01965917 0.11236219 0.03754527
v 0.02881052 0.04335229 0.03215772
v 0.01587048 0.03441623 -0.00296665
v -0.0735026 0.16871934 -0.0447918
v -0.04759043 0.1008118 0.04234915
v -0.06299059 0.11999459 0.04523553
v 0.00448168 0.03711783 0.0247553
v -0.06646786 0.14871539 -0.0315793
v -0.05810518 0.06646595 -0.01004434
v -0.0429144 0.11835991 0.03064504
v -0.03811952 0.06416231 -0.01382914
v 0.04125883 0.10361081 0.00267606
v -0.00707608 0.12240119 -0.01136441
v 0.007134650000000001 0.11468229 -0.01834564
v 0.01063766 0.04416156 -0.02492617
v -0.06750436 0.11424088 0.04803605
v -0.08598605 0.14670902 0.03482703
v 0.02106978 0.12497756 0.00109981
v -0.00574998 0.06548898 0.05617339
v 0.00591057 0.13140929 0.01682375
v -0.06572859 0.10709818 -0.01431767
v -0.02925558 0.07516921 0.04118643
v -0.07282322 0.14510601 -0.01565468
v -0.06965551 0.06872837 0.03112788
v 0.00628811 0.06541635 -0.03256304
v -0.09328121 0.12691094 0.01350501
v -0.01144743 0.17131059 -0.01960298
v -0.08141495 0.09710025 -0.00687458
v -0.08740551 0.10205209 0.02202036
v 0.00922319 0.04412509 0.04505744
v 0.03751917 0.06106271 0.03436602
v -0.06870077 0.14463537 0.04304163
v -0.04054188 0.03888601 -0.02736495
v -0.06773818 0.17728865 -0.05037596
v 0.03303009 0.08378164 0.04163693
v 0.05280185 0.04653994 0.01042772
v -0.02303599 0.07277846 -0.03807264
v -0.07059513 0.12994832 -0.00876292
v -0.056901 0.045437 0.04323696
v -0.02770837 0.09008129 -0.03191146
v -0.00020856999999999994 0.07894141 -0.03578208
v -0.01613175 0.18298848 -0.02603719
v 0.02677546 0.05142345 -0.02023406
v 0.03068489 0.07572687 -0.02077809
v 0.05630521 0.06776991 0.0026525
v 0.02701391 0.05995279 0.04345442
v -0.05607006 0.15000706 0.02986764
v -0.08949102 0.14392581 0.01248849
v -0.05036476 0.13715763 0.00195261
v -0.08474701 0.1107835 0.03948838
v -0.08389074 0.08078953 0.00229514
v -0.06937259 0.16061775 -0.0091905
v 0.01523568 0.0949779 -0.02443714
v -0.02186697 0.04402293 0.0532438
v -0.02924191 0.09045336 0.04423661
v -0.04368647 0.0471545 0.04028631
v 0.05232729 0.06432707 0.02828189
v -0.0506872 0.03593587 -0.01238079
v -0.01524557 0.08294077 0.05693459
v -0.03520323 0.16493551 -0.002681
v 0.01121214 0.06658412 0.05398218
v -0.05892216 0.07754549 0.04296139
v 0.00479899 0.09165484 0.05471517
v -0.05743409 0.0576835 0.00872597
v -0.06715651 0.04197286 0.01024094
v -0.09182203 0.12747346 0.03645865
v -0.06065248 0.10467197 0.04090639
v -0.0320742 0.0383234 -0.0004210900000000007
v -0.03367405 0.17774449 -0.00817995
v 0.00665096 0.0881445 -0.03294581
v -0.06336658 0.13037076 0.04166994
v -0.00950641 0.03835264 0.01557066
v 0.01500497 0.10726898 0.04181199
v -0.04691227 0.03462718 0.03973971
v -0.07172356 0.14617438 -0.02156782
v 0.0251308 0.03454691 0.01101258
v 0.00356411 0.12764883 -0.00446724
v -0.04705966 0.03350186 0.00356464
v -0.03630933 0.11876943 0.03067402
v -0.00658646 0.12641717 0.03022639
v 0.04354774 0.0973894 0.01731465
v 0.03352546 0.10966209 -0.00698948
v -0.07665521 0.15509766 0.00796863
v 0.04513702 0.04462544 0.02551651
v -0.05543665 0.05942025 0.02301897
v -0.05262544 0.05043462 0.02904674
v 0.01673262 0.1099123 -0.01702004
v -0.02357431 0.03703691 0.05414475
v -0.06550953 0.15857325 -0.05560027
v 0.00852878 0.034888 0.0362651
v 0.01775808 0.07013854 -0.02940468
v -0.02821882 0.15758144 -0.01099949
v -0.08173946 0.07686134 0.02331361
v -0.06993725 0.08607686 0.04217569
v -0.01325342 0.16627152 -0.01412037
v -0.03521833 0.06855983 0.04138147
v 0.0373786 0.07309341 -0.01263537
v -0.03948189 0.03361822 -0.02361247
v 0.03525168 0.09083682 0.03918392
v 0.03135225 0.04264928 -0.0046745
v -0.06035541 0.07976661 -0.01937554
v -0.09424355 0.12207432 0.02356847
v -0.01758787 0.11491318 -0.01720504
v -0.03282171 0.123005 -0.00590883
v -0.05647295 0.15778406 0.00817865
v -0.06129574 0.14519988 0.03713783
v 0.0430231 0.06379581 0.02803921
v -0.00389815 0.10566175 0.04404719
v -0.06187966 0.1600045 -0.02580625
v -0.06455872 0.0396399 0.03941153
v 0.05454987 0.05604463 -0.00066158
v -0.07453036 0.06668069 0.00469533
v 0.00084818 0.11670025 -0.01733709
v -0.05231444 0.12159646 -0.01079806
v -0.00044023999999999995 0.05834341 0.05448341
v -0.00022827999999999998 0.04339494 -0.02512442
v -0.00942456 0.05539922 -0.03365398
v 0.00690643 0.03900427 0.02954851
v -0.06920905 0.03545481 0.01204214
v -0.05319879 0.13672896 -0.0016580500000000005
v -0.01887051 0.0989732 0.04448928
v -0.05481332 0.09810248 -0.02142537
v -0.03622359 0.12777519 0.00985015
v 0.00445226 0.03770519 -0.01295765
v -0.03260662 0.07195562 -0.02486658
v 0.01381378 0.12322188 0.03250259
v -0.07135146 0.15727092 -0.04218309
v -0.00849808 0.08399047 0.05760522
v -0.05408812 0.03978121 -0.01054468
v 0.01077461 0.13079162 0.01434174
v -0.01000199 0.07267148 -0.03766137
v -0.04950777 0.129495 0.03025927
v -0.04665026 0.05984095 -0.01213584
v 0.06059493 0.06167721 0.01559156
v -0.08634714 0.09172209 0.02681108
v 0.04111812 0.09749126 -0.00397567
v -0.08957795 0.1207831 0.0035229100000000006
v 0.01636347 0.03439479 0.00229486
v -0.05211593 0.14179906 0.02051031
v 0.02648806 0.12230287 0.02039811
v -0.08699064 0.13812326 0.04231655
v 0.02028447 0.05134919 -0.02489538
v 0.02699676 0.05131778 0.03875204
v -0.09104428 0.14199862 0.02172963
v -0.07808147 0.1235194 0.05213699
v 0.02634802 0.08456223 -0.02315171
v -0.04974745 0.14112519 0.00529375
v 0.04070618 0.06447531 -0.00559203
v -0.0190475 0.09656213 -0.0275799
v -0.07720673 0.1563995 -0.01897254
v -0.0746388 0.14398484 -0.00715046
v -0.03556267 0.04939989 -0.01286504
v -0.03674488 0.08608369 0.04361289
v -0.08645483 0.08694049 0.0009166700000000001
v -0.03675209 0.15802075 0.0041862
v -0.02722907 0.08799148 0.04790973
v -0.04596674 0.10905146 0.03875411
v -0.01796898 0.18078031 -0.01810343
v -0.05034241 0.15546197 -0.00519277
v 0.0246721 0.0636945 0.04520464
v -0.04918664 0.04641123 0.04117004
v -0.05190103 0.09545762 0.04393765
v -0.06713216 0.15709447 -0.0062032
v 0.00037699 0.04493579 0.04651993
v -0.01186603 0.07318375 0.05625005
v 0.00951046 0.09548387 0.0509106
v 0.03629441 0.0712207 0.03711461
v -0.06211615 0.15600787 0.01803442
v -0.0670703 0.18072682 -0.05661862
v -0.0754295 0.17095605 -0.03287989
v -0.09201958 0.11611534 0.03584273
v -0.05418543 0.0673227 0.03693561
v -0.0306039 0.03803846 -0.03012384
v 0.01810979 0.07580659 0.05248826
v -0.05771311 0.04871782 0.00727651
v -0.02772004 0.05050209 0.04334072
v -0.07379571 0.10895629 0.03921725
v 0.05491939 0.07316161 0.01522359
v -0.00924893 0.1772585 -0.0282702
v -0.06576664 0.03646955 -0.0072073
v -0.03922792 0.09918463 -0.02191272
v 0.02132474 0.03462404 0.0056444
v -0.02120084 0.04665709 -0.02795132
v 0.04082479 0.09517022 0.02865792
v -0.01787049 0.03820389 0.02024322
v -0.0366651 0.0353042 0.023032
v -0.01572318 0.16312344 -0.01639657
v -0.05551686 0.1295607 0.03659845
v -0.07564316 0.09944045 -0.01192761
v -0.08825211 0.1269273 0.0461413
v 0.02171297 0.10956342 -0.01508109
v -0.05504716 0.05276756 -0.00394613
v -0.03785728 0.17010102 0.0014236
v 0.0174901 0.0346463 0.0220409
v -0.00808407 0.13030537 0.01687228
v -0.08250651 0.12765487 -0.00467964
v 3.092000000000001e-05 0.12315746 0.03474966
v -0.0701776 0.07566333 -0.01383921
v -0.04149118 0.11224766 0.03587345
v -0.03665841 0.0750873 0.04200694
v 0.02611092 0.1008899 0.04173326
v -0.08653773 0.15154801 0.02587537
v -0.06205929 0.15697807 -0.03378458
v -0.01155858 0.03389543 -0.02105426
v -0.08836646 0.11361863 0.00582278
v -0.06953877 0.06307475 0.00357582
v -0.05557811 0.11567692 -0.01464599
v -0.02630372 0.12518875 0.01739298
v 0.00807238 0.05157414 0.05177356
v -0.01624045 0.12512177 -0.00364997
v -0.03138313 0.05179131 -0.0138868
v -0.07410816 0.17355729 -0.03798684
v 0.03030039 0.11553645 0.02868501
v -0.02493915 0.17031135 -0.0113297
v -0.0654245 0.14011279 0.04130896
v 0.02702074 0.0613457 -0.02229206
v -0.04411124 0.09288399 -0.02237321
v -0.03073405 0.08542756 -0.03050667
v -0.0594986 0.08884547 0.04510929
v -0.01623134 0.12382942 0.02957699
v -0.00268438 0.05124742 0.05318679
v 0.04329341 0.04186414 0.00206344
v -0.02112678 0.1093229 0.04071532
v 0.00648435 0.034293 -0.02085493
v -0.08381225 0.0863377 0.02922327
v -0.07977899 0.13448894 0.05099029
v -0.0011826799999999998 0.05949242 -0.03336092
v -0.04448944 0.06107771 0.03954532
v -0.0717221 0.06702304 0.02495975
v 0.02197754 0.04285533 -0.01453623
v 0.00971632 0.10523506 0.04360383
v -0.07338664 0.15463418 -0.02994383
v 0.00438431 0.04580671 -0.02678899
v -0.06411481 0.09550988 -0.01811461
v -0.04109151 0.034006 -0.01199754
v 0.03844617 0.07564943 0.03505064
v 0.00260403 0.09694266 -0.02840706
v 0.04851267 0.07179818 0.0060005
v -0.00753469 0.10021302 0.0474887
v 0.05953164 0.0605046 0.0058397
v -0.02022534 0.07709519 -0.03904429
v -0.03705379 0.12715094 0.0003547400000000001
v -0.03450261 0.07613002 -0.02237315
v 0.01804526 0.08362316 0.05128584
v 0.00954854 0.03423262 0.0017162
v -0.06392088 0.12774242 -0.00854946
v -0.02394438 0.07880014 0.05353473
v -0.06943845 0.1647993 -0.0172187
v -0.04508261 0.12218447 -0.01156943
v -0.0014089 0.03619308 0.01294455
v -0.08911033 0.13851394 0.03765878
v 0.01347309 0.12429893 -0.00683614
v -0.02426559 0.1568769 -0.00785093
v 0.03741871 0.10850822 0.00033973
v 0.03374835 0.08364414 -0.01863045
v -0.05440375 0.03500731 0.04487459
v 0.05839241 0.06674124 0.02197946
v -0.04765656 0.13077525 0.02552357
v -0.00835625 0.113736 -0.01823981
v 0.01907655 0.09187062 -0.02489023
v -0.06237434 0.04014609 -0.00740402
v -0.04434183 0.15113809 -0.00568598
v 0.02035885 0.12448747 0.02590634
v -0.08373658 0.07677184 0.0089586
v -0.09054938 0.13511875 0.02168055
v 0.03866369 0.05169667 -0.00669102
v -0.08949549 0.09563243 0.01423481
v 0.02318395 0.05865436 0.04587106
v 0.04613397 0.05927881 -0.00477696
v -0.01998764 0.10278313 -0.02339292
v -0.03280004 0.15948699 0.00219628
v -0.06609604 0.15532529 0.00715618
v -0.07553688 0.15977062 -0.01043865
v -0.01498117 0.04257142 0.05140453
v -0.08561303 0.09627711 -0.00066514
v 0.04229655 0.04543577 0.02904092
v 0.0040479 0.09581736 0.05293677
v -0.06151122 0.12373565 0.04306268
v -0.05601079 0.15381662 0.02536928
v -0.00662106 0.09041525 0.05687975
v -0.02586708 0.05668921 0.03918224
v -0.08839924 0.13899 0.01064066
v -0.04918733 0.10452012 0.04030139
v 0.01474429 0.04271695 0.04451031
v -0.07656583 0.11674037 0.05148935
v -0.09273651 0.12073095 0.03269273
v -0.03943032 0.08959762 0.04317789
v -0.05399304 0.14498656 -0.00110934
v 0.01180703 0.07092098 0.05424049
v -0.03893375 0.04636427 0.04036478
v -0.07261837 0.14368135 -0.0109871
v -0.08089452 0.10967225 0.03791023
v -0.00500245 0.069655 0.05689251
v -0.07572944 0.10354026 0.03607097
v -0.04105149 0.04152862 -0.024061
v -0.05183005 0.04856873 0.02164703
v -0.02591961 0.18272826 -0.01354109
v -0.03117289 0.04029433 0.05131246
v 0.01571973 0.07375635 -0.02974777
v -0.06733083 0.03384644 0.00872663
v 0.04571923 0.0694894 0.02354934
v 0.00437145 0.10391901 -0.0215151
v -0.05899998 0.07375155 0.04119708
v -0.0655936 0.17665711 -0.06050473
v 0.05667175 0.05697082 0.02429192
v -0.06373114 0.16577037 -0.06010361
v -0.04075063 0.04928511 -0.0112862
v -0.05071827 0.152763 0.01181668
v 0.04231296 0.05909915 0.03084842
v -0.02924169 0.09429044 0.04482119
v -0.05446366 0.05535745 0.01032684
v 0.01997249 0.05440971 -0.02710823
v -0.06514665 0.03594565 0.03977508
v -0.06963725 0.04188127 0.00318258
v -0.01369113 0.17914707 -0.02812641
v -0.02328575 0.08946803 -0.03602725
v 0.02872312 0.09794322 -0.01749735
v 0.04376623 0.08839002 -0.00357088
v -0.03740303 0.11150775 -0.01824331
v -0.01803149 0.03485997 0.04926476
v -0.02418758 0.07226915 0.04768109
v -0.02169269 0.03826601 0.00451008
v -0.02585131 0.12182948 0.02607967
v 0.00900165 0.03689093 0.02848219
v 0.01930501 0.07901787 -0.02774399
v -0.02360019 0.11513818 -0.01557739
v -0.062019 0.03434318 0.03188328
v -0.0396703 0.036174 -0.00733977
v 0.04432654 0.09081812 0.02209752
v -0.02260159 0.16250449 -0.0060717
v -0.07973935 0.13606854 -0.00414821
v -0.07700431 0.15521281 0.02453477
v -0.03106692 0.06505886 -0.02275108
v -0.0510255 0.07570507 -0.0181869
v -0.01473156 0.07764075 -0.03849067
v 0.03781474 0.07969815 -0.01328963
v 0.02035681 0.0436624 -0.02045628
v -0.06282962 0.1518948 -0.00923734
v -0.0785977 0.17441574 -0.04660758
v 0.02065726 0.1041683 0.04300468
v 0.05909208 0.05795698 0.02027012
v 0.00185499 0.08469279 -0.0348385
v -0.06212611 0.06284536 -0.00452026
v -0.06768448 0.16533627 -0.0554664
v 0.036102 0.11266103 0.01049178
v -0.0792375 0.12055419 -0.00567448
v 0.02906309 0.11149602 0.03380579
v 0.00651117 0.13002517 0.00092881
v -0.06423083 0.14877806 -0.02589971
v 0.01452151 0.06138289 0.0505009
v -0.08235405 0.08087632 -0.00240389
v 0.05673057 0.05051574 0.01062708
v -0.07511501 0.06655704 0.01024409
v -0.00109744 0.03814784 0.02042701
v -0.08126871 0.10879438 0.02944066
v -0.00024264000000000002 0.05453602 0.0546412
v -0.04654958 0.06765213 0.03963579
v -0.00755197 0.11183813 0.04203969
v -0.04485389 0.15746031 -0.00867316
v -0.04654849 0.13320769 0.01688963
v -0.0484515 0.06479412 -0.01302991
v -0.0265689 0.03469583 -0.02911375
v -0.07653781 0.15344875 -0.01289875
v -0.07644067 0.07751106 0.0337483
v -0.00155395 0.12754717 0.02923287
v -0.02541173 0.12472533 0.00012885999999999996
v -0.00794688 0.04148992 -0.02591127
v -0.03098018 0.16634656 -0.01624116
v -0.0008661399999999992 0.06455963 -0.03449093
v 0.05774464 0.06415844 0.00262776
v 0.01926275 0.1268939 0.005555209999999999
v 0.02163267 0.04812727 0.04069443
v -0.08341814 0.09412744 0.03089845
v 0.0169816 0.12715003 0.02293149
v -0.08751121 0.15061504 0.01015246
v -0.03233206 0.04867284 0.04252396
v 0.00446304 0.12427294 -0.00942914
v -0.02812293 0.09932239 -0.02358013
v -0.07222332 0.15896734 -0.00542423
v -0.08943084 0.14730552 0.02769496
v 0.03697509 0.07987648 0.03719839
v 0.01451906 0.06459554 -0.02985569
v -0.05654431 0.12850938 -0.00620147
v 0.04599733 0.06981445 0.00301433
v -0.03470791 0.08403588 -0.02430226
v -0.01742058 0.06965949 0.05408953
v -0.08704141 0.13058932 0.0009116100000000002
v -0.07275916 0.16965906 -0.02701342
v 0.02498901 0.03810458 0.02942957
v 0.03591508 0.05991638 -0.01196651
v -0.05858144 0.05780146 0.01342954
v -0.04953683 0.12491344 0.03177844
v 0.03014532 0.086284 -0.02040814
v -0.03593149 0.09980995 0.0423358
v -0.05265555 0.04849422 0.03873119
v -0.05091096 0.1007457 -0.02161943
v -0.06920138 0.0930392 -0.01648612
v 0.01657396 0.11890153 0.0350423
v 0.02545695 0.03948389 -0.00402514
v -0.0633664 0.06279026 0.02564761
v 0.03440018 0.10503 -0.01022492
v -0.06324205 0.0455497 0.00048427999999999996
v -0.03862358 0.05830329 -0.01150575
v 0.00514504 0.10163906 0.04542301
v -0.01668335 0.08726669 0.05674119
v -0.04979743 0.11342104 0.03511792
v -0.03097877 0.07702086 -0.03281649
v -0.0874265 0.09546953 0.00403124
v -0.05334196 0.144012 0.02426139
v 0.02590364 0.07553604 0.04641665
v -0.06244193 0.14084781 0.03696584
v -0.0008114 0.03742417 0.00477215
v -0.01144041 0.03764077 0.05027573
v -0.09259497 0.11943826 0.02680295
v -0.08618044 0.08257215 0.0063639
v -0.0902417 0.13575994 0.01414916
v -0.00641199 0.09287621 -0.03481764
v -0.00886916 0.09540026 0.05444598
v -0.00763232 0.10304531 0.04371064
v -0.00430826 0.06141857 0.05568849
v -0.02946016 0.15550263 -0.00119147
v -0.06164166 0.15582039 0.01109982
v -0.00234743 0.03590313 -0.01592974
v -0.00205785 0.08099829 0.05755384
v 0.05837457 0.07118641 0.01307274
v 0.03560601 0.03652664 0.00981553
v -0.00970153 0.16738863 -0.01936025
v -0.007824 0.10924112 -0.02218567
v -0.05681066 0.03387394 -0.01116631
v -0.01337343 0.04789241 0.04788385
v -0.07045693 0.10098777 0.03979406
v -0.08380358 0.125611 0.05044049
v 0.0048214 0.07376398 -0.03455245
v -0.03458864 0.04474496 -0.0271229
v 0.01011387 0.07646811 0.05525679
v -0.09113211 0.122821 0.04411516
v -0.08846922 0.11124294 0.01267916
v -0.07725608 0.14565854 0.04312293
v -0.05312132 0.07791243 0.04333492
v -0.0873599 0.11248315 0.04204949
v -0.07324252 0.15231332 -0.03570352
v 0.00493049 0.04198266 0.04572339
v -0.04484287 0.14629393 0.00171148
v -0.06681723 0.11951525 0.05149022
v -0.06153038 0.14037628 -0.00627347
v 0.0173729 0.10246037 -0.0214877
v 0.05040001 0.06729248 0.02685147
v -0.01521069 0.18463639 -0.02205724
v 0.04367318 0.05016223 -0.00598435
v -0.03324434 0.08226659 0.04185218
v -0.03750113 0.0402219 0.04429655
v 0.01396404 0.04557917 -0.02470651
v 0.05052275 0.07339791 0.01616689
v 0.03304036 0.06177384 0.03978144
v -0.05662373 0.09632217 0.04366791
v -0.07564069 0.159304 -0.02690846
v -0.00011289000000000004 0.0692882 0.05657979
v 0.04378536 0.0488037 0.03134342
v -0.03259716 0.17498725 -0.00259531
v -0.06528365 0.15592447 -0.04986593
v -0.05238982 0.04544913 0.0176863
v -0.02312295 0.0945159 0.04735887
v -0.06479261 0.04172453 0.0316169
v -0.06151758 0.17517449 -0.0606317
v -0.05646433 0.03768311 0.04681964
v -0.0261775 0.04249893 0.05331522
v -0.0690003 0.03846771 0.0107689
v -0.04160143 0.15978 0.00353747
v -0.07096183 0.03434573 -0.0007837399999999999
v -0.00958372 0.17426102 -0.02839076
v -0.04767276 0.03611665 -0.01330121
v 0.00493185 0.0348148 0.04346211
v -0.00943088 0.03888769 -0.00748487
v -0.03721825 0.11594244 -0.01517305
v 0.01952039 0.06206477 -0.02729247
v -0.06948104 0.08565646 -0.01719842
v -0.04607629 0.16819719 0.00073744
v 0.03675839 0.09919547 0.03283767
v 0.04513381 0.09363069 0.00623368
v -0.08095914 0.10926674 -0.00201899
v -0.03077018 0.11597313 0.0328588
v -0.04155818 0.06977401 -0.0167741
v -0.02350685 0.12672006 0.0109969
v -0.06242532 0.04188572 0.01464677
v -0.09260143 0.13018652 0.02518358
v -0.01981892 0.16509494 -0.01760898
v -0.04076035 0.03466823 0.04049253
v 0.00080905 0.11633319 0.04016756
v -0.07740951 0.16260515 -0.02075458
v -0.02535315 0.0625672 0.04064217
v 0.04141401 0.10284216 0.01657892
v -0.06051078 0.1074845 -0.0170423
v -0.02436639 0.17693266 -0.01171963
v 0.01367761 0.12967262 0.00693274
v -0.06573972 0.15565338 0.0260176
v 0.03366354 0.11574212 0.01718129
v -0.02100048 0.12313643 -0.00611901
v -0.05007672 0.14997652 -0.00364197
v 0.0287344 0.10360053 0.03803524
v 0.0474469 0.07369141 0.01243002
v 0.01319698 0.03483579 0.03163098
v -0.06608067 0.07020274 0.03555286
v -0.0231815 0.08168699 -0.03832916
v -0.04486421 0.0819979 -0.02047352
v 0.03347585 0.03644734 0.01626696
v -0.08724041 0.11967213 -0.00017812999999999965
v -0.03361965 0.15691468 -0.01102487
v -0.05321673 0.13221978 0.03297838
v 0.0165683 0.06626989 0.05100989
v -0.02148109 0.07419446 0.05285768
v -0.0335409 0.03634262 0.04908996
v 0.02973996 0.05253843 -0.01622495
v 0.00980203 0.11003994 0.0399454
v -0.05782263 0.06953801 -0.01441647
v -0.06227852 0.15166598 -0.01467273
v -0.06393854 0.15262699 0.03448107
v 0.0222916 0.03705331 0.03310102
v -0.01086621 0.12691699 0.02757544
v -0.08103384 0.08469818 0.0331064
v -0.00046583 0.11983662 -0.01361058
v 0.06009357 0.06569345 0.01853332
v -0.07087229 0.11611638 -0.00795637
v -0.00264419 0.03872707 0.02513126
v 0.04215613 0.06971758 0.02831823
v -0.03469233 0.03382871 0.01243858
v -0.03358207 0.10383908 0.04073799
v -0.03918958 0.12828193 0.00503463
v 0.0119662 0.0343354 -0.00595713
v -0.07887611 0.15347012 0.00398758
v -0.06821456 0.14390932 -0.01498417
v -0.02173049 0.09841096 -0.02430685
v 0.01840092 0.12145507 -0.00768042
v 0.01983851 0.09651889 -0.02278588
v -0.078022 0.07099516 0.02132215
v -0.06670235 0.132106 0.04548094
v -0.05075118 0.04310962 -0.01001868
v -0.01235441 0.11556773 -0.01648693
v -0.06038127 0.04592142 0.04008874
v 0.0552579 0.05141626 0.00320626
v -0.04846863 0.14559606 0.00836615
v -0.05499689 0.10774199 0.03942459
v -0.00204064 0.03405394 -0.01933107
v -0.04895294 0.05628109 -0.01022088
v -0.06894021 0.15652777 -0.0019716
v -0.04399088 0.09942546 0.04238343
v -0.00441016 0.08279451 -0.03746725
v -0.07738271 0.153466 0.03089499
v 0.01901223 0.12736197 0.01778658
v -0.08057599 0.0766078 -0.00298794
v 0.02657921 0.11702438 0.03086794
v -0.01053863 0.06799918 -0.03651706
v -0.04645946 0.12723953 -0.00488433
v -0.00205167 0.10093469 0.04562592
v -0.04976341 0.0562412 0.03362425
v -0.00825064 0.04514872 -0.02844107
v -0.05825951 0.14099493 0.03244064
v 0.01395035 0.03488 -0.01861287
v 0.04028164 0.07263713 -0.0092881
v -0.08874618 0.13625578 0.00714778
v -0.0686026 0.14992277 -0.04005135
v -0.04304563 0.12785122 0.01684226
v 0.0012556400000000001 0.08384557 0.05744644
v 0.00539748 0.05838257 -0.03090376
v -0.03886471 0.10333987 -0.0206414
v 0.02092518 0.08631143 0.04943312
v -0.09033691 0.1311983 0.03813879
v 0.04143888 0.0923651 -0.0074587
v -0.0658081 0.16764344 -0.03055867
v -0.03419049 0.04751401 -0.0223015
v -0.06938241 0.10865787 0.0375078
v -0.06111398 0.15305212 0.0009998300000000002
v -0.08819459 0.10314633 0.01750902
v -0.05823237 0.0956904 -0.02061603
v -0.07912672 0.10619883 0.0320507
v -0.08072826 0.08820415 -0.00780031
v 0.05445156 0.05834289 0.02765301
v -0.0197067 0.09291734 -0.03463688
v -0.0917576 0.14334588 0.01779071
v 0.02974173 0.0706471 0.04165389
v -0.03259056 0.08194266 -0.02910021
v -0.05709413 0.04599654 0.02686528
v -0.01044654 0.05368597 0.05195861
v -0.06114938 0.05883441 0.01653944
v -0.0529785 0.05955377 0.02621192
v -0.06447977 0.06065147 0.00423432
v -0.07400445 0.17818523 -0.05391632
v 0.02908655 0.03579999 0.00356309
v -0.05417256 0.12337919 0.03757644
v -0.01932136 0.09212389 0.05382065
v -0.08863127 0.0948812 0.00793376
v 0.03053011 0.11221207 -0.00818606
v -0.055369 0.15442476 0.01616065
v -0.02731607 0.03391007 -0.02135375
v -0.08638915 0.12168475 0.04841244
v 0.01942122 0.0513213 0.04479891
v -0.03306416 0.07665484 0.0412779
v 0.01225411 0.0834567 -0.03077158
v -0.0261201 0.07117748 -0.03545153
v 0.02910274 0.10247506 -0.01576838
v 0.05411421 0.04777309 0.017484
v -0.04246598 0.0341891 -0.02726065
v 0.00325145 0.05982864 0.0554643
v -0.03814411 0.0505996 0.03930216
v 0.01324299 0.09673824 0.04875016
v -0.0867764 0.08434486 0.01241903
v -0.06426688 0.0335625 -0.00512532
v -0.00994402 0.0763431 0.05738856
v -0.07692291 0.15351394 -0.00907856
v -0.03080939 0.05699804 -0.01783502
v 0.0530564 0.06970883 0.00312914
v -0.00651742 0.0450362 0.04750278
v -0.09226899 0.11475156 0.01701738
v -0.07447183 0.13507476 0.0506889
v -0.01518003 0.1080775 0.04235043
v -0.05499421 0.09964082 0.04295523
v -0.05438826 0.13404922 -0.00399204
v -0.0536167 0.08534685 0.04533247
v -0.02254211 0.04061578 0.05398603
v -0.07214624 0.13486431 -0.00775922
v -0.03249191 0.05719635 -0.01210473
v -0.0027872799999999996 0.10577531 -0.02245903
v -0.01240601 0.08522257 0.05726778
v 0.01134801 0.09824375 -0.02302425
v 0.01337613 0.0486303 -0.0265515
v -0.04498945 0.07157733 0.04192925
v 0.05401649 0.07288385 0.01867801
v -0.06108054 0.16833773 -0.05919206
v 0.00419344 0.07291517 0.05629873
v 0.0336274 0.04871773 -0.00639046
v -0.02641667 0.04467402 -0.02820974
v -0.07769346 0.17367969 -0.04147867
v 0.032434 0.04533397 0.03031676
v -0.02453993 0.18005865 -0.01872695
v -0.0178916 0.161138 -0.00670727
v 0.04208069 0.06348063 -0.00254053
v -0.09224076 0.11816838 0.04120173
v -0.07457755 0.15164041 -0.02864799
v 0.00645525 0.03816519 -0.01016486
v -0.04459038 0.04379799 0.04268546
v -0.07083139 0.12254425 0.05327488
v -0.0682824 0.09237684 0.04238873
v -0.0536442 0.04935817 0.01220185
v -0.03305846 0.0861855 0.04256035
v 0.03638504 0.05699648 0.03360146
v -0.06412418 0.17953625 -0.05873042
v -0.04530134 0.15695057 0.00720369
v -0.01145246 0.17220633 -0.02684498
v -0.03664724 0.16640131 -0.00028167000000000003
v -0.07149813 0.03445297 0.00420265
v 0.0049172 0.0339971 0.00916661
v -0.02236197 0.09820761 0.04476594
v -0.0351005 0.15203437 -0.00013279000000000003
v -0.06924212 0.04147405 0.00019289
v -0.06292835 0.03906166 0.04270768
v -0.06775058 0.15734825 -0.05398211
v -0.01109677 0.18202324 -0.02804245
v -0.0229494 0.05102065 0.04392645
v -0.047872 0.0341363 -0.01541825
v -0.06517138 0.0372895 0.02595377
v -0.02332 0.0391695 0.0384733
v -0.0164714 0.0348128 0.0436847
v -0.0348346 0.0347214 0.0345782
v -0.03519913 0.03383521 -0.02050829
v -0.07979064 0.10351662 -0.00662754
v 0.01162084 0.11548972 -0.01638568
v -0.06978053 0.1593857 -0.04941824
v -0.05262636 0.06004376 -0.00895669
v 0.03969354 0.04565858 -0.00452741
v -0.01627309 0.12844514 0.01668361
v -0.0838375 0.13927865 0.04489385
v -0.01655641 0.03828647 0.01021579
v 0.03717654 0.11064404 0.01881133
v -0.0784498 0.10988832 0.04251792
v -0.08682494 0.15280775 0.01552145
v -0.00308697 0.0984025 -0.02740317
v -0.03362349 0.11840428 -0.01192748
v -0.05937536 0.11998238 0.04054824
v 0.01322625 0.1295807 0.01968961
v -0.06479693 0.15210615 -0.03618552
v -0.06791482 0.08013629 -0.0171282
v 0.04445013 0.0818469 0.02455292
v -0.02492983 0.11592775 0.03409473
v -0.00939362 0.10742813 0.04345457
v -0.07912993 0.16736568 -0.03550623
v -0.06663488 0.04043031 -0.005018070000000001
v -0.07436281 0.07243705 0.03143004
v -0.00179768 0.13117283 0.01636066
v -0.03216124 0.10896504 0.03810272
v -0.03035142 0.16448158 -0.00532914
v 0.04874913 0.045265 0.00230235
v 0.02913055 0.12027445 0.00611175
v -0.05506586 0.07808919 -0.01975548
v 0.00842109 0.13090986 0.00627544
v 0.04807479 0.04896996 0.02816549
v 0.00734297 0.12098188 0.03597343
v -0.02204319 0.05361202 -0.03013561
v -0.04990684 0.11788332 -0.01440248
v -0.06393981 0.07862183 0.04208352
v -0.05900216 0.05923462 0.00261408
v 0.0432182 0.09948674 0.00501533
v -0.08560975 0.14712513 0.00659811
v -0.0157159 0.06082297 0.05236544
v -0.02407887 0.0679067 0.04517837
v -0.06691626 0.12278907 -0.00890774
v -0.06177739 0.03401786 0.01690058
v 0.02881466 0.09671268 0.0422577
v -0.06456121 0.05948414 0.01306168
v -0.03297737 0.06636518 -0.01838553
v 0.03128627 0.05286384 0.03691362
v -0.05526535 0.10216682 -0.0198971
v -0.03867051 0.16070199 -0.01235776
v 0.04106544 0.0904607 0.02988862
v -0.00744421 0.11693417 0.03928385
v 0.01671521 0.12689851 0.00022330999999999957
v -0.00238501 0.12290534 -0.01038246
v -0.06654665 0.17171115 -0.04212777
v -0.07250553 0.15459529 0.02958883
v 0.02610866 0.06800764 0.04390269
v 0.01892802 0.04424961 0.04300983
v -0.03675631 0.08866336 -0.0238688
v -0.05002702 0.08131133 0.04426418
v 0.02393075 0.03481671 0.01773916
v -0.04080229 0.16436059 0.00374488
v -0.08699111 0.0864447 0.02242095
v 0.02267403 0.08660605 -0.02492549
v -0.09438042 0.12183919 0.01790434
v -0.02566108 0.12562669 0.00455375
v 0.01480157 0.0990409 -0.02284292
v -0.01695339 0.10669256 -0.02200299
v 0.05730647 0.05994462 0.00188864
v -0.02345584 0.16824727 -0.01882288
v 0.04326435 0.07581054 -0.00388439
v -0.00343565 0.08701789 -0.036461
v -0.04423113 0.07766413 -0.01902658
v 0.00528479 0.10943666 0.04167498
v -0.00012246000000000002 0.09320116 0.05539838
v -0.06548846 0.04093778 0.03531547
v -0.0440313 0.04194907 -0.01799396
v 0.03899705 0.09708822 -0.00777993
v -0.04784354 0.12215063 0.02883316
v 0.01683111 0.12487146 0.02842558
v -0.06775143 0.14605207 -0.0233333
v -0.08982262 0.11387199 0.03284531
v 0.00762704 0.06209833 -0.03113584
v -0.04379321 0.16955506 -0.00730264
v -0.07985879 0.07275504 0.00304202
v -0.05752062 0.158776 0.00416212
v 0.00752082 0.0367334 -0.00676143
v 0.02877934 0.08255325 0.04452735
v 0.02169699 0.04042727 -0.00946295
v -0.05470726 0.06346157 0.03167059
v -0.05957562 0.15472401 0.02637325
v -0.08591138 0.10968787 0.00765824
v -0.06224943 0.04654005 0.00719035
v 0.04608657 0.06647393 0.02680899
v -0.05473146 0.14267229 0.02898048
v -0.04675562 0.13284294 0.00812128
v -0.0278902 0.10440703 -0.02283092
v -0.03863927 0.03393731 0.00855065
v -0.00920154 0.05951013 -0.03443711
v -0.09037704 0.1325249 0.03108265
v -0.03547018 0.08019607 -0.02232591
v 0.0018527400000000005 0.11303356 -0.01979427
v -0.04407175 0.05105825 0.03897781
v 0.02346928 0.11656262 0.03353727
v -0.08563211 0.12461094 -0.00273358
v -0.06226313 0.15219935 -0.02257888
v -0.0014103499999999999 0.03699994 0.01698203
v -0.0561792 0.13774406 -0.00406743
v -0.07527265 0.12680098 -0.00802417
v -0.08329898 0.14960772 0.03374089
v -0.06258181 0.08639453 -0.01916929
v -0.03815026 0.04246661 -0.02689399
v -0.07214504 0.09155645 0.04149478
v -0.02110042 0.08658767 -0.03784905
v -0.0860615 0.0799311 0.01444078
v -0.06385231 0.06557231 -0.00693933
v -0.02658093 0.15567694 -0.00419634
v 0.01490478 0.05635038 0.04952278
v -0.07259859 0.09776272 -0.01443451
v -0.05183967 0.16062039 0.00714213
v 0.00128681 0.05038367 -0.03035744
v -0.03520709 0.12505219 0.02163569
v 0.00999117 0.06273527 0.05400924
v 0.03864815 0.09015334 -0.01254968
v 0.02531917 0.10931725 -0.01357966
v -0.09000934 0.13278082 0.00592206
v -0.08931897 0.09954698 0.01341811
v 0.05652487 0.05012566 0.01556449
v 0.00754467 0.09168215 -0.03164314
v -0.03121788 0.04384751 0.04978092
v 0.02324583 0.06279253 -0.02504799
v -0.05457635 0.09156295 -0.0220987
v -0.06112889 0.13178328 0.03891591
v -0.081704 0.10167226 0.03093966
v -0.04638517 0.04749085 -0.01008598
v 0.01912823 0.03564064 0.03664228
v -0.07713489 0.15151225 -0.0055823
v -0.01585835 0.08116555 -0.03918559
v -0.02893108 0.07924762 -0.0350498
v 0.01335987 0.03937741 -0.02249633
v -0.06910365 0.15559479 0.00163708
v 0.01789745 0.07951655 0.05275953
v -0.05299872 0.04916902 0.0339676
v -0.05798174 0.10943152 0.03799764
v 0.05000649 0.0580958 -0.00462118
v -0.09317648 0.11821016 0.02336236
v 0.05174624 0.07289725 0.00906474
v -0.04802362 0.14426649 0.00424986
v -0.00430909 0.0544675 0.05390825
v -0.00173431 0.0394768 0.0472629
v 0.02144166 0.09135496 0.04804336
v -0.06725342 0.03814216 0.01353396
v -0.03822568 0.12465525 -0.00732574
v -0.05216622 0.15013661 0.01744875
v -0.01121383 0.09236637 0.05610526
v -0.05091605 0.05381361 0.01975314
v -0.03438578 0.054096 0.03806029
v -0.05487695 0.07028233 0.0388282
v 0.05837313 0.06806759 0.00572476
v -0.08381776 0.11109094 0.02852449
v 0.0381029 0.06567844 0.03513252
v -0.06853542 0.13929375 -0.00780466
v -0.01736245 0.04323742 -0.02766519
v -0.0849649 0.08996254 -0.0030068
v -0.05946667 0.14743956 -0.00188854
v 0.00615083 0.08340624 0.0564635
v 0.01157405 0.07486057 -0.03138386
v -0.09149047 0.14543178 0.02227722
v 0.01014979 0.04925854 -0.02775059
v -0.0205806 0.0795725 0.05601388
v 0.00965092 0.10108782 0.04737308
v -0.07265257 0.16567918 -0.01821248
v -0.00299353 0.07218644 0.05816719
v 0.0591199 0.06312881 0.02156183
v -0.0701128 0.1179035 0.05271416
v -0.04861799 0.0964527 0.04418306
v -0.00440842 0.0666192 -0.03487025
v -0.01727075 0.18699602 -0.01997757
v -0.03951765 0.07812778 0.04291862
v -0.08856354 0.11624535 0.04539284
v 0.00710302 0.10191162 -0.02123099
v -0.07104821 0.15161088 -0.04467927
v -0.08809145 0.08774158 0.00484899
v -0.02543922 0.09067787 0.04885233
v -0.03287552 0.05167763 -0.01088865
v 0.02906299 0.05521058 -0.01804206
v -0.03080065 0.08006842 0.04179807
v 0.0384634 0.05493482 -0.00618225
v -0.05899738 0.09203067 0.04533527
v -0.07277722 0.17854465 -0.0482088
v -0.03629887 0.09569562 0.04358031
v -0.0749823 0.15407794 -0.01897447
v -0.04332365 0.0362864 0.04404236
v -0.06395393 0.14694729 0.0384842
v -0.01928878 0.03876257 -0.01420262
v -0.0317141 0.03511153 -0.03065899
v -0.0636028 0.11571453 0.04257229
v -0.02562258 0.09871342 0.04421089
v -0.06129796 0.03390022 -0.00932166
v 0.05435939 0.07146726 0.02138125
v -0.00247195 0.03840877 -0.01415903
v -0.07571822 0.12522734 0.05308733
v -0.0045918 0.03840457 -0.02541287
v -0.01098682 0.16621199 -0.01604755
v 0.03504771 0.04097394 0.02697039
v 0.02375313 0.03467071 0.00398853
v 0.04077548 0.05455749 0.03201474
v -0.06031843 0.03844299 0.04524595
v -0.03727792 0.17289068 -0.0008662700000000001
v 0.00666055 0.03520473 0.02431593
v -0.06092317 0.03862182 0.02246885
v -0.0182239 0.09749457 0.04684794
v -0.03750145 0.04273669 0.0429884
v -0.07247401 0.03625593 0.00155326
v -0.02564741 0.03886073 0.05416139
v -0.01800208 0.04991785 0.04694797
v -0.06588565 0.03502508 0.02941652
v -0.02436462 0.18096836 -0.0098312
v -0.03777678 0.15551947 0.00437008
v -0.04752164 0.03362272 -0.01280459
v -0.06813618 0.18006113 -0.05881605
v -0.06664285 0.16040875 -0.05684268
v -0.06342889 0.17185387 -0.06141217
v -0.01090665 0.17649301 -0.0292463
v -0.01493018 0.03864351 0.02937833
v -0.02586931 0.10426705 0.04220754
v 0.05080134 0.05730808 0.03000139
v -0.05535277 0.04293621 0.01913549
v -0.01303489 0.11002855 -0.02016117
v 0.01638702 0.11402346 -0.0154969
v -0.02337017 0.09339276 -0.03203182
v -0.06482564 0.03350586 0.00282225
v -0.07705666 0.13193469 0.05246243
v -0.0418955 0.0336683 0.02694
v -0.01930215 0.05822477 -0.0339197
v 0.00249604 0.0898576 -0.03362845
v 0.02925315 0.12057701 0.01229933
v -0.01289367 0.17879041 -0.02262475
v -0.08622713 0.11466841 0.0022102
v -0.07526049 0.14938613 0.03917598
v -0.07698734 0.15369375 -0.00229708
v -0.0022528599999999998 0.07392132 -0.03588719
v 0.04072147 0.07847553 -0.008213
v -0.00813059 0.03500835 0.0475024
v 0.02210445 0.0726926 -0.02690014
v -0.03444866 0.0607805 0.03954399
v 0.06072897 0.0658066 0.01397483
v 0.04487646 0.04123099 0.01600825
v -0.07903996 0.15537445 0.01514181
v -0.02375686 0.03858575 -0.011093270000000002
v -0.05232516 0.10614813 -0.01927124
v -0.09298953 0.13092307 0.01991929
v -0.07139534 0.12468846 -0.00859442
v -0.01208304 0.12219229 -0.00971209
v 0.02476614 0.11081111 0.03672836
v -0.00560094 0.13076674 0.01051606
v 0.04635167 0.07407952 0.01835432
v -0.01389549 0.16787168 -0.02189723
v 0.00348306 0.12002635 0.03691195
v -0.07049119 0.08181816 0.04060989
v 0.0109155 0.12633629 0.02985702
v 0.00362317 0.13076791 0.0211686
v -0.02738318 0.12324257 0.02165886
v -0.04150371 0.16748512 0.00327659
v -0.0424595 0.11392482 -0.01618805
v -0.06851123 0.06121465 0.01535408
v -0.02608199 0.07619129 -0.0367802
v 0.03921874 0.1066925 0.02045019
v -0.02905482 0.06108412 -0.02491823
v 0.04463559 0.09279429 0.01783207
v -0.07490149 0.07041935 -0.00228543
v -0.0599371 0.12726188 0.04077127
v -0.05124334 0.0642392 0.03425804
v -0.07326309 0.07998383 -0.01374994
v -0.05359015 0.1243745 -0.00734704
v -0.04576258 0.06944532 -0.01592878
v -0.0007816399999999999 0.12822918 -0.003249
v -0.01439403 0.09458764 0.0539935
v -0.07857891 0.14050129 -0.0046031
v -0.05049265 0.14159899 0.01629174
v -0.08222768 0.14513771 0.04060008
v -0.06231193 0.16371109 -0.04062399
v 0.03672996 0.11116756 0.00386706
v 0.03297856 0.07350069 0.04048651
v -0.0666052 0.16477375 -0.02067076
v 0.02845492 0.04806739 -0.01284724
v 0.03474594 0.06326134 -0.01464674
v 0.03241165 0.09373615 0.04089024
v -0.05280206 0.04131986 0.0461698
v 0.03535884 0.08743889 -0.01710905
v -0.07105728 0.15476885 -0.04577853
v -0.05304335 0.1409255 -0.00047408
v 0.0514338 0.0484852 0.0010401
v 0.02986846 0.03624882 0.0198722
v -0.08858588 0.14605869 0.009878
v -0.04008106 0.12628381 0.01960725
v 0.01932044 0.12738348 0.011296309999999999
v -0.02821241 0.11116862 -0.01800193
v -0.01399161 0.11962575 0.03625154
v -0.03335978 0.16986395 -0.01544899
v -0.03798766 0.10751453 -0.01997576
v 0.03732685 0.04020951 -0.0008585
v -0.02739594 0.0841083 0.04874568
v -0.0380502 0.11527068 0.03317854
v -0.03530167 0.12547815 -0.00315428
v -0.06448066 0.07018735 -0.01226175
v -0.01482425 0.08728884 -0.03831707
v -0.03158981 0.03559233 -0.01920415
v -0.09171514 0.11709957 0.0308094
v -0.01198759 0.05749321 0.05275242
v -0.05552261 0.0819276 -0.02135379
v -0.08294281 0.0932917 -0.00618563
v 0.02308799 0.09399872 -0.02221068
v -0.09075852 0.14223375 0.02600813
v -0.08122144 0.08100325 0.03125584
v -0.07820032 0.16073213 -0.02399969
v -0.06428742 0.13463625 0.03994564
v 2.6819999999999882e-05 0.10446731 0.04377591
v -0.03304842 0.09595859 -0.02342646
v -0.08162747 0.07347061 0.01116169
v -0.07659558 0.17753227 -0.04711808
v -0.07933479 0.1256065 -0.00611759
v -0.05971217 0.06316528 0.02878918
v -0.05941435 0.04727799 0.03417242
v -0.00030845000000000004 0.03546248 0.00826072
v -0.08504216 0.08381783 -7.763999999999991e-05
v -0.08126416 0.15381172 0.02589783
v -0.0549107 0.14662313 0.02843897
v 0.05312407 0.05901238 -0.00288538
v -0.03916104 0.15718885 -0.01058051
v 0.00698324 0.09773008 -0.02480031
v 0.05923853 0.05636278 0.00945308
v -0.03693184 0.03710737 -0.02971417
v -0.08321197 0.15072131 0.00421285
v -0.08639644 0.10479356 0.00598206
v -0.07264696 0.14098943 0.04697664
v -0.04091724 0.04612178 -0.01794258
v 0.01222417 0.03517748 0.04262058
v 0.02594154 0.11576352 -0.00821939
v 0.00641549 0.11790181 -0.01628274
v -0.04199612 0.08108367 0.04245615
v -0.02373002 0.10186156 -0.0238364
v -0.05749163 0.05953016 -0.00107861
v -0.05547366 0.16050213 0.00137635
v 0.05652015 0.0511799 0.01994056
v 0.01526328 0.07157194 0.05271739
v -0.05231274 0.05108535 0.02448569
v -0.03118402 0.07398953 -0.03033987
v -0.08887538 0.15169443 0.02008658
v -0.09357575 0.12474629 0.0262133
v -0.07509736 0.09007356 0.039581
v 0.0286757 0.119596 0.02454591
v 0.029665 0.07150683 -0.02128234
v -0.05194164 0.12565987 0.03458786
v 0.01172754 0.08801078 -0.03086011
v 0.05078167 0.07215517 0.02068018
v -0.06985563 0.10027892 -0.01484783
v -0.02334362 0.1610345 -0.00318624
v -0.08388252 0.13331465 0.04911354
v 0.02063929 0.09660248 0.046971
v -0.04989641 0.14670859 -0.00186142
v -0.05131687 0.04827069 -0.00793105
v -0.03849337 0.07283987 -0.01750223
v -0.08625273 0.10106846 0.02541377
v -0.06354183 0.16332115 -0.02591299
v -0.05904201 0.09903221 -0.01922295
v -0.08433541 0.08072995 0.02218046
v -0.03182884 0.12639115 0.01001341
v -0.02604945 0.0476925 -0.0261495
v -0.08961234 0.09159988 0.01781228
v 0.02204011 0.0449925 -0.0175285
v 0.02527159 0.07872492 0.04802657
v -0.07821734 0.16873975 -0.03356425
v 0.00781527 0.05505068 0.05275025
v -0.02002217 0.08803211 0.05558935
v -0.06305664 0.1434165 -0.00749077
v -0.01601882 0.0742888 -0.03886442
v -0.00063364 0.04719306 0.0491369
v 0.021886 0.05392756 0.04510246
v 0.03308134 0.10273382 -0.01278721
v 0.0076016 0.07943592 -0.03371456
v -0.08808961 0.11135484 0.01851615
v -0.04898207 0.12980647 -0.00132294
v 0.04420381 0.08520426 -0.00211705
v -0.02916453 0.08539344 -0.03366678
v -0.06794536 0.11493603 -0.00951073
v -0.08743906 0.13374875 0.00239747
v 0.0177748 0.05824378 0.04886472
v 0.03005174 0.06216961 0.04154581
v -0.06731516 0.044034 0.0015741799999999997
v -0.09082168 0.12276896 0.00609985
v -0.06420501 0.12243894 0.04800834
v -0.04421585 0.03613146 -0.02425221
v -0.05703144 0.11562007 0.03649488
v 0.00240946 0.10016785 0.04693807
v -0.03128953 0.05520857 -0.01438784
v 0.01567835 0.05116927 -0.02639781
v -0.04737894 0.04845667 0.03912679
v -0.06569694 0.14561631 -0.01897471
v 0.00827406 0.0356452 -0.0126487
v 0.04880593 0.06845781 0.00169529
v -0.01455779 0.07658216 0.05649325
v -0.04193358 0.0884634 -0.02212635
v -0.02704631 0.06701445 0.03967214
v -0.08726518 0.09211003 0.0042059
v -0.02646894 0.04781643 0.04932259
v -0.05445418 0.15297699 0.02250519
v -0.05786195 0.08394436 0.04418603
v -0.01776619 0.18572344 -0.02304928
v 0.00376672 0.11240547 0.04149471
v 0.00942926 0.0360304 0.00452751
v -0.039222 0.0363262 0.0107899
v 2.1849999999999908e-05 0.07349604 0.05769665
v 0.01253449 0.08959393 0.05339463
v 0.00645984 0.06029743 0.05478003
v -0.00320784 0.109621 -0.02152385
v 0.02234 0.05849223 -0.02601412
v -0.07181157 0.14861318 -0.03463949
v 0.00373089 0.04812799 -0.02902597
v 0.05588848 0.07257925 0.01066965
v 0.04447317 0.05329301 -0.00633279
v 0.01513719 0.11571495 0.03703198
v -0.07130283 0.11325363 0.04944453
v -0.01231822 0.05939639 -0.03526851
v 0.02025032 0.03703317 0.03932719
v -0.03833645 0.05450354 -0.01090532
v -0.05763542 0.05042554 0.00461084
v 0.0406359 0.06157486 0.02984125
v -0.00562217 0.09323501 0.05589363
v -0.06261511 0.09112688 0.04509073
v -0.04740182 0.07555034 0.04263014
v -0.06476043 0.15311588 -0.00203712
v -0.00663966 0.10222209 -0.02351932
v 0.00170238 0.03631089 0.0211796
v -0.02596402 0.033487 -0.02632112
v -0.0308676 0.09691468 0.0446514
v -0.05464236 0.15522963 0.0126124
v -0.07582414 0.107949 0.03712875
v 0.05734515 0.06948272 0.02115351
v -0.04609494 0.1529685 0.00900297
v -0.06005285 0.1528035 0.03288763
v -0.07600326 0.16361344 -0.01802111
v -0.05199635 0.09970785 0.04271659
v -0.0758047 0.15134475 -0.0198812
v -0.01653094 0.16325 -0.00924752
v 0.00542651 0.06824796 -0.03273052
v -0.05037223 0.08884466 0.045188
v 0.01251784 0.10475378 -0.01991596
v -0.08980389 0.11498106 0.04277165
v -0.09116082 0.14144362 0.01567391
v -0.07367929 0.14785987 -0.02023629
v -0.0155101 0.04528311 0.05065304
v -0.02061671 0.18237588 -0.0142991
v -0.06671365 0.15358824 -0.0490971
v 0.00382492 0.03612922 -0.02387809
v -0.03674491 0.08888695 0.04331205
v -0.07041323 0.141292 -0.00845908
v -0.03615128 0.04650514 0.0407409
v -0.07169363 0.039461 0.0060145
v -0.05145855 0.05587815 0.01590035
v -0.01337108 0.03436158 -0.01902372
v -0.01281981 0.104571 0.04346569
v -0.02917482 0.05226453 0.03763732
v -0.01124339 0.16457514 -0.01824078
v -0.04146083 0.0985448 0.04177862
v 0.05471496 0.06469716 0.02697968
v 0.02041482 0.03556758 -0.00378069
v -0.04575428 0.03520698 0.04351812
v -0.06126337 0.03469041 0.0419949
v -0.08271096 0.11648975 0.04851853
v -0.01691125 0.05184355 0.04845932
v -0.02865763 0.03508338 0.05054944
v -0.0370771 0.15986369 0.00160965
v -0.06416081 0.03590077 0.01768757
v -0.07245548 0.17610676 -0.05353542
v 0.03551539 0.05044957 0.03143983
v 0.01008742 0.03704769 0.0308225
v -0.03433397 0.04092363 0.04842581
v -0.06838264 0.15980248 -0.0542088
v -0.07586294 0.15071299 -0.0090209
v -0.06302115 0.17810951 -0.06039357
v -0.0087947 0.04705685 -0.02988163
v -0.06371292 0.1127425 0.03800676
v -0.06847063 0.0374777 -0.00495574
v -0.05149981 0.03372911 -0.01208251
v -0.01024447 0.17895826 -0.02953887
v -0.07769672 0.17027889 -0.04311791
v -0.03402294 0.17597076 -0.00372716
v -0.06209598 0.16388324 -0.05838593
v -0.06529708 0.03477897 0.03374434
v -0.0309847 0.0381919 0.0323901
v -0.07972374 0.08422666 -0.00876086
v -0.07115651 0.16335125 -0.04536053
v -0.05727649 0.04729958 0.02988995
v -0.01138786 0.06474246 0.054918
v -0.02616057 0.12309988 -0.00447355
v -0.0277909 0.0380629 0.00793761
v -0.03588507 0.12040038 -0.01064047
v 0.04075136 0.10554729 0.00750741
v -0.04136235 0.06163733 -0.01281377
v 0.0007583100000000001 0.07043446 -0.03446256
v -0.06056926 0.07115454 0.03865376
v -0.04687082 0.03444413 0.03051313
v 0.04901572 0.04457363 0.02065945
v -0.02081428 0.03840096 0.02786843
v -0.05788943 0.03441957 0.03626576
v -0.06778055 0.15614453 0.01427632
v 0.02410872 0.0844926 0.04829231
v -0.08977133 0.12904861 0.04302299
v 0.03350541 0.07280986 -0.0170348
v -0.06045852 0.11755645 -0.01135458
v 0.02013129 0.10732778 0.04032384
v -0.07900262 0.07633932 0.02924809
v -0.01834 0.05748997 0.04976302
v -0.06814512 0.12748676 0.05014897
v -0.00898888 0.12952269 0.02202681
v 0.02424663 0.12377758 0.00487645
v 0.00331017 0.06045684 -0.03248107
v 0.04554199 0.08333838 0.01970085
v 0.0607788 0.06164656 0.01046399
v 0.04625272 0.07737387 0.00691408
v 0.023706 0.08024041 -0.02545012
v -0.0031074 0.13072898 0.00564285
v -0.00809811 0.08907008 -0.0365522
v -0.02942832 0.09316662 -0.02493186
v -0.02654033 0.065084 -0.03166487
v -0.00642924 0.1220109 0.03574089
v -0.08820623 0.0944857 0.02374401
v -0.02179114 0.10658035 -0.022327
v -0.06289681 0.14694778 -0.01309862
v 0.00446517 0.12044039 -0.0139314
v -0.00364814 0.051869 -0.03145794
v -0.07860955 0.06965687 0.01181074
v 0.03287732 0.11691463 0.00929575
v -0.0915565 0.13196262 0.01063815
v -0.06242542 0.16366637 -0.04966729
v -0.06473158 0.15410067 -0.04046482
v -0.02853559 0.16208479 -0.01478603
v 0.02456706 0.04413011 -0.01082084
v 0.03540736 0.09818885 -0.01200897
v 0.02894839 0.03916002 0.02723481
v 0.04773575 0.05275104 0.03079729
v 0.0222529 0.0365833 0.0139797
v -0.0199263 0.16489742 -0.00999002
v -0.06025359 0.143391 -0.00379063
v -0.04166529 0.14996141 0.0045405
v -0.07344016 0.0954126 0.04021065
v -0.01213045 0.12572568 -0.00520079
v 0.02562034 0.11880719 -0.00503308
v 0.03260038 0.05370752 -0.01100615
v -0.0477145 0.06194452 0.03670582
v -0.05919595 0.11320797 0.03623468
v -0.06960838 0.07232289 -0.01093443
v -0.00820851 0.09677744 -0.03080978
v 0.04377959 0.04453072 -0.00126225
v -0.0203215 0.09399957 0.05158854
v 0.03190934 0.06465705 -0.01847341
v -0.05170583 0.05247076 -0.00740472
v 0.03929153 0.10125969 0.02755052
v -0.07130551 0.07389902 0.03596978
v -0.01516584 0.11798075 -0.01446552
v -0.04894474 0.07908636 -0.0195757
v -0.00384502 0.08478781 0.05719798
v -0.03340734 0.03757704 -0.01615819
v 0.03724961 0.03750992 0.01481582
v -0.05110827 0.14520219 0.01427948
v -0.07604143 0.15663068 -0.02142048
v -0.0214163 0.17977662 -0.02173252
v 0.03990965 0.06817174 -0.00956982
v -0.069136 0.17247836 -0.03901333
v 0.04469298 0.09268855 0.00224667
v -0.08532984 0.15339912 0.02037829
v 0.00773898 0.131475 0.01168297
v -0.06683903 0.06217051 0.02157684
v 0.03474286 0.09227414 -0.01565459
v -0.0790612 0.0737243 -0.00084521
v -0.06383617 0.0817046 -0.01890886
v -0.0550398 0.0573097 0.0169909
v 0.01293394 0.1188725 -0.01397937
v -0.07526927 0.15232949 0.03437406
v -0.01877217 0.08983804 -0.03699171
v -0.0760467 0.09103725 -0.01364315
v -0.00586227 0.09735021 0.05274365
v 0.00249192 0.12983563 0.02484711
v -0.08415083 0.12955013 0.0504837
v -0.08510625 0.08517658 0.02567944
v -0.07994049 0.10916678 0.0341198
v 0.02367799 0.05147439 0.04105327
v -0.0191353 0.0834748 0.05721739
v -0.05167346 0.06685066 -0.01212035
v -0.06739078 0.11889688 -0.00873014
v -0.03320232 0.1057832 -0.02064759
v -0.01295337 0.1159358 0.03892023
v -0.04559012 0.10853826 -0.01879668
v -0.08348971 0.10724729 0.0007579
v 0.01390641 0.12790838 0.02511024
v -0.04575208 0.16340754 -0.00817805
v -0.0357116 0.0358916 0.0155029
v -0.02984291 0.04678228 0.04774692
v -0.03935794 0.08363138 0.04350235
v -0.0489848 0.09073176 -0.02181717
v -0.08782928 0.14351461 0.03570767
v -0.00850653 0.03902895 -0.0130008
v 0.00721296 0.12721957 -0.00520737
v 0.00556812 0.07639714 0.05632722
v 0.03073056 0.08196899 -0.02004046
v 0.03016869 0.10048686 0.03940471
v -0.03760649 0.12422605 0.02431353
v 0.01674717 0.09011395 -0.02712719
v 0.022832 0.06708257 -0.02629751
v -0.07738841 0.14656426 -0.0043543
v -0.07431484 0.13761738 -0.00666988
v -0.05820313 0.13270975 0.03691868
v -0.05027144 0.14336563 0.0015153
v -0.06535212 0.09929457 -0.01682015
v -0.05721963 0.05700047 0.00491758
v 0.04019481 0.10231597 -0.00200486
v -0.06402805 0.09783867 0.04256533
v 0.03440461 0.08693285 0.04057427
v -0.04232454 0.10737278 0.03945644
v -0.06014579 0.04120205 0.04429383
v 0.0030802 0.09830736 0.05053564
v -0.04898439 0.11480518 -0.01596669
v -0.03274838 0.17759875 -0.01162747
v -0.08273246 0.14196856 0.00125291
v -0.07516532 0.11154286 0.04670718
v -0.07111297 0.06275147 0.00879955
v -0.0569964 0.15741713 0.0006024400000000001
v 0.01725278 0.04433561 -0.02306719
v -0.07605132 0.11103825 -0.00627221
v 0.03337391 0.1122789 0.02778813
v 0.02378007 0.09522294 0.04634733
v 0.01442402 0.0800855 0.0537556
v -0.04776565 0.13301969 0.02287402
v 0.02899033 0.04469785 -0.0061863
v 0.00381492 0.03902447 -0.00808273
v -0.03122571 0.0804131 -0.03218232
v -0.0450775 0.13124443 0.01114577
v -0.0670064 0.06329287 -0.00174939
v -0.00859921 0.07933873 -0.03790518
v -0.06730647 0.04417683 0.00759583
v 0.00734468 0.09450957 -0.02968322
v -0.08644296 0.12767438 -0.00148641
v -0.06767647 0.14150325 0.04386814
v -0.08960727 0.13971105 0.02930856
v -0.05213064 0.05630297 0.02667246
v -0.05012658 0.07093315 0.03948101
v 0.00764059 0.08642723 0.05611785
v -0.09118878 0.11588893 0.02470554
v -0.0926747 0.11701945 0.01188952
v -0.08416684 0.09775682 -0.00327619
v 0.00898082 0.0376394 0.0339008
v 0.00396778 0.03420021 0.00497545
v -0.04215048 0.04334397 -0.02150871
v -0.06809004 0.1164705 0.05115123
v -0.02089113 0.18595338 -0.01503736
v 0.01291959 0.06420358 0.05244115
v 0.01014524 0.12221678 0.03471895
v -0.00462473 0.05775965 0.05399071
v -0.01323595 0.06929282 -0.03791749
v 0.0414774 0.08550941 -0.0091575
v 0.03336394 0.06705476 0.03972948
v 0.01062971 0.04671181 0.04647202
v 0.02546418 0.0540297 -0.02169101
v 0.0283222 0.10847957 -0.01262339
v 0.01405538 0.03448343 -0.01449573
v -0.09128203 0.13311897 0.02468863
v -0.08277639 0.08343089 -0.0043687
v -0.00536083 0.112894 -0.01961329
v -0.03401618 0.07210127 -0.02082315
v 0.04757469 0.05294363 -0.00513003
v -0.01714217 0.09805746 -0.02492433
v -0.02957062 0.11713871 -0.01367553
v -0.09079545 0.13855232 0.02056256
v -0.06159141 0.15681572 -0.02594563
v -0.09318982 0.12019919 0.03791372
v 0.02099187 0.06933545 0.04900354
v -0.04567594 0.03370364 0.00643003
v -0.08939871 0.089539 0.01164555
v -0.02495413 0.03744106 -0.02915272
v -0.05983122 0.04284226 -0.00664691
v 0.05817739 0.05282132 0.01518242
v -0.0720836 0.1496555 -0.03926586
v -0.07460999 0.14727815 -0.01417238
v -0.0061353399999999995 0.06025679 -0.03469583
v -0.03144964 0.15460463 -0.00768023
v -0.06209937 0.15406697 0.03083736
v -0.03027144 0.05210608 -0.01767614
v -0.05986717 0.08054051 0.04327709
v -0.02498201 0.08177765 0.05342106
v 0.05373519 0.07202735 0.006801
v 0.01197835 0.10403629 0.04539631
v 0.01901688 0.1040145 -0.01933312
v 0.00266452 0.06270001 0.05652521
v -0.08636751 0.10906537 0.01198064
v -0.06532035 0.15390322 0.0009138599999999998
v -0.02345949 0.12615386 0.01661377
v 0.04291579 0.0667077 0.02699472
v 0.01677102 0.08864469 0.05052296
v -0.02320011 0.0765685 -0.0383865
v 0.00495024 0.07802725 -0.03440975
v -0.0269407 0.03618405 0.05335185
v -0.01328026 0.03769959 -0.02639181
v -0.00637346 0.07218434 0.05797298
v -0.02607545 0.0359186 -0.01940517
v -0.0417355 0.12687599 -0.0041742
v -0.00096291 0.04537823 -0.02730828
v -0.00369538 0.03817278 0.0130468
v -0.02741265 0.07326945 0.04264138
v -0.05657208 0.12480275 -0.00718857
v -0.06707834 0.0338401 -0.00616883
v -0.05860331 0.14637237 0.0338088
v -0.06790277 0.08781723 0.04352699
v -0.05689601 0.13398739 -0.00562707
v 0.00745533 0.1119679 -0.01955426
v 0.05585896 0.06291017 0.00069037
v -0.06006777 0.0414195 0.02295328
v -0.03268988 0.06772972 0.04012439
v 0.01031238 0.05758653 -0.02999525
v 0.02190239 0.06087597 0.04728236
v -0.0764239 0.15736285 -0.00903546
v 0.00088 0.09923493 -0.02435567
v -0.01362611 0.08978793 0.05667438
v 0.02169136 0.04016153 0.04084645
v -0.09025398 0.11366307 0.03772021
v 0.01050661 0.100877 -0.02210951
v -0.02249195 0.04651362 0.05188531
v 0.02174732 0.12118456 0.03087881
v 0.0396048 0.04493953 0.02999236
v -0.08667467 0.08266501 0.01517434
v 0.04263528 0.06079746 -0.00345837
v -0.02656143 0.09328951 0.04497542
v -0.03410824 0.06146656 -0.01305313
v -0.03655337 0.08531619 -0.0225762
v -0.04880903 0.09108389 0.04445669
v -0.07843646 0.13928013 0.04832936
v -0.06495896 0.15852021 -0.01259532
v -0.07300115 0.11826712 0.05303459
v 0.02162111 0.03765724 -0.00470216
v -0.0470801 0.04070069 -0.01186983
v -0.03587487 0.034776 -0.0308452
v -0.04568108 0.08498801 0.0441595
v -0.02021821 0.10214391 0.04370116
v 0.05843996 0.07020081 0.01777962
v -0.09001211 0.15083344 0.01575274
v -0.0547258 0.12071262 0.03745145
v 0.00225443 0.03641154 -0.01478397
v -0.04585156 0.12072981 0.02766504
v -0.05693105 0.0881015 0.04469293
v -0.08523662 0.11077356 0.02453767
v -0.06617812 0.1421835 -0.00937663
v 0.05682062 0.06369115 0.02528609
v -0.04665353 0.15917824 0.0078019
v -0.01524219 0.0709099 0.05500479
v -0.0301344 0.17011322 -0.00735916
v -0.00318366 0.03622991 0.0478731
v -0.05332305 0.1527352 0.01621386
v -0.03323891 0.08857358 0.04369704
v -0.05328835 0.05192576 0.01173035
v -0.05096475 0.03831229 0.04628614
v -0.01772754 0.03628954 0.05222225
v 0.00439193 0.03867443 -0.02417029
v -0.06375464 0.03825012 0.0165935
v -0.07035972 0.16906988 -0.02614426
v -0.01048281 0.16668287 -0.02174609
v -0.06744766 0.15507675 -0.05159425
v -0.06886688 0.14723338 -0.02873987
v 0.01227518 0.06993394 -0.03155316
v -0.02805424 0.05455103 0.03678685
v -0.07038153 0.1807118 -0.05317259
v -0.08517596 0.11706809 0.04813942
v 0.04820685 0.07269858 0.01699463
v -0.01219349 0.0494703 0.04948449
v -0.05517413 0.04838388 0.03851778
v -0.0215921 0.1576344 -0.00686236
v 0.0153228 0.0362397 0.00366285
v -0.04371996 0.16822738 0.0023425
v -0.04749691 0.10635662 0.04016564
v -0.0450584 0.03360049 -0.01252751
v 0.00137731 0.05230271 0.05314901
v -0.03383244 0.03516882 0.04695789
v 0.01134744 0.03621302 0.04465228
v -0.01574841 0.04504386 -0.02787779
v 0.05041229 0.06031261 0.03024506
v -0.06424952 0.16045024 -0.05704147
v -0.00625465 0.1012165 0.04432203
v -0.07542773 0.15201213 -0.01439369
v 0.03425813 0.05193081 0.03275788
v -0.00869604 0.17291588 -0.02670877
v 0.00322223 0.03870844 0.02589875
v -0.07175223 0.03678935 0.00869667
v -0.06011354 0.03555044 0.04490758
v -0.07767723 0.16610992 -0.03677732
v -0.03499829 0.05233156 -0.01034738
v -0.03917968 0.04240674 0.04147607
v -0.0559652 0.03352991 -0.00912462
v -0.06887649 0.11022176 0.03900463
v -0.07120655 0.03860857 0.00077218
v -0.05059517 0.04992327 0.01917413
v -0.01545147 0.185976 -0.02479587
v -0.01422252 0.16167426 -0.01334906
v -0.03135574 0.15809888 0.00191288
v -0.07715305 0.17378676 -0.04786762
v -0.0283987 0.1807065 -0.00784695
v -0.06680415 0.03737774 0.03329629
v -0.06504737 0.17999148 -0.0597586
v -0.06096542 0.17002113 -0.06083939
f 729 397 1809
f 1228 335 2085
f 1846 1640 1038
f 460 66 1844
f 1448 2016 650
f 1570 323 992
f 1577 116 1844
f 116 1577 1347
f 1511 872 611
f 1837 1329 1178
f 1905 1 1025
f 1554 886 48
f 56 805 48
f 1493 13 100
f 1691 927 2000
f 366 405 369
f 2091 1511 694
f 939 1412 707
f 1353 116 1894
f 1573 408 686
f 1856 1447 1712
f 1554 41 1273
f 1561 1098 338
f 186 1028 1859
f 1731 584 1148
f 265 274 1614
f 780 709 459
f 565 1329 855
f 311 310 1842
f 149 1091 1301
f 1905 1025 7
f 630 1230 1091
f 1858 1120 280
f 807 1469 1200
f 187 1436 924
f 150 868 983
f 690 824 1102
f 771 282 1199
f 1705 320 311
f 316 1705 311
f 1143 2018 1329
f 1358 123 1581
f 1392 311 308
f 51 327 1584
f 2000 927 1250
f 1426 1006 121
f 60 775 1470
f 146 1939 140
f 1003 1664 543
f 1465 166 727
f 1222 1969 138
f 1729 123 2010
f 1751 1510 146
f 296 1297 292
f 1510 569 146
f 162 727 1275
f 162 1465 727
f 1016 60 1470
f 1929 1141 327
f 468 477 155
f 613 1190 1720
f 253 1886 1086
f 181 1000 153
f 1658 317 1975
f 162 943 1201
f 1492 153 2013
f 1222 723 137
f 132 1277 1381
f 943 162 1764
f 1495 1181 917
f 1402 2088 668
f 948 1682 1935
f 1497 665 1764
f 46 639 1719
f 1008 116 1353
f 1148 584 1580
f 1424 46 1719
f 118 1381 1752
f 2063 132 1381
f 143 2056 142
f 143 1497 2056
f 2098 1441 97
f 624 142 2056
f 1066 2069 134
f 19 2074 97
f 424 1035 1616
f 341 2085 908
f 1285 105 1752
f 105 118 1752
f 670 2069 1066
f 1219 318 1708
f 817 859 1066
f 859 1625 1066
f 1625 670 1066
f 628 424 1616
f 1205 1941 817
f 1074 946 567
f 1213 160 1639
f 615 72 76
f 142 624 143
f 1857 241 270
f 768 1343 164
f 733 15 891
f 1263 615 1424
f 1662 1921 624
f 947 1786 624
f 261 1200 302
f 1064 160 1213
f 1512 1786 947
f 1512 151 1786
f 756 860 76
f 1256 119 860
f 1016 775 60
f 1308 853 1383
f 1777 2079 144
f 9 192 235
f 1478 1567 615
f 1264 153 1492
f 1503 1775 559
f 826 1264 152
f 68 1567 1478
f 1256 860 756
f 1757 1054 1512
f 1757 159 1054
f 53 68 1478
f 68 90 2039
f 159 1348 1186
f 1119 235 57
f 1734 112 1084
f 1578 315 1840
f 1519 159 1757
f 4 1348 159
f 941 68 2090
f 1342 1141 4
f 153 1681 181
f 34 836 1727
f 340 1905 7
f 1547 159 1519
f 1148 1580 71
f 679 2015 590
f 2085 341 1228
f 1841 900 288
f 198 847 2122
f 163 361 644
f 107 1734 617
f 1288 112 1734
f 1668 1967 1477
f 1537 54 1317
f 54 1537 55
f 2048 29 34
f 1025 1848 857
f 1103 558 1312
f 163 883 583
f 1926 1095 120
f 826 152 1943
f 2048 1773 29
f 790 680 1338
f 127 1491 1910
f 340 7 1582
f 1674 305 497
f 1750 1396 1078
f 397 11 1809
f 1392 316 311
f 733 1000 1833
f 120 112 1926
f 1792 40 1835
f 2044 1249 1696
f 58 1528 42
f 2044 1599 1249
f 329 289 1946
f 1288 1734 1117
f 58 65 1528
f 2075 825 1723
f 1914 883 1274
f 1723 1267 111
f 592 310 1139
f 2094 35 1242
f 1338 1583 340
f 1773 1271 1090
f 1018 1914 1343
f 1980 775 1080
f 1699 604 881
f 679 82 1816
f 164 1343 1079
f 1018 1373 1914
f 1487 1222 112
f 1271 35 2094
f 1242 1980 63
f 1884 137 940
f 2025 107 1267
f 107 617 1267
f 1448 1232 2016
f 209 1444 1736
f 557 1565 2082
f 350 25 1514
f 1236 1548 206
f 201 1255 205
f 267 1860 1692
f 311 320 310
f 1010 1169 1978
f 1200 1601 302
f 41 1657 1273
f 742 47 450
f 1300 188 1836
f 1425 1058 661
f 202 206 191
f 632 1794 931
f 1518 1976 676
f 2073 92 1787
f 1409 246 243
f 666 1976 1518
f 242 240 1940
f 1850 1389 930
f 1108 1559 257
f 1548 1236 2105
f 1195 1638 875
f 191 206 1354
f 1804 224 2118
f 938 731 1713
f 660 240 896
f 1749 221 1482
f 183 189 1379
f 938 1593 731
f 214 1071 875
f 803 210 1700
f 1749 1482 691
f 1804 223 1518
f 265 1614 1350
f 215 1010 1709
f 1873 1715 223
f 1804 1873 223
f 223 1715 1337
f 1058 1979 1743
f 1216 1071 214
f 1103 203 1867
f 848 1934 1593
f 213 214 1454
f 213 212 214
f 214 212 1216
f 1030 705 1480
f 2007 1167 752
f 21 1610 2081
f 1299 21 18
f 1728 1475 2078
f 1225 1829 1472
f 1700 928 205
f 2041 215 1709
f 1248 1675 848
f 662 2109 189
f 1998 229 834
f 172 2067 1715
f 212 213 1216
f 205 928 1709
f 1829 1225 1463
f 1248 134 1675
f 1710 1983 219
f 1153 235 192
f 944 1032 194
f 134 2067 172
f 500 493 994
f 243 1953 1472
f 134 172 165
f 1168 177 213
f 1998 1667 1169
f 1360 141 1151
f 592 1840 315
f 1667 1998 834
f 243 1472 1829
f 238 818 1153
f 2009 474 1690
f 213 177 1416
f 238 222 818
f 1294 1679 20
f 1953 1000 181
f 1300 1496 1104
f 195 1953 243
f 217 79 1952
f 2020 1735 236
f 1409 195 246
f 1409 243 1829
f 874 2076 1349
f 968 2074 19
f 1378 1239 225
f 944 690 1102
f 944 194 1984
f 1171 353 555
f 310 592 1842
f 1138 79 217
f 2096 913 198
f 1865 1349 632
f 222 238 1153
f 315 1842 592
f 33 2050 42
f 236 120 1095
f 446 324 1316
f 949 1095 87
f 622 705 2012
f 226 660 1184
f 1605 232 225
f 1605 234 232
f 990 1865 632
f 240 759 1940
f 1041 234 1605
f 282 1653 1012
f 566 1138 217
f 294 256 270
f 1640 841 381
f 221 660 896
f 1576 1425 661
f 194 201 1984
f 253 696 576
f 1849 91 331
f 444 2009 1690
f 1230 630 166
f 222 1153 874
f 691 1482 1114
f 192 9 1308
f 1378 1070 218
f 189 183 2045
f 1094 444 1690
f 240 242 1041
f 1880 79 1138
f 225 232 234
f 240 1138 759
f 1540 184 197
f 1383 1585 97
f 316 1982 1705
f 1079 768 164
f 815 1794 184
f 869 201 209
f 173 1471 934
f 236 1735 1969
f 1070 229 218
f 195 861 1953
f 229 1693 1463
f 499 847 198
f 853 1308 9
f 1378 218 215
f 566 217 1159
f 1287 294 270
f 1236 2073 1787
f 1747 2115 812
f 874 1153 2076
f 325 2069 45
f 243 246 195
f 2109 1304 1369
f 1766 8 755
f 967 1747 812
f 1304 612 1369
f 818 1774 1153
f 1041 242 695
f 818 1559 1108
f 652 380 1922
f 175 183 1379
f 235 2125 57
f 1833 190 1576
f 258 1996 1427
f 280 319 769
f 1603 319 280
f 285 876 1507
f 1526 1862 536
f 1712 309 686
f 1971 117 1386
f 1226 367 1830
f 1175 998 81
f 687 287 257
f 2043 1652 897
f 996 588 316
f 2110 287 145
f 1907 1384 1688
f 1384 435 436
f 704 1674 497
f 1399 1861 450
f 255 1971 865
f 461 737 1375
f 312 588 996
f 1966 911 334
f 1399 220 1861
f 1705 310 320
f 1191 809 98
f 642 1384 1265
f 145 287 1087
f 2000 1726 1504
f 286 1050 1507
f 1144 1549 362
f 1384 436 1265
f 1296 367 245
f 1319 354 387
f 1771 628 708
f 586 662 189
f 1194 187 1641
f 365 945 364
f 1754 269 440
f 506 479 462
f 2077 1471 173
f 865 1971 797
f 586 1049 662
f 1860 266 1059
f 302 1601 575
f 366 362 1549
f 413 1650 457
f 1857 1603 280
f 1674 704 1831
f 1489 1040 396
f 275 321 199
f 1040 862 396
f 252 2060 248
f 996 316 1564
f 270 275 1603
f 1857 270 1603
f 956 2120 1121
f 314 1771 708
f 267 1607 1860
f 1218 1392 1890
f 1361 1655 289
f 1996 863 280
f 1172 1871 1607
f 796 450 1938
f 1878 300 291
f 1604 1820 672
f 270 321 275
f 1069 264 1649
f 1878 291 1608
f 1589 79 200
f 503 2055 1422
f 799 177 273
f 1012 1653 2003
f 1312 1867 203
f 1076 925 314
f 427 374 753
f 273 177 575
f 1220 668 2088
f 1360 741 207
f 917 1181 293
f 1001 794 1495
f 503 1422 502
f 1601 273 575
f 1069 1416 177
f 2003 278 1001
f 1568 293 1181
f 207 741 1591
f 1151 141 1589
f 951 1190 1778
f 1642 1291 872
f 998 38 81
f 609 1417 1959
f 1521 1760 2065
f 1118 42 2050
f 2008 70 1176
f 1741 838 1085
f 1613 1935 709
f 1462 1039 326
f 1377 1207 1901
f 1578 961 2093
f 1966 334 1635
f 1621 1945 1293
f 1272 1097 1703
f 898 1160 1468
f 2093 1160 1578
f 686 1856 1712
f 1232 125 2016
f 1334 1570 743
f 1617 325 45
f 1412 1155 2008
f 1893 1670 862
f 565 1143 1329
f 1462 326 646
f 1891 611 335
f 2008 1155 70
f 1228 1606 36
f 1397 1198 579
f 321 270 256
f 325 52 204
f 1671 567 101
f 70 571 1176
f 1155 992 70
f 328 1221 130
f 101 567 1145
f 783 51 1689
f 1758 968 19
f 1828 106 828
f 1929 45 739
f 1252 1412 939
f 100 933 1039
f 2017 932 1082
f 2 1431 157
f 130 1617 1443
f 2017 1082 378
f 139 992 106
f 976 562 1706
f 1959 1417 1020
f 113 36 12
f 326 743 646
f 1617 45 1929
f 829 694 1305
f 1082 1828 828
f 1005 1156 1332
f 1417 302 1020
f 2066 1334 1035
f 1187 783 3
f 378 1082 765
f 1809 57 2125
f 1005 1855 1156
f 354 2038 387
f 1187 328 783
f 1604 333 1005
f 1604 332 333
f 575 177 1955
f 354 1241 2038
f 2049 1210 568
f 338 94 50
f 1716 73 1943
f 1558 339 800
f 571 338 50
f 332 336 333
f 336 1838 1351
f 1904 1396 73
f 61 1695 209
f 341 1606 1228
f 1427 272 1009
f 1815 1464 746
f 957 1809 2125
f 1031 1618 339
f 339 1618 1208
f 1533 644 361
f 1917 340 1582
f 1891 335 1228
f 436 435 1265
f 1036 1779 360
f 39 836 1784
f 1830 911 1226
f 186 24 1621
f 637 1816 82
f 669 1174 1911
f 122 131 1508
f 1639 1079 1213
f 360 1779 1534
f 2086 1785 847
f 48 886 1680
f 373 1244 745
f 127 1696 343
f 360 1920 1036
f 343 1122 1505
f 613 1720 1851
f 1397 1123 2126
f 1330 2057 1602
f 1602 1098 157
f 123 754 1581
f 326 1039 933
f 332 1870 336
f 1645 1198 2095
f 1123 349 2126
f 1906 48 1680
f 2095 1464 1645
f 555 353 350
f 467 760 1623
f 1581 754 359
f 1046 110 1170
f 92 1521 1107
f 981 601 1170
f 1672 656 359
f 1017 1594 1872
f 981 1170 122
f 349 354 1319
f 2080 369 971
f 991 432 1946
f 1877 1599 1533
f 1063 1821 671
f 894 1057 1936
f 1036 1920 836
f 1312 203 1103
f 2112 1127 1780
f 1127 725 1780
f 2057 1098 1602
f 1684 503 502
f 1868 357 1672
f 2030 122 1508
f 599 99 1685
f 127 816 1624
f 364 805 365
f 1451 360 1799
f 186 563 24
f 713 1388 1193
f 504 652 1632
f 357 158 954
f 885 656 795
f 1694 1149 13
f 1846 1038 1191
f 56 48 1092
f 1144 362 1414
f 127 343 1505
f 1933 1600 811
f 1150 601 1363
f 765 363 1407
f 2080 371 835
f 305 300 295
f 352 1144 2084
f 1296 370 1096
f 765 1137 363
f 239 945 365
f 559 1120 1858
f 357 954 1455
f 1455 954 1234
f 850 1830 1096
f 1220 559 1858
f 56 1092 805
f 1179 359 656
f 353 360 1111
f 1431 1602 157
f 370 850 1096
f 1551 851 747
f 402 1661 1852
f 2002 1196 921
f 423 390 1796
f 386 322 1246
f 1326 1800 582
f 2124 386 1246
f 390 664 1796
f 1642 386 999
f 787 638 1814
f 1226 911 303
f 1814 638 574
f 892 638 787
f 1721 1188 513
f 433 89 440
f 1847 419 425
f 1116 2114 574
f 419 416 425
f 429 1240 1958
f 1037 1180 1375
f 1116 80 2114
f 1590 416 1847
f 1847 416 419
f 415 474 1590
f 2120 1668 1477
f 1396 1943 73
f 407 1590 474
f 1669 785 429
f 795 1384 1907
f 163 781 361
f 429 1045 1240
f 80 1149 1694
f 1422 1045 429
f 1637 1149 80
f 474 2009 407
f 506 466 479
f 292 247 296
f 296 247 1297
f 384 955 1714
f 407 2009 411
f 292 1772 247
f 247 1765 1297
f 892 1513 304
f 993 1991 785
f 383 385 384
f 400 404 1229
f 903 1991 502
f 1637 244 1149
f 1398 1658 1975
f 75 1967 746
f 389 1398 385
f 351 974 2119
f 389 1658 1398
f 394 1121 1549
f 983 327 1141
f 410 428 851
f 1967 373 1477
f 2066 1035 424
f 1717 1280 581
f 2102 350 548
f 314 942 1076
f 560 912 1925
f 961 226 1184
f 446 1316 702
f 437 168 1903
f 1232 99 125
f 1385 307 1930
f 463 464 641
f 397 1945 1405
f 1813 1235 437
f 619 1845 455
f 1801 1458 1268
f 255 1272 1971
f 1619 263 1418
f 430 1235 1813
f 737 1037 1375
f 919 1088 1550
f 1327 406 409
f 496 1592 422
f 1265 435 434
f 1989 1485 1235
f 1972 1324 688
f 1754 2043 1335
f 1458 1562 2042
f 1268 1458 2042
f 1437 418 496
f 392 1324 1972
f 1600 1932 811
f 1062 395 1345
f 1960 418 1437
f 1592 1897 422
f 1989 1647 1485
f 1140 1324 392
f 1229 2009 444
f 1972 1656 392
f 438 651 95
f 1711 1062 1345
f 395 1062 399
f 1209 711 1011
f 358 452 1053
f 432 991 347
f 1949 438 95
f 629 406 399
f 1665 651 438
f 126 1656 935
f 1708 318 432
f 1189 1562 227
f 1748 629 399
f 289 1655 227
f 1647 1504 814
f 1504 1726 814
f 945 805 364
f 835 399 393
f 1647 1075 1504
f 1560 865 1166
f 428 1251 1986
f 1634 1385 920
f 1335 2043 897
f 1993 1754 443
f 294 2128 1124
f 1870 410 1192
f 452 358 1634
f 1044 1295 306
f 1896 1445 1611
f 220 1445 1896
f 1957 514 1072
f 300 876 1452
f 1157 414 1994
f 1598 461 460
f 764 1819 299
f 1044 442 1295
f 1725 68 1150
f 919 1990 1088
f 443 1875 283
f 442 929 2052
f 1993 443 809
f 626 1259 977
f 1882 763 986
f 1231 449 2017
f 449 81 1753
f 713 307 1963
f 1290 398 1094
f 1231 1486 449
f 1325 1551 747
f 95 657 1949
f 454 1105 1866
f 1817 1157 284
f 1869 460 673
f 1623 1328 1876
f 986 263 1619
f 1613 948 1935
f 460 461 673
f 284 1157 1994
f 1184 2019 961
f 774 867 1832
f 88 774 1832
f 678 1192 912
f 626 2014 747
f 1869 1575 414
f 3 764 1626
f 459 1704 1276
f 1276 1704 655
f 1357 867 774
f 977 452 262
f 898 2012 1270
f 709 609 459
f 413 2037 1650
f 609 2027 1212
f 1586 1915 447
f 678 1870 1192
f 1312 558 643
f 1986 1061 1701
f 301 456 909
f 456 1819 909
f 1335 421 1875
f 26 1107 1521
f 2047 1502 417
f 742 1061 1986
f 2043 1502 1652
f 979 1622 1915
f 410 851 1551
f 704 1843 806
f 1819 456 1474
f 299 1819 1474
f 2002 399 401
f 413 442 1722
f 413 457 442
f 1438 913 2096
f 764 1474 1626
f 764 299 1474
f 1730 2121 702
f 1336 403 1134
f 688 849 109
f 156 1707 375
f 347 991 1933
f 1992 1742 1466
f 1196 2002 401
f 493 495 1911
f 1756 464 463
f 422 858 1874
f 1876 1328 265
f 1328 471 1109
f 1742 2052 929
f 422 1595 858
f 1370 1152 448
f 1742 1509 2052
f 121 382 578
f 906 155 477
f 894 1936 1233
f 495 493 500
f 906 477 1043
f 478 1747 967
f 477 1105 2035
f 377 1453 504
f 377 1233 1453
f 1684 1394 503
f 487 1327 409
f 269 433 440
f 1915 1572 447
f 504 380 652
f 1019 1651 922
f 669 1911 1327
f 170 437 1903
f 1475 968 2078
f 422 430 1595
f 2007 922 1651
f 170 1136 1340
f 876 1738 1452
f 467 1059 760
f 81 1697 1851
f 1327 1203 1879
f 1077 421 1393
f 382 1574 1364
f 1692 802 703
f 1931 497 305
f 585 484 841
f 484 1056 1224
f 802 285 1985
f 1931 1566 497
f 548 1147 1824
f 1152 375 867
f 1738 589 1135
f 500 994 495
f 972 589 1738
f 1821 1597 1142
f 1164 503 1394
f 1703 2071 544
f 1394 1883 1164
f 1461 1112 1950
f 1931 1042 751
f 1257 1385 985
f 1718 480 972
f 1430 1574 382
f 1140 121 578
f 959 606 985
f 1257 1676 1385
f 1924 515 1516
f 1042 1404 485
f 651 1918 95
f 730 1676 1257
f 877 484 585
f 962 376 1769
f 856 1964 432
f 1490 473 480
f 503 1724 2055
f 1785 2122 847
f 1461 2083 469
f 473 475 480
f 681 156 375
f 448 1944 447
f 473 1223 475
f 1223 2040 475
f 1767 1822 1093
f 1740 1442 473
f 1442 476 473
f 877 169 484
f 504 1233 377
f 2022 701 1002
f 1281 962 453
f 1498 1767 1029
f 1093 1563 701
f 1027 469 2083
f 462 479 466
f 1853 481 887
f 481 2006 887
f 248 249 252
f 2028 1215 470
f 2006 605 1029
f 605 1498 1029
f 1853 777 481
f 1933 811 1778
f 1004 964 1544
f 995 455 1961
f 385 383 1318
f 504 1432 1233
f 1782 511 510
f 2024 641 1027
f 1803 472 587
f 2002 921 1345
f 1678 156 681
f 1326 582 1612
f 1307 1579 5
f 843 1803 2104
f 1459 1628 455
f 1432 504 761
f 1981 491 1698
f 1879 1203 1456
f 423 964 1004
f 1556 483 472
f 483 486 491
f 901 1628 1459
f 1874 1627 1437
f 1136 1432 1898
f 2121 446 702
f 901 1435 1628
f 1426 1643 1006
f 1627 1174 1437
f 1821 1142 671
f 483 489 486
f 489 491 486
f 266 1871 1289
f 1636 1834 1024
f 505 5 564
f 489 483 1556
f 406 487 409
f 1319 387 1532
f 464 2001 641
f 477 2035 1043
f 415 489 1356
f 1258 489 1847
f 1258 697 489
f 1663 1418 1850
f 465 505 564
f 1690 474 843
f 1163 562 1435
f 1707 88 1832
f 1859 1391 1146
f 465 1293 1889
f 505 465 1889
f 922 1158 1019
f 1864 528 854
f 1569 531 1886
f 553 2102 548
f 1782 1083 511
f 1864 1382 528
f 528 1382 854
f 254 252 249
f 2088 1739 1220
f 1565 1073 2082
f 1703 544 1970
f 171 1659 635
f 633 1630 1970
f 1630 633 1403
f 514 513 516
f 1481 552 633
f 633 552 1403
f 16 550 1132
f 1177 1457 530
f 2029 732 1072
f 1217 1987 884
f 1987 577 884
f 531 1526 536
f 1522 645 1924
f 552 710 2046
f 645 527 1133
f 1183 845 732
f 1501 1770 1100
f 905 798 517
f 350 2102 555
f 1481 1908 552
f 1935 1682 558
f 531 536 1165
f 508 1782 1202
f 1331 845 982
f 271 2092 1501
f 220 1399 1227
f 1759 1908 1015
f 171 175 174
f 427 1834 374
f 271 547 1791
f 753 1834 427
f 1013 490 1854
f 1194 279 753
f 271 239 547
f 239 365 547
f 1565 980 1321
f 556 554 1013
f 1013 554 490
f 866 1948 772
f 1948 556 1013
f 1569 1886 253
f 1947 1333 837
f 554 313 490
f 889 279 1194
f 580 1947 837
f 1129 1309 1535
f 1948 554 556
f 554 83 313
f 554 1587 83
f 580 1744 1947
f 83 889 490
f 313 83 490
f 1957 1408 514
f 1245 724 549
f 1133 527 515
f 684 1881 1346
f 1881 1024 1346
f 960 1309 1129
f 1553 960 1129
f 1746 2045 171
f 352 1795 345
f 1664 1359 1245
f 433 1550 1088
f 525 1266 1520
f 1365 960 1553
f 1243 297 1587
f 1587 297 1895
f 1060 1895 297
f 519 525 2117
f 745 1644 1060
f 519 2117 1806
f 523 537 1162
f 463 466 506
f 1365 345 1795
f 345 1811 1538
f 537 523 1644
f 1823 963 593
f 1541 520 519
f 758 895 2100
f 519 532 636
f 987 973 1811
f 191 1354 744
f 1999 532 519
f 1999 636 532
f 1555 640 539
f 1594 537 1411
f 1323 895 758
f 520 2100 895
f 884 508 1202
f 2029 1183 732
f 1565 557 980
f 693 1433 398
f 1479 1968 104
f 536 1862 1615
f 1323 758 603
f 423 1542 964
f 16 1471 2077
f 1594 1017 832
f 1017 1968 832
f 1987 1188 577
f 248 1788 1987
f 1824 545 640
f 916 1790 1827
f 1125 2113 916
f 557 2082 980
f 2082 748 980
f 1756 507 603
f 1885 524 518
f 1183 546 1546
f 512 1885 1629
f 728 524 1885
f 1571 1885 512
f 734 545 1824
f 2026 510 512
f 734 1827 545
f 463 507 1756
f 2026 1782 510
f 1789 1827 734
f 745 1243 1899
f 373 745 1899
f 1374 912 560
f 1031 1154 1618
f 1056 1224 561
f 1056 561 1572
f 1460 1706 562
f 1460 562 1163
f 1405 651 1918
f 1405 1918 24
f 1579 5 564
f 1579 847 2086
f 66 1844 565
f 66 565 1143
f 195 1366 1609
f 195 1609 1940
f 1421 726 567
f 1421 567 1988
f 923 2049 568
f 43 800 339
f 1277 2070 569
f 1277 569 1768
f 1920 836 1727
f 1793 748 980
f 1901 1377 571
f 157 1561 1098
f 880 150 983
f 1620 1914 1373
f 389 1658 573
f 1196 1456 1683
f 664 390 574
f 664 574 2114
f 1020 302 575
f 1020 575 1955
f 1260 696 576
f 191 1825 744
f 508 884 577
f 1298 1721 1408
f 156 1707 1951
f 849 1324 688
f 1123 1397 579
f 354 1815 1241
f 224 676 580
f 224 580 2118
f 1269 1717 581
f 1368 671 1684
f 1775 1503 2087
f 1120 2087 749
f 1519 1547 583
f 1122 1533 1877
f 1743 1979 584
f 1173 584 1395
f 1380 877 585
f 86 1640 1846
f 2045 1746 586
f 2045 586 189
f 1442 887 1853
f 470 1853 1803
f 1982 316 588
f 1445 588 1611
f 480 972 589
f 2040 589 1404
f 77 2015 590
f 77 1117 1288
f 498 1174 591
f 1340 1898 1136
f 207 1591 592
f 207 592 1139
f 154 1358 593
f 1881 1162 684
f 176 1281 1737
f 176 1423 2036
f 1250 927 595
f 126 595 1656
f 2058 823 596
f 2058 596 36
f 289 227 597
f 289 597 1946
f 49 766 2033
f 1762 707 1412
f 355 1685 599
f 355 599 357
f 41 1657 600
f 1836 1195 1713
f 55 1150 601
f 1046 601 1170
f 1897 1209 602
f 924 602 426
f 276 758 603
f 2062 603 1517
f 30 1699 604
f 1695 2101 61
f 483 1745 605
f 483 1981 491
f 1488 959 606
f 1093 2022 701
f 197 233 1200
f 1761 968 2074
f 365 805 608
f 2092 1254 370
f 85 328 609
f 85 609 2027
f 108 148 610
f 108 2020 1735
f 321 1376 611
f 694 611 1511
f 210 1369 612
f 706 1710 219
f 1697 1851 613
f 1778 613 1190
f 1712 1447 614
f 1964 1047 432
f 46 1424 888
f 46 1872 1214
f 281 1509 616
f 1608 658 291
f 111 1267 617
f 111 617 788
f 65 1548 618
f 1749 2019 1184
f 439 283 619
f 1077 619 1845
f 1217 884 620
f 254 1461 1950
f 1730 1889 621
f 1977 621 957
f 1480 1085 622
f 1480 622 705
f 18 21 2081
f 1789 916 1827
f 2063 132 624
f 118 624 1662
f 1186 1348 625
f 151 1941 1786
f 262 977 626
f 262 626 1106
f 529 533 1531
f 529 1531 1310
f 396 1489 628
f 1670 2066 1334
f 371 1748 629
f 724 1359 1245
f 149 1091 630
f 1939 630 1275
f 1345 1313 631
f 1266 1129 1553
f 69 931 632
f 1679 632 990
f 544 1970 633
f 544 633 2071
f 729 1809 957
f 1945 957 621
f 534 1161 635
f 534 635 530
f 525 519 636
f 525 636 539
f 1835 40 1362
f 1835 1362 601
f 304 892 638
f 1116 638 574
f 75 1872 1214
f 75 1214 746
f 345 1365 987
f 345 987 1811
f 458 2001 641
f 1290 1484 843
f 753 374 1688
f 753 1688 1436
f 1438 913 643
f 69 1081 2123
f 1904 73 899
f 115 899 1533
f 1072 527 645
f 1072 645 1957
f 139 743 646
f 1828 932 1082
f 1673 27 647
f 568 800 923
f 966 1004 1544
f 241 1287 270
f 250 1247 649
f 250 1086 253
f 1413 2016 650
f 1916 1656 392
f 363 1665 651
f 363 651 1137
f 1164 1883 652
f 96 652 1922
f 572 1620 653
f 572 653 4
f 403 1336 1994
f 403 1619 1913
f 1212 1704 655
f 2031 1043 906
f 357 1672 656
f 357 656 1033
f 1486 1231 657
f 1486 948 454
f 616 1050 658
f 808 1890 306
f 3 783 1689
f 1387 1143 66
f 84 240 660
f 1591 1840 592
f 1743 1058 661
f 1743 1833 733
f 1292 2109 662
f 1292 662 1862
f 1788 1987 663
f 1788 798 1527
f 2124 1796 664
f 1808 664 2114
f 143 1497 665
f 1205 2099 817
f 223 1518 666
f 223 666 1337
f 627 1310 1531
f 1183 778 546
f 1009 1402 668
f 1339 668 1220
f 487 1327 669
f 1437 669 1174
f 45 739 670
f 45 670 2069
f 2054 1063 671
f 2054 671 1368
f 78 1938 672
f 1139 1360 207
f 1882 414 1575
f 445 1375 773
f 747 1325 2036
f 376 2036 176
f 469 1461 675
f 893 675 473
f 1744 580 676
f 1744 676 1976
f 1040 862 677
f 334 1923 911
f 336 1838 678
f 336 678 1870
f 1080 2015 679
f 63 679 1816
f 116 1894 680
f 116 680 1347
f 185 1678 681
f 185 1152 1370
f 981 122 2030
f 90 1256 2039
f 247 1772 2005
f 247 2005 44
f 889 279 684
f 523 684 1162
f 485 1404 685
f 2089 1767 1488
f 101 1573 686
f 1386 686 309
f 222 179 687
f 1559 687 257
f 168 1903 688
f 168 1633 1485
f 1232 99 689
f 91 1685 355
f 30 824 690
f 30 1984 201
f 1304 1114 691
f 1304 691 1749
f 94 50 692
f 1657 1965 600
f 1654 398 693
f 1261 693 1714
f 321 1305 694
f 321 694 611
f 1409 195 695
f 234 695 1041
f 259 253 696
f 1199 1012 282
f 491 489 697
f 491 901 1698
f 155 906 698
f 1279 698 347
f 1610 21 699
f 1942 1198 770
f 98 86 700
f 98 700 1552
f 501 1563 701
f 1393 701 1002
f 1889 1730 702
f 5 702 975
f 267 1692 703
f 267 1172 1607
f 312 1831 704
f 1927 704 806
f 413 2037 705
f 413 1270 1722
f 210 1710 706
f 210 928 1700
f 1649 264 707
f 2033 707 49
f 329 314 708
f 1616 708 628
f 807 1935 709
f 261 709 609
f 271 1947 1333
f 271 1100 1501
f 602 1075 711
f 602 711 1209
f 596 823 712
f 1493 1039 100
f 1283 1388 713
f 412 713 1963
f 1727 34 2048
f 1126 1536 22
f 2079 144 715
f 131 816 1624
f 1299 1719 716
f 950 1424 1263
f 2105 1236 717
f 1415 1107 26
f 1541 519 1806
f 2061 1196 573
f 111 1723 719
f 111 1282 788
f 1794 632 1349
f 196 1308 1383
f 77 87 721
f 1444 1978 209
f 104 124 722
f 963 1358 593
f 138 1222 723
f 138 723 826
f 971 1937 724
f 971 724 1899
f 356 1780 725
f 356 1962 393
f 245 367 726
f 946 726 567
f 630 1275 727
f 630 727 166
f 1571 982 728
f 1571 728 1885
f 24 1405 1945
f 24 1945 1621
f 897 1652 1963
f 1557 1002 1393
f 1195 1713 731
f 1195 731 1638
f 527 1072 732
f 1331 732 845
f 153 1000 733
f 153 733 2013
f 350 548 1147
f 350 1147 1789
f 1720 1009 1402
f 1720 1402 683
f 649 1527 736
f 649 736 522
f 1008 560 1925
f 1844 1598 460
f 520 519 738
f 520 738 526
f 1625 670 739
f 1348 1141 4
f 67 1848 740
f 880 1178 1329
f 200 989 741
f 200 1151 1589
f 332 914 742
f 332 1251 1660
f 330 1334 1189
f 1655 1189 227
f 531 1526 744
f 531 744 1825
f 297 1243 745
f 297 745 1060
f 1241 1815 746
f 1668 746 1967
f 376 2036 747
f 376 747 1769
f 714 1126 1278
f 714 1278 934
f 241 1857 749
f 966 1543 1004
f 635 1161 750
f 635 750 1659
f 2089 1042 751
f 2089 959 1488
f 499 198 752
f 1859 752 1167
f 187 1436 753
f 187 753 1194
f 1672 359 754
f 140 2034 123
f 179 687 755
f 1865 755 1766
f 72 76 756
f 1567 2039 68
f 291 300 1831
f 291 1218 1890
f 383 1261 758
f 383 758 2100
f 566 1138 759
f 566 1609 1928
f 266 1059 1956
f 266 1956 1289
f 591 498 761
f 1632 761 504
f 117 1386 762
f 1272 1970 1703
f 263 986 763
f 263 763 1389
f 1336 1819 764
f 284 764 1817
f 1441 1758 765
f 1441 765 1137
f 1515 49 766
f 1515 1071 875
f 618 969 1415
f 618 1415 1107
f 1018 1343 768
f 128 1639 160
f 36 113 769
f 36 1686 1228
f 1314 1942 770
f 1790 973 987
f 274 1199 771
f 1992 1650 1466
f 418 866 772
f 1592 772 1897
f 1423 674 773
f 594 773 445
f 909 1357 774
f 391 1596 655
f 61 1016 775
f 2015 775 1080
f 469 675 776
f 469 776 1027
f 472 587 777
f 472 1745 483
f 2111 984 778
f 2111 778 1183
f 2084 1144 1473
f 344 960 1365
f 454 948 1613
f 454 1429 1105
f 2064 163 781
f 2064 781 1311
f 169 1453 782
f 169 1056 484
f 130 328 783
f 130 783 51
f 2068 1721 784
f 1522 1957 645
f 416 1669 785
f 416 785 993
f 1058 1979 786
f 6 786 1401
f 388 1101 787
f 1503 1612 582
f 133 1282 788
f 940 788 1884
f 718 451 789
f 718 1196 2061
f 114 1154 790
f 114 790 1338
f 1563 501 791
f 488 791 1211
f 918 177 792
f 1400 1052 134
f 1821 1597 793
f 478 1203 1456
f 278 1001 794
f 1653 1841 900
f 1849 331 795
f 1033 795 656
f 978 1227 796
f 78 796 1938
f 37 614 797
f 1166 797 865
f 1188 905 798
f 663 798 1788
f 1475 607 1887
f 228 1069 264
f 647 1673 800
f 647 800 1558
f 368 1330 801
f 368 801 1923
f 268 1692 802
f 268 802 1718
f 1909 1700 803
f 189 1369 2109
f 230 1995 804
f 1635 1489 334
f 93 945 805
f 1300 1523 41
f 358 1053 806
f 358 1385 1634
f 261 709 807
f 261 807 1200
f 616 658 808
f 616 2052 1509
f 283 443 809
f 1902 1435 1628
f 244 1637 810
f 244 810 1023
f 44 1932 811
f 44 951 2005
f 400 404 812
f 1658 812 573
f 1110 1303 813
f 1921 947 624
f 1485 1647 814
f 136 814 1726
f 193 1867 1540
f 193 2123 1081
f 715 131 816
f 2053 1505 1122
f 167 1066 817
f 167 817 2099
f 208 1108 818
f 208 818 1774
f 95 657 819
f 95 819 1918
f 706 219 820
f 2041 820 215
f 21 1299 821
f 21 821 699
f 569 1115 822
f 569 822 2056
f 38 12 823
f 2017 1462 932
f 1271 1102 824
f 1271 1699 35
f 82 2075 825
f 82 825 2025
f 108 138 826
f 108 826 1264
f 216 221 827
f 1983 827 1605
f 129 1252 828
f 129 828 106
f 2091 694 829
f 1246 1542 423
f 335 611 872
f 335 872 1048
f 1296 1997 831
f 2046 1403 552
f 537 1594 832
f 1823 1479 963
f 398 1654 833
f 398 833 458
f 231 1667 834
f 1954 1463 904
f 362 1414 835
f 362 835 1302
f 54 1317 836
f 54 836 1784
f 2118 580 837
f 954 1759 1234
f 337 1741 838
f 1113 1286 1677
f 257 287 839
f 975 1545 5
f 1345 921 840
f 277 2032 1129
f 403 1913 1622
f 403 1622 979
f 1247 649 1527
f 467 1527 251
f 472 1803 843
f 472 843 1556
f 989 200 844
f 84 1372 240
f 541 982 845
f 1320 1826 551
f 1322 535 846
f 1322 1824 548
f 1146 1579 847
f 1146 847 499
f 213 1934 848
f 213 848 1168
f 156 1324 849
f 156 849 1678
f 1254 370 850
f 1906 850 1680
f 626 747 851
f 626 1986 1259
f 399 401 852
f 399 852 406
f 1137 1530 2098
f 1137 2098 1441
f 530 1382 854
f 530 854 534
f 1347 1577 855
f 1 1837 1178
f 347 432 856
f 1430 1643 382
f 7 1025 857
f 1355 1580 584
f 498 1874 858
f 498 1340 761
f 1941 817 859
f 1941 859 31
f 1500 76 860
f 1500 860 119
f 190 1833 861
f 1928 1366 1609
f 1648 1893 862
f 2 862 1431
f 258 1996 863
f 258 1339 668
f 463 507 864
f 463 864 506
f 1413 255 865
f 10 865 1560
f 1245 549 866
f 1960 866 418
f 448 1944 867
f 448 867 1152
f 51 1584 868
f 51 868 1689
f 30 604 869
f 30 869 201
f 66 1026 870
f 66 1869 460
f 404 812 871
f 2009 1717 1269
f 830 1048 872
f 1694 872 1291
f 1952 1007 873
f 27 873 1673
f 179 222 874
f 179 874 1349
f 1965 1195 875
f 1965 875 1515
f 286 1507 876
f 286 876 300
f 96 1922 877
f 1724 877 1380
f 700 86 1706
f 700 1706 976
f 123 1751 879
f 123 879 1729
f 1620 572 880
f 67 880 1178
f 35 1699 881
f 35 1470 1242
f 253 250 882
f 1350 1876 265
f 1547 583 883
f 4 883 653
f 462 506 884
f 1776 884 620
f 374 1688 1907
f 374 1636 1834
f 32 1554 886
f 2057 886 1680
f 1839 685 887
f 476 887 1442
f 615 76 888
f 615 888 1424
f 523 684 889
f 523 889 83
f 252 254 890
f 1410 1860 1059
f 160 1064 891
f 1395 891 1173
f 1101 787 892
f 379 1297 292
f 776 675 893
f 2028 1740 470
f 180 1233 894
f 180 894 1057
f 509 1323 895
f 988 895 520
f 827 221 896
f 827 1041 1605
f 421 1335 897
f 421 897 1963
f 308 1160 898
f 1722 898 1270
f 644 1533 899
f 2107 899 1213
f 282 1653 900
f 1390 2037 1650
f 697 491 2021
f 1588 2021 1460
f 85 2027 902
f 1187 902 3
f 785 429 903
f 785 903 1991
f 236 1954 904
f 236 904 2020
f 513 1974 905
f 513 905 1188
f 1364 1574 906
f 88 906 2031
f 127 1491 907
f 127 2011 1624
f 596 712 908
f 596 1606 36
f 391 774 909
f 391 909 301
f 521 1646 910
f 521 1428 627
f 801 1923 911
f 801 911 1830
f 402 1925 912
f 402 912 441
f 752 2007 913
f 752 913 198
f 1938 672 914
f 47 914 742
f 312 588 915
f 312 1927 704
f 623 1125 916
f 623 916 1789
f 92 2073 917
f 92 1760 1521
f 204 792 918
f 204 918 52
f 445 594 919
f 445 1882 673
f 713 1193 920
f 713 1930 307
f 451 840 921
f 451 921 789
f 558 1682 922
f 558 922 2007
f 43 800 923
f 1917 1401 1582
f 420 602 924
f 1641 924 187
f 230 1995 925
f 230 925 1421
f 471 1109 926
f 1289 1509 281
f 91 1448 927
f 91 927 1691
f 706 820 928
f 706 928 210
f 457 442 929
f 1466 929 1742
f 269 1389 930
f 1993 1191 809
f 815 1794 931
f 815 2123 193
f 646 1462 932
f 646 932 1828
f 244 1149 933
f 244 2042 1268
f 178 1278 934
f 178 934 1073
f 136 1068 935
f 1485 1972 1633
f 744 1118 936
f 744 936 1526
f 723 826 937
f 723 937 1396
f 666 1713 938
f 666 938 1337
f 264 707 1728
f 264 1728 1475
f 133 788 940
f 1476 1750 1078
f 54 55 941
f 54 941 2090
f 329 318 942
f 329 942 314
f 665 1764 943
f 665 2099 1205
f 174 1102 944
f 174 1379 175
f 14 2059 945
f 1744 945 1947
f 245 726 946
f 1997 946 831
f 813 1921 947
f 1777 947 144
f 657 1486 948
f 657 948 1682
f 721 87 949
f 721 949 1169
f 25 716 950
f 2116 1779 1534
f 811 44 951
f 811 951 1778
f 710 552 952
f 1333 952 1759
f 679 1117 953
f 679 953 82
f 161 158 954
f 161 954 1759
f 693 1714 955
f 693 955 1433
f 394 1121 956
f 394 1668 746
f 634 2125 957
f 634 957 1977
f 22 1126 958
f 1793 2102 553
f 1566 985 959
f 751 959 2089
f 779 1309 960
f 779 960 344
f 26 1415 961
f 1677 961 2093
f 176 376 962
f 176 962 1281
f 104 722 963
f 104 963 1479
f 2127 1542 964
f 1124 964 1544
f 1001 211 965
f 202 965 206
f 1810 2106 966
f 1810 966 2128
f 573 812 967
f 1456 967 478
f 607 1475 968
f 607 968 1761
f 65 1528 969
f 65 969 618
f 715 144 970
f 715 2053 816
f 371 1937 971
f 371 971 2080
f 802 285 972
f 802 972 1718
f 770 1314 973
f 770 973 346
f 356 1780 974
f 356 974 393
f 1316 1545 975
f 1316 975 702
f 1552 1237 976
f 1552 976 700
f 220 1861 977
f 220 977 452
f 1892 310 978
f 78 978 796
f 1586 1915 979
f 1134 979 403
f 553 1793 980
f 553 980 1321
f 1725 1150 1363
f 1725 1363 2030
f 515 1571 982
f 515 982 1331
f 572 880 983
f 1342 983 1141
f 533 534 1161
f 533 1161 1531
f 497 704 1843
f 497 1843 1566
f 414 1882 986
f 414 986 1994
f 640 1365 987
f 640 1827 545
f 509 895 988
f 509 988 518
f 84 1341 989
f 84 989 1372
f 1766 1865 990
f 1294 990 1679
f 597 1946 991
f 1600 991 1933
f 1207 1377 992
f 1648 992 323
f 1590 416 993
f 411 993 581
f 1352 493 994
f 1352 1883 652
f 791 1961 995
f 791 1698 1981
f 757 1564 996
f 757 996 312
f 254 1950 997
f 254 997 890
f 12 113 998
f 12 998 38
f 1291 1642 999
f 1808 2124 664
f 861 1833 1000
f 861 1000 1953
f 202 965 1001
f 1666 1001 2003
f 730 1702 1002
f 730 1002 1557
f 487 669 1003
f 487 1003 1664
f 390 423 1004
f 1326 1004 1800
f 1820 1604 1005
f 141 1005 1332
f 382 1643 1006
f 382 1006 121
f 217 1952 1007
f 217 1007 1159
f 342 116 1008
f 342 1008 1598
f 258 668 1009
f 258 1009 1427
f 209 1439 1010
f 209 1010 1978
f 430 1209 1011
f 430 1989 1235
f 696 259 1012
f 696 1012 1449
f 772 1854 1013
f 772 1013 1948
f 1755 1428 1014
f 1755 1014 667
f 2071 633 1481
f 99 1234 599
f 604 881 1016
f 2101 1016 61
f 76 888 1017
f 1285 1017 1752
f 128 1373 1018
f 128 1018 768
f 563 1371 1019
f 563 1019 819
f 52 1955 1020
f 1221 1020 1959
f 793 1597 1021
f 1203 1021 1327
f 833 458 2001
f 1517 1756 603
f 247 1765 2108
f 247 2108 1801
f 359 154 1024
f 359 1024 1636
f 740 1848 1025
f 740 1025 1
f 3 659 1026
f 1817 1026 1157
f 1524 2083 1027
f 1524 1027 2024
f 1391 1859 1028
f 465 1621 1293
f 887 685 1029
f 887 1029 2006
f 900 1480 1030
f 900 1030 1390
f 1374 560 1031
f 678 1031 1838
f 189 1379 1032
f 189 1032 803
f 355 795 1033
f 355 1033 357
f 43 923 1034
f 1338 1917 340
f 1655 1361 1035
f 330 1035 1334
f 39 836 1036
f 39 1036 1779
f 402 1852 1037
f 402 1037 1925
f 381 1640 1038
f 1418 1038 1663
f 712 1204 1039
f 712 1039 1493
f 334 1489 1040
f 334 1040 1923
f 896 827 1041
f 896 1041 240
f 589 1135 1042
f 589 1042 1404
f 655 2031 1043
f 655 1043 2035
f 308 898 1044
f 308 1044 306
f 86 1240 1045
f 1380 2055 1724
f 1362 601 1046
f 637 2075 82
f 614 1447 1047
f 614 1047 1964
f 13 1493 1048
f 13 1048 830
f 530 1615 1049
f 530 1049 1177
f 281 616 1050
f 1871 1050 1507
f 724 1367 1051
f 724 1051 1899
f 792 204 1052
f 1168 1675 848
f 1611 452 1053
f 1927 1053 806
f 151 1512 1054
f 151 1054 625
f 821 699 1055
f 1719 1055 1464
f 782 169 1056
f 1687 1370 185
f 1678 1936 1057
f 1903 1136 170
f 6 1425 1058
f 6 1058 786
f 251 467 1059
f 2060 1059 1410
f 523 1895 1060
f 523 1060 1644
f 450 1701 1061
f 450 1061 742
f 393 1711 1062
f 393 1062 399
f 1280 2054 1063
f 1747 1063 478
f 1492 891 1064
f 152 1064 1943
f 1282 2044 1065
f 1910 1696 127
f 165 167 1066
f 165 1066 134
f 1669 429 1067
f 1258 1460 1588
f 126 595 1068
f 126 1068 935
f 799 177 1069
f 1887 1069 228
f 225 1378 1070
f 225 1070 234
f 766 1515 1071
f 766 1071 1216
f 516 514 1072
f 1974 1646 521
f 173 934 1073
f 173 1073 1565
f 1671 567 1074
f 762 1467 117
f 426 602 1075
f 1265 1075 434
f 408 925 1076
f 1856 1076 1219
f 439 619 1077
f 439 1077 421
f 1599 1476 1078
f 115 1904 899
f 644 1783 1079
f 644 2107 899
f 63 679 1080
f 63 1080 1980
f 643 1312 1081
f 643 1081 1438
f 135 828 1082
f 135 1082 765
f 508 1782 1083
f 2068 1522 784
f 617 1734 1084
f 617 1884 788
f 293 1568 1085
f 2065 1085 838
f 649 250 1086
f 649 1086 1165
f 687 287 1087
f 687 1087 1525
f 1281 1737 1088
f 89 1088 433
f 451 718 1089
f 1520 2117 525
f 29 1773 1090
f 1792 2094 40
f 1868 1301 1091
f 158 1091 161
f 608 805 1092
f 1254 1092 850
f 494 1767 1093
f 494 1093 2022
f 1433 398 1094
f 317 1094 444
f 1954 236 1095
f 231 1095 1667
f 367 1296 1096
f 367 1096 1830
f 255 1272 1097
f 255 1097 1413
f 94 2057 1098
f 94 1098 338
f 104 124 1099
f 104 1099 102
f 710 2046 1100
f 710 1100 271
f 379 1297 1101
f 379 1101 388
f 16 1471 1102
f 16 1102 174
f 1935 558 1103
f 233 1103 1867
f 188 1300 1104
f 1713 1104 666
f 468 477 1105
f 2072 1697 613
f 1769 747 2014
f 417 1388 2047
f 717 618 1107
f 717 1107 92
f 324 257 1108
f 2121 1108 1499
f 265 274 1109
f 265 1109 1328
f 119 1256 1110
f 119 1110 813
f 350 353 1111
f 350 1111 2116
f 675 1461 1112
f 675 1490 473
f 337 838 1113
f 337 2093 1160
f 612 210 1114
f 612 1114 1304
f 146 569 1115
f 146 1275 1939
f 304 638 1116
f 1888 1637 810
f 590 679 1117
f 590 1117 77
f 58 42 1118
f 58 1863 65
f 9 235 1119
f 1530 1809 1137
f 237 280 1120
f 237 1120 749
f 366 405 1121
f 366 1121 1549
f 1311 781 1122
f 147 1122 2053
f 354 579 1123
f 354 1123 349
f 256 294 1124
f 1802 1124 964
f 1610 2081 1125
f 17 1125 1529
f 570 2048 1126
f 570 1126 958
f 779 2112 1127
f 1473 1127 725
f 184 1794 1128
f 1306 1383 97
f 631 277 1129
f 631 1129 1535
f 839 287 2110
f 1545 1307 5
f 389 385 1131
f 2061 1131 718
f 2103 16 1132
f 1659 1321 750
f 1924 645 1133
f 1924 1133 515
f 1586 979 1134
f 431 1819 909
f 1452 1738 1135
f 1931 1135 1042
f 1057 109 1136
f 1057 1136 180
f 11 651 1137
f 11 1137 1809
f 1372 240 1138
f 844 1138 1880
f 78 978 1892
f 78 1892 1360
f 1916 392 1140
f 10 1140 1560
f 739 31 1141
f 739 1141 1929
f 1684 671 1142
f 1684 1142 1394
f 659 2018 1143
f 659 1143 1387
f 725 1473 1144
f 1962 1144 1414
f 925 1421 1988
f 925 1573 408
f 564 1579 1146
f 564 1146 1391
f 734 1789 1147
f 734 1147 1824
f 128 1731 1148
f 128 1148 71
f 1763 13 1149
f 1763 1149 933
f 941 55 1150
f 941 1150 68
f 741 1360 1151
f 741 1151 200
f 681 185 1152
f 681 1152 375
f 1539 235 1153
f 1539 1153 1774
f 560 1031 1154
f 560 1353 1008
f 106 992 1155
f 106 1155 129
f 647 27 1156
f 647 1156 1558
f 870 414 1157
f 870 1157 1026
f 819 657 1158
f 819 1158 1019
f 190 861 1159
f 190 1159 1576
f 315 1578 1160
f 315 1160 1842
f 1798 750 1161
f 1798 1161 1531
f 593 1881 1162
f 593 1162 1823
f 901 1435 1163
f 2021 1163 1460
f 96 503 1164
f 96 1164 652
f 522 649 1165
f 1615 1165 536
f 37 797 1166
f 1426 1166 121
f 1651 2007 1167
f 186 1167 1859
f 792 1675 1168
f 792 1168 177
f 215 1010 1169
f 215 1169 1998
f 907 122 1170
f 907 1170 1491
f 958 353 1171
f 958 1171 22
f 703 267 1172
f 1985 1507 285
f 15 584 1173
f 15 1173 891
f 493 1911 1174
f 493 1174 591
f 113 998 1175
f 1427 1851 272
f 50 1762 1176
f 50 1176 571
f 586 1049 1177
f 586 1177 1746
f 740 1 1178
f 740 1178 67
f 885 656 1179
f 885 1636 374
f 773 1375 1180
f 773 1852 1661
f 794 1568 1181
f 794 1181 1495
f 382 1912 1182
f 382 1182 578
f 1014 2029 1183
f 1014 1183 2111
f 221 660 1184
f 221 1184 1749
f 535 846 1185
f 535 1185 526
f 1054 625 1186
f 1054 1186 159
f 85 328 1187
f 85 1187 902
f 663 1987 1188
f 663 1188 798
f 743 326 1189
f 743 1189 1334
f 683 1720 1190
f 683 1190 951
f 1663 1038 1191
f 930 1191 1993
f 441 912 1192
f 441 1192 410
f 262 1106 1193
f 262 1634 452
f 490 1641 1194
f 490 1194 889
f 600 1836 1195
f 600 1195 1965
f 789 921 1196
f 789 1196 718
f 919 445 1197
f 919 1197 1550
f 699 1942 1198
f 699 1198 2095
f 1614 274 1199
f 259 1199 1012
f 607 1887 1200
f 607 1200 197
f 167 943 1201
f 167 1465 165
f 506 864 1202
f 506 1202 884
f 793 478 1203
f 793 1203 1021
f 823 712 1204
f 823 1204 1753
f 143 665 1205
f 143 1786 624
f 501 701 1206
f 1961 1206 455
f 1648 992 1207
f 2 1207 157
f 43 339 1208
f 43 1208 1034
f 422 430 1209
f 422 1209 1897
f 873 1007 1210
f 873 1210 568
f 605 488 1211
f 605 1211 483
f 391 655 1212
f 391 1212 301
f 73 1716 1213
f 73 1213 899
f 639 746 1214
f 639 1214 46
f 1027 2028 1215
f 1027 1215 2104
f 2033 766 1216
f 1416 1216 213
f 254 620 1217
f 254 1217 249
f 757 291 1218
f 757 1218 1564
f 942 318 1219
f 942 1219 1076
f 1503 559 1220
f 2004 1220 1739
f 52 1020 1221
f 52 1221 325
f 1084 112 1222
f 1884 1222 137
f 476 473 1223
f 1839 1404 685
f 841 1913 1224
f 841 1224 484
f 904 1463 1225
f 904 1225 610
f 726 1421 1226
f 726 1226 367
f 103 978 1227
f 1445 1227 220
f 319 199 1228
f 319 1228 1686
f 317 444 1229
f 317 1229 1658
f 161 837 1230
f 161 1230 1091
f 378 2017 1231
f 1949 1231 657
f 91 1448 1232
f 91 1232 689
f 782 1453 1233
f 782 1687 1370
f 1015 99 1234
f 1015 1234 1759
f 168 437 1235
f 168 1235 1485
f 965 211 1236
f 965 1236 206
f 283 1552 1237
f 283 1902 619
f 1489 628 1238
f 804 1238 314
f 219 1983 1239
f 219 1239 1378
f 878 1958 1240
f 878 1240 86
f 394 2038 1241
f 394 1241 746
f 40 2094 1242
f 40 1631 1362
f 1051 1367 1243
f 1051 1243 1899
f 74 745 1244
f 1411 1244 1594
f 543 866 1245
f 543 1245 1664
f 290 1542 1246
f 290 1246 322
f 467 1527 1247
f 467 1247 1623
f 182 848 1248
f 182 1337 938
f 1877 1599 1249
f 343 1249 1696
f 1726 2000 1250
f 1068 1250 595
f 742 332 1251
f 742 1251 1986
f 135 828 1252
f 1758 2078 968
f 507 1782 1253
f 1629 2026 512
f 608 1092 1254
f 608 1254 2092
f 194 201 1255
f 194 1255 1909
f 682 90 1256
f 682 1256 1508
f 606 985 1257
f 606 1257 730
f 425 1847 1258
f 425 1258 1460
f 260 977 1259
f 1701 1259 1986
f 191 1825 1260
f 191 1260 1666
f 1654 693 1261
f 276 1261 758
f 61 775 1262
f 61 1736 209
f 39 1779 1263
f 1478 1263 615
f 148 153 1264
f 148 1264 108
f 426 1075 1265
f 2051 1265 642
f 840 1520 2032
f 840 2032 277
f 825 1723 1267
f 825 1267 2025
f 1023 244 1268
f 1023 1268 1801
f 411 2009 1269
f 411 1269 581
f 705 413 1270
f 705 1270 2012
f 23 934 1271
f 23 1271 1102
f 117 1971 1272
f 117 1272 1467
f 32 1554 1273
f 32 1273 1657
f 163 883 1274
f 1783 1343 1079
f 1115 822 1275
f 1115 1275 146
f 780 459 1276
f 780 1429 454
f 1729 2070 1277
f 124 1277 1381
f 1536 1126 1278
f 748 1278 178
f 155 1483 1279
f 155 1279 698
f 482 1063 1280
f 482 1280 2115
f 1754 453 1281
f 89 1281 1088
f 719 1065 1282
f 719 1282 111
f 412 713 1283
f 1652 1283 1502
f 1112 675 1284
f 1112 1718 268
f 76 1017 1285
f 76 1285 105
f 838 2065 1286
f 838 1286 1113
f 2128 294 1287
f 2128 1287 1810
f 87 77 1288
f 87 1926 1095
f 471 926 1289
f 471 1289 1956
f 458 398 1290
f 458 1290 1484
f 59 1344 1291
f 59 1291 999
f 33 42 1292
f 33 1292 1862
f 621 1889 1293
f 621 1293 1945
f 1766 990 1294
f 198 1294 20
f 808 616 1295
f 808 1295 306
f 64 831 1296
f 1770 1296 1501
f 892 1101 1297
f 892 1297 1765
f 784 1721 1298
f 784 1957 1522
f 25 716 1299
f 25 1299 18
f 93 1523 1300
f 2059 1300 1496
f 140 2034 1301
f 140 1301 1939
f 366 369 1302
f 366 1302 362
f 131 1508 1303
f 131 2079 715
f 62 1749 1304
f 62 1304 2109
f 256 321 1305
f 256 1802 1124
f 184 1761 1306
f 184 1306 1128
f 1130 1545 1307
f 1130 1307 145
f 720 2076 1308
f 720 1308 196
f 348 351 1309
f 348 1309 779
f 521 1974 1310
f 521 1310 627
f 1519 583 1311
f 147 1311 1122
f 193 1081 1312
f 193 1312 1867
f 974 2119 1313
f 974 1711 393
f 1529 1942 1314
f 298 1314 973
f 749 2087 1315
f 1543 1800 1004
f 257 324 1316
f 257 1316 1807
f 34 836 1317
f 34 1317 1537
f 1131 718 1318
f 1131 1318 385
f 345 1532 1319
f 345 1319 1538
f 541 1826 1320
f 541 1320 1812
f 1132 1659 1321
f 1132 1321 550
f 538 540 1322
f 538 1322 535
f 507 603 1323
f 507 1323 1253
f 1951 1140 1324
f 1951 1324 156
f 402 1900 1325
f 402 1325 1661
f 1814 1004 1326
f 1814 1326 787
f 852 1879 1327
f 852 1327 406
f 760 1623 1328
f 760 1328 471
f 150 880 1329
f 150 1329 2018
f 1680 801 1330
f 1680 1330 2057
f 527 515 1331
f 527 1331 732
f 27 1156 1332
f 27 1589 79
f 710 952 1333
f 710 1333 271
f 1893 1670 1334
f 323 1334 1570
f 443 1875 1335
f 443 1335 1754
f 284 1994 1336
f 284 1336 764
f 2067 1715 1337
f 2067 1337 182
f 1208 1034 1338
f 1208 1338 114
f 863 258 1858
f 863 1858 280
f 858 1595 1340
f 858 1340 498
f 660 226 1341
f 660 1341 84
f 572 983 1342
f 572 1342 4
f 1274 1783 1343
f 1274 1343 1914
f 1694 1291 1344
f 1694 1344 80
f 1805 840 1345
f 1805 1345 631
f 1834 1024 1346
f 279 1346 684
f 1 855 1347
f 1 1347 1583
f 31 625 1348
f 31 1348 1141
f 720 196 1349
f 720 1349 2076
f 253 259 1350
f 253 1350 882
f 333 336 1351
f 1855 1558 1156
f 591 493 1352
f 591 1352 761
f 1154 1894 1353
f 1154 1353 560
f 1118 744 1354
f 1118 1863 58
f 7 1580 1355
f 7 1979 1582
f 474 415 1356
f 474 1356 843
f 431 909 1357
f 1586 1944 447
f 2010 123 1358
f 722 1358 963
f 1937 1664 1359
f 1937 1359 724
f 672 78 1360
f 672 1360 1820
f 329 289 1361
f 1616 1361 1035
f 637 1816 1362
f 637 1362 1046
f 981 2030 1363
f 981 1363 601
f 88 906 1364
f 88 1912 1707
f 539 1553 1365
f 539 1365 640
f 861 1928 1366
f 861 1366 195
f 549 724 1367
f 1587 1367 1243
f 993 1991 1368
f 993 1368 581
f 803 210 1369
f 803 1369 189
f 1056 1572 1370
f 1056 1370 782
f 186 563 1371
f 186 1651 1167
f 844 1138 1372
f 844 1372 989
f 71 128 1373
f 1848 1373 1620
f 678 1031 1374
f 678 1374 912
f 673 445 1375
f 673 1375 461
f 199 321 1376
f 199 1376 1228
f 70 992 1377
f 70 1377 571
f 820 219 1378
f 820 1378 215
f 944 174 1379
f 944 1379 1032
f 86 1640 1380
f 86 1380 1045
f 1099 102 1381
f 1099 1381 124
f 522 736 1382
f 522 1382 530
f 1128 1306 1383
f 1128 1383 196
f 331 435 1384
f 331 1384 795
f 806 358 1385
f 806 1385 1843
f 101 686 1386
f 101 1386 762
f 1026 66 1387
f 1026 1387 659
f 1106 417 1388
f 1106 1388 1193
f 433 763 1389
f 433 1389 269
f 282 771 1390
f 282 1390 900
f 465 564 1391
f 465 1391 1028
f 306 308 1392
f 306 1392 1890
f 1206 701 1393
f 1206 1393 455
f 495 1883 1394
f 495 1394 1142
f 160 128 1395
f 160 1395 891
f 137 723 1396
f 137 1396 1750
f 770 2126 1397
f 770 1397 1198
f 384 1975 1398
f 384 1398 385
f 796 450 1399
f 796 1399 1227
f 204 1052 1400
f 204 2069 325
f 923 2049 1401
f 923 1401 1034
f 735 2088 1402
f 735 1402 683
f 831 2046 1403
f 831 1403 1630
f 1223 2040 1404
f 1223 1404 1839
f 11 397 1405
f 11 1405 651
f 420 602 1406
f 420 1406 772
f 378 765 1407
f 378 1949 1231
f 513 514 1408
f 513 1408 1721
f 234 1693 1409
f 234 1409 695
f 252 890 1410
f 252 1410 2060
f 74 1244 1411
f 1644 1411 537
f 129 1155 1412
f 129 1412 1252
f 10 1656 1413
f 10 1413 865
f 393 835 1414
f 393 1414 1962
f 2019 961 1415
f 767 1415 969
f 598 1216 1416
f 598 1649 707
f 261 302 1417
f 261 1417 609
f 381 1038 1418
f 1913 1418 1619
f 526 1999 1419
f 526 1419 1185
f 777 481 1420
f 777 1745 472
f 303 1226 1421
f 303 1421 230
f 903 502 1422
f 903 1422 429
f 594 176 1423
f 594 1423 773
f 716 1719 1424
f 716 1424 950
f 1210 1007 1425
f 1210 1425 2049
f 37 1166 1426
f 37 1964 614
f 113 1851 1427
f 113 1427 1996
f 2029 1014 1428
f 910 1428 521
f 2035 1105 1429
f 1276 1429 780
f 347 1643 1430
f 347 1430 698
f 677 862 1431
f 677 1431 1602
f 180 1233 1432
f 180 1432 1136
f 317 1094 1433
f 317 1433 955
f 1301 754 1434
f 1301 1434 1868
f 976 1902 1435
f 976 1435 562
f 426 924 1436
f 426 2051 1265
f 1003 669 1437
f 1003 1437 1960
f 69 1081 1438
f 69 1438 20
f 201 209 1439
f 201 1439 205
f 109 849 1440
f 109 1440 1057
f 19 97 1441
f 19 1441 1758
f 470 1740 1442
f 470 1442 1853
f 51 130 1443
f 51 1443 327
f 77 721 1444
f 77 1444 1736
f 103 1227 1445
f 103 1445 588
f 851 626 1446
f 851 1446 428
f 1219 1708 1447
f 1219 1447 1856
f 595 927 1448
f 595 1448 650
f 1260 696 1449
f 1260 1449 1666
f 730 1676 1450
f 730 1450 1557
f 958 570 1451
f 958 1451 1799
f 295 300 1452
f 1931 1452 1135
f 380 1922 1453
f 380 1453 504
f 731 1593 1454
f 731 1454 1638
f 599 357 1455
f 599 1455 1234
f 573 967 1456
f 573 1456 1196
f 635 530 1457
f 635 1457 171
f 227 44 1458
f 227 1458 1562
f 995 455 1459
f 995 1459 901
f 1067 425 1460
f 1958 1460 1706
f 620 254 1461
f 620 1461 1776
f 1204 1039 1462
f 1204 1462 1753
f 834 231 1463
f 834 1463 229
f 639 746 1464
f 639 1464 1719
f 1201 162 1465
f 1201 1465 167
f 457 1650 1466
f 457 1466 929
f 1074 762 1467
f 1074 1970 1630
f 337 1741 1468
f 337 1468 1160
f 233 1103 1469
f 233 1469 1200
f 881 1016 1470
f 881 1470 35
f 23 1102 1471
f 23 1471 934
f 610 1225 1472
f 610 1472 148
f 779 1795 1473
f 779 1473 1127
f 301 456 1474
f 2027 1474 1626
f 228 1887 1475
f 228 1475 264
f 2044 1599 1476
f 133 1476 940
f 369 373 1477
f 369 1477 2120
f 39 1263 1478
f 39 1478 53
f 832 1823 1479
f 832 1479 1968
f 288 900 1480
f 1568 1480 1085
f 1015 2071 1481
f 1015 1481 1908
f 216 1114 1482
f 216 1482 221
f 468 155 1483
f 2072 1778 613
f 641 1027 1484
f 641 1484 458
f 136 935 1485
f 136 1485 814
f 81 449 1486
f 81 1866 1697
f 120 112 1487
f 120 1487 236
f 494 1767 1488
f 494 1488 606
f 804 1635 1489
f 804 1489 1238
f 1284 675 1490
f 1718 1490 480
f 110 1910 1491
f 110 1491 1170
f 152 1064 1492
f 152 1492 1264
f 908 1048 1493
f 908 1493 712
f 953 1117 1494
f 2025 1494 107
f 211 1001 1495
f 2073 1495 917
f 14 2059 1496
f 14 1496 1976
f 822 1764 1497
f 822 1497 2056
f 488 605 1498
f 1563 1822 1093
f 208 1108 1499
f 1977 1499 621
f 105 76 1500
f 105 1662 118
f 370 1296 1501
f 370 1501 2092
f 962 1769 1502
f 962 1502 453
f 388 1612 1503
f 2004 1503 1220
f 434 2000 1504
f 434 1504 1075
f 816 2053 1505
f 816 1505 127
f 871 1280 1506
f 871 1506 812
f 1172 703 1507
f 1172 1507 1871
f 1110 1256 1508
f 1110 1508 1303
f 926 1742 1509
f 926 1509 1289
f 879 1751 1510
f 879 1510 569
f 322 2091 1511
f 322 1642 386
f 144 947 1512
f 144 1512 970
f 810 1888 1513
f 810 1513 2108
f 18 623 1514
f 18 1514 25
f 50 1965 1515
f 50 1515 49
f 510 511 1516
f 510 1516 512
f 833 2001 1517
f 833 1517 1654
f 224 676 1518
f 224 1518 1804
f 147 1757 1519
f 147 1519 1311
f 451 1089 1520
f 451 1520 840
f 1286 2065 1521
f 1286 1521 1677
f 1083 2068 1522
f 1083 1522 511
f 805 48 1523
f 805 1523 93
f 466 1776 1524
f 466 1524 2024
f 755 687 1525
f 755 1525 8
f 33 2050 1526
f 33 1526 1862
f 842 798 1527
f 842 1527 736
f 62 1797 1528
f 62 1528 969
f 298 1314 1529
f 298 1529 1125
f 9 853 1530
f 9 1530 1119
f 667 1755 1531
f 667 1531 984
f 352 345 1532
f 352 1549 1144
f 781 361 1533
f 781 1533 1122
f 1111 2116 1534
f 1111 1534 360
f 351 2119 1535
f 351 1535 1309
f 748 1278 1536
f 748 2023 1793
f 29 34 1537
f 29 1537 1090
f 349 1319 1538
f 349 1538 346
f 28 634 1539
f 28 1539 235
f 815 184 1540
f 815 1540 193
f 1318 1806 1541
f 1318 1541 383
f 829 290 1542
f 829 1542 2127
f 749 1315 1543
f 749 2106 241
f 648 966 1544
f 648 1544 1124
f 1807 1130 1545
f 1807 1545 1316
f 845 1183 1546
f 845 1826 541
f 4 159 1547
f 4 1547 883
f 1863 206 1548
f 1863 1548 65
f 2038 352 1549
f 2038 1549 394
f 763 1197 1550
f 763 1550 433
f 441 410 1551
f 1900 1551 1325
f 809 98 1552
f 809 1552 283
f 525 1266 1553
f 525 1553 539
f 1523 48 1554
f 1523 1554 41
f 846 1322 1555
f 846 1555 542
f 1356 843 1556
f 1356 1556 489
f 421 1450 1557
f 421 1557 1393
f 1351 333 1558
f 1351 1558 339
f 222 818 1559
f 222 1559 687
f 121 1140 1560
f 121 1560 1166
f 571 338 1561
f 571 1561 1901
f 326 2042 1562
f 326 1562 1189
f 488 1822 1563
f 488 1563 791
f 1392 316 1564
f 1392 1564 1218
f 550 1321 1565
f 2077 1565 173
f 751 1931 1566
f 751 1566 959
f 72 615 1567
f 72 1567 756
f 288 1841 1568
f 288 1568 1480
f 576 253 1569
f 1825 1569 531
f 139 743 1570
f 139 1570 992
f 1516 515 1571
f 1516 1571 512
f 448 447 1572
f 448 1572 1370
f 1145 101 1573
f 1988 1573 925
f 698 1430 1574
f 698 1574 906
f 673 1882 1575
f 673 1575 1869
f 1007 1159 1576
f 1007 1576 1425
f 565 1844 1577
f 565 1577 855
f 226 1840 1578
f 226 1578 961
f 145 2086 1579
f 145 1579 1307
f 857 7 1580
f 857 1580 71
f 154 359 1581
f 154 1581 1358
f 786 1401 1582
f 786 1582 1979
f 680 1347 1583
f 680 1583 1338
f 983 868 1584
f 983 1584 327
f 853 1383 1585
f 853 2098 1530
f 431 1944 1586
f 431 1586 1819
f 549 554 1587
f 549 1587 1367
f 697 1258 1588
f 697 1588 2021
f 1332 27 1589
f 1332 1589 141
f 411 407 1590
f 411 1590 993
f 989 741 1591
f 989 1591 1840
f 418 496 1592
f 418 1592 772
f 182 938 1593
f 182 1593 848
f 75 1872 1594
f 75 1594 1244
f 170 1340 1595
f 170 1813 437
f 774 88 1596
f 774 1596 391
f 495 1142 1597
f 495 1597 1021
f 737 461 1598
f 737 1598 1008
f 115 1078 1599
f 115 1599 1533
f 597 991 1600
f 597 1600 1932
f 799 273 1601
f 799 1887 1069
f 368 1330 1602
f 368 1602 677
f 199 319 1603
f 199 1603 275
f 914 672 1604
f 914 1604 332
f 1239 1983 1605
f 1239 1605 225
f 908 596 1606
f 908 1606 341
f 266 1860 1607
f 266 1607 1871
f 1050 286 1608
f 1050 1608 658
f 759 566 1609
f 759 1609 1940
f 17 699 1610
f 17 1610 1125
f 915 1053 1611
f 915 1611 588
f 787 1326 1612
f 787 1612 388
f 780 454 1613
f 780 1613 709
f 259 1350 1614
f 259 1614 1199
f 522 530 1615
f 522 1615 1165
f 329 1361 1616
f 329 1616 708
f 1221 130 1617
f 1221 1617 325
f 114 1154 1618
f 114 1618 1208
f 654 403 1619
f 654 1619 986
f 67 880 1620
f 67 1620 1848
f 1028 465 1621
f 1028 1621 186
f 1224 1913 1622
f 1224 1622 561
f 250 882 1623
f 250 1623 1247
f 122 131 1624
f 122 1624 2011
f 31 859 1625
f 31 1625 739
f 902 3 1626
f 902 1626 2027
f 498 1874 1627
f 498 1627 1174
f 619 455 1628
f 619 1628 1902
f 1323 509 1629
f 1323 1629 1253
f 946 1074 1630
f 946 1630 831
f 1242 40 1631
f 1242 1631 63
f 1352 652 1632
f 1352 1632 761
f 688 168 1633
f 688 1633 1972
f 1193 262 1634
f 1193 1634 920
f 230 804 1635
f 230 1635 1966
f 1179 885 1636
f 1179 1636 359
f 1116 80 1637
f 1116 1637 1888
f 214 875 1638
f 214 1638 1454
f 768 128 1639
f 768 1639 1079
f 585 841 1640
f 585 1640 1380
f 420 924 1641
f 420 1854 772
f 1511 872 1642
f 1511 1642 322
f 856 1426 1643
f 856 1643 347
f 74 745 1644
f 74 1644 1411
f 579 1198 1645
f 1815 1645 1464
f 1072 516 1646
f 1072 1646 2029
f 711 1011 1647
f 711 1647 1075
f 2 862 1648
f 2 1648 1207
f 1416 598 1649
f 1416 1649 1069
f 771 1390 1650
f 771 1650 274
f 1371 186 1651
f 1371 1651 1019
f 412 1963 1652
f 412 1652 1283
f 278 2003 1653
f 278 1653 1841
f 276 1261 1654
f 276 2062 603
f 330 1189 1655
f 330 1655 1035
f 650 595 1656
f 650 1656 1413
f 94 32 1657
f 94 1657 692
f 400 812 1658
f 400 1658 1229
f 174 171 2103
f 174 2103 16
f 428 410 1660
f 428 1660 1251
f 674 1325 1661
f 674 1661 773
f 1500 105 1662
f 1500 1662 1921
f 930 1191 1663
f 930 1663 1850
f 406 487 1664
f 406 1664 1937
f 1407 363 1665
f 1407 1949 378
f 202 1001 1666
f 202 1666 191
f 949 1095 1667
f 949 1667 1169
f 956 394 1668
f 956 1668 2120
f 425 1067 1669
f 425 1669 416
f 396 862 1670
f 396 1670 2066
f 762 101 1671
f 762 1671 1074
f 1434 1868 1672
f 1434 1672 754
f 568 873 1673
f 568 1673 800
f 300 1831 1674
f 300 1674 305
f 1052 134 1675
f 1052 1675 792
f 307 1450 1676
f 307 1676 1385
f 26 1521 1677
f 26 1677 961
f 1440 849 1678
f 1440 1678 1057
f 69 632 1679
f 69 1679 20
f 372 850 1680
f 372 1680 801
f 148 1472 1681
f 148 1681 153
f 1158 657 1682
f 1158 1682 922
f 401 1196 1683
f 401 1879 852
f 492 1368 1684
f 492 1684 502
f 689 99 1685
f 689 1685 91
f 769 319 1686
f 769 1686 36
f 1233 1936 1687
f 1233 1687 782
f 642 1436 1688
f 642 1688 1384
f 659 868 1689
f 659 1689 3
f 1290 1094 1690
f 1290 1690 843
f 331 91 1691
f 331 1691 435
f 997 890 1692
f 997 1692 268
f 1070 234 1693
f 1070 1693 229
f 830 872 1694
f 830 1694 13
f 869 2101 1695
f 869 1695 209
f 1065 1910 1696
f 1065 1696 2044
f 1105 1866 1697
f 1105 1697 468
f 995 791 1698
f 995 1698 901
f 824 1271 1699
f 824 1699 30
f 1255 205 1700
f 1255 1700 1909
f 1861 450 1701
f 260 1701 1259
f 606 494 1702
f 606 1702 730
f 125 2071 1703
f 125 1703 2016
f 609 459 1704
f 609 1704 1212
f 978 310 1705
f 978 1705 1982
f 878 1958 1706
f 878 1706 86
f 1182 1912 1707
f 1182 1707 1951
f 1047 1447 1708
f 1047 1708 432
f 1439 205 1709
f 1439 1709 1010
f 1114 1983 1710
f 1114 1710 210
f 1313 1345 1711
f 1313 1711 974
f 797 309 1712
f 797 1712 614
f 188 1104 1713
f 188 1713 1836
f 383 1261 1714
f 383 1714 384
f 165 172 1715
f 165 1715 1873
f 1064 1943 1716
f 1064 1716 1213
f 871 2009 1717
f 871 1717 1280
f 1284 1112 1718
f 1284 1718 1490
f 821 1299 1719
f 821 1719 1055
f 272 1851 1720
f 272 1720 1009
f 577 508 1721
f 577 1721 1188
f 1044 442 1722
f 1044 1722 898
f 110 2075 1723
f 110 1723 719
f 96 877 1724
f 96 1724 503
f 90 68 1725
f 90 1725 682
f 1068 1250 1726
f 1068 1726 136
f 570 2048 1727
f 570 1727 1451
f 939 707 1728
f 939 1728 1252
f 124 2010 1729
f 124 1729 1277
f 1499 2121 1730
f 1499 1730 621
f 1395 128 1731
f 1395 1731 584
f 905 1974 1732
f 905 1732 517
f 1419 1999 1733
f 1419 1733 1185
f 1494 1117 1734
f 1494 1734 107
f 138 1969 1735
f 138 1735 108
f 1262 61 1736
f 2015 1736 77
f 1990 1088 1737
f 594 1737 176
f 285 876 1738
f 285 1738 972
f 379 2004 1739
f 379 1739 292
f 893 473 1740
f 893 1740 2028
f 622 1085 1741
f 622 1741 2012
f 1109 1992 1742
f 1109 1742 926
f 15 733 1743
f 15 1743 584
f 14 1976 1744
f 14 1744 945
f 1420 605 1745
f 1420 1745 777
f 1457 1177 1746
f 1457 1746 171
f 482 1063 1747
f 482 1747 2115
f 835 371 1748
f 835 1748 399
f 969 62 1749
f 969 1749 767
f 940 137 1750
f 940 1750 1476
f 140 123 1751
f 140 1751 146
f 102 1381 1752
f 1968 1752 1017
f 38 823 1753
f 38 1753 81
f 89 440 1754
f 89 1754 1281
f 627 1428 1755
f 627 1755 1531
f 1022 464 1756
f 1022 1756 1517
f 970 1512 1757
f 2053 1757 147
f 135 765 1758
f 135 1758 1252
f 837 161 1759
f 837 1759 1333
f 917 2065 1760
f 917 1760 92
f 197 607 1761
f 197 1761 184
f 49 50 1762
f 49 1762 707
f 100 933 1763
f 100 1763 13
f 1275 822 1764
f 1275 1764 162
f 1513 892 1765
f 1513 1765 2108
f 198 1294 1766
f 198 1766 8
f 685 485 1767
f 685 1767 1029
f 132 1277 1768
f 132 2056 624
f 417 2014 1769
f 417 1769 1502
f 64 1100 1770
f 64 1770 1296
f 1238 628 1771
f 1238 1771 314
f 735 292 1772
f 735 1772 683
f 934 1271 1773
f 934 1773 714
f 634 208 1774
f 634 1774 1539
f 1120 559 1775
f 1120 1775 2087
f 462 884 1776
f 462 1776 466
f 813 947 1777
f 813 1777 1303
f 1483 468 1778
f 1483 1778 1933
f 950 1263 1779
f 950 1779 2116
f 351 974 1780
f 351 1780 2112
f 369 971 1781
f 369 1781 373
f 864 507 1782
f 864 1782 1202
f 163 1274 1783
f 163 1783 644
f 2090 54 1784
f 53 1784 39
f 1525 2122 1785
f 1525 1785 1087
f 1205 1941 1786
f 1205 1786 143
f 717 1236 1787
f 717 1787 92
f 2060 248 1788
f 251 1788 1527
f 1514 623 1789
f 1514 1789 350
f 298 973 1790
f 2113 1790 916
f 365 608 1791
f 365 1791 547
f 1537 55 1792
f 1537 1792 1090
f 22 1171 1793
f 22 1793 2023
f 196 1128 1794
f 196 1794 1349
f 344 779 1795
f 344 1795 1365
f 1246 423 1796
f 1246 1796 2124
f 42 1528 1797
f 42 1797 1292
f 984 1531 1798
f 984 1798 778
f 353 958 1799
f 353 1799 360
f 1315 582 1800
f 1315 1800 1543
f 44 247 1801
f 44 1801 1458
f 1305 256 1802
f 2127 1802 964
f 1215 470 1803
f 1215 1803 2104
f 166 2118 1804
f 166 1804 1873
f 277 631 1805
f 277 1805 840
f 718 1318 1806
f 718 1806 1089
f 839 1130 1807
f 839 1807 257
f 59 999 1808
f 59 1808 2114
f 1119 57 1809
f 1119 1809 1530
f 241 2106 1810
f 241 1810 1287
f 346 973 1811
f 346 1811 1538
f 540 541 1812
f 540 1812 1322
f 1595 170 1813
f 1595 1813 430
f 390 1004 1814
f 390 1814 574
f 579 354 1815
f 579 1815 1645
f 1631 63 1816
f 1631 1816 1362
f 3 764 1817
f 3 1817 1026
f 982 728 1818
f 982 1818 541
f 1134 1586 1819
f 1134 1819 1336
f 141 1360 1820
f 141 1820 1005
f 478 1063 1821
f 478 1821 793
f 1498 1767 1822
f 1498 1822 488
f 537 1162 1823
f 537 1823 832
f 1555 640 1824
f 1555 1824 1322
f 576 1569 1825
f 576 1825 1260
f 1546 551 1826
f 1546 1826 845
f 987 640 1827
f 987 1827 1790
f 139 646 1828
f 139 1828 106
f 1693 1409 1829
f 1693 1829 1463
f 372 850 1830
f 372 1830 801
f 757 291 1831
f 757 1831 312
f 375 1707 1832
f 375 1832 867
f 661 1743 1833
f 661 1833 1576
f 279 753 1834
f 279 1834 1346
f 55 1792 1835
f 55 1835 601
f 41 600 1836
f 41 1836 1300
f 855 1 1837
f 855 1837 1329
f 339 1351 1838
f 339 1838 1031
f 476 1223 1839
f 476 1839 887
f 1341 226 1840
f 1341 1840 989
f 794 1568 1841
f 794 1841 278
f 308 311 1842
f 308 1842 1160
f 985 1566 1843
f 985 1843 1385
f 342 116 1844
f 342 1844 1598
f 1393 1077 1845
f 1393 1845 455
f 98 1191 1846
f 98 1846 86
f 415 1590 1847
f 415 1847 489
f 71 857 1848
f 71 1848 1373
f 355 91 1849
f 355 1849 795
f 263 1418 1850
f 263 1850 1389
f 1175 113 1851
f 1175 1851 81
f 1180 1037 1852
f 1180 1852 773
f 587 1803 1853
f 587 1853 777
f 1641 490 1854
f 1641 1854 420
f 333 1005 1855
f 333 1855 1558
f 408 1076 1856
f 408 1856 686
f 237 280 1857
f 237 1857 749
f 1339 258 1858
f 1339 1858 1220
f 499 752 1859
f 499 1859 1146
f 890 1692 1860
f 890 1860 1410
f 260 1701 1861
f 260 1861 977
f 1049 1615 1862
f 1049 1862 662
f 1354 1118 1863
f 1354 1863 206
f 736 1382 1864
f 736 1864 842
f 179 755 1865
f 179 1865 1349
f 1486 81 1866
f 1486 1866 454
f 197 233 1867
f 197 1867 1540
f 158 1091 1868
f 158 1868 357
f 870 414 1869
f 870 1869 66
f 1660 332 1870
f 1660 1870 410
f 281 1289 1871
f 281 1871 1050
f 888 1017 1872
f 888 1872 46
f 1465 166 1873
f 1465 1873 165
f 496 422 1874
f 496 1874 1437
f 439 421 1875
f 439 1875 283
f 882 1623 1876
f 882 1876 1350
f 343 1122 1877
f 343 1877 1249
f 286 300 1878
f 286 1878 1608
f 1683 1456 1879
f 1683 1879 401
f 200 844 1880
f 200 1880 79
f 154 1024 1881
f 154 1881 593
f 1197 445 1882
f 1197 1882 763
f 994 1352 1883
f 994 1883 495
f 1084 617 1884
f 1084 1884 1222
f 509 1629 1885
f 509 1885 518
f 1165 531 1886
f 1165 1886 1086
f 1601 1200 1887
f 1601 1887 799
f 304 1116 1888
f 304 1888 1513
f 5 702 1889
f 5 1889 505
f 658 808 1890
f 658 1890 291
f 1376 1228 1891
f 1376 1891 611
f 1139 1360 1892
f 1139 1892 310
f 323 1648 1893
f 323 1893 1334
f 790 680 1894
f 790 1894 1154
f 83 1587 1895
f 83 1895 523
f 452 220 1896
f 452 1896 1611
f 1406 772 1897
f 1406 1897 602
f 761 1340 1898
f 761 1898 1432
f 1781 971 1899
f 1781 1899 373
f 441 1551 1900
f 441 1900 402
f 157 1207 1901
f 157 1901 1561
f 1237 976 1902
f 1237 1902 283
f 109 1136 1903
f 109 1903 688
f 1078 1396 1904
f 1078 1904 115
f 1583 1 1905
f 1583 1905 340
f 1092 850 1906
f 1092 1906 48
f 885 795 1907
f 885 1907 374
f 952 552 1908
f 952 1908 1759
f 1032 803 1909
f 1032 1909 194
f 719 110 1910
f 719 1910 1065
f 1021 495 1911
f 1021 1911 1327
f 1364 382 1912
f 1364 1912 88
f 381 841 1913
f 381 1913 1418
f 653 883 1914
f 653 1914 1620
f 561 1572 1915
f 561 1915 1622
f 10 1656 1916
f 10 1916 1140
f 1034 1401 1917
f 1034 1917 1338
f 563 24 1918
f 563 1918 819
f 1185 846 1919
f 1185 1919 1733
f 1451 360 1920
f 1451 1920 1727
f 119 1500 1921
f 119 1921 813
f 169 877 1922
f 169 1922 1453
f 677 1040 1923
f 677 1923 368
f 511 1516 1924
f 511 1924 1522
f 737 1008 1925
f 737 1925 1037
f 1288 87 1926
f 1288 1926 112
f 915 312 1927
f 915 1927 1053
f 1159 566 1928
f 1159 1928 861
f 1443 1617 1929
f 1443 1929 327
f 920 1385 1930
f 920 1930 713
f 295 305 1931
f 295 1931 1452
f 227 44 1932
f 227 1932 597
f 1279 347 1933
f 1279 1933 1483
f 1454 1593 1934
f 1454 1934 213
f 1469 1103 1935
f 1469 1935 807
f 185 1687 1936
f 185 1936 1678
f 629 406 1937
f 629 1937 371
f 47 914 1938
f 47 1938 450
f 149 1301 1939
f 149 1939 630
f 695 242 1940
f 695 1940 195
f 625 151 1941
f 625 1941 31
f 17 699 1942
f 17 1942 1529
f 937 1396 1943
f 937 1943 826
f 1357 867 1944
f 1357 1944 431
f 729 957 1945
f 729 1945 397
f 318 329 1946
f 318 1946 432
f 239 271 1947
f 239 1947 945
f 549 866 1948
f 549 1948 554
f 1665 438 1949
f 1665 1949 1407
f 268 1112 1950
f 268 1950 997
f 578 1140 1951
f 578 1951 1182
f 27 79 1952
f 27 1952 873
f 1681 181 1953
f 1681 1953 1472
f 231 1463 1954
f 231 1954 1095
f 918 177 1955
f 918 1955 52
f 760 471 1956
f 760 1956 1059
f 1298 1408 1957
f 1298 1957 784
f 1067 1460 1958
f 1067 1958 429
f 328 1221 1959
f 328 1959 609
f 543 1003 1960
f 543 1960 866
f 501 791 1961
f 501 1961 1206
f 725 1144 1962
f 725 1962 356
f 1450 307 1963
f 1450 1963 421
f 1426 37 1964
f 1426 1964 856
f 692 50 1965
f 692 1965 1657
f 303 230 1966
f 303 1966 911
f 1244 373 1967
f 1244 1967 75
f 102 104 1968
f 102 1968 1752
f 1487 1222 1969
f 1487 1969 236
f 1467 1272 1970
f 1467 1970 1074
f 309 797 1971
f 309 1971 1386
f 935 1485 1972
f 935 1972 1656
f 1798 750 1973
f 1798 1973 778
f 516 1646 1974
f 516 1974 513
f 955 384 1975
f 955 1975 317
f 1104 1496 1976
f 1104 1976 666
f 208 634 1977
f 208 1977 1499
f 721 1444 1978
f 721 1978 1169
f 1355 7 1979
f 1355 1979 584
f 1470 775 1980
f 1470 1980 1242
f 1211 791 1981
f 1211 1981 483
f 103 588 1982
f 103 1982 978
f 216 1114 1983
f 216 1983 827
f 690 30 1984
f 690 1984 944
f 703 1507 1985
f 703 1985 802
f 1446 428 1986
f 1446 1986 626
f 249 248 1987
f 249 1987 1217
f 1145 1573 1988
f 1145 1988 567
f 1011 430 1989
f 1011 1989 1647
f 594 1737 1990
f 594 1990 919
f 492 1368 1991
f 492 1991 502
f 274 1650 1992
f 274 1992 1109
f 269 1754 1993
f 269 1993 930
f 654 403 1994
f 654 1994 986
f 314 925 1995
f 314 1995 804
f 769 113 1996
f 769 1996 280
f 245 946 1997
f 245 1997 1296
f 218 215 1998
f 218 1998 229
f 738 519 1999
f 738 1999 526
f 435 1691 2000
f 435 2000 434
f 1022 464 2001
f 1022 2001 1517
f 395 1345 2002
f 395 2002 399
f 1449 1012 2003
f 1449 2003 1666
f 388 1503 2004
f 388 2004 379
f 683 951 2005
f 683 2005 1772
f 1420 481 2006
f 1420 2006 605
f 643 558 2007
f 643 2007 913
f 1762 1176 2008
f 1762 2008 1412
f 404 871 2009
f 404 2009 1229
f 722 1358 2010
f 722 2010 124
f 907 127 2011
f 907 2011 122
f 1468 1741 2012
f 1468 2012 898
f 891 1492 2013
f 891 2013 733
f 1106 626 2014
f 1106 2014 417
f 1262 1736 2015
f 1262 2015 775
f 1097 1413 2016
f 1097 2016 1703
f 1753 1462 2017
f 1753 2017 449
f 868 150 2018
f 868 2018 659
f 767 1415 2019
f 767 2019 1749
f 610 904 2020
f 610 2020 108
f 901 491 2021
f 901 2021 1163
f 1702 494 2022
f 1702 2022 1002
f 1536 22 2023
f 1536 2023 748
f 463 466 2024
f 463 2024 641
f 953 1494 2025
f 953 2025 82
f 1253 1629 2026
f 1253 2026 1782
f 301 1212 2027
f 301 2027 1474
f 776 893 2028
f 776 2028 1027
f 910 1646 2029
f 910 2029 1428
f 682 1725 2030
f 682 2030 1508
f 1596 88 2031
f 1596 2031 655
f 1266 1520 2032
f 1266 2032 1129
f 598 1216 2033
f 598 2033 707
f 754 123 2034
f 754 2034 1301
f 1276 655 2035
f 1276 2035 1429
f 674 1325 2036
f 674 2036 1423
f 1030 1390 2037
f 1030 2037 705
f 1532 387 2038
f 1532 2038 352
f 756 1567 2039
f 756 2039 1256
f 480 589 2040
f 480 2040 475
f 928 820 2041
f 928 2041 1709
f 933 244 2042
f 933 2042 326
f 453 1502 2043
f 453 2043 1754
f 133 1282 2044
f 133 2044 1476
f 175 183 2045
f 175 2045 171
f 64 831 2046
f 64 2046 1100
f 1283 1502 2047
f 1283 2047 1388
f 714 1126 2048
f 714 2048 1773
f 6 1425 2049
f 6 2049 1401
f 936 1118 2050
f 936 2050 1526
f 1436 642 2051
f 1436 2051 426
f 1295 616 2052
f 1295 2052 442
f 970 715 2053
f 970 2053 1757
f 581 1280 2054
f 581 2054 1368
f 1045 1380 2055
f 1045 2055 1422
f 1768 569 2056
f 1768 2056 132
f 32 886 2057
f 32 2057 94
f 12 36 2058
f 12 2058 823
f 93 945 2059
f 93 2059 1300
f 251 1788 2060
f 251 2060 1059
f 389 1131 2061
f 389 2061 573
f 1654 276 2062
f 1654 2062 1517
f 118 1381 2063
f 118 2063 624
f 583 1311 2064
f 583 2064 163
f 293 1085 2065
f 293 2065 917
f 628 396 2066
f 628 2066 424
f 1248 182 2067
f 1248 2067 134
f 508 1721 2068
f 508 2068 1083
f 1400 134 2069
f 1400 2069 204
f 879 1729 2070
f 879 2070 569
f 99 125 2071
f 99 2071 1015
f 468 1778 2072
f 468 2072 1697
f 211 1236 2073
f 211 2073 1495
f 1306 97 2074
f 1306 2074 1761
f 1046 110 2075
f 1046 2075 637
f 192 1153 2076
f 192 2076 1308
f 550 1565 2077
f 550 2077 16
f 1252 1728 2078
f 1252 2078 1758
f 1303 1777 2079
f 1303 2079 131
f 1302 369 2080
f 1302 2080 835
f 623 18 2081
f 623 2081 1125
f 178 748 2082
f 178 2082 1073
f 1776 1461 2083
f 1776 2083 1524
f 1795 1473 2084
f 1795 2084 352
f 1048 908 2085
f 1048 2085 335
f 1087 145 2086
f 1087 2086 1785
f 582 1503 2087
f 582 2087 1315
f 292 735 2088
f 292 2088 1739
f 485 1042 2089
f 485 2089 1767
f 53 68 2090
f 53 2090 1784
f 290 322 2091
f 290 2091 829
f 1791 608 2092
f 1791 2092 271
f 1113 1677 2093
f 1113 2093 337
f 1090 1792 2094
f 1090 2094 1271
f 1055 1464 2095
f 1055 2095 699
f 20 198 2096
f 20 2096 1438
f 798 517 2097
f 798 2097 842
f 1585 97 2098
f 1585 2098 853
f 943 167 2099
f 943 2099 665
f 1541 383 2100
f 1541 2100 520
f 604 1016 2101
f 604 2101 869
f 1171 1793 2102
f 1171 2102 555
f 1659 171 2103
f 1659 2103 1132
f 1484 1027 2104
f 1484 2104 843
f 618 1548 2105
f 618 2105 717
f 1543 966 2106
f 1543 2106 749
f 1079 644 2107
f 1079 2107 1213
f 1023 810 2108
f 1023 2108 1801
f 1797 1292 2109
f 1797 2109 62
f 1130 145 2110
f 1130 2110 839
f 667 984 2111
f 667 2111 1014
f 348 779 2112
f 348 2112 351
f 298 1125 2113
f 298 2113 1790
f 1344 59 2114
f 1344 2114 80
f 1506 1280 2115
f 1506 2115 812
f 25 950 2116
f 25 2116 350
f 1089 1520 2117
f 1089 2117 1806
f 1230 166 2118
f 1230 2118 837
f 631 1313 2119
f 631 2119 1535
f 405 369 2120
f 405 2120 1121
f 324 1108 2121
f 324 2121 446
f 8 198 2122
f 8 2122 1525
f 931 69 2123
f 931 2123 815
f 999 386 2124
f 999 2124 1808
f 28 235 2125
f 28 2125 634
f 346 349 2126
f 346 2126 770
f 1305 829 2127
f 1305 2127 1802
f 648 1124 2128
f 648 2128 966
