v -0.00341018 0.13031957 0.02175437
v -0.08171916 0.15250145 0.02965609
v -0.03054348 0.12477885 0.00109834
v -0.02490159 0.11211138 0.03756024
v -0.01840568 0.17843055 -0.02421958
v 0.01906794 0.12144925 0.03196844
v -0.03439324 0.17236688 -0.00098213
v -0.08431416 0.10957263 0.00370973
v -0.06330839 0.15660615 -0.01383879
v -0.07690395 0.16708033 -0.02693136
v -0.07225392 0.1153955 0.0516703
v 0.00486894 0.03796237 0.04586763
v -0.05718055 0.04091883 0.04630134
v -0.05024227 0.15773747 0.00939445
v -0.02974875 0.03653986 0.05249331
v -0.03908818 0.1687202 -0.01192468
v 0.04976006 0.07023522 0.02373202
v 0.03402392 0.11353879 0.02459528
v -0.01753347 0.04796425 0.04882963
v -0.0759832 0.138208 0.04921658
v 0.03483844 0.04315341 0.02895431
v -0.08806457 0.12496764 0.00057412
v -0.06445701 0.15342891 -0.00511804
v -0.03430319 0.05052015 0.03828602
v -0.07648133 0.14827412 -0.00893762
v -0.0406522 0.12266506 0.0262903
v 0.03795509 0.1048871 -0.00320318
v -0.0591297 0.15039712 0.03448954
v -0.07908773 0.17044488 -0.04137317
v -0.09107873 0.11506037 0.04014181
v -0.0141697 0.12767892 0.00130805
v -0.01474603 0.06558391 0.05373086
v -0.00215139 0.09943738 0.04984975
v -0.05600139 0.06183067 0.02793115
v -0.0703258 0.06336777 0.01980918
v 0.04283111 0.08555604 0.02787376
v -0.04212149 0.12825104 0.00107515
v -0.03225787 0.0881926 -0.02513096
v -0.06189763 0.12297065 -0.00877255
v -0.00639347 0.10524472 -0.0228419
v -0.0893851 0.09902404 0.01752183
v -0.02925558 0.07516921 0.04118643
v -0.09429715 0.12617744 0.01922465
v -0.04949594 0.07343634 0.04167357
v 0.04107326 0.08872432 -0.00978794
v 0.01341438 0.09307374 0.05146775
v -0.07350444 0.09388334 -0.01475172
v -0.06243324 0.08403527 0.04420312
v -0.06846643 0.13498146 -0.00833598
v -0.07468381 0.107861 -0.00904771
v -0.07214195 0.10536685 0.03752321
v 0.01668846 0.0369766 0.0430006
v -0.03135813 0.15362199 -0.00467389
v -0.05733534 0.12340101 0.04023147
v -0.04276416 0.15727487 0.00520162
v -0.0821915 0.0756102 0.01654262
v 0.05266309 0.04767362 0.02120127
v 0.02882705 0.09213337 0.04392009
v 0.02012695 0.06385133 0.04791966
v -0.06375713 0.15912175 -0.05015573
v 0.01859657 0.03529394 -0.00867822
v 0.03833591 0.03883083 0.00309381
v -0.06237257 0.15313041 -0.02899712
v 0.05298796 0.04774769 0.005042
v -0.02188242 0.11087418 -0.01969532
v -0.03892114 0.03376739 -0.02904256
v -0.06879619 0.03511772 -0.00520674
v 0.02499074 0.06589732 -0.02356827
v 0.01309699 0.09112648 -0.02926977
v 0.04562 0.07468443 0.00260739
v 0.02572594 0.12122705 -3.615e-05
v -0.06481132 0.03453064 0.01550844
v -0.08037933 0.09780066 0.03364575
v -0.05785299 0.0464445 0.01106261
v -0.04612416 0.10506369 -0.02045758
v -0.04553288 0.03473648 -0.0213632
v -0.0628326 0.04518275 0.03462289
v -0.02754591 0.05402157 -0.02514739
v -0.05406648 0.05995935 -0.00759922
v -0.0720285 0.06704661 -0.00072256
v -0.02908746 0.07292463 -0.03335447
v 0.01673262 0.1099123 -0.01702004
v -0.05621514 0.14139213 -0.00280273
v -0.00935695 0.08542373 -0.03811254
v 0.00140857 0.03478199 -0.0232652
v -0.0148462 0.03507093 -0.0260719
v -0.01375377 0.05186506 -0.03224348
v 0.0087503 0.07430156 -0.03339821
v 0.02132474 0.03462404 0.0056444
v 0.0140143 0.0357038 0.00388789
v 0.00314923 0.03412531 0.01176222
v -0.0331634 0.0381954 -0.0005252
v -0.0320742 0.0383234 -0.00042109
v -0.02169269 0.03826601 0.00451008
v -0.0373144 0.033633 0.00457247
v 0.00810435 0.0348429 0.0181346
v -0.05135087 0.0336457 0.00803294
v 0.0132792 0.0343795 0.0214237
v -0.0303071 0.0339954 0.0147064
v -0.0298032 0.034287 0.0163531
v -0.0288615 0.0353967 0.01735
v -0.0382796 0.035429 0.0243806
v -0.0181599 0.0393223 0.0394029
v 0.0032514499999999995 0.05982864 0.0554643
v -0.01346903 0.16299355 -0.01200002
v -0.06254169 0.17679461 -0.05782182
v -0.06672702 0.03589577 0.03384943
v -0.07369669 0.15613015 0.01435979
v 0.04563688 0.05740262 0.03199222
v -0.04322683 0.04626357 -0.01177173
v 0.006041199999999998 0.12494359 0.03265289
v 0.01063766 0.04416156 -0.02492617
v -0.04507884 0.08726113 -0.02186552
v -0.04668618 0.05457072 0.03758737
v -0.08412341 0.1083205 0.02473098
v -0.04866364 0.13638523 0.00680639
v -0.05293564 0.09091352 0.04456887
v 0.01407427 0.07665172 0.05422135
v 0.05979814 0.05684018 0.01334273
v -0.05098041 0.13486613 0.027585
v -0.00668781 0.11747209 -0.01535928
v 0.02920777 0.04745025 -0.00850818
v -0.07737826 0.15764266 -0.01413365
v -0.08948084 0.13839976 0.02506145
v 0.02358946 0.0358906 0.02533769
v 0.0319129 0.09987006 -0.01462098
v -0.0264679 0.1810425 -0.00808117
v -0.05574063 0.03412805 0.02667436
v -0.03742022 0.0454285 -0.02422679
v -0.05283173 0.07029892 -0.01486496
v -0.01779548 0.07748619 0.05608724
v -0.01446691 0.06313602 -0.03686587
v -0.03918559 0.06307453 0.04138289
v -0.07703956 0.07196702 0.02640507
v -0.0480697 0.12493027 -0.00840764
v -0.0354537 0.11244769 0.03505541
v -0.0639263 0.16792441 -0.04073042
v -0.08315935 0.14674277 0.00307579
v 0.03597176 0.06666961 0.0377814
v -0.00898303 0.16926449 -0.02268348
v -0.06025526 0.04474962 -0.00413162
v -0.0866051 0.13226807 0.04678302
v -0.04520907 0.0388391 0.04450377
v 0.02028447 0.05134919 -0.02489538
v -0.03106692 0.06505886 -0.02275108
v 0.02150351 0.12563988 0.02125262
v 0.01674344 0.048439 0.04367863
v 0.04594182 0.04813882 -0.00387157
v -0.05405689 0.15671602 -0.00248659
v -0.03612504 0.12286688 -0.00829279
v -0.07116895 0.14740156 -0.02759094
v -0.02998201 0.0854023 0.04374508
v -0.0157822 0.10072957 -0.02372413
v -0.08672301 0.09991725 0.00355371
v -0.0637824 0.1103727 0.03757979
v -0.06854352 0.06109048 0.01055776
v -0.05236903 0.14682913 0.01893465
v -0.05273006 0.0334979 -0.00181175
v -0.07230302 0.15186699 -0.04154431
v -0.02776207 0.12068537 -0.00901529
v -0.09130982 0.14848588 0.01627007
v 0.03570669 0.05608304 -0.00899933
v -0.06629942 0.12337119 0.05061592
v 0.0258218 0.04632661 0.03827723
v -0.0265689 0.03469583 -0.02911375
v 0.0253435 0.1237475 0.00998188
v -0.02121695 0.15887938 -0.00469237
v 0.00958873 0.03420722 -0.01542405
v 0.05983724 0.06642318 0.00851394
v 0.0151103 0.05981984 -0.02864575
v 0.02391124 0.09802167 -0.02080729
v -0.07222332 0.15896734 -0.00542423
v -0.07144833 0.18105301 -0.05547855
v -0.00011289000000000004 0.0692882 0.05657979
v -0.09059387 0.11373094 0.01027677
v -0.01170342 0.09735572 0.05159208
v -0.08125743 0.0730252 0.00710204
v -0.0263231 0.034658 0.0434735
v -0.03721825 0.11594244 -0.01517305
v 0.03412644 0.09705398 0.03759039
v -0.01473156 0.07764075 -0.03849067
v -0.04451455 0.09486042 0.04297249
v -0.05535277 0.04293621 0.01913549
v -0.09290734 0.12307021 0.03652323
v -0.03526304 0.07106765 -0.01801186
v -0.05181526 0.16392582 0.00174888
v -0.00124391 0.0890932 0.05655212
v 0.0373786 0.07309341 -0.01263537
v 0.04131877 0.09949674 0.02427575
v -0.06999732 0.04207308 0.00668978
v -0.07143369 0.07757352 0.03806076
v 0.01298133 0.11366375 0.03830295
v -0.01042399 0.03848857 0.006229270000000002
v -0.03195166 0.12518394 0.01940058
v -0.06406724 0.09017219 -0.01885552
v 0.04126135 0.04058507 0.02075193
v 0.05454987 0.05604463 -0.0006615800000000002
v -0.0247876 0.05260622 0.04083976
v -0.07689009 0.13041906 -0.00695701
v 0.0025821999999999998 0.10747582 -0.02060603
v -0.08389074 0.08078953 0.00229514
v -0.07091976 0.17136688 -0.03276375
v 0.00598623 0.04668914 0.04907362
v -0.05499689 0.10774199 0.03942459
v -0.03519913 0.03383521 -0.02050829
v -0.03564224 0.09261741 0.04423849
v -0.02578106 0.09377818 -0.02838822
v -0.07266589 0.13005582 0.0516682
v -0.06212611 0.06284536 -0.00452026
v -0.03407043 0.16148975 -0.01378696
v -0.05290982 0.05704307 0.02098841
v -0.00022827999999999998 0.04339494 -0.02512442
v -0.06194593 0.16479234 -0.05664767
v -0.02544562 0.06020855 -0.0308647
v -0.05768453 0.15561695 0.01298311
v -0.09364421 0.11789378 0.01866208
v 0.02663726 0.0476071 -0.01642774
v 0.02610866 0.06800764 0.04390269
v -0.02437993 0.09586645 0.04443453
v -0.00086614 0.06455963 -0.03449093
v -0.00430909 0.0544675 0.05390825
v -0.0108726 0.08882677 0.05666549
v 0.05153713 0.07349669 0.0126987
v 0.002392969999999999 0.13162713 0.0119551
v -0.06278668 0.1127419 -0.01360544
v -0.03788539 0.16199719 0.00024686
v -0.07012167 0.16882633 -0.05117365
v -0.01940887 0.17041104 -0.02099483
v -0.06781859 0.15454353 0.03023372
v 0.02895261 0.05612525 0.04038897
v -0.07761883 0.07399913 -0.00532635
v -0.0452255 0.12935459 0.02037752
v 0.04301509 0.09769096 0.00102583
v 0.0071936 0.09885947 0.04841951
v -0.01722441 0.09521409 -0.0320853
v -0.08882645 0.09048332 0.0212047
v -0.02647198 0.04503453 0.05121946
v -0.05822597 0.06660731 0.03505028
v 0.02585506 0.08961066 -0.02270184
v -0.06430026 0.03508645 0.02427205
v -0.02418758 0.07226915 0.04768109
v -0.04699058 0.03889238 -0.01401692
v -0.06011714 0.09555291 0.04418382
v -0.0633133 0.16503258 -0.03289512
v -0.03260575 0.0612646 -0.01545301
v 0.04957568 0.0438159 0.01458296
v -0.00684782 0.03644454 -0.02517712
v -0.08876373 0.11944938 0.04656009
v -0.07591778 0.1499769 -0.01684205
v -0.05007672 0.14997652 -0.00364197
v -0.09094969 0.13895375 0.01737113
v 0.01318912 0.08421118 0.05306583
v 0.02219292 0.03677532 -0.00209193
v 0.0226875 0.07514918 0.0493125
v -0.01239524 0.12264726 0.03358828
v 0.012319359999999998 0.12903768 0.0013336200000000002
v -0.04902007 0.11771293 0.03158143
v -0.0380666 0.0385186 -0.00730796
v -0.07764496 0.08221494 0.03579766
v -0.01736245 0.04323742 -0.02766519
v -0.0737904 0.12016662 -0.00788512
v -0.0316939 0.10261265 -0.02235231
v -0.04330976 0.05565684 -0.01140211
v -0.07423019 0.15652681 -0.02516709
v 0.04551119 0.08695305 0.00388655
v -0.01073649 0.12990285 0.01099379
v -0.06112104 0.1556966 0.02251705
v -0.05971053 0.03653578 -0.0094949
v -0.05829864 0.138855 0.03293746
v -0.06960559 0.15490763 -0.05018867
v -0.07394537 0.08437488 -0.01515449
v -0.0882842 0.08686911 0.00810292
v 0.05290641 0.06523045 -0.0005111199999999999
v -0.03445385 0.04456396 0.04542299
v 0.0059436 0.05097666 -0.02911936
v -0.05107908 0.09389281 -0.02176169
v -0.04223354 0.17211574 -0.00417998
v -0.06723198 0.09917395 0.04159388
v 0.00971632 0.10523506 0.04360383
v -0.04293064 0.12928436 0.00927007
v -0.08882776 0.11359169 0.02387364
v -0.01159972 0.10107813 0.04419166
v -0.05606751 0.05347063 0.007371819999999999
v 0.02210445 0.0726926 -0.02690014
v 0.00665096 0.0881445 -0.03294581
v 0.03799278 0.0497932 0.03190202
v 0.05232729 0.06432707 0.02828189
v -0.03395731 0.04102506 -0.02966025
v 0.03755296 0.10685291 0.02630347
v -0.04274023 0.07699534 0.04280408
v -0.02303599 0.07277846 -0.03807264
v -0.04488228 0.15052959 0.00764517
v -0.00324792 0.07571069 0.05871464
v -0.01435471 0.0544282 0.05071031
v -0.08356095 0.15255943 0.00768067
v -0.06773818 0.17728865 -0.05037596
v 0.006455250000000001 0.03816519 -0.01016486
v -0.01581544 0.17504938 -0.01865416
v -0.06200194 0.03643502 0.04391894
v 0.01405522 0.05252391 0.04859388
v -0.07772146 0.11355888 0.04815599
v -0.06721659 0.1617134 -0.01373371
v -0.00950641 0.03835264 0.01557066
v -0.0224137 0.08328352 0.0555907
v 0.0251308 0.03454691 0.01101258
v -0.08591877 0.14263412 0.03984981
v -0.07253973 0.03539927 0.00702988
v 0.009411569999999998 0.12350285 -0.0098291
v -0.06035541 0.07976661 -0.01937554
v -0.00354389 0.04265977 0.04754153
v -0.02585131 0.12182948 0.02607967
v -0.08585634 0.09702539 0.02741496
v -0.06048358 0.15567975 0.00433438
v -0.0824716 0.1162413 -0.00232363
v -0.0834485 0.13393299 -0.00168732
v -0.03973825 0.10215357 0.04057441
v -0.08577755 0.09170137 -4.697000000000002e-05
v -0.06850422 0.16732018 -0.02395957
v 0.04554199 0.08333838 0.01970085
v -0.06703297 0.06514596 0.02729286
v -0.03920697 0.08153638 -0.020571
v -0.06299059 0.11999459 0.04523553
v -0.01971175 0.16829145 -0.01302096
v 0.00762704 0.06209833 -0.03113584
v -0.03526256 0.0552849 -0.01054506
v -0.03321096 0.07687319 -0.02770838
v 0.03432588 0.11193312 -0.00224065
v -0.04109151 0.034006 -0.01199754
v 0.03155543 0.09248473 -0.01820428
v -0.05810518 0.06646595 -0.01004434
v -0.01109194 0.17992082 -0.02599643
v -0.06569179 0.14961818 0.03816098
v -0.05523834 0.08199945 0.04498477
v -0.05212427 0.12929832 -0.0041187
v 0.05767943 0.06139297 0.02420179
v -0.09223262 0.131954 0.01543065
v 0.04576943 0.0646288 -0.00121661
v 0.00273814 0.07910568 0.05671919
v -0.03450805 0.15447469 0.00165046
v -0.01041117 0.09459234 -0.03378485
v 0.0066532499999999994 0.11673563 0.03871634
v -0.02158886 0.05683692 0.04546704
v -0.00067307 0.10119875 -0.02285777
v -0.03007161 0.17258324 -0.00635977
v -0.06251417 0.17213119 -0.0527881
v -0.0254259 0.04142101 -0.02920483
v -0.07822523 0.14962481 -0.0025019399999999994
v 0.0386863 0.05645059 0.03118893
v -0.07900379 0.1285055 0.05314934
v -0.08276186 0.11162341 0.04422146
v -0.05251364 0.04757788 0.01485844
v -0.04996034 0.04310195 0.04446265
v -0.07408436 0.14987744 -0.03261005
v -0.06112567 0.03779005 0.0197109
v 0.0172098 0.0352594 -0.01468516
v 0.00695449 0.06470013 0.05559915
v -0.0336564 0.0343441 0.0369141
v -0.00082448 0.09516512 -0.03205632
v -0.04759043 0.1008118 0.04234915
v -0.06375729 0.10251144 -0.0174844
v -0.08940816 0.14352815 0.03092475
v 0.02181502 0.11770533 -0.0100153
v -0.02800136 0.06107542 0.03747121
v -0.002145200000000001 0.11143287 0.04243662
v -0.02385433 0.16164528 -0.01450419
v -0.08656194 0.14249188 0.00843268
v 0.03440461 0.08693285 0.04057427
v 0.0430231 0.06379581 0.02803921
v -0.0446974 0.11791537 -0.01472586
v 0.04669328 0.04246532 0.00656495
v -0.01832068 0.11968625 -0.01111066
v 0.0009683599999999986 0.13064303 0.00258659
v -0.07595081 0.06817061 0.01811797
v -0.04124488 0.04309889 0.04212956
v -0.08564473 0.11131719 0.03423478
v -0.07374808 0.15539253 0.00234917
v -0.08603451 0.08264572 0.01954268
v -0.07422655 0.16437012 -0.03824034
v -0.05900216 0.05923462 0.0026140799999999995
v 0.00741471 0.03465919 -0.00301168
v 0.05988667 0.06851305 0.01617161
v -0.05553045 0.14905531 -0.00196021
v -0.07403387 0.14406894 0.04499497
v 0.03044456 0.11886441 0.02082175
v -0.03741645 0.04768213 -0.01714728
v -0.08006981 0.09058613 0.03459307
v -0.03753854 0.12744127 0.01532087
v -0.00853083 0.06015942 0.05530895
v -0.02287024 0.10284737 0.04354475
v -0.06387565 0.16140094 -0.02006421
v -0.07979064 0.10351662 -0.0066275399999999995
v -0.01137866 0.07987715 0.05769888
v -0.036425 0.09363069 -0.02353463
v 0.02368212 0.03976254 0.03714876
v 0.04513381 0.09363069 0.00623368
v -0.05420137 0.1145173 0.03484399
v -0.0021999000000000003 0.11215881 -0.01965866
v 0.01697345 0.09710662 0.04744092
v 0.05595734 0.05314741 0.02319772
v -0.02367146 0.03363097 -0.02321776
v -0.07928595 0.08004883 -0.00701255
v -0.02204779 0.18348586 -0.01209499
v -0.04136235 0.06163733 -0.01281377
v -0.02357431 0.03703691 0.05414475
v -0.06515615 0.14034537 -0.00768486
v -0.06854389 0.17513008 -0.0571879
v -0.07172356 0.14617438 -0.02156782
v -0.05049265 0.14159899 0.01629174
v -0.0654728 0.04562757 0.00455754
v -0.06455872 0.0396399 0.03941153
v -0.06750436 0.11424088 0.04803605
v -0.05860408 0.03346223 -0.00021666999999999997
v 0.01069621 0.0798892 -0.03200958
v -0.00817975 0.0498458 -0.03107139
v -0.04537646 0.08238355 0.04328212
v -0.05130794 0.06052166 0.03143493
v 0.01663861 0.03819609 -0.01988493
v -0.09424355 0.12207432 0.02356847
v 0.01920463 0.05516651 0.04772215
v 0.03882938 0.05983983 -0.00642525
v -0.03675209 0.15802075 0.0041862
v -0.06306989 0.15897471 -0.04295185
v 0.03717654 0.11064404 0.01881133
v 0.02035681 0.0436624 -0.02045628
v -0.08682494 0.15280775 0.01552145
v -0.02285164 0.09063504 0.05228046
v -0.0789317 0.15093057 0.0351519
v -0.04934993 0.14913519 0.01127406
v -0.05064789 0.08230943 -0.02136589
v -0.06441576 0.04128384 0.02824348
v 0.02877934 0.08255325 0.04452735
v 0.01579974 0.12901416 0.01323687
v -0.03650546 0.08115226 0.04316232
v 0.03811107 0.06481181 -0.011142
v -0.06222569 0.0602652 0.02044929
v -0.02759704 0.16979824 -0.01817042
v -0.08004357 0.09208016 -0.00941982
v 0.03989968 0.07029482 0.03272002
v 0.04559818 0.08815172 0.01312407
v 0.03236918 0.03581601 0.00702463
v -0.006586460000000001 0.12641717 0.03022639
v 0.00994449 0.10919723 -0.01947281
v -0.07411355 0.09944252 0.03833771
v -0.04863998 0.16472475 -0.00505915
v 0.0023262300000000007 0.0353482 0.0023246
v -0.01009087 0.09822965 -0.02773136
v -0.08514891 0.1396552 0.00248085
v -0.005925049999999999 0.06951563 -0.03593348
v -0.0469888 0.12600802 0.0269855
v -0.0930398 0.12026416 0.01121682
v 0.02666617 0.11268609 -0.01050954
v -0.08173946 0.07686134 0.02331361
v -0.0290472 0.12556338 0.00776177
v 0.03702718 0.09394963 -0.01167404
v -0.04375572 0.14773408 -0.00214332
v 0.01965917 0.11236219 0.03754527
v -0.0735026 0.16871934 -0.0447918
v -0.06670071 0.15236775 -0.04526639
v -0.08250651 0.12765487 -0.00467964
v -0.04155818 0.06977401 -0.0167741
v -0.05016872 0.05346226 0.01625544
v -0.01761801 0.03891117 0.05240344
v -0.0720716 0.07153815 -0.00747144
v -0.03358207 0.10383908 0.04073799
v -0.06199624 0.14761484 -0.00432568
v -0.007076080000000001 0.12240119 -0.01136441
v 0.05182373 0.0532767 0.02792701
v 0.01474429 0.04271695 0.04451031
v -0.003898150000000001 0.10566175 0.04404719
v -0.03073405 0.08542756 -0.03050667
v -0.06129574 0.14519988 0.03713783
v -0.0332411 0.03357876 -0.02671945
v 0.00206568 0.05010468 0.05229022
v -0.03949475 0.03755157 0.0428709
v -0.07388009 0.12091638 0.0533958
v -0.02964712 0.05810426 -0.02131132
v -0.05231444 0.12159646 -0.01079806
v -0.07282322 0.14510601 -0.01565468
v 0.00818481 0.08075617 0.05537451
v -0.06819241 0.17439828 -0.04536587
v -0.01028289 0.06892636 0.05528961
v -0.05511138 0.07468784 0.04193974
v -0.08931316 0.13653006 0.03045875
v -0.06920905 0.03545481 0.01204214
v -0.0137085 0.1849115 -0.02554955
v -0.08825211 0.1269273 0.0461413
v 0.03357384 0.05851526 0.03831099
v -0.05851589 0.04773131 0.00021245999999999895
v -0.08126871 0.10879438 0.02944066
v -0.04187911 0.05616439 0.0397967
v 0.05000082 0.06161207 -0.0034649899999999994
v -0.00204064 0.03405394 -0.01933107
v -0.05036476 0.13715763 0.00195261
v 0.01952039 0.06206477 -0.02729247
v -0.02260159 0.16250449 -0.0060717
v -0.07864073 0.16387238 -0.02838779
v 0.0143227 0.0344255 0.0215932
v -0.08616148 0.10838594 0.01824492
v -0.06336658 0.13037076 0.04166994
v -0.041271 0.0338554 -0.0018800800000000001
v 0.04487254 0.07551671 0.02315525
v 0.03094044 0.06051808 -0.01813272
v -0.08620462 0.08093075 0.01053542
v -0.08240389 0.12186563 0.04936503
v -0.02753848 0.07996478 0.04769721
v 0.03386449 0.07865669 -0.01763249
v -0.00534334 0.07826458 -0.03747694
v 0.00448168 0.03711783 0.0247553
v 0.02385576 0.10616625 0.03937808
v -0.02274927 0.04988388 0.04660552
v -0.07740951 0.16260515 -0.02075458
v -0.06108427 0.1338619 -0.00722489
v -0.07700431 0.15521281 0.02453477
v -0.05442072 0.04783652 -0.00591869
v -0.05768056 0.03362269 0.01404031
v -0.0327157 0.10896631 -0.01894141
v -0.00781631 0.12821209 -0.00194304
v 0.02900777 0.03735822 -0.0002747400000000001
v -0.02696411 0.08451281 -0.03636174
v -0.0538318 0.14981693 0.02506661
v -0.03113338 0.04960726 -0.01940694
v -0.04731121 0.16296037 0.00607403
v 0.03668402 0.1009957 -0.00984859
v 0.02881052 0.04335229 0.03215772
v -0.04553056 0.09851085 -0.02172951
v 0.01046428 0.09618045 -0.02589897
v 3.092000000000001e-05 0.12315746 0.03474966
v -0.0510255 0.07570507 -0.0181869
v -0.07564316 0.09944045 -0.01192761
v -0.0785977 0.17441574 -0.04660758
v -0.01838313 0.18543664 -0.01713637
v -0.0429144 0.11835991 0.03064504
v 0.03910844 0.10829072 0.01314233
v -0.08889226 0.0992091 0.00957032
v -0.06953877 0.06307475 0.00357582
v -0.06646786 0.14871539 -0.0315793
v -0.08379885 0.10290691 0.02803833
v 0.05453721 0.06879672 0.02451769
v -0.01250182 0.10634409 -0.02236019
v -0.01155858 0.03389543 -0.021054259999999998
v -0.06559994 0.11329504 0.04231871
v 0.02106978 0.12497756 0.00109981
v -0.00574998 0.06548898 0.05617339
v -0.06965551 0.06872837 0.03112788
v -0.06189586 0.15424247 -0.0190186
v -0.00942456 0.05539922 -0.03365398
v -0.06550953 0.15857325 -0.05560027
v 0.03751917 0.06106271 0.03436602
v -0.06870077 0.14463537 0.04304163
v -0.04729006 0.13055355 0.00169091
v 0.01786943 0.09089861 0.04871294
v -0.04900084 0.08622168 0.04535204
v 0.00648435 0.034293 -0.02085493
v -0.03032487 0.06769472 -0.02765495
v -0.03061484 0.05441265 0.03669429
v -0.08955969 0.12851666 0.00454575
v 0.05280185 0.04653994 0.01042772
v -0.00737751 0.03898843 0.04892945
v -0.07073153 0.15569959 0.00690582
v -0.05447342 0.04593751 0.0236126
v 0.05718027 0.07110769 0.00803076
v -0.04957947 0.03609654 0.04595536
v 0.04851267 0.07179818 0.0060005
v -0.03948189 0.03361822 -0.02361247
v -0.02537355 0.15840012 -0.0014801300000000005
v -0.01551334 0.10436131 0.04291942
v -0.08474701 0.1107835 0.03948838
v -0.02915118 0.10197369 0.04263306
v -0.06498457 0.1037155 0.04064781
v -0.07038525 0.0374503 -0.0009319000000000003
v -0.00849808 0.08399047 0.05760522
v 0.02974173 0.0706471 0.04165389
v 0.01451906 0.06459554 -0.02985569
v -0.09223775 0.12488519 0.04078653
v -0.04166529 0.14996141 0.0045405
v -0.01144743 0.17131059 -0.01960298
v -0.06140699 0.17268822 -0.05826575
v -0.05074939 0.10928682 0.03829758
v 0.00852878 0.034888 0.0362651
v 0.00713465 0.11468229 -0.01834564
v -0.0031104999999999995 0.03894619 -0.002779389999999998
v -0.03367405 0.17774449 -0.00817995
v -0.01803149 0.03485997 0.04926476
v 0.02092518 0.08631143 0.04943312
v -0.02054255 0.11979518 0.03300367
v 0.0117454 0.05667834 0.05191406
v 0.03689089 0.0473532 -0.00610571
v 0.02424972 0.10266151 -0.01831383
v -0.05513975 0.11051601 -0.01767274
v -0.05184771 0.03447027 0.03463518
v -0.0870559 0.10562761 0.00976511
v 0.03841359 0.08748993 0.03518585
v 0.02614811 0.12014725 0.02730801
v 0.00769625 0.0723756 0.05606215
v -0.02008631 0.03806445 -0.01722079
v -0.06559238 0.0910424 0.04409208
v -0.02933114 0.1147623 -0.01584464
v 0.04513702 0.04462544 0.02551651
v -0.05262544 0.05043462 0.02904674
v -0.04607629 0.16819719 0.00073744
v -0.04197932 0.06962998 0.04182493
v 0.00288879 0.03463625 0.01884977
v 0.01930501 0.07901787 -0.02774399
v -0.06482564 0.03350586 0.00282225
v 0.03830205 0.08454914 -0.01447883
v 0.01587048 0.03441623 -0.00296665
v -0.08076792 0.143014 -0.00153128
v -0.0568023 0.14514674 0.0317403
v 0.03498179 0.06774079 -0.01568321
v -0.06187966 0.1600045 -0.02580625
v -0.05826563 0.09092639 -0.02094869
v -0.08881256 0.08776549 0.01422654
v 0.02611092 0.1008899 0.04173326
v -0.08653773 0.15154801 0.02587537
v 0.0008090499999999991 0.11633319 0.04016756
v 0.005910569999999999 0.13140929 0.01682375
v -0.02630372 0.12518875 0.01739298
v -0.07453036 0.06668069 0.00469533
v -0.03089295 0.04740903 -0.024954
v -0.02436639 0.17693266 -0.01171963
v -0.0654245 0.14011279 0.04130896
v -0.08141495 0.09710025 -0.00687458
v -0.06366497 0.06604784 0.03182808
v -0.04054188 0.03888601 -0.02736495
v -0.07977899 0.13448894 0.05099029
v -0.0637554 0.14428875 -0.01139573
v -0.03260662 0.07195562 -0.02486658
v -0.0741587 0.17987275 -0.05079475
v -0.07135146 0.15727092 -0.04218309
v 0.05742175 0.05601221 0.00402456
v 0.04851001 0.06178076 0.03034725
v -0.056901 0.045437 0.04323696
v 0.01200922 0.0359619 -0.02173575
v -0.04486421 0.0819979 -0.02047352
v -0.04950777 0.129495 0.03025927
v -0.04665026 0.05984095 -0.01213584
v 0.02677546 0.05142345 -0.02023406
v -0.08634714 0.09172209 0.02681108
v -0.08957795 0.1207831 0.00352291
v 0.03352546 0.10966209 -0.00698948
v -0.02022534 0.07709519 -0.03904429
v -0.03705379 0.12715094 0.0003547400000000001
v -0.00794688 0.04148992 -0.02591127
v 0.02163267 0.04812727 0.04069443
v -0.04443413 0.08765453 0.04347762
v 0.01523568 0.0949779 -0.02443714
v -0.04080229 0.16436059 0.00374488
v -0.02186697 0.04402293 0.0532438
v -0.02924191 0.09045336 0.04423661
v -0.07808147 0.1235194 0.05213699
v -0.04368647 0.0471545 0.04028631
v -0.0157159 0.06082297 0.05236544
v -0.0506872 0.03593587 -0.01238079
v -0.00835625 0.113736 -0.01823981
v -0.07720673 0.1563995 -0.01897254
v -0.01524557 0.08294077 0.05693459
v -0.04434183 0.15113809 -0.00568598
v -0.01572318 0.16312344 -0.01639657
v -0.01053863 0.06799918 -0.03651706
v -0.01998764 0.10278313 -0.02339292
v -0.06282962 0.1518948 -0.00923734
v 0.0003769899999999998 0.04493579 0.04651993
v -0.05743409 0.0576835 0.00872597
v 0.00951046 0.09548387 0.0509106
v 0.02338677 0.07007599 0.04701262
v -0.06151122 0.12373565 0.04306268
v -0.06715651 0.04197286 0.01024094
v -0.01439403 0.09458764 0.0539935
v -0.09182203 0.12747346 0.03645865
v -0.06065248 0.10467197 0.04090639
v -0.05399304 0.14498656 -0.00110934
v 0.00683417 0.05501017 -0.03056113
v -0.08089452 0.10967225 0.03791023
v 0.05491939 0.07316161 0.01522359
v -0.06437103 0.17296209 -0.04922566
v -0.00924893 0.1772585 -0.0282702
v -0.0265805 0.0377426 0.0157053
v 0.05031813 0.05278637 -0.0034166299999999995
v -0.0701776 0.07566333 -0.01383921
v -0.05551686 0.1295607 0.03659845
v 0.03358413 0.03830393 0.02292867
v 0.003564109999999999 0.12764883 -0.00446724
v 0.008678439999999997 0.12894574 0.02615688
v 0.04432654 0.09081812 0.02209752
v 0.01571973 0.07375635 -0.02974777
v 0.01353349 0.10255388 -0.02157931
v -0.02785147 0.03840433 -0.01721042
v 0.04072147 0.07847553 -0.008213
v -0.04785945 0.11162729 -0.01748212
v -0.09260143 0.13018652 0.02518358
v -0.03630933 0.11876943 0.03067402
v 0.03304458 0.10766252 0.03191615
v 0.0174901 0.0346463 0.0220409
v -0.00282619 0.03488534 0.04561141
v -0.06993725 0.08607686 0.04217569
v -0.03521833 0.06855983 0.04138147
v -0.09100365 0.14885725 0.02150703
v -0.03897895 0.10683037 0.03824766
v -0.08095914 0.10926674 -0.0020189899999999996
v -0.03514596 0.03858592 0.04773269
v 0.01580015 0.11996558 -0.01141563
v -0.07059513 0.12994832 -0.00876292
v 0.03135225 0.04264928 -0.0046745
v -0.06572859 0.10709818 -0.01431767
v -0.05647295 0.15778406 0.00817865
v -0.02026838 0.06226681 0.04821212
v -0.06976057 0.13442855 0.04826522
v -0.0820635 0.07599367 0.00176155
v -0.06205929 0.15697807 -0.03378458
v -0.02329883 0.18324307 -0.017923
v 0.00807238 0.05157414 0.05177356
v -0.08353979 0.08116956 0.02701407
v 0.01500497 0.10726898 0.04181199
v 0.0008481799999999993 0.11670025 -0.01733709
v -0.03138313 0.05179131 -0.0138868
v 0.04331555 0.05214555 0.03249211
v 0.00690643 0.03900427 0.02954851
v -0.016231340000000004 0.12382942 0.02957699
v -0.05319879 0.13672896 -0.00165805
v -0.01887051 0.0989732 0.04448928
v -0.05481332 0.09810248 -0.02142537
v 0.02921651 0.06785025 -0.02041857
v -0.07338664 0.15463418 -0.02994383
v -0.06464419 0.06172323 0.0002255199999999999
v -0.01309899 0.09077604 -0.03665927
v -0.05530898 0.10365394 0.04151669
v -0.02770837 0.09008129 -0.03191146
v -0.05408812 0.03978121 -0.01054468
v 0.010774609999999997 0.13079162 0.01434174
v -0.00755197 0.11183813 0.04203969
v 0.02587286 0.08848229 0.04665526
v 0.06059493 0.06167721 0.01559156
v -0.03361965 0.15691468 -0.01102487
v 0.04111812 0.09749126 -0.00397567
v -0.0484515 0.06479412 -0.01302991
v -0.062019 0.03434318 0.03188328
v -0.07279013 0.06439988 0.01520595
v 0.02174085 0.08025065 0.05042539
v -0.0213995 0.03479512 -0.02795882
v 0.05630521 0.06776991 0.0026525
v 0.02701391 0.05995279 0.04345442
v -0.05607006 0.15000706 0.02986764
v 0.02648806 0.12230287 0.02039811
v -0.08699064 0.13812326 0.04231655
v -0.00205785 0.08099829 0.05755384
v -0.02541173 0.12472533 0.00012886000000000006
v -0.03450261 0.07613002 -0.02237315
v -0.08949102 0.14392581 0.01248849
v 0.02634802 0.08456223 -0.02315171
v -0.07022226 0.15143521 0.03671891
v 0.04070618 0.06447531 -0.00559203
v -0.03233206 0.04867284 0.04252396
v -0.0746388 0.14398484 -0.00715046
v -0.03674488 0.08608369 0.04361289
v -0.02926488 0.16140418 -0.00210395
v -0.05506586 0.07808919 -0.01975548
v 0.01121214 0.06658412 0.05398218
v 0.0119662 0.0343354 -0.00595713
v -0.08645483 0.08694049 0.0009166700000000001
v -0.05892216 0.07754549 0.04296139
v -0.02722907 0.08799148 0.04790973
v 0.01948735 0.04080929 0.04264106
v -0.04918664 0.04641123 0.04117004
v -0.08949549 0.09563243 0.01423481
v -0.05190103 0.09545762 0.04393765
v 0.0017323900000000003 0.03445966 -0.016607869999999997
v -0.06713216 0.15709447 -0.0062032
v -0.01186603 0.07318375 0.05625005
v 0.03629441 0.0712207 0.03711461
v -0.01773936 0.06626083 -0.03765731
v -0.04979743 0.11342104 0.03511792
v -0.0754295 0.17095605 -0.03287989
v -0.07656583 0.11674037 0.05148935
v -0.09273651 0.12073095 0.03269273
v -0.0020516700000000007 0.10093469 0.04562592
v -0.01695339 0.10669256 -0.02200299
v -0.04556989 0.14663612 0.00565142
v -0.05771311 0.04871782 0.00727651
v -0.04499303 0.03901701 -0.02109783
v -0.07379571 0.10895629 0.03921725
v -0.01337343 0.04789241 0.04788385
v -0.05183005 0.04856873 0.02164703
v -0.00922961 0.17314463 -0.02419766
v 0.04571923 0.0694894 0.02354934
v 0.01912008 0.04716775 -0.02211468
v -0.0655936 0.17665711 -0.06050473
v -0.06373114 0.16577037 -0.06010361
v 0.01071104 0.05468761 -0.02976752
v -0.06576664 0.03646955 -0.0072073
v -0.01521069 0.18463639 -0.02205724
v -0.07201603 0.0375727 0.00397894
v 0.01544899 0.03485244 0.03698489
v 0.04334214 0.07167612 -0.00223046
v -0.00020856999999999907 0.07894141 -0.03578208
v -0.06439255 0.07311633 -0.01533534
v -0.0366651 0.0353042 0.023032
v 0.02031915 0.10041961 0.04576052
v -0.00118268 0.05949242 -0.03336092
v -0.08598605 0.14670902 0.03482703
v 0.03697509 0.07987648 0.03719839
v 0.03281993 0.11655625 0.00444586
v -0.04705966 0.03350186 0.00356464
v -0.02100048 0.12313643 -0.00611901
v 0.04354774 0.0973894 0.01731465
v -0.08740551 0.10205209 0.02202036
v -0.02204319 0.05361202 -0.03013561
v -0.02375686 0.03858575 -0.011093269999999999
v -0.02350685 0.12672006 0.0109969
v -0.09201958 0.11611534 0.03584273
v -0.09328121 0.12691094 0.01350501
v 0.02425186 0.05645747 -0.0242548
v 0.04376623 0.08839002 -0.00357088
v 0.02872312 0.09794322 -0.01749735
v 0.01526328 0.07157194 0.05271739
v -0.03922792 0.09918463 -0.02191272
v -0.03665841 0.0750873 0.04200694
v -0.004382240000000001 0.12640753 -0.00694952
v -0.07702557 0.11396763 -0.00461681
v -0.01981892 0.16509494 -0.01760898
v -0.06639203 0.03771235 0.02962195
v -0.03077018 0.11597313 0.0328588
v -0.07777055 0.08784484 -0.01169481
v -0.06214562 0.13599775 0.03670097
v -0.07665521 0.15509766 0.00796863
v -0.05557811 0.11567692 -0.01464599
v 0.02824862 0.03504637 0.0160167
v -0.05267578 0.08822074 -0.0218863
v -0.07410816 0.17355729 -0.03798684
v 0.03030039 0.11553645 0.02868501
v -0.07436281 0.07243705 0.03143004
v -0.0594986 0.08884547 0.04510929
v 0.04329341 0.04186414 0.00206344
v -0.03622359 0.12777519 0.00985015
v -0.07289616 0.15834962 -0.03410942
v 0.0094076 0.09032805 0.05421414
v -0.04448944 0.06107771 0.03954532
v -0.0010974400000000003 0.03814784 0.02042701
v -0.02999621 0.17811137 -0.00523582
v -0.06411481 0.09550988 -0.01811461
v -0.05504716 0.05276756 -0.003946130000000001
v 0.03068489 0.07572687 -0.02077809
v 0.00260403 0.09694266 -0.02840706
v 0.05953164 0.0605046 0.0058397
v -0.05211593 0.14179906 0.02051031
v -0.0784498 0.10988832 0.04251792
v -0.08415083 0.12955013 0.0504837
v -0.06392088 0.12774242 -0.00854946
v -0.02586708 0.05668921 0.03918224
v -0.02394438 0.07880014 0.05353473
v -0.06268195 0.16744086 -0.04571389
v -0.06943845 0.1647993 -0.0172187
v 0.02699676 0.05131778 0.03875204
v -0.09104428 0.14199862 0.02172963
v 0.0034830600000000005 0.12002635 0.03691195
v -0.03984279 0.12156113 -0.01157031
v 0.01347309 0.12429893 -0.00683614
v -0.06227852 0.15166598 -0.01467273
v -0.05440375 0.03500731 0.04487459
v 0.05839241 0.06674124 0.02197946
v -0.0190475 0.09656213 -0.0275799
v -0.04765656 0.13077525 0.02552357
v -0.07256706 0.1475323 0.04171409
v -0.06456121 0.05948414 0.01306168
v 0.01907655 0.09187062 -0.02489023
v -0.06237434 0.04014609 -0.00740402
v -0.03520323 0.16493551 -0.002681
v 0.01963602 0.03823401 -0.01250767
v -0.07973935 0.13606854 -0.00414821
v 0.02035885 0.12448747 0.02590634
v -0.03556267 0.04939989 -0.01286504
v -0.03867051 0.16070199 -0.01235776
v 0.02881466 0.09671268 0.0422577
v -0.08373658 0.07677184 0.0089586
v -0.01000199 0.07267148 -0.03766137
v -0.01796898 0.18078031 -0.01810343
v 0.0246721 0.0636945 0.04520464
v 0.03866369 0.05169667 -0.00669102
v -0.05265555 0.04849422 0.03873119
v 0.04613397 0.05927881 -0.00477696
v -0.04435401 0.07337222 -0.01787443
v 0.03440018 0.10503 -0.01022492
v -0.07553688 0.15977062 -0.01043865
v -0.01498117 0.04257142 0.05140453
v -0.08561303 0.09627711 -0.0006651399999999999
v -0.06211615 0.15600787 0.01803442
v -0.08699111 0.0864447 0.02242095
v 0.04229655 0.04543577 0.02904092
v 0.00514504 0.10163906 0.04542301
v -0.03097877 0.07702086 -0.03281649
v -0.00662106 0.09041525 0.05687975
v -0.0670703 0.18072682 -0.05661862
v -0.08839924 0.13899 0.01064066
v -0.04918733 0.10452012 0.04030139
v -0.0306039 0.03803846 -0.03012384
v -0.01625752 0.1603125 -0.0096926
v -0.0008113999999999997 0.03742417 0.00477215
v -0.09259497 0.11943826 0.02680295
v -0.00825064 0.04514872 -0.02844107
v -0.00763232 0.10304531 0.04371064
v -0.03943032 0.08959762 0.04317789
v -0.0686026 0.14992277 -0.04005135
v 0.01147133 0.06758144 -0.03090117
v -0.00234743 0.03590313 -0.015929739999999998
v -0.07261837 0.14368135 -0.0109871
v 0.02590364 0.07553604 0.04641665
v -0.05053938 0.13336659 -0.00108722
v -0.01303489 0.11002855 -0.02016117
v -0.00500245 0.069655 0.05689251
v -0.06111398 0.15305212 0.00099983
v -0.05470726 0.06346157 0.03167059
v -0.07572944 0.10354026 0.03607097
v -0.04646261 0.03680027 -0.01777871
v -0.03117289 0.04029433 0.05131246
v -0.05709413 0.04599654 0.02686528
v -0.06733083 0.03384644 0.00872663
v -0.00024264 0.05453602 0.0546412
v -0.05417256 0.12337919 0.03757644
v -0.04846863 0.14559606 0.00836615
v 0.0474469 0.07369141 0.01243002
v 0.00437145 0.10391901 -0.0215151
v -0.05899998 0.07375155 0.04119708
v 0.05667175 0.05697082 0.02429192
v 0.00493049 0.04198266 0.04572339
v -0.05183967 0.16062039 0.00714213
v 0.04231296 0.05909915 0.03084842
v -0.02924169 0.09429044 0.04482119
v -0.06156942 0.17084875 -0.06167917
v -0.05446366 0.05535745 0.01032684
v -0.06514665 0.03594565 0.03977508
v -0.08638915 0.12168475 0.04841244
v -0.03750113 0.0402219 0.04429655
v 0.01396404 0.04557917 -0.02470651
v -0.06963725 0.04188127 0.00318258
v -0.0701128 0.1179035 0.05271416
v -0.01369113 0.17914707 -0.02812641
v -0.016273090000000004 0.12844514 0.01668361
v 0.02906309 0.11149602 0.03380579
v -0.01787049 0.03820389 0.02024322
v 0.02171297 0.10956342 -0.01508109
v -0.02924544 0.06955152 0.03936901
v 0.00900165 0.03689093 0.02848219
v -0.0416817 0.12575112 -0.00701933
v 0.00954854 0.03423262 0.0017162
v -0.0085264 0.06400173 -0.03585048
v -0.01952351 0.03850521 -0.0045434499999999975
v -0.01758787 0.11491318 -0.01720504
v -0.04691227 0.03462718 0.03973971
v 0.04220994 0.07886148 0.0291872
v -0.05798954 0.07401788 -0.01752232
v -0.00780368 0.05016931 0.05098865
v -0.0717221 0.06702304 0.02495975
v -0.02493915 0.17031135 -0.0113297
v -0.08149667 0.15473104 0.01969734
v -0.06361674 0.14801371 -0.02017026
v 0.02894839 0.03916002 0.02723481
v 0.05909208 0.05795698 0.02027012
v -0.00319589 0.11912518 0.03834958
v 0.0018549900000000008 0.08469279 -0.0348385
v -0.02328575 0.08946803 -0.03602725
v -0.07203608 0.11107918 0.0453614
v -0.08836646 0.11361863 0.00582278
v -0.06768448 0.16533627 -0.0554664
v 0.036102 0.11266103 0.01049178
v -0.0792375 0.12055419 -0.00567448
v 0.03675839 0.09919547 0.03283767
v -0.05091096 0.1007457 -0.02161943
v -0.05039932 0.05183133 0.0340374
v 0.006511169999999999 0.13002517 0.00092881
v -0.03216124 0.10896504 0.03810272
v -0.08235405 0.08087632 -0.00240389
v 0.05673057 0.05051574 0.01062708
v -0.07511501 0.06655704 0.01024409
v -0.03135885 0.12140977 0.02597109
v -0.04654958 0.06765213 0.03963579
v -0.03740303 0.11150775 -0.01824331
v -0.07644067 0.07751106 0.0337483
v -0.03098018 0.16634656 -0.01624116
v 0.05774464 0.06415844 0.0026277599999999994
v 0.01926275 0.1268939 0.00555521
v -0.02120084 0.04665709 -0.02795132
v -0.06937259 0.16061775 -0.0091905
v 0.02702074 0.0613457 -0.02229206
v -0.0014089 0.03619308 0.01294455
v 0.03083572 0.11554234 -0.00317855
v -0.04974745 0.14112519 0.00529375
v 0.03374835 0.08364414 -0.01863045
v -0.06393854 0.15262699 0.03448107
v 0.016981599999999996 0.12715003 0.02293149
v -0.04346534 0.12451145 0.02251889
v 0.004463039999999998 0.12427294 -0.00942914
v -0.02812293 0.09932239 -0.02358013
v -0.05654431 0.12850938 -0.00620147
v -0.02616057 0.12309988 -0.00447355
v -0.06114938 0.05883441 0.01653944
v 0.04599733 0.06981445 0.00301433
v -0.03470791 0.08403588 -0.02430226
v -0.01742058 0.06965949 0.05408953
v -0.08704141 0.13058932 0.0009116100000000002
v -0.07275916 0.16965906 -0.02701342
v 0.03591508 0.05991638 -0.01196651
v -0.04281898 0.16220182 -0.01033751
v -0.04953683 0.12491344 0.03177844
v -0.02426559 0.1568769 -0.00785093
v 0.00479899 0.09165484 0.05471517
v -0.06670235 0.132106 0.04548094
v -0.06920138 0.0930392 -0.01648612
v -0.05767694 0.08625834 -0.02109832
v 0.01657396 0.11890153 0.0350423
v 0.0042515899999999995 0.10523743 0.04256355
v -0.08897947 0.11450869 0.02844603
v -0.03280004 0.15948699 0.0021962799999999997
v 0.02545695 0.03948389 -0.00402514
v -0.06609604 0.15532529 0.00715618
v -0.06324205 0.0455497 0.00048427999999999975
v -0.04399088 0.09942546 0.04238343
v -0.03862358 0.05830329 -0.01150575
v -0.05601079 0.15381662 0.02536928
v -0.01668335 0.08726669 0.05674119
v 0.02262521 0.04362168 0.04090458
v -0.0874265 0.09546953 0.00403124
v -0.08222768 0.14513771 0.04060008
v -0.01144041 0.03764077 0.05027573
v -0.08618044 0.08257215 0.0063639
v -0.0902417 0.13575994 0.01414916
v -0.00641199 0.09287621 -0.03481764
v -0.00886916 0.09540026 0.05444598
v -0.07485275 0.14993112 -0.02775294
v -0.07653781 0.15344875 -0.01289875
v -0.01797607 0.07061377 -0.03844388
v -0.07758718 0.17717875 -0.05022109
v -0.02772004 0.05050209 0.04334072
v 0.03899705 0.09708822 -0.00777993
v -0.03893375 0.04636427 0.04036478
v 0.05837457 0.07118641 0.01307274
v -0.09033691 0.1311983 0.03813879
v -0.0059406 0.07903824 0.05796983
v 0.03560601 0.03652664 0.00981553
v -0.08560975 0.14712513 0.00659811
v -0.05567396 0.05698385 -0.0033510400000000004
v -0.04576258 0.06944532 -0.01592878
v -0.007824 0.10924112 -0.02218567
v -0.08819459 0.10314633 0.01750902
v -0.05681066 0.03387394 -0.01116631
v -0.05752062 0.158776 0.00416212
v -0.04105149 0.04152862 -0.024061
v -0.03419049 0.04751401 -0.0223015
v -0.07045693 0.10098777 0.03979406
v -0.0917576 0.14334588 0.01779071
v -0.05304335 0.1409255 -0.00047408
v -0.0529785 0.05955377 0.02621192
v 0.004821400000000001 0.07376398 -0.03455245
v -0.02731607 0.03391007 -0.02135375
v 0.01011387 0.07646811 0.05525679
v -0.05312132 0.07791243 0.04333492
v -0.0873599 0.11248315 0.04204949
v 0.01490478 0.05635038 0.04952278
v -0.07705666 0.13193469 0.05246243
v -0.05937536 0.11998238 0.04054824
v 0.01324299 0.09673824 0.04875016
v 0.00493185 0.0348148 0.04346211
v 0.0289824 0.07408848 0.04344724
v 0.00999117 0.06273527 0.05400924
v -0.05071827 0.152763 0.01181668
v -0.01325342 0.16627152 -0.01412037
v -0.06153038 0.14037628 -0.00627347
v 0.0173729 0.10246037 -0.0214877
v 0.01395035 0.03488 -0.01861287
v -0.03080939 0.05699804 -0.01783502
v -0.00044024000000000016 0.05834341 0.05448341
v 0.05040001 0.06729248 0.02685147
v 0.01997249 0.05440971 -0.02710823
v -0.01518003 0.1080775 0.04235043
v 0.04367318 0.05016223 -0.00598435
v -0.03324434 0.08226659 0.04185218
v 0.05052275 0.07339791 0.01616689
v 0.03304036 0.06177384 0.03978144
v -0.05662373 0.09632217 0.04366791
v 0.04378536 0.0488037 0.03134342
v -0.03259716 0.17498725 -0.00259531
v -0.06528365 0.15592447 -0.04986593
v -0.02254211 0.04061578 0.05398603
v -0.0502905 0.04909893 0.01716478
v 0.0038149200000000003 0.03902447 -0.008082729999999996
v -0.02312295 0.0945159 0.04735887
v -0.01727075 0.18699602 -0.01997757
v -0.06479261 0.04172453 0.0316169
v -0.06151758 0.17517449 -0.0606317
v -0.05646433 0.03768311 0.04681964
v -0.0690003 0.03846771 0.0107689
v -0.07096183 0.03434573 -0.00078374
v -0.07884915 0.11867375 0.05062287
v -0.0335409 0.03634262 0.04908996
v -0.00096291 0.04537823 -0.02730828
v -0.00958372 0.17426102 -0.02839076
v -0.0045918 0.03840457 -0.02541287
v -0.04767276 0.03611665 -0.01330121
v -0.02332 0.0391695 0.0384733
v -0.07429408 0.1635685 -0.01553422
v 0.04125883 0.10361081 0.00267606
v -0.06853119 0.15630045 0.02099771
v 0.01381378 0.12322188 0.03250259
v 0.0040479 0.09581736 0.05293677
v -0.06948104 0.08565646 -0.01719842
v -0.02011064 0.12504545 0.02358831
v -0.05706936 0.05442438 0.0023395499999999993
v -0.01111325 0.03829029 -0.015646359999999998
v 0.03347585 0.03644734 0.01626696
v -0.06554542 0.07443037 0.03916807
v -0.008084070000000002 0.13030537 0.01687228
v -0.09228086 0.12762053 0.02975167
v 0.03781474 0.07969815 -0.01328963
v -0.06242532 0.04188572 0.01464677
v 0.00128681 0.05038367 -0.03035744
v -0.04076035 0.03466823 0.04049253
v 0.04082479 0.09517022 0.02865792
v -0.02535315 0.0625672 0.04064217
v -0.03697052 0.03568036 -0.01500779
v 0.00025369 0.06574117 0.05656926
v -0.01624045 0.12512177 -0.00364997
v 0.04471785 0.09480266 0.01202471
v -0.06051078 0.1074845 -0.0170423
v 0.01367761 0.12967262 0.00693274
v -0.04304563 0.12785122 0.01684226
v -0.04411124 0.09288399 -0.02237321
v -0.06423083 0.14877806 -0.02589971
v 0.01319698 0.03483579 0.03163098
v -0.08381225 0.0863377 0.02922327
v -0.0231815 0.08168699 -0.03832916
v 0.02913055 0.12027445 0.00611175
v -0.04843435 0.13754973 0.01324498
v -0.08943084 0.14730552 0.02769496
v -0.08724041 0.11967213 -0.00017812999999999987
v 0.01636347 0.03439479 0.00229486
v -0.02148109 0.07419446 0.05285768
v -0.03811782 0.07639012 -0.01864436
v -0.08341814 0.09412744 0.03089845
v -0.04508261 0.12218447 -0.01156943
v 0.01452151 0.06138289 0.0505009
v 0.04625272 0.07737387 0.00691408
v 0.02973996 0.05253843 -0.01622495
v 0.01804526 0.08362316 0.05128584
v -0.05782263 0.06953801 -0.01441647
v -0.00642924 0.1220109 0.03574089
v -0.05321673 0.13221978 0.03297838
v -0.0004658300000000017 0.11983662 -0.01361058
v 0.06009357 0.06569345 0.01853332
v -0.07087229 0.11611638 -0.00795637
v -0.00264419 0.03872707 0.02513126
v 0.04215613 0.06971758 0.02831823
v -0.03297737 0.06636518 -0.01838553
v -0.03469233 0.03382871 0.01243858
v -0.03918958 0.12828193 0.00503463
v 0.02498901 0.03810458 0.02942957
v -0.07887611 0.15347012 0.00398758
v -0.09054938 0.13511875 0.02168055
v -0.04596674 0.10905146 0.03875411
v -0.06821456 0.14390932 -0.01498417
v 0.03014532 0.086284 -0.02040814
v -0.03593149 0.09980995 0.0423358
v -0.02173049 0.09841096 -0.02430685
v 0.01840092 0.12145507 -0.00768042
v -0.03785728 0.17010102 0.0014236
v -0.02859602 0.11901156 0.02988817
v 0.01983851 0.09651889 -0.02278588
v -0.05034241 0.15546197 -0.00519277
v -0.078022 0.07099516 0.02132215
v -0.05075118 0.04310962 -0.01001868
v -0.01235441 0.11556773 -0.01648693
v -0.06038127 0.04592142 0.04008874
v 0.0552579 0.05141626 0.00320626
v -0.0395199 0.17385855 -0.00757526
v -0.04895294 0.05628109 -0.01022088
v -0.06894021 0.15652777 -0.0019716
v -0.00441016 0.08279451 -0.03746725
v 0.019012229999999998 0.12736197 0.01778658
v -0.03035142 0.16448158 -0.00532914
v -0.08057599 0.0766078 -0.00298794
v 0.02657921 0.11702438 0.03086794
v 0.02632181 0.07024065 -0.02387868
v -0.05418543 0.0673227 0.03693561
v -0.04976341 0.0562412 0.03362425
v -0.02345584 0.16824727 -0.01882288
v -0.08874618 0.13625578 0.00714778
v -0.04423113 0.07766413 -0.01902658
v 0.00528479 0.10943666 0.04167498
v -0.02946016 0.15550263 -0.00119147
v 0.0012556400000000001 0.08384557 0.05744644
v 0.00397347 0.03820855 -0.003796349999999999
v -0.04784354 0.12215063 0.02883316
v -0.03886471 0.10333987 -0.0206414
v -0.08982262 0.11387199 0.03284531
v -0.02821241 0.11116862 -0.01800193
v 0.04143888 0.0923651 -0.0074587
v -0.0368986 0.03592464 0.04479417
v -0.06209937 0.15406697 0.03083736
v -0.0658081 0.16764344 -0.03055867
v -0.06938241 0.10865787 0.0375078
v 0.02169699 0.04042727 -0.00946295
v -0.00523259 0.05568896 -0.03284022
v -0.05823237 0.0956904 -0.02061603
v -0.08591138 0.10968787 0.00765824
v -0.07912672 0.10619883 0.0320507
v -0.08072826 0.08820415 -0.00780031
v 0.05445156 0.05834289 0.02765301
v -0.05473146 0.14267229 0.02898048
v -0.0197067 0.09291734 -0.03463688
v 0.0134871 0.1007642 0.04745429
v -0.0838375 0.13927865 0.04489385
v 0.03525168 0.09083682 0.03918392
v -0.03259056 0.08194266 -0.02910021
v -0.01044654 0.05368597 0.05195861
v -0.06447977 0.06065147 0.00423432
v -0.0261775 0.04249893 0.05331522
v -0.07400445 0.17818523 -0.05391632
v 0.02908655 0.03579999 0.00356309
v -0.01932136 0.09212389 0.05382065
v -0.06428742 0.13463625 0.03994564
v 0.03053011 0.11221207 -0.00818606
v -0.055369 0.15442476 0.01616065
v -0.03458864 0.04474496 -0.0271229
v 0.01942122 0.0513213 0.04479891
v -0.03306416 0.07665484 0.0412779
v 0.01225411 0.0834567 -0.03077158
v -0.07725608 0.14565854 0.04312293
v 0.01323466 0.03845306 0.04450147
v -0.0261201 0.07117748 -0.03545153
v -0.07324252 0.15231332 -0.03570352
v -0.04484287 0.14629393 0.00171148
v -0.05543665 0.05942025 0.02301897
v 0.02910274 0.10247506 -0.01576838
v 0.05411421 0.04777309 0.017484
v -0.04246598 0.0341891 -0.02726065
v -0.01160861 0.10983707 0.04247533
v -0.03814411 0.0505996 0.03930216
v -0.0561792 0.13774406 -0.00406743
v -0.0867764 0.08434486 0.01241903
v 0.02936287 0.06650978 0.04228938
v -0.08931897 0.09954698 0.01341811
v -0.00970153 0.16738863 -0.01936025
v -0.06426688 0.0335625 -0.00512532
v -0.00994402 0.0763431 0.05738856
v -0.06681723 0.11951525 0.05149022
v 0.00628811 0.06541635 -0.03256304
v -0.07692291 0.15351394 -0.00907856
v 0.0530564 0.06970883 0.00312914
v -0.00651742 0.0450362 0.04750278
v -0.09226899 0.11475156 0.01701738
v -0.06199357 0.15028063 -0.00162971
v -0.05499421 0.09964082 0.04295523
v -0.0536167 0.08534685 0.04533247
v -0.07214624 0.13486431 -0.00775922
v -0.01511958 0.09993002 0.04450027
v -0.03249191 0.05719635 -0.01210473
v -0.02552829 0.05147271 -0.02688468
v -0.00278728 0.10577531 -0.02245903
v -0.01240601 0.08522257 0.05726778
v 0.01134801 0.09824375 -0.02302425
v 0.00781527 0.05505068 0.05275025
v 0.01337613 0.0486303 -0.0265515
v -0.04498945 0.07157733 0.04192925
v 0.05401649 0.07288385 0.01867801
v -0.07564069 0.159304 -0.02690846
v -0.06108054 0.16833773 -0.05919206
v -0.09020572 0.14947775 0.01303509
v 0.00419344 0.07291517 0.05629873
v 0.0336274 0.04871773 -0.00639046
v 0.02842334 0.08801108 0.0442342
v -0.06109602 0.1170165 0.03965402
v -0.05238982 0.04544913 0.0176863
v -0.07769346 0.17367969 -0.04147867
v 0.032434 0.04533397 0.03031676
v -0.0178916 0.161138 -0.00670727
v -0.04541156 0.09100213 0.04325277
v 0.04208069 0.06348063 -0.00254053
v -0.04459038 0.04379799 0.04268546
v -0.0682824 0.09237684 0.04238873
v -0.08856354 0.11624535 0.04539284
v 0.00827406 0.0356452 -0.0126487
v -0.03305846 0.0861855 0.04256035
v 0.03638504 0.05699648 0.03360146
v -0.01776619 0.18572344 -0.02304928
v -0.06412418 0.17953625 -0.05873042
v -0.04530134 0.15695057 0.00720369
v -0.02495413 0.03744106 -0.02915272
v -0.07149813 0.03445297 0.00420265
v 0.004917200000000001 0.0339971 0.00916661
v -0.0804691 0.11357963 0.04664344
v -0.02562258 0.09871342 0.04421089
v -0.07571822 0.12522734 0.05308733
v -0.06924212 0.04147405 0.00019288999999999995
v -0.06292835 0.03906166 0.04270768
v -0.06775058 0.15734825 -0.05398211
v -0.01109677 0.18202324 -0.02804245
v -0.0229494 0.05102065 0.04392645
v -0.047872 0.0341363 -0.01541825
v -0.06517138 0.0372895 0.02595377
v -0.01530644 0.03524641 0.05013381
v 0.00382492 0.03612922 -0.02387809
v -0.02436462 0.18096836 -0.0098312
v -0.0164714 0.0348128 0.0436847
v -0.0348346 0.0347214 0.0345782
v 0.01162084 0.11548972 -0.01638568
v -0.001797680000000001 0.13117283 0.01636066
v -0.06978053 0.1593857 -0.04941824
v -0.01493018 0.03864351 0.02937833
v 0.03969354 0.04565858 -0.00452741
v 0.03844617 0.07564943 0.03505064
v -0.01669256 0.11568553 0.03785315
v -0.00308697 0.0984025 -0.02740317
v -0.03362349 0.11840428 -0.01192748
v -0.04485389 0.15746031 -0.00867316
v 0.04628088 0.07870202 0.01478633
v -0.0539945 0.0646387 -0.00932549
v -0.07738271 0.153466 0.03089499
v -0.00753469 0.10021302 0.0474887
v 0.013226249999999998 0.1295807 0.01968961
v -0.01389549 0.16787168 -0.02189723
v -0.04149118 0.11224766 0.03587345
v -0.06479693 0.15210615 -0.03618552
v -0.06791482 0.08013629 -0.0171282
v -0.07526049 0.14938613 0.03917598
v -0.04160143 0.15978 0.00353747
v 0.04141401 0.10284216 0.01657892
v -0.06608067 0.07020274 0.03555286
v -0.07912993 0.16736568 -0.03550623
v 0.03366354 0.11574212 0.01718129
v -0.06663488 0.04043031 -0.005018070000000001
v 0.0287344 0.10360053 0.03803524
v 0.02197754 0.04285533 -0.01453623
v 0.04874913 0.045265 0.00230235
v 0.03350541 0.07280986 -0.0170348
v -0.02821882 0.15758144 -0.01099949
v 0.008421089999999997 0.13090986 0.00627544
v -0.04654849 0.13320769 0.01688963
v 0.04807479 0.04896996 0.02816549
v 0.0165683 0.06626989 0.05100989
v -0.06244193 0.14084781 0.03696584
v -0.0015539500000000008 0.12754717 0.02923287
v -0.04990684 0.11788332 -0.01440248
v -0.06393981 0.07862183 0.04208352
v 0.03741871 0.10850822 0.00033973
v -0.02654033 0.065084 -0.03166487
v -0.08103384 0.08469818 0.0331064
v -0.02407887 0.0679067 0.04517837
v -0.05149269 0.13796388 0.02366218
v -0.06691626 0.12278907 -0.00890774
v -0.06177739 0.03401786 0.01690058
v 0.03128627 0.05286384 0.03691362
v -0.05526535 0.10216682 -0.0198971
v 0.00980203 0.11003994 0.0399454
v 0.04106544 0.0904607 0.02988862
v -0.05858144 0.05780146 0.01342954
v 0.01671521 0.12689851 0.00022331
v -0.0023850100000000008 0.12290534 -0.01038246
v -0.05170583 0.05247076 -0.007404720000000001
v -0.06654665 0.17171115 -0.04212777
v -0.08310943 0.10265445 -0.00329334
v 0.00214247 0.0555028 -0.0313344
v 0.02318395 0.05865436 0.04587106
v -0.03675631 0.08866336 -0.0238688
v -0.05002702 0.08131133 0.04426418
v 0.02065726 0.1041683 0.04300468
v 0.02393075 0.03481671 0.01773916
v 0.02267403 0.08660605 -0.02492549
v -0.09438042 0.12183919 0.01790434
v -0.02566108 0.12562669 0.00455375
v -0.04645946 0.12723953 -0.00488433
v 0.01480157 0.0990409 -0.02284292
v 0.05730647 0.05994462 0.00188864
v 0.01810979 0.07580659 0.05248826
v 0.04326435 0.07581054 -0.00388439
v -0.00343565 0.08701789 -0.036461
v -0.00430826 0.06141857 0.05568849
v -0.00012246000000000002 0.09320116 0.05539838
v -0.06548846 0.04093778 0.03531547
v -0.06164166 0.15582039 0.01109982
v -0.0440313 0.04194907 -0.01799396
v 0.01683111 0.12487146 0.02842558
v -0.06775143 0.14605207 -0.0233333
v -0.04379321 0.16955506 -0.00730264
v -0.03335978 0.16986395 -0.01544899
v -0.07985879 0.07275504 0.00304202
v 0.01892802 0.04424961 0.04300983
v -0.05957562 0.15472401 0.02637325
v -0.03530167 0.12547815 -0.00315428
v -0.06224943 0.04654005 0.00719035
v 0.04608657 0.06647393 0.02680899
v -0.03811952 0.06416231 -0.01382914
v -0.0278902 0.10440703 -0.02283092
v -0.03158981 0.03559233 -0.01920415
v 0.03864815 0.09015334 -0.01254968
v -0.04894474 0.07908636 -0.0195757
v -0.03863927 0.03393731 0.00855065
v -0.02591961 0.18272826 -0.01354109
v -0.00920154 0.05951013 -0.03443711
v -0.09037704 0.1325249 0.03108265
v -0.03547018 0.08019607 -0.02232591
v 0.0018527399999999996 0.11303356 -0.01979427
v -0.04407175 0.05105825 0.03897781
v 0.02346928 0.11656262 0.03353727
v -0.08563211 0.12461094 -0.00273358
v -0.06226313 0.15219935 -0.02257888
v -0.00141035 0.03699994 0.01698203
v 2.6819999999999882e-05 0.10446731 0.04377591
v -0.08751121 0.15061504 0.01015246
v -0.07527265 0.12680098 -0.00802417
v -0.08329898 0.14960772 0.03374089
v -0.06683903 0.06217051 0.02157684
v 0.00734297 0.12098188 0.03597343
v -0.06258181 0.08639453 -0.01916929
v -0.08846922 0.11124294 0.01267916
v -0.03815026 0.04246661 -0.02689399
v -0.07214504 0.09155645 0.04149478
v -0.02110042 0.08658767 -0.03784905
v -0.0860615 0.0799311 0.01444078
v -0.06385231 0.06557231 -0.00693933
v -0.02658093 0.15567694 -0.004196340000000001
v -0.02586931 0.10426705 0.04220754
v -0.07259859 0.09776272 -0.01443451
v -0.05091605 0.05381361 0.01975314
v -0.03520709 0.12505219 0.02163569
v -0.03693184 0.03710737 -0.02971417
v -0.04075063 0.04928511 -0.0112862
v -0.05227733 0.11775075 0.03376946
v -0.07264696 0.14098943 0.04697664
v 0.02531917 0.10931725 -0.01357966
v -0.09000934 0.13278082 0.00592206
v 0.05652487 0.05012566 0.01556449
v 0.00754467 0.09168215 -0.03164314
v -0.03121788 0.04384751 0.04978092
v -0.05547366 0.16050213 0.00137635
v 0.02324583 0.06279253 -0.02504799
v -0.05457635 0.09156295 -0.0220987
v 0.00752082 0.0367334 -0.006761429999999999
v -0.06112889 0.13178328 0.03891591
v -0.081704 0.10167226 0.03093966
v -0.01242992 0.10286006 -0.02382248
v 0.01912823 0.03564064 0.03664228
v -0.07713489 0.15151225 -0.0055823
v -0.01585835 0.08116555 -0.03918559
v -0.02893108 0.07924762 -0.0350498
v -0.05438826 0.13404922 -0.00399204
v -0.08388252 0.13331465 0.04911354
v -0.06910365 0.15559479 0.00163708
v -0.05299872 0.04916902 0.0339676
v -0.05798174 0.10943152 0.03799764
v 0.05000649 0.0580958 -0.00462118
v 0.00529296 0.06800603 0.05567049
v -0.09317648 0.11821016 0.02336236
v 0.05174624 0.07289725 0.00906474
v -0.04802362 0.14426649 0.00424986
v -0.00173431 0.0394768 0.0472629
v 0.02144166 0.09135496 0.04804336
v -0.00170334 0.0478192 -0.02992893
v -0.03727792 0.17289068 -0.0008662700000000001
v -0.06725342 0.03814216 0.01353396
v -0.05216622 0.15013661 0.01744875
v -0.00063364 0.04719306 0.0491369
v -0.01121383 0.09236637 0.05610526
v -0.03438578 0.054096 0.03806029
v -0.05487695 0.07028233 0.0388282
v 0.05837313 0.06806759 0.00572476
v -0.08381776 0.11109094 0.02852449
v -0.02641667 0.04467402 -0.02820974
v 0.0381029 0.06567844 0.03513252
v -0.06853542 0.13929375 -0.00780466
v 0.04420381 0.08520426 -0.00211705
v -0.0849649 0.08996254 -0.0030068
v -0.05946667 0.14743956 -0.00188854
v 0.00615083 0.08340624 0.0564635
v 0.01157405 0.07486057 -0.03138386
v -0.09149047 0.14543178 0.02227722
v 0.01014979 0.04925854 -0.02775059
v -0.09224076 0.11816838 0.04120173
v -0.0205806 0.0795725 0.05601388
v 0.00965092 0.10108782 0.04737308
v -0.07265257 0.16567918 -0.01821248
v -0.00299353 0.07218644 0.05816719
v 0.0591199 0.06312881 0.02156183
v -0.07083139 0.12254425 0.05327488
v -0.04861799 0.0964527 0.04418306
v -0.00440842 0.0666192 -0.03487025
v -0.03951765 0.07812778 0.04291862
v 0.00710302 0.10191162 -0.02123099
v -0.0536442 0.04935817 0.01220185
v -0.07104821 0.15161088 -0.04467927
v -0.08809145 0.08774158 0.00484899
v -0.02543922 0.09067787 0.04885233
v -0.03287552 0.05167763 -0.01088865
v 0.00519817 0.05701799 0.05342353
v 0.02906299 0.05521058 -0.01804206
v 0.03044501 0.08495956 0.04301109
v -0.03080065 0.08006842 0.04179807
v 0.0384634 0.05493482 -0.00618225
v 0.01405538 0.03448343 -0.01449573
v -0.05899738 0.09203067 0.04533527
v -0.07277722 0.17854465 -0.0482088
v -0.03629887 0.09569562 0.04358031
v -0.0749823 0.15407794 -0.01897447
v -0.04332365 0.0362864 0.04404236
v -0.01928878 0.03876257 -0.01420262
v -0.0636028 0.11571453 0.04257229
v -0.01613175 0.18298848 -0.02603719
v -0.02236197 0.09820761 0.04476594
v -0.06129796 0.03390022 -0.00932166
v 0.05435939 0.07146726 0.02138125
v -0.0024719499999999997 0.03840877 -0.014159029999999996
v -0.05860331 0.14637237 0.0338088
v -0.01098682 0.16621199 -0.01604755
v -0.08005037 0.11670406 0.04876246
v 0.03504771 0.04097394 0.02697039
v 0.02375313 0.03467071 0.00398853
v 0.04077548 0.05455749 0.03201474
v -0.06031843 0.03844299 0.04524595
v 0.00666055 0.03520473 0.02431593
v -0.06092317 0.03862182 0.02246885
v -0.03750145 0.04273669 0.0429884
v -0.07247401 0.03625593 0.00155326
v -0.01671753 0.03361164 -0.02462542
v -0.02564741 0.03886073 0.05416139
v -0.01281981 0.104571 0.04346569
v -0.01800208 0.04991785 0.04694797
v -0.06588565 0.03502508 0.02941652
v -0.03777678 0.15551947 0.00437008
v -0.04752164 0.03362272 -0.01280459
v -0.0301344 0.17011322 -0.00735916
v 0.00439193 0.03867443 -0.02417029
v -0.06813618 0.18006113 -0.05881605
v -0.06664285 0.16040875 -0.05684268
v -0.06342889 0.17185387 -0.06141217
v -0.01090665 0.17649301 -0.0292463
v -0.00496131 0.0393649 0.0367022
v 0.00922319 0.04412509 0.04505744
v 0.05080134 0.05730808 0.03000139
v -0.04910459 0.13666879 0.01931403
v -0.01655641 0.03828647 0.010215790000000002
v 0.01638702 0.11402346 -0.0154969
v -0.02337017 0.09339276 -0.03203182
v 0.04496022 0.08094263 0.00061119
v -0.0168038 0.03975381 -0.02756535
v -0.0418955 0.0336683 0.02694
v -0.01930215 0.05822477 -0.0339197
v 0.0024960400000000006 0.0898576 -0.03362845
v 0.01775808 0.07013854 -0.02940468
v -0.0532105 0.0335853 0.013987
v -0.02360019 0.11513818 -0.01557739
v 0.02925315 0.12057701 0.01229933
v -0.01289367 0.17879041 -0.02262475
v -0.08622713 0.11466841 0.0022102
v -0.07698734 0.15369375 -0.00229708
v -0.0022528599999999998 0.07392132 -0.03588719
v -0.01145246 0.17220633 -0.02684498
v -0.02112678 0.1093229 0.04071532
v -0.00813059 0.03500835 0.0475024
v -0.03444866 0.0607805 0.03954399
v 0.06072897 0.0658066 0.01397483
v 0.04487646 0.04123099 0.01600825
v 0.00438431 0.04580671 -0.02678899
v -0.07903996 0.15537445 0.01514181
v -0.05232516 0.10614813 -0.01927124
v -0.0396703 0.036174 -0.00733977
v -0.09298953 0.13092307 0.01991929
v -0.07139534 0.12468846 -0.00859442
v -0.01208304 0.12219229 -0.00971209
v 0.02476614 0.11081111 0.03672836
v -0.005600940000000002 0.13076674 0.01051606
v 0.04635167 0.07407952 0.01835432
v -0.08911033 0.13851394 0.03765878
v -0.010866210000000001 0.12691699 0.02757544
v -0.07049119 0.08181816 0.04060989
v 0.0109155 0.12633629 0.02985702
v 0.003623169999999999 0.13076791 0.0211686
v -0.02116286 0.17491852 -0.02197711
v -0.02738318 0.12324257 0.02165886
v -0.00744421 0.11693417 0.03928385
v -0.04150371 0.16748512 0.00327659
v -0.0424595 0.11392482 -0.01618805
v -0.06851123 0.06121465 0.01535408
v -0.02608199 0.07619129 -0.0367802
v 0.03921874 0.1066925 0.02045019
v -0.07250553 0.15459529 0.02958883
v -0.02905482 0.06108412 -0.02491823
v 0.04463559 0.09279429 0.01783207
v -0.07490149 0.07041935 -0.00228543
v -0.0599371 0.12726188 0.04077127
v -0.05124334 0.0642392 0.03425804
v -0.07326309 0.07998383 -0.01374994
v -0.05359015 0.1243745 -0.00734704
v -0.0007816400000000007 0.12822918 -0.003249
v -0.07857891 0.14050129 -0.0046031
v -0.05334196 0.144012 0.02426139
v -0.06231193 0.16371109 -0.04062399
v 0.03672996 0.11116756 0.00386706
v 0.03297856 0.07350069 0.04048651
v -0.0666052 0.16477375 -0.02067076
v 0.04028164 0.07263713 -0.0092881
v 0.02845492 0.04806739 -0.01284724
v 0.03474594 0.06326134 -0.01464674
v 0.03241165 0.09373615 0.04089024
v -0.05280206 0.04131986 0.0461698
v 0.03535884 0.08743889 -0.01710905
v -0.07105728 0.15476885 -0.04577853
v 0.01180703 0.07092098 0.05424049
v 0.0432182 0.09948674 0.00501533
v 0.0514338 0.0484852 0.0010401
v 0.02986846 0.03624882 0.0198722
v -0.08858588 0.14605869 0.009878
v -0.04008106 0.12628381 0.01960725
v 0.01932044 0.12738348 0.01129631
v -0.03798766 0.10751453 -0.01997576
v 0.03732685 0.04020951 -0.0008585
v -0.02739594 0.0841083 0.04874568
v -0.0380502 0.11527068 0.03317854
v -0.06448066 0.07018735 -0.01226175
v -0.04675562 0.13284294 0.00812128
v -0.01482425 0.08728884 -0.03831707
v -0.09171514 0.11709957 0.0308094
v -0.05552261 0.0819276 -0.02135379
v -0.08294281 0.0932917 -0.00618563
v 0.02308799 0.09399872 -0.02221068
v -0.09075852 0.14223375 0.02600813
v -0.08122144 0.08100325 0.03125584
v -0.07820032 0.16073213 -0.02399969
v -0.03304842 0.09595859 -0.02342646
v -0.08162747 0.07347061 0.01116169
v -0.07659558 0.17753227 -0.04711808
v 0.02547293 0.0740945 -0.02493854
v -0.09113211 0.122821 0.04411516
v -0.07933479 0.1256065 -0.00611759
v -0.05971217 0.06316528 0.02878918
v -0.05941435 0.04727799 0.03417242
v -0.0003084499999999996 0.03546248 0.00826072
v -0.08504216 0.08381783 -7.763999999999991e-05
v -0.08126416 0.15381172 0.02589783
v 0.05312407 0.05901238 -0.00288538
v -0.03916104 0.15718885 -0.01058051
v 0.00698324 0.09773008 -0.02480031
v -0.06056926 0.07115454 0.03865376
v 0.05923853 0.05636278 0.00945308
v -0.08321197 0.15072131 0.00421285
v -0.08639644 0.10479356 0.00598206
v -0.05167346 0.06685066 -0.01212035
v -0.04091724 0.04612178 -0.01794258
v 0.01222417 0.03517748 0.04262058
v 0.02594154 0.11576352 -0.00821939
v -0.04898207 0.12980647 -0.00132294
v 0.0064154899999999985 0.11790181 -0.01628274
v -0.04199612 0.08108367 0.04245615
v -0.02373002 0.10186156 -0.0238364
v -0.05749163 0.05953016 -0.00107861
v 0.05652015 0.0511799 0.01994056
v -0.05231274 0.05108535 0.02448569
v -0.03118402 0.07398953 -0.03033987
v -0.08887538 0.15169443 0.02008658
v -0.09357575 0.12474629 0.0262133
v -0.07509736 0.09007356 0.039581
v -0.00850653 0.03902895 -0.0130008
v 0.0286757 0.119596 0.02454591
v -0.07447183 0.13507476 0.0506889
v -0.05194164 0.12565987 0.03458786
v 0.01172754 0.08801078 -0.03086011
v 0.01335987 0.03937741 -0.02249633
v 0.05078167 0.07215517 0.02068018
v -0.06985563 0.10027892 -0.01484783
v -0.02334362 0.1610345 -0.00318624
v 0.02063929 0.09660248 0.046971
v 0.01789745 0.07951655 0.05275953
v -0.04989641 0.14670859 -0.00186142
v -0.05131687 0.04827069 -0.00793105
v -0.03849337 0.07283987 -0.01750223
v -0.08625273 0.10106846 0.02541377
v -0.06354183 0.16332115 -0.02591299
v -0.05904201 0.09903221 -0.01922295
v 0.00539748 0.05838257 -0.03090376
v -0.08433541 0.08072995 0.02218046
v -0.03182884 0.12639115 0.01001341
v -0.02604945 0.0476925 -0.0261495
v -0.01138786 0.06474246 0.054918
v -0.08961234 0.09159988 0.01781228
v 0.02204011 0.0449925 -0.0175285
v 0.02527159 0.07872492 0.04802657
v -0.07821734 0.16873975 -0.03356425
v -0.08090051 0.12558713 0.05215537
v -0.02002217 0.08803211 0.05558935
v -0.06305664 0.1434165 -0.00749077
v -0.01601882 0.0742888 -0.03886442
v 0.021886 0.05392756 0.04510246
v 0.03308134 0.10273382 -0.01278721
v -0.05112141 0.16374125 -0.00266405
v 0.007601600000000001 0.07943592 -0.03371456
v -0.08808961 0.11135484 0.01851615
v -0.02916453 0.08539344 -0.03366678
v -0.06794536 0.11493603 -0.00951073
v -0.08743906 0.13374875 0.00239747
v -0.02453993 0.18005865 -0.01872695
v 0.0177748 0.05824378 0.04886472
v 0.03005174 0.06216961 0.04154581
v -0.06731516 0.044034 0.0015741799999999997
v -0.09082168 0.12276896 0.00609985
v -0.06420501 0.12243894 0.04800834
v -0.04421585 0.03613146 -0.02425221
v -0.05703144 0.11562007 0.03649488
v 0.00240946 0.10016785 0.04693807
v -0.03128953 0.05520857 -0.01438784
v 0.01567835 0.05116927 -0.02639781
v -0.04737894 0.04845667 0.03912679
v -0.06569694 0.14561631 -0.01897471
v 0.04880593 0.06845781 0.00169529
v -0.01455779 0.07658216 0.05649325
v -0.04193358 0.0884634 -0.02212635
v -0.02704631 0.06701445 0.03967214
v -0.08726518 0.09211003 0.0042059
v -0.02646894 0.04781643 0.04932259
v -0.05445418 0.15297699 0.02250519
v -0.05786195 0.08394436 0.04418603
v 0.00942926 0.0360304 0.00452751
v -0.039222 0.0363262 0.0107899
v 2.1849999999999908e-05 0.07349604 0.05769665
v 0.01253449 0.08959393 0.05339463
v 0.00645984 0.06029743 0.05478003
v -0.00462473 0.05775965 0.05399071
v -0.00320784 0.109621 -0.02152385
v 0.0414774 0.08550941 -0.0091575
v 0.02234 0.05849223 -0.02601412
v -0.07181157 0.14861318 -0.03463949
v 0.05588848 0.07257925 0.01066965
v -0.03588507 0.12040038 -0.01064047
v 0.04447317 0.05329301 -0.00633279
v 0.01513719 0.11571495 0.03703198
v -0.07130283 0.11325363 0.04944453
v -0.01231822 0.05939639 -0.03526851
v 0.02025032 0.03703317 0.03932719
v -0.06308703 0.03961417 0.02518156
v -0.06395393 0.14694729 0.0384842
v -0.03833645 0.05450354 -0.01090532
v -0.0317141 0.03511153 -0.03065899
v -0.05763542 0.05042554 0.004610839999999999
v 0.03303009 0.08378164 0.04163693
v 0.0406359 0.06157486 0.02984125
v -0.00562217 0.09323501 0.05589363
v -0.06261511 0.09112688 0.04509073
v -0.04740182 0.07555034 0.04263014
v -0.06476043 0.15311588 -0.00203712
v -0.00663966 0.10222209 -0.02351932
v 0.00170238 0.03631089 0.0211796
v -0.0308676 0.09691468 0.0446514
v -0.05464236 0.15522963 0.0126124
v -0.07582414 0.107949 0.03712875
v -0.0351005 0.15203437 -0.00013279
v -0.04214806 0.12409627 -0.00956025
v -0.02607545 0.0359186 -0.01940517
v 0.05734515 0.06948272 0.02115351
v -0.04609494 0.1529685 0.00900297
v -0.07600326 0.16361344 -0.01802111
v -0.05199635 0.09970785 0.04271659
v -0.0758047 0.15134475 -0.0198812
v -0.01653094 0.16325 -0.00924752
v 0.00542651 0.06824796 -0.03273052
v -0.05037223 0.08884466 0.045188
v 0.01251784 0.10475378 -0.01991596
v -0.08980389 0.11498106 0.04277165
v -0.09116082 0.14144362 0.01567391
v -0.05603276 0.13731083 0.03197059
v -0.07367929 0.14785987 -0.02023629
v -0.0155101 0.04528311 0.05065304
v -0.0182239 0.09749457 0.04684794
v -0.02061671 0.18237588 -0.0142991
v -0.06671365 0.15358824 -0.0490971
v -0.03674491 0.08888695 0.04331205
v -0.07041323 0.141292 -0.00845908
v -0.03615128 0.04650514 0.0407409
v -0.07169363 0.039461 0.0060145
v -0.05145855 0.05587815 0.01590035
v -0.02917482 0.05226453 0.03763732
v -0.01124339 0.16457514 -0.01824078
v -0.04146083 0.0985448 0.04177862
v 0.05471496 0.06469716 0.02697968
v 0.02041482 0.03556758 -0.00378069
v 0.002254430000000001 0.03641154 -0.014783969999999995
v -0.04575428 0.03520698 0.04351812
v -0.06126337 0.03469041 0.0419949
v -0.08271096 0.11648975 0.04851853
v -0.01691125 0.05184355 0.04845932
v -0.02865763 0.03508338 0.05054944
v -0.0370771 0.15986369 0.00160965
v -0.06416081 0.03590077 0.01768757
v -0.07245548 0.17610676 -0.05353542
v 0.03551539 0.05044957 0.03143983
v 0.01008742 0.03704769 0.0308225
v -0.03433397 0.04092363 0.04842581
v -0.06838264 0.15980248 -0.0542088
v -0.07586294 0.15071299 -0.0090209
v 0.00137731 0.05230271 0.05314901
v -0.06302115 0.17810951 -0.06039357
v -0.0087947 0.04705685 -0.02988163
v -0.06371292 0.1127425 0.03800676
v -0.06847063 0.0374777 -0.00495574
v -0.05149981 0.03372911 -0.01208251
v -0.00625465 0.1012165 0.04432203
v -0.01024447 0.17895826 -0.02953887
v -0.07769672 0.17027889 -0.04311791
v -0.01322027 0.18397188 -0.02751946
v -0.00589038 0.03479062 -0.02422447
v -0.03402294 0.17597076 -0.00372716
v -0.06209598 0.16388324 -0.05838593
v -0.06529708 0.03477897 0.03374434
v -0.0309847 0.0381919 0.0323901
v -0.07972374 0.08422666 -0.00876086
v -0.07115651 0.16335125 -0.04536053
v -0.05727649 0.04729958 0.02988995
v -0.0277909 0.0380629 0.00793761
v -0.03282171 0.123005 -0.00590883
v 0.0007583100000000005 0.07043446 -0.03446256
v -0.04687082 0.03444413 0.03051313
v 0.04901572 0.04457363 0.02065945
v -0.00268438 0.05124742 0.05318679
v -0.02081428 0.03840096 0.02786843
v -0.05788943 0.03441957 0.03626576
v -0.06778055 0.15614453 0.01427632
v -0.08977133 0.12904861 0.04302299
v 0.029665 0.07150683 -0.02128234
v -0.06045852 0.11755645 -0.01135458
v 0.02013129 0.10732778 0.04032384
v -0.00943088 0.03888769 -0.007484869999999999
v -0.07900262 0.07633932 0.02924809
v -0.04638517 0.04749085 -0.01008598
v -0.01834 0.05748997 0.04976302
v -0.06814512 0.12748676 0.05014897
v -0.008988880000000001 0.12952269 0.02202681
v 0.04445013 0.0818469 0.02455292
v 0.02424663 0.12377758 0.00487645
v 0.00331017 0.06045684 -0.03248107
v 0.0607788 0.06164656 0.01046399
v 0.023706 0.08024041 -0.02545012
v -0.0031074 0.13072898 0.00564285
v -0.00809811 0.08907008 -0.0365522
v 0.003766719999999999 0.11240547 0.04149471
v -0.02942832 0.09316662 -0.02493186
v -0.01198759 0.05749321 0.05275242
v -0.08820623 0.0944857 0.02374401
v -0.02179114 0.10658035 -0.022327
v -0.06289681 0.14694778 -0.01309862
v 0.004465169999999999 0.12044039 -0.0139314
v -0.00364814 0.051869 -0.03145794
v -0.07860955 0.06965687 0.01181074
v 0.03287732 0.11691463 0.00929575
v 0.04591854 0.08703622 0.00842363
v -0.0915565 0.13196262 0.01063815
v -0.0633664 0.06279026 0.02564761
v -0.06573972 0.15565338 0.0260176
v -0.0549107 0.14662313 0.02843897
v -0.06242542 0.16366637 -0.04966729
v -0.06473158 0.15410067 -0.04046482
v -0.02853559 0.16208479 -0.01478603
v 0.02456706 0.04413011 -0.01082084
v 0.04287905 0.10093777 0.00947532
v 0.03540736 0.09818885 -0.01200897
v -0.08863127 0.0948812 0.00793376
v 0.04773575 0.05275104 0.03079729
v 0.0222529 0.0365833 0.0139797
v -0.0199263 0.16489742 -0.00999002
v -0.06025359 0.143391 -0.00379063
v -0.07344016 0.0954126 0.04021065
v -0.02088169 0.11409528 0.03787299
v 0.02008123 0.0351727 0.02801877
v -0.01213045 0.12572568 -0.00520079
v 0.02562034 0.11880719 -0.00503308
v -0.02191135 0.06714479 -0.03653575
v 0.03260038 0.05370752 -0.01100615
v -0.0477145 0.06194452 0.03670582
v -0.05919595 0.11320797 0.03623468
v -0.013991610000000002 0.11962575 0.03625154
v -0.06960838 0.07232289 -0.01093443
v -0.00820851 0.09677744 -0.03080978
v 0.04377959 0.04453072 -0.00126225
v -0.0203215 0.09399957 0.05158854
v 0.03190934 0.06465705 -0.01847341
v 0.03929153 0.10125969 0.02755052
v -0.07130551 0.07389902 0.03596978
v -0.01516584 0.11798075 -0.01446552
v -0.00384502 0.08478781 0.05719798
v 0.03724961 0.03750992 0.01481582
v -0.05110827 0.14520219 0.01427948
v -0.07604143 0.15663068 -0.02142048
v -0.0214163 0.17977662 -0.02173252
v 0.03990965 0.06817174 -0.00956982
v -0.069136 0.17247836 -0.03901333
v -0.08532984 0.15339912 0.02037829
v 0.007738979999999999 0.131475 0.01168297
v 0.03474286 0.09227414 -0.01565459
v -0.0790612 0.0737243 -0.00084521
v -0.03340734 0.03757704 -0.01615819
v 0.03614382 0.0844392 0.03793693
v -0.06383617 0.0817046 -0.01890886
v -0.0550398 0.0573097 0.0169909
v 0.01293394 0.1188725 -0.01397937
v -0.07526927 0.15232949 0.03437406
v -0.01877217 0.08983804 -0.03699171
v -0.0760467 0.09103725 -0.01364315
v -0.00586227 0.09735021 0.05274365
v 0.002491919999999998 0.12983563 0.02484711
v -0.08510625 0.08517658 0.02567944
v -0.07994049 0.10916678 0.0341198
v 0.02367799 0.05147439 0.04105327
v -0.0191353 0.0834748 0.05721739
v -0.06739078 0.11889688 -0.00873014
v -0.04025168 0.11827531 -0.01367408
v -0.03320232 0.1057832 -0.02064759
v -0.04559012 0.10853826 -0.01879668
v -0.08348971 0.10724729 0.0007579
v 0.01390641 0.12790838 0.02511024
v -0.04575208 0.16340754 -0.00817805
v -0.0357116 0.0358916 0.0155029
v -0.02984291 0.04678228 0.04774692
v -0.04795744 0.07254299 -0.01610699
v -0.03935794 0.08363138 0.04350235
v -0.0489848 0.09073176 -0.02181717
v -0.08782928 0.14351461 0.03570767
v -0.02287648 0.17392813 -0.01343114
v 0.00721296 0.12721957 -0.00520737
v 0.03073056 0.08196899 -0.02004046
v 0.04210691 0.08153316 -0.00666909
v 0.03016869 0.10048686 0.03940471
v -0.03760649 0.12422605 0.02431353
v 0.01674717 0.09011395 -0.02712719
v 0.022832 0.06708257 -0.02629751
v -0.07738841 0.14656426 -0.0043543
v -0.07431484 0.13761738 -0.00666988
v -0.05820313 0.13270975 0.03691868
v -0.05027144 0.14336563 0.0015153
v -0.06535212 0.09929457 -0.01682015
v -0.05721963 0.05700047 0.0049175799999999995
v 0.04019481 0.10231597 -0.00200486
v -0.06402805 0.09783867 0.04256533
v -0.04232454 0.10737278 0.03945644
v -0.06014579 0.04120205 0.04429383
v 0.0030802 0.09830736 0.05053564
v -0.04898439 0.11480518 -0.01596669
v -0.03274838 0.17759875 -0.01162747
v -0.08273246 0.14196856 0.00125291
v -0.07516532 0.11154286 0.04670718
v -0.07111297 0.06275147 0.00879955
v -0.0569964 0.15741713 0.00060244
v 0.01725278 0.04433561 -0.02306719
v -0.07605132 0.11103825 -0.00627221
v 0.03337391 0.1122789 0.02778813
v -0.03993796 0.1492285 0.00160172
v 0.02378007 0.09522294 0.04634733
v 0.01442402 0.0800855 0.0537556
v -0.04776565 0.13301969 0.02287402
v 0.02899033 0.04469785 -0.0061863
v -0.03122571 0.0804131 -0.03218232
v -0.0450775 0.13124443 0.01114577
v -0.0670064 0.06329287 -0.00174939
v -0.00859921 0.07933873 -0.03790518
v -0.06730647 0.04417683 0.00759583
v 0.00734468 0.09450957 -0.02968322
v -0.02868068 0.0682835 -0.03061016
v -0.08644296 0.12767438 -0.00148641
v -0.05614789 0.06192155 -0.00575411
v -0.06767647 0.14150325 0.04386814
v -0.08960727 0.13971105 0.02930856
v -0.05213064 0.05630297 0.02667246
v -0.05012658 0.07093315 0.03948101
v 0.00764059 0.08642723 0.05611785
v -0.08380358 0.125611 0.05044049
v -0.09118878 0.11588893 0.02470554
v -0.0926747 0.11701945 0.01188952
v -0.08416684 0.09775682 -0.00327619
v 0.00898082 0.0376394 0.0339008
v 0.00396778 0.03420021 0.00497545
v -0.04215048 0.04334397 -0.02150871
v -0.06809004 0.1164705 0.05115123
v -0.02089113 0.18595338 -0.01503736
v 0.01291959 0.06420358 0.05244115
v 0.01014524 0.12221678 0.03471895
v -0.01323595 0.06929282 -0.03791749
v 0.00373089 0.04812799 -0.02902597
v 0.03336394 0.06705476 0.03972948
v 0.04351477 0.09151989 -0.00264681
v 0.01062971 0.04671181 0.04647202
v 0.02546418 0.0540297 -0.02169101
v 0.0283222 0.10847957 -0.01262339
v -0.07291636 0.0650574 0.01879462
v -0.09128203 0.13311897 0.02468863
v -0.08277639 0.08343089 -0.0043687
v -0.00536083 0.112894 -0.01961329
v -0.03401618 0.07210127 -0.02082315
v 0.04757469 0.05294363 -0.00513003
v -0.01714217 0.09805746 -0.02492433
v -0.02957062 0.11713871 -0.01367553
v -0.09079545 0.13855232 0.02056256
v -0.06159141 0.15681572 -0.02594563
v -0.09318982 0.12019919 0.03791372
v 0.02099187 0.06933545 0.04900354
v -0.04567594 0.03370364 0.00643003
v -0.08939871 0.089539 0.01164555
v -0.05983122 0.04284226 -0.006646910000000001
v 0.05817739 0.05282132 0.01518242
v -0.0720836 0.1496555 -0.03926586
v -0.07460999 0.14727815 -0.01417238
v -0.00613534 0.06025679 -0.03469583
v -0.03144964 0.15460463 -0.00768023
v -0.03664724 0.16640131 -0.0002816699999999999
v -0.03027144 0.05210608 -0.01767614
v -0.05986717 0.08054051 0.04327709
v -0.02498201 0.08177765 0.05342106
v 0.004452260000000001 0.03770519 -0.012957649999999996
v 0.05373519 0.07202735 0.006801
v 0.01197835 0.10403629 0.04539631
v 0.01901688 0.1040145 -0.01933312
v -0.08636751 0.10906537 0.01198064
v -0.06532035 0.15390322 0.0009138599999999998
v -0.02345949 0.12615386 0.01661377
v -0.02596402 0.033487 -0.02632112
v 0.04291579 0.0667077 0.02699472
v 0.01677102 0.08864469 0.05052296
v -0.02320011 0.0765685 -0.0383865
v 0.004950240000000001 0.07802725 -0.03440975
v -0.0269407 0.03618405 0.05335185
v -0.01328026 0.03769959 -0.02639181
v -0.00637346 0.07218434 0.05797298
v -0.0417355 0.12687599 -0.0041742
v 0.03129876 0.07590744 0.04269906
v -0.06005285 0.1528035 0.03288763
v -0.00369538 0.03817278 0.0130468
v -0.02741265 0.07326945 0.04264138
v -0.05657208 0.12480275 -0.00718857
v -0.06707834 0.0338401 -0.00616883
v -0.06790277 0.08781723 0.04352699
v -0.05689601 0.13398739 -0.00562707
v 0.00745533 0.1119679 -0.01955426
v 0.05585896 0.06291017 0.0006903699999999998
v 0.00518207 0.04153632 -0.02406567
v -0.06006777 0.0414195 0.02295328
v -0.03268988 0.06772972 0.04012439
v 0.01031238 0.05758653 -0.02999525
v 0.02190239 0.06087597 0.04728236
v -0.0764239 0.15736285 -0.00903546
v 0.00088 0.09923493 -0.02435567
v -0.01362611 0.08978793 0.05667438
v 0.02169136 0.04016153 0.04084645
v -0.09025398 0.11366307 0.03772021
v 0.01050661 0.100877 -0.02210951
v -0.02249195 0.04651362 0.05188531
v 0.02174732 0.12118456 0.03087881
v 0.0396048 0.04493953 0.02999236
v -0.08667467 0.08266501 0.01517434
v 0.04263528 0.06079746 -0.00345837
v -0.02656143 0.09328951 0.04497542
v -0.03410824 0.06146656 -0.01305313
v -0.03655337 0.08531619 -0.0225762
v -0.04880903 0.09108389 0.04445669
v -0.07843646 0.13928013 0.04832936
v -0.06495896 0.15852021 -0.01259532
v -0.07300115 0.11826712 0.05303459
v 0.02162111 0.03765724 -0.00470216
v -0.0470801 0.04070069 -0.01186983
v -0.03587487 0.034776 -0.0308452
v -0.04568108 0.08498801 0.0441595
v -0.01337108 0.03436158 -0.01902372
v -0.02021821 0.10214391 0.04370116
v 0.05843996 0.07020081 0.01777962
v -0.09001211 0.15083344 0.01575274
v -0.0547258 0.12071262 0.03745145
v -0.04585156 0.12072981 0.02766504
v -0.05693105 0.0881015 0.04469293
v -0.08523662 0.11077356 0.02453767
v -0.06617812 0.1421835 -0.00937663
v 0.05682062 0.06369115 0.02528609
v -0.04665353 0.15917824 0.0078019
v -0.01524219 0.0709099 0.05500479
v -0.00318366 0.03622991 0.0478731
v -0.05332305 0.1527352 0.01621386
v -0.0008548000000000004 0.06059352 0.05582481
v -0.03323891 0.08857358 0.04369704
v -0.05328835 0.05192576 0.01173035
v -0.05096475 0.03831229 0.04628614
v -0.01772754 0.03628954 0.05222225
v -0.06375464 0.03825012 0.0165935
v -0.07035972 0.16906988 -0.02614426
v -0.01048281 0.16668287 -0.02174609
v -0.06744766 0.15507675 -0.05159425
v 0.01227518 0.06993394 -0.03155316
v -0.02805424 0.05455103 0.03678685
v -0.07038153 0.1807118 -0.05317259
v -0.08517596 0.11706809 0.04813942
v 0.04820685 0.07269858 0.01699463
v -0.01219349 0.0494703 0.04948449
v -0.05517413 0.04838388 0.03851778
v -0.0215921 0.1576344 -0.00686236
v 0.0153228 0.0362397 0.00366285
v -0.04371996 0.16822738 0.0023425
v -0.04749691 0.10635662 0.04016564
v -0.07311021 0.14847168 -0.02874847
v -0.0450584 0.03360049 -0.01252751
v -0.03383244 0.03516882 0.04695789
v 0.01134744 0.03621302 0.04465228
v 0.0036285 0.05319864 0.05342271
v -0.01574841 0.04504386 -0.02787779
v 0.05041229 0.06031261 0.03024506
v -0.06424952 0.16045024 -0.05704147
v -0.07542773 0.15201213 -0.01439369
v 0.03425813 0.05193081 0.03275788
v -0.00869604 0.17291588 -0.02670877
v 0.00322223 0.03870844 0.02589875
v -0.07175223 0.03678935 0.00869667
v -0.06011354 0.03555044 0.04490758
v -0.07767723 0.16610992 -0.03677732
v -0.03499829 0.05233156 -0.01034738
v -0.03917968 0.04240674 0.04147607
v -0.0559652 0.03352991 -0.00912462
v -0.06887649 0.11022176 0.03900463
v -0.07120655 0.03860857 0.00077218
v -0.05825951 0.14099493 0.03244064
v -0.05059517 0.04992327 0.01917413
v -0.01545147 0.185976 -0.02479587
v -0.00780469 0.10516619 0.04382546
v 0.00628135 0.0341658 -0.01876423
v -0.01422252 0.16167426 -0.01334906
v -0.03135574 0.15809888 0.00191288
v -0.07715305 0.17378676 -0.04786762
v -0.0283987 0.1807065 -0.00784695
v -0.06680415 0.03737774 0.03329629
v -0.06504737 0.17999148 -0.0597586
v -0.06096542 0.17002113 -0.06083939
v -0.0112898 0.0395292 0.0388441
v -0.06176865 0.16067957 -0.03404635
v -0.03926941 0.15205232 -0.00662038
v -0.05342579 0.03456002 0.04278242
v 0.01622432 0.08648038 -0.02895201
v -0.08908625 0.09237712 0.01056986
v -0.01850208 0.08334387 -0.03901072
v -0.02001809 0.0675693 0.05156534
v -0.04227676 0.09498257 -0.02256242
v 0.02400026 0.12468761 0.01551793
v -0.01465595 0.17456543 -0.02597269
v -0.04191321 0.03446772 0.03320004
v -0.08029431 0.07170243 0.0159953
v -0.07429136 0.07480836 -0.00935379
v -0.01425173 0.03864803 -0.004303039999999998
v 0.04271912 0.03997707 0.00893216
v 0.04075136 0.10554729 0.00750741
v 0.004315589999999998 0.12782561 0.02864688
v -0.07208378 0.17499844 -0.04193032
v -0.04638017 0.03360523 -0.0008943499999999999
v -0.08526982 0.10267793 0.00139356
v -0.02492983 0.11592775 0.03409473
v -0.07448862 0.15649443 -0.00259546
v -0.07893563 0.14817228 0.03946307
v -0.01522708 0.12784878 0.0215452
v -0.04424324 0.10431726 0.04133999
v -0.00901793 0.12528031 -0.0077912
v -0.07875155 0.09524029 -0.01060067
v 0.01166932 0.12720154 -0.00318509
v 0.003576559999999998 0.13138981 0.0072086
v -0.01349387 0.12882438 0.00596907
v 0.0168328 0.10337487 0.04528727
v -0.02900958 0.05126529 -0.02217578
v 0.02456242 0.04836956 -0.01967276
v 0.03878553 0.0949543 0.03252022
v 0.0222916 0.03705331 0.03310102
v -0.01718435 0.0482105 -0.02974193
v 0.02144358 0.12273826 -0.00293167
v -0.08065111 0.13119854 -0.00443978
v -0.07301905 0.15602104 0.02241934
v 0.00556812 0.07639714 0.05632722
v -0.07091721 0.10754846 -0.01149663
v -0.0169704 0.11119793 -0.01958641
v -0.03729248 0.16449057 -0.01362705
v 0.02497563 0.04264458 -0.00701699
v -0.02579807 0.037865 0.01998146
v 0.0388831 0.04103298 0.02497657
v -0.004243940000000001 0.12914902 0.02582923
v 0.02814766 0.07878537 -0.02243245
v 0.02046152 0.11515372 -0.01310378
v -0.09233192 0.12523886 0.00915895
v -0.03645207 0.12199869 0.02767065
v -0.06353813 0.04352402 0.03797401
v -0.05905876 0.1004126 0.04272513
v -0.05869811 0.15137318 -0.00065801
v 0.04177246 0.06956802 -0.0061596
v -0.08876054 0.09703744 0.02107904
v -0.07716839 0.06982645 0.00506056
v 0.04469298 0.09268855 0.00224667
v -0.02483333 0.09585803 -0.02516211
v 0.00524969 0.0395071 0.0332712
v -0.054019 0.0333099 0.015848
v -0.06124178 0.05900744 0.00809166
v -0.0011390099999999993 0.03917676 -0.010381369999999996
v -0.0158628 0.09702162 0.05013936
v -0.06434822 0.12628088 0.0466502
v -0.0004270999999999995 0.08294737 -0.03638066
v -0.07697576 0.08293594 -0.01145063
v -0.04518651 0.04245342 -0.01419362
v -0.07599611 0.11714132 -0.00655772
v 0.009507839999999997 0.13041865 0.02071502
v 0.0083873 0.11336223 0.03979261
v 0.0011760099999999995 0.10932531 0.0426628
v 0.03553808 0.07606296 -0.01443475
v 0.02015313 0.11849719 0.03427125
v -0.01295337 0.1159358 0.03892023
v 0.0179048 0.10627709 -0.01772925
v -0.08969839 0.13971257 0.01377476
v 0.05285416 0.05189867 -0.0006206999999999999
v -0.07410756 0.06958603 0.0272644
v 0.02985902 0.03498013 0.00983493
v 0.00941359 0.12121902 -0.01293778
v -0.03415108 0.17442797 -0.01331255
v 0.02410872 0.0844926 0.04829231
v -0.0353857 0.06681743 -0.01543486
v -0.04647123 0.05130434 -0.00982998
v 0.01961865 0.06700739 -0.02835612
v -0.0017359199999999995 0.09224417 -0.03431046
v -0.08154276 0.07795066 0.02672728
v -0.02917729 0.17619959 -0.00562411
v -0.07721601 0.08559488 0.03742077
v -0.07890835 0.0948309 0.0354355
v -0.06539832 0.11751956 0.04873557
v 0.02879114 0.09115734 -0.02037021
v -0.06697885 0.06763898 -0.00680944
v -0.04372385 0.16191369 0.00577134
v -0.0572648 0.1550625 0.01932243
v -0.0046019400000000005 0.12428544 0.03347196
v -0.0800664 0.1503965 0.00060518
v -0.08740506 0.1059399 0.01364592
v -0.06663333 0.0610017 0.01810124
v -0.02398834 0.08599559 0.05371643
v -0.05784676 0.10433496 -0.01852574
v -0.06105166 0.04439223 0.01242194
v 0.0282048 0.06439127 -0.02069804
v 0.00910072 0.04847449 0.04935319
v -0.08434134 0.11388013 0.04651348
v -0.08374048 0.07724027 0.00466733
v -0.02711346 0.17332156 -0.01853889
v 0.03652388 0.08199175 -0.01622959
v -0.06607018 0.16557822 -0.05864408
v -0.00121887 0.09620175 0.05381591
v -0.03376149 0.12617876 0.00171323
v -0.08964111 0.1384192 0.0341418
v -0.03075485 0.03863981 -0.01405077
v -0.0450084 0.06272394 -0.01339045
v 0.05690798 0.05157813 0.00725383
v 0.01684214 0.05555567 -0.02828456
v -0.06195439 0.1686532 -0.05262116
v -0.06095992 0.09417304 -0.01901567
v -0.02725396 0.10747453 -0.02127968
v 0.06007869 0.06812926 0.0114545
v -0.01852762 0.17653197 -0.01704354
v -0.05958244 0.15623338 0.00792099
v -0.09019954 0.11657506 0.00567549
v 0.00091714 0.03480338 0.01563469
v -0.05307818 0.13754688 0.02826647
v -0.08697036 0.08891209 0.02487986
v -0.07857777 0.16420639 -0.03182586
v -0.0389799 0.05799627 0.04015139
v -0.06505975 0.13452104 -0.00808999
v -0.08497041 0.15322309 0.01265446
v 0.0208979 0.0359371 0.0087849
v -0.0001041499999999999 0.07688195 0.05819074
v 0.03990694 0.06436126 0.03168666
v -0.06327489 0.15245731 -0.03222173
v -0.04975442 0.0497383 0.03703711
v -0.00738349 0.07479962 -0.03722383
v 0.00350782 0.08633952 0.05704832
v -0.01261963 0.06163503 0.05442408
v -0.01507806 0.09386344 -0.03431731
v -0.06954063 0.15308527 0.03386572
v -0.0623456 0.14745498 -0.00766002
v -0.08527021 0.1055177 0.02329094
v 0.01093623 0.08602729 0.05473267
v -0.04858001 0.16689211 -0.00252561
v -0.05074574 0.0761484 0.04313763
v 0.0185057 0.0382941 -0.0171365
v 0.03669588 0.10372844 -0.00796215
v -0.06560988 0.07586001 -0.01675006
v 0.05170379 0.04885738 0.02414797
v -0.04774363 0.12064432 -0.01281299
v -0.07113538 0.13817656 0.04785396
v 0.02441173 0.09801688 0.0446874
v 0.0335683 0.11523716 0.02179841
v -0.01120401 0.08271332 -0.03848961
v 0.0242862 0.05495858 0.04308685
v 0.02925 0.10651935 0.03659033
v 0.02333713 0.12353449 0.02487414
v -0.0030471200000000004 0.12919453 -0.0010688
v -0.02842571 0.06219961 -0.0279385
v -0.08615362 0.12735612 0.04856396
v -0.05272245 0.04472285 0.04414325
v -0.04564315 0.15466949 -0.00729694
v -0.06798379 0.16974781 -0.03162749
v -0.03153583 0.04474041 -0.02807941
v -0.0837022 0.12226381 -0.00373014
v -0.07085954 0.07151015 0.0338951
v 0.03088504 0.07899948 0.04338877
v -0.05110362 0.07307195 -0.01624306
v -0.08327254 0.08947669 -0.00565029
v 0.03534175 0.06163003 0.03760602
v -0.06001039 0.14284463 0.03544969
v -0.0383409 0.06884377 0.04184647
v -0.06012734 0.12041391 -0.00937911
v -0.07354845 0.16120822 -0.03528842
v 0.05394401 0.06139155 0.02826853
v 0.05645525 0.06995149 0.00491917
v -0.08777347 0.11181412 0.03714431
v 0.04463114 0.08417838 0.00082665
v 0.01504821 0.04575584 0.04379387
v 0.03150187 0.11725172 0.00168551
v -0.01681188 0.06127523 -0.03592933
v -0.0422969 0.03629192 -0.0272536
v 0.03097519 0.1079025 -0.01105843
v -0.0624641 0.043722 0.02849331
v -0.0511766 0.06806188 0.03739833
v 0.0272687 0.04454779 0.03615252
v -0.07280136 0.06438259 0.01208908
v 0.00266452 0.06270001 0.05652521
v -0.08145547 0.13012213 0.05211766
v 0.00894037 0.10710645 0.0412434
v -0.06908716 0.11205014 0.04532006
v -0.00853698 0.09992122 -0.02435107
v 0.03275647 0.08896913 0.04221545
v -0.09249923 0.121315 0.0292562
v -0.03077129 0.12564075 0.01659477
v -0.06936851 0.09524279 0.042129
v -0.07455096 0.17218738 -0.04755101
v -0.05689789 0.04965557 -0.0015319000000000005
v -0.04966581 0.12063801 0.03216327
v 0.03066277 0.05730039 -0.01651837
v -0.06311734 0.15425437 0.00297304
v -0.03699275 0.15063932 -0.00203723
v -0.08120631 0.11205088 -0.00088299
v -0.05562373 0.09218742 0.04505497
v -0.00910873 0.11141669 -0.02054323
v -0.06612237 0.04234126 -0.00275388
v -0.06479376 0.17885275 -0.05588325
v -0.06706921 0.09114461 -0.01742595
v -0.05188742 0.05332467 0.02870556
v -0.05009567 0.10990925 -0.01850451
v -0.03148777 0.04693021 0.04525321
v -0.03055779 0.08862592 -0.02755067
v -0.04942261 0.14283525 0.00897283
v -0.04177183 0.10396706 -0.02083294
v -0.09423771 0.12615419 0.02220145
v -0.05691654 0.12623512 0.03942661
v -0.02895094 0.03928594 0.05330909
v -0.04505562 0.07879628 0.04234131
v 0.03534987 0.04125705 -0.00280751
v 0.00733348 0.08527 -0.03282938
v 0.05882602 0.05550378 0.01864792
v -0.03822568 0.12465525 -0.00732574
v 0.00621941 0.0351341 0.00654928
v -0.08679473 0.13850688 0.00455759
v 0.01040602 0.0591624 0.05248437
v -0.07720888 0.10715887 0.03473829
v 0.00649805 0.07079187 -0.03352531
v -0.03371541 0.11151566 -0.01807844
v -0.0471043 0.0355495 0.00808039
v -0.06090236 0.0434295 0.04267853
v 0.01632923 0.12251895 0.03137539
v -0.05952073 0.06104026 -0.00237538
v 0.01553237 0.07658696 -0.02960694
v 0.0297407 0.05032469 -0.01399086
v -0.0018733500000000008 0.1159391 -0.01716943
v -0.03622563 0.10634244 0.03864486
v -0.05816759 0.05998519 0.02260606
v -0.02834207 0.09778268 0.04376128
v -0.07489822 0.11458863 0.05077648
v -0.08486389 0.0783921 0.01646201
v -0.03325868 0.07962167 -0.02714606
v 0.04342254 0.09186037 0.02453845
v 0.01576056 0.09320356 0.04993931
v -0.0403421 0.11669551 0.0324602
v -0.00939362 0.10742813 0.04345457
v -0.09055793 0.11275994 0.01614103
v -0.05662762 0.15270606 0.02962903
v -0.02580991 0.08888959 -0.03508225
v -0.0637159 0.03377693 -0.00800656
v 0.01047364 0.0347426 -0.01126287
v -0.05113956 0.09661758 -0.02209512
v -0.08813028 0.09754051 0.0056788
v -0.09265428 0.12084025 0.04162965
v -0.01847127 0.15967716 -0.01116951
v -0.0013896899999999996 0.03865136 0.002396650000000001
v -0.02627316 0.07763116 0.04835618
v -0.01524109 0.09182172 0.05581723
v 0.01369909 0.09391422 -0.02642769
v -0.04205639 0.08671152 0.04253463
v -0.03027249 0.06247466 0.03798222
v -0.06216506 0.1566685 -0.01783776
v -0.09085014 0.14625613 0.01480905
v -0.08094497 0.13903572 0.04735908
v -0.0776504 0.15658012 -0.01659915
v -0.02723319 0.08057095 -0.03662067
v 0.0214998 0.0358071 0.0181694
v 0.02565853 0.07055046 0.04453993
v 0.00329066 0.03583347 0.04602461
v -0.01987577 0.05160771 0.046142
v 0.00816864 0.04505303 -0.02517874
v -0.01805793 0.10503919 0.04280283
v -0.06836934 0.12289287 0.05243786
v -0.0357498 0.07724835 -0.01937402
v -0.06499215 0.0845509 0.04412006
v -0.05079286 0.12716487 -0.00481832
v -0.03183499 0.09072297 0.04417346
v 0.04440853 0.06975886 0.00094765
v 0.05955801 0.06309926 0.0059471
v 0.01866066 0.10030784 -0.02212729
v 0.01717677 0.07306623 0.0518266
v 0.00059285 0.05286795 -0.03051383
v -0.06886688 0.14723338 -0.02873987
v -0.04533445 0.12891494 0.00158191
v -0.00947804 0.0359776 0.04943421
v 0.04433126 0.05581801 -0.00603627
v -0.05585994 0.11774313 0.03725348
v 0.04666116 0.05471923 0.03197681
v -0.08522963 0.11200712 0.03041694
v 0.01953706 0.06000378 0.04857614
v 0.05684756 0.07201716 0.01713938
v -0.03204356 0.05046183 0.03934152
v -0.06968546 0.03447878 0.00979843
v 0.03320562 0.05102065 -0.00723825
v -0.0658107 0.14359119 -0.01258538
v -0.01961623 0.12109197 -0.00954877
v -0.04428625 0.12606625 0.02079522
v 0.04683447 0.0743541 0.0101395
v 0.03547204 0.07307667 0.03848227
v -0.01498154 0.03587818 -0.01799238
v -0.08836094 0.14996706 0.02604417
v 0.00627231 0.09991037 -0.02229689
v -0.03761382 0.04953477 -0.01162614
v 0.00974128 0.0631814 -0.03114137
v -0.07582932 0.14244605 -0.005809
v -0.05656035 0.04835554 0.03660705
v -0.02236579 0.04807365 0.0501265
v 0.003806449999999999 0.10944331 -0.02020379
v -0.0514957 0.10496738 0.04034721
v 0.03883862 0.05780826 -0.00525848
v -0.03879109 0.08523271 -0.0219176
v 0.04618356 0.06191011 0.0302234
v -0.03158211 0.1664185 -0.005732
v -0.07088766 0.14404618 -0.01490848
v -0.05159565 0.08442207 -0.02160096
v -0.03316439 0.03360654 -0.02972188
v 0.05641273 0.06765993 0.02396932
v -0.00978457 0.16928488 -0.02475666
v -0.06769104 0.10734145 0.03801844
v 0.01643935 0.03563511 0.04128104
v -0.07116595 0.03936631 0.00811421
v -0.01060359 0.05360291 -0.03340335
v -0.03502264 0.08288816 0.04291276
v -0.02410695 0.18380887 -0.01154476
v -0.03934321 0.03544018 0.04249256
v -0.04180409 0.15582081 0.00645482
v -0.08914646 0.136505 0.02595278
v -0.06906618 0.03371763 -0.00019760999999999997
v -0.05088731 0.0527279 0.01445579
v 0.01996812 0.03484399 -0.00189849
v -0.05170416 0.03762036 -0.01176345
v -0.05242017 0.15310101 0.01292737
v -0.07539087 0.17952824 -0.05240205
v -0.02293396 0.03563291 0.05286549
v -0.07540585 0.16839072 -0.02679298
v -0.05262636 0.06004376 -0.00895669
v -0.05699226 0.14311862 -0.0022403
v -0.00731573 0.07391959 0.05797169
v -0.00810884 0.04343906 -0.02614007
v -0.00534863 0.03382901 -0.02260043
v -0.07457755 0.15164041 -0.02864799
v -0.01624919 0.05429211 0.05030694
v -0.0540004 0.08056841 0.04460146
v 0.04516144 0.07103038 0.02253069
v -0.051904 0.04610006 0.01942129
v -0.05592825 0.03591731 0.0463761
v -0.03552632 0.17595563 -0.00486762
v -0.06276313 0.13778012 0.03667859
v -0.01699318 0.08255582 0.05752388
v -0.00149855 0.05592548 0.0546308
v -0.08800107 0.08662643 0.01546668
v -0.02629178 0.15963381 -0.00051845
v 0.03849726 0.0480624 0.03173745
v -0.03528334 0.03417978 0.02274486
v 0.008383300000000002 0.0347487 0.02405731
v -0.00094964 0.10141111 0.04429007
v -0.08357775 0.12052625 0.0491775
v -0.03389698 0.05702533 -0.01104757
v -0.0627918 0.03459676 0.02350564
v -0.06440032 0.158344 -0.05425637
v -0.07086356 0.16136525 -0.00973246
v -0.04426579 0.03366366 -0.02191442
v -0.0111837 0.1645 -0.01615169
v -0.00689641 0.08443291 0.05716858
v -0.069413 0.15121847 -0.04453854
v -0.07869963 0.1731391 -0.04272047
v -0.01217198 0.18125102 -0.02906117
v -0.01377495 0.07088795 0.05469563
v -0.00700126 0.04641652 0.04748554
v -0.01868568 0.18689625 -0.0202487
v -0.07492414 0.15273013 -0.01939744
v -0.03699625 0.16899301 0.0013256300000000002
v -0.06421221 0.03499256 0.03940192
v -0.06235924 0.17544824 -0.06148599
v -0.06274451 0.16397531 -0.05939828
v -0.0677877 0.18088887 -0.05819105
f 1173 2488 172
f 1366 808 2157
f 1333 2156 1889
f 2425 1139 1312
f 151 60 9
f 1371 1539 70
f 2132 764 1858
f 2293 964 314
f 2422 1157 1707
f 1446 578 396
f 2265 1004 187
f 1374 1004 1102
f 2003 1332 1003
f 1183 2352 1694
f 900 1776 2387
f 116 2341 1130
f 1222 816 696
f 2151 2014 1104
f 1288 568 2366
f 2397 198 1294
f 1228 455 2330
f 1371 1922 1539
f 652 1827 2469
f 1765 1246 781
f 730 2202 1233
f 647 2222 1283
f 982 502 2328
f 2400 163 1828
f 755 1785 1011
f 1534 2303 2101
f 499 1217 1005
f 1796 1268 1502
f 2280 613 1362
f 1871 1702 1268
f 680 1763 1929
f 741 218 300
f 54 396 449
f 1697 1979 1237
f 1995 2408 1336
f 2408 1995 1370
f 585 718 311
f 1810 914 2312
f 265 1847 1139
f 800 1738 2295
f 370 557 246
f 592 1893 800
f 1878 289 965
f 421 1785 55
f 2271 1719 1965
f 58 613 2280
f 180 692 2284
f 1423 1735 2430
f 841 1821 1627
f 817 682 1354
f 1852 1592 422
f 1580 289 189
f 971 1639 1999
f 173 457 202
f 1049 1930 493
f 1444 172 376
f 167 16 127
f 810 1848 2177
f 1042 498 2226
f 266 808 936
f 1013 1819 1376
f 2329 1013 1376
f 1376 1819 885
f 1615 1130 1334
f 1152 833 2239
f 2312 914 2035
f 1547 2136 743
f 71 1831 1129
f 1810 1445 599
f 1820 1568 1035
f 426 1084 1488
f 1021 1224 2150
f 2433 1445 1631
f 2484 930 2087
f 241 2134 1134
f 1656 386 2217
f 2337 1181 416
f 1430 274 1790
f 646 1368 1164
f 1007 2442 1618
f 73 443 911
f 1127 386 638
f 1928 1590 2432
f 1116 706 1344
f 73 911 1436
f 1035 2240 483
f 1809 2302 378
f 2302 1262 378
f 990 1145 1354
f 1397 996 2369
f 1912 444 1380
f 249 1756 2468
f 2093 600 924
f 94 93 807
f 682 990 1354
f 1986 2297 1203
f 1969 391 622
f 1986 1633 1468
f 1694 447 315
f 778 488 409
f 2441 1379 1707
f 588 2203 939
f 83 1065 1862
f 588 2011 2203
f 563 2009 1245
f 1839 652 294
f 993 803 597
f 2032 82 442
f 975 1909 1577
f 975 1610 1909
f 746 1119 803
f 2175 1834 749
f 50 1945 1693
f 1875 1306 148
f 847 512 992
f 263 1735 1423
f 1457 2459 2074
f 2129 657 1636
f 309 756 949
f 2269 1685 1842
f 1025 2214 1372
f 1724 494 1432
f 1544 685 284
f 2212 263 1423
f 1184 1392 634
f 1223 2131 603
f 1223 1661 2131
f 589 1938 2338
f 2355 1813 1051
f 1372 1543 958
f 1372 958 2193
f 1551 507 794
f 1454 1795 1844
f 360 2229 1673
f 2229 360 1121
f 1664 2168 704
f 2163 1542 87
f 2133 1616 1440
f 2293 1629 964
f 1029 641 1686
f 512 2031 992
f 1226 1868 1342
f 1649 1389 1841
f 1677 1254 980
f 1557 196 1882
f 178 2097 357
f 2207 1512 1215
f 1049 493 719
f 2416 375 1010
f 581 193 1824
f 2416 1903 375
f 2354 1903 489
f 972 737 373
f 1212 156 535
f 1212 2189 156
f 1824 193 2141
f 544 2294 830
f 1650 379 1212
f 238 1638 1324
f 1324 1638 1108
f 1545 515 412
f 974 1964 2313
f 93 92 2241
f 2365 994 1895
f 711 300 586
f 908 1036 1241
f 977 210 1854
f 228 105 127
f 60 137 173
f 227 1787 457
f 72 13 128
f 515 128 1541
f 1100 885 1819
f 697 161 1472
f 287 2303 2101
f 438 769 1307
f 2195 1643 110
f 1167 110 1826
f 2197 1572 683
f 730 1575 2202
f 2034 1662 112
f 2409 1358 798
f 2135 525 1124
f 2438 321 1397
f 1234 1399 490
f 940 2036 1222
f 1042 498 2270
f 1436 1202 911
f 1953 1334 1615
f 550 493 906
f 1250 1759 117
f 1656 1863 2218
f 254 1995 1370
f 1141 252 2017
f 1479 956 732
f 2471 2088 1567
f 408 1535 1345
f 2299 2115 1337
f 2169 907 1168
f 371 1564 1866
f 518 2347 703
f 2160 637 144
f 2109 378 1262
f 1098 172 1477
f 1985 1110 1396
f 1848 1427 2177
f 955 1606 1153
f 394 2162 1732
f 1032 454 1857
f 640 881 2311
f 1526 2440 952
f 2474 1394 582
f 736 1347 128
f 2130 947 1780
f 1972 1377 1643
f 1677 2159 1254
f 1642 1915 130
f 1416 1142 1614
f 32 304 392
f 1241 392 1036
f 87 1542 2309
f 798 220 1243
f 2256 1460 1555
f 1870 974 1586
f 1845 972 373
f 1343 2217 386
f 2411 1646 1367
f 1750 1137 855
f 4 568 969
f 585 1163 311
f 202 2145 1887
f 318 1196 1595
f 2258 1154 295
f 425 2064 1654
f 2261 438 1465
f 2261 1465 548
f 5 105 228
f 1885 2235 1695
f 2334 1014 141
f 865 1998 1167
f 2391 1208 1443
f 1966 2288 930
f 1781 2130 858
f 299 143 77
f 1705 785 144
f 1832 1243 798
f 1342 81 1958
f 1068 245 1704
f 593 743 2285
f 6 1378 2359
f 2307 644 147
f 2307 147 1981
f 1605 1330 148
f 337 1274 2405
f 1469 2464 671
f 2329 313 1376
f 1812 1727 2350
f 1812 2350 1385
f 1125 1707 1379
f 629 834 1809
f 1612 2228 761
f 900 1498 1776
f 776 1841 660
f 2040 842 1637
f 2226 1042 1238
f 2147 1969 1357
f 2446 569 155
f 2113 1796 541
f 2315 972 1942
f 435 994 2365
f 1205 2253 1591
f 1384 1017 2223
f 2112 1798 158
f 2455 604 915
f 1319 536 901
f 1853 458 1080
f 65 776 2169
f 65 1546 1192
f 1038 1607 1405
f 295 1405 2258
f 2421 122 1869
f 2413 2049 879
f 322 1242 1700
f 1585 1929 680
f 524 1153 394
f 548 2298 1465
f 472 2443 2015
f 2241 807 93
f 1609 979 166
f 146 2136 743
f 2382 1332 1003
f 323 1176 952
f 553 1495 168
f 2190 581 1657
f 1833 2406 169
f 1146 381 859
f 2244 1724 170
f 2244 170 788
f 588 2407 171
f 813 329 454
f 882 1098 172
f 882 172 2149
f 406 227 1787
f 675 480 1356
f 356 543 594
f 1603 594 1053
f 1910 1357 2147
f 2251 1968 639
f 33 2238 1900
f 2483 899 1404
f 56 1166 2139
f 452 2368 1675
f 1784 2097 178
f 2079 1297 2412
f 1907 1577 179
f 1907 179 1310
f 1738 800 1893
f 872 1599 1923
f 1955 2264 181
f 507 181 725
f 1481 2053 182
f 2436 578 204
f 74 2230 183
f 2116 1652 1420
f 375 1010 1191
f 248 1628 486
f 2211 1388 1670
f 1135 1670 321
f 149 1912 444
f 149 1689 1943
f 890 1881 187
f 1740 2238 1026
f 1467 1539 1922
f 1391 1601 1890
f 592 2161 1351
f 1583 804 1120
f 1089 2448 667
f 354 1112 183
f 2402 1340 1570
f 695 1570 2217
f 1008 1976 1729
f 1008 456 2201
f 1536 2141 193
f 1536 193 303
f 691 821 2178
f 1334 1123 1953
f 1664 704 360
f 1320 309 2276
f 955 1606 681
f 1335 598 2277
f 2243 1639 630
f 1989 1447 1728
f 752 2339 1031
f 1460 2388 1555
f 49 847 702
f 1928 868 1590
f 2040 1637 2429
f 2333 1987 654
f 708 1177 201
f 873 2368 56
f 2081 2291 202
f 2255 2109 1262
f 1981 300 2232
f 1816 221 950
f 155 670 1446
f 1796 1871 1268
f 472 400 205
f 1232 564 2489
f 2076 1769 206
f 1746 1498 1159
f 1610 975 2356
f 1414 1616 2133
f 621 1217 1005
f 625 2317 1443
f 263 514 209
f 1642 330 1142
f 16 1381 2170
f 16 1912 1380
f 1963 1652 1420
f 1849 2365 435
f 2034 2398 212
f 2034 212 643
f 60 106 227
f 1791 1304 270
f 806 1868 214
f 2287 1342 554
f 14 2459 1747
f 2250 1376 313
f 1365 1968 216
f 1967 1010 1617
f 1597 1855 217
f 2362 1140 1869
f 59 876 2395
f 59 1995 1336
f 1553 1418 389
f 1553 389 2399
f 132 1731 944
f 1029 1977 1686
f 473 1816 916
f 1490 1069 104
f 1684 1216 2385
f 2491 890 1881
f 561 2304 2009
f 2063 1506 1752
f 1 1303 1572
f 2174 1901 1338
f 1693 2168 225
f 2301 1822 477
f 1526 2440 866
f 1576 647 2222
f 787 1529 2237
f 787 2237 1530
f 2082 658 1317
f 1552 1317 2137
f 1321 1224 2150
f 2375 1384 1017
f 852 2283 230
f 1348 487 1280
f 1584 1891 231
f 80 463 2221
f 2424 1123 232
f 1535 1334 1130
f 533 1323 1856
f 1933 734 2275
f 1937 664 234
f 2483 1009 1404
f 207 2186 860
f 727 1538 2376
f 764 2132 1679
f 2183 312 1671
f 1914 1031 1713
f 1765 2045 19
f 1630 623 238
f 1586 2313 974
f 1620 864 1364
f 171 329 813
f 1347 736 2486
f 2080 354 1112
f 2384 1134 241
f 2027 1344 1711
f 1377 1643 2195
f 2489 2096 564
f 2332 1496 243
f 1481 359 182
f 1592 2128 244
f 1887 2291 202
f 145 476 245
f 2211 2051 1388
f 1231 557 246
f 2277 1815 598
f 540 492 2467
f 2021 643 1540
f 2381 1628 248
f 1761 1277 1055
f 1792 2103 249
f 904 1157 1770
f 671 1930 1668
f 2290 657 1636
f 124 336 366
f 1762 748 2390
f 1053 479 252
f 1949 252 1141
f 1855 122 2171
f 1495 758 168
f 58 2321 1738
f 731 2210 1453
f 1575 2202 1872
f 2144 1338 1901
f 979 1609 1122
f 1537 1302 82
f 1318 1156 771
f 2372 771 532
f 1117 1561 258
f 2241 258 92
f 1825 1622 976
f 830 976 1879
f 643 1540 260
f 1795 2163 87
f 1346 1563 261
f 2301 1693 1822
f 1838 1624 991
f 1838 991 2186
f 2463 1355 1172
f 1960 1313 330
f 1499 723 264
f 123 1623 511
f 395 1847 265
f 2185 265 812
f 2157 1835 266
f 2157 266 808
f 1850 1100 267
f 1850 1384 1195
f 1240 412 1505
f 1327 865 1998
f 2253 1144 1763
f 2253 1763 1205
f 1602 1304 270
f 2492 2083 1768
f 1203 401 1808
f 1103 1320 1894
f 1633 759 1487
f 1236 2478 886
f 978 1462 740
f 1635 1447 1989
f 752 1771 274
f 752 274 2339
f 112 212 672
f 1705 788 2244
f 1124 525 2379
f 634 429 1392
f 2474 600 277
f 2474 1171 582
f 243 596 1934
f 2436 726 204
f 1350 192 2318
f 1476 2010 1207
f 1152 833 280
f 2411 1953 1615
f 1691 2068 281
f 1691 281 1967
f 1315 2191 282
f 1315 1799 775
f 1737 1105 283
f 1895 1352 994
f 2213 1544 284
f 1627 1834 2175
f 1661 1223 2348
f 1637 1957 842
f 524 196 286
f 524 2104 2314
f 1387 2439 1070
f 17 1070 1506
f 2292 1464 288
f 1412 288 624
f 18 1580 289
f 937 692 2284
f 1742 1260 2346
f 1361 552 1250
f 81 770 641
f 2393 1128 519
f 2453 1524 292
f 428 918 1883
f 1265 1718 338
f 2167 479 1053
f 1783 1827 2469
f 950 1211 221
f 1038 1405 1640
f 138 1640 2225
f 891 2335 296
f 1497 2145 828
f 1278 2008 297
f 2378 380 758
f 790 875 1548
f 331 1548 576
f 2473 858 2108
f 1169 2179 77
f 147 1981 300
f 1687 419 1359
f 11 51 350
f 2087 2233 1277
f 2055 767 302
f 1402 1993 63
f 2383 2026 303
f 2383 303 193
f 426 1684 2228
f 426 2228 1488
f 2207 1512 305
f 1107 1606 681
f 1407 2150 1021
f 361 2240 1962
f 570 484 791
f 2114 791 933
f 2155 1920 856
f 2155 856 1353
f 1007 1618 309
f 1410 1894 1103
f 923 468 1533
f 1300 1554 583
f 617 1104 311
f 2178 973 821
f 236 2183 1840
f 886 2254 1902
f 2181 1943 909
f 2181 909 1469
f 2251 1132 1549
f 699 1945 391
f 459 1959 315
f 199 868 1928
f 1776 1498 316
f 2152 1156 2094
f 154 2147 884
f 1712 759 1487
f 2081 851 318
f 2081 318 2291
f 1567 919 1312
f 36 2370 1351
f 1408 1849 320
f 35 951 373
f 634 1184 321
f 1710 321 2438
f 1268 1502 322
f 1585 666 499
f 1064 576 323
f 1757 1861 495
f 170 2037 324
f 2084 2355 1471
f 245 1704 1253
f 2051 1016 1388
f 1952 1210 326
f 1653 326 627
f 963 1326 1846
f 27 640 2275
f 2096 564 328
f 2096 328 2146
f 239 1158 2220
f 239 2220 1620
f 209 1960 330
f 1416 330 1142
f 2137 1552 1531
f 1885 1503 1281
f 471 1337 1734
f 2025 1195 1384
f 48 2006 1715
f 2067 1250 117
f 1367 1646 2403
f 2028 992 847
f 1777 2303 2070
f 859 1479 1146
f 1562 1155 336
f 1562 336 810
f 879 2049 337
f 273 337 1708
f 1036 2260 745
f 1036 1881 2491
f 53 455 2330
f 1186 2121 565
f 235 446 1874
f 1898 1616 1414
f 1729 1976 341
f 192 2198 1350
f 198 2397 342
f 198 848 2085
f 1255 920 343
f 2320 2040 1309
f 7 2004 344
f 1079 2216 838
f 1263 213 2245
f 2335 675 296
f 1284 894 346
f 1540 346 260
f 2432 1590 1927
f 1792 1439 1244
f 716 109 1513
f 2104 1280 1348
f 208 1289 1057
f 208 1057 1659
f 1287 1782 2233
f 1941 845 780
f 74 183 351
f 778 2077 283
f 2078 1600 352
f 1517 1771 274
f 2410 901 1725
f 2468 723 1756
f 2486 1786 354
f 1733 2035 430
f 867 253 355
f 1944 1662 932
f 2316 1118 356
f 2353 1975 1138
f 1114 2452 357
f 1114 357 2138
f 1309 1874 358
f 1309 842 2040
f 1755 1481 359
f 1755 2436 726
f 839 1006 1931
f 839 1931 2246
f 1918 1568 361
f 1131 361 1472
f 2164 856 1161
f 71 1867 984
f 342 198 848
f 342 1116 706
f 615 957 364
f 1837 2199 1185
f 658 819 365
f 2382 365 1332
f 2204 1024 892
f 2204 748 1762
f 2161 592 1209
f 180 1599 1923
f 17 1070 1387
f 2471 1149 501
f 1137 1907 369
f 477 1339 825
f 1882 1557 2142
f 1611 1875 1306
f 803 1991 2423
f 803 2423 1119
f 224 1566 1835
f 2156 968 1333
f 134 452 1166
f 2206 1166 951
f 352 143 1275
f 2263 1399 114
f 2305 1191 375
f 2305 375 567
f 1439 2039 1550
f 2225 1154 1640
f 886 1236 377
f 886 1675 1902
f 457 227 378
f 457 378 2109
f 2189 1212 379
f 2189 379 1932
f 1434 2378 380
f 581 2383 193
f 1556 1146 381
f 1726 1034 674
f 1165 250 382
f 149 2181 1943
f 1659 208 2279
f 2391 1224 1021
f 18 1658 384
f 2281 1326 423
f 129 1972 1643
f 2292 619 1677
f 2218 1656 386
f 2218 386 1136
f 1924 26 1608
f 2323 833 1676
f 1721 1211 388
f 2075 1373 2316
f 1288 1418 389
f 1084 1766 1876
f 302 2055 390
f 1595 390 1196
f 50 529 391
f 50 391 1945
f 1709 1241 392
f 1475 1905 304
f 1360 1124 393
f 38 1624 1838
f 2314 2042 394
f 2314 394 524
f 233 1980 2185
f 1856 1120 804
f 1424 2065 2414
f 257 771 2066
f 200 1255 1722
f 2435 1398 2032
f 1453 731 1948
f 664 1059 234
f 1999 119 2349
f 2277 467 1335
f 2015 472 400
f 2015 400 1519
f 2140 1587 401
f 1177 970 201
f 2123 2474 1394
f 1919 875 2249
f 263 1016 403
f 2242 403 1040
f 1784 583 2461
f 2345 1520 1213
f 1928 2432 1770
f 512 1065 2031
f 786 2237 406
f 786 406 1528
f 2095 249 1764
f 536 1379 1125
f 844 1345 408
f 1457 1883 428
f 2230 74 1386
f 1698 1014 2334
f 1291 2358 410
f 1781 2500 736
f 1730 1941 960
f 2219 1502 322
f 158 2112 412
f 158 412 1545
f 2361 603 413
f 1051 794 1551
f 87 1795 414
f 798 1844 2409
f 2346 1742 415
f 1648 2387 1916
f 1963 2337 416
f 910 1586 238
f 355 867 2274
f 1495 1067 553
f 1365 216 418
f 2343 1655 1110
f 300 1221 419
f 2417 419 1359
f 162 1494 2437
f 793 1274 2405
f 339 575 1524
f 339 2121 1186
f 610 244 2128
f 1993 2128 709
f 1933 233 1099
f 1593 963 801
f 1329 2274 424
f 1855 1680 217
f 1559 824 2258
f 1559 2258 953
f 668 2191 1876
f 668 1216 2385
f 1581 1314 1897
f 1581 1897 2268
f 2071 14 1063
f 2071 1063 1753
f 827 1007 2442
f 1917 2442 113
f 1375 2124 1086
f 1375 1086 77
f 1681 2295 431
f 1141 584 551
f 1175 2136 1609
f 2197 729 616
f 1222 816 433
f 505 1493 152
f 1000 420 434
f 1877 609 722
f 2227 994 435
f 1408 435 1849
f 1573 1885 2235
f 819 1182 1854
f 1899 822 437
f 529 622 391
f 2016 1739 1149
f 2016 1149 784
f 1583 1120 439
f 1312 1847 1139
f 62 1215 440
f 62 1037 2142
f 255 2224 441
f 718 1569 2151
f 2435 2032 442
f 1484 686 2044
f 278 2324 1047
f 569 1047 2446
f 600 277 2272
f 600 444 705
f 380 1188 445
f 380 1971 943
f 1990 2320 446
f 1990 446 860
f 138 366 1940
f 607 1940 868
f 220 1758 1482
f 944 659 132
f 2424 232 449
f 532 2066 771
f 175 2251 1968
f 175 1968 1247
f 1983 1218 451
f 1161 1867 2164
f 56 2368 452
f 56 452 1166
f 1366 808 453
f 2239 1676 833
f 1193 1032 454
f 605 1391 1601
f 1668 1930 455
f 250 657 2290
f 1729 1008 456
f 1729 1823 713
f 2325 1787 457
f 1801 457 2109
f 2492 1768 458
f 901 458 1853
f 2165 315 459
f 1406 1629 261
f 1670 1388 460
f 1670 1184 321
f 2116 1420 461
f 2077 2456 928
f 404 1081 462
f 2461 2079 583
f 231 1584 463
f 2140 1873 679
f 316 1776 1935
f 1159 568 1746
f 661 857 2269
f 2329 1248 909
f 1880 371 1564
f 654 466 397
f 1204 1534 467
f 399 467 2277
f 1225 923 468
f 1383 2307 644
f 730 2373 469
f 2199 1404 1009
f 2340 727 1692
f 996 1210 2369
f 28 1734 471
f 1508 2299 2115
f 66 564 472
f 2059 472 2443
f 203 1458 473
f 1490 1793 916
f 1500 374 474
f 1780 2452 1114
f 1242 163 2400
f 1510 650 504
f 1254 2159 476
f 1254 2287 214
f 2278 1339 477
f 135 1588 2403
f 249 1764 2001
f 249 2001 25
f 338 2167 479
f 2265 1965 835
f 296 675 480
f 296 2145 1497
f 32 543 768
f 2495 768 1709
f 1964 1461 482
f 1742 1361 415
f 1621 361 1962
f 1155 1396 1985
f 2080 1112 1456
f 1347 915 604
f 935 5 1503
f 331 790 1548
f 1820 1628 486
f 846 2288 1966
f 230 1348 487
f 741 1697 1237
f 141 1014 488
f 1998 514 1167
f 2068 1010 1463
f 115 1202 537
f 114 1399 836
f 1181 1870 416
f 273 1635 491
f 273 491 337
f 553 2467 492
f 2119 766 168
f 985 1930 493
f 116 493 550
f 170 1724 494
f 573 494 2213
f 755 1861 495
f 1665 495 1272
f 511 1682 496
f 511 496 1623
f 2042 394 1732
f 1644 579 1300
f 2374 1411 1691
f 1247 1691 1967
f 2192 1005 499
f 2192 499 666
f 158 1525 2146
f 158 1996 1545
f 948 1149 501
f 1830 501 319
f 1000 2328 502
f 1598 1877 609
f 201 2234 1023
f 1633 1023 1487
f 1966 930 504
f 1966 504 650
f 2027 1493 505
f 2027 2384 241
f 1111 2236 506
f 2200 506 1331
f 2282 181 1955
f 84 1836 725
f 96 98 2482
f 96 2482 1286
f 1823 1565 509
f 1823 613 1362
f 1713 1031 510
f 2434 510 19
f 1754 882 511
f 10 511 1682
f 2257 405 512
f 2257 512 847
f 2 427 1314
f 1654 1888 425
f 2326 1998 514
f 1932 1650 379
f 72 915 1347
f 1786 1347 2486
f 1908 1610 516
f 2247 1192 65
f 2157 1835 517
f 1866 517 2153
f 1012 703 518
f 253 518 1512
f 1692 1441 519
f 1692 2376 727
f 1591 1205 1851
f 1457 1714 2074
f 1643 110 2430
f 1643 1046 129
f 924 2093 522
f 14 522 2071
f 1857 1032 523
f 1688 881 2311
f 1271 2104 524
f 1511 955 681
f 75 2342 966
f 75 966 1560
f 69 1957 2386
f 69 1925 2131
f 111 1338 527
f 1101 1976 1008
f 130 2296 528
f 130 756 949
f 47 2154 529
f 1664 529 2168
f 2493 1626 530
f 1801 2325 457
f 710 1885 1281
f 1767 875 620
f 691 2372 532
f 26 532 2066
f 1580 1323 533
f 423 963 1326
f 154 1641 534
f 1712 1858 2132
f 618 1942 535
f 80 535 1954
f 2410 1379 536
f 2410 536 901
f 312 1671 537
f 312 537 73
f 1070 1506 538
f 1777 2444 2070
f 2320 153 1437
f 2333 907 654
f 1519 400 540
f 1519 540 2467
f 2319 2113 541
f 411 1502 2219
f 71 1831 542
f 71 2164 1867
f 1373 2316 543
f 388 543 1678
f 623 238 1324
f 320 951 35
f 9 661 2389
f 9 2389 390
f 87 414 2449
f 87 1731 2309
f 1852 213 2487
f 1080 2487 2083
f 1280 2298 548
f 1280 548 1739
f 383 332 549
f 2279 1961 707
f 37 280 2411
f 2023 2411 1367
f 2371 398 551
f 1719 2017 252
f 2060 1361 552
f 415 2387 1648
f 1298 247 553
f 1298 553 633
f 145 2287 554
f 145 627 1988
f 1460 2388 555
f 2419 1774 1031
f 2177 1427 556
f 1959 998 315
f 64 370 557
f 1170 2243 630
f 310 462 694
f 1452 2073 2396
f 376 1444 559
f 1550 1154 2225
f 183 2472 560
f 183 560 2035
f 1462 1034 561
f 1462 561 2304
f 143 352 2078
f 1780 858 2130
f 70 2425 563
f 1708 563 1245
f 205 328 564
f 205 564 472
f 1003 895 565
f 1003 1417 53
f 1252 720 2399
f 2373 1233 730
f 2233 1277 1055
f 350 845 1941
f 464 1159 568
f 464 568 969
f 278 1047 569
f 1934 569 2180
f 2334 1290 570
f 1240 2455 604
f 1256 222 571
f 392 571 1036
f 1237 1979 572
f 2395 1061 905
f 170 494 573
f 170 573 324
f 1035 1820 574
f 184 574 2381
f 292 1524 575
f 1228 1947 2330
f 783 331 576
f 1239 576 1509
f 106 345 927
f 786 1530 2237
f 1935 2152 1156
f 1935 1156 1318
f 792 1126 579
f 792 579 1644
f 1302 82 2032
f 2208 1647 1843
f 1083 2383 581
f 1083 581 2190
f 16 1380 2209
f 16 2209 1381
f 178 1784 583
f 178 583 1300
f 431 1681 2210
f 431 2210 731
f 2148 1163 585
f 1553 2202 1072
f 1720 1062 2353
f 1720 2353 1490
f 1073 1306 587
f 2413 1494 2049
f 1230 1983 588
f 1857 813 454
f 1121 2229 589
f 1822 825 477
f 128 1814 590
f 128 590 1818
f 2012 1201 591
f 2226 591 1238
f 1307 800 592
f 36 592 1351
f 2046 1178 593
f 2046 593 2285
f 174 1448 1265
f 174 1265 1718
f 1751 2427 595
f 1751 687 1390
f 1496 243 1741
f 2402 695 1570
f 2356 179 1310
f 516 1192 1908
f 196 2173 598
f 196 598 1815
f 914 1810 599
f 1652 2337 1963
f 186 705 600
f 186 600 2272
f 133 490 601
f 1555 2036 2388
f 91 508 837
f 2026 1148 303
f 284 685 603
f 284 1834 1627
f 412 1240 604
f 412 604 515
f 1723 1922 605
f 45 605 1391
f 2457 1495 606
f 2457 1133 1512
f 138 2225 607
f 138 607 1940
f 28 471 1508
f 2025 2375 1384
f 434 1598 609
f 1886 609 1596
f 390 2389 610
f 390 1672 1196
f 1410 2246 1007
f 1410 1007 309
f 272 1236 612
f 2132 1997 1679
f 1923 872 613
f 509 613 1823
f 1634 1888 614
f 1918 1131 361
f 341 854 615
f 2198 1837 1185
f 224 1889 616
f 224 616 1303
f 2323 1574 617
f 2323 617 1676
f 80 535 618
f 1584 2184 1891
f 2159 1677 619
f 521 1046 385
f 1299 2216 620
f 1299 620 1767
f 1961 1005 621
f 1961 621 1734
f 437 1899 2154
f 437 1619 2297
f 320 1849 623
f 320 623 544
f 1422 288 624
f 1232 2310 1701
f 20 1057 625
f 2391 625 1443
f 1685 1842 626
f 1770 2422 1157
f 554 1653 627
f 554 627 145
f 2086 296 1497
f 1214 1030 2122
f 159 1227 629
f 1486 1602 270
f 197 1170 630
f 1635 2033 273
f 109 1534 631
f 925 2439 1387
f 1600 2289 632
f 2358 1169 410
f 417 1944 1662
f 2274 1067 355
f 113 321 634
f 113 634 429
f 861 120 635
f 1189 1002 2327
f 263 403 2242
f 263 1172 2212
f 217 2160 637
f 217 1140 2362
f 1840 236 638
f 1136 638 386
f 22 556 639
f 1132 639 2251
f 984 1341 640
f 984 1218 1645
f 291 1029 2018
f 1579 2018 2393
f 1152 2239 642
f 2023 1385 2350
f 1095 1527 643
f 1095 643 2021
f 164 1383 644
f 852 1904 2283
f 552 2060 645
f 2053 1273 182
f 1257 1368 646
f 526 2386 1957
f 2004 2499 647
f 226 647 1322
f 1713 510 2434
f 237 1213 913
f 2076 206 2404
f 152 761 1612
f 475 773 650
f 1480 1289 208
f 1275 1706 651
f 1033 1399 1234
f 2266 1839 652
f 997 2134 1134
f 1525 158 1798
f 2058 1167 110
f 121 397 654
f 121 1880 466
f 2392 1623 655
f 2103 1756 249
f 392 1709 656
f 392 1256 571
f 455 1668 657
f 455 657 2129
f 2382 365 658
f 1775 658 2082
f 448 944 659
f 1551 2264 507
f 153 776 660
f 1990 2186 860
f 23 465 661
f 23 661 9
f 1246 923 662
f 2496 1458 950
f 928 1932 663
f 928 663 1895
f 1004 1102 664
f 46 664 1059
f 2395 905 665
f 2395 665 59
f 322 1700 666
f 322 666 1058
f 190 2448 667
f 190 1956 409
f 1026 1459 668
f 176 668 2191
f 184 574 669
f 774 1110 2322
f 569 2180 670
f 569 670 155
f 382 1469 671
f 382 671 1668
f 275 2409 1358
f 275 788 1473
f 567 375 673
f 567 845 350
f 223 1726 674
f 1075 1261 1663
f 345 850 675
f 345 675 106
f 331 783 676
f 935 1531 2137
f 303 1148 938
f 303 938 1536
f 1605 148 678
f 1170 2205 197
f 1587 2140 679
f 271 1320 1103
f 1660 917 680
f 635 1144 120
f 196 2173 681
f 196 681 1107
f 968 256 1920
f 1835 2286 517
f 2144 1901 683
f 1571 683 1911
f 319 1830 684
f 319 1583 439
f 1471 2084 685
f 1471 2361 413
f 442 920 1760
f 442 1760 2203
f 807 2241 687
f 595 687 1751
f 1596 1371 688
f 1111 1922 605
f 1909 1577 689
f 1909 2338 1560
f 2343 1110 690
f 43 1562 810
f 26 532 691
f 26 691 2178
f 289 1946 692
f 289 692 965
f 1865 1363 693
f 1865 693 497
f 558 1452 2073
f 1022 2412 2079
f 1656 2217 695
f 596 2030 2402
f 601 133 2300
f 601 2300 816
f 1131 1472 697
f 614 1654 1888
f 464 1159 2364
f 464 2364 969
f 1910 1357 699
f 8 2331 1549
f 931 274 700
f 2452 2097 357
f 939 82 1537
f 939 701 451
f 199 1251 702
f 1406 1563 261
f 122 2171 1951
f 122 1951 2421
f 225 2168 704
f 225 1121 825
f 924 1747 705
f 924 705 600
f 652 997 706
f 652 706 1827
f 208 2279 707
f 1828 1005 2192
f 1891 1177 708
f 873 2234 503
f 63 1993 709
f 2262 1319 536
f 1394 1939 710
f 1394 710 1974
f 203 473 711
f 2232 711 300
f 452 1675 712
f 452 2215 1825
f 2010 2158 713
f 2318 713 192
f 1398 580 714
f 397 2363 121
f 2005 1068 1704
f 521 870 385
f 286 1513 716
f 2480 1078 2047
f 2106 941 717
f 2106 2187 1148
f 1872 585 718
f 255 718 1569
f 83 1049 719
f 83 1235 1065
f 2062 2399 720
f 2062 720 1504
f 2379 966 721
f 1433 1200 1007
f 1179 1821 722
f 982 2231 502
f 1227 629 723
f 1227 723 2468
f 209 2360 724
f 2221 1954 80
f 340 2267 725
f 1025 725 1836
f 670 2180 726
f 670 726 1446
f 207 2340 727
f 207 727 1538
f 2458 268 728
f 2458 1167 2058
f 432 1122 729
f 432 729 1316
f 364 1575 730
f 364 730 469
f 58 1948 731
f 58 1267 1492
f 119 2349 732
f 1639 1833 843
f 1636 2129 733
f 210 733 1854
f 233 1980 734
f 233 734 1933
f 2242 1040 735
f 1172 735 2463
f 1806 2486 736
f 1806 736 2500
f 1984 373 737
f 35 737 1578
f 254 1370 738
f 1681 738 2210
f 2015 1519 739
f 1284 1540 346
f 273 2033 740
f 273 1245 1708
f 230 1697 741
f 230 1359 2283
f 608 1851 742
f 1508 742 28
f 384 1658 743
f 384 743 1547
f 1021 799 744
f 1021 1208 2391
f 338 2260 745
f 338 1187 1470
f 3 453 746
f 3 1812 1385
f 627 326 747
f 627 747 1988
f 366 2204 748
f 1607 748 2390
f 239 1158 749
f 239 1364 1620
f 332 862 750
f 987 2268 229
f 420 434 751
f 2437 2049 1494
f 2419 1031 752
f 2419 752 1771
f 25 1927 753
f 25 904 2001
f 2450 1279 754
f 1916 900 2387
f 2479 1011 755
f 1665 755 495
f 528 130 756
f 1392 756 429
f 1448 594 757
f 1062 1975 2353
f 606 1495 758
f 1133 943 90
f 1468 1633 759
f 317 759 1712
f 482 2470 760
f 921 1340 1108
f 649 152 761
f 2050 1488 1084
f 1225 792 762
f 1225 1383 468
f 352 1275 763
f 2289 763 632
f 41 1238 764
f 2183 764 1679
f 117 1077 765
f 117 765 2053
f 492 2061 766
f 492 766 2119
f 23 9 767
f 2013 1444 1013
f 481 2495 768
f 481 768 2022
f 139 438 769
f 1979 2426 1594
f 2309 1542 1868
f 132 1029 1977
f 396 578 771
f 396 771 257
f 202 2145 828
f 202 828 999
f 11 2056 2367
f 1730 2367 1941
f 184 669 774
f 1191 1617 1010
f 33 1703 775
f 33 775 1315
f 539 2169 776
f 539 776 153
f 292 575 777
f 292 918 428
f 74 1386 778
f 74 778 1485
f 1701 1045 779
f 912 1377 2195
f 2113 960 780
f 911 2354 1202
f 19 1765 781
f 1783 2089 294
f 560 2472 782
f 560 1652 599
f 140 2105 783
f 1239 783 576
f 17 1387 784
f 1663 784 2088
f 2160 144 785
f 424 1944 417
f 2125 1528 786
f 2501 786 1530
f 2502 2102 787
f 2502 787 2126
f 1674 275 788
f 1674 2037 324
f 1327 865 789
f 67 2029 1090
f 485 331 790
f 2117 790 1085
f 2107 1089 2448
f 1285 1518 1090
f 497 1126 792
f 497 792 1865
f 2182 751 793
f 2182 1371 1596
f 2019 1051 794
f 2019 794 958
f 1873 679 795
f 1873 1614 2221
f 1301 99 2481
f 1301 2138 357
f 713 2158 1362
f 713 1362 1823
f 1199 1844 798
f 2002 798 220
f 2 427 1407
f 2 1407 614
f 2426 1307 800
f 2426 800 1594
f 984 1593 801
f 984 2308 71
f 2146 158 802
f 2146 802 95
f 160 993 803
f 160 803 1991
f 189 684 804
f 189 1323 1580
f 2270 1042 805
f 2270 1671 537
f 1254 214 806
f 1254 806 980
f 1501 687 807
f 1501 2141 1657
f 2014 936 808
f 2014 808 453
f 1994 1474 809
f 1994 809 774
f 450 2177 810
f 450 810 1365
f 2328 982 811
f 1982 811 144
f 1193 734 1980
f 1723 1467 1922
f 588 171 813
f 588 813 1230
f 1603 1053 814
f 1603 814 1336
f 1624 262 815
f 2135 815 525
f 1483 601 816
f 1483 816 433
f 517 2286 817
f 517 817 2153
f 314 2196 818
f 314 818 2331
f 1317 658 819
f 228 819 1182
f 1296 430 820
f 2486 1523 1806
f 136 691 821
f 969 821 4
f 1808 1203 822
f 271 822 1899
f 1763 1435 823
f 2115 2475 1337
f 559 108 824
f 559 824 376
f 589 1938 825
f 589 825 1121
f 305 2207 826
f 1860 2394 693
f 1917 2442 827
f 276 1433 721
f 772 999 828
f 1682 828 1270
f 18 1658 829
f 1565 1400 456
f 1825 976 830
f 2206 830 544
f 2402 1741 831
f 48 831 1715
f 370 62 832
f 1330 1875 148
f 387 280 833
f 387 833 2323
f 723 629 834
f 723 834 264
f 46 664 835
f 2371 1719 2017
f 490 601 836
f 490 836 1399
f 1745 1403 837
f 1745 837 508
f 2123 2216 838
f 2123 838 2474
f 195 2246 839
f 195 839 2336
f 514 2326 840
f 2212 1355 1172
f 506 1331 841
f 1921 2175 749
f 358 1309 842
f 358 842 1957
f 630 1639 843
f 1369 2033 1635
f 157 520 1591
f 157 1591 1883
f 673 567 845
f 673 845 1748
f 1443 2317 846
f 1443 846 2288
f 1346 1563 847
f 39 847 2028
f 363 2085 848
f 1711 1116 1344
f 304 1475 849
f 2228 2007 1612
f 137 675 850
f 1592 850 2245
f 302 390 1595
f 2488 1477 172
f 164 644 852
f 2314 1348 2104
f 124 1992 853
f 1621 1472 361
f 527 111 854
f 957 854 615
f 2350 1750 855
f 2350 855 1727
f 308 1920 856
f 2208 856 701
f 2389 661 857
f 1707 1842 626
f 562 2473 858
f 562 858 1780
f 2444 2070 859
f 538 1752 1506
f 235 446 860
f 1206 1538 959
f 449 635 861
f 449 861 232
f 1224 1321 862
f 383 862 332
f 156 2189 863
f 1578 863 2227
f 646 1164 864
f 2386 1925 69
f 268 789 865
f 268 865 728
f 226 1176 866
f 226 2004 647
f 61 2057 867
f 61 867 355
f 315 1940 868
f 315 868 2165
f 146 743 2285
f 1911 1378 1571
f 715 521 870
f 2110 2430 1735
f 210 733 1636
f 2170 1001 16
f 58 1599 872
f 58 872 613
f 177 2234 873
f 1625 873 56
f 1977 1686 874
f 659 2264 448
f 531 790 875
f 531 875 1767
f 741 1237 876
f 2038 876 59
f 587 1073 877
f 2421 1494 162
f 763 632 878
f 2263 878 1445
f 491 337 879
f 1447 879 2413
f 1915 1392 1184
f 460 1184 1670
f 523 1688 881
f 2275 881 640
f 123 511 882
f 1244 2039 1439
f 462 1081 883
f 462 883 1022
f 317 1020 884
f 1468 1969 1619
f 267 2223 885
f 267 885 1100
f 236 612 886
f 236 886 2254
f 598 1078 887
f 598 887 2173
f 1476 279 888
f 234 888 1937
f 1653 326 889
f 1226 1441 1579
f 222 571 890
f 1459 1740 1026
f 2086 296 891
f 1214 1528 406
f 366 2352 892
f 366 892 2204
f 359 1755 2436
f 359 2094 2152
f 288 1422 894
f 288 894 346
f 1064 658 895
f 1064 1757 1861
f 445 1188 896
f 1971 1632 91
f 1655 1110 2322
f 418 1449 216
f 2466 1093 898
f 2466 898 2100
f 282 1521 899
f 282 1799 1315
f 754 1916 900
f 1769 900 206
f 2492 458 901
f 2000 901 1725
f 573 2431 902
f 1544 2084 685
f 766 2061 903
f 2008 2190 1083
f 753 25 904
f 753 904 1770
f 254 665 905
f 254 1681 738
f 719 493 906
f 1442 1646 334
f 539 2169 907
f 539 907 1041
f 543 174 908
f 543 908 481
f 313 2329 909
f 313 909 1943
f 1050 1586 910
f 1630 910 238
f 51 443 911
f 51 911 1748
f 76 779 912
f 76 912 1295
f 2345 1213 913
f 15 913 1092
f 560 2035 914
f 560 914 599
f 2420 1285 915
f 2420 915 72
f 221 1816 916
f 1721 1069 1373
f 2344 680 917
f 1058 2065 2414
f 1451 985 918
f 777 918 292
f 1450 563 919
f 2088 919 1567
f 200 442 920
f 200 920 1255
f 482 760 921
f 482 921 1461
f 956 335 922
f 399 922 467
f 12 1452 923
f 12 923 1225
f 14 522 924
f 14 924 1747
f 109 1513 925
f 109 925 2439
f 2404 206 926
f 649 2050 761
f 577 1087 2126
f 577 1263 2245
f 283 1932 928
f 283 928 2077
f 410 1291 929
f 410 929 107
f 248 2087 930
f 248 930 486
f 474 700 931
f 474 931 2111
f 112 1662 932
f 2398 1473 275
f 190 1772 933
f 190 933 409
f 11 475 1242
f 1730 1973 411
f 2494 1531 935
f 2494 935 1503
f 1109 266 936
f 1829 2151 1569
f 1946 692 937
f 1946 937 829
f 2172 94 938
f 1097 1817 103
f 2176 451 939
f 2176 939 1537
f 2388 2036 940
f 363 1711 1116
f 98 497 1126
f 98 1126 2482
f 37 642 2023
f 37 2023 2411
f 758 1133 943
f 758 943 380
f 220 2002 944
f 220 944 1482
f 807 94 945
f 807 945 1501
f 371 1880 1546
f 371 1546 1991
f 590 1814 947
f 590 947 2130
f 36 592 948
f 1830 948 501
f 2276 309 949
f 795 949 1142
f 2089 1211 950
f 2089 950 2496
f 544 2206 951
f 544 951 320
f 1919 298 952
f 1919 952 1526
f 513 1559 953
f 513 953 1634
f 1402 1842 954
f 1402 954 1125
f 524 1271 955
f 524 955 1153
f 399 922 956
f 1651 2349 1999
f 527 854 957
f 527 2224 1338
f 2348 1690 958
f 2348 958 1543
f 519 1692 2376
f 519 1414 1128
f 411 541 2319
f 411 2319 1730
f 1201 175 961
f 8 961 1549
f 227 406 962
f 1304 962 1791
f 2143 1593 963
f 533 963 423
f 261 1629 964
f 2196 964 314
f 180 1209 965
f 180 965 692
f 525 2342 966
f 525 966 2379
f 114 2263 967
f 114 1181 1870
f 372 2156 968
f 372 968 1589
f 136 2364 969
f 136 969 821
f 401 1177 970
f 401 1986 1203
f 557 64 971
f 557 971 1428
f 2184 1845 972
f 618 972 1942
f 311 1163 973
f 1574 973 2323
f 601 836 974
f 1260 974 1742
f 179 1577 975
f 179 975 2356
f 259 191 976
f 259 976 1622
f 1182 1854 977
f 2235 1381 1695
f 2406 1462 978
f 843 978 1369
f 1353 256 979
f 542 979 1831
f 260 1464 980
f 2100 2163 1795
f 302 767 981
f 302 981 851
f 1432 2231 982
f 1432 982 1724
f 91 1632 983
f 91 2252 602
f 327 1593 984
f 327 984 640
f 116 493 985
f 116 985 2341
f 506 2236 986
f 506 1921 841
f 332 2025 987
f 332 987 750
f 146 869 988
f 2197 1911 683
f 26 2066 989
f 26 989 1608
f 2208 1843 990
f 308 990 1920
f 262 1624 991
f 1389 991 1649
f 2403 2028 992
f 334 992 2031
f 746 803 993
f 746 993 3
f 863 2227 994
f 863 994 1352
f 70 563 995
f 70 2405 793
f 38 1210 996
f 1360 2052 1710
f 32 652 997
f 32 2495 481
f 556 1427 998
f 556 998 1959
f 2462 1477 999
f 2462 999 772
f 162 420 1000
f 1869 1000 2328
f 871 1311 1001
f 871 1001 2170
f 635 449 1002
f 635 1660 1144
f 2091 2382 1003
f 2091 1003 1417
f 835 2265 1004
f 835 1004 664
f 707 1828 1005
f 707 1005 1961
f 1664 1931 1006
f 1899 1103 271
f 611 1433 1007
f 611 1007 2246
f 6 2201 1008
f 6 1008 2359
f 888 279 1009
f 888 1009 2483
f 281 1967 1010
f 281 1010 2068
f 421 1785 1011
f 421 2121 339
f 253 518 1012
f 2057 2171 1198
f 559 1444 1013
f 559 1013 1819
f 409 1698 1014
f 409 1014 488
f 182 359 1015
f 182 1776 2387
f 2485 2051 1016
f 1735 1016 263
f 520 2375 1714
f 520 1714 1457
f 1256 2041 1018
f 1905 1684 304
f 762 164 1383
f 762 1383 1225
f 154 534 2380
f 154 2380 884
f 306 1208 1021
f 306 1021 799
f 558 883 1022
f 558 1022 2412
f 503 2234 1023
f 1236 1023 272
f 336 1155 1024
f 1848 1024 1183
f 340 725 1025
f 340 1025 358
f 176 668 1026
f 1315 1900 33
f 151 407 2095
f 151 2095 1725
f 2392 655 1028
f 123 1244 2039
f 1868 132 1029
f 1868 1029 291
f 2460 1214 1030
f 1626 1030 530
f 198 1294 1031
f 198 1031 1774
f 734 523 1032
f 734 1032 1193
f 374 651 1033
f 2111 1771 1517
f 381 2248 1034
f 2418 1034 674
f 669 1396 1035
f 669 1035 574
f 293 2260 1036
f 293 1036 1241
f 440 62 1037
f 2207 1107 826
f 138 366 1038
f 138 1038 1640
f 840 2463 1039
f 840 1039 2326
f 460 403 1040
f 460 1040 1184
f 1255 1722 1041
f 40 1041 539
f 41 1238 1042
f 2183 1042 805
f 268 653 1043
f 1505 2112 412
f 2250 313 1044
f 705 1044 186
f 624 1701 1045
f 624 1045 1412
f 619 2159 1046
f 619 1046 129
f 1863 2324 1047
f 443 1047 51
f 1472 2390 1048
f 853 1048 251
f 671 83 1049
f 671 1049 1930
f 34 1229 1050
f 34 1050 910
f 88 2355 1051
f 88 1051 2019
f 400 205 1052
f 400 1052 2061
f 1949 252 1053
f 118 1053 814
f 482 2470 1054
f 482 1054 2273
f 567 2305 1055
f 567 1055 350
f 300 586 1056
f 300 1056 419
f 2317 625 1057
f 349 1057 1289
f 54 666 1058
f 54 1058 2065
f 398 2371 1059
f 1666 1207 1362
f 2396 2098 1060
f 2396 1060 694
f 572 2395 1061
f 1594 2295 800
f 356 757 1062
f 356 1062 1720
f 428 1457 1063
f 428 1063 1753
f 105 1757 1064
f 2120 1775 658
f 405 512 1065
f 2069 1685 626
f 1760 2203 2011
f 686 1368 2044
f 633 417 1067
f 633 1067 553
f 476 2159 1068
f 476 1068 245
f 2477 221 1069
f 916 1069 1490
f 287 631 1070
f 287 1070 538
f 144 811 1071
f 144 2244 1705
f 2399 1553 1072
f 1521 1233 2373
f 148 678 1073
f 148 1073 1306
f 433 1222 1074
f 433 2450 754
f 223 674 1075
f 223 2088 919
f 487 230 1076
f 487 2298 1280
f 243 2332 1077
f 243 2180 1934
f 716 2480 1078
f 716 2415 109
f 7 2216 1079
f 1455 2474 600
f 60 422 1080
f 60 1080 2487
f 648 883 1081
f 2045 1213 237
f 351 2456 1082
f 2472 2116 782
f 297 2008 1083
f 1434 1188 380
f 1504 720 1084
f 219 1084 2050
f 531 790 1085
f 1974 2497 710
f 2312 77 1086
f 430 1086 820
f 106 577 1087
f 1794 2501 786
f 1600 2078 1088
f 13 1088 1514
f 484 2107 1089
f 1456 1089 667
f 570 67 1090
f 570 1090 1518
f 773 650 1510
f 773 1510 301
f 700 913 1092
f 1194 2097 2452
f 212 2466 1093
f 1978 1113 275
f 1531 1552 1094
f 676 2105 783
f 247 1298 1095
f 247 1095 2021
f 242 912 1096
f 2058 1096 653
f 2172 1817 1097
f 2172 1097 1807
f 2462 1477 1098
f 10 1754 511
f 533 1856 2143
f 533 2143 963
f 2166 1850 1100
f 2166 1100 108
f 111 1976 1571
f 2144 1571 683
f 33 1703 1937
f 33 1937 2238
f 1006 47 1103
f 2336 1103 195
f 718 2151 1104
f 718 1104 311
f 2326 1039 1105
f 2326 1105 1737
f 2427 595 1106
f 2427 1106 903
f 1037 2207 1107
f 1037 1882 2142
f 191 1340 1108
f 1879 1108 1324
f 1 1303 1109
f 2174 1829 1569
f 669 1396 1110
f 669 1110 774
f 2200 688 1111
f 2200 1111 506
f 667 1456 1112
f 1956 2230 1386
f 1454 1978 1113
f 1454 1113 1844
f 947 1780 1114
f 947 1114 2138
f 1878 2161 1115
f 189 1115 2370
f 848 342 1116
f 848 1116 363
f 205 328 1117
f 1892 1117 258
f 543 174 1118
f 543 1118 2316
f 31 746 1119
f 31 1866 517
f 395 1856 1120
f 395 1120 1847
f 704 360 1121
f 704 1121 225
f 256 979 1122
f 256 1333 968
f 387 280 1123
f 387 1608 1421
f 113 1917 1124
f 1710 1124 1360
f 2262 536 1125
f 63 1125 1402
f 1789 579 1126
f 1789 1126 2482
f 712 1675 1902
f 712 1622 1825
f 2133 1414 1128
f 2018 1128 2393
f 2308 71 1129
f 1846 1547 1326
f 408 2341 1130
f 408 1130 1535
f 2428 697 1131
f 2428 1131 799
f 22 639 1132
f 2293 1132 314
f 606 2457 1133
f 606 1133 758
f 849 2384 1134
f 849 1134 1475
f 1397 321 2401
f 747 2401 1988
f 312 638 1136
f 312 1136 73
f 135 477 1137
f 135 1137 1750
f 1056 586 1138
f 1696 1138 59
f 70 1539 1139
f 70 1139 2425
f 637 217 1140
f 1982 2328 811
f 738 584 1141
f 738 1141 1667
f 130 1642 1142
f 130 1142 949
f 957 527 1143
f 1575 1143 1872
f 680 1763 1144
f 680 1144 1660
f 2363 1354 1145
f 714 1843 1647
f 732 1556 1146
f 732 1146 1479
f 261 1906 1147
f 2196 1147 818
f 837 2026 1148
f 837 1148 2106
f 438 948 1149
f 438 1149 2261
f 145 1988 1150
f 145 1150 245
f 99 2481 1151
f 99 1151 95
f 37 280 1152
f 37 1152 642
f 125 1606 1153
f 1865 2162 1438
f 824 376 1154
f 824 1154 2258
f 124 1992 1155
f 2454 1155 1396
f 578 771 1156
f 578 1156 2094
f 2441 1707 1157
f 2441 1157 904
f 1601 329 1158
f 1921 1158 749
f 316 1498 1159
f 316 1159 2364
f 1649 991 1160
f 660 1160 1990
f 701 856 1161
f 701 1161 362
f 7 2004 2499
f 7 1455 1079
f 821 2148 1163
f 821 1163 973
f 171 2407 1164
f 171 1620 329
f 149 382 1165
f 149 1165 1912
f 373 2139 1166
f 373 1166 951
f 728 865 1167
f 728 1167 2458
f 654 121 1168
f 654 1168 907
f 632 2358 1169
f 632 1169 2090
f 1605 2205 1170
f 64 1170 2243
f 277 2474 1171
f 1380 1171 2209
f 636 263 1172
f 636 1172 735
f 767 2488 1173
f 767 1173 1743
f 507 794 1174
f 1955 1174 2282
f 146 2136 1175
f 146 1175 988
f 755 1785 1176
f 755 1176 1861
f 231 401 1177
f 231 1177 1891
f 829 937 1178
f 829 1178 593
f 68 722 1179
f 1926 1627 284
f 238 1638 1180
f 238 1180 1586
f 967 599 1181
f 967 1181 114
f 436 228 1182
f 436 1182 977
f 892 2352 1183
f 892 1183 1024
f 880 1915 1184
f 880 1184 460
f 1009 2199 1185
f 1009 1185 2318
f 53 2330 1186
f 53 1186 1417
f 745 338 1187
f 1881 2265 187
f 1083 2383 1188
f 1083 1188 1434
f 449 1002 1189
f 449 2066 989
f 815 1908 1190
f 815 2342 525
f 809 2043 1191
f 809 1191 1617
f 597 2356 1192
f 597 1192 1546
f 45 1391 1193
f 45 1193 812
f 700 1092 1194
f 700 1194 474
f 987 229 1195
f 987 1195 2025
f 244 137 1196
f 244 1196 1672
f 51 780 1197
f 51 2446 1047
f 867 2057 1198
f 867 1329 2274
f 2002 798 1199
f 546 1199 1844
f 721 1433 1200
f 721 1673 1349
f 8 1641 1201
f 8 1201 961
f 489 115 1202
f 489 1202 2354
f 437 822 1203
f 437 1203 2297
f 922 335 1204
f 922 1204 467
f 608 2115 1205
f 608 1205 1851
f 235 1538 1206
f 2267 1898 725
f 1059 398 1207
f 1059 1207 1476
f 744 1443 1208
f 744 1208 306
f 367 592 1209
f 2321 1599 58
f 470 1952 1210
f 470 1210 2340
f 294 2089 1211
f 294 1211 1839
f 724 535 1212
f 724 1212 2360
f 1081 1520 1213
f 1081 1213 648
f 173 1528 1214
f 173 1214 2460
f 518 1512 1215
f 518 1215 1611
f 1876 668 1216
f 426 1216 1684
f 2475 621 1217
f 823 1217 1435
f 640 984 1218
f 640 1218 2311
f 215 885 2223
f 1747 2074 2459
f 1412 288 1220
f 129 1220 619
f 147 300 1221
f 147 1221 1904
f 42 940 1222
f 42 1222 1493
f 413 603 1223
f 413 1223 2348
f 383 2054 1224
f 383 1224 862
f 52 762 1225
f 2447 1644 792
f 81 1342 1226
f 81 1226 1441
f 353 2468 1227
f 353 1227 159
f 1930 455 1228
f 777 1228 575
f 211 1050 1229
f 211 2365 1895
f 126 813 1230
f 1688 1230 1983
f 57 1815 1231
f 57 1231 1651
f 1422 2310 1232
f 66 1232 564
f 1072 1521 1233
f 1072 1233 2202
f 24 1771 1234
f 1460 1234 2256
f 2031 1065 1235
f 719 1235 83
f 503 1023 1236
f 2048 1236 377
f 218 572 1237
f 218 1237 876
f 534 764 1238
f 534 1238 591
f 140 783 1239
f 2445 2082 1317
f 789 2377 2029
f 789 2029 67
f 768 1709 1241
f 768 1241 2465
f 934 1480 1242
f 934 1973 11
f 2431 902 1243
f 324 1243 1832
f 1028 123 1244
f 1028 1244 1792
f 740 273 1245
f 2304 1245 2009
f 310 883 1246
f 310 1246 923
f 216 1968 1247
f 216 1247 1449
f 465 1743 1248
f 1469 1248 909
f 1077 765 1249
f 1077 2180 243
f 1715 2067 1250
f 333 1250 1361
f 49 1466 1251
f 49 1251 702
f 282 566 1252
f 282 1252 2191
f 325 1016 2485
f 325 2485 2110
f 78 1582 1254
f 78 1254 2159
f 1744 343 1255
f 40 1255 1041
f 656 1018 1256
f 656 1256 392
f 526 646 1257
f 1637 1257 2429
f 711 2099 1258
f 711 1258 586
f 932 2398 1259
f 932 1705 785
f 601 974 1260
f 601 1260 290
f 674 2418 1261
f 674 1261 1075
f 264 2302 1262
f 1884 1623 655
f 2126 577 1263
f 2126 1263 1805
f 161 1607 1405
f 2064 1405 2258
f 594 1448 1265
f 2167 1265 338
f 587 877 1266
f 587 1266 1951
f 731 431 1267
f 731 1267 58
f 1058 322 1268
f 1058 1268 1702
f 351 1082 1269
f 351 1269 183
f 29 1325 2493
f 29 2493 530
f 21 2480 1271
f 21 1271 955
f 1757 495 1272
f 895 1272 167
f 645 2053 1273
f 2387 1273 182
f 751 420 1274
f 751 1274 793
f 374 651 1275
f 374 1275 143
f 596 2030 1276
f 596 1276 1934
f 248 1474 1277
f 248 1277 2087
f 168 766 1278
f 168 2378 758
f 152 1493 1279
f 152 2076 649
f 348 1739 1280
f 348 1280 2104
f 1085 2117 1281
f 2497 1281 710
f 106 675 2335
f 106 1794 1087
f 2453 1753 1283
f 55 1322 1785
f 165 739 1284
f 165 1284 1736
f 307 791 1285
f 307 1285 2420
f 91 1971 1286
f 91 1286 602
f 301 350 1287
f 301 1287 1510
f 219 2366 1288
f 1504 1288 389
f 650 349 1289
f 650 1289 475
f 933 2114 1290
f 933 1698 409
f 1514 1936 1291
f 299 1291 929
f 547 2083 1292
f 1529 1791 962
f 331 485 1293
f 331 1293 1800
f 510 1031 1294
f 510 1294 2397
f 1096 653 1295
f 1096 1295 912
f 240 1516 1296
f 240 1296 1523
f 583 1554 1297
f 583 1297 2079
f 85 553 1298
f 85 1298 247
f 127 2451 1299
f 127 1299 2216
f 1060 1644 1300
f 1060 1300 694
f 100 101 1301
f 100 1301 99
f 2208 1896 1302
f 2208 1302 1647
f 1566 224 1303
f 1566 1303 1109
f 1809 962 1304
f 1809 1304 629
f 938 1148 1305
f 938 1817 2172
f 703 2347 1306
f 703 1306 587
f 948 592 1307
f 948 1307 438
f 585 1864 1308
f 585 1308 1872
f 446 1874 1309
f 446 1309 2320
f 1991 160 1310
f 1991 1310 2356
f 1165 1001 1311
f 1165 2290 250
f 319 1567 1312
f 319 1312 439
f 1642 330 1313
f 735 1313 2463
f 513 1581 1314
f 513 1314 1634
f 176 1900 1315
f 176 1315 2191
f 1175 988 1316
f 1175 1316 432
f 228 2137 1317
f 228 1317 819
f 2372 771 1318
f 136 1318 1935
f 709 2262 1853
f 709 1853 422
f 679 1587 1320
f 679 1320 2276
f 750 862 1321
f 750 1321 1897
f 1283 647 1322
f 1283 1322 55
f 804 1856 1323
f 804 1323 189
f 544 2294 1324
f 544 1324 623
f 1682 2493 1325
f 1682 1325 2255
f 384 2281 1326
f 384 1326 1547
f 1797 789 1327
f 1797 1327 570
f 509 613 1328
f 509 2284 1565
f 1198 867 1329
f 1198 1855 2171
f 370 64 1330
f 370 1330 832
f 609 188 1331
f 609 1331 722
f 733 2129 1332
f 733 1332 1854
f 1122 1889 1333
f 1122 1333 256
f 232 1950 1334
f 232 1334 1123
f 1078 598 1335
f 1078 1859 716
f 1138 1975 1336
f 1138 1336 59
f 621 2475 1337
f 621 1337 1734
f 441 2224 1338
f 441 1338 2174
f 369 2278 1339
f 1577 1938 689
f 2006 48 1340
f 760 1340 921
f 1933 1099 1341
f 27 1341 640
f 214 2287 1342
f 214 1342 1868
f 1127 386 1343
f 1127 1622 712
f 241 2027 1344
f 241 1344 2134
f 2253 844 1345
f 120 1345 1535
f 39 847 1346
f 2301 1906 1693
f 515 604 1347
f 515 1347 128
f 852 230 1348
f 852 1348 164
f 966 1560 1349
f 966 1349 721
f 1185 2318 1350
f 1185 1350 2198
f 1115 2161 1351
f 1115 1351 2370
f 2189 863 1352
f 663 1352 1895
f 542 979 1353
f 2164 1353 856
f 466 121 1354
f 466 1354 817
f 840 2463 1355
f 840 1355 514
f 137 675 1356
f 137 1356 1196
f 391 1969 1357
f 391 1357 699
f 1674 275 1358
f 1674 1832 324
f 741 876 1359
f 741 1359 230
f 38 1624 1360
f 38 1360 996
f 1054 2273 1361
f 1054 1361 2470
f 797 2158 1362
f 797 1362 2280
f 826 305 1363
f 826 1363 125
f 749 239 1364
f 749 1364 1834
f 43 810 1365
f 2343 1365 418
f 746 31 1366
f 746 1366 453
f 135 2403 1367
f 135 1367 1750
f 2407 686 1368
f 2407 1368 1164
f 630 197 1369
f 630 1369 843
f 118 2408 1370
f 1949 1667 1141
f 793 70 1371
f 793 1371 2182
f 1174 2193 1372
f 1174 1372 84
f 388 543 1373
f 388 1373 1721
f 187 1004 1374
f 187 1374 1740
f 410 2124 1375
f 410 2179 1169
f 215 885 1376
f 215 1376 2250
f 779 1972 1377
f 779 1377 912
f 869 2046 1378
f 869 1378 988
f 407 2410 1379
f 407 1379 2441
f 277 1171 1380
f 277 1380 2272
f 977 436 1381
f 977 1381 2170
f 177 2234 1382
f 177 1382 2184
f 1019 164 1383
f 1019 1383 762
f 267 1850 1384
f 267 1384 2223
f 642 2239 1385
f 642 1385 2023
f 409 778 1386
f 409 1386 1956
f 2016 784 1387
f 368 1387 925
f 403 1016 1388
f 403 1388 460
f 262 991 1389
f 1908 2247 1192
f 205 1117 1390
f 205 1390 1052
f 454 1193 1391
f 454 1391 1890
f 528 756 1392
f 528 1392 1915
f 95 1996 1393
f 95 1393 1151
f 2451 2123 1394
f 2451 1394 1974
f 546 1199 1395
f 2449 1731 87
f 483 1035 1396
f 483 1396 2454
f 747 2401 1397
f 747 1397 326
f 397 2435 1398
f 397 1398 2363
f 651 1706 1399
f 651 1399 1033
f 1178 937 1400
f 1178 1400 2046
f 22 1132 1401
f 22 1959 556
f 545 1842 1402
f 545 1402 1993
f 2026 837 1403
f 983 2252 91
f 469 364 1404
f 469 1404 899
f 1264 1607 1405
f 1264 1405 2064
f 199 1629 1406
f 199 1406 702
f 799 2428 1407
f 799 1407 1021
f 35 320 1408
f 35 2227 1578
f 854 111 1409
f 854 1409 341
f 195 2246 1410
f 195 1410 1103
f 175 2374 1411
f 175 1411 1201
f 129 1220 1412
f 129 1412 1045
f 1276 695 1413
f 2324 1413 1863
f 959 1898 1414
f 959 1414 519
f 503 873 2368
f 503 2048 1236
f 209 330 1416
f 209 1416 1954
f 565 1186 1417
f 565 1417 167
f 568 4 1418
f 568 1418 1288
f 47 529 1419
f 47 1419 1006
f 211 461 1420
f 211 1420 1963
f 194 387 1421
f 194 1421 973
f 66 1232 1422
f 66 2059 472
f 110 1826 1423
f 110 1423 2430
f 2327 2065 1424
f 257 1424 396
f 383 20 1425
f 383 1425 549
f 939 588 1426
f 939 1426 451
f 1183 1694 1427
f 1183 1427 1848
f 1231 557 1428
f 1231 1428 1651
f 285 1661 1429
f 285 1429 1543
f 913 237 1430
f 913 1430 1790
f 1044 186 1431
f 1044 1943 313
f 68 2231 1432
f 1926 1432 494
f 827 1917 1433
f 827 1433 1007
f 297 2378 1434
f 297 1434 1083
f 499 1585 1435
f 499 1435 1217
f 537 73 1436
f 537 1436 1202
f 539 40 1437
f 539 1437 153
f 792 1865 1438
f 792 1438 2447
f 347 25 1439
f 347 1439 1550
f 181 2282 1440
f 181 1440 2133
f 889 81 1441
f 1952 1441 1692
f 719 1235 1442
f 719 1442 906
f 142 2288 1443
f 142 1443 744
f 1173 172 1444
f 1173 1444 1743
f 967 599 1445
f 967 1445 2263
f 204 726 1446
f 204 1446 578
f 491 1635 1447
f 491 1447 879
f 356 1118 1448
f 356 1448 757
f 897 418 1449
f 897 1967 1617
f 223 1726 1450
f 223 1450 919
f 777 1228 1451
f 777 1451 918
f 310 923 1452
f 310 1452 883
f 551 584 1453
f 551 1453 398
f 1093 1978 1454
f 1093 1454 898
f 2499 7 1455
f 2093 1455 600
f 484 1786 1456
f 484 1456 1089
f 157 1883 1457
f 157 1457 520
f 662 2496 1458
f 662 1458 203
f 2385 668 1459
f 222 1459 890
f 24 1234 1460
f 24 1460 555
f 1180 1638 1461
f 2313 1461 1964
f 169 2406 1462
f 2248 1462 1034
f 489 2068 1463
f 489 1463 1903
f 346 288 1464
f 346 1464 260
f 139 2298 1465
f 139 1465 438
f 405 2257 1466
f 2069 1770 2422
f 812 265 1467
f 812 1467 1723
f 317 884 1468
f 317 1468 759
f 465 1248 1469
f 465 1862 1685
f 479 338 1470
f 479 1470 2271
f 88 2355 1471
f 88 1471 413
f 853 1621 1472
f 853 1472 1048
f 1259 2398 1473
f 1705 1473 788
f 30 809 1474
f 1761 1474 1277
f 131 1905 1475
f 131 1475 1134
f 234 888 1476
f 234 1476 1059
f 851 999 1477
f 851 1477 2488
f 908 174 1478
f 2022 1478 293
f 335 956 1479
f 2070 1479 859
f 475 1289 1480
f 2056 1480 934
f 765 1755 1481
f 765 1481 2053
f 448 944 1482
f 1551 1813 1051
f 290 601 1483
f 2346 1648 415
f 920 1760 1484
f 920 2429 343
f 351 2456 1485
f 351 1485 74
f 159 1602 1486
f 2000 2492 901
f 272 1997 1487
f 272 1487 1023
f 761 2050 1488
f 761 1488 2228
f 715 1253 1489
f 715 1489 870
f 1258 2099 1490
f 1258 1490 2353
f 1140 637 1491
f 1140 2328 1869
f 431 1267 1492
f 431 1492 2295
f 1074 1222 1493
f 1074 1493 1279
f 877 2413 1494
f 877 1494 2421
f 355 61 1495
f 355 1495 1067
f 831 1741 1496
f 831 1496 2332
f 628 2086 1497
f 2460 1626 1030
f 206 900 1498
f 206 1498 926
f 655 1884 1499
f 655 1499 2103
f 143 562 1500
f 143 1500 374
f 595 1106 1501
f 595 1501 687
f 541 411 1502
f 541 1502 1796
f 1802 2494 1503
f 2117 1503 1281
f 219 1084 1504
f 219 1504 1288
f 268 1043 1505
f 268 2377 789
f 1261 2418 1506
f 1261 1506 1663
f 903 1779 1507
f 903 1507 1106
f 608 2115 1508
f 608 1508 742
f 1064 576 1509
f 1064 2490 105
f 1091 773 1510
f 1091 1510 650
f 21 2047 1511
f 21 1511 955
f 89 1133 1512
f 89 1512 305
f 348 1788 1513
f 348 1513 925
f 299 1291 1514
f 299 1514 1088
f 508 1745 1515
f 508 1515 941
f 354 240 1516
f 354 2035 183
f 931 2111 1517
f 931 1517 274
f 791 2114 1518
f 791 1518 1285
f 86 2467 1519
f 86 1519 739
f 404 1081 1520
f 2461 2020 1784
f 566 1072 1521
f 566 1521 282
f 19 510 1522
f 19 1522 781
f 820 1296 1523
f 820 1523 107
f 421 2453 1524
f 421 1524 339
f 1295 1798 1525
f 1295 1525 76
f 344 620 1526
f 344 1526 2004
f 1298 1662 1527
f 1298 1527 1095
f 891 173 2503
f 891 2503 2125
f 547 1292 1529
f 2487 2102 213
f 927 787 1530
f 927 1530 2501
f 1800 1094 1531
f 1800 1531 2494
f 1148 2187 1532
f 1148 1532 1305
f 662 203 1533
f 662 1533 923
f 1859 467 1534
f 2415 1534 109
f 1950 120 1535
f 1950 1535 1334
f 94 938 1536
f 94 1536 2141
f 701 2176 1537
f 1896 1537 1302
f 860 207 1538
f 860 1538 235
f 265 1139 1539
f 265 1539 2306
f 739 86 1540
f 739 1540 1284
f 2481 1301 1541
f 2481 1541 102
f 806 2163 1542
f 806 1542 1868
f 358 1429 1543
f 2214 1543 1372
f 573 2213 1544
f 573 1544 2084
f 97 158 1545
f 97 1545 2357
f 946 65 1546
f 946 1546 1880
f 1129 801 1547
f 1129 1547 166
f 298 875 1548
f 298 1548 576
f 314 2331 1549
f 314 1549 1132
f 2149 2039 1550
f 376 1550 1154
f 448 1813 1551
f 448 1551 2264
f 2445 1094 1552
f 2445 1552 1317
f 4 1418 1553
f 1864 1553 1308
f 694 1300 1554
f 2073 2412 558
f 133 2256 1555
f 133 1555 696
f 169 1833 2248
f 169 2248 1462
f 246 2142 1557
f 1815 1557 196
f 212 2398 1558
f 212 1558 1093
f 108 824 1559
f 108 1559 2166
f 589 2338 1560
f 589 1560 2229
f 328 1117 1561
f 328 1561 500
f 690 2343 1562
f 1985 1562 1155
f 702 1406 1563
f 702 1563 847
f 466 1880 1564
f 2153 1564 1866
f 937 2284 1565
f 937 1565 1400
f 266 1835 1566
f 266 1566 1109
f 501 319 1567
f 501 1567 2471
f 744 1918 1568
f 744 1568 1820
f 441 2174 1569
f 441 1569 255
f 191 259 1570
f 191 1570 1340
f 1101 1378 1571
f 1101 1571 1976
f 616 1303 1572
f 616 1572 2197
f 228 2137 1573
f 228 1573 436
f 311 617 1574
f 311 1574 973
f 957 364 1575
f 957 1575 1143
f 1162 647 1576
f 1162 2093 1455
f 369 1938 1577
f 369 1577 1907
f 156 737 1578
f 156 1578 863
f 291 1226 1579
f 291 1579 2018
f 423 18 1580
f 423 1580 533
f 229 2166 1581
f 229 1581 2268
f 476 78 1582
f 476 1582 145
f 684 804 1583
f 684 1583 319
f 80 463 1584
f 80 1584 618
f 54 666 1585
f 2344 1585 680
f 416 1870 1586
f 416 1586 1050
f 271 1320 1587
f 271 2194 822
f 477 2301 1588
f 477 1588 135
f 682 817 1589
f 682 1589 968
f 607 868 1590
f 607 1590 1927
f 844 2253 1591
f 844 1591 1883
f 137 244 1592
f 137 1592 850
f 1341 1099 1593
f 1341 1593 327
f 572 1979 1594
f 572 1594 1061
f 851 302 1595
f 851 1595 318
f 188 609 1596
f 188 1596 688
f 122 1855 1597
f 122 2362 1869
f 1000 502 1598
f 1000 1598 434
f 1209 180 1599
f 1209 1599 2321
f 13 632 1600
f 13 1600 1088
f 986 1158 1601
f 986 1601 2236
f 629 1304 1602
f 629 1602 159
f 757 594 1603
f 757 1603 1336
f 233 1099 1604
f 233 1604 2185
f 64 1330 1605
f 64 1605 1170
f 826 125 1606
f 826 1606 1107
f 366 1038 1607
f 366 1607 748
f 1123 387 1608
f 1123 1608 989
f 432 1122 1609
f 432 1609 1175
f 1190 1908 1610
f 2342 1610 75
f 62 832 1611
f 62 1611 1215
f 505 152 1612
f 505 1612 2007
f 136 1318 1613
f 136 1613 691
f 795 1873 1614
f 795 1614 1142
f 116 1130 1615
f 116 1615 550
f 725 84 1616
f 725 1616 1898
f 774 2322 1617
f 774 1617 809
f 756 429 1618
f 756 1618 309
f 2154 437 1619
f 622 1619 1969
f 1164 171 1620
f 1164 1620 864
f 124 853 1621
f 124 1621 1962
f 1343 1127 1622
f 1343 1622 259
f 1262 2255 1623
f 1262 1623 1884
f 393 815 1624
f 393 1624 1360
f 177 873 1625
f 177 1845 2184
f 1497 828 1626
f 1497 1626 628
f 1179 1821 1627
f 1179 1627 1926
f 574 2381 1628
f 574 1628 1820
f 459 2293 1629
f 459 1629 2165
f 34 2365 1630
f 34 1630 910
f 77 1169 1631
f 1810 1631 1445
f 896 445 1632
f 896 1632 2026
f 201 970 1633
f 201 1633 1023
f 2 614 1634
f 2 1634 1314
f 197 1369 1635
f 197 1635 678
f 871 210 1636
f 871 1636 1311
f 526 1957 1637
f 526 1637 1257
f 921 1108 1638
f 921 1638 1461
f 119 1999 1639
f 119 1639 1833
f 295 1154 1640
f 295 1640 1405
f 591 534 1641
f 591 1641 1201
f 735 1915 1642
f 735 1642 1313
f 385 2430 1643
f 385 1643 1046
f 1225 52 2098
f 1225 2098 2396
f 451 2176 1645
f 451 1645 1218
f 906 1442 1646
f 906 1646 550
f 580 1302 1647
f 580 1647 714
f 1483 290 1648
f 1483 1648 1916
f 660 1160 1649
f 660 1649 1841
f 1039 1960 1650
f 1039 1650 1932
f 399 2349 1651
f 399 1651 2277
f 782 560 1652
f 782 1652 2116
f 81 889 1653
f 81 1653 554
f 697 2428 1654
f 697 1654 2064
f 418 2343 1655
f 418 1655 2322
f 1413 1863 1656
f 1413 1656 695
f 1106 1501 1657
f 1106 1657 1507
f 593 829 1658
f 593 1658 743
f 20 1057 1659
f 20 1659 1425
f 1002 2327 1660
f 1002 1660 635
f 69 1429 1661
f 69 1661 2131
f 633 417 1662
f 633 1662 1298
f 17 1506 1663
f 17 1663 784
f 1419 529 1664
f 1419 1664 1006
f 2479 755 1665
f 2479 1665 167
f 398 1453 1666
f 398 1666 1207
f 1370 118 1667
f 1370 1667 738
f 250 382 1668
f 250 1668 657
f 514 1355 1669
f 514 1669 1167
f 185 2211 1670
f 185 1670 1135
f 805 2270 1671
f 805 1671 2183
f 610 244 1672
f 610 1672 390
f 2246 1931 1673
f 1200 1673 721
f 672 275 1674
f 672 1674 2037
f 377 2368 1675
f 377 1675 886
f 453 617 1676
f 453 1676 3
f 1464 2292 1677
f 1464 1677 980
f 32 481 1678
f 32 2266 652
f 236 2183 1679
f 236 1679 612
f 424 1329 1680
f 424 1680 785
f 905 2295 1681
f 905 1681 254
f 772 828 1682
f 772 1682 2462
f 349 650 1966
f 2317 1966 846
f 1018 1905 1684
f 1018 1684 2385
f 1065 1862 1685
f 1065 1685 405
f 181 874 1686
f 181 1686 641
f 1221 419 1687
f 1221 1687 1904
f 1857 523 1688
f 126 1688 1230
f 444 149 1689
f 2272 1689 1431
f 413 88 1690
f 413 1690 2348
f 498 2068 1691
f 498 1691 2012
f 470 1952 1692
f 470 1692 2340
f 1147 1906 1693
f 1147 1693 1945
f 998 1427 1694
f 998 1694 315
f 710 1885 1695
f 710 1695 2209
f 1056 419 1696
f 1056 1696 1138
f 1076 1979 1697
f 1076 1697 230
f 1290 2334 1698
f 1290 1698 933
f 639 450 1699
f 639 1699 556
f 163 1242 1700
f 163 2192 1828
f 76 1232 1701
f 76 1701 779
f 396 1424 1702
f 396 1702 1871
f 888 1937 1703
f 888 1703 2483
f 715 2005 1704
f 715 1704 1253
f 1259 932 1705
f 1259 1705 1473
f 763 1275 1706
f 763 2263 878
f 954 1842 1707
f 954 1707 1125
f 995 337 1708
f 995 1708 563
f 131 2072 1709
f 131 1709 656
f 113 1124 1710
f 113 1710 321
f 940 363 1711
f 940 1711 42
f 1020 1858 1712
f 1020 1712 317
f 237 2045 1713
f 237 1713 1430
f 1017 2375 1714
f 1017 1714 2223
f 333 2006 1715
f 333 1715 1250
f 943 1971 1716
f 943 1716 90
f 1393 1996 1717
f 1393 1717 1151
f 1478 174 1718
f 1478 1718 293
f 835 1965 1719
f 835 1719 46
f 104 1490 1720
f 2316 1720 356
f 221 1069 1721
f 221 1721 1211
f 1987 1041 1722
f 397 1722 200
f 45 605 1723
f 45 1723 812
f 811 982 1724
f 811 1724 1071
f 353 2000 1725
f 353 1725 2095
f 561 1034 1726
f 561 1726 2009
f 1310 1812 1727
f 1310 1727 1907
f 1073 1989 1728
f 1073 1728 877
f 192 713 1729
f 192 1729 341
f 11 1973 1730
f 11 1730 2367
f 1395 944 1731
f 1395 1731 546
f 1438 2162 1732
f 1438 1732 2447
f 1296 430 1733
f 1296 1733 1516
f 332 1961 1734
f 332 1734 28
f 325 1016 1735
f 325 1735 2110
f 894 1284 1736
f 894 1736 1422
f 778 283 1737
f 778 1737 488
f 1492 2295 1738
f 1492 1738 58
f 925 348 1739
f 925 1739 368
f 890 187 1740
f 890 1740 1459
f 596 2402 1741
f 596 1741 243
f 2273 1361 1742
f 1964 1742 974
f 23 767 1743
f 23 1743 465
f 40 1437 1744
f 40 1744 1255
f 602 2252 1745
f 602 1745 1515
f 926 1498 1746
f 2050 2366 219
f 215 705 1747
f 215 1747 1219
f 780 51 1748
f 780 1748 845
f 339 1186 1749
f 339 1749 575
f 942 1367 1750
f 942 1750 2350
f 1052 1390 1751
f 1052 1751 2061
f 859 2063 1752
f 859 1752 2444
f 292 428 1753
f 292 1753 2453
f 1098 882 1754
f 1098 1754 2462
f 1249 765 1755
f 1249 1755 726
f 2498 723 1756
f 2498 1756 2103
f 895 1272 1757
f 895 1757 105
f 1243 902 1758
f 1243 1758 220
f 552 1250 1759
f 552 2053 645
f 686 2011 1760
f 686 1760 1484
f 30 1055 1761
f 30 1761 1474
f 1048 2390 1762
f 1048 1762 251
f 2115 823 1763
f 2115 1763 1205
f 407 2095 1764
f 407 1764 478
f 883 1246 1765
f 883 1765 648
f 720 1252 1766
f 720 1766 1084
f 402 531 1767
f 402 1767 1299
f 1080 458 1768
f 1080 1768 2083
f 754 900 1769
f 754 1769 1279
f 1466 405 1770
f 1466 1770 1928
f 1033 1234 1771
f 1033 1771 2111
f 791 933 1772
f 791 1772 2107
f 2456 928 1773
f 461 1773 211
f 2085 198 1774
f 555 1774 24
f 2490 2120 1775
f 2490 1775 1239
f 2152 1935 1776
f 1015 1776 182
f 287 2303 1777
f 287 1777 538
f 2057 61 1778
f 253 2457 1512
f 766 1278 1779
f 766 1779 903
f 1500 562 1780
f 1500 1780 2452
f 299 2500 1781
f 2108 1781 858
f 1510 504 1782
f 1510 1782 1287
f 2397 342 1783
f 1522 1783 781
f 15 1092 1784
f 15 1784 2020
f 226 1322 1785
f 226 1785 1176
f 72 484 1786
f 72 1786 1347
f 1214 406 1787
f 1214 1787 2325
f 286 1513 1788
f 2480 1788 1271
f 941 2482 1789
f 941 1789 717
f 700 913 1790
f 700 1790 274
f 1292 270 1791
f 1292 1791 1529
f 25 249 1792
f 25 1792 1439
f 473 916 1793
f 473 2099 711
f 1282 106 1794
f 2125 1794 786
f 898 1454 1795
f 898 1795 2100
f 155 2113 1796
f 155 1796 1871
f 67 570 1797
f 67 1797 789
f 653 1295 1798
f 653 1798 1043
f 899 282 1799
f 899 1799 2483
f 676 1094 1800
f 676 1800 331
f 29 530 1801
f 29 1801 2109
f 485 1293 1802
f 2117 1802 1503
f 247 85 2467
f 247 2467 86
f 1079 838 1804
f 1079 1804 1455
f 213 2102 1805
f 213 1805 1263
f 107 929 1806
f 107 1806 1523
f 101 677 1807
f 101 1807 1301
f 1587 271 2194
f 1587 2194 401
f 227 962 1809
f 227 1809 378
f 77 2312 1810
f 77 1810 1631
f 94 93 1811
f 94 1811 2172
f 993 3 1812
f 993 1812 160
f 1482 1758 1813
f 1482 1813 448
f 1541 128 1814
f 1541 2138 1301
f 246 1557 1815
f 246 1815 1231
f 1458 950 1816
f 1458 1816 473
f 1305 103 1817
f 1305 1817 938
f 736 128 1818
f 736 1818 1781
f 108 559 1819
f 108 1819 1100
f 142 486 1820
f 142 1820 744
f 1331 841 1821
f 1331 1821 722
f 225 1693 1822
f 225 1822 825
f 456 1729 1823
f 456 1823 1565
f 1657 581 1824
f 1657 1824 2141
f 134 452 1825
f 134 1825 830
f 1669 1167 1826
f 1669 2212 1355
f 342 1783 1827
f 342 1827 706
f 208 707 1828
f 208 1828 1480
f 1109 1 1829
f 1109 1829 936
f 36 684 1830
f 36 1830 948
f 166 1129 1831
f 166 1831 979
f 1358 1674 1832
f 1358 1832 798
f 732 1556 1833
f 732 1833 119
f 603 284 1834
f 603 1834 2131
f 372 2156 1835
f 372 1835 2286
f 1372 1025 1836
f 1372 1836 84
f 615 341 1837
f 615 1837 364
f 207 2186 1838
f 207 1838 2340
f 388 2266 1839
f 388 1839 1211
f 312 2183 1840
f 312 1840 638
f 65 2247 1841
f 65 1841 776
f 857 545 1842
f 857 1842 2269
f 1145 990 1843
f 1145 1843 714
f 414 1795 1844
f 414 1844 2449
f 2139 373 1845
f 1625 1845 177
f 801 963 1846
f 801 1846 1547
f 439 1312 1847
f 439 1847 1120
f 336 1024 1848
f 336 1848 810
f 1630 2365 1849
f 1630 1849 623
f 229 1195 1850
f 229 1850 2166
f 520 742 1851
f 520 1851 1591
f 60 422 1852
f 60 1852 2487
f 1319 2262 1853
f 1319 1853 901
f 365 1332 1854
f 365 1854 819
f 1329 1680 1855
f 1329 1855 1198
f 1604 2143 1856
f 1604 1856 395
f 126 1688 1857
f 126 1857 813
f 534 764 1858
f 534 1858 2380
f 1335 1078 1859
f 1335 1859 467
f 305 1363 1860
f 305 1860 2259
f 323 1064 1861
f 323 1861 1176
f 1469 465 1862
f 1469 1862 2464
f 443 1047 1863
f 443 1863 2218
f 4 1553 1864
f 4 1864 585
f 125 1363 1865
f 125 1865 2162
f 1119 371 1866
f 1119 1866 31
f 1645 984 1867
f 1645 1867 362
f 770 2309 1868
f 770 1868 1029
f 162 2421 1869
f 162 1869 1000
f 836 974 1870
f 836 1870 114
f 1446 155 1871
f 1446 1871 396
f 255 718 1872
f 255 1872 1143
f 463 2140 1873
f 463 1873 2221
f 340 358 1874
f 340 1874 2267
f 832 1611 1875
f 832 1875 1330
f 426 1084 1876
f 426 1876 1216
f 502 2231 1877
f 502 1877 1598
f 189 1115 1878
f 189 1878 289
f 191 976 1879
f 191 1879 1108
f 1168 121 1880
f 1168 1880 946
f 745 1036 1881
f 745 1881 1187
f 1107 196 1882
f 1107 1882 1037
f 408 2341 1883
f 408 1883 844
f 264 1262 1884
f 264 1884 1499
f 5 1503 1885
f 5 1885 1573
f 434 751 1886
f 434 1886 609
f 1356 1196 1887
f 1356 1887 480
f 953 1634 1888
f 953 1888 425
f 729 616 1889
f 729 1889 1122
f 329 454 1890
f 329 1890 1601
f 1382 2184 1891
f 1382 1891 708
f 1390 1117 1892
f 1390 1892 687
f 367 592 1893
f 367 1893 1738
f 309 1320 1894
f 309 1894 1410
f 1773 928 1895
f 1773 1895 211
f 701 1537 1896
f 701 1896 2208
f 427 1314 1897
f 2150 1897 1321
f 1206 959 1898
f 1206 1898 2267
f 47 1103 1899
f 47 1899 2154
f 1026 2238 1900
f 1026 1900 176
f 1572 1 1901
f 1572 1901 683
f 1127 2254 1902
f 1127 1902 712
f 673 375 1903
f 673 1903 1748
f 644 852 1904
f 644 1904 147
f 2476 131 1905
f 2476 1905 1018
f 1346 261 1906
f 1346 1906 2301
f 855 1137 1907
f 855 1907 1727
f 262 815 1908
f 262 1908 1389
f 75 1560 1909
f 75 1909 1610
f 8 1641 1910
f 8 1910 699
f 988 1378 1911
f 988 1911 1316
f 1001 16 1912
f 1001 1912 1165
f 1151 796 1913
f 1151 1913 1717
f 1430 274 1914
f 1430 1914 1713
f 1040 880 1915
f 1040 1915 735
f 433 1483 1916
f 433 1916 754
f 276 1124 1917
f 276 1917 1433
f 799 1131 1918
f 799 1918 306
f 620 875 1919
f 620 1919 1526
f 682 968 1920
f 682 1920 990
f 986 506 1921
f 986 1921 1158
f 688 1371 1922
f 688 1922 1111
f 1328 180 1923
f 1328 1923 613
f 1421 1608 1924
f 1421 2178 973
f 864 1364 1925
f 864 1925 646
f 68 1179 1926
f 68 1926 1432
f 347 25 1927
f 347 1927 607
f 1251 199 1928
f 1251 1928 1466
f 1435 1585 1929
f 1435 1929 1763
f 1451 1228 1930
f 1451 1930 985
f 360 1673 1931
f 360 1931 1664
f 1105 1039 1932
f 1105 1932 283
f 27 1341 1933
f 27 1933 2275
f 278 1276 1934
f 278 1934 569
f 698 316 1935
f 698 1935 136
f 13 632 1936
f 13 1936 1514
f 1102 2238 1937
f 1102 1937 664
f 1339 825 1938
f 1339 1938 369
f 582 1394 1939
f 582 1939 1171
f 447 366 1940
f 447 1940 315
f 301 350 1941
f 301 1941 2367
f 156 535 1942
f 156 1942 737
f 1431 1689 1943
f 1431 1943 1044
f 785 932 1944
f 785 1944 424
f 818 2331 1945
f 818 1945 1147
f 18 289 1946
f 18 1946 829
f 575 1228 1947
f 575 1947 1749
f 1666 797 1948
f 1666 1948 1453
f 118 1667 1949
f 118 1949 1053
f 861 120 1950
f 861 1950 232
f 703 587 1951
f 703 1951 1012
f 889 1441 1952
f 889 1952 326
f 280 1123 1953
f 280 1953 2411
f 724 209 1954
f 724 1954 535
f 507 2264 1955
f 507 1955 1174
f 667 1112 1956
f 667 1956 190
f 1429 69 1957
f 1429 1957 358
f 554 81 1958
f 554 1958 1342
f 1401 22 1959
f 1401 1959 459
f 2463 1313 1960
f 2463 1960 1039
f 549 332 1961
f 549 1961 2279
f 483 124 1962
f 483 1962 2240
f 1050 211 1963
f 1050 1963 416
f 44 482 1964
f 44 1964 1742
f 1470 2265 1965
f 1470 1965 2271
f 1683 2317 1966
f 1683 1966 650
f 1449 1247 1967
f 1449 1967 897
f 450 639 1968
f 450 1968 1365
f 884 1468 1969
f 884 1969 2147
f 1789 579 1970
f 1789 1970 717
f 445 1632 1971
f 445 1971 380
f 1045 779 1972
f 1045 1972 129
f 1242 934 1973
f 1242 2219 322
f 531 402 1974
f 531 1974 1085
f 757 1062 1975
f 757 1975 1336
f 1409 111 1976
f 1409 1976 341
f 659 874 1977
f 659 1977 132
f 1558 275 1978
f 1558 1978 1093
f 139 2298 1979
f 139 1979 769
f 812 2185 1980
f 812 1980 1193
f 1533 203 1981
f 1533 1981 2307
f 637 1491 1982
f 637 1982 144
f 1426 451 1983
f 1426 1983 588
f 35 737 1984
f 35 1984 373
f 690 1562 1985
f 690 1985 1110
f 970 401 1986
f 970 1986 1633
f 397 1722 1987
f 397 1987 654
f 185 1150 1988
f 185 1988 2401
f 678 1635 1989
f 678 1989 1073
f 153 2320 1990
f 153 1990 660
f 597 2356 1991
f 597 1991 1546
f 251 1155 1992
f 251 1992 853
f 610 545 1993
f 610 1993 2128
f 184 774 1994
f 184 1994 2381
f 665 59 1995
f 665 1995 254
f 802 158 1996
f 802 1996 95
f 612 1679 1997
f 612 1997 272
f 141 2334 1998
f 141 1998 2326
f 1428 971 1999
f 1428 1999 1651
f 159 1486 2000
f 159 2000 353
f 2441 904 2001
f 478 2001 1764
f 1395 1199 2002
f 1395 2002 944
f 53 455 2003
f 53 2003 1003
f 866 1526 2004
f 866 2004 226
f 521 715 2005
f 521 2159 1046
f 760 1340 2006
f 760 2006 333
f 849 304 2007
f 849 2007 505
f 1779 1278 2008
f 1779 2008 1507
f 1450 1726 2009
f 1450 2009 563
f 279 1476 2010
f 279 2010 713
f 1066 588 2011
f 1066 2011 686
f 1411 1201 2012
f 1411 2012 1691
f 1743 1444 2013
f 1743 2329 1248
f 617 1104 2014
f 617 2014 453
f 165 739 2015
f 165 2015 2443
f 368 1387 2016
f 368 2016 1739
f 551 1141 2017
f 551 2017 2371
f 641 1029 2018
f 641 2018 1128
f 1690 88 2019
f 1690 2019 958
f 1520 2345 2020
f 1520 2020 404
f 86 247 2021
f 86 2021 1540
f 908 1478 2022
f 908 2022 481
f 942 1367 2023
f 942 2023 2350
f 1061 1594 2295
f 1061 2295 905
f 28 332 2025
f 28 2025 2375
f 983 1632 2026
f 983 2026 1403
f 42 1711 2027
f 42 2027 1493
f 1588 2301 2028
f 1588 2028 2403
f 1240 2377 2029
f 1240 2029 2455
f 695 2402 2030
f 695 2030 1276
f 1442 334 2031
f 1442 2031 1235
f 580 1302 2032
f 580 2032 1398
f 978 1369 2033
f 978 2033 740
f 1527 1662 2034
f 1527 2034 643
f 1516 1733 2035
f 1516 2035 354
f 696 1555 2036
f 696 2036 1222
f 788 170 2037
f 788 2037 672
f 1359 876 2038
f 1359 2038 2417
f 882 123 2039
f 882 2039 2149
f 343 2429 2040
f 343 2040 2320
f 222 1256 2041
f 222 2041 1459
f 762 1019 2042
f 762 2042 52
f 30 809 2043
f 30 2043 1055
f 1257 2429 2044
f 1257 2044 1368
f 648 1213 2045
f 648 2045 1765
f 6 2201 2046
f 6 2046 1378
f 887 1078 2047
f 887 2047 2173
f 1415 377 2048
f 1415 2048 503
f 1274 2437 2049
f 1274 2049 337
f 926 649 2050
f 926 2050 2366
f 245 1253 2051
f 245 2051 2211
f 996 1360 2052
f 996 2052 1397
f 1759 117 2053
f 1759 2053 552
f 20 625 2054
f 20 2054 383
f 9 390 2055
f 9 2055 767
f 475 773 2056
f 475 2056 1480
f 253 1778 2057
f 253 2057 1012
f 242 1096 2058
f 2195 2058 110
f 1422 66 2059
f 1422 2059 1736
f 415 1361 2060
f 415 2060 2387
f 540 400 2061
f 540 2061 492
f 389 1504 2062
f 389 2062 2399
f 381 1034 2063
f 381 2063 859
f 161 697 2064
f 161 2064 1264
f 917 54 2065
f 917 2065 2327
f 1189 257 2066
f 1189 2066 449
f 831 1715 2067
f 831 2067 2332
f 115 498 2068
f 115 2068 489
f 405 1770 2069
f 405 2069 1685
f 335 1204 2070
f 335 2070 1479
f 1283 2222 2071
f 1283 2071 1753
f 997 131 2072
f 997 2072 32
f 694 1554 2073
f 694 2073 2396
f 1219 1714 2074
f 1219 2074 1747
f 1069 1373 2075
f 1069 2075 104
f 1279 1769 2076
f 1279 2076 152
f 1485 2456 2077
f 1485 2077 778
f 562 143 2078
f 562 2078 2473
f 462 404 2079
f 462 2079 1022
f 1786 1456 2080
f 1786 2080 354
f 999 851 2081
f 999 2081 202
f 1239 140 2082
f 1239 2082 1775
f 270 2492 2083
f 270 2083 1292
f 902 573 2084
f 902 2084 1758
f 555 363 2085
f 555 2085 1774
f 173 628 2086
f 173 2086 891
f 1782 2484 2087
f 1782 2087 2233
f 1075 1663 2088
f 1075 2088 223
f 781 1783 2089
f 781 2089 2496
f 878 1445 2090
f 878 2090 632
f 167 895 2091
f 167 2091 1417
f 1133 90 2092
f 1133 2092 89
f 1576 522 2093
f 1576 2093 1162
f 893 578 2094
f 893 2094 359
f 2468 353 2095
f 2468 2095 249
f 1525 2489 2096
f 1525 2096 2146
f 1092 1784 2097
f 1092 2097 1194
f 1644 52 2098
f 1644 2098 1060
f 1793 473 2099
f 1793 2099 1490
f 260 2466 2100
f 260 2100 980
f 631 1534 2101
f 631 2101 287
f 1529 787 2102
f 1529 2102 547
f 1028 655 2103
f 1028 2103 1792
f 1788 1271 2104
f 1788 2104 348
f 1094 2445 2105
f 1094 2105 676
f 508 941 2106
f 508 2106 837
f 307 484 2107
f 307 2107 791
f 299 1088 2108
f 299 2108 1781
f 1325 29 2109
f 1325 2109 2255
f 1489 2485 2110
f 1489 2110 2430
f 374 1033 2111
f 374 2111 474
f 1043 1505 2112
f 1043 2112 1798
f 1197 155 2113
f 1197 2113 780
f 570 1290 2114
f 570 2114 1518
f 269 2475 2115
f 269 2115 1763
f 1082 461 2116
f 1082 2116 2472
f 485 790 2117
f 485 2117 1802
f 899 469 2373
f 899 2373 1521
f 553 168 2119
f 553 2119 492
f 105 895 2120
f 105 2120 2490
f 1011 2479 2121
f 1011 2121 421
f 530 1030 2122
f 530 2122 1801
f 127 2216 2123
f 127 2123 2451
f 107 820 2124
f 107 2124 410
f 1282 891 2125
f 1282 2125 1794
f 927 1087 2126
f 927 2126 787
f 1305 103 2127
f 1305 2127 1532
f 422 709 2128
f 422 2128 1592
f 2003 455 2129
f 2003 2129 1332
f 1818 1781 2130
f 1818 2130 590
f 1364 1925 2131
f 1364 2131 1834
f 1487 1997 2132
f 1487 2132 1712
f 641 181 2133
f 641 2133 1128
f 706 997 2134
f 706 2134 1344
f 393 815 2135
f 393 2135 1124
f 166 1547 2136
f 166 2136 1609
f 5 935 2137
f 5 2137 1573
f 1814 947 2138
f 1814 2138 1541
f 1625 56 2139
f 1625 2139 1845
f 231 463 2140
f 231 2140 401
f 945 1501 2141
f 945 2141 94
f 370 246 2142
f 370 2142 62
f 1099 1604 2143
f 1099 2143 1593
f 111 1338 2144
f 111 2144 1571
f 480 296 2145
f 480 2145 1887
f 500 328 2146
f 500 2146 95
f 1641 154 2147
f 1641 2147 1910
f 4 821 2148
f 4 2148 585
f 376 172 2149
f 376 2149 1550
f 427 1407 2150
f 427 2150 1897
f 936 1829 2151
f 936 2151 2014
f 1015 359 2152
f 1015 2152 1776
f 466 817 2153
f 466 2153 1564
f 622 529 2154
f 622 2154 1619
f 256 1920 2155
f 256 2155 1353
f 224 1835 2156
f 224 2156 1889
f 31 1366 2157
f 31 2157 517
f 1207 2010 2158
f 1207 2158 797
f 2005 521 2159
f 2005 2159 1068
f 1680 217 2160
f 1680 2160 785
f 965 1878 2161
f 965 2161 1209
f 1153 394 2162
f 1153 2162 125
f 980 2100 2163
f 980 2163 806
f 542 71 2164
f 542 2164 1353
f 199 1629 2165
f 199 2165 868
f 513 1581 2166
f 513 2166 1559
f 594 1265 2167
f 594 2167 1053
f 50 1693 2168
f 50 2168 529
f 946 1168 2169
f 946 2169 65
f 210 871 2170
f 210 2170 977
f 1012 2057 2171
f 1012 2171 1951
f 677 1811 2172
f 677 2172 1807
f 1511 2047 2173
f 1511 2173 681
f 1 1829 2174
f 1 2174 1901
f 841 1627 2175
f 841 2175 1921
f 362 701 2176
f 362 2176 1645
f 1699 450 2177
f 1699 2177 556
f 1924 26 2178
f 1924 2178 1421
f 1375 410 2179
f 1375 2179 77
f 1249 1077 2180
f 1249 2180 726
f 382 149 2181
f 382 2181 1469
f 1886 1596 2182
f 1886 2182 751
f 41 764 2183
f 41 2183 1042
f 618 972 2184
f 618 2184 1584
f 395 1604 2185
f 395 2185 265
f 1160 1990 2186
f 1160 2186 991
f 717 2106 2187
f 717 2187 1970
f 515 1545 2188
f 515 2188 1541
f 663 1932 2189
f 663 2189 1352
f 1507 1657 2190
f 1507 2190 2008
f 1766 1252 2191
f 1766 2191 1876
f 1700 163 2192
f 1700 2192 666
f 794 958 2193
f 794 2193 1174
f 1808 822 2194
f 1808 2194 401
f 242 912 2195
f 242 2195 2058
f 261 964 2196
f 261 2196 1147
f 1316 729 2197
f 1316 2197 1911
f 341 192 2198
f 341 2198 1837
f 364 1837 2199
f 364 2199 1404
f 188 1331 2200
f 188 2200 688
f 1400 456 2201
f 1400 2201 2046
f 1308 1553 2202
f 1308 2202 1872
f 82 939 2203
f 82 2203 442
f 251 1762 2204
f 251 2204 1024
f 678 1605 2205
f 678 2205 197
f 134 1166 2206
f 134 2206 830
f 440 1215 2207
f 440 2207 1037
f 308 856 2208
f 308 2208 990
f 1939 1171 2209
f 1939 2209 710
f 584 1453 2210
f 584 2210 738
f 1150 185 2211
f 1150 2211 245
f 1826 1423 2212
f 1826 2212 1669
f 1926 494 2213
f 1926 2213 284
f 358 1025 2214
f 358 2214 1543
f 712 452 2215
f 712 2215 1825
f 344 7 2216
f 344 2216 620
f 259 1570 2217
f 259 2217 1343
f 73 443 2218
f 73 2218 1136
f 1973 411 2219
f 1973 2219 1242
f 329 1620 2220
f 329 2220 1158
f 1416 1954 2221
f 1416 2221 1614
f 522 1576 2222
f 522 2222 2071
f 1219 215 2223
f 1219 2223 1714
f 1143 255 2224
f 1143 2224 527
f 347 607 2225
f 347 2225 1550
f 2012 591 2226
f 2012 2226 498
f 1408 35 2227
f 1408 2227 435
f 304 1684 2228
f 304 2228 2007
f 1349 1673 2229
f 1349 2229 1560
f 1112 183 2230
f 1112 2230 1956
f 722 68 2231
f 722 2231 1877
f 203 1981 2232
f 203 2232 711
f 350 1055 2233
f 350 2233 1287
f 708 201 2234
f 708 2234 1382
f 436 1381 2235
f 436 2235 1573
f 605 1111 2236
f 605 2236 1601
f 962 406 2237
f 962 2237 1529
f 1374 1740 2238
f 1374 2238 1102
f 3 1385 2239
f 3 2239 1676
f 1568 361 2240
f 1568 2240 1035
f 1892 258 2241
f 1892 2241 687
f 636 735 2242
f 636 2242 263
f 971 64 2243
f 971 2243 1639
f 1071 144 2244
f 1071 2244 1724
f 345 577 2245
f 345 2245 850
f 1200 611 2246
f 1200 2246 1673
f 1389 1908 2247
f 1389 2247 1841
f 1556 1833 2248
f 1556 2248 381
f 298 875 2249
f 298 2249 1919
f 705 215 2250
f 705 2250 1044
f 961 175 2251
f 961 2251 1549
f 1403 983 2252
f 1403 2252 1745
f 120 1144 2253
f 120 2253 1345
f 638 236 2254
f 638 2254 1127
f 496 1682 2255
f 496 2255 1623
f 490 133 2256
f 490 2256 1234
f 49 1466 2257
f 49 2257 847
f 425 953 2258
f 425 2258 2064
f 89 305 2259
f 89 2259 2092
f 1718 338 2260
f 1718 2260 293
f 1739 548 2261
f 1739 2261 1149
f 63 1125 2262
f 63 2262 709
f 1706 763 2263
f 1706 2263 1399
f 874 659 2264
f 874 2264 181
f 1187 1881 2265
f 1187 2265 1470
f 1678 388 2266
f 1678 2266 32
f 235 1206 2267
f 235 2267 1874
f 750 1897 2268
f 750 2268 987
f 465 1685 2269
f 465 2269 661
f 115 498 2270
f 115 2270 537
f 252 1719 2271
f 252 2271 479
f 444 1380 2272
f 444 2272 1689
f 44 1742 2273
f 44 2273 482
f 417 1067 2274
f 417 2274 424
f 523 734 2275
f 523 2275 881
f 795 679 2276
f 795 2276 949
f 57 1651 2277
f 57 2277 1815
f 1137 477 2278
f 1137 2278 369
f 1425 1659 2279
f 1425 2279 549
f 1948 797 2280
f 1948 2280 58
f 18 423 2281
f 18 2281 384
f 84 1174 2282
f 84 2282 1616
f 1687 1904 2283
f 1687 2283 1359
f 1328 180 2284
f 1328 2284 509
f 869 2046 2285
f 869 2285 146
f 1589 372 2286
f 1589 2286 817
f 1582 1254 2287
f 1582 2287 145
f 486 142 2288
f 486 2288 930
f 352 763 2289
f 352 2289 1600
f 1311 1165 2290
f 1311 2290 1636
f 1196 1887 2291
f 1196 2291 318
f 1220 619 2292
f 1220 2292 288
f 1401 459 2293
f 1401 2293 1132
f 1879 830 2294
f 1879 2294 1324
f 2024 1594 2295
f 2024 2295 1061
f 1915 130 2296
f 1915 2296 528
f 1468 1619 2297
f 1468 2297 1986
f 1076 1979 2298
f 1076 2298 487
f 471 1337 2299
f 471 2299 1508
f 696 133 2300
f 696 2300 816
f 39 2028 2301
f 39 2301 1346
f 834 1809 2302
f 834 2302 264
f 1204 1534 2303
f 1204 2303 2070
f 740 1245 2304
f 740 2304 1462
f 2043 1191 2305
f 2043 2305 1055
f 1467 1539 2306
f 1467 2306 265
f 468 1533 2307
f 468 2307 1383
f 801 984 2308
f 801 2308 1129
f 132 1731 2309
f 132 2309 770
f 624 1701 2310
f 624 2310 1422
f 1983 1688 2311
f 1983 2311 1218
f 430 2035 2312
f 430 2312 1086
f 1180 1461 2313
f 1180 2313 1586
f 164 1348 2314
f 164 2314 1019
f 737 972 2315
f 737 2315 1942
f 104 1720 2316
f 104 2316 2075
f 349 1683 2317
f 349 2317 1057
f 279 713 2318
f 279 2318 1009
f 960 2113 2319
f 960 2319 1730
f 1744 1437 2320
f 1744 2320 343
f 367 1209 2321
f 367 2321 1738
f 897 418 2322
f 897 2322 1617
f 194 973 2323
f 194 2323 387
f 1276 278 2324
f 1276 2324 1413
f 2122 1214 2325
f 2122 2325 1801
f 488 141 2326
f 488 2326 1737
f 257 1424 2327
f 257 2327 1189
f 1491 1140 2328
f 1491 2328 1982
f 2013 1013 2329
f 2013 2329 1743
f 1749 1947 2330
f 1749 2330 1186
f 699 1945 2331
f 699 2331 8
f 117 2067 2332
f 117 2332 1077
f 1041 1987 2333
f 1041 2333 907
f 1327 570 2334
f 1327 2334 1998
f 1282 106 2335
f 1282 2335 891
f 1006 1103 2336
f 1006 2336 839
f 599 1181 2337
f 599 2337 1652
f 689 1909 2338
f 689 2338 1938
f 1914 274 2339
f 1914 2339 1031
f 38 1838 2340
f 38 2340 1210
f 918 1883 2341
f 918 2341 985
f 1190 1610 2342
f 1190 2342 815
f 43 1365 2343
f 43 2343 1562
f 54 1585 2344
f 54 2344 917
f 15 913 2345
f 15 2345 2020
f 290 1260 2346
f 290 2346 1648
f 1611 518 2347
f 1611 2347 1306
f 285 1661 2348
f 285 2348 1543
f 956 399 2349
f 956 2349 732
f 150 1727 2350
f 150 2350 1812
f 1971 1716 2351
f 1971 2351 1286
f 447 366 2352
f 447 2352 1694
f 586 1258 2353
f 586 2353 1138
f 1748 1903 2354
f 1748 2354 911
f 1758 2084 2355
f 1758 2355 1813
f 516 1192 2356
f 516 2356 1610
f 1996 97 2357
f 1996 2357 1717
f 1936 632 2358
f 1936 2358 1291
f 1101 1008 2359
f 1101 2359 1378
f 1650 1960 2360
f 1650 2360 1212
f 685 603 2361
f 685 2361 1471
f 1597 217 2362
f 1597 2362 122
f 714 1145 2363
f 714 2363 1398
f 698 316 2364
f 698 2364 136
f 1229 211 2365
f 1229 2365 34
f 1746 568 2366
f 1746 2366 926
f 773 2056 2367
f 773 2367 301
f 1415 377 2368
f 1415 2368 503
f 326 1210 2369
f 326 2369 1397
f 684 36 2370
f 684 2370 189
f 46 1719 2371
f 46 2371 1059
f 1613 1318 2372
f 1613 2372 691
f 2118 469 2373
f 2118 2373 899
f 1247 175 2374
f 1247 2374 1691
f 742 520 2375
f 742 2375 28
f 959 1538 2376
f 959 2376 519
f 1505 268 2377
f 1505 2377 1240
f 1278 297 2378
f 1278 2378 168
f 276 1124 2379
f 276 2379 721
f 1020 1858 2380
f 1020 2380 884
f 1474 1994 2381
f 1474 2381 248
f 895 2120 2382
f 895 2382 2091
f 896 1188 2383
f 896 2383 2026
f 505 849 2384
f 505 2384 2027
f 2041 1018 2385
f 2041 2385 1459
f 646 1925 2386
f 646 2386 526
f 645 2060 2387
f 645 2387 1273
f 363 555 2388
f 363 2388 940
f 545 857 2389
f 545 2389 610
f 161 1472 2390
f 161 2390 1264
f 2054 1224 2391
f 2054 2391 625
f 123 1623 2392
f 123 2392 1028
f 1441 519 2393
f 1441 2393 1579
f 1363 1860 2394
f 1363 2394 693
f 218 572 2395
f 218 2395 876
f 12 1225 2396
f 12 2396 1452
f 1522 510 2397
f 1522 2397 1783
f 112 932 2398
f 112 2398 2034
f 566 1072 2399
f 566 2399 1252
f 1480 1828 2400
f 1480 2400 1242
f 1135 321 2401
f 1135 2401 185
f 48 1340 2402
f 48 2402 831
f 334 992 2403
f 334 2403 1646
f 649 2076 2404
f 649 2404 926
f 995 337 2405
f 995 2405 70
f 843 1833 2406
f 843 2406 978
f 1066 588 2407
f 1066 2407 686
f 814 118 2408
f 814 2408 1336
f 1113 275 2409
f 1113 2409 1844
f 151 407 2410
f 151 2410 1725
f 550 1615 2411
f 550 2411 1646
f 1554 2073 2412
f 1554 2412 1297
f 1728 1447 2413
f 1728 2413 877
f 1702 1058 2414
f 1702 2414 1424
f 1859 716 2415
f 1859 2415 1534
f 1463 1903 2416
f 1463 2416 1010
f 1696 59 2417
f 1696 2417 419
f 2063 1034 2418
f 2063 2418 1506
f 24 1771 2419
f 24 2419 1774
f 484 307 2420
f 484 2420 72
f 1266 877 2421
f 1266 2421 1951
f 626 2069 2422
f 626 2422 1707
f 371 1991 2423
f 371 2423 1119
f 989 1123 2424
f 989 2424 449
f 919 1312 2425
f 919 2425 563
f 769 1979 2426
f 769 2426 1307
f 2061 903 2427
f 2061 2427 1751
f 614 1407 2428
f 614 2428 1654
f 1484 2044 2429
f 1484 2429 920
f 870 385 2430
f 870 2430 1489
f 324 573 2431
f 324 2431 1243
f 753 1770 2432
f 753 2432 1927
f 2090 1445 2433
f 2090 2433 1169
f 2045 1713 2434
f 2045 2434 19
f 200 397 2435
f 200 2435 442
f 893 578 2436
f 893 2436 359
f 420 1274 2437
f 420 2437 162
f 2052 1710 2438
f 2052 2438 1397
f 631 109 2439
f 631 2439 1070
f 1176 952 2440
f 1176 2440 866
f 478 407 2441
f 478 2441 2001
f 429 1618 2442
f 429 2442 113
f 1736 165 2443
f 1736 2443 2059
f 538 1777 2444
f 538 2444 1752
f 140 2082 2445
f 140 2445 2105
f 1197 51 2446
f 1197 2446 155
f 52 1644 2447
f 52 2447 1732
f 1772 2107 2448
f 1772 2448 190
f 546 1844 2449
f 546 2449 1731
f 1074 433 2450
f 1074 2450 1279
f 402 1299 2451
f 402 2451 1974
f 474 1500 2452
f 474 2452 1194
f 55 1283 2453
f 55 2453 421
f 124 1155 2454
f 124 2454 483
f 1090 2029 2455
f 1090 2455 1285
f 461 1082 2456
f 461 2456 1773
f 1778 253 2457
f 1778 2457 61
f 653 268 2458
f 653 2458 2058
f 1063 14 2459
f 1063 2459 1457
f 628 173 2460
f 628 2460 1626
f 404 2020 2461
f 404 2461 2079
f 10 1682 2462
f 10 2462 1754
f 79 1039 2463
f 79 2463 1960
f 83 1862 2464
f 83 2464 671
f 2022 293 2465
f 2022 2465 768
f 643 212 2466
f 643 2466 260
f 1803 85 2467
f 1803 2467 247
f 1027 2095 2468
f 1027 2468 249
f 294 652 2469
f 294 2469 1783
f 333 760 2470
f 333 2470 1361
f 784 1149 2471
f 784 2471 2088
f 1269 183 2472
f 1269 2472 1082
f 1088 2108 2473
f 1088 2473 2078
f 1804 1455 2474
f 1804 2474 838
f 823 1217 2475
f 823 2475 269
f 656 131 2476
f 656 2476 1018
f 916 221 2477
f 916 2477 1069
f 612 886 2478
f 612 2478 1236
f 565 2121 2479
f 565 2479 167
f 286 1788 2480
f 286 2480 716
f 796 1151 2481
f 796 2481 102
f 1515 941 2482
f 1515 2482 602
f 775 1799 2483
f 775 2483 1703
f 504 930 2484
f 504 2484 1782
f 1253 1489 2485
f 1253 2485 2051
f 240 354 2486
f 240 2486 1523
f 547 2102 2487
f 547 2487 2083
f 981 767 2488
f 981 2488 851
f 76 1232 2489
f 76 2489 1525
f 1509 1239 2490
f 1509 2490 1064
f 571 890 2491
f 571 2491 1036
f 1486 270 2492
f 1486 2492 2000
f 1270 1682 2493
f 1270 2493 1626
f 1293 1800 2494
f 1293 2494 1802
f 2072 1709 2495
f 2072 2495 32
f 1246 662 2496
f 1246 2496 781
f 1085 1974 2497
f 1085 2497 1281
f 1499 723 2498
f 1499 2498 2103
f 1162 647 2499
f 1162 2499 1455
f 929 1806 2500
f 929 2500 299
f 1087 1794 2501
f 1087 2501 927
f 1805 2126 2502
f 1805 2502 2102
f 1528 173 2503
f 1528 2503 2125
