v -0.153524 0.64202 -0.422194
v -0.175614 0.641889 -0.419934
v -0.114374 0.659474 -0.435998
v -0.061535 0.666038 -0.444573
v -0.124216 0.667534 -0.44833
v -5e-05 0.675383 -0.452501
v 0.063498 0.672783 -0.449186
v 0.113527 0.649967 -0.432039
v 0.062746 0.627833 -0.433516
v 0.153576 0.642091 -0.422191
v 0.159091 0.618585 -0.41226
v 0.175723 0.641979 -0.41993
v 0.185364 0.641166 -0.420735
v 0.181101 0.634465 -0.415054
v -0.062795 0.627856 -0.433484
v -0.158849 0.618508 -0.412273
v 0.133576 0.663693 -0.487493
v -0.167061 0.654532 -0.437286
v -0.225198 0.621424 -0.427801
v -0.212965 0.628089 -0.499111
v -0.205163 0.618024 -0.537469
v 0.187987 0.604999 -0.40176
v 0.216108 0.595959 -0.401223
v 0.22522 0.621392 -0.427762
v 0.196078 0.575516 -0.445502
v 0.14439 0.575123 -0.465074
v 0.075026 0.588952 -0.454886
v -2.2e-05 0.599303 -0.444583
v -0.077796 0.558083 -0.522619
v -9e-06 0.557586 -0.530402
v 0.077931 0.558038 -0.522606
v 0.135985 0.541521 -0.551667
v 0.236283 0.579835 -0.513773
v 0.217326 0.570522 -0.556785
v 0.159254 0.530006 -0.61071
v -0.215748 0.595965 -0.401243
v -0.190716 0.561821 -0.596923
v -0.15677 0.575988 -0.628501
v -0.053987 0.544838 -0.692452
v -0.169264 0.534225 -0.574868
v -0.198253 0.542581 -0.557362
v -0.215495 0.552361 -0.51284
v -0.227876 0.565986 -0.466915
v -0.125727 0.527404 -0.601832
v -0.066365 0.522145 -0.626364
v 0.054173 0.524671 -0.688881
v 0.114517 0.521295 -0.643428
v 0.125965 0.527512 -0.601769
v 0.121858 0.625049 -0.600965
v -0.163793 0.616725 -0.585096
v -0.127089 0.643704 -0.562151
v -0.065134 0.629916 -0.615026
v -0.000103 0.652121 -0.575427
v 0.177543 0.645365 -0.512335
v -0.246465 0.057247 0.245276
v -0.300279 0.078894 0.240223
v -0.313471 0.081767 0.179142
v -0.303163 0.072237 0.31732
v -0.22534 0.052348 0.352896
v -0.19462 0.059598 0.381988
v -0.204475 0.051313 0.305708
v -0.164794 0.086236 0.460117
v -0.266334 0.041536 0.332926
v -0.232981 0.02062 0.369165
v -0.271066 0.019709 0.342894
v -0.31333 0.04891 0.324544
v -0.278495 0.004713 0.363119
v -0.314946 0.00406 0.358238
v -0.311574 -0.00055 0.37964
v -0.219538 0.013256 0.420152
v -0.191864 0.039893 0.448656
v -0.374945 0.05757 0.34227
v -0.388987 0.121876 0.327102
v -0.41141 0.18557 0.261942
v -0.469044 0.136956 0.423322
v -0.446027 0.084202 0.407403
v -0.472575 0.191717 0.492922
v -0.447768 0.121068 0.520743
v -0.482183 0.266303 0.456053
v -0.393615 0.014676 0.405971
v -0.428911 0.044549 0.489309
v -0.408391 0.032957 0.502048
v -0.36822 0.117276 0.129435
v -0.378596 0.129613 0.070311
v -0.341896 0.113917 0.000174
v -0.220862 0.047394 0.147955
v -0.235405 0.062831 0.022415
v -0.247236 0.107613 -0.119817
v -0.309523 0.140091 -0.126497
v -0.399797 0.189326 -0.08888
v -0.361858 0.175934 -0.125799
v -0.19804 0.12941 -0.185858
v -0.121375 0.055129 -0.050698
v -0.426109 0.18058 0.033236
v -0.44941 0.210614 0.096328
v -0.496492 0.342908 0.062016
v -0.478639 0.317629 0.164594
v -0.465398 0.241865 0.001715
v -0.10541 0.025902 0.181549
v -0.089212 0.032736 0.321128
v -0.086057 0.046237 0.38902
v 1.4e-05 0.027357 0.315434
v -0.119471 0.072877 0.453041
v 1.7e-05 0.038183 -0.002315
v 0.113648 0.029462 0.117946
v 0.062106 0.086021 -0.15422
v -1.9e-05 0.084407 -0.155568
v -0.061509 0.06645 -0.106149
v -0.258051 0.356641 -0.346271
v -0.234315 0.436903 -0.426199
v -0.170794 0.387367 -0.415776
v -0.179853 0.349429 -0.37678
v -0.190073 0.277309 -0.334397
v -0.155471 0.224368 -0.307415
v -0.052241 0.243593 -0.344556
v -0.139734 0.33198 -0.384438
v -0.243101 0.297002 -0.323782
v -0.237458 0.250784 -0.293854
v -0.129918 0.38363 -0.451013
v -0.047527 0.333055 -0.418684
v -0.224741 0.447371 -0.489495
v -0.270151 0.484808 -0.503716
v -0.293694 0.485446 -0.427804
v -0.305511 0.515619 -0.479403
v -0.331274 0.498329 -0.388562
v -0.271421 0.450661 -0.395874
v -0.235111 0.459991 -0.52258
v -0.186291 0.438101 -0.571481
v -0.292803 0.405857 -0.355088
v -0.446936 0.506828 -0.261611
v -0.477142 0.464165 -0.243832
v -0.41806 0.463797 -0.33214
v -0.454139 0.515175 -0.213229
v -0.299268 0.307057 -0.354234
v -0.338871 0.330937 -0.372638
v -0.402033 0.293713 -0.384504
v -0.369302 0.181294 -0.398154
v -0.495957 0.228052 -0.3442
v -0.417708 0.128703 -0.401998
v -0.489123 0.119181 -0.353956
v -0.301519 0.110694 -0.363318
v -0.312002 0.063209 -0.368471
v -0.33978 0.07165 -0.393905
v -0.295582 0.05579 -0.332136
v -0.267205 0.194945 -0.307661
v -0.280558 0.184705 -0.198263
v -0.300153 0.176609 -0.175761
v -0.332889 0.18161 -0.155755
v -0.273922 0.159012 -0.230997
v -0.286118 0.083034 -0.252132
v -0.29822 0.113217 -0.209417
v -0.320624 0.139248 -0.175042
v -0.189964 0.975726 -0.2058
v -0.252211 0.972294 -0.215173
v -0.238062 0.904988 -0.151045
v -0.127435 0.955652 -0.159565
v -0.064221 0.961367 -0.152022
v 2e-05 0.989398 -0.18576
v -0.067677 1.01176 -0.232969
v 2.4e-05 1.03309 -0.278604
v -0.2832 1.04842 -0.289366
v -0.192564 1.02831 -0.336202
v 0.063313 0.941933 -0.12297
v 0.127403 0.955653 -0.159589
v 0.184078 0.921777 -0.140712
v 0.252164 0.972366 -0.21515
v -0.124813 0.91504 -0.102808
v 0.063772 0.907628 -0.066317
v 0.12798 0.878384 -0.047162
v -0.238911 0.855322 -0.100974
v -0.285285 0.853831 -0.139405
v -0.334879 0.766584 -0.10126
v -0.191646 0.839158 -0.033911
v -0.136104 0.829807 0.042392
v -0.260047 0.776508 0.013888
v -0.340823 0.921601 -0.218266
v -0.408572 0.937341 -0.259622
v -0.406282 0.995964 -0.244067
v -0.359594 1.01563 -0.235436
v -0.437979 1.04118 -0.260576
v -0.447043 1.04717 -0.292718
v -0.419323 1.06055 -0.32597
v -0.412685 0.805932 -0.292009
v -0.392614 0.698819 -0.224687
v -0.4111 0.656126 -0.327412
v -0.420407 0.744368 -0.326704
v -0.395608 0.677399 -0.139644
v -0.412287 0.627719 -0.165543
v -0.390996 0.854281 -0.44414
v -0.398232 0.800195 -0.463392
v -0.415239 0.775265 -0.430254
v -0.418896 0.704981 -0.428316
v -0.403037 0.638739 -0.432833
v -0.364156 0.644461 -0.53973
v -0.385429 0.683289 -0.517212
v -0.333478 0.624798 -0.585372
v -0.264179 0.616503 -0.675845
v -0.334133 0.606005 -0.534056
v -0.307859 0.607823 -0.575721
v -0.310174 0.655811 -0.649847
v -0.365284 0.579506 -0.444613
v -0.31914 0.595452 -0.512609
v -0.281503 0.609917 -0.55789
v -0.333262 0.8773 -0.526424
v -0.35011 0.848888 -0.520859
v -0.28415 0.909948 -0.559773
v -0.258832 0.913135 -0.58652
v -0.283815 0.858885 -0.593828
v -0.216935 0.894971 -0.642256
v -0.223315 0.964554 -0.574089
v -0.315203 0.980358 -0.442439
v -0.356673 1.0133 -0.391791
v -0.230478 0.997068 -0.502925
v -0.22275 1.01396 -0.453736
v -0.34343 0.793653 -0.552614
v -0.314235 0.799216 -0.587208
v -0.28034 0.818519 -0.622133
v -0.134797 0.805594 -0.756535
v -0.118167 0.740598 -0.788589
v -0.155581 0.875148 -0.707673
v -0.129813 0.922176 -0.691844
v -0.174096 0.782618 -0.739103
v -0.222108 0.735362 -0.723024
v -0.205613 0.806953 -0.7008
v -0.225579 0.786124 -0.696732
v -0.211653 0.84484 -0.675532
v -0.24183 0.847156 -0.645697
v -0.140267 0.953587 -0.657152
v 2.1e-05 0.988295 -0.661267
v -0.048644 0.788192 -0.795101
v -0.049358 0.726763 -0.816016
v 0.046235 0.686333 -0.82507
v 0.118229 0.740589 -0.788293
v 0.225211 0.690475 -0.736502
v -1.7e-05 0.654478 -0.842791
v 0.045662 0.629739 -0.827496
v 0.097344 0.796868 -0.777084
v 0.089781 0.846909 -0.756631
v 0.154861 0.842877 -0.725291
v 0.091331 0.935393 -0.697447
v 0.19478 0.763756 -0.72983
v -0.174348 0.693464 -0.771021
v -0.229348 0.671055 -0.737863
v -0.27211 0.670365 -0.698492
v -0.293314 0.764041 -0.634978
v -0.323727 0.740533 -0.602652
v -0.11306 0.652346 -0.80501
v -0.487268 0.402768 -0.142404
v -0.501069 0.334189 -0.162397
v -0.477223 0.463219 -0.151977
v -0.39542 0.674102 -0.048302
v -0.451191 0.577492 0.020142
v -0.481908 0.496184 0.049141
v -0.514149 0.358027 -0.224173
v -0.481655 0.42381 -0.284774
v -0.517296 0.236951 -0.181773
v -0.520916 0.151323 -0.254829
v -0.503564 0.096173 -0.227852
v -0.459744 0.173414 -0.137511
v -0.461093 0.131431 -0.155061
v -0.404946 0.215555 -0.122895
v 0.246457 0.057243 0.245282
v 0.26798 0.061775 0.166486
v 0.300268 0.078886 0.240203
v 0.335328 0.10146 0.05292
v 0.292408 0.091062 -0.018057
v 0.197996 0.129389 -0.185858
v 0.259109 0.129956 -0.151523
v 0.239193 0.15539 -0.199552
v 0.327587 0.172722 -0.153669
v 0.175255 0.157465 -0.233485
v 0.163255 0.188497 -0.271861
v 0.356589 0.16053 -0.105892
v 0.426117 0.180715 0.03307
v 0.392648 0.158581 -0.024386
v 0.468653 0.257505 -0.035097
v 0.437111 0.239036 -0.100395
v 0.46189 0.291801 -0.113289
v 0.492316 0.397062 -0.090426
v 0.489628 0.295415 0.009744
v 0.49503 0.412236 0.076842
v 0.478569 0.317633 0.164551
v 0.355561 0.108655 0.191886
v 0.26194 0.05923 0.327512
v 0.3365 0.105514 0.307614
v 0.217696 0.058291 0.329356
v 0.155698 0.032795 0.195234
v 0.052714 0.021725 0.176243
v 0.086057 0.046237 0.38902
v 0.146012 0.059946 0.403308
v 0.155822 0.083986 0.457687
v 0.15925 0.109758 0.498177
v 0.221151 0.334927 -0.351551
v 0.250977 0.392892 -0.363877
v 0.174849 0.371941 -0.395027
v 0.139712 0.3321 -0.384391
v 0.149573 0.263188 -0.338619
v 0.194665 0.23657 -0.304123
v 0.243071 0.297035 -0.32374
v 0.240077 0.216764 -0.261088
v 0.251716 0.193527 -0.229297
v 0.052213 0.243595 -0.344565
v -1.4e-05 0.241092 -0.345485
v 0.167726 0.398498 -0.441295
v 0.234482 0.436656 -0.426415
v 0.32175 0.365485 -0.363265
v 0.367694 0.385276 -0.369893
v 0.395846 0.429064 -0.355648
v 0.481672 0.423802 -0.284731
v 0.477145 0.464167 -0.243837
v 0.466155 0.386551 -0.329205
v 0.524051 0.304084 -0.22586
v 0.492092 0.282912 -0.337954
v 0.331246 0.498345 -0.388608
v 0.358251 0.540986 -0.403369
v 0.41698 0.18365 -0.39801
v 0.417734 0.12867 -0.401994
v 0.325735 0.174356 -0.383075
v 0.339781 0.071651 -0.393906
v 0.378869 0.03859 -0.403867
v 0.414504 0.04026 -0.402233
v 0.30152 0.110694 -0.363318
v 0.311996 0.063235 -0.368469
v 0.494715 0.172917 -0.349766
v 0.420456 0.099184 0.357506
v 0.374935 0.057571 0.342272
v 0.446104 0.293433 0.291547
v 0.459437 0.365818 0.255369
v 0.465042 0.442849 0.215919
v 0.440794 0.48217 0.2948
v 0.470278 0.3405 0.363548
v 0.470734 0.330628 0.468936
v 0.482139 0.266312 0.456043
v 0.481867 0.199672 0.440273
v 0.441243 0.244552 0.551232
v 0.397527 0.353289 0.563817
v 0.418512 0.043215 0.398567
v 0.431086 0.04 0.45344
v 0.408382 0.032961 0.502048
v 0.412934 0.064825 0.530669
v 0.338491 0.019895 0.520603
v 0.346288 0.00266 0.380109
v 0.314946 0.00406 0.358238
v 0.313325 0.048909 0.324546
v 0.278496 0.004713 0.363119
v 0.447734 0.121088 0.520716
v 0.41681 0.167512 0.569262
v 0.393563 0.83392 -0.251269
v 0.412891 0.878307 -0.288877
v 0.373455 0.90091 -0.236131
v 0.422447 0.936482 -0.282093
v 0.425223 0.992932 -0.258119
v 0.437937 1.04119 -0.260539
v 0.408658 1.02536 -0.342038
v 0.446928 1.10048 -0.287261
v 0.427999 1.10137 -0.274113
v 0.441175 1.09108 -0.266698
v 0.370781 1.07069 -0.262029
v 0.329653 1.0688 -0.283996
v 0.28557 0.854158 -0.139302
v 0.356846 0.785162 -0.175152
v 0.396982 0.66314 -0.19584
v 0.395795 0.677585 -0.139598
v 0.370026 0.724909 -0.118138
v 0.3999 0.654958 -0.255966
v 0.411079 0.656131 -0.327417
v 0.248489 0.811363 -0.049174
v 0.307547 0.760265 -0.028276
v 0.066084 0.874427 -0.008379
v 0.414386 0.818375 -0.402711
v 0.39082 0.854204 -0.444075
v 0.378758 0.81283 -0.495871
v 0.332951 0.877182 -0.526097
v 0.376693 0.930333 -0.400963
v 0.315254 0.980044 -0.44242
v 0.356731 1.01301 -0.391873
v 0.230503 0.99688 -0.502918
v 0.245823 0.937056 -0.58131
v 0.157282 0.977185 -0.615452
v 0.217033 0.895002 -0.641079
v 0.283981 0.909784 -0.559383
v 0.310272 0.862319 -0.557307
v 0.284336 0.859208 -0.593309
v 0.324241 0.81838 -0.560393
v 0.390506 0.730382 -0.506586
v 0.367316 0.723758 -0.55108
v 0.350568 0.7066 -0.582045
v 0.314391 0.753264 -0.608966
v 0.33864 0.6599 -0.601867
v 0.364156 0.644472 -0.539739
v 0.421567 0.700616 -0.362301
v 0.369094 0.194065 -0.137992
v 0.49055 0.221979 -0.144719
v 0.472105 0.526672 -0.035964
v 0.481787 0.496261 0.048728
v 0.455729 0.562024 0.060725
v 0.44288 0.594757 -0.022393
v 0.365293 0.579525 -0.44462
v 0.3215 0.613519 -0.581324
v 0.317179 0.603379 -0.537978
v 0.297986 0.615742 -0.630194
v 0.26418 0.616626 -0.676054
v 0.22184 0.619357 -0.715468
v 0.171305 0.622905 -0.748036
v 0.111705 0.626286 -0.788588
v 0.275849 0.654019 -0.696199
v 0.240954 0.61441 -0.650413
v 0.269733 0.616005 -0.546191
v 0.319009 0.595509 -0.512559
v 0.285838 0.606742 -0.510494
v 0.268853 0.613335 -0.488294
v 0.262628 0.612452 -0.468668
v 0.310455 0.576427 -0.541865
v 0.319756 0.544822 -0.497668
v 0.288293 0.519995 -0.566064
v 0.271972 0.528403 -0.613034
v 0.270126 0.484826 -0.503777
v 0.397285 0.587283 -0.33306
v -0.173382 0.111124 0.497339
v -0.194104 0.175162 0.561015
v -0.221725 0.208347 0.586723
v -0.207309 0.107951 0.546846
v -0.261414 0.006382 0.48012
v -0.25275 0.050857 0.545848
v -0.249242 0.159699 0.587468
v -0.275063 0.207725 0.60347
v -0.295713 0.264097 0.612075
v -0.292766 0.133651 0.592992
v -0.184699 0.275807 0.618783
v -0.124689 0.134648 0.548659
v -0.118305 0.228609 0.615652
v -0.21282 0.374884 0.612836
v -0.04304 0.172071 0.594767
v -0.30456 0.325457 0.609055
v -0.337191 0.050395 0.553314
v -0.450449 0.285534 0.31951
v -0.459423 0.365815 0.255413
v -0.448316 0.507884 0.22011
v -0.414782 0.539354 0.303424
v -0.441817 0.469253 0.334509
v -0.379246 0.631315 0.200675
v -0.470748 0.330588 0.469019
v -0.370894 1.07056 -0.261678
v -0.402588 1.08341 -0.261793
v -0.390649 1.09905 -0.331459
v -0.420605 1.10144 -0.311336
v -0.070841 1.05351 -0.471698
v 2.7e-05 1.05969 -0.426039
v 0.070262 1.05148 -0.378812
v 0.145878 1.03694 -0.466392
v 0.200158 1.03053 -0.378297
v 0.042227 0.612054 -0.774505
v -0.044377 0.607745 -0.790684
v -0.146539 0.632577 -0.702019
v -0.089399 0.649318 -0.703397
v 0.04114 0.647688 -0.722896
v -0.041849 0.674627 -0.675798
v 0.138061 0.647446 -0.676803
v 0.171513 0.65622 -0.614589
v 0.199631 0.655604 -0.549133
v 0.238174 0.633529 -0.55654
v 0.217843 0.636468 -0.455136
v 0.156371 0.665844 -0.475572
v 0.081496 0.690111 -0.551047
v 6.9e-05 0.901151 -0.739148
v -0.297243 0.542375 -0.573284
v -0.31088 0.576321 -0.541919
v -0.229703 0.491999 -0.643217
v -0.136424 0.485497 -0.724034
v -0.278511 0.587365 -0.562098
v -0.187061 0.536949 -0.691089
v -0.06581 0.516551 -0.742889
v 2.8e-05 0.513963 -0.749143
v -0.21233 0.569966 -0.626662
v -0.11164 0.544459 -0.671267
v -0.114136 0.427985 -0.648646
v -0.161886 0.439587 -0.626738
v 2.1e-05 0.405408 -0.629342
v -0.046404 0.387014 -0.541984
v 0.064098 0.434514 -0.696202
v -0.284098 0.601229 -0.512898
v -0.266224 0.597405 -0.517023
v -0.253667 0.592246 -0.538689
v -0.244102 0.588509 -0.480887
v -0.248757 0.585721 -0.447604
v -0.162595 0.552676 -0.499999
v -0.261355 0.619957 -0.495186
v -0.258809 0.623106 -0.529715
v -0.267706 0.750848 0.093842
v -0.139873 0.803412 0.111737
v -0.070882 0.818007 0.118209
v -3.9e-05 0.835951 0.088234
v 0.138457 0.816635 0.075999
v 0.070869 0.818144 0.118239
v -0.0674 0.858501 0.021348
v 0.14046 0.790138 0.148871
v -0.140586 0.775682 0.18733
v -0.2073 0.753382 0.183137
v 0.225336 0.052354 0.352893
v 0.227947 0.038044 0.359459
v 0.244463 0.007203 0.384718
v 0.300453 -0.001295 0.412807
v 0.25278 0.05085 0.545853
v 0.205254 0.025091 0.459968
v 0.200032 0.074298 0.52309
v 0.225571 0.094296 0.558293
v 0.185929 0.137388 0.52906
v 0.152201 0.179536 0.579382
v 0.151368 0.22806 0.609354
v 0.082214 0.283365 0.63412
v 0.0918 0.392657 0.628252
v -9.3e-05 0.395533 0.63242
v -5.7e-05 0.339591 0.640195
v -0.053394 0.501905 0.588742
v 0.105554 0.496958 0.586013
v 0.060192 0.599878 0.514154
v 0.145483 0.439939 0.606745
v 0.231617 0.420699 0.595924
v 0.246067 0.362334 0.609615
v 0.251287 0.463796 0.569857
v 0.229537 0.260484 0.608139
v 0.275003 0.287236 0.613433
v 0.221694 0.208336 0.586708
v 0.041242 0.22655 0.622655
v 0.045565 0.12579 0.555854
v 0.257133 0.464658 -0.459249
v 0.199424 0.424593 -0.463289
v 0.186263 0.438048 -0.571527
v 0.161889 0.439585 -0.6268
v 0.132333 0.403669 -0.520451
v 0.278723 0.124331 -0.239617
v 0.278853 0.09073 -0.287202
v 0.33027 0.060906 -0.209827
v 0.357479 0.095459 -0.173223
v 0.39215 0.046564 -0.196722
v 0.295582 0.055791 -0.332136
v 0.33971 0.007935 -0.355377
v 0.35809 0.009343 -0.378941
v 0.188924 1.01762 -0.293049
v 0.226524 0.786939 -0.695557
v 0.206452 0.807817 -0.699539
v 0.20808 0.825951 -0.688103
v 0.24555 0.818814 -0.660202
v 0.259735 0.835684 -0.635255
v 0.270957 0.781861 -0.654274
v 0.256382 0.729788 -0.694813
v 0.501491 0.065889 -0.277557
v 0.487989 0.039478 -0.314984
v 0.46897 0.022327 -0.255285
v 0.458479 0.08584 -0.179057
v 0.461867 0.009132 -0.294266
v 0.46422 0.016358 -0.344161
v 0.430117 0.002163 -0.358468
v 0.41216 0.013099 -0.390869
v 0.386746 0.001331 -0.377563
v 0.382674 0.011641 -0.392023
v 0.453311 0.076292 -0.38715
v 0.244398 0.582218 -0.586734
v 0.21164 0.570198 -0.626279
v 0.169589 0.556441 -0.663304
v 0.265845 0.597503 -0.516863
v 0.239996 0.589229 -0.520423
v 0.254238 0.594705 -0.502214
v 0.243907 0.588553 -0.480808
v 0.111537 0.544532 -0.671006
v 0.049567 0.526212 -0.60656
v 0.045596 0.531873 -0.548918
v 0.088531 0.53612 -0.537764
v 1.8e-05 0.523835 -0.611378
v 0.05889 0.534569 -0.710842
v 0.135681 0.506036 -0.728259
v 0.423293 0.593778 0.150208
v 0.326598 0.659627 0.250587
v 0.328114 0.688465 0.169155
v -0.452579 0.044514 -0.208355
v -0.46897 0.022326 -0.255282
v -0.48799 0.039478 -0.314983
v -0.414483 0.04026 -0.402238
v -0.412176 0.013088 -0.390854
v -0.37885 0.038568 -0.403859
v -0.382674 0.01164 -0.392022
v -0.464214 0.016348 -0.344154
v -0.430117 0.002163 -0.358469
v -0.450142 0.004384 -0.332201
v -0.40614 0.000891 -0.372148
v -0.389265 0.01531 -0.235064
v -0.356504 0.003836 -0.278
v -0.358099 0.009333 -0.378932
v -0.374387 -0.000153 -0.364087
v -0.316041 0.770188 -0.598734
v -0.218296 0.632413 -0.614552
v -0.208078 0.644978 -0.586194
v -0.083288 0.686783 -0.607569
v -0.159517 0.67275 -0.523333
v -0.119221 0.675211 -0.486148
v -0.217944 0.636401 -0.455041
v 0.257137 0.591818 -0.443839
v 0.251583 0.583327 -0.418439
v 0.248369 0.615063 -0.445599
v 0.232445 0.615635 -0.421111
v 0.213894 0.617292 -0.400411
v 0.229388 0.602917 -0.386854
v 0.188957 0.628638 -0.400956
v 0.190727 0.615052 -0.372987
v 0.248574 0.591718 -0.397989
v 0.212537 0.564359 -0.405482
v 0.189606 0.560825 -0.441645
v 0.162457 0.552701 -0.499952
v 0.156488 0.556016 -0.455459
v 0.15395 0.562848 -0.417034
v 0.225531 0.566878 -0.376471
v 0.234527 0.569098 -0.376421
v 0.210364 0.566603 -0.37564
v -0.423302 0.304022 0.560391
v -0.366634 0.392377 0.563832
v -0.270692 0.5031 0.535567
v -0.156747 0.488967 0.58126
v -0.119906 0.589942 0.513418
v -0.30261 0.565916 0.452993
v -0.338203 0.510993 0.487526
v -0.401194 0.496763 0.43367
v 0.045029 0.375504 -0.500635
v -0.045281 0.363899 -0.466688
v 0.385425 0.001749 -0.276779
v -0.088573 0.536127 -0.537763
v -0.041859 0.546199 -0.491314
v 1.2e-05 0.560955 -0.442012
v 1.2e-05 0.574453 -0.401607
v 0.076692 0.583541 -0.374325
v 1.2e-05 0.594113 -0.361471
v -0.076512 0.574043 -0.397117
v -0.120253 0.552218 -0.470216
v -0.153945 0.562833 -0.417033
v -0.187481 0.562486 -0.409962
v 0.327742 0.190202 0.605839
v 0.338048 0.510902 0.487699
v 0.040358 0.681797 -0.500466
v -1.2e-05 0.682212 -0.502231
v 0.079435 0.648732 -0.409157
v 0.04007 0.648918 -0.410943
v 0.11801 0.646474 -0.406403
v 1.2e-05 0.648911 -0.41151
v 0.156347 0.630699 -0.383203
v -0.079435 0.648717 -0.409122
v -0.236038 0.62422 -0.449025
v -0.251613 0.5833 -0.418447
v -0.237135 0.578041 -0.370189
v -0.237031 0.56937 -0.385909
v -0.241757 0.599904 -0.39911
v -0.231744 0.572372 -0.425457
v -0.232559 0.615574 -0.421056
v -0.21401 0.617237 -0.400373
v -0.189001 0.628606 -0.400908
v -0.155368 0.63961 -0.40312
v -0.118599 0.636803 -0.383722
v -0.229163 0.598512 -0.37798
v -0.157748 0.609381 -0.355339
v -0.227896 0.579661 -0.365856
v -0.232292 0.569677 -0.371805
v -0.186486 0.569283 -0.374159
v -0.078929 0.59993 -0.352652
v -0.040768 0.625431 -0.356825
v 0.040247 0.609729 -0.348401
v 0.140014 0.760243 0.226324
v 0.205912 0.72264 0.263957
v 0.138283 0.725987 0.306773
v 0.264681 0.66086 0.33928
v 0.312694 0.58973 0.410833
v 0.199157 0.666526 0.384749
v 0.067842 0.698446 0.384815
v 0.069759 0.739045 0.306173
v -1.9e-05 0.743821 0.304776
v -1.8e-05 0.703572 0.38243
v -0.20248 0.687277 0.344911
v -0.069841 0.739208 0.306421
v -0.264907 0.660845 0.33931
v 0.227899 0.579663 -0.365862
v 0.189196 0.59089 -0.358654
v 0.156628 0.59922 -0.354163
v 0.22908 0.593621 -0.371785
v 0.288118 0.537281 0.496138
v -0.243522 0.042818 0.346759
v -0.270791 0.020978 0.342314
v -0.263192 0.041116 0.335176
v -0.293556 0.03906 0.330938
v -0.292055 0.030996 0.334533
v -0.2728 0.031612 0.336868
v -0.254459 0.016014 0.361351
v -0.376957 0.028677 0.365934
v -0.381079 0.038134 0.363191
v -0.380292 0.035719 0.36417
v -0.379164 0.045852 0.355429
v -0.365 0.018674 0.36194
v -0.361333 0.018075 0.359097
v -0.32616 0.020562 0.340627
v -0.353775 0.019408 0.353727
v -0.330196 0.044984 0.332676
v -0.333368 0.039378 0.336741
v -0.33456 0.037386 0.338209
v -0.322532 0.047973 0.328353
v -0.320978 0.048605 0.327464
v -0.314514 0.048187 0.325348
v -0.351313 0.040435 0.342667
v -0.365039 0.048203 0.343574
v 0.353341 0.038608 -0.394273
v 0.392446 0.039226 -0.403244
v 0.378609 0.030769 0.366109
v 0.3722 0.023325 0.364957
v 0.38108 0.03819 0.363157
v 0.380289 0.035756 0.364146
v 0.374064 0.048529 0.348106
v 0.361306 0.018077 0.359078
v 0.326164 0.020562 0.340627
v 0.35548 0.018289 0.35637
v 0.346581 0.028621 0.347107
v 0.330241 0.045104 0.332632
v 0.351371 0.040747 0.342524
v 0.348623 0.03816 0.342879
v 0.347308 0.033683 0.344735
v 0.298727 0.020473 0.338738
v 0.25637 0.612346 -0.630289
v 0.279874 0.609676 -0.602068
v 0.239623 0.619552 -0.622174
v 0.235341 0.622692 -0.61857
v 0.241739 0.627516 -0.580571
v 0.232327 0.629614 -0.593982
v -0.062115 0.535779 -0.688531
v -0.089856 0.540739 -0.677831
v -0.22026 0.5808 -0.548509
v -0.239397 0.587281 -0.498151
v -0.244608 0.585833 -0.461687
v -0.19335 0.56948 -0.593185
v -0.198379 0.571387 -0.585733
v -0.214824 0.578251 -0.560649
v -0.177969 0.563553 -0.6112
v -0.157223 0.556537 -0.634851
v -0.032052 0.82083 0.119855
v -0.008555 0.824065 0.116742
v -2e-05 0.824989 0.116495
v 0.008515 0.824083 0.116748
v 0.10006 0.785231 0.1853
v -0.099761 0.786002 0.183537
v -0.101927 0.768287 0.226003
v 0.270796 0.020949 0.342329
v 0.267481 0.016355 0.351254
v 0.254455 0.016008 0.361367
v 0.298593 0.04397 0.328292
v 0.292012 0.031006 0.334537
v 0.273088 0.023624 0.340715
v 0.337264 0.021815 -0.371796
v 0.442086 0.01198 -0.366965
v 0.459604 0.027739 -0.362524
v 0.459964 0.037427 -0.369205
v 0.432743 0.027974 -0.387511
v 0.43961 0.036482 -0.388025
v 0.433724 0.030343 -0.388116
v 0.445813 0.039102 -0.386155
v 0.391226 0.012063 -0.391688
v 0.411221 0.013052 -0.390905
v 0.193164 0.569762 -0.593532
v 0.198785 0.571887 -0.585161
v 0.215214 0.578732 -0.55999
v 0.178381 0.564037 -0.610742
v 0.157099 0.556773 -0.635065
v 0.140565 0.55217 -0.64794
v 0.15385 0.555831 -0.637545
v 0.008271 0.524903 -0.618126
v 1.9e-05 0.524477 -0.619865
v 0.062309 0.535832 -0.688406
v 0.014881 0.532421 -0.697301
v 0.025285 0.533044 -0.695857
v -0.449274 0.040221 -0.383916
v -0.458441 0.038464 -0.371847
v -0.420822 0.029691 -0.394218
v -0.432727 0.027935 -0.3875
v -0.421092 0.029122 -0.393822
v -0.432548 0.015166 -0.380454
v -0.385123 0.033772 -0.401411
v -0.381235 0.023604 -0.397266
v -0.411317 0.013046 -0.390888
v -0.450169 0.015223 -0.363245
v -0.436165 0.012467 -0.374575
v -0.459602 0.027736 -0.362532
v -0.335759 0.024186 -0.37258
v -0.340946 0.017174 -0.369956
v -0.278749 0.609986 -0.61338
v -0.278237 0.609585 -0.5943
v -0.231974 0.629709 -0.59378
v -0.234193 0.63022 -0.586459
v -0.239541 0.619451 -0.622119
v -0.235067 0.622714 -0.618394
v -0.25634 0.612236 -0.630228
v -0.243358 0.617845 -0.626449
v 0.223528 0.616432 -0.411161
v 0.207959 0.637571 -0.445734
v 0.21624 0.630227 -0.435765
v 0.226655 0.621064 -0.426796
v 0.234583 0.577299 -0.443122
v 0.23549 0.577808 -0.443225
v -0.01483 0.532411 -0.697309
v -0.02518 0.533028 -0.695884
v -0.095018 0.533847 -0.58269
v -0.140548 0.55194 -0.647952
v -0.153718 0.555534 -0.637634
v 0.368943 0.024618 -0.391959
v 0.384689 0.015876 -0.393711
v 0.386292 0.014894 -0.393183
v 0.382869 0.030672 -0.400197
v 0.388613 0.037077 -0.402573
v 0.104102 0.670787 -0.470962
v 0.118722 0.669042 -0.46733
v 0.040257 0.675454 -0.481808
v 0.073248 0.661141 -0.440411
v 0.153654 0.64862 -0.424508
v 0.146241 0.650569 -0.426593
v 0.175011 0.639648 -0.41751
v 0.155875 0.66033 -0.458681
v 0.143376 0.663924 -0.463647
v 0.026294 0.675864 -0.483113
v -0.026384 0.675879 -0.483165
v -0.040273 0.67548 -0.481895
v -0.066877 0.67477 -0.479716
v -0.104303 0.670789 -0.471045
v -0.118737 0.669065 -0.467455
v -0.079546 0.660887 -0.439573
v -0.111092 0.658096 -0.434733
v -0.118026 0.657395 -0.433505
v -0.073268 0.661135 -0.440403
v -4.9e-05 0.662473 -0.44499
v -0.193846 0.562997 -0.473487
v -0.155218 0.648255 -0.424189
v -0.168613 0.642502 -0.419842
v -0.175137 0.639622 -0.417535
v -0.155887 0.660319 -0.458706
v -0.181933 0.651053 -0.454684
v -0.145655 0.650717 -0.426754
v 0.101942 0.768105 0.225847
v 0.010069 0.74313 0.304978
v 0.010201 0.737391 0.316521
v 0.006917 0.740819 0.310003
v 0.015229 0.727276 0.336296
v -0.017428 0.718924 0.352365
v -0.008223 0.711545 0.366897
v -0.026983 0.742928 0.303449
v -0.080635 0.755661 0.265698
v -0.100842 0.765327 0.233434
v 0.001327 0.744082 0.304021
v -0.364029 0.012857 -0.384195
v -0.405296 0.011237 -0.389067
v -0.402863 0.010571 -0.38842
v 0.252379 0.644074 -0.627701
v 0.23715 0.645242 -0.628086
v 0.250603 0.64614 -0.606601
v 0.249281 0.632367 -0.638387
v -0.249232 0.632342 -0.63831
v -0.250297 0.646118 -0.606538
v -0.240113 0.646269 -0.596618
v -0.25629 0.64383 -0.580976
v 0.277638 0.631327 -0.593333
v 0.269581 0.63213 -0.580567
v 0.279013 0.631025 -0.609221
v 0.273803 0.631161 -0.624431
v -0.243415 0.634955 -0.576533
v -0.277198 0.631283 -0.593172
v -5e-05 0.67616 -0.451873
v -0.196661 0.640491 -0.425807
v 0.216102 0.551538 -0.512452
v -0.243873 0.575423 -0.463865
v -0.233554 0.56299 -0.508531
v 0.196718 0.640497 -0.425775
v 0.125978 0.526534 -0.601565
v -0.111091 0.658096 -0.434733
v -0.243812 0.583513 -0.450066
v 0.207959 0.637572 -0.445735
v -0.267699 0.044605 0.365379
v -0.270037 0.036868 0.368023
v -0.250328 0.033601 0.37361
v -0.254404 0.026397 0.374448
v -0.283206 0.033031 0.362248
v -0.283132 0.027493 0.353223
v -0.276118 0.024497 0.343935
v 0.283549 0.036484 0.349716
v 0.282851 0.038464 0.360916
v 0.278956 0.030655 0.365577
v 0.283263 0.033045 0.362232
v 0.267702 0.044644 0.365371
v 0.250318 0.033605 0.373634
v -0.313606 0.040315 0.359086
v -0.305655 0.03182 0.360953
v -0.294841 0.025589 0.352299
v -0.35135 0.042477 0.361138
v -0.351744 0.036254 0.364238
v -0.346342 0.039997 0.36011
v -0.360344 0.029706 0.367386
v 0.36745 0.044664 0.363629
v 0.359299 0.044367 0.362182
v 0.351748 0.036271 0.36422
v 0.290431 0.034312 0.349342
v 0.305598 0.031861 0.360931
v 0.312395 0.048058 0.355506
v -0.356709 0.036407 -0.373117
v -0.371468 0.025695 -0.374356
v 0.371169 0.030683 -0.375556
v 0.367149 0.023439 -0.371793
v 0.371493 0.02569 -0.374329
v 0.36002 0.021658 -0.369058
v 0.358601 0.029213 -0.370546
v -0.398003 0.039626 -0.377176
v -0.390847 0.031384 -0.374538
v -0.382331 0.018803 -0.381952
v 0.399721 0.024782 -0.372195
v 0.390834 0.031389 -0.374541
v 0.38982 0.037866 -0.377519
v 0.378554 0.026977 -0.385008
v -0.432307 0.034762 -0.368164
v -0.432453 0.028782 -0.365215
v -0.427745 0.032398 -0.369539
v -0.446884 0.036711 -0.363918
v 0.44686 0.036651 -0.363883
v 0.432449 0.028737 -0.365199
v 0.432295 0.034703 -0.368132
v -0.260369 0.051538 0.355108
v 0.27046 0.050346 0.350863
v 0.260356 0.051561 0.355104
v 0.281469 0.045272 0.35559
v 0.285091 0.030513 0.359342
v -0.310695 0.054669 0.342983
v -0.331208 0.048293 0.343403
v -0.299762 0.051118 0.344244
v -0.292765 0.036625 0.356282
v -0.332167 0.033771 0.355747
v -0.322086 0.041348 0.358362
v 0.345613 0.040074 0.348928
v 0.304239 0.020365 0.353797
v 0.332159 0.033775 0.355755
v 0.328971 0.036497 0.35804
v 0.329986 0.048788 0.350847
v 0.322097 0.041407 0.358318
v -0.363334 0.040794 -0.379311
v -0.351367 0.042531 -0.382953
v -0.370549 0.037016 -0.380461
v -0.342453 0.039254 -0.379153
v 0.361053 0.041557 -0.385683
v 0.373666 0.023396 -0.376722
v 0.340222 0.026145 -0.367542
v 0.342464 0.039267 -0.379115
v -0.407311 0.044318 -0.381001
v -0.41492 0.040469 -0.379276
v -0.390968 0.013929 -0.379471
v -0.379894 0.029023 -0.378581
v -0.41661 0.026358 -0.374536
v -0.419098 0.023356 -0.380397
v -0.406698 0.033358 -0.373604
v 0.408593 0.045375 -0.388284
v 0.387599 0.042878 -0.389259
v 0.420872 0.032129 -0.383152
v 0.416605 0.026359 -0.374547
v 0.419104 0.023377 -0.380409
v 0.3799 0.029018 -0.378576
v -0.455611 0.037497 -0.36409
v 0.443439 0.042663 -0.377056
v 0.432759 0.022313 -0.36377
v -0.085989 0.763017 0.14589
v 4e-06 0.785623 0.10153
v -0.022124 0.772289 0.121341
v -0.042558 0.706674 0.24885
v -0.022114 0.703031 0.255931
v -0.059393 0.710483 0.241453
v -0.029707 0.724064 0.215055
v -0.078414 0.737661 0.188639
v 0.085989 0.763017 0.14589
v 0.070482 0.772033 0.127048
v 0.042571 0.768655 0.128407
v 0.025815 0.695557 0.275344
v 0.042558 0.706674 0.24885
v 0.059393 0.710483 0.241453
v 0.075725 0.727535 0.20832
v 0.030972 0.737658 0.188636
v -1e-06 0.729034 0.298439
v 0.08634 0.717001 0.234019
v -0.154021 0.896378 0.26993
v -0.189041 0.929991 0.287576
v -0.156501 0.934163 0.242489
v -0.163095 0.972786 0.203878
v -0.133221 0.931252 0.202111
v -0.115687 0.968869 0.177637
v -0.076612 0.957454 0.152755
v -0.041819 0.986434 0.14164
v 6e-06 1.0188 0.119245
v 6e-06 0.827721 0.406424
v 6e-06 0.844129 0.452243
v -0.041839 0.844213 0.4189
v -0.093344 0.85511 0.430907
v -0.113626 0.863414 0.380772
v -0.164669 0.887866 0.372953
v -0.099175 0.788756 0.185167
v -0.06997 0.772401 0.127824
v 9e-06 0.823246 0.116453
v 4e-06 0.785929 0.102482
v -0.026449 0.730607 0.295361
v -0.02563 0.696495 0.275049
v -0.070101 0.70807 0.252248
v -0.086995 0.753126 0.252958
v -0.106808 0.842052 0.242895
v -0.08003 0.803465 0.312634
v -0.031422 0.92643 0.154396
v -0.026418 0.853412 0.139032
v -0.078906 0.87666 0.171634
v -0.083636 0.997335 0.159303
v -0.119921 0.878316 0.339632
v -0.068862 0.854822 0.385046
v 6e-06 0.84587 0.401932
v -0.069088 0.965399 0.168956
v -0.121021 0.94162 0.214239
v -0.072544 0.871849 0.340792
v -0.04325 0.885228 0.314687
v 3.3e-05 0.884233 0.316422
v -0.043203 0.926044 0.235283
v -0.025995 0.713005 0.238732
v -0.055819 0.726648 0.212219
v -0.131846 0.896859 0.309497
v -0.1795 0.92697 0.338521
v -0.162212 0.929159 0.286428
v -0.138501 0.911038 0.277006
v -0.171758 0.968282 0.255343
v -0.133319 0.928659 0.246452
v -0.139729 0.966038 0.215734
v -0.118516 0.942799 0.217374
v -0.126179 1.00402 0.183938
v -0.096777 0.956596 0.192742
v -0.08007 0.992894 0.164441
v -0.068225 0.965258 0.173648
v -0.046666 1.0235 0.143096
v -0.0352 0.972198 0.162362
v 7e-06 1.00746 0.145765
v 6e-06 0.849965 0.399398
v -7e-06 0.857135 0.429447
v -0.048625 0.863514 0.449023
v -0.037648 0.85262 0.396853
v -0.082211 0.86688 0.410527
v -0.07014 0.858481 0.383146
v -0.129002 0.886903 0.405829
v -0.098125 0.869144 0.36396
v -0.139655 0.893909 0.358006
v -0.118426 0.881592 0.338189
v -0.129812 0.896057 0.35256
v -0.155052 0.927431 0.331423
v -0.113204 0.893543 0.392603
v -0.076577 0.872069 0.402413
v -0.042087 0.87453 0.427232
v -0.074261 0.98831 0.172651
v -0.040726 1.01412 0.160432
v -0.110333 0.996742 0.197299
v -0.129555 0.963779 0.22037
v -0.153752 0.963711 0.257743
v -0.151176 0.928945 0.285791
v -7e-06 0.861562 0.420153
v 6e-06 1.00119 0.155388
v 0.154685 0.895959 0.269869
v 0.138562 0.913143 0.237644
v 0.189513 0.929754 0.287566
v 0.133425 0.931116 0.202089
v 0.163218 0.97272 0.203864
v 0.098466 0.944679 0.183879
v 0.04182 0.986434 0.14164
v 0.076152 0.836998 0.388086
v 0.093364 0.855082 0.430915
v 0.101194 0.850617 0.360122
v 0.164923 0.887707 0.372932
v 0.137038 0.880006 0.303582
v 0.099188 0.788712 0.185178
v 0.098286 0.741562 0.190634
v 0.085348 0.763479 0.146502
v 0.050604 0.816071 0.13007
v 0.026449 0.730608 0.295361
v 0.02563 0.696495 0.275049
v 0.087009 0.753113 0.252944
v 0.109533 0.826745 0.267422
v 0.08018 0.803366 0.312617
v 0.063852 0.818563 0.354516
v 0.078948 0.876611 0.171626
v 0.083624 0.997329 0.159302
v 0.14142 0.908352 0.27617
v 0.120385 0.878016 0.339573
v 0.068942 0.854775 0.385025
v 0.069102 0.96539 0.168954
v 0.121298 0.941441 0.214181
v 0.037875 0.867155 0.349572
v 0.082464 0.923443 0.240186
v 0.055819 0.726648 0.212219
v 0.132548 0.896363 0.309425
v 0.139346 0.910498 0.276884
v 0.162853 0.928741 0.28635
v 0.179871 0.926669 0.338485
v 0.133791 0.928346 0.246413
v 0.172005 0.968017 0.255284
v 0.118821 0.942611 0.217318
v 0.139938 0.965904 0.215708
v 0.096861 0.956561 0.192733
v 0.126213 1.004 0.183946
v 0.068227 0.965248 0.173643
v 0.08006 0.992896 0.164433
v 0.046687 1.02351 0.143094
v 0.037672 0.852626 0.396858
v 0.048612 0.863477 0.448977
v 0.070229 0.858428 0.383148
v 0.082255 0.866843 0.410521
v 0.098347 0.869008 0.36393
v 0.129095 0.8868 0.405816
v 0.118898 0.88127 0.338142
v 0.140019 0.893668 0.357965
v 0.155587 0.927205 0.331426
v 0.130209 0.895802 0.352504
v 0.113357 0.893464 0.392577
v 0.076647 0.872035 0.402403
v 0.042097 0.874527 0.427229
v 0.040738 1.01412 0.160435
v 0.074255 0.988315 0.172643
v 0.110376 0.996709 0.197311
v 0.129786 0.963627 0.22032
v 0.154083 0.963535 0.257753
v 0.151885 0.928485 0.285692
v -0.244228 0.063862 0.244784
v -0.310199 0.087954 0.179018
v -0.338804 0.111469 0.246847
v -0.294932 0.087985 0.308991
v -0.22894 0.056713 0.357018
v -0.172651 0.075841 0.415557
v -0.165752 0.092366 0.456877
v -0.279662 0.011167 0.365564
v -0.262897 0.007832 0.403709
v -0.197751 0.043675 0.448456
v -0.371568 0.060273 0.347774
v -0.385623 0.124346 0.332722
v -0.405476 0.189066 0.260687
v -0.462377 0.138733 0.424502
v -0.465932 0.192296 0.490793
v -0.441916 0.122776 0.517302
v -0.46082 0.257342 0.505106
v -0.423692 0.048758 0.4873
v -0.404799 0.038114 0.498965
v -0.363887 0.122772 0.129568
v -0.338197 0.119744 0.001341
v -0.289582 0.097313 -0.016619
v -0.278316 0.076234 0.098363
v -0.298479 0.127117 -0.095742
v -0.306371 0.145513 -0.123387
v -0.395125 0.19403 -0.086635
v -0.186283 0.104953 -0.136013
v -0.123829 0.097254 -0.146556
v -0.196224 0.135028 -0.182099
v -0.44337 0.214142 0.09607
v -0.471839 0.318671 0.1633
v -0.459312 0.245266 0.002344
v -0.104647 0.03286 0.181622
v -0.056312 0.031982 0.114026
v -0.088507 0.039621 0.320079
v -0.085315 0.052964 0.387232
v -0.044741 0.069064 0.448434
v 1.4e-05 0.047473 0.384234
v 1.7e-05 0.045066 -0.001039
v 0.056348 0.03199 0.11399
v 0.117034 0.042079 0.060705
v 0.061631 0.092333 -0.15123
v -0.0611 0.073042 -0.10383
v 0.121979 0.07725 -0.099515
v -0.256466 0.359106 -0.339914
v -0.230355 0.442212 -0.423933
v -0.167562 0.39248 -0.412252
v -0.18798 0.280825 -0.328718
v -0.153949 0.228764 -0.302184
v -0.051621 0.248092 -0.33923
v -0.097535 0.291115 -0.363365
v -0.24144 0.300313 -0.317842
v -0.235252 0.254956 -0.288684
v -0.22236 0.214985 -0.26113
v -0.234609 0.18984 -0.228258
v -0.127259 0.389614 -0.448538
v -0.163191 0.414139 -0.470703
v -0.046427 0.338058 -0.413913
v -0.278178 0.493492 -0.465168
v -0.320102 0.523315 -0.431042
v -0.313746 0.547718 -0.495898
v -0.364794 0.505033 -0.343186
v -0.352786 0.544567 -0.400869
v -0.23107 0.465625 -0.52162
v -0.183065 0.444182 -0.570209
v -0.227402 0.471329 -0.56856
v -0.282284 0.426055 -0.356174
v -0.441295 0.503455 -0.259203
v -0.414455 0.461295 -0.326686
v -0.461401 0.384429 -0.324538
v -0.303381 0.306819 -0.348575
v -0.324081 0.364995 -0.35668
v -0.3644 0.235337 -0.384094
v -0.447373 0.290673 -0.364036
v -0.416264 0.128317 -0.395159
v -0.414657 0.07958 -0.397325
v -0.489008 0.17295 -0.345713
v -0.483361 0.119733 -0.35002
v -0.298199 0.163936 -0.350394
v -0.317389 0.0646 -0.364222
v -0.271059 0.176212 -0.268248
v -0.278949 0.190701 -0.195031
v -0.29246 0.085119 -0.254238
v -0.312863 0.044266 -0.255191
v -0.333845 0.064614 -0.214567
v -0.303578 0.11537 -0.213374
v -0.312434 0.031044 -0.289157
v -0.188895 0.970017 -0.209707
v -0.239688 1.00135 -0.258415
v -0.235333 0.900648 -0.155811
v -0.1262 0.950142 -0.163702
v 2e-05 0.983481 -0.189499
v -0.132425 1.01646 -0.288999
v 2.1e-05 1.02646 -0.280834
v 0.06548 0.981682 -0.192395
v -0.19291 1.02139 -0.337186
v 0.18198 0.916755 -0.145114
v 0.123136 0.909433 -0.10672
v 0.188895 0.970016 -0.209702
v 0.251462 0.967826 -0.220431
v -0.123037 0.909437 -0.106609
v 0.06273 0.901656 -0.069818
v 0.125819 0.872663 -0.050567
v -0.235516 0.850675 -0.104958
v -0.281341 0.849971 -0.143712
v -0.188526 0.83368 -0.036953
v -0.13392 0.823649 0.039879
v -0.256499 0.770756 0.012066
v -0.299432 0.94271 -0.215935
v -0.369198 0.900741 -0.2417
v -0.403462 0.938726 -0.264202
v -0.403086 0.996496 -0.250272
v -0.35967 1.01372 -0.242171
v -0.433034 1.04186 -0.265483
v -0.444972 1.07975 -0.287849
v -0.419612 1.08377 -0.313455
v -0.409212 0.95927 -0.331013
v -0.405958 0.805877 -0.293944
v -0.385791 0.698073 -0.226063
v -0.392936 0.654822 -0.25673
v -0.41469 0.701346 -0.362691
v -0.389216 0.674544 -0.13958
v -0.405791 0.625325 -0.164513
v -0.391934 0.798708 -0.460723
v -0.404412 0.737036 -0.454694
v -0.399995 0.677199 -0.458673
v -0.358219 0.647093 -0.537119
v -0.379101 0.684209 -0.514364
v -0.328403 0.628961 -0.58294
v -0.302268 0.630283 -0.635236
v -0.262062 0.622819 -0.673693
v -0.344596 0.705658 -0.578333
v -0.359925 0.583169 -0.441994
v -0.334575 0.595663 -0.494054
v -0.307633 0.606818 -0.514732
v -0.311033 0.584673 -0.517847
v -0.295102 0.61367 -0.567352
v -0.298518 0.60932 -0.513231
v -0.353687 0.905467 -0.457736
v -0.328369 0.875018 -0.521968
v -0.279397 0.907155 -0.555459
v -0.25409 0.910316 -0.582211
v -0.242771 0.885952 -0.608025
v -0.278924 0.856174 -0.589618
v -0.198901 0.874096 -0.661962
v -0.219748 0.959699 -0.570523
v -0.311067 0.976588 -0.438234
v -0.352164 1.01166 -0.386695
v -0.221632 1.00732 -0.451825
v -0.335004 0.816678 -0.54019
v -0.308596 0.797345 -0.583506
v -0.13167 0.803171 -0.75076
v -0.094883 0.794332 -0.77138
v -0.115389 0.738698 -0.782451
v -0.123332 0.842966 -0.73661
v -0.16968 0.835351 -0.707269
v -0.127062 0.91814 -0.686829
v -0.21794 0.732926 -0.717955
v -0.201539 0.804226 -0.695803
v -0.23757 0.843999 -0.641127
v -0.062457 1.02803 -0.563516
v -0.139958 1.02283 -0.511667
v -2e-06 1.01288 -0.611456
v 0.056057 1.00787 -0.611423
v -0.047798 0.724968 -0.809432
v 0.04778 0.724961 -0.809387
v 0.115437 0.738667 -0.782169
v 0.108078 0.69255 -0.797789
v 0.170769 0.692025 -0.765109
v 0.220975 0.688994 -0.73113
v 0.042559 0.646871 -0.825507
v -0.042601 0.646873 -0.825412
v 0.123468 0.843052 -0.735843
v 0.086318 0.88961 -0.724159
v 0.190649 0.761553 -0.724626
v -0.170796 0.69216 -0.765132
v -0.225042 0.670139 -0.732421
v -0.25159 0.727524 -0.690843
v -0.280257 0.727343 -0.659213
v -0.265292 0.779011 -0.65106
v -0.287913 0.762192 -0.630928
v -0.176891 0.645349 -0.760936
v -0.110166 0.653795 -0.798803
v -0.480407 0.402296 -0.143705
v -0.491087 0.403741 -0.181438
v -0.494844 0.333696 -0.16556
v -0.445926 0.528568 -0.160251
v -0.47228 0.509172 0.00767
v -0.389706 0.670087 -0.048791
v -0.349587 0.716651 -0.037696
v -0.507338 0.356471 -0.22461
v -0.510864 0.237284 -0.184515
v -0.485729 0.222821 -0.149859
v -0.51038 0.191141 -0.197078
v -0.497277 0.098453 -0.229918
v -0.457045 0.175422 -0.14365
v -0.467497 0.282344 -0.133553
v -0.400864 0.221061 -0.124314
v -0.390523 0.133304 -0.153323
v 0.24422 0.063858 0.24479
v 0.297112 0.085109 0.239642
v 0.278351 0.076187 0.09834
v 0.338223 0.119821 0.001313
v 0.289566 0.097306 -0.016667
v 0.239379 0.095252 -0.077728
v 0.19618 0.135008 -0.182098
v 0.256675 0.135526 -0.148051
v 0.324023 0.176573 -0.149036
v 0.173585 0.162718 -0.22917
v 0.161707 0.193349 -0.267058
v 0.352644 0.165657 -0.103217
v 0.420786 0.185208 0.033694
v 0.388024 0.163643 -0.022975
v 0.462559 0.260756 -0.033956
v 0.431702 0.242878 -0.098163
v 0.48379 0.327428 -0.06089
v 0.485495 0.397127 -0.088855
v 0.482941 0.297479 0.009854
v 0.443316 0.214192 0.096061
v 0.481961 0.33028 0.110843
v 0.488102 0.411656 0.076028
v 0.431707 0.201612 0.153846
v 0.351325 0.114214 0.191499
v 0.2525 0.07185 0.294798
v 0.216581 0.065183 0.328856
v 0.367105 0.146013 0.293565
v 0.154512 0.039694 0.19519
v 0.12674 0.04614 0.330451
v 0.15474 0.090145 0.454541
v 0.157379 0.115301 0.494334
v 0.189585 0.066913 0.37178
v 0.218686 0.337767 -0.345647
v 0.248099 0.39577 -0.358182
v 0.177103 0.352905 -0.37115
v 0.142466 0.304182 -0.357905
v 0.192577 0.240706 -0.298876
v 0.241416 0.300344 -0.317798
v 0.235221 0.254978 -0.288676
v 0.237323 0.221279 -0.256502
v 0.051593 0.248093 -0.339237
v 0.057002 0.176188 -0.271283
v 1.9e-05 0.142105 -0.235677
v 0.045248 0.356387 -0.43692
v 0.1645 0.404235 -0.438913
v 0.230515 0.441964 -0.424159
v 0.324067 0.365014 -0.356676
v 0.367718 0.384013 -0.363008
v 0.340903 0.330176 -0.365983
v 0.393867 0.42712 -0.349222
v 0.475821 0.421245 -0.281862
v 0.470468 0.4614 -0.152103
v 0.410912 0.536151 -0.279024
v 0.461401 0.384429 -0.324525
v 0.507233 0.320634 -0.281421
v 0.326661 0.502491 -0.385323
v 0.352798 0.544588 -0.40086
v 0.320085 0.523315 -0.431063
v 0.401256 0.292527 -0.377649
v 0.415739 0.182967 -0.391155
v 0.374177 0.126412 -0.396318
v 0.377039 0.078034 -0.399135
v 0.49039 0.227468 -0.339987
v 0.483343 0.119706 -0.350046
v 0.400081 0.180649 0.318004
v 0.439281 0.29498 0.291761
v 0.452566 0.365998 0.254042
v 0.434162 0.48011 0.293924
v 0.460634 0.277856 0.355761
v 0.455279 0.399457 0.373117
v 0.443264 0.385479 0.47436
v 0.475224 0.26594 0.455015
v 0.435869 0.244228 0.546759
v 0.362145 0.325407 0.586218
v 0.41423 0.433874 0.476956
v 0.396157 0.492561 0.430744
v 0.36886 0.583077 0.315186
v 0.439956 0.086887 0.409711
v 0.444762 0.079887 0.46096
v 0.359123 0.023869 0.361742
v 0.373047 0.013952 0.468739
v 0.404788 0.038116 0.498965
v 0.314408 0.010439 0.36107
v 0.441881 0.122795 0.517276
v 0.412588 0.168602 0.563785
v 0.387593 0.833457 -0.254894
v 0.40626 0.879023 -0.291001
v 0.420229 0.99428 -0.262835
v 0.433003 1.04186 -0.265458
v 0.438846 1.07382 -0.26941
v 0.385847 0.98146 -0.361543
v 0.431007 1.05299 -0.304837
v 0.441772 1.0958 -0.286558
v 0.428091 1.09579 -0.278332
v 0.438397 1.08808 -0.272377
v 0.37276 1.06619 -0.267018
v 0.286187 1.04286 -0.292321
v 0.303535 1.00153 -0.241966
v 0.380977 1.00306 -0.24247
v 0.281622 0.850267 -0.143578
v 0.372267 0.742004 -0.200451
v 0.390182 0.661497 -0.19559
v 0.330265 0.76273 -0.10335
v 0.402725 0.697149 -0.290768
v 0.244903 0.806149 -0.052165
v 0.064901 0.868352 -0.011648
v 0.407683 0.817043 -0.401196
v 0.384658 0.852059 -0.441541
v 0.362912 0.850716 -0.487774
v 0.328047 0.874865 -0.521672
v 0.371005 0.928008 -0.397609
v 0.227711 0.990894 -0.500599
v 0.221646 1.0073 -0.451848
v 0.262968 0.957662 -0.525755
v 0.241603 0.933269 -0.577205
v 0.154373 0.971998 -0.61176
v 0.212488 0.892156 -0.63658
v 0.279243 0.906928 -0.555094
v 0.253719 0.87005 -0.607234
v 0.279436 0.856501 -0.589107
v 0.318924 0.816458 -0.556265
v 0.357788 0.785924 -0.528158
v 0.384223 0.729718 -0.503572
v 0.361414 0.722722 -0.547462
v 0.329829 0.750734 -0.576055
v 0.308773 0.751373 -0.605243
v 0.313098 0.71414 -0.623041
v 0.332564 0.660911 -0.59854
v 0.413424 0.744497 -0.32779
v 0.494846 0.333728 -0.16556
v 0.365394 0.199358 -0.135293
v 0.422368 0.168196 -0.138513
v 0.485817 0.222834 -0.149805
v 0.287934 0.190849 -0.196502
v 0.44943 0.559037 0.060096
v 0.401016 0.649957 -0.009969
v 0.359935 0.583189 -0.441999
v 0.396622 0.641098 -0.431217
v 0.33122 0.612055 -0.531868
v 0.349029 0.598763 -0.48043
v 0.318312 0.619485 -0.579525
v 0.295026 0.62177 -0.62822
v 0.262061 0.622941 -0.673903
v 0.220504 0.625839 -0.713188
v 0.170069 0.629382 -0.745685
v 0.221392 0.638616 -0.616402
v 0.319025 0.600955 -0.508161
v 0.289389 0.612437 -0.508503
v 0.273728 0.618028 -0.486502
v 0.302579 0.591172 -0.518045
v 0.304616 0.574133 -0.538758
v 0.26625 0.530363 -0.60951
v 0.300169 0.519961 -0.477854
v 0.265499 0.489973 -0.502731
v -0.1829 0.144931 0.523991
v -0.194532 0.179411 0.555468
v -0.223182 0.21121 0.580503
v -0.194362 0.090834 0.508781
v -0.212308 0.109455 0.542182
v -0.262546 0.013071 0.478395
v -0.254744 0.055093 0.540644
v -0.252025 0.160711 0.581125
v -0.295868 0.264517 0.60509
v -0.294067 0.091954 0.570503
v -0.327261 0.191318 0.59896
v -0.183564 0.277345 0.612048
v -0.117297 0.231165 0.609213
v -0.211599 0.373475 0.606089
v -0.042663 0.175923 0.588934
v -0.303574 0.32431 0.602221
v -0.337747 0.025803 0.516919
v -0.293979 0.05258 0.54723
v -0.325516 0.005889 0.401035
v -0.443995 0.286827 0.321892
v -0.463481 0.339973 0.365033
v -0.474797 0.479769 0.089867
v -0.490589 0.425998 0.034329
v -0.449667 0.530998 0.140671
v -0.441853 0.505663 0.218592
v -0.40886 0.535933 0.301929
v -0.435237 0.466912 0.334043
v -0.449419 0.407827 0.330184
v -0.318669 0.622538 0.327456
v -0.374267 0.626716 0.198931
v -0.265642 0.688858 0.256474
v -0.403096 1.06205 -0.257494
v -0.335027 1.04742 -0.26651
v -0.33494 1.0743 -0.310263
v -0.375766 1.08901 -0.299073
v 2.2e-05 1.05269 -0.426289
v 0.069485 1.04457 -0.379629
v 0.043169 0.61462 -0.7915
v -0.148407 0.63878 -0.70467
v -0.090961 0.655319 -0.706645
v -1.5e-05 0.651289 -0.733374
v -0.042823 0.680994 -0.678539
v 0.090887 0.655335 -0.706915
v 0.132759 0.671401 -0.641445
v 0.225472 0.648758 -0.489739
v 0.196814 0.66493 -0.506094
v 0.241632 0.639575 -0.557237
v 0.220934 0.642483 -0.453329
v 0.082264 0.697054 -0.550603
v 5.9e-05 0.897197 -0.733371
v -0.291019 0.544094 -0.570581
v -0.266642 0.530233 -0.609627
v -0.225119 0.496264 -0.640085
v -0.181843 0.48155 -0.674568
v -0.133405 0.488336 -0.718393
v -0.065011 0.512438 -0.737282
v 2.7e-05 0.509758 -0.743546
v -0.202724 0.565151 -0.607706
v -0.112146 0.434343 -0.646496
v -0.057961 0.426031 -0.659509
v -0.048813 0.404759 -0.584754
v 0.062932 0.440649 -0.693039
v -0.278483 0.590654 -0.525451
v -0.221449 0.573821 -0.548951
v -0.247257 0.582293 -0.481531
v -0.267331 0.592343 -0.491187
v -0.239642 0.574089 -0.454811
v -0.176559 0.551722 -0.545224
v -0.139935 0.537899 -0.572027
v -0.265147 0.625766 -0.494251
v -0.320734 0.709996 0.08522
v -0.20296 0.774405 0.100967
v -3.1e-05 0.829452 0.085633
v 0.197505 0.801218 0.02592
v 0.069799 0.811669 0.115806
v -0.066197 0.852325 0.018279
v -5.8e-05 0.789187 0.184851
v 0.138611 0.769377 0.184761
v -4.3e-05 0.756225 0.26004
v -0.138772 0.769367 0.184914
v 0.262923 0.007828 0.403706
v 0.300651 0.010978 0.481419
v 0.262543 0.013077 0.478417
v 0.205282 0.076849 0.519227
v 0.229281 0.096738 0.552883
v 0.189855 0.140563 0.524212
v 0.187672 0.066672 0.430489
v 0.150296 0.183639 0.574041
v 0.149991 0.230888 0.603101
v 0.081598 0.284374 0.62722
v 0.091101 0.39117 0.621447
v 0.049215 0.446746 0.60784
v -4e-05 0.339255 0.633203
v -0.052955 0.498458 0.582665
v 0.104698 0.493544 0.579962
v 0.059624 0.595053 0.509114
v 0.230087 0.418249 0.589547
v 0.244965 0.360985 0.602835
v 0.218521 0.516972 0.537318
v 0.229431 0.262437 0.601418
v 0.223152 0.211198 0.580489
v 0.045101 0.130863 0.551053
v 0.195793 0.43036 -0.461689
v 0.227349 0.471348 -0.568559
v 0.18303 0.444123 -0.570249
v 0.159041 0.445685 -0.624881
v 0.136696 0.420518 -0.557262
v 0.280532 0.151347 -0.315185
v 0.285644 0.092425 -0.287119
v 0.303581 0.115345 -0.213381
v 0.309318 0.075055 -0.23073
v 0.393447 0.09284 -0.172801
v 0.328302 0.03225 -0.362275
v 0.360702 0.01471 -0.375283
v 0.189157 1.01094 -0.295142
v 0.131428 0.999392 -0.24283
v 0.342332 1.08003 -0.33534
v 0.380683 1.04386 -0.354103
v 0.414922 0.580543 -0.195757
v 0.222359 0.784435 -0.690519
v 0.241058 0.816042 -0.655604
v 0.255057 0.832924 -0.630841
v 0.191106 0.852789 -0.680344
v 0.246266 0.762731 -0.679094
v 0.171024 0.861722 -0.688162
v 0.251736 0.727518 -0.690094
v 0.519824 0.20196 -0.243301
v 0.504907 0.105914 -0.26659
v 0.481837 0.042473 -0.313505
v 0.459471 0.021075 -0.342114
v 0.443812 0.041006 -0.379794
v 0.430579 0.006558 -0.320888
v 0.254427 0.570339 -0.596809
v 0.265912 0.584804 -0.549764
v 0.211929 0.563486 -0.624314
v 0.170143 0.549732 -0.661384
v 0.220974 0.573966 -0.548691
v 0.284935 0.594772 -0.510616
v 0.230852 0.575556 -0.495409
v 0.113036 0.537695 -0.670942
v 0.053946 0.523786 -0.655379
v 0.045828 0.524981 -0.547715
v 1.8e-05 0.516837 -0.611242
v 0.059348 0.527687 -0.709647
v 0.181742 0.481672 -0.674498
v 0.371381 0.668171 0.077773
v 0.449711 0.53107 0.140322
v 0.374183 0.626879 0.198774
v 0.266774 0.718431 0.174677
v -0.449966 0.049214 -0.212837
v -0.465081 0.027698 -0.257525
v -0.481838 0.042473 -0.313504
v -0.437929 0.019205 -0.37123
v -0.383555 0.016155 -0.386746
v -0.395313 0.005213 -0.353701
v -0.357745 0.010542 -0.279577
v -0.350633 0.036414 -0.38571
v -0.310293 0.768486 -0.59512
v -0.252344 0.62972 -0.580102
v -0.132775 0.671281 -0.641105
v -0.082277 0.696971 -0.550433
v -0.120066 0.681963 -0.484507
v -0.232437 0.647224 -0.525867
v -0.196823 0.66484 -0.505912
v -0.221034 0.642417 -0.453236
v 0.257172 0.579114 -0.418564
v 0.24865 0.611999 -0.416895
v 0.233831 0.613661 -0.397719
v 0.244176 0.600133 -0.383799
v 0.217027 0.560245 -0.432434
v 0.19707 0.556948 -0.479602
v 0.15698 0.549094 -0.45454
v 0.226478 0.560135 -0.374847
v 0.237381 0.562865 -0.375
v -0.418517 0.302631 0.555475
v -0.391292 0.414625 0.521559
v -0.268322 0.499066 0.53036
v -0.232251 0.554437 0.498863
v -0.155474 0.485607 0.575252
v -0.17649 0.571739 0.504882
v -0.396361 0.49257 0.43083
v 0.044093 0.382132 -0.498588
v 0.385668 0.008599 -0.278197
v 0.386147 0.005116 -0.335634
v 0.356769 0.007165 -0.315399
v 0.045842 0.096014 0.504278
v -0.053933 0.523779 -0.655484
v 1.3e-05 0.55428 -0.439902
v 1.2e-05 0.567928 -0.399074
v 0.037976 0.578826 -0.372838
v 0.076166 0.57733 -0.37114
v -0.078073 0.555811 -0.432206
v 0.082315 0.54188 -0.481127
v -0.153561 0.555978 -0.415668
v -0.187579 0.555519 -0.40929
v 0.276648 0.208693 0.596712
v 0.334647 0.506471 0.483481
v 0.040382 0.688557 -0.49865
v 0.079675 0.670047 -0.443628
v 0.079487 0.655219 -0.406527
v 0.157773 0.636937 -0.380367
v -0.118555 0.652905 -0.403696
v -0.262449 0.610626 -0.441361
v -0.257199 0.579084 -0.418567
v -0.257142 0.583012 -0.395979
v -0.241224 0.577413 -0.364542
v -0.240198 0.563129 -0.385787
v -0.246141 0.604819 -0.39674
v -0.216926 0.623093 -0.39788
v -0.158965 0.630089 -0.366481
v -0.192244 0.602755 -0.35362
v -0.231583 0.589438 -0.361567
v -0.234717 0.564082 -0.368368
v -0.185752 0.562895 -0.371391
v -0.117749 0.592517 -0.347837
v -0.07729 0.586244 -0.356496
v -0.040718 0.631012 -0.3526
v -0.040224 0.644618 -0.382422
v 1.3e-05 0.621083 -0.343688
v 0.040288 0.608836 -0.341458
v 0.203461 0.716586 0.261438
v 0.136715 0.719804 0.303889
v 0.261566 0.655264 0.336456
v 0.067142 0.692415 0.381331
v 2e-05 0.717782 0.34147
v 1.5e-05 0.675604 0.416438
v -0.000144 0.55062 0.550197
v -0.065475 0.668715 0.420267
v -0.197086 0.660779 0.381377
v 0.152586 0.568446 -0.369722
v 0.186397 0.569236 -0.36096
v 0.214227 0.583531 -0.355627
v 0.117771 0.592507 -0.347842
v 0.23207 0.597811 -0.36704
v 0.241223 0.577436 -0.364553
v -0.387296 0.007726 -0.374771
v 1.6e-05 0.726646 0.330773
v 0.015047 0.740877 0.317024
v 0.022687 0.722494 0.348338
v -2.2e-05 0.711242 0.366941
v -8e-05 0.687146 0.432777
v 0.058516 0.663226 0.520881
v 0.062504 0.637562 0.588178
v -4.7e-05 0.628048 0.5814
v -0.003047 0.451601 0.907391
v 0.034006 0.409153 0.974503
v 0.061664 0.593645 0.695458
v 0.059311 0.559311 0.766735
v -0.000562 0.532849 0.790238
v 0.19227 0.571442 0.929603
v 0.174446 0.575064 0.879813
v 0.177803 0.525301 0.960686
v 0.18304 0.54845 0.952796
v 0.129211 0.51989 0.910089
v 0.054619 0.520023 0.832941
v 0.062336 0.758501 0.337924
v 0.04458 0.736852 0.339707
v 0.103771 0.767168 0.381526
v 0.079727 0.763715 0.349585
v 0.140701 0.767253 0.444971
v 0.13353 0.759639 0.419541
v 0.120237 0.770216 0.399936
v 0.17264 0.75534 0.529215
v 0.147221 0.735406 0.48781
v 0.156745 0.76675 0.472932
v 0.193293 0.73241 0.619
v 0.171177 0.717024 0.572172
v 0.187199 0.748648 0.568707
v 0.202147 0.755026 0.587145
v 0.195271 0.700248 0.697196
v 0.199847 0.703855 0.671198
v 0.210906 0.725856 0.672364
v 0.210237 0.660631 0.783925
v 0.182542 0.65943 0.727372
v 0.224543 0.688045 0.757614
v 0.206239 0.617935 0.859889
v 0.213179 0.625332 0.835254
v 0.230541 0.633213 0.855656
v 0.2307 0.64402 0.840089
v 0.217537 0.588614 0.929583
v 0.217668 0.600988 0.914858
v 0.147488 0.502858 0.965945
v 0.196171 0.52667 0.986456
v 0.196776 0.544574 0.975752
v 0.147807 0.45317 1.02736
v 0.172854 0.462445 1.03591
v 0.163886 0.488893 1.00068
v 0.17604 0.478814 1.02489
v 0.109573 0.393643 1.06913
v 0.106382 0.420821 1.02283
v 0.138169 0.397116 1.08391
v 0.144471 0.416243 1.07181
v 0.07271 0.332834 1.10358
v 0.052769 0.341506 1.07672
v 0.097232 0.330954 1.12247
v 0.103729 0.346955 1.11442
v 0.012283 0.290749 1.11179
v -0.008031 0.318589 1.0777
v 0.027639 0.327622 1.07167
v 0.030085 0.259426 1.14863
v 0.045926 0.278893 1.1408
v 0.151199 0.662101 0.664037
v 0.09948 0.69182 0.50095
v 0.024469 0.349556 1.04256
v 0.151997 0.607688 0.78079
v 0.149948 0.587724 0.818662
v -0.023008 0.73657 0.329664
v -0.044481 0.693936 0.435109
v -0.042778 0.407874 0.975559
v -0.061192 0.577529 0.730273
v -0.193852 0.57248 0.914278
v -0.197664 0.584404 0.888443
v -0.187203 0.520659 0.959152
v -0.056706 0.520806 0.829284
v -0.103 0.534704 0.848294
v -0.062336 0.758501 0.337924
v -0.103771 0.767168 0.381526
v -0.139783 0.767727 0.443296
v -0.168042 0.758222 0.519513
v -0.187096 0.735494 0.607689
v -0.189694 0.704781 0.686256
v -0.194868 0.707551 0.660609
v -0.206365 0.729637 0.660938
v -0.194482 0.669123 0.767724
v -0.198739 0.67476 0.742733
v -0.196736 0.69267 0.723371
v -0.211266 0.694031 0.745626
v -0.199302 0.626194 0.842135
v -0.201645 0.634965 0.81576
v -0.172469 0.626403 0.792024
v -0.217707 0.654644 0.819177
v -0.215694 0.577693 0.930535
v -0.214618 0.604341 0.895493
v -0.178893 0.507447 0.98302
v -0.207447 0.538386 0.973288
v -0.15818 0.449659 1.03719
v -0.169238 0.463406 1.01645
v -0.187579 0.479059 1.03139
v -0.126976 0.391796 1.07534
v -0.138766 0.406019 1.0593
v -0.143241 0.384422 1.09988
v -0.157578 0.413669 1.08099
v -0.087122 0.330437 1.11432
v -0.083889 0.363871 1.06321
v -0.097282 0.318956 1.13786
v -0.112795 0.364811 1.0944
v -0.114825 0.342857 1.12475
v -0.051685 0.299745 1.11568
v -0.040554 0.270736 1.14469
v -0.067986 0.28681 1.148
v -0.079966 0.731069 0.392268
v -0.120862 0.718222 0.476068
v -0.144514 0.690608 0.584555
v -0.147928 0.664215 0.658699
v -0.098531 0.692169 0.499543
v -0.084477 0.440377 0.963762
v -0.118331 0.639978 0.834244
v -0.037489 0.60614 0.83983
v -0.117247 0.663497 0.799119
v -0.117933 0.68576 0.763692
v -0.038235 0.676733 0.73906
v -0.078491 0.705231 0.714247
v -0.036469 0.718211 0.666692
v -0.151265 0.705787 0.739274
v -0.044277 0.41956 1.04314
v -0.062332 0.481846 0.998819
v -0.102544 0.507556 0.994006
v -0.110214 0.563218 0.934393
v -0.027482 0.446729 1.01006
v -0.03523 0.532684 0.93036
v -0.004247 0.503607 0.950243
v -0.034555 0.348792 1.09446
v -0.104197 0.444313 1.05258
v -0.074672 0.743102 0.64014
v -0.062525 0.777635 0.527665
v -0.055945 0.782232 0.492844
v -0.031759 0.779435 0.405006
v -0.020849 0.773514 0.362741
v -0.033537 0.749532 0.592369
v -0.152619 0.752575 0.629163
v -0.140207 0.779662 0.539961
v -0.114605 0.790688 0.461767
v -0.083559 0.788476 0.399113
v -0.049663 0.778379 0.355224
v -0.014785 0.7629 0.334313
v -0.065067 0.320984 1.13001
v -0.100644 0.333098 1.14345
v -0.092331 0.35937 1.1187
v -0.168437 0.500451 1.01874
v -0.1839 0.558611 0.95772
v -0.145989 0.794774 0.503083
v -0.115329 0.799406 0.428705
v -0.07887 0.791915 0.370722
v 0.125534 0.633927 0.848209
v 0.081018 0.633733 0.827784
v 0.037563 0.629048 0.810424
v 0.124792 0.681219 0.77092
v 0.166303 0.652991 0.830509
v 0.077817 0.724379 0.679546
v 0.032743 0.421069 1.04196
v 0.030476 0.386804 1.06721
v 0.041397 0.454199 1.01923
v 0.098027 0.537514 0.967638
v 0.031097 0.556902 0.9047
v 0.135261 0.559435 0.959987
v 0.101186 0.782585 0.539769
v 0.078748 0.791542 0.463813
v 0.066001 0.791103 0.432388
v 0.041477 0.783418 0.382982
v 0.02885 0.767394 0.521339
v 0.013301 0.770504 0.40292
v 0.162559 0.751131 0.635585
v 0.083559 0.788477 0.399113
v 0.027514 0.774743 0.346865
v 0.020726 0.260799 1.16016
v 0.022635 0.31092 1.12437
v 0.088525 0.377285 1.09693
v 0.075288 0.362035 1.10899
v 0.131321 0.444759 1.05528
v 0.112845 0.429612 1.07146
v 0.156409 0.503848 1.01144
v 0.175214 0.562732 0.963385
v 0.195218 0.61332 0.901261
v 0.207817 0.656182 0.826221
v 0.198554 0.69446 0.769315
v 0.190336 0.739816 0.662331
v 0.071549 0.781911 0.35305
v 0.113859 0.587834 0.91397
v 0.107296 0.782556 0.244559
v 0.089299 0.793084 0.236062
v 0.100796 0.799736 0.227531
v 0.146593 0.78413 0.242186
v 0.163398 0.804521 0.215576
v 0.217986 0.78874 0.240533
v 0.301899 0.823518 0.18819
v 0.37371 0.826069 0.18056
v 0.378975 0.78995 0.232702
v 0.754501 0.77624 0.173336
v 0.826877 0.784355 0.119732
v 0.451655 0.8272 0.175735
v 0.531303 0.826863 0.169223
v 0.612815 0.789872 0.208574
v 0.687406 0.959382 0.05519
v 0.640472 0.934657 0.075379
v 0.743042 0.934009 0.047002
v 0.704203 0.885818 0.088468
v 0.648423 0.820308 0.154284
v 0.686122 0.785272 0.192307
v 0.096254 0.834343 0.203754
v 0.127332 0.875289 0.175696
v 0.126974 0.846023 0.185395
v 0.183569 0.919287 0.145636
v 0.169346 0.879578 0.159381
v 0.145538 0.894385 0.162465
v 0.1458 0.91126 0.153943
v 0.252345 0.947778 0.124878
v 0.229187 0.907613 0.136182
v 0.33806 0.969989 0.102706
v 0.303326 0.928539 0.116359
v 0.428228 0.978032 0.090009
v 0.38679 0.939712 0.102992
v 0.38722 0.995964 0.087968
v 0.51369 0.9834 0.077815
v 0.472239 0.946618 0.092835
v 0.480228 1.00236 0.073288
v 0.594563 0.976101 0.067386
v 0.56971 0.973751 0.066641
v 0.581633 0.994918 0.056369
v 0.564162 0.99659 0.062517
v 0.657791 0.981072 0.050517
v 0.767782 0.930489 0.046804
v 0.765593 0.906778 0.061072
v 0.744314 0.953628 0.041029
v 0.836623 0.892264 0.045511
v 0.817599 0.919256 0.036425
v 0.906989 0.84862 0.042954
v 0.917027 0.864967 0.027536
v 0.874115 0.872192 0.043554
v 0.900858 0.873945 0.031247
v 0.961631 0.794828 0.055747
v 0.916061 0.803021 0.065434
v 0.979052 0.809397 0.038266
v 0.935399 0.825073 0.045706
v 0.964769 0.821363 0.036201
v 0.99473 0.738758 0.083454
v 0.961963 0.733436 0.113235
v 0.982245 0.752561 0.071947
v 1.01892 0.749083 0.060767
v 1.00456 0.762097 0.057716
v 0.152885 0.844369 0.182919
v 0.201129 0.8699 0.160198
v 0.419436 0.909303 0.115025
v 0.809789 0.848138 0.077526
v 0.912708 0.741769 0.125516
v 0.502385 0.911215 0.10786
v 0.107335 0.77897 0.269259
v 0.31678 0.773083 0.291743
v 0.546808 0.772873 0.279703
v 0.731445 0.786723 0.399861
v 0.706921 0.784367 0.40877
v 0.782162 0.77471 0.368312
v 0.700379 0.773274 0.339845
v 0.111789 0.780102 0.312849
v 0.152813 0.783761 0.360152
v 0.14017 0.776416 0.346687
v 0.125565 0.7809 0.335298
v 0.12343 0.782459 0.350199
v 0.21169 0.791131 0.397305
v 0.196836 0.777344 0.36603
v 0.175196 0.786325 0.380047
v 0.178854 0.789654 0.397601
v 0.289566 0.797154 0.429738
v 0.242126 0.793785 0.41446
v 0.250754 0.798292 0.432959
v 0.378699 0.800916 0.45015
v 0.354083 0.791997 0.444423
v 0.345382 0.7832 0.416953
v 0.340732 0.804686 0.459509
v 0.474361 0.799463 0.451851
v 0.4318 0.784583 0.423504
v 0.420059 0.801144 0.454177
v 0.437227 0.804642 0.470584
v 0.561193 0.798755 0.446074
v 0.517758 0.784136 0.422206
v 0.513649 0.800063 0.456923
v 0.533682 0.804578 0.471023
v 0.644783 0.794976 0.430225
v 0.600039 0.783935 0.408836
v 0.596116 0.797933 0.443668
v 0.618027 0.80085 0.457944
v 0.706923 0.793446 0.429807
v 0.803632 0.775738 0.357057
v 0.786697 0.782799 0.388262
v 0.881799 0.756917 0.315031
v 0.85689 0.75785 0.327548
v 0.862586 0.766894 0.34777
v 0.937692 0.742332 0.257343
v 0.888173 0.743647 0.259868
v 0.906369 0.750577 0.292011
v 0.931726 0.747911 0.291599
v 0.990558 0.720662 0.195151
v 0.940733 0.728933 0.206125
v 1.02227 0.712742 0.197815
v 0.967733 0.731921 0.233948
v 1.00443 0.721577 0.225003
v 1.00978 0.715948 0.118305
v 1.04827 0.706142 0.112849
v 1.04484 0.705269 0.13
v 1.0007 0.717053 0.1642
v 1.03448 0.709553 0.14881
v 0.297574 0.773745 0.377095
v 0.198382 0.772542 0.31178
v 0.835127 0.752089 0.266683
v 0.523144 0.769494 0.339703
v 0.628393 0.83347 0.370854
v 0.668883 0.827797 0.357553
v 0.63699 0.845297 0.282853
v 0.514419 0.861442 0.309702
v 0.485841 0.857587 0.35652
v 0.443035 0.860453 0.358327
v 0.430117 0.867241 0.316108
v 0.518661 0.837856 0.425267
v 0.894942 0.78389 0.196064
v 0.876331 0.790845 0.242297
v 0.780755 0.809959 0.307092
v 0.780377 0.817961 0.226834
v 0.967013 0.752165 0.150906
v 0.837232 0.795418 0.309176
v 0.414294 0.852938 0.395257
v 0.359249 0.861858 0.356152
v 0.288812 0.847939 0.381495
v 0.246456 0.84877 0.337162
v 0.18796 0.832262 0.315571
v 0.163787 0.821298 0.328388
v 0.143139 0.818513 0.29303
v 0.310537 0.863465 0.312234
v 0.139657 0.8104 0.330995
v 0.102191 0.799626 0.273264
v 1.01524 0.733043 0.139286
v 0.973463 0.748653 0.234965
v 0.951232 0.757862 0.281624
v 0.927161 0.771469 0.27156
v 0.686982 0.806773 0.41977
v 0.597412 0.815424 0.444795
v 0.623666 0.820262 0.43786
v 0.513858 0.820177 0.457876
v 0.238851 0.813635 0.415214
v 0.172027 0.803268 0.380908
v 0.093102 0.789202 0.307739
v 0.100699 0.798126 0.300356
v 0.690235 0.830404 0.308521
v 0.078789 0.791925 0.25264
v 0.59739 0.944849 0.147164
v 0.590826 0.918474 0.18554
v 0.50435 0.897778 0.239959
v 0.564563 0.974247 0.119861
v 0.470572 0.960088 0.173962
v 0.479781 0.982804 0.13642
v 0.883574 0.819285 0.12179
v 0.84839 0.838134 0.128609
v 0.813755 0.855085 0.134494
v 0.75414 0.902492 0.116183
v 0.707972 0.891619 0.156883
v 0.77285 0.845944 0.170646
v 0.957563 0.773746 0.107385
v 0.927137 0.819782 0.084622
v 0.873718 0.864273 0.080806
v 0.805246 0.903342 0.083045
v 0.730733 0.933411 0.090886
v 0.384634 0.96022 0.18733
v 0.33967 0.929208 0.223531
v 0.263305 0.937637 0.200349
v 0.171201 0.891894 0.216892
v 0.148686 0.874599 0.222738
v 0.118015 0.835409 0.242637
v 0.235131 0.875075 0.254305
v 0.348987 0.976963 0.145735
v 0.262962 0.955692 0.163247
v 0.982023 0.776792 0.074785
v 0.94056 0.832511 0.053921
v 0.879261 0.879494 0.052269
v 0.728268 0.952211 0.061224
v 0.751382 0.948145 0.06255
v 0.64101 0.977619 0.072012
v 0.551927 0.993714 0.085152
v 0.37404 0.993933 0.116103
v 0.080408 0.834143 0.216977
v 0.090054 0.834599 0.226974
v -0.00067 0.844419 0.113758
v -0.022295 0.858294 0.102281
v -0.001063 0.868485 0.083237
v -0.045813 0.919752 0.034291
v -0.001842 0.912797 0.028672
v -0.061375 0.973728 -0.037189
v -0.0023 0.963666 -0.042267
v -0.06523 1.01295 -0.096204
v -0.000741 1.1804 -0.432274
v -0.000163 1.20487 -0.508191
v -0.03284 1.22416 -0.551825
v -0.064127 1.07457 -0.194192
v -0.000921 1.08387 -0.230504
v -0.059449 1.13281 -0.296595
v -0.189341 1.24643 -0.331751
v -0.168585 1.20535 -0.298696
v -0.179765 1.25337 -0.388922
v -0.000698 1.15424 -0.365667
v -0.10272 1.17164 -0.330072
v -0.063983 0.867735 0.136066
v -0.044156 0.858279 0.117623
v -0.10679 0.909383 0.118515
v -0.080375 0.886646 0.107759
v -0.105318 0.892894 0.13758
v -0.144377 0.961807 0.083307
v -0.115611 0.92752 0.080615
v -0.173288 1.01933 0.034231
v -0.146849 0.977144 0.038946
v -0.186882 1.07459 -0.025727
v -0.168072 1.02999 -0.014977
v -0.182197 1.12022 -0.093174
v -0.207352 1.12586 -0.076838
v -0.206705 1.11607 -0.056014
v -0.191091 1.17222 -0.170387
v -0.173829 1.12487 -0.146171
v -0.193787 1.14473 -0.120443
v -0.211725 1.16838 -0.13323
v -0.188658 1.20798 -0.242711
v -0.194405 1.18887 -0.197417
v -0.210651 1.20789 -0.207529
v -0.19217 1.2266 -0.280088
v -0.209984 1.24621 -0.295364
v -0.171235 1.26454 -0.407722
v -0.195468 1.27506 -0.400388
v -0.196953 1.27276 -0.382571
v -0.152017 1.28111 -0.49526
v -0.140845 1.2499 -0.454037
v -0.172134 1.28747 -0.463809
v -0.116231 1.28324 -0.566353
v -0.113804 1.25948 -0.528427
v -0.138191 1.29413 -0.564224
v -0.143897 1.29553 -0.548797
v -0.07779 1.27763 -0.636353
v -0.051491 1.25579 -0.617758
v -0.103225 1.29312 -0.627367
v -0.021863 1.26007 -0.676088
v -0.05027 1.26897 -0.66227
v -0.049143 1.2759 -0.690383
v -0.148031 1.03583 -0.050757
v -0.115787 1.05644 -0.121345
v 0.022139 0.848376 0.122425
v 0.020454 0.858267 0.102231
v 0.057997 1.13275 -0.296769
v 0.179783 1.24108 -0.323931
v 0.190764 1.22618 -0.302811
v 0.169177 1.25168 -0.387729
v 0.170999 1.25303 -0.363065
v 0.131571 1.1937 -0.330591
v 0.06236 0.867662 0.135932
v 0.104139 0.909217 0.118277
v 0.139975 0.961563 0.083021
v 0.166956 1.01921 0.033705
v 0.163473 0.990219 0.047085
v 0.183158 1.07688 -0.028577
v 0.189748 1.13029 -0.102352
v 0.207104 1.12047 -0.060612
v 0.194914 1.17605 -0.172681
v 0.178169 1.13054 -0.151042
v 0.21537 1.17286 -0.137064
v 0.18572 1.20628 -0.239856
v 0.194943 1.19017 -0.197343
v 0.209793 1.20783 -0.206457
v 0.211872 1.24301 -0.288384
v 0.184323 1.27019 -0.378853
v 0.137126 1.27851 -0.486204
v 0.151427 1.27238 -0.441776
v 0.158486 1.28599 -0.457124
v 0.102752 1.28205 -0.560691
v 0.10691 1.25882 -0.525593
v 0.128468 1.294 -0.541511
v 0.060783 1.27596 -0.618871
v 0.06936 1.28769 -0.633062
v 0.084172 1.28229 -0.591924
v 0.084245 1.29182 -0.61354
v 0.015567 1.26019 -0.659734
v 0.030015 1.25926 -0.649664
v 0.020445 1.26815 -0.675004
v 0.035597 1.27603 -0.657837
v 0.062004 0.884329 0.097135
v 0.076805 0.901258 0.086182
v 0.142916 1.03655 -0.052041
v 0.148849 1.08204 -0.117264
v 0.054996 0.894935 0.077636
v 0.066184 0.912487 0.061821
v 0.086678 0.951162 0.021926
v 0.102126 0.993057 -0.029168
v 0.111856 1.05658 -0.12191
v 0.121732 1.21935 -0.405748
v 0.103498 1.23629 -0.47739
v 0.111667 1.21757 -0.228392
v 0.108126 1.23199 -0.26804
v 0.036309 1.19208 -0.224388
v 0.03554 1.15805 -0.147841
v 0.117301 1.16771 -0.114435
v 0.074726 1.13143 -0.074579
v 0.115351 1.14534 -0.077601
v 0.034474 1.13774 -0.111151
v 0.15891 1.15214 -0.090911
v 0.040243 1.2768 -0.535223
v 0.04766 1.27392 -0.495155
v 0.055035 1.26987 -0.455599
v 0.090194 1.277 -0.426303
v 0.017995 1.27228 -0.581007
v 0.029539 1.24917 -0.41343
v 0.018918 1.27809 -0.617239
v 0.067429 1.05595 0.018745
v 0.088387 1.0133 0.071875
v 0.032314 0.930215 0.111619
v 0.023965 0.909677 0.121605
v 0.032117 1.09089 -0.043581
v 0.135627 1.04585 0.046265
v 0.111617 0.987829 0.095669
v 0.0818 0.934455 0.127708
v 0.048439 0.891929 0.142796
v 0.013756 0.865614 0.14105
v 0.023941 1.28104 -0.66707
v 0.021106 1.28212 -0.647012
v 0.072885 1.29922 -0.624252
v 0.064247 1.29776 -0.602496
v 0.11808 1.29631 -0.519637
v 0.143705 1.28729 -0.436982
v 0.133074 1.29674 -0.457124
v 0.162261 1.26796 -0.356949
v 0.153979 1.28038 -0.377072
v 0.186263 1.20652 -0.188908
v 0.177227 1.22141 -0.206735
v 0.201365 1.14756 -0.072248
v 0.16406 1.08715 0.016254
v 0.141395 0.997727 0.091186
v 0.077082 0.913237 0.145974
v 0.071164 1.23319 -0.303338
v 0.012616 0.850555 0.144971
v -0.115524 1.21858 -0.229321
v -0.077024 1.22175 -0.2649
v -0.038143 1.19229 -0.224449
v -0.110433 1.16006 -0.10854
v -0.144273 1.13676 -0.07819
v -0.039554 1.27702 -0.536602
v -0.057723 1.27003 -0.456145
v -0.10174 1.26905 -0.387264
v -0.071131 1.24598 -0.342105
v -0.065765 1.29232 -0.590498
v -0.097664 1.29436 -0.520223
v -0.112358 1.11597 -0.036753
v -0.112517 1.09077 -0.003955
v -0.10502 1.04082 0.049068
v -0.062466 1.00289 0.065895
v -0.07032 0.960362 0.107675
v -0.04396 0.915717 0.128383
v -0.038316 1.09076 -0.043297
v -0.025182 0.966316 0.075377
v -0.01636 0.922704 0.104721
v -0.01069 0.885056 0.129271
v -0.050422 0.891996 0.142909
v -0.183075 1.2413 -0.272999
v -0.180892 1.15987 -0.108154
v -0.146594 0.997996 0.091454
v -0.013855 0.850568 0.145011
v -0.107312 0.782578 0.244533
v -0.093044 0.780632 0.261012
v -0.128642 0.776108 0.264814
v -0.172153 0.776375 0.272165
v -0.222662 0.775468 0.282496
v -0.316761 0.773107 0.291729
v -0.307928 0.790217 0.236461
v -0.38964 0.77189 0.292488
v -0.754511 0.77621 0.173378
v -0.835453 0.749884 0.185915
v -0.507217 0.772258 0.28523
v -0.534985 0.791444 0.221047
v -0.624709 0.772889 0.26356
v -0.612813 0.789876 0.208562
v -0.731457 0.78669 0.399909
v -0.682882 0.780822 0.385065
v -0.782177 0.774664 0.368354
v -0.700353 0.77324 0.339881
v -0.111778 0.780136 0.312841
v -0.118773 0.774406 0.289707
v -0.152809 0.783776 0.360138
v -0.147282 0.774892 0.32937
v -0.125564 0.780919 0.335295
v -0.123429 0.782477 0.350197
v -0.211683 0.791145 0.397303
v -0.196811 0.777361 0.366028
v -0.175198 0.786326 0.380042
v -0.178847 0.789662 0.397596
v -0.289567 0.797204 0.429699
v -0.263903 0.779911 0.396019
v -0.2421 0.793818 0.414429
v -0.378695 0.800923 0.450175
v -0.345369 0.783206 0.416959
v -0.327559 0.79965 0.44173
v -0.340733 0.804726 0.459472
v -0.474374 0.799459 0.451896
v -0.43179 0.78457 0.423527
v -0.420044 0.801135 0.454204
v -0.437236 0.80463 0.47063
v -0.561196 0.79874 0.446108
v -0.517785 0.784117 0.422248
v -0.533687 0.804547 0.471071
v -0.644795 0.794925 0.43031
v -0.600049 0.783898 0.408897
v -0.59611 0.797878 0.443738
v -0.618037 0.800787 0.458038
v -0.706941 0.793394 0.42988
v -0.803645 0.775702 0.35711
v -0.801494 0.778157 0.38215
v -0.786716 0.782763 0.388322
v -0.881814 0.75688 0.315084
v -0.828425 0.759135 0.309317
v -0.862602 0.766854 0.347829
v -0.937721 0.742295 0.257404
v -0.888172 0.743614 0.259937
v -0.946253 0.741653 0.281992
v -0.906405 0.750533 0.292069
v -0.931735 0.747875 0.291656
v -0.990545 0.720664 0.195156
v -1.01783 0.713575 0.211329
v -0.967717 0.731903 0.233988
v -1.00443 0.721562 0.225031
v -1.00979 0.715953 0.118295
v -0.962033 0.733417 0.113248
v -1.04484 0.705268 0.130001
v -1.04827 0.706142 0.112852
v -1.0007 0.71705 0.164203
v -1.03448 0.709554 0.148818
v -0.442576 0.768838 0.346045
v -0.749966 0.763348 0.272891
v -0.622166 0.775882 0.366777
v -0.100893 0.799744 0.227503
v -0.211492 0.814103 0.204249
v -0.3737 0.826073 0.180568
v -0.7896 0.795358 0.127287
v -0.687393 0.95939 0.05517
v -0.660732 0.960384 0.055577
v -0.743033 0.934039 0.046958
v -0.724325 0.944899 0.052795
v -0.666132 0.895137 0.092449
v -0.09664 0.834346 0.203703
v -0.09343 0.820068 0.207701
v -0.128297 0.8753 0.175598
v -0.185121 0.919309 0.145469
v -0.146814 0.894399 0.162335
v -0.147396 0.911291 0.153766
v -0.25366 0.947819 0.124706
v -0.230516 0.932592 0.124813
v -0.230238 0.955895 0.119854
v -0.209128 0.932205 0.136594
v -0.338595 0.970003 0.102604
v -0.30399 0.928567 0.116249
v -0.428238 0.978045 0.089976
v -0.398834 0.969186 0.088303
v -0.38743 0.995989 0.087906
v -0.513683 0.98341 0.077802
v -0.487099 0.977802 0.07596
v -0.48022 1.00238 0.073269
v -0.594563 0.976135 0.067348
v -0.569679 0.973788 0.066591
v -0.601803 0.949996 0.079795
v -0.548451 0.982518 0.073024
v -0.56414 0.99663 0.062461
v -0.657781 0.981103 0.050473
v -0.767773 0.930517 0.046764
v -0.7443 0.953656 0.040994
v -0.836613 0.892297 0.045463
v -0.815065 0.899873 0.043091
v -0.817584 0.919293 0.036373
v -0.906985 0.848656 0.042906
v -0.92521 0.856916 0.03053
v -0.874102 0.872235 0.043492
v -0.900841 0.873983 0.031198
v -0.961636 0.794848 0.055714
v -0.916053 0.803043 0.065402
v -0.982695 0.800831 0.043768
v -0.935392 0.825098 0.045668
v -0.964765 0.821381 0.036174
v -0.994718 0.738753 0.083476
v -0.982245 0.752561 0.071946
v -1.02429 0.738974 0.068704
v -1.00457 0.762098 0.057714
v -0.153419 0.844359 0.18288
v -0.336164 0.86564 0.147958
v -0.872749 0.813064 0.076784
v -0.727569 0.845128 0.109014
v -0.534816 0.869266 0.130968
v -0.597405 0.944832 0.147178
v -0.627436 0.881608 0.212863
v -0.504363 0.897734 0.239996
v -0.564555 0.974256 0.119849
v -0.464823 0.932202 0.210842
v -0.470564 0.960064 0.174
v -0.88357 0.819302 0.121766
v -0.848362 0.838167 0.128583
v -0.813748 0.855108 0.134462
v -0.754102 0.902515 0.116168
v -0.707968 0.89163 0.156867
v -0.922684 0.785114 0.124751
v -0.808226 0.833441 0.160718
v -0.738028 0.856319 0.180677
v -0.957563 0.773748 0.107382
v -0.873706 0.864313 0.080748
v -0.730726 0.933435 0.090851
v -0.380366 0.93266 0.220814
v -0.342703 0.956136 0.191083
v -0.300964 0.922411 0.226225
v -0.231909 0.900788 0.230877
v -0.154423 0.858391 0.239559
v -0.135232 0.844834 0.242722
v -0.339278 0.898363 0.254234
v -0.266997 0.884898 0.254627
v -0.18488 0.838113 0.269058
v -0.167142 0.908398 0.195362
v -0.108195 0.848683 0.219394
v -0.940553 0.832536 0.053886
v -0.879239 0.879536 0.052206
v -0.804694 0.921121 0.054262
v -0.728261 0.952237 0.061189
v -0.75137 0.94818 0.062504
v -0.551912 0.993745 0.085114
v -0.576125 0.993328 0.088211
v -0.374278 0.99394 0.116042
v -0.310442 0.986762 0.138715
v -0.160542 0.931613 0.155618
v -0.080714 0.834142 0.216941
v -0.090311 0.834591 0.226948
v -0.66598 0.84872 0.234072
v -0.078806 0.791945 0.252614
v -0.087949 0.800665 0.25601
v -0.628385 0.83346 0.370863
v -0.651701 0.836819 0.322739
v -0.586724 0.839685 0.380933
v -0.485856 0.857577 0.356548
v -0.458607 0.850608 0.396421
v -0.894926 0.783886 0.196096
v -0.861195 0.795787 0.218371
v -0.82869 0.804973 0.240187
v -0.780799 0.809924 0.307134
v -0.967015 0.752162 0.15091
v -0.837246 0.795382 0.309228
v -0.414281 0.852943 0.395283
v -0.4006 0.862102 0.358004
v -0.329387 0.852164 0.388652
v -0.246461 0.848777 0.3372
v -0.163777 0.82132 0.328356
v -0.143508 0.816319 0.312469
v -0.120402 0.812308 0.27234
v -0.219153 0.820365 0.385696
v -0.161968 0.809023 0.354153
v -1.01524 0.733042 0.139288
v -0.973453 0.748647 0.234994
v -0.911926 0.768248 0.291819
v -0.59743 0.815368 0.444884
v -0.623696 0.820223 0.437916
v -0.418669 0.821555 0.456051
v -0.325203 0.820653 0.442918
v -0.350466 0.830252 0.448411
v -0.093097 0.789236 0.307721
v -0.708089 0.821104 0.342334
v -0.152641 0.644975 -0.41591
v -0.180684 0.637809 -0.408991
v -4.9e-05 0.658919 -0.437539
v 0.060265 0.657346 -0.434217
v 0.112554 0.652438 -0.425562
v 0.061956 0.629231 -0.426702
v 0.115799 0.626265 -0.416787
v 0.15269 0.645049 -0.415908
v 0.157629 0.620525 -0.405695
v -0.060282 0.657342 -0.434209
v -0.062003 0.629258 -0.426672
v -5.7e-05 0.680065 -0.499149
v -0.074272 0.677588 -0.496042
v 0.0743 0.6693 -0.530122
v -0.134955 0.670417 -0.48861
v 0.180883 0.658128 -0.478506
v 0.135048 0.670456 -0.488537
v -0.238758 0.620137 -0.450302
v -0.241746 0.611653 -0.485526
v -0.180735 0.65805 -0.478678
v -0.209475 0.622822 -0.540185
v -0.24022 0.612169 -0.416006
v -0.226405 0.618213 -0.403691
v -0.251918 0.590422 -0.471988
v -0.20788 0.621815 -0.39961
v 0.216711 0.591588 -0.395788
v 0.242598 0.596733 -0.407315
v 0.249218 0.585844 -0.429102
v 0.238674 0.620162 -0.45018
v 0.195424 0.569159 -0.442647
v 0.143492 0.568801 -0.462207
v -0.077342 0.551611 -0.519991
v -1.1e-05 0.551094 -0.527783
v 0.077474 0.551564 -0.519984
v 0.073791 0.532259 -0.571192
v 0.251883 0.590594 -0.471824
v 0.233083 0.602199 -0.527022
v 0.21611 0.591351 -0.56664
v -0.13212 0.592196 -0.421064
v -0.17073 0.597774 -0.401132
v -0.21582 0.591083 -0.567067
v -0.192581 0.58248 -0.601497
v -0.160835 0.57853 -0.633601
v -0.112505 0.548002 -0.676062
v -0.055791 0.54573 -0.699157
v 1.5e-05 0.545313 -0.707201
v -0.142185 0.552345 -0.50124
v -5e-06 0.531153 -0.580295
v 0.055817 0.545747 -0.699101
v 0.11256 0.548128 -0.676003
v 0.161031 0.554421 -0.640252
v 0.123778 0.630686 -0.604644
v -7.9e-05 0.637762 -0.623841
v -0.128738 0.64994 -0.564871
v 0.174788 0.639291 -0.55302
v 0.192968 0.582732 -0.601121
v -0.231959 0.573843 -0.429422
v -0.143198 0.568945 -0.462241
v -0.172025 0.646135 -0.4148
v 0.079618 0.665468 -0.434864
v 0.171651 0.64622 -0.414848
v -0.079601 0.665463 -0.43486
v -1.2e-05 0.682801 -0.485273
v -0.224905 0.630632 -0.430228
v -0.183542 0.656922 -0.454243
v -0.157278 0.666178 -0.457869
v -0.156683 0.666351 -0.458104
v -0.191053 0.638679 -0.410532
v -0.197328 0.634772 -0.407834
v 0.229465 0.625874 -0.424546
v 0.228019 0.625065 -0.42026
v 0.214086 0.563966 -0.454676
v 0.186817 0.555391 -0.478252
v 0.181726 0.553283 -0.484967
v 0.242813 0.583417 -0.512278
v 0.228739 0.577699 -0.546062
v -0.221697 0.574211 -0.561863
v -0.179238 0.557892 -0.620022
v -0.182102 0.553341 -0.484815
v -0.116322 0.539303 -0.670664
v -0.128174 0.542805 -0.662479
v -0.156229 0.550283 -0.642831
v -0.007578 0.518814 -0.617489
v 0.053099 0.52098 -0.608257
v 0.015881 0.526619 -0.701774
v 0.112252 0.538352 -0.673504
v 0.153177 0.549738 -0.645019
v 0.116803 0.539508 -0.670305
v 0.156669 0.550679 -0.642536
v -0.228546 0.577324 -0.546531
v -0.23657 0.581083 -0.528525
v 0.105505 0.676791 -0.470244
v -0.151832 0.54772 -0.614921
v 0.175898 0.552724 -0.545006
v -0.106073 0.53418 -0.639966
v 0.2178 0.631415 -0.421779
v 0.118548 0.661977 -0.428879
v -3e-06 0.682792 -0.48532
v -0.18354 0.656923 -0.454244
v 0.186815 0.555391 -0.478255
v -0.239306 0.573077 -0.444195
v -0.25281 1.43142 0.547362
v -0.240403 1.45812 0.493327
v -0.283762 1.3871 0.443982
v -0.224106 1.49645 0.446194
v -0.259468 1.42775 0.387305
v -0.187171 1.50324 0.409854
v -0.221851 1.44107 0.347909
v -0.180839 1.3259 0.672659
v -0.215945 1.29545 0.655754
v -0.21579 1.2426 0.658176
v -0.24788 1.32973 0.607142
v -0.234772 1.38696 0.592589
v -0.280774 1.30814 0.5631
v -0.254971 1.02696 0.335275
v -0.223183 1.01128 0.29522
v -0.184547 0.991447 0.26294
v -0.305256 1.0915 0.367251
v -0.334207 1.1713 0.408996
v -0.318738 1.14607 0.351628
v -0.332542 1.26439 0.459116
v -0.316701 1.29953 0.389599
v -0.201157 1.50382 0.584849
v -0.209451 1.427 0.606661
v -0.184237 1.47037 0.620498
v -0.315804 1.2212 0.524427
v -0.207933 1.03781 0.245729
v -0.259242 1.10541 0.258422
v -0.265253 1.15976 0.240284
v -0.290644 1.24716 0.273505
v -0.28809 1.34083 0.325531
v -0.293289 1.29407 0.297406
v -0.173748 1.46231 0.668113
v -0.285133 1.18587 0.592725
v -0.203957 1.09924 0.205018
v -0.167242 1.07144 0.192214
v -0.225906 1.13673 0.209284
v -0.249636 1.27242 0.232298
v -0.177382 1.38777 0.671513
v -0.242221 1.15905 0.63421
v -0.189184 0.959906 0.488946
v -0.180793 0.942362 0.443781
v -0.22155 0.975112 0.44976
v -0.166467 0.928063 0.393161
v -0.226822 1.01449 0.545122
v -0.246444 1.08038 0.594073
v -0.258353 1.05351 0.552278
v -0.148549 1.54877 0.465194
v -0.179856 1.5494 0.502253
v -0.245235 0.998972 0.393637
v -0.280858 1.04431 0.467824
v -0.306158 1.11634 0.513547
v -0.309522 1.09228 0.454841
v -0.302712 1.34488 0.417063
v -0.150207 0.929042 0.30914
v -0.118047 0.914474 0.27953
v -0.102228 0.888104 0.333199
v -0.102163 0.942392 0.226727
v -0.131513 0.973515 0.224193
v -0.113214 0.988462 0.203205
v -0.094577 0.960531 0.209808
v -0.146236 0.956015 0.256332
v -0.173385 1.52688 0.617011
v -0.152487 1.54349 0.638047
v -0.157598 1.51771 0.676591
v -0.128891 1.48118 0.694654
v -0.133594 1.58373 0.515927
v -0.137095 1.56972 0.493907
v -0.161444 1.5763 0.533614
v -0.154553 1.5651 0.579903
v -0.164025 1.53647 0.581125
v -0.191041 1.49662 0.580856
v -0.170756 1.53986 0.503316
v -0.155683 1.54175 0.483688
v -0.132902 1.41661 0.686308
v -0.164504 1.45783 0.659701
v -0.150948 1.51146 0.646759
v -0.139034 0.953734 0.278865
v -0.087462 0.931388 0.23039
v -0.121704 0.978286 0.233046
v -0.086198 0.956302 0.212148
v -0.082026 0.880991 0.333336
v -0.10695 0.898201 0.387282
v -0.093148 0.889744 0.311231
v -0.135505 0.929231 0.327864
v -0.175197 0.957366 0.353412
v -0.272359 1.38139 0.445211
v -0.300535 1.32459 0.451085
v -0.303917 1.29708 0.39272
v -0.212452 1.46857 0.538235
v -0.230394 1.45031 0.492744
v -0.302875 1.22222 0.521438
v -0.306211 1.1376 0.477158
v -0.296672 1.09979 0.455441
v -0.259244 1.03648 0.415301
v -0.249551 1.42007 0.391521
v -0.274029 1.18798 0.586255
v -0.277282 1.10775 0.543949
v -0.254148 1.04037 0.497863
v -0.211727 0.985139 0.448688
v -0.245204 1.27195 0.616234
v -0.269722 1.20325 0.263061
v -0.269793 1.30623 0.558624
v -0.296749 1.1677 0.323853
v -0.280506 1.12999 0.307666
v -0.207136 1.03183 0.276989
v -3.4e-05 1.31879 0.776853
v -0.032982 1.27039 0.773603
v -0.059831 1.31695 0.759465
v -0.072669 1.2217 0.761907
v -0.143721 1.23752 0.738469
v -0.142242 1.33226 0.722589
v -0.190033 1.24685 0.693776
v 0.156938 1.33255 0.702321
v 0.156921 1.28993 0.718996
v 0.118739 1.32956 0.744729
v 0.143716 1.2375 0.738444
v 0.072657 1.22169 0.761876
v -2.5e-05 0.904478 0.56189
v -0.070735 0.908327 0.552857
v -0.052692 0.876976 0.471966
v -1.6e-05 0.873903 0.478032
v -7e-06 0.949295 0.637103
v -0.082435 0.953692 0.624845
v -3.6e-05 1.01673 0.704819
v -0.083515 1.11447 0.74024
v -1.8e-05 1.40706 0.763438
v 0.046172 1.40115 0.747279
v 0.083479 1.11442 0.74022
v -0.09263 0.895358 0.507158
v -0.10138 0.885831 0.456354
v -0.130051 1.02723 0.676981
v -0.129519 1.07107 0.704755
v 0.092943 1.41646 0.744121
v 0.118174 1.17509 0.743422
v -0.162144 0.929878 0.517628
v -0.158634 0.918243 0.473016
v -0.208882 0.990273 0.568158
v -0.223273 1.05639 0.623677
v 0.218173 1.14524 0.668812
v 0.17872 0.939218 0.505316
v 0.143777 0.909377 0.483936
v 0.101336 0.885809 0.456358
v 0.208835 0.990262 0.568154
v 0.177642 0.953575 0.550479
v 0.223229 1.05638 0.623676
v 0.198308 1.01102 0.613078
v -0.123918 1.41331 0.708637
v -0.140568 1.37235 0.705038
v -0.106415 1.37173 0.744694
v 0.10453 0.913337 0.543856
v 0.122289 0.960211 0.613935
v 0.129989 1.02723 0.676995
v 0.12751 0.99049 0.646563
v -0.118185 1.17514 0.743451
v 0.038835 0.925949 0.596806
v 0.020824 0.862987 0.425715
v -6e-06 0.855584 0.385159
v 0.061461 0.863729 0.371383
v 0.079344 0.872346 0.409711
v 0.085386 0.874614 0.368437
v -0.061474 0.863754 0.371372
v -0.079342 0.872358 0.409684
v -0.085394 0.87462 0.368444
v -0.03194 0.857799 0.381378
v -0.041269 0.864893 0.422343
v 0.031436 1.47411 0.74048
v -2e-05 1.48604 0.757532
v 0.078302 1.46247 0.745559
v 0.108374 1.45298 0.715709
v -0.096341 1.47747 0.722852
v -0.06594 1.49604 0.746281
v -0.038239 1.44303 0.743523
v -0.017148 1.4461 0.73891
v -1.8e-05 1.40425 0.750596
v -0.072064 1.46218 0.733917
v -0.053399 1.45145 0.731803
v 0.087094 1.41341 0.732356
v 0.072009 1.4622 0.733931
v -0.01922 0.875768 0.419593
v -0.049878 0.890352 0.467946
v -0.081138 0.876367 0.359743
v -0.064493 0.868257 0.350562
v 0.064493 0.868246 0.350564
v 0.096059 0.898675 0.453037
v 0.038077 0.877483 0.416523
v 0.049863 0.890334 0.468032
v -0.069505 1.22304 0.749231
v -3.8e-05 1.11759 0.746276
v -0.080146 1.11993 0.728233
v -0.050473 1.35682 0.741155
v -1.7e-05 1.31709 0.764807
v 0.080102 1.11995 0.728243
v 0.083641 1.03009 0.679864
v 0.082285 0.99483 0.650075
v 0.067597 0.921536 0.547564
v -2e-05 0.901361 0.517641
v -0.137348 1.23771 0.726692
v -0.113276 1.17791 0.731189
v 0.158793 1.13428 0.701321
v 0.16387 1.04479 0.652873
v 0.153326 0.979884 0.59364
v 0.137334 1.2377 0.726693
v -0.163927 1.04478 0.652858
v 0.050414 1.35685 0.741192
v -0.082957 1.0722 0.706693
v -0.079106 0.966066 0.617903
v 0.252843 1.4314 0.547418
v 0.234812 1.38695 0.592616
v 0.216615 1.35773 0.645666
v 0.254905 1.27256 0.624063
v 0.180836 1.32591 0.67271
v 0.187201 1.5032 0.409875
v 0.259469 1.42774 0.387328
v 0.221841 1.44107 0.347968
v 0.254286 1.4451 0.442588
v 0.240453 1.4581 0.493353
v 0.283791 1.38707 0.444043
v 0.254992 1.02699 0.335297
v 0.245255 0.999022 0.393684
v 0.305255 1.09148 0.367252
v 0.334211 1.17128 0.40902
v 0.318732 1.11016 0.42056
v 0.332562 1.26433 0.459158
v 0.201194 1.50377 0.58492
v 0.190492 1.51558 0.538248
v 0.316722 1.29947 0.389629
v 0.208291 0.96176 0.398828
v 0.166486 0.928118 0.393247
v 0.26518 1.03199 0.500365
v 0.306149 1.11629 0.513572
v 0.302423 1.20286 0.558968
v 0.290747 1.14277 0.571424
v 0.2042 0.965512 0.473017
v 0.1675 0.93754 0.458245
v 0.226831 1.0145 0.545161
v 0.246444 1.08037 0.594116
v 0.163498 1.55199 0.481298
v 0.247263 1.36042 0.283201
v 0.236408 1.40241 0.315168
v 0.189064 1.10903 0.191724
v 0.180462 1.06249 0.204227
v 0.166116 1.01361 0.222849
v 0.227693 1.18726 0.202936
v 0.225903 1.13669 0.209289
v 0.249637 1.27242 0.232347
v 0.259767 1.2179 0.23029
v 0.27097 1.30847 0.270889
v 0.141163 1.42599 0.687978
v 0.195464 1.40592 0.656299
v 0.173772 1.46231 0.66817
v 0.231258 1.20148 0.647913
v 0.207942 1.03777 0.245744
v 0.184552 0.991438 0.262954
v 0.292642 1.12436 0.300633
v 0.306965 1.2268 0.30486
v 0.319695 1.2068 0.338464
v 0.150151 0.94697 0.273646
v 0.11805 0.914489 0.279534
v 0.131526 0.973526 0.224181
v 0.094574 0.960518 0.209806
v 0.102234 0.888114 0.3332
v 0.131705 0.904784 0.359962
v 0.113741 0.900654 0.307267
v 0.14636 0.9205 0.326743
v 0.154572 1.56505 0.579969
v 0.164733 1.57044 0.617462
v 0.161485 1.57622 0.533666
v 0.14962 1.59618 0.557912
v 0.127124 1.51436 0.694848
v 0.128913 1.48117 0.694711
v 0.157626 1.51768 0.67663
v 0.147289 1.55154 0.678851
v 0.152495 1.54347 0.638096
v 0.162197 1.52274 0.612768
v 0.191107 1.49648 0.58095
v 0.164506 1.45778 0.659752
v 0.170822 1.5398 0.503378
v 0.151683 1.56868 0.536171
v 0.139103 0.937217 0.311681
v 0.175211 0.957403 0.353461
v 0.12967 0.921746 0.343646
v 0.106954 0.898214 0.387305
v 0.08198 0.938457 0.221011
v 0.157481 1.02009 0.231873
v 0.135401 0.962085 0.262902
v 0.269719 1.30612 0.558616
v 0.299661 1.28684 0.512136
v 0.302861 1.22216 0.521464
v 0.209758 1.44028 0.580997
v 0.225742 1.38266 0.58721
v 0.303896 1.29707 0.392739
v 0.309287 1.25271 0.367371
v 0.320482 1.17555 0.411876
v 0.280484 1.12996 0.307682
v 0.259022 1.09537 0.295043
v 0.245197 1.27189 0.61625
v 0.27704 1.33635 0.331629
v 0.279083 1.24685 0.28153
v 0.269728 1.20323 0.263105
v 0.249587 1.42002 0.39155
v 0.279248 1.14656 0.566034
v 0.268701 1.07231 0.521257
v 0.186977 0.961751 0.422609
v 0.205538 1.47889 0.514465
v 0.223733 1.46868 0.469588
v 0.296651 1.09975 0.455481
v 0.258927 1.36712 0.549274
v 3.2e-05 1.55005 0.329518
v 0.031983 1.51857 0.292835
v 0.057699 1.53732 0.339738
v 0.113706 1.53832 0.360946
v 0.137721 1.47738 0.282712
v 0.148876 1.51379 0.390419
v -0.14884 1.51375 0.390411
v -0.148274 1.49879 0.340548
v -0.113644 1.53825 0.361006
v -0.137667 1.47728 0.282717
v -0.095591 1.51083 0.309919
v -0.070523 1.48109 0.258811
v 2.2e-05 1.13726 0.109672
v 0.029286 1.09622 0.123429
v 2.8e-05 1.22126 0.099068
v 3.3e-05 1.31257 0.116809
v 1.2e-05 1.41059 0.169158
v 1.7e-05 1.59694 0.407561
v -0.045359 1.58287 0.414858
v -0.079687 1.3994 0.180232
v 0.085892 1.09151 0.138035
v 0.095648 1.04514 0.160698
v 0.104412 1.17174 0.122906
v 0.144814 1.21195 0.137855
v 0.119318 1.30277 0.14065
v 0.118976 1.39607 0.191306
v 0.157171 1.34723 0.178326
v -0.114064 1.43994 0.227989
v 0.150167 1.12286 0.159454
v 0.149386 1.07926 0.17771
v 0.162877 1.16422 0.156873
v 0.184093 1.2954 0.179422
v 0.198478 1.24579 0.183917
v 0.198619 1.37625 0.246138
v -0.198579 1.37621 0.246145
v -0.166693 1.11871 0.174238
v -0.134441 1.08282 0.164566
v -0.095619 1.0451 0.160656
v -0.191162 1.20252 0.175908
v -0.162864 1.16416 0.156849
v -0.14478 1.21192 0.137831
v -0.202431 1.28914 0.198031
v -0.179729 1.25108 0.16559
v -0.155216 1.30153 0.157744
v -0.185368 1.33995 0.200076
v 0.123074 1.56386 0.452385
v 0.103217 1.5653 0.396745
v -0.096039 1.1312 0.129047
v -0.058071 1.09424 0.129022
v -0.104376 1.17169 0.122882
v -0.08074 1.3041 0.127974
v -0.019933 1.00547 0.157853
v 6e-06 0.967886 0.174458
v -0.05982 0.961574 0.189056
v -0.076226 0.998403 0.175164
v -0.101796 0.993478 0.193311
v -0.083185 0.965621 0.199744
v 0.059824 0.961564 0.189075
v 0.076248 0.998453 0.175174
v 0.08319 0.965638 0.199755
v 0.031012 0.966163 0.178451
v 0.039532 1.00402 0.161465
v -0.018787 1.61122 0.445964
v -0.031155 1.62074 0.475555
v -0.10843 1.58973 0.475843
v -0.096166 1.60861 0.489121
v 0.096214 1.60859 0.48913
v 0.083547 1.62616 0.491795
v 0.077301 1.6204 0.46551
v 0.065021 1.64081 0.490547
v 0.031204 1.62071 0.475544
v 0.017146 1.60172 0.45415
v 1.7e-05 1.58548 0.413932
v 0.042679 1.57177 0.421135
v 0.086115 1.58126 0.436854
v 0.089858 1.60219 0.494418
v -0.086065 1.58139 0.436878
v -0.071474 1.6107 0.472018
v 0.018417 1.0079 0.171729
v 0.046875 1.05612 0.15653
v 0.079181 0.959418 0.205966
v 0.063127 0.94698 0.20425
v -0.06313 0.946978 0.204241
v -0.07919 0.959419 0.205956
v -0.046851 1.05615 0.15657
v 0.066704 1.47275 0.267999
v 0.036018 1.44308 0.22121
v 0.075431 1.39451 0.192525
v 0.024331 1.55629 0.378108
v 0.054748 1.52751 0.346419
v -0.076874 1.34957 0.163875
v -0.076683 1.30403 0.142949
v -0.07154 1.21834 0.125004
v 2.8e-05 1.22413 0.115245
v 0.130454 1.46907 0.290494
v 0.107846 1.43315 0.238246
v -0.138339 1.21315 0.151198
v -0.106799 1.09195 0.162563
v -0.130394 1.46915 0.290514
v 0.149392 1.34374 0.1901
v 0.144311 1.25601 0.157375
v -0.066662 1.47285 0.268009
v -0.048992 1.55003 0.384188
v 0.071577 1.21829 0.124998
v -0.258747 1.43429 0.549715
v -0.246191 1.46197 0.494139
v -0.289982 1.3903 0.443801
v -0.3052 1.35694 0.50848
v -0.260393 1.44848 0.442711
v -0.208075 1.50847 0.421876
v -0.207486 1.47997 0.375667
v -0.18282 1.32578 0.679372
v -0.221859 1.35901 0.650054
v -0.260266 1.27358 0.628404
v -0.253666 1.33168 0.610563
v -0.26032 1.02292 0.333271
v -0.250129 1.05268 0.274422
v -0.189088 0.987449 0.259419
v -0.196418 0.964283 0.304456
v -0.311468 1.08862 0.3658
v -0.298636 1.12238 0.297611
v -0.341132 1.1704 0.408515
v -0.339432 1.26544 0.459768
v -0.33946 1.23567 0.397233
v -0.207278 1.5066 0.586801
v -0.212539 1.03442 0.241693
v -0.170139 1.01026 0.218235
v -0.270545 1.15861 0.23585
v -0.313434 1.2272 0.302195
v -0.310539 1.32249 0.355104
v -0.179428 1.46352 0.67202
v -0.169528 1.06969 0.185832
v -0.143703 1.02915 0.189873
v -0.231041 1.18753 0.19677
v -0.253338 1.2745 0.226733
v -0.276172 1.31085 0.266806
v -0.25065 1.36432 0.278418
v -0.142383 1.42547 0.694786
v -0.266481 1.16822 0.623857
v -0.234424 1.20072 0.65407
v -0.192051 0.954105 0.491616
v -0.184667 0.936621 0.444799
v -0.226203 0.969929 0.450456
v -0.17056 0.922385 0.393172
v -0.23037 1.00962 0.548685
v -0.230399 0.986732 0.502527
v -0.250421 1.07701 0.598742
v -0.263424 1.04974 0.555286
v -0.272438 1.12577 0.602746
v -0.149298 1.5545 0.461244
v -0.207351 1.52802 0.472998
v -0.18506 1.55405 0.501686
v -0.189353 0.942118 0.350089
v -0.28659 1.04038 0.468671
v -0.312575 1.1143 0.515458
v -0.296855 1.36833 0.384676
v -0.156255 0.933073 0.288872
v -0.121712 0.90916 0.276825
v -0.105374 0.881909 0.33235
v -0.135545 0.898916 0.359674
v -0.11219 0.888221 0.319203
v -0.09783 0.877379 0.345235
v -0.105261 0.938047 0.222197
v -0.13531 0.96983 0.21961
v -0.117231 0.923909 0.248417
v -0.112078 0.931091 0.234976
v -0.178888 1.52815 0.621148
v -0.158079 1.54665 0.64083
v -0.170508 1.57405 0.619073
v -0.152817 1.55425 0.682139
v -0.129437 1.48085 0.701625
v -0.125821 1.51527 0.701626
v -0.132302 1.5898 0.51268
v -0.166941 1.58058 0.532966
v -0.159758 1.56974 0.580495
v -0.158537 1.53236 0.582529
v -0.165514 1.53525 0.503892
v -0.145958 1.56472 0.536848
v -0.158881 1.4566 0.655716
v -0.141356 1.51436 0.665146
v -0.148557 1.50866 0.623521
v -0.178237 1.47847 0.592788
v -0.086563 0.922919 0.257272
v -0.088882 0.917394 0.267722
v -0.082711 0.928291 0.247226
v -0.103858 0.992252 0.196723
v -0.08315 0.955272 0.205931
v -0.10414 0.893232 0.391333
v -0.086527 0.901244 0.299457
v -0.266136 1.37819 0.445421
v -0.312299 1.26289 0.458621
v -0.29731 1.29504 0.393803
v -0.237047 1.42221 0.541886
v -0.224626 1.44642 0.491963
v -0.29635 1.22196 0.518915
v -0.301907 1.17988 0.497725
v -0.299558 1.13934 0.475857
v -0.313574 1.17653 0.412298
v -0.282576 1.08587 0.403957
v -0.229198 1.01322 0.396077
v -0.202443 0.987933 0.376274
v -0.243819 1.4164 0.393178
v -0.194476 1.49249 0.492235
v -0.26301 1.07578 0.519069
v -0.207047 0.990303 0.448031
v -0.239849 1.27099 0.611829
v -0.181618 1.40039 0.643441
v -0.273107 1.24604 0.285033
v -0.229515 1.12836 0.245033
v -0.182362 1.05985 0.23682
v -0.252804 1.28648 0.584382
v -0.299916 1.20898 0.346107
v -0.202277 1.03552 0.280428
v -3.3e-05 1.31967 0.783797
v -0.034872 1.27083 0.780329
v -0.07472 1.22146 0.768595
v -0.122128 1.33039 0.750835
v -0.134572 1.28628 0.748716
v -0.163042 1.33474 0.705057
v -0.195874 1.2484 0.697309
v 0.162999 1.33474 0.70505
v 0.161924 1.29119 0.723727
v 0.195846 1.2484 0.697297
v 0.061502 1.31793 0.766156
v 0.074709 1.22145 0.768565
v -2.5e-05 0.898158 0.5649
v -0.032209 0.882199 0.522612
v -0.072081 0.902102 0.55576
v -7e-06 0.943715 0.64133
v -0.08407 0.948255 0.62894
v -3.7e-05 1.01247 0.710374
v -0.088991 1.01617 0.694562
v -3.8e-05 1.10926 0.765126
v -0.085565 1.11232 0.746578
v -1.6e-05 1.40783 0.770396
v -1.5e-05 1.36397 0.776799
v 0.085529 1.11227 0.746559
v -0.103733 0.879321 0.457395
v -0.162867 0.964085 0.603773
v -0.169129 1.12841 0.718026
v -0.174062 1.07733 0.694042
v 0.109468 1.37272 0.750871
v 0.095673 1.41725 0.750519
v -0.165906 0.924261 0.519443
v -0.163528 0.913251 0.47265
v -0.138329 0.895383 0.435144
v -0.214315 0.986249 0.569972
v -0.229018 1.05389 0.626801
v -0.224113 1.14486 0.67256
v 0.183799 0.934421 0.505759
v 0.147279 0.903412 0.485014
v 0.139104 0.914405 0.534684
v 0.103689 0.879299 0.4574
v 0.214266 0.986237 0.569971
v 0.181587 0.948312 0.552874
v 0.228973 1.05389 0.6268
v 0.202597 1.00693 0.616797
v 0.208389 1.08705 0.670543
v -0.130229 1.41555 0.710673
v -0.146714 1.37468 0.707446
v -0.095714 1.41722 0.750549
v 0.094317 0.888915 0.509286
v 0.053776 0.870277 0.473689
v 0.124613 0.954907 0.617867
v 0.132499 1.02335 0.682251
v 0.021417 0.856132 0.427003
v 0.062487 0.86132 0.417842
v 0.098007 0.871802 0.401312
v 0.077174 0.862191 0.365192
v 0.089808 0.869678 0.366185
v -0.098015 0.871814 0.401325
v -0.089815 0.869682 0.366193
v -0.06252 0.861344 0.41782
v -0.021436 0.856146 0.427016
v 0.021841 1.4469 0.757931
v -1.8e-05 1.48741 0.764397
v 0.057678 1.45144 0.751043
v 0.067346 1.49738 0.752991
v 0.101723 1.46107 0.735822
v -0.102262 1.48111 0.723707
v -0.080523 1.46302 0.752205
v -0.067403 1.49737 0.752995
v -0.032553 1.47595 0.747155
v -0.014104 1.44546 0.732639
v -1.7e-05 1.40344 0.743643
v -0.084417 1.41263 0.725924
v 0.131212 1.41326 0.69509
v 0.084367 1.41263 0.725956
v 0.069872 1.46188 0.727273
v 0.033493 1.44267 0.724202
v -0.024336 0.868564 0.355886
v -0.018593 0.882581 0.418113
v -0.036925 0.884316 0.415129
v -0.04874 0.89705 0.466264
v 3e-06 0.894188 0.471904
v -0.047442 0.873316 0.347959
v 0.086038 0.874356 0.355164
v 0.047427 0.873272 0.347979
v 0.135159 0.918702 0.426553
v 0.112932 0.912007 0.441003
v 0.024347 0.868515 0.355902
v 0.054513 0.887127 0.410277
v -0.067413 1.22332 0.742556
v -0.035843 1.17079 0.747267
v -0.022747 1.35642 0.743466
v -0.055126 1.31424 0.740693
v 0.078045 1.12208 0.721899
v 0.080941 1.07535 0.700762
v 0.040624 1.03173 0.684471
v 0.036413 0.945158 0.586991
v 0.06627 0.927753 0.544633
v -0.13379 1.23765 0.720664
v -0.110873 1.17896 0.724699
v 0.156904 1.01409 0.620231
v 0.112659 0.920097 0.491182
v 0.22857 1.1513 0.655588
v 0.133774 1.23764 0.720666
v 0.160392 1.24261 0.697861
v 0.148562 1.37343 0.691153
v 0.114925 1.36814 0.709353
v -0.160481 1.04843 0.647975
v -0.140344 0.960152 0.557967
v 0.067401 1.22335 0.742566
v -0.081808 1.03412 0.674446
v -0.072649 0.947846 0.579924
v 0.258779 1.43426 0.549773
v 0.274955 1.37309 0.55657
v 0.286658 1.30978 0.566601
v 0.221869 1.35905 0.650101
v 0.241111 1.31498 0.640244
v 0.21855 1.24222 0.664631
v 0.18868 1.50874 0.405863
v 0.227 1.47809 0.391904
v 0.265204 1.43139 0.385673
v 0.239421 1.48101 0.469808
v 0.260431 1.44845 0.442763
v 0.26034 1.02294 0.333295
v 0.22831 0.980778 0.345949
v 0.18938 0.942171 0.350169
v 0.311466 1.0886 0.365801
v 0.298837 1.05446 0.434193
v 0.341136 1.17037 0.40854
v 0.339452 1.26538 0.45981
v 0.322329 1.22144 0.527006
v 0.207315 1.50655 0.586875
v 0.325237 1.31272 0.485123
v 0.240004 0.98165 0.4224
v 0.17058 0.922441 0.393258
v 0.264942 1.00951 0.445643
v 0.302862 1.07481 0.491769
v 0.294851 1.09972 0.551027
v 0.290996 1.18539 0.596563
v 0.296744 1.14128 0.574713
v 0.192059 1.53525 0.520981
v 0.310563 1.32242 0.355155
v 0.20837 0.960071 0.474434
v 0.249399 1.01667 0.529624
v 0.250422 1.07699 0.598785
v 0.245775 1.15751 0.640085
v 0.250635 1.36433 0.27847
v 0.191752 1.10779 0.185381
v 0.184217 1.05988 0.198927
v 0.170136 1.01022 0.218229
v 0.231029 1.18747 0.196785
v 0.27056 1.15856 0.235889
v 0.253339 1.2745 0.226782
v 0.264738 1.21826 0.225374
v 0.276183 1.31085 0.266874
v 0.142416 1.4254 0.694839
v 0.162374 1.37228 0.686275
v 0.179453 1.46351 0.672077
v 0.189092 0.987437 0.259435
v 0.298659 1.12236 0.297664
v 0.313431 1.22719 0.302207
v 0.156286 0.933103 0.28892
v 0.121717 0.909175 0.276829
v 0.117235 0.923908 0.248433
v 0.105261 0.938042 0.222199
v 0.135323 0.969839 0.219599
v 0.095034 0.957934 0.203316
v 0.105382 0.88192 0.332352
v 0.135558 0.898946 0.359693
v 0.1173 0.894894 0.305493
v 0.120439 0.901928 0.291297
v 0.186372 1.54521 0.605429
v 0.159776 1.5697 0.58056
v 0.166982 1.5805 0.53302
v 0.154925 1.60074 0.557889
v 0.125838 1.51525 0.701672
v 0.138105 1.53656 0.697107
v 0.152827 1.55424 0.68217
v 0.158087 1.54664 0.640878
v 0.156696 1.52166 0.608576
v 0.178267 1.47837 0.592881
v 0.158882 1.45656 0.655769
v 0.141363 1.51431 0.665194
v 0.136842 1.54716 0.455862
v 0.122255 1.55626 0.492592
v 0.165581 1.53519 0.503953
v 0.145999 1.56467 0.536907
v 0.152402 1.53441 0.561925
v 0.08654 0.901266 0.299483
v 0.088882 0.906558 0.28891
v 0.089878 0.911947 0.2783
v 0.082686 0.896231 0.309699
v 0.104144 0.893245 0.391356
v 0.083264 0.878692 0.355854
v 0.083147 0.955262 0.20593
v 0.103867 0.992253 0.196714
v 0.086564 0.922924 0.257277
v 0.082712 0.928294 0.247229
v 0.263841 1.30452 0.555169
v 0.293303 1.28568 0.509443
v 0.296337 1.2219 0.51894
v 0.204439 1.43837 0.576867
v 0.237002 1.42203 0.541863
v 0.297289 1.29503 0.393821
v 0.30904 1.1926 0.379441
v 0.2903 1.16868 0.326439
v 0.253439 1.09815 0.298221
v 0.2023 1.03555 0.280462
v 0.23984 1.27093 0.611847
v 0.270872 1.24601 0.56918
v 0.181591 1.4003 0.643514
v 0.275785 1.28984 0.307508
v 0.249081 1.16427 0.253812
v 0.206878 1.09377 0.23951
v 0.21735 1.1951 0.65603
v 0.168251 1.31917 0.678762
v 0.243854 1.41636 0.393207
v 0.150043 1.51407 0.435569
v 0.263001 1.07575 0.519096
v 0.229558 1.01615 0.472651
v 0.157263 0.933908 0.468094
v 0.182597 0.967203 0.422314
v 0.266136 1.37813 0.445448
v 0.284094 1.33776 0.419771
v 0.29025 1.1025 0.454779
v 0.253692 1.04065 0.415583
v 0.242751 1.34285 0.569855
v 2.5e-05 1.55598 0.325813
v 0.033693 1.52424 0.289093
v 0.072278 1.48652 0.254574
v 0.116778 1.54376 0.357795
v 0.128289 1.51561 0.319773
v 0.168558 1.49025 0.354146
v 0.182778 1.459 0.315711
v -0.154905 1.51723 0.390083
v -0.153062 1.50349 0.33856
v -0.182731 1.45896 0.315707
v -0.072235 1.48644 0.254632
v 2.2e-05 1.13565 0.10286
v 0.030091 1.09408 0.116814
v 1.4e-05 1.05151 0.130008
v 2.9e-05 1.2214 0.09207
v 0.036447 1.17582 0.09797
v 3.3e-05 1.31495 0.110224
v 9e-06 1.41471 0.163496
v 0.04199 1.3608 0.136224
v 1.5e-05 1.60293 0.403941
v -0.08147 1.40348 0.174832
v 0.08805 1.08928 0.131762
v 0.113766 1.21356 0.114843
v 0.121856 1.30496 0.134506
v 0.154822 1.25711 0.138357
v 0.158985 1.39686 0.201904
v 0.160751 1.35004 0.173008
v -0.078838 1.56826 0.382394
v -0.158916 1.39679 0.20189
v 0.154054 1.12098 0.153946
v 0.154319 1.0764 0.17365
v 0.132271 1.0342 0.180378
v 0.196797 1.2019 0.171774
v 0.208369 1.29029 0.194426
v 0.204683 1.37886 0.243806
v -0.115844 1.58422 0.441781
v -0.17183 1.11649 0.170033
v -0.138051 1.08038 0.159089
v -0.128489 1.12608 0.136545
v -0.098255 1.04239 0.154767
v -0.196756 1.20187 0.17175
v -0.16705 1.16297 0.151367
v -0.208326 1.29027 0.19443
v -0.184343 1.25173 0.160366
v -0.190197 1.34242 0.195654
v 0.129373 1.56688 0.452802
v 0.142459 1.54221 0.423119
v 0.195398 1.42125 0.277802
v -0.059558 1.09206 0.122538
v -0.113711 1.21357 0.114815
v -0.121812 1.30495 0.134506
v -0.122712 1.35267 0.156261
v 0.06893 1.59286 0.418419
v 5e-06 0.964209 0.168502
v -0.032038 0.962452 0.172606
v -0.061888 0.957703 0.183603
v -0.078662 0.995358 0.169351
v -0.087783 0.961156 0.19693
v 0.061895 0.957694 0.183623
v 0.078687 0.99541 0.169361
v 0.08779 0.961175 0.196941
v 0.032053 0.962448 0.17261
v -0.021417 1.61688 0.442801
v 2.1e-05 1.64518 0.470404
v -0.079443 1.62597 0.461899
v 0.102008 1.61144 0.491829
v 0.088664 1.63094 0.491855
v 0.066599 1.64695 0.487565
v 0.05682 1.61737 0.452612
v 0.014368 1.59626 0.457534
v 1e-05 1.57948 0.417545
v 0.083496 1.57575 0.440279
v 0.08382 1.59264 0.478208
v -0.130588 1.55326 0.460398
v -0.058299 1.65242 0.50459
v -0.083449 1.57588 0.440302
v -0.069333 1.60524 0.475835
v -0.033576 1.58949 0.46116
v 0.023739 0.95133 0.201365
v 0.01191 0.952272 0.19922
v -7e-06 0.952698 0.198311
v 0.109326 0.989619 0.201849
v 0.084235 0.954675 0.206949
v -0.109315 0.989586 0.201833
v -0.023736 0.951332 0.201364
v -0.03514 0.949806 0.204897
v 0.064945 1.46742 0.272185
v 0.031673 1.47422 0.265176
v 0.034502 1.43829 0.226086
v 1.2e-05 1.40153 0.187422
v 0.073618 1.39042 0.197907
v 0.022164 1.55044 0.381287
v 7e-06 1.53449 0.339934
v -0.073607 1.39043 0.197911
v -0.075061 1.34632 0.169801
v -0.069816 1.21825 0.131788
v -0.053731 1.10075 0.149527
v 0.127226 1.46403 0.294126
v 0.105837 1.42839 0.242973
v 0.073273 1.54573 0.395575
v 0.080892 1.52171 0.358721
v -0.14382 1.38419 0.222145
v -0.140672 1.25513 0.163304
v -0.126871 1.17254 0.157358
v -0.104 1.09422 0.168563
v 0.150027 1.45357 0.311133
v 0.157378 1.50491 0.399637
v -0.20867 1.36995 0.258589
v -0.127165 1.46412 0.294147
v -0.149977 1.45362 0.311115
v -0.144224 1.52922 0.431801
v -0.111624 1.53822 0.417054
v -0.104698 1.52295 0.369454
v 0.144427 1.29772 0.175998
v 0.126893 1.17252 0.157381
v 0.103992 1.09418 0.168552
v -0.064904 1.46753 0.272198
v 0.074904 1.30164 0.149281
v 0.069852 1.2182 0.131782
v 0.065624 1.17836 0.133646
v 0.053779 1.10066 0.149462
v -0.058878 1.49715 0.31151
v -0.089104 1.49605 0.320933
v 0.115576 1.49556 0.332555
v 0.089165 1.49592 0.320914
v -0.16545 0.927937 0.326091
v -0.137018 0.916028 0.291001
v -0.133887 0.907791 0.306295
v -0.120237 0.893028 0.389782
v -0.108837 0.883555 0.357124
v -0.112109 0.955046 0.214301
v -0.107566 0.957678 0.209119
v -0.103247 0.963552 0.204019
v -0.129758 0.940601 0.243163
v -0.134582 0.932524 0.258731
v -0.131895 1.53833 0.465252
v -0.125639 1.41446 0.681412
v -0.121425 1.43038 0.680333
v -0.114859 0.906801 0.275349
v -0.113999 0.911807 0.265659
v -0.113337 0.998788 0.195114
v -0.108046 0.997102 0.195755
v -0.106917 0.996638 0.195905
v -0.123679 1.038 0.199957
v -0.121202 1.03335 0.200175
v -0.094973 0.991318 0.207572
v -0.080155 0.938024 0.214195
v -0.074945 0.950232 0.218339
v -0.075725 0.958189 0.214133
v -0.072296 0.941309 0.226179
v -0.079028 0.937222 0.215775
v -0.08487 0.875283 0.336421
v -0.072954 0.886962 0.331254
v -0.077527 0.891145 0.319767
v -0.082235 0.884111 0.319337
v -0.075064 0.885726 0.344989
v -0.111444 0.89364 0.393096
v -0.114283 0.893843 0.393863
v -0.11008 0.891301 0.388621
v -0.094949 0.901138 0.383995
v -0.098284 0.903684 0.389793
v -0.123289 0.92229 0.425797
v -0.12601 0.92515 0.430111
v -0.109062 0.891813 0.304673
v -0.184402 0.977649 0.348523
v -0.176303 0.96343 0.385136
v -0.140271 1.52575 0.450833
v -0.202371 1.22445 0.648025
v -0.223078 1.25153 0.628847
v -0.16052 1.33189 0.673794
v -0.158617 1.3363 0.674564
v -0.155237 1.34381 0.675437
v -0.127057 1.4108 0.680998
v -0.132481 1.39735 0.680071
v -0.181574 1.40044 0.643468
v -0.12953 1.04881 0.199533
v -0.140089 1.0523 0.206429
v -0.187119 1.41056 0.622331
v -0.188786 1.39211 0.635359
v -0.171476 1.03439 0.246075
v -0.180454 1.45078 0.602097
v -0.207128 1.41368 0.584893
v -0.22182 1.39179 0.576581
v -0.17993 0.997349 0.295011
v -0.227318 1.37755 0.575442
v -0.226132 1.33173 0.605306
v -0.24399 1.29337 0.595391
v -0.229157 1.35293 0.587321
v -7e-06 0.850781 0.399436
v 7e-06 0.850782 0.399438
v 0.006878 0.851015 0.398818
v 0.018137 0.851429 0.397821
v 0.036383 0.853504 0.397045
v 0.031164 0.852936 0.397322
v 0.063293 0.857519 0.376683
v 0.075112 0.864246 0.41289
v 0.079373 0.86468 0.405552
v 0.062769 0.85999 0.403444
v 0.050421 0.854544 0.382639
v 0.081454 0.866285 0.413982
v 0.081937 0.866341 0.413492
v 0.08267 0.866407 0.41263
v 0.060011 0.863865 0.433713
v 0.083448 0.866432 0.409327
v 0.085389 0.867205 0.408885
v 0.069883 0.860058 0.38352
v 0.090855 0.869949 0.370671
v -0.077197 0.86221 0.365231
v -0.078381 0.863172 0.377507
v -0.065533 0.858051 0.375704
v -0.082664 0.866417 0.412596
v -0.04773 0.854101 0.383103
v -0.05034 0.85937 0.421259
v -0.056943 0.858351 0.402629
v -0.033816 0.851564 0.3856
v -0.036408 0.853534 0.397056
v -0.081452 0.866304 0.414
v -0.081935 0.866351 0.413454
v -0.08114 0.866206 0.41396
v -0.08108 0.865642 0.410521
v -0.07526 0.864294 0.412809
v -0.067483 0.862342 0.414316
v -0.054662 0.855603 0.381216
v -0.031028 0.852947 0.397341
v -0.02591 0.854086 0.409273
v -0.119425 1.40896 0.688435
v -0.117428 1.41316 0.689245
v 0.119373 1.40899 0.688451
v -0.026974 0.872573 0.371285
v -0.026758 0.872507 0.371124
v -0.049201 0.876769 0.363453
v -0.053372 0.878322 0.364948
v -0.052921 0.877492 0.361272
v -0.116076 0.893583 0.392705
v -0.113713 0.894607 0.390698
v 0.111292 0.891403 0.386399
v 0.116046 0.893552 0.392656
v 0.113832 0.894514 0.390781
v 0.114262 0.894373 0.391169
v 0.053055 0.878029 0.364171
v 0.049966 0.876821 0.362759
v -0.124869 1.39513 0.686796
v -0.118505 1.40458 0.690336
v 0.118435 1.4045 0.6904
v 0.133774 0.937751 0.250599
v 0.122254 0.948094 0.228144
v 0.122154 0.99251 0.197499
v 0.107671 0.957792 0.209097
v 0.118116 0.888978 0.353009
v 0.128244 0.894579 0.369978
v 0.129267 0.900174 0.321972
v 0.147028 0.908589 0.346895
v 0.160758 0.928437 0.310443
v 0.167823 1.46582 0.612077
v 0.121362 1.43054 0.680331
v 0.131905 1.53837 0.465353
v 0.113427 0.906171 0.27531
v 0.109036 0.892735 0.301956
v 0.107219 0.89049 0.306397
v 0.10367 0.886364 0.314414
v 0.084607 0.886078 0.314981
v 0.079612 0.893377 0.315595
v 0.110312 0.891242 0.388541
v 0.110169 0.890946 0.387921
v 0.111658 0.8936 0.39305
v 0.122955 0.921801 0.425213
v 0.126072 0.92509 0.430163
v 0.098291 0.903655 0.389798
v 0.094901 0.901068 0.383905
v 0.080171 0.875084 0.336346
v 0.072389 0.886553 0.332577
v 0.084911 0.937685 0.214523
v 0.077638 0.93346 0.237157
v 0.075559 0.955505 0.215384
v 0.106931 0.996602 0.195899
v 0.108069 0.997068 0.195747
v 0.105706 0.991213 0.196704
v 0.113411 0.998772 0.195098
v 0.094951 0.991246 0.207567
v 0.123806 1.03826 0.199965
v 0.125761 1.04195 0.199794
v 0.089908 0.920271 0.248385
v 0.085374 0.925738 0.237851
v 0.112169 0.913071 0.261899
v 0.112596 0.910767 0.266376
v 0.223175 1.38686 0.57692
v 0.180993 1.00213 0.290639
v 0.183351 1.01627 0.276332
v 0.193738 1.38624 0.62978
v 0.182845 1.39753 0.642887
v 0.170361 1.03372 0.2455
v 0.127031 1.41081 0.681014
v 0.132402 1.39749 0.680096
v 0.160794 1.33119 0.673684
v 0.129288 1.04839 0.199566
v 0.138984 1.0515 0.205954
v 0.171165 1.04698 0.235929
v 0.140446 1.52554 0.450648
v 0.18195 0.978036 0.338004
v -0.002023 1.00702 0.148499
v -0.027228 0.979365 0.163717
v -0.034976 0.979926 0.164596
v -0.067818 0.974434 0.176751
v -0.062419 1.00569 0.158822
v -0.08242 0.968852 0.186942
v 0.086663 0.993568 0.17435
v 0.076664 0.970784 0.183004
v 0.082447 0.968891 0.186953
v 0.095066 0.995881 0.177394
v 0.044578 0.977518 0.168049
v 0.02189 1.01452 0.146678
v 0.045573 1.56655 0.425939
v 0.111762 1.55145 0.457045
v -0.111915 1.55133 0.457121
v -0.044227 1.56746 0.427138
v 5e-06 0.959915 0.172258
v 0.001739 0.959653 0.172568
v 0.012009 0.959246 0.173408
v 0.015457 0.959119 0.173677
v 0.030332 0.957089 0.177144
v 0.034329 0.956239 0.178659
v 0.043972 0.945015 0.200452
v 0.041618 0.94858 0.207685
v 0.126581 1.03411 0.203862
v 0.125257 1.03142 0.204043
v 0.099204 0.989108 0.211628
v 0.078377 0.957024 0.216557
v 0.071143 0.952102 0.214801
v -0.069121 0.943124 0.204286
v -0.05856 0.946826 0.214283
v -0.112306 0.995014 0.199329
v -0.111912 0.994072 0.200305
v -0.108779 0.989611 0.199442
v -0.099264 0.989226 0.211625
v -0.126412 1.03368 0.203817
v -0.015453 0.959115 0.173685
v -0.011999 0.959243 0.173413
v 0.030523 1.55711 0.400081
v -0.024147 1.07329 0.154335
v 0.074165 1.45862 0.265599
v 0.133899 1.45187 0.286319
v 0.134539 1.4506 0.285422
v 0.133953 1.45476 0.290311
v 0.133827 1.45693 0.293238
v 0.11814 1.52402 0.39912
v -0.136261 1.44745 0.283393
v -0.133987 1.4547 0.290272
v -0.138761 1.51653 0.424096
v -0.053008 1.54444 0.389231
v -0.051194 1.55424 0.406032
v 0.082857 1.0802 0.165968
v 0.024053 1.07196 0.15474
v -0.158398 1.48149 0.377273
v -0.155306 1.48896 0.386421
v -0.147093 1.46028 0.319083
v -0.112119 1.50896 0.353982
v -0.111544 1.51177 0.358774
v -0.110052 1.51652 0.36591
v 0.112016 1.509 0.353997
v 0.11142 1.5119 0.358939
v 0.109937 1.5166 0.365998
v 0.113442 1.50597 0.350311
v 0.043089 1.51438 0.33141
v -0.10324 0.917758 0.281225
v -0.099767 0.905697 0.305147
v -0.151047 0.937047 0.389235
v -0.099527 0.929937 0.257402
v 0.151009 1.01664 0.23345
v 0.02683 0.964047 0.192154
v -0.086874 1.04523 0.176524
v 0.089967 0.894492 0.327794
v -0.200238 1.36198 0.637745
v -0.176477 0.963088 0.396929
v -0.135466 1.05231 0.202437
v 0.135037 1.05148 0.202563
v 0.075493 0.954937 0.215703
v -0.075493 0.954937 0.215699
v -0.229158 1.35293 0.58732
v -0.116026 1.50862 0.355264
v 0.116046 1.50865 0.355324
v 0.139624 1.53538 0.471349
v -0.040629 1.01468 0.161253
v -7e-06 0.856974 0.430434
v 0.076468 0.873007 0.402561
v 0.153585 0.964221 0.258285
v -0.07526 0.864294 0.41281
v -0.058169 1.00969 0.155931
v -0.11371 0.998633 0.195105
v -0.108348 0.888289 0.382253
v -0.104379 0.983923 0.198061
v 0.116649 0.893277 0.393149
v 0.1137 0.998652 0.195091
v 0.165255 0.927792 0.326113
v 0.108763 0.888491 0.382731
v 0.104452 0.984061 0.198021
v 0.020486 0.7385 0.313314
v 0.024472 0.716624 0.344968
v -2.7e-05 0.697321 0.385408
v 0.046424 0.687712 0.432564
v 0.060606 0.65704 0.518357
v 0.064667 0.631374 0.585724
v -0.00297 0.446068 0.903105
v 0.047207 0.452053 0.913248
v 0.030064 0.375101 1.00319
v -7.8e-05 0.593231 0.649557
v 0.06384 0.587548 0.692795
v 0.061517 0.553399 0.763706
v 0.193993 0.565187 0.932232
v 0.17845 0.569995 0.877115
v 0.204725 0.576236 0.904564
v 0.182189 0.520992 0.957341
v 0.133071 0.515022 0.906865
v 0.056921 0.514419 0.829434
v 0.069302 0.757852 0.337686
v 0.047824 0.731473 0.336617
v 0.110284 0.76575 0.383662
v 0.084391 0.738805 0.366009
v 0.146627 0.765204 0.448084
v 0.119632 0.73882 0.415758
v 0.17795 0.752421 0.532719
v 0.151776 0.730698 0.485345
v 0.197223 0.728164 0.622941
v 0.175826 0.712259 0.570009
v 0.197987 0.695132 0.701127
v 0.182998 0.687022 0.647612
v 0.212259 0.654566 0.786774
v 0.216102 0.663848 0.752401
v 0.236369 0.675198 0.776594
v 0.230834 0.689233 0.754783
v 0.208316 0.611975 0.862916
v 0.188634 0.612956 0.806092
v 0.217385 0.620248 0.832916
v 0.237306 0.644786 0.837902
v 0.224247 0.586661 0.929984
v 0.224318 0.602246 0.91307
v 0.169198 0.505639 0.980885
v 0.202973 0.525019 0.986558
v 0.14719 0.446263 1.02832
v 0.10838 0.386766 1.0686
v 0.109685 0.415984 1.019
v 0.144298 0.393748 1.08421
v 0.15147 0.416146 1.07191
v 0.071162 0.326202 1.10196
v 0.089239 0.342438 1.08762
v 0.110717 0.346565 1.11456
v 0.009071 0.285628 1.10826
v -0.008316 0.312243 1.07476
v 0.035685 0.292601 1.10321
v 0.033705 0.253489 1.14782
v 0.052472 0.276719 1.14199
v 0.083988 0.726209 0.389234
v 0.153639 0.683906 0.589391
v 0.086169 0.461201 0.933885
v 0.06668 0.412913 0.983134
v -0.025271 0.732528 0.324417
v -0.024472 0.716624 0.344968
v -0.027992 0.708922 0.365399
v -0.05404 0.451366 0.91246
v -0.044973 0.402636 0.971467
v -0.062239 0.554107 0.761457
v -0.19524 0.565934 0.916332
v -0.201956 0.579863 0.885287
v -0.174013 0.5752 0.858476
v -0.191439 0.516066 0.955997
v -0.165574 0.51802 0.925393
v -0.058861 0.515217 0.825661
v -0.069302 0.757851 0.337686
v -0.059086 0.759539 0.314439
v -0.110284 0.76575 0.383662
v -0.145662 0.765699 0.44651
v -0.173401 0.755539 0.52313
v -0.191338 0.731434 0.611498
v -0.192417 0.699808 0.690361
v -0.212763 0.73083 0.658362
v -0.196669 0.663359 0.771041
v -0.203432 0.670036 0.740574
v -0.217665 0.695554 0.743229
v -0.201685 0.620091 0.844601
v -0.205961 0.63032 0.812795
v -0.176686 0.621645 0.789095
v -0.223908 0.655957 0.816207
v -0.204617 0.606769 0.869485
v -0.220964 0.606291 0.893275
v -0.179835 0.500679 0.98454
v -0.214258 0.539176 0.971881
v -0.158047 0.442706 1.03798
v -0.173477 0.458773 1.01336
v -0.194505 0.479541 1.0305
v -0.125869 0.384892 1.075
v -0.145318 0.377762 1.10046
v -0.164567 0.413788 1.08062
v -0.085079 0.323939 1.11271
v -0.103945 0.338904 1.09709
v -0.098424 0.312056 1.13816
v -0.121697 0.341758 1.1255
v -0.03912 0.263986 1.14351
v -0.074244 0.283685 1.14827
v -0.044555 0.721956 0.3504
v -0.083998 0.726207 0.389249
v -0.113061 0.719924 0.442111
v -0.13613 0.706828 0.50795
v -0.149301 0.685906 0.582561
v -0.15272 0.659479 0.6568
v -0.07272 0.70834 0.411584
v -0.117053 0.439299 0.982235
v -0.116274 0.623601 0.674107
v -0.148498 0.588753 0.802029
v -0.117019 0.645648 0.838134
v -0.035684 0.611553 0.843884
v -0.036836 0.659521 0.777536
v -0.155758 0.684592 0.781781
v -0.076801 0.711095 0.717675
v -0.075125 0.731418 0.680389
v -0.041516 0.423636 1.04811
v -0.050866 0.456303 1.0259
v -0.106702 0.539507 0.972077
v -0.108314 0.568462 0.938622
v -0.021582 0.378997 1.07231
v -0.031784 0.511466 0.962296
v -0.010804 0.337235 1.09942
v -0.101767 0.448544 1.0576
v -0.145467 0.526569 0.993692
v -0.072994 0.749294 0.642941
v -0.070056 0.764316 0.604704
v -0.066081 0.776116 0.566266
v -0.046332 0.790276 0.461081
v -0.064135 0.797856 0.432631
v -0.029003 0.785869 0.405021
v -0.017871 0.779832 0.362272
v -0.00686 0.774581 0.379022
v -0.15466 0.758761 0.631725
v -0.142563 0.786099 0.541382
v -0.118197 0.800301 0.501661
v -0.11651 0.797424 0.461792
v -0.084857 0.795245 0.397891
v -0.013781 0.768897 0.330846
v -0.050606 0.277161 1.16613
v -0.102791 0.334667 1.14992
v -0.090076 0.36369 1.12372
v -0.152154 0.407345 1.10892
v -0.181896 0.475916 1.06214
v -0.155601 0.49253 1.04345
v -0.203334 0.537105 1.00286
v -0.192569 0.713812 0.728922
v -0.171641 0.77875 0.598709
v -0.098874 0.795028 0.35967
v -0.050341 0.778902 0.31765
v 0.124358 0.639787 0.851852
v 0.079113 0.639359 0.831488
v 0.123994 0.687161 0.774534
v 0.078818 0.687137 0.757286
v 0.119238 0.731944 0.697202
v 0.034858 0.724045 0.67031
v 0.029838 0.425072 1.04692
v 0.038597 0.458403 1.02408
v 0.047301 0.488468 1.00208
v 0.096453 0.542449 0.972346
v 0.065966 0.567644 0.92649
v 0.113653 0.475 1.0352
v 0.108779 0.779526 0.583309
v 0.068437 0.775231 0.569776
v 0.088552 0.796018 0.501182
v 0.064206 0.797862 0.432681
v 0.039078 0.78999 0.38274
v 0.020755 0.781925 0.382136
v 0.030154 0.766526 0.558537
v 0.147531 0.783345 0.550791
v 0.117736 0.796847 0.463854
v 0.08486 0.795247 0.397901
v 0.050032 0.784818 0.352505
v 0.021453 0.260188 1.16709
v 0.020782 0.315072 1.1297
v 0.091962 0.382087 1.10069
v 0.135287 0.449799 1.05809
v 0.170147 0.4769 1.05119
v 0.143255 0.495155 1.03494
v 0.19792 0.619776 0.901137
v 0.210622 0.662572 0.825669
v 0.200624 0.654536 0.854155
v 0.201771 0.707963 0.740747
v 0.183644 0.74296 0.689655
v 0.111296 0.795913 0.399798
v 0.050349 0.778905 0.317656
v 0.036619 0.78323 0.332173
v 0.017713 0.761091 0.316855
v 0.10735 0.776298 0.241424
v 0.211205 0.80884 0.199644
v 0.301591 0.818258 0.183582
v 0.30783 0.783887 0.233432
v 0.37344 0.820828 0.175927
v 0.75263 0.77013 0.170478
v 0.787381 0.790458 0.122809
v 0.864958 0.767124 0.106914
v 0.495357 0.784998 0.222406
v 0.612007 0.783574 0.205627
v 0.691218 0.955602 0.050697
v 0.639099 0.93129 0.069398
v 0.741184 0.930909 0.041007
v 0.702596 0.882131 0.082738
v 0.683429 0.811167 0.143671
v 0.653239 0.854858 0.113441
v 0.107 0.832394 0.194245
v 0.105939 0.809529 0.204779
v 0.129077 0.877697 0.169359
v 0.126185 0.842413 0.17945
v 0.103641 0.873421 0.170824
v 0.187149 0.920238 0.139696
v 0.168527 0.876255 0.153274
v 0.257115 0.948219 0.119774
v 0.228389 0.904663 0.129884
v 0.342907 0.969271 0.097707
v 0.302507 0.925676 0.110023
v 0.433217 0.976084 0.085502
v 0.398044 0.966755 0.081816
v 0.408913 0.998165 0.072832
v 0.383448 0.998807 0.082802
v 0.518534 0.981069 0.073331
v 0.471627 0.943585 0.086556
v 0.47682 1.00536 0.06796
v 0.598984 0.973584 0.062577
v 0.568592 0.970879 0.060356
v 0.580597 0.996471 0.049623
v 0.560642 0.99957 0.057251
v 0.654773 0.984386 0.045139
v 0.771187 0.926232 0.042413
v 0.741542 0.957059 0.035593
v 0.840192 0.887986 0.041272
v 0.792573 0.880764 0.054648
v 0.815687 0.92261 0.030586
v 0.909429 0.842727 0.040071
v 0.859555 0.842911 0.053719
v 0.917351 0.865173 0.020547
v 0.871573 0.874707 0.037536
v 0.899552 0.877311 0.025249
v 0.9634 0.788291 0.053976
v 0.913713 0.799208 0.060054
v 0.980856 0.807988 0.031651
v 0.965012 0.823645 0.029588
v 0.994758 0.731795 0.08273
v 0.961408 0.727314 0.109887
v 0.979887 0.748384 0.066848
v 1.02014 0.746767 0.054274
v 1.00494 0.763762 0.050927
v 0.200009 0.86676 0.154043
v 0.378133 0.902671 0.112702
v 0.158221 0.82036 0.191116
v 0.807827 0.844668 0.071772
v 0.584249 0.903827 0.094226
v 0.104439 0.7726 0.269064
v 0.128147 0.76923 0.263509
v 0.172475 0.769521 0.270715
v 0.79787 0.749919 0.20133
v 0.872841 0.735195 0.167609
v 0.507157 0.765379 0.283954
v 0.585844 0.766288 0.271273
v 0.7361 0.781594 0.398846
v 0.682799 0.773976 0.386279
v 0.781802 0.767901 0.369894
v 0.700425 0.76638 0.341056
v 0.112285 0.776105 0.318574
v 0.086219 0.775852 0.296619
v 0.155739 0.780162 0.365394
v 0.216751 0.788225 0.401171
v 0.294526 0.793936 0.433484
v 0.383922 0.797041 0.452739
v 0.35398 0.785554 0.447158
v 0.479889 0.795317 0.452965
v 0.447151 0.785633 0.453354
v 0.434804 0.801406 0.476298
v 0.566891 0.794706 0.445711
v 0.537445 0.785352 0.451919
v 0.649881 0.79018 0.430161
v 0.62021 0.783388 0.437615
v 0.600156 0.777121 0.410436
v 0.616562 0.797974 0.464156
v 0.706059 0.79077 0.436217
v 0.80814 0.770481 0.356037
v 0.786289 0.780124 0.394717
v 0.885326 0.751329 0.31272
v 0.855998 0.751106 0.329199
v 0.861905 0.764422 0.354283
v 0.941041 0.737118 0.254086
v 0.917611 0.734112 0.273054
v 0.887203 0.73676 0.260661
v 0.933022 0.745377 0.297995
v 0.991148 0.716194 0.189795
v 1.02447 0.706621 0.195234
v 1.00624 0.718101 0.230803
v 1.00829 0.7115 0.113109
v 1.0009 0.705701 0.141505
v 1.04827 0.699669 0.110184
v 1.03751 0.705299 0.153471
v 0.152266 0.766405 0.31085
v 0.22686 0.766924 0.355895
v 0.326588 0.762418 0.342326
v 0.781904 0.751437 0.257053
v 0.629826 0.840119 0.372509
v 0.670341 0.834546 0.358705
v 0.638464 0.852043 0.284001
v 0.486483 0.864458 0.357694
v 0.44342 0.867321 0.359627
v 0.472842 0.871727 0.315398
v 0.89721 0.790499 0.195628
v 0.830538 0.811736 0.240398
v 0.797411 0.819181 0.260126
v 0.782526 0.816593 0.308452
v 0.931302 0.774641 0.158004
v 0.748007 0.832193 0.242882
v 0.97665 0.756146 0.12254
v 0.936193 0.77302 0.238954
v 0.400695 0.868985 0.359274
v 0.370979 0.858812 0.396358
v 0.328727 0.858784 0.390762
v 0.279977 0.862155 0.346958
v 0.287466 0.854255 0.384195
v 0.214969 0.841685 0.359922
v 0.161716 0.831298 0.304463
v 0.348238 0.873754 0.316351
v 0.184524 0.839707 0.289721
v 0.117277 0.818349 0.273956
v 0.254268 0.840099 0.40106
v 0.158585 0.813613 0.358205
v 0.136931 0.816669 0.332502
v 0.116817 0.805796 0.316949
v 1.06222 0.717095 0.127672
v 1.03059 0.728308 0.213855
v 0.955406 0.761004 0.286283
v 0.841127 0.787692 0.345698
v 0.68569 0.810778 0.425364
v 0.595071 0.819039 0.450313
v 0.555309 0.819649 0.477528
v 0.537609 0.834661 0.45408
v 0.415292 0.824364 0.46147
v 0.083141 0.788292 0.297465
v 0.691736 0.837173 0.309483
v 0.599261 0.950491 0.150861
v 0.592705 0.923763 0.189722
v 0.589024 0.893625 0.227326
v 0.525496 0.98673 0.118155
v 0.4716 0.965722 0.177987
v 0.463088 0.905587 0.250748
v 0.438162 0.990759 0.131949
v 0.886888 0.823626 0.126169
v 0.851489 0.842627 0.132992
v 0.816637 0.859783 0.13881
v 0.75663 0.907748 0.120077
v 0.909523 0.847901 0.075922
v 0.876885 0.868891 0.085005
v 0.733035 0.938542 0.095054
v 0.384803 0.965872 0.191457
v 0.261881 0.943317 0.204184
v 0.200275 0.891891 0.238305
v 0.146024 0.879418 0.227063
v 0.115444 0.839533 0.247675
v 0.265522 0.889642 0.259549
v 0.348779 0.983807 0.147193
v 0.261525 0.962374 0.164761
v 0.226483 0.948265 0.184804
v 1.03332 0.758177 0.066363
v 0.996553 0.768945 0.089036
v 0.803983 0.928043 0.054138
v 0.825824 0.918675 0.063042
v 0.638836 0.984271 0.072178
v 0.548792 0.999969 0.08538
v 0.462467 1.006 0.097443
v 0.255026 0.967744 0.145167
v 0.101225 0.88556 0.186707
v -0.000668 0.838798 0.109587
v -0.026037 0.84193 0.121426
v -0.024313 0.852665 0.098643
v -0.001301 0.87771 0.061671
v -0.047876 0.914298 0.030418
v -0.001847 0.907215 0.024448
v -0.063475 0.968133 -0.040834
v -0.067326 1.00731 -0.099777
v -0.000745 1.1738 -0.434617
v -0.04013 1.20511 -0.509923
v -0.034723 1.21776 -0.553949
v -0.067112 1.04826 -0.16455
v -0.001565 1.03696 -0.168292
v -0.064932 1.08914 -0.231301
v -0.000926 1.07786 -0.234099
v -0.000613 1.11596 -0.301448
v -0.190868 1.24484 -0.338396
v -0.172708 1.20024 -0.301118
v -0.184106 1.24835 -0.391168
v -0.141576 1.19158 -0.334689
v -0.000705 1.14781 -0.368443
v -0.106007 1.16608 -0.332758
v -0.07093 0.867184 0.135409
v -0.060102 0.847479 0.14998
v -0.113166 0.910284 0.115771
v -0.083685 0.881563 0.104265
v -0.110815 0.889004 0.13949
v -0.149853 0.963198 0.079174
v -0.119143 0.922531 0.077204
v -0.177831 1.02083 0.02912
v -0.150693 0.97232 0.035638
v -0.191702 1.00577 0.061788
v -0.190264 1.07626 -0.031624
v -0.172331 1.02543 -0.018148
v -0.183898 1.12173 -0.099796
v -0.177546 1.07381 -0.080661
v -0.192913 1.17239 -0.177143
v -0.178455 1.12037 -0.148885
v -0.199588 1.14214 -0.117508
v -0.218194 1.16743 -0.130729
v -0.191273 1.2082 -0.2492
v -0.177853 1.16382 -0.222953
v -0.217117 1.20699 -0.205002
v -0.216379 1.24532 -0.292661
v -0.172247 1.26282 -0.41443
v -0.20196 1.27395 -0.402755
v -0.153025 1.27826 -0.501572
v -0.169185 1.27176 -0.442993
v -0.178954 1.28755 -0.462234
v -0.116513 1.2803 -0.572698
v -0.117505 1.25392 -0.530513
v -0.076326 1.27333 -0.641686
v -0.055017 1.25068 -0.620992
v -0.11017 1.29335 -0.628215
v -0.017956 1.25505 -0.679011
v -0.000735 1.24349 -0.643117
v -0.042685 1.26827 -0.706186
v -0.056989 1.26714 -0.662991
v -0.055597 1.27543 -0.693053
v -0.097382 1.19168 -0.402714
v 0.024605 0.841917 0.121333
v 0.022467 0.852657 0.09856
v 0.043971 0.914261 0.030289
v 0.058322 0.968051 -0.040993
v 0.062679 1.00722 -0.09991
v 0.044868 1.19414 -0.471022
v 0.181379 1.24022 -0.330692
v 0.173855 1.24704 -0.390097
v 0.136113 1.18894 -0.332969
v 0.103715 1.16518 -0.332616
v 0.069305 0.867202 0.135178
v 0.053804 0.848354 0.129172
v 0.058885 0.84743 0.149833
v 0.110464 0.9102 0.115445
v 0.145381 0.96304 0.078826
v 0.136262 0.930399 0.088961
v 0.171499 1.02074 0.028603
v 0.18696 1.0782 -0.034305
v 0.192245 1.13085 -0.108867
v 0.213571 1.1191 -0.058311
v 0.196958 1.17611 -0.179376
v 0.182656 1.12599 -0.15389
v 0.188197 1.20635 -0.246403
v 0.198589 1.18691 -0.225135
v 0.175166 1.16358 -0.222388
v 0.218481 1.2416 -0.286563
v 0.162063 1.26249 -0.413743
v 0.189086 1.27221 -0.398455
v 0.191143 1.26987 -0.37731
v 0.138743 1.27665 -0.492757
v 0.10293 1.2793 -0.567126
v 0.135402 1.29476 -0.5421
v 0.059342 1.27206 -0.624507
v 0.073797 1.25296 -0.588226
v 0.091036 1.29233 -0.615156
v 0.034122 1.25426 -0.652338
v 0.045611 1.26799 -0.639984
v 0.042077 1.27704 -0.660288
v 0.064983 0.879221 0.093389
v 0.10907 0.93705 0.049763
v 0.140415 1.00739 -0.025239
v 0.107858 1.23129 -0.479613
v 0.115933 1.07259 -0.158631
v 0.110771 1.22406 -0.225917
v 0.075372 1.17947 -0.145098
v 0.034355 1.18227 -0.183029
v 0.161689 1.19931 -0.162675
v 0.072724 1.13707 -0.070949
v 0.031216 1.12069 -0.072415
v 0.1604 1.15818 -0.08769
v 0.037299 1.28308 -0.534259
v 0.07994 1.28868 -0.463171
v 0.058949 1.27014 -0.415848
v 0.098151 1.26402 -0.346331
v 0.015314 1.27868 -0.580086
v 0.023939 1.26272 -0.451204
v 0.029585 1.24696 -0.374482
v 0.077335 1.29696 -0.555702
v 0.109404 1.29594 -0.483819
v 0.068794 1.08739 -0.005342
v 0.102619 1.07429 0.025501
v 0.060211 1.03387 0.048604
v 0.037985 0.956848 0.104272
v 0.017205 0.896559 0.136579
v 0.024028 1.01923 0.041132
v 0.152694 1.1077 -0.014312
v 0.136885 1.05078 0.051067
v 0.11239 0.991957 0.101269
v 0.082162 0.937654 0.133924
v 0.048121 0.893801 0.149534
v 0.018625 1.28867 -0.647013
v 0.062016 1.30439 -0.602153
v 0.12191 1.30169 -0.51732
v 0.131921 1.30354 -0.455917
v 0.179308 1.29138 -0.391517
v 0.185291 1.24187 -0.262251
v 0.176541 1.22794 -0.204317
v 0.176971 1.04406 0.057293
v 0.13972 0.963359 0.12835
v 0.098005 0.90588 0.156554
v 0.109357 0.920156 0.145009
v 0.058095 0.883919 0.152943
v 0.069019 1.2395 -0.301201
v 0.136607 1.25633 -0.318041
v -0.001003 0.886631 0.133428
v -0.114728 1.22501 -0.226678
v -0.074929 1.22801 -0.262584
v -0.036187 1.19854 -0.221976
v -0.077169 1.19699 -0.183387
v -0.150755 1.19052 -0.157153
v -0.10938 1.16611 -0.105166
v -0.03429 1.28755 -0.578592
v -0.046219 1.28043 -0.494404
v -0.055211 1.27643 -0.454822
v -0.100367 1.27571 -0.385606
v -0.086354 1.29791 -0.561778
v -0.095743 1.30102 -0.519265
v -0.110969 1.12157 -0.032797
v -0.108612 1.07183 0.028434
v -0.092519 1.0181 0.076857
v -0.051447 0.981474 0.089151
v -0.055479 0.940216 0.125561
v -0.032517 0.934126 0.116617
v -0.033701 0.903645 0.140345
v -0.035335 1.07051 -0.009254
v -0.026744 0.994327 0.062152
v -0.153341 1.1017 -0.008085
v -0.085259 0.937793 0.134097
v -0.050093 0.893878 0.149643
v -0.051523 1.28717 -0.662893
v -0.097983 1.30151 -0.600126
v -0.135523 1.3116 -0.563727
v -0.159303 1.29254 -0.436703
v -0.193962 1.29434 -0.397428
v -0.164976 1.28891 -0.376044
v -0.1782 1.26531 -0.294634
v -0.183804 1.16249 -0.102352
v -0.100023 0.905982 0.156794
v -0.064453 0.871715 0.160414
v -0.059776 0.88393 0.15312
v -0.107365 0.776319 0.241399
v -0.104445 0.772618 0.269038
v -0.172473 0.769538 0.270699
v -0.222707 0.768612 0.281086
v -0.2181 0.782496 0.237397
v -0.316695 0.766226 0.290444
v -0.389511 0.764991 0.291308
v -0.75264 0.7701 0.17052
v -0.833715 0.743169 0.184976
v -0.507177 0.76537 0.283983
v -0.495369 0.785012 0.222387
v -0.624315 0.76599 0.262443
v -0.736113 0.781563 0.398892
v -0.682811 0.773938 0.386332
v -0.781818 0.767855 0.369936
v -0.684797 0.779028 0.189421
v -0.715164 0.760209 0.287758
v -0.112271 0.77614 0.318567
v -0.11853 0.76741 0.289706
v -0.155736 0.780178 0.365381
v -0.129556 0.776792 0.364723
v -0.216742 0.788239 0.401171
v -0.196735 0.770467 0.367241
v -0.294502 0.793994 0.433487
v -0.263589 0.773153 0.397816
v -0.237428 0.789884 0.417849
v -0.383919 0.797049 0.452763
v -0.345265 0.776518 0.419023
v -0.479905 0.795314 0.45301
v -0.431726 0.777853 0.425495
v -0.416663 0.797388 0.459055
v -0.434813 0.801394 0.476344
v -0.566896 0.794693 0.445745
v -0.517998 0.777352 0.424033
v -0.649893 0.790128 0.430241
v -0.620225 0.783332 0.437694
v -0.638505 0.792897 0.460227
v -0.616571 0.797912 0.46425
v -0.706079 0.790718 0.43629
v -0.808155 0.770446 0.356088
v -0.786311 0.780091 0.394779
v -0.885341 0.751293 0.312772
v -0.827472 0.752292 0.310442
v -0.861923 0.764383 0.354343
v -0.941068 0.737081 0.254147
v -0.887201 0.736727 0.260729
v -0.991137 0.716199 0.189798
v -0.939264 0.722106 0.206823
v -1.0202 0.707782 0.214463
v -1.00624 0.718084 0.23083
v -1.0083 0.711507 0.113098
v -0.961482 0.727295 0.109899
v -1.04701 0.698754 0.131362
v -1.03751 0.7053 0.153479
v -0.226851 0.766947 0.35589
v -0.563367 0.763125 0.333504
v -0.121226 0.790938 0.219867
v -0.142321 0.794081 0.216074
v -0.301634 0.818267 0.183579
v -0.37343 0.820832 0.175935
v -0.787357 0.790462 0.122815
v -0.530708 0.821592 0.164657
v -0.691204 0.955613 0.050675
v -0.659262 0.957335 0.04945
v -0.741174 0.930941 0.040963
v -0.720579 0.947193 0.047344
v -0.664827 0.891744 0.086468
v -0.106157 0.809537 0.204741
v -0.107404 0.83242 0.194183
v -0.130065 0.877704 0.169266
v -0.188755 0.920218 0.139556
v -0.164522 0.898746 0.142116
v -0.258479 0.948209 0.119644
v -0.229533 0.930434 0.118227
v -0.343463 0.969263 0.097629
v -0.43323 0.976095 0.085472
v -0.398165 0.966795 0.081759
v -0.409008 0.998186 0.072794
v -0.383651 0.998831 0.082744
v -0.518529 0.981081 0.073319
v -0.486463 0.975186 0.069499
v -0.47161 0.943578 0.086547
v -0.598986 0.97362 0.062541
v -0.568561 0.970916 0.060307
v -0.543984 0.984094 0.06787
v -0.56062 0.999612 0.057197
v -0.654765 0.984418 0.045095
v -0.771176 0.926262 0.042369
v -0.764912 0.904907 0.054315
v -0.74153 0.957088 0.035559
v -0.840184 0.888023 0.041223
v -0.813116 0.896764 0.03713
v -0.831589 0.913154 0.026271
v -0.815673 0.922648 0.030534
v -0.909428 0.842763 0.040022
v -0.859525 0.842949 0.053663
v -0.928274 0.852884 0.025698
v -0.899537 0.87735 0.025201
v -0.963405 0.788311 0.053939
v -0.945374 0.80386 0.042902
v -0.96501 0.82366 0.02956
v -0.994748 0.731791 0.082753
v -0.979888 0.748383 0.066847
v -1.02556 0.732983 0.065316
v -1.00495 0.763765 0.050926
v -0.200765 0.866788 0.153954
v -0.33847 0.900494 0.117931
v -0.234184 0.845817 0.163848
v -0.773932 0.859128 0.074452
v -0.501804 0.908119 0.101593
v -0.584247 0.903871 0.094183
v -0.599276 0.950474 0.150875
v -0.629526 0.886801 0.217066
v -0.55094 0.929916 0.19932
v -0.547575 0.899019 0.236563
v -0.525463 0.986737 0.118155
v -0.422814 0.938772 0.221128
v -0.463041 0.905631 0.250703
v -0.886883 0.823644 0.126145
v -0.851461 0.842661 0.132965
v -0.816631 0.859806 0.138776
v -0.781787 0.874196 0.145218
v -0.756592 0.907772 0.120061
v -0.710377 0.896703 0.161045
v -0.976589 0.756192 0.122558
v -0.876873 0.868932 0.084947
v -0.733029 0.938566 0.095019
v -0.384833 0.965833 0.191508
v -0.300165 0.927437 0.231032
v -0.200634 0.891858 0.238317
v -0.169689 0.896653 0.221518
v -0.152326 0.86265 0.244703
v -0.115613 0.839517 0.247666
v -0.378974 0.906305 0.257698
v -0.233573 0.879694 0.259306
v -0.204772 0.868596 0.259004
v -0.349102 0.9838 0.147172
v -0.26246 0.962367 0.164679
v -0.137423 0.892258 0.200184
v -1.03331 0.758189 0.066362
v -0.991257 0.817865 0.045614
v -0.958457 0.823792 0.066302
v -0.726731 0.959067 0.061143
v -0.753629 0.95352 0.066426
v -0.548778 1.0 0.085345
v -0.502282 1.01976 0.076084
v -0.493692 1.00862 0.10652
v -0.256329 0.967737 0.14506
v -0.102193 0.885601 0.186567
v -0.111553 0.881891 0.204589
v -0.629818 0.840109 0.372518
v -0.65117 0.823123 0.408749
v -0.587873 0.846446 0.382335
v -0.562262 0.832397 0.427204
v -0.50253 0.855346 0.395647
v -0.443414 0.867308 0.359686
v -0.47935 0.835934 0.438379
v -0.897195 0.790494 0.195663
v -0.848945 0.804703 0.267416
v -0.797451 0.819156 0.260159
v -0.782571 0.816558 0.308495
v -0.728305 0.831183 0.293875
v -0.972865 0.75448 0.180903
v -0.936207 0.772989 0.238999
v -0.879877 0.787885 0.294226
v -0.807915 0.800955 0.336771
v -0.370932 0.858829 0.396359
v -0.328712 0.858797 0.390785
v -0.287431 0.854261 0.38423
v -0.186187 0.834976 0.344894
v -0.140862 0.822707 0.313565
v -0.122438 0.818839 0.288452
v -0.383011 0.836747 0.435614
v -0.295585 0.834009 0.41899
v -0.216741 0.824953 0.3904
v -0.158577 0.81363 0.358188
v -0.116813 0.805843 0.316927
v -1.06221 0.717097 0.12769
v -0.989752 0.753112 0.214328
v -0.9554 0.760985 0.286332
v -0.712514 0.815816 0.410879
v -0.233395 0.815775 0.41906
v -0.287395 0.815638 0.451718
v -0.083137 0.78832 0.297443
v 0.011367 0.725781 0.326321
v 0.004729 0.738727 0.302609
v 1.9e-05 0.737118 0.301335
v 0.002938 0.738115 0.302125
v 0.002064 0.738765 0.300799
v 0.008779 0.739683 0.303552
v 0.016075 0.742043 0.304113
v 0.001787 0.739269 0.299718
v -0.004694 0.738726 0.302605
v -1e-06 0.737129 0.301336
v -0.003273 0.738181 0.30229
v -0.016071 0.742037 0.304112
v -0.002144 0.739373 0.299786
v -0.037466 0.766938 0.311587
v -0.027671 0.765607 0.317513
v -0.024708 0.768198 0.319158
v -3.1e-05 0.739609 0.29951
v -0.016277 0.751111 0.308759
v -0.016372 0.748898 0.307981
v 0.030314 0.775102 0.324999
v 0.024704 0.768207 0.319166
v 0.016736 0.749102 0.308055
v 0.099235 0.821577 0.199413
v 0.098707 0.823777 0.198416
v 0.098104 0.835705 0.196529
v 0.094847 0.775179 0.25142
v 0.098595 0.804827 0.275219
v 0.087188 0.792028 0.28936
v 0.08922 0.792893 0.285638
v 0.093981 0.800269 0.281712
v 0.093278 0.786167 0.268719
v 0.095307 0.875581 0.190542
v 0.10492 0.843257 0.208595
v 0.101309 0.839103 0.202065
v -0.023739 0.838385 0.127763
v 0.022464 0.838416 0.127642
v 0.046994 0.843955 0.143779
v 0.025397 0.889903 0.146083
v 0.058088 0.848618 0.151103
v 0.020446 0.854158 0.138233
v 0.0586 0.854957 0.154259
v 0.043993 0.888443 0.152426
v 0.021899 0.845467 0.13218
v -0.017987 0.858566 0.139191
v -0.045268 0.887829 0.152895
v -0.023228 0.845472 0.132331
v -0.094771 0.7752 0.251454
v -0.099072 0.821744 0.199306
v -0.098672 0.823415 0.198548
v -0.098048 0.835884 0.196591
v -0.096213 0.864674 0.191455
v -0.096702 0.863314 0.192327
v -0.099034 0.85699 0.197104
v -0.095566 0.874677 0.190772
v -0.101373 0.839507 0.202468
v -0.097515 0.804049 0.276495
v -0.087036 0.792179 0.289555
v -0.09349 0.78709 0.269021
v -0.093219 0.786267 0.268701
v -0.101124 0.795647 0.249648
v 0.101233 0.795547 0.249604
v -0.290391 0.037164 0.318678
v -0.296665 0.05239 0.330331
v -0.287448 0.042649 0.333051
v -0.299299 0.026598 0.296649
v -0.310045 0.041908 0.302678
v -0.302763 0.023403 0.291227
v -0.310952 0.028669 0.289201
v -0.309057 0.017487 0.287512
v -0.301432 0.013576 0.301235
v -0.308787 0.011056 0.295586
v -0.313633 0.010738 0.295654
v -0.29387 0.015831 0.325775
v -0.315775 0.0092 0.328108
v -0.314978 0.008948 0.314075
v -0.329874 0.018832 0.354243
v -0.331301 0.027215 0.30684
v -0.32637 0.023428 0.297467
v -0.339992 0.036634 0.333134
v -0.334574 0.048206 0.329829
v -0.384724 0.049248 0.357104
v -0.353472 0.033893 0.324205
v -0.354441 0.047977 0.33562
v -0.345993 0.038805 0.335744
v -0.366073 0.052625 0.337586
v -0.361231 0.028844 0.314219
v -0.372125 0.029602 0.306422
v -0.37222 0.021792 0.302811
v -0.377992 0.021432 0.30031
v -0.381844 0.011871 0.304156
v -0.37681 0.010074 0.307939
v -0.372936 0.012591 0.306192
v -0.355088 0.014576 0.331147
v -0.373922 0.00835 0.338594
v -0.3421 0.019685 0.354903
v -0.357234 0.010553 0.348505
v -0.347624 0.016696 0.343491
v -0.343479 0.027164 0.338678
v -0.372216 0.023596 0.373165
v -0.392374 0.019596 0.339006
v -0.390953 0.015348 0.315373
v -0.384583 0.026662 0.303685
v -0.384658 0.031585 0.308608
v 0.374291 0.055619 0.352422
v 0.366132 0.05278 0.336868
v 0.370994 0.046265 0.324871
v 0.37822 0.032079 0.307013
v 0.367022 0.035427 0.31361
v 0.390852 0.039777 0.331805
v 0.392363 0.019613 0.339093
v 0.392248 0.01705 0.325804
v 0.389371 0.038387 0.361702
v 0.393113 0.034662 0.349757
v 0.372166 0.023645 0.373198
v 0.364751 0.012905 0.364468
v 0.373883 0.00834 0.338676
v 0.352122 0.01362 0.360437
v 0.347614 0.016693 0.343518
v 0.343496 0.02713 0.338639
v 0.387725 0.014586 0.305376
v 0.387168 0.021673 0.302806
v 0.378808 0.016206 0.300551
v 0.368792 0.012562 0.311419
v 0.381266 0.009648 0.309043
v 0.287412 0.04265 0.332834
v 0.285398 0.029908 0.336942
v 0.293581 0.022371 0.308963
v 0.299308 0.026607 0.296637
v 0.302727 0.011682 0.34298
v 0.329882 0.018829 0.35424
v 0.337955 0.024368 0.337394
v 0.334484 0.021078 0.323092
v 0.331624 0.042163 0.316044
v 0.326379 0.023423 0.297476
v 0.314993 0.008945 0.314078
v 0.319157 0.015952 0.29052
v 0.313014 0.013096 0.290556
v 0.310516 0.034414 0.294125
v 0.309632 0.057137 0.328013
v 0.305345 0.021427 0.288683
v -0.383073 0.040531 0.369626
v -0.325025 0.027285 -0.397565
v -0.334763 0.040844 -0.389453
v -0.340653 0.038462 -0.405995
v -0.331889 0.035664 -0.373164
v -0.324827 0.022108 -0.409786
v -0.331336 0.014464 -0.428706
v -0.330472 0.007068 -0.425181
v -0.328685 0.006242 -0.415688
v -0.339737 0.002709 -0.417289
v -0.329471 0.008095 -0.39252
v -0.348767 0.002234 -0.396278
v -0.336653 0.013169 -0.367413
v -0.347571 0.006813 -0.368634
v -0.359942 0.005644 -0.372226
v -0.33079 0.024014 -0.369068
v -0.370847 0.009581 -0.377637
v -0.355017 0.010243 -0.415177
v -0.347992 0.008822 -0.422557
v -0.345576 0.020114 -0.425768
v -0.372763 0.026121 -0.39825
v -0.339216 0.014554 -0.430248
v 0.345567 0.044903 -0.394313
v 0.34066 0.038476 -0.405982
v 0.331905 0.035674 -0.373128
v 0.334777 0.024453 -0.423594
v 0.329694 0.028228 -0.413079
v 0.325916 0.017829 -0.418936
v 0.359649 0.031196 -0.410305
v 0.345575 0.020127 -0.425768
v 0.3636 0.012424 -0.405195
v 0.367394 0.036659 -0.399638
v 0.371972 0.015086 -0.394031
v 0.359949 0.005645 -0.372206
v 0.370875 0.009589 -0.377586
v 0.348805 0.002234 -0.396214
v 0.354738 0.003014 -0.383625
v 0.336656 0.013178 -0.367407
v 0.34057 0.008485 -0.428533
v 0.339193 0.014581 -0.430253
v 0.325555 0.011757 -0.416864
v 0.335797 0.002781 -0.406034
v -0.3817 0.029927 -0.413599
v -0.386053 0.044297 -0.40244
v -0.377207 0.03494 -0.40065
v -0.398483 0.048816 -0.40255
v -0.392641 0.020247 -0.433035
v -0.402035 0.03476 -0.426243
v -0.396583 0.017279 -0.437691
v -0.40453 0.022378 -0.438643
v -0.403068 0.011706 -0.440371
v -0.394236 0.007732 -0.428512
v -0.401874 0.005407 -0.432914
v -0.406447 0.005091 -0.432286
v -0.384315 0.009639 -0.40658
v -0.404725 0.003346 -0.401983
v -0.40563 0.00323 -0.415049
v -0.380024 0.011896 -0.392964
v -0.402296 0.007911 -0.375344
v -0.374949 0.022862 -0.397093
v -0.421971 0.020743 -0.420056
v -0.418327 0.017209 -0.429316
v -0.427115 0.02944 -0.394428
v -0.422204 0.040559 -0.398289
v 0.398475 0.048842 -0.402544
v 0.400226 0.042372 -0.415329
v 0.403503 0.027818 -0.434098
v 0.421034 0.034975 -0.41137
v 0.418569 0.028765 -0.422957
v 0.423151 0.014594 -0.404494
v 0.420236 0.012242 -0.417204
v 0.427111 0.029457 -0.394425
v 0.42474 0.017585 -0.390714
v 0.402296 0.007905 -0.375341
v 0.414984 0.012148 -0.37586
v 0.404723 0.003342 -0.402005
v 0.40362 0.004552 -0.387956
v 0.380013 0.011928 -0.39295
v 0.374954 0.022852 -0.397065
v 0.412175 0.010165 -0.436521
v 0.411406 0.017014 -0.438966
v 0.405302 0.017527 -0.44074
v 0.408885 0.012473 -0.44001
v 0.39937 0.015418 -0.439746
v 0.394246 0.007733 -0.428526
v -0.454502 0.047722 -0.373001
v -0.463916 0.041677 -0.367558
v -0.437976 0.026963 -0.402567
v -0.437469 0.040623 -0.391925
v -0.453806 0.018145 -0.416988
v -0.457906 0.02295 -0.416987
v -0.458546 0.01549 -0.420138
v -0.46422 0.015108 -0.421494
v -0.467177 0.006562 -0.417652
v -0.454317 0.006679 -0.412593
v -0.458851 0.006895 -0.416885
v -0.44741 0.007112 -0.405276
v -0.456057 0.002437 -0.386266
v -0.42379 0.013057 -0.374561
v -0.432873 0.007204 -0.368236
v -0.426794 0.020321 -0.389837
v -0.450281 0.016959 -0.353985
v -0.458211 0.023569 -0.353757
v -0.468664 0.004943 -0.396238
v -0.474336 0.021412 -0.410812
v -0.460052 0.044411 -0.384013
v 0.454444 0.047729 -0.372918
v 0.463876 0.041679 -0.367511
v 0.448497 0.045286 -0.388765
v 0.45462 0.039143 -0.399721
v 0.438001 0.026959 -0.402593
v 0.429468 0.031593 -0.392552
v 0.463585 0.025363 -0.415712
v 0.45382 0.01815 -0.416998
v 0.473021 0.032867 -0.390751
v 0.474327 0.021442 -0.410776
v 0.474984 0.010846 -0.396449
v 0.473057 0.027713 -0.373391
v 0.46487 0.019552 -0.359723
v 0.440246 0.013662 -0.356348
v 0.456088 0.002438 -0.386275
v 0.43288 0.0072 -0.368258
v 0.438935 0.00829 -0.395633
v 0.472323 0.008958 -0.416078
v 0.472068 0.015379 -0.418395
v 0.466927 0.015755 -0.421031
v 0.469844 0.011202 -0.419707
v 0.454344 0.006681 -0.412623
v 0.466199 0.004156 -0.41336
v -0.328362 0.019209 0.355435
v -0.326525 0.018595 0.35577
v -0.340921 0.038253 0.346771
v -0.339403 0.029476 0.349802
v -0.341311 0.040568 0.345733
v -0.316908 0.056378 0.329531
v -0.341053 0.040294 0.345779
v -0.367259 0.022294 0.372637
v 0.338211 0.030269 0.348979
v 0.340979 0.040424 0.345683
v 0.286106 0.036652 0.339126
v 0.32836 0.019208 0.355436
v 0.326524 0.018595 0.355771
v 0.341315 0.040394 0.34582
v 0.340969 0.038355 0.346733
v 0.339412 0.02939 0.349833
v 0.341343 0.04057 0.345741
v 0.33909 0.027998 0.350174
v 0.317164 0.056731 0.32949
v 0.340216 0.034595 0.348375
v -0.340195 0.034616 0.348362
v -0.376647 0.024972 -0.389844
v 0.373941 0.013233 -0.380098
v 0.344159 0.01803 -0.360916
v -0.378326 0.014341 -0.383607
v -0.37562 0.020331 -0.387267
v -0.378001 0.01514 -0.384749
v -0.425899 0.027645 -0.383828
v -0.424357 0.020394 -0.38073
v -0.426824 0.032168 -0.385418
v 0.426204 0.029155 -0.384363
v 0.424364 0.020416 -0.38074
v 0.406972 0.009734 -0.375275
v 0.400748 0.008824 -0.37458
v 0.373143 0.025532 -0.387698
v 0.414875 0.046423 -0.396059
v -0.459326 0.041677 -0.362314
v -0.422964 0.019828 -0.381206
v -0.422273 0.02248 -0.383047
v -0.42476 0.013592 -0.37119
v 0.422934 0.019893 -0.38126
v 0.412994 0.041603 -0.396584
v -0.438441 0.018537 -0.37177
v -0.315834 0.024578 0.340799
v -0.359598 0.023179 0.361192
v -0.341192 0.040767 0.345588
v -0.339086 0.027992 0.350178
v 0.350163 0.036076 -0.386524
v 0.315833 0.024578 0.3408
v 0.341126 0.040942 0.345473
v 0.339075 0.027982 0.350173
v 0.438425 0.018536 -0.371784
v 0.425962 0.033874 -0.386623
v -0.455581 0.045542 -0.368392
v -0.410802 0.017005 -0.386521
v -0.42597 0.03388 -0.386619
v -0.423153 0.019102 -0.380703
v 0.376894 0.017529 -0.385433
v 0.374976 0.031889 -0.391769
v -0.374975 0.031104 -0.392255
v -0.376678 0.018024 -0.386148
v -0.231156 1.01118 0.398707
v -0.242906 1.04741 0.505435
v -0.210777 1.09215 0.607878
v -0.149013 1.15003 0.691514
v -0.070098 1.22378 0.734045
v 1.9e-05 1.30955 0.748829
v -0.072114 0.988015 0.620683
v -0.191623 1.2548 0.669472
v -0.162436 1.33786 0.67901
v -0.259083 1.20039 0.593941
v -0.169079 0.962118 0.494318
v -0.12606 0.915461 0.421933
v -0.0461 0.894348 0.462878
v -0.075901 0.879296 0.346898
v -0.231008 1.06753 0.287905
v -0.269512 1.14402 0.315181
v -0.125976 1.0305 0.19672
v 0.075499 0.948174 0.211707
v 0.207708 1.09396 0.235851
v 0.231014 1.06751 0.287953
v 0.168864 1.11592 0.191501
v 0.125998 1.03049 0.196746
v 0.19698 1.20023 0.202067
v 0.06168 1.14387 0.136097
v 0.119686 1.13351 0.156923
v -0.071994 1.23284 0.137054
v -0.075503 0.948158 0.211716
v -0.024589 1.58494 0.59427
v -0.032256 1.5779 0.60777
v -0.01012 1.59206 0.582518
v -1.1e-05 1.61673 0.575733
v 0.013414 1.61098 0.579025
v -2.5e-05 1.63791 0.55523
v 0.019284 1.62671 0.560983
v -0.019496 1.62682 0.560757
v 0.01988 1.59036 0.58591
v 0.000246 1.57953 0.604667
v -0.036894 1.60464 0.590695
v -0.053423 1.6177 0.577943
v -0.07217 1.61922 0.591452
v -0.050421 1.59388 0.611247
v -0.095929 1.60623 0.605642
v -0.103177 1.60687 0.634952
v -0.080381 1.57388 0.641293
v -0.069839 1.58001 0.668612
v -0.047495 1.57728 0.649405
v -0.03882 1.56909 0.625353
v -0.023932 1.56828 0.62595
v 0.021281 1.56358 0.634796
v 0.024785 1.57346 0.616178
v 0.047695 1.60297 0.600313
v 0.050233 1.59372 0.611452
v 0.080559 1.60014 0.629714
v 0.050294 1.5811 0.63543
v 0.047332 1.57713 0.649582
v 0.000285 1.56182 0.638193
v 0.027781 1.56787 0.667248
v 0.053756 1.56765 0.674484
v 0.041179 1.5667 0.695826
v 0.072782 1.56332 0.659034
v 0.089242 1.58284 0.680567
v 0.051446 1.56532 0.713984
v 0.021788 1.54634 0.693644
v -1e-06 1.55904 0.726142
v -0.021309 1.54638 0.693691
v -0.051471 1.56534 0.714003
v 0.030358 1.52044 0.71812
v 0.102916 1.48594 0.688199
v 0.094961 1.40918 0.718616
v 0.165012 1.44151 0.656197
v 0.141314 1.55207 0.563699
v -0.010377 1.55593 0.650748
v -0.020453 1.55786 0.647213
v -0.089228 1.58287 0.680577
v -0.102896 1.48594 0.688232
v -0.130505 1.57975 0.535803
v -0.191668 1.48709 0.572496
v -0.165134 1.44183 0.656409
v -0.263401 1.31265 0.56211
v -0.277833 1.34782 0.500751
v -0.094958 1.40924 0.718706
v 0.162471 1.33786 0.678973
v 0.191644 1.25477 0.669464
v 0.076312 1.13709 0.715558
v 0.051415 1.64723 0.555447
v 0.030477 1.62603 0.516475
v 0.03786 1.59979 0.47132
v -0.075302 1.60455 0.486253
v -0.095716 1.5625 0.423924
v -0.164072 1.49075 0.388534
v -0.205769 1.47426 0.43183
v -0.132259 1.53971 0.450285
v -0.165859 1.53084 0.487259
v -0.149335 1.38637 0.22588
v -1.9e-05 1.52843 0.323624
v 2e-05 1.47336 0.249884
v 1.6e-05 1.57448 0.400639
v 0.095723 1.56251 0.423923
v 2.3e-05 1.40516 0.189821
v 0.207814 0.984706 0.450521
v 0.269565 1.07823 0.444578
v 0.288344 1.22435 0.350399
v 0.30088 1.18985 0.420134
v 0.197123 1.02096 0.556085
v 0.208867 1.17159 0.646381
v 0.286169 1.23337 0.528585
v 0.263421 1.3127 0.562084
v 0.224865 1.4442 0.482524
v 0.165864 1.53082 0.487243
v 0.164058 1.49078 0.388563
v 0.132285 1.53968 0.450241
v 0.192706 1.43278 0.325819
v 0.191594 1.48688 0.572417
v 0.209084 1.36296 0.270807
v 0.126055 0.915449 0.421877
v 0.072153 0.987992 0.62062
v 0.076011 0.879352 0.34705
v 0.103422 1.58226 0.505266
v -0.210543 1.28396 0.228625
v -0.097249 0.907453 0.281746
v -0.094257 0.898044 0.300084
v -0.097737 0.909727 0.277157
v -0.097736 0.90974 0.277126
v -0.193258 0.988832 0.317542
v -0.152458 1.3346 0.687869
v -0.152929 1.33306 0.687662
v -0.231837 1.25479 0.628585
v -0.243309 1.26597 0.617021
v -0.209566 1.22112 0.648967
v -0.215662 1.23021 0.64338
v -0.173868 1.31761 0.673279
v -0.18248 0.95968 0.42124
v -0.164856 0.948485 0.435935
v -0.14906 0.939261 0.454135
v -0.084864 0.8872 0.321667
v -0.089997 0.89267 0.311242
v -0.082494 0.890589 0.306801
v -0.077594 0.885333 0.316865
v -0.123265 0.91326 0.413958
v -0.064811 0.876875 0.333186
v -0.187307 1.01291 0.273274
v -0.145416 1.0634 0.197215
v -0.096488 0.915845 0.265729
v -0.090118 0.906745 0.275402
v -0.086801 0.930683 0.236816
v -0.09 0.927397 0.243401
v -0.089956 0.927442 0.24331
v -0.051542 0.871438 0.356051
v -0.067165 0.879599 0.373274
v -0.077601 0.881662 0.356259
v -0.031917 0.872841 0.392195
v -0.007288 0.869537 0.389012
v 4e-06 0.870038 0.39327
v -0.015311 0.86889 0.383997
v 0.015263 0.868749 0.383525
v 0.031563 0.87229 0.390388
v 0.002467 0.865196 0.370178
v 0.013852 0.865852 0.370458
v -0.026745 0.866755 0.366216
v -0.040357 0.869186 0.363071
v 0.084865 0.932668 0.232763
v 0.145266 1.06312 0.197234
v 0.086621 0.970587 0.206283
v 0.07891 0.959186 0.207986
v 0.102847 0.993796 0.203087
v 0.113971 1.01217 0.199674
v 0.053772 0.948095 0.203272
v 0.094266 0.92152 0.254195
v 0.081126 0.923429 0.242398
v 0.096473 0.915869 0.26575
v 0.097706 0.909779 0.277139
v 0.089388 0.906426 0.275362
v 0.089397 0.906398 0.275416
v 0.005716 0.954013 0.190936
v 0.012956 0.953811 0.191615
v 0.025631 0.952618 0.193459
v 1e-06 0.947494 0.195649
v 5e-06 1.07879 0.144368
v -0.051386 1.08291 0.148983
v 0.163768 1.11128 0.190212
v -0.025635 0.952623 0.193456
v -0.012957 0.953825 0.191605
v -0.044841 0.949578 0.199949
v -0.038089 0.950977 0.197399
v 0.038087 0.950977 0.197401
v -0.081548 0.944425 0.21878
v -0.086662 0.970646 0.206271
v -0.10455 0.993181 0.204626
v -0.084255 0.956839 0.212762
v -0.11768 1.01395 0.20115
v 0.114036 1.42351 0.697233
v 0.119078 1.4139 0.695648
v 0.144951 1.42653 0.672752
v 0.124086 1.44348 0.683075
v -0.178235 1.45392 0.617612
v -0.173438 1.46385 0.617459
v -0.19266 1.41177 0.624454
v -0.198317 1.38784 0.633386
v -0.187925 1.40362 0.641595
v -0.186055 1.40195 0.64709
v -0.248411 1.29499 0.599181
v -0.2305 1.33367 0.609041
v -0.123986 1.44399 0.68308
v -0.131143 1.41648 0.684098
v -0.133299 1.41107 0.683749
v -0.147592 1.37583 0.681267
v -0.152204 1.36679 0.679924
v -0.15537 1.36057 0.679006
v -0.114078 1.42353 0.697233
v -0.137119 1.36428 0.692626
v -0.127154 1.38848 0.694461
v -0.12017 1.40047 0.697923
v 0.127823 1.39305 0.692774
v 0.127111 1.3882 0.694591
v 0.120114 1.4004 0.697975
v -0.045937 1.57168 0.422802
v -0.053337 1.56407 0.411546
v -0.114245 1.51637 0.355976
v -0.062829 1.52686 0.349601
v -0.054164 1.54956 0.386332
v -0.107539 1.53718 0.38722
v -0.136853 1.45703 0.284551
v -0.070125 1.46736 0.264602
v -0.126555 1.49038 0.325106
v -0.12316 1.49774 0.333542
v -0.15616 1.45609 0.31082
v -0.148581 1.52518 0.446187
v -0.142922 1.44987 0.282734
v -0.139102 1.45156 0.280056
v -0.185421 1.41245 0.294907
v -0.168887 1.42941 0.292757
v -0.072861 1.46258 0.260179
v -0.044655 1.51959 0.328666
v 0.062179 1.50838 0.319667
v 0.053693 1.51371 0.324362
v 0.04466 1.51941 0.328558
v 0.044661 1.51941 0.328557
v 0.13675 1.45594 0.282941
v 0.126559 1.49025 0.324942
v 0.123064 1.49771 0.333407
v 0.116115 1.51066 0.34766
v 0.061216 1.54069 0.373779
v 0.055433 1.56227 0.408972
v 0.10721 1.53793 0.388314
v -0.067736 1.46305 0.258793
v -0.043348 1.54526 0.373596
v -0.112622 1.55747 0.453121
v -0.133444 1.555 0.490344
v -0.145379 1.53934 0.472391
v -0.145379 1.53933 0.47239
v 0.096482 0.904068 0.288833
v 0.182548 0.959774 0.421337
v 0.181059 0.958408 0.417231
v 0.181187 0.958526 0.417585
v 0.192177 0.972002 0.366926
v 0.18113 1.43768 0.316785
v 0.149124 0.939344 0.454261
v 0.06693 0.879453 0.373127
v 0.072449 0.88113 0.367644
v 0.051642 0.871463 0.356303
v 0.04624 0.871157 0.343981
v 0.056724 0.874877 0.336752
v 0.084391 0.885079 0.353118
v 0.089987 0.892709 0.311252
v 0.082452 0.891024 0.305373
v 0.084749 0.887144 0.321881
v 0.226788 1.39375 0.579223
v 0.20328 1.42854 0.592732
v 0.205038 1.42594 0.591722
v 0.192617 1.41166 0.624527
v 0.189852 1.43381 0.612062
v 0.181116 1.40972 0.650208
v 0.17286 1.31894 0.673556
v 0.177236 1.30703 0.672024
v 0.188745 1.27939 0.667294
v 0.197296 1.25801 0.663939
v 0.177879 1.40981 0.652461
v 0.045438 1.57293 0.424878
v 0.112501 1.55756 0.453064
v 0.121934 1.55088 0.457412
v 0.111655 1.56369 0.469752
v 0.128018 1.55936 0.49161
v 0.133702 1.55482 0.490326
v 0.156917 1.49432 0.382901
v 0.150662 1.50473 0.397078
v -0.166306 1.11683 0.189697
v -0.12773 1.07847 0.181082
v -0.159094 1.10702 0.189021
v -0.163726 1.11124 0.190193
v -0.129373 1.0388 0.195773
v 0.155785 1.45174 0.30321
v 0.176896 1.44616 0.325901
v 0.203557 1.2391 0.655791
v 0.208417 1.22422 0.649748
v 0.212336 1.23263 0.645992
v -0.095865 0.911616 0.278128
v -0.138383 0.954361 0.279293
v -0.139888 0.946015 0.295534
v -0.092348 0.923288 0.255726
v -0.18108 0.978522 0.311785
v -0.088265 0.928983 0.245064
v -0.129051 0.922504 0.343716
v 0.095867 0.911623 0.278135
v 0.094814 0.905869 0.289493
v 0.138449 0.937931 0.311932
v 0.134903 0.930031 0.328091
v 0.181096 0.978562 0.311821
v 0.121322 0.915484 0.358714
v 0.111374 0.986492 0.220701
v 0.156901 1.02058 0.232528
v 0.128909 0.970872 0.248154
v 0.138364 0.954362 0.279316
v 0.018318 1.00828 0.172651
v 9e-06 1.00886 0.171249
v 0.036329 1.00693 0.175957
v 1.5e-05 1.05898 0.151251
v 0.037376 0.952032 0.199795
v 0.070206 1.00169 0.188603
v -0.085328 0.998134 0.197777
v -0.053662 1.00466 0.181419
v -0.102363 0.903679 0.387009
v -0.207451 1.35431 0.636637
v 0.216855 1.36711 0.612061
v 0.226247 1.31173 0.626997
v 5e-06 0.870111 0.393527
v -0.187926 1.40363 0.641592
v -0.115227 1.54202 0.413822
v 3.4e-05 0.885122 0.316879
v 3.8e-05 0.906426 0.275483
v 1.8e-05 0.927716 0.234083
v -0.043201 0.926933 0.235739
v 0.043297 0.926868 0.235716
v -0.159239 0.892165 0.267924
v -0.195431 0.932445 0.28904
v -0.168746 0.976679 0.202493
v -0.101963 0.942101 0.178454
v -0.079581 0.955447 0.146742
v 7e-06 1.02399 0.114557
v -6e-06 0.965042 0.128247
v 6e-06 0.821261 0.409121
v -0.043584 0.84152 0.425121
v -0.096717 0.854519 0.437012
v -0.170422 0.888352 0.376912
v -0.136724 0.856956 0.338818
v -0.105872 0.7893 0.183206
v -0.110604 0.777676 0.208779
v -0.094359 0.800756 0.159709
v -0.02907 0.824719 0.112441
v 9e-06 0.826559 0.110286
v -0.092695 0.75079 0.256283
v -0.106508 0.762465 0.234034
v -0.13329 0.865743 0.253849
v -0.113376 0.840003 0.241605
v -0.115686 0.824499 0.267715
v -0.096908 0.782464 0.274606
v -0.094932 0.823083 0.339604
v -0.084411 0.799233 0.316084
v -0.055605 0.795435 0.328557
v -0.028369 0.758746 0.31916
v 2e-06 0.789504 0.339717
v 3e-06 0.763913 0.317179
v -0.032904 0.926349 0.147555
v -0.029914 0.891153 0.140133
v -0.053713 0.849721 0.143481
v -0.08372 0.878175 0.166783
v -0.082259 0.845924 0.151042
v -0.116768 0.896078 0.193693
v -0.092463 0.832706 0.177152
v -0.105713 0.821106 0.198923
v -0.127974 0.898191 0.310022
v -0.093945 0.870603 0.363409
v -0.067185 0.861611 0.385346
v -0.033985 0.854353 0.394738
v 6e-06 0.85287 0.401982
v -0.033686 0.973662 0.164626
v -0.092963 0.957468 0.195886
v -0.129579 0.929557 0.247924
v -0.061345 0.95718 0.189901
v -0.097767 0.940678 0.222256
v -0.109536 0.926957 0.248905
v -0.037789 0.873432 0.35279
v -0.072523 0.878067 0.344008
v -0.082151 0.894185 0.31292
v -0.082152 0.929861 0.243413
v -0.037625 0.950145 0.203632
v -0.072183 0.945627 0.212543
v -0.128381 0.891906 0.305966
v -0.186016 0.927722 0.340966
v -0.168944 0.93105 0.286766
v -0.135492 0.905421 0.274109
v -0.145602 0.969094 0.213459
v -0.094644 0.949996 0.191799
v -0.083374 0.997288 0.160107
v -0.048609 1.02822 0.138307
v 6e-06 1.01265 0.14107
v 5e-06 0.966245 0.160494
v 7e-06 0.846083 0.393573
v -5e-06 0.856008 0.436355
v -0.050397 0.862157 0.455657
v -0.036792 0.848622 0.391172
v -0.085744 0.865733 0.41646
v -0.068568 0.854001 0.378002
v -0.145346 0.893965 0.36208
v -0.115461 0.876875 0.333952
v -0.110922 0.90012 0.393336
v -0.107916 1.00103 0.202273
v -0.148446 0.934702 0.28869
v -0.094892 0.881557 0.367132
v -0.064895 0.974268 0.182222
v -0.092154 0.967016 0.201799
v -0.113405 0.952275 0.224537
v -4e-06 0.890703 0.14161
v 0.159913 0.891771 0.26784
v 0.195881 0.932259 0.289042
v 0.137841 0.928494 0.197332
v 0.168858 0.976629 0.202479
v 0.102012 0.942057 0.178443
v 0.079585 0.955443 0.146738
v 0.098092 1.01161 0.138051
v 0.078863 0.830843 0.390025
v 0.096731 0.854487 0.437023
v 0.105298 0.845313 0.362127
v 0.137127 0.856685 0.338806
v 0.170653 0.888209 0.376921
v 0.105885 0.78925 0.183213
v 0.110623 0.777625 0.208773
v 0.09437 0.800735 0.159721
v 0.076513 0.810077 0.139825
v 0.02907 0.824719 0.112441
v 0.092709 0.750772 0.256265
v 0.106511 0.762435 0.234015
v 0.12838 0.851852 0.285783
v 0.116048 0.824194 0.267647
v 0.113582 0.839766 0.241546
v 0.101064 0.812716 0.292396
v 0.096983 0.782385 0.27456
v 0.084549 0.799119 0.316063
v 0.079014 0.771103 0.296109
v 0.028368 0.758735 0.319151
v 0.05771 0.884925 0.151379
v 0.029915 0.891164 0.140135
v 0.053718 0.849719 0.143481
v 0.092499 0.832633 0.177137
v 0.124056 0.884399 0.226234
v 0.105802 0.820982 0.198895
v 0.128606 0.897772 0.309934
v 0.094167 0.870495 0.363339
v 0.067275 0.861568 0.385311
v 0.03399 0.854347 0.394735
v 0.093024 0.957393 0.195915
v 0.118905 0.946355 0.218554
v 0.114263 0.911543 0.277934
v 0.031372 0.962459 0.179635
v 0.061384 0.957152 0.189898
v 0.037876 0.873379 0.352777
v 0.07278 0.877909 0.343972
v 0.082597 0.893909 0.312879
v 0.082488 0.929669 0.243385
v 0.072463 0.945601 0.212424
v 0.129124 0.891381 0.305895
v 0.169572 0.930675 0.286699
v 0.186377 0.927425 0.340955
v 0.130897 0.922376 0.244181
v 0.145799 0.968984 0.213437
v 0.094726 0.949963 0.191782
v 0.130866 1.00785 0.180405
v 0.066552 0.958452 0.173543
v 0.083366 0.99729 0.160101
v 0.036814 0.848629 0.391176
v 0.050382 0.862112 0.45561
v 0.068655 0.85394 0.378012
v 0.085782 0.865699 0.416459
v 0.095749 0.864785 0.358988
v 0.133969 0.886254 0.410812
v 0.115949 0.876534 0.333914
v 0.145694 0.893738 0.362063
v 0.111089 0.900048 0.393286
v 0.107967 1.00099 0.202297
v 0.149112 0.934222 0.288591
v 0.095131 0.881425 0.367072
v 0.092244 0.966945 0.201805
v -0.099754 0.784749 0.169417
v -0.11023 0.801239 0.221327
v -0.10819 0.788573 0.236078
v -0.103095 0.801246 0.276762
v -0.102465 0.780705 0.252309
v -0.076758 0.745646 0.274669
v -0.03273 0.764621 0.320665
v -0.029488 0.763415 0.322807
v -0.0 0.738492 0.308144
v -0.033279 0.848565 0.131154
v -0.100412 0.868218 0.187603
v -0.113287 0.905224 0.291867
v -0.07493 0.868134 0.365189
v -0.052425 0.861274 0.381979
v 5e-06 0.964928 0.175544
v -0.000904 0.871505 0.356427
v 7e-06 0.871448 0.356537
v -0.017311 0.865758 0.367575
v -0.035091 0.868032 0.363221
v -0.047376 0.870556 0.358356
v -0.079263 0.883669 0.333216
v -0.088174 0.894866 0.311649
v -0.085774 0.901123 0.299474
v -0.088697 0.910102 0.282056
v -0.109686 0.898396 0.304936
v -0.079487 0.930026 0.243075
v -0.080143 0.929243 0.244603
v -0.088057 0.929195 0.244674
v -0.082777 0.942959 0.217776
v -0.079145 0.940086 0.223396
v -0.163318 0.931426 0.335877
v -0.149353 0.9186 0.344052
v -0.117584 0.89822 0.3901
v -0.112756 0.887492 0.404585
v -0.071721 0.87068 0.419822
v -0.059491 1.00874 0.163455
v -0.098143 0.999542 0.185482
v -0.092739 0.998244 0.182365
v -0.122209 0.988919 0.206516
v -0.148551 0.968736 0.243848
v -0.158093 0.932478 0.316117
v -0.10872 0.896844 0.386879
v -0.105083 0.894888 0.389027
v -0.103677 0.993168 0.2017
v -0.100991 0.988057 0.201381
v -0.071063 0.972627 0.186651
v -0.119359 0.947287 0.236129
v -0.013614 0.857114 0.396756
v -0.055668 0.862593 0.386297
v -0.120775 0.945918 0.238715
v -0.034601 0.980961 0.170733
v -0.049826 0.97726 0.176341
v -0.013494 0.873988 0.137331
v -0.020102 0.856552 0.132844
v -0.015882 0.843256 0.123012
v -0.000338 0.855694 0.392135
v -0.001704 0.952255 0.199494
v -4e-06 0.955865 0.19251
v 8e-06 0.955864 0.192511
v -0.022246 0.864735 0.43753
v -0.011831 0.863325 0.43371
v 5e-06 0.981134 0.167049
v 0.099703 0.784818 0.169305
v 0.113891 0.825482 0.249372
v 0.094618 0.791249 0.287443
v 0.076631 0.745362 0.274655
v 0.034535 0.736026 0.302916
v 0.01278 0.756652 0.316316
v 0.038844 0.888154 0.14356
v 0.03302 0.848931 0.131231
v 0.040303 0.849382 0.135648
v 0.099999 0.865788 0.186608
v 0.074756 0.868002 0.365176
v 8e-06 0.871498 0.356439
v 0.047437 0.870508 0.358311
v 0.051687 0.871492 0.356404
v 0.079432 0.883429 0.333232
v 0.086846 0.881139 0.337644
v 0.083564 0.899083 0.302825
v 0.088146 0.910431 0.280761
v 0.092413 0.900164 0.300686
v 0.045752 0.946896 0.209908
v 0.087453 0.942533 0.218347
v 0.07923 0.940004 0.22329
v 0.137218 0.908475 0.3503
v 0.09446 0.877478 0.408513
v 0.098546 0.879145 0.408099
v 0.071723 0.870667 0.419828
v 0.059528 1.00872 0.163449
v 0.073927 0.993408 0.175712
v 0.084656 0.996163 0.179375
v 0.09229 0.998105 0.182218
v 0.092289 0.998105 0.182218
v 0.122005 0.989114 0.206431
v 0.128332 0.969038 0.223851
v 0.148896 0.968564 0.244443
v 0.151623 0.941809 0.282061
v 0.12099 0.900159 0.329098
v 0.10514 0.894749 0.389048
v 0.09401 0.882601 0.373598
v 0.102539 0.981572 0.204351
v 0.103506 0.986975 0.203422
v 0.128282 0.944646 0.248112
v 0.122248 0.947284 0.238763
v 0.122525 0.947163 0.239193
v 0.129107 0.91062 0.310238
v 0.018416 0.85667 0.132868
v 0.025509 0.95064 0.202633
v 0.011861 0.863345 0.433703
v -0.053179 0.928954 0.227111
v -0.038708 0.932594 0.219906
v -0.068367 0.895434 0.292416
v -0.026209 0.892656 0.297879
v -0.023017 0.882081 0.318483
v 0.023014 0.882085 0.318476
v 0.049378 0.894108 0.295042
v 8e-06 0.917127 0.250137
v 0.023052 0.927182 0.230494
v 0.061239 0.92229 0.240017
v 0.068355 0.913784 0.256614
v 4e-06 0.856111 0.365813
v 0.040309 0.860228 0.358835
v 0.041417 0.86391 0.422561
v -0.041429 0.86392 0.422508
v -0.055669 0.862593 0.386296
v 5e-06 0.864836 0.369279
v 0.12072 0.900002 0.328898
v 6e-06 0.964935 0.175539
v -0.122209 0.98892 0.206515
v 0.079364 0.820101 0.21524
v 0.085926 0.82074 0.230558
v 0.085588 0.836226 0.203465
v 0.094203 0.843631 0.214766
v 0.0484 0.862658 0.159337
v 0.043169 0.847265 0.149165
v -0.049667 0.862717 0.159454
v -0.081457 0.827226 0.207371
v -0.079827 0.834579 0.217087
v -0.08598 0.836232 0.203413
v -0.010636 0.754239 0.307986
v 0.088842 0.79293 0.235186
v 0.092954 0.780439 0.245068
v 0.092942 0.819545 0.206917
v 0.077836 0.792115 0.252874
v 0.096764 0.815185 0.24352
v -0.000486 0.829093 0.13981
v 0.026852 0.858666 0.15016
v 0.059437 0.87022 0.155684
v -0.093207 0.819543 0.206879
v -0.096867 0.81519 0.243508
v -0.089402 0.792444 0.265791
v 0.039484 0.768098 0.316104
v -0.06086 0.870282 0.155827
v 0.070032 0.769074 0.223106
v -4.8e-05 0.774463 0.219519
v -0.070399 0.784878 0.186257
v -6e-05 0.804413 0.152021
v 0.070311 0.78489 0.186159
v -0.061039 0.923108 0.240558
v -0.070682 0.905477 0.27496
v -0.099227 0.906501 0.305396
v -0.167566 0.957058 0.351894
v -0.237198 1.05102 0.503585
v -0.205844 1.09497 0.603791
v -0.145524 1.15188 0.685736
v -0.068345 1.22437 0.727293
v -0.075269 1.06069 0.67141
v -0.158146 1.33673 0.673594
v -0.233787 1.28151 0.61861
v -0.293949 1.19052 0.420416
v -0.060338 0.939828 0.54606
v -0.044775 0.900856 0.460665
v -0.073014 0.885673 0.346924
v -0.237094 1.17578 0.257964
v -0.15039 1.01709 0.234072
v -0.02738 0.905522 0.274979
v -0.026791 0.873501 0.370996
v 6e-06 0.873164 0.337927
v 0.023014 0.882974 0.318933
v 0.049379 0.894998 0.295499
v 0.027375 0.905514 0.274994
v 0.023052 0.928072 0.230949
v 0.088973 0.942054 0.235791
v 0.150378 1.01709 0.234085
v 0.22533 1.07021 0.291023
v 0.068148 0.914629 0.257106
v 0.06017 1.14475 0.142875
v -0.070287 1.23211 0.143803
v -0.044689 1.05321 0.162253
v 0.136582 1.22067 0.167159
v -0.051544 0.959695 0.202137
v -0.025234 1.5791 0.590464
v -0.032736 1.57178 0.604404
v 0.000256 1.58921 0.575358
v 1.7e-05 1.61358 0.569483
v -4.6e-05 1.63092 0.554983
v 0.018544 1.61975 0.560685
v -0.014447 1.6077 0.572803
v 0.029135 1.60892 0.57666
v 0.000249 1.57334 0.601401
v -0.051496 1.59914 0.59563
v -0.051505 1.61102 0.577054
v -0.059091 1.58555 0.622096
v -0.095217 1.59994 0.602651
v -0.084845 1.56867 0.639902
v -0.067718 1.57496 0.664252
v -0.021294 1.55742 0.631499
v 0.021257 1.5574 0.631508
v 0.024787 1.56727 0.612902
v 0.037636 1.57885 0.594286
v 0.051309 1.59898 0.595839
v 0.069627 1.61287 0.590094
v 0.054208 1.57558 0.633641
v 0.037994 1.55844 0.632766
v 0.000286 1.55563 0.634925
v 0.031015 1.55419 0.640647
v 0.030003 1.56128 0.668016
v 0.039922 1.5621 0.690706
v 0.069522 1.55568 0.686816
v 0.089496 1.57659 0.677442
v 0.023077 1.53961 0.695041
v -0.022596 1.53963 0.695036
v -0.028817 1.51972 0.711346
v 0.127027 1.41493 0.678643
v 0.103472 1.60064 0.631741
v 0.09523 1.59993 0.602654
v 0.10807 1.58345 0.590156
v 0.135658 1.54797 0.563281
v -0.014408 1.55687 0.66879
v -0.089483 1.57661 0.677458
v -0.071958 1.48334 0.711718
v -0.135379 1.51409 0.627405
v -0.18572 1.48384 0.570739
v 0.134218 1.23595 0.707065
v 0.074504 1.13921 0.709135
v 0.051656 1.64118 0.551929
v 0.036342 1.59378 0.47456
v 6e-06 1.64724 0.539523
v -0.025526 1.63177 0.540474
v -0.058579 1.51282 0.337002
v -0.068883 1.45971 0.265649
v -0.20048 1.46984 0.433056
v -0.234575 1.40715 0.378195
v 0.05858 1.51283 0.337003
v 0.135169 1.45097 0.287456
v 0.099408 0.906608 0.305512
v 0.20273 0.989438 0.449647
v 0.263188 1.08107 0.444112
v 0.281611 1.22414 0.352305
v 0.25715 1.31125 0.559332
v 0.257602 1.37531 0.437078
v 0.160714 1.52618 0.488218
v 0.204175 1.35983 0.274697
v 0.060341 0.939837 0.546077
v -0.205588 1.28235 0.233302
v 0.260969 0.642865 -0.616198
v 0.252167 0.643123 -0.627476
v 0.250507 0.645145 -0.606579
v 0.267389 0.642355 -0.603309
v 0.269628 0.641568 -0.593825
v 0.25712 0.633296 -0.575213
v 0.228161 0.636239 -0.602237
v 0.249409 0.632554 -0.637413
v 0.237151 0.634128 -0.631271
v 0.242442 0.608886 -0.612345
v 0.256498 0.594431 -0.616372
v 0.266415 0.583631 -0.613671
v 0.243788 0.609351 -0.588919
v 0.258901 0.621434 -0.576611
v 0.273644 0.582836 -0.599258
v 0.275879 0.592802 -0.597076
v 0.277515 0.605613 -0.595078
v 0.267246 0.576879 -0.597126
v 0.276556 0.605622 -0.617503
v 0.258646 0.583891 -0.596545
v 0.263166 0.577527 -0.605689
v 0.27671 0.631114 -0.593638
v 0.272998 0.630836 -0.623933
v 0.267469 0.577464 -0.609494
v -0.233332 0.63604 -0.587136
v -0.244447 0.641689 -0.580006
v -0.232391 0.624182 -0.600555
v -0.243479 0.609347 -0.588843
v -0.234144 0.623485 -0.615519
v -0.258775 0.58401 -0.607092
v -0.251404 0.595197 -0.59246
v -0.267486 0.574891 -0.607316
v -0.267466 0.577427 -0.609509
v -0.266401 0.583604 -0.613685
v -0.263143 0.577514 -0.605707
v -0.269421 0.574022 -0.604925
v -0.265742 0.574065 -0.601737
v -0.267133 0.576868 -0.59693
v -0.267606 0.574473 -0.599295
v -0.273521 0.582801 -0.599093
v -0.276462 0.605546 -0.617447
v -0.268402 0.631955 -0.581162
v -0.276273 0.631066 -0.593483
v -0.269174 0.641534 -0.593726
v -0.259122 0.60675 -0.626813
v -0.249359 0.632527 -0.637336
v -0.237011 0.634109 -0.631165
v -0.272804 0.630817 -0.623864
v -0.260661 0.642854 -0.616156
v -0.257735 0.644332 -0.59473
v 0.22798 0.63649 -0.58333
v 0.241313 0.635559 -0.571282
v 0.222729 0.63345 -0.620217
v 0.221285 0.635452 -0.601186
v 0.253013 0.617792 -0.63966
v 0.238109 0.618649 -0.631897
v 0.262585 0.59013 -0.625668
v 0.265493 0.579749 -0.619423
v 0.234476 0.605976 -0.599686
v 0.226323 0.621372 -0.599927
v 0.243901 0.621182 -0.572251
v 0.262424 0.605014 -0.574087
v 0.283931 0.604815 -0.592395
v 0.266917 0.579438 -0.586799
v 0.277263 0.573567 -0.59848
v 0.282505 0.604451 -0.621001
v 0.253609 0.57966 -0.594151
v 0.257998 0.573444 -0.608057
v 0.270251 0.56864 -0.610094
v -0.227538 0.636521 -0.583237
v -0.240803 0.635572 -0.571166
v -0.220953 0.635444 -0.601053
v -0.238155 0.606057 -0.585709
v -0.22829 0.620162 -0.61744
v -0.222491 0.63343 -0.620081
v -0.253553 0.579972 -0.609421
v -0.246265 0.591314 -0.589721
v -0.266887 0.569704 -0.611978
v -0.265494 0.579726 -0.619442
v -0.257987 0.573421 -0.608086
v -0.257019 0.573024 -0.602811
v -0.266709 0.579467 -0.586598
v -0.262029 0.60501 -0.573946
v -0.279541 0.580484 -0.596373
v -0.283646 0.604769 -0.592281
v -0.281483 0.591125 -0.616394
v -0.271826 0.568691 -0.596946
v -0.259532 0.62024 -0.569672
v -0.26257 0.590142 -0.625703
v 0.232415 0.639508 -0.581042
v 0.22263 0.635755 -0.620505
v 0.223767 0.63473 -0.622253
v 0.253985 0.6189 -0.639715
v 0.259095 0.618557 -0.638801
v -0.232044 0.6396 -0.580905
v -0.226241 0.632408 -0.625685
v -0.223528 0.63469 -0.622094
v -0.222396 0.635702 -0.620376
v -0.268573 0.617309 -0.636733
v -0.253839 0.618794 -0.63965
v 0.274134 0.616014 -0.608615
v 0.263027 0.620734 -0.595995
v -0.274193 0.615908 -0.608503
v -0.263091 0.620629 -0.595831
v 0.109751 0.772902 0.581264
v 0.076909 1.31891 0.159027
v -0.366384 0.682489 0.038063
v -0.168861 1.11591 0.191493
v -0.299959 1.27001 0.460977
v -0.162116 0.332625 0.61917
v -0.406545 0.907979 -0.352659
v 0.155773 0.657198 0.662026
v 0.27236 1.38133 0.445246
v 0.309118 0.584711 0.407512
v 0.465081 0.027698 -0.257527
v 0.405854 0.152613 0.143568
v 0.234447 1.00854 0.395466
v 0.420343 0.744333 -0.326736
v -0.120564 0.061865 -0.048977
v -0.263914 1.30464 0.555176
v 0.254127 1.12295 0.551327
v 0.119964 0.043458 0.003840999999999997
v 2.2000000000001185e-05 1.4012 0.195591
v -0.057108 1.01395 -0.614768
v -0.253447 1.09818 0.298193
v 0.390494 1.0989 -0.331894
v 1.7999999999999787e-05 1.30936 0.741832
v -0.264942 1.00949 0.44561
v 0.336079 0.096236 0.571458
v -0.058368 0.663234 0.52077
v -0.392887 0.144123 0.203784
v 0.159512 1.18359 0.734986
v -0.461322 0.541642 -0.087706
v 0.126468 1.01794 -0.565151
v -0.363008 0.236157 -0.390905
v 0.063813 1.04818 -0.164705
v 0.337781 0.920456 -0.224445
v -0.207984 1.09713 0.199693
v -0.159999 1.44005 0.651998
v 0.485885 0.137672 -0.181027
v -0.044242 0.37026 -0.463957
v -0.225471 1.01525 0.399078
v -0.375477 0.060198 0.541126
v -0.481276 0.386331 0.169184
v 0.173746 0.977519 0.311809
v 0.077103 1.05704 0.677167
v -0.165569 1.13016 0.712257
v 0.329274 0.173948 -0.377049
v -0.0016020000000000001 1.15477 -0.14649
v -0.189461 0.980956 0.327561
v -0.149408 0.943017 0.566551
v 0.458316 0.441781 0.214299
v -0.471667 0.281993 -0.127941
v -0.056698 0.025011 0.113512
v 0.585115 0.907071 0.100368
v 0.155227 1.136 0.695549
v 0.326072 1.13034 0.47901
v -0.00014800000000000056 0.554839 0.555783
v 0.185645 1.48364 0.57066
v 0.303445 0.754959 -0.030282
v 0.062343 0.607362 -0.656851
v -0.068438 1.03679 -0.33157
v 0.069916 0.768161 0.222714
v -0.109437 1.04542 0.186021
v -0.33953 0.004300000000000002 0.479291
v -0.222309 0.642542 -0.490531
v 0.379159 0.631485 0.200514
v 0.322502 0.654362 0.248466
v 0.325209 0.820635 0.442905
v -0.088088 0.100334 0.502909
v 0.223152 0.019232 0.420615
v -0.464097 0.375473 0.212751
v -0.686127 0.78526 0.192317
v -0.097853 0.443159 0.604681
v -0.279069 1.36015 0.389184
v 0.501068 0.334227 -0.162392
v -0.194666 0.934128 0.178297
v 0.339271 0.898389 0.25418
v -0.03634 1.59376 0.474557
v -0.270291 0.781276 -0.655404
v 0.277756 1.3478 0.50078
v 0.18732 1.01293 0.273304
v -0.110983 0.839719 0.313448
v -0.0005090000000000008 0.526807 0.786704
v 0.37879 0.783639 0.22968
v 0.49645 0.342876 0.061922
v -0.413489 0.744531 -0.327763
v -0.244576 0.805844 -0.052197
v -0.049324 0.873809 0.087247
v 0.07392 0.360921 1.05545
v -0.204691 0.747261 0.180961
v 0.11417 0.427974 -0.648656
v -0.109092 0.547706 -0.669958
v 0.067159 1.46719 0.263381
v -0.419434 0.909315 0.115006
v -0.156597 0.658602 -0.431374
v -0.044374 1.05837 0.734492
v -0.327911 0.674205 0.21031
v -0.332588 1.23491 0.398331
v 0.134477 0.685629 0.386473
v 0.133427 0.844853 0.011063999999999997
v 0.102162 0.942388 0.226728
v 0.474904 0.200389 0.440279
v -0.293065 1.06322 -0.354095
v 0.467078 0.277308 0.353082
v 0.273911 0.150663 -0.317353
v 0.468999 0.13697 0.42332
v 0.08658 0.066827 0.451363
v -0.073716 0.59368 0.888883
v 0.190005 1.24685 0.693766
v -0.248174 0.811056 -0.049216
v -0.0021460000000000003 1.00215 -0.100433
v 0.302888 1.00524 -0.236062
v -0.206905 1.46432 0.537844
v -0.218551 1.24223 0.664597
v 0.389635 0.771883 0.292487
v -0.622489 0.769033 0.368186
v -0.187862 0.098874 -0.139105
v -0.145973 1.16389 -0.257005
v 4.599999999999743e-05 0.905343 -0.066642
v -0.364944 0.32717 0.592555
v 0.052337 0.028714 0.176373
v -0.263801 0.88744 0.133423
v 0.269277 1.37132 0.55288
v -0.037524 1.16953 0.753944
v 0.109406 0.631719 -0.78482
v -0.247278 1.36042 0.283149
v -0.105801 1.42843 0.242972
v 0.261436 1.16921 0.619148
v 0.449188 0.388077 0.477035
v -0.075836 0.588366 0.88485
v -0.111546 0.909379 0.372588
v 4.999999999999796e-06 0.738547 0.189094
v -0.163112 0.332887 0.626094
v -0.041928 0.698621 -0.620193
v -0.474327 0.265594 0.104591
v -0.374167 0.135006 0.070863
v 0.181776 0.084536 -0.091152
v 0.026445 1.01473 0.036346
v 0.126175 1.21444 -0.408026
v -0.068804 1.25229 -0.340163
v 0.118622 0.585289 0.508531
v 8.999999999995123e-06 1.46003 0.201715
v 0.418555 0.193011 0.210947
v 0.093976 0.322318 -0.386185
v -0.301942 0.823529 0.188186
v 1.299999999999999e-05 1.45519 0.206773
v 0.976311 0.714211 0.213711
v 0.118578 0.652922 -0.403736
v -0.152349 1.44173 0.238256
v 0.22442 1.44599 0.343713
v 0.039605 1.26273 0.106967
v 0.389396 0.674749 -0.139534
v 0.112407 0.611552 0.715795
v -0.144872 1.24453 -0.456022
v 0.33538 0.766947 -0.101103
v 0.799465 0.756668 0.202276
v 0.083279 0.686877 -0.607835
v 0.20382 1.08934 0.66576
v -0.363753 0.721037 -0.11932
v -0.271779 1.40957 0.498706
v -0.116711 1.54369 0.357851
v 0.470996 0.461184 -0.242325
v -0.176714 1.45552 0.316687
v 0.310115 0.655919 -0.650015
v -0.212138 1.19738 0.687935
v 0.155383 0.769558 -0.758013
v 0.109361 0.880715 0.19104
v -0.054447 0.818687 0.124837
v 0.684793 0.77904 0.189411
v -0.367254 0.723763 -0.551115
v -0.369334 0.504221 -0.348452
v 0.278344 1.04216 0.382147
v -0.289901 1.02428 -0.26434
v 0.283892 1.0701 0.316219
v -0.494701 0.172955 -0.349786
v -0.067067 0.459423 -0.721462
v -0.2514 0.463855 0.5694
v 0.20575 0.637599 -0.439788
v 0.446927 0.506824 -0.261641
v -0.254892 1.27257 0.624034
v 0.095631 1.51092 0.309853
v -0.424453 0.163006 0.335289
v -0.200239 1.49619 0.493685
v 0.154271 0.280474 0.6248
v -0.239458 1.40693 0.310723
v -0.285408 0.532782 0.491214
v -0.393641 0.350863 0.558693
v -0.399893 0.654954 -0.255962
v 0.189338 1.41814 0.279418
v 0.202459 0.987923 0.376301
v 0.074447 0.582841 -0.451521
v 0.861825 0.846456 0.059312
v -0.229468 0.621503 -0.634883
v -0.419945 0.165172 0.340187
v -0.316175 1.27483 0.327127
v -0.267178 1.12772 0.598561
v -0.200833 1.40718 0.660527
v 0.2373 0.534223 -0.656441
v 0.153244 0.281695 0.617984
v -0.130842 1.00786 0.180402
v -0.326595 0.762438 0.342351
v 0.061163 0.66167 -0.442029
v 0.382573 0.8314 0.431079
v 0.075099 1.34627 0.169786
v 0.089468 0.931016 -0.692313
v 0.243343 1.04188 0.574667
v -0.17994 0.642116 -0.766345
v 0.401653 0.203096 -0.110208
v -0.068436 1.03031 -0.280922
v 0.160728 1.37266 0.679482
v 0.104179 1.15496 -0.294006
v 0.04863 1.02823 0.138306
v -0.031411 0.293884 1.11577
v -0.078818 0.830891 0.390036
v 0.027839 0.390493 1.07255
v -0.326693 0.502478 -0.385275
v 0.127953 1.07866 0.181147
v 0.408516 0.774301 -0.428396
v -0.149788 0.946225 0.464979
v -0.225256 0.21064 -0.265792
v 0.396997 0.207592 -0.107542
v 1.1000000000000593e-05 0.605671 -0.830376
v 0.151942 0.546914 -0.61465
v -0.060611 1.50284 0.307813
v -0.418676 0.020339 -0.240844
v -0.030357 1.52046 0.718134
v 0.828682 0.80499 0.240162
v 0.3362 0.006561999999999998 0.43628
v 0.183803 1.5281 0.452683
v 0.306584 1.20905 0.34403
v 0.058902 1.497 0.311475
v -0.054572 0.206795 -0.31165
v -0.216283 0.369101 -0.369543
v 4.099999999999937e-05 0.783408 -0.801968
v -0.416308 0.07951 -0.404127
v 0.044874 0.457362 0.917169
v -0.054048 0.211568 -0.306556
v -0.27236 0.52821 -0.613122
v -0.43816 0.990747 0.131968
v 0.501819 0.908127 0.101603
v -0.166353 0.408117 -0.472357
v -0.410937 0.536143 -0.278985
v 0.175117 1.46488 0.614333
v 0.385433 0.683261 -0.517246
v -0.053797 0.524765 -0.655386
v 0.102705 0.251129 -0.342058
v -1.6000000000002124e-05 1.3162 0.757864
v -0.206623 1.29427 0.64592
v -0.167988 1.53272 0.433755
v -0.11632 0.966389 0.121161
v -0.22143 0.638477 -0.616099
v 0.05716 0.571754 -0.679246
v -0.150334 0.183626 0.574033
v -0.138191 1.36937 0.690463
v -0.093753 0.90523 0.451925
v -0.127557 0.990461 0.646527
v -0.135111 0.918286 0.427793
v -0.143838 1.05017 0.052235
v 0.294937 0.08799 0.308998
v -0.293563 0.088973 0.576817
v -0.241401 1.22897 0.21521
v 0.301903 1.17987 0.497759
v 0.168381 0.986036 0.044361
v -0.169395 0.533244 -0.574726
v 0.260279 1.27357 0.628434
v -0.263997 1.20342 0.267085
v -0.653234 0.854868 0.113425
v -0.137462 0.948928 -0.652743
v -0.027189000000000005 0.868049 0.47799
v 0.035743 0.634596 0.814285
v -0.043238 0.614613 -0.791419
v -0.41104 0.238799 -0.385061
v -0.242838 1.46493 0.417428
v -0.185832 1.20683 -0.182708
v -0.195626 0.437767 -0.493895
v 0.164592 0.75721 0.638398
v 0.174676 1.50346 0.536335
v -0.268165 1.18844 0.582461
v -0.087069 0.359074 1.05923
v -0.150506 1.15928 -0.259681
v 0.106124 1.57077 0.393479
v -0.541348 0.768771 0.38538
v -0.398605 1.03872 -0.242974
v -0.172969 1.07805 -0.077489
v -0.170109 0.995617 0.636312
v 0.541027 0.775571 0.383635
v -0.541029 0.775553 0.383676
v -0.161599 0.638652 0.856837
v -0.305016 0.574053 -0.538843
v 0.059691 0.904515 0.510479
v -1.2999999999999123e-05 0.530541 -0.552854
v 0.129957 0.985837 0.651185
v 0.282246 0.426053 -0.356182
v 0.315807 0.918822 -0.518948
v 0.284726 0.423493 -0.362207
v -0.118735 1.25847 0.120663
v 0.20424 1.24605 0.179951
v 0.196386 1.20054 0.18702
v -0.160291 1.00962 0.624455
v -0.113095 0.664906 0.565191
v 0.080692 0.755427 0.265475
v 4.999999999999796e-06 0.974122 0.153512
v -0.140588 0.908896 0.276283
v 0.222622 0.138151 0.568081
v -0.156938 1.28991 0.719021
v 0.008706 0.766674 0.357317
v -0.181791 1.45955 0.60648
v -0.127708 1.51618 0.382217
v 0.114698 0.565857 -0.390814
v 0.039799 1.55619 0.391603
v -0.073218 1.54589 0.395626
v 0.198736 0.701721 0.741662
v -0.331285 0.612 -0.531833
v 0.297002 0.562866 -0.57449
v 0.215683 1.50884 0.495102
v -0.261946 0.059231 0.327509
v 0.264003 1.20339 0.267129
v -0.156966 1.01407 0.620192
v 0.154987 0.584996 0.939373
v 0.338885 0.903336 0.124346
v 0.380493 0.937897 0.225438
v -0.238252 0.633412 -0.556357
v -0.181671 0.140272 0.529069
v -0.834339 0.74517 0.267711
v 0.216297 1.20673 -0.204116
v -0.121565 0.891288 0.344947
v 0.219528 0.013262 0.420144
v -0.114742 1.20154 -0.189064
v -0.835141 0.752055 0.266732
v -0.555507 0.951702 0.156974
v 0.587857 0.846456 0.382334
v 0.555519 0.951722 0.156942
v 0.054813 1.36039 0.760091
v 0.144132 0.910173 0.425359
v -0.259613 1.01401 0.445235
v 0.209406 0.985663 0.51788
v 0.586708 0.839694 0.380933
v -0.365397 0.198914 -0.135382
v 0.07905 0.966083 0.617937
v -0.544525 0.843927 0.389223
v 0.398511 1.03888 -0.243011
v 0.640714 0.941513 0.142627
v -0.171695 0.069139 0.417339
v -0.640708 0.941522 0.142614
v 0.47935 0.83594 0.438347
v -0.136197 1.53898 0.423067
v -0.670311 0.834537 0.358724
v 0.140529 1.37232 0.705025
v -0.155501 1.28787 -0.440265
v -0.376435 0.775082 0.388431
v -0.035842 0.704262 0.706767
v 0.768069 0.79598 0.379973
v -0.768057 0.795943 0.380022
v -0.135143 0.488826 0.931814
v -0.259029 1.0954 0.295014
v -0.153252 0.9644 0.258269
v 0.863234 0.802497 0.218232
v -0.863234 0.802482 0.218242
v 0.150154 0.984997 0.590062
v -0.048867 1.27406 -0.495557
v 0.335026 1.04755 -0.266629
v -0.326078 1.13039 0.478991
v -0.112486 0.652453 -0.42558
v 0.216193 0.640138 -0.464699
v 0.182354 1.05985 0.236828
v 0.082367 0.953721 0.624899
v -0.038234 0.585064 -0.376003
v 0.304963 0.860106 -0.553318
v 0.113389 1.20927 -0.186869
v -0.211179 0.563321 -0.456497
v -0.191889 0.618718 0.882543
v -0.248119 0.395665 -0.358209
v -0.197584 0.065872 0.382912
v 0.114847 1.20297 -0.189548
v -0.171207 0.772179 0.596337
v -0.150925 1.08101 0.198483
v 0.13817 1.36939 0.690493
v -0.173788 0.838293 -0.712114
v -0.153706 0.720612 0.698709
v 0.102474 1.44811 0.69669
v -0.067249 1.17752 0.126943
v 0.309702 0.986752 0.138801
v -0.151553 0.767379 -0.753141
v 0.30409 1.32019 0.356611
v 0.130084 1.50971 0.66898
v 0.133613 0.900464 0.436092
v 0.248544 0.19799 -0.224937
v -0.263898 0.955686 0.163166
v 0.193155 0.560106 -0.48289
v -0.188316 0.518459 -0.689934
v -0.976072 0.752137 0.240468
v -0.117024 0.624641 -0.423452
v 0.218046 0.732912 -0.717202
v -0.338829 0.903474 0.258995
v 0.206929 0.566149 -0.517281
v 0.07662 0.957448 0.152754
v 0.085688 0.717759 0.234046
v -0.065608 1.17843 0.133687
v -0.0573 1.61176 0.456785
v 0.14189 1.03116 0.196303
v -0.088165 0.894858 0.311665
v 0.29985 0.535924 -0.528148
v -0.074244 1.2347 -0.30401
v 0.184518 1.1214 -0.033836
v 0.043407 0.885116 0.314669
v -0.094701 0.753293 0.168161
v 0.097244 1.26868 -0.388362
v 0.074037 0.988972 0.173364
v -0.040095 0.648906 -0.410916
v 0.138681 0.705546 0.512413
v 0.297056 0.055296 -0.292386
v -0.078786 0.596124 -0.346779
v 0.344695 0.705666 -0.578354
v 0.147449 1.03196 -0.05476
v 0.26316 0.887399 0.133523
v -0.795772 0.812382 0.259618
v 0.069596 1.25791 -0.585616
v -0.319105 0.85994 0.352035
v -0.192885 0.063178 0.481727
v -0.105676 0.991236 0.196712
v 0.917114 0.803173 0.111302
v 0.767486 0.799941 0.385715
v -0.147148 0.767914 0.329907
v -0.059765 0.48632 1.00355
v 0.781771 0.874183 0.145252
v -0.186923 0.749206 0.649937
v -0.77561 0.850843 0.174809
v 0.069005 0.907275 0.058096
v 0.049972 0.484036 0.997364
v -0.445954 0.836368 0.456371
v -0.023123 0.778287 0.488549
v -0.142611 1.04525 0.047411
v 0.108478 1.5897 0.475859
v -0.175417 1.542 0.582413
v -0.069926 1.46185 0.72726
v 0.182889 0.544329 -0.528818
v -0.169954 0.556264 -0.663653
v 0.121477 0.106044 0.500291
v -0.214165 1.12633 -0.078373
v -0.355582 0.00027199999999999967 -0.31513
v 9.000000000002062e-06 0.904633 0.274524
v -0.027237 0.762868 0.313617
v 0.115717 0.790146 0.463719
v -0.155562 0.943257 0.109682
v 0.270615 0.654179 -0.691553
v -0.13439 0.988979 0.006450000000000001
v 0.114742 0.520331 -0.643569
v 0.428214 0.008708 -0.356873
v -0.121139 0.978793 0.233696
v 0.274443 1.32695 0.528536
v -0.323349 0.028755 -0.365775
v -0.178818 0.659292 0.716233
v -0.009565 0.906669 0.122291
v -0.909495 0.847949 0.075876
v 0.049265 0.761086 0.145293
v -0.114678 1.59271 0.476891
v 0.065882 1.49605 0.746277
v -0.080575 1.25348 -0.596131
v 0.179325 0.459792 1.03621
v 0.16906 0.896655 0.221556
v 0.170519 1.57401 0.619126
v 0.136366 0.904871 0.273976
v 0.942038 0.839309 0.053143
v -0.170089 0.749842 0.48853
v 0.080556 0.743968 0.368773
v 0.027338 0.858782 0.36321
v -0.141985 0.43976 1.06684
v -0.067274 0.86539 0.381715
v 0.053781 1.00715 0.070539
v -0.077006 1.25926 -0.594424
v 0.19206 1.09957 -0.053072
v 0.123383 1.52567 0.394512
v 0.034023 0.702594 0.386342
v -0.302407 0.731183 -0.627647
v 0.293704 0.764358 -0.634093
v 0.195826 0.927791 0.176609
v 0.186485 0.605442 -0.394937
v -0.15491 1.60079 0.557834
v -0.309915 0.898251 -0.539804
v -0.141081 0.886601 0.198283
v 0.077269 0.804871 0.148953
v -0.313293 0.839452 -0.553223
v 0.234413 1.12627 0.240477
v -0.130122 1.32801 0.707069
v -0.910006 0.818887 0.100978
v 4.999999999999796e-06 0.978311 0.15912
v 0.031854 1.62711 0.472792
v -0.451556 1.08013 -0.290198
v 0.416679 0.797396 0.459028
v -0.127104 1.51438 0.694801
v 0.071808 1.55749 0.655281
v -0.048574 0.783671 0.460494
v 0.186215 0.834964 0.344912
v 0.147292 1.51553 0.668708
v -0.240082 0.815374 -0.656891
v 0.032515 1.47593 0.747151
v 0.257975 0.619479 -0.576379
v 0.098124 0.883082 0.333825
v 0.266688 0.780551 0.423999
v 0.219163 0.820344 0.385699
v -0.031474 1.47412 0.740486
v -0.18967 0.560803 -0.441674
v -0.12107 0.873104 0.219514
v -4.999999999999796e-06 0.855685 0.392187
v 0.140039 1.47659 0.33869
v -0.05503 0.742907 0.32509
v -0.303273 0.78281 -0.611726
v -0.296648 0.180499 -0.171114
v -0.100896 0.812889 0.292433
v -0.113699 0.928745 0.252042
v -0.043052 1.51453 0.331451
v 0.072038 1.61924 0.591713
v 0.052761 0.794622 0.404742
v -0.160934 0.827487 0.330056
v 0.106408 0.774754 0.299009
v 0.276006 0.81648 -0.616928
v 0.055779 1.59934 0.566967
v 0.082281 0.845895 0.151056
v 0.046243 1.2917 -0.56132
v -0.030972 0.737658 0.188636
v 0.121135 0.790925 0.219892
v -0.384457 0.160986 -0.137329
v -0.17202 0.803279 0.380897
v -0.186942 1.4017 0.647791
v -0.135153 0.827265 0.187673
v 0.121857 1.27168 -0.546626
v 0.115624 0.797542 0.336556
v 0.107808 0.848694 0.219425
v -0.03442 0.736121 0.303032
v -0.098937 0.753099 0.360972
v 0.054008 0.765946 0.307781
v -0.115945 0.866482 0.210815
v 0.028278 0.848131 0.127622
v 0.227389 0.839574 -0.663571
v 0.40614 0.0008920000000000004 -0.372149
v 0.125209 0.899735 0.369858
v 0.31757 0.177732 -0.175533
v -0.207908 0.999525 0.352234
v 0.05495 1.55719 0.412109
v -0.426638 1.08654 -0.269562
v 0.028815 1.5197 0.711332
v -0.026229 0.917496 0.251606
v -0.143953 1.56349 0.655195
v 0.243304 0.565753 -0.400882
v 0.02501 0.781231 0.346062
v 0.172515 0.76684 0.327212
v -0.070483 0.772033 0.127048
v -0.088939 0.758408 0.255186
v -0.194328 0.952978 0.327429
v 0.148415 1.57583 0.511821
v -0.055242 0.848383 0.129355
v 0.08033 0.896119 0.082994
v -0.233404 0.615628 -0.45035
v 0.124069 0.88674 0.445726
v -0.069729 1.62015 0.563303
v -0.068156 0.950814 0.206619
v -0.269165 0.594739 -0.467165
v -0.02829 0.882289 0.142591
v -0.249187 0.602456 -0.437843
v 0.145114 1.43979 0.666037
v 0.036771 0.873742 0.152758
v 0.093052 0.88829 0.120541
v -0.013464999999999998 0.952809 0.186888
v -0.339155 0.02807 0.350182
v -0.39104 0.03346 0.319827
v 0.100062 0.901273 0.287955
v 0.083307 0.88563 0.325452
v -0.121431 0.801654 0.313745
v 0.070783 0.675024 -0.471477
v 0.226817 0.56615 -0.386834
v 0.355534 0.044888 0.341872
v 0.035745 0.749992 0.321298
v 0.106809 0.813707 0.210328
v 0.111806 0.880945 0.20625
v 0.075729 0.958193 0.21413
v 0.134702 0.835906 0.258582
v -0.070174 1.6266 0.565984
v -0.134808 0.835806 0.258628
v 0.313317 0.175297 -0.170535
v -0.094311 0.757449 0.363918
v 0.106963 0.782511 0.243275
v -0.111855 1.4164 0.726759
v 0.155365 0.639623 -0.403147
v -0.052976 1.60202 0.464276
v -0.122001 0.796235 0.224377
v -0.115616 0.797552 0.336546
v 0.023546 0.872229 0.086417
v 0.096974 0.803848 0.301899
v -0.250346 0.583801 -0.39746
v 0.232244 0.573798 -0.42938
v 0.143711 0.931466 0.272662
v 0.229435 0.62164 -0.635122
v -0.168637 1.53764 0.600949
v -0.035745 0.749992 0.321298
v -0.072075 1.55768 0.65496
v -0.302741 0.011719 0.343038
v 0.29386 0.015812 0.325723
v 0.061273 0.886901 0.30907
v 0.216809 0.623148 -0.39792
v 0.013618 0.865373 0.368299
v -0.113608 0.881255 0.406816
v 0.266306 0.041532 0.332938
v -0.254538 0.594637 -0.502353
v -0.093628 0.775042 0.28433
v -0.390722 0.005581000000000001 -0.389609
v 0.069543 0.86643 0.386622
v 0.044545 0.666431 -0.438138
v -0.232934 0.608358 -0.384191
v 0.112294 0.955159 0.214337
v 2.0000000000000486e-06 0.855397 0.13857
v -0.008026 0.979176 0.161875
v -0.368801 0.01257 0.311381
v 0.068964 0.932753 0.22428
v -0.226497 0.560126 -0.374841
v -0.02501 0.78123 0.346062
v -0.102407 0.981236 0.204431
v -0.473069 0.027706 -0.373416
v -0.267349 0.643266 -0.603293
v -0.317299 0.603306 -0.537965
v 0.340947 0.017176 -0.369968
v -0.368051 0.020832 -0.391727
v -0.34295 0.004059 -0.38016
v 0.245386 0.604052 -0.626379
v 0.234359 0.623468 -0.615574
v 0.338487 0.029536 0.349361
v 0.461382 0.007564000000000001 -0.370944
v -0.052443 0.875463 0.379846
v -0.129473 1.03986 0.203408
v 0.034638 0.747022 0.315056
v -0.25396 0.620667 -0.633319
v -0.315855 0.019595 0.353734
v 0.047317 0.960406 0.17735
v -0.047311 0.960404 0.177345
v 0.112175 0.88822 0.319212
v 0.283732 0.616995 -0.522845
v -0.026829 0.964042 0.192157
v 0.235919 0.624292 -0.449112
v -0.213843 0.611012 -0.38583
v -0.258123 0.603354 -0.632852
v 0.310664 0.055012 0.341953
v 0.100967 0.906474 0.275487
v 0.051548 0.946717 0.198176
v 0.305432 0.600598 -0.516953
v 0.114636 0.848141 0.228969
v -0.050463 1.58125 0.635254
v -0.013532 1.61115 0.578827
v 0.263887 0.598603 -0.491566
v 0.420837 0.02966 -0.394199
v -0.243443 0.621203 -0.572136
v -0.29483 0.031434 0.305976
v 0.286477 0.604756 -0.606974
v 0.422263 0.022475 -0.383051
v 0.101134 0.988275 0.201367
v -0.010881 1.5783 0.591988
v -0.096088 0.89872 0.453004
v -0.090563 1.04986 0.17302
v 0.240464 0.646291 -0.5967
v 0.090583 1.04986 0.173021
v -0.175026 0.999142 0.269985
v 0.087247 0.930516 0.22995
v 0.329858 0.018461 0.310056
v 0.258185 0.64435 -0.594808
v -0.429416 0.03159 -0.392493
v 0.276174 0.024503 0.343958
v -0.270646 0.593058 -0.590083
v 0.074814 0.868301 0.349512
v 0.157802 0.93903 0.39319
v 0.355025 0.010238 -0.415155
v 0.386062 0.044332 -0.402428
v -0.44739 0.024294 -0.359537
v -0.411544 0.047438 -0.401126
v 0.386548 0.02636 0.365134
v -0.397911 0.046324 -0.389466
v -0.0008500000000000001 0.872139 0.136813
v 0.367794 0.024586 0.306924
v -0.063225 0.941501 0.220556
v 0.332345 0.010193 -0.378871
v -0.086044 0.874358 0.355171
v 0.423841 0.013017 -0.374622
v 0.045993 0.886669 0.153015
v -0.012219 0.867328 0.357901
v -0.249611 0.022997 0.370212
v -0.088867 0.906528 0.288896
v 0.035141 0.949805 0.204898
v -0.3385 0.02954 0.349369
v 0.088883 0.917398 0.267727
v 0.245242 0.040805 0.365587
v 0.012817999999999998 1.56753 0.627393
v -0.425666 0.024439 -0.377706
v -0.054392 0.943326 0.203836
v 0.315845 0.01957 0.353712
v 0.041887 1.57374 0.603489
v 0.310069 0.041914 0.302631
v 0.333724 0.015002 -0.429699
v -0.251166 0.048032 0.360449
v 0.406697 0.033382 -0.373612
v -0.063108 0.875301 0.349291
v -0.084464 0.926666 0.236451
v -0.120579 0.954249 0.220878
v -0.292192 0.043828 0.346397
v 0.389498 0.008279 -0.419034
v 0.390961 0.015354 0.31544
v 0.41575 0.02332 -0.431561
v -0.106755 0.781775 0.244012
v -0.277754 0.020497 0.358498
v 0.43941 0.029656 -0.363073
v -0.325922 0.017832 -0.418917
v 0.351359 0.042544 -0.382889
v 0.474697 0.00936 -0.406402
v 0.265321 0.566924 -0.606849
v 0.1212 1.03336 0.200184
v 0.088143 0.901733 0.284552
v -0.319143 0.015935 0.290519
v 0.010305 0.946893 0.196814
v 0.373357 0.02898 -0.385567
v -0.412178 0.010165 -0.436523
v -0.472068 0.015367 -0.418405
v -0.095118 0.919279 0.258726
v -0.096495 0.904025 0.288816
v 0.359457 0.037279 0.365609
v -0.358598 0.029214 -0.370549
v -0.359457 0.037243 0.365638
v 0.271584 0.576896 -0.600859
v -0.300908 1.18984 0.420076
v 0.267648 0.751036 0.093694
v 0.089225 0.902375 0.447211
v -0.15724 0.977482 -0.615713
v -0.47708 0.338579 -0.092448
v -3.699999999999884e-05 1.11174 0.758581
v -0.087121 1.02018 0.689139
v -0.06358 0.642298 0.468208
v 0.418443 0.302677 0.555427
v -0.418993 0.906356 0.108678
v 0.66602 0.873733 0.202014
v -0.145836 1.38282 0.230796
v 0.076726 1.30398 0.142939
v -0.224076 1.09756 0.647289
v 0.269529 1.144 0.315231
v 0.070067 1.22369 0.734098
v 0.237118 1.17577 0.258007
v 0.158175 1.33674 0.673562
v -0.040057 1.07314 0.711504
v 0.040923 0.229007 0.616108
v 0.454726 0.539169 -0.087178
v 9.000000000000327e-06 0.871822 0.374284
v 3.300000000000004e-05 0.780743 -0.795495
v 0.329121 1.25396 0.361401
v 0.023326 0.778322 0.488702
v 0.127788 0.039322 0.331647
v -0.371298 0.687352 0.039159
v -0.400102 0.907167 -0.350046
v 0.13338 0.488399 -0.718326
v -0.332051 1.08048 -0.308697
v -0.136685 0.420618 -0.557163
v -0.089189 0.529232 -0.536727
v 0.414985 0.63687 0.030423
v -0.192717 1.43274 0.325789
v -0.036073 0.344232 1.0394
v -0.061717 1.14387 0.136108
v -0.152915 0.588084 0.921153
v 0.308597 1.17913 0.499667
v -0.274053 1.11376 0.381282
v -0.513862 0.820157 0.457922
v -0.070399 0.992999 0.616076
v 0.063227 1.27105 0.750432
v 0.061848 1.13766 0.133417
v 0.085315 0.052964 0.387232
v 0.262766 0.587658 -0.443798
v -0.092706 1.55687 0.426789
v -0.864956 0.767143 0.106893
v 0.20017 1.36196 0.637681
v -0.322328 1.22147 0.526951
v 0.437194 0.344059 -0.363949
v -0.219071 0.054158 0.148156
v -0.268913 0.694595 0.258795
v 0.196961 0.660808 0.381361
v -0.076096 0.837044 0.388104
v 0.170737 1.16823 -0.219601
v -0.098633 0.445663 0.611171
v -0.255134 0.618647 0.41979
v 0.234653 1.07102 0.250869
v 0.530716 0.821613 0.164631
v 0.193606 0.634957 -0.672627
v 0.879843 0.787929 0.294184
v -0.105557 0.901445 0.385515
v -0.047155 0.944813 -0.701542
v 0.182631 1.2386 -0.267839
v -0.454827 0.539149 -0.086937
v -1.2000000000001593e-05 1.47449 0.72924
v 0.32309 0.69677 0.126236
v 0.061557 1.07451 -0.194358
v -0.138494 0.546504 0.870517
v 0.212104 1.19738 0.687931
v 0.144389 0.437464 0.600289
v -0.113211 0.177613 -0.273901
v 0.271058 1.33364 0.334053
v -0.495118 0.412183 0.077126
v 0.337751 0.025801 0.516919
v -0.397288 0.587259 -0.333038
v 0.280974 0.069716 0.097847
v 0.413978 0.524652 0.34288
v -0.13786 0.797089 0.109509
v 0.130375 1.28337 -0.404607
v -0.45018 0.430033 0.253202
v 0.111015 0.670288 -0.807157
v 0.13117 0.838865 0.008226000000000004
v 0.057782 1.14331 -0.33426
v 0.408195 0.521004 0.341381
v 0.068823 0.843932 0.052103
v -1.1999999999999858e-05 0.671331 -0.44822
v -0.130389 0.860921 -0.018551
v 0.662119 0.771998 0.253131
v -0.231011 0.05422 0.082375
v -0.323788 0.668898 0.208354
v -0.419376 0.567154 0.228143
v 0.066102 0.987575 -0.188669
v -0.325319 1.14472 0.349661
v 0.040654 1.26403 0.100169
v 0.4628 0.253728 0.161189
v -4.800000000000637e-05 0.62154 0.578821
v 0.243644 1.27776 0.614241
v 0.064943 1.13377 0.118893
v -0.363109 0.850847 -0.487936
v 1.2999999999999123e-05 1.40564 0.181755
v -0.089094 0.094431 0.506535
v -0.244973 1.05599 0.277804
v -0.04402 0.975247 0.672246
v -0.063532 1.46567 0.260052
v -0.11318 1.11922 -0.223732
v -0.140868 1.48235 0.279101
v -0.256242 0.729777 -0.695563
v -0.648425 0.820302 0.154292
v 0.070568 1.48117 0.258756
v 0.332411 1.1963 0.467497
v -0.147124 0.631909 0.734218
v -0.063559 0.955645 -0.155999
v -0.378964 0.789953 0.232727
v -0.062285 0.637599 0.587959
v 0.534995 0.791431 0.221067
v 0.71038 0.896692 0.161062
v -0.05393 1.00427 0.180538
v -0.119852 0.944618 0.528679
v 0.28512 0.085842 0.037033
v 0.989739 0.753133 0.214317
v -0.137386 0.335685 -0.378982
v 0.191935 0.519302 -0.695536
v 0.239084 1.03818 -0.331159
v 0.257094 0.770446 0.330255
v -0.612004 0.783579 0.205614
v 0.287623 0.90962 -0.192566
v 0.316716 0.766202 0.290458
v 0.060108 0.039416 -0.0007510000000000017
v 0.072103 0.397565 1.02267
v 0.059741 0.046292 0.0005070000000000005
v 0.056216 0.973643 -0.037347
v -0.118773 0.585171 0.508423
v 0.233795 0.84583 0.16388
v -0.43628 0.239311 0.262198
v 0.112776 0.545486 0.552933
v -0.253345 1.36557 0.545617
v 0.307964 0.790189 0.236475
v 0.419297 0.014114000000000002 -0.237709
v -0.150045 1.26385 -0.324971
v 0.45547 0.294556 -0.112844
v -0.930041 0.76969 0.180593
v -0.185608 0.476936 -0.678247
v -0.277832 1.41306 0.499125
v 7.400000000000115e-05 0.512727 -0.676632
v -0.42983 0.241617 0.260759
v 0.05509399999999999 1.31424 0.740713
v -0.514667 0.96253 0.168643
v 0.4153 0.959127 -0.334517
v -1.1e-05 1.47503 0.736219
v 0.49933 0.41333 -0.231024
v -0.13764 0.92862 0.197363
v 0.874618 0.741899 0.168558
v -0.292418 0.091065 -0.018002
v -0.221879 0.619241 -0.715177
v -0.081501 0.690028 -0.550876
v -0.334818 0.506548 0.483309
v 0.151142 1.25625 0.144248
v 0.120294 0.145282 -0.235895
v 0.292877 1.05812 0.434022
v 0.237439 0.87976 -0.125956
v -0.276695 0.208707 0.596734
v 0.318584 0.716046 -0.626949
v -0.193631 0.634806 -0.67232
v 0.300493 0.004185999999999999 0.483104
v -0.327785 0.190224 0.605854
v 0.053588 1.59646 0.468582
v -0.283908 1.07013 0.316224
v 0.42599 0.229644 0.319384
v 0.149308 1.18644 0.71741
v -0.402741 0.697149 -0.290766
v 0.411035 0.238833 -0.385057
v 0.492714 0.411119 -0.230433
v 0.225715 1.08338 0.221122
v 0.234551 1.01136 0.473723
v 0.281256 1.38925 0.354224
v -0.269244 1.3713 0.552859
v -0.524059 0.304094 -0.226016
v -0.253675 1.04071 0.415591
v -0.053825 0.87027 0.473622
v -0.073748 0.532253 -0.571192
v 0.404194 0.657192 -0.328113
v 0.049208 0.977167 0.0842
v 0.451242 0.320295 0.518985
v 0.104347 0.527824 0.852953
v 1.1999999999999858e-05 0.544213 -0.700288
v 0.112649 0.53392 -0.557507
v -0.103547 0.618365 -0.763835
v 0.489104 0.119154 -0.353983
v -0.51713 0.303205 -0.226456
v -0.328185 0.697051 -0.619882
v -0.395417 0.418075 0.526039
v -0.329428 0.18559 -0.151153
v -0.103938 0.966785 -0.005346
v -0.361348 0.722748 -0.547497
v 0.113598 0.572863 -0.658706
v -0.325785 0.82238 -0.155537
v -0.229928 1.09607 0.650826
v -0.206272 1.19667 0.684183
v -0.242965 1.42514 0.544215
v 0.100903 0.533044 0.856098
v -0.198813 1.4109 0.291285
v 0.16316 0.332761 0.626566
v -0.475269 0.265929 0.455026
v 0.026686 0.964539 0.193012
v 0.372366 0.141396 0.293481
v 0.335504 0.032024 -0.245509
v -0.320826 0.819231 -0.159344
v 0.075358 0.416753 1.0711
v 0.242924 1.42494 0.544197
v -0.410466 0.861632 -0.375565
v 0.162159 0.332524 0.619642
v 0.352221 1.01138 -0.386774
v 0.20288 1.33272 0.218785
v -0.230094 0.418302 0.589013
v 0.196403 0.964293 0.304471
v 0.415212 0.775227 -0.430217
v -0.267033 0.669573 -0.693738
v 1.6999999999999654e-05 1.54046 0.336276
v -0.22002 1.29604 0.661415
v -0.147258 1.23759 0.74451
v -0.161732 0.19336 -0.267053
v -0.241135 1.35534 0.577187
v 0.096512 1.18465 -0.365617
v -0.41854 0.043206 0.398601
v 0.253162 0.592384 -0.538465
v -0.225939 0.991791 0.500653
v -0.37305 0.013957999999999998 0.468767
v 0.118252 0.744413 0.657995
v -0.280858 1.01498 -0.427604
v -0.154356 0.972268 -0.612039
v 0.325138 0.519114 -0.433475
v -0.083004 1.53452 0.691023
v -0.224431 1.44599 0.343655
v 0.454139 0.515178 -0.213236
v 0.067109 1.00542 -0.235914
v -0.166119 1.01365 0.222857
v -0.289015 1.26516 0.541285
v 0.050247 0.519246 -0.606492
v -0.188833 1.00036 -0.248315
v 0.111917 0.994125 0.200244
v -0.074862 1.3017 0.149291
v -0.0030029999999999987 1.27736 -0.637931
v 0.222965 1.47316 0.394819
v 0.278116 1.23052 0.614158
v -0.37099 0.453704 -0.347383
v -0.390461 0.730392 -0.506635
v 0.413464 0.04707 0.401507
v -0.308342 1.15864 0.536884
v 0.160197 1.08906 0.673467
v -0.308106 0.040022 -0.2523
v -0.329069 0.437394 -0.359513
v 0.329049 0.437221 -0.352523
v -0.318749 0.226991 -0.374548
v 0.156656 0.808799 -0.731899
v 0.090211 1.05024 0.173867
v -5.000000000001531e-06 0.329772 -0.420985
v 0.232665 1.46951 0.568312
v 0.475227 0.072896 -0.352268
v 0.22678 1.46651 0.56599
v -0.078543 1.25883 0.114495
v 0.145623 1.15749 -0.258443
v 0.162573 1.48666 0.35471
v -0.270898 1.24606 0.569156
v -0.263299 0.063517 0.332876
v 0.464858 0.932217 0.210809
v -0.211335 0.808829 0.199648
v -0.199194 0.431861 -0.495068
v 0.199015 1.28375 0.666594
v -0.175462 0.654314 -0.458515
v -0.050933 1.04894 0.1368
v 0.237425 0.250808 -0.293849
v -0.19456 0.673379 0.804234
v 0.08618 0.896319 0.395714
v 0.299552 1.13934 0.475896
v 0.091439 1.59255 0.431903
v 0.285811 1.06171 0.526773
v 1.1000000000000593e-05 1.5798 0.365108
v -0.045524 0.393744 -0.54027
v -0.152238 0.179526 0.579378
v 0.18616 1.27728 0.673122
v -0.275807 1.28982 0.307468
v -0.32243 0.226465 -0.368618
v 0.191402 1.17057 -0.116991
v 0.179004 0.857287 0.258768
v -0.172392 1.51232 0.457968
v -0.205466 1.47471 0.379809
v -0.154573 1.11974 -0.187362
v -0.212662 1.14689 0.188941
v 0.181664 1.45925 0.606852
v -0.112492 1.18133 -0.148655
v 0.232306 0.04131 0.363856
v 0.087064 1.02015 0.689131
v -0.686995 0.806731 0.419835
v -0.124203 0.53077 -0.706496
v 0.418685 0.821552 0.456031
v 0.185976 1.1584 0.169017
v -0.015363 0.526426 -0.701815
v 0.228407 1.236 0.205958
v -9.000000000000002e-06 0.619009 -0.761128
v -0.458122 0.13416 -0.160781
v 0.313825 0.232353 0.604071
v 0.679562 0.76254 0.301752
v 0.210632 0.166228 0.554181
v 0.218321 0.929125 -0.615488
v -0.466117 1.00004 0.097572
v -0.036555 0.378977 1.00865
v 0.214165 0.92551 -0.611168
v 0.116644 0.929102 0.582707
v -0.176351 0.115752 0.493007
v 0.114603 1.15123 -0.073895
v -1.1e-05 0.653213 -0.835906
v 0.091157 0.393411 -0.533084
v -0.223805 1.01748 0.599702
v -0.19464 0.625155 0.882585
v -0.339128 0.903358 0.124285
v -0.288778 0.847945 0.381531
v 0.212963 0.956555 0.398535
v -0.45853 0.768418 0.391994
v 0.458491 0.775188 0.390135
v -0.132404 1.05172 0.200171
v -0.679814 0.769504 0.301538
v 0.081426 0.657643 0.791309
v -0.874648 0.741883 0.168564
v -0.00129 1.24926 -0.639199
v -0.126239 0.845877 -0.742274
v 0.906095 0.756397 0.097462
v -0.102272 0.769159 0.223598
v -0.106873 1.17062 0.11643
v -0.705183 0.87035 0.195256
v -0.545532 0.850548 0.391259
v 0.086899 1.04522 0.176538
v 0.181798 0.062877 0.430194
v -0.151891 1.09594 -0.011788
v 1.8000000000000004e-05 0.926827 0.233626
v -0.112272 1.23128 -0.481054
v -0.195735 0.963399 0.53704
v -0.131695 0.904756 0.359943
v 0.274444 1.13196 0.310602
v 0.638625 0.936155 0.138636
v 0.342108 0.962111 0.194732
v -0.63862 0.936164 0.138623
v -0.108355 1.23663 -0.478818
v 0.158248 1.45474 0.312637
v 0.269803 0.136678 -0.276974
v 0.19402 0.658541 -0.506701
v 0.134852 0.532476 0.988561
v 0.547593 0.899012 0.236578
v 0.460283 0.906778 0.105044
v 0.127062 0.543291 -0.520783
v -0.462238 0.900385 0.246138
v 0.092564 0.895358 0.507186
v 0.102148 0.768629 0.224421
v 0.430412 0.874128 0.317323
v -0.056917 1.31524 0.747386
v 0.10653 1.23839 -0.265694
v 0.239523 1.04606 0.570559
v -0.098988 0.930609 0.257909
v -0.182581 0.96717 0.422274
v -0.074117 0.941957 0.583412
v -0.638829 0.984299 0.072145
v -0.234421 1.0086 0.395474
v -0.127144 0.543278 -0.52085
v 0.207073 0.990336 0.448085
v -0.054608 0.294871 1.1116
v -0.075956 1.51716 0.338553
v -0.11163 1.09618 0.00040799999999999864
v 0.282665 0.523722 -0.564211
v 0.14027 0.960154 0.557987
v 0.601441 0.948779 0.072948
v -0.892563 0.731766 0.219703
v -0.414395 0.008386000000000001 -0.28052
v -0.154493 1.22907 -0.238227
v 0.100044 1.2576 -0.34839
v -0.932889 0.776057 0.179997
v -0.293457 0.048191 0.552657
v -0.066324 0.927692 0.544573
v 0.127342 0.389422 -0.448676
v -0.289211 0.490377 -0.425663
v -0.116371 0.616205 0.867749
v 0.372852 0.811115 -0.492527
v 0.570399 0.84888 0.344381
v 0.044859 1.28024 -0.494083
v 0.075924 0.392808 1.01924
v 0.117714 1.18658 -0.152142
v 0.038033 0.958275 0.141703
v 0.257992 0.356653 -0.346246
v -0.103413 1.58227 0.505309
v -0.453335 0.076316 -0.387134
v -0.13364 0.900489 0.436117
v 0.148988 0.688726 0.591427
v -0.071732 0.757948 0.602329
v -0.174396 0.638938 -0.553161
v 0.2767 0.137877 -0.277035
v -0.12303 1.56387 0.452359
v -0.105713 0.676793 -0.470331
v 0.153918 0.228757 -0.302183
v -0.74493 0.815663 0.32475
v 0.744922 0.815686 0.324718
v -0.30131 0.954123 0.200803
v -0.061179 0.661664 -0.442019
v 0.142198 0.916548 0.42321
v 0.010785 0.86629 0.35344
v 0.127433 1.03756 0.184157
v 0.167307 0.622157 -0.588627
v 0.222215 0.735353 -0.722267
v 0.172155 0.776359 0.272181
v -0.12777 0.869352 0.256195
v 0.18967 0.981096 0.328062
v -0.461867 0.009131 -0.294265
v 0.064475 0.919654 0.156842
v 0.080173 0.608223 -0.341985
v 0.274025 1.18794 0.586307
v 0.160229 1.00964 0.624494
v -0.318366 0.866795 0.353247
v 0.317028 0.943973 -0.488361
v -0.061838 1.27045 -0.416323
v 0.072709 0.708329 0.411596
v -0.233048 0.533068 -0.651597
v 0.651161 0.823154 0.4087
v -0.103666 0.781297 0.576591
v -0.064285 1.26407 -0.417847
v 0.87276 0.81303 0.076833
v -0.954938 0.797886 0.09103
v 0.281852 1.29164 0.304515
v 0.118568 0.665795 -0.438356
v -0.115368 0.572472 -0.392979
v -0.297589 0.773774 0.377137
v 0.920808 0.807463 0.115419
v 0.11105 0.658104 -0.434742
v 0.125009 1.28249 -0.523005
v -0.203527 1.243 0.195169
v 0.117371 1.41318 0.689255
v 0.253987 0.477008 -0.538042
v -0.767474 0.799905 0.385763
v -0.312746 0.050797 0.33021
v 0.131978 0.931223 0.439221
v -0.108252 0.534425 0.96752
v -0.033176 0.537681 0.934811
v -0.251875 0.628848 -0.579964
v -0.779116 0.869335 0.140948
v 0.255432 0.127018 0.583622
v -0.412722 0.041827 -0.395647
v 0.134812 0.471611 0.983092
v -0.308492 0.954979 0.096065
v 0.230455 1.23333 0.212098
v -0.268709 1.07234 0.52123
v 0.184821 1.19662 -0.132993
v -0.083796 0.986126 0.092049
v 0.183236 1.01625 0.276217
v -0.149378 1.34371 0.190096
v 0.324812 0.141221 -0.180294
v -0.151441 0.46332 0.983413
v -0.91349 0.771822 0.297631
v -0.058877 0.534544 -0.710956
v -0.319846 0.544776 -0.497669
v 0.256413 0.027898 0.512037
v -0.212594 1.07003 -0.0025249999999999995
v 0.070276 1.43142 0.233087
v 0.02724 0.762857 0.313607
v 0.320629 0.139249 -0.17504
v 0.200182 1.10264 -0.086228
v -0.147698 0.468065 0.986945
v 0.794641 0.884269 0.060343
v -0.159234 0.528894 -0.610916
v 0.168441 0.924505 0.463888
v 0.193479 0.934134 0.178415
v -0.248737 1.09682 0.568212
v 0.256365 1.2302 0.598553
v -0.050031 0.784819 0.352505
v -0.382593 0.831411 0.431102
v 0.928862 0.772019 0.199851
v 0.08001 0.609038 -0.348936
v 0.80788 0.800994 0.336731
v -0.053975 0.76598 0.307783
v 0.071527 1.61058 0.471975
v -0.125196 0.47101 1.04193
v -0.476436 0.023418 -0.386368
v 0.185647 1.15849 0.183834
v -0.172702 1.29095 0.196767
v -0.332587 0.660845 -0.598411
v -0.081026 0.631159 -0.352483
v -0.454878 0.206986 -0.126917
v 0.439321 0.010033 -0.286621
v -0.085471 0.906756 0.275422
v -0.228398 1.03342 0.522536
v 0.131014 1.28575 0.742679
v 0.207377 0.565257 -0.517346
v -0.131966 1.29828 -0.527007
v -0.095201 1.27023 -0.62337
v -0.193519 0.730983 0.576417
v 0.16897 1.0606 0.040655
v 0.116497 0.834698 0.314
v 0.136579 0.892243 0.200292
v 0.846211 0.890594 0.075626
v 0.517971 0.777371 0.423992
v 0.398713 0.969147 0.08836
v -0.846174 0.89065 0.075566
v 0.228516 0.958314 0.157916
v -0.199798 1.15278 0.19248
v 0.228389 0.655092 -0.731521
v -0.174491 1.02781 0.244683
v -0.408184 1.09767 -0.290499
v 0.106008 0.534232 -0.639757
v -0.227041 1.31194 0.627587
v 0.164074 1.53638 0.581187
v -0.099372 1.28355 -0.604025
v -0.229645 0.92421 0.205814
v -0.122141 0.99253 0.197498
v -0.342372 0.037965 -0.388138
v 0.11132 0.433954 1.07674
v 0.201691 0.619786 -0.687798
v 0.122204 0.855146 0.285648
v 0.68287 0.78086 0.38501
v -0.207127 0.842354 -0.670806
v -0.130167 1.17146 0.151277
v 0.120702 0.959607 0.02722
v -0.117166 0.884579 0.341111
v 0.025346 0.77167 0.48789
v -0.856906 0.757808 0.327608
v 0.215309 0.84051 0.32705
v 0.314531 0.799267 -0.586397
v 0.130073 1.328 0.70709
v -0.15259 0.568441 -0.369721
v -0.057981 0.39963 1.06644
v -0.141265 1.12733 0.17809
v 0.14886 0.794264 0.475727
v 0.199046 0.727578 0.588473
v -0.031807 1.62714 0.472797
v -0.20307 0.877084 -0.666726
v -0.067731 0.964528 0.112669
v -0.257947 0.625735 -0.471004
v 0.056282 0.336064 1.07407
v -0.147285 1.51559 0.668659
v 0.137675 0.937256 0.268881
v -0.392221 0.178822 -0.057777
v 0.204991 0.69943 0.669479
v 0.192467 1.4878 0.430546
v -0.184099 0.707484 0.759722
v -0.040123 1.56389 0.655636
v 0.426556 1.07134 -0.256031
v -0.114957 1.36816 0.709339
v 0.03479 1.44331 0.731051
v -0.177032 0.061889 0.358436
v 0.105328 0.884355 0.394957
v 0.193312 0.556943 -0.472249
v 0.184921 1.04974 -0.011665000000000002
v -0.169005 0.990513 0.047415
v 0.126069 1.53684 0.450025
v 0.140816 1.54363 0.460417
v -0.097919 1.46553 0.281891
v -0.118672 1.50103 0.329356
v -0.13343 0.597613 -0.4253
v 0.298128 0.78108 -0.607049
v 0.113188 0.988414 0.203201
v -6.000000000000796e-06 0.936997 0.211298
v -0.260805 0.76587 0.367281
v -0.537454 0.785331 0.451961
v 0.060366 0.788562 0.377874
v -0.113464 0.937186 0.050052
v 0.294235 0.606806 -0.567687
v -4.999999999999796e-06 0.72437 0.216646
v 0.345279 0.776512 0.419017
v -0.109171 0.890721 0.361476
v 0.152278 1.26469 -0.467994
v 0.057051 1.60594 0.568914
v -0.103477 1.60067 0.631727
v -0.165074 1.22981 -0.338584
v 0.191927 0.626981 -0.381278
v 0.09593 1.58233 0.651188
v 0.049225 1.28546 -0.56237
v -0.027741 1.56979 0.421527
v -0.169883 0.780404 -0.73397
v -0.188267 0.735242 0.578228
v 0.158784 0.931587 0.155816
v -0.049259 0.761088 0.14529
v -0.269754 0.191219 -0.224758
v -0.145533 1.42702 0.672417
v -0.114776 1.45539 0.717408
v 0.180863 0.637972 -0.409001
v 0.18665 1.0568 0.232218
v -0.362107 -0.00017799999999999934 -0.343539
v 0.131653 0.93497 0.091579
v 0.119964 1.43601 0.680109
v -0.185623 0.838848 0.316164
v -0.876344 0.790817 0.242339
v 0.151461 1.58142 0.508915
v 0.145835 1.3409 0.195418
v 0.058181 1.00967 0.155954
v -1.3000000000000004e-05 0.637895 -0.385393
v -0.076507 0.81007 0.139819
v 0.049024 1.25043 -0.609508
v 0.096293 1.47747 0.722843
v -0.19126 0.634702 -0.398313
v 0.109278 0.793116 0.377088
v 0.054448 0.818686 0.124836
v -0.1568 1.44483 0.68194
v 0.069746 1.62015 0.563323
v 0.194952 0.774975 0.390368
v -0.04724 0.853058 0.114125
v -0.253402 0.621781 -0.576294
v -0.262725 0.612394 -0.468682
v 0.350473 0.830235 0.448398
v 0.161976 0.809006 0.35417
v -0.156391 0.657684 -0.431714
v 0.22311 0.836559 -0.658924
v 0.0292 0.934007 0.116611
v -0.348492 0.159547 -0.151212
v -0.027008 1.10273 0.144392
v -0.256852 0.174905 -0.19753
v 0.207907 0.999489 0.352247
v -0.137356 1.57554 0.490029
v -0.101961 1.61147 0.491819
v 0.213527 0.557432 -0.405684
v 0.027146 0.868054 0.478018
v -0.210287 1.01144 0.328083
v 0.117141 0.624621 -0.423458
v -0.255131 0.585448 -0.537885
v 0.079957 0.73107 0.392254
v -0.090362 0.803099 0.431304
v 0.088395 0.799178 0.163019
v 0.103482 0.891756 0.316966
v -0.440489 1.04805 -0.29042
v 0.179411 1.43302 0.321062
v 0.11035 0.801179 0.22133
v -0.099881 0.763956 0.232346
v -0.896062 0.830302 0.058656
v 0.267101 0.592401 -0.491119
v -0.098387 0.779514 0.286848
v -0.13324 0.759774 0.419063
v -0.026209 0.893545 0.298336
v 0.025317 1.52833 0.34308
v 0.136049 0.911984 0.29862
v 0.305089 0.642227 -0.641125
v -0.150564 1.58095 0.602297
v 0.104745 1.52283 0.36943
v -0.173093 0.773778 0.326317
v -0.079769 0.901384 0.086349
v 0.025732 0.784036 0.104541
v -0.26778 0.855691 -0.613779
v 0.235491 0.577809 -0.443225
v -0.263115 0.852801 -0.609433
v 0.038906 1.50028 0.742713
v -0.212545 0.56434 -0.405476
v -0.132181 1.55385 0.634713
v 0.059077 0.759536 0.314433
v -0.01771 1.49646 0.746285
v -0.426775 1.09029 -0.263651
v 0.275886 0.837868 -0.616085
v 0.0004360000000000006 1.54346 0.705269
v -0.016474 0.839989 0.132738
v -0.11652 0.856943 0.172189
v 0.131196 0.858327 0.229743
v -0.050968 0.74672 0.292138
v -0.200631 0.041626 0.397999
v -0.188876 1.27937 0.667648
v 2.099999999999997e-05 0.71867 0.34193
v 0.14 1.59283 0.535404
v 0.113591 1.55136 0.436785
v 0.050979 0.746547 0.292055
v 0.447561 0.231503 -0.121319
v -0.073353 1.60205 0.608417
v -0.023793 0.775619 0.382242
v 0.149726 1.56885 0.635231
v 0.140775 0.825067 0.293712
v 0.155125 1.36088 0.679106
v -0.01379 0.857469 0.365475
v -0.157087 0.914482 0.411514
v 0.404619 1.09055 -0.279348
v -0.145126 1.4398 0.665976
v 0.374387 -0.00015300000000000036 -0.364087
v 0.156649 1.02042 0.201268
v 0.161854 1.51425 0.653455
v -0.229273 0.096743 0.552882
v -0.111147 1.54629 0.439343
v -0.100046 0.913508 0.263967
v -0.185634 0.623417 -0.409041
v 0.013465 0.952804 0.186892
v -0.077264 1.62038 0.465507
v 0.237074 0.597727 -0.411498
v -0.139654 0.927343 0.273422
v -0.144745 0.931054 0.410794
v 0.380997 0.183126 -0.140752
v -0.114702 1.04056 0.172955
v -0.091462 0.773242 0.309555
v 0.118067 0.543403 -0.692823
v -0.240376 0.589121 -0.520616
v 0.01167 1.549 0.650876
v 0.109701 0.852153 0.23012
v 3.100000000000325e-05 0.677782 -0.474643
v -0.025683 1.63829 0.543017
v 0.098082 0.940492 0.222284
v 0.180341 1.45086 0.60222
v -0.097637 0.814719 0.243078
v 0.105651 0.767819 0.299584
v 0.142218 0.794074 0.216093
v 0.233689 0.563247 -0.508276
v 0.082026 0.880992 0.333338
v -0.088735 1.45753 0.721021
v -0.104111 0.809308 0.225752
v 0.072449 0.88113 0.367643
v -0.034648 1.59532 0.457442
v 0.232977 0.02063 0.369158
v -0.086095 0.820739 0.230534
v 0.225693 0.633054 -0.625001
v 0.093381 0.786471 0.268838
v -0.162153 1.52283 0.612705
v 0.103436 0.917907 0.281289
v 0.099829 0.849712 0.18779
v -0.381839 0.045476 0.32801
v -0.061523 0.916075 0.137398
v 0.147027 0.908589 0.346896
v 0.323364 0.055549 0.327913
v -0.14313 0.818538 0.293007
v 0.078363 0.878831 0.134476
v -0.273909 0.049378 0.35769
v -0.283877 0.61691 -0.52283
v 0.082759 0.866679 0.41137
v -0.117739 0.859832 0.178447
v -0.248928 0.58041 -0.456351
v 0.249196 0.602494 -0.437841
v 6.000000000000796e-06 0.872197 0.337673
v -0.081131 0.865388 0.405599
v -0.189743 0.620954 -0.384084
v 0.140583 0.9454 0.295228
v 0.116939 0.859824 0.178537
v -0.134868 0.929982 0.328039
v -0.132468 0.921658 0.281796
v -0.260313 0.043124 0.335859
v -0.022563 0.962925 0.178769
v 0.06491 0.97426 0.182222
v -0.051256 0.747559 0.328712
v -0.070187 1.00169 0.188594
v -0.01681 0.85614 0.389575
v -0.018749 1.61986 0.560469
v -0.364793 0.012874 0.364382
v -0.242571 0.645282 -0.618712
v -0.080144 0.929243 0.244605
v 0.426836 0.020305 -0.389907
v 0.10108 0.808102 0.258527
v 0.206258 0.638453 -0.439673
v 0.112687 0.887448 0.404493
v -0.035199 0.888994 0.148594
v -0.06505 0.936368 0.217497
v 0.2545 0.594682 -0.395732
v -0.017719 0.761081 0.316845
v -0.108396 0.811414 0.292908
v 0.379089 0.18161 -0.13419
v -0.012754 0.756792 0.319285
v 0.112098 0.931098 0.234988
v 0.25997 0.620245 -0.569796
v -0.099411 0.879513 0.408083
v -0.294343 0.606718 -0.56766
v 0.075444 0.955939 0.191228
v -0.075422 0.95591 0.191222
v 0.290391 0.037161 0.318584
v 0.278071 0.630713 -0.609104
v -0.0006119999999999997 0.838967 0.119342
v -0.258467 0.621423 -0.576488
v 0.052469 0.861241 0.381951
v -0.181866 0.589462 -0.406326
v -0.286294 0.604744 -0.606868
v 3.0000000000000512e-05 0.644569 -0.433862
v -0.104554 0.856255 0.195004
v -0.253279 0.579065 -0.382411
v -0.095193 0.87824 0.359574
v -0.043748 1.56863 0.613417
v 0.243452 0.617936 -0.626565
v 0.307477 0.6069 -0.514693
v -0.234275 0.605905 -0.599675
v -0.24262 0.646278 -0.618792
v 0.013983 1.56375 0.668214
v -0.280759 0.610654 -0.523185
v 0.272073 0.603715 -0.630778
v 0.280611 0.610739 -0.523203
v 0.258328 0.645339 -0.59477
v -0.03725 1.57027 0.655845
v 0.062893 0.882431 0.335186
v -0.05172 0.871554 0.356454
v -0.119784 0.993691 0.202829
v 0.240551 0.6453 -0.596806
v 0.092775 0.77977 0.261527
v -0.230481 0.608001 -0.400056
v 0.251617 0.595191 -0.592551
v -0.09296 0.780471 0.245025
v 0.012736 0.874922 0.13757
v -0.04804 0.843873 0.144329
v -0.010883 1.58449 0.595252
v -0.316436 0.010662 0.343114
v -0.281874 1.29162 0.304476
v 0.267967 0.568963 -0.595215
v -0.346581 0.028631 0.347108
v 0.351846 0.025216 -0.41939
v 0.104104 0.855367 0.193911
v 0.392619 0.020268 -0.433024
v 0.474482 0.026744 -0.402208
v 0.377171 0.034949 -0.400569
v -0.046432 0.947583 0.209526
v -0.403618 0.00456 -0.387945
v 0.390746 0.005579 -0.389588
v 0.089991 0.927409 0.243413
v -0.046315 0.871149 0.344177
v 0.094247 0.898073 0.30012
v 0.34757 0.006815999999999999 -0.368629
v 0.354404 0.048015 0.335076
v 0.23969 0.595427 -0.386392
v -0.444404 0.006572 -0.362994
v -0.151641 1.56874 0.536109
v 0.334765 0.040863 -0.389427
v -0.327532 0.032166 -0.384455
v 0.030183 0.841591 0.132342
v -0.467842 0.031145 -0.362555
v 0.46782 0.031167 -0.362525
v -0.263521 0.593799 -0.61981
v 0.402828 0.010653 -0.388075
v 0.031785 0.851346 0.385929
v -0.298323 0.045884 0.316017
v -0.09728 0.877291 0.371635
v -0.011911 0.9523 0.199218
v -0.089876 0.911942 0.278291
v 0.294298 0.044654 0.353438
v -0.031585 0.855292 0.374814
v 0.322105 0.05388 0.341843
v -0.389384 0.038304 -0.415232
v -0.044332 0.847316 0.149269
v 0.107449 1.00149 0.191069
v 0.27005 0.0369 0.368015
v 0.02368 1.57863 0.606398
v 0.011238 1.58824 0.576769
v -0.439593 0.036476 -0.38803
v 0.363452 0.009229 0.335532
v 0.096506 0.880296 0.32621
v -0.387631 0.04286 -0.389296
v 0.450267 0.016927 -0.35397
v 0.397897 0.046362 -0.389439
v -0.245277 0.040796 0.365591
v -0.367765 0.024631 0.306952
v -0.387716 0.014595 0.305343
v 0.417024 0.010711 -0.427116
v 0.083411 0.924891 0.252671
v 0.375103 0.019983 0.300993
v 0.364878 0.048569 0.343328
v 0.427864 0.03267 -0.379765
v -0.098307 0.793141 0.280862
v 0.263817 0.046901 0.341323
v 0.332998 0.028159 0.341036
v -0.32848 0.006787 -0.405569
v 0.035157 0.889513 0.148662
v 0.454694 0.040826 -0.37709
v 0.081554 0.944455 0.218768
v 0.092737 0.897424 0.292908
v 0.461522 0.013849 -0.42128
v -0.089638 0.892667 0.302831
v -0.097351 0.932821 0.22429
v -0.068117 0.949625 0.204706
v 0.335446 0.029624 -0.377147
v -0.267549 0.016394 0.351136
v 0.450192 0.015229 -0.363216
v -0.125246 1.03142 0.204027
v -0.034314 0.95626 0.178638
v -0.076718 0.890969 0.319096
v -0.391221 0.01206 -0.391684
v 0.02403 0.946039 0.19847
v -0.314716 0.032178 0.360743
v 0.27354 0.580053 -0.618233
v 0.333202 0.006168 -0.426293
v 0.370566 0.03702 -0.380395
v -0.272908 0.568305 -0.606964
v 0.36031 0.029709 0.367395
v -0.440041 0.0226 -0.361293
v -0.359289 0.044264 0.362404
v -0.100965 0.906467 0.275481
v -0.318082 0.023093 0.288027
v -0.351402 0.028243 -0.368353
v 0.006748 0.740825 0.30988
v -0.411414 0.017005 -0.438963
v 0.392481 0.021928 0.313373
v -0.458758 0.003507 -0.409517
v 0.312178 0.01777 0.286991
v -0.333785 0.019573 -0.427821
v 0.269447 0.574107 -0.60501
v 0.472151 0.50917 0.007218000000000002
v -0.187172 0.612307 0.467862
v -0.112187 0.182611 -0.269108
v -0.046219 0.940218 -0.696345
v -0.513122 0.267827 -0.287391
v -0.069024 0.719493 0.346288
v 0.067262 1.04049 -0.516488
v 0.278252 0.274747 -0.322917
v 0.117566 1.3232 0.718938
v 0.028836 0.562073 0.908841
v 0.048266 0.022294 0.244741
v -0.453648 0.869989 0.137393
v -0.164923 0.967393 0.492342
v -0.323977 1.21904 0.435158
v 0.424515 0.189497 0.212013
v 0.41207 0.239817 -0.39191
v -0.809774 0.848184 0.07746
v 0.077445 0.97152 0.61383
v -0.294547 1.24813 0.581295
v 0.086537 1.04555 0.17741
v 0.169099 1.12837 0.718009
v -0.202604 1.09606 0.240137
v -0.478168 0.467657 0.132939
v 0.219009 1.44037 0.482346
v 2.3000000000000017e-05 1.32312 0.154796
v -0.253093 1.20112 0.590393
v -0.436764 0.591495 -0.021998
v 0.264206 0.745159 0.092078
v 0.03587 0.735263 0.630418
v 0.26554 0.068336 0.166493
v -0.05773 1.45144 0.751057
v 0.075356 1.17151 0.742363
v 0.373786 0.587579 0.317299
v -0.641 0.977646 0.071976
v -0.260295 1.12074 0.554132
v 0.259085 1.2004 0.593939
v -0.133152 0.679725 0.383061
v 0.057152 1.01391 -0.614786
v 0.076436 1.39763 0.201302
v -0.064168 0.587813 0.692423
v 0.205754 1.09506 0.603807
v -0.139126 0.414196 -0.558505
v -0.688075 0.818153 0.386423
v -0.035882 1.04015 0.012785
v 0.17432 0.693384 -0.770987
v -0.038609 1.13776 -0.111014
v 0.156681 0.622709 0.739199
v -8.099999999999774e-05 0.394008 0.625588
v -0.036838 1.2834 -0.535672
v -0.470312 0.340489 0.363596
v 0.140926 1.48244 0.279097
v -2.5000000000000716e-05 0.59395 -0.440073
v 0.445921 0.528606 -0.160287
v 0.049604 0.449301 0.614346
v 0.376317 0.672981 0.079
v 0.136367 0.810357 0.073715
v 1.4000000000000123e-05 0.034291 0.314473
v 0.534179 0.865027 0.125441
v 0.208794 0.806521 0.42064
v 0.206842 0.767448 0.142625
v -0.145853 1.14289 -0.075219
v -0.028875 1.25566 -0.411877
v -0.218217 1.14522 0.668804
v -0.069801 0.811531 0.115781
v 0.423824 0.613316 -0.064856
v -0.078268 0.562521 -0.434192
v -0.151854 0.627188 0.732136
v -0.205751 0.780532 0.102883
v -0.493902 0.358402 0.019708
v -0.33971 0.007935000000000003 -0.355377
v 0.481177 0.386306 0.168997
v -0.421852 1.0106 -0.314731
v -0.120589 1.17409 0.749941
v 0.265528 0.688841 0.25633
v 0.101514 0.255356 -0.336607
v -0.041873 0.539445 -0.489475
v 0.490435 0.325801 -0.062371
v -0.264268 0.744964 0.09224
v 0.043045 1.06172 0.728482
v 3.300000000000004e-05 0.450175 -0.730813
v 0.140697 1.25512 0.163303
v 0.416037 0.576837 0.188155
v 0.040752 1.35753 0.142289
v -0.378779 0.783642 0.229705
v 0.146836 0.788703 0.479466
v 0.062965 1.08908 -0.231465
v 0.458533 0.768428 0.391951
v -0.437183 0.344089 -0.363949
v -0.373874 0.587528 0.317173
v -0.84116 0.787649 0.34576
v 0.495013 0.373716 -0.017781
v 0.451983 0.34737 0.326176
v 4.799999999999943e-05 0.911426 -0.063178
v 0.060583 1.01288 -0.096361
v -0.354525 0.721439 -0.036394
v 0.051281 1.08248 0.149067
v -0.368941 0.583028 0.315071
v 0.124833 0.091036 -0.149638
v 0.287874 0.079472 0.036118000000000004
v -0.531295 0.826842 0.169249
v 0.240054 1.03955 0.343495
v -0.240152 1.03962 0.343477
v 0.063479 0.642371 0.468246
v -3.700000000000231e-05 1.12005 0.739722
v -0.319681 1.20684 0.338414
v 0.138945 1.04036 -0.38001
v -0.449216 0.387975 0.477184
v 0.462089 0.401064 0.372892
v -1.9e-05 0.090746 -0.152598
v -5.8999999999996555e-05 0.647817 0.512805
v 0.392943 0.654826 -0.25673
v 0.059281 1.54322 0.336314
v 0.241416 1.03162 -0.331957
v 0.247904 1.32973 0.607191
v 0.095015 0.794397 -0.770963
v -0.268088 0.502146 -0.552221
v -0.044293 1.20055 -0.468794
v 0.415973 0.938046 -0.284246
v -3.500000000000031e-05 1.22074 0.78116
v -0.256905 0.763476 0.33017
v -0.147315 1.38791 0.217358
v -0.23098 1.34083 0.603783
v 0.265267 1.15972 0.240323
v 0.325298 1.10773 0.420563
v -0.025815 0.695557 0.275344
v 0.176297 0.571908 0.50516
v 0.490934 0.135353 -0.17677
v -0.462842 0.253725 0.161217
v -0.534171 0.86504 0.125425
v 0.149127 1.12533 -0.185793
v 0.517122 0.303193 -0.226302
v -0.058945 0.030865 0.055329
v -0.44 0.086907 0.40972
v -0.392846 0.051281 -0.201845
v -0.058567 0.037801 0.056194999999999995
v 0.445983 0.084183 0.407395
v -0.175916 0.042849 0.068699
v -0.078835 1.53311 0.685579
v -0.183951 0.992709 -0.566777
v -0.293389 0.710673 -0.662978
v -0.236332 0.080729 -0.030803
v -0.184029 0.921717 -0.140689
v 0.825271 0.755318 0.147958
v 0.113469 0.656911 0.605956
v 0.534824 0.869253 0.130985
v 3.200000000000078e-05 0.455521 -0.726294
v -0.181921 0.916703 -0.145096
v -0.154588 0.895516 0.316485
v -0.118484 1.03023 -0.092262
v -0.038882 0.925918 0.596756
v -0.163839 1.47756 0.362391
v -0.119997 0.282855 0.629611
v -0.683432 0.811157 0.143685
v -0.110521 0.595975 0.748341
v -0.421307 0.582953 -0.197177
v 0.696895 0.7631 0.240809
v -0.191144 0.628586 -0.67029
v 3.399999999999931e-05 1.36504 0.132578
v 0.416289 0.128284 -0.395156
v -0.170594 1.41229 0.650248
v 0.417044 0.165596 0.084889
v 0.231811 0.516082 -0.649483
v -0.416521 0.784328 -0.365102
v 0.318595 1.31088 0.483904
v 0.275413 1.38593 0.356183
v -0.278348 1.04217 0.382114
v -0.119148 0.283889 0.62274
v 0.241843 0.933966 -0.17805
v -0.470993 0.461182 -0.24232
v 0.45233 0.531209 -0.161357
v -0.201888 0.869923 0.160111
v 0.221796 0.031037 0.506115
v -0.481921 0.199663 0.440243
v 0.331737 0.10742 0.053684
v 0.051853 0.878183 0.361909
v 0.088177 0.89334 -0.729783
v 0.391175 0.414709 0.521395
v 0.223333 0.985477 0.347414
v 0.200855 1.40722 0.660571
v -0.243704 0.586516 0.457665
v 0.076913 1.34952 0.16386
v 0.239438 1.40691 0.310751
v -0.094385 0.888915 0.509256
v -0.106361 0.529586 0.844902
v -0.380953 0.777597 -0.508201
v 0.426677 0.373804 0.524598
v 0.049563 1.05149 0.143175
v -0.299483 0.857555 0.148301
v -0.492377 0.397059 -0.090155
v 0.827419 0.752339 0.310383
v 0.230212 1.13523 0.203967
v -0.236426 1.40243 0.315139
v -0.475326 0.271408 0.402615
v -0.358239 0.540966 -0.403379
v -0.231609 0.420752 0.595392
v 0.378771 0.743493 -0.198332
v 0.321064 0.819501 -0.159203
v -0.356726 0.785035 -0.175164
v 0.3224 1.25287 0.363019
v -0.08345 0.395101 1.02488
v 0.544538 0.843928 0.389219
v 0.052644 0.876983 0.47203
v -0.94071 0.728923 0.206161
v -0.077949 0.613281 0.852388
v 0.290489 1.34055 0.419156
v -0.418606 0.193048 0.210911
v 0.11873 1.50091 0.329326
v 0.326635 0.769417 0.342218
v 0.972811 0.75453 0.180903
v -0.212923 0.994865 0.350776
v -0.426049 0.944161 -0.307445
v -0.284106 1.33779 0.419745
v 0.217817 1.46506 0.468656
v -0.107897 0.99318 -0.02886
v -0.163281 0.188508 -0.271856
v -0.328552 1.17523 0.503319
v -0.342974 0.105903 0.247643
v -0.213397 0.372178 -0.363957
v -0.050935 1.18294 -0.434998
v 0.436398 1.0529 -0.309301
v -0.069115 1.04359 -0.330082
v 0.158059 0.672439 -0.47394
v -0.350846 0.782733 -0.178185
v 0.285474 0.729706 -0.662732
v 0.302561 1.25163 0.368977
v -0.301165 1.26587 0.545222
v 0.211363 0.814113 0.204246
v 0.416437 0.665845 -0.397986
v -0.083667 1.03011 0.679873
v -0.049595 0.526218 -0.606614
v -0.191701 0.968904 0.306778
v 0.399615 0.62544 -0.366094
v 0.236681 0.160446 -0.195412
v 0.138345 0.466899 0.979308
v -0.028084 0.288267 1.11325
v -0.161352 0.894404 0.317906
v -0.122238 1.5563 0.492545
v 0.416308 0.07951 -0.404127
v -0.700399 0.766345 0.341091
v 0.299253 0.857561 0.148329
v 0.225145 0.316691 0.610194
v -0.243523 0.011154 0.433213
v -0.117424 0.992174 0.101491
v -0.067282 1.04041 -0.516496
v -0.333653 0.358939 0.585781
v -0.175055 1.27182 -0.360969
v 0.053808 0.524772 -0.655281
v 0.16518 0.658991 0.833936
v -0.124912 1.28434 0.731098
v -0.245009 1.23007 0.209313
v 0.385586 0.124361 0.332713
v -0.162328 0.969726 0.258493
v -0.163479 1.51908 0.680132
v -0.056498 0.361234 1.10182
v 0.587219 0.888424 0.223003
v 0.15093 0.936963 0.389122
v 0.285041 0.184494 -0.196013
v 0.160423 1.04843 0.64799
v 0.75438 0.804159 0.134463
v 0.152053 0.912962 0.344231
v -0.23261 1.46957 0.568257
v 0.117911 0.595889 -0.353969
v -0.475227 0.072895 -0.352267
v -0.226726 1.46657 0.565938
v 0.41804 0.463816 -0.332145
v 0.242528 1.35294 0.576068
v -0.207246 0.566079 -0.517415
v -0.371201 0.85236 0.3937
v -0.549343 0.924612 0.19504
v 0.379105 0.684185 -0.514401
v -0.765383 0.762135 0.216895
v -0.478518 0.830592 0.433932
v -0.044913 0.646421 -0.832004
v 0.332339 0.026872 -0.241984
v 0.309796 1.13527 0.390457
v 0.133839 0.59749 -0.425277
v -0.26973 0.224599 -0.297793
v -0.117164 0.600255 -0.63433
v -0.20445 1.43856 0.576817
v 0.402966 1.06218 -0.257709
v 0.160812 0.700566 0.748383
v -0.095799 0.318132 -0.391576
v -5.000000000000013e-06 0.334872 -0.416191
v 0.218103 0.78247 0.237423
v -0.43808 0.247427 -0.124397
v -1.2999999999999123e-05 0.384808 -0.545338
v -0.312649 0.051111 0.331154
v -1.4000000000000123e-05 0.891451 0.468494
v -0.217222 1.19242 0.199979
v 0.175447 1.54195 0.582463
v 0.16429 0.617033 -0.584933
v -0.290306 1.16868 0.32641
v -0.132562 1.02335 0.682236
v 0.088932 1.01614 0.694554
v 0.414435 0.461314 -0.326692
v -0.097655 1.55457 0.401677
v -0.02738 0.904632 0.274523
v -0.346941 0.416004 -0.356471
v 0.095246 0.41091 -0.573534
v -0.074769 1.2604 0.130056
v 0.226997 1.31191 0.627635
v -0.803967 0.92808 0.05408
v 0.037813 1.60481 0.449406
v -0.055193 1.09865 0.14301
v -0.149815 1.1241 -0.184656
v -0.2525 1.41805 0.469815
v -0.376866 0.564834 -0.368342
v -0.273238 1.14808 0.562728
v 0.05038 0.278672 -0.372969
v -0.10312 0.625323 -0.764475
v -0.231264 1.20149 0.647872
v -0.041853 1.39785 0.727992
v 0.051796 1.56044 0.377849
v -1.8000000000000654e-05 0.957274 -0.152989
v 0.018917 1.44603 0.751631
v -0.249588 1.11998 0.226683
v -0.068893 1.59283 0.418456
v 0.31095 0.915517 -0.515144
v 0.466104 1.00002 0.097583
v -0.072969 1.25914 0.136702
v 0.123871 1.41331 0.708614
v 0.303125 0.072224 0.317327
v -0.264127 0.175258 -0.268049
v -0.217982 0.788767 0.240506
v 0.061225 1.27063 0.743738
v 0.045256 0.906438 0.275419
v 0.077109 0.709826 0.719537
v -0.202278 1.52322 0.473525
v -0.200989 0.958912 0.538166
v 0.082817 0.466216 0.937436
v 0.244983 1.00203 0.475445
v -0.102835 0.993781 0.203082
v -0.10952 0.67048 0.567459
v -0.077539 0.575402 -0.482363
v 0.027316 0.822149 0.117582
v -0.493681 0.05793 -0.246636
v 0.138394 1.21315 0.151232
v 0.165526 0.722052 0.712163
v -0.872872 0.735179 0.167613
v 0.375079 0.155558 0.581583
v -0.384665 0.960181 0.187381
v 9.999999999999999e-06 0.610926 -0.825752
v 0.106911 1.17067 0.116455
v 0.545544 0.85055 0.391256
v -0.25519 0.570121 -0.59711
v -0.218199 1.02083 0.59718
v -0.236023 0.621215 -0.418781
v -0.212352 0.892186 -0.637757
v 0.111036 1.12734 -0.038342
v 0.056883 1.31523 0.747406
v -0.380488 0.937861 0.225497
v -0.121638 0.683176 -0.538546
v -0.440233 0.245877 -0.117919
v -0.529357 0.860369 0.353201
v -0.651428 0.962931 0.107503
v -0.115712 0.669222 0.802843
v 0.074079 0.941992 0.583434
v 0.038024 0.653005 0.775506
v -0.589011 0.893622 0.227325
v 0.336339 0.054681 0.547849
v -0.332871 1.05197 -0.261639
v 0.142404 0.552285 -0.501143
v 0.163735 1.08632 0.678851
v -0.040915 0.700482 -0.55838
v 0.254147 1.04036 0.497906
v 0.23422 1.06293 0.284999
v -0.02405 0.374824 1.06726
v -0.245129 0.582007 -0.587058
v 5.000000000000013e-06 0.737658 0.188636
v -0.28064 1.06668 0.435168
v 0.082477 1.24039 -0.549167
v -0.481027 0.07167 -0.35599
v -0.044472 0.042016 0.386133
v 0.158373 1.10636 0.188846
v 0.601785 0.949972 0.079837
v 0.129992 0.383429 -0.451138
v -0.151021 1.01665 0.233437
v -0.294076 1.34354 0.323111
v -0.113021 0.533974 -0.557399
v -0.275912 0.194236 -0.226162
v -0.155191 0.769442 -0.758754
v 0.229025 1.06623 0.288337
v -0.280532 0.151347 -0.315185
v 0.098334 0.621899 -0.749726
v 0.137674 0.937256 0.268881
v -0.161694 1.41645 0.274537
v 0.029984999999999998 1.09615 -0.03948
v 0.211476 0.66835 0.755109
v -0.570404 0.848865 0.344427
v 0.309175 0.993057 0.141796
v -0.130139 1.50985 0.669119
v -0.359285 0.687686 -0.568745
v -0.058542 0.910976 0.508091
v -0.626018 0.901826 0.096389
v -0.251004 0.3928 -0.363906
v 0.494811 0.067979 -0.277626
v 0.200631 0.041626 0.398
v -0.309908 0.993068 0.141706
v -0.037858 1.59978 0.471317
v 0.136236 1.53901 0.423115
v -0.073678 0.562726 0.916752
v 0.319123 0.859944 0.35199
v -0.180464 1.11359 -0.033941
v 0.098451 0.96664 -0.005589
v -0.063783 0.818613 0.354541
v 0.249573 0.48234 -0.536996
v 0.076855 1.19073 -0.1861
v -0.143545 0.663891 -0.463684
v 0.06028699999999999 1.13924 0.140053
v -0.184001 0.743079 0.651645
v 0.155477 1.39315 0.206695
v 0.206284 0.045026 0.400339
v -0.112043 1.241 -0.267502
v 0.153567 0.555993 -0.415668
v -0.161713 0.52268 0.928912
v -0.037632 0.943919 0.200432
v 0.043297 0.925979 0.235258
v 0.040006 0.655394 -0.408288
v -0.144757 1.54196 0.601031
v 0.213355 0.372349 -0.363866
v -0.870634 0.80945 0.071175
v 0.38249 1.00366 -0.235662
v 0.183842 0.602542 0.853239
v 0.120226 0.552235 -0.470178
v -0.300491 0.004187 0.483104
v 0.100849 0.765114 0.233317
v 0.073612 1.21238 -0.222361
v 0.034711 1.21918 -0.302083
v 0.30957 0.870307 0.313356
v 0.173097 0.77376 0.326334
v 0.202384 0.949865 0.154438
v -0.279942 0.862147 0.347018
v -0.029489 0.766671 0.557777
v 0.283765 0.780059 -0.627472
v -0.254057 0.477002 -0.538015
v 0.939286 0.722117 0.20679
v 0.077946 0.798481 0.46427
v -0.639075 0.931339 0.06935
v -0.513663 0.800028 0.45697
v 0.268402 0.199492 -0.262356
v 0.07806 1.24524 -0.546711
v 0.775626 0.85084 0.174808
v 0.190051 1.04586 -0.01443
v 0.301867 0.058072 -0.330063
v 0.037848 1.21894 0.102233
v -0.260981 0.465216 -0.421948
v -0.037952 0.567849 -0.397943
v 0.190257 1.34244 0.19566
v -0.217394 0.835532 0.357687
v -0.702728 0.865254 0.191133
v 0.162942 1.20171 -0.295106
v 0.123091 0.100287 0.503931
v -0.199115 1.22529 -0.311357
v 0.879647 0.886462 0.051721
v 0.124053 0.530846 -0.706351
v -0.125438 1.48357 0.326403
v 0.266353 0.893685 -0.588538
v -0.113124 0.537619 -0.6712
v -0.191985 0.666941 0.805192
v 0.272727 0.274155 -0.327174
v 0.726792 0.824419 0.292963
v -0.270959 1.30847 0.270822
v 0.143071 1.24953 -0.414666
v -0.028654 0.889818 0.146888
v -0.355576 0.759466 -0.542894
v -0.186703 1.14363 0.672423
v 0.264517 0.912843 0.228324
v 0.13454 1.2863 0.7487
v 0.029372 0.769156 0.328851
v 0.149506 0.425738 -0.594426
v 0.305448 0.515642 -0.479429
v 0.152935 1.28706 -0.375249
v 0.726737 0.959042 0.061176
v -0.172588 0.55073 0.9861
v 0.140249 0.886609 0.198344
v -0.070213 1.4315 0.233107
v 0.018615 0.882553 0.418168
v 0.062681 1.02925 0.043955
v 0.051283 0.847376 0.149611
v 0.057281 0.511691 0.974224
v -0.90332 0.87413 0.059992
v 0.278149 0.493431 -0.465251
v -0.734669 0.811905 0.375858
v 0.07278 0.871685 0.340769
v 0.042333 0.429173 0.940977
v 0.478519 0.830599 0.433899
v 0.252759 1.28641 0.584395
v -0.131288 0.930613 0.438198
v 0.241698 0.611805 -0.4851
v -0.356769 0.007165000000000001 -0.315399
v 0.156772 1.07742 0.183743
v 0.179815 0.995579 0.572579
v 0.251478 1.26074 0.259749
v -0.173233 1.05894 0.035528
v 0.200622 1.15264 -0.1273
v -0.203239 1.1483 -0.153757
v -0.16256 1.20782 0.177123
v -0.095601 1.27719 -0.426764
v -0.198689 0.541682 -0.557383
v 0.279663 0.011167 0.365564
v 0.355619 0.616736 -0.5202
v 6.000000000000796e-06 0.926137 0.135936
v 0.078176 0.487773 1.01825
v 0.773947 0.859088 0.07451
v 0.269174 1.42843 0.469824
v -0.303584 1.00141 -0.242044
v 0.120734 0.970832 0.17316
v 0.086215 1.01787 0.076712
v 0.445853 0.232372 -0.128051
v -0.175548 1.05964 0.042098
v 0.129455 1.48084 0.701682
v -0.197394 0.458551 -0.598071
v -0.81121 0.838198 0.164898
v 0.195005 1.22132 -0.305527
v 0.267438 0.590733 -0.516066
v 0.161743 1.41645 0.274553
v -0.706936 0.784324 0.408831
v -0.91353 0.823324 0.105089
v 0.828373 0.759182 0.309258
v 0.243402 0.184019 0.580048
v 0.117647 0.884295 0.341012
v -0.305182 0.895717 -0.535312
v 0.804713 0.921084 0.05432
v 0.153116 0.947655 0.510441
v 0.089076 1.49221 0.738757
v 0.118298 0.228582 0.615734
v 0.111391 0.839449 0.313407
v 0.070878 0.676015 -0.471572
v -0.21612 0.640106 -0.464967
v -0.088261 0.789911 0.497485
v -0.149607 1.59622 0.557857
v -0.164345 1.26554 -0.473457
v 0.225291 0.036131 0.502823
v 0.34988 0.848883 -0.520567
v 0.031451 0.882285 0.066312
v 0.848932 0.804734 0.267372
v -0.128234 1.51551 0.319784
v -0.098365 1.12946 0.122678
v -0.143542 0.111522 0.497041
v 0.814813 0.808881 0.210149
v 0.207249 1.15311 -0.157628
v -0.130557 0.932563 0.527445
v -0.948601 0.736765 0.286418
v 0.128153 0.404165 1.04861
v -0.159774 1.2705 -0.471601
v -0.058439 0.575436 -0.685072
v 0.486459 0.975155 0.069526
v -0.078363 1.46245 0.745571
v -0.20245 0.887298 0.233327
v 0.932066 0.767527 0.237611
v -0.199903 0.702991 0.65892
v -0.146281 1.00713 -0.024415
v 0.124856 1.39512 0.686822
v -0.054567 1.29063 -0.62501
v 0.157266 0.666186 -0.457835
v -0.389535 1.09301 -0.328108
v -0.138362 0.755689 0.416598
v 0.323542 0.795985 0.446139
v -0.115994 1.31001 -0.542607
v -0.38161 0.819465 0.475719
v -0.03894 1.27108 -0.700979
v 0.30869 0.957063 0.102793
v 0.111332 0.539516 -0.560033
v -0.028414 1.5039 0.304495
v -0.217837 0.570988 -0.452798
v 0.201926 0.762662 0.613423
v -0.013257 1.56374 0.66816
v -0.216584 0.065184 0.328854
v -0.211483 1.09122 0.234906
v -0.309505 0.957098 0.102659
v 0.119713 1.13116 0.155598
v -0.323541 0.796008 0.446157
v -0.170827 0.861474 -0.689277
v 0.706805 0.777553 0.410369
v 0.097979 1.46544 0.281887
v -0.187163 0.753003 0.551514
v -0.080207 1.0758 0.15991
v -0.107973 0.387679 1.04914
v 0.206622 1.29428 0.645957
v 0.206825 0.1641 0.559656
v -0.118612 1.52301 0.397708
v 0.303668 0.783036 -0.610854
v -0.554579 0.796857 0.475589
v 0.113703 0.928745 0.252057
v -0.12815 0.769251 0.26349
v 0.141898 1.59901 0.532712
v 0.095119 1.57627 0.647784
v 0.1855 0.611093 0.928019
v 0.510726 0.796459 0.462164
v -0.093945 1.29605 -0.601802
v 0.866544 0.792292 0.329312
v 0.204074 0.756041 0.633343
v -0.168822 1.38428 0.661211
v 0.941445 0.780903 0.07371
v -0.941501 0.780902 0.073693
v -0.188344 0.089078 0.511895
v 0.207392 1.52797 0.473045
v -0.022588 0.970456 0.08039
v 0.044774 1.2541 -0.605333
v -0.18981 0.980364 0.470851
v 0.758812 0.773172 0.349216
v -0.248591 0.782694 -0.677859
v 0.24268 0.621154 -0.651139
v -0.149268 0.945964 0.108248
v 0.162356 1.03061 -0.01625
v 0.054179 0.787777 0.405117
v 0.088388 0.395036 1.04813
v 0.115019 1.08555 0.143948
v 0.070219 1.62661 0.565978
v -0.057712 0.936397 0.120136
v -0.028562 1.36138 0.768777
v -0.271315 1.0861 0.579682
v -0.136802 0.445074 1.01711
v -0.164661 0.753725 0.490644
v -0.190339 0.761263 -0.725501
v 0.095979 1.60622 0.605644
v -0.211867 1.21418 -0.226143
v -0.458852 0.987331 0.07728
v 0.04485 1.05291 0.161308
v 0.202434 0.805042 -0.694524
v 0.136902 1.2445 -0.454359
v 0.329452 0.008081 -0.392537
v 0.152134 0.943141 0.109297
v -0.188758 1.29701 0.174507
v 0.094516 0.727935 0.416793
v 0.102705 1.30866 -0.537261
v -0.078249 0.9168 0.152126
v -0.025082 0.451006 1.01505
v -0.445611 0.830079 0.453316
v -0.304346 0.656325 -0.646005
v -0.229503 0.904699 0.129744
v 0.188697 0.828574 0.343497
v 0.151587 0.547847 -0.614592
v -0.191089 0.784746 0.412097
v -0.2292 0.642728 -0.727854
v -0.247238 1.11792 0.615739
v -0.249414 1.01669 0.529593
v 0.15572 1.54172 0.483752
v 0.189815 0.980399 0.470945
v -0.268191 0.613264 -0.581875
v -0.193389 1.252 0.658992
v 0.012964 1.25513 -0.663815
v 0.2636 0.773132 0.397805
v 0.156282 0.630066 -0.722059
v -0.23454 0.566052 -0.426572
v 0.120521 0.873096 0.219575
v 0.229039 0.932539 0.125005
v -0.192393 1.48785 0.43052
v 0.163941 0.146069 0.530679
v 0.645309 0.788718 0.403697
v -0.079544 1.09793 0.157727
v 0.273252 1.14806 0.562749
v -0.12135 1.28379 0.725096
v 0.35235 0.739714 -0.567113
v -0.868024 0.754425 0.292045
v -0.184036 1.29542 0.179422
v 0.294998 0.613757 -0.567378
v -0.168271 0.956364 0.351751
v 0.144206 0.931925 0.410822
v -0.14866 1.43995 0.672016
v 0.079776 0.638543 -0.384398
v 0.186581 0.565583 -0.387891
v -0.088384 0.799197 0.163006
v -0.189182 0.5909 -0.35865
v -0.198399 0.913174 -0.648155
v 0.091433 0.969438 0.210056
v 0.099885 0.763936 0.232331
v 0.405171 0.007505000000000001 -0.370069
v 0.121436 0.801608 0.313766
v -9.999999999992654e-07 0.729448 0.297529
v -0.071235 0.808551 0.142925
v 0.07097 1.28468 -0.501545
v 1.299999999999999e-05 0.617915 -0.34993
v 0.029715 0.724954 0.215512
v 0.172924 1.29142 0.698102
v 0.198339 1.38753 0.633445
v 0.256844 1.262 0.255435
v 0.113288 1.55402 0.469171
v 7.999999999999978e-06 0.918017 0.250593
v 0.271066 0.019709 0.342894
v 0.158511 1.4804 0.376299
v 8.000000000000194e-06 0.893021 0.299361
v 0.945379 0.803842 0.042929
v 0.183734 0.99071 0.575732
v -0.080826 0.625734 -0.356902
v 0.124212 0.667485 -0.448351
v -0.266877 0.787084 0.421363
v 0.266908 0.787048 0.421402
v -0.244642 1.02121 0.527181
v -0.058057 0.738547 0.189094
v 0.149995 1.47148 0.330775
v 0.103315 0.967495 0.208948
v 0.155114 0.928046 0.331687
v 0.139756 0.769549 0.347978
v 0.095409 0.752762 0.167691
v 0.120745 0.618044 -0.345487
v -0.12072 0.618047 -0.345485
v 0.402781 1.0961 -0.275506
v 0.214559 0.553836 -0.553335
v -0.216299 0.594603 -0.35794
v -0.262336 0.629151 -0.529824
v -0.083286 0.896199 0.083228
v -0.038217 1.63959 0.495161
v 0.163109 0.898729 0.142264
v 0.21825 0.632554 -0.614857
v -0.169557 0.876264 0.153172
v -0.172511 0.766858 0.327194
v -0.180929 0.99902 0.238218
v -0.190065 1.43371 0.611786
v -0.064787 0.864379 0.149504
v -0.120197 0.770221 0.399899
v 0.069015 0.943047 0.204278
v -0.237195 0.513731 -0.653949
v 0.138624 0.755563 0.417003
v -2.999999999999531e-06 0.853042 0.413863
v -0.052746 0.794617 0.404742
v -0.129968 0.794471 0.361108
v -0.102525 1.44812 0.696685
v -0.260136 0.170641 -0.202006
v -0.156981 1.33255 0.702326
v 0.117245 0.862042 0.217233
v -0.172236 1.56194 0.548746
v 0.024453 1.49083 0.72471
v -0.068635 1.58706 0.422412
v 0.207582 1.2385 0.642728
v -0.176868 0.93733 0.372691
v -0.884116 0.80118 0.138453
v -0.102556 0.967562 0.208547
v -0.056219 0.880515 0.411432
v -0.389993 0.038388 -0.403051
v -0.100686 0.798155 0.300345
v 0.239813 0.571784 -0.400221
v 0.156674 0.932602 0.311859
v -0.180577 1.15983 0.173218
v 0.078831 1.53309 0.685565
v -0.136866 1.52842 0.42911
v 0.305974 0.817737 -0.57687
v 0.017549 1.63825 0.489059
v -0.057915 0.895028 0.077755
v -0.133632 1.56963 0.589108
v 0.079159 1.6066 0.545591
v 0.145776 0.945741 0.107951
v -0.125771 1.04195 0.199774
v 0.434041 0.014166 -0.379051
v -0.118093 1.03768 0.167551
v 0.417028 0.192444 -0.125331
v 0.187056 1.41048 0.62242
v 0.414588 1.05975 -0.321005
v -0.298496 0.860599 -0.574988
v -0.203697 1.23902 0.656137
v -0.133029 0.848985 0.24791
v 0.145692 1.58879 0.583061
v 0.17743 1.38773 0.671553
v 0.16819 0.997457 0.271179
v 0.07015 1.56156 0.690559
v 0.094808 1.54894 0.404882
v 0.05396 1.00429 0.180528
v -0.293328 0.858056 -0.571011
v -0.162538 1.48662 0.35471
v 0.190128 0.590504 -0.351727
v 0.156605 0.941922 0.512432
v -0.022687 0.722494 0.348338
v 0.026205 0.892658 0.297876
v -0.157786 0.93899 0.393153
v -0.18932 1.33684 0.65389
v -0.024511 1.49083 0.724712
v 2.1000000000000185e-05 1.55702 0.378492
v -0.194201 0.975035 0.471999
v 0.149306 1.52453 0.445973
v 0.262392 0.610671 -0.441369
v 0.13406 1.49802 0.679785
v 0.194026 1.10418 0.213618
v 0.473716 0.013211 -0.383701
v -0.068348 0.913783 0.256612
v -0.172566 0.60105 -0.40704
v 0.204586 1.50303 0.424618
v -0.369078 0.193624 -0.138114
v -0.380745 0.182996 -0.140628
v -0.156879 1.02055 0.232504
v 0.243117 0.588592 -0.431158
v -0.277806 0.604165 -0.498978
v -0.069749 1.61285 0.589842
v 0.22693 0.876061 -0.63097
v -0.160442 0.557914 -0.64355
v 0.160084 0.558072 -0.643198
v -0.075701 0.747788 0.16896
v 0.136951 0.831552 0.253583
v 0.027994 0.708918 0.365412
v -0.073853 0.993374 0.175844
v -0.018531 1.01515 0.152692
v -0.071683 0.89221 0.148257
v 0.05303 1.60192 0.464241
v 0.135336 1.40599 0.6834
v 0.105443 0.802997 0.273354
v -0.035786 0.84832 0.138114
v -0.196262 0.63963 -0.426123
v 0.053358 1.45149 0.731814
v -0.039981 1.63275 0.564154
v 0.07887 0.791915 0.370722
v -0.319141 0.600897 -0.508209
v -0.317573 0.177718 -0.175534
v -0.13044 1.49788 0.673748
v 0.148593 1.50858 0.623569
v -0.064596 1.57014 0.432229
v 0.232627 0.854059 -0.649198
v 0.104267 0.809184 0.225727
v -0.084391 0.738805 0.366009
v 0.098936 0.753099 0.360971
v -0.21064 0.166206 0.554169
v -0.316134 0.016677 0.341685
v 0.15527 1.55229 0.548543
v 0.256687 0.707629 -0.693802
v -0.426744 1.07125 -0.255883
v -0.089174 1.63049 0.589188
v 0.272794 0.548552 -0.614635
v 0.222859 0.752794 -0.712388
v -0.158274 1.53822 0.562064
v 0.168688 1.53754 0.601011
v 0.315784 0.009191 0.328078
v -0.047493 1.62964 0.48255
v -0.018151 0.851448 0.397829
v -0.080556 0.743968 0.368773
v -1.899999999999992e-05 1.45185 0.747054
v 0.167398 0.655454 -0.437023
v -0.011267 1.54899 0.650932
v 0.020453 0.892989 0.131508
v -0.149723 1.54647 0.657339
v 0.139884 0.964929 0.23979
v 0.088475 0.812883 0.219707
v -0.118187 0.83538 0.242641
v -0.206204 0.638453 -0.439769
v 0.244661 0.585995 -0.461827
v -0.041953 0.875521 0.427221
v 0.210201 0.609415 -0.393258
v 0.113566 0.881229 0.406706
v -0.105178 0.844008 0.209497
v 0.050196 0.853819 0.131645
v 0.01016 0.874784 0.143016
v 0.09363 0.775012 0.284348
v 0.110594 0.891386 0.361499
v 0.249069 0.578882 -0.446522
v -0.088666 0.792882 0.286573
v -0.135418 0.962095 0.262871
v -0.393119 0.034639 0.349751
v 0.121894 0.914664 0.358688
v -0.127553 0.846035 0.185328
v 0.064834 0.867642 0.349843
v 0.334503 0.19098 -0.152948
v 0.008037 0.979173 0.161875
v -0.438906 0.011699 -0.371222
v 0.085338 0.998152 0.197788
v 0.105468 0.852897 0.190447
v -0.242408 0.596726 -0.407308
v -0.108967 0.880352 0.190976
v 0.072763 0.940643 0.227125
v -0.438895 1.0738 -0.269376
v -0.331585 0.042171 0.316119
v -0.11575 0.894016 0.179344
v 0.036486 0.874133 0.153633
v 0.016047 0.839352 0.132687
v -0.236356 0.633765 -0.631838
v -0.113937 0.892765 0.340991
v -0.237998 0.618636 -0.631838
v 0.088878 0.88989 0.396339
v -0.027514 0.774743 0.346865
v -0.282117 0.59976 -0.49566
v -0.133125 0.932922 0.268981
v -0.111911 0.986024 0.220001
v 0.073476 1.51303 0.331506
v -0.085733 0.997718 0.196963
v 0.038128 0.776589 0.333787
v -0.206833 0.16408 0.559644
v -0.010258 0.73743 0.31652
v 0.393379 0.031503 -0.426151
v -0.066951 0.675721 -0.457111
v 0.138762 0.825751 0.277158
v 0.093058 0.780605 0.261056
v 0.286185 0.610062 -0.62018
v 0.281381 0.610011 -0.557983
v -0.350152 0.036055 -0.386509
v -0.364336 0.022015 -0.408929
v 0.09483 0.863586 0.181001
v -0.120416 0.901902 0.291286
v 0.237229 0.624056 -0.586945
v 0.120388 0.916573 0.262457
v 0.016108 0.856227 0.384035
v 0.202582 0.625981 -0.40921
v -0.22797 0.038034 0.359443
v 0.099365 0.87948 0.408016
v -1.1999999999999858e-05 0.670393 -0.448568
v 0.054094 1.58904 0.607951
v -0.015641 0.96738 0.175644
v -0.116774 0.907458 0.293491
v 0.050554 0.977093 0.176612
v 0.023008 0.73657 0.329664
v -0.117273 0.818374 0.273893
v 0.108754 0.894174 0.320572
v -0.048225 1.52834 0.345431
v -0.255741 0.593476 -0.472485
v 0.069668 0.752032 0.262922
v 0.112029 0.918414 0.264702
v -0.069751 0.752228 0.263137
v 1.000000000001e-06 0.77022 0.336425
v 0.070252 0.860907 0.148668
v -0.239834 0.571772 -0.400208
v 0.236885 0.605133 -0.614353
v -0.12688 0.893909 0.376748
v -0.060623 0.878362 0.344043
v -0.032904 1.56286 0.621267
v -0.282439 0.604407 -0.620907
v 0.036711 1.60448 0.590917
v -0.199925 0.627653 -0.410357
v -0.274984 0.604828 -0.580285
v 0.275334 0.60483 -0.580428
v 0.336181 0.184191 -0.153249
v 0.127686 0.982117 0.20542
v -0.30572 0.599784 -0.513098
v -0.129417 1.08654 0.177171
v -0.221928 0.567754 -0.464341
v -0.257878 0.645321 -0.594691
v -0.270523 0.606165 -0.585511
v -0.247626 0.587756 -0.373303
v -0.309608 0.056716 0.328411
v 0.043853 0.814452 0.117222
v -0.239731 0.595397 -0.386367
v 0.284372 0.591341 -0.605566
v 0.026959 0.866639 0.365841
v -0.032075 0.841594 0.133579
v -0.291157 0.018395 0.340831
v -0.062968 0.882432 0.33549
v -0.113498 0.63972 -0.42114
v -0.300581 0.045585 0.327381
v -0.425306 0.025071 -0.40783
v 0.023967 0.86712 0.351815
v -0.046731 0.886532 0.153327
v 0.250327 1.17126 0.612136
v 0.275648 0.593111 -0.613195
v 0.276539 0.61069 -0.501936
v 0.222696 0.63725 -0.614134
v 0.063218 0.941354 0.220678
v -0.037719 1.57886 0.594237
v -0.438884 0.008289 -0.395544
v 0.24279 0.645308 -0.618777
v -0.415854 0.008765 -0.388312
v 0.447419 0.007113 -0.40529
v 0.084838 0.887225 0.321711
v -0.080445 0.782098 0.247407
v -0.272196 0.611001 -0.624342
v 0.422195 0.040584 -0.398261
v -0.369357 0.009569 0.352225
v -0.027305 0.858047 0.362562
v 0.249401 0.645306 -0.585945
v 0.078392 0.863171 0.37763
v -0.236851 0.62406 -0.586833
v -0.084244 0.954676 0.20694
v 0.330792 0.024019 -0.369069
v 0.280924 0.615821 -0.50008
v 0.251456 0.590191 -0.382634
v -0.448516 0.045265 -0.388837
v 0.437496 0.040633 -0.391923
v 0.38235 0.018802 -0.381969
v -0.35472 0.003013 -0.383658
v 0.38111 0.022147 0.300425
v -0.154579 0.928271 0.331689
v 0.357333 0.043364 -0.398031
v -0.08437 0.951084 0.201705
v 0.359571 0.023182 0.361171
v -0.459867 0.031917 -0.409063
v 0.236494 0.633785 -0.631943
v -0.08267 0.896205 0.309687
v -0.076582 0.868738 0.375058
v 0.031607 0.855272 0.374812
v -0.064036 0.947858 0.195071
v 0.340019 0.036637 0.333112
v -0.012534 1.56752 0.627394
v 0.326543 0.023248 0.351934
v 0.298359 0.019765 0.298947
v -0.376712 0.028382 -0.391511
v 0.251115 0.048034 0.360451
v 0.3253 0.016714 0.299941
v -0.039665 0.854271 0.15666
v 0.122793 0.956443 0.220817
v 0.023688 1.57244 0.603129
v -0.30427 0.020406 0.353851
v -0.36259 0.01321 0.319967
v -0.390037 0.027994 0.310841
v -0.017258 0.839368 0.132727
v 0.0002360000000000001 1.59296 0.581266
v 0.111375 0.88499 0.359885
v -0.419422 0.020492 -0.390672
v 0.023869 1.56827 0.625968
v 0.347988 0.008817 -0.422557
v -0.372701 0.020729 -0.382552
v 0.455937 0.010839 -0.360007
v -0.455954 0.010871 -0.360008
v -0.037065 0.943724 0.203079
v 0.401757 0.013133 -0.378234
v 0.083296 0.889251 0.321916
v -0.106902 0.831043 0.200724
v 0.102568 0.78069 0.252257
v 0.071701 0.863455 0.414228
v -0.064278 0.863977 0.375957
v -0.081471 0.923877 0.242033
v 0.376907 0.017546 -0.385448
v 0.460677 0.033059 -0.355986
v 0.245546 0.587568 -0.385318
v -0.332974 0.028143 0.341032
v 0.068873 0.973366 0.177697
v -0.081736 0.882736 0.339952
v -0.077638 0.933458 0.237144
v 0.107259 0.817063 0.207592
v -0.28348 0.036457 0.349688
v 0.019099 0.948687 0.193356
v 5.999999999999929e-06 1.00178 0.156192
v -0.368461 0.031461 0.368322
v -0.0698 0.860042 0.383487
v 0.36501 0.018672 0.361974
v -0.105571 0.99247 0.203232
v 0.379 0.04607 0.355103
v 0.105591 0.992457 0.203206
v 0.077606 0.927707 0.234085
v -0.1074 0.805951 0.270756
v 0.455186 0.020291 -0.361229
v -0.267634 0.572441 -0.59153
v -0.119 0.886747 0.402926
v 0.271593 0.028763 0.369493
v -0.271571 0.02874 0.36949
v -0.312411 0.047915 0.355785
v -0.389848 0.03785 -0.37752
v 0.254398 0.026396 0.374488
v -0.133302 0.938769 0.250465
v 0.021053 0.847469 0.133393
v 0.095079 0.906329 0.275423
v -0.037199 0.946399 0.197799
v 3.9999999999996635e-06 0.952291 0.185605
v -0.078007 0.877137 0.332787
v -0.360016 0.021666 -0.369064
v 0.346356 0.040032 0.360029
v -0.09477 0.906735 0.275382
v -0.439486 0.03646 -0.366184
v 0.333383 0.039472 0.336696
v 0.351445 0.02825 -0.368364
v 0.088362 0.911769 0.278113
v 0.274555 0.568775 -0.603562
v 0.407294 0.044349 -0.38099
v 0.293515 0.03916 0.330904
v 0.440039 0.022568 -0.361276
v -0.006728 0.740824 0.309878
v 0.400118 0.008576 -0.437284
v -0.298365 0.019754 0.298955
v 0.087544 0.889088 0.30912
v -0.335451 0.029631 -0.377157
v -0.352255 0.029403 0.365647
v -0.391545 0.013658 -0.431011
v 0.359342 0.035704 -0.396113
v 0.372947 0.012563 0.306229
v -0.276626 0.573149 -0.609472
v 0.440084 0.036673 -0.387878
v -0.472314 0.008946 -0.416079
v 0.31145 0.023595 0.286852
v -0.335741 0.006181 -0.427137
v 0.329086 0.013312 -0.426983
v -0.315311 0.018295 0.287161
v -0.271499 0.576833 -0.60067
v 0.457607 0.010999 -0.419008
v -0.408889 0.01247 -0.440008
v -0.099852 0.912626 0.263539
v 0.026675 0.950778 0.18902
v -0.040048 0.951526 0.200939
v 0.267685 0.574498 -0.599491
v -0.092315 0.900251 0.300689
v -0.293017 1.26921 0.460553
v 0.486722 0.28176 -0.333614
v 0.152378 1.44179 0.238214
v 0.068421 1.04724 -0.517924
v -0.067652 0.921475 0.547502
v 0.471382 0.466226 0.131443
v 0.28848 1.24707 0.578022
v 0.241482 0.088954 -0.079944
v -0.181082 0.833952 0.187357
v -1.8000000000000004e-05 0.283143 0.637814
v 0.715659 0.76722 0.287447
v 0.260154 1.12071 0.554094
v 0.099949 0.905805 0.305265
v 0.192452 1.02515 0.552988
v -0.765606 0.906805 0.061017
v -0.452334 0.531173 -0.161321
v 0.526802 0.20142 -0.243179
v 1.9000000000001654e-05 0.136606 -0.240009
v 0.455518 0.089365 -0.18433
v -0.067062 1.00544 -0.235916
v 0.33969 1.0865 -0.335547
v -0.189288 1.41813 0.279445
v 0.073748 0.662562 -0.528304
v 0.363992 0.703402 0.00020500000000000032
v -0.160709 1.5262 0.488234
v 0.131981 1.06804 0.710546
v -0.060207 1.14475 0.142886
v 0.27969 1.30216 0.392796
v -0.22601 0.316731 0.616969
v -0.295962 1.05689 -0.353363
v -0.546087 0.893748 0.232204
v 0.109889 1.09606 -0.009562
v -0.479519 0.461691 -0.084203
v 0.477233 0.463196 -0.152049
v -0.347855 0.148919 -0.07567
v -0.159664 0.969178 0.600195
v -4.000000000000531e-06 0.284149 0.630887
v -0.06909 0.732922 0.303434
v -0.078089 1.12206 0.72189
v -0.288333 1.22433 0.350391
v -0.150012 1.0702 0.652332
v -0.070026 0.83059 0.084553
v -0.209109 1.36299 0.270872
v -0.150696 1.54523 0.602777
v -0.091883 1.40838 0.712476
v -0.309294 1.25275 0.36734
v -0.302567 1.25167 0.368947
v 0.305224 1.35692 0.50854
v 0.189539 0.059968 0.372652
v -0.062475 0.609175 0.659413
v -0.113037 0.54536 0.55287
v -0.254266 1.12297 0.551366
v 0.160502 0.811179 -0.737241
v -0.292618 1.12437 0.30058
v 0.181012 1.50149 0.52542
v -0.420359 0.621482 0.070769
v -0.2209 1.49131 0.516546
v 0.18328 1.42269 0.304097
v 0.26391 1.37832 0.436704
v -0.409347 0.632699 0.030092
v 0.187062 1.25453 0.664178
v 0.124902 0.915044 -0.102925
v -0.190728 0.651614 -0.464283
v 0.251173 1.11546 0.62103
v 0.080136 1.07608 0.159818
v -0.096095 0.026305 0.2507
v -0.514002 0.152417 -0.254887
v 0.204547 0.747276 0.180757
v 0.169946 0.533249 -0.574647
v 7.899999999999997e-05 0.857377 0.022018
v -0.095376 0.033255 0.250278
v 0.137845 1.03346 -0.380554
v -0.16376 1.08631 0.678858
v -0.227487 0.948259 0.184714
v -0.131581 1.20859 -0.369377
v 0.068494 1.03025 -0.280892
v 0.270126 0.72425 0.176649
v -0.203582 0.716742 0.261678
v 2.3999999999999716e-05 0.412161 -0.6275
v 0.049717 0.397934 -0.586388
v -0.329282 0.419842 0.557205
v 0.448413 0.507951 0.219962
v 0.18908 0.546325 -0.592636
v 0.13304 0.67973 0.382989
v -0.043068 1.06169 0.72847
v 0.322482 0.627759 0.330097
v -0.32266 0.627698 0.329994
v -0.002151 0.996257 -0.10421
v 0.418849 0.834568 -0.338275
v 0.26409 1.06949 0.35689
v 0.502005 0.373481 -0.018022
v -0.128117 0.855101 -0.021706
v 0.339272 1.1958 0.468789
v 0.389508 0.764984 0.291308
v 0.338835 0.903403 0.259045
v 0.318498 0.622591 0.327563
v -0.413521 0.563674 0.226527
v 0.462332 0.138746 0.4245
v 0.402033 0.293713 -0.384504
v -0.068405 0.454163 -0.725883
v 0.114769 0.587892 0.750989
v -0.314752 0.743253 0.006659
v -0.124828 0.091031 -0.149603
v -0.302942 1.00511 -0.236136
v -0.063676 0.907627 -0.066244
v 0.29357 0.088992 0.576828
v 0.067519 0.969731 0.174212
v 0.144667 0.066482 0.401195
v -0.119652 1.13352 0.156905
v -0.456332 0.408827 0.329712
v -0.375098 0.155523 0.581589
v -0.438146 1.00047 -0.297222
v 0.437719 0.198085 0.154492
v -0.060479000000000005 0.657055 0.518248
v -0.059611 1.31159 0.73497
v 0.289246 0.490333 -0.425752
v 0.319169 1.26389 0.459308
v -0.086204 0.889598 -0.724585
v -0.154529 1.07495 -0.116944
v -0.307794 0.783915 0.233418
v 0.1156 1.50788 0.355774
v -0.451498 0.215883 0.343804
v -0.183603 1.11568 -0.028042
v 0.04633 0.090042 0.507897
v -0.265204 1.43141 0.385653
v -0.159046 0.445693 -0.62483
v 0.173529 0.93311 -0.652196
v -0.325299 1.10775 0.420557
v -0.467753 0.267901 0.103906
v 0.06872 1.24497 -0.341918
v 0.213597 1.23707 0.644879
v -0.307037 0.626086 -0.638175
v 0.129058 0.922531 0.343747
v -0.445875 0.217401 0.347687
v 0.084674 0.693646 -0.608947
v -0.427038 0.08591 -0.168608
v 0.1118 0.541323 0.54739
v 0.223209 1.0113 0.295252
v -0.93208 0.767497 0.237655
v 0.419266 0.437432 0.48027
v -0.124811 0.623568 0.46587
v -0.07497 1.4842 0.717977
v 0.453658 0.869978 0.137407
v -0.039702 0.91994 0.600305
v 0.114117 1.43999 0.22795
v -0.369672 0.724608 -0.118218
v 0.364094 0.721359 -0.119239
v -0.63356 0.915854 0.179978
v 0.058943 0.030867 0.055329
v 0.285295 0.532757 0.491603
v 1.7000000000000007e-05 0.036445 0.054755
v 0.266829 0.962623 -0.528834
v 0.265654 0.856785 0.16112
v -0.19721 0.55691 -0.479691
v 0.167601 0.535072 0.54864
v 0.233484 0.069434 0.023461
v 0.033806 1.21272 -0.261204
v 0.207352 0.982993 0.375429
v -0.482327 0.336303 -0.332471
v 0.480408 0.402316 -0.143827
v -0.563229 0.770122 0.333315
v -0.143909 1.0302 0.215952
v 0.234329 0.875263 -0.130327
v 0.219564 1.25374 0.632079
v -0.057642 1.53724 0.339802
v 0.471767 0.31867 0.163262
v -0.066194 0.674487 0.424162
v -0.031573 0.888751 0.520233
v -0.451239 0.077153 0.461255
v 0.046349 0.350595 -0.440694
v -0.318576 1.3109 0.483842
v 0.069324 0.49796 -0.74983
v -0.228141 1.00727 0.292338
v -0.409578 0.696724 -0.289324
v 0.409562 0.696726 -0.289331
v -0.306957 0.11115 -0.358933
v 0.238563 1.00703 -0.254377
v -1.5000000000001124e-05 0.209453 -0.307355
v -0.38672 0.143531 0.018713
v 0.834325 0.745205 0.267664
v -0.325218 1.31275 0.48506
v 0.318724 0.226985 -0.374534
v -0.229109 0.060929 0.082991
v 0.326046 0.822671 -0.155444
v 0.322406 0.226459 -0.368604
v 0.206236 1.19667 0.68418
v 0.050939 1.04893 0.136807
v 0.302729 1.34486 0.417112
v 0.405104 0.177497 0.314285
v -0.231447 0.46576 -0.569834
v 0.654484 0.859039 0.118915
v -0.417285 0.741446 -0.395893
v -0.081031 1.35196 0.15007
v -0.133891 0.886361 0.410809
v -0.281877 1.01988 -0.432503
v 0.175715 0.383205 0.618269
v 0.220853 0.047382 0.148001
v -0.299394 0.561065 0.449106
v 0.098732 1.48455 0.682762
v 0.082907 1.07221 0.706703
v -0.477218 0.334637 -0.327985
v -0.111996 1.18755 -0.145479
v 0.274932 0.287565 0.606441
v -0.380091 0.141176 0.256715
v 0.279665 0.580472 -0.596582
v -0.444797 0.079876 0.460962
v 0.219064 0.054146 0.148201
v 0.172438 1.51228 0.457995
v -0.326644 0.769437 0.342242
v -0.30321 1.18152 0.281303
v 0.405947 0.805875 -0.293946
v 0.116949 0.651253 0.603749
v 0.176758 1.45556 0.316687
v 0.212634 0.980269 0.520959
v 0.455335 0.394094 0.423648
v 0.383285 0.946379 -0.24634
v 0.364839 0.327145 0.592441
v -0.470969 0.334966 0.414924
v -0.374944 0.145806 0.255677
v 0.301753 0.948652 0.196544
v 0.060637 1.50269 0.307781
v -0.173574 0.162739 -0.229191
v 0.412507 0.646049 -0.104722
v 0.418694 0.02034 -0.24085
v -0.118221 0.079188 0.450284
v -0.272489 1.23006 0.60998
v -0.086985 0.390232 1.0213
v -0.048987 1.18925 -0.43268
v -0.413091 0.865135 0.134564
v -0.108115 0.692704 -0.797785
v -0.233408 1.45604 0.420647
v -0.118631 0.666702 -0.437951
v -0.227853 1.452 0.421996
v 0.510386 0.191163 -0.196968
v 0.62252 0.769064 0.368163
v -0.063237 1.27106 0.750425
v 0.252497 1.41798 0.469807
v -0.188556 0.994054 -0.251331
v 0.197695 1.15463 0.186086
v 0.121357 1.28375 0.725093
v 0.442582 0.768846 0.346001
v -0.37258 0.4552 -0.354034
v -0.095466 0.459183 0.933814
v 0.357864 0.668795 -0.552108
v 0.465818 0.937508 0.21529
v 0.253241 1.36538 0.545583
v -0.144064 1.03019 -0.465535
v -0.42802 0.967203 0.184204
v 0.315918 1.16243 0.314706
v -0.248488 1.34491 0.57358
v -0.325734 0.174356 -0.383074
v -0.142723 0.541911 0.867353
v 0.32906 0.437392 -0.359521
v -0.046608 0.394767 0.631215
v 0.312645 0.05111 0.331156
v 0.507063 0.111952 -0.311673
v 0.115342 0.572482 -0.392982
v -0.180319 1.50753 0.536972
v 0.120399 0.710928 0.734806
v 0.121521 0.704978 0.731294
v -0.082338 0.994827 0.650053
v -0.242836 1.34304 0.569895
v 0.403008 0.638741 -0.432851
v 0.30951 0.140158 -0.126469
v 0.18552 0.477076 -0.678187
v -0.417654 0.553474 -0.236845
v 0.222716 0.768589 0.281092
v -1.4000000000000123e-05 0.523655 -0.551595
v 0.040182 0.996977 0.654364
v 0.067945 0.497312 -0.742998
v 0.038156 1.28811 -0.606351
v -0.049562 1.0515 0.143169
v 0.404423 0.736994 -0.454655
v 0.432472 0.196512 -0.009351
v 0.309485 1.16337 0.317298
v -0.130589 0.98242 -0.196383
v 0.086106 0.832107 0.17994
v -0.117888 0.595898 -0.353964
v 0.074787 1.26037 0.130052
v -0.173852 0.977607 0.311812
v -0.254256 0.840122 0.401062
v -0.174022 1.03306 0.666416
v 0.427101 0.200867 -0.008263
v 0.215788 1.2426 0.65821
v -0.098824 0.97141 -0.659692
v 0.041815 1.39785 0.728019
v -0.102196 0.799668 0.273239
v -0.335725 0.361238 0.592059
v -0.479773 0.982796 0.136435
v -0.500878 0.35789 0.019977000000000005
v 0.425017 0.499039 -0.305284
v 0.063561 0.955626 -0.156013
v 2.2000000000000318e-05 0.521501 -0.660052
v 0.277286 1.10774 0.543987
v -1.7000000000000088e-05 1.36292 0.769879
v 0.087481 0.978559 0.662829
v -0.152447 0.937447 0.569507
v 0.04191 0.919692 0.034194
v -0.145819 1.34087 0.195413
v 0.072987 1.2591 0.136698
v -0.215297 1.48725 0.51552
v 0.21536 1.4872 0.515571
v 0.222672 0.775446 0.282502
v 0.125409 1.12114 0.727838
v 0.022114 0.703031 0.255931
v -3.999999999999989e-06 0.379744 -0.500984
v -0.096889 0.96631 -0.655306
v -0.249077 1.16428 0.253793
v -0.363356 0.85931 -0.228695
v 0.164322 0.668588 -0.571591
v 0.420249 0.49618 -0.301031
v -0.195102 0.56928 -0.442716
v -0.088942 0.371767 -0.460222
v 0.427451 0.9613 0.18049
v 0.134235 0.387471 0.616799
v -0.290271 1.10254 0.45474
v -0.237739 0.185448 -0.23272
v -0.335138 0.142395 0.595038
v 0.139331 0.743752 0.266308
v 0.330231 0.010661999999999994 -0.281975
v 0.867306 0.771945 0.111413
v -0.149609 0.263178 -0.338628
v -0.926103 0.789723 0.128759
v -0.217512 0.973141 0.373363
v -0.50552 0.903014 0.244444
v 0.374044 0.654262 0.118332
v -0.087007 0.377971 -0.457621
v 0.074227 1.15941 -0.1073
v 0.171832 0.631828 0.873029
v -0.373479 0.90093 -0.236164
v -0.649497 0.957566 0.103443
v 0.649503 0.95755 0.103466
v 0.21479 0.173247 -0.234276
v -0.147943 0.267044 -0.333036
v 0.036331 0.658657 0.779273
v 0.651434 0.962915 0.107527
v -0.069558 0.541442 0.951551
v -0.041969 1.36079 0.136233
v -0.595088 0.818983 0.450401
v 0.03553 1.17673 0.10485
v -0.420148 0.901576 0.25041
v 0.389367 1.09286 -0.328533
v 0.861195 0.795801 0.218364
v 0.598292 0.858489 0.294802
v -0.140205 0.760408 0.226531
v -0.034825 0.724272 0.669785
v 0.07013 0.768724 0.567828
v 0.280625 1.06662 0.435167
v -0.234242 1.06297 0.284996
v 0.438169 1.00041 -0.297221
v -0.166915 1.52703 0.437686
v -0.040621 0.693512 -0.558968
v -0.358937 0.868716 0.357537
v 0.036284 1.17612 -0.185746
v 0.256416 0.359118 -0.339887
v 0.212428 0.178125 -0.229847
v -0.893456 0.73865 0.218807
v -0.339297 0.73798 -0.072074
v 0.294079 1.34351 0.323157
v -0.612879 0.849949 0.335754
v 0.100981 0.447459 0.982778
v 0.388711 0.868083 0.316357
v -0.229046 1.06627 0.288332
v -0.114583 0.621686 0.87172
v -0.487683 0.061006 -0.248524
v 0.288913 1.10221 0.548277
v 0.418995 0.906344 0.108696
v -0.186721 0.060408 0.483552
v 0.235856 0.608148 -0.483878
v 0.116666 1.13292 0.161652
v -0.306967 1.22681 0.304847
v 0.158926 1.30342 0.152081
v 0.038711 0.826834 0.396759
v -0.473247 0.0377 -0.35312
v 0.274638 1.07025 0.435024
v 0.675267 0.838626 0.270066
v 0.058504 0.911017 0.508173
v 0.142495 0.875642 0.30316
v -0.603166 0.763656 0.325098
v -0.061837 1.13781 0.13348
v -0.00016599999999999948 1.19817 -0.510227
v -0.038248 0.630281 0.807288
v -0.252484 0.071843 0.294785
v 0.746476 0.822427 0.325786
v 0.185282 0.3175 -0.357883
v 0.03969 0.963195 0.626114
v 0.058119 1.45125 0.74406
v -0.079927 0.683393 0.750614
v 0.120068 1.00573 0.634108
v -0.261078 0.824778 0.422996
v -0.290706 0.052352 -0.29254
v -0.669776 0.980731 0.076709
v 1.1999999999999858e-05 0.65538 -0.408836
v 0.062131 0.783724 0.531224
v -0.570969 0.825614 0.164762
v 0.586084 0.773185 0.272442
v -0.060278 1.1394 0.140116
v -0.825252 0.755309 0.147986
v 0.119191 0.675287 -0.486302
v -0.340914 0.330151 -0.365989
v 0.570218 0.820382 0.160171
v -0.570189 0.820386 0.160173
v -0.112282 0.746018 0.652646
v 0.037188 0.832816 0.393458
v -0.115643 1.07766 -0.154833
v -0.115568 0.60775 0.710385
v -0.826875 0.784358 0.119726
v 0.060727 0.577106 0.731362
v 0.150582 1.05414 -0.087325
v -0.08962 0.846852 -0.75708
v -0.14661 0.784152 0.242153
v -0.210275 0.588848 -0.563427
v -0.497849 0.40512 -0.180265
v 0.028516999999999994 1.07063 -0.009527
v 0.449205 0.076844 -0.381508
v -0.082151 0.923627 0.240228
v 0.060893 1.09482 -0.228034
v -0.189395 0.707654 0.729926
v -0.110436 1.24853 -0.310569
v 0.297274 1.27217 0.334961
v -0.076121 0.567472 -0.394737
v 0.261411 0.006388 0.480142
v 0.107541 1.14952 -0.296863
v -0.063397 1.10862 -0.265277
v -0.118638 0.416949 1.02762
v -0.10016 0.511261 0.87941
v 0.291201 0.561226 -0.570932
v 0.030725 1.06564 -0.013912
v -0.074407 1.08557 -0.0032289999999999992
v -0.772833 0.84595 0.170645
v -0.303852 -0.0004880000000000006 0.44479
v 0.312266 0.939977 -0.485143
v -0.202011 0.41653 -0.432566
v 0.111316 1.22829 0.758061
v 7.300000000000015e-05 0.513718 -0.676497
v 0.263304 0.917749 0.233167
v -0.281232 0.855365 0.345862
v -0.070125 0.769206 0.22324
v 0.312104 1.2351 0.402408
v 0.659283 0.957322 0.049478
v -0.472223 0.946612 0.092826
v 0.487097 0.977771 0.075988
v -0.152609 1.03133 -0.053551
v -0.060666 0.784223 0.529126
v 0.137356 0.335804 -0.378939
v -0.300649 0.010979 0.481419
v 0.031138 1.23688 -0.337599
v 0.660753 0.960371 0.055606
v -0.64045 0.934706 0.075332
v 0.038133 0.574383 -0.400458
v 0.285167 0.125957 -0.241814
v 0.143183 0.699557 0.553058
v -0.449228 0.076868 -0.381493
v 0.242349 0.850183 0.302108
v 0.139898 0.803635 0.111709
v 0.779101 0.869322 0.140982
v 0.200268 0.58104 0.907025
v -0.114398 0.912121 0.278057
v -0.3055 1.11722 0.422885
v 0.157303 0.598654 -0.347219
v -0.11441 0.5211 -0.643454
v -0.263585 0.917708 0.233205
v -0.740618 0.861339 0.184811
v 0.179669 0.655909 -0.771704
v -0.072534 0.907353 0.058291
v 0.298222 0.113192 -0.209425
v -0.321491 0.584407 -0.498917
v -0.726795 0.824406 0.292981
v -0.11107 1.21363 0.121297
v -0.230289 0.580029 -0.432241
v -0.130331 0.916017 0.297049
v -0.076646 1.08049 -0.007493
v -0.264806 0.912795 0.228371
v 0.792402 0.893914 0.115323
v 0.381018 0.777569 -0.508079
v -0.161941 1.29116 0.723754
v -0.297838 0.479654 -0.391141
v 0.054679 0.516371 0.978733
v -0.103112 0.809337 0.225789
v 0.117425 0.60045 -0.634238
v 0.244673 0.855478 0.338069
v -0.175327 1.1936 0.688122
v 0.141926 0.539254 0.880349
v 0.305812 0.532585 -0.529666
v -0.244678 0.855485 0.338105
v -0.305995 0.532511 -0.529673
v -0.807811 0.844713 0.071707
v 0.175352 1.14953 -0.055865
v 0.325502 0.005888000000000001 0.401045
v 0.137484 0.539934 -0.535464
v -0.036302 1.00692 0.175974
v 0.089397 0.510917 0.991716
v 0.719215 0.909779 0.061196
v 0.839812 0.827031 0.071386
v -0.032747 1.22192 0.753905
v -0.2207 1.2528 -0.31898
v 0.323369 0.028742 -0.36579
v -0.295387 0.690241 -0.655661
v 0.13962 1.16798 0.132
v -0.913706 0.799228 0.060023
v 0.420381 1.1013 -0.311719
v -0.182398 0.54438 -0.529015
v 0.241373 1.06373 0.54617
v 0.025995 0.713005 0.238732
v 0.161 0.556748 0.98495
v 0.130032 0.929218 0.247927
v 0.085056 0.911519 0.184203
v 0.076905 0.990215 0.097163
v -0.173449 1.1869 -0.125884
v -0.050542 0.977086 0.176604
v 0.148181 0.795659 0.445927
v -0.249719 1.34597 0.308527
v -0.234609 1.21337 0.621185
v -0.12383 0.884587 0.226227
v 0.008095 0.711529 0.366897
v 0.074347 0.677561 -0.496024
v 0.16991 1.37537 0.242051
v -0.386903 0.939733 0.102945
v -0.882952 0.755205 0.34741
v -0.12574 0.526425 -0.601625
v 0.0010410000000000003 1.21815 -0.552538
v -0.163783 0.627147 -0.734837
v 0.070478 0.365445 1.05953
v 4.9999999999980616e-06 1.53001 0.285373
v 0.250583 1.41099 0.573641
v -0.195428 0.326231 0.61453
v -0.706822 0.777509 0.410428
v -0.101016 1.60881 0.570216
v 0.067033 0.60417 -0.426074
v -0.230651 0.576384 -0.495447
v -0.065375 0.341861 1.08114
v -0.307754 0.733627 -0.631447
v -0.064462 0.919664 0.156841
v -0.168233 0.970286 0.541897
v -0.225247 0.449186 -0.456395
v -0.06535 0.522547 -0.602232
v 0.257272 1.00828 0.363313
v -0.961198 0.725838 0.179808
v 0.080602 0.70823 0.440026
v 0.961194 0.725845 0.179797
v 0.800353 0.913764 0.045945
v 0.192584 0.749485 0.564313
v -0.067504 0.969744 0.174211
v -0.027707 1.25629 -0.452446
v 0.195683 0.437611 -0.494017
v 0.06617 0.52268 -0.601912
v -0.841401 0.783823 0.339903
v 0.212202 0.688106 0.730308
v 0.930668 0.824213 0.088733
v 0.211228 0.651223 -0.587765
v -0.30317 0.925704 0.109914
v -0.188669 0.828586 0.34348
v 0.307679 0.954944 0.096198
v 0.138867 1.51645 0.424067
v -0.177588 0.689877 0.638886
v 0.199255 0.43171 -0.495211
v 0.184158 0.533162 -0.685671
v 0.624867 0.826872 0.439824
v -0.189172 0.664477 0.835062
v 0.19512 0.85564 -0.68532
v 0.498808 1.00362 0.060258
v -0.180966 1.38808 0.677518
v 0.178361 1.03911 0.0182
v -0.403505 1.02492 -0.337198
v -0.170524 0.714953 0.560401
v -0.234676 1.32296 0.607538
v -0.168103 0.557742 0.901639
v -0.20084 1.1875 -0.226399
v -0.465102 0.28416 -0.096474
v -0.105328 0.884358 0.394949
v 0.381616 0.819447 0.475701
v 0.288939 1.05424 -0.322245
v 0.223472 1.18078 -0.157964
v -0.146288 1.30537 -0.463054
v -0.179069 1.02835 0.080715
v 0.258194 0.873069 -0.61169
v -0.059331 0.527662 -0.709758
v -0.148452 1.02688 0.078059
v 0.315543 0.029345 -0.327974
v 0.207272 1.0704 -0.0036030000000000003
v 0.101822 0.993536 0.193325
v 0.240325 0.182839 0.586224
v -0.244293 0.489708 -0.587836
v -0.181855 0.487409 1.00334
v 0.155287 1.34364 0.675435
v 0.186202 1.00556 0.061363
v -0.035624 1.23451 -0.60231
v 0.81313 0.896719 0.037192
v 0.961472 0.718858 0.180129
v -0.961476 0.718851 0.180138
v -0.12938 1.27737 -0.548839
v 0.021517 0.773135 0.456935
v -0.202679 0.693257 0.71972
v -0.297766 0.780815 -0.607892
v 0.155151 1.22466 -0.333785
v 0.170126 0.7807 -0.732999
v -0.196416 0.225195 0.587854
v 0.14946 0.792708 0.510064
v 0.712503 0.815849 0.410829
v 0.19505 1.10647 -0.083403
v 0.312742 0.050796 0.330212
v -0.353973 0.785563 0.447186
v 0.077711 0.575316 -0.48235
v 0.13195 1.28192 -0.522299
v -0.510741 0.796421 0.462209
v 0.029675 0.322513 1.06734
v -0.178014 0.543535 -0.6759
v 0.161501 0.946413 0.438941
v 0.758377 0.766288 0.350409
v 0.375533 0.006652000000000002 -0.362911
v -0.758392 0.766246 0.350468
v -0.071204 0.599164 -0.439092
v -0.140458 1.48889 0.346587
v 0.196622 1.22049 -0.271945
v -0.143303 0.963506 0.128678
v -0.633618 0.971523 0.057039
v 0.40293 1.00026 0.122189
v -0.758827 0.77313 0.349276
v 0.191161 0.644963 -0.425864
v -0.200304 1.0916 0.014383
v 0.09728 0.883336 0.117973
v 0.161247 0.460952 1.00622
v -0.37938 1.03564 -0.247684
v -0.945366 0.755781 0.089575
v -0.058269 0.514547 -0.667756
v 0.208926 0.601313 0.888815
v -0.044876 1.05291 0.161316
v 0.235569 0.122811 0.565938
v 0.281725 0.960159 0.115086
v -0.377214 0.74783 -0.526801
v 0.040958 0.952894 0.099319
v -0.083253 1.61193 0.543649
v 0.83603 0.76551 0.345887
v -0.190394 1.04906 -0.010298999999999999
v -0.176729 0.872914 0.236361
v 0.077419 1.29002 -0.554736
v -0.282825 0.960173 0.114926
v -0.106091 1.57067 0.393489
v -0.84832 0.822983 0.154527
v 0.207437 1.35421 0.636674
v 0.287494 0.815515 0.45196
v -0.194487 0.763485 -0.730684
v 0.220006 0.714889 0.689177
v 0.878489 0.797498 0.242584
v 0.173265 0.747951 0.494821
v -0.213856 1.25397 -0.3181
v -0.180067 0.958441 0.392414
v -0.161353 0.601662 -0.616228
v -0.221416 0.783609 -0.691699
v 0.117078 1.41795 0.731069
v 1.5000000000000256e-05 0.741411 0.305901
v 0.111742 0.970335 0.126531
v 0.306399 0.84103 -0.576406
v -0.143276 0.542199 -0.528089
v 0.265936 0.77962 -0.649942
v 0.202802 0.058042 0.304748
v -0.187049 1.19168 0.704823
v -0.181968 0.752352 0.556159
v -0.198298 1.15243 -0.151005
v 0.067277 0.456003 1.03132
v -0.133449 1.27219 -0.551207
v -0.206285 0.045026 0.400339
v -0.19757 0.22173 0.593826
v -0.363322 0.006703000000000001 -0.343107
v 0.040263 0.869163 0.363471
v 0.073012 0.365879 1.11438
v 0.121911 0.796223 0.224401
v 0.445601 0.830089 0.45327
v 0.058057 0.737658 0.188637
v -0.015027 0.779034 0.428681
v -0.149531 0.731929 0.481165
v -0.153352 1.16698 0.175723
v -0.108425 1.45298 0.715719
v 0.26149 0.198409 -0.262135
v -0.168977 1.24925 0.183904
v -0.447117 0.792215 0.45106
v 0.72769 0.782151 0.372287
v 0.228052 0.930379 0.11842
v 0.273721 1.26415 0.243218
v 0.185129 1.19031 -0.136013
v -1.1999999999999858e-05 0.579347 -0.37338
v -0.171353 0.62284 -0.747773
v 0.091145 1.28205 -0.592489
v 0.158138 1.27147 -0.440008
v 0.903333 0.874093 0.060045
v 0.168155 0.970271 0.541905
v 0.110836 0.791024 0.404786
v -0.266055 1.08898 0.576075
v 0.20313 1.04711 0.640734
v -0.189774 1.10651 0.218687
v -0.154648 0.767958 0.468849
v 0.200046 1.04785 0.218475
v -0.20878 0.806542 0.420618
v -0.210605 1.00555 0.497424
v -0.178343 0.055178 0.359936
v 0.185095 1.55399 0.501741
v -0.462481 1.00602 0.097436
v 0.189921 0.562432 -0.582545
v 0.17639 0.872937 0.236354
v -0.189947 0.658547 0.831424
v -0.16582 0.805298 0.383443
v -0.147349 1.29857 -0.464305
v -0.258046 0.60192 -0.415683
v -0.431924 0.242531 -0.098105
v 0.209738 1.45917 0.401552
v -0.250025 1.13305 0.588948
v -0.645296 0.788679 0.403764
v -0.192074 1.02034 0.604967
v 0.079585 1.09787 0.157681
v -0.280289 0.934196 -0.54803
v 0.141389 0.976868 0.038669
v 0.147308 1.33374 0.727137
v 0.207812 1.0234 0.304049
v 0.210235 0.56942 -0.456944
v 0.020434 1.26861 -0.493326
v 0.193899 0.977167 0.399859
v 0.026797 0.873506 0.371018
v -0.167339 0.958128 0.442657
v 0.51097 0.823402 0.463377
v 0.868026 0.754461 0.291976
v -0.126147 1.08887 0.182908
v 0.202474 1.28915 0.198027
v 0.072636 0.951941 0.216866
v -0.136452 0.880377 0.303658
v -0.15824 0.498293 0.968481
v 0.155172 0.895117 0.316401
v -0.079435 0.874074 0.466664
v 0.026982 0.742841 0.303398
v -0.055782 1.28414 -0.622675
v -0.179389 1.43301 0.321024
v -0.165678 0.901289 0.148534
v 0.253981 0.910063 -0.581635
v 0.237451 0.789843 0.417866
v -0.20284 1.33267 0.218777
v -0.338526 0.791553 -0.548082
v -0.168231 0.997497 0.271175
v 0.263913 0.779891 0.39601
v 0.896056 0.83028 0.058707
v 0.397245 1.03753 -0.249763
v 0.242222 1.15907 0.63426
v 0.166702 1.19369 -0.253268
v -0.107488 1.00154 0.191028
v -0.069715 0.912603 0.061963
v -0.172957 1.29143 0.698112
v -0.357861 0.668781 -0.552036
v -0.2758 0.930596 -0.544044
v -0.256836 1.26203 0.255372
v 0.06647 0.521263 -0.626099
v 0.050302 0.736376 0.285991
v 0.268531 1.26279 0.247714
v -0.08084 1.52187 0.358763
v 0.933498 0.826821 0.0392
v 0.410811 0.211226 -0.129408
v 0.058057 0.738547 0.189094
v 0.182923 0.110251 0.496155
v 0.261083 0.824755 0.42299
v -0.049543 0.779819 0.113805
v -0.150023 1.5141 0.435511
v -0.150718 0.778448 0.417341
v -0.13243 1.37491 0.729057
v -0.254938 1.34919 0.30516
v -0.233347 1.02898 0.524725
v -0.085687 0.717759 0.234046
v 0.069969 0.772401 0.127824
v -0.049185 0.780133 0.114684
v 0.151763 0.840957 0.176911
v -0.075209 1.0461 0.144554
v -0.024411 1.61828 0.498013
v 0.334932 0.752969 -0.580294
v 0.174931 1.01938 0.251912
v -0.158987 0.611633 -0.348828
v -0.927187 0.771429 0.271603
v 0.174565 1.37878 0.238091
v 0.181268 0.931957 0.372178
v -0.06508 0.428294 1.05635
v 0.537016 0.792018 0.449824
v -0.201328 1.28358 0.673159
v -0.127809 1.39292 0.692801
v -0.045653 1.54999 0.694087
v 0.243514 0.011157 0.433235
v 0.068675 1.58709 0.42237
v -0.232214 0.627785 -0.636294
v 0.129971 0.794461 0.361114
v 0.081026 0.63116 -0.352483
v 0.16694 1.42719 0.299944
v 0.128724 0.862732 0.23459
v -0.224035 1.2542 0.637418
v -0.193093 0.725302 0.642951
v 0.142221 1.33224 0.722571
v 0.388839 0.792663 0.428802
v -0.138095 1.53658 0.697061
v 0.213062 0.715768 0.689077
v 0.156055 0.922305 0.138253
v 0.14595 1.50174 0.695819
v -0.157831 0.922329 0.138055
v 0.473259 0.037701 -0.353098
v 0.045557 0.85304 0.113965
v 0.147325 1.26907 -0.465707
v 0.164266 0.901279 0.148679
v 0.072302 1.50793 0.334423
v 0.118599 0.636807 -0.38373
v 0.11588 1.58425 0.441805
v 0.025526 1.63178 0.54048
v -0.024714 1.28648 -0.631118
v 0.207561 0.932183 0.13676
v -0.152296 0.840954 0.176868
v 0.020696 0.913369 0.126572
v -0.186347 1.54526 0.605367
v -0.089795 0.8944 0.327606
v 0.073076 1.60189 0.608716
v -1.600000000000039e-05 1.45252 0.766975
v -0.157256 1.16587 0.170018
v 0.799479 0.770951 0.333722
v 0.229649 1.42994 0.367953
v -0.115251 0.743798 0.418167
v -0.141887 1.59906 0.532674
v -0.834316 0.871816 0.057707
v 9.000000000000002e-06 0.604722 -0.802639
v 0.036489 0.861931 0.444614
v -0.165649 1.33979 0.676161
v 0.16711 0.65453 -0.437275
v -0.127237 1.37325 0.724667
v -0.040367 0.861048 0.359441
v 0.007871 0.705867 0.364778
v 8.999999999999894e-06 0.865066 0.370172
v -0.203204 1.42853 0.592897
v 0.070244 1.5959 0.606453
v 0.10429 1.30188 -0.537907
v 0.039455 0.949984 0.193251
v 0.321712 0.794165 -0.563136
v 0.133638 1.5696 0.589155
v -0.023051 0.928081 0.230932
v 0.100626 0.808869 0.25898
v -0.023017 0.88297 0.31894
v 1.899999999999992e-05 1.62588 0.441402
v -0.101775 1.46108 0.735835
v 0.000433 1.54974 0.702187
v -0.022125 1.55055 0.381327
v -0.19745 1.33897 0.663042
v -0.141123 1.48957 0.346281
v -0.023425 0.411032 1.03768
v 0.108522 0.77342 0.355471
v 0.408952 0.005483999999999999 -0.312873
v -0.134052 1.49802 0.679743
v 0.024474 1.6182 0.498002
v -0.12776 1.03999 0.198241
v -0.204199 0.965475 0.472954
v 0.175792 0.080887 0.467823
v 0.196161 1.49315 0.42796
v -0.086208 0.896357 0.3957
v 0.148647 1.43995 0.672078
v 0.171163 0.183983 0.565818
v 0.247061 0.582339 -0.48147
v -0.139995 1.59288 0.535365
v -0.080782 1.60016 0.629384
v 0.047532 1.62961 0.482531
v -0.254197 0.832423 -0.631935
v -0.160218 0.947218 0.272175
v 0.36983 1.08499 -0.279002
v -0.147278 1.55155 0.678818
v -0.369975 1.08508 -0.278448
v 0.170152 0.78194 0.382126
v 0.311575 -0.0005500000000000001 0.37964
v 0.230398 0.576443 -0.495326
v -0.156151 0.84607 0.258818
v 0.103075 0.62539 -0.764637
v -0.21205 0.572962 -0.357729
v 0.137104 1.56968 0.49396
v 0.180094 1.54252 0.603903
v -0.156326 0.630699 -0.383194
v -0.08349 1.62619 0.491808
v 0.051687 1.563 0.669676
v 0.146975 0.919734 0.326555
v 0.212949 0.583746 -0.362506
v -0.242432 0.864624 -0.63276
v -0.152356 1.53448 0.561881
v 0.384705 0.160997 -0.137399
v -0.201046 0.571907 -0.60844
v -0.078245 1.59434 0.62644
v 0.143955 1.56348 0.655231
v 0.188791 0.813479 0.389614
v -0.311203 0.819616 -0.581303
v -0.116609 1.5428 0.415269
v -0.416026 -0.0014819999999999998 -0.342756
v 0.116651 1.54269 0.415284
v 0.243502 0.042838 0.34676
v -0.079735 0.763706 0.349589
v -0.033531 1.44269 0.724197
v 0.064632 1.57001 0.432178
v -0.163734 1.45748 0.634979
v 0.163727 1.45744 0.63504
v -0.194846 0.7817 0.388388
v -0.210712 0.642839 -0.444611
v -0.09947 0.883418 0.11827
v -2.9999999999999645e-06 0.853424 0.378431
v 0.395346 -0.0017699999999999999 -0.35418
v -0.0005999999999999998 0.854278 0.148072
v -0.121553 0.923303 0.113016
v -0.038645 1.6259 0.56356
v -0.070108 0.889903 0.154675
v 0.228225 0.851094 -0.644633
v 0.16621 0.141069 0.535022
v -0.099002 0.740942 0.190323
v 0.08869 1.45755 0.721023
v -0.070243 0.78593 0.347467
v 0.069792 0.892103 0.148092
v -0.098743 1.56444 0.448659
v 0.022118 0.77229 0.12134
v 0.173197 0.671489 -0.767305
v -0.054003 1.56779 0.67424
v 0.118541 0.923123 0.112756
v -0.097164 0.996413 0.178176
v 0.039712 1.0036 0.160572
v -0.013256 0.770472 0.402897
v 0.092045 0.541178 -0.676938
v 0.093241 0.631238 -0.732149
v -0.24103 0.614272 -0.650153
v -0.056206 0.852857 0.147765
v 0.223187 0.613888 -0.407968
v 0.028179 1.56735 0.403978
v 0.080286 1.57379 0.641475
v 0.232129 0.583945 -0.570776
v -0.149374 1.07919 0.177673
v -0.163971 0.14606 0.530677
v 0.059053 1.51471 0.747192
v -0.0004860000000000003 0.830076 0.139626
v -0.052233 1.5596 0.403512
v 0.210498 0.564862 -0.363871
v 0.15832 1.53814 0.562111
v -0.088886 0.792947 0.235158
v 0.065469 0.73164 0.372049
v 0.138301 0.895358 0.435119
v 0.149736 1.54645 0.657384
v 0.247502 0.801193 -0.668682
v -0.023050999999999995 0.92719 0.230477
v -0.346769 0.177906 -0.156144
v 0.171904 1.32144 0.67391
v 4.000000000000531e-06 1.65326 0.543099
v 0.060874 0.655268 -0.440873
v 0.0171 1.4461 0.738908
v -0.03483 1.44333 0.731045
v -0.026674 0.909719 0.121664
v 0.436304 1.08177 -0.298847
v -0.144124 0.91014 0.425314
v -0.124384 0.668497 -0.448119
v 2.0000000000002655e-06 0.875015 0.420946
v 0.162038 0.96945 0.258455
v 0.103546 0.882947 0.37692
v 1.7999999999999787e-05 1.61038 0.453409
v 0.090168 0.879545 0.369933
v -0.131577 0.858314 0.229735
v -0.234736 0.577386 -0.443547
v -0.159999 1.56623 0.59808
v -0.061267 0.886915 0.309041
v -0.140169 0.776432 0.346678
v 0.381674 0.029958 -0.413559
v -0.112087 0.908539 0.372611
v 0.097416 0.919644 0.252253
v -0.044478 0.666408 -0.438128
v -0.44326 1.07434 -0.26393
v 0.299727 0.051358 0.343501
v -0.046675 0.886856 0.146818
v -0.120294 0.776311 0.335286
v 0.120294 0.776293 0.33529
v 9.000000000000327e-06 1.00849 0.170321
v -0.140546 0.945344 0.295194
v 0.13554 0.929281 0.327916
v 0.053692 1.00468 0.181408
v -0.134784 0.962682 0.263375
v 0.198552 1.42666 0.589557
v 0.346833 0.177977 -0.156189
v 0.171159 0.597785 -0.401081
v 0.125452 0.776446 0.239875
v -0.12546 0.776463 0.239855
v -0.070539 1.00128 0.18775
v 0.112071 0.908541 0.372611
v -0.106095 0.852891 0.190386
v 0.372809 0.026147 -0.398174
v 0.240321 0.612174 -0.416044
v 0.034507 0.848276 0.138023
v 0.257275 0.633377 -0.574229
v -0.038799 0.76484 0.31686
v -0.136973 0.908232 0.350732
v 0.141077 0.819288 0.275794
v 0.202424 1.23588 0.66559
v -0.045687 0.629736 -0.827437
v -0.293867 0.18283 -0.198488
v -0.275926 0.653904 -0.696008
v 0.044555 0.721956 0.3504
v 0.111909 0.986012 0.220005
v -0.385782 0.010873 0.326666
v -0.21479 0.599806 -0.369002
v -0.213724 0.625803 -0.416162
v 0.253194 0.612317 -0.664129
v 0.258189 0.603363 -0.632855
v -0.04458 0.736852 0.339707
v 0.149015 1.53173 0.461048
v -0.166241 0.14106 0.535019
v 0.452182 0.028627 -0.410893
v -0.441838 1.0958 -0.286456
v -0.026666 0.950781 0.189018
v -0.09696 0.803876 0.301887
v -0.273757 0.638227 -0.607704
v -0.070502 0.799351 0.150359
v 0.070389 0.799467 0.150351
v -0.117311 0.89489 0.305489
v -0.378824 0.181464 -0.134073
v 0.216619 0.61683 -0.383134
v -0.130391 0.666919 -0.462991
v 0.273803 0.622013 -0.511461
v -0.351823 0.025203 -0.419406
v -0.24845 0.615007 -0.445548
v 0.307775 0.6079 -0.57575
v 0.047123 0.860335 0.377058
v 0.116794 0.907483 0.293502
v -0.113754 0.900651 0.307264
v -0.243324 0.56574 -0.400866
v 0.097691 0.94585 0.211001
v -0.097693 0.945859 0.211002
v -0.380392 0.035867 -0.387747
v -0.356111 0.038157 -0.395245
v -0.106408 0.774784 0.298994
v 0.118772 0.77438 0.289721
v -0.04581 0.96417 0.183051
v -0.108697 0.935708 0.239007
v 0.244111 1.29318 0.595206
v 0.226232 0.621686 -0.427808
v 0.143247 1.48243 0.338907
v -0.231255 0.621803 -0.583284
v 0.093165 0.820071 0.207738
v -0.11398 0.827211 0.256277
v 0.304286 0.656434 -0.646173
v 9.999999999992654e-07 0.763241 0.336963
v -0.111184 0.861987 0.220735
v 0.013781 0.768897 0.330845
v -0.264116 0.598543 -0.491655
v 0.080836 0.871953 0.410292
v -0.088645 0.812891 0.219665
v 0.40327 0.212329 -0.121583
v 0.060599 0.87833 0.34403
v -0.02397 0.867117 0.351852
v 0.064079 0.94767 0.195303
v -0.047905 1.60316 0.600099
v -0.128502 0.937933 0.25626
v 0.138464 0.922058 0.479613
v 0.261233 0.64382 -0.616333
v 0.095382 0.883939 0.345162
v 0.044186 0.959573 0.185223
v 0.146912 0.923359 0.293368
v 0.14488 1.12557 0.172387
v 0.309707 0.050072 0.314285
v -0.156665 0.941936 0.512435
v 0.300146 0.176629 -0.175736
v -0.313313 0.175283 -0.170542
v 0.215355 1.14081 0.217856
v -0.209862 0.609279 -0.393266
v 0.061738 0.862769 0.371348
v -0.267817 0.590638 -0.516207
v 0.252405 0.620403 -0.443549
v -0.244554 0.020431 0.361116
v 0.24455 0.020409 0.361133
v -0.272044 0.603736 -0.630777
v 0.171862 0.964906 0.544451
v -0.087298 0.883605 0.321666
v -0.194045 1.10426 0.213618
v -0.157459 1.02007 0.231848
v 0.084249 0.956837 0.212765
v 0.171168 1.06823 0.212876
v 0.194204 0.975069 0.472094
v -0.246718 0.580089 -0.384627
v 0.086122 0.803536 0.24356
v 0.136787 1.03437 0.193396
v 0.063503 0.67357 -0.448569
v -0.03111 1.55425 0.640634
v -0.113988 0.819824 0.25488
v 0.316436 0.010638 0.343085
v -0.019083 0.958443 0.174679
v 0.077154 0.885235 0.316623
v 0.450175 0.0034879999999999998 -0.373955
v -0.329087 0.015139 0.341074
v -0.067037 1.5131 0.329032
v 0.106022 0.815515 0.266837
v -0.020484 0.738495 0.313314
v 0.113537 0.639737 -0.421149
v -0.285428 0.029934 0.33702
v -0.323276 0.055426 0.328525
v -0.097221 0.918749 0.251837
v 0.239078 0.575002 -0.454654
v -0.228895 0.63552 -0.618178
v 0.108861 0.854057 0.215377
v 0.25404 0.620718 -0.633384
v 0.115935 0.877665 0.202205
v 0.038485 0.854223 0.156566
v 0.03627 0.869421 0.347339
v -0.252203 0.644056 -0.627646
v -0.215009 0.578331 -0.560367
v -0.0662 1.45873 0.262652
v -0.021605 1.58644 0.580317
v 0.27019 0.61604 -0.511978
v -0.446646 0.022173 -0.411027
v -0.040573 0.631309 -0.368443
v -0.154616 0.633202 -0.41072
v 0.384741 0.049331 0.356931
v 0.066242 1.45866 0.262673
v 0.342067 0.019712 0.354912
v 0.23269 0.624187 -0.600663
v 0.415835 0.008738 -0.388358
v -0.378435 0.051784 0.340838
v -0.297533 0.598416 -0.506666
v -0.258588 0.066764 0.317769
v -0.439016 0.004388000000000001 -0.378911
v -0.474694 0.009356 -0.406408
v -0.084835 0.872386 0.354882
v -0.345526 0.044883 -0.394344
v -0.31038 0.051371 0.330966
v 0.080866 0.931208 0.227238
v 0.178251 1.45394 0.61746
v 0.249426 0.644327 -0.586146
v -0.388458 0.008977 -0.377997
v -0.035997 0.870557 0.352508
v -0.270489 0.619822 -0.575223
v -0.332392 0.010189 -0.378836
v -0.256742 0.633379 -0.574099
v -0.246446 0.622958 -0.578211
v -0.140314 1.53759 0.459149
v 0.020908 0.862008 0.425899
v 0.278784 0.619369 -0.593667
v 0.283853 0.615978 -0.617911
v 0.257116 0.583035 -0.39599
v -0.300844 0.015764 0.354108
v 0.098357 0.792594 0.280563
v -0.367371 0.036647 -0.399685
v 0.012814 1.56134 0.62412
v -0.254015 0.048209 0.345322
v 0.27056 0.619865 -0.575172
v 0.275774 0.59448 -0.503083
v 0.06176 0.947916 0.207918
v 0.346286 0.015949 -0.361291
v 0.237237 0.579811 -0.514072
v 0.335432 0.039748 0.345827
v 0.270446 0.582844 -0.594955
v 0.411712 0.041139 -0.413967
v 0.231226 0.627263 -0.608892
v -0.076641 0.970752 0.182993
v -0.297683 0.014249 0.311922
v 0.075997 0.887275 0.354791
v -0.239182 0.574964 -0.454659
v -0.012449 1.57929 0.605111
v -0.281894 0.591188 -0.594132
v 0.360756 0.042014 0.323502
v 0.185591 0.641952 -0.420159
v 0.012671 1.57309 0.601889
v 0.248674 0.585751 -0.447573
v 0.045626 0.876929 0.345878
v -0.380679 0.030518 0.372361
v 0.077604 1.46388 0.263484
v 0.139946 0.965091 0.228221
v 0.331278 0.034936 -0.401865
v -0.087916 0.942583 0.218516
v -0.214585 0.62111 -0.410336
v 0.10744 0.922152 0.244507
v -0.129438 0.974465 0.211989
v -0.389479 0.008282 -0.419015
v -0.258505 0.583907 -0.59646
v 0.054038 0.940041 0.210116
v -0.295944 0.603148 -0.515302
v -0.242204 0.596636 -0.374777
v -0.280536 0.618979 -0.608281
v -0.295929 0.022111 0.338324
v -0.010296 0.946901 0.196809
v -0.040311 0.860271 0.358814
v -0.021296 1.5636 0.634774
v 0.011355 1.5623 0.637263
v 0.020852 1.58325 0.597629
v -0.010298 0.743142 0.305018
v 0.380672 0.030585 0.372359
v 0.295776 0.603234 -0.51527
v 0.036839 0.7701 0.322069
v -0.059715 0.856145 0.155157
v -0.426218 0.029194 -0.384372
v -0.088147 0.913239 0.262708
v 0.31283 0.593187 -0.50745
v -0.026646 0.853782 0.138131
v -0.046419 0.942069 0.206279
v 0.0002800000000000001 0.873984 0.14335
v 0.077574 0.891214 0.319707
v -0.460691 0.033087 -0.356006
v 0.125483 0.893529 0.348372
v 0.458251 0.023545 -0.353757
v -0.089272 0.921063 0.247383
v 0.04644 0.947581 0.20953
v 0.440782 0.045617 -0.382994
v -0.278919 0.04488 0.348777
v 0.13184 1.038 0.198068
v -0.10344 0.862037 0.202593
v 0.081798 0.882765 0.340201
v 0.063107 0.858393 0.386151
v 0.380392 0.035881 -0.387733
v -0.107121 0.817266 0.207458
v 0.035924 0.979574 0.164908
v 0.118685 0.996008 0.200994
v 0.013778 0.856672 0.364851
v -0.443501 0.042662 -0.377099
v -0.041069 0.849231 0.135992
v -0.068652 0.876725 0.351923
v 0.242164 0.585513 -0.377084
v 0.314674 0.032207 0.360732
v 0.388687 0.024209 0.305492
v -0.360336 0.013934 -0.375798
v 0.272826 0.031628 0.33686
v 0.372747 0.020747 -0.382476
v 0.037268 0.86108 0.401445
v -0.037245 0.861087 0.401449
v -0.345622 0.040023 0.349141
v 0.383146 0.031934 -0.400721
v -0.093901 0.869916 0.394192
v 0.107825 0.828432 0.202313
v -0.333791 0.030465 0.349042
v 0.26255 0.035875 0.371295
v -0.262548 0.035857 0.371292
v 0.094039 0.91211 0.264185
v -0.109905 0.920275 0.248746
v 0.032594 0.817431 0.111832
v -0.089289 0.973149 0.197441
v 0.428355 0.016934 -0.374093
v -0.074908 0.86417 0.357787
v 0.266664 0.573185 -0.614976
v -0.130933 0.89655 0.353583
v -0.39881 0.032401 -0.373917
v 0.398794 0.032421 -0.373925
v -0.064834 0.867654 0.349841
v -0.093773 0.912373 0.264354
v -0.093746 0.900928 0.28682
v 0.099871 0.900408 0.287491
v -0.097259 0.894508 0.299303
v 0.052844 0.845438 0.148457
v 0.023946 0.88648 0.139449
v -0.099557 0.785605 0.268225
v -0.304981 0.039213 0.359444
v 0.108965 0.896786 0.386793
v -2.0000000000000486e-06 0.949708 0.191376
v -0.387154 0.021681 0.302793
v 0.085661 0.867008 0.402188
v 0.348904 0.022386 0.350414
v -0.061729 0.947947 0.207981
v -0.372152 0.023289 0.364927
v -0.376691 0.045289 0.362236
v -0.0005579999999999999 0.83462 0.125121
v -0.323502 0.02973 0.295424
v 0.094039 0.900614 0.286706
v 0.367344 0.038277 0.366663
v -0.352372 0.021461 -0.366939
v 0.352407 0.021473 -0.366952
v -0.415759 0.023305 -0.431556
v 0.262058 0.572151 -0.593477
v 0.31041 0.05161 0.330215
v 0.087297 0.883607 0.321667
v -0.087545 0.889648 0.308675
v 0.363327 0.04081 -0.379259
v -0.030705 0.947365 0.195946
v -0.367181 0.014275 -0.378364
v 0.413339 0.019522 -0.436604
v 0.306401 0.014284 0.291186
v 0.476355 0.01565 -0.40817
v -0.390027 0.047136 -0.39793
v 0.446509 0.030574 -0.361219
v -0.4465 0.030635 -0.361247
v -0.432757 0.022331 -0.363772
v -0.348911 0.022382 0.350424
v -0.373823 0.009211 0.314002
v -0.430794 0.022097 -0.385329
v 0.380523 0.013113 -0.382528
v -0.327348 0.015084 -0.424254
v 0.341649 0.016778 -0.429074
v -0.265251 0.566891 -0.606819
v 0.007552 0.735115 0.307959
v -0.093511 0.882331 0.373
v -0.007564 0.735129 0.307966
v 0.417348 0.036187 -0.398943
v 0.401866 0.005411 -0.432909
v 0.310962 0.028673 0.289204
v 0.103708 0.993178 0.201679
v -0.340583 0.008497 -0.428522
v -0.064249 0.942011 0.206428
v -0.30208 0.018278 0.292887
v -0.461438 0.010563 -0.42064
v 0.08538 0.922623 0.257054
v -0.39579 0.01234 -0.43623
v -0.092602 0.895887 0.304485
v 0.095141 0.919295 0.258772
v 0.376813 0.010064 0.307973
v 0.105707 0.758271 0.231546
v 0.262093 0.583829 -0.611475
v 0.464983 0.010536 -0.421001
v 0.33338 0.004046 -0.422071
v -0.084701 0.937971 0.214378
v -0.089077 0.912085 0.278143
v -0.271495 0.577102 -0.606817
v 0.0017220000000000013 0.952255 0.199493
v 0.265797 0.574083 -0.601823
v 0.336963 0.093374 0.577785
v -0.182388 0.545344 -0.529283
v 0.260407 1.25782 0.284463
v 0.15347 1.07755 -0.120007
v 0.119824 0.944631 0.528714
v -0.384823 0.852154 -0.441614
v 0.358587 0.454165 0.525681
v -0.250422 0.994309 0.393049
v -0.145899 1.03689 -0.466402
v -0.265993 0.856822 0.161051
v 0.152544 1.33462 0.687808
v 0.044792 0.900839 0.460603
v 0.478116 0.46772 0.132636
v -0.238083 1.42014 0.537868
v -0.231953 1.41717 0.536253
v 0.20559 1.28236 0.233302
v 0.253094 1.20113 0.590394
v -0.0775 0.971501 0.613795
v 0.489523 0.34364 0.061264
v -0.327352 0.702018 0.128067
v -0.183232 1.20379 -0.188454
v 0.125937 0.628998 0.470426
v -0.351733 0.143528 -0.077886
v -0.138403 0.726205 0.307079
v 0.668339 0.878853 0.206187
v -0.502369 0.911207 0.10785
v 0.044506 0.693944 0.435111
v 0.075219 0.748404 0.64608
v 0.144043 1.03024 -0.465538
v -0.323305 1.30158 0.388506
v 0.226036 0.316576 0.617136
v 0.18996 0.975726 -0.205796
v 0.296725 1.07787 0.490371
v 0.039655 0.919972 0.600355
v -0.200609 1.42202 0.600737
v -0.403014 1.00026 0.122178
v -0.149908 1.30685 0.184084
v 0.338227 0.900473 0.117992
v -0.076288 1.1372 0.715457
v 0.160114 1.48537 0.372355
v -0.457254 0.547371 0.101646
v -0.166888 0.674887 -0.572134
v -0.07542 1.39452 0.192528
v -0.281601 1.22413 0.352299
v -0.177513 0.05781 0.012685000000000002
v -2.3000000000000017e-05 1.05574 0.682675
v 0.323983 0.683104 0.167367
v 0.420156 0.901605 0.250371
v -0.385715 0.784668 -0.227059
v -0.058981 0.419498 -0.661807
v -0.379562 0.783783 -0.230278
v -0.045099 0.843391 -0.762032
v -0.51976 0.26847 -0.28952
v -0.02662 1.27975 -0.631499
v 0.406703 0.654006 -0.009453
v 1.9999999999999185e-05 1.46821 0.254629
v -0.374975 0.776157 -0.504857
v 0.249354 0.460461 0.564014
v -2.000000000003735e-06 0.849237 0.056019
v 0.268787 0.694583 0.258655
v 0.125628 1.41442 0.681415
v 0.06899 0.732757 0.303194
v -2.499999999999985e-05 1.05295 -0.519787
v -0.121848 1.08117 0.68862
v 0.047905 0.029276 0.244383
v -0.045176 0.062569 0.451008
v -0.417512 0.589935 0.149133
v -0.486305 0.463095 -0.085189
v -0.001526 0.487395 0.847649
v 0.529349 0.860374 0.353206
v 0.041885 0.546203 -0.491309
v -0.064471 0.631418 0.585505
v 0.255078 0.618834 0.420047
v -0.359217 0.908607 -0.460661
v -0.457018 0.430834 0.254465
v 0.35908 0.698544 -0.0009200000000000007
v 0.187913 0.858436 -0.061167
v -0.175659 0.048413 0.282449
v -0.319191 1.26393 0.459271
v 0.184938 0.853153 -0.064665
v -0.326351 1.20695 0.336292
v 0.788675 0.805205 0.369773
v -0.207688 1.09397 0.235807
v -0.062633 0.90166 -0.069751
v -0.4148 0.0015149999999999999 -0.279244
v -0.2079 0.984769 0.450603
v 0.180887 1.54618 0.581266
v -0.0023029999999999995 0.957899 -0.046234
v -0.257081 0.770473 0.330257
v -0.261979 1.23065 0.602688
v 0.108945 1.28896 -0.48356
v 0.053099 0.520979 -0.608257
v 0.234186 1.04295 0.34523
v -0.215823 0.551426 -0.512707
v -0.118147 0.543311 -0.693057
v 0.116762 1.13469 0.163174
v -0.042998 0.980152 0.667357
v -0.299321 0.779708 -0.059626
v -0.470458 0.461423 -0.152029
v -0.295168 0.774673 -0.062156
v -0.426118 0.08959 -0.174491
v 0.231852 1.41709 0.536243
v 0.429806 0.241621 0.260761
v 0.119169 0.050307 0.005052000000000001
v -0.057936 1.31113 0.728188
v 0.284016 1.03817 0.381214
v 0.512209 0.282045 -0.172095
v -0.431769 0.201626 0.153852
v -0.091586 0.951321 0.022117
v -0.274921 1.37307 0.55655
v 0.475357 0.344372 -0.134025
v 0.264922 1.37965 0.361331
v -0.293364 1.28575 0.509404
v 0.042897 1.2005 -0.46888
v 0.128417 0.988786 0.006121999999999999
v 0.301976 0.474977 -0.3944
v -1.1999999999999858e-05 1.16483 0.781054
v 0.169965 0.929119 -0.647682
v 1.899999999999962e-05 0.361071 -0.469005
v -0.054696 1.52768 0.346465
v 0.234015 1.17887 0.225921
v -1.3000000000000858e-05 1.16625 0.774198
v 0.431752 0.227358 0.316132
v -0.238355 0.074212 -0.032364
v -0.169301 0.036929 0.129032
v -0.091803 1.20227 -0.437886
v 0.121415 0.055121 -0.050733
v 0.892535 0.731793 0.219688
v 0.382174 0.148937 0.019501
v 0.1192 0.150677 -0.23157
v 0.386876 0.945655 -0.240375
v -0.370507 0.180633 -0.391291
v -0.288217 0.537321 0.495742
v 0.495957 0.228053 -0.34419
v -0.168045 0.043807 0.129389
v -0.053374 1.35915 0.753385
v 0.727575 0.845111 0.109039
v -0.352107 1.08641 -0.35959
v 0.489022 0.172912 -0.345693
v -0.184938 1.49379 0.578919
v 0.465542 0.524274 -0.035539
v -0.482247 0.271429 0.401566
v 0.239549 0.92966 -0.18307
v 0.341931 0.114002 0.00013400000000000044
v -6.000000000000796e-06 0.966741 0.135038
v -0.278224 1.07329 0.318823
v 0.184805 0.947353 0.351272
v 0.050162 0.978359 -0.656499
v 0.290712 0.912867 -0.187189
v -0.086066 0.832176 0.179944
v 0.229156 0.060908 0.083003
v -0.382189 0.148783 0.019653
v -0.218692 0.516989 0.536954
v 0.430131 0.446745 0.427887
v 0.411862 0.834147 -0.338258
v -0.0001229999999999981 0.500183 0.583616
v 0.112178 0.434327 -0.646496
v -0.65448 0.859051 0.118898
v 0.460773 0.257313 0.505084
v -0.024956 1.35769 0.749985
v 0.281934 1.01982 -0.432538
v 0.403574 1.02475 -0.337264
v 0.487269 0.402789 -0.142518
v 0.04008 0.661828 -0.442955
v 0.099294 1.57695 0.507207
v -4.5999999999999167e-05 0.645398 0.459285
v -0.33027 0.060907 -0.209827
v -0.17806 0.651622 -0.47795
v 0.488831 0.329343 0.111805
v -0.002693000000000001 1.10542 -0.079242
v -0.062143 0.086017 -0.154186
v -0.075726 0.727536 0.208318
v -0.424565 0.189533 0.211979
v 0.156523 0.489043 0.581471
v -0.438833 0.073014 0.503757
v -0.690267 0.84863 0.108833
v 0.690272 0.848619 0.108851
v -0.120688 0.970863 0.173164
v 0.073255 1.17263 0.73578
v -0.421656 0.371108 0.520663
v -0.450224 0.463222 -0.289885
v -0.061667 0.092328 -0.151196
v 0.342955 0.105897 0.247656
v -0.406379 0.62355 -0.366377
v 0.350947 0.782849 -0.178127
v 0.283381 1.04856 -0.289371
v 0.290011 1.39028 0.44386
v 0.067851 1.02362 -0.283065
v -0.238557 1.00695 -0.254377
v -0.40623 0.642669 -0.104379
v -0.412468 0.645832 -0.104669
v -0.051894 0.456696 0.916458
v 0.338785 0.111462 0.246859
v -0.386893 0.343064 -0.376947
v 0.180714 0.833939 0.187401
v 0.048734999999999994 0.788184 -0.79498
v 0.168409 1.5165 0.654448
v 0.087924 0.677529 -0.663094
v 0.048727 0.897031 0.466342
v -0.763996 0.755341 0.215941
v 0.33037 0.296551 0.608993
v -0.40966 0.667279 -0.397392
v -0.046937000000000006 1.55622 0.40966
v -0.29339 0.135586 0.586294
v 0.157851 1.11986 0.183758
v -0.291019 0.817413 -0.597548
v -0.413492 0.047063 0.401541
v 0.41669 0.538754 -0.281996
v 0.096124 0.026308 0.250706
v -0.097955 0.526482 -0.593013
v -0.861794 0.846494 0.059256
v -0.490464 0.221965 -0.144775
v -0.447155 0.149413 0.376329
v 0.415794 0.101652 0.362107
v -1.01801 0.739456 0.139668
v 2.199999999999945e-05 1.04875 -0.378773
v 0.234848 1.10461 0.635019
v 0.252289 0.629828 -0.58025
v -0.47443 0.386133 0.167741
v -0.155239 0.726496 0.702177
v 0.033182 0.297452 1.1076
v 0.354568 0.286257 -0.375341
v 0.329108 0.295835 0.602145
v -8.100000000000056e-05 0.680614 0.430261
v 0.25833 0.510583 -0.602303
v 0.05567 0.795367 0.328556
v 0.095769 0.318205 -0.391558
v 0.411039 0.737433 -0.4569
v -0.443061 0.458862 0.379635
v -0.079328 0.95779 0.216785
v 0.417654 0.553475 -0.236845
v 0.275016 0.207712 0.603448
v -0.436716 0.456049 0.378719
v -0.829162 0.80545 0.090637
v 0.153483 0.574689 -0.372759
v 1.5999999999998654e-05 1.5738 0.368713
v 0.055241 1.09856 0.142947
v -0.368979 0.208262 0.600155
v -0.406552 0.675858 -0.460726
v 0.145079 0.776952 0.549332
v 1.4000000000000123e-05 1.05572 0.155853
v -0.390465 0.588674 -0.332369
v 0.411627 0.510576 0.385787
v -1.6999999999999654e-05 0.963066 -0.149059
v -0.914742 0.726198 0.15328
v -0.12951 0.976592 -0.200107
v -0.254403 1.1631 0.249405
v 0.362036 0.821088 -0.201891
v 0.053232 1.5664 0.374469
v -0.170527 1.08009 0.688664
v 0.049564 0.282989 -0.367519
v 1.4000000000000123e-05 0.067588 0.448619
v 0.156594 0.658643 -0.431464
v -0.24645 1.41454 0.469542
v -0.679593 0.762512 0.301785
v -0.08752 0.97855 0.662813
v 0.336051 0.865648 0.147973
v -4.0999999999999994e-05 0.757142 0.26044
v 0.155763 0.602403 0.778167
v -0.181943 1.29381 0.684276
v 0.456311 0.408835 0.329676
v -0.038752 0.373797 1.00448
v 0.257971 0.635895 0.376082
v 0.027764 0.380233 1.00736
v 0.958463 0.823775 0.066326
v -0.169373 0.779813 0.238632
v 0.464086 0.375483 0.212613
v -0.197005 0.927776 0.176516
v -0.33279 0.110307 0.311094
v -0.190453 1.51562 0.538185
v 0.106389 1.37176 0.744658
v -0.097181 0.796794 -0.777516
v -0.505595 0.143707 -0.212764
v 0.557141 0.957253 0.160913
v -0.137278 1.19654 -0.332251
v -0.043843 0.339313 0.638977
v 1.200000000000002e-05 0.681492 0.420224
v -0.458969 0.857176 0.398813
v 0.679782 0.769532 0.301505
v -0.397558 0.522131 -0.320438
v 1.899999999999992e-05 1.63904 0.473767
v -0.271341 1.11025 0.54122
v 0.127334 0.64402 -0.56214
v -0.149622 1.07912 -0.114199
v -0.110604 1.14395 -0.067771
v -0.043476 0.338981 0.631995
v -0.315232 0.604607 0.366864
v -0.323215 0.696605 0.12646
v 0.24724 1.11793 0.615794
v 0.266112 0.732147 0.133347
v 0.131812 0.803326 -0.750013
v 0.352668 0.59361 -0.483464
v -0.190195 0.431799 0.600687
v 0.378994 0.659007 0.119738
v -0.296103 0.081817 0.283064
v 0.041791 1.02758 0.689983
v 0.19005 0.277325 -0.334363
v 1.2999999999999123e-05 0.171022 0.595355
v 0.102833 0.686191 0.498485
v 0.409179 -0.001504000000000001 -0.312518
v 0.549351 0.924627 0.195018
v 0.264538 0.763592 0.052705
v -0.274467 1.13199 0.310589
v 0.234601 1.21336 0.621238
v -0.324997 0.644144 0.290486
v 0.087089 0.377827 -0.457724
v 0.211751 0.985171 0.448745
v -0.131106 0.493484 0.935132
v 0.42059 0.906727 0.255123
v -0.420576 0.906779 0.255073
v 1.4000000000000123e-05 0.17488 0.589514
v 0.412 0.7055 -0.426966
v 0.295919 0.019073 0.52121
v 0.132296 1.05147 0.200208
v 0.150979 1.10214 -0.018198
v 0.039982 1.07318 0.711529
v 0.160193 0.509441 1.01328
v 0.04091 0.700512 -0.558413
v 0.24935 1.29482 0.597647
v -0.115238 0.913811 0.492877
v 0.92863 0.768173 0.157853
v 0.041859 1.31119 0.113723
v 0.312566 1.11425 0.515482
v -0.116995 0.691679 0.767309
v -0.587211 0.888386 0.223043
v 0.029715 0.724064 0.215054
v 0.143198 0.558739 -0.503736
v 0.207157 1.03187 0.277021
v -0.138497 0.754112 0.223992
v 0.076298 0.615505 0.865879
v 0.597012 0.85171 0.293617
v 0.229501 1.12829 0.245039
v -0.237701 1.02079 -0.295459
v -0.283522 0.099984 -0.327063
v 0.078449 0.609992 0.86214
v 0.077308 1.17342 -0.148056
v 0.040622 0.693542 -0.559003
v 0.358962 0.868717 0.357518
v -0.037474 0.698374 0.703352
v -0.177154 0.352759 -0.371246
v -0.32186 1.17597 0.501404
v 0.446453 0.51818 0.179875
v 0.229227 1.01317 0.396066
v -0.528483 0.853525 0.352016
v -0.037325 1.20662 -0.263486
v 0.239538 0.574127 -0.454808
v -0.033518 0.741727 0.632162
v 0.081104 1.35197 0.150067
v -0.082342 0.541876 -0.481126
v -0.571485 0.855692 0.345529
v 0.129938 0.922059 -0.691129
v -0.324373 0.851337 -0.185093
v -0.378959 0.901145 0.252968
v 0.116845 1.19286 -0.149168
v -0.194692 0.236598 -0.304154
v -0.101933 0.686557 0.497106
v 0.180308 0.829492 0.18201
v 0.067267 1.17746 0.126902
v 0.174567 0.381789 0.61151
v 0.425592 0.044328 0.453734
v 0.140425 0.775681 0.187204
v -0.118947 1.39604 0.191335
v -0.179076 1.25881 -0.29708
v -0.98205 0.776783 0.07478
v -0.492743 1.00255 0.103165
v 0.369833 0.999528 0.115998
v -0.322404 0.696176 -0.616033
v -0.370061 0.999527 0.115938
v -0.17138 1.47817 0.36473
v 0.294581 1.24811 0.581297
v -0.278096 1.23052 0.614145
v -0.138152 1.28195 -0.39935
v 0.155618 0.640547 0.699136
v -0.080627 0.686728 -0.493174
v 0.075329 1.60455 0.486267
v -0.192606 0.240737 -0.298908
v 0.306 0.466921 -0.367756
v 0.141041 1.51672 0.630563
v 0.371248 0.852343 0.393698
v -0.359223 0.861856 0.356172
v 0.290698 0.052371 -0.292516
v -0.328941 0.854062 -0.180543
v -0.244444 0.007205 0.384736
v -0.053574 0.452055 1.02104
v -0.511725 0.104327 -0.266538
v -0.459021 0.286904 -0.094356
v -0.10967 0.761047 0.615436
v -0.691738 0.837162 0.309502
v -0.690237 0.830393 0.308539
v -0.040876 0.624276 -0.754231
v -0.378205 0.902689 0.112663
v -0.080375 0.679953 -0.494918
v 0.653094 0.843621 0.323688
v 0.116125 0.759671 0.621038
v 0.03954799999999999 1.45491 0.205307
v 0.337692 1.21715 0.433746
v -0.141881 1.03118 0.19632
v 0.570998 0.82561 0.164761
v 0.078582 1.25884 0.114501
v 0.107439 1.13744 -0.258335
v 0.181748 0.084135 0.466097
v 0.256918 0.763449 0.330168
v 0.145936 0.778438 0.597117
v 0.33886 0.330962 -0.372632
v -0.075392 1.1715 0.742349
v 0.037667 0.943928 0.200378
v 0.641993 0.763459 0.314271
v -0.309482 1.16344 0.317263
v 0.034428 0.749314 0.59344
v -0.140532 0.789998 0.14894
v 0.12493 1.50789 0.664609
v -0.251215 0.843409 0.370406
v 0.824507 0.779515 0.115263
v -0.156556 0.556005 -0.455433
v -0.03955 0.59719 -0.346707
v 0.067479 0.918341 0.150658
v 0.061817 1.10855 -0.265431
v 0.264914 0.590697 -0.580381
v 0.318711 1.19889 0.467426
v -0.03859 1.30881 0.135621
v -0.061505 1.12689 -0.29971
v -0.338664 0.659844 -0.601738
v -0.109322 0.551764 0.812937
v -0.221182 0.334862 -0.351622
v 0.032668 1.22555 -0.300001
v 0.188748 0.99114 0.305515
v -0.315728 1.15631 0.444421
v -0.662128 0.771974 0.253169
v 0.116976 0.895945 0.193663
v 0.096723 1.046 0.053189
v 0.148419 1.21176 0.131857
v -0.058166 0.515533 -0.667621
v 0.393611 0.014677 0.405971
v 0.411931 0.821433 0.17326
v 0.428066 0.764479 0.290161
v -0.411896 0.821437 0.173266
v -0.428033 0.764473 0.290203
v -0.120123 1.29754 -0.489627
v 0.42814 0.771378 0.29134
v -0.060025 0.559984 0.764549
v -0.412109 0.826665 0.177916
v -0.176155 0.552636 -0.545181
v 0.311853 1.19941 0.466118
v -0.428108 0.771373 0.291382
v 0.15093 0.675578 0.627516
v -0.057114 1.1494 -0.331198
v 0.037501 1.30643 0.142111
v -0.300884 0.897849 0.259514
v -0.174562 0.381819 0.61093
v 0.031764 1.24053 -0.376215
v 0.167007 1.19661 -0.297634
v -0.062666 0.623694 0.623485
v 0.425665 0.13267 -0.151992
v 0.062724 0.623625 0.623678
v -0.097586 0.790918 0.535779
v 0.746242 0.82548 0.241978
v 0.137887 0.797316 0.109467
v -0.033826 0.562498 0.90595
v 0.105932 0.554181 0.824849
v 0.288965 1.26509 0.541319
v 0.379829 0.040271 -0.39714
v 0.061387 1.03316 -0.128358
v -0.481732 0.343416 -0.131149
v 0.058991 0.419488 -0.661808
v -0.06546 1.03323 -0.128148
v -0.035787 0.55731 0.901679
v 0.227376 0.929449 0.210224
v 0.037226 0.939191 0.59056
v -0.163519 0.804526 0.215561
v -0.324809 0.141221 -0.180294
v 0.76536 0.762177 0.216816
v -0.192499 1.09775 0.650929
v -0.792392 0.893948 0.115275
v -0.272874 1.40757 0.414682
v 0.387313 0.486365 -0.332171
v -0.070474 0.59381 -0.434642
v 2.499999999999985e-05 0.531432 -0.716183
v -0.25643 0.027909 0.512061
v -0.074233 1.05521 0.019804
v -0.149497 0.425808 -0.594392
v -0.789748 0.888947 0.111152
v 0.229001 0.92427 0.205803
v 0.298952 1.15284 0.358973
v -0.180859 1.54623 0.581216
v -0.187166 1.3881 0.224199
v -0.111913 1.34351 0.180764
v -0.033552 1.04489 0.017381
v -0.103744 1.04564 0.053986
v 0.390772 0.48796 -0.338044
v -0.313896 0.232432 0.60411
v -0.168391 1.51651 0.654407
v 0.035225 1.48795 0.25152
v -0.187955 1.02451 0.601137
v -0.04409 0.382219 -0.498504
v 0.250025 1.13304 0.589016
v -0.372868 1.06612 -0.266719
v 0.468546 0.271995 -0.068595
v 0.23272 0.654777 -0.737012
v 0.258213 1.34789 0.578473
v -0.288718 1.08256 0.403419
v -0.129662 0.921719 0.343614
v -0.217231 0.633413 -0.500678
v 0.782315 0.824652 0.227525
v -0.276013 1.08618 0.284592
v 0.0010520000000000009 1.21148 -0.554662
v -0.459465 0.021066 -0.342108
v 0.167142 1.07101 0.217884
v -0.138594 0.984124 0.003665999999999999
v 0.132652 0.983968 0.0033179999999999998
v 0.100269 0.795772 0.249463
v 0.054618 0.884894 0.157659
v 0.281055 1.20139 0.254367
v -0.301954 0.474977 -0.394332
v 0.223279 0.964116 -0.573868
v 0.46247 0.275021 -0.066884
v 0.070552 1.17406 0.111775
v 0.270761 1.02729 0.413804
v -0.131308 0.500103 1.01386
v 0.03556 0.905549 0.559094
v -0.256385 1.23022 0.598502
v -0.066564 1.64697 0.487577
v 0.169039 1.24922 0.183913
v -0.03504 1.2217 0.12519
v -0.035438 1.01869 0.147003
v 0.220014 1.29602 0.661461
v -1e-05 0.816645 0.118651
v -0.160407 1.24265 0.697865
v 0.240408 0.856831 0.303123
v 0.062515 0.936083 -0.12673
v -0.221505 1.17826 -0.155559
v -0.393888 0.427143 -0.349206
v -0.074292 0.669234 -0.530124
v 0.02726 1.25562 -0.411934
v 0.243118 0.576046 -0.463862
v -0.066256 1.27141 0.762735
v 0.200876 0.452723 -0.599734
v -0.088661 0.382756 -0.493429
v 0.033327 1.47951 0.2609
v 0.219695 0.959291 -0.57028
v -0.259034 1.36732 0.549305
v -0.228575 0.012953 0.471152
v 0.156323 0.554455 -0.635072
v -0.183315 0.89975 -0.113938
v -0.537022 0.791996 0.449867
v -0.238988 1.38727 0.339138
v -0.066552 0.958462 0.173548
v -0.336576 0.562347 -0.473254
v -0.285638 0.092452 -0.287114
v -0.16825 1.13969 -0.047194
v -0.210811 1.14243 0.222931
v -0.871561 0.87475 0.037474
v -0.856015 0.751064 0.329259
v -0.213127 0.847122 0.327867
v -0.029103 0.482868 0.988786
v -0.232852 1.3255 0.597328
v -0.116608 1.58201 0.621976
v 0.443168 1.07439 -0.263933
v 0.26593 0.241217 -0.291121
v 0.033604 1.13436 0.105737
v -0.366598 0.002352 0.421962
v 0.031397 1.2702 0.761248
v 0.033298 0.925271 0.55057
v 0.249577 1.11991 0.226689
v -0.108639 0.724609 0.444848
v 0.090702 0.827636 0.336879
v -0.260828 1.05498 0.386211
v 0.173829 1.26076 -0.287331
v -0.196541 0.914374 0.21396
v 0.198789 0.542749 -0.557077
v -0.103749 0.392744 1.05148
v 0.112433 0.966195 0.120929
v -0.235238 0.87504 0.254349
v 0.216756 1.13128 -0.083377
v -0.121633 0.85551 0.285708
v -0.195661 0.430593 -0.461528
v -0.244562 0.818148 -0.661499
v -0.116654 0.988042 0.095893
v -0.058723 0.795358 0.377544
v 0.172614 1.08217 -0.081782
v 0.841367 0.783867 0.33984
v 0.198068 0.700563 0.772709
v 0.058542 0.575459 -0.685022
v -0.917627 0.734072 0.273109
v -0.197441 0.545705 0.943102
v 0.493687 0.057952 -0.246627
v -0.142164 0.899923 0.364746
v -0.447162 0.785623 0.453414
v -0.211236 0.557616 -0.38662
v 0.431738 0.777866 0.425473
v -0.869198 0.751536 0.137735
v 0.153383 1.16701 0.175751
v -0.115175 0.540676 -0.556221
v -0.03168 1.31789 0.775848
v -0.328283 0.032264 -0.36226
v 0.15346 1.22443 -0.378287
v 0.208037 0.64512 -0.58651
v 0.193771 0.7318 0.590305
v 0.023529 0.989963 0.057198
v 0.190694 0.651682 -0.464427
v -0.248828 0.484658 -0.589548
v -1.9999999999999185e-05 0.881238 0.524962
v 0.357008 0.960579 -0.234233
v -0.193022 0.620619 -0.369409
v -0.172935 0.69472 0.640861
v 0.155049 0.62341 -0.720276
v 0.106273 0.533272 -0.639842
v 0.149128 1.22946 -0.376056
v 2.599999999999998e-05 0.524512 -0.715127
v 0.247748 0.464537 -0.493387
v 0.417813 1.09616 -0.307715
v 0.167602 0.555669 0.917246
v 0.13239 1.37491 0.729035
v -0.227131 0.598985 -0.524916
v -0.08772 1.54335 0.345276
v -0.267451 0.455444 -0.392656
v -0.224372 1.44833 0.589935
v 0.243538 0.470029 -0.492336
v 0.224398 1.44831 0.589982
v -0.031123 1.14014 0.127493
v -0.174541 1.22608 -0.204751
v -0.240862 1.02187 0.367827
v 0.192196 0.652476 -0.448844
v -0.081014 0.532657 -0.686196
v -0.198161 1.09723 -0.08107
v -0.182816 0.614258 0.909317
v 0.213072 0.841647 0.295611
v 0.677199 0.97985 0.037179
v 0.196381 0.225194 0.587861
v -0.311772 0.985333 0.090344
v 0.310884 0.985307 0.090487
v -0.1478 0.997605 0.098338
v -0.156419 0.808559 -0.732941
v 0.14261 0.997347 0.098069
v 0.139451 0.538902 -0.571854
v -0.214579 1.17833 -0.154544
v 0.487688 0.061027 -0.248516
v -0.494811 0.067977 -0.277621
v 0.224961 1.42557 0.370774
v -0.179279 1.28895 -0.486631
v -0.03089 0.784814 0.343415
v -0.138114 0.647352 -0.676427
v 0.224642 1.44634 0.492013
v -0.057695 0.884944 0.151384
v -0.191787 1.19159 0.709975
v 0.687724 0.932663 0.069946
v -0.687742 0.932681 0.069905
v -0.04031 0.782515 0.431167
v 0.967658 0.727788 0.239598
v -0.055318 0.403698 1.07148
v -0.020924 0.862022 0.425913
v -0.263039 0.224027 -0.299767
v 0.230415 1.45022 0.492803
v -0.26968 0.289322 -0.316346
v 0.355661 0.759421 -0.542653
v -0.221498 0.557422 -0.637952
v -4.500000000000001e-05 0.628642 -0.437394
v -0.386883 0.945645 -0.24043
v 0.760415 0.950559 0.028284
v 0.195123 1.09253 0.012741
v -0.175886 0.778507 0.562772
v 0.230882 0.993921 0.319056
v -0.115227 1.54202 0.413823
v 0.12864 0.776086 0.264833
v 0.94535 0.755768 0.089598
v 0.189843 0.545883 -0.593108
v -0.075078 1.51222 0.341825
v 0.015132 0.351799 1.0968
v -0.251171 1.11544 0.620975
v 0.104696 0.985629 0.197735
v 0.049458 0.681377 -0.480449
v 0.139155 0.581996 -0.436067
v -0.845133 0.818367 0.150338
v 0.961084 0.778467 0.111168
v 0.727898 0.784542 0.429754
v -0.727906 0.784502 0.429816
v -0.175751 0.609732 0.83571
v 0.058093 1.09424 0.129036
v 0.2073 1.23181 -0.216434
v -0.216913 1.36724 0.612055
v 0.848328 0.822977 0.154534
v 0.219038 1.44644 0.585888
v -0.878503 0.797469 0.242628
v 0.223757 1.01748 0.599703
v 0.168145 0.956267 0.351639
v 0.458841 0.987314 0.077312
v -0.119891 1.43639 0.680096
v -0.372282 0.977369 0.096973
v -0.137138 1.56171 0.518268
v -0.311322 0.915909 -0.515426
v 0.517987 0.957225 0.089439
v -0.216343 0.591556 -0.395838
v -0.095339 0.953165 0.190902
v -0.198767 0.726132 0.638936
v 0.312445 0.031032 -0.289153
v 0.204678 0.722638 0.650307
v 0.01419 0.947812 0.09617
v -0.144103 1.29323 -0.56786
v -0.173889 0.545637 0.981478
v 0.240643 0.417176 -0.375948
v -0.033911 1.24103 -0.600421
v -0.039613 0.601339 -0.352345
v 0.113745 0.876827 0.20083
v 0.224034 1.09756 0.647286
v 0.166734 1.0598 0.03407
v -0.191235 1.14241 0.677616
v -0.204197 1.24601 0.179942
v -0.145625 0.105936 0.50071
v -0.114507 0.876835 0.200753
v -0.354293 0.815783 -0.519362
v 0.124959 0.448994 1.01105
v -1.3000000000000004e-05 0.644352 -0.382689
v -0.0849 0.934586 0.127886
v -0.168757 1.13345 -0.050344
v -0.206239 1.05501 0.02059
v -0.976337 0.71419 0.213746
v 0.447105 0.792225 0.450999
v 0.187964 0.645105 0.776311
v -0.72768 0.782116 0.372354
v -0.187931 0.832268 0.315547
v -0.046655 1.0565 0.157485
v -0.153173 0.947668 0.510447
v 0.115109 1.41313 0.699428
v 0.174864 1.2543 -0.289814
v 0.111139 1.25373 -0.52787
v 0.179902 1.19344 0.69338
v 0.120153 0.623566 -0.35807
v 0.156844 0.933882 0.242474
v 0.132488 1.24947 -0.452168
v 0.17341 1.33299 0.215985
v -0.385667 0.008599 -0.278196
v 0.167897 0.751843 0.497066
v -0.383293 0.946368 -0.246395
v 0.410062 0.996453 0.079521
v 0.225638 0.957824 0.113994
v -0.227387 0.957875 0.113775
v 0.049533 0.931343 0.009008
v 0.228382 1.03341 0.522609
v -0.048935 1.35556 0.734444
v 0.04668 1.05647 0.157444
v 0.254029 1.30332 0.281701
v -0.254031 1.30332 0.281631
v -0.241374 1.06374 0.546117
v 0.27591 0.194235 -0.226161
v 0.068026 0.949559 0.204705
v 0.138956 0.467175 1.04428
v -0.205621 1.07056 -0.0021939999999999998
v -0.255409 1.13118 0.593012
v -0.188794 1.25439 -0.364095
v 0.52338 1.00001 0.092646
v 0.187078 0.76998 0.503461
v -0.266645 0.780604 0.423999
v 0.359701 0.798645 0.470459
v -0.35967 0.798651 0.470463
v -0.158056 0.597456 -0.611708
v 0.218152 1.02083 0.59718
v -0.239517 1.04605 0.570501
v 0.244178 0.413307 -0.380588
v -0.070253 1.40793 0.752798
v 2.599999999999738e-05 1.1037 0.142124
v -0.476812 1.00538 0.067941
v 0.144885 1.287 0.70307
v 0.030972 0.738547 0.189094
v -0.193893 0.977166 0.399806
v -0.788686 0.805174 0.369819
v -0.17365 0.652722 0.762351
v -0.183317 0.772359 0.495589
v -0.0442 0.959602 0.185197
v 0.049665 0.778379 0.355224
v 0.312919 0.983088 0.096807
v 0.167345 0.958162 0.442716
v -0.601458 0.948804 0.072906
v 0.210285 1.0114 0.328102
v -0.510973 0.823381 0.463424
v -0.209037 0.270966 0.605931
v -0.184954 1.00746 0.06101
v 0.179414 1.00713 0.060672
v 0.090574 0.803052 0.431556
v -0.285374 0.616857 -0.619202
v -0.072641 0.951926 0.216874
v 0.162634 1.2874 -0.477933
v -0.20995 0.26908 0.61261
v -0.354077 0.792005 0.444449
v -0.193656 1.0478 0.257902
v 0.593351 0.794251 0.44894
v -0.593342 0.794193 0.449006
v -0.242554 1.27596 0.616783
v 0.763927 0.77943 0.385805
v 0.079377 0.874054 0.466659
v 0.200944 0.95889 0.538158
v 0.335088 1.07439 -0.310509
v -0.029707 0.724953 0.215513
v 0.35822 0.64711 -0.537131
v -0.131283 1.26489 -0.495538
v 0.187554 0.555537 -0.409297
v -0.175469 0.486743 1.00613
v -0.050299 0.736368 0.285986
v 0.233408 0.815765 0.419066
v -0.198339 0.766354 0.341354
v -0.177197 1.29265 0.191677
v 0.177243 1.29263 0.191661
v -0.185951 1.15835 0.168987
v 0.115665 0.79927 0.429231
v 0.026225 0.916605 0.251154
v -0.251246 0.594976 -0.609377
v -0.066358 0.521172 -0.626133
v 0.710857 0.809233 0.409245
v -0.183791 0.990694 0.575709
v -0.346904 0.737866 -0.563282
v -0.025277 1.52846 0.34314
v -0.185511 0.684202 0.782304
v -0.111367 0.938574 0.135758
v -0.933492 0.826846 0.039161
v 0.108244 0.938394 0.135524
v -0.463167 0.985835 0.082585
v 0.174553 0.958139 0.353617
v -0.140264 0.801671 0.422936
v 0.186048 1.40428 0.295197
v 0.239416 1.21334 0.626319
v 0.160943 0.827464 0.330089
v -0.161711 0.831318 0.30444
v -0.63733 0.797391 0.45499
v -0.174896 0.864455 -0.694132
v -0.025732 0.784036 0.104541
v -0.162367 1.37231 0.686218
v 0.906018 0.746748 0.297861
v -0.195988 1.19185 -0.223845
v 0.049571 0.700861 0.266257
v 0.102036 0.367576 1.08473
v -0.150977 1.24929 -0.412759
v 0.233331 1.02897 0.524798
v -0.096702 0.790556 0.32216
v 0.049185 0.780133 0.114684
v -0.158541 0.820375 0.191076
v -0.034796 0.84741 0.394371
v -0.085348 0.763479 0.146502
v 0.075232 1.04612 0.14458
v 0.076098 0.567471 -0.394761
v 0.080463 1.46304 0.752193
v 0.013308 0.85066 0.145685
v 0.279104 0.250883 -0.335658
v -0.414543 1.05984 -0.320905
v 0.038261 1.63953 0.495172
v 0.207313 0.107948 0.546847
v -0.130776 0.892102 0.308002
v 0.076491 0.868701 0.375224
v -0.341884 0.771235 -0.564614
v 0.131399 0.891669 0.307946
v 0.14976 1.2882 0.707946
v -0.149813 1.28819 0.707924
v 0.180909 0.998969 0.238221
v -0.16087 0.554106 -0.64036
v 0.1155 0.922401 0.076878
v -0.166747 1.20758 0.171519
v -0.039696 1.00358 0.160578
v 0.177105 1.1609 -0.182359
v -0.139846 0.930557 0.089324
v -0.025837 0.872253 0.086484
v 0.161079 0.578746 -0.633481
v -0.080374 1.3063 -0.61756
v 0.560755 0.79159 0.42188
v -0.188649 1.50879 0.405842
v 0.208099 1.50843 0.421884
v 0.908572 0.787506 0.217829
v -0.178037 0.740553 0.675887
v -0.135198 0.918734 0.426601
v 0.887696 0.854025 0.034862
v -0.243976 1.39116 0.336144
v -0.144643 0.789948 0.475169
v -0.536698 0.828131 0.451731
v -0.129148 0.468871 -0.703371
v -0.038969 1.50028 0.742721
v 0.198809 0.721888 0.654047
v -0.202234 0.751233 0.591238
v 0.221939 1.17175 -0.134917
v 0.108838 0.888905 0.13919
v 0.174228 1.4281 0.262489
v 0.119216 0.643203 -0.380954
v -0.289335 0.006491 0.387889
v 0.09743 1.36762 0.726871
v -0.170375 0.879584 0.15928
v -0.070244 0.752146 0.277795
v 0.884117 0.801174 0.138462
v -0.096654 1.26833 -0.565644
v 0.051819 0.959204 0.201312
v -0.211581 0.575913 -0.364059
v -0.923834 0.74 0.237274
v 0.195692 0.963378 0.537028
v 0.923822 0.740031 0.23723
v -0.16635 1.42053 0.27126
v -0.208369 0.960034 0.474372
v 0.192054 0.954138 0.491674
v -0.187454 0.988227 0.326771
v -0.887437 0.805712 0.142628
v 0.079111 1.2691 -0.61059
v 0.310745 0.584744 -0.517765
v 0.096709 0.790518 0.322177
v 0.137369 1.5755 0.490082
v -0.220544 0.625722 -0.712892
v -0.079139 1.6066 0.545572
v 0.103193 1.60685 0.634972
v -0.154557 1.43909 0.296818
v 0.163281 0.825665 0.281723
v -0.799473 0.770913 0.333793
v 0.191093 0.784737 0.412098
v -0.222866 0.712934 -0.731784
v 0.209622 1.14742 0.195228
v 0.189275 0.549505 0.949794
v -0.08799 0.812151 0.219512
v 0.834308 0.871781 0.057777
v 0.207222 1.29437 0.646752
v 0.111966 0.927337 0.080365
v 0.029268 1.24778 -0.622391
v -0.135249 0.935193 0.09185
v -0.017919 1.26735 -0.539552
v 0.193824 0.563069 -0.473084
v 0.22848 0.955846 0.120077
v -0.160719 1.37269 0.679426
v -0.254066 0.620119 -0.472553
v 0.212311 0.109452 0.542182
v -0.927158 0.819788 0.084585
v -0.042861 1.55599 0.691798
v 0.051598 0.430374 1.05457
v 0.26858 0.797067 0.440653
v 0.051599 1.55899 0.710993
v -0.148022 1.0772 0.193063
v -0.040684 1.25319 -0.673231
v -0.100448 0.849754 0.187689
v 0.026225 0.917495 0.25161
v -0.461399 0.007583 -0.370947
v 0.026205 0.893548 0.298332
v -0.11079 0.791041 0.404755
v -0.213945 1.46403 0.398763
v 0.176837 0.645366 -0.761239
v 0.14116 1.4895 0.346289
v -0.108515 0.773418 0.355461
v -0.187674 0.066672 0.430489
v 0.272999 0.024289 0.347822
v 0.326991 0.796158 -0.567279
v 0.117309 1.27624 -0.543885
v -0.144847 1.12556 0.172344
v -0.135967 1.53508 0.690564
v -0.058656 0.357885 1.09606
v 0.053772 0.426304 1.04931
v -0.089143 1.4922 0.738751
v -0.178771 0.939262 0.505357
v -0.135304 1.52646 0.377389
v 0.173239 0.17966 0.570918
v 0.154507 0.937105 0.155306
v 0.189187 0.95994 0.489006
v 0.051116 0.815604 0.128965
v -0.15628 0.93714 0.155072
v 0.169344 1.38429 0.662117
v 0.166705 1.11876 0.17428
v 0.166947 1.52698 0.437713
v 0.231617 0.878786 -0.635398
v 0.08557 0.346878 1.0916
v 0.120005 1.36978 0.713879
v -0.120035 1.36981 0.713868
v -0.231106 0.575496 -0.495528
v 0.017303 1.27369 -0.537961
v 0.040915 1.61035 0.554403
v 0.025684 1.63831 0.542998
v -0.064983 1.64084 0.490562
v -0.18907 1.10909 0.191732
v 0.786815 0.798614 0.368325
v -0.214439 0.860908 -0.653463
v -0.127913 1.53355 0.446007
v 0.018526 1.01515 0.152683
v 0.225348 0.576227 -0.553675
v -0.114019 1.01226 0.199645
v -0.260925 0.643809 -0.61629
v -0.264987 0.929598 0.128824
v 0.152531 1.53612 0.486476
v 0.078045 1.59431 0.626769
v -0.175675 1.51796 0.455437
v 0.013102 0.922706 0.104698
v -0.242617 0.600121 -0.438456
v 0.296633 0.18052 -0.171098
v -0.268443 0.797217 0.440332
v 0.203793 0.823326 -0.683231
v 0.130449 1.49788 0.673789
v 0.101232 1.61133 0.470347
v 0.200429 0.572112 -0.608072
v 0.322522 0.696203 -0.616044
v 0.194853 0.78169 0.388393
v 0.069728 0.52928 -0.600649
v 0.137371 1.45407 0.294126
v 0.044817 0.949582 0.199944
v 0.016807 0.856127 0.389607
v -0.168343 1.46199 0.614892
v -0.266216 0.893553 -0.588993
v 0.162139 0.92352 0.174984
v -0.310186 0.862229 -0.557564
v -0.447034 1.10043 -0.287154
v 0.094795 0.793019 0.288615
v 0.058711 0.795355 0.377548
v -0.261512 0.890813 -0.584592
v 0.192196 0.831954 -0.700413
v -0.154918 0.427862 1.0524
v 0.110953 1.54641 0.43917
v 0.129556 0.776777 0.36473
v 0.316135 0.016695 0.341662
v 0.084073 1.48949 0.734692
v 0.298822 0.860815 -0.57464
v 0.293628 0.858275 -0.570695
v -0.084139 1.48947 0.734687
v 0.267765 0.616776 -0.466689
v -0.08841 0.527192 -0.584899
v 0.089211 1.6305 0.589184
v -0.012531 1.56133 0.624121
v -0.125344 0.796936 0.365748
v -0.285351 0.729639 -0.663429
v -0.103842 1.56893 0.446979
v -0.156101 0.536381 -0.630973
v 0.103889 1.56881 0.446995
v -0.010684 0.776981 0.402732
v 2.4000000000000014e-05 1.65165 0.489831
v -0.23779 0.534008 -0.656659
v -0.800352 0.913818 0.045884
v 0.158605 0.918214 0.472984
v 0.025692 1.54966 0.713428
v 0.053836 1.54433 0.389423
v -0.115758 0.851228 0.237298
v -0.155312 0.589203 -0.356835
v -0.095408 0.752763 0.167691
v -0.297531 0.562682 -0.574635
v 0.281054 0.818904 -0.621127
v 0.127111 0.894023 0.375459
v -0.095916 1.58236 0.651193
v -9.000000000000327e-06 1.55262 0.723351
v 0.437913 0.019204 -0.371244
v -0.232752 0.583753 -0.571107
v 0.218637 0.750536 -0.707281
v -0.068158 0.896327 0.292815
v 0.110018 0.926626 0.248871
v -4.900000000000043e-05 0.656975 -0.444263
v 0.103283 0.892741 0.137336
v 0.338837 0.641774 -0.593044
v 0.018721 1.57228 0.419428
v -0.128368 0.969079 0.223857
v -0.193186 0.789064 0.407002
v 0.067459 1.57479 0.664494
v -0.051614 1.55902 0.710995
v 0.167227 1.07138 0.192194
v -0.218273 0.750321 -0.70817
v -1.8000000000000004e-05 1.50567 0.756466
v 0.155759 1.58624 0.624458
v -0.155765 1.58626 0.624412
v 0.094311 0.757449 0.363918
v -0.095253 0.888418 0.120764
v -0.155235 1.55234 0.548486
v 0.06773 0.757139 0.150785
v -0.082913 1.57724 0.617697
v -0.065469 0.73164 0.37205
v -0.455165 0.02028 -0.36125
v 0.154751 1.51051 0.626281
v 0.263798 0.853204 -0.608688
v 0.202126 0.565359 -0.607349
v -0.082801 1.08038 0.165931
v 0.249463 0.783406 -0.676662
v -0.067421 0.87927 0.093588
v 0.222077 1.25318 0.637749
v 0.242943 0.798547 -0.664076
v 0.099621 0.930016 0.257421
v -0.050595 0.716689 0.368179
v 0.12453 0.536816 -0.709975
v -0.053536 1.59656 0.468616
v -0.13227 1.03416 0.180339
v 0.089435 0.973381 0.197405
v -0.041477 0.783418 0.382982
v -0.156647 1.02047 0.20127
v -0.048151 1.4836 0.742471
v 0.01923 0.87574 0.419651
v 0.115715 0.856926 0.172284
v 0.048085 1.48361 0.742463
v -0.437345 0.238702 -0.100331
v 0.053864 1.45154 0.724832
v 0.16128 0.072649 0.408608
v 0.143068 1.6085 0.570846
v -0.143051 1.60854 0.57079
v -0.195576 0.557227 -0.471716
v -0.261796 0.796864 -0.644972
v -0.325301 0.016717 0.299956
v -0.018814 0.872625 0.354306
v -0.35728 0.043354 -0.398085
v 0.034712 1.59523 0.457408
v 0.160007 1.5662 0.598142
v -0.017096 1.60179 0.454174
v 0.348622 0.011976 -0.371577
v 0.162265 0.066075 0.410802
v -0.073388 0.884485 0.404678
v -0.141137 1.56877 0.679382
v -0.348436 0.012099 -0.371528
v 0.1473 0.774873 0.329383
v -0.21493 0.566844 -0.431702
v 0.269752 0.191217 -0.224758
v -0.109481 0.897275 0.307149
v 0.025969 0.854031 0.408971
v 0.110162 0.896852 0.307046
v -0.075557 0.955481 0.215393
v -0.152007 1.50341 0.394781
v 0.076651 1.63063 0.500768
v -0.054517 0.887206 0.410278
v 0.073398 0.884434 0.404733
v 0.177488 0.107478 0.499585
v -0.036488 1.00654 0.175069
v 0.12167 0.898779 0.374115
v 0.070559 1.00128 0.187761
v -0.386746 0.0013309999999999997 -0.377563
v -0.403206 1.09629 -0.274808
v -0.128876 0.97084 0.248123
v 0.17151 1.45 0.620337
v -0.073316 1.60287 0.583486
v -0.127332 0.907771 0.314813
v -0.417035 0.010704 -0.427095
v 0.091463 0.773214 0.309584
v -0.221674 0.625669 -0.431441
v 0.038838 0.876618 0.3291
v 0.12171 0.978281 0.233067
v 0.114366 0.893794 0.393779
v 0.289407 0.578495 -0.570165
v 0.102242 0.994763 0.207766
v 0.040793 0.625435 -0.35683
v -0.000841 0.849285 0.095243
v -0.069076 0.933003 0.224076
v -0.195704 0.133177 0.527151
v 0.213746 0.611061 -0.385866
v 0.103971 0.794153 0.222308
v 0.053051 1.55903 0.402867
v -0.269869 0.615904 -0.546095
v -0.158954 1.55545 0.626859
v 0.22895 0.604239 -0.395663
v -0.181799 0.062877 0.430194
v 0.039613 0.767255 0.310343
v -0.0396 0.767279 0.310347
v -0.137051 0.831453 0.253626
v -0.202423 1.23589 0.665549
v -0.148402 1.57589 0.511795
v -0.326536 0.023256 0.351943
v -0.124965 0.895632 0.328688
v -0.291701 0.561095 -0.5711
v 0.148286 0.143756 0.536922
v 0.316264 0.163409 -0.141609
v 0.059552 0.729019 0.354078
v -0.038129 0.776589 0.333787
v -0.038916 1.5512 0.394815
v 0.230157 0.579406 -0.359241
v -0.119156 1.41389 0.69562
v -0.253209 0.612192 -0.663927
v 0.051256 0.747559 0.328712
v -0.03787 0.857664 0.424261
v -0.252927 0.617752 -0.639599
v 0.054957 0.852794 0.147642
v 0.207253 0.618236 -0.405469
v -0.040346 1.55654 0.392492
v -0.038299 0.873798 0.152846
v -0.107342 0.778988 0.269233
v 0.026477 0.882253 0.142528
v -0.251718 0.193528 -0.229299
v -0.248546 0.197991 -0.224938
v -0.113441 0.637254 -0.798408
v -0.148617 1.37343 0.691161
v 1.5999999999999955e-05 0.725735 0.330359
v 0.070369 0.744093 0.271169
v 0.171425 1.47818 0.364749
v 0.031428 0.903543 0.140301
v 0.259187 0.606769 -0.626821
v 0.016203 0.963693 0.169717
v -0.10565 0.767849 0.29957
v 0.127736 1.5161 0.382216
v 0.424838 1.06954 -0.262574
v -0.016112 0.856245 0.384024
v -0.120385 0.916565 0.262446
v 0.405972 1.10381 -0.289264
v -0.012787 0.756648 0.316318
v 0.046572 0.617047 -0.817847
v 0.052586 0.875208 0.378706
v 0.126226 0.892237 0.18819
v -0.089342 0.7931 0.236035
v 0.141205 0.924614 0.298356
v -0.047136 0.860366 0.377041
v -0.030999 0.966167 0.178447
v -0.015047 0.740877 0.317024
v 0.045813 0.964172 0.183056
v -0.136833 1.5472 0.455814
v -0.029284 1.60909 0.576432
v 0.087929 0.800657 0.256029
v -0.316798 0.610107 -0.536385
v 0.098389 0.779485 0.286867
v -0.18288 1.44704 0.613789
v 0.389215 0.039795 -0.400088
v 0.255584 0.593517 -0.472428
v -0.023592 0.848404 0.12248
v -0.126708 0.778379 0.312618
v 0.014786 0.7629 0.334313
v -0.240199 0.645278 -0.596722
v -0.043092 0.63249 -0.821547
v 0.043075 0.632503 -0.821609
v -0.41057 0.210947 -0.12924
v 0.398637 0.216889 -0.118985
v 0.034795 0.847403 0.394373
v -0.207005 0.618085 -0.405469
v 0.062469 0.86834 0.158804
v 0.22849 0.620154 -0.617464
v -0.110873 0.834217 0.199992
v 0.110471 0.834216 0.200044
v 0.074253 0.868495 0.366046
v 0.016741 0.749339 0.30819
v -0.095037 0.957948 0.203318
v 0.369326 0.009579 0.352318
v -0.07237 0.960019 0.195997
v 0.228227 0.635235 -0.618609
v -0.095393 0.88394 0.345168
v 0.095313 0.949663 0.216368
v -0.095315 0.949671 0.21637
v -0.22798 0.635222 -0.61845
v -0.222506 0.636997 -0.615153
v -0.02729 1.61247 0.582231
v 0.327537 0.035521 0.304171
v 0.253118 0.619291 -0.663524
v 0.262993 0.631583 -0.635213
v -0.153623 0.575997 -0.357937
v -0.273855 0.617954 -0.486505
v 0.234591 1.2816 0.619242
v 0.037103 1.57014 0.656034
v -0.269077 0.632083 -0.580435
v -0.215262 1.00058 0.499051
v -0.109866 1.04503 0.185206
v -0.115637 0.876962 0.20265
v -0.063519 0.67359 -0.448555
v 0.259406 1.30562 0.277853
v -0.171464 0.952518 0.443374
v 0.258015 0.601949 -0.415694
v -0.259407 1.30562 0.277782
v -0.086183 0.803548 0.243535
v 0.089403 0.792417 0.265822
v 0.296554 0.052457 0.329739
v 0.185225 0.626557 -0.402732
v -0.184981 0.626381 -0.402733
v -0.387335 0.024672 -0.424844
v -0.245923 0.590979 -0.611543
v 0.329071 0.015112 0.341034
v 0.101162 0.907347 0.275933
v -0.10116 0.90734 0.275927
v 0.099861 0.912628 0.263551
v 0.192983 0.620646 -0.369436
v -0.099781 0.820339 0.199935
v 0.213966 1.46403 0.398811
v 0.102612 0.833847 0.236627
v -0.012346 0.729473 0.318829
v 0.08742 0.795797 0.149486
v -0.087471 0.795684 0.149517
v 0.378508 0.0519 0.340372
v -0.341281 0.040383 0.345816
v -0.343577 0.176152 -0.150166
v -0.102809 0.833837 0.236606
v -0.113394 0.988156 0.20227
v 0.268219 0.613336 -0.581808
v 0.390048 0.027987 0.31085
v 0.114711 0.637673 -0.427734
v -0.352183 0.013595 0.360387
v 0.246893 0.622921 -0.578337
v 0.061626 0.859049 0.147566
v -0.213759 0.153739 0.562777
v -0.080368 0.631798 -0.36816
v 0.12193 1.4708 0.692339
v -0.428355 1.09584 -0.277973
v -0.424738 0.017584 -0.390695
v 0.238893 0.03339 0.355254
v -0.207223 1.29436 0.646715
v 0.036006 0.870519 0.352547
v -0.238905 0.033384 0.355244
v 0.233823 0.645494 -0.609941
v 0.085093 0.87224 0.354824
v -0.266576 0.61943 -0.631769
v -0.155814 0.630749 -0.417165
v -0.105996 0.883645 0.394739
v 0.105996 0.883642 0.394747
v -0.083271 0.878694 0.355864
v 0.459982 0.044434 -0.383955
v 0.430382 0.010232 -0.384854
v 0.327517 0.032181 -0.384437
v -0.469835 0.020096 -0.417968
v 0.140637 1.567 0.515377
v 0.261226 0.620034 -0.495217
v 1.0999999999999942e-05 0.866795 0.358766
v 0.425899 0.027669 -0.383841
v -0.314883 0.014021 0.354734
v -0.10441 0.932024 0.239069
v -0.309677 0.050051 0.314647
v -0.080916 0.884839 0.351959
v 0.080919 0.884842 0.351965
v -0.104577 0.881778 0.194759
v -0.43035 0.010236 -0.384773
v -0.269702 0.620139 -0.582398
v -0.375127 0.021387 -0.387615
v -0.254523 0.594662 -0.39573
v 0.1183 0.665985 -0.439903
v -0.244871 0.642878 -0.632639
v 0.128309 0.901834 0.354465
v -0.237164 0.579509 -0.514459
v -0.371928 0.015064 -0.3941
v 0.30398 0.010046 0.327831
v -0.288762 0.025936 0.322326
v 0.277849 0.619354 -0.594022
v -0.118526 0.661986 -0.42891
v -0.282612 0.616152 -0.621435
v 0.423468 0.025955 -0.384274
v 0.100308 0.799116 0.226917
v 0.061079 0.867094 0.417017
v -0.084536 0.996147 0.179295
v 0.110727 0.662748 -0.43027
v -0.281473 0.615283 -0.588277
v -0.022206 1.55109 0.647108
v -0.128306 0.901904 0.354715
v -0.340196 0.044437 -0.380058
v 0.253335 0.629546 -0.569659
v 0.28179 0.615251 -0.588346
v 0.343661 0.176229 -0.150199
v 0.321024 0.048915 0.327322
v 0.281504 0.591147 -0.616489
v 0.253259 0.579085 -0.382421
v -0.012448 1.5731 0.601844
v 0.367213 0.014285 -0.378314
v 0.078141 0.876911 0.332797
v 0.393627 0.004196 -0.403501
v -0.147741 1.53562 0.467322
v -0.092761 0.779796 0.261483
v 0.155347 0.938159 0.279016
v -0.321369 0.050176 0.330714
v -0.217908 0.631364 -0.42173
v 0.136285 0.968664 0.231399
v 0.353493 0.033832 0.3241
v -0.360758 0.042055 0.323742
v -0.249332 0.607828 -0.622072
v 0.199779 1.42151 0.600278
v 8.000000000000194e-06 0.865672 0.354649
v 0.028885 0.852685 0.397417
v -0.028896 0.852711 0.397429
v -0.32401 0.176467 -0.149102
v 0.350915 0.037092 -0.409064
v 0.103929 0.964002 0.204075
v -0.045794 0.946958 0.209868
v 0.237022 0.569381 -0.38591
v 0.269511 0.617308 -0.636629
v -0.263612 0.598953 -0.467805
v 0.271516 0.57718 -0.606889
v 0.21942 0.58072 -0.550437
v -0.011057 1.5623 0.637252
v 0.362603 0.013185 0.319999
v 0.444405 0.006559999999999998 -0.363003
v 0.140426 1.53753 0.459212
v -0.132294 0.921419 0.427862
v 0.148695 1.36625 0.672871
v -0.230151 0.579401 -0.359234
v 0.243501 0.577425 -0.421271
v -0.249138 0.584185 -0.479779
v -0.302914 0.591086 -0.518133
v 0.383071 0.040629 0.369583
v 0.112298 0.995037 0.199303
v 0.023859 1.56209 0.622684
v 0.364373 0.022035 -0.408883
v -0.061998 1.5093 0.320913
v 0.115581 0.821016 0.264203
v -0.38657 0.026323 0.365116
v 0.294794 0.025546 0.352226
v -0.115585 0.82097 0.264152
v -0.013769 0.856696 0.364841
v 0.011081 1.58445 0.59535
v -0.080811 0.871947 0.410338
v -0.048831 0.953369 0.18431
v 0.249209 0.584435 -0.479219
v 0.219248 1.38577 0.585975
v 0.095846 0.863258 0.190853
v -0.234536 0.569091 -0.376415
v -0.44095 0.04581 -0.382678
v -0.151651 0.941542 0.282509
v -0.278432 0.619289 -0.593583
v -0.092499 0.915384 0.258471
v 0.283211 0.027527 0.353246
v 0.068339 0.999466 0.170756
v 0.234204 0.64352 -0.589946
v -0.015115 0.865786 0.142057
v 0.291453 0.606279 -0.501451
v 0.009636 1.58242 0.584182
v -0.378544 0.026948 -0.385009
v 0.057769 0.951014 0.188808
v -0.168693 1.32181 0.666817
v -0.109513 0.838597 0.205363
v 0.027299 0.858008 0.362579
v 0.41113 0.033797 -0.425088
v -0.42115 0.029005 -0.39374
v 0.086124 0.895432 0.2968
v -0.237773 0.592277 -0.377997
v 0.277081 0.610541 -0.619592
v 0.068825 0.876802 0.352006
v 0.129405 1.03885 0.195787
v 0.132955 0.904393 0.314845
v 0.360329 0.013943 -0.375805
v -0.363629 0.033286 -0.396337
v 0.022446 0.962927 0.178758
v 0.210846 0.622714 -0.410221
v 0.076675 0.932768 0.237362
v -0.305388 0.596732 -0.521449
v -0.074042 0.988968 0.173372
v -0.373313 0.028962 -0.385648
v -0.057061 0.874944 0.336884
v -0.19262 0.631903 -0.412775
v 0.027238 0.979363 0.163718
v 0.425707 0.024408 -0.37779
v 0.414909 0.04049 -0.379274
v -0.023726 1.57863 0.606374
v -0.263065 0.577213 -0.599535
v 0.130158 0.940817 0.243353
v -0.272001 0.041395 0.339462
v 0.032341 1.56904 0.62446
v -0.474975 0.010831 -0.396462
v 0.009765 1.55834 0.644703
v 0.064895 0.936202 0.217577
v -0.093454 0.79751 0.280084
v -0.114109 0.901695 0.285633
v -0.361914 0.01125 -0.366217
v 0.270907 0.593087 -0.590248
v 0.313564 0.040385 0.359035
v 0.33382 0.030494 0.349027
v -0.335784 0.002784 -0.406055
v -0.073828 1.459 0.26582
v -0.032628 0.817361 0.111826
v 0.258277 0.579838 -0.615777
v 0.052984 0.855984 0.390117
v -0.277277 0.03784 0.36456
v -0.091416 0.895205 0.297917
v -0.428308 0.016969 -0.374036
v -0.399758 0.024761 -0.372191
v -0.362366 0.050276 0.350521
v 0.417612 0.018571 -0.390686
v 0.410463 0.209727 -0.122579
v 0.45668 0.043804 -0.365928
v 0.260156 0.042783 0.36905
v -0.012604 0.94926 0.19226
v -0.303606 0.046015 0.356424
v -0.263605 0.028545 0.372761
v 0.117549 0.89821 0.390075
v -0.128511 0.894719 0.369536
v -0.08278 0.897579 0.306334
v 0.237306 0.58525 -0.371498
v 0.110287 0.885534 0.367188
v -0.065496 0.952755 0.198572
v -0.058296 0.854994 0.145821
v 0.301444 0.013569 0.301201
v -0.262059 0.568239 -0.600515
v 0.087661 0.923411 0.242319
v -0.069462 0.866481 0.386635
v -0.335561 0.026142 -0.364152
v 0.362344 0.050557 0.349689
v 0.391352 0.024453 -0.373023
v -0.247352 0.632983 -0.570207
v 0.045303 0.887508 0.146322
v -0.367344 0.038231 0.366689
v 0.352247 0.029413 0.365658
v -0.028893 0.890774 0.146081
v -0.286927 0.603947 -0.507264
v -0.386101 0.010634 0.316219
v 0.374126 0.038876 0.366834
v 0.412353 0.005971 -0.425672
v 0.260366 0.043101 0.335831
v -0.452869 0.041967 -0.373471
v 0.455572 0.037468 -0.364049
v -0.239148 0.628454 -0.582209
v 0.365784 0.021667 0.372485
v 0.347081 0.03949 -0.392046
v -0.155223 1.45342 0.304815
v 0.447394 0.024245 -0.359516
v 0.012602 0.949248 0.19227
v 0.390005 0.047157 -0.397937
v 0.098932 0.870464 0.191151
v -0.053006 0.845131 0.14842
v 0.470005 0.004867 -0.406101
v 0.068232 1.4628 0.258774
v 0.368909 0.018876 -0.389026
v -0.441477 0.016347 -0.361594
v -0.34523 0.027291 -0.36701
v -0.087063 0.924012 0.241642
v 0.345286 0.0273 -0.367026
v -0.415003 0.046357 -0.395892
v 0.452493 0.012129 -0.415426
v -0.360345 0.015366 -0.369628
v 0.473415 0.017821 -0.415863
v -0.329462 0.02242 -0.421327
v -0.09426 0.903911 0.280956
v 0.28376 0.601323 -0.512784
v 0.383429 0.01551 -0.3875
v 0.348334 0.014622 -0.424855
v 0.026646 0.853782 0.13813
v -0.352505 0.023379 0.364283
v 0.028802 0.763246 0.32335
v -0.151406 0.929716 0.287181
v -0.082716 0.866716 0.411374
v -4.000000000000097e-06 0.955106 0.192815
v 0.089468 0.891712 0.304015
v 0.022826 0.850549 0.12857
v -0.375023 0.016363 0.301643
v 0.088436 0.894533 0.311643
v -0.343513 0.031443 0.351388
v 0.343507 0.031446 0.351365
v 0.139159 1.45145 0.27998
v 0.305042 0.596814 -0.521377
v -0.272594 0.572993 -0.613683
v -0.04248 0.945332 0.199892
v -0.130524 0.96678 0.218515
v 0.278204 0.573476 -0.604175
v 0.061303 1.4614 0.263759
v 0.049211 0.943952 0.202517
v -0.085288 0.932033 0.239164
v -0.085241 0.887251 0.31329
v 0.094513 0.903179 0.281658
v 0.313649 0.010741 0.295631
v -0.30639 0.014273 0.291208
v 0.082646 0.864716 0.374681
v -0.061751 0.862794 0.371338
v 0.438892 0.011697 -0.371231
v -0.400121 0.008568 -0.437275
v -0.049697 0.948556 0.201741
v 0.336641 0.01062 -0.430051
v -0.068836 0.945506 0.199615
v -0.119731 0.898545 0.385338
v -0.09987 0.900401 0.287485
v -0.094272 0.921496 0.254191
v 0.081449 0.865678 0.410025
v 0.315933 0.028309 0.289368
v 0.464481 0.00661 -0.418348
v -0.105739 0.758482 0.231672
v -0.332229 0.010008 -0.428646
v 0.04138 0.951247 0.20144
v -0.410095 0.040051 -0.402438
v 0.410116 0.040055 -0.402434
v -0.098794 0.796854 0.283037
v -0.088515 0.913974 0.274461
v 0.337396 0.00377 -0.423144
v -0.111692 1.00034 0.200658
v -0.320352 0.025704 0.290324
v -0.413352 0.019509 -0.436598
v 0.388026 0.01803 0.303609
v 0.109785 1.00162 0.199007
v 0.399388 0.011769 -0.439054
v 0.456457 0.026589 -0.354011
v -0.46496 0.010544 -0.421004
v -0.454761 0.02391 -0.353731
v -0.298798 0.020475 0.338727
v 0.264998 0.574941 -0.60509
v 0.09235 0.923293 0.255731
v 0.270202 0.574529 -0.601657
v 0.088015 0.913068 0.275609
v -0.025283 0.953664 0.196057
v -0.267 0.57334 -0.604735
v 0.091155 0.749992 0.257846
v -0.0018580000000000003 0.743359 0.305504
f 4 5 3
f 10862 9241 9
f 12 13 10
f 14 12 10
f 4 6019 15
f 3 10878 4
f 4 9241 10638
f 7917 9123 17
f 1 18 8027
f 20 6180 8027
f 20 8027 9770
f 18 9770 8027
f 10878 7027 16
f 1 3 5
f 1 5 18
f 22 11 23
f 13 10756 24
f 13 24 5805
f 14 10756 13
f 14 13 12
f 22 10756 14
f 11 22 14
f 11 14 10862
f 10862 14 10
f 25 11 7507
f 23 11 25
f 27 7507 6967
f 29 30 28
f 31 8905 28
f 31 28 30
f 31 26 8905
f 6016 9929 32
f 32 9929 31
f 8671 5805 8011
f 6016 33 10136
f 10171 6016 32
f 10171 33 6016
f 11 6967 7507
f 6967 9 27
f 8914 6903 7565
f 8006 10804 36
f 7027 10804 8006
f 28 8914 7565
f 10258 9241 4
f 10258 4 15
f 9241 10258 9
f 9 28 27
f 38 37 8714
f 40 9604 42
f 40 42 41
f 9604 43 42
f 40 41 8714
f 42 8714 41
f 8763 44 40
f 8763 10034 45
f 8763 45 44
f 38 40 37
f 8737 30 29
f 8737 29 45
f 31 30 8737
f 46 31 8737
f 47 48 46
f 49 8782 5879
f 8714 50 10356
f 51 7509 50
f 51 50 21
f 51 8106 52
f 51 52 7509
f 53 6536 52
f 53 52 8106
f 53 8106 7040
f 5879 6536 53
f 5879 53 8325
f 49 5879 8325
f 54 33 9885
f 54 9885 17
f 8325 17 9885
f 39 7509 52
f 51 9311 8106
f 51 20 9770
f 21 20 51
f 37 40 8714
f 10215 42 20
f 8385 7522 34
f 10144 7522 8385
f 7522 33 34
f 8782 7522 10144
f 10579 8772 36
f 6903 8006 8772
f 8006 36 8772
f 43 10579 20
f 20 42 43
f 44 45 40
f 9604 40 45
f 9604 45 29
f 7917 17 6196
f 5805 24 8011
f 5805 8671 54
f 9123 54 17
f 32 48 47
f 32 47 35
f 46 48 32
f 46 32 31
f 17 8325 6196
f 55 57 56
f 61 55 9412
f 61 9412 59
f 55 9897 9412
f 59 8997 61
f 64 7005 8119
f 69 67 68
f 7005 64 9985
f 7005 9985 70
f 7005 70 71
f 72 66 58
f 72 58 7448
f 73 72 7448
f 74 73 8506
f 9775 8506 5657
f 75 76 73
f 77 78 75
f 8471 75 78
f 7404 75 5809
f 6575 72 73
f 8471 9777 81
f 82 8471 81
f 55 86 57
f 86 83 57
f 6440 87 84
f 6440 84 83
f 84 9726 6504
f 6504 9726 88
f 90 8481 9625
f 89 91 9625
f 89 6504 88
f 96 97 7359
f 98 95 94
f 83 94 95
f 83 95 9775
f 83 9775 5657
f 83 84 94
f 99 9727 55
f 61 99 55
f 100 8368 61
f 7604 102 100
f 8997 101 100
f 8997 100 61
f 93 9727 5680
f 93 5744 7368
f 106 107 104
f 104 107 9773
f 7363 104 108
f 93 7363 108
f 7368 5744 87
f 112 111 5860
f 114 115 8624
f 10026 8624 116
f 10026 116 112
f 109 117 113
f 118 9957 113
f 118 113 117
f 116 111 112
f 111 116 119
f 8735 111 5868
f 5860 111 8735
f 8615 7513 120
f 121 8735 6618
f 124 123 121
f 121 122 124
f 125 123 124
f 123 126 7626
f 123 7626 110
f 110 121 123
f 6618 127 121
f 7666 127 6618
f 7666 6618 8492
f 121 127 7666
f 10115 129 126
f 9882 130 131
f 125 132 8544
f 6602 10115 125
f 126 129 109
f 109 134 117
f 136 137 5661
f 132 7319 9796
f 132 9796 8544
f 5802 137 136
f 137 5802 140
f 137 140 139
f 141 143 142
f 144 141 142
f 137 139 141
f 145 6604 8553
f 134 6604 117
f 129 135 134
f 129 134 109
f 117 10253 118
f 5847 7554 6927
f 6927 7554 149
f 7554 150 151
f 7554 151 9356
f 7554 9356 149
f 152 9356 151
f 151 6958 152
f 9356 152 6958
f 6927 149 9356
f 117 6604 10253
f 153 155 154
f 157 159 158
f 8578 159 157
f 159 160 158
f 162 5836 6590
f 6590 5836 8578
f 164 163 6443
f 164 165 8364
f 166 165 9634
f 156 157 167
f 168 9846 163
f 8364 169 168
f 8407 157 9846
f 8407 167 157
f 153 156 7373
f 7373 156 167
f 171 155 170
f 155 171 154
f 167 173 10145
f 5737 171 170
f 173 170 10145
f 10259 171 176
f 10259 179 8406
f 154 171 10259
f 10259 178 179
f 179 178 180
f 8414 182 181
f 178 181 180
f 8632 7429 9651
f 9651 7429 184
f 8476 130 185
f 183 8476 186
f 186 8476 185
f 6561 183 186
f 187 7429 8448
f 184 7429 187
f 184 187 188
f 186 191 190
f 186 190 189
f 192 191 186
f 192 186 193
f 193 194 9841
f 190 191 192
f 192 8932 7416
f 194 195 9841
f 198 196 194
f 196 6246 199
f 10024 7623 194
f 6541 7623 10024
f 202 198 10149
f 6246 203 7103
f 10149 198 194
f 194 193 201
f 194 201 10149
f 7425 201 9786
f 193 186 9786
f 193 9786 201
f 6426 130 9882
f 10149 201 7425
f 186 189 6561
f 204 189 205
f 208 10593 206
f 9012 207 210
f 211 5637 9676
f 211 9676 6106
f 211 212 7442
f 211 7442 5637
f 213 211 6106
f 213 6106 9012
f 211 213 214
f 215 205 7416
f 8932 215 7416
f 216 205 215
f 190 205 189
f 9184 7980 205
f 205 10595 204
f 10595 206 6106
f 6880 220 221
f 8944 223 7612
f 222 218 6005
f 222 6005 224
f 224 225 8944
f 8944 225 223
f 6880 226 10424
f 226 225 6005
f 10178 225 226
f 226 6880 227
f 224 6005 225
f 7896 221 228
f 207 7896 228
f 207 228 6354
f 6413 228 221
f 220 6413 221
f 7370 210 207
f 219 231 230
f 219 230 9874
f 232 233 231
f 235 232 231
f 232 235 236
f 219 7504 231
f 237 9798 231
f 237 231 233
f 238 8355 239
f 237 238 9798
f 5861 238 8712
f 241 8355 5793
f 5793 234 6756
f 219 7612 242
f 6458 5706 10614
f 245 10614 5706
f 5797 246 10448
f 8834 246 7623
f 8834 7623 6541
f 10614 8834 6541
f 10507 6458 244
f 244 243 10507
f 10507 243 242
f 10507 242 7612
f 243 9290 197
f 219 242 247
f 7504 219 247
f 197 9290 200
f 197 200 8434
f 131 250 248
f 131 130 133
f 131 133 8318
f 131 8318 250
f 8318 133 130
f 7386 130 5815
f 8448 251 9793
f 9700 7326 172
f 9700 8404 7326
f 9793 251 252
f 5659 252 253
f 9793 252 5659
f 188 9793 5659
f 254 255 8715
f 256 257 6528
f 5802 6528 257
f 256 259 260
f 256 260 257
f 6528 249 5679
f 6528 9655 255
f 132 255 8461
f 255 132 9882
f 9882 131 8715
f 9882 8715 255
f 8461 255 9655
f 249 254 8715
f 89 148 91
f 91 261 90
f 90 261 7584
f 91 90 9625
f 6149 260 259
f 261 9309 259
f 262 264 263
f 9746 266 7330
f 267 9729 8310
f 267 8310 268
f 268 269 267
f 271 267 269
f 9729 267 6509
f 9729 6509 7329
f 7329 6479 9729
f 266 9746 273
f 266 273 8566
f 268 8310 266
f 268 266 8566
f 8576 275 265
f 273 9746 275
f 8576 10099 277
f 278 277 10099
f 275 8576 277
f 7308 276 280
f 8415 280 276
f 7392 5642 8415
f 7392 8415 276
f 5642 7246 8415
f 263 283 5642
f 264 283 263
f 284 264 262
f 264 7553 285
f 6556 283 9785
f 287 8499 105
f 288 287 105
f 288 105 8451
f 288 8451 5680
f 288 8368 7242
f 102 7242 8368
f 9811 102 6376
f 289 102 7604
f 290 5734 291
f 102 289 290
f 102 290 6376
f 7683 291 5734
f 262 9811 286
f 263 287 262
f 293 9899 299
f 293 299 6737
f 6622 299 9899
f 300 298 272
f 272 8635 301
f 272 301 300
f 298 297 272
f 5873 9829 7540
f 7540 6607 303
f 302 303 5859
f 302 271 297
f 106 6509 8320
f 302 5859 8320
f 302 8320 6509
f 272 297 271
f 5873 8687 296
f 295 296 8687
f 8472 7540 9829
f 304 296 295
f 10359 305 304
f 10359 304 293
f 304 295 293
f 5922 306 307
f 8555 307 308
f 9765 310 6501
f 310 8593 309
f 309 7496 311
f 309 311 313
f 308 6400 311
f 6582 314 10091
f 7247 8401 10006
f 317 316 318
f 318 322 317
f 317 322 323
f 317 323 319
f 7247 318 316
f 8484 7247 10006
f 6400 313 311
f 7247 316 324
f 316 317 6539
f 306 6737 8484
f 6556 326 325
f 7246 9725 327
f 6446 7246 327
f 7302 328 329
f 282 327 328
f 328 5731 331
f 333 332 331
f 333 331 5731
f 333 5731 9725
f 8491 334 333
f 6534 333 335
f 7339 8442 330
f 9863 330 329
f 328 9863 329
f 325 5733 8491
f 337 338 7367
f 339 338 341
f 10035 342 9165
f 326 337 7367
f 338 339 340
f 338 340 7367
f 7367 340 346
f 7367 346 5733
f 346 347 334
f 347 335 334
f 335 333 334
f 285 7553 344
f 285 344 326
f 348 350 349
f 6499 8652 354
f 8652 353 7451
f 355 357 356
f 355 7451 10159
f 355 10159 357
f 10159 356 357
f 6891 358 7929
f 5739 9788 358
f 9733 7653 352
f 350 351 349
f 350 360 9751
f 361 8486 350
f 363 364 361
f 363 7427 362
f 361 5782 8486
f 7427 365 362
f 8477 366 9810
f 350 348 9850
f 367 9679 6511
f 360 368 367
f 369 168 169
f 165 169 8364
f 6511 9679 165
f 6511 165 7399
f 350 5739 9733
f 9733 358 7653
f 5739 358 9733
f 8391 371 370
f 371 372 6567
f 373 371 8391
f 373 8391 374
f 6499 374 349
f 6499 376 375
f 6499 375 374
f 8454 6766 375
f 375 373 374
f 8429 380 6655
f 381 8454 378
f 8454 381 5921
f 381 382 5921
f 381 383 10606
f 7765 10606 384
f 7765 384 372
f 7765 372 371
f 385 9830 8777
f 386 385 10540
f 387 9071 388
f 5871 386 387
f 387 10640 390
f 5871 387 390
f 10540 385 8777
f 5644 6567 391
f 348 8477 7427
f 8391 370 5644
f 5644 391 366
f 5644 366 8477
f 391 315 366
f 7011 278 393
f 9709 393 278
f 7488 269 9355
f 9765 5702 7308
f 7401 279 394
f 394 279 281
f 394 281 395
f 394 395 396
f 281 279 8393
f 281 8393 5712
f 396 397 394
f 397 7401 394
f 8525 7401 397
f 6501 5702 9765
f 398 315 8565
f 398 8565 5871
f 9830 5871 8565
f 399 400 7732
f 402 406 10100
f 402 10100 403
f 8766 404 403
f 8766 403 10100
f 407 9296 403
f 399 10640 401
f 399 390 10640
f 402 401 5791
f 402 5791 406
f 409 9894 7732
f 409 7732 400
f 9479 400 7125
f 400 8110 408
f 400 408 7125
f 7732 398 5871
f 414 9894 409
f 8786 413 5941
f 409 413 8786
f 6582 9894 414
f 418 315 8593
f 418 8593 9810
f 366 315 418
f 366 418 9810
f 424 7827 8670
f 424 8670 423
f 10143 8670 71
f 10735 71 8670
f 5950 422 10866
f 425 421 10866
f 421 425 426
f 428 426 425
f 428 425 10866
f 428 10866 422
f 6630 430 9300
f 6452 9300 430
f 429 431 8965
f 6630 431 433
f 6630 8965 431
f 421 426 10383
f 426 8331 10383
f 8331 432 5760
f 8331 434 432
f 5970 62 103
f 5970 103 101
f 103 62 10309
f 8368 100 102
f 88 92 7950
f 88 7950 147
f 92 8405 6422
f 9773 6422 8405
f 5859 9773 8320
f 6422 9773 5859
f 8619 92 7446
f 92 8619 7950
f 88 147 148
f 88 148 89
f 8405 93 108
f 6726 423 7656
f 6726 435 5887
f 7656 435 6726
f 82 9777 435
f 78 77 8620
f 78 5887 435
f 82 81 9777
f 424 5887 422
f 69 10162 8733
f 68 80 69
f 10162 8471 5691
f 9985 69 8733
f 8733 10143 71
f 8733 71 70
f 9985 8733 70
f 8424 6485 436
f 8424 436 9744
f 436 97 437
f 97 436 6485
f 9775 7359 97
f 96 5670 97
f 253 5670 6424
f 9670 8592 7420
f 6424 5659 253
f 438 9677 7254
f 440 438 439
f 8412 9677 438
f 441 7320 6442
f 441 6442 9643
f 7281 9677 8412
f 7281 8412 9744
f 79 8412 442
f 7404 8424 9744
f 5910 444 443
f 7592 161 9791
f 161 7592 6380
f 5730 9740 212
f 5730 212 8497
f 5730 8497 9791
f 9740 9163 445
f 179 7592 9791
f 179 9791 8406
f 6998 10596 446
f 445 446 6115
f 445 9163 10712
f 445 10712 446
f 180 8044 5910
f 181 9262 180
f 212 9740 8414
f 212 8414 7442
f 445 6115 182
f 9012 210 7370
f 9611 5650 447
f 447 448 7452
f 214 162 9791
f 214 9791 8497
f 9611 5836 162
f 9611 162 214
f 447 5836 9611
f 448 160 7452
f 451 450 377
f 377 9763 451
f 450 7337 449
f 449 7337 8378
f 449 160 448
f 450 449 8306
f 450 8306 7269
f 7269 379 5660
f 5660 379 10116
f 377 5660 10116
f 9665 449 448
f 8306 5650 7269
f 10778 452 7615
f 10778 5849 452
f 10243 455 6538
f 6538 455 9992
f 454 6538 8984
f 6505 454 8984
f 453 6650 5849
f 457 6650 9992
f 456 6650 457
f 6538 453 9288
f 9218 458 10207
f 458 459 6862
f 6862 10207 458
f 10198 6862 459
f 10198 459 8612
f 461 460 10887
f 461 10887 9401
f 10198 460 461
f 463 10201 6696
f 459 458 8612
f 5784 8612 458
f 5784 458 9218
f 457 9218 456
f 452 456 9218
f 7407 465 8712
f 6413 465 7407
f 6413 7407 240
f 220 465 6413
f 8712 465 220
f 466 467 8788
f 471 6493 469
f 471 474 10620
f 5865 10620 474
f 5865 474 7599
f 9697 469 472
f 469 6493 477
f 469 477 476
f 479 9652 476
f 479 476 10139
f 10139 476 7273
f 128 477 6493
f 469 476 9652
f 478 480 7311
f 9652 478 7311
f 10202 468 5865
f 10202 5865 7666
f 8788 7666 466
f 202 8788 467
f 9468 467 481
f 482 481 467
f 467 470 483
f 467 483 482
f 467 10628 470
f 8012 487 488
f 7123 8012 488
f 7123 488 10732
f 7123 6246 9468
f 8592 5762 10065
f 8592 10065 7420
f 10065 5762 98
f 10065 98 8871
f 171 9700 172
f 490 8344 491
f 5727 493 492
f 5727 492 6436
f 493 494 492
f 495 7324 9661
f 495 9661 492
f 495 492 8344
f 7299 174 490
f 174 7299 173
f 497 498 7299
f 497 7299 10012
f 489 498 6402
f 7299 175 173
f 6377 8404 9622
f 6377 9622 441
f 441 9643 8358
f 6377 441 8358
f 262 286 499
f 262 499 284
f 345 501 9165
f 501 502 9165
f 502 10035 9165
f 502 5954 8724
f 10035 502 6515
f 10035 6515 338
f 503 505 10445
f 504 7403 8724
f 507 10445 505
f 507 505 10707
f 9150 10707 505
f 9150 505 7403
f 7403 504 6683
f 7628 6683 504
f 10692 6683 7628
f 7628 500 499
f 7628 499 286
f 5954 504 8724
f 513 512 511
f 513 510 8312
f 511 6553 513
f 515 7285 514
f 515 517 7285
f 517 8498 511
f 8498 517 518
f 518 519 8498
f 9776 520 518
f 9776 518 517
f 521 9633 522
f 521 523 5811
f 10549 509 523
f 6553 510 513
f 7757 508 524
f 510 7757 524
f 524 8312 510
f 433 431 524
f 525 524 508
f 525 508 7683
f 525 9900 524
f 7683 508 9204
f 9204 10549 7811
f 7811 10549 523
f 10692 7628 8351
f 8566 273 392
f 275 5835 392
f 275 392 273
f 268 9355 269
f 301 8635 269
f 7702 526 5922
f 7702 10211 526
f 526 10211 8858
f 416 528 8858
f 6784 416 8858
f 6784 415 416
f 7701 527 528
f 527 7701 530
f 530 7607 527
f 527 304 305
f 527 305 526
f 526 305 5922
f 8555 308 314
f 9718 314 6582
f 9718 6582 7702
f 6622 8976 10442
f 8976 5732 10442
f 6695 8976 10698
f 6695 10698 531
f 531 532 6695
f 7488 6811 8768
f 8768 533 532
f 10921 534 8768
f 9179 534 10921
f 534 535 533
f 8768 534 533
f 9983 536 322
f 537 8799 536
f 537 536 8622
f 536 323 322
f 10442 5732 318
f 7691 8484 6737
f 9788 8479 6474
f 8479 539 6474
f 8479 164 539
f 8378 7337 539
f 6443 8378 539
f 6443 539 164
f 10776 5652 8803
f 9161 359 5652
f 9161 5652 10776
f 359 6474 8323
f 6499 354 376
f 5652 354 8803
f 376 6474 9763
f 365 9810 362
f 8525 362 9810
f 540 542 541
f 542 540 6161
f 241 541 542
f 8878 6999 383
f 6102 10629 545
f 7813 383 10629
f 545 544 9236
f 540 8047 10662
f 540 541 241
f 239 8862 7407
f 8429 9953 8036
f 8429 8036 380
f 8862 8036 9953
f 8862 9953 7407
f 10557 8036 544
f 10557 544 8878
f 10557 8878 6655
f 241 10600 239
f 241 239 8355
f 6756 546 10662
f 10662 546 7455
f 10662 7455 545
f 234 406 546
f 406 5791 7455
f 406 7455 546
f 234 546 6756
f 388 545 7455
f 309 9736 8319
f 8319 9736 324
f 550 10187 535
f 550 535 534
f 9179 550 534
f 10187 549 6489
f 393 7358 9179
f 393 9179 7977
f 8319 7358 393
f 8558 10187 550
f 547 548 551
f 547 551 549
f 552 551 548
f 6162 555 7021
f 9098 548 547
f 547 6539 317
f 547 317 557
f 324 7358 8319
f 558 8046 10723
f 10723 413 561
f 10723 561 6576
f 9479 11093 413
f 11093 561 413
f 562 6576 561
f 562 561 563
f 6274 561 8169
f 569 566 567
f 559 8046 558
f 571 6473 560
f 571 560 10668
f 571 10668 570
f 480 571 8474
f 7311 480 8474
f 571 529 8567
f 5718 6663 7701
f 5718 529 571
f 10138 8567 529
f 414 415 6784
f 8525 9657 364
f 8326 5782 9657
f 396 8384 572
f 7264 573 5693
f 573 574 9896
f 573 9896 5693
f 7286 574 368
f 6352 368 574
f 7291 6352 8379
f 368 9904 367
f 368 5782 8326
f 5782 368 360
f 9615 281 7302
f 9615 7302 329
f 329 396 9615
f 575 258 8438
f 7567 575 576
f 140 9987 577
f 140 577 7603
f 577 7567 576
f 5802 9987 140
f 257 9987 5802
f 582 577 6760
f 576 6760 577
f 9687 9186 584
f 8438 151 9769
f 8438 9769 575
f 575 586 576
f 586 575 9769
f 6601 587 586
f 6932 7301 588
f 6932 588 589
f 8693 587 6601
f 576 586 587
f 6958 151 8438
f 6958 8438 6149
f 260 258 257
f 5868 7273 128
f 9177 209 207
f 9177 207 6990
f 5706 6990 217
f 5706 217 245
f 245 217 208
f 6134 245 208
f 245 6134 246
f 246 216 590
f 10448 590 216
f 246 590 10448
f 5820 591 7388
f 593 10243 488
f 455 593 457
f 455 457 9992
f 10243 593 455
f 7583 488 594
f 7583 594 595
f 591 592 7388
f 488 10520 5692
f 592 488 7388
f 6505 5820 7388
f 8434 199 10751
f 6952 9338 10948
f 10732 6246 7123
f 115 303 6607
f 341 340 339
f 240 379 229
f 6432 405 404
f 6432 404 8766
f 6432 236 405
f 6872 388 9071
f 412 10794 6274
f 412 6274 411
f 412 599 597
f 601 602 600
f 10729 601 603
f 602 599 600
f 7156 605 599
f 599 605 598
f 599 598 597
f 599 412 10887
f 607 10958 606
f 609 607 606
f 609 606 610
f 10946 612 611
f 6197 611 613
f 10946 7963 605
f 10946 605 8237
f 597 10794 412
f 6274 8169 411
f 94 8481 10678
f 10678 8481 90
f 9840 77 614
f 9840 614 434
f 77 9840 8620
f 6516 434 427
f 5804 617 9895
f 618 8353 616
f 9735 6542 620
f 620 619 9735
f 615 5804 7426
f 8590 615 7426
f 6542 5747 7338
f 7338 9831 6542
f 9831 439 621
f 9831 621 620
f 9831 620 6542
f 614 7338 5747
f 79 442 614
f 79 614 77
f 9829 7607 8472
f 622 8472 7607
f 622 7607 6663
f 478 7517 622
f 478 622 8382
f 8472 622 7517
f 623 9721 7517
f 623 479 10139
f 8615 120 623
f 9652 7517 478
f 478 8382 10066
f 551 624 6489
f 549 551 6489
f 9902 551 9198
f 7021 537 8622
f 9902 9198 7021
f 9902 7021 8622
f 6489 624 8622
f 10138 416 5825
f 424 422 7827
f 7302 281 9771
f 7813 6872 8955
f 7813 8955 383
f 6452 430 9900
f 430 6630 433
f 525 6452 9900
f 8426 5734 9668
f 8426 9668 6452
f 5734 8426 7683
f 98 94 10678
f 98 10678 8871
f 7554 8553 9936
f 7554 9936 150
f 9936 8693 150
f 8752 627 629
f 8559 629 627
f 626 628 631
f 628 626 627
f 631 628 5994
f 5918 9673 626
f 568 9673 567
f 6700 7655 9673
f 627 7655 8559
f 626 625 5918
f 7297 632 6713
f 7297 6713 625
f 633 632 7297
f 633 6129 10016
f 633 7297 6777
f 6438 167 8407
f 6438 8407 495
f 495 174 6438
f 120 7513 8624
f 120 8624 115
f 522 635 9834
f 522 9834 521
f 522 9803 635
f 9803 519 518
f 519 9803 522
f 519 522 9633
f 636 8442 7417
f 335 9803 6534
f 335 635 9803
f 347 9834 635
f 8408 347 9603
f 347 635 335
f 6792 9834 347
f 340 9915 8408
f 340 8408 9603
f 8408 6792 347
f 9679 367 493
f 8384 6428 572
f 9939 8654 638
f 9939 638 637
f 464 637 8701
f 464 8701 6696
f 8654 9994 638
f 5784 9218 457
f 5784 457 593
f 5692 10520 645
f 5692 645 596
f 9314 6952 10948
f 9314 485 646
f 646 649 9314
f 650 6994 8136
f 650 8136 646
f 10948 485 9314
f 7133 651 9314
f 644 9172 655
f 6265 8156 656
f 6265 9294 7074
f 7074 657 9172
f 656 10996 647
f 658 656 647
f 658 647 659
f 10996 9372 647
f 660 10487 6994
f 633 660 634
f 6777 10626 633
f 660 633 10626
f 7074 9294 7895
f 657 7074 7895
f 9403 644 10867
f 6940 6036 9403
f 7904 6940 662
f 655 9172 657
f 657 8580 655
f 7916 655 8580
f 10303 662 661
f 10487 658 6994
f 658 659 10977
f 658 10977 6994
f 664 7291 665
f 665 666 8621
f 7291 8379 9662
f 573 9662 8379
f 667 9662 573
f 667 573 8388
f 667 8388 668
f 667 669 665
f 666 665 669
f 5726 670 666
f 666 670 671
f 9879 670 7334
f 9624 670 5726
f 6486 669 9675
f 669 6486 516
f 516 6486 5684
f 7334 5684 8353
f 8353 618 7334
f 6358 7334 618
f 498 8647 9626
f 498 674 6402
f 674 676 6402
f 676 674 8469
f 9907 6402 676
f 669 667 9675
f 7233 6407 676
f 7233 676 8469
f 6358 618 616
f 6407 8389 676
f 6700 608 609
f 631 5994 661
f 610 606 7893
f 679 7493 8559
f 9837 7893 679
f 678 679 7893
f 604 678 9176
f 604 9176 10729
f 679 678 604
f 679 604 643
f 680 9176 677
f 680 677 11048
f 602 9176 680
f 10946 8237 612
f 11048 677 611
f 11048 611 612
f 613 611 677
f 630 8752 663
f 7904 10725 6940
f 7892 640 10725
f 7892 10725 6823
f 640 6940 10725
f 663 8752 629
f 10977 659 647
f 10977 647 9372
f 6823 9103 7892
f 679 643 9103
f 679 9103 10328
f 10867 644 655
f 6210 10729 603
f 604 10729 643
f 143 141 139
f 589 585 9186
f 589 588 581
f 9687 587 9186
f 9186 6932 589
f 5760 432 8556
f 5760 8556 9878
f 8556 6406 7285
f 6406 8556 432
f 514 7285 6406
f 7383 5760 9878
f 7320 620 621
f 7320 619 620
f 681 8457 636
f 668 7264 636
f 668 636 8457
f 681 636 9609
f 681 9609 8457
f 9609 520 8457
f 520 336 518
f 9845 8442 636
f 6264 10887 460
f 6264 460 462
f 9983 8622 536
f 556 7021 555
f 65 68 67
f 319 320 317
f 407 8109 9296
f 501 345 7053
f 553 551 552
f 6162 556 555
f 9098 547 557
f 582 584 583
f 10732 488 5949
f 408 461 9401
f 321 557 7469
f 646 485 650
f 671 8621 666
f 675 9626 8647
f 580 143 139
f 10711 579 585
f 59 7079 682
f 63 684 7079
f 58 66 63
f 63 8163 685
f 63 685 686
f 65 687 686
f 686 687 63
f 687 65 683
f 67 9362 688
f 67 688 7207
f 68 65 11151
f 6575 690 692
f 6575 692 72
f 6575 689 691
f 6575 691 690
f 80 693 9548
f 80 9548 6575
f 80 694 693
f 80 695 696
f 80 696 694
f 80 8041 695
f 701 702 66
f 701 66 704
f 701 704 703
f 701 703 697
f 701 697 700
f 697 7142 699
f 697 699 698
f 72 692 704
f 72 704 66
f 697 703 7142
f 7142 695 8238
f 319 8286 320
f 7469 320 706
f 7469 706 11138
f 326 8250 337
f 337 8250 709
f 337 709 710
f 337 710 707
f 337 707 708
f 342 10035 8248
f 342 8248 712
f 342 712 714
f 342 714 713
f 342 713 10604
f 326 344 10922
f 718 717 6198
f 718 6198 8272
f 718 8272 715
f 718 715 719
f 9546 8272 7196
f 9546 7196 714
f 343 720 7911
f 407 721 10997
f 9315 10997 722
f 6219 723 7118
f 6219 724 723
f 461 725 10198
f 10198 725 726
f 10198 726 9445
f 9697 6805 727
f 9697 727 728
f 9697 728 475
f 483 10634 729
f 6230 730 484
f 6230 7037 730
f 8130 731 485
f 10634 9180 732
f 10634 732 733
f 10634 733 734
f 10634 734 9398
f 9180 8015 736
f 9180 736 735
f 9180 735 732
f 8344 738 737
f 8344 737 491
f 8344 492 739
f 8344 739 738
f 492 7566 740
f 492 740 739
f 8757 496 6108
f 496 741 6108
f 10012 742 497
f 490 7902 742
f 8647 6678 743
f 345 745 746
f 345 746 9363
f 6229 748 8277
f 6229 747 344
f 749 744 7911
f 749 7911 720
f 749 720 748
f 748 6229 9512
f 750 8799 6247
f 323 11073 319
f 323 7206 11073
f 553 552 7208
f 9098 753 752
f 552 8254 7208
f 757 6275 755
f 756 755 754
f 754 755 6275
f 754 6275 11038
f 554 7975 754
f 6162 554 759
f 6162 759 7165
f 6162 758 556
f 557 757 7199
f 557 753 9098
f 9224 761 760
f 9224 760 10585
f 9224 762 761
f 6576 562 10950
f 10585 763 764
f 10585 764 8016
f 10585 760 763
f 8016 765 565
f 8016 764 766
f 8016 766 765
f 567 10588 568
f 768 767 569
f 569 767 566
f 7036 769 570
f 570 770 10079
f 570 769 771
f 570 771 770
f 7603 8676 773
f 7603 773 772
f 578 772 7180
f 578 775 774
f 775 10994 774
f 774 10994 776
f 579 9573 777
f 5862 772 578
f 580 7961 778
f 580 779 581
f 779 580 778
f 5862 7961 580
f 583 781 582
f 585 579 777
f 585 777 782
f 585 782 8081
f 8676 783 773
f 582 783 8676
f 785 7301 6078
f 785 6078 784
f 7103 787 786
f 7103 7871 787
f 592 591 788
f 592 788 789
f 5820 790 791
f 5820 791 591
f 9219 792 793
f 5820 793 790
f 199 8179 9219
f 9219 8179 792
f 408 725 461
f 600 794 601
f 462 795 796
f 601 794 11004
f 6264 9329 797
f 6264 797 600
f 6264 462 796
f 10958 798 799
f 10958 799 6991
f 607 798 10958
f 6805 10079 800
f 6805 800 801
f 6805 801 727
f 5918 625 802
f 8015 475 803
f 8015 803 804
f 8015 804 736
f 557 321 757
f 320 8286 805
f 556 320 805
f 556 11082 538
f 807 806 556
f 556 806 320
f 706 9517 809
f 9517 806 808
f 807 556 758
f 8701 637 810
f 811 8701 810
f 640 639 813
f 640 813 5829
f 640 5829 9766
f 639 641 6780
f 641 6210 814
f 641 814 815
f 6780 641 815
f 6210 816 814
f 6210 603 816
f 463 817 10201
f 817 463 818
f 8701 811 818
f 637 638 819
f 812 637 819
f 9994 820 638
f 821 820 9994
f 9994 822 821
f 824 823 595
f 595 823 822
f 644 825 826
f 644 826 827
f 6036 828 825
f 6036 6751 828
f 6036 9766 829
f 654 831 832
f 654 832 833
f 654 833 11010
f 834 7639 595
f 595 7639 824
f 595 6620 834
f 8365 6620 835
f 8365 835 595
f 827 836 644
f 644 836 831
f 644 831 654
f 7133 9462 651
f 645 10719 596
f 10016 830 486
f 10016 6129 830
f 664 837 6703
f 664 6703 9963
f 839 671 841
f 671 839 840
f 671 840 672
f 671 672 838
f 671 670 841
f 670 673 8817
f 673 7237 842
f 673 842 843
f 675 8104 842
f 675 842 7237
f 675 844 9477
f 8647 845 10483
f 8647 743 846
f 8647 6175 845
f 838 672 847
f 664 7657 837
f 142 6860 8283
f 580 6248 11002
f 581 588 848
f 10711 7212 850
f 10711 850 849
f 10711 849 780
f 10711 780 579
f 854 7118 8200
f 792 855 8092
f 792 8092 793
f 9348 852 853
f 726 9283 8183
f 10984 852 9445
f 851 854 8200
f 859 860 10860
f 860 9283 6124
f 860 859 7126
f 9283 860 7126
f 859 861 7126
f 862 9348 7126
f 861 862 7126
f 10997 862 861
f 721 10823 862
f 862 10997 721
f 9348 862 10823
f 789 858 863
f 789 857 858
f 863 858 9425
f 7871 10828 864
f 864 10980 7871
f 10828 858 864
f 8092 855 9397
f 857 856 8151
f 8151 6245 864
f 857 789 856
f 591 856 789
f 856 591 10818
f 792 10877 9397
f 792 9397 855
f 10980 864 6245
f 6245 9470 10980
f 7118 723 724
f 8200 7118 724
f 9445 726 10984
f 9429 10860 6911
f 6911 722 9429
f 9429 722 10997
f 9429 10997 861
f 591 789 788
f 863 6951 11071
f 793 791 790
f 865 7759 638
f 638 10832 865
f 6620 866 9247
f 867 8063 9016
f 8927 768 10407
f 8055 10201 818
f 8055 818 10900
f 870 10201 8055
f 9453 870 8055
f 833 831 866
f 9462 866 8062
f 8062 10719 9462
f 8143 833 866
f 866 9462 8143
f 831 9247 866
f 870 9453 8118
f 11004 9329 7091
f 9441 7047 7930
f 7930 6063 8371
f 8804 9696 7730
f 9696 8804 830
f 830 7796 9696
f 5891 8822 10194
f 5891 10194 8804
f 9696 869 7730
f 475 8927 10407
f 475 10407 8822
f 727 10079 6495
f 6495 10079 769
f 6074 871 9050
f 6074 9050 6495
f 6495 769 6074
f 7730 869 10903
f 10903 9398 7730
f 760 10267 764
f 760 7930 10267
f 764 10267 6074
f 871 6074 10267
f 865 829 9766
f 865 9766 5829
f 865 6751 6036
f 865 6036 829
f 9441 563 564
f 10903 484 730
f 831 833 832
f 827 831 836
f 5829 813 639
f 6780 815 814
f 6751 827 825
f 6751 825 828
f 827 826 872
f 827 872 825
f 638 820 821
f 638 821 822
f 7759 637 812
f 638 7759 812
f 638 812 819
f 822 823 7639
f 7639 823 824
f 817 818 10201
f 868 731 484
f 868 485 873
f 868 873 731
f 7639 834 6620
f 9329 600 797
f 11004 794 600
f 11004 600 9329
f 6063 10517 609
f 6063 609 608
f 6063 608 6700
f 9016 8063 6991
f 9016 6991 798
f 7047 9441 564
f 9398 733 732
f 732 735 736
f 736 804 803
f 475 728 727
f 10079 801 800
f 727 801 10079
f 10616 803 475
f 768 566 767
f 10079 770 771
f 769 10079 771
f 764 565 765
f 764 765 766
f 869 484 10903
f 869 868 484
f 760 764 763
f 762 760 761
f 7796 9254 868
f 485 868 9254
f 8822 7461 5918
f 8822 5918 802
f 8822 802 10194
f 818 811 810
f 7091 796 795
f 7091 795 874
f 7091 874 462
f 871 7794 10588
f 6309 9362 877
f 6309 877 878
f 880 687 881
f 7207 880 881
f 882 6291 9512
f 883 884 885
f 891 892 893
f 898 748 720
f 903 904 905
f 910 581 779
f 9532 913 912
f 915 916 917
f 9569 8271 918
f 11044 878 877
f 875 922 7066
f 7186 10874 682
f 7186 9362 10874
f 877 9362 7186
f 6322 9522 877
f 922 875 9522
f 878 11044 6309
f 6332 7207 8258
f 8258 879 6332
f 876 875 7066
f 9495 11017 687
f 7066 9436 11017
f 11017 9495 7066
f 9436 7066 922
f 923 924 886
f 11068 9188 8210
f 6314 8210 9188
f 9188 10871 6314
f 923 882 9512
f 882 923 925
f 925 883 882
f 883 885 926
f 883 926 10982
f 925 923 883
f 923 886 7177
f 923 7177 883
f 8257 745 10982
f 884 10982 926
f 884 926 885
f 8261 9363 746
f 8261 746 9521
f 9521 746 745
f 11041 886 924
f 11041 8210 6314
f 924 923 7195
f 923 9512 7195
f 8259 927 928
f 927 929 8163
f 686 8163 929
f 6327 890 686
f 890 930 9541
f 930 890 6327
f 6327 9541 930
f 929 927 8259
f 929 8259 11043
f 7214 6258 8215
f 889 7214 8215
f 10741 931 9520
f 931 10741 932
f 932 8259 928
f 6349 892 891
f 11037 692 7221
f 7221 9549 11061
f 11106 9516 892
f 9516 893 892
f 9516 11037 7221
f 9516 7221 891
f 9516 891 893
f 696 11097 894
f 11057 896 895
f 707 709 11066
f 9553 7219 708
f 708 707 9553
f 9546 714 11062
f 7219 11062 714
f 8269 933 11107
f 896 7192 933
f 896 933 8269
f 9263 7171 900
f 9263 748 898
f 934 10968 720
f 934 899 10968
f 11027 935 8207
f 935 936 8207
f 7173 10922 9558
f 11026 938 7173
f 11026 8207 938
f 8207 936 938
f 937 7173 938
f 899 900 7171
f 747 6267 9558
f 938 936 935
f 11027 9442 938
f 938 935 11027
f 932 928 699
f 931 932 9520
f 11061 9549 690
f 11084 8283 942
f 7224 942 940
f 9563 588 11089
f 11089 902 9563
f 8224 9563 902
f 902 6348 939
f 902 939 941
f 11002 939 901
f 9323 901 940
f 903 905 944
f 903 944 9513
f 9561 907 903
f 907 906 904
f 903 907 904
f 906 538 10926
f 904 9513 944
f 904 944 905
f 9555 538 906
f 11086 750 945
f 11086 945 6247
f 6335 946 8273
f 946 7206 11086
f 943 7217 8286
f 779 7961 7183
f 581 910 949
f 10988 950 909
f 10988 9322 8260
f 10988 8260 950
f 909 950 8260
f 9322 7183 8260
f 11036 7212 949
f 909 11036 949
f 909 949 910
f 11036 850 7212
f 952 850 11036
f 11036 951 952
f 951 11036 953
f 953 9531 947
f 953 947 948
f 579 850 952
f 947 11137 774
f 955 10793 9500
f 956 957 958
f 11013 6323 956
f 957 956 6323
f 8228 958 6323
f 6323 958 957
f 8192 758 11058
f 11058 758 911
f 912 914 959
f 959 914 8192
f 959 8192 912
f 9500 10793 806
f 9532 955 913
f 9532 7185 955
f 955 9500 912
f 913 955 912
f 954 11138 706
f 7220 916 915
f 918 8271 9505
f 9505 11069 918
f 960 918 11069
f 6316 917 916
f 775 915 6316
f 6316 915 917
f 8081 9570 11083
f 9570 8081 11035
f 10657 781 6297
f 961 919 7199
f 752 11070 919
f 6333 920 962
f 6333 921 920
f 921 962 920
f 8254 11075 7208
f 9527 11123 962
f 921 9527 962
f 8278 962 11123
f 921 11012 9527
f 919 961 8289
f 919 8289 921
f 921 8289 7193
f 941 939 11008
f 902 941 11008
f 948 947 952
f 953 948 952
f 951 953 952
f 918 960 783
f 7207 688 11044
f 11027 8272 9442
f 11084 785 784
f 9513 10926 538
f 849 579 780
f 850 579 849
f 956 958 11038
f 956 11038 6275
f 806 807 758
f 958 7165 11038
f 7165 759 554
f 881 687 683
f 881 683 65
f 9436 684 63
f 9436 7079 684
f 6291 7911 744
f 6291 744 749
f 8163 686 685
f 6258 11151 8215
f 928 698 699
f 697 698 928
f 10741 695 8041
f 9520 695 10741
f 9417 702 701
f 9417 66 702
f 697 10932 700
f 700 10932 701
f 928 10932 697
f 696 693 694
f 894 693 696
f 894 9548 693
f 895 709 8250
f 6198 717 7192
f 7192 717 718
f 7192 718 933
f 709 707 710
f 714 712 8248
f 7219 714 8248
f 718 719 933
f 933 719 715
f 6318 720 10604
f 8207 10604 713
f 7173 937 716
f 690 691 689
f 940 942 6860
f 942 8283 6860
f 9554 588 10695
f 9554 10695 785
f 939 11002 6248
f 6335 11073 946
f 946 11073 7206
f 7217 805 8286
f 9555 10691 538
f 945 750 6247
f 7961 779 778
f 947 776 10994
f 947 10994 952
f 947 774 776
f 10793 809 9517
f 706 809 10793
f 11013 956 6275
f 10793 808 806
f 808 10793 9517
f 8271 7180 772
f 8081 782 777
f 11083 781 583
f 755 756 8289
f 8289 756 754
f 961 7199 757
f 773 783 960
f 10425 964 965
f 7356 966 967
f 966 968 967
f 968 969 967
f 9774 970 968
f 968 970 6147
f 8017 6174 965
f 8017 965 6147
f 7600 965 964
f 972 10654 973
f 974 8607 975
f 975 8607 976
f 976 8607 9928
f 976 9928 978
f 976 978 8971
f 8971 978 10654
f 10654 978 9210
f 10654 9210 973
f 7600 9210 978
f 979 844 7356
f 7356 8607 979
f 968 10483 6175
f 966 7356 968
f 974 9030 979
f 979 8607 974
f 10766 974 976
f 5928 976 980
f 5928 980 977
f 7657 977 6703
f 7926 6703 8971
f 976 974 975
f 980 976 977
f 963 10627 742
f 963 742 7902
f 10425 491 737
f 964 737 739
f 964 10425 737
f 9205 846 6678
f 846 743 6678
f 10483 845 6175
f 979 9477 844
f 739 737 738
f 7926 6108 741
f 972 6108 971
f 973 6108 972
f 6989 10552 973
f 964 739 7566
f 7657 6703 837
f 979 838 847
f 979 847 672
f 979 9030 838
f 739 740 7566
f 843 8817 673
f 839 11159 840
f 839 10765 8104
f 10765 842 8104
f 843 842 8817
f 981 982 983
f 981 983 984
f 981 984 985
f 985 984 986
f 987 986 988
f 990 991 992
f 992 993 6404
f 6404 993 994
f 994 995 7379
f 998 999 9067
f 10398 1002 1001
f 1003 1002 10398
f 6976 6033 9065
f 8781 996 6976
f 994 9026 10176
f 5709 10176 1004
f 5709 1004 1005
f 1005 8781 1003
f 1005 1003 10398
f 7636 5709 1005
f 7636 1005 6069
f 987 988 1006
f 986 987 8835
f 1008 7695 1007
f 1007 997 7894
f 985 986 8835
f 1008 1007 9752
f 9752 1007 7894
f 981 985 8835
f 6758 8835 1008
f 6758 1008 1004
f 988 986 1009
f 7379 995 1010
f 995 994 1010
f 994 993 1011
f 993 10436 1011
f 992 991 1012
f 988 1009 1013
f 1009 10294 1013
f 986 984 1014
f 984 983 1014
f 1011 10436 994
f 10436 1012 1015
f 10436 1015 994
f 994 1015 1010
f 1012 1016 10446
f 1012 10446 1015
f 1015 10446 1010
f 1016 5930 10446
f 1016 8718 5930
f 8718 10294 1014
f 8718 1014 983
f 7647 988 1013
f 7647 1013 10294
f 1001 1002 1019
f 9065 6033 1020
f 1002 1020 10393
f 6033 6926 7921
f 7921 6926 10393
f 1021 1022 1023
f 1021 1023 1024
f 1024 1023 1025
f 1024 1025 1026
f 1026 1025 1027
f 1026 1027 1028
f 1028 1027 1029
f 1028 1029 1030
f 1030 1029 1031
f 1030 1031 1032
f 1032 1031 1033
f 1032 1033 1034
f 1034 1033 1035
f 1036 1037 1038
f 1036 1038 1039
f 1039 1038 1040
f 1039 1040 1041
f 1041 1040 1042
f 1041 1042 1043
f 1043 1042 1044
f 1043 1044 1045
f 1045 1044 1022
f 1045 1022 1021
f 1022 1044 1046
f 1022 1046 1047
f 1044 1042 1048
f 1044 1048 1046
f 1042 1040 1049
f 1042 1049 1048
f 1040 1038 1050
f 1040 1050 1049
f 1033 1031 1051
f 1033 1051 1052
f 1031 1029 1053
f 1031 1053 1051
f 1029 1027 1054
f 1029 1054 1053
f 1027 1025 1055
f 1027 1055 1054
f 1025 1023 1056
f 1025 1056 1055
f 1023 1022 1047
f 1023 1047 1056
f 1047 1046 1045
f 1047 1045 1021
f 1046 1048 1043
f 1046 1043 1045
f 1048 1049 1041
f 1048 1041 1043
f 1049 1050 1039
f 1049 1039 1041
f 1052 1051 1032
f 1052 1032 1034
f 1051 1053 1030
f 1051 1030 1032
f 1053 1054 1028
f 1053 1028 1030
f 1054 1055 1026
f 1054 1026 1028
f 1055 1056 1024
f 1055 1024 1026
f 1056 1047 1021
f 1056 1021 1024
f 988 9747 1006
f 1007 998 997
f 1017 1016 1012
f 999 10393 6926
f 1038 1037 1057
f 1038 1057 1050
f 1033 1052 1058
f 1033 1058 1035
f 1050 1057 1036
f 1050 1036 1039
f 1052 1034 1058
f 1059 10329 1061
f 1060 1062 1063
f 1062 1064 1063
f 6023 9747 1065
f 8706 1066 1067
f 1066 1068 1067
f 1068 9028 1069
f 1070 1059 1061
f 6971 1072 1073
f 1074 6971 9066
f 998 1074 10434
f 998 10434 999
f 1075 7901 1001
f 1075 1001 1076
f 1077 9051 10429
f 1071 7898 1072
f 10167 1079 1078
f 1079 10112 1078
f 1079 9051 1077
f 1066 1080 10167
f 1066 10167 1068
f 1080 1079 10167
f 8706 1080 1066
f 1080 6810 1079
f 990 6069 1080
f 6023 1006 9747
f 10113 7710 1007
f 1081 7710 10113
f 1081 8579 7710
f 1060 8809 1062
f 1060 1081 8809
f 1059 6863 1060
f 6863 1078 1081
f 6863 1081 1060
f 1078 10112 8579
f 1078 8579 1081
f 1065 1082 1064
f 1061 1083 10449
f 9028 1084 1069
f 1069 1084 1068
f 1068 1085 1067
f 1067 1085 10803
f 8706 1012 991
f 989 5929 1065
f 1065 1086 1082
f 1082 1086 1064
f 1064 1087 1063
f 1063 1087 10329
f 10329 1083 1061
f 1085 1068 10803
f 1012 10803 1088
f 10803 1068 7715
f 1068 1084 7715
f 7715 1084 10449
f 6032 10449 1083
f 6032 1083 1017
f 1017 1083 1089
f 1083 10329 1089
f 1089 10329 1087
f 1089 1087 1064
f 10008 1064 1086
f 10008 1086 1065
f 6024 10429 1090
f 6024 1090 1072
f 10429 8806 7905
f 1072 9056 6082
f 1091 1092 1093
f 1091 1093 1094
f 1092 1095 1096
f 1092 1096 1093
f 1095 1097 1098
f 1095 1098 1096
f 1097 1099 1100
f 1097 1100 1098
f 1099 1101 1102
f 1099 1102 1100
f 1101 1034 1103
f 1101 1103 1102
f 1034 1035 1103
f 1036 1104 1105
f 1036 1105 1037
f 1104 1106 1107
f 1104 1107 1105
f 1106 1108 1109
f 1106 1109 1107
f 1108 1110 1111
f 1108 1111 1109
f 1110 1091 1094
f 1110 1094 1111
f 1094 1112 1113
f 1094 1113 1111
f 1111 1113 1114
f 1111 1114 1109
f 1109 1114 1115
f 1109 1115 1107
f 1107 1115 1116
f 1107 1116 1105
f 1103 1117 1118
f 1103 1118 1102
f 1102 1118 1119
f 1102 1119 1100
f 1100 1119 1120
f 1100 1120 1098
f 1098 1120 1121
f 1098 1121 1096
f 1096 1121 1122
f 1096 1122 1093
f 1093 1122 1112
f 1093 1112 1094
f 1112 1091 1110
f 1112 1110 1113
f 1113 1110 1108
f 1113 1108 1114
f 1114 1108 1106
f 1114 1106 1115
f 1115 1106 1104
f 1115 1104 1116
f 1117 1034 1101
f 1117 1101 1118
f 1118 1101 1099
f 1118 1099 1119
f 1119 1099 1097
f 1119 1097 1120
f 1120 1097 1095
f 1120 1095 1121
f 1121 1095 1092
f 1121 1092 1122
f 1122 1092 1091
f 1122 1091 1112
f 1080 6069 6810
f 7695 10113 1007
f 1007 1074 998
f 1017 1012 1088
f 1016 1017 7648
f 1016 7648 6685
f 6685 10008 1065
f 6685 1065 5929
f 1001 8806 1076
f 5759 999 10364
f 999 6082 10364
f 1105 1116 1057
f 1105 1057 1037
f 1103 1035 1058
f 1103 1058 1117
f 1116 1104 1036
f 1116 1036 1057
f 1117 1058 1034
f 1123 1125 1124
f 1123 9871 1125
f 7799 8685 1123
f 1130 6615 1127
f 10480 1127 1131
f 1134 9871 1133
f 9871 1134 1125
f 1135 8521 1134
f 1137 1136 1138
f 9815 1136 1137
f 9815 1137 6554
f 9809 1134 1133
f 8508 1140 1138
f 1141 1140 8508
f 1125 7437 1124
f 5763 1143 1144
f 1145 5763 1144
f 1124 1142 1145
f 1123 1124 6401
f 1146 8337 1147
f 1146 1144 1143
f 1143 9754 6886
f 1149 7372 1146
f 1149 1151 1150
f 1146 1151 1149
f 1154 9754 1152
f 1142 9710 1152
f 1124 7437 1142
f 1155 9737 1156
f 1155 1123 9737
f 9680 1123 1155
f 1157 9680 8373
f 1158 1160 9854
f 1160 1158 1157
f 8527 1158 1159
f 6894 1157 1158
f 6894 1158 1128
f 5645 1156 9737
f 5645 8485 9647
f 8453 1162 1156
f 1162 6481 1163
f 1161 9784 7340
f 7366 1165 1161
f 5645 1165 7366
f 1171 8636 1172
f 5864 7234 1171
f 9942 6472 8636
f 1167 1170 1174
f 1175 1174 1170
f 1175 1170 9978
f 1176 1175 9978
f 6472 9942 1169
f 1169 1178 6472
f 1178 1169 1179
f 10177 1169 1168
f 7449 1168 1169
f 8629 1180 1173
f 1181 5902 8837
f 1182 1183 1181
f 1185 5843 1184
f 7677 1168 5999
f 1186 1188 5902
f 5902 1181 1186
f 1189 8779 10217
f 9783 1184 1191
f 5843 1191 1184
f 8779 1189 7529
f 5999 1189 10217
f 1167 10255 1193
f 1167 1194 1189
f 1194 7529 1189
f 8702 5899 1196
f 10133 8702 1196
f 8503 10133 1196
f 9734 1197 1200
f 9734 1200 1199
f 9734 8478 1197
f 1203 7614 6633
f 7508 1203 6633
f 1193 10255 6633
f 1194 1167 1193
f 1195 8702 1193
f 1176 7611 1203
f 7611 9289 1203
f 7614 1203 9289
f 9289 10150 7614
f 1206 1205 1207
f 1208 1207 1205
f 9289 1208 1205
f 1208 10072 9238
f 7508 1176 1203
f 10255 7508 6633
f 8322 1214 1216
f 9790 1216 1214
f 8322 1216 5688
f 1218 9935 8540
f 1218 8540 1215
f 8540 9848 1215
f 8594 1220 1219
f 1221 8594 1219
f 1222 1221 1219
f 1224 10131 7545
f 1220 10131 1224
f 1220 1224 1225
f 9686 7545 6463
f 9686 6463 1223
f 1210 7378 1213
f 7378 1223 1213
f 1227 1226 1212
f 1212 1210 1227
f 1223 7378 1228
f 1228 7378 1226
f 8394 5714 1230
f 1211 1231 1227
f 1211 1227 1210
f 10334 1232 1231
f 10334 1231 7737
f 7737 1235 10334
f 10334 1235 1234
f 1235 1236 1234
f 1238 6973 1237
f 7303 6973 10443
f 1233 7303 1239
f 1240 1232 6378
f 8611 9653 7454
f 9653 1241 7454
f 1242 1241 9653
f 5713 1243 6521
f 1241 1245 1244
f 1241 1244 7454
f 9954 1231 8611
f 8494 1248 9804
f 1248 1250 9804
f 1247 1248 8494
f 1246 1247 8494
f 1249 9804 1250
f 9969 9047 1254
f 6545 1254 9047
f 9804 1255 1185
f 1256 1183 1255
f 8769 8031 1258
f 1257 8031 10790
f 1251 1259 10790
f 1260 1257 10790
f 1249 1256 1255
f 1249 1255 9804
f 8568 6521 9844
f 9804 1185 6521
f 9844 1184 5869
f 1183 1182 1185
f 1183 1185 1255
f 9608 6378 1239
f 9608 1239 1261
f 1261 6450 9608
f 1262 6450 1261
f 1266 1263 10599
f 6992 10599 1265
f 9048 1268 1264
f 1269 10291 1261
f 1269 1261 1239
f 1269 1239 8866
f 1269 8866 1270
f 1269 1271 10291
f 9037 9659 1246
f 1273 6109 7989
f 6450 1262 6109
f 6109 7753 1263
f 6109 1263 7989
f 1274 1275 1276
f 1267 1279 1277
f 1267 1277 7804
f 10234 1278 1277
f 7846 10647 8951
f 1281 1278 10234
f 7804 1281 6865
f 6122 6865 8951
f 7579 1279 1267
f 1264 5895 7579
f 7475 6581 1284
f 1268 10291 1284
f 1268 1284 6581
f 1285 8609 1283
f 7235 8609 1285
f 8420 1279 7235
f 1268 6581 1264
f 1277 1275 1274
f 1276 1275 1287
f 1288 1289 1290
f 1291 1290 1289
f 1290 1293 1288
f 6662 1287 1288
f 6662 1294 1287
f 8532 1287 1294
f 1295 7346 1296
f 6373 1296 7346
f 6373 7346 1288
f 6373 1288 1287
f 9893 8898 1297
f 9893 1297 1291
f 1291 6020 1292
f 6373 9654 1296
f 1276 1298 6010
f 1300 6568 8800
f 1300 8800 1301
f 1300 1301 1302
f 1303 1302 1301
f 1302 8951 1300
f 1300 8951 10647
f 1301 8800 9969
f 1301 9969 6101
f 1280 6568 1300
f 6568 1280 1299
f 1280 6010 1298
f 1280 1298 1299
f 1299 1298 1304
f 1304 1298 1305
f 8532 1305 1298
f 1294 1305 8532
f 1306 1307 1308
f 7400 1307 1306
f 7400 9701 1309
f 8568 1245 1241
f 8568 1241 1242
f 1309 1245 8568
f 6355 1306 1308
f 8335 1310 6415
f 1311 9792 7258
f 5786 1311 8660
f 5786 8660 6558
f 1245 6415 9792
f 1314 1315 6540
f 1316 1315 1314
f 7236 8369 6540
f 1316 1314 6540
f 1315 1316 1318
f 6540 1315 1319
f 6540 1319 1308
f 1319 1315 1318
f 6540 8503 7236
f 1313 7400 8503
f 7400 1191 1192
f 8503 1196 7236
f 1308 1307 7400
f 1308 7400 1313
f 1147 8337 5965
f 5965 8337 1148
f 1148 7516 1320
f 9988 6355 1308
f 8009 6651 1321
f 1321 9238 8009
f 1320 7516 1318
f 1325 6470 1326
f 1328 1329 1327
f 1328 1327 5764
f 5764 9732 1328
f 1166 6481 1164
f 1166 1164 9732
f 1327 10745 1333
f 1327 1333 1325
f 1329 10745 1327
f 1326 1327 1325
f 1327 8458 5764
f 1327 1326 6470
f 9731 1334 7405
f 8585 9731 1335
f 1333 1335 1325
f 8585 1337 10117
f 1335 1337 8585
f 1338 1340 1336
f 1336 1340 1341
f 9621 1342 1340
f 1342 9621 1343
f 1344 1341 1340
f 1344 1340 8468
f 1334 1336 1341
f 1334 1341 7405
f 7405 1341 1344
f 1324 5770 1345
f 7261 1324 1345
f 1323 7261 1345
f 1322 1323 1346
f 1347 1322 1346
f 1348 9795 1345
f 1349 1162 8509
f 5748 1155 1156
f 7288 8373 9667
f 1349 1350 7288
f 1349 7288 9667
f 1350 1349 8958
f 1350 1353 10680
f 1347 1353 1350
f 6065 6394 1351
f 1322 8958 1349
f 8509 1162 1163
f 8509 1163 9753
f 1354 8747 1356
f 1354 8657 1359
f 1354 1359 1357
f 1360 1358 1357
f 1360 1357 1359
f 1361 1332 1358
f 1361 1358 1360
f 1332 6014 8658
f 7306 9853 5771
f 6747 8480 1362
f 6747 9732 1363
f 9732 1164 1363
f 1164 1364 1363
f 6747 1363 1364
f 6747 1364 8480
f 1332 9732 6747
f 1365 5771 9853
f 1366 1356 8747
f 10301 7651 1366
f 10301 1366 1367
f 1366 7651 1356
f 1368 1369 1370
f 5920 1369 1368
f 6603 1371 1369
f 1373 8462 5789
f 8613 1374 5789
f 1372 1375 7526
f 1376 1375 1372
f 1376 8304 1375
f 1379 1378 10077
f 1379 10077 1377
f 1375 1369 1371
f 1369 9824 1370
f 1382 7390 1383
f 8304 1384 6522
f 6522 9741 1381
f 1381 9741 1385
f 1368 1370 9824
f 1368 9824 8657
f 5886 9795 1348
f 9705 8468 1387
f 1388 1387 8468
f 1344 8468 9705
f 1348 1345 5770
f 1348 5770 1386
f 1390 6519 1387
f 1393 7323 8517
f 1393 1390 7323
f 5729 6519 1390
f 6359 8517 1392
f 9756 1392 8517
f 1391 1389 9756
f 1391 5678 1389
f 9756 6435 1397
f 1388 1391 7323
f 9816 1386 8400
f 9816 8400 1399
f 6598 1401 5886
f 9962 1402 6598
f 9962 1403 1402
f 1401 6598 1404
f 1401 1404 8557
f 1404 6598 8791
f 5886 9816 1399
f 1400 8400 1405
f 1400 1405 1403
f 1405 5729 1406
f 1406 5729 1394
f 1400 1399 8400
f 1412 1409 7349
f 1409 1413 1410
f 7979 1409 9764
f 1414 1415 1416
f 1414 1416 1411
f 1413 9245 1411
f 1413 1411 1410
f 1411 1416 1415
f 7511 1410 10773
f 1419 5988 1418
f 1409 1410 9041
f 1409 9041 1420
f 10204 1409 1420
f 5663 1407 1408
f 5779 1422 9787
f 9787 1424 8449
f 1422 7342 1425
f 1425 7342 9833
f 1407 9787 1422
f 5663 9787 1407
f 1426 8465 9682
f 1427 1225 1224
f 1219 1220 1225
f 8465 1219 9682
f 8465 9745 1219
f 6477 10204 1419
f 10204 1420 5988
f 1419 10204 5988
f 9757 1428 1429
f 1430 1429 5845
f 1430 1431 1429
f 1431 1432 9757
f 1431 9757 1429
f 9757 1432 1408
f 7349 1432 1412
f 1412 1432 8734
f 8734 1433 1434
f 8734 1434 6563
f 1435 1433 8734
f 10141 1433 1435
f 1439 1436 1435
f 1435 7549 1439
f 1441 1440 9034
f 1439 10607 1441
f 1439 1441 9034
f 7968 1441 10607
f 1442 10607 1430
f 6731 1443 1442
f 1444 6731 8575
f 1445 10256 1444
f 6040 1447 1446
f 1445 1446 9132
f 1445 9132 10256
f 10256 6731 1444
f 8513 1422 1425
f 8513 1425 1450
f 9757 1450 1428
f 1450 7463 9914
f 1451 9713 6491
f 9055 7033 1453
f 7740 1453 1454
f 1451 6491 1454
f 1455 10580 7464
f 6014 1455 7464
f 9743 7232 1343
f 9743 1343 1339
f 1343 7322 1339
f 1456 7232 9743
f 1456 6371 7296
f 5779 7296 6371
f 6491 9713 1338
f 6491 1338 10117
f 6523 8462 1451
f 6523 1451 7362
f 1378 1458 7463
f 1458 7501 1459
f 1458 1459 7463
f 8575 1459 7501
f 7463 1459 9914
f 1460 10394 1461
f 1464 1465 6851
f 9211 6851 1465
f 9211 1465 10535
f 7834 6410 1465
f 1467 7834 1463
f 1467 1463 9820
f 1462 6984 1449
f 1462 1449 10394
f 10394 1460 1462
f 1468 1460 1461
f 7119 6262 1460
f 1460 6262 9820
f 9484 10497 1471
f 9484 1471 10986
f 1468 1461 1458
f 1468 1458 10497
f 10394 7501 1458
f 10394 1458 1461
f 1458 1474 6029
f 1474 1475 6029
f 1379 1474 1458
f 1378 1379 1458
f 1378 1374 8613
f 6532 9833 1378
f 1479 10728 1480
f 1482 10080 6046
f 1481 1132 6046
f 10538 6046 1132
f 1129 6046 10538
f 6660 10728 1479
f 10728 8040 1480
f 1483 8040 1478
f 6512 1486 9806
f 6512 10092 1486
f 7024 8040 9806
f 7024 9806 1485
f 5696 9226 7770
f 1487 8899 1488
f 5636 1487 7398
f 5880 1490 1488
f 5880 1488 8899
f 6512 10376 8828
f 8828 1489 1491
f 1128 1158 8527
f 8373 7288 1157
f 1146 6960 1151
f 1151 1177 8524
f 8524 1150 1151
f 9784 1364 7340
f 5864 1364 9784
f 7234 5864 9784
f 1177 1176 6572
f 1151 6960 1177
f 1146 10942 6135
f 1150 1165 5645
f 8748 1492 6578
f 1493 10080 1482
f 1493 1485 10080
f 1492 10080 5669
f 1492 5669 1141
f 1138 5669 8413
f 1138 8413 1137
f 1141 5669 1138
f 1141 1138 1140
f 1482 1485 1493
f 1494 10480 8748
f 1494 8748 6578
f 10480 1494 7518
f 7518 1494 1133
f 9809 1133 1494
f 9809 1494 6578
f 1131 8748 10480
f 7473 8964 1132
f 1131 8964 7473
f 8964 10538 1132
f 8436 7424 1495
f 8436 1495 6496
f 1495 7424 1496
f 1495 1496 5698
f 1153 6496 1495
f 6496 1153 8431
f 1497 1310 1498
f 1497 1498 9821
f 1498 1310 8335
f 9821 7300 8431
f 7258 1310 1497
f 1499 7258 1497
f 1499 1497 6431
f 1500 1499 6431
f 1503 1502 6431
f 8399 1502 1501
f 1505 7328 1504
f 1505 8399 7328
f 9669 8399 1505
f 1506 6441 1504
f 6431 1502 1500
f 1496 1503 6431
f 8925 1507 1236
f 1509 1510 10098
f 1509 10098 1508
f 5800 1509 1508
f 1509 5800 8332
f 10098 6853 1507
f 1235 5800 1508
f 1238 9302 6853
f 10869 1507 6853
f 1236 1507 6167
f 1509 8866 10443
f 1509 10443 7787
f 1270 8866 1509
f 1270 1509 6580
f 9048 10291 1268
f 1284 10291 1271
f 7475 5688 9818
f 1271 6580 9935
f 1271 9935 1218
f 8549 1271 1218
f 8549 1218 1215
f 7475 8549 1215
f 9818 5688 1216
f 1434 7344 6563
f 1512 9818 1216
f 9631 1433 7238
f 1433 1285 7238
f 1286 1285 1433
f 1286 1433 1437
f 1433 10141 1437
f 7238 1285 1511
f 1283 1511 1285
f 1514 7541 1515
f 7541 5898 1515
f 1514 8824 7541
f 10500 8824 1514
f 1516 1515 5898
f 1516 5898 9120
f 9120 1513 1516
f 1517 1515 1516
f 9168 7875 1518
f 7834 1467 6410
f 8852 1519 6410
f 8852 1520 1521
f 1522 9312 1470
f 1522 1470 8852
f 1470 1520 8852
f 1520 1523 1521
f 1519 8852 1521
f 1524 1519 1521
f 8437 9800 1519
f 9820 1522 8852
f 9800 7875 1519
f 1517 1516 1518
f 1513 9168 1518
f 1513 1518 1516
f 5752 1513 10800
f 7235 1296 1525
f 8420 7235 1525
f 9654 1525 1296
f 8909 10257 1533
f 1533 10257 7576
f 10472 1534 8428
f 10472 8428 1529
f 1534 1535 1536
f 6629 1178 1534
f 6381 8428 1534
f 1178 6381 1534
f 7743 1528 1529
f 10472 5803 1535
f 10472 1535 1534
f 8381 7377 1537
f 1535 5803 7377
f 8885 1527 1528
f 8885 7347 1526
f 8885 1526 1527
f 1183 1526 7347
f 1183 7347 1181
f 8769 1258 5916
f 10960 1538 5916
f 10743 6968 7576
f 6968 1539 7576
f 1541 1540 6968
f 1539 6968 10561
f 1539 10561 1543
f 1539 1543 1533
f 1543 1544 8909
f 1543 8909 1533
f 1533 7576 1539
f 8097 9360 10960
f 10960 9411 8097
f 8031 1257 1260
f 8097 1260 10825
f 10960 8031 9411
f 7300 8335 6355
f 7300 6355 8431
f 1227 8660 9702
f 5633 1312 1311
f 5633 1311 8362
f 1546 1312 5633
f 1548 1550 1427
f 7287 1427 1550
f 1551 8372 5746
f 5746 8372 1427
f 1551 7295 1548
f 1229 7295 1551
f 6429 1229 8394
f 1552 10128 7295
f 1550 10128 1552
f 10059 1550 1553
f 1550 1552 5689
f 5689 1552 1554
f 7295 1554 1552
f 7309 5717 1547
f 1312 7309 1230
f 1547 8394 1230
f 1547 1230 7309
f 9890 6441 1506
f 9890 1506 5717
f 5633 8362 9669
f 1347 1346 10539
f 6642 1556 9082
f 7731 1556 6642
f 7731 9082 1556
f 7731 1557 1558
f 7731 1558 9082
f 5855 6425 1557
f 5855 1557 7731
f 6807 10521 1559
f 1561 9057 1559
f 1561 1559 10521
f 10003 7764 1559
f 7764 10003 1562
f 7764 1562 5697
f 1351 10680 1562
f 1351 1562 10003
f 10680 7643 1562
f 5764 9753 1163
f 5764 1163 9706
f 1568 1566 7279
f 7398 8339 1568
f 1566 1568 6562
f 1570 9758 1567
f 6421 1567 1566
f 9961 1572 6421
f 1572 9961 1573
f 6562 1573 9961
f 1570 1572 9660
f 7472 5826 1575
f 1575 5826 10230
f 9154 10230 1564
f 6562 1568 1565
f 1564 6370 1563
f 1565 6370 1564
f 1490 8339 1488
f 1577 1563 6370
f 1577 10744 1563
f 6065 10744 1577
f 6654 10230 9154
f 10745 1452 1333
f 1335 1333 1452
f 1335 1452 5848
f 1329 7464 10580
f 6014 7464 8658
f 7713 8847 10219
f 1579 8847 1580
f 1579 1580 9827
f 7637 10219 8847
f 1581 1580 1582
f 1578 1582 1580
f 1582 1578 6728
f 1578 7713 1367
f 1578 1367 1366
f 5920 1367 8418
f 9979 1377 1371
f 9979 8418 1379
f 9979 1379 1377
f 7671 10160 1583
f 1455 10345 8753
f 1455 8753 1585
f 1455 1585 6802
f 1585 8753 1584
f 1585 1584 1586
f 7033 9273 1585
f 7033 1585 1587
f 1587 1585 1586
f 7675 1383 1588
f 1589 1588 10063
f 7675 1583 1382
f 7675 1382 1383
f 1583 5674 1382
f 10160 7239 5674
f 10160 5674 1583
f 1359 7239 10160
f 7239 1359 8657
f 1222 1590 8374
f 1222 8374 1591
f 1434 8374 1590
f 6586 1591 8374
f 1217 1221 1222
f 1217 1222 1591
f 7344 1434 1590
f 7344 1590 1222
f 6563 8874 1592
f 1417 8644 10392
f 1417 7019 8644
f 5988 10392 8874
f 1593 1592 8644
f 8644 9764 1593
f 6563 1592 1593
f 1419 1418 1222
f 9041 5988 1420
f 1512 1216 9790
f 1594 9833 7342
f 5789 9833 1594
f 5789 1594 7284
f 5779 7284 1594
f 8898 7851 1297
f 10582 1598 6956
f 10659 1441 6143
f 6904 6143 1441
f 1599 10665 8957
f 1595 10665 1599
f 1595 1599 10635
f 1295 1296 1600
f 1295 1600 10582
f 9203 1598 1600
f 9720 9203 5832
f 9720 5832 1437
f 6658 9720 1437
f 1600 5832 9203
f 8014 1597 9203
f 8014 6658 1440
f 8014 1440 1597
f 10582 1600 1598
f 6020 1599 1601
f 1599 8957 1448
f 1599 1448 1601
f 8043 1448 9334
f 1292 8043 6072
f 6072 8043 9334
f 1292 6020 1601
f 1448 7665 1447
f 1448 1447 6040
f 1376 1602 1384
f 1602 1385 1384
f 10055 7033 1587
f 10055 1587 8321
f 5666 10055 8321
f 7627 5641 1604
f 7899 10063 1606
f 1607 1605 1604
f 1605 6609 7627
f 1605 7627 1604
f 1605 1606 8717
f 5641 6834 1604
f 5666 1603 1385
f 1451 1602 7362
f 1384 8304 1376
f 1451 1454 1453
f 1451 1453 8536
f 1473 1608 8729
f 1608 1609 8729
f 1608 10660 1612
f 1471 1472 7746
f 1471 7746 1613
f 1608 1612 1609
f 1609 6838 1614
f 6978 7746 9155
f 10208 6589 1617
f 1618 1617 6589
f 1615 1619 1616
f 1619 10210 1618
f 1619 1618 1616
f 1473 1610 1608
f 7686 6379 8572
f 1537 8572 6379
f 7377 8572 1537
f 9759 1537 6379
f 9759 6379 1620
f 1537 9759 7530
f 1610 7393 1620
f 1610 1620 8859
f 7393 9827 1620
f 6029 1475 7637
f 1456 1457 1621
f 1456 1621 1622
f 1622 1621 7313
f 9944 7313 1389
f 1549 8370 1624
f 1549 1624 9892
f 1549 10059 1553
f 5686 9678 1424
f 9678 5686 1621
f 1549 7259 1426
f 1424 7296 8449
f 1424 1421 5686
f 7232 1456 1622
f 1172 8636 1173
f 6651 1317 9703
f 1625 9703 1317
f 1627 10239 7494
f 1200 10239 1317
f 7494 8755 1628
f 1200 1197 8755
f 8369 1199 1200
f 8369 1200 1317
f 1627 7494 10108
f 1630 1628 6793
f 6722 1627 10108
f 1625 1317 8667
f 1321 7365 1207
f 1321 1207 9238
f 1206 1207 7365
f 1206 7365 5852
f 1207 1208 9238
f 1632 8966 1629
f 1209 1206 1631
f 1206 5852 10332
f 6651 9875 1317
f 5902 1188 7743
f 8885 1528 7743
f 9702 1312 1230
f 9659 9037 7696
f 9659 7696 1248
f 1282 6992 1265
f 10684 6122 8951
f 9159 10684 1266
f 8896 1633 1273
f 10410 9037 1273
f 10410 1273 1633
f 8896 10410 1633
f 8896 1273 9808
f 1266 1302 1303
f 10568 1282 7579
f 1251 10380 1259
f 1259 10380 1634
f 1636 1635 5761
f 1514 1515 1517
f 1514 1517 1635
f 1638 5878 1639
f 7932 1634 1638
f 7932 1638 1545
f 1638 1639 6882
f 1638 6882 1545
f 1639 1636 1637
f 1639 1637 1640
f 5878 9644 1636
f 5878 1636 1639
f 5878 6514 9644
f 10500 6514 9084
f 10500 9084 1253
f 10380 1253 9084
f 1259 1634 7932
f 1259 7067 10790
f 1172 7514 1362
f 5832 9750 1437
f 9334 10586 1449
f 1290 9211 10535
f 1580 1581 1620
f 1580 1620 9827
f 9132 1446 1447
f 1449 10586 6040
f 9820 9312 1522
f 10986 1471 1613
f 10609 6978 9155
f 9361 1642 1523
f 1642 6226 1523
f 10835 1641 9431
f 1642 7095 1643
f 10835 6395 1641
f 9948 1641 6395
f 1641 9948 1645
f 1645 9948 1646
f 1645 1646 1647
f 9948 6838 1646
f 10924 6171 1648
f 10924 1648 1649
f 6171 6964 1648
f 6395 10609 9155
f 6978 1470 8188
f 9754 9006 6886
f 1486 1491 1650
f 1486 1650 1139
f 8413 1139 1137
f 1486 10092 1491
f 5814 8383 1651
f 1652 1651 8383
f 1652 8383 6565
f 6565 1654 9755
f 1653 9755 1655
f 1654 6483 9755
f 1651 8520 9782
f 8520 1651 9835
f 9835 1656 1501
f 9835 1651 6507
f 9835 6507 1656
f 9835 1503 8520
f 6554 1650 8520
f 9969 1254 6101
f 6101 1254 6545
f 5771 1365 9908
f 1657 1582 9908
f 1657 9908 1365
f 1657 1536 7530
f 1178 6629 10096
f 8629 5667 1180
f 7514 8608 1365
f 7530 1536 1537
f 8381 1537 1536
f 1365 9853 7514
f 1413 10212 9245
f 6834 8526 1658
f 1659 1588 8912
f 1588 1589 8912
f 1588 1660 8881
f 9145 1660 1588
f 9145 1588 1659
f 10296 1660 9145
f 10296 9145 1658
f 6557 10296 1658
f 6557 1658 8526
f 9145 1659 6075
f 1482 1479 7024
f 1482 7024 1485
f 9806 8413 5669
f 9869 1342 1343
f 6904 1441 7968
f 7390 8717 1383
f 5696 9913 9226
f 9226 1490 5880
f 1577 9913 5696
f 1577 5696 1661
f 1661 9854 6394
f 1661 6065 1577
f 6394 6065 1661
f 1154 9006 9754
f 8478 10150 1206
f 8478 1206 1202
f 8369 5899 1199
f 10210 8879 1618
f 1662 8879 7689
f 1662 7689 9812
f 1544 7689 8909
f 1618 9812 6382
f 1618 6382 8570
f 1664 1665 1666
f 10439 1663 1664
f 1663 8723 7678
f 9951 1667 1663
f 1617 7307 1668
f 1617 1668 1647
f 10439 1647 1668
f 1663 10439 1668
f 1663 1668 7307
f 1669 1667 9951
f 1669 9951 8456
f 1669 8456 1670
f 1618 1662 9812
f 1618 8879 1662
f 8394 1551 9686
f 8394 9686 1223
f 1551 8394 1229
f 1180 1172 1173
f 1575 1576 1671
f 8505 6652 9825
f 9825 1572 1573
f 1573 8505 9825
f 7408 1572 1395
f 6359 7408 1395
f 1392 7408 6359
f 1394 6359 9825
f 1394 9825 6652
f 7571 5655 1405
f 7571 1394 1671
f 8930 7571 1671
f 8930 1671 7751
f 8930 7751 6654
f 1403 1405 5655
f 7591 1560 1557
f 1560 6807 1557
f 9682 1549 1426
f 1383 8717 1606
f 8912 1589 10063
f 5678 9944 1389
f 5761 9920 7595
f 9920 1673 7595
f 1524 1521 1673
f 1676 1674 9855
f 1676 9855 6226
f 7453 1523 6226
f 7453 1674 1673
f 8695 6437 1674
f 9976 7595 1673
f 6437 8695 1677
f 6437 1677 8534
f 8437 1517 9800
f 1639 1640 6882
f 1678 1679 1542
f 9005 1683 10899
f 1679 9005 10899
f 1679 1680 9319
f 8456 1542 7876
f 7876 1670 8456
f 9319 1670 7876
f 6184 1678 1542
f 6184 1542 1540
f 6882 7578 9005
f 1683 9005 7578
f 1640 5722 1684
f 1685 6944 5722
f 5722 1677 1685
f 7578 1684 1683
f 9073 1686 10205
f 1687 9469 6235
f 1684 7931 1687
f 1684 1687 6235
f 10957 1681 8153
f 10957 1688 1681
f 1689 10190 9169
f 1669 1670 1689
f 8723 6039 1691
f 8723 10824 1690
f 10824 1686 9073
f 10824 9073 1690
f 10313 1692 1693
f 1693 6832 8695
f 6832 1693 1692
f 1694 1692 10313
f 7928 1685 1677
f 1694 10017 1692
f 7678 1691 6039
f 8983 10017 1694
f 8723 1669 6874
f 9169 10190 6241
f 9169 6241 10957
f 10957 1682 1688
f 1696 1553 1697
f 8370 7305 1624
f 5694 9649 1624
f 5694 1624 7305
f 1698 8398 5694
f 1698 5694 7305
f 9865 5640 8398
f 1697 6403 1696
f 8386 1697 1699
f 1700 1699 9664
f 1699 1700 1701
f 5768 8386 1699
f 5768 1699 9768
f 1571 1702 8439
f 1571 6483 1702
f 8443 1571 9768
f 9758 8439 1702
f 1569 1702 6483
f 1703 8443 9768
f 7268 1704 1655
f 1700 1703 1701
f 1554 7295 8340
f 8340 7295 9931
f 8340 9931 7268
f 8380 1704 7268
f 8380 7268 9931
f 1506 7411 1704
f 1506 9889 7411
f 5689 1554 1700
f 5689 1700 9664
f 1655 1704 7411
f 7411 9889 8500
f 10660 5850 6838
f 5850 1617 1646
f 5850 1646 6838
f 10208 1617 5850
f 1617 1647 1646
f 8723 1691 7678
f 10396 7645 1705
f 6964 1706 9230
f 1708 1666 6762
f 8762 5936 1708
f 1705 1706 10396
f 9310 1707 7991
f 8762 1676 10848
f 8762 10848 7991
f 9310 1709 1707
f 1643 1644 1709
f 1709 8189 1710
f 1709 1710 10749
f 1706 1707 9230
f 1649 1710 10924
f 1710 1649 1648
f 1710 1648 10749
f 1705 7645 5936
f 8983 1694 1695
f 8983 1695 1665
f 1694 10313 1695
f 1695 1666 1665
f 1682 7115 1681
f 1682 1681 1688
f 9086 1675 10479
f 9086 10479 7927
f 8762 7927 10479
f 8762 10479 1676
f 6832 1677 8695
f 1202 1206 1209
f 1202 1209 7721
f 10196 1202 7721
f 1198 1202 1632
f 6793 1632 1629
f 1202 1198 1197
f 1202 1197 8478
f 1629 1711 6793
f 8966 1630 6793
f 8966 6793 1711
f 8966 1711 1629
f 7721 6722 1628
f 7721 1628 1630
f 5636 9888 7279
f 5636 7279 10051
f 5700 10051 7279
f 1654 6565 5700
f 7398 9888 5636
f 7328 1656 8500
f 7328 8500 9889
f 6483 1654 1569
f 7357 8439 1574
f 7357 8452 9865
f 7357 1574 8452
f 9865 8452 5640
f 1398 1397 6435
f 8452 1574 7408
f 9660 1572 7408
f 1397 1672 1396
f 6435 1623 1398
f 8126 1714 1712
f 1715 1712 1714
f 10056 1722 1719
f 1727 10213 1728
f 10213 1727 1729
f 10213 1729 1726
f 1730 1720 1724
f 1726 1729 6551
f 1723 1730 1724
f 10651 1731 1734
f 1736 1735 1733
f 1736 1733 1737
f 10333 1735 1740
f 10199 1738 1743
f 1743 1744 10199
f 1745 1741 1746
f 10474 1747 9094
f 7619 1750 1748
f 1751 7654 10319
f 1751 10319 1752
f 1752 1753 1751
f 1752 1754 1753
f 8759 1755 1725
f 8759 1756 1755
f 1728 1759 1758
f 1728 1758 1727
f 1760 1757 1762
f 1762 1763 1761
f 1762 1761 1760
f 1764 1765 10312
f 1764 1767 1766
f 10558 8825 7838
f 10558 1771 1770
f 1772 1773 1774
f 9823 1775 1772
f 9823 1776 1775
f 8126 1732 1714
f 1731 9233 1732
f 1735 1739 7856
f 1738 8754 1739
f 1745 1777 10047
f 1745 10047 1741
f 1717 1716 9629
f 1718 1719 1716
f 1718 1716 1717
f 1714 1732 6969
f 9629 1714 6969
f 8841 1717 9629
f 1778 1717 8841
f 1778 1718 1717
f 1739 1778 8841
f 8754 1778 1739
f 10047 7375 1778
f 7375 10047 1777
f 1757 1729 1727
f 10312 1765 8663
f 1769 1774 1779
f 1773 1779 1774
f 5863 8663 1721
f 9866 6480 8825
f 9866 8825 1779
f 1729 6794 7561
f 1729 7561 6551
f 8663 1765 1721
f 1721 1765 6480
f 1777 1745 1749
f 10319 1777 1749
f 1777 5780 7375
f 10319 1780 1777
f 7654 1781 1780
f 7654 1780 10319
f 8710 1723 1724
f 8710 1724 1719
f 5780 10061 1723
f 1777 1780 5780
f 1780 1781 10061
f 1780 10061 5780
f 1781 1726 10061
f 1715 7993 1712
f 1783 1715 1716
f 5863 1721 1784
f 8869 6419 7646
f 1789 1724 1720
f 6419 8728 7646
f 10042 1724 1789
f 10042 1789 1790
f 9090 1796 1798
f 1799 1800 1796
f 1800 1801 1796
f 1801 1800 1799
f 1801 1799 1802
f 1803 1804 1805
f 1804 10367 1805
f 1804 1803 1806
f 1787 1786 1807
f 1787 1807 1808
f 1788 1809 1810
f 10397 1811 1813
f 1815 1814 1816
f 1815 1816 1817
f 1818 1821 10172
f 1818 10172 1819
f 1821 1818 1820
f 1821 1820 1822
f 1823 5840 1824
f 1823 8833 1773
f 1823 1824 1825
f 1792 1826 9117
f 1794 1793 1827
f 1794 1827 1795
f 1795 1828 10206
f 1796 10206 1829
f 1715 1783 7993
f 7993 1826 9298
f 1783 9117 1826
f 1783 1826 7993
f 10166 1783 5656
f 1830 10166 5656
f 7564 1830 5656
f 7564 5656 6465
f 1826 10656 9298
f 1827 10166 1830
f 1795 1827 1830
f 1828 1795 1830
f 7564 1829 10206
f 9027 9910 6813
f 7844 6813 8727
f 10172 8727 7431
f 10172 7431 1819
f 8833 7431 1779
f 8833 1779 1773
f 9866 1779 6657
f 8728 1789 9794
f 9794 1831 8728
f 5863 1784 8727
f 5863 8727 1831
f 9910 8728 6813
f 8728 1831 6813
f 1831 8727 6813
f 10367 1796 1829
f 10367 1829 6462
f 1829 7564 10054
f 10278 1805 1790
f 1785 1719 1724
f 7385 1829 8352
f 6462 1829 7385
f 1805 7385 1790
f 10278 1790 6419
f 1834 7435 8684
f 1834 8684 1836
f 1834 1836 8690
f 10278 1832 1834
f 10367 1834 1835
f 8690 9941 1837
f 1837 9941 1838
f 10367 1835 1837
f 10367 1837 1839
f 1837 6006 1839
f 1841 9986 1844
f 6788 1841 1845
f 7632 6788 1845
f 1845 1841 1846
f 1773 7598 1847
f 10544 1847 7598
f 7844 1848 9986
f 7844 9986 1841
f 7844 1841 1842
f 9027 6788 1843
f 9989 1850 1851
f 1837 1838 1849
f 1849 1838 1854
f 6742 1854 1850
f 1850 1854 1851
f 6006 1837 8705
f 1856 9989 7761
f 1858 6119 1852
f 1859 10672 1853
f 1825 1861 1823
f 1861 1825 1824
f 1823 1861 10544
f 1861 1847 10544
f 1861 1824 5840
f 5840 1847 1861
f 1820 1862 1822
f 1821 1822 1862
f 1821 1862 1863
f 1821 6875 10172
f 1863 6875 1821
f 1863 1862 1820
f 1863 1820 1818
f 1818 10544 6875
f 1818 6875 1863
f 1817 6094 1815
f 6094 1817 1816
f 6094 1816 1814
f 1814 6875 1848
f 1814 1848 6094
f 1813 1864 10397
f 1864 1813 1811
f 10397 1864 9027
f 1864 10120 9027
f 1811 10120 1864
f 1810 1865 1788
f 1865 1810 1809
f 1809 1843 10300
f 1808 5998 1787
f 5998 1808 1807
f 5998 1807 1786
f 1806 7690 1804
f 7690 1806 1803
f 1803 1834 9002
f 1802 8720 1801
f 8720 1802 1799
f 1801 8720 6006
f 1798 7641 9090
f 7641 1798 1796
f 9090 1855 1795
f 1796 8705 10466
f 8960 1856 1794
f 6002 9989 1856
f 1855 9989 6002
f 8993 1857 1793
f 1866 7761 1857
f 1866 1857 10470
f 1866 1794 1856
f 1856 7761 1866
f 7942 1858 1792
f 1867 6119 1858
f 1867 1858 10533
f 1867 1793 1857
f 1857 6119 1867
f 9189 1859 1791
f 1868 10672 1859
f 1868 1859 9189
f 1868 1792 1858
f 1858 10672 1868
f 6221 7082 10747
f 10747 1860 6221
f 10747 1791 1859
f 6730 7632 5757
f 5757 7632 10068
f 8869 1843 6730
f 1788 1865 8869
f 10300 1843 8869
f 1786 6730 5998
f 7099 8953 10785
f 1872 6673 1869
f 6673 1872 1836
f 6673 1836 7589
f 7654 1873 1869
f 10319 1872 1869
f 10319 1869 1873
f 8562 1874 9941
f 9143 1876 1875
f 1844 9143 1875
f 1844 1875 1877
f 1841 1844 1877
f 1846 1841 6056
f 7711 1845 1846
f 7711 1879 1845
f 1773 1876 7598
f 1769 1876 1773
f 7838 10545 1876
f 7838 8962 10545
f 1757 1878 8794
f 1757 1880 1878
f 8649 1881 1885
f 1881 1882 8894
f 1882 1883 8894
f 1886 7837 1884
f 1885 1851 1854
f 10249 1883 1886
f 10249 1886 9216
f 1887 5631 9996
f 1888 1884 7837
f 10370 1889 1884
f 10797 1884 1889
f 1776 1890 1775
f 9823 1891 1890
f 9823 1890 1776
f 1891 9823 1769
f 1891 1769 1773
f 1891 1772 1775
f 1891 1775 1890
f 1772 1891 1773
f 10558 1892 1771
f 1892 1893 1770
f 1892 1770 1771
f 7838 1892 10558
f 1893 1892 7838
f 1893 7838 1876
f 1893 1768 1770
f 1768 1893 1876
f 1768 1876 1769
f 1764 1894 1767
f 1894 1895 1766
f 1894 1766 1767
f 10312 1894 1764
f 1895 1894 10312
f 1895 10312 8962
f 1895 1764 1766
f 1764 1895 8962
f 1762 1896 1763
f 1896 1761 1763
f 1757 1896 1762
f 1896 1757 8794
f 1896 1760 1761
f 1760 1896 8794
f 1728 1897 1759
f 1897 1758 1759
f 1897 1727 1758
f 1727 1897 1880
f 1727 1880 1757
f 8759 1898 1756
f 1898 1755 1756
f 1898 7654 1869
f 1898 1725 1755
f 1752 1899 1754
f 1899 1753 1754
f 10319 1899 1752
f 1899 10319 1873
f 1899 1751 1753
f 1751 1899 1873
f 1751 1873 7654
f 7619 5939 1750
f 5939 1900 1748
f 5939 1748 1750
f 1900 5939 7512
f 1748 1900 7512
f 10474 1901 1747
f 1901 9094 1747
f 1741 1887 1901
f 1741 1901 10474
f 9094 1901 1887
f 9094 1887 6579
f 1745 6579 7512
f 1744 7797 10199
f 1743 7797 1744
f 1738 9842 1743
f 7797 1743 9842
f 7797 9842 5631
f 1887 7797 5631
f 7316 10333 1740
f 1735 6070 7316
f 1735 7316 1740
f 8900 6070 1881
f 8989 1736 1737
f 1733 8989 1737
f 10404 6070 1735
f 10404 1735 1736
f 6070 10404 1883
f 1902 10651 1734
f 1731 10370 1902
f 1731 1902 1734
f 8030 1888 1733
f 6199 8102 10752
f 8102 6199 10797
f 8102 10370 1731
f 8102 1731 10752
f 9937 1903 1869
f 1871 1833 10068
f 10213 1869 1903
f 1903 9937 7711
f 1903 7711 1878
f 9937 1871 1879
f 9937 1879 7711
f 1871 10068 1879
f 10213 1903 1878
f 10213 1878 1880
f 10213 1897 1728
f 1897 10213 1880
f 1725 1898 1869
f 7589 1836 8684
f 9941 1874 1838
f 10011 1885 1854
f 8894 1883 10249
f 9216 1886 1884
f 7013 5933 1853
f 10797 1853 5933
f 7099 1713 8953
f 1904 1905 1906
f 1907 8969 1908
f 7458 1909 1907
f 1911 1912 1910
f 1915 1912 1911
f 1916 1912 1915
f 1922 1923 1917
f 10247 1921 1919
f 10000 1922 1917
f 9101 1925 1929
f 1929 1930 9101
f 7793 1934 1931
f 6847 1937 10335
f 8744 1940 1938
f 1941 7606 10292
f 1941 10292 1942
f 1942 1943 1941
f 1942 1944 1943
f 8750 1945 1918
f 1946 1947 10247
f 1946 10247 1920
f 1920 1948 1946
f 8843 1950 1949
f 1951 10511 1953
f 1953 1954 1952
f 1953 1952 1951
f 1955 1956 9040
f 1955 9040 1958
f 1958 1959 1957
f 1958 1957 1955
f 1960 1961 10266
f 1960 10266 1962
f 1962 1963 1960
f 1962 1964 1963
f 10808 1926 6200
f 1925 1965 1926
f 1925 1928 1965
f 1927 1966 1965
f 1927 1965 1928
f 1927 1932 1966
f 1931 1934 1932
f 1933 1936 5947
f 1935 1967 1936
f 7458 6488 1909
f 8969 6200 1908
f 7458 1965 9797
f 8455 7458 9797
f 9859 1911 1910
f 1908 6200 1926
f 1965 1908 1926
f 1932 8455 9797
f 1934 8455 1932
f 9859 1936 1967
f 1947 1921 10247
f 10511 1968 6814
f 9040 1956 6773
f 7825 6773 1956
f 1961 1969 10266
f 1922 1913 1923
f 8623 10266 1969
f 7490 1968 1914
f 8623 6773 10266
f 1921 9739 8493
f 1921 6814 9739
f 9739 6814 1968
f 1968 5819 1914
f 1967 1935 1939
f 10292 1970 1967
f 10292 1967 1939
f 8445 1911 9859
f 1967 8445 9859
f 1970 8445 1967
f 7606 1970 10292
f 1970 7376 8445
f 7606 1921 5681
f 5681 1921 8493
f 5681 8493 7376
f 1971 1904 10265
f 1913 8623 6503
f 1973 1912 6466
f 8979 1977 7832
f 9881 6439 8313
f 8979 6864 1977
f 8698 1917 6439
f 8698 6439 9881
f 1980 1981 9325
f 1981 1980 1982
f 10587 1985 1979
f 10587 1979 1984
f 1985 1983 1986
f 7919 1988 1983
f 1988 10525 1989
f 1990 1991 1992
f 1991 1987 1992
f 1987 1991 1990
f 1987 1990 1993
f 10318 1996 9092
f 10318 9092 1995
f 1996 1994 1997
f 9078 2000 1994
f 9078 1994 1999
f 2000 1998 2001
f 2002 2004 10462
f 2002 10462 2003
f 2004 2002 2005
f 1975 1974 2006
f 1976 2007 2008
f 2010 2009 2011
f 2012 2014 9022
f 2012 9022 2013
f 2014 2012 2015
f 2016 2019 10490
f 2016 10490 2017
f 2019 2016 2018
f 2019 2018 2020
f 2021 2022 2023
f 2021 2024 8842
f 2021 8842 1961
f 2024 2021 2023
f 2024 2023 2025
f 1979 7661 1984
f 1987 2026 1992
f 1972 1909 6488
f 5742 1972 6488
f 6757 7661 9325
f 8605 2027 7661
f 8605 7661 6757
f 6475 8605 1972
f 8543 7439 5742
f 1984 7661 2027
f 1983 1984 2027
f 9039 1983 2027
f 2026 9039 6475
f 1992 2026 6475
f 1992 6475 7439
f 9092 1992 7439
f 1995 9092 7439
f 9115 7832 1977
f 9115 1977 7750
f 9022 7750 2028
f 9022 2028 2013
f 10490 2013 2028
f 10490 2028 2017
f 8842 1969 1961
f 5783 6503 2028
f 6503 2017 2028
f 1977 8313 7750
f 8313 2028 7750
f 6670 1999 1994
f 2029 8543 10041
f 5913 8543 2029
f 10462 5913 2003
f 7881 2003 5913
f 7881 5913 8698
f 1973 6466 1917
f 2029 10041 1973
f 5913 2029 8698
f 7881 8698 6864
f 8698 9881 6864
f 2030 2031 2032
f 7881 2031 2030
f 6732 9933 2033
f 7432 2034 2035
f 2034 7432 2036
f 2034 2036 2035
f 10462 7432 2037
f 2035 7717 2037
f 2035 2037 7432
f 2040 5854 2041
f 1961 9923 2042
f 8842 2042 9923
f 7781 2038 2039
f 9022 5854 2043
f 9115 2043 5854
f 9115 5854 2040
f 2044 2035 2045
f 2046 7633 2047
f 2048 2050 2049
f 2035 8664 2045
f 2045 8664 2051
f 7633 2051 8756
f 7717 2035 2044
f 6127 6871 7863
f 6954 7863 2049
f 6954 2049 2050
f 6954 2050 2052
f 2053 7900 2050
f 2023 2022 2025
f 2024 2025 2022
f 2024 2022 2054
f 2054 2042 8842
f 2054 8842 2024
f 2054 2022 2021
f 2021 1961 2042
f 2021 2042 2054
f 2020 2055 2019
f 2055 2020 2018
f 2019 2055 7781
f 2055 6822 7781
f 2055 2018 2016
f 2016 8842 6822
f 2016 6822 2055
f 2012 2056 2015
f 2014 2015 2056
f 2014 2056 2057
f 2057 2039 9022
f 2057 9022 2014
f 2057 2056 2012
f 2012 2039 2057
f 2011 10182 2010
f 10182 2011 2009
f 2010 10182 9115
f 2008 5979 1976
f 5979 2008 2007
f 2007 6749 10567
f 2006 2058 1975
f 2058 2006 1974
f 1975 2058 7881
f 10408 2031 7881
f 2005 2059 2004
f 2059 2005 2002
f 2059 2002 2060
f 2004 2059 10462
f 2060 5964 10462
f 2060 10462 2059
f 2002 5964 2060
f 2001 2061 2000
f 2061 2001 1998
f 2000 2061 7717
f 2061 2037 7717
f 1998 2037 2061
f 1997 6646 1996
f 6646 1997 1994
f 1996 5830 9092
f 1993 5695 1987
f 5695 1993 1990
f 1990 5830 7633
f 1990 7633 6953
f 1989 2062 1988
f 2062 1989 10525
f 1988 2062 6127
f 9058 2047 6127
f 1987 2046 2047
f 1987 2047 9058
f 1986 2063 1985
f 2063 1986 1983
f 1985 2063 6954
f 9183 7863 6954
f 6127 7863 9183
f 1980 9085 1982
f 1981 1982 9085
f 1981 7900 9325
f 9085 7900 1981
f 1978 2064 10791
f 10791 2064 2065
f 2065 7900 2053
f 2065 2053 10791
f 2065 2064 1978
f 2065 1978 7900
f 9325 7900 1978
f 2032 2031 2066
f 8979 2066 2031
f 2066 7692 10058
f 2066 10058 8678
f 8979 6749 2066
f 1974 2031 10408
f 8108 2067 1904
f 10789 2067 8108
f 7606 2071 5959
f 10292 5959 2071
f 5959 6616 9903
f 9903 6616 2070
f 6616 9650 2070
f 10292 2073 2072
f 10292 2072 5959
f 8616 2073 1935
f 2077 2078 8758
f 2078 2079 8758
f 1961 2080 6048
f 1961 6048 9923
f 7825 6048 2080
f 7825 2081 6048
f 9040 6048 2081
f 9040 2082 2075
f 9040 2075 2074
f 10511 2076 2075
f 10511 2075 2082
f 10511 2083 8758
f 1947 2077 8758
f 1947 8758 2083
f 1947 2084 2077
f 2085 2086 6616
f 6616 2086 5704
f 6616 5704 9650
f 8522 7698 5704
f 7698 2091 5704
f 10084 9001 2091
f 5704 2091 8756
f 2048 9001 2089
f 2048 2089 10504
f 1935 2085 8616
f 2092 8522 2085
f 2093 2087 8522
f 6103 2088 10084
f 7706 2089 2088
f 7090 9286 2090
f 1962 2094 1964
f 2094 1963 1964
f 7825 2094 1962
f 2094 7825 2080
f 2094 1960 1963
f 1960 2094 2080
f 1960 2080 1961
f 1958 2095 1959
f 2095 1957 1959
f 9040 2095 1958
f 2095 9040 2081
f 2095 1955 1957
f 1955 2095 2081
f 1953 2096 1954
f 2096 1952 1954
f 10511 2096 1953
f 2096 10511 2082
f 2096 1951 1952
f 1951 2096 2082
f 8843 7754 1950
f 7754 1949 1950
f 1920 2097 1948
f 2097 2098 1946
f 2097 1946 1948
f 1946 2098 2084
f 1946 2084 1947
f 8750 2099 1945
f 2099 8634 1918
f 2099 1918 1945
f 8634 2099 7606
f 1942 2100 1944
f 2100 1943 1944
f 10292 2100 1942
f 2100 10292 2071
f 2100 1941 1943
f 1941 2100 2071
f 1941 2071 7606
f 8744 7550 1940
f 7550 2073 1938
f 7550 1938 1940
f 6847 2101 1937
f 2101 10335 1937
f 1933 2092 2101
f 1933 2101 6847
f 8919 2092 2085
f 1935 8919 2085
f 1931 2093 8931
f 6009 8931 2093
f 6009 2093 8522
f 6849 9107 6103
f 6849 6103 10084
f 6849 1931 10518
f 1930 6925 9101
f 1929 6925 1930
f 10594 7706 2088
f 10808 6155 8083
f 10304 8083 6155
f 10304 6155 7003
f 7706 10304 7003
f 8060 2103 2102
f 8060 2102 9332
f 2103 8060 7090
f 2103 7090 2090
f 2103 9332 2102
f 1924 2103 2090
f 7486 8678 6361
f 6690 2069 2078
f 6690 2078 2077
f 2069 2079 2078
f 6361 8678 10058
f 10247 6690 2077
f 10247 2077 2084
f 10247 2097 1920
f 2098 2097 10247
f 2098 10247 2084
f 7486 2070 2033
f 7486 2033 9933
f 2070 7432 2033
f 2070 2036 7432
f 8645 10484 2075
f 7771 8645 2075
f 7771 2075 2076
f 2041 7771 2076
f 2041 2076 2079
f 2091 9001 2048
f 2091 2048 10228
f 10504 2089 8018
f 10789 1905 1904
f 10789 1904 2067
f 1905 7090 1906
f 2106 2104 2105
f 2107 2108 2106
f 2113 7348 2114
f 2115 2116 5738
f 9877 8377 2122
f 2122 2119 9877
f 8026 9220 2124
f 10652 2127 2125
f 9200 7835 10515
f 6898 2131 2128
f 2134 2136 2135
f 8961 2138 2134
f 8961 2134 2139
f 2139 2140 10237
f 10428 2137 2142
f 2142 2143 7848
f 2118 2119 2141
f 2118 2141 2144
f 2144 2145 8948
f 2120 2147 2146
f 2120 2148 2147
f 7776 2151 2149
f 8893 2154 2152
f 8893 2155 2154
f 6857 2158 2156
f 2159 2157 2160
f 2160 2161 7792
f 10795 2124 2105
f 2123 2126 2124
f 2125 2129 6988
f 2128 2131 2129
f 2130 2133 6073
f 2132 2162 2133
f 2132 5911 2162
f 2109 2110 2108
f 2109 2108 2107
f 2111 2110 2109
f 10459 2105 2124
f 10459 2124 7970
f 2107 10459 7970
f 9711 2109 2107
f 9711 2107 9045
f 2163 2111 7445
f 2131 9045 2129
f 2133 7445 9711
f 2162 7445 2133
f 5911 7445 2162
f 2163 7445 5911
f 10431 2150 8377
f 10395 2153 6693
f 10048 2112 2121
f 2122 8530 10048
f 8530 2122 6693
f 7348 10485 2114
f 2114 10485 6097
f 8377 2150 2122
f 6693 2153 7348
f 7348 2153 10485
f 8707 2115 10067
f 2138 2163 9886
f 2141 5745 2137
f 2115 2117 2116
f 6456 2115 8707
f 7536 2137 6456
f 7536 6456 8707
f 6456 2122 2117
f 6456 2117 2115
f 2164 2104 2165
f 2106 2165 2104
f 8719 2117 2166
f 2169 2170 8897
f 8897 2171 10209
f 2166 2117 2121
f 8897 7682 2171
f 2171 7682 5838
f 6098 8902 2179
f 2180 2178 2181
f 7726 2180 2182
f 2183 2184 10457
f 2183 10457 6405
f 2184 2183 2185
f 2168 2167 2186
f 2170 2169 2187
f 9100 2189 7694
f 2189 9100 2190
f 10541 2188 2192
f 6781 2191 2193
f 2194 2196 2191
f 2196 2194 2195
f 2196 2195 2197
f 2198 2199 10514
f 2198 10514 6675
f 2199 2198 2200
f 2199 2200 2201
f 2164 2165 8068
f 2172 2202 6189
f 2173 2202 2203
f 2173 2203 10513
f 2175 9013 9717
f 2177 2204 10181
f 2106 8600 6214
f 6214 2206 8068
f 8600 2207 2206
f 8600 2206 6214
f 2208 2207 8600
f 2208 8600 6482
f 2209 2208 6482
f 2209 6482 7325
f 2210 2209 7325
f 2206 2203 2202
f 2206 2202 8068
f 10513 2203 2206
f 10513 2206 2207
f 9013 10513 2207
f 9013 2207 2208
f 9717 9013 2208
f 7836 2208 2209
f 2204 7836 2209
f 10181 2204 2209
f 2210 2205 10181
f 2210 10181 2209
f 7694 2211 10330
f 2188 2212 2192
f 2191 7672 6044
f 6675 10514 8823
f 6675 8823 10302
f 2166 2121 2112
f 2166 2112 9716
f 6574 2166 2211
f 2211 2166 9716
f 2211 9716 2212
f 2113 8823 7672
f 2113 7672 2212
f 8823 6044 7672
f 10209 6574 2211
f 2211 2212 10330
f 2205 2181 2178
f 2210 10064 6418
f 2181 2205 2210
f 9043 6405 5838
f 2210 8719 10002
f 6405 2210 10002
f 9043 5838 7682
f 2213 2214 2215
f 9043 2214 2213
f 7638 8656 2216
f 2217 6735 2218
f 2217 2218 2219
f 9938 2216 2220
f 6735 2220 2218
f 10457 6735 2217
f 2219 2221 2217
f 6034 2224 2227
f 6675 2226 2228
f 7830 2228 2226
f 7830 2226 6921
f 9693 7903 2224
f 8334 2218 2229
f 8334 7709 2230
f 2218 2220 2233
f 2218 8730 2229
f 2234 8334 2230
f 2236 6533 2231
f 2236 2231 2232
f 2200 2239 2201
f 2199 2201 2239
f 2199 2239 2240
f 2240 2228 7830
f 2240 7830 2199
f 2240 2239 2200
f 2240 2200 2198
f 2198 6675 2228
f 2198 2228 2240
f 2195 2241 2197
f 2196 2197 2241
f 2196 2241 2242
f 2196 8938 2191
f 2242 8938 2196
f 2242 2241 2195
f 2242 2195 2194
f 2194 6921 2242
f 2193 2243 6781
f 2243 2193 2191
f 6781 2243 9693
f 9130 7903 9693
f 2191 8938 7903
f 2191 7903 9130
f 2190 2244 2189
f 2244 2190 9100
f 2244 9100 2245
f 2189 2244 7694
f 2245 2225 7694
f 2245 7694 2244
f 2188 2225 2245
f 2187 2246 2170
f 2246 2187 2169
f 2246 2169 2247
f 2169 6724 2247
f 2186 6414 2168
f 6414 2186 2167
f 2168 6414 9043
f 2185 2248 2184
f 2248 2185 2183
f 2248 2183 2249
f 2184 2248 10457
f 2249 6001 10457
f 2249 10457 2248
f 2183 6001 2249
f 2182 6634 7726
f 6634 2182 2180
f 2180 2217 8982
f 8902 2250 2179
f 6098 2179 2250
f 6098 2250 2221
f 2221 9917 6098
f 2221 2250 2178
f 8865 2234 2175
f 2251 8334 2234
f 2251 2234 10306
f 2251 2177 9917
f 2252 2174 10378
f 2252 10378 2234
f 2174 2252 2235
f 2234 2230 2235
f 2234 2235 2252
f 2234 10378 2175
f 9213 7973 10173
f 10173 6533 2236
f 10173 2236 9213
f 9208 10639 2253
f 2253 2232 2237
f 2253 2237 9208
f 2253 2173 2236
f 2236 2232 2253
f 9282 2238 2164
f 6188 10760 2238
f 6188 2238 9282
f 8897 2254 2214
f 2254 8432 10052
f 8897 6724 2254
f 2170 2246 8897
f 2247 6724 8897
f 2247 8897 2246
f 2164 2238 2255
f 2164 2255 9228
f 2256 9947 2257
f 5955 8656 2258
f 5955 2216 8656
f 6641 7277 2216
f 9772 2259 2260
f 2263 2264 6772
f 2264 10052 6772
f 2222 2226 10516
f 9031 2261 2226
f 9031 2226 9656
f 9031 2265 2261
f 2265 2266 5987
f 10395 2262 5987
f 10395 5987 2266
f 10431 2263 7729
f 2269 2270 10081
f 9772 2267 2273
f 2267 8774 2273
f 10081 2270 7275
f 2270 2274 7275
f 2270 2271 2274
f 2275 7841 9244
f 7275 2274 10200
f 8933 2271 2275
f 8933 2275 10578
f 2260 2267 9772
f 6684 2268 2267
f 2238 2276 2272
f 2238 2272 6185
f 2160 9031 2161
f 9031 7792 2161
f 2157 9031 2160
f 6857 7821 2158
f 7821 2156 2158
f 10485 7821 6857
f 8893 6839 2155
f 6839 2154 2155
f 10395 6839 8893
f 6839 2152 2154
f 2152 2266 2265
f 7776 5976 2151
f 5976 2149 2151
f 2149 9004 7729
f 2120 7477 2148
f 7477 2147 2148
f 7477 2146 2147
f 2146 7477 2263
f 2144 2278 2145
f 2278 8948 2145
f 2141 2256 2278
f 2141 2278 2144
f 9965 2278 2256
f 9965 2256 2257
f 2142 9623 2143
f 9623 7848 2143
f 2137 9623 2142
f 2139 2279 2140
f 2279 10237 2140
f 2134 2260 2279
f 2134 2279 2139
f 10237 2279 2260
f 10237 2260 2259
f 2137 2259 6641
f 2134 7634 2136
f 7634 2135 2136
f 2135 2260 2134
f 10315 2260 2135
f 2260 10315 2267
f 7725 6684 10348
f 7725 10348 2130
f 6684 6059 2268
f 2280 10377 2128
f 2128 10179 2280
f 8880 10179 2269
f 8880 6059 2130
f 9200 5877 7835
f 5877 10179 2128
f 8022 7061 2127
f 8022 2127 10652
f 2123 8022 10652
f 7061 10314 2125
f 7061 2125 2127
f 8026 10758 9220
f 10758 8026 2238
f 9947 7659 6030
f 9947 6030 2257
f 9947 2214 7659
f 6918 2257 8721
f 6030 7659 10052
f 6918 8721 2263
f 2258 2215 2214
f 7277 2220 2216
f 7277 9772 2220
f 2223 2222 10516
f 2224 2223 5987
f 2224 5987 8846
f 2227 2224 8846
f 7275 5765 8730
f 2274 2271 8933
f 2274 8933 10200
f 10578 2275 9244
f 10578 9244 2232
f 2232 9244 2276
f 2238 8057 2276
f 2255 2281 7001
f 7001 2281 2238
f 2238 2281 2255
f 10759 2284 2282
f 8713 2284 2285
f 2286 8713 2285
f 2292 2293 6464
f 2292 2294 2295
f 10320 8920 2299
f 10320 2299 2297
f 9257 10796 2304
f 2304 2305 9257
f 9194 2307 2302
f 9194 2302 2308
f 2308 2309 10643
f 7918 2311 2306
f 7918 2306 2312
f 10384 2314 2310
f 10384 2310 2315
f 2315 2316 2313
f 8978 2318 2313
f 8978 2313 2319
f 2319 2320 2317
f 7670 2323 2321
f 2324 2325 2321
f 2324 2321 2326
f 2326 2327 10423
f 7748 2328 2296
f 2298 2330 2329
f 2298 2331 2330
f 6870 2334 2332
f 2335 2336 7886
f 2335 7886 2338
f 2338 2339 2337
f 2338 2337 2335
f 2340 10488 2342
f 2342 2343 2341
f 2342 2341 2340
f 2344 2346 2347
f 2344 2345 8840
f 2344 8840 2348
f 2348 2349 2346
f 2348 2346 2344
f 10759 2301 2284
f 2302 2307 6987
f 2310 2314 6778
f 2313 2318 5977
f 2317 2322 2318
f 2287 2288 7555
f 2289 2288 2287
f 2284 2301 10796
f 2285 2284 10796
f 2285 10796 6987
f 2285 6987 2286
f 9691 2287 2286
f 2350 2289 8511
f 2307 2286 6987
f 2306 2286 2307
f 2311 2286 2306
f 2314 8511 9691
f 2318 8511 5977
f 2350 8511 2318
f 2350 2318 2322
f 10505 2333 8920
f 7886 2336 5956
f 10488 7434 8659
f 8840 2345 6674
f 10030 2290 5699
f 6672 2351 10030
f 2351 7502 10030
f 7502 2351 5956
f 7502 5956 2291
f 6674 8659 7434
f 8920 2351 6672
f 8920 2333 2351
f 5956 2336 2291
f 2350 2292 10046
f 2321 2325 5914
f 9009 2352 2325
f 2292 2295 2293
f 8463 2292 2350
f 2325 2352 8463
f 9009 2297 2352
f 8463 6672 2294
f 8463 2294 2292
f 2352 2297 6672
f 2352 6672 8463
f 2354 8713 7555
f 2290 10192 8709
f 7331 10043 6464
f 2359 2360 10248
f 10248 8751 7625
f 2362 2363 6212
f 9033 2366 2364
f 2366 9033 2367
f 2368 2369 2365
f 2369 2368 2370
f 2369 2371 2365
f 2371 2369 2370
f 7801 10574 2373
f 10289 2374 2376
f 10416 2377 2379
f 2380 2381 2377
f 2380 2377 2382
f 2381 2383 2377
f 2383 2381 2380
f 2383 2380 2384
f 2358 2357 2385
f 2386 2359 10248
f 2386 10248 8317
f 2360 2359 2386
f 2360 2386 2387
f 10621 2388 2390
f 2391 2393 9119
f 2393 2391 2392
f 2393 2392 2394
f 2395 2398 6977
f 2395 6977 2396
f 2398 2395 2397
f 2398 2397 2399
f 2400 2401 8926
f 2400 8926 2345
f 2401 2400 2402
f 2401 2402 2403
f 10807 6212 8077
f 2364 2404 10482
f 10574 7402 2373
f 2372 6666 8820
f 5772 2354 7555
f 2355 2288 6464
f 2354 8311 2404
f 2354 2404 10071
f 2405 5772 2355
f 10071 8077 6212
f 2404 8077 10071
f 7402 2404 8311
f 2373 7402 9612
f 6666 9612 2405
f 8820 6666 2405
f 9119 2389 7248
f 6977 2406 2396
f 7826 2396 2406
f 2345 8926 6674
f 6459 2290 2356
f 2407 6459 2356
f 2356 7248 2407
f 8709 10192 2406
f 10192 8926 2406
f 2361 9760 2407
f 2361 2407 2389
f 2407 7248 2389
f 8709 2406 9813
f 5721 8743 2374
f 2377 8743 5721
f 2382 2377 9628
f 2382 9628 7625
f 2408 7243 10043
f 2408 10043 7331
f 9628 7243 2408
f 9628 2408 7625
f 2382 7625 8751
f 2408 8697 9760
f 7625 2408 9760
f 7500 8333 2411
f 2382 5957 2412
f 2377 2412 5957
f 5957 2413 2414
f 7500 6701 2413
f 2377 5957 2414
f 2417 2415 2416
f 2418 6791 2419
f 2421 2417 2416
f 6791 8732 2422
f 2419 6791 2422
f 2345 2420 2423
f 7826 2423 2420
f 7826 2420 6112
f 6977 2415 2424
f 9119 2424 2415
f 9119 2415 2417
f 8317 10083 2418
f 8317 2418 2425
f 2413 7572 2414
f 2427 2426 2428
f 2413 9955 2426
f 2426 9955 2432
f 2426 2432 2428
f 2428 2432 2433
f 8775 10174 2429
f 2434 2430 8937
f 2374 2414 7572
f 6015 2427 8775
f 6015 8775 6858
f 6107 7780 2430
f 6107 2430 9253
f 2403 9966 2401
f 9966 2403 2402
f 2401 9966 7826
f 9966 2402 2400
f 2400 2345 2423
f 2399 2437 2398
f 2437 2399 2397
f 2398 2437 6977
f 2437 10522 6977
f 2437 2397 2395
f 2395 10522 2437
f 2394 2438 2393
f 2438 2394 2392
f 2393 2438 9119
f 2438 2424 9119
f 2438 2392 2391
f 2391 2424 2438
f 2390 2439 10621
f 2439 2390 2388
f 10621 2439 8317
f 2439 10083 8317
f 2388 10083 2439
f 2387 2440 2360
f 2440 2387 2386
f 2440 2386 2441
f 2386 8317 2425
f 2386 2425 2441
f 2385 7265 2358
f 7265 2385 2357
f 2358 7265 2382
f 2384 2442 2383
f 2442 2384 2380
f 2442 2380 2443
f 2383 2442 2377
f 2443 2412 2377
f 2443 2377 2442
f 2380 2382 2412
f 2380 2412 2443
f 2379 6656 10416
f 6656 2379 2377
f 6656 2377 9967
f 2376 2444 10289
f 2444 2376 2374
f 2444 2374 9638
f 10289 2444 2427
f 10289 2427 2372
f 9638 2427 2444
f 2445 2427 6015
f 2445 6015 8939
f 2445 2372 2427
f 2371 9870 2365
f 2371 2370 2368
f 6015 6858 2371
f 9033 2446 2367
f 2366 2367 2446
f 2366 2446 2435
f 2366 6107 2364
f 2435 2446 2365
f 2365 9870 2435
f 9279 2436 10807
f 10310 9253 2436
f 10310 2436 9279
f 2362 2447 9340
f 9340 2447 2448
f 2448 8061 7044
f 2448 7044 9340
f 2448 2447 2362
f 10807 2436 2448
f 2448 2436 8061
f 2410 2409 7681
f 2410 7681 2449
f 6692 2418 2419
f 2409 2419 7681
f 10248 2425 2418
f 10248 2418 6692
f 2360 2440 10248
f 2441 2425 10248
f 2441 10248 2440
f 10174 2434 8937
f 2451 2450 2282
f 2451 2282 10781
f 8061 2451 10781
f 2452 9927 2449
f 2452 2449 2453
f 9009 2452 2453
f 7620 9927 2452
f 7620 2411 8333
f 9009 2454 2452
f 5967 2456 2455
f 9946 2455 6701
f 2321 2456 5967
f 7958 6492 2457
f 10274 7958 2457
f 10274 2457 2458
f 2421 10274 2458
f 2421 2458 2459
f 2460 2422 8732
f 2460 8732 6043
f 2345 2461 2420
f 8840 2420 2461
f 7886 2459 6936
f 7886 2462 6043
f 10505 2460 6043
f 10505 6043 2462
f 2455 2456 2463
f 2455 2463 2464
f 10321 2467 2468
f 2455 2464 9955
f 2464 2432 9955
f 9982 6045 2432
f 6045 2433 2432
f 8739 2466 10174
f 7680 2434 10174
f 2434 10321 2430
f 2430 10321 7064
f 2430 7064 10738
f 10738 2468 2469
f 6821 7499 2463
f 6821 2465 7499
f 2470 7680 10014
f 2471 2467 8854
f 2471 2468 2467
f 8589 2469 2468
f 2349 2347 2346
f 2348 2472 2347
f 2348 2347 2349
f 2472 2348 8840
f 2472 8840 2461
f 2472 2344 2347
f 2344 2472 2461
f 2344 2461 2345
f 2342 2473 2343
f 2473 2341 2343
f 10488 8441 2473
f 10488 2473 2342
f 2473 8441 6492
f 2473 2340 2341
f 2340 2473 6492
f 2338 2474 2339
f 2474 2337 2339
f 7886 2474 2338
f 9074 7886 6936
f 9074 2335 2337
f 2335 9074 6936
f 2335 6936 8441
f 6870 8849 2334
f 8849 2332 2334
f 10505 8849 6870
f 2298 5980 2331
f 5980 2330 2331
f 5980 2329 2330
f 2329 5980 6748
f 7748 6644 2328
f 6644 7274 2296
f 6644 2296 2328
f 2326 2475 2327
f 2475 2476 10423
f 2475 10423 2327
f 2321 2475 2326
f 2476 2475 2321
f 2476 2321 2454
f 2324 2476 2454
f 7670 6390 2323
f 6390 2321 2323
f 2317 6390 7670
f 2319 2477 2320
f 2477 2317 2320
f 2313 2477 2319
f 7860 6821 2463
f 2317 7860 2463
f 2317 2463 7503
f 2315 2478 2316
f 2478 2479 2313
f 2478 2313 2316
f 2310 2478 2315
f 2479 2478 2310
f 2479 2310 2465
f 2313 2479 2465
f 2306 2470 2312
f 8692 2312 2470
f 8692 2470 10014
f 2308 6150 2309
f 6150 10643 2309
f 2302 6150 2308
f 6150 2470 10643
f 2470 6150 8854
f 2305 7948 9257
f 2304 7948 2305
f 7948 2304 6195
f 7948 6195 2468
f 2471 7948 2468
f 6979 7962 2480
f 6979 2480 9324
f 7962 9324 2480
f 9991 2481 2453
f 2449 9991 2453
f 10320 2453 2481
f 9991 2449 7681
f 10320 2481 6748
f 8589 8061 2469
f 2282 2450 2283
f 2451 2283 2450
f 8061 8589 2283
f 8061 2283 2451
f 2486 2484 2485
f 9386 2488 2487
f 9386 2490 2488
f 2491 7113 8162
f 10104 2500 2502
f 2505 2500 2499
f 9386 2489 6930
f 6217 2507 2508
f 10273 9274 2511
f 2507 6217 2511
f 2507 2511 9274
f 8831 2488 10273
f 2513 7283 2514
f 2515 2514 7283
f 2515 5818 2512
f 2517 7071 2510
f 9274 10273 2488
f 2492 7113 7283
f 10078 2513 2520
f 2520 2521 9404
f 8162 2492 2520
f 2521 10293 9358
f 10841 9404 2521
f 10841 2521 9358
f 9358 10293 2504
f 7283 2513 10078
f 7113 2492 8162
f 2486 2487 7113
f 2522 2523 2502
f 2529 2513 2514
f 2516 2529 2514
f 2516 2514 2515
f 2534 2527 5687
f 5687 2527 10184
f 2502 2523 2524
f 2535 6743 8950
f 2535 8950 7777
f 2534 2535 7777
f 2534 2493 10134
f 2534 10134 2535
f 5687 2495 2534
f 2533 2495 5687
f 5991 2495 2536
f 2533 2536 2495
f 2495 2493 2534
f 7777 8950 2525
f 2527 2534 7777
f 2535 2494 2496
f 2535 2496 2501
f 2535 2501 10104
f 6743 2535 10104
f 2537 6755 10460
f 2537 7720 2536
f 2537 2519 2518
f 2537 2518 7720
f 2531 6755 2533
f 10460 6755 2531
f 2539 7111 2520
f 2539 2520 2513
f 2539 2513 2528
f 7111 2538 10293
f 2497 2498 2495
f 7720 5991 2536
f 2482 2483 2540
f 2485 2541 10914
f 2489 2542 6930
f 2491 10908 2543
f 2493 2544 2494
f 6186 2545 2503
f 2503 2545 2504
f 6186 8084 7070
f 7760 2501 2546
f 2501 2496 2548
f 2501 2548 2547
f 2483 2550 2549
f 10841 2506 2550
f 9281 10734 2551
f 10734 2552 2551
f 7071 2551 2510
f 7071 9281 2551
f 2511 6217 2553
f 2512 6896 2554
f 2512 2554 2555
f 7720 2518 2556
f 7720 2556 2517
f 2518 10571 2557
f 2518 2557 2556
f 2524 2523 2559
f 2525 10453 2562
f 2525 2562 2561
f 2525 2561 10225
f 10453 2563 2562
f 2529 2564 8838
f 2529 8848 2565
f 2529 2565 9694
f 2527 6648 2566
f 2527 2566 2530
f 2567 2531 2530
f 2531 2567 2569
f 2531 2569 2568
f 2531 2568 2532
f 2532 2568 2570
f 2502 2572 2571
f 2502 2571 2558
f 2502 2558 2522
f 2500 2572 2502
f 2500 10959 2572
f 8614 5997 2538
f 2539 10683 8614
f 2539 2528 2560
f 8084 2538 7070
f 8818 2498 2573
f 2510 2551 5991
f 10044 7610 2574
f 10044 2574 2523
f 9000 2575 6022
f 9000 6022 10571
f 9000 7864 10236
f 9000 10236 2575
f 10959 8150 8832
f 2558 10044 2523
f 8832 10683 7498
f 7864 6854 2516
f 7864 2516 10236
f 6896 2553 9166
f 2553 9390 10974
f 10974 9166 2553
f 10610 2576 2574
f 6648 2530 2566
f 2552 10734 2577
f 8921 8065 10840
f 6234 10272 2541
f 7786 2578 6776
f 8921 6930 2542
f 8921 2542 2489
f 8921 2489 7786
f 6776 2498 7786
f 8121 2544 2579
f 8121 2579 2493
f 8121 2493 10272
f 8121 10272 6234
f 2544 8121 9261
f 2544 9261 2494
f 10908 6746 2543
f 9261 2543 6746
f 2546 2549 2550
f 2546 2550 2506
f 2546 2506 10933
f 2546 6955 2482
f 2546 2482 2540
f 2546 2540 2483
f 2546 2483 2549
f 10908 2547 2496
f 6955 2546 2580
f 6955 2580 2501
f 2545 2506 2504
f 2562 10225 2561
f 2572 2558 2571
f 7498 2560 2528
f 2523 2522 2558
f 2574 10453 2559
f 2574 2559 2523
f 2556 2557 10571
f 6854 2570 2568
f 6854 2532 2570
f 6854 7478 9694
f 6854 9694 8848
f 7478 8595 2564
f 2568 2569 2567
f 2577 2551 2552
f 5991 2551 2577
f 6896 2555 2581
f 6896 2581 2554
f 2576 8838 5872
f 5872 8838 2564
f 2576 10225 2562
f 2576 2562 2563
f 2576 2563 10453
f 2576 10453 2574
f 10272 2573 2541
f 2541 2573 2498
f 6746 10908 2496
f 9449 2538 2582
f 9449 2582 5997
f 2546 10933 9195
f 6022 2575 7593
f 6022 7593 2555
f 6022 2555 6896
f 2575 10236 8792
f 2584 5900 2587
f 2584 2587 10076
f 5787 2584 10076
f 5900 6637 2589
f 5900 2589 2587
f 9141 2593 2591
f 9141 2594 2593
f 2591 2593 2595
f 6527 5787 2585
f 6527 2585 2595
f 2593 6527 2595
f 5725 7336 2600
f 7495 2594 2605
f 2604 7495 2605
f 2604 2605 2606
f 2585 8473 2595
f 8473 2607 7457
f 6453 2608 2597
f 2597 2608 6587
f 8356 2609 9748
f 8356 2610 2609
f 8673 2611 2610
f 10010 2610 8356
f 2603 2612 2613
f 2603 2613 2611
f 2603 2611 8673
f 5725 2603 8673
f 2605 2594 9141
f 2606 2605 2614
f 7457 2607 2615
f 2595 8528 5807
f 6453 2616 2608
f 2616 2617 2608
f 2608 2617 9999
f 2610 2618 2609
f 2609 2618 2616
f 2609 2616 6453
f 2611 5888 2610
f 7693 2619 2611
f 2614 2605 2620
f 2605 9141 2620
f 8528 2621 7542
f 5807 8528 7542
f 9149 2624 2623
f 2629 8653 7559
f 2629 7559 2630
f 2624 8626 2623
f 2623 8626 7957
f 7920 5962 6577
f 5962 2631 2624
f 6577 5962 2624
f 8990 2633 2632
f 8990 2632 2628
f 2633 2634 2632
f 2628 2632 7920
f 2615 2607 6599
f 2615 6599 5823
f 5823 2633 8990
f 2630 7559 2584
f 2587 7423 2603
f 2587 2603 10076
f 7423 2612 2603
f 10076 2603 2635
f 2631 2596 2597
f 8626 2597 7462
f 2632 2599 7397
f 2632 7397 2631
f 2633 2600 2601
f 2633 2601 2634
f 2634 2601 2599
f 2634 2599 2632
f 2607 2602 9943
f 9943 5725 2600
f 9872 7495 2604
f 2585 2635 8473
f 2635 2603 2602
f 8626 7462 2636
f 2638 2636 9318
f 6688 7957 2636
f 2636 7957 8626
f 2640 9999 2641
f 10817 2640 2641
f 10817 2641 2642
f 6137 2643 2640
f 2643 6587 2640
f 2637 2636 2643
f 2637 2643 6137
f 2636 2598 2643
f 2604 2606 2644
f 2645 2644 2614
f 2644 2606 2614
f 8058 2614 2646
f 6947 2647 2646
f 2646 10543 9162
f 2649 2629 10740
f 10740 2629 2630
f 10740 2630 2650
f 2630 9872 2650
f 2651 2650 6061
f 2650 9872 2604
f 2650 2604 6061
f 9255 2644 10733
f 9255 10733 6220
f 2654 7158 10653
f 7158 2651 10653
f 2654 8048 8560
f 2648 7158 2654
f 2648 2654 2655
f 2649 2648 2655
f 2649 2655 2629
f 2647 6947 2656
f 7891 2647 2656
f 8058 6884 2658
f 2658 6884 2657
f 7057 2645 2658
f 2653 7057 2658
f 2653 2658 2657
f 7026 2660 2661
f 7026 2661 8074
f 8074 2661 9368
f 2642 2641 2662
f 10817 2642 2662
f 10817 2662 2660
f 2660 8099 2661
f 2660 2662 2641
f 2661 8099 9368
f 2625 6688 2664
f 2664 10815 2663
f 2638 9318 2665
f 2638 2665 2663
f 2663 2665 10103
f 2665 2666 10103
f 10103 2666 2667
f 10103 2667 7995
f 9318 10846 2665
f 2667 2666 9268
f 2666 2665 10846
f 2666 10846 9268
f 2667 9268 6286
f 2673 10029 7245
f 7441 2667 6286
f 2677 2668 2669
f 2654 8560 2671
f 2654 2671 5810
f 2678 2679 2674
f 2678 2674 2673
f 6797 2680 7601
f 2679 6797 2675
f 2679 2675 2674
f 2680 2681 6712
f 2680 2676 7601
f 2681 7995 2667
f 2681 2667 6712
f 2677 5701 10469
f 10469 5701 2670
f 10469 2670 9063
f 2629 2655 10577
f 2655 2654 5810
f 2655 5810 10577
f 7867 2627 2679
f 10349 2679 2678
f 2627 6797 2679
f 6797 9064 2680
f 10829 2681 2680
f 9064 10829 2680
f 10834 7995 2681
f 7999 10834 2681
f 7542 2621 2678
f 6947 10519 2656
f 7891 2656 10519
f 2670 10836 9063
f 7140 2683 9049
f 2618 2610 7520
f 9849 9367 6850
f 9849 6850 7520
f 7800 9368 2617
f 2684 2682 9692
f 2684 9692 6588
f 9692 2678 2673
f 2657 6151 9637
f 9637 6151 7996
f 2670 8348 7140
f 8348 2685 7140
f 2685 2686 9849
f 7140 2685 2683
f 5982 7800 9849
f 8651 2687 7800
f 2687 9368 7800
f 2668 2684 6588
f 2668 6588 2669
f 2653 2657 9637
f 8761 2686 2685
f 10029 8761 2685
f 10029 2685 8348
f 10102 2676 5982
f 7441 6286 2687
f 10223 2687 8651
f 7996 10142 6550
f 6855 2682 2684
f 7996 6855 8552
f 10872 9089 2682
f 2672 8533 10534
f 10534 2677 2589
f 7537 2668 2677
f 10142 2668 7537
f 6550 10142 7537
f 2688 2690 10137
f 10137 2692 2691
f 2690 5932 10137
f 5932 2694 2692
f 10137 5932 2692
f 9091 2697 6837
f 6837 2699 2698
f 2697 2688 6837
f 2688 2689 6837
f 6837 7350 2699
f 2704 2705 7381
f 6356 2707 8387
f 2708 8597 2709
f 7350 9724 2710
f 7350 2710 2699
f 2701 2711 8470
f 8470 2711 2712
f 8470 2712 2702
f 2705 5677 7381
f 6357 5883 2705
f 2707 2714 8387
f 8387 2714 2713
f 8387 2713 6357
f 2709 8597 9873
f 2709 9873 2715
f 2699 2710 2716
f 2699 2716 2698
f 2701 2717 2711
f 2717 2718 2711
f 2711 2718 6740
f 8338 6687 5677
f 5677 6687 10547
f 2713 2720 7577
f 5883 2719 8338
f 9852 2720 2713
f 2715 9873 9091
f 2716 8606 2721
f 2716 2721 8488
f 2721 8606 5785
f 9124 2693 2690
f 9124 2690 2731
f 6209 9124 2731
f 2722 6702 2723
f 2723 6702 7433
f 2725 2733 2726
f 2726 2733 2732
f 2726 2732 2722
f 8991 2734 2735
f 8991 2735 2728
f 2728 2735 2733
f 2728 2733 2725
f 8606 6643 5785
f 2692 8959 2736
f 8959 2707 2736
f 2692 2736 2707
f 2692 2707 2691
f 6702 8470 2703
f 6702 2703 7433
f 5993 2704 2737
f 2704 7381 2737
f 5993 2737 10121
f 5993 10121 2732
f 6643 2706 2735
f 2706 9699 2735
f 2735 2704 5993
f 2710 6356 7310
f 2710 7310 6643
f 9738 2690 2688
f 7433 2703 2738
f 2740 2741 7433
f 9316 7433 2738
f 9316 2738 8117
f 6895 10809 2742
f 2743 8872 2745
f 2746 2747 10783
f 2747 2702 2712
f 2747 2712 2744
f 10783 2747 2744
f 2739 2738 2747
f 2738 2703 8470
f 2738 8470 2747
f 2747 8470 2702
f 10774 2747 2746
f 7546 2748 2749
f 8689 2709 2715
f 8689 2715 2750
f 10677 8689 2750
f 2715 7552 2751
f 2715 2751 2750
f 6209 2731 7779
f 2731 8597 2754
f 2731 2754 7779
f 7779 10674 2753
f 2754 8597 2708
f 6128 7546 2749
f 6128 2749 8054
f 9243 2757 2758
f 2757 2753 10674
f 2757 10674 2758
f 2758 6128 9243
f 10608 2753 2757
f 7049 2757 9243
f 7049 9243 2729
f 2759 2760 9206
f 2759 9206 7552
f 2760 6084 10605
f 10677 6084 2760
f 6893 8028 2759
f 2756 8054 9242
f 8054 2749 2748
f 2756 6893 2759
f 7017 9125 7960
f 7017 7960 2761
f 2761 7960 6282
f 2761 6282 2762
f 2745 8872 2763
f 2743 2764 9125
f 2743 2745 2763
f 2743 2763 2764
f 9125 2764 10693
f 2764 2763 8872
f 2742 10809 2765
f 6895 2742 2765
f 6013 10706 2766
f 9316 6093 2765
f 2765 6093 2767
f 2765 2767 10706
f 10706 2767 2768
f 10706 2768 2766
f 2768 2767 10675
f 2768 10675 2762
f 2767 6093 10675
f 10007 2770 2771
f 2772 9762 2773
f 5917 2762 2778
f 2777 5917 2778
f 2779 10007 2780
f 2780 10007 2771
f 9243 2756 2772
f 7594 2782 2775
f 7594 2775 8502
f 2781 7594 8502
f 6764 2783 5966
f 2782 6764 2776
f 2782 2776 2775
f 2783 2777 7588
f 2783 2766 5917
f 2783 5917 2777
f 2779 2780 6549
f 6549 2780 2771
f 6549 2771 10307
f 2729 9243 2772
f 2729 2772 10560
f 10560 6705 7951
f 2721 7594 2781
f 2727 6764 2782
f 6764 7915 2783
f 9365 7992 2783
f 7915 9365 2783
f 9347 6013 2766
f 7992 9347 2766
f 7992 2766 2783
f 2784 10327 6520
f 10327 2721 2781
f 2771 8375 10307
f 8375 2785 2720
f 2785 7577 2720
f 5926 9354 6687
f 9922 6282 2718
f 2786 2759 2695
f 2771 2787 8375
f 2787 2785 8375
f 8563 2788 5926
f 6710 8307 7773
f 6710 7773 5926
f 8307 2762 9922
f 2762 6282 9922
f 2769 2784 7263
f 5751 7263 2774
f 5751 2774 2770
f 2756 2759 2786
f 9762 7581 2773
f 2770 8502 2787
f 8502 9898 2787
f 2770 2787 2771
f 2776 2788 8563
f 9898 2776 8563
f 10070 2777 6710
f 2777 2778 2762
f 6392 2784 2769
f 2695 2784 6392
f 10450 5736 2784
f 2695 10450 2784
f 6705 7480 10451
f 10451 2779 2694
f 6705 8538 7480
f 2773 10163 8538
f 2773 8538 6705
f 10101 7345 2792
f 2791 6619 7345
f 7345 8586 2792
f 6594 2795 2796
f 8007 2798 2797
f 6594 2797 2799
f 6594 2799 2795
f 2798 5750 2797
f 2797 5750 2799
f 2804 6510 2802
f 2806 6610 8604
f 2806 8604 2807
f 5750 7395 2799
f 7395 2808 8490
f 2801 2809 7409
f 2809 2810 9749
f 2803 2812 9635
f 9635 2812 2811
f 9635 2811 6510
f 2805 2813 6461
f 2813 2814 8668
f 6461 2813 2812
f 8490 6011 7396
f 2801 2815 2809
f 2815 2816 2809
f 2809 2816 6752
f 7562 5963 10551
f 7562 2815 2801
f 8668 2818 6707
f 2812 2817 2811
f 2814 2818 8668
f 2807 8604 5856
f 2807 5856 2819
f 7396 6011 2820
f 7396 2820 2821
f 2795 2821 2796
f 2820 6011 2829
f 2829 6011 9052
f 7984 2791 2831
f 2830 7984 2831
f 2830 2831 2832
f 8586 2833 2792
f 2833 5755 2813
f 2822 6408 2834
f 2822 2834 2823
f 2823 2834 2835
f 2823 2835 2824
f 7354 2836 6408
f 9052 2837 10114
f 2837 2838 8577
f 2837 8577 10114
f 10114 2836 7354
f 6011 2838 2837
f 6011 2837 9052
f 2831 2791 2790
f 2792 2833 8309
f 2833 2813 8309
f 6408 8440 2834
f 2834 8440 2835
f 2836 2802 5799
f 2836 5799 2800
f 2836 2800 6408
f 2838 2803 2804
f 2838 2804 8577
f 8577 2804 2802
f 2808 2805 9998
f 2808 9998 7430
f 2832 2831 10283
f 2832 10283 2806
f 2831 2790 2789
f 10101 2792 7395
f 2835 9749 2839
f 2841 2824 2835
f 8059 2835 2839
f 6905 10816 2842
f 2845 2846 8128
f 2846 9749 2810
f 2846 2810 2844
f 8128 2846 2844
f 2840 2839 2846
f 2840 2846 9317
f 2839 9749 2846
f 9171 10689 2848
f 7521 2807 2849
f 2847 7521 2849
f 2847 2849 2850
f 2807 2819 6177
f 2852 2830 2832
f 2852 2832 2853
f 2851 2852 2853
f 2851 2853 2854
f 2853 9235 2854
f 2855 7023 2848
f 7023 2832 2806
f 2848 7023 9171
f 2855 2848 2856
f 2858 6121 10658
f 6121 2854 9235
f 6121 9235 10658
f 2858 10658 5870
f 8002 6121 2858
f 8002 2858 9153
f 2859 2860 10886
f 2859 10886 7869
f 2860 7008 10886
f 2847 2850 2860
f 8049 2848 10689
f 6856 2847 9231
f 2857 6856 9231
f 6193 2863 9269
f 9269 2863 6294
f 9269 6294 2862
f 9349 10709 2864
f 10709 6752 2864
f 6193 7048 9278
f 7048 2864 9278
f 9278 2864 6752
f 2842 10816 2865
f 6905 2842 2865
f 6027 10721 2866
f 5728 9260 2865
f 2865 9260 2867
f 2865 2867 10721
f 10721 2867 2866
f 2866 2867 7075
f 2866 7075 2862
f 2867 9260 10845
f 2867 10845 7075
f 2873 2874 8419
f 5857 2876 7506
f 9930 2866 2862
f 2868 10062 2878
f 2878 10062 2870
f 2878 2870 6763
f 2858 5870 2871
f 8722 2880 5857
f 2879 8722 2874
f 2879 2874 2873
f 2881 2876 5857
f 2880 2881 5857
f 2881 6110 2877
f 2881 2877 2876
f 6931 2866 9930
f 6110 6931 9930
f 8586 2878 10420
f 10420 2878 6763
f 9153 2858 2871
f 9153 2871 10554
f 10554 2871 2872
f 2820 10833 2879
f 10833 7908 2880
f 6796 2825 9723
f 7908 6796 2881
f 7908 2881 2880
f 2825 9357 9723
f 9370 6027 2866
f 8003 6931 6110
f 2882 9116 2821
f 2821 2820 2879
f 2859 7869 10556
f 8167 2883 9891
f 8596 2884 6707
f 8596 6707 2818
f 7596 6525 5963
f 9909 2885 2816
f 2885 6294 2816
f 7436 2879 2873
f 9231 2859 2886
f 2859 9151 2887
f 2886 2859 2887
f 6388 8596 2870
f 2870 2883 6763
f 6388 2888 2884
f 6388 2884 8596
f 8650 6525 7596
f 5643 2885 9909
f 8460 2862 6294
f 2868 7436 2869
f 2869 7436 2873
f 2857 9231 2886
f 2857 2886 2871
f 2871 2886 10254
f 8419 2874 10021
f 8419 6388 2870
f 7506 2876 8650
f 2876 2877 8650
f 7597 8460 5643
f 9930 2862 8460
f 10254 8539 6560
f 9151 2882 2887
f 2887 2882 8539
f 10850 9116 2882
f 2872 7532 10512
f 2872 2868 7532
f 6560 8539 2889
f 8539 2868 2889
f 6560 2889 2868
f 6560 2868 2872
f 2890 2892 2891
f 5808 2894 6460
f 2893 6613 5808
f 5808 8515 2894
f 10548 2898 2897
f 2898 2900 2897
f 2897 2900 2901
f 2897 2901 2899
f 8467 2890 2891
f 2900 2891 2901
f 2907 9838 2908
f 10094 5773 2901
f 2901 5773 2909
f 6449 2910 10279
f 10279 2910 2911
f 7676 2913 2912
f 10118 2912 6449
f 2905 2914 10001
f 10001 6508 2913
f 2906 2915 2914
f 2906 2914 9950
f 2915 2916 2914
f 9838 8467 2898
f 7955 9838 2898
f 2901 2909 2917
f 2901 2917 2899
f 6449 2918 2910
f 2918 2919 2910
f 2910 2919 6754
f 2913 2920 2912
f 2912 2920 2918
f 2912 2918 6449
f 2921 2922 6508
f 6508 2922 2913
f 7642 6564 2916
f 2916 6564 9024
f 2916 2921 2914
f 7955 2898 10548
f 2917 9964 2924
f 2928 2930 2929
f 7887 2933 2932
f 2932 2933 2930
f 2932 2930 2928
f 2924 9964 2934
f 2934 2933 7887
f 7631 2895 2893
f 7631 2893 2936
f 8515 10478 2894
f 2925 2937 2927
f 2925 2927 2926
f 2937 2938 2927
f 2930 2939 2929
f 2929 2939 2937
f 2929 2937 2925
f 2933 6611 8771
f 9964 2940 2933
f 2934 9964 2933
f 2936 2893 2892
f 2894 10478 8447
f 2894 8447 6460
f 2937 2902 2938
f 2902 2903 2938
f 8771 2904 2939
f 2939 8642 2902
f 2939 2902 2937
f 2940 2905 5778
f 6611 2904 8771
f 2909 2906 8495
f 2906 7314 8495
f 9083 7544 9838
f 9083 9838 2907
f 6460 8447 5773
f 8574 7418 2941
f 2944 2927 8574
f 2944 8574 2941
f 9326 2944 2941
f 9326 2941 10784
f 7034 2944 2945
f 2945 2944 10813
f 2945 10813 2946
f 2947 8883 2949
f 2950 2951 10786
f 2951 7418 2911
f 2951 2911 2948
f 10786 2951 2948
f 2942 2941 2951
f 2941 7418 2951
f 2942 2951 2950
f 2907 2908 2952
f 7955 6745 2954
f 7955 2954 7029
f 7029 2954 2955
f 7029 9173 10565
f 2956 6060 2957
f 6060 6626 2958
f 2957 6060 2958
f 2957 2958 2959
f 2958 2960 9158
f 7534 9083 2907
f 7534 2907 2952
f 2960 7534 2952
f 2960 9883 9251
f 10688 2962 2963
f 2964 8023 2963
f 8023 2960 10688
f 2963 8023 10688
f 6060 2956 2965
f 2956 2957 10704
f 2956 10704 2965
f 2965 10704 6060
f 6060 6826 2964
f 2966 2967 2955
f 2966 2955 10615
f 2967 10565 9173
f 10615 2955 2954
f 2962 9251 10690
f 9251 9883 2953
f 9251 2953 10690
f 7028 7988 2968
f 2968 7988 6285
f 2968 6285 2969
f 2949 8883 2970
f 2947 2971 9131
f 2947 2949 2970
f 2947 2970 2971
f 9131 2971 10710
f 2971 2970 8883
f 2946 10813 2972
f 2946 2972 2973
f 2945 2946 2973
f 2945 2973 2972
f 9326 10784 2972
f 6468 2974 6283
f 9277 6468 6283
f 2974 10708 9267
f 10708 6190 9267
f 9267 6190 7028
f 2974 9267 2969
f 2963 2962 2978
f 7531 2982 2983
f 2984 2975 2985
f 2975 2976 2985
f 2985 2976 2977
f 2964 2963 2978
f 6801 2981 2980
f 7352 6801 2980
f 7352 2980 9645
f 6801 2982 7531
f 2986 6866 6008
f 2987 6283 2974
f 6866 2987 7535
f 6866 7535 8682
f 8515 2984 5816
f 2984 2985 5816
f 5816 2985 2977
f 10617 2964 2978
f 9187 2978 2979
f 9187 2979 2895
f 6782 10455 2986
f 6782 2986 2982
f 10401 6782 2982
f 10401 2982 6801
f 10455 6866 2986
f 8149 6283 2987
f 10542 8149 2987
f 10542 2987 6866
f 2988 5790 10491
f 2988 10491 7352
f 2977 2989 6564
f 2989 10402 6564
f 2989 2990 10402
f 10402 2990 2922
f 2920 2913 5925
f 7568 6829 5925
f 7802 6285 2919
f 2991 2988 7352
f 2991 7352 9645
f 7052 7527 2992
f 2992 7527 9722
f 7412 6363 2989
f 8581 2993 7568
f 2989 8581 2990
f 9960 6393 7802
f 9960 7802 6829
f 2993 6829 7568
f 9839 6285 7802
f 10140 2991 2976
f 2962 7052 2992
f 2962 2992 2978
f 2980 10022 6363
f 2980 6363 7412
f 6451 2980 7412
f 2983 6008 9960
f 6008 6393 9960
f 10221 7535 6393
f 6902 2988 2991
f 7527 6902 5851
f 7527 5851 9722
f 9142 5790 2988
f 2896 6902 7527
f 2979 7438 10536
f 2979 8523 7438
f 6569 5851 8523
f 6569 8523 2979
f 6494 2997 2996
f 2995 6494 2998
f 6494 2996 2998
f 2995 2998 2999
f 2999 2998 3000
f 3002 6570 3004
f 6570 3003 3004
f 3002 3004 9712
f 3002 9712 2994
f 8475 3008 3007
f 3009 10106 3010
f 6444 3009 3010
f 3006 8475 3015
f 3015 7939 3016
f 8475 7939 3015
f 3010 10106 7547
f 10106 3006 7547
f 8512 3010 3017
f 6444 3010 8512
f 9632 3013 5822
f 9632 5822 3019
f 3013 9683 3018
f 3014 3020 5824
f 3014 5824 10218
f 8483 7250 6399
f 5664 3015 3021
f 3015 3022 3021
f 3015 3016 10673
f 7547 5664 6639
f 8512 3017 3023
f 8512 3023 7481
f 7609 5822 3025
f 7609 3025 3026
f 3025 3018 3024
f 3020 3027 10426
f 9973 3028 6399
f 9973 3029 3028
f 3003 3029 9973
f 10492 3031 3032
f 3035 10492 3032
f 3028 3038 6399
f 5876 3040 2995
f 3039 3041 3040
f 3039 3040 5876
f 6584 8427 5812
f 3032 3031 9610
f 3031 3033 3042
f 5654 3032 9610
f 3035 3032 5654
f 7843 3037 3044
f 3037 7868 3043
f 3037 3043 3044
f 6399 3038 5989
f 3038 7843 3044
f 3040 8359 2995
f 8427 2996 3045
f 8427 3045 5812
f 5812 3045 3019
f 3045 9632 3019
f 8475 6176 3008
f 3031 6176 8475
f 3043 5654 3009
f 3009 5654 6518
f 5989 3043 8430
f 5989 8430 3011
f 3012 7447 3013
f 7447 3011 3013
f 8359 2994 2995
f 3041 3014 7492
f 3045 8483 3012
f 2996 8483 3045
f 9110 3058 3057
f 10093 7484 3020
f 10093 3020 3014
f 3020 7484 3060
f 3020 3060 3027
f 7484 3061 3060
f 7484 3059 9093
f 6962 3063 3041
f 6962 3041 3039
f 10086 9110 3014
f 10086 3014 3041
f 3064 3058 9110
f 3064 9110 10086
f 6985 3065 10650
f 3066 9742 3067
f 3067 7971 10682
f 3067 9178 7971
f 9118 3067 10682
f 10290 3066 3067
f 3069 9093 10694
f 8033 3060 3061
f 6995 3070 3069
f 6170 3069 10694
f 3065 6995 10650
f 3065 3070 6995
f 7443 3081 3080
f 5740 3083 3082
f 3084 3080 3085
f 3085 3087 3086
f 3091 3081 7443
f 3066 3092 9742
f 9742 3092 5740
f 3092 3083 5740
f 7539 3085 3086
f 5905 3084 3085
f 9884 8618 3093
f 3093 8618 6529
f 3093 6529 3089
f 3094 3089 3090
f 6584 10147 3091
f 10147 3081 3091
f 6636 7879 3083
f 9008 9884 6818
f 10344 3093 6836
f 6818 9884 3093
f 6818 3093 10344
f 3035 7831 3030
f 8996 3089 3094
f 6836 3093 3089
f 6836 3089 8996
f 3081 8814 10343
f 10343 3024 3097
f 5893 7481 3023
f 8610 10152 3098
f 3098 10152 8992
f 3098 8992 3099
f 8992 3021 3099
f 3100 10122 3095
f 6614 5905 10122
f 6614 3084 5905
f 8349 3097 3101
f 9905 8610 3098
f 9905 3098 5651
f 8665 3098 10385
f 8665 10385 3102
f 9715 3084 6614
f 3085 8349 3101
f 3085 3101 3087
f 3080 3081 8349
f 3080 8349 3085
f 8618 9905 3088
f 3087 7523 8618
f 3089 8665 3102
f 3089 3102 6966
f 6487 3079 5646
f 3083 7879 8535
f 7879 3000 8535
f 9856 3091 3079
f 6487 9856 3079
f 10195 3104 3107
f 10195 3107 3106
f 3104 3105 6571
f 3106 8778 3108
f 9014 7699 3113
f 3103 3113 3104
f 3113 3114 3105
f 3113 3105 3104
f 7699 3114 3113
f 3115 3116 3117
f 3118 8446 3119
f 8446 3117 3119
f 3120 9858 3121
f 3122 5723 3123
f 3125 3113 3103
f 3124 5960 3125
f 3105 3114 9719
f 9719 8736 3126
f 7414 9029 3127
f 3119 3117 8599
f 7524 9858 5912
f 3123 5723 7524
f 3123 7524 3130
f 3123 3130 3129
f 5960 3131 9014
f 3124 3132 3131
f 3124 3131 5960
f 8736 3111 5658
f 3133 7414 3134
f 7414 3135 3134
f 7414 3127 3135
f 8599 3133 7560
f 8599 3117 3133
f 8584 5912 6664
f 8584 6664 3137
f 3129 3130 6548
f 3130 8584 3137
f 3130 3137 6548
f 3111 3112 6420
f 3139 3140 3141
f 3144 3139 3141
f 3149 3106 3108
f 3148 3150 9062
f 3109 6571 10246
f 3141 3140 3151
f 3151 10390 3152
f 3140 10390 3151
f 3143 3144 6659
f 3144 3141 6659
f 3145 3146 5919
f 3145 5919 3154
f 3146 3143 3153
f 3147 3145 3154
f 9062 10195 3106
f 6571 7304 10246
f 10246 7304 3123
f 10246 3123 3129
f 3141 3151 3115
f 3115 3151 10203
f 3151 6965 5896
f 3153 9636 3118
f 3153 3141 3115
f 7525 8598 6454
f 7525 6454 3120
f 8598 3118 6454
f 3126 8328 3122
f 3122 8328 5723
f 8328 7525 3120
f 10360 3124 7842
f 10360 7842 9062
f 9062 7842 10195
f 7304 3122 3123
f 6965 3155 5896
f 3164 3166 3124
f 3166 3132 3124
f 6123 3167 10440
f 3132 10440 3168
f 10440 3167 7756
f 9138 3170 3150
f 9138 3150 3148
f 10546 3171 3170
f 3150 3170 7262
f 7262 3171 3172
f 3170 3171 7262
f 7262 3124 10360
f 3172 3165 9113
f 6997 3173 10648
f 3175 9190 6062
f 6062 9190 10473
f 6062 10473 3171
f 3175 7543 9190
f 3178 7756 9227
f 7954 3179 10679
f 6993 3178 9227
f 3179 3177 10679
f 3173 7954 10648
f 3173 3179 7954
f 3174 8588 3179
f 3174 3179 3173
f 3181 3183 3182
f 3181 3184 3183
f 8139 6412 10893
f 9152 5882 10467
f 3188 3189 6624
f 10873 3191 3190
f 6624 3189 9801
f 6624 9801 3191
f 7708 3181 10888
f 7708 10888 3190
f 9801 3181 7708
f 3196 7335 9918
f 7249 3199 10164
f 3201 3202 3193
f 3201 3193 3192
f 3175 10340 7543
f 5682 3197 6600
f 8691 3197 7249
f 6600 3197 8691
f 6719 7249 3200
f 3204 9801 3189
f 3204 8679 9801
f 6719 8679 3204
f 3109 8784 10129
f 10129 8784 3202
f 3175 6892 10340
f 6892 6111 3195
f 6892 3195 10340
f 7252 3205 9819
f 3205 5682 6600
f 3145 7489 3203
f 3145 3203 10285
f 10285 3203 7723
f 8988 6719 7755
f 7723 6719 8988
f 6816 3188 9234
f 3139 3204 6816
f 6816 3204 3189
f 6816 3189 3188
f 7755 6719 3204
f 3207 3206 6420
f 3207 6420 3112
f 3206 5682 3205
f 3206 3205 6420
f 8952 3176 3208
f 8952 3208 10214
f 10214 3208 3110
f 3202 10074 3137
f 3202 3137 3210
f 3210 3137 10095
f 5945 3136 8836
f 8836 7560 3133
f 3211 10323 5882
f 5882 3134 10467
f 10323 3134 5882
f 9781 5682 3206
f 8588 6497 10481
f 7335 3210 3213
f 9666 3202 3210
f 9620 5945 3211
f 9620 3211 3214
f 6727 3211 5882
f 8797 3193 9781
f 3193 3196 9781
f 3174 3194 8588
f 9918 6369 3198
f 6369 3213 3198
f 7249 3214 3199
f 3199 3214 10164
f 7249 9620 3214
f 8679 3183 3184
f 8679 7624 3183
f 7556 8797 3212
f 8542 7556 3212
f 10481 7556 8542
f 3111 3207 3112
f 10363 3206 3207
f 6873 10481 8542
f 6873 8542 10363
f 3195 6111 7884
f 7884 3109 10129
f 3195 7884 3192
f 3192 7884 3201
f 5874 3195 3192
f 8827 3216 3219
f 8827 3219 3218
f 3216 3217 5892
f 10464 3222 3225
f 10464 3225 3224
f 3222 3223 9789
f 3224 7736 3216
f 3224 3216 3215
f 7736 8350 3216
f 3231 7355 3230
f 3232 8395 3233
f 8350 9789 3235
f 8839 3227 6668
f 3227 3228 9076
f 3227 9076 6668
f 3230 9708 3238
f 9708 8839 3236
f 9708 3236 3238
f 5683 3230 3239
f 9925 3239 6627
f 3239 3230 6627
f 3233 9925 3242
f 3233 3242 3241
f 9925 3240 3242
f 3234 3243 5942
f 3234 5942 6608
f 3235 9789 3244
f 3235 3244 3232
f 9789 6526 8661
f 6668 5961 3245
f 3230 3238 3246
f 3246 3238 8516
f 3238 3236 3245
f 3240 5833 3247
f 6627 3230 3246
f 3241 8366 3248
f 3242 3240 3247
f 6526 7413 3249
f 6526 3249 8661
f 3256 3253 3254
f 3249 3257 8661
f 3258 3260 7410
f 3258 7410 3259
f 3220 3241 3248
f 3220 6595 3241
f 8994 10452 3261
f 3254 10165 3262
f 8981 3256 3263
f 3263 3256 8551
f 3263 8551 7355
f 3256 3254 3262
f 8661 3257 3263
f 3244 3263 6374
f 3244 6374 3232
f 3263 7355 6374
f 3257 8981 3263
f 6595 3233 3241
f 6524 8994 10263
f 6524 10263 3226
f 8994 3261 6566
f 8994 6566 10263
f 3262 10165 5801
f 3262 5801 3229
f 10165 6524 3226
f 3260 3234 10220
f 3260 10220 7410
f 9972 3232 3233
f 9972 3235 3232
f 3217 3235 9972
f 3234 3274 9689
f 3274 3275 9689
f 3275 3277 3276
f 3275 3276 9689
f 9096 3260 3258
f 3279 3280 9096
f 9096 3280 3281
f 9799 3234 3260
f 9799 3274 3234
f 3281 3274 9799
f 7014 3282 10649
f 3285 9182 3280
f 3285 8034 7014
f 3278 10583 3279
f 3279 3285 3280
f 10499 3286 8998
f 3289 7817 10681
f 3289 3287 6937
f 9133 3290 3289
f 7983 3289 10681
f 3290 3288 3289
f 3282 3290 6088
f 3290 9133 6088
f 3282 5904 3290
f 3283 3304 3282
f 7456 3307 10085
f 3311 3312 7718
f 7718 3312 3302
f 3312 3303 3302
f 6423 7456 3314
f 5944 6689 3315
f 3314 7456 3308
f 3314 3308 5944
f 9934 7613 3316
f 3315 6689 3309
f 3316 7613 3310
f 3248 3317 3220
f 9906 3248 3303
f 9906 3303 6819
f 3218 3318 3259
f 10342 3314 7724
f 6649 3315 3253
f 7724 3314 5944
f 8541 9934 3316
f 8541 3316 3250
f 3250 3316 10109
f 7413 6423 3249
f 3319 6423 7413
f 8998 3286 7828
f 7828 3320 3221
f 8510 3221 3320
f 3303 3248 10097
f 7883 3247 8805
f 7883 8805 3321
f 3321 10339 3322
f 10339 8516 3322
f 5961 3323 3245
f 6714 7870 10372
f 7870 3323 10372
f 3325 3326 3319
f 3326 3306 6423
f 3326 6423 3319
f 6625 7883 3321
f 6625 3321 3327
f 8677 3321 3322
f 8677 3322 3328
f 9945 6714 9018
f 6077 3302 3326
f 6077 3326 3325
f 3302 3306 3326
f 3282 3304 5904
f 3304 3305 10244
f 3304 10244 5904
f 3302 10045 8741
f 8741 10045 3307
f 3307 3327 10085
f 3307 6625 3327
f 6689 8677 9945
f 6689 9945 8392
f 7613 9945 6961
f 7613 6961 10374
f 10244 6077 3325
f 6888 3325 3319
f 9007 6888 3319
f 3220 6631 10127
f 10127 3318 3218
f 3305 8548 10244
f 7343 3331 3334
f 7343 3334 3333
f 3331 7282 3334
f 3333 3334 3335
f 3334 3336 3335
f 3334 7282 3336
f 10216 7768 8826
f 10216 8826 3330
f 8826 3340 3332
f 7768 3340 8826
f 3347 7389 3348
f 3332 3340 5769
f 3340 3350 5769
f 10161 3342 3351
f 3344 3345 7574
f 3345 10161 7574
f 3353 10033 3354
f 6445 3344 3352
f 6445 3352 3353
f 3347 3348 3356
f 3347 3356 3355
f 3348 8674 3356
f 3348 9924 3353
f 3349 3357 6628
f 6628 3357 10216
f 3340 6457 3350
f 6457 5776 3350
f 10161 7839 3359
f 3359 7839 3360
f 7839 3361 3360
f 8801 3359 6647
f 8801 10161 3359
f 8674 3354 5924
f 8674 5924 3363
f 3354 10033 3362
f 3355 7679 3364
f 7679 8674 3363
f 6457 3339 5776
f 3366 3367 3368
f 3371 3366 3368
f 9104 5908 3376
f 3377 3355 3364
f 3377 8305 3355
f 3336 7282 8305
f 3336 8305 3377
f 7769 3367 3378
f 3367 3369 9069
f 3370 3371 6679
f 3371 7769 6679
f 7855 3373 5923
f 7855 5923 3380
f 3373 3370 3379
f 3358 3374 3381
f 3358 3381 3350
f 3374 7855 3380
f 3374 3380 3381
f 9104 3382 5908
f 3382 9851 5908
f 7769 3378 3342
f 7769 3342 3341
f 3378 3343 3342
f 3379 3345 3344
f 6679 7769 3341
f 6679 3341 3345
f 3380 5923 6445
f 5923 3344 6445
f 3350 3381 8640
f 3350 8640 3347
f 3381 3380 8640
f 3382 3349 6628
f 3392 7548 3349
f 3392 3394 7548
f 7548 3394 3365
f 3396 3397 10584
f 9104 10584 3398
f 9104 3398 3382
f 10584 3397 6114
f 3398 9137 3349
f 3398 3349 3382
f 6114 3393 9137
f 7969 3399 10619
f 6517 3399 9147
f 3395 3402 3396
f 3396 3402 3397
f 3402 3401 3397
f 10123 3404 6963
f 3406 3405 6963
f 3406 6963 3404
f 6879 3404 10123
f 9070 3407 10669
f 3393 7934 6879
f 3399 9070 10619
f 3399 3407 9070
f 6809 3420 3419
f 3423 3419 3424
f 3428 3420 6809
f 3431 3423 10088
f 3423 3424 10088
f 3432 7551 3425
f 10088 7551 3432
f 3432 6025 3433
f 3433 7882 3434
f 3433 8699 3426
f 7747 8819 3420
f 7747 3420 3428
f 3333 3436 3376
f 10087 3437 3374
f 3437 3431 8601
f 8977 3432 7728
f 6830 10088 3432
f 6830 3432 8977
f 8974 3433 6876
f 7728 3432 3433
f 7728 3433 8974
f 3366 9023 6003
f 6876 3433 3434
f 3339 6552 5776
f 3365 3403 3440
f 3365 3440 8940
f 8940 3440 3337
f 3420 8819 10331
f 10331 3363 3443
f 3443 3363 5924
f 10193 6647 3359
f 8672 3359 3360
f 8672 3360 3445
f 5831 6938 3443
f 5831 3443 3447
f 3447 3443 7312
f 8602 7312 3448
f 3448 7312 3444
f 3448 3444 3449
f 3449 3444 3445
f 7640 3445 9011
f 3417 3418 7707
f 7707 3419 3423
f 3418 3419 7707
f 3424 5831 3447
f 3419 5831 3424
f 7551 8602 10125
f 8602 3448 10125
f 10125 3448 3449
f 8699 7640 10361
f 7640 3450 10361
f 3451 3417 3446
f 7795 3422 3417
f 3442 3452 6901
f 3452 3451 3446
f 3452 3446 6901
f 3335 3436 3333
f 5858 3454 7806
f 3454 3453 3427
f 3430 3453 3454
f 3422 5858 3417
f 6176 3046 3008
f 7939 3053 3016
f 3046 3007 3008
f 7020 3060 8033
f 3070 9192 3069
f 3071 3070 3065
f 10811 3076 3075
f 5846 9246 3031
f 3127 3160 3135
f 8952 6007 3176
f 3177 6007 3178
f 3186 3158 3159
f 9193 8034 3285
f 7742 6187 10583
f 10575 3287 3289
f 3270 3296 3295
f 3297 9320 3269
f 3269 3298 3297
f 3286 3320 7828
f 3386 9069 3369
f 10438 3389 3351
f 9191 3399 6517
f 3395 3401 3402
f 3407 8035 10669
f 3400 3407 3399
f 3390 3412 3411
f 7104 3412 3390
f 3416 3418 3417
f 3417 7707 3446
f 6176 3455 3046
f 3456 3047 11099
f 9308 3456 3457
f 3048 3050 10742
f 3033 3049 3042
f 3455 3042 3049
f 9308 10742 3050
f 3033 11046 3049
f 3459 3051 5953
f 3048 5953 3051
f 3460 9321 3461
f 3016 9464 10673
f 9321 3462 3461
f 3054 3055 3463
f 3055 3052 3463
f 3047 10775 7031
f 3463 3464 3054
f 3054 3464 7031
f 6962 10787 3465
f 6962 3465 7468
f 3027 3060 10288
f 3027 10288 3467
f 3027 3467 3466
f 3070 3071 10592
f 3047 3468 3469
f 3047 3469 10775
f 3052 3075 3386
f 3470 3471 3022
f 3022 3471 3472
f 3022 3472 3075
f 3075 3472 3386
f 3470 3022 6859
f 3022 3075 3473
f 3075 3474 3473
f 3075 3076 3475
f 3076 7204 9598
f 3480 3479 3477
f 3076 9598 3480
f 3076 3480 3478
f 3051 3481 3048
f 3484 3482 3483
f 8267 3485 3482
f 10881 3485 3481
f 9246 3077 3486
f 9246 3486 3487
f 3486 3077 3488
f 7116 3486 3488
f 7116 3488 3077
f 3077 3490 3489
f 3077 3489 10881
f 3485 10881 3489
f 9246 3492 3491
f 9246 3491 3077
f 3077 3491 3490
f 9308 3050 3493
f 3484 3483 11117
f 10365 3090 3495
f 10787 9060 3496
f 6636 3066 10787
f 6636 10787 3496
f 6636 3496 9060
f 9246 7719 3492
f 10739 3497 3029
f 10122 3498 3095
f 3498 8815 3497
f 3001 10426 3501
f 3001 3501 3500
f 3001 3500 3499
f 3027 3466 3502
f 3027 3502 3503
f 3027 3503 10426
f 3068 3096 3504
f 3068 3504 7391
f 3022 3505 3021
f 3021 3506 3099
f 9192 3507 3096
f 3102 10385 3509
f 7510 3510 10592
f 3082 3512 3511
f 3082 3511 7510
f 3513 10494 6966
f 6966 3102 3513
f 6487 8564 3514
f 6487 3514 3512
f 3100 3095 3516
f 3100 3516 10157
f 8564 3515 3517
f 3520 3518 3519
f 3521 3518 3520
f 3522 10940 3523
f 8232 3525 11131
f 3156 3526 3527
f 3142 3531 3530
f 3142 3530 3529
f 11131 3525 3529
f 10390 3529 8232
f 10390 3156 3532
f 10390 3532 3152
f 3534 3531 3142
f 3534 3142 3157
f 3534 3157 3533
f 3157 11131 3533
f 8184 9499 3535
f 3158 3536 3159
f 3537 3538 8247
f 7073 3127 3540
f 3161 3538 3537
f 3162 3542 3543
f 3544 3541 3545
f 9029 3542 3162
f 3127 9029 3546
f 3127 3546 3547
f 3127 3547 3540
f 9029 3162 3548
f 9029 3548 3546
f 3551 3162 7073
f 3551 7073 3549
f 3551 3549 3550
f 7073 3162 3543
f 3539 3541 3552
f 3163 5896 7946
f 3545 3553 10941
f 3163 7946 3554
f 3148 3555 3556
f 3148 3556 7949
f 3175 7949 3556
f 3176 6783 3557
f 3559 3558 3180
f 3180 3558 3182
f 3182 3558 3181
f 3181 3558 3559
f 3181 3559 3180
f 3560 3562 3185
f 3185 3562 10705
f 10705 3562 3561
f 10705 3561 3560
f 9422 10705 3560
f 9422 3560 3185
f 10467 8256 3563
f 3564 6412 10467
f 3564 10467 3458
f 3458 10467 3563
f 6412 3486 6305
f 3186 3159 3536
f 3188 3566 8066
f 3188 8066 9234
f 3567 3568 3188
f 3567 3188 10894
f 3567 10894 3565
f 3188 3568 3566
f 3569 3187 6624
f 3569 6624 3191
f 3569 3191 3570
f 3570 3191 3187
f 3570 3187 3569
f 3148 10764 3571
f 3148 3571 3555
f 6892 3175 3556
f 6892 3556 3572
f 6892 3572 3571
f 3176 3557 7784
f 3209 3573 6783
f 3209 6783 3177
f 3209 7784 3573
f 3209 6873 3208
f 6566 3261 10931
f 3574 3266 6218
f 8116 6218 3266
f 10452 9459 3261
f 3266 11016 7100
f 3577 9320 6236
f 9320 3577 10944
f 3237 3271 3579
f 3237 3579 10630
f 3568 5961 10630
f 3272 6261 3580
f 9076 7491 3581
f 9076 3581 7062
f 3270 9490 3580
f 3228 3264 3582
f 3272 11000 6983
f 3272 6983 3273
f 8034 3583 3283
f 8034 9193 3583
f 3258 9663 3584
f 3258 3584 6934
f 3258 6934 7742
f 10499 3585 3286
f 10499 3287 3585
f 3273 3265 3586
f 3272 3273 3587
f 3292 11118 3293
f 6261 3272 3588
f 6261 3588 3589
f 3272 3587 3588
f 9488 3294 3591
f 3294 11102 3291
f 3270 3295 3592
f 3270 3592 3593
f 3270 3593 11049
f 3592 3295 3594
f 3594 3295 5961
f 3594 5961 3157
f 3157 5961 3568
f 5961 3295 3595
f 5961 3595 3596
f 3295 3597 3595
f 3295 3296 3598
f 3295 3598 3597
f 3296 7182 3599
f 3296 3599 10927
f 3297 3601 9320
f 7022 3298 3604
f 7022 3604 3605
f 7022 3605 3607
f 7022 3607 3576
f 3604 3298 3606
f 3269 3390 3606
f 3269 3606 3298
f 3298 3608 3297
f 7022 3610 3609
f 7022 3609 3298
f 3298 3609 6682
f 3300 3299 3611
f 3612 9418 3602
f 3602 3300 11054
f 3602 11054 3612
f 3613 8116 9463
f 8116 3614 3586
f 3614 8116 3613
f 3611 3299 9523
f 3283 7043 3304
f 3305 9272 3615
f 3617 3310 3616
f 9193 7978 10714
f 3313 3619 3618
f 5992 3310 3620
f 3310 3617 6800
f 9906 8466 7956
f 3258 3259 3622
f 3258 3622 3621
f 3258 3621 9663
f 3318 3623 8887
f 7022 7722 3624
f 7022 3624 3610
f 7722 3625 3360
f 7722 3360 3624
f 5992 3620 3626
f 5992 3626 10109
f 3286 3627 3320
f 8510 3627 3286
f 8510 3320 3627
f 5961 3596 6787
f 3616 10374 6961
f 3628 3616 6961
f 8548 3305 3615
f 8548 3615 3329
f 3343 6621 3629
f 3384 3630 3631
f 3384 6238 3630
f 9069 3386 3633
f 3384 3631 6260
f 3369 9214 3386
f 3634 7105 9446
f 7105 3634 3387
f 3637 3636 7104
f 3351 3638 3361
f 3351 3389 3635
f 7104 3390 3637
f 3391 6259 3639
f 3388 8239 3639
f 3343 3629 8489
f 8489 3629 3640
f 8489 3640 6939
f 3391 11011 8080
f 9191 3641 10641
f 9191 10641 3399
f 3401 3395 7909
f 3401 7909 3642
f 9209 3643 3403
f 9209 3403 6083
f 8035 3407 3644
f 10770 3645 3646
f 10770 3646 3647
f 3648 10770 3647
f 3391 10770 3648
f 3409 11076 3410
f 6259 3391 3650
f 3391 3649 3650
f 9493 6311 3652
f 9374 3638 3605
f 9374 3605 3576
f 9374 3411 3653
f 3411 3654 3653
f 3411 3412 3655
f 3412 9344 7943
f 3651 3657 3601
f 3651 3601 3656
f 3412 7943 3656
f 3387 3658 7105
f 9586 3477 10702
f 9586 10702 3659
f 3387 3413 3477
f 3387 3477 3658
f 10670 3413 3661
f 10670 3661 3660
f 10670 3660 3470
f 10670 3470 3471
f 3661 3413 3662
f 3387 3662 3413
f 3413 3663 8186
f 3413 8186 3663
f 3369 3506 3664
f 10670 3664 3413
f 3413 3664 3506
f 3665 3383 9379
f 3383 3666 3645
f 3666 3383 3665
f 9562 3414 11042
f 3421 10641 3667
f 3428 6809 9406
f 3428 9406 3669
f 7806 3428 3669
f 7806 3669 11114
f 9191 6166 3641
f 3672 3670 3427
f 3428 3427 3671
f 3427 10589 3673
f 3427 3673 3672
f 9087 7747 3428
f 3401 3642 10602
f 3401 10602 7987
f 10670 6003 9023
f 3369 3434 3506
f 3438 3431 3675
f 3438 3675 3676
f 7617 3675 3431
f 3438 3676 3439
f 3440 3677 3337
f 9209 7025 3643
f 6901 11029 5754
f 5938 3679 3678
f 8035 3644 3679
f 8035 3679 5938
f 5938 3678 9053
f 3445 3680 9011
f 9140 10748 6922
f 3681 3668 10361
f 3681 10361 3450
f 9971 3337 3682
f 3337 3683 3682
f 7687 3439 3684
f 3442 6901 3685
f 3442 3685 3686
f 3442 3686 3687
f 6986 3690 3689
f 6986 3689 3688
f 6986 3688 3691
f 6986 3691 3453
f 3427 3453 3435
f 6982 3692 5858
f 7889 3693 3694
f 9111 3695 7889
f 9111 7889 3694
f 3693 10494 9038
f 3693 9038 3696
f 3696 9038 7608
f 3696 7608 9832
f 3697 7985 10666
f 3697 10666 3656
f 3698 7850 6682
f 3698 6682 10486
f 6263 8929 9843
f 6263 9843 3698
f 3699 8929 6263
f 3699 6263 3478
f 10286 7487 3700
f 7058 3616 10286
f 10592 3512 3701
f 3701 3501 3466
f 6398 8887 10826
f 9663 8887 6398
f 3694 3693 7170
f 3694 7170 6310
f 3695 3491 7719
f 3695 7719 9020
f 3491 3492 7719
f 3695 3485 3491
f 3695 10365 3702
f 3695 3702 3495
f 3695 3495 3090
f 3695 3090 7889
f 7608 9038 3102
f 7608 3102 3509
f 7608 3509 3099
f 3021 3703 3434
f 3696 3072 3073
f 3696 7170 3693
f 3491 3485 3489
f 3491 3489 3490
f 3561 3562 3560
f 3697 10109 3620
f 3697 6800 7985
f 6800 3617 3616
f 3697 3654 3653
f 3697 3653 3361
f 3697 3361 3704
f 3697 3704 3625
f 3697 3625 10109
f 3656 3412 3655
f 3656 3655 3697
f 3697 3655 3411
f 3697 3411 3654
f 3656 8086 3705
f 3603 3705 6202
f 6682 3298 3608
f 6682 3608 3297
f 3610 3297 3601
f 3610 3601 3657
f 3698 3408 3409
f 3698 3409 3410
f 6682 7850 3450
f 6682 9011 3680
f 6682 3680 3445
f 6682 3445 9916
f 6682 9916 3624
f 6263 3698 3410
f 3478 3414 3415
f 3478 3415 7148
f 10486 9493 3652
f 10486 3652 6311
f 10486 3408 3698
f 3478 3076 3699
f 3699 3076 3475
f 3699 3475 3075
f 3699 3075 3474
f 8315 3291 3292
f 8315 3292 3293
f 7487 10286 5817
f 7487 10372 6787
f 3595 6787 3596
f 3595 3597 3598
f 3595 3598 9448
f 7487 9448 3700
f 8929 3699 10661
f 10661 3699 3434
f 3699 3474 3473
f 3699 3473 7974
f 3699 7974 3505
f 3699 3505 3021
f 3699 3021 3434
f 3499 3500 3501
f 3095 3498 3497
f 3095 3497 10739
f 3095 7872 3701
f 3701 7872 9079
f 3701 3001 3499
f 3701 3499 3501
f 9111 3694 8201
f 9111 8201 3483
f 9111 3483 3482
f 3696 9832 3074
f 3696 3074 3072
f 3656 3602 8086
f 10666 3299 3300
f 10666 3300 3602
f 10666 3602 3656
f 9832 3477 3479
f 9832 3479 8241
f 3478 3659 10702
f 9663 6934 3584
f 3507 10592 3701
f 3507 3701 3508
f 3507 3508 3096
f 3508 3701 3096
f 3096 3701 7391
f 3096 7391 3504
f 3095 10157 3516
f 3515 3512 3517
f 3515 3517 3707
f 3707 3517 3512
f 3707 3512 8564
f 3701 3512 3515
f 3701 3515 10157
f 3701 10157 3095
f 3512 3514 8564
f 3512 10592 3510
f 3512 3510 7510
f 3512 7510 3511
f 3466 3467 10288
f 3466 3501 10426
f 3466 10426 3503
f 3466 3503 3502
f 3556 3555 3571
f 3556 3571 3572
f 9663 3621 3622
f 9663 3622 3259
f 6783 3573 7784
f 6783 7784 3557
f 3679 6138 9053
f 3679 9053 3678
f 9053 6138 10268
f 3686 3685 3708
f 3708 3442 3687
f 3708 3687 3686
f 3708 3685 6901
f 3675 3439 3676
f 3339 3708 7687
f 9032 7687 3684
f 9032 3684 3439
f 9032 3439 3675
f 3708 3339 9971
f 3708 9971 3682
f 3708 3682 3683
f 3708 3683 3337
f 3708 3337 3677
f 3708 3677 3440
f 10569 3441 7812
f 10569 7812 3708
f 9032 10503 6552
f 9102 5858 3692
f 9102 3692 6982
f 9102 6982 3421
f 9102 3421 6166
f 6166 3421 3667
f 3709 3453 3691
f 3670 3672 3673
f 3691 3688 3709
f 9102 10624 3430
f 3688 3689 3709
f 3709 3689 3690
f 3709 3690 6986
f 3709 6986 7987
f 6138 10748 9140
f 6138 9140 10411
f 3679 3644 3407
f 3679 3407 6922
f 7025 10569 3403
f 7025 3403 3643
f 7468 3465 10787
f 3670 9087 3428
f 3700 9488 3591
f 3700 3591 3294
f 3700 3294 8315
f 3291 8315 3294
f 3700 9448 3600
f 3700 3600 9488
f 10975 9272 7043
f 6398 10826 9328
f 10975 7043 3618
f 10975 3618 6398
f 7978 3618 7043
f 6398 3618 3619
f 6398 3619 3313
f 10826 8887 3623
f 10826 3623 3318
f 10826 6631 9287
f 6166 3667 10641
f 6166 10641 3641
f 10602 3642 7909
f 3287 10575 3710
f 3287 3710 3286
f 3287 3286 3585
f 3709 3376 8856
f 3709 8856 7912
f 6899 3709 3674
f 6899 3674 7987
f 3674 3709 7987
f 6132 10767 6974
f 6132 6974 3435
f 6974 3670 10589
f 3709 7912 6132
f 3673 10589 3670
f 10826 7956 8466
f 3428 3671 3670
f 11100 8064 3486
f 3457 8195 9530
f 3486 8064 9515
f 3486 9515 11055
f 3631 3711 11007
f 11112 5983 8262
f 8262 5983 11099
f 11099 8195 3457
f 9515 8064 3712
f 8245 3711 3631
f 3631 6238 8245
f 7068 3713 3532
f 9514 3532 3713
f 6035 6939 9502
f 3574 3714 3268
f 3712 3532 9514
f 9502 6939 8245
f 8245 6238 9502
f 3493 3468 11023
f 7172 9197 10888
f 7172 9422 8139
f 7172 8139 10893
f 7172 10893 9528
f 9560 3493 3050
f 9560 3050 3048
f 9560 3048 3481
f 9560 8267 3482
f 9560 3482 3484
f 3468 9534 10981
f 3468 10981 9492
f 3468 11085 9524
f 6325 3055 9524
f 3479 7204 6325
f 6325 7204 3055
f 3480 9598 7204
f 3480 7204 3479
f 7210 10973 8204
f 7210 9586 6317
f 7210 6317 11111
f 3486 3487 8256
f 3645 7210 8265
f 3645 9562 11042
f 8203 10873 3190
f 8203 3190 10888
f 8203 10888 9197
f 8203 3524 6293
f 8203 6293 9342
f 3588 8282 3589
f 3589 3590 6261
f 7182 3590 10927
f 7182 10927 3599
f 3586 3614 3613
f 3586 3613 9463
f 3586 9463 11054
f 3586 3611 9523
f 11054 9463 7100
f 11054 9320 3601
f 11054 9418 3612
f 3649 7943 9344
f 3649 6259 3650
f 3713 10722 3594
f 3714 10931 3261
f 3645 9543 11076
f 3645 6311 3651
f 3645 3651 3649
f 3645 3649 3391
f 7073 3540 3547
f 7073 3547 3546
f 3546 3548 3162
f 3546 3162 3551
f 3546 3549 7073
f 3546 3551 3715
f 3546 3715 3549
f 7172 3552 3541
f 7172 9528 3539
f 7172 3539 3552
f 3645 3666 3665
f 3645 3665 9379
f 3468 10775 3469
f 3468 3493 9535
f 3468 9535 11092
f 3712 6530 10753
f 3712 10753 3554
f 3712 3554 7946
f 11100 3543 3542
f 8256 3487 3458
f 9530 3458 3564
f 3711 10126 3716
f 3711 3716 3633
f 3711 3633 3386
f 11007 3471 3472
f 3660 3717 6859
f 9464 3661 3660
f 3049 3564 3182
f 3049 3182 3718
f 9530 3718 7116
f 9530 7116 3459
f 9530 3459 5953
f 3486 11055 7168
f 3631 11007 3632
f 3386 3052 3387
f 11007 3387 3632
f 11112 3462 3719
f 11112 3719 3662
f 11112 3662 3661
f 3052 3719 3387
f 11112 3460 3462
f 8262 3052 6326
f 8262 6326 11112
f 3457 3456 11099
f 3712 3553 3545
f 3712 3519 3518
f 3712 3518 8052
f 3712 10941 3553
f 11055 3545 3541
f 11055 3538 3161
f 8262 7031 3464
f 3462 3460 3461
f 3387 3634 9446
f 3631 3632 6260
f 8064 6530 3712
f 3711 3629 10126
f 6238 3631 3630
f 3534 3529 3530
f 3534 3530 3531
f 3534 3533 11131
f 3534 11131 3529
f 8232 3529 3525
f 6293 3524 3158
f 8203 3528 3524
f 3645 3391 3648
f 3645 3648 3647
f 3645 3647 3646
f 3588 7201 11102
f 8264 11118 3273
f 3273 9552 3588
f 3273 3588 3587
f 8264 3273 3586
f 7068 3532 3156
f 7068 3156 3527
f 7068 3527 3526
f 3568 3566 3720
f 10630 3579 3271
f 3605 3638 3351
f 6035 3604 3605
f 6035 3605 3351
f 6035 3351 3635
f 6035 3635 3389
f 3721 3605 3607
f 10962 6591 3268
f 3714 3261 9459
f 7062 3228 3722
f 7924 3722 3582
f 7924 3582 3264
f 11000 9490 3271
f 3271 11049 3723
f 3271 3723 3565
f 3271 3565 3567
f 3593 3723 10894
f 3593 10894 9250
f 3713 3594 3592
f 3713 3592 3593
f 3713 3593 9250
f 9502 8239 6035
f 6035 8239 3390
f 3268 6591 3411
f 3268 3411 3724
f 3268 3724 10944
f 3268 10944 6236
f 3574 3268 8213
f 3714 3574 6218
f 7924 9351 11000
f 11000 9351 6983
f 3712 3522 3523
f 3712 3523 10940
f 3712 3521 3520
f 3712 3520 3519
f 6233 11032 3522
f 6233 3535 9499
f 6233 9499 11032
f 6233 3536 11121
f 6233 8184 3535
f 3575 7100 11016
f 10944 3577 6236
f 3390 3636 3637
f 9197 3521 7166
f 3532 3712 9121
f 3532 9121 3152
f 6939 3640 3629
f 3731 3733 7716
f 3730 3734 3735
f 3737 3739 3738
f 3737 3738 8785
f 6256 3744 6996
f 6887 3751 3754
f 3755 3756 3753
f 3756 3755 3757
f 8850 3757 3758
f 3759 3761 3760
f 3759 3760 3738
f 3761 3755 3760
f 3755 3761 3759
f 3755 3759 3762
f 3739 3737 3763
f 8928 3763 3764
f 3765 3740 3737
f 3740 3765 3766
f 10509 3740 3766
f 7775 3767 3769
f 3767 7775 3770
f 3767 3770 3771
f 3772 3773 5716
f 3773 3768 5716
f 10430 3773 3772
f 10430 3772 3774
f 3775 3777 8908
f 3775 8908 3776
f 3777 3775 3778
f 3777 3778 3779
f 3725 3726 9291
f 3743 10746 3746
f 3745 3746 10746
f 3745 10746 3780
f 3745 3780 3748
f 3747 3748 3750
f 3749 6037 3752
f 3751 3752 3781
f 3751 3781 3754
f 3753 3754 3781
f 3753 3781 5638
f 6100 10746 8019
f 6100 6768 10746
f 9901 6768 3729
f 8514 9901 3729
f 8514 3729 3730
f 3748 3780 10746
f 3748 10746 6768
f 3750 3748 6768
f 3781 3752 9901
f 3765 3737 3741
f 3768 6734 5716
f 3776 8908 3733
f 3742 3731 3732
f 6535 3732 3782
f 3732 3767 3782
f 7716 3783 3767
f 7716 3733 6734
f 7716 6734 3783
f 3741 6535 3782
f 3741 3782 7465
f 3782 3767 7465
f 3767 3783 3769
f 7278 8514 3730
f 7278 3730 3735
f 7278 9975 8514
f 3735 3734 5710
f 8403 7278 3735
f 9861 8403 6535
f 3738 9861 8785
f 9861 6535 8785
f 3731 9864 3733
f 3790 3792 3791
f 3793 3794 3790
f 3790 3794 8554
f 3795 9671 5710
f 8554 3794 7415
f 3789 3795 5710
f 6133 3797 3796
f 10295 3803 7782
f 8895 3806 3804
f 3807 3792 3809
f 3807 3809 3808
f 3808 3809 3804
f 3804 3810 3807
f 3804 3807 3808
f 3791 3792 3811
f 3811 3812 3790
f 3811 3790 3791
f 3813 3794 3793
f 10186 3814 3813
f 8886 3817 3815
f 10601 3820 3819
f 10601 3819 3818
f 3822 3823 3821
f 3822 3824 3823
f 7466 5906 6715
f 6715 3825 7466
f 6715 3826 3825
f 3784 3827 3785
f 3796 3827 6133
f 3796 8038 3827
f 3798 7788 3828
f 3799 8973 3829
f 3800 8867 3830
f 3801 8857 3831
f 3786 3785 3827
f 3727 3786 10667
f 3727 10667 3833
f 3833 9826 3727
f 3833 8416 9826
f 9958 8416 3833
f 5927 8416 9958
f 5927 9674 8416
f 10667 8038 3828
f 7788 3833 10667
f 7788 10667 3828
f 3829 3833 7788
f 8973 3833 3829
f 3830 3833 8973
f 3831 9958 8867
f 9674 5927 8857
f 9674 8857 3832
f 3815 3834 6803
f 7809 8529 3834
f 7809 3834 3815
f 3776 3733 6385
f 3776 6385 5906
f 3795 3787 3731
f 3795 3731 9671
f 3731 8545 3834
f 3731 3834 3788
f 3788 3834 8529
f 5981 6803 8545
f 5981 8545 7415
f 8545 6803 3834
f 3832 3802 6079
f 8708 7271 9674
f 6079 3835 9674
f 6079 9674 3832
f 7298 3835 6079
f 3792 3836 3809
f 7271 3789 5710
f 8708 10025 3789
f 8708 3789 7271
f 7298 3809 8708
f 3809 3836 10025
f 3809 10025 8708
f 3836 3792 10025
f 7587 3839 3838
f 9926 5978 3839
f 3840 3841 9926
f 3842 3841 9822
f 8639 3848 6051
f 3846 6789 8639
f 7485 10251 3847
f 7485 3847 3849
f 9077 3850 3844
f 3851 3845 6051
f 3851 3846 3845
f 3842 3853 3852
f 3856 3857 3855
f 3842 3852 9949
f 3852 3853 9949
f 3853 7664 9949
f 3859 3857 3858
f 3860 3853 3842
f 3860 6771 3853
f 3861 3862 10057
f 3863 3855 10057
f 3863 10057 3862
f 3863 3856 3855
f 3864 7947 3856
f 6820 7947 10180
f 6820 3858 7947
f 3825 3826 3866
f 6715 3849 3866
f 6715 3866 3826
f 3849 7466 3825
f 3849 3825 3866
f 3823 3824 3867
f 3822 3868 3867
f 3822 3867 3824
f 3822 7809 9077
f 3868 3822 9077
f 3868 3821 3823
f 3868 3823 3867
f 3821 3868 10251
f 3819 3820 3869
f 10601 3850 3869
f 10601 3869 3820
f 3850 3818 3819
f 3850 3819 3869
f 3818 3850 9077
f 3815 3817 3870
f 8886 3871 3870
f 8886 3870 3817
f 8886 3794 3851
f 3871 8886 3851
f 3871 3851 6051
f 3871 6827 3815
f 3871 3815 3870
f 6827 3871 6051
f 3813 3814 3872
f 10186 7705 3872
f 10186 3872 3814
f 7705 3813 3872
f 3794 3813 3851
f 3812 3811 6665
f 6665 3790 3812
f 3811 3792 5915
f 3810 3804 6623
f 6623 3807 3810
f 3807 8861 7587
f 3806 8895 3873
f 3873 3804 3806
f 8895 9822 3873
f 6889 9822 3841
f 10412 6889 3841
f 10412 3841 3840
f 3803 10295 6053
f 6053 7782 3803
f 9822 6053 3842
f 10262 3874 6841
f 3874 10262 3861
f 3874 3861 6771
f 3874 3860 3801
f 3860 3874 6771
f 3862 10368 3799
f 3799 3863 3862
f 3800 3862 3861
f 6970 10418 3798
f 3798 3864 6970
f 10418 6970 3863
f 9207 10180 3875
f 9207 3875 10537
f 3798 3875 3864
f 3796 3797 3876
f 6242 6820 3876
f 3838 10060 5735
f 3838 5735 8666
f 6387 8666 3846
f 7705 6387 3846
f 3790 10227 8666
f 3790 8666 6387
f 3879 3877 3878
f 3879 3878 3880
f 3878 3839 3880
f 8637 3838 3839
f 8561 7558 3881
f 3880 3839 5978
f 7558 5978 3882
f 3881 7569 8561
f 3886 8780 3887
f 3843 3883 5842
f 7859 3884 3883
f 7859 3883 3843
f 10156 3885 3884
f 3848 3885 10156
f 3887 8780 6789
f 3887 6789 7241
f 3888 3884 7734
f 3881 9630 3890
f 3881 3890 3889
f 3889 8696 3891
f 6140 3894 3893
f 9630 3882 3895
f 9630 3895 3890
f 7668 6375 3892
f 6140 3859 3894
f 3859 3858 3893
f 3859 3893 3894
f 3882 9949 7664
f 3882 7664 3895
f 3895 8746 6058
f 3895 6058 6375
f 5903 3881 3889
f 3896 3889 3891
f 3897 7668 3892
f 3898 6140 3893
f 9337 6172 3893
f 9337 3893 3858
f 3779 3778 3900
f 3777 3779 3900
f 3777 3900 3901
f 6883 3777 10269
f 3901 10269 3777
f 3901 3900 3778
f 3901 3778 3775
f 3775 3776 3849
f 3775 10269 3901
f 10430 3774 3902
f 3902 3774 3772
f 3768 3902 6559
f 8968 5842 6559
f 3772 10269 5842
f 3772 5842 8968
f 3767 3771 3903
f 3903 3771 3770
f 3767 3903 3888
f 6861 3884 3888
f 6861 3770 3768
f 3768 6559 3884
f 3768 3884 6861
f 3765 6086 9919
f 9919 6086 3904
f 9919 3904 3905
f 3905 7734 6697
f 3905 3904 6086
f 10347 3888 7734
f 10347 7734 3905
f 10509 3766 8807
f 3766 3765 6697
f 8928 3764 3906
f 3906 3764 3763
f 3738 8928 3906
f 3738 3906 8631
f 7819 3763 3737
f 3755 3762 3907
f 3907 3762 3759
f 3907 3759 3908
f 3755 3907 7479
f 3908 7479 3907
f 3759 7479 3908
f 8850 3758 3909
f 3909 3758 3757
f 3753 8850 3909
f 10183 8561 7569
f 10183 3757 3755
f 3755 7479 8561
f 3755 8561 10183
f 10297 8945 3910
f 3910 3881 5903
f 7569 3881 3910
f 3749 8844 3896
f 10005 3896 8844
f 6878 7823 10005
f 6877 3747 10352
f 6877 10352 3891
f 10352 3749 3896
f 3891 10352 3896
f 3745 7945 10379
f 3911 3745 10379
f 3745 3911 3898
f 10379 3898 3911
f 7945 3747 8813
f 7945 8813 10379
f 3743 9144 3899
f 10598 3899 9144
f 9144 6945 10598
f 6945 3898 10598
f 3743 3899 3912
f 3912 6172 3913
f 9932 3877 3886
f 5897 10060 3838
f 5946 3886 3877
f 5946 3877 8631
f 3886 3887 9932
f 3737 8631 7819
f 6375 3855 8972
f 6375 8972 3892
f 10618 3859 6140
f 3725 9337 3914
f 10036 5711 3923
f 3925 3928 8795
f 8703 3924 5796
f 3930 8703 3929
f 3928 3930 9779
f 3925 3926 3930
f 3925 3930 3928
f 10676 3933 3935
f 7059 10676 3935
f 3942 3943 3940
f 3943 3942 3944
f 3940 3943 3944
f 3940 3944 3945
f 7778 3942 3947
f 10287 8863 3948
f 3949 3950 3946
f 3949 3946 6720
f 3950 3949 3951
f 3946 3950 3951
f 3946 3951 3952
f 8742 10229 3953
f 3927 10260 3955
f 3954 8890 3958
f 10468 3962 3956
f 10468 3956 3960
f 3962 10468 3961
f 3962 3961 3963
f 7914 3959 3965
f 9054 3966 3967
f 3968 3970 3969
f 3970 3968 3971
f 3970 3964 3969
f 3970 3971 3972
f 3931 3932 3934
f 3933 9068 3937
f 3936 3937 9068
f 3936 9068 3973
f 3936 3973 3939
f 3938 6042 3941
f 3940 3941 6042
f 3940 9640 3974
f 3942 3940 3974
f 3917 7515 3918
f 3919 3917 3918
f 7046 3975 3932
f 7046 9959 3975
f 6484 3916 3917
f 7471 3917 3919
f 8669 7471 3919
f 3975 3934 3932
f 9068 3975 9959
f 3973 9068 9959
f 3939 3973 9959
f 3954 8795 3928
f 3954 3928 7735
f 3956 7735 3976
f 3956 8796 3960
f 3959 3960 8796
f 3959 8796 3965
f 3964 3965 6677
f 3964 6677 3969
f 3920 3921 3976
f 3920 3976 9779
f 10015 3922 8796
f 3922 3965 8796
f 3928 9779 7735
f 9779 3976 7735
f 8669 3947 3942
f 6699 8669 10036
f 6720 3946 5867
f 6720 5867 3977
f 7289 6699 10036
f 7289 10036 6409
f 6720 3977 3930
f 3977 8703 3930
f 3978 3979 9275
f 7046 3979 3980
f 3920 3981 7374
f 10037 3983 3923
f 3985 8911 3988
f 3984 5796 3924
f 6653 7387 3984
f 3985 3988 3986
f 8070 3990 10718
f 6116 3998 3997
f 4001 4003 4002
f 4002 4003 3999
f 10386 4004 4001
f 10386 4001 4002
f 7805 3986 4001
f 4001 4005 10276
f 10389 4007 4006
f 4008 7421 4009
f 8935 4010 4008
f 4011 4013 4012
f 4012 4013 4008
f 10427 4014 4011
f 10427 4011 4012
f 5774 4016 4015
f 10250 4017 4016
f 4018 3969 4019
f 4019 4020 4018
f 4019 3969 8891
f 4019 4021 4020
f 3978 7045 3979
f 3989 7925 4022
f 3991 6949 6173
f 3992 4023 6173
f 3992 7874 4023
f 3994 10191 6913
f 7515 7046 3980
f 3979 7045 4022
f 3980 3979 4022
f 3980 6173 4023
f 4023 8569 3980
f 10004 6478 8569
f 4024 6478 10004
f 7318 8396 4024
f 6913 10004 7874
f 6913 4024 10004
f 10191 4024 6913
f 4008 8482 7421
f 4011 9730 4013
f 8891 3969 6677
f 8891 6677 7667
f 7387 3981 3920
f 7374 3982 6677
f 6653 4025 3981
f 6653 3981 7387
f 3981 4025 8482
f 3981 8482 7374
f 3982 7667 6677
f 8911 7421 4025
f 8911 4025 6653
f 4025 7421 8482
f 7374 4013 9730
f 7318 3996 6846
f 3983 10037 7318
f 6846 3983 7318
f 3999 4003 6846
f 3983 3984 3924
f 3983 3924 3923
f 6846 4003 3984
f 6846 3984 3983
f 4003 10009 3984
f 4001 3986 8537
f 8537 3986 10009
f 4026 4028 9995
f 6770 4026 4027
f 9672 4029 4031
f 9672 4031 8646
f 4029 4030 6704
f 4035 4037 10105
f 6824 4035 4034
f 4030 4029 4040
f 4041 4042 9940
f 4042 4044 4043
f 4042 4043 9940
f 4030 4040 6704
f 4040 4047 6704
f 9940 4043 7660
f 8783 4045 4048
f 4048 4045 4046
f 5972 4040 4029
f 6116 4041 4040
f 6116 4042 4041
f 4044 4050 8783
f 4045 8783 4050
f 4051 10421 6120
f 4051 4052 7015
f 4053 7015 4052
f 4020 4021 4054
f 4019 4038 4054
f 4019 4054 4021
f 4019 8891 7440
f 4038 4019 7440
f 4038 4018 4020
f 4038 4020 4054
f 3969 4018 4038
f 4016 4017 4055
f 10250 6471 4055
f 10250 4055 4017
f 6471 4015 4016
f 6471 4016 4055
f 4015 6471 10465
f 4015 10465 7440
f 4011 4014 4056
f 10427 6411 4014
f 4014 6411 8946
f 4011 4056 4039
f 4014 4039 4056
f 4039 4014 8946
f 4010 8935 4057
f 4057 4008 4010
f 8935 6824 4057
f 7822 6824 4034
f 7822 6411 4008
f 6411 7822 4034
f 4007 10389 6049
f 6049 9684 4006
f 6049 4006 4007
f 4005 4001 4058
f 4058 10276 4005
f 8901 6770 4027
f 4004 10386 4059
f 4059 4001 4004
f 10386 7575 4059
f 6770 8860 5958
f 3999 7820 4060
f 9021 4061 4060
f 4061 9021 5972
f 4061 5972 4029
f 4061 3999 4060
f 3999 4061 7575
f 4061 4029 7575
f 3998 6116 4062
f 4062 3997 3998
f 4062 6116 4040
f 4062 3996 3997
f 5972 4062 4040
f 7789 3993 4044
f 4042 7789 4044
f 4042 8873 10354
f 10399 4050 6126
f 4050 10399 4045
f 4050 4044 8943
f 9164 6120 10506
f 6120 9164 4051
f 6154 10603 9266
f 9266 4053 6154
f 10603 4052 4051
f 10718 3990 4063
f 3989 10498 4053
f 4028 4064 9995
f 3985 4027 4064
f 4064 4028 4037
f 4064 4037 8686
f 3985 4064 8686
f 3985 8901 4027
f 4068 6720 9876
f 9876 4066 8547
f 4066 6698 4070
f 4066 4070 8547
f 4068 9876 4069
f 4032 6779 4036
f 7673 10105 4037
f 4038 4036 6779
f 4076 4072 4073
f 4076 4073 4077
f 6845 4077 4073
f 6845 4073 4074
f 3954 8776 4075
f 3954 4075 4078
f 8547 9911 5948
f 5948 9911 8397
f 5948 8397 4084
f 5948 4084 8738
f 10069 4084 4081
f 4084 7660 10130
f 4048 4046 4082
f 4048 4082 6635
f 4071 4069 4079
f 4086 6691 4080
f 4086 10069 4087
f 6817 10069 6087
f 6844 6087 4082
f 3972 3971 4088
f 3970 3972 4088
f 3970 4088 4089
f 3964 3970 10275
f 4089 10275 3970
f 4089 4088 3971
f 4089 3971 3968
f 3968 3969 4038
f 3968 10275 4089
f 9054 3967 6090
f 6090 3967 3966
f 9867 8851 4076
f 9867 4076 6090
f 3964 10275 8851
f 3964 8851 9867
f 3962 3963 7685
f 7685 3963 3961
f 3956 3962 7685
f 8987 3961 3959
f 3959 4076 4077
f 3954 3958 4090
f 4090 3958 8890
f 4090 8890 4091
f 4091 8776 3954
f 4091 3954 4090
f 4091 8890 3956
f 6845 8776 4091
f 3927 3955 7704
f 7704 3955 10260
f 7704 10260 4078
f 8742 3953 4092
f 4092 3953 10229
f 4092 10229 8638
f 8638 6720 4092
f 3946 3952 4093
f 4093 3952 3951
f 3946 4093 4068
f 3951 6720 4068
f 3951 4068 4093
f 3949 6720 3951
f 10287 3948 4094
f 4094 3948 8863
f 3942 4094 4071
f 4094 4069 4071
f 10351 4068 4069
f 10351 4069 4094
f 3940 3945 9968
f 9968 3945 3944
f 9968 3944 4079
f 4079 3944 3942
f 4079 3942 4071
f 4086 3938 10232
f 4086 10232 7621
f 7621 6691 4086
f 7621 10232 3940
f 7662 3936 10336
f 4087 10336 3938
f 4087 3938 4095
f 3938 4086 4095
f 4095 4086 4087
f 3933 10550 6087
f 9095 3936 6817
f 6087 10550 6817
f 3935 3933 4096
f 4066 5969 3925
f 3925 6467 4066
f 4066 6467 7673
f 4066 7673 9627
f 9627 7673 4037
f 9627 4037 4028
f 3925 4078 4075
f 4070 6698 8646
f 4070 8646 4031
f 5984 10282 4072
f 4033 4074 10282
f 4033 10282 5984
f 10105 4074 4033
f 9911 6704 4047
f 4084 10130 4048
f 4084 4048 6635
f 4046 6203 4082
f 8107 10966 6203
f 4098 10726 4099
f 4100 4099 10726
f 4108 8390 4109
f 4110 4108 4111
f 10023 4112 4117
f 4116 4118 4113
f 4113 4114 4116
f 4118 4116 4114
f 4118 4114 8726
f 9196 4121 4123
f 4119 9196 4123
f 4121 10458 6071
f 4127 4126 4128
f 4124 4127 4128
f 4126 4130 6808
f 4129 10226 6066
f 7727 4135 4131
f 7727 4131 4134
f 4135 10132 4136
f 8870 4133 4138
f 4133 8870 4139
f 7684 8798 4140
f 4141 4115 4113
f 4115 4141 4142
f 10350 4115 4142
f 7763 4144 4141
f 4144 10241 4145
f 8963 4143 4147
f 6840 4148 4150
f 4151 4149 4152
f 10528 4154 4149
f 4154 10528 4153
f 4154 4153 4155
f 4119 6950 10663
f 4121 7933 4125
f 4124 6910 4127
f 4126 10110 7783
f 4129 8745 4132
f 4131 4132 8421
f 4102 4101 4100
f 4103 4101 4102
f 4100 5715 4099
f 5715 10663 6950
f 4125 7933 5715
f 4127 6910 8767
f 10110 8767 6544
f 7783 10110 6544
f 4132 8745 6544
f 4132 6544 7380
f 7380 8421 4132
f 4146 4147 6085
f 4152 8889 10107
f 10023 4117 4105
f 4118 10023 4156
f 4156 10023 7450
f 4156 7450 9728
f 7450 4106 9728
f 4106 4107 4147
f 4107 6085 4147
f 4113 4118 4156
f 4113 4156 4141
f 4141 4156 9728
f 9728 4106 4147
f 4110 7380 4108
f 6638 7380 4110
f 4133 6638 4138
f 4110 4111 4112
f 6638 4110 4138
f 4137 5907 4114
f 5907 8726 4114
f 4157 4158 10726
f 4100 10726 4158
f 4161 8390 4160
f 4105 4162 8683
f 5662 4109 8390
f 5662 8390 4161
f 5662 4108 4109
f 4163 10197 4165
f 4165 10197 4166
f 10019 6434 4112
f 10019 4166 6434
f 4166 10053 4165
f 4167 9099 4168
f 4168 4169 8135
f 4174 4176 10175
f 7772 4178 4175
f 4179 4181 4180
f 4180 4181 4177
f 4177 4179 4180
f 8916 4182 4163
f 4164 4184 4183
f 4164 4185 4184
f 8906 4188 6153
f 10496 4190 4187
f 8985 4191 4189
f 7873 6942 4192
f 4192 6942 4193
f 4193 4194 7873
f 4193 7873 4192
f 4167 8923 4195
f 4167 4195 9099
f 4170 10454 6179
f 4171 4196 10454
f 4173 6867 5890
f 4173 7674 4197
f 4173 4197 10111
f 4174 6812 8711
f 4175 9606 8711
f 4102 7766 4159
f 4160 9690 4102
f 4160 4102 10338
f 4160 8390 9690
f 7766 4158 9099
f 4159 7766 9099
f 7635 4160 10338
f 4161 4160 7635
f 10454 6055 9099
f 10454 9099 6179
f 4196 6055 10454
f 8711 4161 7635
f 4186 10326 4198
f 4152 10107 6942
f 6434 4162 4105
f 4166 5766 4162
f 4166 4162 6434
f 4162 5766 4198
f 4162 4198 8683
f 8683 7602 10107
f 10107 4190 6942
f 10197 5766 4166
f 5766 7852 4198
f 4198 10326 8683
f 8683 10326 7602
f 9606 4175 4178
f 4199 5662 4161
f 4178 4199 4161
f 4178 5662 4199
f 4177 4181 4178
f 4178 4181 7317
f 4179 10053 6612
f 6612 10053 8725
f 6612 8725 7317
f 5996 4201 4202
f 9956 4204 8630
f 8630 4204 4205
f 6661 9956 4206
f 4209 6733 4208
f 10135 4212 6733
f 4210 4213 4209
f 6593 7873 4211
f 8573 4211 7873
f 4215 4208 6733
f 4215 4209 4208
f 7580 4217 4216
f 4217 4218 4216
f 4204 4216 8716
f 4216 4218 4221
f 4216 4221 8716
f 6096 10298 4221
f 4222 4217 7580
f 4223 10032 4217
f 4224 4219 8810
f 4226 10768 4219
f 4193 4227 4194
f 4193 6942 8573
f 4227 4193 8573
f 4227 8573 7873
f 4227 7873 4194
f 8985 4228 4191
f 4228 8985 4214
f 4228 4214 6146
f 4228 8573 4189
f 4228 4189 4191
f 4188 8906 4229
f 4229 6153 4188
f 8906 4215 4229
f 7857 4215 6733
f 7857 4214 4187
f 4214 7857 6733
f 8986 4230 10382
f 4230 8986 6430
f 4230 6430 4209
f 4230 4215 4186
f 4215 4230 4209
f 4184 4185 4231
f 4164 7703 4231
f 4164 4231 4185
f 4183 4184 4231
f 7703 4183 4231
f 4182 8916 4232
f 4232 4163 4182
f 8916 4200 4232
f 4203 4233 10280
f 4233 4203 5996
f 4233 4179 10280
f 4179 4233 4200
f 4175 4206 10476
f 6798 10476 4206
f 6798 4206 9956
f 4176 4174 6031
f 6031 10175 4176
f 8790 4206 4175
f 4206 8790 7580
f 8882 4173 6842
f 6842 4217 10261
f 4217 4222 10261
f 10235 7739 4173
f 10235 4173 8888
f 4173 4234 4223
f 7739 4223 4234
f 7739 4234 4173
f 7854 4170 10415
f 10415 4235 7854
f 8954 4225 4219
f 4171 7854 4235
f 4171 4235 4224
f 4224 8954 4219
f 10477 4167 4226
f 4226 4236 10477
f 4236 4226 4219
f 4170 4236 4237
f 4170 4237 4225
f 4236 4225 4237
f 4225 4236 4219
f 4167 4238 4226
f 4240 6706 4239
f 4239 8749 4210
f 4240 4239 4210
f 4164 4163 4240
f 7703 4164 4240
f 4163 10169 6706
f 4163 6706 4240
f 4202 4201 5675
f 9109 4220 4241
f 4242 4243 4244
f 4245 4242 4244
f 4245 4244 4202
f 4245 4202 5675
f 4202 4244 7658
f 4246 4242 8504
f 8504 5675 4247
f 4246 8504 4247
f 7280 4248 4211
f 4251 6767 7293
f 7785 9106 4211
f 7785 4211 4248
f 4252 4248 7280
f 4252 7280 4249
f 4252 4249 4253
f 10040 4249 4250
f 10090 8731 4256
f 6881 4259 4258
f 9887 7618 4254
f 4254 7618 4261
f 8731 10089 4262
f 8731 4262 4256
f 4256 7829 4257
f 7829 4259 4257
f 6080 4241 4260
f 10089 4221 4262
f 10298 4259 7829
f 7292 9887 4254
f 4263 6717 4255
f 7474 4256 6881
f 4264 6881 4258
f 4264 4258 4259
f 4265 4259 4260
f 4154 4155 4266
f 4266 4155 4153
f 4149 4154 4266
f 4149 4266 7785
f 4266 9106 7785
f 4266 4153 4151
f 6840 4150 4267
f 4267 4150 4148
f 4146 6840 4267
f 4146 4267 4252
f 10461 4248 4252
f 7785 4248 10461
f 4143 10299 4268
f 4143 4268 7790
f 7790 4268 10299
f 7790 10299 4252
f 4144 4145 4269
f 4269 4145 10241
f 4141 4144 4269
f 4141 4269 9974
f 8876 6767 9974
f 4143 10040 8876
f 8876 10040 6767
f 10350 4142 4270
f 10350 4270 4271
f 4142 4141 9974
f 4271 4270 4142
f 4271 4142 9974
f 7684 4140 6723
f 6723 4140 8798
f 6723 8798 4272
f 4137 7684 6723
f 4272 7644 6723
f 4133 4139 5901
f 5901 4139 8870
f 10222 4137 6723
f 4135 4136 4273
f 4273 4136 10132
f 4131 4135 4273
f 8811 4247 7292
f 8811 4133 4246
f 4246 4247 8811
f 4129 8425 4263
f 10151 4254 4263
f 4126 10316 7741
f 4255 8922 4263
f 10233 8877 4256
f 4126 5885 8877
f 4256 8877 5885
f 4121 6071 10413
f 8917 6881 4264
f 4119 4123 9202
f 9202 4123 4274
f 9202 4274 7858
f 7858 4259 4265
f 4123 4121 7858
f 4123 7858 4274
f 4119 4276 4275
f 4119 4265 4276
f 4244 4243 5767
f 4244 5767 10027
f 4244 10027 8459
f 6490 4251 7644
f 5767 8749 10027
f 4113 6490 7644
f 4113 7644 4272
f 4212 4250 4249
f 4212 4249 9017
f 10135 7293 4250
f 10135 4250 4212
f 10089 8716 4221
f 7829 4221 10298
f 9109 4241 6080
f 4280 4279 4281
f 10039 4287 4286
f 4289 7470 8913
f 9857 4288 4293
f 7470 4293 8913
f 6231 10771 7035
f 9265 6050 4297
f 4296 4299 7865
f 10353 4302 4298
f 10189 4307 4303
f 4307 10189 4308
f 6908 4305 4310
f 4311 4312 4309
f 4312 4311 4313
f 10387 4312 4313
f 10387 4313 4314
f 4311 10277 4315
f 4291 4316 4317
f 10154 8821 4320
f 4318 10185 7774
f 10317 4321 4324
f 10317 4325 4326
f 4327 8892 4328
f 8892 4327 4329
f 8892 4329 4330
f 4278 7816 4295
f 4294 4295 6050
f 4298 10400 4331
f 4298 4331 6907
f 4300 6907 4304
f 4303 4304 4306
f 4281 4279 9868
f 4282 4280 4281
f 7816 4279 4295
f 4279 10400 7938
f 10400 4279 4280
f 6669 5828 4283
f 4279 6050 4295
f 6907 4331 10400
f 6907 10400 7351
f 4304 6907 7351
f 4304 7351 5828
f 4306 4304 5828
f 4318 5951 4322
f 4321 6721 4324
f 8892 4324 9847
f 4328 8892 9847
f 4288 4292 9802
f 4293 4288 9802
f 9802 5951 4293
f 9802 4285 5951
f 8913 4293 4319
f 5951 4285 4322
f 7570 4324 6721
f 6669 4310 4305
f 5909 6669 10039
f 4286 5909 10039
f 4311 4309 5743
f 4286 4287 6476
f 5909 4286 4332
f 5909 4332 4309
f 4309 8681 5743
f 8681 4286 4288
f 8681 4288 9857
f 9276 4333 4334
f 4336 7315 8422
f 4284 4337 8700
f 10038 4287 7315
f 4338 4287 10038
f 4341 4339 4342
f 8704 4292 6476
f 5894 7384 8704
f 4339 5894 7669
f 4352 4351 4353
f 4353 4354 4352
f 4351 4355 4354
f 4351 4354 4353
f 4356 4358 4357
f 4357 4358 4352
f 7849 4356 4357
f 4359 4356 4360
f 4360 4356 4361
f 4361 4362 4359
f 4361 4359 4360
f 8918 4363 4339
f 4364 4365 4339
f 4364 4339 4341
f 4342 4366 4364
f 4342 4364 4341
f 4368 4369 4367
f 4368 4370 4369
f 4371 4372 4367
f 10153 4374 4373
f 10153 4373 4371
f 10414 4377 4375
f 4378 4328 4379
f 4379 4380 4378
f 4379 4328 4375
f 4379 4381 4380
f 4345 4334 4344
f 4346 7937 9108
f 4347 4382 9108
f 4347 9108 7937
f 4347 7862 4382
f 4351 4383 5749
f 4352 6360 9993
f 4352 9993 4351
f 4281 9868 4334
f 4335 8422 4281
f 4336 8422 4335
f 10435 6617 4334
f 4384 4335 6617
f 4384 6617 10435
f 7862 4384 10435
f 7862 10435 4382
f 5749 4384 7862
f 5749 7419 4384
f 4383 7419 5749
f 8531 7419 9993
f 4365 4343 4339
f 4365 4368 4385
f 4365 4385 4343
f 4367 4385 4368
f 4367 4372 8789
f 4371 8802 7652
f 4375 4328 9847
f 4375 9847 8802
f 4337 4284 4292
f 4337 9778 8789
f 4337 8789 9836
f 6397 7652 8802
f 6397 8802 9847
f 4343 4385 9778
f 6360 4352 4358
f 4356 4386 6360
f 4356 6360 4358
f 10373 4387 4386
f 10373 4386 4356
f 4338 6476 4287
f 7360 4338 10038
f 7360 4387 8704
f 10373 7669 5894
f 10373 5894 4387
f 4387 5894 8704
f 4390 4391 7590
f 4390 7590 8450
f 4392 6498 4388
f 4392 4388 10373
f 4390 4394 8627
f 6498 4393 9912
f 8550 6498 5866
f 4399 4400 4398
f 6774 8625 4401
f 6081 4402 4396
f 6081 4396 4395
f 6848 4397 4396
f 6848 4396 4402
f 6848 10075 4397
f 4365 4399 10075
f 4365 4403 4399
f 4404 4405 7582
f 4407 4408 4406
f 4393 4410 9912
f 7582 4405 10050
f 8764 4411 10050
f 8764 4406 4412
f 8764 4412 4411
f 4412 4406 4408
f 5866 4404 8550
f 4413 6750 4404
f 4414 8376 6750
f 5703 6750 8376
f 4415 4408 4407
f 4380 4381 4416
f 4379 4401 4416
f 4379 4416 4381
f 4401 4379 6774
f 4401 4378 4380
f 4401 4380 4416
f 4328 4378 4401
f 4375 4377 4417
f 10414 4418 4417
f 10414 4417 4377
f 4418 10414 6081
f 4418 6081 7749
f 4418 4375 4417
f 4375 4418 7749
f 10153 7712 4374
f 7712 4371 4373
f 7712 4373 4374
f 4370 4368 7533
f 7533 4369 4370
f 7533 4367 4369
f 6848 7533 10075
f 4366 4342 4419
f 4419 4420 4364
f 4419 4364 4366
f 4364 4420 4403
f 4364 4403 4365
f 4363 8918 6711
f 6711 8694 4339
f 6711 4339 4363
f 4362 4361 4421
f 4421 4359 4362
f 4361 4356 4392
f 4361 4392 4421
f 4421 4392 10373
f 4356 10362 4422
f 8999 4423 4422
f 4423 5866 6498
f 4423 4356 4422
f 4356 4423 6498
f 4356 6498 4392
f 4355 4351 9970
f 9970 5866 4354
f 9970 4354 4355
f 5866 4413 4404
f 4414 7629 10231
f 4414 10231 4349
f 7629 4414 6750
f 8376 4347 5703
f 8376 4424 4349
f 4349 4424 4414
f 4424 8376 4414
f 4346 4407 10553
f 4407 4346 4415
f 4347 10553 5703
f 4407 5703 10553
f 4346 8089 4415
f 8089 4426 6130
f 4389 6680 8450
f 5971 4400 4399
f 4339 5971 4399
f 4339 4399 4403
f 4342 4339 4419
f 4420 4419 4339
f 4420 4339 4403
f 9952 8662 7590
f 9952 7590 4391
f 4428 4427 4429
f 4431 6681 4432
f 7585 8627 4394
f 6681 9912 4432
f 4430 6681 4431
f 7744 4435 10284
f 4436 4435 7744
f 4437 4435 4436
f 8941 4434 10495
f 7744 5985 8941
f 6054 4436 7744
f 4437 4436 6054
f 4438 4437 8765
f 4438 8765 6680
f 4439 4401 8625
f 4439 8625 6725
f 4441 10284 4435
f 4442 4435 4437
f 9880 4432 8655
f 4432 9912 4410
f 4432 6021 8655
f 8655 10050 6765
f 6765 10050 7663
f 7663 10050 4411
f 8787 4411 4412
f 10155 4412 6935
f 4412 9167 10422
f 9167 6205 4447
f 9167 4447 10422
f 6205 4448 4447
f 4449 9880 4443
f 4449 4443 4444
f 4450 4444 4445
f 4451 8583 4445
f 4451 4445 4446
f 4452 6141 4447
f 4453 4447 4448
f 4330 4329 4454
f 8892 4330 4454
f 8892 4454 9817
f 9817 4439 8892
f 9817 4454 4329
f 9817 4329 4327
f 4327 4328 4401
f 10317 4326 6018
f 6018 4326 4325
f 6018 4325 4455
f 4455 6725 4440
f 4455 4440 6018
f 4455 4325 4323
f 4323 4439 6725
f 4323 6725 4455
f 4318 7774 6804
f 6804 7774 4456
f 7774 4440 4456
f 6804 4456 4440
f 4440 10284 6804
f 10154 4320 7321
f 7321 4320 8821
f 8913 10154 7321
f 8913 7321 4442
f 7321 4435 4442
f 4291 4317 6785
f 6785 4317 4316
f 10366 4316 4442
f 4316 8913 4442
f 4442 4437 10366
f 4311 4315 4428
f 4428 4315 10277
f 4428 10277 4457
f 4457 5974 4428
f 4457 10277 4289
f 10387 4314 8641
f 8641 4314 4313
f 4313 4311 4428
f 8641 4313 4428
f 4428 4429 8641
f 4305 10375 4433
f 7814 4431 4433
f 4430 4431 7814
f 4307 4308 4449
f 4449 4308 10189
f 4449 10189 6057
f 4303 4307 4449
f 6057 9880 4449
f 6057 10189 4305
f 7803 10355 4444
f 4444 4450 7803
f 4444 10355 7791
f 7791 4449 4444
f 4302 10353 4458
f 4298 4302 4458
f 4298 4458 4451
f 10353 8583 4451
f 10353 4451 4458
f 4300 4450 4459
f 10353 4300 4459
f 10353 4459 4450
f 9003 4296 7865
f 9003 7865 4446
f 4446 8995 4451
f 6213 9265 10613
f 6213 10613 4447
f 4296 4452 10613
f 10613 4452 4447
f 7035 10433 4460
f 9304 4460 10433
f 9990 5974 4437
f 4389 8662 9990
f 4389 9990 6680
f 7714 4437 5974
f 4289 5974 4457
f 3913 6172 9337
f 4053 4049 7015
f 3990 8070 4063
f 4333 4344 4334
f 3725 4467 4466
f 3725 4466 4462
f 3725 4461 3726
f 9385 4469 4472
f 3786 9126 3785
f 6133 4475 4474
f 6133 4474 10737
f 6133 10737 3797
f 3865 4476 4475
f 3865 4475 6133
f 3876 4476 3865
f 3876 3865 6242
f 9385 4472 4479
f 9385 4479 4478
f 9385 4478 7096
f 6996 10736 6256
f 9337 6256 10736
f 9337 10736 4481
f 4480 3913 9337
f 4480 9337 4481
f 3725 10810 4482
f 4482 4467 3725
f 3931 4484 4483
f 3931 4483 3932
f 4484 3931 4485
f 3915 4486 3978
f 4053 4487 4049
f 8070 4489 4488
f 8070 4488 4063
f 8070 4487 4489
f 4053 6215 4487
f 6215 4489 4490
f 6215 4490 4487
f 7056 3978 4491
f 3935 4096 4492
f 3935 4492 8113
f 6844 7877 6201
f 4493 4494 3931
f 3931 4494 4485
f 4098 4495 4097
f 6950 6178 8159
f 8159 6178 7137
f 4157 4097 4496
f 7161 4497 4168
f 4168 9538 4169
f 10768 4226 7198
f 8069 4220 4498
f 10805 4169 4499
f 10805 4499 4501
f 4226 6307 4502
f 7198 4226 4502
f 4157 4503 8263
f 4503 4157 4496
f 4119 4275 9481
f 4276 9481 4275
f 4265 4505 8166
f 7093 4505 4265
f 4098 4504 4506
f 4506 4495 4098
f 4277 4278 4507
f 4345 10849 4508
f 4345 4508 4509
f 4509 4510 4345
f 4333 4277 4344
f 10529 4513 4512
f 10529 4512 4511
f 4425 10529 4511
f 4425 4511 4514
f 10895 4425 4514
f 4345 4513 10529
f 8067 4345 4515
f 4345 4510 4515
f 7035 4460 4517
f 7035 4517 8073
f 9304 8073 4460
f 9304 11022 8073
f 4278 4516 4518
f 4518 4519 4278
f 7050 4520 10969
f 4520 7050 4277
f 4516 8127 4518
f 4520 4519 4518
f 4520 4518 8127
f 4520 8127 10969
f 4520 4507 4278
f 4520 4278 4519
f 4520 4277 4507
f 4460 8073 4517
f 4475 10737 4474
f 7096 4469 4470
f 4469 7096 4478
f 4469 4478 4479
f 4469 4479 4472
f 7093 8166 4505
f 9485 8166 11063
f 9485 11079 4276
f 9485 8159 7137
f 10895 4514 4511
f 9336 10895 4511
f 4513 9336 4511
f 4513 4511 4512
f 8067 4515 10849
f 8067 10849 9336
f 10849 4515 4510
f 10849 4510 4509
f 10849 4509 4508
f 7050 4409 10625
f 7050 10625 9336
f 3876 4475 4476
f 6237 11063 9487
f 4097 4495 4506
f 4097 4506 4504
f 8037 4083 10966
f 8037 10966 4521
f 4521 10730 8037
f 4490 4489 4487
f 4521 9384 7056
f 4521 7056 4491
f 4521 4491 3978
f 4521 3978 4486
f 4521 4486 3915
f 4489 4063 4488
f 4480 10736 3913
f 10810 7096 4470
f 10810 4470 4463
f 10810 4463 4462
f 10810 4462 4466
f 4466 4467 4482
f 4466 4482 10810
f 7198 4502 6307
f 11096 4498 6307
f 11096 4238 9538
f 11096 4497 7161
f 9538 4238 10805
f 9538 10805 4501
f 9538 4501 4499
f 9538 4499 4169
f 10976 4492 4096
f 9392 6201 7877
f 9392 10976 6201
f 3932 4494 4493
f 4494 3932 4483
f 4494 4483 4484
f 4494 4484 4485
f 9392 7877 7039
f 8037 9392 7039
f 4480 4481 10736
f 6237 8069 4498
f 4498 4500 6237
f 6237 8263 4097
f 4097 8263 4503
f 4097 4503 4496
f 7007 3726 4461
f 7007 4461 3725
f 7007 3725 4462
f 7007 4462 4465
f 7007 9126 3726
f 7007 4465 4471
f 7007 4471 10852
f 4522 4524 4523
f 6277 4526 4525
f 4525 4528 4527
f 4530 11120 4531
f 4530 4531 4532
f 4531 11120 4532
f 9447 4535 4534
f 9447 4534 4533
f 4522 9447 10906
f 6277 4525 8281
f 8160 9387 10906
f 9387 4522 10906
f 10685 4538 4537
f 4535 4537 4534
f 4539 4534 8088
f 4539 8088 4540
f 4534 4539 9382
f 4532 10685 4530
f 4525 9587 8281
f 8281 9587 11120
f 11143 4525 9551
f 11143 4528 4525
f 7223 4527 4528
f 6340 4538 10685
f 8294 4529 4527
f 4526 4537 9551
f 4526 9551 4525
f 10892 4537 4526
f 10892 4540 8088
f 4542 4544 4543
f 10936 4543 4545
f 10936 4547 4546
f 7187 4547 4548
f 4548 4547 4549
f 6239 4552 4551
f 4551 11104 4550
f 4552 11104 4551
f 8216 4554 4553
f 4542 4546 4553
f 4555 4557 4556
f 4556 4553 4554
f 4557 4553 4556
f 4557 4558 4553
f 4558 4544 4542
f 4558 4542 4553
f 8216 11065 9293
f 4561 6192 9293
f 10967 4560 8075
f 8181 4560 10967
f 4554 4560 8181
f 7188 4551 4550
f 4551 11065 9572
f 7187 4548 11104
f 6239 11104 4552
f 9544 4562 4563
f 9544 4563 8217
f 4562 4547 4563
f 9544 4549 4547
f 9544 4547 4562
f 7188 4550 11104
f 10936 7060 4547
f 4547 8217 4563
f 7060 6192 4547
f 7060 8075 4560
f 4569 4568 10861
f 4569 4566 4568
f 4570 4569 10861
f 4570 10861 7227
f 9405 4573 4572
f 4573 4569 4570
f 10812 4577 4575
f 10812 4578 9407
f 6299 4573 10812
f 6299 10812 4575
f 4573 4570 4576
f 10935 7155 4579
f 10935 4579 4578
f 10935 4578 7181
f 10855 4569 4573
f 4565 4566 4569
f 4565 4569 10855
f 4571 4576 4570
f 11145 9510 4581
f 8194 11145 4581
f 7191 4582 8194
f 8194 4582 11145
f 7191 4580 4582
f 4568 10935 7181
f 4568 7181 10952
f 8287 4580 7191
f 4580 9593 4584
f 9593 6329 4584
f 7181 4571 10952
f 6329 4580 4584
f 8194 4581 9510
f 6224 4587 7106
f 4591 8205 4592
f 8205 4593 4592
f 6288 10821 4594
f 8050 4592 4595
f 10905 8050 4595
f 10905 4595 4587
f 4592 10844 4591
f 8211 4594 4596
f 4595 8211 11119
f 11119 8211 4596
f 4598 4594 10821
f 11132 4596 4594
f 11132 4594 4598
f 4599 9353 7063
f 9353 4599 10839
f 9583 4598 4588
f 9583 4588 4600
f 4600 8208 9565
f 4600 4588 8208
f 4595 9565 11052
f 7106 4587 6320
f 4587 4588 4598
f 4602 9416 4604
f 4602 4604 4606
f 9575 11135 4608
f 4609 8292 4610
f 11028 4612 4611
f 4602 4606 7197
f 4602 7197 4611
f 4613 6249 4614
f 4614 8193 4615
f 4613 4616 9424
f 9424 7160 4602
f 9424 4602 4611
f 4616 4605 7160
f 4616 7160 9424
f 4612 11028 4618
f 11028 4610 4619
f 11028 4619 4618
f 4619 4620 9313
f 10904 4612 8112
f 8193 4617 4615
f 9585 4619 4610
f 6334 4608 4609
f 4622 7230 4620
f 7230 11091 4620
f 9585 4622 4620
f 9585 4620 4619
f 9585 11135 4622
f 4604 9313 4606
f 4606 9313 4620
f 8112 10687 9434
f 4626 4627 4628
f 4629 10943 4627
f 7143 4627 4626
f 7143 4626 4630
f 6295 7143 4630
f 4632 4629 10964
f 4637 4638 7154
f 4636 7853 6304
f 4636 6304 4637
f 4635 4633 4637
f 4635 4637 4634
f 4633 4631 4636
f 4633 4636 4637
f 9460 10884 6304
f 9460 6304 7853
f 10884 4625 8187
f 8196 10943 4629
f 4623 10943 8196
f 4639 8223 11095
f 4639 9576 4640
f 6321 4639 4640
f 4628 7853 4641
f 4641 7216 4628
f 7216 8293 4628
f 7853 4636 4642
f 7853 4642 9597
f 7853 9597 4641
f 4642 8223 9597
f 4636 6295 4642
f 6321 4640 9576
f 4643 4645 4644
f 7174 4644 4646
f 10842 4648 4647
f 4647 4650 4649
f 4652 11124 4653
f 4652 4653 4654
f 4653 11124 4654
f 9465 4657 4656
f 9465 4656 4655
f 4643 9465 4655
f 10842 4647 8285
f 4658 4660 4655
f 4660 4645 4643
f 4660 4643 4655
f 10717 4662 4661
f 4657 8164 4656
f 4663 4661 4664
f 10870 4656 8164
f 4656 10870 8175
f 4654 10717 4652
f 4647 9590 8285
f 8285 9590 11124
f 11144 4647 9556
f 11144 4650 4647
f 7226 4649 4650
f 6343 4662 10717
f 8297 4651 4649
f 7174 4661 4648
f 4648 4661 9556
f 4648 9556 4647
f 7174 4646 6298
f 7174 6298 4661
f 10993 8105 4667
f 9444 8105 10993
f 4670 4668 4669
f 4670 4669 4671
f 4672 4668 4670
f 4672 4670 4673
f 10928 4678 7150
f 4675 4677 4674
f 9409 4670 4676
f 4673 4670 9409
f 9258 4679 10928
f 10928 4679 4678
f 4665 4668 8180
f 4665 4666 9444
f 4671 4676 4670
f 4680 7189 9564
f 4680 9564 4681
f 4682 4683 4680
f 4682 4680 4681
f 4684 4683 4682
f 11147 4680 4683
f 7145 8105 6328
f 8105 10928 6328
f 8105 9258 10928
f 4685 8280 7145
f 9582 4685 11067
f 10928 4671 6328
f 11067 4680 9582
f 4682 9564 4684
f 4684 9564 4667
f 4682 4681 9564
f 9402 4691 4690
f 4690 4691 4692
f 4695 4696 4694
f 4696 9588 4694
f 9402 4695 4697
f 9402 4690 4695
f 9413 8173 4698
f 10896 4701 8173
f 4701 4688 8173
f 4698 4697 4704
f 4697 7228 9414
f 11019 6828 4698
f 6244 4698 6828
f 4698 10531 7157
f 7157 10531 8226
f 4694 9414 7228
f 4690 4692 9588
f 4690 9588 4695
f 4695 9588 4696
f 6344 4691 4705
f 4693 4692 10885
f 8290 6344 9414
f 6344 4705 9414
f 8199 11019 4705
f 4688 8190 4706
f 4688 4706 6828
f 6828 4706 6244
f 4706 4686 4687
f 8191 4712 4711
f 8191 4711 4710
f 4713 9301 4714
f 4715 4710 9301
f 7146 9301 4713
f 7146 4713 4716
f 4717 7146 4716
f 7163 4718 4719
f 9381 4722 10953
f 4721 4723 10883
f 8225 6253 9381
f 4718 8004 4721
f 4718 4721 6253
f 4711 4712 7089
f 4711 7089 4723
f 4707 10882 4718
f 4707 4718 4708
f 10882 4710 4715
f 10882 4715 4718
f 4717 4721 8004
f 4724 9566 11090
f 4724 11090 4725
f 4726 4727 4724
f 4726 4724 4725
f 4726 9596 4727
f 9596 4724 4727
f 11088 9301 8176
f 11088 8176 4728
f 11133 4729 4724
f 8296 4728 11080
f 8296 11080 4729
f 8176 11080 4728
f 4721 4717 8176
f 11080 4724 4729
f 7202 4716 4713
f 4726 4725 11090
f 4726 11090 7202
f 4703 8226 7162
f 4575 4574 6299
f 10904 4617 8193
f 8190 4686 4706
f 10890 4536 4730
f 10890 4730 4731
f 4539 4732 4733
f 4539 4733 6191
f 4539 6191 4536
f 10892 8154 9388
f 9388 8154 4735
f 4544 4545 4543
f 4557 4555 4558
f 4558 4736 4544
f 4559 4737 7086
f 4575 4577 11072
f 4578 4579 4738
f 4579 7155 4739
f 4586 4585 4740
f 9378 4742 4741
f 9378 4741 4590
f 4591 4745 4744
f 4591 4744 4743
f 4591 4743 4746
f 4591 4746 8205
f 4591 10844 4747
f 10844 4590 4747
f 4599 7063 4748
f 4745 4749 4744
f 4733 4732 4750
f 10967 4541 4601
f 10904 8209 4751
f 4638 4753 9440
f 4633 4635 4752
f 4658 9421 4754
f 4658 4754 4756
f 4658 4756 4755
f 10870 4757 4758
f 4759 4663 4664
f 8175 10870 4659
f 4673 4760 4672
f 4674 4762 4675
f 4674 7150 4763
f 9409 4675 4673
f 8180 4765 4665
f 10896 4699 4767
f 10896 4767 4768
f 10896 4768 4701
f 4701 4768 4664
f 4699 4700 4769
f 10883 4675 4770
f 6306 4712 4675
f 11094 4771 4675
f 4771 4665 4765
f 11087 4646 9567
f 11087 9567 4645
f 4772 7157 4702
f 4772 4702 11150
f 6786 4523 4524
f 4773 6786 4524
f 4773 9387 8160
f 6786 9388 4735
f 6786 4735 8154
f 4774 9457 4601
f 4774 4601 4541
f 4774 4541 4545
f 4774 4737 4559
f 4774 7086 4737
f 4774 10863 7086
f 4773 4731 4730
f 4773 4730 4536
f 4773 10890 4731
f 4774 4545 4544
f 4774 4544 4775
f 4774 4775 4734
f 4774 4734 10856
f 4774 10856 4732
f 4774 4732 4750
f 6786 4736 4775
f 6786 4775 4539
f 6786 4539 4540
f 4774 4750 4733
f 4774 4776 4555
f 6786 4773 4536
f 6786 4536 4776
f 4777 4623 8196
f 8198 4565 4564
f 8198 9405 10961
f 8198 9478 4574
f 4778 4590 4741
f 4778 4741 4742
f 4778 4742 9378
f 8198 4749 4744
f 8198 4744 4743
f 8198 4743 4746
f 8198 4746 4779
f 8198 4779 7155
f 8903 4779 4739
f 8198 4780 4747
f 8198 4747 4591
f 8198 4591 4745
f 8198 4745 4749
f 4579 4738 4578
f 4579 4578 4780
f 8903 4780 4590
f 8903 4590 4778
f 4778 4589 4586
f 8903 4748 7063
f 4599 4748 8903
f 4778 4740 4585
f 4778 4585 8903
f 4778 4586 4740
f 8903 10839 4599
f 4777 4753 4638
f 4777 9440 4753
f 4777 8187 4625
f 4777 4625 7159
f 4781 11148 7184
f 4781 4720 4722
f 4781 9494 11040
f 4781 8236 11148
f 10910 4675 4771
f 10910 4771 8180
f 9494 10889 4760
f 9494 4760 4672
f 9494 4672 4782
f 9494 4781 10883
f 9494 10883 4675
f 9494 4675 4761
f 9494 4761 10889
f 11094 4675 4762
f 11094 4762 4674
f 11094 4674 4763
f 11094 4763 7150
f 9494 4707 11040
f 10978 4766 4783
f 10978 4783 4687
f 10978 4687 4686
f 4664 4701 4688
f 4664 4688 4785
f 10978 4785 4759
f 10978 4759 9482
f 10978 9482 4757
f 4784 10870 4786
f 4784 4786 4767
f 4784 4767 4768
f 4784 4768 4664
f 10978 4757 4758
f 10978 4758 4786
f 10978 4786 4699
f 10978 4699 4772
f 4784 11087 4645
f 4784 4645 4756
f 4772 4699 4769
f 4784 4659 10870
f 4772 4769 4700
f 4772 9489 4766
f 4772 4766 10978
f 4772 11150 9489
f 9511 8111 4605
f 9511 4605 11056
f 9511 11056 4613
f 9511 4613 4614
f 4771 4765 8180
f 11001 4777 4632
f 8235 4633 4631
f 8235 4631 7147
f 4631 4788 4679
f 4631 4679 7147
f 11001 4632 4788
f 11001 4788 4764
f 11001 4764 4679
f 11001 4679 4787
f 11001 4787 4633
f 4771 11094 7147
f 8111 9434 10687
f 8209 4751 10904
f 4621 4756 4645
f 8111 4755 10898
f 8111 10898 4660
f 8111 4660 4789
f 8111 4789 9434
f 4756 4621 4790
f 8111 9511 4617
f 8111 4617 4790
f 8111 4790 4755
f 4784 4756 9421
f 4784 9421 4659
f 9421 4756 4754
f 11001 4633 4752
f 11001 4752 4635
f 8343 4797 4792
f 4795 4794 4798
f 4794 7266 4800
f 4792 4801 9688
f 4797 6469 4792
f 6469 4803 4802
f 4792 7333 4805
f 4792 4805 4806
f 6351 4792 4806
f 4813 4811 4809
f 4815 4813 4816
f 4815 4816 4814
f 4821 4822 8219
f 4823 4824 4822
f 4823 4822 4821
f 4823 6273 4825
f 4822 4826 8219
f 7138 8219 4827
f 6273 4820 4818
f 10820 4818 4828
f 4829 9345 4830
f 8029 10820 4828
f 8029 4828 4829
f 9345 4818 4819
f 9345 4819 4831
f 7012 4833 4832
f 9157 10631 4833
f 4834 4836 4835
f 9157 6272 4834
f 4830 9345 4831
f 4831 4819 4837
f 4831 4837 6272
f 4819 4838 4837
f 6272 4837 9474
f 4841 4842 7178
f 9112 4843 4842
f 4822 8142 9476
f 4822 9476 4826
f 4842 4844 11018
f 4842 11018 4840
f 4844 4845 4839
f 8219 4826 9476
f 8219 10971 4827
f 4827 4840 8222
f 9450 4827 6315
f 8206 9450 6315
f 10827 4847 4839
f 4848 4849 4847
f 4848 4847 10827
f 4848 4850 4851
f 4849 7986 4852
f 4853 4849 4852
f 4855 9139 4854
f 4857 4854 10623
f 4857 5853 4855
f 4857 4855 4854
f 7986 4851 6012
f 7986 4858 4857
f 7986 4857 10623
f 7986 10623 4852
f 7847 4861 9980
f 9223 4850 4845
f 9223 4845 4844
f 4850 4848 10827
f 4843 9223 4844
f 4843 4844 4842
f 4849 4853 7122
f 9139 7798 7122
f 7127 4863 4862
f 7127 4862 7798
f 7127 9474 4863
f 9474 4862 4863
f 10951 4846 4862
f 9212 7127 10523
f 7122 7798 4862
f 7122 4862 4846
f 7122 4846 11020
f 6583 10631 4864
f 10631 6583 4865
f 10631 4832 4833
f 10631 8346 4866
f 10631 8045 4832
f 4871 8444 6500
f 4859 4871 6500
f 6366 4874 9641
f 6366 9641 4795
f 4796 4871 4859
f 9212 10523 4856
f 4835 6583 4864
f 4834 4835 4864
f 10715 7012 4832
f 10631 6204 8045
f 6916 10564 4875
f 4876 4875 10564
f 4876 10564 9240
f 4876 7847 10611
f 4876 10611 7840
f 8934 10631 4866
f 8934 6738 4878
f 8934 4878 7041
f 4876 7630 4877
f 4881 4870 6384
f 4878 4876 9240
f 4878 9240 7041
f 4891 7332 4890
f 4891 4893 4892
f 4891 4892 6365
f 4895 8314 6366
f 4891 4890 4894
f 4896 4893 8314
f 4896 8314 7267
f 4892 4893 4896
f 5707 4892 4896
f 4898 8357 4899
f 4900 4902 8361
f 4900 8361 4898
f 8357 4903 9980
f 4898 4903 8357
f 4904 9605 4892
f 4902 4904 4892
f 4902 4892 8361
f 7332 4891 6365
f 9607 6353 7519
f 9607 7519 6469
f 4906 9607 6469
f 4906 6469 4797
f 8314 4894 4906
f 4874 5672 9641
f 6366 8314 5672
f 6366 5672 4874
f 5672 4797 8343
f 4851 7847 9980
f 7847 4876 4908
f 7847 4908 4861
f 4876 9977 4908
f 4867 4883 4866
f 4867 4866 8346
f 4867 4870 4881
f 4881 4883 4867
f 4909 4806 4816
f 5635 8342 4909
f 5635 4909 8345
f 8342 4806 4909
f 4884 9639 4889
f 9639 4816 5632
f 9605 4904 7270
f 9605 7270 5632
f 4889 9639 5632
f 4873 4895 6366
f 9641 5672 8343
f 4869 5635 4870
f 4870 5635 8345
f 4870 8345 6384
f 6916 4822 4824
f 11014 9450 8206
f 8206 6315 4846
f 4799 4795 4798
f 4858 4859 4857
f 9616 4869 4870
f 4871 4865 8444
f 4886 4884 4889
f 7630 4887 4877
f 6738 4879 4878
f 4888 4908 9977
f 4908 4899 4861
f 4910 4913 4912
f 4795 4799 4916
f 4795 4916 8417
f 4915 4916 4799
f 4800 4918 4917
f 4800 4917 4794
f 4794 4917 4920
f 4794 4920 4919
f 4794 4919 7981
f 4798 9122 4799
f 4801 4923 4922
f 4801 4922 9688
f 4801 10955 4924
f 4801 4924 4923
f 4925 4928 4927
f 4925 4927 9591
f 4925 9591 4926
f 4804 4929 4802
f 4930 4928 4925
f 4930 4925 8240
f 4805 7333 4914
f 4805 4914 4931
f 5634 9685 4932
f 5634 4932 4807
f 9483 4913 4934
f 11130 4935 4937
f 11130 4937 4936
f 11009 9507 4938
f 4940 4804 4802
f 4940 4802 4939
f 4803 4939 4802
f 4803 4941 6254
f 4803 4943 4942
f 4803 4942 4944
f 4803 4944 4941
f 7519 4946 4945
f 6753 4947 4948
f 6753 9127 4947
f 4949 4938 4950
f 4949 4950 6254
f 4811 9496 4952
f 4811 4952 4809
f 4808 4812 4956
f 4808 4956 4955
f 4808 4955 4953
f 4808 4953 4954
f 4958 4951 4959
f 9592 4962 4963
f 9592 4963 4961
f 9592 4961 4960
f 4967 6341 4964
f 6386 4968 4814
f 6386 4969 4968
f 4970 4811 9807
f 7605 4811 4970
f 4813 9807 4811
f 9472 4964 4972
f 9472 4972 4971
f 8227 4971 4974
f 4817 6183 4977
f 4817 4977 7563
f 4817 4807 4980
f 4817 4980 4978
f 4817 4978 4979
f 4817 4979 4976
f 4858 4982 4981
f 4858 4981 10324
f 4858 4860 4983
f 4858 4983 4984
f 4858 4984 4982
f 4868 4985 4986
f 4868 4986 5934
f 4868 5934 7622
f 4990 4989 10792
f 4868 4990 10792
f 4868 10792 4985
f 8868 7353 4992
f 9616 9128 6573
f 4865 4994 4993
f 4865 4993 6928
f 4799 9122 4998
f 4799 4998 4997
f 4799 4997 4996
f 4799 4996 4995
f 4865 4871 4999
f 4865 4999 10750
f 4799 4995 4994
f 4799 5881 4915
f 8417 4916 5000
f 8417 5000 5881
f 8417 5881 5001
f 8417 5001 5002
f 8417 5002 4871
f 6004 5003 4982
f 7240 5004 6004
f 7240 6004 9613
f 7240 10324 5005
f 7240 5005 5004
f 4879 5007 5006
f 4879 5006 7630
f 5010 5008 5009
f 4879 5011 5008
f 4879 5008 9229
f 4879 9229 5007
f 9383 5012 5013
f 5008 5015 5014
f 5008 5014 5012
f 4880 4882 5017
f 4880 5017 4881
f 4881 5017 10929
f 4881 10929 4883
f 4884 5019 5018
f 8345 5018 11074
f 8345 11074 5021
f 8345 5021 5020
f 8345 5020 6384
f 4884 5022 5013
f 4884 5013 5012
f 4884 5012 5019
f 4885 5013 6455
f 4885 5023 10965
f 4885 10965 5013
f 4886 5024 5025
f 4886 5025 5027
f 4886 5027 5026
f 4886 5026 4885
f 4885 5026 5937
f 5031 9458 5028
f 5031 5028 5029
f 5031 5029 5030
f 5031 5024 5720
f 5032 8100 5031
f 5032 5031 10731
f 4888 5033 10731
f 4888 10731 5031
f 4888 5031 5034
f 4884 6455 5035
f 4884 5035 5022
f 4885 10757 5036
f 4885 5036 8129
f 4885 8129 5023
f 4885 4887 10757
f 10757 4887 7630
f 10757 7630 5006
f 6738 4882 5037
f 6738 5037 4879
f 4883 10929 5040
f 4883 5040 5039
f 4883 5039 5038
f 6738 4883 5038
f 6738 5038 9427
f 4963 6339 4961
f 7332 5043 5044
f 7332 5044 5042
f 7332 5042 4890
f 7332 5045 5043
f 4896 7267 6448
f 8000 4900 4898
f 4898 4899 9299
f 8360 4902 5046
f 4890 8910 5047
f 4890 5047 4905
f 4905 5048 6353
f 4905 7051 5049
f 4905 5049 5048
f 7519 6353 5048
f 7519 10779 4946
f 5052 5051 5050
f 5052 5050 10998
f 4907 4905 5053
f 8177 7153 5055
f 5052 6194 9380
f 9380 6194 5056
f 9380 5056 8177
f 5050 8165 4948
f 5050 4948 8967
f 5050 5051 9396
f 9980 9419 4860
f 4898 5057 5059
f 4898 5059 5058
f 4898 5058 6640
f 5707 5057 4898
f 9419 5061 5060
f 4860 9419 7907
f 4860 7907 5062
f 4873 9239 5063
f 4873 5063 5064
f 4873 5064 5065
f 4873 5065 5066
f 4860 5062 5067
f 4860 5067 4983
f 4877 9222 5068
f 4888 4877 5068
f 4888 5068 5033
f 4908 7009 5069
f 4908 5069 5071
f 4908 5071 5070
f 4908 5070 4901
f 10954 5072 4908
f 4899 5072 5073
f 5072 4899 4908
f 4900 4901 7009
f 4900 7009 5075
f 4900 5075 5074
f 4888 5034 6099
f 5076 8411 5634
f 5076 5634 5079
f 8411 5078 5077
f 8411 5077 7808
f 10527 5078 5634
f 10527 5634 4807
f 10527 4807 5080
f 5634 5078 5079
f 4902 5082 5046
f 5028 5081 6694
f 5074 9642 4900
f 7922 5029 5028
f 4895 4873 5083
f 4895 5083 5084
f 4895 5084 5085
f 4895 5085 8433
f 5083 4873 5066
f 7270 4904 11108
f 7270 5028 9458
f 4800 4869 4991
f 4800 10388 4918
f 5086 4933 5087
f 5086 5087 5088
f 4933 5089 9271
f 5087 4931 4914
f 5088 5087 4914
f 5088 4914 5090
f 5089 5091 10713
f 5091 4935 6076
f 5091 6076 10713
f 10713 6076 8010
f 4935 4976 6076
f 4925 4926 5092
f 4926 8302 7077
f 5092 5676 8949
f 5758 5092 8949
f 5758 8949 10955
f 5676 7077 5088
f 5092 4911 4910
f 5092 4910 5088
f 5088 4910 5086
f 5676 5088 5090
f 5093 5094 5095
f 5094 7153 5096
f 5094 5096 5095
f 5095 5096 10417
f 5095 6759 5097
f 7153 8435 5096
f 8435 5098 5045
f 8435 5045 5096
f 8177 9498 5098
f 5098 7890 5045
f 5099 7200 4951
f 4809 5099 5100
f 4951 7151 5101
f 4951 5101 5099
f 5101 7151 5708
f 5099 5101 9072
f 5099 9072 5100
f 5708 7151 5102
f 7151 4960 5102
f 5102 4960 5093
f 5102 5093 5095
f 10028 5102 5095
f 10028 5095 5097
f 4964 4965 5103
f 4964 5103 5104
f 4965 4966 5105
f 4965 5105 5103
f 5103 5105 10341
f 5103 10341 5104
f 4966 5107 9270
f 5107 4957 5108
f 5107 5108 9270
f 9270 5108 6606
f 9270 6606 10341
f 4957 11021 8082
f 11125 4974 5110
f 11125 5110 7083
f 4974 11156 8793
f 4974 8793 5110
f 5110 8793 10322
f 5110 10322 7083
f 8793 11156 4972
f 8793 4972 4964
f 10322 5104 5106
f 4979 4978 4976
f 5111 5758 10955
f 5758 5111 4804
f 4990 7824 5112
f 4987 10281 6573
f 5875 4997 10990
f 4997 5875 8868
f 4997 8868 5112
f 5053 4905 5098
f 9498 5053 5098
f 4809 9496 10724
f 5057 5113 5060
f 5060 10938 5057
f 7907 10956 4983
f 8942 10956 7907
f 10956 8942 5114
f 5114 7810 10956
f 9921 5114 8942
f 4954 4955 8082
f 11021 4954 8082
f 8082 4955 6606
f 7563 5109 5690
f 5109 7563 6183
f 4993 4994 6928
f 5086 4912 4913
f 5086 4913 4933
f 4935 5091 4936
f 5089 11130 4936
f 5089 4936 5091
f 5111 4802 4929
f 5086 4910 4912
f 5090 4914 5676
f 4923 10955 4922
f 8010 8464 9685
f 4871 10750 4999
f 10324 4981 4982
f 4943 4944 4942
f 4944 4949 6254
f 4944 6254 4941
f 4938 9507 4939
f 5050 5048 7051
f 5048 5050 8967
f 4948 4947 9127
f 4948 4943 5115
f 4948 5115 4803
f 5881 4916 4915
f 10324 4982 5003
f 10324 5003 6004
f 4983 4982 4984
f 5093 4961 5041
f 5093 5041 5094
f 5093 4960 4961
f 5100 9072 4809
f 5042 5043 5045
f 5042 5045 7890
f 5097 6759 10028
f 9239 5065 5064
f 4957 5107 4975
f 4957 4975 10590
f 4966 4975 5107
f 5106 4968 10322
f 5082 8360 5046
f 7009 4901 5070
f 6606 8367 10341
f 5106 5104 4968
f 10341 4968 5104
f 5075 9642 5074
f 9427 5038 5039
f 4978 4980 4807
f 4804 5111 4929
f 4924 10955 4923
f 10388 4917 4918
f 4919 4920 7981
f 7981 4920 4917
f 4997 4998 9122
f 4994 4995 4996
f 4994 4996 4997
f 7824 4990 6928
f 4994 7824 6928
f 4932 9685 4807
f 8464 4807 9685
f 5934 4986 4985
f 5934 4985 10792
f 5112 4988 4990
f 10281 4987 4988
f 5112 8868 4992
f 5112 4992 7353
f 5875 4917 10388
f 4939 9507 4940
f 4871 5002 5001
f 4871 5001 5881
f 5881 5000 4916
f 10324 6004 5004
f 10324 5004 5005
f 10954 4899 5073
f 10954 5073 5072
f 10724 9496 7897
f 10938 5060 5061
f 10938 5061 9419
f 5084 5083 5085
f 5083 8433 5085
f 4983 7016 8024
f 7907 4983 5067
f 5067 5062 7907
f 4952 9496 4809
f 5047 8910 4905
f 5064 5063 9239
f 5065 5083 5066
f 7810 5114 6448
f 5065 10664 5083
f 5057 7497 5113
f 5071 5069 5070
f 4955 4956 10999
f 4954 4953 4955
f 4954 11021 4808
f 6183 7563 4977
f 9148 5080 4807
f 5068 10731 5033
f 5937 5026 8100
f 5937 8100 5032
f 5082 6694 5081
f 5082 5081 11108
f 5082 11108 8360
f 5070 5069 7009
f 5031 6099 5034
f 10527 5080 9148
f 8411 5076 5079
f 8411 5079 5078
f 5012 5018 5019
f 11074 5018 5012
f 5020 5021 6384
f 6384 5021 11074
f 7967 10264 5037
f 7967 5935 10264
f 5935 5008 5011
f 5935 5011 5117
f 5935 5117 10264
f 9807 7605 4970
f 6455 5013 5022
f 5006 5007 9229
f 5010 8129 5036
f 10965 5023 8129
f 8915 5012 5014
f 8915 5014 5015
f 8915 5015 5008
f 8915 5008 5935
f 9330 5031 5030
f 9330 10772 5031
f 5030 5029 9330
f 5026 5025 5024
f 5118 5119 4930
f 5119 5120 5121
f 5118 5052 7557
f 5118 7557 5119
f 5119 7557 5122
f 5119 5122 5120
f 4930 4927 4928
f 5119 4927 4930
f 5119 5121 8234
f 5119 8234 6835
f 6835 8234 9483
f 6835 9483 4934
f 5121 9486 7094
f 5121 7094 10727
f 5121 10727 8234
f 5118 4930 7152
f 5118 7152 9343
f 5118 9343 10939
f 5120 4967 4971
f 5120 4971 8227
f 5120 8227 5121
f 5052 9396 5051
f 7557 5052 5055
f 7557 4959 5122
f 6339 4962 9592
f 6339 4958 4959
f 5122 4959 8252
f 5122 11021 9467
f 5122 9467 10590
f 5118 9396 5052
f 5120 5122 10590
f 5120 7213 4967
f 4967 7213 6341
f 6835 4910 4911
f 6835 4934 4913
f 6835 4913 4910
f 6339 4963 4962
f 5126 5127 9780
f 5127 5129 5128
f 5841 5134 5133
f 7467 5123 5124
f 7467 5142 5123
f 5142 5144 5143
f 5134 5144 5142
f 5841 5146 5134
f 5146 5147 6136
f 5146 6136 5134
f 5146 5148 5147
f 5131 5148 5146
f 5130 5150 10242
f 5130 10242 5131
f 5126 5152 5127
f 5126 5155 10245
f 5126 10245 5152
f 5156 5795 5154
f 6502 5157 5126
f 5158 6941 5156
f 5123 5157 6502
f 5159 5135 5137
f 5159 5137 5158
f 5123 5142 8816
f 5124 5123 5160
f 5124 5160 7467
f 10188 6868 5161
f 10188 5161 5841
f 5841 5161 5162
f 5841 5162 5132
f 5132 5162 5163
f 5132 5163 5131
f 5131 5163 5164
f 5131 5164 5130
f 5128 6113 5165
f 5128 5165 5127
f 9780 8845 5166
f 5125 5166 5167
f 5125 5167 5123
f 5165 5168 8845
f 8845 5168 8197
f 5166 5169 5170
f 5166 5170 5167
f 5177 5180 5179
f 5177 5179 5178
f 5180 5182 5827
f 5182 5183 5827
f 10148 5184 5183
f 5184 5186 5185
f 5187 5190 5189
f 5187 5189 5188
f 5190 5192 5191
f 5190 5191 5189
f 5192 5194 5193
f 5192 5193 8496
f 5194 5177 5178
f 5194 5178 5193
f 5198 5194 5192
f 5127 7733 5129
f 7733 5153 5202
f 5203 5206 5205
f 5205 5206 7738
f 5207 5209 5208
f 5208 5209 6736
f 8675 5211 5210
f 5210 5211 5212
f 5212 5214 5213
f 8680 5204 5203
f 8680 5203 5222
f 5222 5224 5223
f 6843 5223 5225
f 5212 5213 6843
f 5212 6843 5225
f 5212 5225 5227
f 5212 5227 9828
f 8675 5210 5212
f 8675 5212 9828
f 5130 9828 5150
f 10018 6736 5231
f 10018 5231 5230
f 5207 10018 5230
f 5233 6145 5218
f 5233 5218 5217
f 5203 10031 5234
f 5235 5233 5217
f 5235 5217 5215
f 5203 5234 5222
f 5204 8680 5236
f 5204 5236 5203
f 5214 5212 5237
f 5214 5237 7752
f 5212 5211 5238
f 5212 5238 5237
f 5211 8675 5239
f 5211 5239 5238
f 8675 5164 5239
f 5209 7738 5240
f 7738 5206 5241
f 7738 5241 5240
f 5206 5203 8808
f 5203 10701 5242
f 5236 7752 6125
f 6736 8409 5244
f 6736 5244 5243
f 8409 5240 5244
f 8808 5203 5242
f 5250 5252 5251
f 5253 6089 5254
f 5253 5254 5256
f 5253 5256 5255
f 5255 5256 5258
f 5255 5258 5257
f 5257 5258 5839
f 5257 5839 5186
f 5187 5188 5260
f 5187 5260 5259
f 5259 5260 5262
f 5259 5262 5261
f 5261 5262 5264
f 5261 5264 5263
f 5263 5264 5266
f 5263 5266 5265
f 5265 5266 5252
f 5265 5252 5250
f 5270 5263 5265
f 7733 5202 5231
f 7733 5231 6736
f 5156 10245 5155
f 5143 8816 5142
f 5159 5136 5135
f 5172 9415 6868
f 5201 5182 5180
f 5199 5184 10148
f 5149 5150 5151
f 5227 5226 5228
f 5230 6145 5207
f 5234 5224 5222
f 5216 5235 5215
f 5249 5240 7042
f 5257 5271 5255
f 5150 5229 5151
f 5135 5272 5137
f 5136 11134 5135
f 5136 5273 5274
f 5136 6331 5141
f 5140 5276 9540
f 5140 5141 6331
f 5140 6331 5276
f 5147 11139 6136
f 7194 5147 5145
f 5145 5147 5277
f 5145 5277 5140
f 5147 6825 5277
f 5149 5278 5279
f 5149 9284 5278
f 6825 5149 5277
f 5795 5138 5281
f 5795 9506 5154
f 5126 8085 5282
f 5155 5126 5282
f 5156 5155 5282
f 5156 5282 5158
f 5158 5282 5159
f 8816 5143 6159
f 5136 9501 5273
f 5123 8760 5160
f 5160 8760 5283
f 5161 5284 8233
f 5163 5162 5285
f 5165 6113 7080
f 5288 5289 5287
f 5287 5289 5290
f 5287 5290 5171
f 5171 5290 5291
f 7129 5171 5291
f 9415 5172 5284
f 5172 6868 5292
f 5172 5292 5173
f 5173 6028 5293
f 6346 5294 8302
f 8302 5294 11047
f 8302 11047 4926
f 4926 5173 5293
f 5294 6346 5295
f 5086 5295 6346
f 10699 5283 5296
f 5174 5297 5298
f 5174 5298 7088
f 11140 4933 5089
f 7088 5091 5299
f 7088 5299 5174
f 5086 4933 11140
f 5176 5297 5174
f 5176 5174 5301
f 5176 5301 5300
f 5176 5300 9461
f 8197 5168 11050
f 8197 5176 9461
f 5178 5302 5303
f 5178 5303 5193
f 8496 5193 11128
f 8496 5304 5195
f 8496 5195 5305
f 5189 5191 5306
f 5183 5307 8020
f 5827 5183 5308
f 5183 10913 5309
f 5183 5309 5308
f 5827 7130 5310
f 5181 5311 7483
f 5181 7483 5180
f 5178 5179 5312
f 5178 5312 5302
f 5179 5197 5312
f 5198 5195 5313
f 5198 5313 11128
f 5198 6914 8093
f 5198 5314 5195
f 5200 5196 5315
f 5200 5315 5316
f 7078 8773 5197
f 5187 5319 5190
f 5192 5190 5320
f 5192 5320 6095
f 5177 8773 7078
f 5180 5321 5318
f 5180 5318 5201
f 5182 7959 5200
f 10148 9526 5317
f 10148 5317 5199
f 5184 5199 8812
f 5184 8812 5323
f 5184 5323 5322
f 5150 5149 5279
f 5150 5279 10242
f 5202 9264 5324
f 5138 5139 5326
f 5138 5326 5325
f 5138 5325 5281
f 5164 7084 5327
f 5164 5327 6131
f 4972 5329 5330
f 4972 5330 5328
f 5175 4974 5328
f 5328 4974 11156
f 5328 11156 4972
f 5189 5331 5332
f 5189 5332 5188
f 5184 5322 5186
f 5186 5322 5333
f 5215 5217 5334
f 5216 5215 9594
f 5223 5224 5335
f 5220 5226 8231
f 5227 5336 9433
f 5226 5337 5228
f 5226 11158 5337
f 6158 5337 5229
f 5229 5337 5338
f 5229 9578 5339
f 5229 5339 5151
f 5338 9578 5229
f 5231 11060 5230
f 6946 5341 6160
f 6946 5232 5342
f 6946 5342 5341
f 6145 5233 5343
f 6145 5343 5207
f 5233 5235 5343
f 5237 5238 5344
f 6736 11003 5286
f 5245 5346 8158
f 5245 5246 10876
f 5245 10876 5347
f 5245 5347 5346
f 5246 8229 5348
f 5246 5348 5349
f 5246 5349 6125
f 5350 5094 5352
f 5350 5352 11105
f 5350 5351 5094
f 5094 5351 8274
f 9589 4960 11155
f 5249 5353 5107
f 5249 5354 5355
f 5249 5355 5248
f 5354 5249 7042
f 5244 10346 9350
f 5266 5356 5252
f 5264 11045 5266
f 5266 6163 10902
f 5264 5262 5357
f 5264 5357 5358
f 5264 5358 8120
f 5260 5359 5262
f 5262 5359 9339
f 5258 5360 5839
f 5258 10983 5360
f 5256 7176 5258
f 5258 5363 5364
f 5258 5364 5362
f 5258 5362 5361
f 5256 5254 5365
f 5256 9503 5268
f 5254 5366 5365
f 5254 6089 9249
f 5254 5367 10934
f 5251 9249 6089
f 5251 5269 5368
f 5251 5368 9249
f 5251 5252 7964
f 10902 5265 5250
f 10902 5250 5369
f 5265 10902 8071
f 5265 8071 5270
f 5270 7092 5370
f 5270 5370 5371
f 9252 5270 5371
f 5271 8251 5373
f 5271 5373 5372
f 5271 5372 7923
f 5375 5376 5374
f 5375 5374 5253
f 5375 5253 5255
f 5375 5255 5366
f 6089 5368 5269
f 6089 10782 5377
f 5257 10671 5271
f 5186 5333 8125
f 5202 7136 9539
f 4965 4966 9601
f 9601 4966 5107
f 9601 5107 5379
f 4965 9601 11101
f 11101 5328 5330
f 5260 5188 5380
f 5260 5380 5359
f 6303 5381 5382
f 8005 6303 5382
f 5385 7072 10686
f 5385 5386 5345
f 10720 5345 5386
f 5384 5386 5385
f 9599 8005 6068
f 9599 6068 7528
f 9256 5383 5384
f 8005 9237 6068
f 5388 6068 9237
f 5388 9237 5389
f 5390 5389 8171
f 5391 10405 5389
f 5391 5389 5390
f 5387 7994 10405
f 5387 10405 5391
f 6068 10405 7994
f 9256 5384 5385
f 7128 10720 5386
f 7128 5386 6225
f 9599 5383 5294
f 7072 5287 10686
f 10686 8161 5385
f 5387 5391 9589
f 5387 9589 11155
f 5389 9601 5379
f 10945 5328 6906
f 10945 6906 9237
f 5389 5379 5107
f 5389 5107 5353
f 5389 5353 8171
f 5350 5387 8274
f 5350 8274 5351
f 5383 11047 5294
f 8005 5297 6303
f 5385 8161 9256
f 11005 5390 8171
f 5390 5248 5391
f 5381 6303 10945
f 5382 5381 10945
f 6225 5350 5247
f 6225 5247 7128
f 9389 5091 5089
f 6028 8302 4926
f 7084 8182 10970
f 5163 5285 9473
f 5285 11122 7129
f 5285 7129 9473
f 11122 5284 9533
f 8078 5347 10876
f 9359 5393 5347
f 7110 5239 10992
f 7110 10992 5393
f 5347 5393 8158
f 5239 10591 9504
f 10591 6131 5392
f 10591 5392 9504
f 10847 5093 4960
f 8299 9350 5107
f 8300 11156 4974
f 7080 11101 4972
f 9359 5347 8078
f 5312 10716 5302
f 8093 5303 5177
f 5303 5302 10716
f 6914 5193 10917
f 6914 10917 8093
f 5310 5201 10642
f 5310 10859 7959
f 5311 5321 9346
f 5321 10642 5201
f 5321 5201 5318
f 5321 5311 10642
f 5311 10979 7483
f 5311 8098 10979
f 7222 8760 5170
f 7222 5170 8298
f 9389 10891 5091
f 10891 5169 5091
f 5091 5169 11116
f 5169 5301 11116
f 10699 9366 6868
f 9537 10699 5296
f 6028 5173 9366
f 4926 5293 6028
f 9537 5296 5283
f 9537 5283 11129
f 5283 8760 7222
f 5283 7222 11129
f 5359 9428 5394
f 5319 5187 9428
f 5319 9428 5188
f 9428 5187 5259
f 9428 5259 5394
f 9339 10912 5261
f 10912 5394 5259
f 10912 5259 5261
f 8120 9339 5261
f 8120 5261 10447
f 8120 9252 10880
f 7102 6095 10972
f 5306 5320 5190
f 5306 5190 5395
f 10972 6095 5396
f 10972 5396 5320
f 10972 5320 5306
f 5331 10252 5188
f 5331 5188 5332
f 5189 5395 10252
f 5189 10252 5331
f 10252 5395 5190
f 5289 5288 5392
f 5290 7129 5291
f 5314 5305 5195
f 8158 5346 5347
f 5397 9504 5392
f 10934 5367 5253
f 10934 5253 5374
f 10934 5374 5375
f 5365 5366 7923
f 5365 7923 5372
f 5356 5398 5377
f 5356 5377 9175
f 9175 5252 5356
f 5242 10701 9536
f 9536 6972 5247
f 6972 6125 9559
f 9536 11105 5352
f 8132 6287 10637
f 8132 7190 6287
f 10847 4960 9589
f 10847 9589 8132
f 5183 5184 8021
f 5183 8021 10456
f 8021 5333 5322
f 10456 5307 5183
f 5316 9044 5308
f 9526 5308 10913
f 9526 5199 5317
f 5308 9526 5316
f 5363 10671 7081
f 5363 7081 5361
f 5363 5361 5362
f 5360 8125 5333
f 7081 5360 10983
f 10570 9215 5333
f 8266 5286 11003
f 8266 11003 4965
f 4965 5243 8299
f 11101 5330 5329
f 9350 10346 6269
f 6269 10346 9439
f 10369 8300 9547
f 10369 9547 5168
f 9303 8300 10369
f 5399 5286 5129
f 6113 5286 8266
f 6113 8266 7080
f 11101 5329 4972
f 10859 5310 5400
f 10859 5400 7130
f 5301 9461 5300
f 5304 5313 5195
f 5395 5189 5306
f 10879 5314 9579
f 5370 9252 5371
f 5349 5348 6125
f 9559 6125 5348
f 5354 7042 5355
f 8251 9503 5372
f 5373 8251 5372
f 6280 5363 5258
f 5316 5196 9044
f 5196 5316 5315
f 5232 9395 5406
f 5410 5409 5408
f 5411 5151 672
f 8279 5411 672
f 7225 672 5151
f 5151 5339 7225
f 5403 8242 5414
f 5403 5414 5401
f 5401 5414 8242
f 8242 10911 5401
f 5415 5413 10838
f 8025 9135 10838
f 11078 7952 9394
f 5401 10911 5416
f 5416 5402 5401
f 5402 5416 10851
f 5401 5402 10851
f 5404 5403 5401
f 5404 5401 6271
f 5415 10838 9373
f 9373 5413 5415
f 9373 5416 10911
f 10838 9135 5416
f 5416 9373 10838
f 8218 9550 5417
f 5417 9550 8091
f 9395 5418 5342
f 5406 9395 5342
f 5418 8090 9539
f 9539 7136 5418
f 5405 5419 5230
f 5417 8091 10441
f 10985 8212 5281
f 8212 10985 9264
f 5417 9199 8218
f 5408 5420 5410
f 9501 5420 10510
f 10510 5273 9501
f 5420 5408 5409
f 7054 5421 5273
f 10858 5421 7054
f 5410 10858 7054
f 9232 5273 5421
f 5421 8253 10837
f 5422 10930 8178
f 5275 5422 10837
f 6158 11098 5423
f 11078 5794 5207
f 6271 7952 7144
f 6271 7144 9519
f 6271 9519 5403
f 6271 5403 5404
f 5405 10865 5419
f 5419 10865 5230
f 5424 10245 7941
f 5407 5424 7941
f 5407 7941 11051
f 5410 10991 7114
f 9284 5279 5278
f 5411 8279 10777
f 5151 5411 10777
f 11098 9480 5423
f 6158 5423 9480
f 5412 10911 6208
f 5412 6208 5413
f 5413 8231 7132
f 5336 5227 10597
f 9433 5336 10597
f 5416 5223 5335
f 5416 5335 10851
f 8091 9550 11103
f 5342 6160 5341
f 5406 5342 5232
f 5418 7136 5378
f 5418 5378 11103
f 5418 6160 5342
f 8090 5230 11060
f 8090 5340 9539
f 5281 5325 10985
f 5407 8212 10245
f 5407 10245 5424
f 8218 10985 5325
f 10930 5276 6331
f 5420 8230 5410
f 10858 5410 6159
f 5421 10858 9377
f 5421 9377 8253
f 5422 5275 9540
f 5425 9860 8131
f 8740 8133 9860
f 9306 5427 5426
f 5426 5428 9306
f 5426 5429 9307
f 9307 5428 5426
f 5426 5425 5429
f 5427 8740 5426
f 4465 9578 5338
f 4465 6156 9580
f 9860 5277 6156
f 9860 6156 4465
f 9860 4465 5338
f 9860 5338 5337
f 11030 9525 5139
f 5428 9525 11030
f 5428 11030 6941
f 5429 5215 5334
f 5429 5334 5217
f 5429 10853 9307
f 5428 8155 9525
f 5427 5272 5135
f 5427 5137 5272
f 8740 5427 5135
f 5425 9594 5215
f 5425 5215 5429
f 8133 11134 5140
f 5425 8131 9594
f 8131 5220 9594
f 5433 5431 5432
f 5436 5435 5438
f 5438 5435 5434
f 5437 7257 5436
f 5439 5440 5437
f 5436 7257 8354
f 8354 6389 5434
f 7257 5441 8354
f 6391 7244 5442
f 5442 7244 5433
f 5442 5433 5443
f 5433 5432 5444
f 5444 5432 10636
f 5434 6389 5668
f 5441 7253 5668
f 5668 7253 5446
f 5431 8582 6708
f 6708 8582 5446
f 5443 5433 5444
f 5443 5444 5448
f 5448 9136 5449
f 5448 5449 6372
f 5448 5444 10636
f 5448 10636 9136
f 5451 10532 5452
f 10532 7913 5452
f 7913 5450 5449
f 5431 5430 6169
f 5454 5671 5452
f 5454 5457 5453
f 5452 10530 5457
f 5452 5457 5454
f 6555 7251 9025
f 8329 5458 7251
f 8329 7251 5460
f 9698 5459 5461
f 5455 9698 5461
f 5455 5461 6367
f 5460 7251 6555
f 5460 6555 7910
f 5446 5460 5462
f 5462 5460 9134
f 5462 9134 5430
f 6708 5446 10381
f 5467 5466 5468
f 5466 5469 9400
f 5466 9400 5465
f 5467 5469 5466
f 5470 5466 7179
f 6281 5471 5465
f 10788 5472 8172
f 5473 5472 10788
f 5472 5464 8172
f 5472 5474 7117
f 8013 5474 5472
f 8013 6917 10655
f 10655 6917 5476
f 5476 5477 5474
f 5477 9376 7117
f 5474 5477 7117
f 5481 10987 8214
f 6144 5482 5483
f 5482 10987 5481
f 5470 10987 5482
f 8122 6319 10963
f 8122 10963 5484
f 5484 10963 5485
f 10963 6319 5480
f 5465 5471 9454
f 5471 5486 9435
f 5471 9435 5480
f 5471 10612 5486
f 5487 5485 5479
f 5484 5487 5488
f 9174 5490 5491
f 9174 5491 6118
f 5489 5490 9174
f 6168 5493 5494
f 7966 10526 5492
f 10576 5496 5497
f 5498 5497 5496
f 5498 5483 5497
f 5498 5496 7818
f 5498 7818 5491
f 7818 5496 10576
f 10576 8122 5484
f 5489 5488 5492
f 7000 5488 5500
f 7000 5500 5493
f 6890 8056 10916
f 8056 5486 5478
f 9081 5500 6890
f 5488 7038 8056
f 8056 7038 5479
f 8056 5479 5486
f 5484 5485 5487
f 7369 5501 5476
f 5476 5502 7369
f 5476 5503 5502
f 10158 5503 5476
f 5665 5502 5503
f 5439 9617 5440
f 5439 9707 8347
f 5439 8347 5665
f 5495 8501 6416
f 6168 6416 8501
f 5494 6416 6168
f 5653 6368 5495
f 5505 5437 5506
f 5437 5436 5506
f 5653 5495 8347
f 6890 7369 10645
f 6222 5501 7369
f 5476 5501 6222
f 10563 5507 9105
f 9105 5507 6948
f 6144 6948 5507
f 5467 5509 5510
f 5467 5510 7085
f 5468 5509 5467
f 10501 7650 8830
f 5510 5705 7650
f 5510 7650 10501
f 10501 9201 5510
f 9105 5705 5510
f 5513 5511 5512
f 5513 5512 5514
f 5511 8327 6396
f 5511 5515 9658
f 5515 5511 9805
f 5516 9658 5515
f 5510 5509 9105
f 8327 7650 6396
f 5452 7910 10530
f 5517 5451 5452
f 9695 5518 5671
f 5519 5518 9695
f 5519 6367 5520
f 5521 9619 8330
f 8330 5522 5521
f 7255 8423 5523
f 9704 5523 5685
f 5522 8330 5524
f 5524 5649 5516
f 5524 5516 5522
f 6367 5524 5520
f 5518 9614 5671
f 5518 5525 9614
f 5525 5442 5443
f 6391 5442 5525
f 8316 6391 5525
f 7272 6391 8316
f 5506 5436 9648
f 5506 9648 7272
f 8363 5506 7272
f 5517 5671 9614
f 5517 5450 5451
f 7406 5450 5517
f 9019 5449 5450
f 5452 5671 5517
f 5491 10013 5499
f 5491 5499 5498
f 5685 10013 5495
f 9704 5685 5495
f 9704 8363 5521
f 6368 9704 5495
f 8423 5508 9767
f 8423 9767 5523
f 5523 9767 5499
f 5498 5499 9767
f 7972 5508 9105
f 5504 7650 8327
f 9617 5514 8303
f 9617 5513 5514
f 8329 5460 5446
f 8303 5514 5526
f 8303 5526 9646
f 9646 5526 5445
f 5514 6362 5526
f 5526 6362 5459
f 5526 5459 5445
f 7256 9618 5459
f 5461 5459 9618
f 7253 8329 5446
f 5522 5516 8423
f 5521 8363 9619
f 6367 5461 9618
f 10563 5468 5466
f 5464 5471 10925
f 10612 5478 5486
f 5527 8174 5529
f 5527 6289 5530
f 5530 9420 5531
f 5533 7131 10875
f 5534 5535 8174
f 5535 9393 6251
f 5535 6251 8174
f 5536 10769 5537
f 5536 8115 9408
f 9408 8115 7131
f 6251 5533 8174
f 10864 5540 5532
f 10864 5532 9420
f 11025 5543 5539
f 9443 5544 6350
f 5545 5543 5542
f 8168 5542 5541
f 8168 5541 5538
f 7134 11025 5539
f 5544 9443 5546
f 9595 5547 5544
f 9595 5544 5546
f 5536 5537 7134
f 5537 9595 7134
f 5536 7134 5539
f 5548 9420 5540
f 9420 5532 5540
f 5540 5539 5543
f 10907 5540 5543
f 5548 5531 9420
f 7107 5549 5527
f 7107 5527 5530
f 5548 5530 5531
f 5545 5549 7107
f 5545 7107 5543
f 9595 5550 5547
f 10949 7231 5550
f 9602 11152 7231
f 7231 11152 5550
f 10769 8168 5537
f 5537 8168 5538
f 9393 5549 5545
f 5528 5527 5549
f 5528 5549 9393
f 5553 8185 5555
f 5556 10406 5557
f 5559 5560 5556
f 5559 5556 5561
f 5558 5559 5561
f 5562 5559 5558
f 9600 5560 5559
f 11157 5558 5561
f 11157 5561 5563
f 5561 11015 5563
f 5564 5565 5563
f 5564 5563 11015
f 9466 5557 6292
f 6292 5557 5554
f 9600 5566 5560
f 5566 5567 5560
f 5562 5565 5564
f 8295 5564 9466
f 8295 9466 5566
f 7109 8152 5554
f 5568 5570 5569
f 5551 5552 9426
f 8185 9426 5554
f 5565 11157 5563
f 7164 10937 8185
f 7164 8185 10406
f 5556 7164 10406
f 6257 5572 5573
f 6257 5573 5555
f 10937 5555 8185
f 10901 5572 5574
f 10901 5574 5575
f 5575 10798 7087
f 9305 5569 5570
f 5552 5576 5568
f 5552 10798 5576
f 5576 10798 5575
f 5568 5576 9305
f 5568 9305 5570
f 10798 5553 7087
f 7087 5553 9391
f 5571 5567 5574
f 6257 5574 5572
f 5571 5560 5567
f 9305 5574 5569
f 5569 5574 5567
f 5569 5567 8152
f 10897 5569 8152
f 6250 5583 9297
f 6250 5584 5583
f 8137 10806 5586
f 8137 5586 5585
f 5586 5580 5577
f 10806 5580 5586
f 5586 5587 7101
f 5586 5577 5578
f 5586 5578 5587
f 8507 8145 5589
f 8507 5591 5590
f 6278 8507 5589
f 5593 10020 5590
f 10020 5586 5588
f 11031 5593 5594
f 5593 9557 5594
f 8137 5585 5593
f 8137 5593 11031
f 7215 11113 8507
f 9529 5595 8275
f 6337 5595 9529
f 6337 8275 5595
f 9297 5583 7124
f 5583 7215 8507
f 5583 8507 10923
f 9331 5600 7120
f 5598 5601 5600
f 5598 5600 9331
f 10843 5603 5599
f 5604 5606 5602
f 5604 5602 5605
f 5602 5606 5607
f 5606 5604 5607
f 8255 5607 11053
f 8255 5602 5607
f 5603 5608 5599
f 5603 5602 8255
f 5610 5599 5608
f 9451 5611 8144
f 9451 8144 5599
f 9451 5612 8141
f 8288 5612 9451
f 7218 5610 5613
f 5610 5608 5613
f 6276 5599 5609
f 6276 5609 5614
f 9331 5599 6276
f 8255 9577 5613
f 5605 10843 5615
f 5615 10843 7120
f 6266 7120 8094
f 5615 8288 5605
f 5615 5612 8288
f 9364 8141 5612
f 8275 6337 7141
f 5577 5616 5578
f 5579 5617 8170
f 5579 7055 5618
f 5617 5579 5618
f 5587 5578 10919
f 5581 5620 5619
f 9297 7124 10947
f 5596 5597 5621
f 8144 10915 9423
f 5600 5601 5622
f 5622 5601 5623
f 5623 5601 5624
f 5601 10819 5624
f 8141 9364 5625
f 10754 5626 5625
f 5627 5581 5619
f 5627 5619 5620
f 5627 5620 9430
f 5627 9430 10920
f 5627 5582 5581
f 5627 5628 5582
f 5628 8170 7055
f 5628 10919 8170
f 5628 5627 10920
f 5628 10920 9437
f 8170 5617 5618
f 8170 5618 7055
f 10919 5578 5616
f 10919 5616 5577
f 10919 5577 5580
f 5630 10915 5629
f 5630 9423 10915
f 5630 6790 5614
f 6790 5596 5621
f 6790 5621 5597
f 5630 8094 5622
f 5630 5622 10819
f 10819 5622 5623
f 10819 5623 5624
f 5629 10754 8094
f 5629 8094 5630
f 5629 10909 5625
f 5629 5625 5626
f 5629 5626 10754
f 6790 11059 5614
f 10011 1874 8649
f 10011 8649 1885
f 4813 9605 5632
f 4813 5632 4816
f 6441 9890 5633
f 6441 5633 9669
f 4806 9685 5634
f 4806 5634 4816
f 4800 6351 5635
f 4800 5635 4869
f 1484 6512 8828
f 1484 8828 1491
f 8632 177 5637
f 8632 5637 183
f 3755 3753 9975
f 3755 9975 7278
f 9714 2882 5639
f 9714 7436 2879
f 1397 8452 5640
f 1397 5640 1398
f 1587 10238 8526
f 1587 8526 1586
f 265 7392 5642
f 265 5642 6427
f 8650 9909 5643
f 8650 5643 2877
f 348 8477 5644
f 348 5644 8391
f 1149 1150 5645
f 1149 5645 9647
f 9715 3079 5646
f 9715 5646 6614
f 5519 5520 5647
f 5519 5647 8316
f 105 8451 5648
f 105 5648 6427
f 9658 5516 5649
f 6362 7256 5459
f 8587 6354 5650
f 8587 5650 229
f 3088 9905 5651
f 10168 8665 3089
f 8323 359 5652
f 8323 5652 354
f 5437 5505 5653
f 5437 9707 5439
f 7868 3035 5654
f 7868 5654 3043
f 1560 7571 5655
f 1560 5655 7591
f 1716 6465 5656
f 1716 5656 1783
f 57 7448 5657
f 57 5657 83
f 7252 8736 5658
f 7252 6420 3205
f 250 8318 5659
f 9670 5659 6424
f 450 7269 5660
f 450 5660 377
f 135 136 5661
f 135 6604 134
f 7317 4108 5662
f 7317 5662 4178
f 9745 8465 6477
f 1222 6477 1419
f 3006 3015 5664
f 3006 5664 7547
f 5504 5503 5665
f 5504 5665 5439
f 8536 1453 5666
f 8536 5666 1385
f 8608 7514 5667
f 8608 10096 1536
f 5433 7244 5668
f 8582 5668 5446
f 1485 10080 5669
f 1485 5669 9806
f 437 97 5670
f 437 5670 7254
f 5455 5456 5671
f 5455 5671 5454
f 4906 4797 5672
f 4906 5672 8314
f 2707 9852 5673
f 2707 5673 8959
f 1381 1382 5674
f 1381 5674 6522
f 4205 8630 5675
f 4205 5675 4247
f 4791 4914 5676
f 4791 5676 8949
f 2701 7381 5677
f 2701 5677 2717
f 1388 1391 5678
f 9869 8308 1343
f 9814 6528 5679
f 9814 5679 6833
f 99 9727 5680
f 99 5680 288
f 1970 7606 5681
f 1970 5681 7376
f 3196 3197 5682
f 3196 5682 9781
f 3231 3230 5683
f 8395 9925 3233
f 514 6486 5684
f 514 5684 8353
f 5499 5523 5685
f 5499 5685 10013
f 1426 1421 5686
f 1426 5686 7259
f 2531 10184 5687
f 2531 5687 2533
f 1215 8322 5688
f 1215 5688 7475
f 1553 1550 5689
f 1553 5689 9664
f 7808 5077 5690
f 7808 5690 7083
f 82 8471 5691
f 82 5691 435
f 594 488 5692
f 594 5692 596
f 572 9896 5693
f 572 5693 7264
f 1623 1398 5694
f 1623 5694 8628
f 2046 1987 5695
f 2046 6953 7633
f 1159 8527 5696
f 9854 5696 1661
f 7643 6642 5697
f 7643 5697 1562
f 1153 1495 5698
f 1153 9821 8431
f 2295 10030 5699
f 2295 6459 8697
f 1569 1654 5700
f 1569 5700 1567
f 2669 2677 5701
f 2669 5701 2670
f 9709 278 5702
f 312 5702 6501
f 10170 6750 5703
f 10170 5703 4407
f 2051 8664 5704
f 2051 5704 8756
f 5508 9105 5705
f 5508 9805 8423
f 10178 7833 5706
f 227 5706 6990
f 4897 4896 5707
f 7497 5707 5057
f 7332 6759 10028
f 4810 9072 4809
f 994 10176 5709
f 994 5709 6404
f 3736 3742 5710
f 3736 5710 3735
f 3918 3919 5711
f 6478 8396 4024
f 280 8393 5712
f 280 9771 282
f 1240 6521 5713
f 1240 5713 6378
f 1226 1227 5714
f 1226 5714 1228
f 4101 4100 5715
f 8767 5715 4125
f 3733 8908 5716
f 3733 5716 6734
f 1555 1547 5717
f 9931 5717 8380
f 480 571 5718
f 10066 5718 6663
f 7509 39 5719
f 38 8763 40
f 4886 4889 5720
f 4886 5720 5024
f 8820 2374 5721
f 8820 5721 2405
f 1637 1640 5722
f 8534 5722 1677
f 3120 3121 5723
f 3120 5723 8328
f 441 9907 5724
f 441 5724 9622
f 2602 9943 5725
f 2602 5725 2603
f 669 666 5726
f 669 5726 9624
f 169 369 5727
f 9679 5727 493
f 2839 8059 5728
f 2839 5728 7815
f 9761 1394 5729
f 1393 5729 1390
f 161 6380 5730
f 161 5730 9791
f 327 9725 5731
f 327 5731 328
f 322 318 5732
f 322 5732 532
f 334 8491 5733
f 334 5733 346
f 289 290 5734
f 289 5734 7604
f 3846 8666 5735
f 3846 5735 10060
f 2698 7906 5736
f 2698 8488 2716
f 173 170 5737
f 173 5737 175
f 2111 2110 5738
f 10067 5738 2115
f 166 350 5739
f 8479 5739 9788
f 3071 9742 7510
f 3071 7510 10592
f 3003 9079 5741
f 3003 5741 3029
f 1912 6488 5742
f 1912 10041 1973
f 4290 4311 5743
f 9857 5743 8681
f 88 9726 5744
f 88 5744 92
f 2119 2141 5745
f 2119 5745 2122
f 1224 7545 5746
f 1224 5746 1427
f 434 614 5747
f 434 8590 432
f 1162 1349 5748
f 1162 5748 1156
f 4349 7862 5749
f 4349 5749 8853
f 2789 2798 5750
f 2789 10101 2790
f 2769 7263 5751
f 2769 10007 2779
f 1290 10535 5752
f 1290 5752 10800
f 2612 7693 5753
f 2612 5753 7423
f 3431 6901 5754
f 3431 5754 3423
f 2814 2813 5755
f 2814 5755 9891
f 332 7339 5756
f 6534 5756 7417
f 1833 7435 5757
f 1833 5757 10068
f 4925 8240 5758
f 4925 5758 5092
f 10393 999 5759
f 1019 6912 1001
f 429 7383 5760
f 10383 5760 8331
f 1517 1635 5761
f 1517 5761 8437
f 95 98 5762
f 95 7359 9775
f 1142 1152 5763
f 1142 5763 1145
f 1166 9706 5764
f 1166 5764 9732
f 2229 8730 5765
f 7709 10200 6533
f 4183 10197 5766
f 4183 5766 7852
f 4251 4213 5767
f 4251 5767 7644
f 1571 8439 5768
f 1571 5768 9768
f 3347 3350 5769
f 3347 8305 3355
f 1344 1324 5770
f 1344 5770 9705
f 8747 7306 5771
f 8747 5771 9908
f 2288 2355 5772
f 2288 5772 7555
f 2906 2909 5773
f 2906 5773 8447
f 4011 4039 10250
f 4011 7667 9730
f 1674 1675 5775
f 1674 5775 1676
f 3358 3350 5776
f 10087 5776 3437
f 3222 3223 5777
f 3222 5777 10240
f 2904 6611 5778
f 7676 10001 2913
f 1423 1422 5779
f 1423 5779 1594
f 1722 10056 5780
f 8710 5780 1723
f 4143 8876 10241
f 4143 6686 4147
f 364 361 5782
f 364 5782 9657
f 1913 6503 5783
f 1913 10073 6439
f 464 8612 5784
f 464 5784 593
f 8991 2734 5785
f 2727 10305 2782
f 1244 7454 5786
f 9792 5786 1311
f 2583 6527 5787
f 2583 5787 2584
f 3337 7768 5788
f 3337 5788 8940
f 6523 8462 5789
f 1372 5789 8613
f 2899 7990 5790
f 2899 5790 8324
f 10640 401 5791
f 389 5791 6513
f 3138 3129 5792
f 7697 8784 3202
f 233 237 5793
f 7276 5793 234
f 10031 5207 5794
f 10031 9394 5234
f 6941 5156 5795
f 6941 5795 11030
f 3929 8703 5796
f 3929 5796 3920
f 8932 10448 5797
f 195 7623 194
f 125 132 5798
f 7425 9882 6426
f 2801 2800 5799
f 2801 10119 7562
f 9935 8332 5800
f 1211 7737 1231
f 3226 9708 5801
f 3226 5801 10165
f 138 136 5802
f 138 5802 6528
f 1531 7377 5803
f 1531 5803 1530
f 616 615 5804
f 616 5804 617
f 9123 13 5805
f 9123 5805 54
f 310 8593 5806
f 310 8336 9765
f 2591 2595 5807
f 2591 5807 2592
f 2892 6460 5808
f 2892 5808 2893
f 73 74 5809
f 73 5809 75
f 2672 2671 5810
f 2672 5810 10577
f 7757 510 5811
f 509 5811 523
f 3026 7609 5812
f 8814 10147 3081
f 9755 1653 5813
f 1652 5813 1651
f 1650 1491 5814
f 1650 9782 8520
f 184 9651 5815
f 184 5815 7386
f 2923 7642 5816
f 9075 5816 2977
f 9018 9945 5817
f 3324 5817 7487
f 7283 2515 5818
f 2487 8831 2488
f 10511 1951 5819
f 10511 5819 1968
f 10751 6505 9219
f 10751 9219 199
f 1134 1135 5821
f 1134 9815 1136
f 3018 3013 5822
f 3018 5822 3025
f 2621 2615 5823
f 2621 10349 2678
f 3002 10218 5824
f 3002 5824 3001
f 559 8046 5825
f 559 6473 560
f 1564 1565 5826
f 1564 5826 10230
f 5181 5180 5827
f 5181 5827 5310
f 4282 7351 5828
f 4282 5828 4283
f 6780 639 5829
f 7759 9375 865
f 2044 9981 5830
f 2044 8970 1994
f 3420 6938 5831
f 3420 5831 3419
f 1296 7235 5832
f 1296 5832 1600
f 3246 6627 5833
f 10339 8805 3321
f 242 243 5834
f 242 5834 247
f 277 275 5835
f 7011 7977 393
f 159 8578 5836
f 159 5836 160
f 2793 2791 5837
f 2793 10554 2872
f 2166 2171 5838
f 2166 10002 8719
f 5185 5186 5839
f 10570 5839 9215
f 1773 1823 5840
f 1773 5840 1847
f 5131 5132 5841
f 5131 5841 5146
f 3847 3843 5842
f 3847 5842 3849
f 1182 6729 5843
f 1182 5843 1185
f 10999 4811 7605
f 10999 6606 4955
f 1428 1429 5845
f 1428 5845 1450
f 3030 3031 5846
f 3030 5846 9020
f 118 9957 5847
f 118 5847 10253
f 1337 1335 5848
f 7740 9055 1453
f 235 236 5849
f 9288 5849 453
f 1611 10660 5850
f 1611 5850 10208
f 2991 10140 5851
f 2991 5851 6902
f 1626 1625 5852
f 1626 6722 1627
f 4856 4855 5853
f 6583 8444 4865
f 2039 8645 5854
f 2039 5854 9022
f 1402 6598 5855
f 1402 5855 6425
f 8007 8604 5856
f 9151 10556 2859
f 2874 8722 5857
f 2874 5857 2875
f 3416 7806 5858
f 3416 5858 3417
f 115 114 5859
f 115 5859 303
f 7626 110 5860
f 109 10026 113
f 230 231 5861
f 230 5861 8712
f 139 580 5862
f 139 6739 140
f 1720 1730 5863
f 9794 5863 1831
f 1172 1171 5864
f 1172 5864 1362
f 466 7666 5865
f 10628 5865 470
f 8999 4423 5866
f 4352 5866 4354
f 6699 3946 5867
f 6699 5867 7289
f 119 111 5868
f 119 5868 7273
f 1190 1184 5869
f 1190 8568 1309
f 2857 10658 5870
f 2857 5870 2871
f 385 386 5871
f 385 5871 9830
f 10225 2576 5872
f 8595 5872 2564
f 297 302 5873
f 297 5873 8687
f 10340 3195 5874
f 3194 6497 8588
f 7006 10990 5875
f 7006 5875 4917
f 2999 2995 5876
f 7879 9060 6636
f 10314 9200 5877
f 2271 5877 10179
f 1634 10380 5878
f 1634 5878 1638
f 46 6536 5879
f 46 5879 47
f 1477 8899 5880
f 1477 5880 9226
f 9080 4799 5881
f 9080 5881 4871
f 3183 3182 5882
f 3183 5882 7624
f 2713 6357 5883
f 2713 5883 7577
f 2625 2664 5884
f 2625 5884 2623
f 10090 4256 5885
f 4255 7741 8922
f 1346 1323 5886
f 1346 5886 10539
f 428 422 5887
f 8620 5887 78
f 2619 2611 5888
f 9049 5888 2683
f 3303 7883 5889
f 3303 5889 3302
f 4171 6867 5890
f 4171 8888 10235
f 732 9398 7730
f 732 7730 10616
f 3219 3216 5892
f 3219 5892 3220
f 3097 3101 5893
f 3097 5893 7481
f 4343 9778 5894
f 4343 5894 4339
f 1279 7579 5895
f 1279 5895 7235
f 6530 3163 5896
f 10203 5896 3151
f 3878 3839 8637
f 9932 7241 3887
f 10799 7573 5898
f 10799 5898 7541
f 1195 8702 5899
f 9734 5899 1199
f 2586 2584 5900
f 2586 5900 6637
f 4246 4133 5901
f 4246 10222 4242
f 1179 1187 5902
f 1179 10177 1169
f 10297 3910 5903
f 7823 5903 10005
f 3288 3290 5904
f 8510 5904 7444
f 3028 9008 5905
f 3028 5905 8815
f 3822 3821 5906
f 3822 5906 7809
f 4138 4137 5907
f 4138 5907 8726
f 3333 3376 5908
f 3333 5908 7343
f 4310 4309 5909
f 4310 5909 6669
f 179 180 5910
f 179 5910 443
f 2134 2132 5911
f 2134 9886 2138
f 3128 9858 5912
f 3128 5912 3136
f 1999 10462 5913
f 1999 5913 8543
f 2322 2321 5914
f 2322 5914 2350
f 3807 3792 5915
f 3807 5915 7587
f 1526 1183 5916
f 10743 5916 1538
f 2768 2762 5917
f 2768 5917 2766
f 567 569 5918
f 567 5918 9673
f 3153 3146 5919
f 3153 8598 3118
f 10301 1367 5920
f 8657 5920 1368
f 373 382 5921
f 373 6766 375
f 6737 306 5922
f 10359 5922 305
f 3379 3373 5923
f 3379 5923 3344
f 3362 3354 5924
f 3362 7312 10193
f 2922 2913 5925
f 2922 5925 2990
f 2785 9010 5926
f 2785 5926 7460
f 3831 9958 5927
f 3831 5927 8857
f 671 8621 5928
f 7010 10766 974
f 988 989 5929
f 988 5929 6685
f 983 982 5930
f 983 5930 8718
f 10445 507 7811
f 506 6792 8408
f 2693 2690 5932
f 7951 10451 6705
f 1884 10797 5933
f 1884 5933 7013
f 9616 9128 5934
f 4867 5934 7622
f 10703 7967 5935
f 10703 5935 8915
f 10439 1647 5936
f 1666 5936 1708
f 4887 4885 9222
f 4887 9222 4877
f 3441 8035 5938
f 3441 5938 3442
f 1745 7512 5939
f 1745 5939 7619
f 1249 1251 5940
f 1249 5940 1256
f 415 8786 5941
f 415 5941 416
f 3224 6608 5942
f 3224 5942 10464
f 58 9897 5943
f 58 5943 63
f 6649 3255 5944
f 6649 5944 3315
f 3210 10095 5945
f 3210 5945 3213
f 10509 8807 5946
f 3737 5946 8631
f 1934 1933 5947
f 1934 5947 8455
f 4079 8547 5948
f 6691 5948 8738
f 592 488 5949
f 592 5949 11071
f 7827 422 5950
f 10309 9300 6452
f 4319 4318 5951
f 4319 5951 4293
f 4177 4179 5952
f 4177 5952 4203
f 3457 9530 5953
f 3457 10742 9308
f 501 7053 5954
f 501 5954 502
f 2256 2141 5955
f 2256 5955 2258
f 2333 7886 5956
f 2333 5956 2351
f 2409 2382 5957
f 2409 7500 9927
f 4026 6770 5958
f 4026 5958 8646
f 2068 2069 5959
f 2068 5959 7606
f 3113 3125 5960
f 3113 5960 9014
f 3237 6668 5961
f 3237 5961 10630
f 2632 7920 5962
f 2632 5962 2631
f 2817 2811 5963
f 10432 5963 7596
f 2030 7881 5964
f 2030 6732 9933
f 1320 1148 5965
f 10801 8009 1318
f 2776 6764 5966
f 2776 8688 2788
f 2454 2321 5967
f 7620 9946 2411
f 6891 358 5968
f 353 5968 352
f 4065 4066 5969
f 4065 5969 6720
f 8997 101 5970
f 7005 10735 71
f 4388 10373 5971
f 8450 5971 4400
f 3996 7820 5972
f 3996 5972 4062
f 10548 7955 5973
f 2896 9185 7527
f 4427 4428 5974
f 8662 5974 9990
f 9091 2715 5975
f 2695 10559 2759
f 10431 7776 5976
f 10431 9004 7729
f 2314 2313 5977
f 2314 5977 8511
f 3841 9926 5978
f 3841 8648 3842
f 8979 1976 5979
f 8979 10567 6749
f 10320 2298 5980
f 10320 5980 6748
f 3794 6803 5981
f 3794 5981 7415
f 2686 9849 5982
f 2686 5982 10102
f 7939 3053 5983
f 7939 5983 9160
f 4032 4072 5984
f 10465 8946 4039
f 4434 8941 5985
f 6725 10284 4440
f 3203 7723 5986
f 8691 5986 7249
f 2261 2265 5987
f 10516 5987 2223
f 1417 9041 5988
f 1417 5988 10392
f 3044 3043 5989
f 3044 5989 3038
f 2482 6955 10908
f 9404 8162 2520
f 2497 2495 5991
f 7786 10224 8921
f 3316 10109 5992
f 3316 5992 3310
f 2733 2735 5993
f 2733 5993 2732
f 630 628 5994
f 630 10303 662
f 7549 1439 5995
f 1431 10607 1430
f 4200 4233 5996
f 7658 5996 4202
f 10683 8614 5997
f 10683 8150 8832
f 10278 1787 5998
f 10278 5998 6730
f 1167 1189 5999
f 7449 5999 1168
f 1127 1131 8964
f 9680 6894 1157
f 2213 9043 6001
f 2213 7638 2215
f 8960 1856 6002
f 1795 6002 1855
f 3367 3366 6003
f 3367 6003 10670
f 4872 8024 6004
f 4872 6004 9613
f 220 6676 6005
f 10424 6005 226
f 1796 1801 6006
f 1796 6006 8705
f 3168 8952 6007
f 7756 6007 3178
f 2982 2986 6008
f 2982 6008 2983
f 2092 1933 6009
f 2092 6009 8522
f 1274 1276 6010
f 10234 6923 1281
f 2808 8490 6011
f 2808 6011 7430
f 4858 7986 6012
f 4858 6012 4860
f 2724 10622 6013
f 2724 6013 2741
f 1361 1332 6014
f 7671 10345 6744
f 10574 8939 6015
f 2368 6015 2371
f 25 8011 6016
f 25 6016 9929
f 1529 1530 6017
f 1529 6017 1528
f 4321 10317 6018
f 4321 6018 4440
f 10878 4 6019
f 10878 6019 16
f 1297 1291 10635
f 1297 10635 1595
f 4410 7582 6021
f 4410 6021 4432
f 9166 6896 6022
f 2556 6022 10571
f 1064 1065 6023
f 8809 10113 1081
f 1077 10429 6024
f 7898 6024 1072
f 3425 3432 6025
f 10125 6025 3449
f 2952 2953 6026
f 2952 6026 7955
f 2824 10646 6027
f 2824 6027 2841
f 10699 9366 6028
f 10699 6028 9537
f 10497 1458 6029
f 1472 8729 1609
f 2264 10052 6030
f 2264 8721 2263
f 4222 4174 6031
f 4222 8790 7580
f 1088 10449 6032
f 1088 6032 1017
f 996 6976 6033
f 7894 10437 997
f 2225 2224 6034
f 2225 6034 7694
f 3606 10271 6035
f 3606 6035 3604
f 644 9403 6036
f 644 6036 825
f 3750 3749 6037
f 3750 6037 6768
f 1584 1583 6038
f 1584 6038 1586
f 1690 8723 6039
f 7928 6832 1677
f 1445 7501 6040
f 1445 6040 1446
f 4197 4174 6041
f 4197 6041 7635
f 3939 3938 6042
f 3939 6484 9959
f 2459 8732 6043
f 2459 6043 7886
f 2194 2191 6044
f 7830 6044 8823
f 2465 7499 6045
f 2465 6667 2310
f 1479 1482 6046
f 1479 6046 6660
f 11007 3472 6047
f 3386 6047 3052
f 2074 9040 6048
f 10484 6048 2038
f 3985 10389 6049
f 3985 6049 9684
f 4296 4297 6050
f 4296 7938 10400
f 3844 6827 6051
f 7859 10156 3884
f 4074 6845 8776
f 4074 7673 10105
f 3860 10295 6053
f 3860 6053 3842
f 4398 4397 6054
f 4398 8765 4400
f 4159 9099 6055
f 4159 6055 4196
f 1877 1841 6056
f 8962 6056 10312
f 4433 4305 6057
f 4433 6057 9880
f 3855 8746 6058
f 3855 6058 6375
f 2269 2268 6059
f 2269 6059 8880
f 2935 6626 6060
f 10617 6060 2964
f 2644 2604 6061
f 2644 6061 9255
f 10546 3171 6062
f 7949 6062 3175
f 867 7930 6063
f 867 6063 10517
f 471 474 6064
f 471 6064 469
f 1352 1351 6065
f 1352 6065 10744
f 4131 10226 6066
f 4131 7292 4273
f 587 9186 6067
f 587 6067 8693
f 5384 7994 6068
f 5384 6068 7528
f 10398 1005 6069
f 7901 6069 1075
f 1882 1881 6070
f 1882 6070 1883
f 4124 10458 6071
f 7474 8917 6881
f 1464 6851 6072
f 1464 6072 9334
f 2131 2130 6073
f 2131 9711 9045
f 9217 769 6074
f 565 6074 764
f 1605 1607 6075
f 1605 10633 1606
f 8464 4976 6076
f 8464 6076 8010
f 3301 3302 6077
f 3301 8548 3329
f 142 144 6078
f 142 6078 8283
f 3805 3804 6079
f 3805 6079 3802
f 4259 4260 6080
f 4259 6080 6957
f 4371 10414 6081
f 4371 6081 4402
f 1073 1072 6082
f 10434 6082 999
f 3365 3394 6083
f 3365 6083 3403
f 2750 10677 6084
f 2750 6084 10605
f 4149 4148 6085
f 8889 6085 4107
f 8924 3765 6086
f 10347 6086 3905
f 4081 10069 6087
f 4081 6087 4082
f 3274 3275 6088
f 3274 6088 3281
f 5250 5251 6089
f 5250 6089 5377
f 3959 9054 6090
f 3959 6090 4076
f 3800 3862 10368
f 3800 8973 3830
f 1733 8030 10651
f 1733 7856 1735
f 8117 9316 6093
f 7017 6093 10675
f 7844 1815 6094
f 7844 6094 1848
f 9579 5192 8202
f 9579 8202 7102
f 4218 4221 6096
f 10032 7739 4223
f 2157 2156 6097
f 10302 6097 2114
f 2177 8902 6098
f 2177 6098 9917
f 5075 7009 10772
f 5075 10772 9330
f 3727 9826 6100
f 3727 6100 8019
f 1303 1301 6101
f 8896 6101 10410
f 388 545 6102
f 388 7813 6872
f 1927 9107 6103
f 1927 6103 2088
f 10840 8065 6104
f 2490 9274 2488
f 3063 9118 6105
f 3063 6105 3064
f 204 10595 6106
f 204 6106 9676
f 2435 7780 6107
f 2435 6107 2366
f 494 8757 6108
f 10552 6108 973
f 1272 6450 6109
f 1272 6109 1273
f 9357 9723 6110
f 9357 6110 8003
f 3108 9862 6111
f 3108 6111 10764
f 2415 6977 6112
f 7958 6112 2420
f 6736 5128 6113
f 6736 6113 5286
f 3398 9137 6114
f 3398 6114 10584
f 181 9262 6115
f 181 6115 182
f 3994 3997 6116
f 8873 6116 4042
f 2647 2646 6117
f 9146 6884 2657
f 5484 9174 10644
f 5484 7818 10576
f 1851 6869 6119
f 7761 6119 1857
f 4045 4046 6120
f 7290 6120 10506
f 2851 2854 6121
f 2851 6121 8002
f 1282 6865 6122
f 9159 6122 10684
f 3164 3166 6123
f 9113 6123 3165
f 408 8110 6124
f 408 6124 725
f 10876 7752 6125
f 10876 6125 5246
f 8943 4050 6126
f 3993 7874 6913
f 1983 1988 6127
f 1983 6127 9183
f 2754 7779 6128
f 2754 6128 7546
f 634 633 6129
f 634 6129 10697
f 4415 7982 6130
f 4415 6130 8089
f 10970 7084 6131
f 10970 6131 5392
f 3453 3435 6132
f 3453 6132 3709
f 3784 3865 6133
f 3784 6133 3827
f 216 246 6134
f 216 6134 208
f 6960 1146 6135
f 9289 10072 1208
f 5144 5134 6136
f 5144 6136 8253
f 9327 2640 6137
f 9327 7026 2660
f 7795 10411 6138
f 3451 6138 10268
f 4841 4842 6139
f 8142 6916 4822
f 3892 3898 6140
f 3892 6140 8972
f 4446 4452 6141
f 6935 10422 4412
f 1971 2053 10791
f 1971 9325 10265
f 1597 10659 6143
f 1597 8957 10665
f 5470 5482 10563
f 5470 10563 5466
f 5232 6946 6145
f 10865 6145 5230
f 4207 4214 6146
f 10562 6146 4211
f 969 968 6147
f 7600 6147 965
f 3915 4521 10730
f 9275 7046 3979
f 9309 6958 6149
f 9309 6149 259
f 2471 2302 6150
f 2471 6150 8854
f 10519 2657 6151
f 10519 6151 7996
f 4345 7002 6152
f 4345 6152 4334
f 4187 7857 6153
f 4187 10326 7602
f 4052 10603 6154
f 4052 6154 4053
f 2090 7003 6155
f 2090 6155 1924
f 5149 5277 6156
f 5149 6156 9580
f 3798 3875 10537
f 3798 8038 3828
f 5228 5337 6158
f 9828 6158 9480
f 9497 10831 6159
f 9497 6159 5410
f 5219 6946 6160
f 5219 11103 5139
f 543 540 6161
f 543 8036 544
f 553 554 6162
f 553 9198 551
f 11045 5266 6163
f 9542 8071 5270
f 8079 1329 10580
f 9273 6802 1585
f 3090 3089 6165
f 3090 6165 3494
f 3429 9191 6166
f 10624 6166 9102
f 9302 6853 10869
f 1237 8087 6973
f 5492 7966 6168
f 10632 6168 5493
f 5447 5452 6169
f 5447 6169 5431
f 3057 10694 6170
f 3057 6170 3058
f 1641 9431 6171
f 1641 6171 6964
f 3899 3893 6172
f 3899 6172 3912
f 4022 3991 6173
f 4022 6173 3980
f 963 7902 6174
f 963 6174 8017
f 846 8647 6175
f 9774 6175 968
f 3042 3031 6176
f 3042 6176 3455
f 2849 2807 6177
f 2849 6177 7008
f 4119 6950 6178
f 4119 6178 4120
f 4195 4170 6179
f 4195 6179 9099
f 19 8027 6180
f 19 10579 36
f 3142 3140 6181
f 3142 6181 3157
f 8013 8830 6182
f 5473 6182 9201
f 11125 7094 6183
f 11125 6183 5109
f 1541 1540 6184
f 1541 6882 10825
f 2277 2272 6185
f 2277 10758 2123
f 2499 2505 6186
f 2499 6186 2545
f 3284 10583 6187
f 3284 6187 3313
f 2237 2172 6188
f 2237 6188 10760
f 2173 2202 6189
f 2173 10639 2253
f 10784 2972 6190
f 8123 6190 7028
f 4774 4733 6191
f 4774 6191 4776
f 4560 9293 6192
f 4560 6192 7060
f 9317 2840 6193
f 2845 6193 8128
f 9498 5052 6194
f 9498 6194 8177
f 10796 2304 6195
f 7962 8589 6979
f 7 6 6196
f 7 6196 7917
f 606 7963 6197
f 606 6197 7893
f 326 8272 6198
f 326 6198 7192
f 8126 10752 6199
f 8126 6199 10797
f 1906 9332 6200
f 1906 6200 8969
f 4096 10780 6201
f 4096 6201 10976
f 3601 3603 6202
f 3601 6202 3297
f 4083 10966 6203
f 4083 6203 9088
f 4829 8045 6204
f 4829 6204 8029
f 4409 7982 6205
f 10969 6205 8127
f 8146 268 9355
f 10921 6811 8768
f 1792 1868 6207
f 1792 10656 1826
f 5221 5216 6208
f 5221 6208 5220
f 2729 9124 6209
f 2729 6209 8975
f 643 641 6210
f 643 6210 10729
f 2967 8051 6211
f 2967 6211 2966
f 2353 2282 6212
f 2353 6212 2363
f 4453 4294 6213
f 4453 6213 4447
f 2165 2106 6214
f 2165 6214 8068
f 4063 4489 6215
f 4063 10498 3989
f 646 8136 6216
f 646 6216 649
f 2509 2508 6217
f 9390 6217 2553
f 3264 3265 6218
f 3264 6218 3714
f 407 6862 6219
f 407 6219 7118
f 2652 9255 6220
f 2652 6220 2653
f 1782 7082 6221
f 1782 6221 1860
f 5477 5476 6222
f 5477 6890 9376
f 4534 4533 6223
f 4534 7139 9382
f 4586 7106 6224
f 4586 10905 4589
f 5387 5386 6225
f 5387 6225 5350
f 1643 1642 6226
f 1643 9310 1709
f 5345 5288 6227
f 5345 8158 5245
f 9518 3135 6228
f 11100 6228 3486
f 7553 344 6229
f 284 11068 499
f 482 483 6230
f 8012 9338 487
f 4278 10771 6231
f 4278 6231 4516
f 4655 4656 6232
f 4655 6232 4658
f 3713 9514 6233
f 3713 6233 3536
f 2485 2484 6234
f 2485 6234 2541
f 1683 1684 6235
f 1683 6235 9469
f 8213 3267 6236
f 8213 6236 3268
f 4504 11063 6237
f 4504 6237 4097
f 3383 3384 6238
f 8080 6238 11011
f 7187 11104 6239
f 4546 8216 4553
f 4951 7200 6240
f 8252 6240 5122
f 9319 10190 6241
f 1682 6241 10957
f 3858 6820 6242
f 3858 6242 3865
f 5200 7959 6243
f 5200 6243 8249
f 7162 8226 6244
f 4687 6244 4706
f 9397 10573 6245
f 9397 6245 10877
f 198 196 6246
f 198 6246 202
f 537 8799 6247
f 10691 6247 9555
f 581 580 6248
f 581 6248 848
f 4612 4611 6249
f 4612 8193 10904
f 5582 5581 6250
f 5582 8137 10806
f 5536 9393 6251
f 5536 6251 9408
f 4578 9407 6252
f 4578 6252 4738
f 4719 4718 6253
f 4719 6253 8225
f 4939 4803 6254
f 4939 6254 4938
f 3506 3099 7608
f 3506 7608 3703
f 3725 3744 6256
f 3725 6256 9337
f 5571 5555 6257
f 5571 6257 5574
f 8041 10741 6258
f 8041 6258 11151
f 3388 3639 6259
f 10989 6259 3649
f 3385 3632 6260
f 3385 10973 8204
f 3270 3580 6261
f 7182 6261 3590
f 1469 7119 6262
f 8188 9312 1470
f 3414 7169 6263
f 3414 6263 3478
f 599 600 6264
f 599 6264 10887
f 652 8156 6265
f 652 6265 7074
f 5615 7120 6266
f 5615 9364 5612
f 900 9263 6267
f 900 7173 11026
f 5094 5093 6268
f 9536 6268 5242
f 11136 9350 6269
f 11136 6269 9439
f 409 400 6270
f 409 11109 413
f 5224 5234 6271
f 10851 6271 5401
f 4836 4834 6272
f 4836 6272 9474
f 4821 4820 6273
f 4821 6273 4823
f 563 564 6274
f 563 6274 561
f 9581 757 6275
f 9581 6275 11013
f 5597 5596 6276
f 11059 6276 5614
f 4522 9447 6277
f 7167 6277 4526
f 9430 10920 6278
f 7124 10923 5583
f 4675 10910 6279
f 4675 6279 4770
f 7176 5258 6280
f 5268 9584 5271
f 9400 5465 6281
f 5463 10925 5464
f 6740 10693 6282
f 6740 6282 2718
f 10830 9277 6283
f 10830 6283 8149
f 853 852 6284
f 8183 10984 726
f 6754 10710 6285
f 6754 6285 2919
f 9368 8074 6286
f 9368 6286 2687
f 5355 5248 6287
f 5355 6287 7042
f 4592 4595 6288
f 4592 6288 10821
f 5529 5527 6289
f 7131 9420 8115
f 4688 4689 6290
f 4688 6290 4701
f 745 10982 6291
f 745 6291 7911
f 5566 9466 6292
f 5566 8152 5567
f 10894 9342 6293
f 3186 6293 3158
f 6752 9278 6294
f 6752 6294 2816
f 10964 7143 6295
f 4631 6295 4636
f 4665 4666 6296
f 4665 11077 4771
f 783 10657 9569
f 783 9569 918
f 4664 4661 6298
f 4664 11087 4784
f 4572 4573 6299
f 10961 9478 8198
f 947 908 6300
f 947 6300 11137
f 5324 5202 6301
f 10985 9199 8218
f 4568 4567 6302
f 4568 6302 10952
f 5176 10945 6303
f 5176 6303 5297
f 4638 4637 6304
f 8187 6304 10884
f 7168 3486 6305
f 3161 6305 3537
f 4722 9381 6306
f 4722 6306 4781
f 4238 4226 6307
f 4238 6307 11096
f 3180 3181 6308
f 3180 6308 7172
f 688 11044 6309
f 688 6309 9362
f 3078 3694 6310
f 11034 9535 3493
f 3408 10486 6311
f 8244 6311 3645
f 4558 4736 6786
f 4558 6786 4557
f 8264 3586 9523
f 3293 7058 8315
f 887 9363 6314
f 887 6314 11041
f 8222 4827 6315
f 9475 6315 4846
f 11035 916 6316
f 777 6316 9573
f 3659 9586 6317
f 7148 6317 11111
f 934 9509 6318
f 934 6318 720
f 5481 5482 6319
f 5481 6319 8214
f 4598 10821 6320
f 4598 6320 4587
f 4626 4628 8293
f 4626 8293 4630
f 922 9436 6322
f 922 6322 9522
f 9532 8276 6323
f 911 6323 8228
f 5172 5171 6324
f 5172 6324 5284
f 9492 3468 11085
f 3074 8241 9832
f 3460 3052 6326
f 3460 6326 11112
f 929 686 6327
f 929 6327 9541
f 4685 7145 6328
f 4685 6328 4671
f 4571 10952 6329
f 4571 7227 4570
f 4669 4667 6330
f 4669 6330 4671
f 5274 5136 6331
f 10837 8178 5422
f 880 7207 6332
f 880 6332 879
f 919 921 6333
f 11075 8278 7208
f 4606 4609 6334
f 4606 11091 4620
f 943 907 6335
f 943 6335 705
f 4717 8176 11080
f 4717 9566 4716
f 5594 7141 6337
f 5594 6337 9529
f 3610 3624 6682
f 3610 6682 3609
f 10995 4961 6339
f 10995 6339 5055
f 4532 10685 6340
f 4532 6340 11120
f 4965 4966 6341
f 4965 6341 4964
f 805 7217 6342
f 11082 9513 538
f 4654 10717 6343
f 4654 6343 11124
f 4693 10885 6344
f 11149 6344 8290
f 4933 5089 6345
f 4933 9483 4913
f 4910 4911 6346
f 4910 6346 5086
f 896 895 6347
f 896 6347 897
f 901 939 6348
f 901 7224 940
f 894 8246 6349
f 894 6349 8284
f 5541 9443 6350
f 5541 7231 10949
f 7266 4792 6351
f 7266 6351 4800
f 493 7291 6352
f 493 9904 367
f 4890 4905 6353
f 4890 6353 9607
f 213 5650 7370
f 213 7370 9012
f 1154 9988 6355
f 1154 6355 8431
f 2691 7350 9724
f 2691 9724 2707
f 9699 2706 6357
f 9699 6357 2705
f 9879 7334 6358
f 673 8469 7237
f 9761 1394 6359
f 9761 6359 8517
f 10038 7360 6360
f 4336 8531 7419
f 2079 2069 6361
f 2079 6361 10058
f 5512 5514 6362
f 5512 6362 5649
f 2983 7531 8581
f 2983 8581 2993
f 9852 5673 6364
f 9852 6364 2720
f 4809 4810 6365
f 4809 9605 4813
f 4796 4795 6366
f 7240 6366 4873
f 5456 5455 6367
f 9695 6367 5519
f 5505 5653 6368
f 8363 6368 9704
f 7335 9918 6369
f 7335 6369 3213
f 9913 8339 6370
f 9913 6370 1577
f 1373 1339 6371
f 7284 6371 5779
f 5443 5448 6372
f 9614 7406 5517
f 1275 1287 6373
f 1275 6373 9654
f 8395 3232 6374
f 3231 6374 7355
f 8696 3895 6375
f 8696 6375 7668
f 286 9811 6376
f 286 8351 7628
f 251 8358 6377
f 7326 6377 8404
f 1233 1239 6378
f 1233 6378 1232
f 8859 1620 6379
f 8859 6379 7686
f 182 445 9740
f 182 9740 8414
f 1179 1187 6381
f 1179 6381 1178
f 1543 8456 6382
f 1543 6382 1544
f 396 9657 6383
f 396 6383 572
f 4880 4881 6384
f 4880 6384 7382
f 9864 3733 6385
f 9864 6385 8529
f 4816 4814 6386
f 4816 8411 5634
f 10186 3790 6387
f 10186 6387 7705
f 2875 2888 6388
f 2875 10021 2874
f 5441 8354 6389
f 5441 6389 5668
f 7503 2317 6390
f 2456 10471 2321
f 5438 5434 6391
f 9648 6391 7272
f 7581 2695 6392
f 7581 10163 2773
f 9839 7802 6393
f 9839 6393 7535
f 1160 9854 6394
f 7288 8410 1350
f 1520 1523 9361
f 1520 9361 10609
f 5705 7650 6396
f 5705 9805 5508
f 4337 8700 6397
f 4337 6397 7652
f 3329 9328 6398
f 3329 6398 10975
f 3012 8483 6399
f 3012 6399 7447
f 307 308 6400
f 307 8401 10006
f 1145 1124 6401
f 8485 9737 5645
f 5724 9907 6402
f 5724 6402 9622
f 9865 1696 6403
f 9865 6403 7357
f 990 992 7636
f 990 7636 6069
f 2181 10457 7361
f 2181 7361 2210
f 617 9895 6406
f 617 6406 514
f 619 8389 6407
f 619 6407 616
f 2826 7354 6408
f 2826 6408 2822
f 3923 10036 6409
f 3923 6409 3924
f 7875 1465 6410
f 7875 6410 1519
f 7767 8946 6411
f 7767 6411 4034
f 10705 3185 9152
f 10705 9152 5882
f 229 8587 6413
f 229 6413 240
f 2214 9043 10325
f 2214 10325 2167
f 1309 1245 6415
f 1309 6415 9701
f 8347 5495 6416
f 5502 6416 5494
f 1621 5686 6417
f 9649 6417 1624
f 2116 5738 8719
f 2116 8719 2117
f 1787 8869 6419
f 1787 6419 10278
f 5658 7252 6420
f 5658 6420 3111
f 1570 1567 6421
f 1570 6421 1572
f 114 5859 6422
f 7446 6422 92
f 10342 3249 6423
f 10342 6423 3314
f 96 5670 6424
f 8592 6424 9670
f 1403 1402 6425
f 1403 7591 5655
f 9786 7425 6426
f 9786 6426 130
f 263 5642 6427
f 8499 6427 105
f 330 8442 6428
f 330 6428 8384
f 1547 1555 6429
f 1547 6429 8394
f 4210 4209 6430
f 4210 7703 4240
f 5698 1496 6431
f 9821 6431 1497
f 232 233 6432
f 232 6432 236
f 1225 1427 6433
f 9682 6433 1549
f 4117 4112 6434
f 4117 6434 4105
f 1389 9756 6435
f 1389 6435 7313
f 369 5727 6436
f 369 9661 7324
f 1673 1674 6437
f 1673 6437 9976
f 173 167 6438
f 173 6438 174
f 1923 1917 6439
f 1923 6439 1913
f 86 83 6440
f 9727 7368 93
f 1505 1504 6441
f 1505 6441 9669
f 438 9643 6442
f 438 6442 439
f 9846 163 6443
f 158 6443 8378
f 3011 8430 6444
f 3011 9683 3013
f 9924 3353 6445
f 3346 6445 3380
f 282 280 6446
f 282 6446 327
f 3730 3734 6447
f 3730 6447 3729
f 9921 4896 6448
f 9921 6448 5114
f 2902 10279 6449
f 2902 6449 8642
f 1246 9608 6450
f 1246 6450 10311
f 2976 2977 6451
f 2976 9645 2991
f 103 9668 6452
f 103 6452 10309
f 2596 2597 6453
f 9748 6453 2609
f 3119 3118 6454
f 3119 9858 3128
f 4886 4885 6455
f 4886 6455 4884
f 5745 2137 6456
f 5745 6456 2122
f 3338 3339 6457
f 7768 6457 3340
f 7833 5706 6458
f 7833 6458 223
f 5699 2295 6459
f 5699 6459 2290
f 2891 2892 6460
f 2891 10094 2901
f 2803 2812 6461
f 2803 9998 7430
f 1805 10367 6462
f 1805 6462 7385
f 1213 1223 6463
f 9848 8322 1215
f 2289 2288 6464
f 10046 6464 2292
f 1719 1716 6465
f 1719 8352 1785
f 1916 1912 6466
f 1916 6466 1917
f 4075 6052 6467
f 4075 6467 3925
f 2972 9277 6468
f 2972 10708 6190
f 4801 4792 6469
f 4801 6469 4802
f 9753 5764 8458
f 1324 7405 1344
f 4039 10250 6471
f 4039 6471 10465
f 1173 8636 6472
f 1173 6472 8629
f 5825 559 6473
f 5825 8567 10138
f 451 9763 6474
f 451 6474 539
f 2027 8605 6475
f 2027 6475 9039
f 4288 4286 6476
f 4288 6476 4292
f 5663 10204 6477
f 5663 6477 9787
f 3918 8396 6478
f 3918 6478 7515
f 104 106 6479
f 104 8451 5680
f 7838 1765 6480
f 7838 6480 8825
f 8453 1162 6481
f 1161 6481 1164
f 2110 7325 6482
f 2110 6482 2108
f 1655 9755 6483
f 1655 8443 7268
f 6042 3939 6484
f 7471 6484 3917
f 9775 97 6485
f 74 6485 5809
f 515 514 6486
f 9776 8457 520
f 3082 3512 6487
f 3082 6487 9856
f 1910 1912 6488
f 1910 6488 7458
f 535 10187 6489
f 535 6489 533
f 4271 4251 6490
f 4271 6490 10350
f 1337 10117 6491
f 7740 6491 1454
f 2420 7958 6492
f 2420 6492 8840
f 468 128 6493
f 10620 6493 471
f 2994 2995 6494
f 2994 6494 9712
f 768 8927 6495
f 768 6495 9050
f 1135 5821 6496
f 7437 6496 8431
f 5874 3194 6497
f 5874 7556 3192
f 4390 4388 6498
f 4390 6498 4394
f 351 8652 6499
f 351 6499 349
f 4857 4859 6500
f 4857 6500 5853
f 309 310 6501
f 309 6501 312
f 5125 5123 6502
f 5125 9780 5166
f 1969 8623 6503
f 1969 6503 2017
f 85 84 6504
f 9625 6504 89
f 243 8984 6505
f 243 6505 197
f 593 9939 8654
f 593 7583 488
f 5813 1651 6507
f 8500 6507 1656
f 2914 10001 6508
f 2914 6508 2921
f 271 267 6509
f 271 6509 302
f 10119 2802 6510
f 10119 6510 7562
f 360 9751 6511
f 360 6511 367
f 1478 1483 6512
f 1478 6512 10376
f 387 388 6513
f 387 6513 389
f 1514 10500 6514
f 1514 6514 1635
f 341 338 6515
f 9915 8724 7403
f 426 8620 6516
f 426 6516 427
f 3397 3401 6517
f 3397 6517 10444
f 3005 3006 6518
f 3005 6518 5654
f 1386 5729 6519
f 1386 9705 5770
f 2781 10327 6520
f 2781 7263 2774
f 1242 9653 6521
f 1242 6521 8568
f 1380 8304 6522
f 9824 6522 8487
f 1372 5789 6523
f 1372 6523 7362
f 3250 8994 6524
f 3250 6524 7422
f 9371 5963 6525
f 9371 9909 2816
f 3223 9789 6526
f 3223 6526 7413
f 2594 2583 6527
f 2594 6527 2593
f 254 249 6528
f 254 6528 255
f 3088 8618 10168
f 3088 10168 5651
f 3116 5896 6530
f 3116 9029 7414
f 2513 2529 6531
f 2513 7610 8956
f 1425 9833 6532
f 1425 6532 1450
f 2230 7709 6533
f 2230 6533 2235
f 332 333 6534
f 332 6534 5756
f 3742 3736 6535
f 3742 6535 3732
f 39 52 6536
f 10034 8737 45
f 2515 2516 6537
f 2515 6537 8792
f 10763 8984 6538
f 10763 6538 9288
f 324 316 6539
f 324 8558 7358
f 1313 1308 6540
f 1313 6540 8503
f 200 10024 6541
f 200 6541 7371
f 615 5747 6542
f 615 6542 616
f 1147 5965 10942
f 1147 10942 1146
f 4103 4101 6544
f 4103 6544 4104
f 1250 1248 6545
f 1250 6545 9047
f 47 5879 6546
f 47 6546 10144
f 171 172 6547
f 171 9984 176
f 3138 3129 6548
f 7697 10074 3202
f 2694 2779 6549
f 2694 8959 2692
f 2671 2672 6550
f 9637 6550 7996
f 1730 1723 6551
f 1730 6551 5863
f 3437 5776 6552
f 3437 7617 3431
f 9633 519 6553
f 5811 6553 510
f 1139 1137 6554
f 1139 6554 1650
f 5453 7910 6555
f 5453 6555 9025
f 285 9785 6556
f 285 6556 326
f 1586 6038 6557
f 1586 6557 8526
f 1227 8660 6558
f 1227 9954 1231
f 10524 5842 6559
f 10524 6559 3884
f 2871 10254 6560
f 2871 6560 2872
f 5637 189 6561
f 5637 6561 183
f 5826 7472 6562
f 5826 6562 1565
f 1412 8734 6563
f 1412 6563 1593
f 2923 7642 6564
f 9075 6564 2977
f 1489 7476 6565
f 10051 6565 5700
f 3228 10263 6566
f 3228 6566 3264
f 370 371 6567
f 370 6567 5644
f 1253 7866 6568
f 1253 6568 7861
f 2978 2979 6569
f 2978 9722 2992
f 3001 3002 6570
f 3001 9079 3701
f 3107 3104 6571
f 3107 6571 3109
f 1171 7234 6572
f 9978 6572 1176
f 4869 9616 6573
f 7353 6573 10281
f 2171 2166 6574
f 2171 6574 10209
f 76 73 6575
f 8471 6575 80
f 558 10723 6576
f 9224 6576 10950
f 9149 2624 6577
f 7999 10829 2681
f 1141 1492 6578
f 1141 6578 8508
f 1874 8562 6579
f 1874 9996 8649
f 1269 1271 6580
f 1269 6580 1270
f 5895 1264 6581
f 8609 6581 1283
f 315 10091 6582
f 315 6582 9894
f 4856 5853 6583
f 4856 6583 9212
f 3000 2998 6584
f 3000 6584 8535
f 5806 310 6585
f 9810 7401 8525
f 1217 1214 6586
f 1217 6586 1591
f 2598 2597 6587
f 2598 6587 2643
f 2673 9692 6588
f 2673 6588 9681
f 1616 10208 6589
f 1616 6589 1618
f 153 8578 6590
f 153 9791 154
f 9374 3576 6591
f 9374 6591 3411
f 3424 10088 6592
f 3424 6592 10049
f 4151 4152 6593
f 4151 9106 4266
f 8007 2797 6594
f 9151 10850 2882
f 5892 3220 6595
f 5892 9972 3217
f 1191 5843 6596
f 1191 10133 1192
f 195 5797 6597
f 195 6597 9841
f 1399 1400 6598
f 1399 6598 5886
f 2633 5823 6599
f 2633 9943 2600
f 9819 3205 6600
f 9819 7489 3145
f 150 8693 6601
f 150 9769 151
f 129 10115 6602
f 129 8544 9796
f 5920 1369 6603
f 5920 9979 8418
f 5661 8553 6604
f 5661 6604 135
f 1295 9893 6605
f 1295 6605 10582
f 5844 8367 6606
f 5844 6606 10999
f 120 623 6607
f 120 6607 115
f 3215 3224 6608
f 8827 10220 7410
f 1385 7627 6609
f 1385 6609 7390
f 2789 2798 6610
f 2789 10283 2831
f 2940 2933 6611
f 2940 6611 5778
f 4181 4179 6612
f 4181 6612 7317
f 2895 2893 6613
f 2895 10536 2979
f 3100 5646 6614
f 3100 6614 10122
f 7518 1130 6615
f 1126 8685 1123
f 2072 5959 6616
f 8616 6616 2085
f 4281 4334 6617
f 4281 6617 4335
f 5868 8735 6618
f 5868 6618 128
f 2793 2791 6619
f 2793 10512 2872
f 8062 866 6620
f 8062 6620 8365
f 3378 3367 6621
f 3378 6621 3343
f 298 9899 6622
f 298 6622 300
f 3840 3804 6623
f 3840 8861 7587
f 10894 3188 6624
f 10894 6624 9342
f 5889 7883 6625
f 10045 6625 3307
f 2936 2935 6626
f 2936 9083 7544
f 3240 9925 6627
f 3240 6627 5833
f 9851 3382 6628
f 3330 6628 10216
f 1536 1534 6629
f 1536 6629 10096
f 420 8965 6630
f 420 6630 9300
f 3318 10127 6631
f 3318 6631 10826
f 10343 3081 6632
f 10343 6632 3097
f 9734 1201 6633
f 1195 6633 1193
f 2221 7726 6634
f 2221 8982 2217
f 4081 4084 6635
f 4081 6635 4082
f 3092 3066 6636
f 3092 6636 3083
f 2588 2586 6637
f 2588 10534 2672
f 4134 4133 6638
f 4134 6638 7380
f 3023 3017 6639
f 3023 6639 8610
f 4903 4898 6640
f 4903 6640 9980
f 5955 2216 6641
f 5955 6641 7848
f 1347 10539 6642
f 1347 6642 7643
f 2734 2735 6643
f 2734 6643 5785
f 9009 7748 6644
f 9009 6644 7274
f 1530 8909 6645
f 1530 6645 1531
f 5830 1996 6646
f 5830 8970 2044
f 3362 10033 6647
f 3362 6647 10193
f 2526 2527 6648
f 2526 6648 5872
f 3256 3255 6649
f 3256 6649 3253
f 452 5849 6650
f 452 6650 456
f 1318 1316 6651
f 1318 6651 8009
f 1671 1394 6652
f 1671 6652 8505
f 3988 3986 6653
f 3988 6653 8911
f 1561 10521 6654
f 7880 6654 9154
f 10116 379 6655
f 378 6655 7688
f 2374 10416 6656
f 2374 6656 9967
f 1784 1721 6657
f 1784 7431 8727
f 10141 1437 6658
f 9034 6658 1440
f 3153 3143 6659
f 3153 6659 3141
f 1129 6046 6660
f 8527 7770 5696
f 4204 9956 6661
f 4204 7580 4216
f 1293 1288 6662
f 10800 7573 1513
f 530 7701 6663
f 530 6663 7607
f 3136 5912 6664
f 3136 10095 5945
f 5915 3811 6665
f 5915 10227 8666
f 2373 2372 6666
f 2373 6666 9612
f 8739 2465 6667
f 8739 6667 2466
f 3236 8839 6668
f 3236 6668 3245
f 4306 4305 6669
f 4306 6669 5828
f 1995 1994 6670
f 1995 8543 7439
f 3021 3505 6671
f 3021 6671 3506
f 2299 2297 6672
f 2299 6672 8920
f 1870 1869 6673
f 1870 6673 1871
f 2291 2290 6674
f 2291 6674 8659
f 2159 2157 6675
f 9656 6675 2226
f 218 6005 6676
f 9874 8712 230
f 3922 7374 6677
f 3922 6677 3965
f 742 497 6678
f 742 6678 9205
f 3379 3370 6679
f 3379 6679 3345
f 4400 8765 6680
f 4400 6680 8450
f 4429 4430 6681
f 9952 7585 8627
f 6338 3298 6682
f 6338 6682 3609
f 9150 7403 6683
f 291 6683 10692
f 10315 2267 6684
f 2132 6684 10348
f 1018 1016 6685
f 7647 6685 988
f 5781 4143 6686
f 5781 9728 4141
f 2719 8338 6687
f 10409 6687 5926
f 2638 2636 6688
f 10815 6688 2664
f 3308 5944 6689
f 10085 6689 8677
f 2068 2069 6690
f 2068 6690 7606
f 4079 5948 6691
f 4079 6691 4085
f 2409 2382 6692
f 2409 6692 2419
f 2150 10395 6693
f 2150 6693 2122
f 9642 5082 6694
f 9642 9330 5075
f 5732 8976 6695
f 5732 6695 532
f 460 10201 6696
f 8612 6696 464
f 3886 7734 6697
f 3886 8807 5946
f 4067 4066 6698
f 4067 6698 8646
f 3947 8669 6699
f 3947 6699 3946
f 568 9673 6700
f 7794 6700 871
f 2411 7500 6701
f 2411 6701 9946
f 2732 2722 6702
f 2732 6702 10121
f 741 9963 6703
f 741 6703 7926
f 4031 4029 6704
f 4031 6704 4070
f 2772 2773 6705
f 2772 6705 10560
f 4200 10169 6706
f 8459 6706 4239
f 2817 2812 6707
f 2817 6707 2884
f 5430 5431 6708
f 5430 6708 10381
f 3094 3090 10365
f 7831 9020 3030
f 2788 5926 6710
f 2788 6710 8688
f 10373 8918 6711
f 10373 6711 8694
f 2676 2680 6712
f 2676 10223 8651
f 486 10016 6713
f 8804 6713 10194
f 3322 7870 6714
f 3322 6714 3328
f 7485 5906 6715
f 7485 6715 3849
f 5008 5009 6716
f 5008 9383 5012
f 4254 4263 6717
f 4254 8731 4261
f 6029 7637 6718
f 6029 8729 1472
f 5986 7723 6719
f 5986 6719 7249
f 3926 3930 6720
f 8742 6720 4092
f 4322 4321 6721
f 4322 6721 4285
f 5852 1626 6722
f 5852 6722 10332
f 4242 7644 6723
f 4242 6723 10222
f 6034 7694 6724
f 8432 6724 2254
f 4434 10495 6725
f 4434 6725 5985
f 424 423 6726
f 424 6726 5887
f 3214 3211 6727
f 3214 6727 10164
f 1366 8747 6728
f 1366 6728 1578
f 1181 8837 6729
f 1181 6729 1182
f 1832 10278 6730
f 7435 6730 5757
f 1430 5845 6731
f 1430 6731 1442
f 5964 2030 6732
f 5964 7432 10462
f 4207 4214 6733
f 7280 9017 4249
f 3769 3768 6734
f 3769 6734 3783
f 6001 10457 6735
f 9938 6735 2220
f 5129 5128 6736
f 5129 6736 7733
f 294 293 6737
f 294 6737 5922
f 4866 8934 6738
f 4866 6738 4883
f 5862 139 6739
f 5862 6739 772
f 2712 2711 6740
f 2712 6740 2744
f 8754 1741 6741
f 8754 6741 1778
f 1849 1854 6742
f 8705 9989 1855
f 2502 10104 6743
f 2502 6743 8950
f 1583 7671 6744
f 1583 6744 1584
f 5973 7955 6745
f 9185 10615 2966
f 2494 2496 6746
f 2494 6746 9261
f 1358 1357 6747
f 1358 6747 1332
f 2460 10505 6748
f 2460 8770 2422
f 2040 9115 6749
f 2040 7692 10058
f 4405 4404 6750
f 8764 6750 4406
f 822 638 10832
f 822 10832 9247
f 2810 2809 6752
f 2810 6752 10709
f 4944 4949 10939
f 4944 10939 9127
f 2911 2910 6754
f 2911 6754 2948
f 2536 2533 6755
f 2536 6755 2537
f 241 5793 8047
f 241 8047 540
f 1907 8605 6757
f 10265 6757 9325
f 981 9026 6758
f 981 6758 8835
f 5045 7332 6759
f 10417 6759 5095
f 584 582 6760
f 584 6760 9687
f 6023 1006 6761
f 6023 6761 1064
f 1695 1666 6762
f 1695 9086 1675
f 8167 10420 6763
f 8167 6763 2883
f 10357 2727 6764
f 10357 6764 7915
f 4444 4443 6765
f 4444 6765 7663
f 5921 373 6766
f 5921 6766 8454
f 4250 7293 6767
f 4250 6767 10040
f 3728 6100 6768
f 3728 6768 3729
f 1528 6017 6769
f 1528 6769 1527
f 4001 4058 6770
f 4001 6770 8860
f 3854 3853 6771
f 10057 6771 3861
f 8846 2227 6772
f 2262 7729 10395
f 5819 9040 6773
f 5819 6773 1914
f 4375 4379 6774
f 4375 6774 7749
f 10833 2880 6775
f 10833 6775 2879
f 2541 10914 6776
f 2541 6776 2498
f 631 7297 6777
f 631 6777 661
f 2311 2310 6778
f 2311 9691 2286
f 4072 4076 6779
f 4072 6779 4032
f 7759 818 10900
f 7759 10900 9375
f 2188 10541 6781
f 2188 6781 9693
f 2932 2931 6782
f 2932 6782 2928
f 6007 3176 6783
f 6007 6783 3177
f 10211 8858 6784
f 417 6784 414
f 4289 4291 6785
f 4289 7714 5974
f 6312 4776 6786
f 6312 6786 4557
f 3323 5961 6787
f 3323 6787 10372
f 1842 1841 6788
f 1842 6788 9027
f 3848 8639 6789
f 3848 6789 8780
f 5598 5596 6790
f 10819 6790 5630
f 2417 8732 6791
f 2417 10083 9119
f 5931 506 6792
f 5931 6792 8884
f 8755 1628 6793
f 1198 6793 1632
f 1757 1760 6794
f 1757 6794 1729
f 4351 7629 10231
f 4351 8853 5749
f 2828 2827 6796
f 2828 6796 2825
f 10358 2627 6797
f 10358 6797 9064
f 4203 4177 6798
f 4203 6798 9956
f 2270 2269 6799
f 2270 6799 2271
f 3620 3310 6800
f 3620 6800 3697
f 9036 7352 6801
f 9036 6801 10401
f 6164 1455 6802
f 6164 6802 9273
f 3816 3815 6803
f 3816 6803 3794
f 4441 4318 6804
f 4441 6804 10284
f 472 9697 6805
f 472 6805 10079
f 124 122 6806
f 124 10149 7425
f 1558 1557 6807
f 1558 7764 5697
f 4129 4130 6808
f 4129 8922 4263
f 3418 3419 6809
f 3418 6809 11114
f 9051 1079 6810
f 1075 6810 6069
f 6206 7488 6811
f 6206 6811 10921
f 4175 8711 6812
f 4175 10175 8790
f 1812 1811 6813
f 1812 6813 9027
f 1947 1921 6814
f 1947 8843 7754
f 10616 475 6815
f 10616 6815 7730
f 3140 3139 6816
f 3140 6816 9234
f 4087 10069 6817
f 7662 6817 3936
f 3036 10270 6818
f 3036 6818 10344
f 3312 3311 6819
f 3312 6819 3303
f 3796 3876 6820
f 3796 9207 10537
f 2313 2477 6821
f 2313 6821 2465
f 2038 7781 6822
f 2038 9923 6048
f 629 663 6823
f 10328 6823 9103
f 4006 8935 6824
f 4006 6824 9684
f 5148 5147 6825
f 5148 9284 5279
f 10704 6060 6826
f 9158 8023 2960
f 3850 3844 6827
f 3850 6827 10601
f 8199 4688 6828
f 8199 6828 11019
f 2920 10555 6829
f 2920 6829 5925
f 3372 3374 6830
f 3372 6830 8977
f 1251 9047 6831
f 1251 6831 7861
f 6039 1692 6832
f 6039 6832 7928
f 259 9814 6833
f 259 6833 261
f 1607 1604 6834
f 9145 6834 1658
f 4927 5119 6835
f 4927 6835 4911
f 3034 3037 6836
f 3034 6836 8996
f 2696 9091 6837
f 2696 6837 2698
f 1612 1609 6838
f 1612 6838 10660
f 2266 10395 6839
f 2266 6839 2152
f 6085 4148 6840
f 6085 6840 4146
f 3801 3874 6841
f 3801 8867 3831
f 4223 4173 6842
f 4223 6842 4217
f 5222 5213 6843
f 5222 6843 5223
f 3933 6087 6844
f 3933 10780 4096
f 3956 7685 6845
f 3956 6845 4091
f 4000 3999 6846
f 4000 6846 3996
f 1936 1935 6847
f 1936 6847 1933
f 10153 7712 6848
f 4367 6848 7533
f 2093 1931 6849
f 2093 6849 10084
f 2618 10566 6850
f 2618 6850 7520
f 1292 6072 6851
f 1292 6851 9211
f 4931 4805 6852
f 4931 6852 9271
f 1510 10098 6853
f 7787 6853 1238
f 2567 7478 6854
f 2567 6854 2568
f 10872 2682 6855
f 10872 6855 7996
f 8049 2857 6856
f 8049 6856 10689
f 6097 10485 6857
f 6097 6857 2156
f 2429 8775 6858
f 7780 9870 2435
f 9464 10673 6859
f 9464 6859 3660
f 143 142 6860
f 143 9323 580
f 3903 3770 6861
f 3903 6861 3888
f 403 10207 6862
f 403 6862 407
f 1070 1068 6863
f 1070 6863 1059
f 1975 1974 6864
f 1975 6864 7881
f 1267 7804 6865
f 10568 6865 1282
f 9114 10455 6866
f 9114 6866 10542
f 4196 4171 6867
f 4196 7635 10338
f 7467 5160 6868
f 7467 6868 10188
f 1885 1881 6869
f 1885 6869 1851
f 2333 2332 6870
f 2333 6870 10505
f 2047 6127 6871
f 2047 8756 7633
f 384 8955 6872
f 384 10540 372
f 3110 10363 6873
f 3110 6873 3208
f 1689 1669 6874
f 1689 10824 1686
f 9986 1848 6875
f 9143 7598 1876
f 3366 10403 6876
f 3366 6876 9023
f 3897 3747 6877
f 3897 6877 3891
f 3752 3751 6878
f 3752 6878 3749
f 9137 3393 6879
f 3392 6879 3394
f 209 9177 6880
f 7896 6880 221
f 4257 4256 6881
f 4257 6881 4259
f 6184 1541 6882
f 6184 6882 1678
f 3772 5716 6883
f 3772 6883 10269
f 10543 9162 6884
f 10543 6884 9146
f 6089 5253 6885
f 6089 6885 5368
f 1148 8337 6886
f 1148 6886 9006
f 3753 3754 6887
f 3753 8945 3910
f 3221 8510 6888
f 3221 6888 9007
f 3873 3804 6889
f 3873 6889 9822
f 6222 5477 6890
f 6222 6890 7369
f 10159 356 6891
f 353 6891 5968
f 10764 3571 6892
f 10764 6892 6111
f 2748 8028 6893
f 2748 9242 8054
f 6000 1128 6894
f 6000 6894 7799
f 2741 6013 6895
f 2741 6895 10809
f 2511 2512 6896
f 2511 6896 2553
f 2177 2251 6897
f 2177 7836 2204
f 2130 2131 6898
f 2130 10377 8880
f 3376 3709 6899
f 3376 6899 3375
f 2819 9170 6900
f 2819 6900 10556
f 3438 3431 6901
f 7687 6901 3708
f 9142 2988 6902
f 9142 6902 2896
f 6019 15 6903
f 6019 6903 16
f 1447 7665 6904
f 1447 6904 9132
f 2841 6027 6905
f 2841 6905 10816
f 5389 9237 6906
f 5389 6906 5328
f 4301 4298 6907
f 4301 6907 4300
f 4309 4310 6908
f 4309 7814 4430
f 1888 1884 6909
f 1888 6909 8030
f 4125 4124 6910
f 4125 6910 8767
f 9315 400 6911
f 9315 6911 722
f 5759 10393 6912
f 5759 6912 7905
f 3995 3994 6913
f 3995 6913 3993
f 11128 5198 6914
f 11128 6914 5193
f 4186 4230 10382
f 4186 7852 4198
f 6139 7840 6916
f 6139 6916 4841
f 5475 8013 6917
f 10158 6917 5476
f 2118 2119 6918
f 2118 6918 2257
f 6226 1676 6919
f 9310 10848 7991
f 4851 4850 6920
f 4851 6920 7847
f 2222 2226 6921
f 2222 8938 7903
f 3400 3407 6922
f 3400 6922 9140
f 6010 1274 6923
f 6010 7846 1280
f 1795 1794 6924
f 1795 10475 6002
f 1927 9101 6925
f 1927 10594 2088
f 9067 10437 6926
f 9067 6926 999
f 146 10761 6927
f 146 6927 9356
f 4868 4865 6928
f 4868 6928 4990
f 10546 3170 9138
f 3169 7949 6062
f 2490 9386 10840
f 2490 10840 6104
f 9370 2866 6931
f 9370 6931 8003
f 6067 7301 6932
f 6067 6932 9186
f 2174 9013 10513
f 2174 7973 10173
f 6187 7742 6934
f 6187 6934 3313
f 4446 4445 6935
f 4446 6935 10422
f 2458 2457 6936
f 2458 6936 2459
f 3276 8998 6937
f 3276 7817 3277
f 10331 3420 6938
f 10331 6938 3443
f 3389 10438 6939
f 3389 6939 6035
f 642 640 6940
f 642 6940 6036
f 5137 5158 6941
f 10854 9306 5427
f 4189 4190 6942
f 4189 6942 8573
f 2751 2750 6943
f 9206 10605 2760
f 1684 5722 6944
f 1684 10205 7931
f 3745 9144 6945
f 3745 6945 3898
f 5218 6145 6946
f 5218 8155 5428
f 2614 2620 6947
f 2614 6947 2646
f 5483 6144 6948
f 5483 7972 5498
f 3992 6173 6949
f 3992 10506 7290
f 4099 4098 6950
f 4099 6950 5715
f 5949 10732 6951
f 5949 6951 11071
f 10520 9338 6952
f 10520 6952 9314
f 5695 1990 6953
f 5695 6953 2046
f 1979 1985 6954
f 9085 6954 2052
f 2547 10908 6955
f 2547 6955 2501
f 1596 1595 6956
f 1596 9203 1597
f 4219 6096 10298
f 4219 9109 10768
f 10857 9356 6958
f 10857 6958 9309
f 3426 8699 6959
f 3426 6959 3668
f 1204 6135 6960
f 1204 6960 10762
f 5817 9945 6961
f 5817 6961 3628
f 9118 3063 6962
f 3062 6962 7468
f 6083 3394 6963
f 6083 6963 3405
f 1645 1641 6964
f 1645 10396 1647
f 3152 3151 6965
f 3152 6965 9121
f 6165 3089 6966
f 6165 6966 10494
f 10862 9 6967
f 10862 6967 11
f 9360 1541 6968
f 1538 6968 10743
f 9233 1733 6969
f 9233 6969 1732
f 3856 3863 6970
f 3856 6970 3864
f 1071 1072 6971
f 8579 6971 7710
f 10701 6125 6972
f 10701 6972 9536
f 1236 1234 6973
f 1236 6973 8087
f 3336 10419 6974
f 3336 6974 10767
f 5216 6208 6975
f 5216 6975 8242
f 1003 9065 6976
f 1003 6976 8781
f 9813 2406 6977
f 2391 6977 2424
f 9438 7746 6978
f 9438 6978 8188
f 10759 9324 6979
f 10759 6979 8589
f 1793 1867 6980
f 1793 10166 1827
f 5447 10636 6981
f 5447 6981 5452
f 3422 3421 6982
f 3422 6982 5858
f 3265 3273 6983
f 3265 6983 9351
f 1463 1462 6984
f 1463 6984 1464
f 3064 10650 6985
f 3064 6985 6105
f 3430 7987 6986
f 3430 6986 3453
f 2303 2302 6987
f 2303 6987 10796
f 2126 2125 6988
f 2126 7970 2124
f 964 7566 6989
f 964 9210 7600
f 208 10593 6990
f 208 6990 217
f 9455 10958 6991
f 9455 6991 8063
f 1266 10599 6992
f 1266 6992 9159
f 6123 9227 6993
f 6123 6993 3165
f 634 10697 6994
f 634 6994 660
f 6170 3069 6995
f 6170 6995 10650
f 3743 3744 6996
f 3743 6996 3912
f 3172 10648 6997
f 3172 6997 3171
f 10712 446 6998
f 444 8044 5910
f 544 8878 6999
f 544 10629 545
f 5492 5488 7000
f 5492 10632 6168
f 2104 2105 10795
f 2104 9228 2164
f 4346 6152 7002
f 4346 7002 4425
f 2089 7706 7003
f 2089 7003 8018
f 675 844 7004
f 675 10483 8647
f 60 59 7005
f 60 7005 10735
f 4798 4921 7006
f 7981 7006 4917
f 3785 9126 7007
f 3785 7007 10852
f 2850 2849 7008
f 2850 7008 2860
f 4888 4908 7009
f 4888 7009 6099
f 671 5928 7010
f 671 9030 838
f 277 278 7011
f 277 7011 11039
f 4831 4830 7012
f 4831 9157 6272
f 9216 1884 7013
f 1852 10672 1858
f 3281 10649 7014
f 3281 9182 3280
f 10421 4051 7015
f 4046 8107 6203
f 4872 8024 7016
f 9239 10956 7810
f 10774 2746 7017
f 8117 7017 6093
f 3033 3031 7018
f 3033 7018 8138
f 7511 1417 7019
f 1415 10212 1414
f 3068 8033 7020
f 3068 7020 7391
f 538 537 7021
f 538 7021 556
f 3252 3251 7022
f 3252 7022 8147
f 2853 2832 7023
f 2853 7023 9235
f 1480 1479 7024
f 1480 7024 8040
f 3441 9209 7025
f 3441 7025 10569
f 6137 2637 7026
f 6137 7026 9327
f 2 9295 7027
f 2 7027 1
f 2950 2942 7028
f 9131 7028 7988
f 6026 7955 7029
f 6026 7029 8051
f 10756 24 7030
f 23 7030 25
f 11099 3047 7031
f 11099 7031 8262
f 5884 9259 7032
f 5884 7032 2623
f 1452 9055 7033
f 1452 7033 8079
f 2927 2926 7034
f 2927 7034 2944
f 4294 10771 7035
f 4294 7035 10433
f 565 560 7036
f 9217 7036 769
f 483 6230 7037
f 483 7037 729
f 5487 5479 7038
f 5487 7038 5488
f 4083 9088 7039
f 4083 7039 8037
f 6 6196 7040
f 6 7040 8106
f 4825 4823 7041
f 8029 7041 8934
f 5241 5240 7042
f 10637 7042 6287
f 3583 3283 7043
f 10714 7043 7978
f 2353 9340 7044
f 10781 7044 8061
f 3989 4022 7045
f 3989 10718 4063
f 6148 9275 7046
f 6148 7046 3932
f 867 8063 7047
f 867 7047 7930
f 2843 6193 7048
f 9349 7048 2864
f 10608 2757 7049
f 8975 7049 2729
f 10849 9336 7050
f 4344 7050 4277
f 10998 4905 7051
f 10998 7051 5050
f 6211 2953 7052
f 6211 7052 2966
f 500 5954 7053
f 10871 9363 6314
f 10510 5273 7054
f 5409 7054 5410
f 5582 10806 7055
f 5582 7055 5628
f 4487 3978 7056
f 4487 7056 9384
f 6220 2653 7057
f 6220 7057 10733
f 10666 3616 7058
f 10666 7058 3293
f 3931 10676 7059
f 3931 7059 4493
f 9410 10936 7060
f 9410 7060 8075
f 2272 10314 7061
f 2272 7061 2277
f 3271 9076 7062
f 3271 7924 11000
f 4593 9353 7063
f 4593 7063 8205
f 2468 10321 7064
f 2468 7064 10738
f 2172 6189 7065
f 2172 7065 2237
f 11033 876 7066
f 11033 7066 9495
f 1260 10790 7067
f 1260 7932 1545
f 8066 3713 7068
f 8066 7068 9545
f 2364 10310 7069
f 2364 8077 2404
f 2505 6186 7070
f 10959 9449 8150
f 2509 9281 7071
f 8072 7071 2517
f 5345 5385 7072
f 5345 7072 5287
f 3160 3127 7073
f 9518 11100 6228
f 653 654 7074
f 653 7074 652
f 2861 10845 7075
f 2861 7075 2862
f 1926 1925 7076
f 1926 7076 10808
f 5092 4926 7077
f 5092 7077 5676
f 5180 5177 7078
f 5180 9346 5321
f 5943 63 7079
f 5943 7079 59
f 11156 8300 9303
f 11156 9303 4972
f 5257 5186 7081
f 5257 7081 10671
f 1791 10747 7082
f 1791 9298 10656
f 5109 11125 7083
f 5109 7083 5690
f 5163 5164 7084
f 5163 7084 8182
f 5469 5467 7085
f 10788 9201 5473
f 8181 10863 7086
f 8181 7086 4559
f 10901 5575 7087
f 5573 7087 9391
f 5089 5091 7088
f 5089 8005 9599
f 10883 4723 7089
f 10883 7089 6279
f 2053 9286 7090
f 2053 7090 8108
f 870 10201 7091
f 870 7091 11004
f 5267 5264 7092
f 5267 7092 5270
f 4260 4265 7093
f 4260 11063 4241
f 4817 10727 7094
f 4817 7094 6183
f 1644 1643 7095
f 10924 9431 6171
f 3865 3784 7096
f 8134 7096 3914
f 4448 4453 7097
f 8127 7097 4516
f 392 7977 7098
f 392 7098 8146
f 1860 1782 7099
f 10797 7099 1713
f 3267 3575 7100
f 3267 7100 11054
f 5588 5586 7101
f 8145 9437 10920
f 5305 8496 7102
f 10879 7102 9579
f 199 6246 7103
f 199 7103 786
f 3388 3636 7104
f 10989 9344 3649
f 3385 9446 7105
f 3385 7105 8204
f 10839 9353 7106
f 4585 7106 4586
f 5548 5530 7107
f 10907 7107 5543
f 5139 5326 7108
f 5139 7108 11103
f 10897 5552 7109
f 10897 7109 8152
f 5238 5239 7110
f 5238 9359 5344
f 2521 2520 7111
f 2521 7111 10293
f 5611 9451 7112
f 10915 7112 5629
f 2484 2486 7113
f 2484 7113 2491
f 5282 10991 7114
f 5282 9497 8085
f 1680 1682 7115
f 10899 8153 1683
f 3051 3459 7116
f 3051 10881 3481
f 5464 5472 7117
f 5464 10612 5471
f 721 407 7118
f 721 7118 10823
f 1468 1460 7119
f 1468 7119 10986
f 5599 9331 7120
f 5599 7120 10843
f 856 10573 7121
f 856 7121 10818
f 4847 4849 7122
f 4847 7122 11020
f 11064 8012 7123
f 11064 7123 9468
f 5592 10923 7124
f 9430 7124 10947
f 410 9479 7125
f 9401 7125 408
f 853 9348 7126
f 853 7126 6284
f 4836 9474 7127
f 4836 7127 4835
f 5246 9456 7128
f 5246 7128 5247
f 6324 5171 7129
f 9533 7129 11122
f 11142 5827 7130
f 8249 7130 10859
f 5529 10875 7131
f 5529 7131 9420
f 5226 8231 7132
f 9433 7132 8025
f 649 9314 7133
f 8156 7133 652
f 5546 11025 7134
f 5546 7134 9595
f 6331 10930 7135
f 6331 7135 9232
f 6301 5202 7136
f 9199 10441 5417
f 4120 6178 11079
f 9481 11079 4276
f 4818 4820 7138
f 4818 9450 11014
f 6223 4534 7139
f 9432 10890 4773
f 10836 2670 7140
f 10836 7140 9049
f 5590 5591 7141
f 5590 9557 5593
f 9571 695 7142
f 9571 11106 892
f 4629 4627 7143
f 4629 7143 10964
f 5343 9519 7144
f 5343 7144 7952
f 4667 8105 7145
f 4667 7145 4684
f 4715 9301 7146
f 4715 8004 4718
f 9258 4679 7147
f 11077 7147 4771
f 3659 6317 7148
f 3659 7148 3478
f 6232 4656 7149
f 6232 7149 4659
f 4677 4676 7150
f 4677 7150 4674
f 4958 4951 7151
f 11153 7151 4960
f 4938 11009 7152
f 4938 7152 9343
f 5041 5094 7153
f 5041 10995 4961
f 4634 4637 7154
f 4634 9440 4777
f 4565 9452 7155
f 4565 7155 8198
f 602 599 7156
f 602 7156 680
f 9413 4698 7157
f 4700 7157 4772
f 7762 2651 7158
f 7762 7158 9156
f 4623 9460 7159
f 4623 7159 4777
f 4603 4602 7160
f 4603 7160 4605
f 4157 4500 7161
f 9099 7161 4168
f 4687 6244 7162
f 4687 7162 4766
f 4708 4718 7163
f 11040 8236 4781
f 5560 5571 7164
f 5560 7164 5556
f 758 6162 7165
f 758 8228 911
f 3522 10940 7166
f 3522 7166 11032
f 4522 4523 7167
f 4522 7167 6277
f 3161 6305 7168
f 3161 7168 11055
f 3410 6263 7169
f 9543 11042 3645
f 3073 3696 7170
f 9534 8270 3468
f 898 9263 7171
f 10968 7171 899
f 3544 3541 7172
f 3544 7172 9197
f 6267 9558 7173
f 6267 7173 900
f 4643 4644 7174
f 10842 7174 4648
f 11051 5407 7175
f 5154 7175 9506
f 11146 5256 7176
f 11146 7176 9584
f 884 883 7177
f 8257 9521 745
f 4840 4827 7178
f 4840 7178 4842
f 5465 5466 7179
f 5465 10987 9454
f 775 578 7180
f 775 7180 8271
f 10812 4578 7181
f 4576 7181 4571
f 3270 6261 7182
f 3270 7182 3296
f 6300 7961 7183
f 6300 7183 908
f 4720 4781 7184
f 10953 8225 9381
f 954 9532 7185
f 954 7185 706
f 6322 682 7186
f 6322 7186 877
f 4546 4547 7187
f 4546 7187 6239
f 4561 4551 7188
f 4561 9544 8217
f 4671 6330 7189
f 4671 11067 4685
f 5248 5391 7190
f 5248 7190 6287
f 6302 4567 7191
f 6302 7191 8287
f 711 326 7192
f 711 11057 895
f 754 8289 7193
f 754 11012 7975
f 5275 5145 7194
f 5275 11139 6136
f 11068 924 7195
f 6229 7195 9512
f 713 714 7196
f 713 11027 8207
f 4609 4606 7197
f 4609 11028 4610
f 4498 10768 7198
f 4498 7198 6307
f 753 557 7199
f 11070 7199 919
f 4808 6240 7200
f 7897 9369 10724
f 3291 3292 7201
f 3291 7201 11102
f 4714 4713 7202
f 11088 8296 4728
f 11034 3493 7203
f 8201 11117 3483
f 3052 3055 7204
f 9321 7204 3076
f 5176 8197 7205
f 5176 9547 8300
f 750 8799 7206
f 750 7206 11086
f 65 67 7207
f 65 7207 881
f 751 553 7208
f 751 7208 8278
f 6255 3703 7608
f 6255 7608 3664
f 3384 6260 7210
f 9379 7210 3645
f 5173 5172 7211
f 11047 9256 5383
f 581 10711 7212
f 581 7212 949
f 4966 6341 7213
f 4966 10590 4975
f 888 889 7214
f 888 10741 932
f 9529 11113 7215
f 5584 7215 5583
f 4639 11126 7216
f 4639 11141 8223
f 903 6342 7217
f 903 7217 9561
f 9577 5613 7218
f 5604 11110 5605
f 6347 9553 7219
f 6347 7219 11062
f 6297 781 7220
f 9569 7220 8271
f 6349 11061 7221
f 6349 7221 891
f 5086 4933 7222
f 5086 7222 11129
f 6340 4538 11143
f 6340 8294 4529
f 6348 901 7224
f 11089 9554 588
f 5280 672 7225
f 5280 9578 4465
f 6343 4662 11144
f 6343 8297 4651
f 6329 4571 7227
f 6329 7227 4580
f 4695 4694 7228
f 4695 7228 4697
f 9565 4600 7229
f 4597 7229 4596
f 4607 9575 7230
f 4607 7230 4622
f 11154 5541 7231
f 11154 7231 8301
f 5678 9869 8308
f 5678 8308 1622
f 616 6358 7233
f 616 7233 6407
f 1150 8524 7234
f 1150 7234 9784
f 9750 5832 7235
f 9750 7235 1285
f 5899 1196 7236
f 5899 7236 8369
f 9626 8469 7237
f 9626 7237 675
f 1512 9631 7238
f 1512 7238 1511
f 9824 8657 7239
f 9824 7239 8487
f 4796 4859 7240
f 4796 7240 6366
f 5897 9932 7241
f 5897 7241 10060
f 287 288 7242
f 287 9811 262
f 2405 10043 7243
f 2405 7243 5721
f 5434 5668 7244
f 5434 7244 6391
f 9681 2673 7245
f 9681 8348 2670
f 283 5642 7246
f 283 7246 8491
f 9736 8401 7247
f 9736 7247 324
f 9813 9119 7248
f 9813 7248 8709
f 8571 3197 7249
f 8571 7249 9620
f 3004 8483 7250
f 3004 9973 3003
f 5455 9025 7251
f 5455 7251 9698
f 3126 8736 7252
f 3126 7252 8328
f 5445 5441 7253
f 5445 7253 8329
f 253 5670 7254
f 9643 7254 438
f 5522 5521 7255
f 5522 7255 8423
f 5649 6362 7256
f 5649 7256 9618
f 5440 5437 7257
f 8303 7257 5441
f 6415 1310 7258
f 6415 7258 9792
f 6417 5686 7259
f 6417 9892 1624
f 1838 1874 7260
f 1838 7260 1854
f 1322 1349 7261
f 1322 7261 1323
f 9113 3124 7262
f 9113 7262 3172
f 6520 2784 7263
f 6520 7263 2781
f 9845 636 7264
f 6428 7264 572
f 8633 2357 7265
f 8633 7265 2382
f 4793 4792 7266
f 4793 7266 4794
f 4895 8314 7267
f 4895 7267 8433
f 1703 8443 7268
f 1703 7268 8340
f 229 5650 7269
f 229 7269 379
f 4889 5632 7270
f 4889 7270 11081
f 3734 9674 7271
f 3734 7271 5710
f 5647 8316 7272
f 9619 7272 8363
f 10082 476 7273
f 10082 7273 128
f 2453 9009 7274
f 2453 7274 10320
f 2273 8774 7275
f 2273 7275 8730
f 233 6432 7276
f 233 7276 5793
f 2259 6641 7277
f 2259 7277 9772
f 9861 3755 7278
f 9861 7278 8403
f 1567 1566 7279
f 1567 7279 5700
f 10562 4211 7280
f 10562 7280 9017
f 436 9744 7281
f 436 7281 437
f 3332 3331 7282
f 3332 7282 8305
f 2487 8831 7283
f 2487 7283 7113
f 1373 5789 7284
f 1373 7284 6371
f 511 512 7285
f 511 7285 517
f 8326 368 7286
f 6383 9896 572
f 6433 1427 7287
f 6433 7287 1549
f 1160 1157 7288
f 1160 7288 6394
f 3977 8703 7289
f 3977 7289 5867
f 4045 3992 7290
f 4045 7290 6120
f 496 8757 7291
f 9963 7291 664
f 10151 4131 7292
f 10151 7292 4254
f 4213 4251 7293
f 4213 7293 10135
f 5673 6364 7294
f 5673 7294 6549
f 6429 1229 7295
f 6429 7295 1555
f 1457 1456 7296
f 9678 7296 1424
f 626 631 7297
f 626 7297 625
f 3804 6079 7298
f 3804 7298 3809
f 489 175 7299
f 489 7299 498
f 1498 8335 7300
f 1498 7300 9821
f 144 6078 7301
f 144 7301 6067
f 282 328 7302
f 282 7302 9771
f 1234 6973 7303
f 1234 7303 1233
f 3105 6571 7304
f 3105 7304 9719
f 1696 8370 7305
f 1696 7305 1698
f 6747 1357 7306
f 6747 7306 1362
f 6382 8570 7307
f 6382 9951 8456
f 278 10099 7308
f 278 7308 5702
f 1546 1312 7309
f 9890 7309 5717
f 8387 6356 7310
f 2706 7310 6643
f 473 8474 7311
f 473 7311 472
f 10124 3443 7312
f 10124 7312 3362
f 1623 1621 7313
f 1623 7313 6435
f 2905 8495 7314
f 2905 9950 2914
f 4283 8422 7315
f 10039 7315 4287
f 1738 9842 8900
f 1738 8900 10333
f 4111 4108 7317
f 4111 7317 4112
f 10191 3996 7318
f 10191 7318 4024
f 136 9796 7319
f 136 8461 9655
f 439 6442 7320
f 439 7320 621
f 4441 8821 7321
f 4441 7321 4435
f 1338 1340 7322
f 1338 7322 1339
f 1387 1388 7323
f 1387 7323 1390
f 168 9846 7324
f 168 7324 369
f 5738 2110 7325
f 5738 10064 6418
f 251 172 7326
f 251 7326 6377
f 4814 4968 7327
f 4814 7327 8367
f 1501 8399 7328
f 1501 7328 1656
f 106 6479 7329
f 106 7329 6509
f 6427 265 7330
f 6427 7330 5648
f 2293 6464 7331
f 2293 7331 2295
f 4810 6365 7332
f 4810 7332 10028
f 4791 4792 7333
f 4791 7333 4914
f 9624 670 7334
f 516 7334 5684
f 3193 3196 7335
f 3193 8341 3202
f 10010 2600 7336
f 10010 8673 2610
f 451 450 7337
f 451 7337 539
f 442 8412 7338
f 442 7338 614
f 331 328 7339
f 331 7339 332
f 1164 1161 7340
f 1164 7340 1364
f 3729 6447 7341
f 3729 7341 9826
f 1423 1422 7342
f 1423 7342 1594
f 3330 3331 7343
f 3330 9851 6628
f 8874 1222 7344
f 8874 7344 6563
f 2790 10101 7345
f 2790 7345 2791
f 1289 1288 7346
f 1289 9893 1291
f 1186 1188 7347
f 1186 7347 1181
f 8530 6693 7348
f 2112 7348 9716
f 1408 1432 7349
f 1408 10204 5663
f 2689 2691 7350
f 2689 7350 6837
f 4280 10400 7351
f 4280 7351 4282
f 2924 9036 7352
f 2924 7352 10491
f 4869 6573 7353
f 4869 7353 8868
f 2825 2826 7354
f 2825 7354 2828
f 3229 3230 7355
f 3229 7355 8551
f 7004 844 7356
f 10483 7356 968
f 5768 8439 7357
f 5768 7357 6403
f 550 9179 7358
f 550 7358 8558
f 5762 96 7359
f 5762 7359 95
f 4386 6360 7360
f 4386 7360 4387
f 6405 10457 7361
f 6405 7361 2210
f 1376 1372 7362
f 1376 7362 1602
f 5680 93 7363
f 5680 7363 104
f 1136 1134 7364
f 1136 8508 1138
f 1625 1321 7365
f 1625 7365 5852
f 1156 5645 7366
f 1156 7366 8453
f 325 5733 7367
f 325 7367 326
f 6440 86 7368
f 6440 7368 87
f 5494 5502 7369
f 5494 7369 10645
f 6354 5650 7370
f 6354 7370 207
f 244 200 7371
f 244 7371 6458
f 1144 8485 7372
f 1144 7372 1146
f 155 153 7373
f 155 10145 170
f 10015 3920 7374
f 10015 7374 3922
f 1718 1778 7375
f 10056 7375 5780
f 1916 1915 7376
f 10000 7376 8493
f 1532 8572 7377
f 1532 7377 1531
f 1212 1210 7378
f 1212 7378 1226
f 982 5930 10446
f 982 9026 981
f 4104 6544 7380
f 4104 7380 4108
f 2700 2701 7381
f 2700 7381 2737
f 5016 6384 7382
f 5016 7382 5012
f 431 429 7383
f 431 7383 524
f 4292 8704 7384
f 4292 7384 4337
f 1785 8352 7385
f 10042 7385 1790
f 8318 130 7386
f 188 7386 184
f 5796 3984 7387
f 5796 7387 3920
f 454 6505 7388
f 10243 7388 488
f 9924 3348 7389
f 3346 8640 3380
f 1381 1382 7390
f 1381 7390 1385
f 3466 3701 7391
f 3466 7391 7020
f 274 265 7392
f 274 7392 276
f 1473 1610 7393
f 1473 7393 9827
f 5713 6378 7394
f 5713 8494 1243
f 2805 2808 7395
f 2805 7395 2792
f 2795 2799 7396
f 2795 7396 2821
f 9748 2599 7397
f 2596 7397 2631
f 1488 1487 7398
f 1488 7398 8339
f 166 165 7399
f 166 9751 350
f 1190 1309 7400
f 9783 7400 1191
f 6585 9810 7401
f 8336 7401 279
f 2365 2404 7402
f 2365 7402 10574
f 503 9915 7403
f 503 7403 505
f 77 75 7404
f 77 7404 79
f 6470 1324 7405
f 6470 7405 1325
f 9019 9614 7406
f 9019 7406 5450
f 238 239 7407
f 238 7407 8712
f 1396 1392 7408
f 1396 7408 1672
f 2800 2801 7409
f 2800 8440 6408
f 3218 3259 7410
f 3218 7410 8827
f 1653 5813 7411
f 1653 7411 1655
f 2977 2989 7412
f 2977 7412 6451
f 5777 3223 7413
f 5777 7413 10240
f 3117 3116 7414
f 3117 7414 3133
f 3795 3789 7415
f 3795 7415 3787
f 190 192 7416
f 190 7416 205
f 336 6534 7417
f 336 9609 520
f 10279 2911 7418
f 2903 7418 2938
f 4335 4384 7419
f 4335 7419 4336
f 248 10065 7420
f 248 7420 250
f 4006 4009 7421
f 4006 7421 8911
f 8541 3250 7422
f 3253 10165 3254
f 2589 2587 7423
f 2589 10469 2677
f 6554 9815 7424
f 6554 7424 8520
f 125 5798 7425
f 125 7425 124
f 432 8590 7426
f 432 9895 6406
f 361 363 7427
f 9850 7427 348
f 1421 6477 7428
f 1421 7428 1424
f 6547 8448 7429
f 9984 7429 8632
f 2838 6011 7430
f 2838 7430 2803
f 6657 1784 7431
f 6657 7431 1779
f 6732 5964 7432
f 6732 7432 2033
f 2724 2723 7433
f 2724 7433 2741
f 2340 10488 7434
f 8840 7434 6674
f 1832 6730 7435
f 1832 7435 1834
f 5639 9714 7436
f 5639 7436 2868
f 1135 8521 7437
f 1135 7437 6496
f 2984 10536 7438
f 2984 7438 2975
f 1972 6475 7439
f 1972 7439 5742
f 4036 10465 7440
f 4036 7440 4038
f 6712 2667 7441
f 10223 7441 2687
f 177 178 7442
f 177 7442 5637
f 3079 3080 7443
f 3079 7443 3091
f 6888 8510 7444
f 6888 10244 3325
f 2109 9711 7445
f 2109 7445 2111
f 114 6422 7446
f 9957 7446 5847
f 5989 6399 7447
f 5989 7447 3011
f 56 57 7448
f 9897 7448 58
f 1167 5999 7449
f 1167 7449 1170
f 4105 10023 7450
f 4105 7450 4106
f 354 8652 7451
f 354 7451 8803
f 5836 160 7452
f 5836 7452 447
f 1521 1523 7453
f 1521 7453 1673
f 6558 5786 7454
f 9954 7454 8611
f 6513 388 7455
f 6513 7455 5791
f 3306 6423 7456
f 3306 8741 3302
f 2595 8473 7457
f 2595 7457 8528
f 1908 1907 7458
f 1908 7458 1965
f 391 9830 7459
f 391 7459 315
f 2787 2785 7460
f 2787 7460 9898
f 569 5918 7461
f 569 7461 768
f 2598 2597 7462
f 2598 7462 2636
f 6532 1450 7463
f 6532 7463 1378
f 1328 1329 7464
f 1328 7464 1331
f 3765 8924 7465
f 3765 7465 3741
f 3776 5906 7466
f 3776 7466 3849
f 5134 5133 7467
f 5134 7467 5142
f 3066 10290 7468
f 3066 7468 10787
f 317 557 7469
f 317 7469 320
f 4290 4289 7470
f 4290 9857 5743
f 6042 6484 7471
f 9640 7471 3974
f 1573 6562 7472
f 1573 7472 8505
f 8748 1131 7473
f 1481 7473 1132
f 4124 8917 7474
f 4124 10233 4128
f 1283 6581 7475
f 1283 7475 1511
f 1491 1489 7476
f 1491 7476 5814
f 6918 2120 7477
f 6918 7477 2263
f 2530 8595 7478
f 2530 7478 2567
f 3877 8631 7479
f 3877 7479 3879
f 2779 10451 7480
f 2779 7480 8538
f 3024 3018 7481
f 3024 7481 3097
f 1348 5886 7482
f 1348 7482 1386
f 5179 5180 7483
f 5179 7483 10979
f 3057 3059 7484
f 3057 7484 10093
f 3821 5906 7485
f 3821 7485 10251
f 2069 6361 7486
f 9903 7486 2070
f 3595 6787 7487
f 3595 7487 9448
f 301 269 7488
f 10698 7488 531
f 6600 8691 7489
f 6600 7489 9819
f 1913 1922 7490
f 1913 7490 1914
f 3228 9076 7491
f 3228 7491 3582
f 2994 8359 7492
f 2994 10218 3002
f 629 6823 7493
f 629 7493 8559
f 1200 10239 7494
f 1200 7494 8755
f 2583 8603 7495
f 2583 7495 2594
f 308 311 7496
f 308 10091 314
f 4897 5707 7497
f 4897 7497 5113
f 2558 10044 7498
f 2558 7498 2572
f 2464 2463 9982
f 2464 9982 2432
f 5957 2409 7500
f 5957 7500 2413
f 1444 8575 7501
f 1444 7501 1445
f 2290 10030 7502
f 2290 7502 2291
f 2456 2463 7503
f 2456 7503 10471
f 235 231 7504
f 235 9288 5849
f 533 532 7505
f 533 7505 6489
f 2875 5857 7506
f 2875 7506 2888
f 26 25 7507
f 26 7507 27
f 1175 10255 7508
f 1175 7508 1176
f 10356 5719 7509
f 10356 7509 50
f 5740 9742 7510
f 5740 7510 3082
f 1415 10773 7511
f 1415 7511 7019
f 8562 10319 7512
f 8562 7512 6579
f 116 8624 7513
f 116 7513 8615
f 1180 5667 7514
f 1180 7514 1172
f 3916 3917 7515
f 3916 7515 7046
f 1319 1318 7516
f 9988 9006 1154
f 479 9652 7517
f 479 7517 623
f 1126 6615 7518
f 1126 7518 1133
f 4803 6469 7519
f 4803 7519 4943
f 5888 2610 7520
f 5888 7520 2683
f 2806 2807 7521
f 2806 9171 7023
f 49 33 7522
f 49 7522 8782
f 3101 5893 7523
f 3101 7523 3087
f 3121 9858 7524
f 3121 7524 5723
f 3154 8598 7525
f 3154 7525 8328
f 1371 1375 7526
f 1371 10077 1377
f 2966 9185 7527
f 2966 7527 7052
f 5383 9599 7528
f 5383 7528 5384
f 10133 8779 7529
f 10133 7529 1194
f 1582 1657 7530
f 1582 7530 1581
f 2981 6801 7531
f 10022 7531 8581
f 2878 10512 7532
f 2878 7532 2868
f 4365 4368 7533
f 4365 7533 10075
f 2958 9083 7534
f 2958 7534 2960
f 2974 2987 7535
f 2974 7535 2969
f 2138 2137 7536
f 2138 7536 8707
f 2672 8533 7537
f 2672 7537 6550
f 1185 6521 7538
f 1185 7538 1184
f 5905 9008 7539
f 5905 7539 3085
f 302 303 7540
f 302 7540 5873
f 1305 8824 7541
f 1305 7541 10799
f 2592 5807 7542
f 9089 7542 2682
f 3174 9190 7543
f 3174 7543 3194
f 2892 2936 7544
f 2892 7544 2890
f 1214 6463 7545
f 1214 7545 1217
f 2708 2709 7546
f 2708 7546 2754
f 3017 3010 7547
f 3017 7547 6639
f 3357 3349 7548
f 8940 7548 3365
f 1431 5995 7549
f 1431 8734 1432
f 1935 8744 7550
f 1935 7550 2073
f 6592 10088 7551
f 6592 7551 8602
f 5975 2715 7552
f 10559 7552 2759
f 284 264 7553
f 284 7553 6229
f 145 8553 7554
f 10253 7554 5847
f 2286 8713 7555
f 2286 7555 2287
f 6497 10481 7556
f 6497 7556 5874
f 6339 5055 7557
f 6339 7557 4959
f 3880 3879 7558
f 3880 7558 5978
f 2586 8653 7559
f 2586 7559 2584
f 3136 3128 7560
f 3136 7560 8836
f 5863 6551 7561
f 5863 7561 8663
f 2811 6510 7562
f 2811 7562 5963
f 4807 4817 10572
f 4807 10572 9148
f 1828 1830 7564
f 1828 7564 10206
f 29 28 7565
f 29 7565 6903
f 494 492 7566
f 10552 7566 6989
f 258 575 7567
f 9987 7567 577
f 2990 8581 7568
f 2990 7568 5925
f 3753 3909 7569
f 3753 7569 3910
f 4285 6721 7570
f 8700 7570 6397
f 1406 1405 7571
f 1406 7571 1394
f 2426 2413 7572
f 2426 7572 2427
f 6662 10799 7573
f 6662 7573 10800
f 3352 3344 7574
f 10033 8801 6647
f 9672 4029 7575
f 5958 7575 8860
f 1527 10257 7576
f 1527 7576 10743
f 2719 5883 7577
f 10409 9010 5926
f 1640 1684 7578
f 1640 7578 6882
f 1265 1264 7579
f 1265 7579 1282
f 6661 4204 7580
f 6661 7580 4206
f 2786 2695 7581
f 2786 7581 9762
f 4393 4404 7582
f 4393 7582 4410
f 6506 593 7583
f 6506 7583 595
f 6833 5679 7584
f 6833 7584 261
f 6681 9952 7585
f 6681 7585 4394
f 5971 10373 7586
f 5971 7586 4339
f 3837 5915 7587
f 3837 7587 3838
f 5966 2783 7588
f 8688 10070 6710
f 1871 6673 7589
f 1871 7589 8684
f 4389 8450 7590
f 4389 7590 8662
f 6425 1557 7591
f 6425 7591 1403
f 443 179 7592
f 9163 7592 6380
f 2512 2515 7593
f 2512 7593 2555
f 10305 2721 7594
f 10305 7594 2782
f 1636 5761 7595
f 1636 7595 9976
f 2884 10432 7596
f 2884 7596 2888
f 2877 6110 7597
f 2877 7597 5643
f 6875 9143 7598
f 6875 7598 10544
f 470 5865 7599
f 470 10634 483
f 969 6147 7600
f 969 7600 967
f 2675 6797 7601
f 8761 10102 2686
f 4190 4187 7602
f 4190 7602 10107
f 6739 140 7603
f 6739 7603 772
f 101 100 7604
f 101 9668 103
f 5844 4815 7605
f 5844 7605 10999
f 1919 1921 7606
f 8750 7606 2099
f 304 296 7607
f 304 7607 527
f 7209 3664 7608
f 7209 7608 9832
f 3019 5822 7609
f 3019 7609 5812
f 6531 2513 7610
f 10610 7610 2574
f 10762 9289 7611
f 10762 7611 1176
f 218 219 7612
f 218 7612 222
f 3309 9934 7613
f 8392 7613 9945
f 1201 6633 7614
f 8478 7614 10150
f 405 404 7615
f 405 7615 10778
f 5367 5368 7616
f 5367 7616 5253
f 6552 3437 7617
f 6552 7617 10503
f 4205 4204 7618
f 4205 7618 9887
f 1749 1748 7619
f 1749 7619 1745
f 2454 2452 7620
f 2454 7620 5967
f 4085 3940 7621
f 4085 7621 6691
f 4865 10631 7622
f 4865 7622 4868
f 5797 195 7623
f 5797 7623 246
f 6727 5882 7624
f 6727 7624 10164
f 2361 10248 7625
f 2361 7625 9760
f 109 5860 7626
f 109 7626 126
f 1603 1385 7627
f 8321 10238 1587
f 5954 504 7628
f 5954 7628 500
f 4413 4351 7629
f 4413 7629 6750
f 4878 4876 7630
f 4878 7630 4879
f 2935 2936 7631
f 10617 9187 2978
f 1843 6788 7632
f 1843 7632 6730
f 2045 2051 7633
f 9981 7633 5830
f 2132 6684 7634
f 2132 7634 2134
f 10111 4196 7635
f 10111 7635 4197
f 6404 5709 7636
f 6404 7636 992
f 1579 8847 7637
f 1579 7637 9827
f 6001 2213 7638
f 6001 7638 6735
f 9247 6620 7639
f 9247 7639 822
f 3449 3445 7640
f 3449 7640 6025
f 1855 9090 7641
f 1855 10466 8705
f 2915 2916 7642
f 2915 7642 10478
f 1353 1347 7643
f 1353 7643 10680
f 4243 4242 7644
f 4243 7644 5767
f 1647 10396 7645
f 1647 7645 5936
f 1788 8869 7646
f 1788 7646 1809
f 1018 10294 7647
f 1018 7647 6685
f 1089 1017 7648
f 1089 7648 1064
f 1675 1674 7649
f 1675 7649 1695
f 5503 10158 7650
f 5503 7650 5504
f 1354 1355 7651
f 1354 7651 1356
f 4372 4371 7652
f 4372 9836 8789
f 5968 352 7653
f 5968 7653 358
f 1726 1781 7654
f 8759 7654 1898
f 609 6700 7655
f 609 7655 610
f 5691 10162 7656
f 5691 7656 435
f 5928 664 7657
f 5928 7657 977
f 4200 6706 7658
f 4200 7658 5996
f 2254 2214 7659
f 2254 7659 10052
f 4047 9940 7660
f 8397 7660 4084
f 10696 1979 7661
f 10696 7661 9325
f 4087 10336 7662
f 4087 7662 6817
f 4445 4444 7663
f 4445 10155 6935
f 3854 3853 7664
f 8746 7664 3895
f 6143 1597 7665
f 6143 7665 6904
f 122 121 7666
f 122 7666 8788
f 5774 4015 7667
f 5774 7667 4011
f 3891 3897 7668
f 3891 7668 8696
f 4340 4339 7669
f 4340 7669 10373
f 10146 2317 7670
f 10146 7670 2321
f 1361 10345 7671
f 1361 7671 10160
f 2192 2191 7672
f 2192 7672 2212
f 6052 4074 7673
f 6052 7673 6467
f 4174 4197 7674
f 4174 10261 4222
f 6038 1583 7675
f 10296 8881 1660
f 2904 5778 7676
f 2904 8642 2939
f 6729 8837 7677
f 6729 7677 8779
f 1664 1663 7678
f 8983 7678 10017
f 3356 3355 7679
f 3356 7679 8674
f 2466 10014 7680
f 2466 7680 10174
f 2422 2419 7681
f 2422 7681 8770
f 2168 2167 7682
f 2168 7682 9043
f 292 291 7683
f 292 7683 9204
f 4114 4113 7684
f 4114 7684 4137
f 4077 6845 8987
f 4077 8987 3959
f 1615 1611 7686
f 1615 7686 1619
f 3438 3439 7687
f 3438 7687 6901
f 381 378 7688
f 381 7688 383
f 6645 8879 7689
f 6645 7689 8909
f 10367 1804 7690
f 10367 9002 1834
f 299 6622 7691
f 299 7691 6737
f 6749 2040 7692
f 6749 7692 2066
f 2613 2612 7693
f 2613 7693 2611
f 10209 2211 7694
f 2169 7694 6724
f 8835 1008 7695
f 1006 7695 10113
f 10410 9037 7696
f 10410 7696 1248
f 3138 5792 7697
f 3138 7697 6548
f 2087 8522 7698
f 10084 7698 2091
f 3111 9014 7699
f 3111 7699 8736
f 5150 9828 7700
f 5150 7700 11098
f 529 528 7701
f 529 7701 5718
f 414 417 7702
f 414 7702 6582
f 6430 4183 7703
f 6430 7703 4210
f 3925 3927 7704
f 3925 7704 4078
f 3851 3813 7705
f 3851 7705 3846
f 1929 1925 7706
f 1929 7706 10594
f 5754 3423 7707
f 5754 7707 9399
f 3191 9801 7708
f 3191 7708 3190
f 2229 8334 7709
f 2229 7709 5765
f 1074 1007 7710
f 1074 7710 6971
f 6056 1846 7711
f 6056 8794 10312
f 4402 6848 7712
f 4402 7712 4371
f 1474 1475 7713
f 8418 7713 1367
f 6785 4289 7714
f 10366 7714 4437
f 1088 10803 7715
f 1088 7715 10449
f 3732 3731 7716
f 3732 7716 3767
f 1994 2000 7717
f 1994 7717 2044
f 3301 3302 7718
f 3301 7718 3329
f 5846 9246 7719
f 5846 7719 9020
f 2510 2517 7720
f 2510 7720 5991
f 1631 1209 7721
f 10332 7721 6722
f 3251 3250 7722
f 3251 7722 7022
f 3143 10285 7723
f 3143 7723 8988
f 3255 3257 7724
f 3255 7724 5944
f 6059 2130 7725
f 6059 7725 6684
f 2178 2180 7726
f 2178 7726 2221
f 4133 4134 7727
f 4133 10132 8811
f 3370 10308 7728
f 3370 7728 8974
f 6772 2262 7729
f 6772 7729 2263
f 5891 8804 7730
f 5891 7730 6815
f 1404 8791 7731
f 1404 10539 8557
f 390 5871 7732
f 390 7732 399
f 5152 5127 7733
f 5152 7733 5153
f 3885 3884 7734
f 8780 7734 3886
f 3957 3954 7735
f 3957 7735 3956
f 3225 3224 7736
f 3225 9789 3222
f 5800 1211 7737
f 5800 7737 1235
f 5207 5205 7738
f 5207 7738 5209
f 6096 10032 7739
f 6096 8810 4219
f 1337 6491 7740
f 1337 7740 9055
f 5885 4126 7741
f 5885 7741 4255
f 9096 3258 7742
f 3278 7742 10583
f 8428 1529 7743
f 1187 7743 5902
f 4397 4396 7744
f 4397 7744 6054
f 4163 8916 7745
f 4163 10053 4165
f 1609 1614 7746
f 1609 7746 1472
f 10419 8819 7747
f 10419 7747 6974
f 2297 2296 7748
f 2297 7748 9009
f 4395 6081 7749
f 10495 8625 6725
f 2010 2009 7750
f 2010 7750 9115
f 1576 1671 7751
f 1576 7751 6654
f 8680 5214 7752
f 8680 7752 5236
f 1262 6109 7753
f 1262 10291 1261
f 2083 1947 7754
f 2083 7754 1949
f 3139 10391 7755
f 3139 7755 3204
f 3168 10440 7756
f 3168 7756 6007
f 509 508 7757
f 509 7757 5811
f 6863 1068 7758
f 6863 7758 1078
f 810 818 7759
f 810 7759 637
f 2499 2500 10104
f 2499 9195 2545
f 1851 9989 7761
f 1851 7761 6119
f 2650 9156 7762
f 2650 7762 2651
f 5781 4143 7763
f 5781 7763 4141
f 6807 1558 7764
f 6807 7764 1559
f 373 371 7765
f 373 7765 10606
f 4100 4158 7766
f 4100 7766 4102
f 4033 8946 7767
f 4033 7767 4034
f 3338 3337 7768
f 3338 7768 6457
f 3368 3367 7769
f 3368 7769 3371
f 6660 1476 7770
f 6660 7770 1129
f 5854 8645 7771
f 5854 7771 2041
f 4177 4178 7772
f 4177 8875 6798
f 9354 5926 7773
f 9354 7773 2718
f 4321 10185 7774
f 4321 7774 4440
f 3768 3769 7775
f 3768 7775 3770
f 2150 2149 7776
f 2150 7776 10431
f 2526 2527 7777
f 2526 7777 2525
f 3946 3947 7778
f 10351 8863 4094
f 2752 6209 7779
f 10608 7779 2753
f 2429 6858 7780
f 2429 7780 10174
f 10490 2019 7781
f 2012 7781 2039
f 3802 6053 7782
f 3802 8857 3832
f 4130 4126 7783
f 4130 7783 4129
f 3208 3176 7784
f 3208 7784 3209
f 4148 4149 7785
f 4148 7785 10461
f 2497 2498 7786
f 2497 7786 10224
f 1510 1509 7787
f 1510 7787 6853
f 3799 3829 7788
f 3799 10418 3863
f 3995 3993 7789
f 10354 7789 4042
f 10040 4143 7790
f 4253 7790 4252
f 4303 10355 7791
f 4303 7791 4449
f 2159 2160 7792
f 2159 9656 6675
f 1933 1934 7793
f 1933 10371 6009
f 568 10588 7794
f 568 7794 6700
f 3451 3417 7795
f 3451 7795 6138
f 6129 10697 7796
f 6129 7796 830
f 1741 10199 7797
f 1741 7797 1887
f 4855 9139 7798
f 10523 7798 7127
f 1127 8685 7799
f 1127 7799 6000
f 9367 9849 7800
f 9367 7800 2617
f 2372 2373 7801
f 2372 7801 2445
f 9352 6829 7802
f 9352 7802 2919
f 4300 8904 7803
f 4300 7803 4450
f 1278 1277 7804
f 1278 7804 1281
f 3985 3986 7805
f 3985 10276 8901
f 3427 3428 7806
f 3427 7806 3454
f 3800 6841 7807
f 3800 7807 3861
f 4969 6386 7808
f 4969 7808 7083
f 3818 3815 7809
f 3818 7809 9077
f 5065 9239 7810
f 5065 7810 10664
f 5931 10445 7811
f 5931 7811 523
f 3442 3441 7812
f 3442 7812 3708
f 6102 388 7813
f 6102 7813 10629
f 6908 4309 7814
f 10375 7814 4433
f 2840 2839 7815
f 2840 7815 10845
f 9276 4278 7816
f 9868 7816 4279
f 6937 3276 7817
f 6937 7817 3289
f 6118 5491 7818
f 10644 7818 5484
f 3906 3763 7819
f 3906 7819 8631
f 4000 3996 7820
f 4000 7820 3999
f 2265 10485 7821
f 2265 7821 2156
f 4057 4008 7822
f 4057 7822 6824
f 3751 6878 7823
f 3751 7823 5903
f 4997 4994 7824
f 4997 7824 5112
f 1955 1956 7825
f 1955 7825 2081
f 2395 2396 7826
f 2395 7826 10522
f 419 8670 7827
f 419 7827 5950
f 5942 10464 7828
f 5942 7828 3243
f 4262 4256 7829
f 4262 7829 4221
f 2194 6044 7830
f 2194 7830 6921
f 3094 8996 7831
f 3094 7831 6709
f 1976 8979 7832
f 1976 7832 2007
f 225 223 7833
f 225 7833 10178
f 10822 1465 7834
f 10822 7834 1463
f 2128 10515 7835
f 2128 7835 5877
f 6897 2177 7836
f 6897 7836 2175
f 1883 1888 7837
f 1883 7837 1886
f 1764 1765 7838
f 1764 7838 8962
f 3351 10161 7839
f 3351 7839 3361
f 4875 4876 7840
f 4875 7840 6916
f 2271 2275 7841
f 2271 10314 5877
f 3125 3103 7842
f 3125 7842 3124
f 3036 3037 7843
f 3036 7843 10270
f 1811 6813 7844
f 1811 7844 10120
f 1794 1793 7845
f 1794 7845 1866
f 6923 6010 7846
f 6923 7846 1281
f 4843 9112 7847
f 10502 7847 6920
f 10428 2142 7848
f 2141 7848 5955
f 4352 4357 7849
f 4352 7849 5866
f 3681 3668 7850
f 3681 7850 3450
f 1595 1297 7851
f 1595 10582 6956
f 6915 4186 7852
f 6915 7852 4183
f 4627 4628 7853
f 4627 7853 9460
f 4172 4171 7854
f 4172 7854 4170
f 3372 3373 7855
f 3372 7855 3374
f 6969 1733 7856
f 6969 7856 9629
f 4229 6153 7857
f 4229 7857 4215
f 4264 4259 7858
f 4264 7858 4121
f 3844 3843 7859
f 3844 7859 10156
f 2477 2317 7860
f 2477 7860 6821
f 1252 1251 7861
f 1252 7861 1253
f 4350 4349 7862
f 4350 7862 4347
f 2048 6871 7863
f 2048 7863 2049
f 2532 2537 7864
f 2532 7864 6854
f 4298 4299 7865
f 8995 7865 4446
f 1299 6568 7866
f 1299 7866 1304
f 5823 2621 7867
f 5823 7867 8990
f 3034 3035 7868
f 3034 7868 3037
f 6900 9170 7869
f 6900 7869 10556
f 10493 3322 7870
f 10493 7870 3323
f 203 7103 7871
f 203 7871 6951
f 10739 9079 7872
f 10739 7872 3095
f 4152 6942 7873
f 4152 7873 6593
f 6126 3993 7874
f 6126 7874 3992
f 1466 1465 7875
f 1466 7875 9168
f 1679 1542 7876
f 1679 7876 9319
f 9088 6844 7877
f 9088 7877 7039
f 1932 1931 7878
f 1932 7878 1927
f 10463 9060 7879
f 10463 7879 3000
f 1561 6654 7880
f 1561 7880 1352
f 2002 2003 7881
f 2002 7881 5964
f 3426 3433 7882
f 3426 10661 8929
f 10097 3303 7883
f 10097 7883 3247
f 9862 3109 7884
f 9862 7884 6111
f 386 387 7885
f 386 7885 10540
f 2332 2333 7886
f 2332 7886 2462
f 2931 2932 7887
f 2931 7887 9036
f 1462 1463 7888
f 1462 7888 1460
f 10494 3693 7889
f 3494 7889 3090
f 4905 5098 7890
f 4905 7890 8910
f 2657 9146 7891
f 2657 7891 10519
f 639 641 7892
f 639 7892 640
f 613 6197 7893
f 9176 7893 678
f 996 6033 7894
f 996 7894 8781
f 660 10487 7895
f 660 7895 10626
f 209 207 7896
f 209 7896 6880
f 4808 9369 7897
f 4808 7897 4812
f 1077 6024 7898
f 1077 10112 1079
f 6075 1659 7899
f 10633 7899 1606
f 2052 2050 7900
f 2052 7900 9085
f 1000 1001 7901
f 1000 7901 6069
f 491 490 7902
f 491 7902 9059
f 2223 2222 7903
f 2223 7903 2224
f 630 663 7904
f 630 7904 662
f 1090 10429 7905
f 10364 7905 5759
f 2696 2695 7906
f 2696 7906 2698
f 5060 9419 7907
f 5060 7907 5113
f 2827 2829 7908
f 2827 7908 6796
f 3375 3395 7909
f 3375 7909 10602
f 6169 5452 7910
f 9134 7910 5460
f 345 343 7911
f 345 7911 745
f 10767 3436 7912
f 10767 7912 6132
f 9136 5449 7913
f 6981 7913 5452
f 3964 3965 7914
f 3964 7914 3966
f 2725 10357 7915
f 2725 7915 9365
f 661 662 7916
f 661 7916 8580
f 8 7 7917
f 8 7917 9123
f 2310 2311 7918
f 8692 10581 2312
f 10525 1988 7919
f 1987 9039 2026
f 2626 6577 7920
f 2626 7920 10358
f 1020 6033 7921
f 1020 7921 10393
f 6694 5028 7922
f 6694 7922 9642
f 5255 5271 7923
f 5255 7923 5366
f 7062 7491 7924
f 7062 7924 3271
f 3991 4022 7925
f 3991 10603 4051
f 10654 8971 7926
f 971 7926 6108
f 1708 8762 7927
f 1708 7927 6762
f 1690 9073 7928
f 1690 7928 6039
f 356 6891 7929
f 356 10776 355
f 762 9441 7930
f 762 7930 760
f 1686 10205 7931
f 1686 9169 1689
f 7067 1259 7932
f 7067 7932 1260
f 10663 4121 7933
f 10663 7933 5715
f 3404 6879 7934
f 3404 7934 3406
f 3937 3936 7935
f 3937 7935 3933
f 6219 6862 7936
f 6219 7936 9445
f 4348 4347 7937
f 4348 7937 4346
f 6050 4296 7938
f 6050 7938 4279
f 3007 8475 7939
f 3007 7939 9160
f 4987 4988 10792
f 4987 9128 6573
f 5156 11051 7941
f 5156 7941 10245
f 6980 1792 7942
f 6980 10533 1867
f 9493 3657 7943
f 11115 7943 3649
f 468 5865 7944
f 468 7944 6493
f 3748 3747 7945
f 3748 7945 3745
f 3155 5896 7946
f 10700 7946 3712
f 3857 3856 7947
f 3857 7947 3858
f 2302 9257 7948
f 2302 7948 2471
f 6929 3169 7949
f 6929 7949 3148
f 146 147 7950
f 146 7950 10761
f 2693 9046 7951
f 2693 7951 2730
f 5234 6271 7952
f 5234 7952 9394
f 3063 3041 7953
f 3063 7953 3064
f 6993 10679 7954
f 6993 7954 10648
f 2908 9838 7955
f 2908 7955 2952
f 9287 9906 7956
f 9287 7956 10826
f 2625 2623 7957
f 2625 7957 6688
f 2415 6112 7958
f 2415 7958 10274
f 5201 5182 7959
f 5201 7959 5310
f 8872 2764 10693
f 8872 10693 6740
f 11137 5862 7961
f 11137 7961 6300
f 2300 9324 7962
f 2300 7962 6195
f 598 605 7963
f 10958 7963 606
f 5269 5251 7964
f 10782 9175 5377
f 2929 2928 7965
f 2929 7965 2925
f 5490 10526 7966
f 5490 7966 5491
f 4882 4880 7967
f 4882 7967 5037
f 1442 10607 7968
f 9132 7968 6904
f 6114 10619 7969
f 6114 10444 3397
f 6988 2126 7970
f 6988 7970 2129
f 6985 3065 7971
f 6985 7971 10682
f 6948 9105 7972
f 6948 7972 5483
f 6933 2174 7973
f 6933 7973 9213
f 3022 3473 7974
f 3022 7974 3505
f 553 554 7975
f 553 7975 11123
f 3369 3367 7976
f 3369 7976 9214
f 11039 392 7977
f 11039 7977 7011
f 3313 9193 7978
f 3313 7978 3618
f 1413 1409 7979
f 1413 7979 10212
f 208 206 7980
f 208 7980 9184
f 4798 4794 7981
f 4798 7981 7006
f 9167 6205 7982
f 4408 7982 4415
f 3275 10681 7983
f 3275 7983 6088
f 5837 2830 7984
f 5837 7984 2791
f 3616 10666 7985
f 3616 7985 6800
f 4848 4851 7986
f 4848 7986 4849
f 3429 3401 7987
f 3429 7987 3430
f 8883 2971 10710
f 8883 10710 6754
f 1266 1263 7989
f 1266 9808 8896
f 2897 2896 7990
f 2897 7990 2899
f 1706 8762 7991
f 1706 7991 1707
f 2722 10489 7992
f 2722 7992 9347
f 1782 1712 7993
f 1782 7993 9298
f 5386 5387 7994
f 5386 7994 5384
f 7032 9259 7995
f 7032 7995 10834
f 2590 10519 7996
f 2590 7996 10872
f 6997 3173 7997
f 6997 10473 3171
f 3421 10641 7998
f 3421 7998 3422
f 2622 6577 7999
f 2622 7999 10834
f 4901 4900 8000
f 4901 10954 4908
f 6395 10609 8001
f 6395 8001 10835
f 10868 2851 8002
f 10868 8002 9153
f 2822 10508 8003
f 2822 8003 9370
f 7146 4715 8004
f 7146 8004 4717
f 7088 5089 8005
f 7088 8005 5297
f 16 6903 8006
f 16 8006 7027
f 2794 6594 8007
f 2794 8007 5856
f 91 261 8008
f 91 8008 148
f 5965 6543 8009
f 5965 8009 10801
f 6852 10713 8010
f 6852 8010 9685
f 7030 24 8011
f 7030 8011 25
f 482 9338 8012
f 482 8012 481
f 5473 5472 8013
f 5473 8013 6182
f 1438 9203 8014
f 1438 8014 6658
f 6064 9180 8015
f 6064 8015 475
f 560 10585 8016
f 560 8016 565
f 970 6147 8017
f 9205 10627 742
f 2090 7003 8018
f 2090 8018 9286
f 3726 9291 8019
f 3726 8019 9126
f 5199 5307 8020
f 5199 8020 9526
f 5185 5184 8021
f 5185 8021 5333
f 2277 2123 8022
f 2277 8022 7061
f 6826 2964 8023
f 6826 8023 9158
f 4982 6004 8024
f 4982 8024 4983
f 5225 5223 8025
f 10597 8025 9433
f 10795 2124 8026
f 10795 8026 2238
f 2 1 8027
f 2 8027 9295
f 2760 10677 8028
f 2760 8028 2759
f 4825 10820 8029
f 4825 8029 7041
f 1902 10651 8030
f 1902 8030 10370
f 1256 5940 8031
f 1256 8031 1183
f 6135 9289 8032
f 6135 8032 9238
f 3069 3068 8033
f 3069 8033 9093
f 3282 7014 8034
f 3282 8034 3283
f 3405 10669 8035
f 3405 8035 3441
f 6161 543 8036
f 6161 8036 8862
f 3932 9392 8037
f 3932 8037 10730
f 6157 3798 8038
f 6157 8038 3796
f 3746 3745 8039
f 3746 8039 3743
f 1477 1476 8040
f 1477 8040 1478
f 68 80 8041
f 68 8041 11151
f 2860 2847 8042
f 2860 8042 2859
f 1601 1448 8043
f 1601 8043 1292
f 6998 444 8044
f 6998 8044 10596
f 10715 4832 8045
f 10715 8045 4829
f 416 5941 8046
f 416 8046 5825
f 6756 5793 8047
f 6756 8047 10662
f 2652 2651 8048
f 2652 8048 2653
f 2856 2848 8049
f 2856 8049 2857
f 4589 10905 8050
f 9378 8050 4592
f 2953 6026 8051
f 2953 8051 6211
f 3544 9197 8052
f 3544 10941 3545
f 6207 1792 8053
f 6207 8053 1791
f 2755 6128 8054
f 2755 8054 2756
f 814 10900 8055
f 814 8055 9453
f 5500 6890 8056
f 5500 8056 5488
f 2232 2237 8057
f 2232 8057 2276
f 2645 2614 8058
f 2645 8058 2658
f 2841 5728 8059
f 2841 8059 2835
f 1906 9332 8060
f 1906 8060 7090
f 9253 2436 8061
f 10738 8061 2469
f 596 10719 8062
f 596 8062 8365
f 10794 9455 8063
f 564 8063 7047
f 3542 11100 8064
f 3542 8064 6530
f 10734 6104 8065
f 10734 8065 8921
f 3157 6181 8066
f 3157 8066 9545
f 4513 4345 8067
f 4513 8067 9336
f 2172 2202 8068
f 2172 10755 6188
f 4241 4220 9487
f 4241 9487 11063
f 3978 7045 8070
f 3978 8070 4487
f 6163 9542 8071
f 6163 8071 10902
f 2509 6217 8072
f 2509 8072 7071
f 6231 7035 8073
f 6231 8073 11022
f 2659 7026 8074
f 2659 8074 6286
f 4541 10967 8075
f 4541 8075 9410
f 2863 6193 8076
f 2863 8076 6294
f 7069 2364 8077
f 7069 8077 10807
f 5344 9359 8078
f 5344 8078 10876
f 1330 1452 8079
f 1330 8079 1329
f 3383 6238 8080
f 10770 8080 3391
f 583 585 8081
f 583 8081 11083
f 5108 4957 8082
f 5108 8082 6606
f 7076 10808 8083
f 7076 8083 10304
f 2503 6186 8084
f 2503 8084 2504
f 5157 5126 8085
f 8816 10831 6159
f 3601 3603 8086
f 3601 9418 11054
f 6167 9302 8087
f 6167 8087 1236
f 4537 4534 8088
f 4537 8088 10892
f 4425 4346 8089
f 4425 8089 4426
f 9395 5418 8090
f 5405 8090 5230
f 5378 11103 8091
f 5378 8091 7136
f 10818 7121 8092
f 791 8092 793
f 5194 5198 8093
f 5194 8093 5177
f 5600 7120 8094
f 5600 8094 5622
f 6895 6013 8095
f 6895 8095 2765
f 1853 1859 8096
f 1853 8096 1860
f 1541 9360 8097
f 1541 8097 10825
f 7078 5197 8098
f 7078 9346 5180
f 2641 2660 8099
f 2641 8099 9999
f 5024 5031 8100
f 5024 8100 5026
f 2945 7034 8101
f 2945 8101 2972
f 1889 10797 8102
f 1889 8102 10370
f 420 5950 8103
f 420 8103 421
f 11159 839 8104
f 11159 8104 675
f 4666 9258 8105
f 4666 8105 9444
f 4 5 8106
f 4 8106 6
f 7015 4046 8107
f 7015 8107 4049
f 1971 1904 8108
f 1971 8108 2053
f 401 402 8109
f 401 8109 399
f 6911 400 8110
f 6911 8110 10860
f 10918 4605 8111
f 9416 8111 10687
f 4618 4612 8112
f 9313 8112 4604
f 7059 3935 8113
f 7059 10976 9392
f 3047 3456 8114
f 3047 11023 3468
f 5539 5536 8115
f 5539 10864 5540
f 3265 6218 8116
f 3265 8116 3586
f 2739 2738 8117
f 2739 8117 7017
f 603 601 8118
f 603 8118 9453
f 59 7005 8119
f 59 8119 682
f 7092 5264 8120
f 7092 8120 10880
f 2484 6234 8121
f 2484 8121 9261
f 5482 6319 8122
f 5482 8122 5483
f 2942 2941 8123
f 2942 8123 7028
f 2637 2636 8124
f 2637 8124 10846
f 7081 5186 8125
f 7081 8125 5360
f 1713 1712 8126
f 1713 8126 10797
f 4448 6205 8127
f 4448 8127 7097
f 2843 2844 8128
f 2843 8128 6193
f 5009 5010 8129
f 5009 8129 6716
f 484 9338 8130
f 484 8130 731
f 5337 9860 8131
f 5337 8131 11158
f 5242 10637 8132
f 5242 8132 6268
f 5277 9860 8133
f 5277 8133 5140
f 3865 3858 8134
f 3865 8134 7096
f 4167 4168 8135
f 4167 8135 4238
f 648 6216 8136
f 648 8136 6994
f 6250 5582 8137
f 6250 8137 11031
f 3458 7018 8138
f 3458 8138 9530
f 3185 9152 8139
f 3185 8139 9422
f 7117 5464 8140
f 7117 8140 5478
f 7112 9451 8141
f 7112 10909 5629
f 4841 6916 8142
f 4841 8142 9476
f 653 652 8143
f 653 11010 654
f 5609 5599 8144
f 5609 8144 9423
f 5588 8507 8145
f 5588 8145 9437
f 270 392 8146
f 270 8146 268
f 3576 7022 8147
f 10962 8147 3268
f 202 6246 8148
f 202 11006 467
f 9225 2925 8149
f 9225 8149 10830
f 5997 9449 8150
f 5997 8150 10683
f 858 857 8151
f 858 8151 864
f 6292 5554 8152
f 6292 8152 5566
f 7115 1681 8153
f 7115 8153 10899
f 4523 10892 8154
f 4523 8154 6786
f 6946 9525 8155
f 6946 8155 5218
f 649 6216 8156
f 649 8156 7133
f 6278 5592 8157
f 6278 8157 8507
f 6227 5345 8158
f 9504 10992 5239
f 4098 6950 8159
f 4098 8159 4504
f 6223 4533 8160
f 9432 8160 4773
f 5172 7211 8161
f 5172 8161 5171
f 5990 9404 8162
f 5990 8162 2491
f 66 63 8163
f 66 8163 9417
f 4661 4657 8164
f 4661 8164 4663
f 6753 4948 8165
f 10939 8165 5118
f 4276 4265 8166
f 4276 8166 9485
f 9042 2833 8167
f 9042 8167 9891
f 5545 5542 8168
f 5545 8168 10769
f 11093 561 8169
f 410 9401 7125
f 5580 10919 8170
f 5580 8170 5579
f 5249 5353 8171
f 5249 8171 11005
f 5463 5464 8172
f 5463 8172 10788
f 4697 4698 8173
f 4697 8173 9402
f 5528 5527 8174
f 5528 8174 5534
f 7149 4656 8175
f 7149 8175 4659
f 4723 9301 8176
f 4723 8176 4721
f 5054 7153 8177
f 5054 8177 5098
f 7135 10930 8178
f 7135 8178 9232
f 9470 6245 8179
f 786 8179 199
f 4672 4668 8180
f 4672 8180 4712
f 4556 10863 8181
f 4556 8181 4554
f 5290 10970 8182
f 9473 8182 5163
f 7126 6284 8183
f 7126 8183 9283
f 3158 3524 8184
f 3158 11121 3536
f 5551 5553 8185
f 5551 8185 9426
f 3387 7105 8186
f 3387 8186 3413
f 4638 6304 8187
f 4638 8187 4777
f 1469 9312 8188
f 10986 8188 9438
f 1644 7095 8189
f 1644 8189 1709
f 4689 4688 8190
f 4689 10978 4785
f 4709 4710 8191
f 9494 8191 4782
f 806 914 8192
f 806 8192 758
f 6249 4614 8193
f 6249 8193 4612
f 4567 7191 8194
f 10861 8194 9510
f 3455 3046 8195
f 3455 8195 3049
f 4632 4629 8196
f 4632 8196 4777
f 5166 8845 8197
f 5166 8197 5169
f 9407 11072 8198
f 9407 8198 4780
f 4691 9402 8199
f 4691 8199 4705
f 852 851 8200
f 852 8200 10814
f 11034 7203 8201
f 3078 8201 3694
f 6095 5192 8202
f 6095 8202 7102
f 7166 3528 8203
f 7166 8203 9197
f 11127 7105 8204
f 11127 8204 7210
f 4579 4739 8903
f 4579 8903 4738
f 4838 4819 8206
f 10951 8206 4846
f 6318 9509 8207
f 6318 8207 10604
f 4587 4588 8208
f 4587 11052 4595
f 4645 4621 8209
f 4645 8209 4660
f 924 11068 8210
f 924 8210 11041
f 6288 4594 8211
f 6288 8211 4595
f 7175 5407 8212
f 7175 8212 5281
f 3575 3574 8213
f 3575 8213 3267
f 5480 6319 8214
f 5480 9454 5471
f 890 9471 8215
f 890 8215 889
f 6239 4546 8216
f 9572 8216 11065
f 6192 4561 8217
f 6192 8217 4547
f 5326 9550 8218
f 5326 8218 5325
f 4820 4821 8219
f 4820 8219 7138
f 3578 3270 8220
f 3578 8220 3271
f 579 775 8221
f 579 8221 952
f 4839 6315 8222
f 4839 11018 4844
f 6295 11095 8223
f 6295 8223 4642
f 6248 848 8224
f 6248 11008 939
f 7184 4720 8225
f 7184 8225 4719
f 4702 7157 8226
f 4702 8226 4703
f 4973 4974 8227
f 9486 8227 5121
f 7165 958 8228
f 7165 8228 758
f 5247 5246 8229
f 5247 9559 6972
f 5159 5282 8230
f 9501 8230 5420
f 6208 5220 8231
f 6208 8231 5413
f 3156 10390 8232
f 3156 8232 3526
f 5162 5161 8233
f 5162 8233 5285
f 4935 11130 8234
f 4935 8234 10727
f 4678 7150 9574
f 4678 9574 4679
f 7163 9491 8236
f 7163 8236 11040
f 7156 605 8237
f 7156 11048 680
f 699 7142 8238
f 699 9520 932
f 3636 3388 8239
f 3636 8239 3390
f 4804 4930 8240
f 4804 8240 5758
f 6325 3479 8241
f 6325 8241 3074
f 5235 5216 8242
f 9519 8242 5403
f 880 687 8243
f 880 8243 879
f 3408 3409 8244
f 3408 8244 6311
f 3629 3711 8245
f 3629 8245 6939
f 9548 894 8246
f 689 11061 690
f 3539 3537 8247
f 3539 11055 3541
f 708 10035 8248
f 708 8248 7219
f 5196 5200 8249
f 11142 8249 7130
f 711 326 8250
f 711 8250 895
f 5268 5271 8251
f 5268 8251 9503
f 4951 6240 8252
f 4951 8252 4959
f 5275 6136 8253
f 5275 8253 10837
f 752 552 8254
f 752 8254 9568
f 5608 5613 8255
f 5608 8255 5603
f 6228 3135 8256
f 6228 8256 3486
f 884 7177 8257
f 884 8257 10982
f 876 879 8258
f 11044 8258 7207
f 888 11043 8259
f 888 8259 932
f 908 909 8260
f 908 8260 7183
f 887 9363 8261
f 887 8261 9521
f 3463 3464 8262
f 3463 8262 3052
f 4500 4157 8263
f 4500 8263 6237
f 3293 11118 8264
f 3293 8264 6313
f 3415 7148 11111
f 3415 9562 3414
f 11101 4965 8266
f 11101 8266 7080
f 3481 3485 8267
f 3481 8267 9560
f 6348 9554 8268
f 6348 8268 902
f 897 896 8269
f 11062 8269 9546
f 7170 9534 8270
f 7170 11092 6310
f 915 7220 8271
f 915 8271 775
f 716 326 8272
f 716 8272 937
f 907 906 8273
f 907 8273 6335
f 5093 5094 8274
f 5093 8274 4960
f 5591 7141 8275
f 11113 8275 9529
f 954 9532 8276
f 954 11013 9581
f 747 6229 8277
f 747 9263 6267
f 6333 9568 8278
f 6333 8278 962
f 5280 672 8279
f 5280 9580 4465
f 11147 4680 8280
f 11147 8280 7145
f 9447 6277 8281
f 4530 8281 11120
f 3590 3294 8282
f 3590 8282 3589
f 784 6078 8283
f 784 8283 11084
f 892 6349 8284
f 892 11097 9571
f 9465 10842 8285
f 4652 8285 11124
f 705 319 8286
f 705 8286 943
f 4583 6302 8287
f 4583 9593 6329
f 7218 5610 8288
f 7218 11110 5604
f 757 755 8289
f 757 8289 961
f 4694 9414 8290
f 4694 8290 11149
f 7229 4600 8291
f 7229 8291 4596
f 4608 11135 8292
f 4608 8292 4609
f 11126 7216 8293
f 6321 8293 9576
f 7223 6340 8294
f 7223 8294 4527
f 9600 5566 8295
f 5562 8295 5564
f 7202 11088 8296
f 11133 8296 4729
f 7226 6343 8297
f 7226 8297 4649
f 4933 5089 8298
f 4933 8298 7222
f 4966 4965 8299
f 4966 8299 5107
f 5175 4974 8300
f 5175 8300 5176
f 5544 11154 8301
f 5544 9602 11152
f 9591 4926 8302
f 4911 8302 6346
f 5440 9617 8303
f 5440 8303 7257
f 1369 1375 8304
f 1369 8304 1380
f 9997 3332 8305
f 9997 8305 3347
f 447 5650 9665
f 447 9665 448
f 2777 6710 8307
f 2777 8307 2762
f 7232 1343 8308
f 7232 8308 1622
f 2805 2813 8309
f 2805 8309 2792
f 7330 5648 8310
f 7330 8310 266
f 5772 2354 8311
f 5772 9612 2405
f 7383 513 8312
f 7383 8312 524
f 10073 6439 8313
f 10073 8313 2028
f 4891 4893 8314
f 4891 8314 4894
f 10286 3700 8315
f 10286 8315 7058
f 5518 5519 8316
f 5518 8316 5525
f 2361 10248 8317
f 2361 8317 2389
f 188 7386 8318
f 188 8318 5659
f 312 309 8319
f 9709 8319 393
f 107 9773 8320
f 107 8320 106
f 1603 10238 8321
f 1603 8321 5666
f 6463 1214 8322
f 6463 8322 9848
f 376 6474 8323
f 376 8323 354
f 2917 2924 8324
f 2917 8324 2899
f 7040 6196 8325
f 7040 8325 53
f 6383 9657 8326
f 6383 8326 7286
f 5513 5511 8327
f 5513 8327 5504
f 3147 7252 8328
f 3147 8328 3154
f 5459 5458 8329
f 5459 8329 5445
f 5520 5524 8330
f 5520 8330 5647
f 427 426 8331
f 427 8331 434
f 6580 1509 8332
f 6580 8332 9935
f 9927 7500 8333
f 9927 8333 7620
f 2219 2218 8334
f 2219 9917 2221
f 9701 6415 8335
f 1306 8335 6355
f 6585 7401 8336
f 6585 8336 310
f 1143 1146 8337
f 1143 8337 6886
f 2705 5677 8338
f 2705 8338 5883
f 1565 1568 8339
f 1565 8339 6370
f 1700 1703 8340
f 1700 8340 1554
f 7335 3193 8341
f 7335 9666 3210
f 6351 4806 8342
f 6351 8342 5635
f 4793 4794 8343
f 4793 8343 4792
f 174 490 8344
f 174 8344 495
f 4884 9639 8345
f 4884 8345 5018
f 7622 10631 8346
f 7622 8346 4867
f 5502 5665 8347
f 5502 8347 6416
f 7245 9681 8348
f 7245 8348 10029
f 6632 3081 8349
f 6632 8349 3097
f 3217 3216 8350
f 3217 8350 3235
f 6376 10692 8351
f 6376 8351 286
f 10054 1719 8352
f 10054 8352 1829
f 617 616 8353
f 617 8353 514
f 5435 5434 8354
f 5435 8354 5436
f 237 238 8355
f 237 8355 5793
f 2599 9748 8356
f 2599 8356 2601
f 4861 9980 8357
f 4861 8357 4899
f 252 251 8358
f 252 8358 9643
f 3041 3040 8359
f 3041 8359 7492
f 4904 4902 8360
f 4904 8360 11108
f 5707 4892 8361
f 5707 8361 4898
f 7258 1311 8362
f 7258 8362 9669
f 5505 6368 8363
f 5505 8363 5506
f 163 164 8364
f 163 8364 168
f 594 596 8365
f 594 8365 595
f 3242 3241 8366
f 3242 8366 3247
f 4815 4814 8367
f 4815 8367 5844
f 99 61 8368
f 99 8368 288
f 1316 6540 8369
f 1316 9875 6651
f 1553 1549 8370
f 1553 8370 1696
f 6700 6063 8371
f 6700 8371 871
f 1548 1427 8372
f 1548 8372 1551
f 1155 9680 8373
f 1155 8373 5748
f 1512 9631 8374
f 1512 8374 9790
f 6364 2720 8375
f 6364 8375 10307
f 10337 4347 8376
f 10337 8376 4349
f 2120 6918 8377
f 2120 8377 10431
f 160 158 8378
f 160 8378 449
f 574 6352 8379
f 574 8379 573
f 1506 1704 8380
f 1506 8380 5717
f 1535 1536 8381
f 1535 8381 7377
f 6663 622 8382
f 6663 8382 10066
f 7476 6565 8383
f 7476 8383 5814
f 329 330 8384
f 329 8384 396
f 32 35 8385
f 32 8385 10171
f 6403 1697 8386
f 6403 8386 5768
f 2706 6357 8387
f 2706 8387 7310
f 7264 573 8388
f 7264 8388 668
f 7320 619 8389
f 7320 9907 441
f 4104 4108 8390
f 4104 8390 9690
f 349 348 8391
f 349 8391 374
f 3309 7613 8392
f 3309 8392 6689
f 7308 280 8393
f 7308 8393 279
f 1228 1223 8394
f 1228 8394 5714
f 3231 5683 8395
f 3231 8395 6374
f 5711 3918 8396
f 5711 10037 3923
f 4047 7660 8397
f 4047 8397 9911
f 1398 5694 8398
f 1398 8398 5640
f 1500 1502 8399
f 1500 8399 1499
f 5729 1386 8400
f 5729 8400 1405
f 6400 313 8401
f 6400 8401 307
f 472 7311 8402
f 472 8402 469
f 3736 3735 8403
f 3736 8403 6535
f 175 9700 8404
f 175 8404 489
f 5744 93 8405
f 5744 8405 92
f 154 9791 8406
f 154 8406 10259
f 7324 9846 8407
f 7324 8407 495
f 503 9915 8408
f 503 8408 506
f 5209 6736 8409
f 5209 8409 5240
f 6394 1351 8410
f 6394 8410 7288
f 6386 4816 8411
f 6386 8411 7808
f 440 438 8412
f 9831 8412 7338
f 1486 9806 8413
f 1486 8413 1139
f 178 181 8414
f 178 8414 7442
f 6446 280 8415
f 6446 8415 7246
f 7341 6447 8416
f 7341 8416 9826
f 4796 4795 8417
f 4796 8417 4871
f 1474 1379 8418
f 1474 8418 7713
f 2869 2873 8419
f 10062 8419 2870
f 1277 1279 8420
f 1277 9654 1275
f 4134 4131 8421
f 4134 8421 7380
f 4282 4283 8422
f 4282 8422 4281
f 5515 5516 8423
f 5515 8423 9805
f 5809 6485 8424
f 5809 8424 7404
f 6066 4129 8425
f 6066 10151 4131
f 525 6452 8426
f 525 8426 7683
f 2998 2996 8427
f 2998 8427 6584
f 1187 7743 8428
f 1187 8428 6381
f 379 9953 8429
f 379 8429 6655
f 3009 6444 8430
f 3009 8430 3043
f 1152 9710 8431
f 1152 8431 1154
f 6034 6724 8432
f 6034 8432 10052
f 6448 7267 10664
f 6448 10664 7810
f 196 200 8434
f 196 8434 199
f 5054 7153 8435
f 5054 8435 5098
f 5821 6496 8436
f 9815 8436 7424
f 1524 1519 8437
f 1524 8437 5761
f 260 258 8438
f 260 8438 6149
f 1570 9758 8439
f 1570 8439 1574
f 7409 2800 8440
f 9749 8440 2835
f 2457 6492 8441
f 2457 8441 6936
f 5756 7417 8442
f 5756 8442 7339
f 6483 1571 8443
f 6483 8443 1655
f 5853 6583 8444
f 5853 8444 6500
f 1915 1911 8445
f 1915 8445 7376
f 3115 3117 8446
f 3115 9636 3153
f 2915 10478 8447
f 2915 8447 2906
f 172 251 8448
f 172 8448 6547
f 5779 9787 8449
f 5779 8449 7296
f 4388 5971 8450
f 4388 8450 4390
f 6479 104 8451
f 6479 8451 5648
f 1672 1397 8452
f 1672 8452 7408
f 1161 7366 8453
f 1161 8453 6481
f 377 375 8454
f 377 8454 10116
f 1910 7458 8455
f 1910 8455 9859
f 10561 1543 8456
f 10561 8456 1542
f 6486 515 8457
f 6486 8457 9675
f 6470 1327 8458
f 6470 8458 1324
f 7658 6706 8459
f 7658 8459 4244
f 2885 5643 8460
f 2885 8460 6294
f 7319 136 8461
f 7319 8461 132
f 1339 1338 8462
f 1339 8462 1373
f 5914 2325 8463
f 5914 8463 2350
f 4978 4807 8464
f 4978 8464 4976
f 1421 6477 8465
f 1421 8465 1426
f 6819 9906 8466
f 6819 8466 3311
f 2900 2898 8467
f 2900 8467 2891
f 1342 1340 8468
f 1342 8468 9869
f 6358 9879 8469
f 6358 8469 7233
f 2700 2701 8470
f 10121 8470 6702
f 76 75 8471
f 76 8471 6575
f 6607 7540 8472
f 9721 8472 7517
f 2602 2635 8473
f 2602 8473 2607
f 570 571 8474
f 570 8474 473
f 3005 3006 8475
f 3005 9610 5654
f 5815 9651 8476
f 5815 8476 130
f 365 7427 8477
f 365 8477 9810
f 1201 9734 8478
f 1201 8478 7614
f 166 9634 8479
f 166 8479 5739
f 5864 1362 8480
f 5864 8480 1364
f 84 85 8481
f 84 8481 94
f 4013 4008 8482
f 4013 8482 7374
f 2997 2996 8483
f 2997 8483 3004
f 318 7247 8484
f 318 8484 10442
f 1145 6401 8485
f 1145 8485 1144
f 360 350 8486
f 360 8486 5782
f 5674 6522 8487
f 5674 8487 7239
f 5736 2698 8488
f 5736 10327 2784
f 3342 3343 8489
f 3342 10438 3351
f 2799 7395 8490
f 2799 8490 7396
f 6556 283 8491
f 6556 8491 325
f 128 6618 8492
f 128 10202 468
f 1922 10000 8493
f 1922 8493 9739
f 7394 5713 8494
f 7394 8494 1246
f 2940 9964 8495
f 2940 8495 2905
f 5191 5192 8496
f 5191 8496 7102
f 211 214 8497
f 211 8497 212
f 6553 511 8498
f 6553 8498 519
f 263 6427 8499
f 263 8499 287
f 5813 7411 8500
f 5813 8500 6507
f 7966 6168 8501
f 7966 10013 5491
f 2774 2781 8502
f 2774 8502 2770
f 1192 10133 8503
f 1192 8503 7400
f 4245 4242 8504
f 4245 8504 5675
f 1575 7472 8505
f 1575 8505 1671
f 7448 73 8506
f 7448 8506 5657
f 10020 5590 8507
f 10020 8507 5588
f 7364 1136 8508
f 9809 8508 6578
f 7261 9753 8509
f 7261 8509 1349
f 10575 3286 8510
f 3288 8510 5904
f 2287 9691 8511
f 2287 8511 2289
f 3018 9683 8512
f 3018 8512 7481
f 1407 1408 8513
f 1407 8513 1422
f 3781 9901 8514
f 3781 8514 5638
f 6613 5808 8515
f 10536 8515 2984
f 10493 3238 8516
f 10493 8516 3322
f 1391 7323 8517
f 1391 8517 9756
f 7349 1409 8518
f 7349 8518 1408
f 336 6534 8519
f 336 8519 518
f 1496 1503 8520
f 1496 8520 7424
f 1125 1134 8521
f 1125 8521 7437
f 2086 2085 8522
f 2086 8522 5704
f 2975 7438 8523
f 10140 8523 5851
f 6572 7234 8524
f 6572 8524 1177
f 363 364 8525
f 363 8525 362
f 5641 10238 8526
f 5641 8526 6834
f 1129 1128 8527
f 1129 8527 7770
f 2615 7457 8528
f 2615 8528 2621
f 5906 7809 8529
f 5906 8529 6385
f 2112 7348 8530
f 2112 8530 10048
f 6360 9993 8531
f 6360 8531 10038
f 1276 1287 8532
f 1276 8532 1298
f 2677 10534 8533
f 2677 8533 7537
f 1637 6437 8534
f 1637 8534 5722
f 3091 9856 8535
f 3091 8535 6584
f 1602 1385 8536
f 1602 8536 1451
f 4003 4001 8537
f 4003 8537 10009
f 2769 2779 8538
f 2769 8538 10163
f 5639 2868 8539
f 5639 8539 2882
f 1210 1211 8540
f 1210 8540 9848
f 3253 7422 8541
f 3253 8541 9934
f 3206 10363 8542
f 3206 8542 3212
f 6670 1995 8543
f 6670 8543 1999
f 6602 125 8544
f 6602 8544 129
f 3787 7415 8545
f 3787 8545 3731
f 6040 7501 8546
f 6040 8546 1449
f 4069 9876 8547
f 4069 8547 4079
f 6077 10244 8548
f 6077 8548 3301
f 1284 1271 8549
f 1284 8549 7475
f 4393 6498 8550
f 4393 8550 4404
f 3262 3256 8551
f 3262 8551 3229
f 2684 6855 8552
f 2684 10142 2668
f 137 5661 8553
f 137 8553 141
f 3792 3790 8554
f 3792 8554 7415
f 5922 307 8555
f 5922 9718 7702
f 512 9878 8556
f 512 8556 7285
f 5886 1401 8557
f 5886 8557 10539
f 6539 324 8558
f 6539 8558 547
f 610 7655 8559
f 9837 8559 679
f 2653 8048 8560
f 2653 8560 2671
f 3879 7558 8561
f 3879 8561 7479
f 1872 10319 8562
f 1872 8562 9941
f 7460 5926 8563
f 7460 8563 9898
f 5646 6487 8564
f 5646 10157 3100
f 7459 315 8565
f 7459 8565 9830
f 270 268 8566
f 270 8566 392
f 6473 571 8567
f 6473 8567 5825
f 5869 1190 8568
f 5869 8568 9844
f 7515 3980 8569
f 7515 8569 6478
f 1617 1618 8570
f 1617 8570 7307
f 3198 3197 8571
f 3198 8571 3213
f 1619 7686 8572
f 1619 8572 1532
f 6146 4211 8573
f 6146 8573 4228
f 2938 2927 8574
f 2938 8574 7418
f 5845 6731 8575
f 5845 9914 1450
f 274 265 8576
f 274 8576 276
f 2836 10114 8577
f 2836 8577 2802
f 156 153 8578
f 156 8578 157
f 1071 6971 8579
f 1071 8579 10112
f 6777 661 8580
f 6777 8580 10626
f 6363 2989 8581
f 6363 8581 10022
f 5433 5431 8582
f 5433 8582 5668
f 4450 4445 8583
f 4450 8583 10353
f 7524 5912 8584
f 7524 8584 3130
f 1334 9731 8585
f 1334 8585 1336
f 6619 7345 8586
f 10512 8586 2878
f 228 6354 8587
f 228 8587 6413
f 3177 3179 8588
f 3177 8588 10481
f 6195 2468 8589
f 6195 8589 7962
f 5747 434 8590
f 5747 8590 615
f 2414 2377 8591
f 2414 8591 2374
f 96 6424 8592
f 96 8592 5762
f 7496 309 8593
f 10091 8593 315
f 1217 7545 8594
f 1217 8594 1221
f 6648 2530 8595
f 6648 8595 5872
f 2883 2870 8596
f 2883 8596 2818
f 2688 9738 8597
f 2688 8597 2697
f 5919 3154 8598
f 5919 8598 3153
f 3128 3119 8599
f 3128 8599 7560
f 2108 2106 8600
f 2108 8600 6482
f 3374 3437 8601
f 3374 8601 6830
f 3447 7312 8602
f 10049 8602 6592
f 2584 2630 8603
f 2584 8603 2583
f 2798 6610 8604
f 2798 8604 8007
f 1909 1907 8605
f 1909 8605 1972
f 2710 2716 8606
f 2710 8606 6643
f 967 7356 8607
f 967 8607 7600
f 1657 1536 8608
f 1657 8608 1365
f 5895 6581 8609
f 5895 8609 7235
f 5893 7523 8610
f 5893 8610 3023
f 1232 1231 8611
f 1232 8611 1240
f 460 10198 8612
f 460 8612 6696
f 7526 1372 8613
f 10077 8613 1378
f 7111 2539 8614
f 7111 8614 2538
f 119 116 8615
f 119 10139 7273
f 2072 6616 8616
f 2072 8616 2073
f 1566 6562 8617
f 1566 8617 6421
f 3086 9884 8618
f 3086 8618 3087
f 5847 7446 8619
f 5847 10761 6927
f 428 5887 8620
f 428 8620 426
f 664 665 8621
f 664 8621 5928
f 7505 9983 8622
f 7505 8622 6489
f 1914 1913 8623
f 1914 8623 6773
f 113 114 8624
f 113 8624 10026
f 7749 10495 8625
f 7749 8625 6774
f 2631 2624 8626
f 2631 8626 2597
f 4391 4390 8627
f 4391 8627 9952
f 1621 6417 8628
f 1621 8628 1623
f 1178 5667 8629
f 1178 8629 6472
f 4201 9956 8630
f 4201 8630 5675
f 3759 3738 8631
f 3759 8631 7479
f 176 9984 8632
f 176 8632 10259
f 6692 2382 8633
f 6692 8633 10248
f 6690 7606 8634
f 6690 8634 10247
f 271 269 8635
f 271 8635 272
f 1170 1171 8636
f 1170 8636 9942
f 5897 3878 8637
f 5897 8637 3838
f 5969 6720 8638
f 5969 8638 3925
f 3845 6051 8639
f 3845 8639 3846
f 7389 3347 8640
f 7389 8640 3346
f 4430 4309 8641
f 4430 8641 4429
f 7676 2904 8642
f 7676 10118 2912
f 6701 2413 8643
f 6701 8643 2455
f 7979 9764 8644
f 7979 8644 10212
f 2038 2039 8645
f 2038 8645 10484
f 4028 4026 8646
f 4028 8646 4067
f 497 498 8647
f 497 8647 6678
f 5978 3841 8648
f 5978 8648 3882
f 5631 9996 8649
f 5631 8649 1881
f 2888 7596 8650
f 2888 8650 7506
f 5982 7800 8651
f 5982 8651 2676
f 352 353 8652
f 352 8652 351
f 2588 2586 8653
f 2588 10577 2672
f 6506 593 8654
f 6506 8654 9994
f 4443 9880 8655
f 4443 8655 6765
f 2215 7638 8656
f 2215 8656 2258
f 1355 1354 8657
f 1355 8657 5920
f 1331 7464 8658
f 1331 8658 1332
f 2336 10488 8659
f 2336 8659 2291
f 1312 1311 8660
f 1312 8660 9702
f 3244 9789 8661
f 3244 8661 3263
f 4427 4429 8662
f 4427 8662 5974
f 6794 10312 8663
f 6794 8663 7561
f 2036 2035 8664
f 9650 8664 5704
f 5651 3098 8665
f 5651 8665 10168
f 3837 5915 8666
f 3837 8666 3838
f 1626 1625 8667
f 1626 10239 1627
f 2812 2813 8668
f 2812 8668 6707
f 3974 3942 8669
f 3974 8669 7471
f 62 419 8670
f 62 8670 10735
f 33 10136 8671
f 33 8671 54
f 3444 3445 8672
f 10193 8672 3359
f 7336 10010 8673
f 7336 8673 5725
f 3353 3354 8674
f 3353 8674 3348
f 5130 9828 8675
f 5130 8675 5164
f 577 7603 8676
f 577 8676 582
f 3327 3321 8677
f 3327 8677 10085
f 2032 2066 8678
f 2032 8678 7486
f 3200 6719 8679
f 10164 8679 7624
f 5213 5222 8680
f 5213 8680 5214
f 4332 4286 8681
f 4332 8681 4309
f 6008 6866 8682
f 6008 10221 6393
f 4106 4105 8683
f 4106 8683 4107
f 1833 7435 8684
f 1833 8684 1871
f 6615 1127 8685
f 6615 8685 1126
f 4035 6824 8686
f 4035 8686 4037
f 293 9899 8687
f 293 8687 295
f 5966 2776 8688
f 5966 8688 10070
f 7546 2748 8689
f 7546 8689 2709
f 1835 1834 8690
f 1835 8690 1837
f 3203 7489 8691
f 3203 8691 5986
f 2310 10581 8692
f 2310 8692 10014
f 144 9936 8693
f 144 8693 6067
f 7586 10373 8694
f 7586 8694 4339
f 7649 1674 8695
f 7649 10313 1695
f 3890 3889 8696
f 3890 8696 3895
f 7331 2295 8697
f 7331 8697 2408
f 1973 1917 8698
f 1973 8698 2029
f 6025 3433 8699
f 6025 8699 7640
f 4285 4284 8700
f 4285 8700 7570
f 463 6696 8701
f 463 8701 818
f 1194 10133 8702
f 1194 8702 1193
f 6409 3924 8703
f 6409 8703 7289
f 4338 6476 8704
f 4338 8704 7360
f 1849 1837 8705
f 1849 8705 6742
f 990 1080 8706
f 990 8706 991
f 2163 10067 8707
f 2163 8707 2138
f 3835 9674 8708
f 3835 8708 7298
f 2356 2290 8709
f 2356 8709 7248
f 1722 1719 8710
f 1722 8710 5780
f 6041 4174 8711
f 6041 8711 7635
f 6676 220 8712
f 6676 8712 218
f 2282 2284 8713
f 2282 8713 6212
f 21 50 8714
f 10215 8714 42
f 248 249 8715
f 248 8715 131
f 7618 4204 8716
f 7618 8716 4261
f 6609 7390 8717
f 6609 8717 1605
f 1018 1016 8718
f 1018 8718 10294
f 6418 5738 8719
f 6418 8719 2210
f 1839 6006 8720
f 1839 8720 1799
f 6030 2257 8721
f 6030 8721 2264
f 6775 2879 8722
f 6775 8722 2880
f 1667 1663 8723
f 1667 8723 1669
f 6515 502 8724
f 6515 8724 9915
f 4166 10019 8725
f 4166 8725 10053
f 4110 4112 8726
f 4110 8726 4138
f 1815 1814 8727
f 1815 8727 7844
f 1790 1789 8728
f 1790 8728 6419
f 6718 6029 8729
f 6718 8729 1473
f 2233 2218 8730
f 2233 8730 2273
f 6717 4254 8731
f 6717 8731 4255
f 2421 2417 8732
f 2421 8732 2459
f 7656 10162 8733
f 7656 8733 423
f 7549 1431 8734
f 7549 8734 1435
f 110 5860 8735
f 110 8735 121
f 3114 7699 8736
f 3114 8736 9719
f 6536 10034 8737
f 6536 8737 46
f 4080 6691 8738
f 10069 8738 4084
f 6045 2465 8739
f 6045 8739 2433
f 11134 5135 8740
f 11134 8740 8133
f 7456 3306 8741
f 7456 8741 3307
f 3926 3925 8742
f 3926 8742 6720
f 2378 2377 8743
f 2378 8743 2374
f 1939 1938 8744
f 1939 8744 1935
f 7783 4129 8745
f 7783 8745 6544
f 3854 6771 8746
f 3854 8746 7664
f 1357 1354 8747
f 1357 8747 7306
f 10080 1492 8748
f 1481 8748 7473
f 4213 4210 8749
f 4213 8749 5767
f 1919 1918 8750
f 1919 8750 7606
f 2358 2357 8751
f 2358 8751 2382
f 628 627 8752
f 628 8752 630
f 6744 10345 8753
f 6744 8753 1584
f 1742 1738 8754
f 1742 8754 1741
f 1198 1197 8755
f 1198 8755 6793
f 6871 2047 10228
f 6871 10228 2048
f 493 494 8757
f 493 8757 7291
f 2076 2079 8758
f 2076 8758 10511
f 1726 1725 8759
f 1726 8759 7654
f 5167 5123 8760
f 5167 8760 5170
f 2675 2674 8761
f 2675 8761 10102
f 1705 5936 8762
f 1705 8762 1706
f 5719 10034 8763
f 5719 8763 38
f 4405 6750 8764
f 4405 8764 10050
f 6054 4398 8765
f 6054 8765 4437
f 7276 6432 8766
f 7276 8766 10100
f 4101 5715 8767
f 4101 8767 6544
f 531 7488 8768
f 531 8768 532
f 1183 8031 8769
f 1183 8769 5916
f 6748 2460 8770
f 6748 8770 2481
f 2930 2939 8771
f 2930 8771 2933
f 43 10579 8772
f 43 8772 9604
f 5312 5197 8773
f 5312 8773 10716
f 2268 2267 8774
f 2268 10081 2269
f 2428 2427 8775
f 2428 8775 2433
f 6052 4074 8776
f 6052 8776 4075
f 372 10540 8777
f 372 8777 6567
f 3107 3106 8778
f 3107 8778 3109
f 5843 6729 8779
f 5843 8779 6596
f 3885 7734 8780
f 3885 8780 3848
f 1004 1005 8781
f 1004 9752 1008
f 6546 5879 8782
f 6546 8782 10144
f 4043 4044 8783
f 4043 10130 7660
f 5792 3109 8784
f 5792 8784 7697
f 3741 3737 8785
f 3741 8785 6535
f 414 415 8786
f 414 8786 409
f 7663 4445 8787
f 7663 8787 4411
f 6806 122 8788
f 6806 8788 202
f 4385 4367 8789
f 4385 8789 9778
f 6031 10175 8790
f 6031 8790 4222
f 5855 6598 8791
f 5855 8791 7731
f 7593 2515 8792
f 7593 8792 2575
f 5104 4964 8793
f 5104 8793 10322
f 7711 6056 8794
f 7711 8794 1878
f 3927 3925 8795
f 3927 8795 3954
f 3976 3956 8796
f 3976 8796 3921
f 3192 3193 8797
f 3192 8797 7556
f 4113 7684 8798
f 4113 8798 4272
f 323 536 8799
f 323 8799 7206
f 7861 6568 8800
f 7861 8800 9969
f 7574 3352 8801
f 7574 8801 10161
f 4376 4375 8802
f 4376 8802 4371
f 355 10776 8803
f 355 8803 7451
f 486 6713 8804
f 486 8804 830
f 5833 3246 8805
f 5833 8805 3247
f 6912 7905 8806
f 6912 8806 1001
f 6697 3766 8807
f 6697 8807 3886
f 5241 5206 8808
f 5241 10637 7042
f 1064 6761 8809
f 1064 8809 1062
f 7739 6096 8810
f 7739 8810 4224
f 4273 10132 8811
f 4273 8811 7292
f 5307 5199 8812
f 5307 8812 5322
f 3897 3747 8813
f 3897 8813 10379
f 3026 5812 8814
f 3026 8814 3025
f 3029 3028 8815
f 3029 8815 3497
f 5157 5123 8816
f 5157 8816 10831
f 841 670 8817
f 841 8817 842
f 2495 2493 8818
f 2495 8818 2498
f 3364 10419 8819
f 3364 8819 7679
f 2375 2374 8820
f 2375 8820 2372
f 4318 10154 8821
f 4318 8821 4441
f 6815 5891 8822
f 6815 8822 475
f 2114 2113 8823
f 2114 8823 10302
f 1304 10500 8824
f 1304 8824 1305
f 1769 1768 8825
f 1769 8825 1779
f 3331 3330 8826
f 3331 8826 3332
f 3215 3216 8827
f 3215 8827 10220
f 5636 1487 8828
f 5636 8828 1489
f 4290 4289 8829
f 4290 8829 4311
f 10158 7650 8830
f 5475 8830 8013
f 5818 7283 8831
f 5818 8831 10273
f 2572 10959 8832
f 2572 8832 7498
f 1819 1818 8833
f 1819 8833 7431
f 245 10614 8834
f 245 8834 246
f 1006 987 8835
f 1006 8835 7695
f 3211 5945 8836
f 3211 8836 10323
f 1168 10177 8837
f 1168 8837 7677
f 10610 2576 8838
f 6531 8838 2529
f 3226 3227 8839
f 3226 8839 9708
f 2340 7434 8840
f 2340 8840 6492
f 7856 9629 8841
f 7856 8841 1739
f 2017 2016 8842
f 2017 8842 1969
f 6814 1947 8843
f 6814 8843 1949
f 6878 3749 8844
f 6878 8844 10005
f 5127 5165 8845
f 5127 8845 9780
f 2262 5987 8846
f 2262 8846 6772
f 1578 7713 8847
f 1578 8847 1580
f 2516 6854 8848
f 2516 8848 2529
f 2462 2332 8849
f 2462 8849 10505
f 3756 3753 8850
f 3756 8850 3757
f 6779 10275 8851
f 6779 8851 4076
f 1467 6410 8852
f 1467 8852 9820
f 6795 4351 8853
f 6795 8853 4349
f 7680 2470 8854
f 7680 10321 2434
f 3941 3940 8855
f 3941 8855 3938
f 3436 3376 8856
f 3436 8856 7912
f 7782 3802 8857
f 7782 8857 3801
f 527 526 8858
f 527 8858 528
f 1611 7686 8859
f 1611 8859 1610
f 4059 4001 8860
f 4059 8860 7575
f 6623 3807 8861
f 6623 8861 3840
f 10600 6161 8862
f 10600 8862 239
f 7778 10287 8863
f 7778 8863 3946
f 5824 3020 8864
f 5824 8864 3001
f 6897 2175 8865
f 6897 10306 2251
f 7303 10443 8866
f 7303 8866 1239
f 6841 3801 8867
f 6841 8867 3800
f 4991 4869 8868
f 10388 8868 5875
f 1786 1787 8869
f 1786 8869 6730
f 4137 4138 8870
f 4137 8870 10222
f 5679 10678 8871
f 5679 8871 10065
f 2744 6740 8872
f 2744 8872 2743
f 3994 10354 8873
f 3994 8873 6116
f 1418 1222 8874
f 1418 8874 5988
f 7772 4177 8875
f 7772 8875 4175
f 4269 10241 8876
f 4269 8876 9974
f 4128 10233 8877
f 4128 8877 4126
f 7688 6655 8878
f 7688 8878 383
f 1531 6645 8879
f 1531 8879 10210
f 2280 10377 8880
f 2280 8880 10179
f 7675 6038 8881
f 7675 8881 1588
f 7674 4174 8882
f 7674 8882 4173
f 2948 6754 8883
f 2948 8883 2947
f 523 5931 8884
f 523 9834 521
f 1188 7347 8885
f 1188 8885 7743
f 3816 3794 8886
f 3816 8886 3815
f 3259 3318 8887
f 3259 8887 9663
f 5890 4173 8888
f 5890 8888 4171
f 4149 6085 8889
f 4149 8889 4152
f 3957 3956 8890
f 3957 8890 3954
f 4015 7667 8891
f 4015 8891 7440
f 4323 4324 8892
f 4323 8892 4439
f 2153 2152 8893
f 2153 8893 10395
f 6869 1881 8894
f 6869 8894 6119
f 3805 3802 8895
f 3805 8895 3804
f 1303 1266 8896
f 1303 8896 6101
f 2167 7682 8897
f 2167 8897 2214
f 6605 9893 8898
f 6605 8898 7851
f 1478 1477 8899
f 1478 8899 10376
f 7316 10333 8900
f 7316 8900 6070
f 4058 10276 8901
f 4058 8901 6770
f 2178 2250 8902
f 2178 10181 2205
f 8205 4779 8903
f 8205 8903 7063
f 4304 4303 8904
f 4304 8904 4300
f 27 26 8905
f 27 8905 28
f 4186 6153 8906
f 4186 8906 4215
f 6908 4305 8907
f 6908 8907 7814
f 6883 3777 8908
f 6883 8908 5716
f 6017 1530 8909
f 6017 8909 6769
f 5042 4890 8910
f 5042 8910 7890
f 3987 3985 8911
f 3987 8911 4006
f 7899 1659 8912
f 7899 8912 10063
f 4291 4289 8913
f 4291 8913 4316
f 15 28 8914
f 15 8914 6903
f 7382 10703 8915
f 7382 8915 5012
f 4179 7745 8916
f 4179 8916 4200
f 6071 10413 8917
f 6071 8917 4124
f 4340 10373 8918
f 4340 8918 4339
f 2101 10335 8919
f 2101 8919 2092
f 2298 10320 8920
f 2298 8920 2329
f 2577 10734 8921
f 2577 8921 5991
f 10316 7741 8922
f 6808 8922 4129
f 4170 4195 8923
f 4170 10477 4236
f 3767 7465 8924
f 3767 8924 6086
f 1235 1236 8925
f 1235 10098 1508
f 7826 2401 8926
f 7826 8926 2406
f 727 475 8927
f 727 8927 6495
f 3739 3738 8928
f 3739 8928 3763
f 3668 3426 8929
f 3668 8929 9843
f 10521 6654 8930
f 1560 8930 7571
f 7793 1931 8931
f 10371 8931 6009
f 6597 5797 8932
f 6597 8932 192
f 6533 2231 8933
f 6533 8933 10200
f 6204 10631 8934
f 6204 8934 8029
f 4009 4006 8935
f 4009 8935 4008
f 2133 2132 8936
f 2133 8936 2130
f 7780 2430 8937
f 7780 8937 10174
f 6921 2222 8938
f 6921 8938 2242
f 7801 10574 8939
f 7801 8939 2445
f 3357 5788 8940
f 3357 8940 7548
f 4396 4395 8941
f 4396 8941 7744
f 5113 9921 8942
f 5113 8942 7907
f 3993 6126 8943
f 3993 8943 4044
f 222 7612 8944
f 222 8944 224
f 6887 3753 8945
f 6887 8945 10297
f 5984 10465 8946
f 5984 8946 4033
f 3750 3749 8947
f 3750 8947 3747
f 2118 2144 8948
f 2118 9965 2257
f 4922 4791 8949
f 4922 8949 10955
f 2524 2525 8950
f 2524 8950 2502
f 1281 7846 8951
f 1281 8951 6865
f 3132 10214 8952
f 3132 8952 3168
f 1712 1713 8953
f 1712 8953 10785
f 4235 10415 8954
f 4235 8954 4224
f 10606 384 8955
f 10606 8955 383
f 2528 2513 8956
f 2528 10044 7498
f 7665 1597 8957
f 7665 8957 1448
f 1347 1322 8958
f 1347 8958 1350
f 6549 2694 8959
f 6549 8959 5673
f 6924 1794 8960
f 10475 8960 6002
f 2137 2138 8961
f 2137 10237 2259
f 1877 10545 8962
f 1877 8962 6056
f 4146 4147 8963
f 4146 10299 4252
f 6000 1127 8964
f 6000 8964 10538
f 421 420 8965
f 421 8965 10383
f 7721 1630 8966
f 7721 8966 10196
f 4946 10779 8967
f 4946 8967 4948
f 3902 3772 8968
f 3902 8968 6559
f 1904 1906 8969
f 1904 8969 1907
f 6646 1994 8970
f 6646 8970 5830
f 977 976 8971
f 977 8971 6703
f 3857 3855 8972
f 10618 8972 6140
f 6091 3800 8973
f 6091 8973 3799
f 10403 3370 8974
f 10403 8974 6876
f 2752 6209 8975
f 2752 8975 7049
f 300 10698 8976
f 300 8976 6622
f 10308 3372 8977
f 10308 8977 7728
f 2317 2318 8978
f 2317 8978 2319
f 1974 6864 8979
f 1974 8979 2031
f 3939 3938 8980
f 3939 8980 3936
f 3255 3256 8981
f 3255 8981 3257
f 6634 2180 8982
f 6634 8982 2221
f 1664 1665 8983
f 1664 8983 7678
f 5834 243 8984
f 5834 8984 10763
f 4187 10496 8985
f 4187 8985 4214
f 4183 6915 8986
f 4183 8986 6430
f 7685 3961 8987
f 7685 8987 6845
f 10391 3143 8988
f 10391 8988 7755
f 1888 1733 8989
f 1888 10404 1883
f 2627 2628 8990
f 2627 8990 7867
f 2727 2728 8991
f 2727 8991 10305
f 5664 10152 8992
f 5664 8992 3021
f 7845 1793 8993
f 7845 10470 1866
f 3251 3250 8994
f 3251 8994 3252
f 4298 4451 8995
f 4298 8995 7865
f 3035 3034 8996
f 3035 8996 7831
f 60 5970 8997
f 60 8997 59
f 3243 7828 8998
f 9689 8998 3276
f 10362 4422 8999
f 7849 8999 5866
f 2537 2519 9000
f 2537 9000 7864
f 2088 10084 9001
f 2088 9001 2089
f 7690 1803 9002
f 7690 9002 10367
f 4452 4296 9003
f 4452 9003 4446
f 5976 2149 9004
f 5976 9004 10431
f 1678 1679 9005
f 1678 9005 6882
f 7516 1148 9006
f 7516 9006 1319
f 3222 3221 9007
f 3222 9007 10240
f 10270 3028 9008
f 10270 9008 6818
f 2324 2325 9009
f 2324 9009 2454
f 7577 2719 9010
f 7577 9010 2785
f 3450 7640 9011
f 3450 9011 6682
f 206 207 9012
f 206 9012 6106
f 2176 2175 9013
f 2176 9013 2174
f 3110 3111 9014
f 3110 9014 10214
f 3310 7613 9015
f 3310 9015 3616
f 607 798 9016
f 607 10517 609
f 6733 4207 9017
f 6733 9017 4212
f 3324 6714 9018
f 3324 9018 5817
f 6372 9614 9019
f 6372 9019 5449
f 6709 7831 9020
f 6709 9020 3695
f 7820 4060 9021
f 7820 9021 5972
f 2009 7750 9022
f 2009 9022 2043
f 3434 6876 9023
f 3434 9023 3699
f 2921 2922 9024
f 2921 9024 2916
f 5454 5453 9025
f 5454 9025 5455
f 7379 994 9026
f 7379 9026 982
f 1809 7646 9027
f 1809 9027 1843
f 1070 1068 9028
f 1070 9028 1061
f 6530 3116 9029
f 6530 9029 3542
f 7010 671 9030
f 7010 9030 974
f 2156 2157 9031
f 2156 9031 2265
f 3339 6552 9032
f 3339 9032 7687
f 2365 2446 9033
f 2365 10482 2404
f 1436 6658 9034
f 1436 9034 1439
f 3992 6126 9035
f 3992 9035 4045
f 2934 2924 9036
f 2934 9036 7887
f 10311 1246 9037
f 1272 9037 1273
f 3513 10494 9038
f 3513 9038 3102
f 7919 1987 9039
f 7919 9039 1983
f 1951 5819 9040
f 1951 9040 2082
f 7511 1410 9041
f 7511 9041 1417
f 5755 9891 9042
f 5755 9042 2833
f 2183 6405 9043
f 2183 9043 6001
f 5827 5308 9044
f 5827 9044 5196
f 7970 2107 9045
f 7970 9045 2129
f 5932 2693 9046
f 5932 9046 2694
f 1249 1250 9047
f 1249 9047 1251
f 1263 1264 9048
f 1263 9048 7753
f 2619 10836 9049
f 2619 9049 5888
f 566 768 9050
f 10588 9050 871
f 1075 1076 9051
f 1075 9051 6810
f 2827 2828 9052
f 2827 9052 2829
f 3442 5938 9053
f 3442 9053 3452
f 7914 3959 9054
f 7914 9054 3966
f 10802 1452 9055
f 10802 9055 1337
f 1090 1072 9056
f 1090 10364 7905
f 1352 1351 9057
f 1352 9057 1561
f 2062 10525 9058
f 2062 9058 6127
f 6174 965 9059
f 6174 9059 7902
f 5876 10463 9060
f 5876 9060 10787
f 7788 3799 9061
f 7788 9061 3798
f 3149 3148 9062
f 3149 9062 3106
f 5753 7423 9063
f 5753 9063 7693
f 2626 10358 9064
f 2626 9064 10829
f 1002 1003 9065
f 1002 9065 1020
f 1073 6971 9066
f 1073 10434 6082
f 997 10437 9067
f 997 9067 998
f 3934 3933 9068
f 3934 9068 3975
f 6621 3367 9069
f 10126 9069 3633
f 7934 10669 9070
f 7934 9070 10619
f 7885 387 9071
f 7885 9071 10540
f 5708 4810 9072
f 5708 9072 5101
f 1685 10205 9073
f 1685 9073 7928
f 2474 2337 9074
f 2474 9074 7886
f 2923 5816 9075
f 2923 9075 6564
f 3237 6668 9076
f 3237 9076 3271
f 3843 3844 9077
f 3843 10251 3847
f 1998 1999 9078
f 1998 9078 2000
f 6570 3001 9079
f 6570 9079 3003
f 4994 4799 9080
f 10750 9080 4871
f 5493 5500 9081
f 5493 10645 5494
f 5697 6642 9082
f 5697 9082 1558
f 6626 2936 9083
f 6626 9083 2958
f 5878 10380 9084
f 5878 9084 6514
f 1979 1980 9085
f 1979 9085 6954
f 6762 7927 9086
f 6762 9086 1695
f 6974 7747 9087
f 6974 9087 3670
f 4082 6844 9088
f 4082 9088 6203
f 2592 7542 9089
f 2592 9089 2591
f 1797 1795 9090
f 1797 9090 1796
f 2695 2696 9091
f 2695 9091 5975
f 1990 1992 9092
f 1990 9092 5830
f 3061 7484 9093
f 3061 9093 8033
f 1745 1746 9094
f 1745 9094 6579
f 7935 3936 9095
f 7935 9095 3933
f 3278 3279 9096
f 3278 9096 7742
f 4348 4347 9097
f 4348 9097 4346
f 552 548 9098
f 552 9098 752
f 4157 7161 9099
f 4157 9099 4158
f 2188 2245 9100
f 2188 10330 2212
f 1928 1927 9101
f 1928 9101 1925
f 3454 5858 9102
f 3454 9102 3430
f 641 7892 9103
f 641 9103 643
f 3375 3376 9104
f 3375 9104 3395
f 5468 10563 9105
f 5468 9105 5509
f 6593 4211 9106
f 6593 9106 4151
f 7878 1927 9107
f 10518 9107 6849
f 6152 4346 9108
f 6152 10435 4334
f 6957 4219 9109
f 6957 9109 6080
f 3056 3014 9110
f 3056 9110 3057
f 3485 3695 9111
f 3485 9111 3482
f 6139 4842 9112
f 10611 9112 7847
f 3164 3124 9113
f 3164 9113 6123
f 7965 2928 9114
f 7965 9114 10542
f 2007 7832 9115
f 2007 9115 6749
f 2796 2821 9116
f 2796 9116 6594
f 6980 1793 9117
f 6980 9117 1792
f 3062 6962 9118
f 10290 9118 3067
f 2388 2389 9119
f 2388 9119 10083
f 7573 1513 9120
f 7573 9120 5898
f 3155 6965 9121
f 10700 9121 3712
f 4921 4798 9122
f 4921 9122 4997
f 10 8 9123
f 10 9123 13
f 2730 2729 9124
f 2730 9124 2693
f 2746 10783 9125
f 2746 9125 7017
f 3727 3786 9126
f 3727 9126 8019
f 4943 4948 9127
f 4943 9127 4944
f 7940 4987 9128
f 7940 9128 5934
f 5483 8122 9129
f 5483 9129 5497
f 2243 2191 9130
f 2243 9130 9693
f 2950 10786 9131
f 2950 9131 7028
f 1442 7968 9132
f 1442 9132 1443
f 7983 3289 9133
f 7983 9133 6088
f 6169 5430 9134
f 6169 9134 7910
f 5223 8025 9135
f 5223 9135 5416
f 6981 10636 9136
f 6981 9136 7913
f 3392 3349 9137
f 3392 9137 6879
f 6929 3169 9138
f 6929 9138 3148
f 10623 4854 9139
f 4853 9139 7122
f 7998 3400 9140
f 7998 9140 10411
f 2590 2591 9141
f 2590 9141 2620
f 7990 2896 9142
f 7990 9142 5790
f 1840 6875 9143
f 1840 9143 1844
f 8039 3745 9144
f 8039 9144 3743
f 1607 6834 9145
f 1607 9145 6075
f 2647 6117 9146
f 2647 9146 7891
f 7969 3399 9147
f 7969 10444 6114
f 5690 7563 9148
f 5690 9148 5077
f 2622 2623 9149
f 2622 9149 6577
f 291 6683 9150
f 291 9150 10707
f 2794 10556 9151
f 2794 9151 10850
f 6412 8139 9152
f 6412 9152 10467
f 2830 10868 9153
f 2830 9153 10554
f 1563 7880 9154
f 1563 9154 1564
f 1614 7746 9155
f 9948 9155 6395
f 10740 2650 9156
f 2648 9156 7158
f 7012 4831 9157
f 7012 9157 4833
f 2959 2958 9158
f 2959 9158 6826
f 1282 6992 9159
f 1282 9159 6122
f 3046 3007 9160
f 3046 9160 5983
f 358 359 9161
f 358 9161 7929
f 8058 2646 9162
f 8058 9162 6884
f 443 444 9163
f 443 9163 7592
f 3991 6949 9164
f 3991 9164 4051
f 343 345 9165
f 343 9165 342
f 2556 6022 9166
f 2556 9166 10974
f 4408 4412 9167
f 4408 9167 7982
f 5752 1466 9168
f 5752 9168 1513
f 7931 10957 9169
f 7931 9169 1686
f 6177 2819 9170
f 10886 9170 7869
f 7521 2806 9171
f 7521 9171 10689
f 654 7074 9172
f 654 9172 644
f 2955 7029 9173
f 2955 9173 2967
f 5488 5484 9174
f 5488 9174 5489
f 7964 5252 9175
f 7964 9175 10782
f 613 677 9176
f 613 9176 7893
f 227 6880 9177
f 227 9177 6990
f 3065 7971 9178
f 3065 9742 3071
f 7098 7977 9179
f 7098 9179 10921
f 474 6064 9180
f 474 9180 7599
f 5474 8013 9181
f 5474 9181 5476
f 7014 3281 9182
f 7014 9182 3285
f 2063 1983 9183
f 2063 9183 6954
f 216 205 9184
f 216 9184 208
f 5973 10615 9185
f 5973 9185 2896
f 583 584 9186
f 583 9186 585
f 7631 2935 9187
f 7631 9187 2895
f 499 500 9188
f 499 9188 11068
f 6207 1791 9189
f 6207 9189 1868
f 3173 7997 9190
f 3173 9190 3174
f 3401 6517 9191
f 3401 9191 3429
f 3068 3069 9192
f 3068 9192 3096
f 3284 3285 9193
f 3284 9193 3313
f 2306 2307 9194
f 2306 10643 2470
f 7760 2499 9195
f 7760 9195 2546
f 4122 4121 9196
f 4122 9196 4119
f 3518 8052 9197
f 3518 9197 3521
f 6162 7021 9198
f 6162 9198 553
f 6301 7136 9199
f 6301 9199 10985
f 2125 10515 9200
f 2125 9200 10314
f 7085 10788 9201
f 7085 9201 5510
f 4265 4119 9202
f 4265 9202 7858
f 6956 1596 9203
f 6956 9203 1598
f 507 7811 9204
f 507 9204 292
f 970 10627 9205
f 970 9205 9774
f 2751 6943 9206
f 2751 9206 7552
f 6820 3796 9207
f 6820 9207 10180
f 7065 10639 9208
f 7065 9208 2237
f 3405 3441 9209
f 3405 9209 6083
f 6989 964 9210
f 6989 9210 973
f 1291 1290 9211
f 1291 9211 1292
f 4835 7127 9212
f 4835 9212 6583
f 2173 6933 9213
f 2173 9213 2236
f 3471 7976 9214
f 3471 9214 11007
f 5360 5333 9215
f 5360 9215 5839
f 1852 10249 9216
f 1852 9216 7013
f 565 7036 9217
f 565 9217 6074
f 7615 452 9218
f 7615 9218 10207
f 5820 6505 9219
f 5820 9219 793
f 2123 2124 9220
f 2123 9220 10758
f 23 7030 9221
f 23 9221 22
f 5937 4885 9222
f 5937 9222 5068
f 6920 4850 9223
f 6920 9223 10502
f 558 559 9224
f 558 9224 6576
f 2926 2925 9225
f 2926 9225 7034
f 1476 1477 9226
f 1476 9226 7770
f 3167 7756 9227
f 3167 9227 6123
f 7001 2104 9228
f 7001 9228 2255
f 5010 5008 9229
f 5010 9229 5006
f 1648 10749 9230
f 1648 9230 6964
f 8042 2847 9231
f 8042 9231 2859
f 5274 5273 9232
f 5274 9232 6331
f 6092 1731 9233
f 6092 9233 1733
f 6181 3140 9234
f 6181 9234 8066
f 2855 7023 9235
f 2855 9235 10658
f 543 540 9236
f 543 9236 544
f 5382 8005 9237
f 5382 9237 10945
f 6543 6135 9238
f 6543 9238 8009
f 4872 4873 9239
f 4872 9239 7016
f 4823 7041 9240
f 4823 9240 4824
f 7 10638 9241
f 7 9241 8
f 6893 2748 9242
f 6893 9242 2756
f 2755 6128 9243
f 2755 9243 2756
f 2272 7841 9244
f 2272 9244 2276
f 1414 10212 9245
f 1414 9245 1411
f 7018 3031 9246
f 7018 9246 3458
f 827 10832 9247
f 827 9247 831
f 2761 7017 9248
f 2761 9248 2762
f 5367 5254 9249
f 5367 9249 5368
f 3536 3186 9250
f 3536 9250 3713
f 2961 2960 9251
f 2961 9251 2962
f 5263 5270 9252
f 10447 9252 8120
f 2431 2430 9253
f 2431 9253 8061
f 650 485 9254
f 10697 9254 7796
f 2651 6061 9255
f 2651 9255 2652
f 7211 5173 9256
f 7211 9256 8161
f 2303 2302 9257
f 2303 9257 10796
f 6296 7147 9258
f 6296 9258 4666
f 2664 5884 9259
f 2664 9259 2663
f 7815 5728 9260
f 7815 9260 10845
f 2491 2484 9261
f 2491 9261 2543
f 8044 10596 9262
f 8044 9262 180
f 8277 747 9263
f 8277 9263 748
f 10245 8212 9264
f 5153 9264 5202
f 4294 6050 9265
f 4294 9265 6213
f 3989 7925 9266
f 3989 9266 4053
f 2968 7028 9267
f 2968 9267 2969
f 2659 10846 9268
f 2659 9268 6286
f 2861 6193 9269
f 2861 9269 2862
f 5105 4966 9270
f 5105 9270 10341
f 5087 4933 9271
f 5087 9271 4931
f 3304 7043 9272
f 3304 9272 3305
f 8079 7033 9273
f 8079 9273 6164
f 6104 2490 9274
f 6104 9274 2507
f 3915 3978 9275
f 3915 9275 6148
f 4277 4278 9276
f 4277 9276 4333
f 8101 2972 9277
f 8101 9277 10830
f 8076 6193 9278
f 8076 9278 6294
f 7069 10807 9279
f 7069 9279 10310
f 4631 4633 9280
f 10964 9280 4632
f 2508 10734 9281
f 2508 9281 2509
f 8068 2164 9282
f 10755 9282 6188
f 725 6124 9283
f 725 9283 726
f 6825 5149 9284
f 6825 9284 5148
f 5303 5193 9285
f 5303 9285 8093
f 10504 8018 9286
f 2050 9286 2053
f 3220 3317 9287
f 3220 9287 6631
f 7504 235 9288
f 7504 9288 247
f 1204 6135 9289
f 1204 9289 10762
f 244 200 9290
f 244 9290 243
f 3744 3725 9291
f 3744 9291 3743
f 6905 6027 9292
f 6905 9292 2865
f 4554 8216 9293
f 4554 9293 4560
f 656 6265 9294
f 656 9294 658
f 19 8027 9295
f 19 10804 36
f 402 403 9296
f 402 9296 8109
f 5581 6250 9297
f 5581 9297 5620
f 7082 1791 9298
f 7082 9298 1782
f 8000 4898 9299
f 8000 10954 4901
f 5950 420 9300
f 5950 9300 10309
f 4711 4710 9301
f 4711 9301 4723
f 1237 8087 9302
f 1237 9302 1238
f 7080 4972 9303
f 7080 9303 5165
f 7097 10433 9304
f 7097 9304 4516
f 5575 5574 9305
f 5575 9305 5576
f 6941 5428 9306
f 6941 9306 10854
f 5218 10853 9307
f 5218 9307 5428
f 8114 3456 9308
f 8114 9308 3493
f 8008 148 9309
f 8008 9309 261
f 6226 1643 9310
f 6226 9310 6919
f 5 8106 9311
f 5 9311 18
f 6262 1469 9312
f 6262 9312 9820
f 4618 8112 9313
f 4618 9313 4619
f 645 10520 9314
f 645 9314 651
f 399 400 9315
f 399 9315 8109
f 2740 7433 9316
f 2740 9316 2765
f 2845 2846 9317
f 2845 9317 6193
f 8124 2636 9318
f 8124 9318 10846
f 1682 1680 9319
f 1682 9319 6241
f 3267 6236 9320
f 3267 9320 11054
f 3052 3460 9321
f 3052 9321 7204
f 779 7183 9322
f 779 9322 10988
f 6860 143 9323
f 6860 9323 940
f 2301 2300 9324
f 2301 9324 10759
f 6142 1978 9325
f 6142 9325 1971
f 2943 2944 9326
f 2943 9326 2972
f 2639 2640 9327
f 2639 9327 2660
f 7718 3311 9328
f 7718 9328 3329
f 796 6264 9329
f 796 9329 7091
f 7922 5029 9330
f 7922 9330 9642
f 5596 6276 9331
f 5596 9331 5598
f 1924 6200 9332
f 1924 9332 2103
f 4409 6205 9333
f 4409 9333 7050
f 6984 1449 9334
f 6984 9334 1464
f 1860 1853 9335
f 1860 9335 7099
f 6130 10625 9336
f 6130 9336 4426
f 8134 3858 9337
f 8134 9337 3914
f 6230 484 9338
f 6230 9338 482
f 5357 5262 9339
f 5357 9339 8120
f 2363 2353 9340
f 2363 9340 2362
f 5835 277 9341
f 5835 9341 392
f 3187 6624 9342
f 3187 9342 8203
f 4949 10939 9343
f 4949 9343 4938
f 7104 3388 9344
f 7104 9344 3412
f 4828 4818 9345
f 4828 9345 4829
f 8098 7078 9346
f 8098 9346 5311
f 10622 2722 9347
f 10622 9347 6013
f 851 852 9348
f 851 9348 10823
f 2843 10709 9349
f 2843 9349 7048
f 5243 5244 9350
f 5243 9350 8299
f 3264 7924 9351
f 3264 9351 3265
f 10555 6829 9352
f 10555 9352 2919
f 6320 4593 9353
f 6320 9353 7106
f 10547 6687 9354
f 10547 9354 2718
f 6206 7488 9355
f 6206 9355 8146
f 147 146 9356
f 147 9356 10857
f 10508 2825 9357
f 10508 9357 8003
f 2506 10841 9358
f 2506 9358 2504
f 7110 5393 9359
f 7110 9359 5238
f 1538 10960 9360
f 1538 9360 6968
f 8001 10609 9361
f 8001 9361 1642
f 64 10874 9362
f 64 9362 67
f 7053 10871 9363
f 7053 9363 345
f 6266 5615 9364
f 6266 9364 5625
f 10489 2725 9365
f 10489 9365 7992
f 5292 5173 9366
f 5292 9366 6868
f 10566 6850 9367
f 10566 9367 2617
f 9999 8099 9368
f 9999 9368 2617
f 7200 4808 9369
f 7200 9369 5099
f 10646 2822 9370
f 10646 9370 6027
f 10551 5963 9371
f 10551 9371 2816
f 6216 648 9372
f 6216 9372 8156
f 5412 5413 9373
f 5412 9373 10911
f 3361 3360 9374
f 3361 9374 3638
f 5829 865 9375
f 5829 9375 6780
f 5478 7117 9376
f 5478 10916 8056
f 5144 8253 9377
f 5144 9377 5143
f 4589 8050 9378
f 4589 9378 4778
f 3384 3383 9379
f 3384 9379 7210
f 5055 8177 9380
f 5055 9380 5052
f 4721 6253 9381
f 4721 9381 10883
f 4536 7139 9382
f 4536 9382 4539
f 6716 5008 9383
f 6716 9383 8129
f 10966 4521 9384
f 4049 9384 4487
f 3784 7096 9385
f 3784 10852 3785
f 2486 2487 9386
f 2486 9386 2489
f 4524 4522 9387
f 4524 9387 4773
f 4540 10892 9388
f 4540 9388 6786
f 8298 5089 9389
f 8298 9389 5170
f 8072 2517 9390
f 8072 9390 6217
f 5555 5553 9391
f 5555 9391 5573
f 4493 7059 9392
f 4493 9392 3932
f 5534 5535 9393
f 5534 9393 5528
f 5794 10031 9394
f 5794 9394 11078
f 5405 5232 9395
f 5405 9395 8090
f 8165 5050 9396
f 8165 9396 5118
f 7121 10573 9397
f 7121 9397 8092
f 729 10634 9398
f 729 9398 7037
f 3446 7707 9399
f 3446 11029 6901
f 5463 10788 9400
f 5463 9400 6281
f 8169 410 9401
f 8169 9401 411
f 4688 8173 9402
f 4688 9402 8199
f 662 7916 9403
f 662 9403 6940
f 2482 5990 9404
f 2482 9404 10841
f 4564 4573 9405
f 4564 9405 8198
f 3416 3418 11114
f 3416 11114 7806
f 4577 10812 9407
f 4577 9407 11072
f 5533 7131 9408
f 5533 9408 6251
f 4677 4675 9409
f 4677 9409 4676
f 4545 10936 9410
f 4545 9410 4541
f 1260 8031 9411
f 1260 9411 8097
f 5943 9897 9412
f 5943 9412 59
f 4700 4699 9413
f 4700 9413 7157
f 11019 4705 9414
f 4704 9414 4697
f 5161 6868 9415
f 5161 9415 5284
f 4603 4602 9416
f 10918 9416 8111
f 927 8163 9417
f 927 10932 928
f 8086 3601 9418
f 8086 9418 3602
f 6640 9980 9419
f 6640 9419 10938
f 6289 5529 9420
f 6289 9420 5530
f 6232 4658 9421
f 6232 9421 4659
f 3180 10705 9422
f 3180 9422 7172
f 5614 5609 9423
f 5614 9423 5630
f 6249 4613 9424
f 6249 9424 4611
f 6951 863 9425
f 6951 10828 7871
f 7109 5552 9426
f 7109 9426 5554
f 4882 5017 9427
f 4882 9427 6738
f 5380 5359 9428
f 5380 9428 5188
f 859 10860 9429
f 859 9429 861
f 5592 6278 9430
f 5592 9430 7124
f 7095 10924 9431
f 7095 9431 10835
f 6223 8160 9432
f 6223 9432 10890
f 5226 7132 9433
f 5226 9433 5227
f 4621 8112 9434
f 4621 9434 8209
f 10963 5480 9435
f 5479 9435 5486
f 682 6322 9436
f 682 9436 7079
f 7101 5588 9437
f 7101 9437 5628
f 1613 7746 9438
f 1613 9438 10986
f 5249 11136 9439
f 5249 9439 10346
f 7154 4638 9440
f 7154 9440 4634
f 562 563 9441
f 562 9441 762
f 937 938 9442
f 937 9442 8272
f 11025 5541 9443
f 11025 9443 5546
f 4668 10993 9444
f 4668 9444 4665
f 724 6219 9445
f 10814 9445 852
f 3632 3385 9446
f 3632 9446 3387
f 4530 8281 9447
f 4530 9447 4535
f 3296 3598 9448
f 3296 9448 10927
f 7070 2505 9449
f 7070 9449 2538
f 7138 4827 9450
f 7138 9450 4818
f 5610 5599 9451
f 5610 9451 8288
f 4566 4565 9452
f 4566 9452 4568
f 816 814 9453
f 816 9453 603
f 8214 10987 9454
f 8214 9454 5480
f 597 598 9455
f 597 9455 10794
f 5245 5246 9456
f 5245 9456 5345
f 4559 8181 9457
f 4559 9457 4774
f 5720 5031 9458
f 11081 9458 7270
f 3268 10452 9459
f 3268 9459 3714
f 4624 4623 9460
f 4624 9460 4627
f 5169 8197 9461
f 5169 9461 5301
f 652 7133 9462
f 652 9462 8143
f 3266 7100 9463
f 3266 9463 8116
f 3053 3016 9464
f 11112 9464 3661
f 4652 8285 9465
f 4652 9465 4657
f 5556 5557 9466
f 5556 11015 5561
f 4957 11021 9467
f 4957 9467 10590
f 8148 6246 9468
f 11006 9468 467
f 8153 1683 9469
f 8153 9469 1687
f 786 8179 9470
f 786 9470 787
f 686 65 9471
f 686 9471 890
f 4967 4964 9472
f 4967 9472 4971
f 5290 7129 9473
f 5290 9473 8182
f 4838 4837 9474
f 4838 10951 8206
f 4839 6315 9475
f 4839 11020 4847
f 7178 4841 9476
f 7178 10971 4827
f 672 979 9477
f 672 9477 675
f 6299 4572 9478
f 6299 9478 4574
f 6270 400 9479
f 11109 9479 413
f 7700 9828 9480
f 7700 9480 11098
f 4120 4119 9481
f 4120 9481 11079
f 10870 4757 9482
f 10870 9482 4759
f 6345 4933 9483
f 11130 9483 8234
f 1468 10497 9484
f 1468 9484 10986
f 4504 8159 9485
f 4504 9485 11063
f 4973 8227 9486
f 11125 9486 7094
f 8069 4220 9487
f 8069 9487 6237
f 3590 3294 9488
f 3590 9488 10927
f 7162 4703 9489
f 7162 9489 4766
f 3578 3270 9490
f 3578 9490 3271
f 4719 7163 9491
f 4719 9491 7184
f 3074 11085 9492
f 3074 9492 3072
f 11115 7943 9493
f 11115 9493 6311
f 4709 8191 9494
f 4709 9494 4707
f 8243 687 9495
f 8243 9495 879
f 4812 4811 9496
f 4812 9496 7897
f 7114 5282 9497
f 7114 9497 5410
f 4907 5053 9498
f 4907 9498 5052
f 3524 3528 9499
f 3524 9499 8184
f 914 912 9500
f 914 9500 806
f 5159 8230 9501
f 5159 9501 5136
f 3639 3391 9502
f 3639 9502 8239
f 5365 5256 9503
f 5365 9503 5372
f 6227 8158 9504
f 6227 9504 5397
f 772 8271 9505
f 772 9505 11069
f 5281 7175 9506
f 5281 9506 5795
f 4804 11009 9507
f 4804 9507 4940
f 8237 7156 9508
f 8237 9508 612
f 899 934 9509
f 899 11026 900
f 7227 11145 9510
f 7227 9510 10861
f 11024 4614 9511
f 11024 9511 4617
f 749 748 9512
f 749 9512 6291
f 6342 903 9513
f 6342 9513 11082
f 3522 3712 9514
f 3522 9514 6233
f 3545 3712 9515
f 3545 9515 11055
f 703 11037 9516
f 703 9516 7142
f 320 806 9517
f 320 9517 706
f 3160 3135 9518
f 3160 9518 7073
f 5235 5343 9519
f 5235 9519 8242
f 8238 699 9520
f 8238 9520 695
f 7177 8257 9521
f 7177 11041 886
f 876 875 9522
f 876 11044 8258
f 6313 8264 9523
f 6313 9523 3299
f 10775 3468 9524
f 3054 9524 3055
f 5219 6946 9525
f 5219 9525 5139
f 5200 5316 9526
f 5200 9526 10148
f 7975 11012 9527
f 7975 9527 11123
f 3537 6305 9528
f 3537 9528 3539
f 5584 7215 9529
f 11031 9529 5594
f 3049 8195 9530
f 3049 9530 11046
f 908 909 9531
f 908 9531 947
f 911 912 9532
f 911 9532 6323
f 6324 7129 9533
f 6324 9533 5284
f 3073 10981 9534
f 3073 9534 7170
f 6310 3078 9535
f 6310 9535 11092
f 5094 6268 9536
f 5094 9536 5352
f 8302 6028 9537
f 8302 9537 6346
f 4497 4168 9538
f 4497 9538 11096
f 5231 5202 9539
f 5231 9539 5340
f 5145 5275 9540
f 5145 9540 5140
f 889 888 9541
f 889 9541 890
f 5267 5270 9542
f 11045 9542 6163
f 3410 7169 9543
f 3410 9543 11076
f 7188 4561 9544
f 7188 9544 11104
f 3526 3157 9545
f 3526 9545 7068
f 715 8272 9546
f 11107 9546 8269
f 7205 5176 9547
f 11050 9547 5168
f 689 6575 9548
f 689 9548 8246
f 692 7221 9549
f 692 9549 690
f 7108 5326 9550
f 7108 9550 11103
f 4538 4537 9551
f 4538 9551 11143
f 7201 3292 9552
f 7201 9552 3588
f 895 6347 9553
f 895 11066 709
f 7224 6348 9554
f 11084 9554 785
f 8273 906 9555
f 11086 9555 6247
f 4662 4661 9556
f 4662 9556 11144
f 7141 5590 9557
f 7141 9557 5594
f 344 10922 9558
f 344 9558 747
f 8229 5247 9559
f 8229 9559 5348
f 7203 8201 9560
f 7203 9560 3493
f 943 907 9561
f 943 9561 7217
f 8265 3415 9562
f 8265 9562 3645
f 848 588 9563
f 848 9563 8224
f 6330 7189 9564
f 6330 9564 4667
f 4597 7229 9565
f 11119 9565 4595
f 6336 4717 9566
f 6336 9566 4724
f 4644 4646 9567
f 4644 9567 4645
f 919 6333 9568
f 919 9568 752
f 6297 7220 9569
f 6297 9569 10657
f 916 7220 9570
f 916 9570 11035
f 696 695 9571
f 696 9571 11097
f 6239 4551 9572
f 6239 9572 8216
f 775 6316 9573
f 775 9573 579
f 8235 4787 9574
f 8235 9574 4633
f 6334 4608 9575
f 11091 9575 7230
f 11095 4639 9576
f 4630 9576 8293
f 5604 7218 9577
f 5604 11053 5607
f 7225 5280 9578
f 7225 9578 5339
f 5198 5314 9579
f 5198 9579 5192
f 8279 5149 9580
f 8279 9580 5280
f 321 757 9581
f 11138 9581 954
f 8280 4680 9582
f 8280 9582 4685
f 8291 4600 9583
f 8291 11132 4596
f 6280 5271 9584
f 6280 9584 7176
f 8292 11135 9585
f 8292 9585 4610
f 3658 3477 9586
f 3658 9586 7210
f 4527 4525 9587
f 4527 9587 11120
f 4693 4692 11149
f 4693 11149 6344
f 7190 5391 9589
f 7190 9589 8132
f 4649 4647 9590
f 4649 9590 11124
f 4911 4927 9591
f 4911 9591 8302
f 11153 4960 9592
f 4958 9592 6339
f 8287 4580 9593
f 8287 9593 4583
f 5221 5216 9594
f 5221 9594 5220
f 5538 5537 9595
f 5538 9595 5550
f 7202 4726 9596
f 7202 11133 8296
f 7216 4641 9597
f 7216 11141 4639
f 3476 3076 9598
f 3476 9598 3480
f 5295 5086 9599
f 5295 9599 5294
f 5562 5559 9600
f 5562 9600 8295
f 5328 11101 9601
f 5328 9601 5389
f 8301 5544 9602
f 8301 9602 7231
f 346 347 9603
f 346 9603 340
f 6903 29 9604
f 6903 9604 8772
f 6365 4892 9605
f 6365 9605 4809
f 4161 8711 9606
f 4161 9606 4178
f 4894 4890 9607
f 4894 9607 4906
f 7394 1246 9608
f 7394 9608 6378
f 7417 336 9609
f 7417 9609 636
f 8475 3031 9610
f 8475 9610 3005
f 213 214 9611
f 213 9611 5650
f 8311 5772 9612
f 8311 9612 7402
f 4873 4872 9613
f 4873 9613 7240
f 5443 6372 9614
f 5443 9614 5525
f 395 281 9615
f 395 9615 396
f 4867 4870 9616
f 4867 9616 5934
f 5504 5439 9617
f 5504 9617 5513
f 5524 5649 9618
f 5524 9618 6367
f 5647 7272 9619
f 5647 9619 8330
f 3213 5945 9620
f 3213 9620 8571
f 7322 1343 9621
f 7322 9621 1340
f 489 8404 9622
f 489 9622 6402
f 6641 2137 9623
f 6641 9623 7848
f 516 669 9624
f 516 9624 7334
f 85 6504 9625
f 85 9625 8481
f 674 498 9626
f 674 9626 8469
f 4067 4066 9627
f 4067 9627 4028
f 5721 2377 9628
f 5721 9628 7243
f 1715 1716 9629
f 1715 9629 1714
f 7558 3881 9630
f 7558 9630 3882
f 1434 1433 9631
f 1434 9631 8374
f 3012 3013 9632
f 3012 9632 3045
f 5811 6553 9633
f 5811 9633 521
f 164 165 9634
f 164 9634 8479
f 2804 2803 9635
f 2804 9635 6510
f 8446 3118 9636
f 8446 9636 3115
f 2671 2653 9637
f 2671 9637 6550
f 7572 2427 9638
f 7572 9638 2374
f 4909 4816 9639
f 4909 9639 8345
f 6042 3940 9640
f 6042 9640 7471
f 4794 4795 9641
f 4794 9641 8343
f 4902 4900 9642
f 4902 9642 5082
f 253 252 9643
f 253 9643 7254
f 1635 6514 9644
f 1635 9644 1636
f 6451 2980 9645
f 6451 9645 2976
f 5441 8303 9646
f 5441 9646 5445
f 7372 1149 9647
f 7372 9647 8485
f 5438 6391 9648
f 5438 9648 5436
f 8628 5694 9649
f 8628 9649 6417
f 2036 2070 9650
f 2036 9650 8664
f 183 8476 9651
f 183 9651 8632
f 8402 469 9652
f 8402 9652 7311
f 1240 6521 9653
f 1240 9653 8611
f 8420 1277 9654
f 8420 9654 1525
f 138 6528 9655
f 138 9655 136
f 7792 9031 9656
f 7792 9656 2159
f 397 396 9657
f 397 9657 8525
f 5512 5511 9658
f 5512 9658 5649
f 1247 1246 9659
f 1247 9659 1248
f 1574 1570 9660
f 1574 9660 7408
f 6436 492 9661
f 6436 9661 369
f 665 7291 9662
f 665 9662 667
f 3313 6934 9663
f 3313 9663 6398
f 1697 1553 9664
f 1697 9664 1699
f 8306 449 9665
f 8306 9665 5650
f 8341 3202 9666
f 8341 9666 7335
f 5748 8373 9667
f 5748 9667 1349
f 7604 101 9668
f 7604 9668 5734
f 1499 7258 9669
f 1499 9669 8399
f 250 5659 9670
f 250 9670 7420
f 3742 5710 9671
f 3742 9671 3731
f 5958 7575 9672
f 5958 9672 8646
f 627 626 9673
f 627 9673 7655
f 6447 8416 9674
f 6447 9674 3734
f 668 667 9675
f 668 9675 8457
f 189 5637 9676
f 189 9676 204
f 437 7281 9677
f 437 9677 7254
f 1457 7296 9678
f 1457 9678 1621
f 169 165 9679
f 169 9679 5727
f 7799 1123 9680
f 7799 9680 6894
f 2669 2670 9681
f 2669 9681 6588
f 1225 1219 9682
f 1225 9682 6433
f 6444 3011 9683
f 6444 9683 8512
f 8686 6824 9684
f 8686 9684 3985
f 4805 4806 9685
f 4805 9685 6852
f 5746 7545 9686
f 5746 9686 1551
f 576 6760 9687
f 576 9687 587
f 4791 4792 9688
f 4791 9688 4922
f 3243 3234 9689
f 3243 9689 8998
f 4103 4104 9690
f 4103 9690 4102
f 6778 2311 9691
f 6778 9691 2314
f 7542 2682 9692
f 7542 9692 2678
f 2225 2224 9693
f 2225 9693 2188
f 2564 2529 9694
f 2564 9694 7478
f 5456 5671 9695
f 5456 9695 6367
f 868 869 9696
f 868 9696 7796
f 6064 469 9697
f 6064 9697 475
f 5458 7251 9698
f 5458 9698 5459
f 2704 2705 9699
f 2704 9699 2735
f 5737 171 9700
f 5737 9700 175
f 1306 7400 9701
f 1306 9701 8335
f 5714 1227 9702
f 5714 9702 1230
f 1321 1625 9703
f 1321 9703 6651
f 7255 5521 9704
f 7255 9704 5523
f 6519 1387 9705
f 6519 9705 1386
f 6481 1163 9706
f 6481 9706 1166
f 5653 5437 9707
f 5653 9707 8347
f 3229 5801 9708
f 3229 9708 3230
f 312 5702 9709
f 312 9709 8319
f 7437 1142 9710
f 7437 9710 8431
f 6073 2131 9711
f 6073 9711 2133
f 2997 3004 9712
f 2997 9712 6494
f 8462 1451 9713
f 8462 9713 1338
f 2821 2882 9714
f 2821 9714 2879
f 3080 3084 9715
f 3080 9715 3079
f 2113 7348 9716
f 2113 9716 2212
f 7836 2175 9717
f 7836 9717 2208
f 8555 5922 9718
f 8555 9718 314
f 3122 7304 9719
f 3122 9719 3126
f 1438 6658 9720
f 1438 9720 9203
f 6607 623 9721
f 6607 9721 8472
f 6569 2978 9722
f 6569 9722 5851
f 2881 6796 9723
f 2881 9723 6110
f 6356 2710 9724
f 6356 9724 2707
f 8491 7246 9725
f 8491 9725 333
f 87 84 9726
f 87 9726 5744
f 86 55 9727
f 86 9727 7368
f 6686 5781 9728
f 6686 9728 4147
f 5648 6479 9729
f 5648 9729 8310
f 3982 7374 9730
f 3982 9730 7667
f 1325 7405 9731
f 1325 9731 1335
f 1331 1332 9732
f 1331 9732 1328
f 351 352 9733
f 351 9733 350
f 1195 5899 9734
f 1195 9734 6633
f 616 619 9735
f 616 9735 6542
f 313 8401 9736
f 313 9736 309
f 6401 1123 9737
f 6401 9737 8485
f 2731 2690 9738
f 2731 9738 8597
f 7490 1922 9739
f 7490 9739 1968
f 6380 5730 9740
f 6380 9740 9163
f 1384 6522 9741
f 1384 9741 1385
f 9178 3065 9742
f 9178 9742 3067
f 6371 1339 9743
f 6371 9743 1456
f 79 7404 9744
f 79 9744 8412
f 1222 1219 9745
f 1222 9745 6477
f 265 7330 9746
f 265 9746 275
f 989 988 9747
f 989 9747 1065
f 2596 6453 9748
f 2596 9748 7397
f 7409 2809 9749
f 7409 9749 8440
f 1286 1285 9750
f 1286 9750 1437
f 7399 166 9751
f 7399 9751 6511
f 8781 1004 9752
f 8781 9752 7894
f 1324 8458 9753
f 1324 9753 7261
f 5763 1143 9754
f 5763 9754 1152
f 1652 5813 9755
f 1652 9755 6565
f 1396 1392 9756
f 1396 9756 1397
f 8513 1408 9757
f 8513 9757 1450
f 1569 1567 9758
f 1569 9758 1702
f 1581 7530 9759
f 1581 9759 1620
f 6459 8697 9760
f 6459 9760 2407
f 1393 8517 9761
f 1393 9761 5729
f 2756 2772 9762
f 2756 9762 2786
f 375 376 9763
f 375 9763 377
f 1412 1409 9764
f 1412 9764 1593
f 279 7308 9765
f 279 9765 8336
f 642 640 9766
f 642 9766 6036
f 7972 5498 9767
f 7972 9767 5508
f 1701 1703 9768
f 1701 9768 1699
f 6601 150 9769
f 6601 9769 586
f 9311 18 9770
f 9311 9770 51
f 5712 280 9771
f 5712 9771 281
f 2233 2220 9772
f 2233 9772 2273
f 108 104 9773
f 108 9773 8405
f 846 6175 9774
f 846 9774 9205
f 74 8506 9775
f 74 9775 6485
f 515 8457 9776
f 515 9776 517
f 78 8471 9777
f 78 9777 435
f 7384 5894 9778
f 7384 9778 4337
f 3929 3930 9779
f 3929 9779 3920
f 6502 5126 9780
f 6502 9780 5125
f 3212 3206 9781
f 3212 9781 8797
f 5814 1650 9782
f 5814 9782 1651
f 1190 7400 9783
f 1190 9783 1184
f 1165 1161 9784
f 1165 9784 1150
f 264 283 9785
f 264 9785 285
f 185 130 9786
f 185 9786 186
f 7428 6477 9787
f 7428 9787 1424
f 359 358 9788
f 359 9788 6474
f 7736 3225 9789
f 7736 9789 8350
f 6586 1214 9790
f 6586 9790 8374
f 6590 153 9791
f 6590 9791 162
f 1244 1245 9792
f 1244 9792 5786
f 187 188 9793
f 187 9793 8448
f 1720 5863 9794
f 1720 9794 1789
f 1323 1345 9795
f 1323 9795 5886
f 135 129 9796
f 135 9796 136
f 1966 1965 9797
f 1966 9797 1932
f 5861 238 9798
f 5861 9798 231
f 9096 3260 9799
f 9096 9799 3281
f 1518 7875 9800
f 1518 9800 1517
f 3184 3181 9801
f 3184 9801 8679
f 4284 4285 9802
f 4284 9802 4292
f 8519 6534 9803
f 8519 9803 518
f 1243 8494 9804
f 1243 9804 6521
f 6396 5705 9805
f 6396 9805 5511
f 1483 6512 9806
f 1483 9806 8040
f 4815 7605 9807
f 4815 9807 4813
f 7989 1266 9808
f 7989 9808 1273
f 7364 1134 9809
f 7364 9809 8508
f 5806 8593 9810
f 5806 9810 6585
f 7242 102 9811
f 7242 9811 287
f 1544 7689 9812
f 1544 9812 6382
f 2391 6977 9813
f 2391 9813 9119
f 256 259 9814
f 256 9814 6528
f 5821 1134 9815
f 5821 9815 8436
f 7482 5886 9816
f 7482 9816 1386
f 4401 4439 9817
f 4401 9817 4327
f 1511 7475 9818
f 1511 9818 1512
f 3147 7252 9819
f 3147 9819 3145
f 7888 1463 9820
f 7888 9820 1460
f 5698 1153 9821
f 5698 9821 6431
f 3802 8895 9822
f 3802 9822 6053
f 1774 1772 9823
f 1774 9823 1769
f 1380 1369 9824
f 1380 9824 6522
f 1395 6359 9825
f 1395 9825 1572
f 3728 3729 9826
f 3728 9826 6100
f 6718 1473 9827
f 6718 9827 7637
f 5228 5227 9828
f 5228 9828 6158
f 296 5873 9829
f 296 9829 7607
f 6567 8777 9830
f 6567 9830 391
f 440 439 9831
f 440 9831 8412
f 3413 3663 9832
f 3413 9832 7209
f 1374 5789 9833
f 1374 9833 1378
f 8884 523 9834
f 8884 9834 6792
f 1502 1501 9835
f 1502 9835 1503
f 7652 4337 9836
f 7652 9836 4372
f 610 7893 9837
f 610 9837 8559
f 2890 7544 9838
f 2890 9838 8467
f 2969 6285 9839
f 2969 9839 7535
f 6516 8620 9840
f 6516 9840 434
f 192 193 9841
f 192 9841 6597
f 1881 5631 9842
f 1881 9842 8900
f 7850 3698 9843
f 7850 9843 3668
f 7538 6521 9844
f 7538 9844 1184
f 6428 8442 9845
f 6428 9845 7264
f 158 157 9846
f 158 9846 6443
f 7570 4324 9847
f 7570 9847 6397
f 1213 1210 9848
f 1213 9848 6463
f 2683 2685 9849
f 2683 9849 7520
f 361 350 9850
f 361 9850 7427
f 7343 5908 9851
f 7343 9851 3330
f 2714 2707 9852
f 2714 9852 2713
f 1362 7514 9853
f 1362 9853 7306
f 1159 1158 9854
f 1159 9854 5696
f 7453 6226 9855
f 7453 9855 1674
f 3083 8535 9856
f 3083 9856 3082
f 7470 4293 9857
f 7470 9857 4290
f 6454 3120 9858
f 6454 9858 3119
f 5947 8455 9859
f 5947 9859 1936
f 5426 5425 9860
f 5426 9860 8740
f 3760 3755 9861
f 3760 9861 3738
f 8778 3109 9862
f 8778 9862 3108
f 7339 330 9863
f 7339 9863 328
f 3788 3731 9864
f 3788 9864 8529
f 1698 8398 9865
f 1698 9865 1696
f 1721 6480 9866
f 1721 9866 6657
f 3966 6090 9867
f 3966 9867 3964
f 9276 7816 9868
f 9276 9868 4334
f 1388 8468 9869
f 1388 9869 5678
f 6858 7780 9870
f 6858 9870 2371
f 1126 1123 9871
f 1126 9871 1133
f 8603 2630 9872
f 8603 9872 7495
f 2697 8597 9873
f 2697 9873 9091
f 218 219 9874
f 218 9874 8712
f 8369 1316 9875
f 8369 9875 1317
f 4065 4066 9876
f 4065 9876 6720
f 6918 8377 9877
f 6918 9877 2119
f 513 512 9878
f 513 9878 7383
f 673 670 9879
f 673 9879 8469
f 4431 4432 9880
f 4431 9880 4433
f 1977 8313 9881
f 1977 9881 6864
f 5798 7425 9882
f 5798 9882 132
f 2952 2953 9883
f 2952 9883 2960
f 7539 9008 9884
f 7539 9884 3086
f 49 8325 9885
f 49 9885 33
f 5911 2134 9886
f 5911 9886 2163
f 4247 7292 9887
f 4247 9887 4205
f 1568 7279 9888
f 1568 9888 7398
f 1504 7328 9889
f 1504 9889 1506
f 1546 7309 9890
f 1546 9890 5633
f 2818 2814 9891
f 2818 9891 2883
f 7259 6417 9892
f 7259 9892 1549
f 7346 1295 9893
f 7346 9893 1289
f 398 7732 9894
f 398 9894 315
f 7426 5804 9895
f 7426 9895 432
f 7286 6383 9896
f 7286 9896 574
f 56 7448 9897
f 56 9897 55
f 2775 8502 9898
f 2775 9898 2776
f 297 8687 9899
f 297 9899 298
f 433 524 9900
f 433 9900 430
f 6037 6768 9901
f 6037 9901 3752
f 624 551 9902
f 624 9902 8622
f 2069 5959 9903
f 2069 9903 7486
f 6352 493 9904
f 6352 9904 368
f 7523 8610 9905
f 7523 9905 8618
f 3317 3248 9906
f 3317 9906 9287
f 8389 7320 9907
f 8389 9907 676
f 6728 8747 9908
f 6728 9908 1582
f 6525 9371 9909
f 6525 9909 8650
f 7646 9027 9910
f 7646 9910 8728
f 4070 8547 9911
f 4070 9911 6704
f 4394 6498 9912
f 4394 9912 6681
f 1490 8339 9913
f 1490 9913 9226
f 8575 5845 9914
f 8575 9914 1459
f 341 340 9915
f 341 9915 6515
f 3360 9374 9916
f 3360 9916 3445
f 8334 2219 9917
f 8334 9917 2251
f 3197 3196 9918
f 3197 9918 3198
f 6697 3765 9919
f 6697 9919 3905
f 1524 5761 9920
f 1524 9920 1673
f 4897 4896 9921
f 4897 9921 5113
f 7773 2718 9922
f 7773 9922 8307
f 6822 2038 9923
f 6822 9923 8842
f 3346 6445 9924
f 3346 9924 7389
f 5683 3239 9925
f 5683 9925 8395
f 7587 3840 9926
f 7587 9926 3839
f 2410 2409 9927
f 2410 9927 2449
f 7600 978 9928
f 7600 9928 8607
f 26 25 9929
f 26 9929 31
f 7597 6110 9930
f 7597 9930 8460
f 1555 5717 9931
f 1555 9931 7295
f 3878 3877 9932
f 3878 9932 5897
f 2032 2030 9933
f 2032 9933 7486
f 3315 3309 9934
f 3315 9934 3253
f 1211 8540 9935
f 1211 9935 5800
f 141 144 9936
f 141 9936 8553
f 1870 1869 9937
f 1870 9937 1871
f 7638 6735 9938
f 7638 9938 2216
f 464 593 9939
f 464 9939 637
f 4040 4041 9940
f 4040 9940 4047
f 1836 8690 9941
f 1836 9941 1872
f 7449 1169 9942
f 7449 9942 1170
f 6599 2607 9943
f 6599 9943 2633
f 1622 7313 9944
f 1622 9944 5678
f 3328 6714 9945
f 3328 9945 8677
f 5967 7620 9946
f 5967 9946 2455
f 2258 2256 9947
f 2258 9947 2214
f 1614 9155 9948
f 1614 9948 6838
f 8648 3842 9949
f 8648 9949 3882
f 7314 2906 9950
f 7314 9950 2905
f 7307 1663 9951
f 7307 9951 6382
f 4429 8662 9952
f 4429 9952 6681
f 240 7407 9953
f 240 9953 379
f 6558 1227 9954
f 6558 9954 7454
f 8643 2413 9955
f 8643 9955 2455
f 5996 4201 9956
f 5996 9956 4203
f 114 113 9957
f 114 9957 7446
f 3830 3833 9958
f 3830 9958 8867
f 3916 7046 9959
f 3916 9959 6484
f 2993 6829 9960
f 2993 9960 2983
f 8617 6562 9961
f 8617 9961 6421
f 1400 6598 9962
f 1400 9962 1403
f 496 7291 9963
f 496 9963 741
f 2909 2917 9964
f 2909 9964 8495
f 8948 2278 9965
f 8948 9965 2118
f 2423 7826 9966
f 2423 9966 2400
f 8591 2374 9967
f 8591 9967 2377
f 4085 3940 9968
f 4085 9968 4079
f 6831 9047 9969
f 6831 9969 7861
f 4413 4351 9970
f 4413 9970 5866
f 3338 3337 9971
f 3338 9971 3339
f 6595 5892 9972
f 6595 9972 3233
f 7250 6399 9973
f 7250 9973 3004
f 4251 6767 9974
f 4251 9974 4271
f 5638 3753 9975
f 5638 9975 8514
f 1637 1636 9976
f 1637 9976 6437
f 4877 4876 9977
f 4877 9977 4888
f 1171 1170 9978
f 1171 9978 6572
f 6603 1371 9979
f 6603 9979 5920
f 6012 4851 9980
f 6012 9980 4860
f 2045 2044 9981
f 2045 9981 7633
f 7499 2463 9982
f 7499 9982 6045
f 532 322 9983
f 532 9983 7505
f 6547 171 9984
f 6547 9984 7429
f 67 69 9985
f 67 9985 64
f 1840 1844 9986
f 1840 9986 6875
f 258 257 9987
f 258 9987 7567
f 1319 9006 9988
f 1319 9988 1308
f 6742 8705 9989
f 6742 9989 1850
f 4438 4437 9990
f 4438 9990 6680
f 8770 2481 9991
f 8770 9991 7681
f 453 6538 9992
f 453 9992 6650
f 4383 4351 9993
f 4383 9993 7419
f 595 6506 9994
f 595 9994 822
f 4027 4026 9995
f 4027 9995 4064
f 6579 1874 9996
f 6579 9996 1887
f 5769 3347 9997
f 5769 9997 3332
f 6461 2805 9998
f 6461 9998 2803
f 6587 2608 9999
f 6587 9999 2640
f 1916 1917 10000
f 1916 10000 7376
f 5778 2905 10001
f 5778 10001 7676
f 5838 6405 10002
f 5838 10002 2166
f 9057 1559 10003
f 9057 10003 1351
f 4023 8569 10004
f 4023 10004 7874
f 3889 5903 10005
f 3889 10005 3896
f 306 307 10006
f 306 10006 8484
f 5751 2769 10007
f 5751 10007 2770
f 7648 1064 10008
f 7648 10008 6685
f 6653 3984 10009
f 6653 10009 3986
f 2601 2600 10010
f 2601 10010 8356
f 7260 1874 10011
f 7260 10011 1854
f 490 7299 10012
f 490 10012 742
f 8501 7966 10013
f 8501 10013 5495
f 6667 2466 10014
f 6667 10014 2310
f 3921 3920 10015
f 3921 10015 8796
f 632 633 10016
f 632 10016 6713
f 6039 1692 10017
f 6039 10017 7678
f 5208 6736 10018
f 5208 10018 5207
f 7317 4112 10019
f 7317 10019 8725
f 5585 5593 10020
f 5585 10020 5586
f 6388 2875 10021
f 6388 10021 8419
f 2981 2980 10022
f 2981 10022 7531
f 8726 4112 10023
f 8726 10023 4118
f 196 194 10024
f 196 10024 200
f 7415 3789 10025
f 7415 10025 3792
f 5860 109 10026
f 5860 10026 112
f 4239 8459 10027
f 4239 10027 8749
f 5708 4810 10028
f 5708 10028 5102
f 2674 2673 10029
f 2674 10029 8761
f 2294 2295 10030
f 2294 10030 6672
f 5205 5207 10031
f 5205 10031 5203
f 4218 4217 10032
f 4218 10032 6096
f 3352 8801 10033
f 3352 10033 3353
f 39 5719 10034
f 39 10034 6536
f 337 338 10035
f 337 10035 708
f 3919 5711 10036
f 3919 10036 8669
f 8396 5711 10037
f 8396 10037 7318
f 4336 7315 10038
f 4336 10038 8531
f 4283 7315 10039
f 4283 10039 6669
f 4253 4249 10040
f 4253 10040 7790
f 5742 1912 10041
f 5742 10041 8543
f 1785 1724 10042
f 1785 10042 7385
f 2355 6464 10043
f 2355 10043 2405
f 8956 2528 10044
f 8956 10044 7610
f 5889 6625 10045
f 5889 10045 3302
f 2289 6464 10046
f 2289 10046 2350
f 6741 1741 10047
f 6741 10047 1778
f 2117 2121 10048
f 2117 10048 2122
f 3447 3424 10049
f 3447 10049 8602
f 6021 7582 10050
f 6021 10050 8655
f 1489 5636 10051
f 1489 10051 6565
f 2227 6034 10052
f 2227 10052 6772
f 7745 4163 10053
f 7745 10053 4179
f 6465 1719 10054
f 6465 10054 7564
f 1453 7033 10055
f 1453 10055 5666
f 1718 1719 10056
f 1718 10056 7375
f 8746 6771 10057
f 8746 10057 3855
f 2041 2040 10058
f 2041 10058 2079
f 7287 1550 10059
f 7287 10059 1549
f 6789 3846 10060
f 6789 10060 7241
f 6551 1723 10061
f 6551 10061 1726
f 2869 2868 10062
f 2869 10062 8419
f 1383 1606 10063
f 1383 10063 1588
f 7325 5738 10064
f 7325 10064 2210
f 249 248 10065
f 249 10065 5679
f 480 478 10066
f 480 10066 5718
f 2111 5738 10067
f 2111 10067 2163
f 1845 7632 10068
f 1845 10068 1879
f 4080 4086 10069
f 4080 10069 8738
f 7588 5966 10070
f 7588 10070 2777
f 8713 6212 10071
f 8713 10071 2354
f 8032 9238 10072
f 8032 10072 9289
f 5783 1913 10073
f 5783 10073 2028
f 6548 3137 10074
f 6548 10074 7697
f 4398 4397 10075
f 4398 10075 4399
f 2585 5787 10076
f 2585 10076 2635
f 7526 8613 10077
f 7526 10077 1371
f 2492 7283 10078
f 2492 10078 2520
f 473 472 10079
f 473 10079 570
f 1481 6046 10080
f 1481 10080 8748
f 8774 2268 10081
f 8774 10081 7275
f 477 476 10082
f 477 10082 128
f 6791 2417 10083
f 6791 10083 2418
f 2087 2093 10084
f 2087 10084 7698
f 3308 7456 10085
f 3308 10085 6689
f 7953 3064 10086
f 7953 10086 3041
f 3358 5776 10087
f 3358 10087 3374
f 8601 3431 10088
f 8601 10088 6830
f 4261 8731 10089
f 4261 10089 8716
f 4255 8731 10090
f 4255 10090 5885
f 7496 8593 10091
f 7496 10091 308
f 1484 6512 10092
f 1484 10092 1491
f 3056 3057 10093
f 3056 10093 3014
f 6460 2891 10094
f 6460 10094 5773
f 6664 3136 10095
f 6664 10095 3137
f 5667 8608 10096
f 5667 10096 1178
f 8366 3247 10097
f 8366 10097 3248
f 8925 1507 10098
f 8925 10098 1235
f 276 8576 10099
f 276 10099 7308
f 234 406 10100
f 234 10100 7276
f 5750 2789 10101
f 5750 10101 7395
f 7601 2675 10102
f 7601 10102 2676
f 9259 2663 10103
f 9259 10103 7995
f 7760 2499 10104
f 7760 10104 2501
f 4034 4033 10105
f 4034 10105 4035
f 6518 3009 10106
f 6518 10106 3006
f 4107 8683 10107
f 4107 10107 8889
f 1628 7494 10108
f 1628 10108 6722
f 7722 3250 10109
f 7722 10109 3625
f 4127 4126 10110
f 4127 10110 8767
f 6867 4173 10111
f 6867 10111 4196
f 7898 1071 10112
f 7898 10112 1077
f 6761 8809 10113
f 6761 10113 1006
f 2828 9052 10114
f 2828 10114 7354
f 123 125 10115
f 123 10115 126
f 378 8454 10116
f 378 10116 6655
f 1336 8585 10117
f 1336 10117 1338
f 8642 7676 10118
f 8642 10118 6449
f 5799 2802 10119
f 5799 10119 2801
f 1842 7844 10120
f 1842 10120 9027
f 2700 8470 10121
f 2700 10121 2737
f 8815 5905 10122
f 8815 10122 3498
f 3394 6879 10123
f 3394 10123 6963
f 5924 3362 10124
f 5924 10124 3443
f 3425 7551 10125
f 3425 10125 6025
f 6621 9069 10126
f 6621 10126 3629
f 3219 3218 10127
f 3219 10127 3220
f 1548 7295 10128
f 1548 10128 1550
f 3201 3202 10129
f 3201 10129 7884
f 8783 4043 10130
f 8783 10130 4048
f 8594 7545 10131
f 8594 10131 1220
f 7727 4133 10132
f 7727 10132 4135
f 6596 8779 10133
f 6596 10133 1191
f 2494 2493 10134
f 2494 10134 2535
f 4209 6733 10135
f 4209 10135 4213
f 8011 6016 10136
f 8011 10136 8671
f 2689 2688 10137
f 2689 10137 2691
f 528 416 10138
f 528 10138 529
f 8615 119 10139
f 8615 10139 623
f 2975 2976 10140
f 2975 10140 8523
f 1436 1435 10141
f 1436 10141 6658
f 8552 7996 10142
f 8552 10142 2684
f 423 8670 10143
f 423 10143 8733
f 35 47 10144
f 35 10144 8385
f 7373 167 10145
f 7373 10145 155
f 2322 2321 10146
f 2322 10146 2317
f 5812 6584 10147
f 5812 10147 8814
f 5182 5183 10148
f 5182 10148 5200
f 6806 124 10149
f 6806 10149 202
f 1205 9289 10150
f 1205 10150 1206
f 8425 6066 10151
f 8425 10151 4263
f 6639 5664 10152
f 6639 10152 8610
f 4367 4371 10153
f 4367 10153 6848
f 4319 4318 10154
f 4319 10154 8913
f 8787 4445 10155
f 8787 10155 4412
f 6051 3844 10156
f 6051 10156 3848
f 8564 5646 10157
f 8564 10157 3515
f 5475 6917 10158
f 5475 10158 8830
f 353 6891 10159
f 353 10159 7451
f 1360 1361 10160
f 1360 10160 1359
f 3341 3342 10161
f 3341 10161 3345
f 80 8471 10162
f 80 10162 69
f 6392 7581 10163
f 6392 10163 2769
f 3200 7249 10164
f 3200 10164 8679
f 7422 3253 10165
f 7422 10165 6524
f 9117 1793 10166
f 9117 10166 1783
f 7758 1068 10167
f 7758 10167 1078
f 6529 8618 10168
f 6529 10168 3089
f 4232 4163 10169
f 4232 10169 4200
f 4406 6750 10170
f 4406 10170 4407
f 34 8385 10171
f 34 10171 33
f 1814 8727 10172
f 1814 10172 6875
f 2235 2174 10173
f 2235 10173 6533
f 2433 8775 10174
f 2433 10174 8739
f 6812 4175 10175
f 6812 10175 4174
f 6758 9026 10176
f 6758 10176 1004
f 5902 1179 10177
f 5902 10177 8837
f 227 226 10178
f 227 10178 5706
f 6799 2269 10179
f 6799 10179 2271
f 3864 7947 10180
f 3864 10180 3875
f 8902 2178 10181
f 8902 10181 2177
f 2043 2009 10182
f 2043 10182 9115
f 3909 3757 10183
f 3909 10183 7569
f 2530 2527 10184
f 2530 10184 2531
f 4322 4321 10185
f 4322 10185 4318
f 3793 3790 10186
f 3793 10186 3813
f 547 8558 10187
f 547 10187 549
f 5133 7467 10188
f 5133 10188 5841
f 4306 4305 10189
f 4306 10189 4303
f 1670 9319 10190
f 1670 10190 1689
f 3997 3996 10191
f 3997 10191 3994
f 6674 2290 10192
f 6674 10192 8926
f 3444 7312 10193
f 3444 10193 8672
f 625 802 10194
f 625 10194 6713
f 3103 3104 10195
f 3103 10195 7842
f 1632 8966 10196
f 1632 10196 1202
f 4164 4163 10197
f 4164 10197 4183
f 7936 6862 10198
f 7936 10198 9445
f 1742 1741 10199
f 1742 10199 1738
f 5765 7709 10200
f 5765 10200 7275
f 462 460 10201
f 462 10201 7091
f 8492 7666 10202
f 8492 10202 128
f 3116 3115 10203
f 3116 10203 5896
f 8518 1408 10204
f 8518 10204 1409
f 6944 1685 10205
f 6944 10205 1684
f 1797 1796 10206
f 1797 10206 1795
f 404 403 10207
f 404 10207 7615
f 1615 1611 10208
f 1615 10208 1616
f 2169 8897 10209
f 2169 10209 7694
f 1532 1531 10210
f 1532 10210 1619
f 417 7702 10211
f 417 10211 6784
f 7019 8644 10212
f 7019 10212 1415
f 1725 1726 10213
f 1725 10213 1869
f 3131 3132 10214
f 3131 10214 9014
f 21 20 10215
f 21 10215 8714
f 5788 7768 10216
f 5788 10216 3357
f 7677 8779 10217
f 7677 10217 5999
f 7492 3014 10218
f 7492 10218 2994
f 1475 7713 10219
f 1475 10219 7637
f 6608 3215 10220
f 6608 10220 3234
f 8682 6008 10221
f 8682 10221 7535
f 5901 8870 10222
f 5901 10222 4246
f 6712 2676 10223
f 6712 10223 7441
f 5991 2497 10224
f 5991 10224 8921
f 2526 2525 10225
f 2526 10225 5872
f 4132 4131 10226
f 4132 10226 4129
f 6665 3790 10227
f 6665 10227 5915
f 8756 2047 10228
f 8756 10228 2091
f 3925 8742 10229
f 3925 10229 8638
f 1576 1575 10230
f 1576 10230 6654
f 6795 4351 10231
f 6795 10231 4349
f 8855 3940 10232
f 8855 10232 3938
f 7474 4124 10233
f 7474 10233 4256
f 1274 1277 10234
f 1274 10234 6923
f 4224 4171 10235
f 4224 10235 7739
f 6537 2516 10236
f 6537 10236 8792
f 8961 2139 10237
f 8961 10237 2137
f 7627 1603 10238
f 7627 10238 5641
f 8667 1626 10239
f 8667 10239 1317
f 3319 7413 10240
f 3319 10240 9007
f 7763 4143 10241
f 7763 10241 4144
f 5148 5131 10242
f 5148 10242 5279
f 454 6538 10243
f 454 10243 7388
f 7444 5904 10244
f 7444 10244 6888
f 5153 5152 10245
f 5153 10245 9264
f 5792 3109 10246
f 5792 10246 3129
f 1918 1919 10247
f 1918 10247 8634
f 2357 8751 10248
f 2357 10248 8633
f 6119 1852 10249
f 6119 10249 8894
f 5774 4011 10250
f 5774 10250 4016
f 9077 3843 10251
f 9077 10251 3868
f 5319 5188 10252
f 5319 10252 5190
f 145 6604 10253
f 145 10253 7554
f 2887 2886 10254
f 2887 10254 8539
f 1174 1167 10255
f 1174 10255 1175
f 1443 9132 10256
f 1443 10256 6731
f 6769 1527 10257
f 6769 10257 8909
f 28 15 10258
f 28 10258 9
f 177 178 10259
f 177 10259 8632
f 3954 3927 10260
f 3954 10260 4078
f 8882 6842 10261
f 8882 10261 4174
f 7807 6841 10262
f 7807 10262 3861
f 3227 3226 10263
f 3227 10263 3228
f 4879 5011 10264
f 4879 10264 5037
f 1907 1904 10265
f 1907 10265 6757
f 7825 1962 10266
f 7825 10266 6773
f 8371 7930 10267
f 8371 10267 871
f 3452 3451 10268
f 3452 10268 9053
f 3849 5842 10269
f 3849 10269 3775
f 3038 3028 10270
f 3038 10270 7843
f 3390 3411 10271
f 3390 10271 6035
f 8818 2493 10272
f 8818 10272 2573
f 2512 5818 10273
f 2512 10273 2511
f 2416 2415 10274
f 2416 10274 2421
f 4038 6779 10275
f 4038 10275 3968
f 7805 3985 10276
f 7805 10276 4001
f 8829 4289 10277
f 8829 10277 4311
f 1803 1805 10278
f 1803 10278 1834
f 2903 2902 10279
f 2903 10279 7418
f 5952 4179 10280
f 5952 10280 4203
f 5112 4988 10281
f 5112 10281 7353
f 4073 4072 10282
f 4073 10282 4074
f 6610 2789 10283
f 6610 10283 2806
f 5985 6725 10284
f 5985 10284 7744
f 3146 3145 10285
f 3146 10285 3143
f 3628 3616 10286
f 3628 10286 5817
f 3942 7778 10287
f 3942 10287 4094
f 7020 3060 10288
f 7020 10288 3466
f 2375 2372 10289
f 2375 10289 2374
f 3062 7468 10290
f 3062 10290 9118
f 7753 9048 10291
f 7753 10291 1262
f 1938 1939 10292
f 1938 10292 2073
f 8084 2504 10293
f 8084 10293 2538
f 986 1009 10294
f 986 10294 1014
f 3801 7782 10295
f 3801 10295 3860
f 6038 8881 10296
f 6038 10296 6557
f 3751 6887 10297
f 3751 10297 5903
f 6957 4219 10298
f 6957 10298 4259
f 8963 4143 10299
f 8963 10299 4146
f 1865 1809 10300
f 1865 10300 8869
f 1355 7651 10301
f 1355 10301 5920
f 2157 6675 10302
f 2157 10302 6097
f 5994 661 10303
f 5994 10303 630
f 1925 7706 10304
f 1925 10304 7076
f 5785 2721 10305
f 5785 10305 8991
f 8865 6897 10306
f 8865 10306 2234
f 7294 6549 10307
f 7294 10307 6364
f 3373 3372 10308
f 3373 10308 3370
f 419 5950 10309
f 419 10309 62
f 6107 2364 10310
f 6107 10310 9253
f 1272 9037 10311
f 1272 10311 6450
f 1760 6794 10312
f 1760 10312 8794
f 8695 7649 10313
f 8695 10313 1693
f 7841 2271 10314
f 7841 10314 2272
f 7634 2135 10315
f 7634 10315 6684
f 6808 4126 10316
f 6808 10316 8922
f 4323 4324 10317
f 4323 10317 4325
f 1994 1995 10318
f 1994 10318 1996
f 1748 1749 10319
f 1748 10319 7512
f 2296 2297 10320
f 2296 10320 7274
f 8854 7680 10321
f 8854 10321 2467
f 4969 4968 10322
f 4969 10322 7083
f 3133 8836 10323
f 3133 10323 3134
f 4859 4858 10324
f 4859 10324 7240
f 6414 2167 10325
f 6414 10325 9043
f 6153 4187 10326
f 6153 10326 4186
f 8488 5736 10327
f 8488 10327 2721
f 7493 6823 10328
f 7493 10328 679
f 1060 1059 10329
f 1060 10329 1063
f 9100 2188 10330
f 9100 10330 7694
f 7679 3363 10331
f 7679 10331 8819
f 1631 7721 10332
f 1631 10332 1206
f 1739 1738 10333
f 1739 10333 1735
f 1233 1234 10334
f 1233 10334 1232
f 1935 6847 10335
f 1935 10335 8919
f 8980 3938 10336
f 8980 10336 3936
f 4350 4349 10337
f 4350 10337 4347
f 4159 4102 10338
f 4159 10338 4196
f 3246 8805 10339
f 3246 10339 8516
f 3194 7543 10340
f 3194 10340 5874
f 7327 4968 10341
f 7327 10341 8367
f 3257 3249 10342
f 3257 10342 7724
f 3025 3024 10343
f 3025 10343 8814
f 3037 3036 10344
f 3037 10344 6836
f 6014 1455 10345
f 6014 10345 1361
f 5240 5249 10346
f 5240 10346 5244
f 3767 6086 10347
f 3767 10347 3888
f 8936 2132 10348
f 8936 10348 2130
f 7867 2621 10349
f 7867 10349 2679
f 4113 4115 10350
f 4113 10350 6490
f 3946 8863 10351
f 3946 10351 4068
f 8947 3749 10352
f 8947 10352 3747
f 4301 4300 10353
f 4301 10353 4298
f 3995 3994 10354
f 3995 10354 7789
f 8904 4303 10355
f 8904 10355 7803
f 38 5719 10356
f 38 10356 8714
f 2728 2727 10357
f 2728 10357 2725
f 2628 2627 10358
f 2628 10358 7920
f 294 293 10359
f 294 10359 5922
f 3150 9062 10360
f 3150 10360 7262
f 6959 8699 10361
f 6959 10361 3668
f 7849 4356 10362
f 7849 10362 8999
f 3111 3110 10363
f 3111 10363 3207
f 9056 1090 10364
f 9056 10364 6082
f 6709 3094 10365
f 6709 10365 3695
f 6785 4316 10366
f 6785 10366 7714
f 1799 1796 10367
f 1799 10367 1839
f 6091 3800 10368
f 6091 10368 3799
f 5165 5168 10369
f 5165 10369 9303
f 6909 1884 10370
f 6909 10370 8030
f 7793 1933 10371
f 7793 10371 8931
f 3324 6714 10372
f 3324 10372 7487
f 4359 4356 10373
f 4359 10373 4421
f 9015 7613 10374
f 9015 10374 3616
f 8907 7814 10375
f 8907 10375 4305
f 1487 8899 10376
f 1487 10376 8828
f 6898 2130 10377
f 6898 10377 2128
f 2176 2175 10378
f 2176 10378 2174
f 3892 3897 10379
f 3892 10379 3898
f 1252 1251 10380
f 1252 10380 1253
f 5462 5430 10381
f 5462 10381 5446
f 6915 4186 10382
f 6915 10382 8986
f 429 8965 10383
f 429 10383 5760
f 2313 2314 10384
f 2313 10384 2315
f 3099 3098 10385
f 3099 10385 3509
f 3999 4002 10386
f 3999 10386 7575
f 4309 4312 10387
f 4309 10387 8641
f 4991 4800 10388
f 4991 10388 8868
f 3987 3985 10389
f 3987 10389 4006
f 3142 3140 10390
f 3142 10390 3529
f 3144 3143 10391
f 3144 10391 3139
f 1592 8644 10392
f 1592 10392 8874
f 1019 1002 10393
f 1019 10393 6912
f 8546 1449 10394
f 8546 10394 7501
f 2149 2150 10395
f 2149 10395 7729
f 6964 1645 10396
f 6964 10396 1706
f 1812 9027 10397
f 1812 10397 1811
f 1000 1001 10398
f 1000 10398 6069
f 9035 6126 10399
f 9035 10399 4045
f 4299 4296 10400
f 4299 10400 4298
f 2931 9036 10401
f 2931 10401 6782
f 9024 6564 10402
f 9024 10402 2922
f 3371 3370 10403
f 3371 10403 3366
f 8989 1736 10404
f 8989 10404 1888
f 5388 5389 10405
f 5388 10405 6068
f 5554 8185 10406
f 5554 10406 5557
f 7461 768 10407
f 7461 10407 8822
f 2058 1974 10408
f 2058 10408 7881
f 2719 9010 10409
f 2719 10409 6687
f 6545 1248 10410
f 6545 10410 6101
f 3422 7998 10411
f 3422 10411 7795
f 3804 6889 10412
f 3804 10412 3840
f 4264 4121 10413
f 4264 10413 8917
f 4376 4371 10414
f 4376 10414 4375
f 4225 4170 10415
f 4225 10415 8954
f 2378 2374 10416
f 2378 10416 2377
f 5045 5096 10417
f 5045 10417 6759
f 9061 3798 10418
f 9061 10418 3799
f 3377 3364 10419
f 3377 10419 3336
f 2833 8586 10420
f 2833 10420 8167
f 4046 6120 10421
f 4046 10421 7015
f 6141 4446 10422
f 6141 10422 4447
f 2324 2326 10423
f 2324 10423 2476
f 220 6005 10424
f 220 10424 6880
f 9059 965 10425
f 9059 10425 491
f 8864 3001 10426
f 8864 10426 3020
f 4008 4012 10427
f 4008 10427 6411
f 2141 2137 10428
f 2141 10428 7848
f 1076 9051 10429
f 1076 10429 8806
f 3768 3773 10430
f 3768 10430 3902
f 2146 2120 10431
f 2146 10431 2263
f 2817 2884 10432
f 2817 10432 5963
f 4453 4294 10433
f 4453 10433 7097
f 9066 1074 10434
f 9066 10434 1073
f 9108 6152 10435
f 9108 10435 4382
f 992 993 10436
f 992 10436 1012
f 6033 7894 10437
f 6033 10437 6926
f 8489 3342 10438
f 8489 10438 6939
f 1666 1664 10439
f 1666 10439 5936
f 3166 3132 10440
f 3166 10440 6123
f 7136 8091 10441
f 7136 10441 9199
f 7691 8484 10442
f 7691 10442 6622
f 1238 6973 10443
f 1238 10443 7787
f 9147 7969 10444
f 9147 10444 6517
f 506 503 10445
f 506 10445 5931
f 7379 982 10446
f 7379 10446 1010
f 5263 5261 10447
f 5263 10447 9252
f 215 8932 10448
f 215 10448 216
f 9028 1061 10449
f 9028 10449 1084
f 7906 2695 10450
f 7906 10450 5736
f 9046 2694 10451
f 9046 10451 7951
f 3252 8994 10452
f 3252 10452 3268
f 2524 2525 10453
f 2524 10453 2559
f 4172 4171 10454
f 4172 10454 4170
f 2928 6782 10455
f 2928 10455 9114
f 5322 8021 10456
f 5322 10456 5307
f 2180 2181 10457
f 2180 10457 2217
f 4125 4124 10458
f 4125 10458 4121
f 2106 2105 10459
f 2106 10459 2107
f 2532 2531 10460
f 2532 10460 2537
f 4267 4148 10461
f 4267 10461 4252
f 1998 1999 10462
f 1998 10462 2037
f 2999 3000 10463
f 2999 10463 5876
f 3221 3222 10464
f 3221 10464 7828
f 4032 5984 10465
f 4032 10465 4036
f 7641 1796 10466
f 7641 10466 1855
f 3135 3134 10467
f 3135 10467 8256
f 3959 3960 10468
f 3959 10468 3961
f 7423 2589 10469
f 7423 10469 9063
f 8993 7845 10470
f 8993 10470 1857
f 6390 2321 10471
f 6390 10471 7503
f 1530 1529 10472
f 1530 10472 5803
f 7997 6997 10473
f 7997 10473 9190
f 1746 1741 10474
f 1746 10474 9094
f 6924 1795 10475
f 6924 10475 8960
f 8875 4175 10476
f 8875 10476 6798
f 8923 4170 10477
f 8923 10477 4167
f 5816 8515 10478
f 5816 10478 7642
f 5775 1675 10479
f 5775 10479 1676
f 1130 7518 10480
f 1130 10480 1127
f 3209 3177 10481
f 3209 10481 6873
f 9033 2365 10482
f 9033 10482 2364
f 7004 675 10483
f 7004 10483 7356
f 2074 6048 10484
f 2074 10484 2075
f 2152 2153 10485
f 2152 10485 2265
f 3657 6682 10486
f 3657 10486 9493
f 9294 658 10487
f 9294 10487 7895
f 2335 2336 10488
f 2335 10488 8441
f 2726 2725 10489
f 2726 10489 2722
f 2012 2013 10490
f 2012 10490 7781
f 8324 5790 10491
f 8324 10491 2924
f 3030 3031 10492
f 3030 10492 3035
f 3245 3238 10493
f 3245 10493 3323
f 3494 6165 10494
f 3494 10494 7889
f 4395 7749 10495
f 4395 10495 8941
f 4189 4190 10496
f 4189 10496 8985
f 1472 1471 10497
f 1472 10497 6029
f 6215 4063 10498
f 6215 10498 4053
f 6937 8998 10499
f 6937 10499 3287
f 7866 1304 10500
f 7866 10500 1253
f 6182 8830 10501
f 6182 10501 9201
f 4843 7847 10502
f 4843 10502 9223
f 3675 7617 10503
f 3675 10503 9032
f 2050 9286 10504
f 2050 10504 2048
f 2329 8920 10505
f 2329 10505 6748
f 6949 3992 10506
f 6949 10506 9164
f 223 7612 10507
f 223 10507 6458
f 2826 2825 10508
f 2826 10508 2822
f 3737 3740 10509
f 3737 10509 5946
f 5409 5420 10510
f 5409 10510 7054
f 1949 6814 10511
f 1949 10511 2083
f 6619 8586 10512
f 6619 10512 2793
f 6933 2174 10513
f 6933 10513 2173
f 7830 2199 10514
f 7830 10514 8823
f 2129 2128 10515
f 2129 10515 2125
f 2261 2226 10516
f 2261 10516 5987
f 9016 607 10517
f 9016 10517 867
f 7878 1931 10518
f 7878 10518 9107
f 2620 2590 10519
f 2620 10519 6947
f 487 9338 10520
f 487 10520 488
f 1560 6807 10521
f 1560 10521 8930
f 6112 7826 10522
f 6112 10522 6977
f 4855 4856 10523
f 4855 10523 7798
f 3883 5842 10524
f 3883 10524 3884
f 1987 7919 10525
f 1987 10525 9058
f 5489 5490 10526
f 5489 10526 5492
f 5077 5078 10527
f 5077 10527 9148
f 4151 4149 10528
f 4151 10528 4153
f 7002 4345 10529
f 7002 10529 4425
f 5453 7910 10530
f 5453 10530 5457
f 6244 8226 10531
f 6244 10531 4698
f 5450 5451 10532
f 5450 10532 7913
f 7942 6980 10533
f 7942 10533 1858
f 6637 2589 10534
f 6637 10534 2588
f 1466 1465 10535
f 1466 10535 5752
f 6613 8515 10536
f 6613 10536 2895
f 6157 3798 10537
f 6157 10537 3796
f 1128 6000 10538
f 1128 10538 1129
f 7731 1404 10539
f 7731 10539 6642
f 6872 384 10540
f 6872 10540 9071
f 2191 2192 10541
f 2191 10541 6781
f 2925 7965 10542
f 2925 10542 8149
f 6117 2646 10543
f 6117 10543 9146
f 8833 1823 10544
f 8833 10544 1818
f 1875 1876 10545
f 1875 10545 1877
f 3169 9138 10546
f 3169 10546 6062
f 2717 2718 10547
f 2717 10547 5677
f 2896 2897 10548
f 2896 10548 5973
f 508 9204 10549
f 508 10549 509
f 9095 3933 10550
f 9095 10550 6817
f 2815 2816 10551
f 2815 10551 7562
f 494 6108 10552
f 494 10552 7566
f 9097 4346 10553
f 9097 10553 4347
f 5837 2830 10554
f 5837 10554 2793
f 2918 2919 10555
f 2918 10555 2920
f 5856 2794 10556
f 5856 10556 2819
f 380 8036 10557
f 380 10557 6655
f 1768 8825 10558
f 1768 10558 1770
f 5975 7552 10559
f 5975 10559 2695
f 2730 2729 10560
f 2730 10560 7951
f 1540 6968 10561
f 1540 10561 1542
f 4207 6146 10562
f 4207 10562 9017
f 6144 5507 10563
f 6144 10563 5482
f 4824 6916 10564
f 4824 10564 9240
f 8051 7029 10565
f 8051 10565 2967
f 2616 2617 10566
f 2616 10566 2618
f 5979 2007 10567
f 5979 10567 8979
f 1267 7579 10568
f 1267 10568 6865
f 3440 3708 10569
f 3440 10569 3403
f 5185 5839 10570
f 5185 10570 5333
f 2519 2518 10571
f 2519 10571 9000
f 7563 4817 10572
f 7563 10572 9148
f 8151 856 10573
f 8151 10573 6245
f 2368 2365 10574
f 2368 10574 6015
f 3288 3289 10575
f 3288 10575 8510
f 9129 8122 10576
f 9129 10576 5497
f 8653 2629 10577
f 8653 10577 2588
f 2231 8933 10578
f 2231 10578 2232
f 6180 19 10579
f 6180 10579 20
f 6164 1455 10580
f 6164 10580 8079
f 7918 2310 10581
f 7918 10581 2312
f 7851 1595 10582
f 7851 10582 6605
f 3285 3279 10583
f 3285 10583 3284
f 3395 3396 10584
f 3395 10584 9104
f 559 9224 10585
f 559 10585 560
f 1448 6040 10586
f 1448 10586 9334
f 1983 1984 10587
f 1983 10587 1985
f 566 567 10588
f 566 10588 9050
f 3435 3427 10589
f 3435 10589 6974
f 7213 4966 10590
f 7213 10590 5120
f 5164 6131 10591
f 5164 10591 5239
f 9192 3070 10592
f 9192 10592 3507
f 207 206 10593
f 207 10593 6990
f 6925 1929 10594
f 6925 10594 1927
f 7980 205 10595
f 7980 10595 206
f 6115 9262 10596
f 6115 10596 446
f 5225 5227 10597
f 5225 10597 8025
f 3893 3898 10598
f 3893 10598 3899
f 1264 1263 10599
f 1264 10599 1265
f 542 6161 10600
f 542 10600 241
f 3815 3818 10601
f 3815 10601 6827
f 6899 3375 10602
f 6899 10602 7987
f 7925 3991 10603
f 7925 10603 9266
f 343 342 10604
f 343 10604 720
f 6943 2750 10605
f 6943 10605 9206
f 382 381 10606
f 382 10606 373
f 5995 1439 10607
f 5995 10607 1431
f 2752 7779 10608
f 2752 10608 7049
f 1470 1520 10609
f 1470 10609 6978
f 6531 8838 10610
f 6531 10610 7610
f 6139 9112 10611
f 6139 10611 7840
f 8140 5464 10612
f 8140 10612 5478
f 4297 9265 10613
f 4297 10613 4296
f 7371 6458 10614
f 7371 10614 6541
f 6745 2954 10615
f 6745 10615 5973
f 736 732 10616
f 736 10616 803
f 2935 6060 10617
f 2935 10617 9187
f 3857 8972 10618
f 3857 10618 3859
f 3393 6114 10619
f 3393 10619 7934
f 7944 6493 10620
f 7944 10620 5865
f 2389 8317 10621
f 2389 10621 2388
f 2723 2722 10622
f 2723 10622 2724
f 4853 4852 10623
f 4853 10623 9139
f 3429 3430 10624
f 3429 10624 6166
f 7982 4409 10625
f 7982 10625 6130
f 657 7895 10626
f 657 10626 8580
f 8017 970 10627
f 8017 10627 963
f 466 467 10628
f 466 10628 5865
f 6999 544 10629
f 6999 10629 383
f 3567 3271 10630
f 3567 10630 3568
f 4834 9157 10631
f 4834 10631 4864
f 7000 5492 10632
f 7000 10632 5493
f 6075 1605 10633
f 6075 10633 7899
f 7599 9180 10634
f 7599 10634 470
f 6020 1291 10635
f 6020 10635 1599
f 5431 5432 10636
f 5431 10636 5447
f 8808 5241 10637
f 8808 10637 5242
f 6 7 10638
f 6 10638 4
f 6189 2173 10639
f 6189 10639 7065
f 389 387 10640
f 389 10640 5791
f 3400 3399 10641
f 3400 10641 7998
f 5181 5310 10642
f 5181 10642 5311
f 9194 2308 10643
f 9194 10643 2306
f 6118 9174 10644
f 6118 10644 7818
f 9081 5493 10645
f 9081 10645 6890
f 2823 2822 10646
f 2823 10646 2824
f 1280 7846 10647
f 1280 10647 1300
f 3165 3172 10648
f 3165 10648 6993
f 6088 3281 10649
f 6088 10649 3282
f 3058 3064 10650
f 3058 10650 6170
f 6092 1733 10651
f 6092 10651 1731
f 2126 2125 10652
f 2126 10652 2123
f 8048 2651 10653
f 8048 10653 2654
f 971 972 10654
f 971 10654 7926
f 9181 8013 10655
f 9181 10655 5476
f 8053 1791 10656
f 8053 10656 1792
f 582 781 10657
f 582 10657 783
f 2856 2855 10658
f 2856 10658 2857
f 1440 1441 10659
f 1440 10659 1597
f 1610 1608 10660
f 1610 10660 1611
f 7882 3434 10661
f 7882 10661 3426
f 9236 545 10662
f 9236 10662 540
f 4122 4119 10663
f 4122 10663 4121
f 8433 7267 10664
f 8433 10664 5083
f 1596 1595 10665
f 1596 10665 1597
f 6313 3293 10666
f 6313 10666 3299
f 3827 3786 10667
f 3827 10667 8038
f 7036 560 10668
f 7036 10668 570
f 3406 7934 10669
f 3406 10669 3405
f 7976 3367 10670
f 7976 10670 3471
f 6280 5271 10671
f 6280 10671 5363
f 7013 1852 10672
f 7013 10672 1853
f 3022 3015 10673
f 3022 10673 6859
f 6128 7779 10674
f 6128 10674 2758
f 9248 7017 10675
f 9248 10675 2762
f 3934 3933 10676
f 3934 10676 3931
f 2748 8689 10677
f 2748 10677 8028
f 7584 90 10678
f 7584 10678 5679
f 3178 6993 10679
f 3178 10679 3177
f 8410 1350 10680
f 8410 10680 1351
f 3277 7817 10681
f 3277 10681 3275
f 6105 6985 10682
f 6105 10682 9118
f 2560 2539 10683
f 2560 10683 7498
f 1302 8951 10684
f 1302 10684 1266
f 4535 4537 10685
f 4535 10685 4530
f 5171 5287 10686
f 5171 10686 8161
f 4604 9416 10687
f 4604 10687 8112
f 2961 2960 10688
f 2961 10688 2962
f 2847 7521 10689
f 2847 10689 6856
f 7052 2953 10690
f 7052 10690 2962
f 537 6247 10691
f 537 10691 538
f 290 6376 10692
f 290 10692 291
f 7960 9125 10693
f 7960 10693 6282
f 3059 9093 10694
f 3059 10694 3057
f 7301 785 10695
f 7301 10695 588
f 1980 1979 10696
f 1980 10696 9325
f 650 6994 10697
f 650 10697 9254
f 301 7488 10698
f 301 10698 300
f 5160 6868 10699
f 5160 10699 5283
f 3155 9121 10700
f 3155 10700 7946
f 5236 5203 10701
f 5236 10701 6125
f 3480 3477 10702
f 3480 10702 3478
f 4880 7967 10703
f 4880 10703 7382
f 2959 2957 10704
f 2959 10704 6826
f 3182 3180 10705
f 3182 10705 5882
f 8095 2765 10706
f 8095 10706 6013
f 292 291 10707
f 292 10707 507
f 6468 2972 10708
f 6468 10708 2974
f 2844 2843 10709
f 2844 10709 2810
f 7988 9131 10710
f 7988 10710 6285
f 589 585 10711
f 589 10711 581
f 444 9163 10712
f 444 10712 6998
f 9271 5089 10713
f 9271 10713 6852
f 3583 9193 10714
f 3583 10714 7043
f 4830 7012 10715
f 4830 10715 4829
f 5177 5303 10716
f 5177 10716 8773
f 4657 4661 10717
f 4657 10717 4652
f 7045 3989 10718
f 7045 10718 8070
f 651 645 10719
f 651 10719 9462
f 9456 5345 10720
f 9456 10720 7128
f 9292 2865 10721
f 9292 10721 6027
f 8066 3713 10722
f 8066 10722 3720
f 5941 8046 10723
f 5941 10723 413
f 5099 4809 10724
f 5099 10724 9369
f 663 7904 10725
f 663 10725 6823
f 4097 4098 10726
f 4097 10726 4157
f 4976 4817 10727
f 4976 10727 4935
f 1476 8040 10728
f 1476 10728 6660
f 602 601 10729
f 602 10729 9176
f 6148 3915 10730
f 6148 10730 3932
f 5937 5032 10731
f 5937 10731 5068
f 203 6246 10732
f 203 10732 6951
f 2645 2644 10733
f 2645 10733 7057
f 2507 6104 10734
f 2507 10734 2508
f 5970 60 10735
f 5970 10735 62
f 3912 6996 10736
f 3912 10736 3913
f 3876 3797 10737
f 3876 10737 4475
f 2431 2430 10738
f 2431 10738 8061
f 5741 3029 10739
f 5741 10739 9079
f 2648 2649 10740
f 2648 10740 9156
f 7214 6258 10741
f 7214 10741 888
f 5953 3048 10742
f 5953 10742 3457
f 1526 5916 10743
f 1526 10743 1527
f 7880 1352 10744
f 7880 10744 1563
f 1330 1329 10745
f 1330 10745 1452
f 9291 3743 10746
f 9291 10746 8019
f 8096 1860 10747
f 8096 10747 1859
f 3679 6138 10748
f 3679 10748 6922
f 1707 9230 10749
f 1707 10749 1709
f 4994 4865 10750
f 4994 10750 9080
f 197 6505 10751
f 197 10751 8434
f 1732 1731 10752
f 1732 10752 8126
f 3163 6530 10753
f 3163 10753 3554
f 6266 8094 10754
f 6266 10754 5625
f 8068 2172 10755
f 8068 10755 9282
f 9221 22 10756
f 9221 10756 7030
f 5010 5006 10757
f 5010 10757 5036
f 6185 2238 10758
f 6185 10758 2277
f 2283 2282 10759
f 2283 10759 8589
f 8057 2237 10760
f 8057 10760 2238
f 8619 5847 10761
f 8619 10761 7950
f 1177 1176 10762
f 1177 10762 6960
f 247 5834 10763
f 247 10763 9288
f 3149 3108 10764
f 3149 10764 3148
f 841 839 10765
f 841 10765 842
f 5928 976 10766
f 5928 10766 7010
f 3335 3336 10767
f 3335 10767 3436
f 4220 9109 10768
f 4220 10768 4498
f 9393 5545 10769
f 9393 10769 5536
f 3383 8080 10770
f 3383 10770 3645
f 4295 4294 10771
f 4295 10771 4278
f 6099 5031 10772
f 6099 10772 7009
f 1411 1410 10773
f 1411 10773 1415
f 2739 2747 10774
f 2739 10774 7017
f 3054 7031 10775
f 3054 10775 9524
f 7929 356 10776
f 7929 10776 9161
f 5149 5151 10777
f 5149 10777 8279
f 236 5849 10778
f 236 10778 405
f 5048 7519 10779
f 5048 10779 8967
f 6844 3933 10780
f 6844 10780 6201
f 2353 2282 10781
f 2353 10781 7044
f 5269 6089 10782
f 5269 10782 7964
f 2743 2744 10783
f 2743 10783 9125
f 8123 2941 10784
f 8123 10784 6190
f 1782 1712 10785
f 1782 10785 7099
f 2947 2948 10786
f 2947 10786 9131
f 3039 6962 10787
f 3039 10787 5876
f 5469 9400 10788
f 5469 10788 7085
f 7090 8108 10789
f 7090 10789 1905
f 5940 1251 10790
f 5940 10790 8031
f 6142 1971 10791
f 6142 10791 1978
f 7940 4987 10792
f 7940 10792 5934
f 7185 706 10793
f 7185 10793 955
f 564 6274 10794
f 564 10794 8063
f 7001 2104 10795
f 7001 10795 2238
f 2300 2301 10796
f 2300 10796 6195
f 9335 1853 10797
f 9335 10797 7099
f 5551 5552 10798
f 5551 10798 5553
f 1294 6662 10799
f 1294 10799 1305
f 1293 6662 10800
f 1293 10800 1290
f 1320 5965 10801
f 1320 10801 1318
f 5848 1337 10802
f 5848 10802 1452
f 8706 1067 10803
f 8706 10803 1012
f 9295 7027 10804
f 9295 10804 19
f 8135 4169 10805
f 8135 10805 4238
f 5579 5580 10806
f 5579 10806 7055
f 2362 6212 10807
f 2362 10807 2448
f 1924 6200 10808
f 1924 10808 6155
f 2740 2741 10809
f 2740 10809 2765
f 3914 3725 10810
f 3914 10810 7096
f 9321 3076 10811
f 9321 10811 3462
f 4576 7181 10812
f 4576 10812 4573
f 2943 2944 10813
f 2943 10813 2972
f 724 8200 10814
f 724 10814 9445
f 2638 6688 10815
f 2638 10815 2663
f 5728 2841 10816
f 5728 10816 2865
f 2639 2640 10817
f 2639 10817 2660
f 791 591 10818
f 791 10818 8092
f 5598 6790 10819
f 5598 10819 5601
f 6273 4818 10820
f 6273 10820 4825
f 4593 4592 10821
f 4593 10821 6320
f 1464 1465 10822
f 1464 10822 1463
f 854 7118 10823
f 854 10823 851
f 6874 8723 10824
f 6874 10824 1689
f 1545 1260 10825
f 1545 10825 6882
f 3311 9328 10826
f 3311 10826 8466
f 4845 4850 10827
f 4845 10827 4839
f 9425 6951 10828
f 9425 10828 858
f 6577 2626 10829
f 6577 10829 7999
f 7034 8101 10830
f 7034 10830 9225
f 8085 5157 10831
f 8085 10831 9497
f 6751 865 10832
f 6751 10832 827
f 2829 2820 10833
f 2829 10833 7908
f 2623 2622 10834
f 2623 10834 7032
f 1642 7095 10835
f 1642 10835 8001
f 7693 2619 10836
f 7693 10836 9063
f 9232 8178 10837
f 9232 10837 5421
f 7132 5413 10838
f 7132 10838 8025
f 4585 7106 10839
f 4585 10839 8903
f 6930 9386 10840
f 6930 10840 8921
f 2483 2482 10841
f 2483 10841 2550
f 4643 9465 10842
f 4643 10842 7174
f 5602 5605 10843
f 5602 10843 5603
f 9378 4592 10844
f 9378 10844 4590
f 6193 2840 10845
f 6193 10845 2861
f 7026 2637 10846
f 7026 10846 2659
f 6268 5093 10847
f 6268 10847 8132
f 6919 9310 10848
f 6919 10848 1676
f 4344 4345 10849
f 4344 10849 7050
f 6594 2794 10850
f 6594 10850 9116
f 5224 6271 10851
f 5224 10851 5335
f 9385 3784 10852
f 9385 10852 4469
f 5217 5429 10853
f 5217 10853 5218
f 5137 5427 10854
f 5137 10854 6941
f 4564 4573 10855
f 4564 10855 4565
f 4539 4732 10856
f 4539 10856 4734
f 148 147 10857
f 148 10857 9309
f 5143 6159 10858
f 5143 10858 9377
f 6243 8249 10859
f 6243 10859 7959
f 6124 8110 10860
f 6124 10860 860
f 4567 4568 10861
f 4567 10861 8194
f 8 9241 10862
f 8 10862 10
f 4555 4556 10863
f 4555 10863 4774
f 8115 5539 10864
f 8115 10864 9420
f 5232 6145 10865
f 5232 10865 5405
f 8103 5950 10866
f 8103 10866 421
f 7916 9403 10867
f 7916 10867 655
f 2852 2830 10868
f 2852 10868 2851
f 6167 1507 10869
f 6167 10869 9302
f 4663 8164 10870
f 4663 10870 4759
f 500 7053 10871
f 500 10871 9188
f 2591 2590 10872
f 2591 10872 9089
f 3187 3191 10873
f 3187 10873 8203
f 8119 64 10874
f 8119 10874 682
f 8174 5529 10875
f 8174 10875 5533
f 5237 7752 10876
f 5237 10876 5344
f 8179 6245 10877
f 8179 10877 792
f 1 3 10878
f 1 10878 7027
f 5305 7102 10879
f 5305 10879 5314
f 5370 7092 10880
f 5370 10880 9252
f 7116 3051 10881
f 7116 10881 3077
f 4709 4710 10882
f 4709 10882 4707
f 6306 9381 10883
f 6306 10883 4781
f 7159 9460 10884
f 7159 10884 4625
f 4691 6344 10885
f 4691 10885 4692
f 6177 7008 10886
f 6177 10886 9170
f 411 9401 10887
f 411 10887 412
f 6308 3181 10888
f 6308 10888 7172
f 4673 4761 10889
f 4673 10889 4760
f 7139 6223 10890
f 7139 10890 4536
f 5170 5169 10891
f 5170 10891 9389
f 7167 4526 10892
f 7167 10892 4523
f 6305 6412 10893
f 6305 10893 9528
f 3186 6293 10894
f 3186 10894 9250
f 4426 4425 10895
f 4426 10895 9336
f 9413 4699 10896
f 9413 10896 8173
f 5568 5552 10897
f 5568 10897 5569
f 4658 4755 10898
f 4658 10898 4660
f 1680 7115 10899
f 1680 10899 1679
f 6780 814 10900
f 6780 10900 9375
f 5573 5572 10901
f 5573 10901 7087
f 5356 5266 10902
f 5356 10902 5369
f 7037 9398 10903
f 7037 10903 730
f 4621 8112 10904
f 4621 10904 8209
f 6224 4586 10905
f 6224 10905 4587
f 4533 9447 10906
f 4533 10906 8160
f 5548 5540 10907
f 5548 10907 7107
f 5990 2482 10908
f 5990 10908 2491
f 8141 5625 10909
f 8141 10909 7112
f 4712 7089 10910
f 4712 10910 8180
f 6975 8242 10911
f 6975 10911 6208
f 5359 9339 10912
f 5359 10912 5394
f 8020 5183 10913
f 8020 10913 9526
f 2486 2485 10914
f 2486 10914 2489
f 5611 8144 10915
f 5611 10915 7112
f 9376 6890 10916
f 9376 10916 5478
f 9285 5193 10917
f 9285 10917 8093
f 4603 9416 10918
f 4603 10918 4605
f 7101 5587 10919
f 7101 10919 5628
f 5589 8145 10920
f 5589 10920 6278
f 8146 7098 10921
f 8146 10921 6206
f 716 326 10922
f 716 10922 7173
f 8157 5592 10923
f 8157 10923 8507
f 8189 7095 10924
f 8189 10924 1710
f 6281 5471 10925
f 6281 10925 5463
f 904 906 10926
f 904 10926 9513
f 3600 9448 10927
f 3600 10927 9488
f 4676 7150 10928
f 4676 10928 4671
f 9427 5039 10929
f 9427 10929 5017
f 9540 5276 10930
f 9540 10930 5422
f 3264 6566 10931
f 3264 10931 3714
f 9417 927 10932
f 9417 10932 701
f 2545 2506 10933
f 2545 10933 9195
f 5366 5254 10934
f 5366 10934 5375
f 9452 7155 10935
f 9452 10935 4568
f 4542 4543 10936
f 4542 10936 4546
f 5571 7164 10937
f 5571 10937 5555
f 5058 6640 10938
f 5058 10938 5057
f 6753 9127 10939
f 6753 10939 8165
f 3521 7166 10940
f 3521 10940 3712
f 8052 3544 10941
f 8052 10941 3712
f 6543 6135 10942
f 6543 10942 5965
f 4624 4627 10943
f 4624 10943 4623
f 3269 9320 10944
f 3269 10944 10271
f 5175 5176 10945
f 5175 10945 5328
f 6197 7963 10946
f 6197 10946 611
f 5620 9297 10947
f 5620 10947 9430
f 8130 9338 10948
f 8130 10948 485
f 5538 5541 10949
f 5538 10949 5550
f 762 9224 10950
f 762 10950 562
f 9474 4838 10951
f 9474 10951 4862
f 4583 6302 10952
f 4583 10952 6329
f 4720 8225 10953
f 4720 10953 4722
f 9299 4899 10954
f 9299 10954 8000
f 4802 4801 10955
f 4802 10955 5111
f 7016 4983 10956
f 7016 10956 9239
f 1687 8153 10957
f 1687 10957 7931
f 598 7963 10958
f 598 10958 9455
f 2505 9449 10959
f 2505 10959 2500
f 1258 8031 10960
f 1258 10960 5916
f 4572 9478 10961
f 4572 10961 9405
f 3576 8147 10962
f 3576 10962 3721
f 5479 9435 10963
f 5479 10963 5485
f 4631 6295 10964
f 4631 10964 9280
f 9383 5013 10965
f 9383 10965 8129
f 4049 8107 10966
f 4049 10966 9384
f 9457 8181 10967
f 9457 10967 4601
f 898 720 10968
f 898 10968 7171
f 9333 6205 10969
f 9333 10969 7050
f 5289 5392 10970
f 5289 10970 5290
f 9476 7178 10971
f 9476 10971 8219
f 5191 7102 10972
f 5191 10972 5306
f 6260 3385 10973
f 6260 10973 7210
f 2517 9390 10974
f 2517 10974 2556
f 3615 9272 10975
f 3615 10975 3329
f 8113 7059 10976
f 8113 10976 4492
f 648 9372 10977
f 648 10977 6994
f 8190 4689 10978
f 8190 10978 4686
f 5197 5179 10979
f 5197 10979 8098
f 787 7871 10980
f 787 10980 9470
f 3072 3073 10981
f 3072 10981 9492
f 882 6291 10982
f 882 10982 883
f 5361 5258 10983
f 5361 10983 7081
f 6284 8183 10984
f 6284 10984 852
f 5324 9264 10985
f 5324 10985 6301
f 1469 8188 10986
f 1469 10986 7119
f 7179 5465 10987
f 7179 10987 5470
f 910 779 10988
f 910 10988 909
f 3388 6259 10989
f 3388 10989 9344
f 4921 4997 10990
f 4921 10990 7006
f 8230 5282 10991
f 8230 10991 5410
f 8158 5393 10992
f 8158 10992 9504
f 4669 4668 10993
f 4669 10993 4667
f 8221 775 10994
f 8221 10994 952
f 7153 5041 10995
f 7153 10995 5055
f 8156 656 10996
f 8156 10996 9372
f 8109 9315 10997
f 8109 10997 407
f 4907 5052 10998
f 4907 10998 4905
f 4812 4811 10999
f 4812 10999 4956
f 3580 3272 11000
f 3580 11000 9490
f 4634 4777 11001
f 4634 11001 4635
f 9323 580 11002
f 9323 11002 901
f 5243 6736 11003
f 5243 11003 4965
f 8118 601 11004
f 8118 11004 870
f 5248 5249 11005
f 5248 11005 5390
f 8148 202 11006
f 8148 11006 9468
f 3386 3711 11007
f 3386 11007 9214
f 8224 902 11008
f 8224 11008 6248
f 4930 4804 11009
f 4930 11009 7152
f 8143 653 11010
f 8143 11010 833
f 9502 3391 11011
f 9502 11011 6238
f 7193 921 11012
f 7193 11012 754
f 8276 6323 11013
f 8276 11013 954
f 4819 4818 11014
f 4819 11014 8206
f 9466 5556 11015
f 9466 11015 5564
f 3574 3266 11016
f 3574 11016 3575
f 63 687 11017
f 63 11017 9436
f 8222 4839 11018
f 8222 11018 4840
f 4704 4698 11019
f 4704 11019 9414
f 9475 4839 11020
f 9475 11020 4846
f 6240 4808 11021
f 6240 11021 5122
f 4516 6231 11022
f 4516 11022 9304
f 8114 3047 11023
f 8114 11023 3493
f 4615 4614 11024
f 4615 11024 4617
f 5542 5541 11025
f 5542 11025 5543
f 9509 899 11026
f 9509 11026 8207
f 7196 8272 11027
f 7196 11027 713
f 7197 4609 11028
f 7197 11028 4611
f 9399 5754 11029
f 9399 11029 3446
f 5138 5795 11030
f 5138 11030 5139
f 5584 6250 11031
f 5584 11031 9529
f 3528 9499 11032
f 3528 11032 7166
f 879 876 11033
f 879 11033 9495
f 3078 8201 11034
f 3078 11034 9535
f 777 6316 11035
f 777 11035 8081
f 9531 909 11036
f 9531 11036 953
f 704 703 11037
f 704 11037 692
f 554 754 11038
f 554 11038 7165
f 9341 392 11039
f 9341 11039 277
f 4708 4707 11040
f 4708 11040 7163
f 9521 7177 11041
f 9521 11041 887
f 7169 9543 11042
f 7169 11042 3414
f 9541 888 11043
f 9541 11043 929
f 9522 876 11044
f 9522 11044 877
f 5267 5264 11045
f 5267 11045 9542
f 8138 3033 11046
f 8138 11046 9530
f 5173 4926 11047
f 5173 11047 9256
f 9508 7156 11048
f 9508 11048 612
f 8220 3270 11049
f 8220 11049 3271
f 7205 8197 11050
f 7205 11050 9547
f 5154 5156 11051
f 5154 11051 7175
f 8208 4587 11052
f 8208 11052 9565
f 9577 5604 11053
f 9577 11053 8255
f 3611 3300 11054
f 3611 11054 3586
f 8247 3539 11055
f 8247 11055 3538
f 4616 4613 11056
f 4616 11056 4605
f 7192 896 11057
f 7192 11057 711
f 912 911 11058
f 912 11058 8192
f 5597 6276 11059
f 5597 11059 6790
f 5340 5231 11060
f 5340 11060 8090
f 8246 6349 11061
f 8246 11061 689
f 897 6347 11062
f 897 11062 8269
f 7093 4260 11063
f 7093 11063 8166
f 481 8012 11064
f 481 11064 9468
f 4561 9293 11065
f 4561 11065 4551
f 9553 707 11066
f 9553 11066 895
f 7189 4671 11067
f 7189 11067 4680
f 6229 284 11068
f 6229 11068 7195
f 773 960 11069
f 773 11069 772
f 753 7199 11070
f 753 11070 752
f 789 592 11071
f 789 11071 863
f 4574 4575 11072
f 4574 11072 8198
f 705 319 11073
f 705 11073 6335
f 5016 5012 11074
f 5016 11074 6384
f 9568 8278 11075
f 9568 11075 8254
f 8244 3409 11076
f 8244 11076 3645
f 6296 4665 11077
f 6296 11077 7147
f 5343 5207 11078
f 5343 11078 7952
f 7137 6178 11079
f 7137 11079 9485
f 6336 4717 11080
f 6336 11080 4724
f 5720 4889 11081
f 5720 11081 9458
f 805 556 11082
f 805 11082 6342
f 7220 9570 11083
f 7220 11083 781
f 7224 9554 11084
f 7224 11084 942
f 6325 3074 11085
f 6325 11085 9524
f 8273 9555 11086
f 8273 11086 946
f 6298 4664 11087
f 6298 11087 4646
f 4714 9301 11088
f 4714 11088 7202
f 8268 9554 11089
f 8268 11089 902
f 4716 9566 11090
f 4716 11090 7202
f 6334 4606 11091
f 6334 11091 9575
f 8270 7170 11092
f 8270 11092 3468
f 410 8169 11093
f 410 11093 9479
f 9574 7150 11094
f 9574 11094 7147
f 4630 6295 11095
f 4630 11095 9576
f 4500 4498 11096
f 4500 11096 7161
f 8284 892 11097
f 8284 11097 894
f 5229 5150 11098
f 5229 11098 6158
f 3046 8195 11099
f 3046 11099 5983
f 7073 3543 11100
f 7073 11100 9518
f 4964 4965 11101
f 4964 11101 4972
f 8282 3294 11102
f 8282 11102 3588
f 6160 5219 11103
f 6160 11103 5418
f 4549 4548 11104
f 4549 11104 9544
f 5247 5350 11105
f 5247 11105 9536
f 7142 9571 11106
f 7142 11106 9516
f 715 9546 11107
f 715 11107 933
f 5028 7270 11108
f 5028 11108 5081
f 6270 9479 11109
f 6270 11109 409
f 8288 7218 11110
f 8288 11110 5605
f 8265 3415 11111
f 8265 11111 7210
f 3053 9464 11112
f 3053 11112 5983
f 5591 8507 11113
f 5591 11113 8275
f 9406 6809 11114
f 9406 11114 3669
f 3651 6311 11115
f 3651 11115 3649
f 5174 5091 11116
f 5174 11116 5301
f 9560 8201 11117
f 9560 11117 3484
f 9552 3292 11118
f 9552 11118 3273
f 4597 4596 11119
f 4597 11119 9565
f 4529 4527 11120
f 4529 11120 6340
f 8184 3158 11121
f 8184 11121 6233
f 8233 5284 11122
f 8233 11122 5285
f 751 553 11123
f 751 11123 8278
f 4651 4649 11124
f 4651 11124 6343
f 4973 9486 11125
f 4973 11125 4974
f 6321 4639 11126
f 6321 11126 8293
f 3658 8186 11127
f 3658 11127 7210
f 5304 8496 11128
f 5304 11128 5313
f 6346 5086 11129
f 6346 11129 9537
f 6345 9483 11130
f 6345 11130 5089
f 3526 8232 11131
f 3526 11131 3157
f 9583 8291 11132
f 9583 11132 4598
f 9596 4724 11133
f 9596 11133 7202
f 5141 5136 11134
f 5141 11134 5140
f 4607 9575 11135
f 4607 11135 4622
f 5107 5249 11136
f 5107 11136 9350
f 578 5862 11137
f 578 11137 774
f 321 7469 11138
f 321 11138 9581
f 7194 5147 11139
f 7194 11139 5275
f 9599 5086 11140
f 9599 11140 5089
f 9597 7216 11141
f 9597 11141 8223
f 5196 5827 11142
f 5196 11142 8249
f 7223 6340 11143
f 7223 11143 4528
f 7226 6343 11144
f 7226 11144 4650
f 4580 7227 11145
f 4580 11145 4582
f 5268 5256 11146
f 5268 11146 9584
f 4684 4683 11147
f 4684 11147 7145
f 9491 8236 11148
f 9491 11148 7184
f 9588 4692 11149
f 9588 11149 4694
f 4703 4702 11150
f 4703 11150 9489
f 9471 65 11151
f 9471 11151 8215
f 5547 5550 11152
f 5547 11152 5544
f 4958 7151 11153
f 4958 11153 9592
f 6350 5544 11154
f 6350 11154 5541
f 8274 4960 11155
f 8274 11155 5387
f 4971 4974 11156
f 4971 11156 4972
f 5562 5558 11157
f 5562 11157 5565
f 5220 5226 11158
f 5220 11158 8131
f 672 675 11159
f 672 11159 840
