v -0.153524 0.64202 -0.422194
v -0.175614 0.641889 -0.419934
v -0.114374 0.659474 -0.435998
v -0.061535 0.666038 -0.444573
v -0.124216 0.667534 -0.44833
v 0.063498 0.672783 -0.449186
v 0.159091 0.618585 -0.41226
v 0.175723 0.641979 -0.41993
v 0.185364 0.641166 -0.420735
v 0.181101 0.634465 -0.415054
v 0.133576 0.663693 -0.487493
v -0.167061 0.654532 -0.437286
v 0.187987 0.604999 -0.40176
v 0.216108 0.595959 -0.401223
v 0.22522 0.621392 -0.427762
v 0.14439 0.575123 -0.465074
v -0.077796 0.558083 -0.522619
v 0.077931 0.558038 -0.522606
v 0.236283 0.579835 -0.513773
v 0.159254 0.530006 -0.61071
v -0.215748 0.595965 -0.401243
v -0.190716 0.561821 -0.596923
v -0.15677 0.575988 -0.628501
v -0.053987 0.544838 -0.692452
v -0.169264 0.534225 -0.574868
v -0.198253 0.542581 -0.557362
v -0.215495 0.552361 -0.51284
v -0.125727 0.527404 -0.601832
v 0.114517 0.521295 -0.643428
v 0.125965 0.527512 -0.601769
v 0.121858 0.625049 -0.600965
v -0.163793 0.616725 -0.585096
v -0.246465 0.057247 0.245276
v -0.22534 0.052348 0.352896
v -0.266334 0.041536 0.332926
v -0.271066 0.019709 0.342894
v -0.314946 0.00406 0.358238
v -0.374945 0.05757 0.34227
v -0.469044 0.136956 0.423322
v -0.472575 0.191717 0.492922
v -0.428911 0.044549 0.489309
v -0.408391 0.032957 0.502048
v -0.36822 0.117276 0.129435
v -0.247236 0.107613 -0.119817
v -0.309523 0.140091 -0.126497
v -0.361858 0.175934 -0.125799
v -0.121375 0.055129 -0.050698
v -0.496492 0.342908 0.062016
v -0.089212 0.032736 0.321128
v 1.7e-05 0.038183 -0.002315
v 0.113648 0.029462 0.117946
v -0.258051 0.356641 -0.346271
v -0.234315 0.436903 -0.426199
v -0.170794 0.387367 -0.415776
v -0.179853 0.349429 -0.37678
v -0.052241 0.243593 -0.344556
v -0.047527 0.333055 -0.418684
v -0.270151 0.484808 -0.503716
v -0.271421 0.450661 -0.395874
v -0.235111 0.459991 -0.52258
v -0.292803 0.405857 -0.355088
v -0.446936 0.506828 -0.261611
v -0.477142 0.464165 -0.243832
v -0.454139 0.515175 -0.213229
v -0.495957 0.228052 -0.3442
v -0.295582 0.05579 -0.332136
v -0.280558 0.184705 -0.198263
v -0.273922 0.159012 -0.230997
v -0.320624 0.139248 -0.175042
v -0.189964 0.975726 -0.2058
v -0.238062 0.904988 -0.151045
v 2e-05 0.989398 -0.18576
v -0.2832 1.04842 -0.289366
v -0.192564 1.02831 -0.336202
v 0.252164 0.972366 -0.21515
v 0.12798 0.878384 -0.047162
v -0.238911 0.855322 -0.100974
v -0.285285 0.853831 -0.139405
v -0.191646 0.839158 -0.033911
v -0.260047 0.776508 0.013888
v -0.437979 1.04118 -0.260576
v -0.419323 1.06055 -0.32597
v -0.390996 0.854281 -0.44414
v -0.415239 0.775265 -0.430254
v -0.418896 0.704981 -0.428316
v -0.364156 0.644461 -0.53973
v -0.264179 0.616503 -0.675845
v -0.258832 0.913135 -0.58652
v -0.216935 0.894971 -0.642256
v -0.223315 0.964554 -0.574089
v -0.315203 0.980358 -0.442439
v -0.34343 0.793653 -0.552614
v -0.314235 0.799216 -0.587208
v -0.28034 0.818519 -0.622133
v -0.134797 0.805594 -0.756535
v -0.155581 0.875148 -0.707673
v -0.222108 0.735362 -0.723024
v -0.205613 0.806953 -0.7008
v -0.211653 0.84484 -0.675532
v 2.1e-05 0.988295 -0.661267
v 0.118229 0.740589 -0.788293
v 0.225211 0.690475 -0.736502
v -0.517296 0.236951 -0.181773
v -0.404946 0.215555 -0.122895
v 0.246457 0.057243 0.245282
v 0.335328 0.10146 0.05292
v 0.197996 0.129389 -0.185858
v 0.163255 0.188497 -0.271861
v 0.437111 0.239036 -0.100395
v 0.49503 0.412236 0.076842
v 0.26194 0.05923 0.327512
v 0.3365 0.105514 0.307614
v 0.086057 0.046237 0.38902
v 0.221151 0.334927 -0.351551
v 0.174849 0.371941 -0.395027
v 0.139712 0.3321 -0.384391
v -1.4e-05 0.241092 -0.345485
v 0.167726 0.398498 -0.441295
v 0.234482 0.436656 -0.426415
v 0.32175 0.365485 -0.363265
v 0.331246 0.498345 -0.388608
v 0.358251 0.540986 -0.403369
v 0.41698 0.18365 -0.39801
v 0.339781 0.071651 -0.393906
v 0.414504 0.04026 -0.402233
v 0.420456 0.099184 0.357506
v 0.440794 0.48217 0.2948
v 0.470278 0.3405 0.363548
v 0.470734 0.330628 0.468936
v 0.408382 0.032961 0.502048
v 0.412934 0.064825 0.530669
v 0.338491 0.019895 0.520603
v 0.346288 0.00266 0.380109
v 0.278496 0.004713 0.363119
v 0.393563 0.83392 -0.251269
v 0.425223 0.992932 -0.258119
v 0.437937 1.04119 -0.260539
v 0.408658 1.02536 -0.342038
v 0.427999 1.10137 -0.274113
v 0.441175 1.09108 -0.266698
v 0.356846 0.785162 -0.175152
v 0.396982 0.66314 -0.19584
v 0.414386 0.818375 -0.402711
v 0.378758 0.81283 -0.495871
v 0.376693 0.930333 -0.400963
v 0.315254 0.980044 -0.44242
v 0.217033 0.895002 -0.641079
v 0.284336 0.859208 -0.593309
v 0.350568 0.7066 -0.582045
v 0.314391 0.753264 -0.608966
v 0.364156 0.644472 -0.539739
v 0.44288 0.594757 -0.022393
v 0.317179 0.603379 -0.537978
v 0.26418 0.616626 -0.676054
v -0.194104 0.175162 0.561015
v -0.207309 0.107951 0.546846
v -0.124689 0.134648 0.548659
v -0.04304 0.172071 0.594767
v -0.448316 0.507884 0.22011
v -0.441817 0.469253 0.334509
v -0.390649 1.09905 -0.331459
v -0.420605 1.10144 -0.311336
v -0.070841 1.05351 -0.471698
v 0.042227 0.612054 -0.774505
v -0.146539 0.632577 -0.702019
v 0.04114 0.647688 -0.722896
v 0.199631 0.655604 -0.549133
v 0.217843 0.636468 -0.455136
v -0.136424 0.485497 -0.724034
v -0.06581 0.516551 -0.742889
v 2.8e-05 0.513963 -0.749143
v -0.11164 0.544459 -0.671267
v -0.284098 0.601229 -0.512898
v -0.253667 0.592246 -0.538689
v -0.244102 0.588509 -0.480887
v -0.248757 0.585721 -0.447604
v -0.267706 0.750848 0.093842
v 0.138457 0.816635 0.075999
v 0.185929 0.137388 0.52906
v 0.152201 0.179536 0.579382
v -0.053394 0.501905 0.588742
v 0.231617 0.420699 0.595924
v 0.251287 0.463796 0.569857
v 0.229537 0.260484 0.608139
v 0.35809 0.009343 -0.378941
v 0.226524 0.786939 -0.695557
v 0.206452 0.807817 -0.699539
v 0.270957 0.781861 -0.654274
v 0.501491 0.065889 -0.277557
v 0.487989 0.039478 -0.314984
v 0.46897 0.022327 -0.255285
v 0.461867 0.009132 -0.294266
v 0.41216 0.013099 -0.390869
v 0.386746 0.001331 -0.377563
v 0.244398 0.582218 -0.586734
v 0.111537 0.544532 -0.671006
v 0.049567 0.526212 -0.60656
v 0.045596 0.531873 -0.548918
v 0.326598 0.659627 0.250587
v -0.452579 0.044514 -0.208355
v -0.414483 0.04026 -0.402238
v -0.412176 0.013088 -0.390854
v -0.430117 0.002163 -0.358469
v -0.40614 0.000891 -0.372148
v -0.316041 0.770188 -0.598734
v -0.218296 0.632413 -0.614552
v -0.208078 0.644978 -0.586194
v -0.083288 0.686783 -0.607569
v -0.119221 0.675211 -0.486148
v 0.251583 0.583327 -0.418439
v 0.232445 0.615635 -0.421111
v 0.213894 0.617292 -0.400411
v 0.229388 0.602917 -0.386854
v 0.188957 0.628638 -0.400956
v 0.212537 0.564359 -0.405482
v 0.162457 0.552701 -0.499952
v 0.225531 0.566878 -0.376471
v 0.234527 0.569098 -0.376421
v 0.210364 0.566603 -0.37564
v -0.366634 0.392377 0.563832
v -0.401194 0.496763 0.43367
v -0.045281 0.363899 -0.466688
v 1.2e-05 0.560955 -0.442012
v -0.076512 0.574043 -0.397117
v -0.187481 0.562486 -0.409962
v 0.338048 0.510902 0.487699
v -1.2e-05 0.682212 -0.502231
v -0.251613 0.5833 -0.418447
v -0.237135 0.578041 -0.370189
v -0.237031 0.56937 -0.385909
v -0.232559 0.615574 -0.421056
v -0.21401 0.617237 -0.400373
v -0.232292 0.569677 -0.371805
v 0.140014 0.760243 0.226324
v 0.138283 0.725987 0.306773
v -1.9e-05 0.743821 0.304776
v -0.069841 0.739208 0.306421
v 0.227899 0.579663 -0.365862
v 0.189196 0.59089 -0.358654
v 0.22908 0.593621 -0.371785
v 0.288118 0.537281 0.496138
v -0.270791 0.020978 0.342314
v -0.263192 0.041116 0.335176
v -0.293556 0.03906 0.330938
v -0.376957 0.028677 0.365934
v -0.381079 0.038134 0.363191
v -0.380292 0.035719 0.36417
v -0.379164 0.045852 0.355429
v -0.361333 0.018075 0.359097
v -0.330196 0.044984 0.332676
v -0.333368 0.039378 0.336741
v -0.322532 0.047973 0.328353
v -0.314514 0.048187 0.325348
v 0.392446 0.039226 -0.403244
v 0.378609 0.030769 0.366109
v 0.38108 0.03819 0.363157
v 0.380289 0.035756 0.364146
v 0.361306 0.018077 0.359078
v 0.326164 0.020562 0.340627
v 0.351371 0.040747 0.342524
v 0.347308 0.033683 0.344735
v 0.25637 0.612346 -0.630289
v 0.279874 0.609676 -0.602068
v 0.239623 0.619552 -0.622174
v 0.235341 0.622692 -0.61857
v -0.062115 0.535779 -0.688531
v -0.089856 0.540739 -0.677831
v -0.22026 0.5808 -0.548509
v -0.239397 0.587281 -0.498151
v -0.244608 0.585833 -0.461687
v -0.198379 0.571387 -0.585733
v -0.214824 0.578251 -0.560649
v -0.177969 0.563553 -0.6112
v -0.157223 0.556537 -0.634851
v -0.032052 0.82083 0.119855
v -0.008555 0.824065 0.116742
v -2e-05 0.824989 0.116495
v 0.008515 0.824083 0.116748
v -0.099761 0.786002 0.183537
v -0.101927 0.768287 0.226003
v 0.270796 0.020949 0.342329
v 0.267481 0.016355 0.351254
v 0.337264 0.021815 -0.371796
v 0.442086 0.01198 -0.366965
v 0.43961 0.036482 -0.388025
v 0.433724 0.030343 -0.388116
v 0.445813 0.039102 -0.386155
v 0.391226 0.012063 -0.391688
v 0.411221 0.013052 -0.390905
v 0.193164 0.569762 -0.593532
v 0.198785 0.571887 -0.585161
v 0.178381 0.564037 -0.610742
v 0.157099 0.556773 -0.635065
v 0.140565 0.55217 -0.64794
v 0.15385 0.555831 -0.637545
v 0.008271 0.524903 -0.618126
v 0.014881 0.532421 -0.697301
v 0.025285 0.533044 -0.695857
v -0.421092 0.029122 -0.393822
v -0.385123 0.033772 -0.401411
v -0.381235 0.023604 -0.397266
v -0.411317 0.013046 -0.390888
v -0.450169 0.015223 -0.363245
v -0.436165 0.012467 -0.374575
v -0.459602 0.027736 -0.362532
v -0.335759 0.024186 -0.37258
v -0.231974 0.629709 -0.59378
v -0.234193 0.63022 -0.586459
v -0.239541 0.619451 -0.622119
v -0.243358 0.617845 -0.626449
v 0.223528 0.616432 -0.411161
v 0.207959 0.637571 -0.445734
v 0.226655 0.621064 -0.426796
v 0.234583 0.577299 -0.443122
v 0.23549 0.577808 -0.443225
v -0.01483 0.532411 -0.697309
v -0.02518 0.533028 -0.695884
v -0.095018 0.533847 -0.58269
v -0.140548 0.55194 -0.647952
v -0.153718 0.555534 -0.637634
v 0.384689 0.015876 -0.393711
v 0.386292 0.014894 -0.393183
v 0.382869 0.030672 -0.400197
v 0.388613 0.037077 -0.402573
v 0.104102 0.670787 -0.470962
v 0.118722 0.669042 -0.46733
v 0.040257 0.675454 -0.481808
v 0.073248 0.661141 -0.440411
v 0.153654 0.64862 -0.424508
v 0.146241 0.650569 -0.426593
v 0.155875 0.66033 -0.458681
v 0.026294 0.675864 -0.483113
v -0.026384 0.675879 -0.483165
v -0.040273 0.67548 -0.481895
v -0.066877 0.67477 -0.479716
v -0.104303 0.670789 -0.471045
v -0.118737 0.669065 -0.467455
v -0.079546 0.660887 -0.439573
v -0.111092 0.658096 -0.434733
v -0.118026 0.657395 -0.433505
v -0.073268 0.661135 -0.440403
v -4.9e-05 0.662473 -0.44499
v -0.155218 0.648255 -0.424189
v -0.168613 0.642502 -0.419842
v -0.155887 0.660319 -0.458706
v -0.181933 0.651053 -0.454684
v -0.145655 0.650717 -0.426754
v 0.101942 0.768105 0.225847
v 0.010069 0.74313 0.304978
v 0.010201 0.737391 0.316521
v 0.006917 0.740819 0.310003
v -0.008223 0.711545 0.366897
v -0.026983 0.742928 0.303449
v -0.080635 0.755661 0.265698
v -0.100842 0.765327 0.233434
v 0.001327 0.744082 0.304021
v -0.405296 0.011237 -0.389067
v 0.249281 0.632367 -0.638387
v -0.249232 0.632342 -0.63831
v -0.250297 0.646118 -0.606538
v -0.240113 0.646269 -0.596618
v -0.243415 0.634955 -0.576533
v 0.216102 0.551538 -0.512452
v 0.125978 0.526534 -0.601565
v -0.111091 0.658096 -0.434733
v -0.243812 0.583513 -0.450066
v 0.207959 0.637572 -0.445735
v -0.267699 0.044605 0.365379
v -0.270037 0.036868 0.368023
v -0.254404 0.026397 0.374448
v -0.283206 0.033031 0.362248
v -0.276118 0.024497 0.343935
v 0.283549 0.036484 0.349716
v 0.282851 0.038464 0.360916
v 0.283263 0.033045 0.362232
v 0.267702 0.044644 0.365371
v 0.250318 0.033605 0.373634
v -0.313606 0.040315 0.359086
v -0.305655 0.03182 0.360953
v -0.35135 0.042477 0.361138
v -0.351744 0.036254 0.364238
v -0.346342 0.039997 0.36011
v 0.351748 0.036271 0.36422
v 0.305598 0.031861 0.360931
v 0.312395 0.048058 0.355506
v -0.356709 0.036407 -0.373117
v -0.371468 0.025695 -0.374356
v 0.371169 0.030683 -0.375556
v 0.367149 0.023439 -0.371793
v 0.371493 0.02569 -0.374329
v 0.36002 0.021658 -0.369058
v -0.398003 0.039626 -0.377176
v -0.390847 0.031384 -0.374538
v -0.382331 0.018803 -0.381952
v 0.390834 0.031389 -0.374541
v 0.38982 0.037866 -0.377519
v 0.378554 0.026977 -0.385008
v -0.427745 0.032398 -0.369539
v -0.446884 0.036711 -0.363918
v 0.44686 0.036651 -0.363883
v 0.432449 0.028737 -0.365199
v 0.260356 0.051561 0.355104
v 0.281469 0.045272 0.35559
v 0.285091 0.030513 0.359342
v -0.310695 0.054669 0.342983
v -0.292765 0.036625 0.356282
v -0.332167 0.033771 0.355747
v -0.322086 0.041348 0.358362
v 0.332159 0.033775 0.355755
v 0.328971 0.036497 0.35804
v 0.329986 0.048788 0.350847
v -0.351367 0.042531 -0.382953
v -0.370549 0.037016 -0.380461
v -0.342453 0.039254 -0.379153
v 0.373666 0.023396 -0.376722
v 0.340222 0.026145 -0.367542
v 0.342464 0.039267 -0.379115
v -0.407311 0.044318 -0.381001
v -0.41492 0.040469 -0.379276
v -0.390968 0.013929 -0.379471
v -0.379894 0.029023 -0.378581
v -0.41661 0.026358 -0.374536
v -0.406698 0.033358 -0.373604
v 0.420872 0.032129 -0.383152
v 0.416605 0.026359 -0.374547
v 0.3799 0.029018 -0.378576
v -0.455611 0.037497 -0.36409
v 0.443439 0.042663 -0.377056
v -0.042558 0.706674 0.24885
v 0.070482 0.772033 0.127048
v 0.042571 0.768655 0.128407
v 0.025815 0.695557 0.275344
v 0.042558 0.706674 0.24885
v 0.059393 0.710483 0.241453
v 0.08634 0.717001 0.234019
v -0.154021 0.896378 0.26993
v -0.156501 0.934163 0.242489
v -0.163095 0.972786 0.203878
v -0.133221 0.931252 0.202111
v -0.076612 0.957454 0.152755
v -0.041819 0.986434 0.14164
v 6e-06 0.827721 0.406424
v 6e-06 0.844129 0.452243
v -0.041839 0.844213 0.4189
v -0.093344 0.85511 0.430907
v -0.113626 0.863414 0.380772
v -0.164669 0.887866 0.372953
v -0.099175 0.788756 0.185167
v -0.06997 0.772401 0.127824
v 9e-06 0.823246 0.116453
v -0.031422 0.92643 0.154396
v -0.078906 0.87666 0.171634
v -0.083636 0.997335 0.159303
v -0.119921 0.878316 0.339632
v -0.068862 0.854822 0.385046
v 6e-06 0.84587 0.401932
v -0.069088 0.965399 0.168956
v -0.131846 0.896859 0.309497
v -0.1795 0.92697 0.338521
v -0.162212 0.929159 0.286428
v -0.138501 0.911038 0.277006
v -0.171758 0.968282 0.255343
v -0.133319 0.928659 0.246452
v -0.139729 0.966038 0.215734
v -0.118516 0.942799 0.217374
v -0.126179 1.00402 0.183938
v -0.096777 0.956596 0.192742
v -0.08007 0.992894 0.164441
v -0.068225 0.965258 0.173648
v -0.046666 1.0235 0.143096
v -0.0352 0.972198 0.162362
v 7e-06 1.00746 0.145765
v 6e-06 0.849965 0.399398
v -7e-06 0.857135 0.429447
v -0.048625 0.863514 0.449023
v -0.037648 0.85262 0.396853
v -0.082211 0.86688 0.410527
v -0.07014 0.858481 0.383146
v -0.129002 0.886903 0.405829
v -0.098125 0.869144 0.36396
v -0.139655 0.893909 0.358006
v -0.118426 0.881592 0.338189
v -0.129812 0.896057 0.35256
v -0.155052 0.927431 0.331423
v -0.113204 0.893543 0.392603
v -0.076577 0.872069 0.402413
v -0.042087 0.87453 0.427232
v -0.074261 0.98831 0.172651
v -0.040726 1.01412 0.160432
v -0.110333 0.996742 0.197299
v -0.129555 0.963779 0.22037
v -0.153752 0.963711 0.257743
v -0.151176 0.928945 0.285791
v -7e-06 0.861562 0.420153
v 6e-06 1.00119 0.155388
v 0.154685 0.895959 0.269869
v 0.138562 0.913143 0.237644
v 0.189513 0.929754 0.287566
v 0.133425 0.931116 0.202089
v 0.163218 0.97272 0.203864
v 0.076152 0.836998 0.388086
v 0.093364 0.855082 0.430915
v 0.101194 0.850617 0.360122
v 0.164923 0.887707 0.372932
v 0.083624 0.997329 0.159302
v 0.120385 0.878016 0.339573
v 0.068942 0.854775 0.385025
v 0.069102 0.96539 0.168954
v 0.121298 0.941441 0.214181
v 0.055819 0.726648 0.212219
v 0.132548 0.896363 0.309425
v 0.139346 0.910498 0.276884
v 0.162853 0.928741 0.28635
v 0.179871 0.926669 0.338485
v 0.133791 0.928346 0.246413
v 0.172005 0.968017 0.255284
v 0.118821 0.942611 0.217318
v 0.139938 0.965904 0.215708
v 0.096861 0.956561 0.192733
v 0.126213 1.004 0.183946
v 0.068227 0.965248 0.173643
v 0.08006 0.992896 0.164433
v 0.046687 1.02351 0.143094
v 0.037672 0.852626 0.396858
v 0.048612 0.863477 0.448977
v 0.070229 0.858428 0.383148
v 0.082255 0.866843 0.410521
v 0.098347 0.869008 0.36393
v 0.129095 0.8868 0.405816
v 0.118898 0.88127 0.338142
v 0.140019 0.893668 0.357965
v 0.155587 0.927205 0.331426
v 0.130209 0.895802 0.352504
v 0.113357 0.893464 0.392577
v 0.076647 0.872035 0.402403
v 0.042097 0.874527 0.427229
v 0.040738 1.01412 0.160435
v 0.074255 0.988315 0.172643
v 0.110376 0.996709 0.197311
v 0.129786 0.963627 0.22032
v 0.154083 0.963535 0.257753
v 0.151885 0.928485 0.285692
v -0.244228 0.063862 0.244784
v -0.172651 0.075841 0.415557
v -0.279662 0.011167 0.365564
v -0.262897 0.007832 0.403709
v -0.405476 0.189066 0.260687
v -0.441916 0.122776 0.517302
v -0.423692 0.048758 0.4873
v -0.363887 0.122772 0.129568
v -0.338197 0.119744 0.001341
v -0.186283 0.104953 -0.136013
v -0.056312 0.031982 0.114026
v -0.088507 0.039621 0.320079
v -0.044741 0.069064 0.448434
v 1.7e-05 0.045066 -0.001039
v -0.256466 0.359106 -0.339914
v -0.230355 0.442212 -0.423933
v -0.167562 0.39248 -0.412252
v -0.153949 0.228764 -0.302184
v -0.051621 0.248092 -0.33923
v -0.278178 0.493492 -0.465168
v -0.364794 0.505033 -0.343186
v -0.441295 0.503455 -0.259203
v -0.461401 0.384429 -0.324538
v -0.3644 0.235337 -0.384094
v -0.416264 0.128317 -0.395159
v -0.489008 0.17295 -0.345713
v -0.29246 0.085119 -0.254238
v -0.312434 0.031044 -0.289157
v -0.188895 0.970017 -0.209707
v -0.235333 0.900648 -0.155811
v 2e-05 0.983481 -0.189499
v 0.18198 0.916755 -0.145114
v 0.188895 0.970016 -0.209702
v 0.251462 0.967826 -0.220431
v -0.13392 0.823649 0.039879
v -0.299432 0.94271 -0.215935
v -0.369198 0.900741 -0.2417
v -0.35967 1.01372 -0.242171
v -0.433034 1.04186 -0.265483
v -0.444972 1.07975 -0.287849
v -0.385791 0.698073 -0.226063
v -0.391934 0.798708 -0.460723
v -0.358219 0.647093 -0.537119
v -0.344596 0.705658 -0.578333
v -0.359925 0.583169 -0.441994
v -0.307633 0.606818 -0.514732
v -0.198901 0.874096 -0.661962
v -0.219748 0.959699 -0.570523
v -0.352164 1.01166 -0.386695
v -0.221632 1.00732 -0.451825
v -0.13167 0.803171 -0.75076
v -0.16968 0.835351 -0.707269
v -0.21794 0.732926 -0.717955
v -0.062457 1.02803 -0.563516
v 0.04778 0.724961 -0.809387
v 0.220975 0.688994 -0.73113
v 0.123468 0.843052 -0.735843
v -0.110166 0.653795 -0.798803
v -0.480407 0.402296 -0.143705
v -0.491087 0.403741 -0.181438
v -0.47228 0.509172 0.00767
v -0.510864 0.237284 -0.184515
v -0.51038 0.191141 -0.197078
v 0.24422 0.063858 0.24479
v 0.297112 0.085109 0.239642
v 0.338223 0.119821 0.001313
v 0.289566 0.097306 -0.016667
v 0.239379 0.095252 -0.077728
v 0.19618 0.135008 -0.182098
v 0.256675 0.135526 -0.148051
v 0.324023 0.176573 -0.149036
v 0.161707 0.193349 -0.267058
v 0.367105 0.146013 0.293565
v 0.12674 0.04614 0.330451
v 0.15474 0.090145 0.454541
v 0.157379 0.115301 0.494334
v 0.218686 0.337767 -0.345647
v 0.177103 0.352905 -0.37115
v 0.237323 0.221279 -0.256502
v 0.1645 0.404235 -0.438913
v 0.230515 0.441964 -0.424159
v 0.324067 0.365014 -0.356676
v 0.367718 0.384013 -0.363008
v 0.340903 0.330176 -0.365983
v 0.475821 0.421245 -0.281862
v 0.470468 0.4614 -0.152103
v 0.461401 0.384429 -0.324525
v 0.507233 0.320634 -0.281421
v 0.326661 0.502491 -0.385323
v 0.483343 0.119706 -0.350046
v 0.439281 0.29498 0.291761
v 0.434162 0.48011 0.293924
v 0.460634 0.277856 0.355761
v 0.443264 0.385479 0.47436
v 0.475224 0.26594 0.455015
v 0.362145 0.325407 0.586218
v 0.359123 0.023869 0.361742
v 0.314408 0.010439 0.36107
v 0.387593 0.833457 -0.254894
v 0.420229 0.99428 -0.262835
v 0.433003 1.04186 -0.265458
v 0.438846 1.07382 -0.26941
v 0.385847 0.98146 -0.361543
v 0.431007 1.05299 -0.304837
v 0.441772 1.0958 -0.286558
v 0.428091 1.09579 -0.278332
v 0.438397 1.08808 -0.272377
v 0.37276 1.06619 -0.267018
v 0.372267 0.742004 -0.200451
v 0.407683 0.817043 -0.401196
v 0.328047 0.874865 -0.521672
v 0.371005 0.928008 -0.397609
v 0.262968 0.957662 -0.525755
v 0.241603 0.933269 -0.577205
v 0.361414 0.722722 -0.547462
v 0.329829 0.750734 -0.576055
v 0.413424 0.744497 -0.32779
v 0.485817 0.222834 -0.149805
v 0.44943 0.559037 0.060096
v 0.359935 0.583189 -0.441999
v 0.295026 0.62177 -0.62822
v 0.26625 0.530363 -0.60951
v -0.254744 0.055093 0.540644
v -0.252025 0.160711 0.581125
v -0.295868 0.264517 0.60509
v -0.183564 0.277345 0.612048
v -0.117297 0.231165 0.609213
v -0.337747 0.025803 0.516919
v -0.293979 0.05258 0.54723
v -0.474797 0.479769 0.089867
v -0.449419 0.407827 0.330184
v -0.335027 1.04742 -0.26651
v -0.33494 1.0743 -0.310263
v 2.2e-05 1.05269 -0.426289
v -0.148407 0.63878 -0.70467
v 0.225472 0.648758 -0.489739
v 0.241632 0.639575 -0.557237
v 0.220934 0.642483 -0.453329
v 0.082264 0.697054 -0.550603
v 5.9e-05 0.897197 -0.733371
v -0.291019 0.544094 -0.570581
v -0.225119 0.496264 -0.640085
v -0.202724 0.565151 -0.607706
v 0.062932 0.440649 -0.693039
v -0.247257 0.582293 -0.481531
v -0.239642 0.574089 -0.454811
v -0.265147 0.625766 -0.494251
v -0.20296 0.774405 0.100967
v -3.1e-05 0.829452 0.085633
v 0.262923 0.007828 0.403706
v 0.104698 0.493544 0.579962
v 0.159041 0.445685 -0.624881
v 0.328302 0.03225 -0.362275
v 0.360702 0.01471 -0.375283
v 0.131428 0.999392 -0.24283
v 0.380683 1.04386 -0.354103
v 0.191106 0.852789 -0.680344
v 0.171024 0.861722 -0.688162
v 0.443812 0.041006 -0.379794
v 0.430579 0.006558 -0.320888
v 0.113036 0.537695 -0.670942
v 0.045828 0.524981 -0.547715
v -0.481838 0.042473 -0.313504
v -0.437929 0.019205 -0.37123
v -0.383555 0.016155 -0.386746
v -0.395313 0.005213 -0.353701
v -0.357745 0.010542 -0.279577
v -0.350633 0.036414 -0.38571
v -0.310293 0.768486 -0.59512
v -0.082277 0.696971 -0.550433
v 0.257172 0.579114 -0.418564
v 0.24865 0.611999 -0.416895
v 0.233831 0.613661 -0.397719
v 0.226478 0.560135 -0.374847
v 0.237381 0.562865 -0.375
v -0.268322 0.499066 0.53036
v -0.155474 0.485607 0.575252
v -0.396361 0.49257 0.43083
v 0.386147 0.005116 -0.335634
v 0.356769 0.007165 -0.315399
v -0.053933 0.523779 -0.655484
v 0.037976 0.578826 -0.372838
v 0.076166 0.57733 -0.37114
v -0.078073 0.555811 -0.432206
v -0.257199 0.579084 -0.418567
v -0.241224 0.577413 -0.364542
v -0.240198 0.563129 -0.385787
v -0.246141 0.604819 -0.39674
v -0.234717 0.564082 -0.368368
v -0.07729 0.586244 -0.356496
v -0.040718 0.631012 -0.3526
v -0.040224 0.644618 -0.382422
v 1.3e-05 0.621083 -0.343688
v 0.261566 0.655264 0.336456
v 0.067142 0.692415 0.381331
v -0.197086 0.660779 0.381377
v 0.214227 0.583531 -0.355627
v 0.241223 0.577436 -0.364553
v -0.387296 0.007726 -0.374771
v 1.6e-05 0.726646 0.330773
v -0.003047 0.451601 0.907391
v 0.059311 0.559311 0.766735
v -0.000562 0.532849 0.790238
v 0.19227 0.571442 0.929603
v 0.174446 0.575064 0.879813
v 0.18304 0.54845 0.952796
v 0.054619 0.520023 0.832941
v 0.062336 0.758501 0.337924
v 0.103771 0.767168 0.381526
v 0.079727 0.763715 0.349585
v 0.140701 0.767253 0.444971
v 0.13353 0.759639 0.419541
v 0.120237 0.770216 0.399936
v 0.17264 0.75534 0.529215
v 0.147221 0.735406 0.48781
v 0.156745 0.76675 0.472932
v 0.193293 0.73241 0.619
v 0.202147 0.755026 0.587145
v 0.199847 0.703855 0.671198
v 0.210906 0.725856 0.672364
v 0.210237 0.660631 0.783925
v 0.182542 0.65943 0.727372
v 0.224543 0.688045 0.757614
v 0.206239 0.617935 0.859889
v 0.213179 0.625332 0.835254
v 0.230541 0.633213 0.855656
v 0.2307 0.64402 0.840089
v 0.217537 0.588614 0.929583
v 0.217668 0.600988 0.914858
v 0.196171 0.52667 0.986456
v 0.196776 0.544574 0.975752
v 0.147807 0.45317 1.02736
v 0.172854 0.462445 1.03591
v 0.163886 0.488893 1.00068
v 0.17604 0.478814 1.02489
v 0.109573 0.393643 1.06913
v 0.138169 0.397116 1.08391
v 0.144471 0.416243 1.07181
v 0.07271 0.332834 1.10358
v 0.052769 0.341506 1.07672
v 0.097232 0.330954 1.12247
v 0.103729 0.346955 1.11442
v 0.012283 0.290749 1.11179
v -0.008031 0.318589 1.0777
v 0.027639 0.327622 1.07167
v 0.030085 0.259426 1.14863
v 0.045926 0.278893 1.1408
v 0.024469 0.349556 1.04256
v 0.149948 0.587724 0.818662
v -0.193852 0.57248 0.914278
v -0.062336 0.758501 0.337924
v -0.103771 0.767168 0.381526
v -0.168042 0.758222 0.519513
v -0.189694 0.704781 0.686256
v -0.194868 0.707551 0.660609
v -0.206365 0.729637 0.660938
v -0.198739 0.67476 0.742733
v -0.196736 0.69267 0.723371
v -0.211266 0.694031 0.745626
v -0.199302 0.626194 0.842135
v -0.201645 0.634965 0.81576
v -0.217707 0.654644 0.819177
v -0.215694 0.577693 0.930535
v -0.214618 0.604341 0.895493
v -0.178893 0.507447 0.98302
v -0.207447 0.538386 0.973288
v -0.15818 0.449659 1.03719
v -0.187579 0.479059 1.03139
v -0.126976 0.391796 1.07534
v -0.143241 0.384422 1.09988
v -0.157578 0.413669 1.08099
v -0.087122 0.330437 1.11432
v -0.097282 0.318956 1.13786
v -0.112795 0.364811 1.0944
v -0.114825 0.342857 1.12475
v -0.051685 0.299745 1.11568
v -0.040554 0.270736 1.14469
v -0.067986 0.28681 1.148
v -0.151265 0.705787 0.739274
v -0.044277 0.41956 1.04314
v -0.027482 0.446729 1.01006
v -0.004247 0.503607 0.950243
v -0.034555 0.348792 1.09446
v -0.104197 0.444313 1.05258
v -0.062525 0.777635 0.527665
v -0.055945 0.782232 0.492844
v -0.065067 0.320984 1.13001
v -0.100644 0.333098 1.14345
v -0.092331 0.35937 1.1187
v 0.125534 0.633927 0.848209
v 0.166303 0.652991 0.830509
v 0.098027 0.537514 0.967638
v 0.031097 0.556902 0.9047
v 0.135261 0.559435 0.959987
v 0.027514 0.774743 0.346865
v 0.020726 0.260799 1.16016
v 0.022635 0.31092 1.12437
v 0.088525 0.377285 1.09693
v 0.075288 0.362035 1.10899
v 0.131321 0.444759 1.05528
v 0.112845 0.429612 1.07146
v 0.156409 0.503848 1.01144
v 0.175214 0.562732 0.963385
v 0.195218 0.61332 0.901261
v 0.207817 0.656182 0.826221
v 0.198554 0.69446 0.769315
v 0.190336 0.739816 0.662331
v 0.071549 0.781911 0.35305
v 0.107296 0.782556 0.244559
v 0.089299 0.793084 0.236062
v 0.100796 0.799736 0.227531
v 0.301899 0.823518 0.18819
v 0.754501 0.77624 0.173336
v 0.451655 0.8272 0.175735
v 0.612815 0.789872 0.208574
v 0.687406 0.959382 0.05519
v 0.640472 0.934657 0.075379
v 0.743042 0.934009 0.047002
v 0.096254 0.834343 0.203754
v 0.127332 0.875289 0.175696
v 0.126974 0.846023 0.185395
v 0.169346 0.879578 0.159381
v 0.1458 0.91126 0.153943
v 0.428228 0.978032 0.090009
v 0.38722 0.995964 0.087968
v 0.51369 0.9834 0.077815
v 0.472239 0.946618 0.092835
v 0.480228 1.00236 0.073288
v 0.594563 0.976101 0.067386
v 0.56971 0.973751 0.066641
v 0.581633 0.994918 0.056369
v 0.564162 0.99659 0.062517
v 0.657791 0.981072 0.050517
v 0.767782 0.930489 0.046804
v 0.744314 0.953628 0.041029
v 0.817599 0.919256 0.036425
v 0.906989 0.84862 0.042954
v 0.917027 0.864967 0.027536
v 0.874115 0.872192 0.043554
v 0.900858 0.873945 0.031247
v 0.961631 0.794828 0.055747
v 0.916061 0.803021 0.065434
v 0.979052 0.809397 0.038266
v 0.935399 0.825073 0.045706
v 0.964769 0.821363 0.036201
v 0.99473 0.738758 0.083454
v 0.961963 0.733436 0.113235
v 0.982245 0.752561 0.071947
v 1.01892 0.749083 0.060767
v 1.00456 0.762097 0.057716
v 0.107335 0.77897 0.269259
v 0.731445 0.786723 0.399861
v 0.706921 0.784367 0.40877
v 0.782162 0.77471 0.368312
v 0.111789 0.780102 0.312849
v 0.152813 0.783761 0.360152
v 0.125565 0.7809 0.335298
v 0.12343 0.782459 0.350199
v 0.175196 0.786325 0.380047
v 0.178854 0.789654 0.397601
v 0.289566 0.797154 0.429738
v 0.242126 0.793785 0.41446
v 0.250754 0.798292 0.432959
v 0.378699 0.800916 0.45015
v 0.354083 0.791997 0.444423
v 0.345382 0.7832 0.416953
v 0.340732 0.804686 0.459509
v 0.474361 0.799463 0.451851
v 0.420059 0.801144 0.454177
v 0.437227 0.804642 0.470584
v 0.561193 0.798755 0.446074
v 0.513649 0.800063 0.456923
v 0.533682 0.804578 0.471023
v 0.644783 0.794976 0.430225
v 0.600039 0.783935 0.408836
v 0.596116 0.797933 0.443668
v 0.618027 0.80085 0.457944
v 0.706923 0.793446 0.429807
v 0.803632 0.775738 0.357057
v 0.786697 0.782799 0.388262
v 0.881799 0.756917 0.315031
v 0.862586 0.766894 0.34777
v 0.937692 0.742332 0.257343
v 0.888173 0.743647 0.259868
v 0.906369 0.750577 0.292011
v 0.931726 0.747911 0.291599
v 0.990558 0.720662 0.195151
v 1.02227 0.712742 0.197815
v 0.967733 0.731921 0.233948
v 1.00443 0.721577 0.225003
v 1.00978 0.715948 0.118305
v 1.04827 0.706142 0.112849
v 1.04484 0.705269 0.13
v 1.0007 0.717053 0.1642
v 1.03448 0.709553 0.14881
v 0.297574 0.773745 0.377095
v 0.514419 0.861442 0.309702
v 0.485841 0.857587 0.35652
v 0.443035 0.860453 0.358327
v 0.894942 0.78389 0.196064
v 0.967013 0.752165 0.150906
v 0.18796 0.832262 0.315571
v 0.163787 0.821298 0.328388
v 1.01524 0.733043 0.139286
v 0.973463 0.748653 0.234965
v 0.951232 0.757862 0.281624
v 0.927161 0.771469 0.27156
v 0.597412 0.815424 0.444795
v 0.623666 0.820262 0.43786
v 0.513858 0.820177 0.457876
v 0.238851 0.813635 0.415214
v 0.172027 0.803268 0.380908
v 0.093102 0.789202 0.307739
v 0.100699 0.798126 0.300356
v 0.078789 0.791925 0.25264
v 0.59739 0.944849 0.147164
v 0.564563 0.974247 0.119861
v 0.479781 0.982804 0.13642
v 0.75414 0.902492 0.116183
v 0.957563 0.773746 0.107385
v 0.927137 0.819782 0.084622
v 0.873718 0.864273 0.080806
v 0.805246 0.903342 0.083045
v 0.730733 0.933411 0.090886
v 0.982023 0.776792 0.074785
v 0.94056 0.832511 0.053921
v 0.879261 0.879494 0.052269
v 0.728268 0.952211 0.061224
v 0.751382 0.948145 0.06255
v 0.64101 0.977619 0.072012
v 0.551927 0.993714 0.085152
v 0.080408 0.834143 0.216977
v -0.00067 0.844419 0.113758
v -0.022295 0.858294 0.102281
v -0.001063 0.868485 0.083237
v -0.061375 0.973728 -0.037189
v -0.000741 1.1804 -0.432274
v -0.059449 1.13281 -0.296595
v -0.189341 1.24643 -0.331751
v -0.000698 1.15424 -0.365667
v -0.063983 0.867735 0.136066
v -0.144377 0.961807 0.083307
v -0.115611 0.92752 0.080615
v -0.173288 1.01933 0.034231
v -0.182197 1.12022 -0.093174
v -0.207352 1.12586 -0.076838
v -0.206705 1.11607 -0.056014
v -0.191091 1.17222 -0.170387
v -0.193787 1.14473 -0.120443
v -0.211725 1.16838 -0.13323
v -0.188658 1.20798 -0.242711
v -0.194405 1.18887 -0.197417
v -0.210651 1.20789 -0.207529
v -0.19217 1.2266 -0.280088
v -0.209984 1.24621 -0.295364
v -0.171235 1.26454 -0.407722
v -0.195468 1.27506 -0.400388
v -0.196953 1.27276 -0.382571
v -0.152017 1.28111 -0.49526
v -0.172134 1.28747 -0.463809
v -0.116231 1.28324 -0.566353
v -0.138191 1.29413 -0.564224
v -0.143897 1.29553 -0.548797
v -0.07779 1.27763 -0.636353
v -0.051491 1.25579 -0.617758
v -0.103225 1.29312 -0.627367
v -0.021863 1.26007 -0.676088
v -0.05027 1.26897 -0.66227
v -0.049143 1.2759 -0.690383
v 0.057997 1.13275 -0.296769
v 0.179783 1.24108 -0.323931
v 0.170999 1.25303 -0.363065
v 0.06236 0.867662 0.135932
v 0.139975 0.961563 0.083021
v 0.166956 1.01921 0.033705
v 0.183158 1.07688 -0.028577
v 0.189748 1.13029 -0.102352
v 0.207104 1.12047 -0.060612
v 0.194914 1.17605 -0.172681
v 0.21537 1.17286 -0.137064
v 0.194943 1.19017 -0.197343
v 0.209793 1.20783 -0.206457
v 0.211872 1.24301 -0.288384
v 0.184323 1.27019 -0.378853
v 0.137126 1.27851 -0.486204
v 0.151427 1.27238 -0.441776
v 0.158486 1.28599 -0.457124
v 0.102752 1.28205 -0.560691
v 0.128468 1.294 -0.541511
v 0.060783 1.27596 -0.618871
v 0.06936 1.28769 -0.633062
v 0.084172 1.28229 -0.591924
v 0.084245 1.29182 -0.61354
v 0.015567 1.26019 -0.659734
v 0.030015 1.25926 -0.649664
v 0.020445 1.26815 -0.675004
v 0.035597 1.27603 -0.657837
v 0.142916 1.03655 -0.052041
v 0.148849 1.08204 -0.117264
v 0.117301 1.16771 -0.114435
v 0.018918 1.27809 -0.617239
v 0.067429 1.05595 0.018745
v 0.088387 1.0133 0.071875
v 0.032314 0.930215 0.111619
v 0.023941 1.28104 -0.66707
v 0.021106 1.28212 -0.647012
v 0.072885 1.29922 -0.624252
v 0.064247 1.29776 -0.602496
v 0.143705 1.28729 -0.436982
v 0.133074 1.29674 -0.457124
v 0.162261 1.26796 -0.356949
v 0.153979 1.28038 -0.377072
v 0.186263 1.20652 -0.188908
v 0.177227 1.22141 -0.206735
v 0.201365 1.14756 -0.072248
v 0.16406 1.08715 0.016254
v 0.012616 0.850555 0.144971
v -0.115524 1.21858 -0.229321
v -0.097664 1.29436 -0.520223
v -0.07032 0.960362 0.107675
v -0.01069 0.885056 0.129271
v -0.183075 1.2413 -0.272999
v -0.180892 1.15987 -0.108154
v -0.013855 0.850568 0.145011
v -0.107312 0.782578 0.244533
v -0.093044 0.780632 0.261012
v -0.316761 0.773107 0.291729
v -0.754511 0.77621 0.173378
v -0.507217 0.772258 0.28523
v -0.731457 0.78669 0.399909
v -0.682882 0.780822 0.385065
v -0.111778 0.780136 0.312841
v -0.118773 0.774406 0.289707
v -0.152809 0.783776 0.360138
v -0.125564 0.780919 0.335295
v -0.123429 0.782477 0.350197
v -0.175198 0.786326 0.380042
v -0.178847 0.789662 0.397596
v -0.2421 0.793818 0.414429
v -0.378695 0.800923 0.450175
v -0.327559 0.79965 0.44173
v -0.340733 0.804726 0.459472
v -0.474374 0.799459 0.451896
v -0.420044 0.801135 0.454204
v -0.437236 0.80463 0.47063
v -0.561196 0.79874 0.446108
v -0.533687 0.804547 0.471071
v -0.59611 0.797878 0.443738
v -0.618037 0.800787 0.458038
v -0.706941 0.793394 0.42988
v -0.803645 0.775702 0.35711
v -0.801494 0.778157 0.38215
v -0.786716 0.782763 0.388322
v -0.881814 0.75688 0.315084
v -0.862602 0.766854 0.347829
v -0.946253 0.741653 0.281992
v -0.906405 0.750533 0.292069
v -0.931735 0.747875 0.291656
v -0.990545 0.720664 0.195156
v -1.01783 0.713575 0.211329
v -0.967717 0.731903 0.233988
v -1.00443 0.721562 0.225031
v -1.00979 0.715953 0.118295
v -0.962033 0.733417 0.113248
v -1.04484 0.705268 0.130001
v -1.04827 0.706142 0.112852
v -1.0007 0.71705 0.164203
v -1.03448 0.709554 0.148818
v -0.211492 0.814103 0.204249
v -0.687393 0.95939 0.05517
v -0.660732 0.960384 0.055577
v -0.743033 0.934039 0.046958
v -0.724325 0.944899 0.052795
v -0.09664 0.834346 0.203703
v -0.09343 0.820068 0.207701
v -0.128297 0.8753 0.175598
v -0.146814 0.894399 0.162335
v -0.147396 0.911291 0.153766
v -0.25366 0.947819 0.124706
v -0.230516 0.932592 0.124813
v -0.230238 0.955895 0.119854
v -0.209128 0.932205 0.136594
v -0.338595 0.970003 0.102604
v -0.428238 0.978045 0.089976
v -0.398834 0.969186 0.088303
v -0.38743 0.995989 0.087906
v -0.513683 0.98341 0.077802
v -0.487099 0.977802 0.07596
v -0.48022 1.00238 0.073269
v -0.594563 0.976135 0.067348
v -0.569679 0.973788 0.066591
v -0.548451 0.982518 0.073024
v -0.56414 0.99663 0.062461
v -0.657781 0.981103 0.050473
v -0.767773 0.930517 0.046764
v -0.7443 0.953656 0.040994
v -0.836613 0.892297 0.045463
v -0.815065 0.899873 0.043091
v -0.817584 0.919293 0.036373
v -0.92521 0.856916 0.03053
v -0.874102 0.872235 0.043492
v -0.900841 0.873983 0.031198
v -0.961636 0.794848 0.055714
v -0.916053 0.803043 0.065402
v -0.982695 0.800831 0.043768
v -0.935392 0.825098 0.045668
v -0.964765 0.821381 0.036174
v -0.994718 0.738753 0.083476
v -0.982245 0.752561 0.071946
v -1.02429 0.738974 0.068704
v -1.00457 0.762098 0.057714
v -0.872749 0.813064 0.076784
v -0.564555 0.974256 0.119849
v -0.88357 0.819302 0.121766
v -0.957563 0.773748 0.107382
v -0.873706 0.864313 0.080748
v -0.730726 0.933435 0.090851
v -0.231909 0.900788 0.230877
v -0.154423 0.858391 0.239559
v -0.18488 0.838113 0.269058
v -0.940553 0.832536 0.053886
v -0.879239 0.879536 0.052206
v -0.804694 0.921121 0.054262
v -0.728261 0.952237 0.061189
v -0.75137 0.94818 0.062504
v -0.551912 0.993745 0.085114
v -0.576125 0.993328 0.088211
v -0.374278 0.99394 0.116042
v -0.310442 0.986762 0.138715
v -0.160542 0.931613 0.155618
v -0.080714 0.834142 0.216941
v -0.078806 0.791945 0.252614
v -0.087949 0.800665 0.25601
v -0.628385 0.83346 0.370863
v -0.485856 0.857577 0.356548
v -0.458607 0.850608 0.396421
v -0.894926 0.783886 0.196096
v -0.967015 0.752162 0.15091
v -0.163777 0.82132 0.328356
v -0.120402 0.812308 0.27234
v -0.161968 0.809023 0.354153
v -1.01524 0.733042 0.139288
v -0.911926 0.768248 0.291819
v -0.59743 0.815368 0.444884
v -0.623696 0.820223 0.437916
v -0.418669 0.821555 0.456051
v -0.325203 0.820653 0.442918
v -0.350466 0.830252 0.448411
v -0.093097 0.789236 0.307721
v -0.708089 0.821104 0.342334
v -0.152641 0.644975 -0.41591
v -0.180684 0.637809 -0.408991
v -4.9e-05 0.658919 -0.437539
v 0.112554 0.652438 -0.425562
v 0.15269 0.645049 -0.415908
v -5.7e-05 0.680065 -0.499149
v -0.074272 0.677588 -0.496042
v 0.180883 0.658128 -0.478506
v 0.135048 0.670456 -0.488537
v -0.238758 0.620137 -0.450302
v -0.226405 0.618213 -0.403691
v -0.20788 0.621815 -0.39961
v 0.216711 0.591588 -0.395788
v 0.242598 0.596733 -0.407315
v 0.249218 0.585844 -0.429102
v 0.238674 0.620162 -0.45018
v 0.195424 0.569159 -0.442647
v -0.077342 0.551611 -0.519991
v 0.233083 0.602199 -0.527022
v 0.21611 0.591351 -0.56664
v -0.21582 0.591083 -0.567067
v -0.192581 0.58248 -0.601497
v -0.112505 0.548002 -0.676062
v -0.055791 0.54573 -0.699157
v 1.5e-05 0.545313 -0.707201
v 0.055817 0.545747 -0.699101
v 0.123778 0.630686 -0.604644
v -0.172025 0.646135 -0.4148
v 0.171651 0.64622 -0.414848
v -0.079601 0.665463 -0.43486
v -1.2e-05 0.682801 -0.485273
v -0.183542 0.656922 -0.454243
v -0.156683 0.666351 -0.458104
v -0.191053 0.638679 -0.410532
v -0.197328 0.634772 -0.407834
v 0.228019 0.625065 -0.42026
v 0.186817 0.555391 -0.478252
v 0.181726 0.553283 -0.484967
v 0.242813 0.583417 -0.512278
v 0.228739 0.577699 -0.546062
v -0.179238 0.557892 -0.620022
v -0.116322 0.539303 -0.670664
v -0.128174 0.542805 -0.662479
v -0.156229 0.550283 -0.642831
v 0.053099 0.52098 -0.608257
v 0.015881 0.526619 -0.701774
v 0.112252 0.538352 -0.673504
v 0.153177 0.549738 -0.645019
v 0.116803 0.539508 -0.670305
v 0.156669 0.550679 -0.642536
v -0.228546 0.577324 -0.546531
v -0.23657 0.581083 -0.528525
v 0.105505 0.676791 -0.470244
v -0.151832 0.54772 -0.614921
v 0.118548 0.661977 -0.428879
v -3e-06 0.682792 -0.48532
v -0.18354 0.656923 -0.454244
v 0.186815 0.555391 -0.478255
v -0.239306 0.573077 -0.444195
v -0.25281 1.43142 0.547362
v -0.240403 1.45812 0.493327
v -0.283762 1.3871 0.443982
v -0.224106 1.49645 0.446194
v -0.180839 1.3259 0.672659
v -0.21579 1.2426 0.658176
v -0.24788 1.32973 0.607142
v -0.254971 1.02696 0.335275
v -0.184547 0.991447 0.26294
v -0.305256 1.0915 0.367251
v -0.334207 1.1713 0.408996
v -0.332542 1.26439 0.459116
v -0.316701 1.29953 0.389599
v -0.201157 1.50382 0.584849
v -0.184237 1.47037 0.620498
v -0.207933 1.03781 0.245729
v -0.167242 1.07144 0.192214
v -0.242221 1.15905 0.63421
v -0.189184 0.959906 0.488946
v -0.22155 0.975112 0.44976
v -0.148549 1.54877 0.465194
v -0.280858 1.04431 0.467824
v -0.302712 1.34488 0.417063
v -0.150207 0.929042 0.30914
v -0.102163 0.942392 0.226727
v -0.131513 0.973515 0.224193
v -0.094577 0.960531 0.209808
v -0.157598 1.51771 0.676591
v -0.128891 1.48118 0.694654
v -0.133594 1.58373 0.515927
v -0.137095 1.56972 0.493907
v -0.154553 1.5651 0.579903
v -0.087462 0.931388 0.23039
v -0.086198 0.956302 0.212148
v -0.082026 0.880991 0.333336
v -0.10695 0.898201 0.387282
v -0.245204 1.27195 0.616234
v -3.4e-05 1.31879 0.776853
v -0.032982 1.27039 0.773603
v -0.059831 1.31695 0.759465
v -0.143721 1.23752 0.738469
v -0.190033 1.24685 0.693776
v 0.156938 1.33255 0.702321
v 0.118739 1.32956 0.744729
v -2.5e-05 0.904478 0.56189
v -0.052692 0.876976 0.471966
v -1.6e-05 0.873903 0.478032
v -7e-06 0.949295 0.637103
v -0.083515 1.11447 0.74024
v -1.8e-05 1.40706 0.763438
v -0.10138 0.885831 0.456354
v 0.092943 1.41646 0.744121
v -0.158634 0.918243 0.473016
v 0.218173 1.14524 0.668812
v 0.17872 0.939218 0.505316
v 0.143777 0.909377 0.483936
v 0.101336 0.885809 0.456358
v 0.208835 0.990262 0.568154
v -0.118185 1.17514 0.743451
v 0.038835 0.925949 0.596806
v -6e-06 0.855584 0.385159
v 0.061461 0.863729 0.371383
v 0.079344 0.872346 0.409711
v 0.085386 0.874614 0.368437
v -0.061474 0.863754 0.371372
v -0.079342 0.872358 0.409684
v -0.085394 0.87462 0.368444
v -0.03194 0.857799 0.381378
v -0.06594 1.49604 0.746281
v -0.072064 1.46218 0.733917
v -0.053399 1.45145 0.731803
v -0.081138 0.876367 0.359743
v -0.064493 0.868257 0.350562
v 0.064493 0.868246 0.350564
v 0.083641 1.03009 0.679864
v -2e-05 0.901361 0.517641
v 0.16387 1.04479 0.652873
v 0.252843 1.4314 0.547418
v 0.234812 1.38695 0.592616
v 0.216615 1.35773 0.645666
v 0.254905 1.27256 0.624063
v 0.259469 1.42774 0.387328
v 0.254992 1.02699 0.335297
v 0.245255 0.999022 0.393684
v 0.305255 1.09148 0.367252
v 0.334211 1.17128 0.40902
v 0.302423 1.20286 0.558968
v 0.246444 1.08037 0.594116
v 0.247263 1.36042 0.283201
v 0.189064 1.10903 0.191724
v 0.180462 1.06249 0.204227
v 0.227693 1.18726 0.202936
v 0.225903 1.13669 0.209289
v 0.249637 1.27242 0.232347
v 0.141163 1.42599 0.687978
v 0.195464 1.40592 0.656299
v 0.231258 1.20148 0.647913
v 0.150151 0.94697 0.273646
v 0.094574 0.960518 0.209806
v 0.102234 0.888114 0.3332
v 0.154572 1.56505 0.579969
v 0.14962 1.59618 0.557912
v 0.127124 1.51436 0.694848
v 0.157626 1.51768 0.67663
v 0.147289 1.55154 0.678851
v 0.191107 1.49648 0.58095
v 0.151683 1.56868 0.536171
v 0.08198 0.938457 0.221011
v 0.225742 1.38266 0.58721
v 0.303896 1.29707 0.392739
v 0.27704 1.33635 0.331629
v 0.279083 1.24685 0.28153
v 0.249587 1.42002 0.39155
v 0.258927 1.36712 0.549274
v 3.2e-05 1.55005 0.329518
v 0.113706 1.53832 0.360946
v 0.137721 1.47738 0.282712
v -0.14884 1.51375 0.390411
v -0.137667 1.47728 0.282717
v 2.2e-05 1.13726 0.109672
v 3.3e-05 1.31257 0.116809
v 0.085892 1.09151 0.138035
v 0.095648 1.04514 0.160698
v 0.118976 1.39607 0.191306
v 0.150167 1.12286 0.159454
v 0.149386 1.07926 0.17771
v -0.198579 1.37621 0.246145
v -0.166693 1.11871 0.174238
v -0.134441 1.08282 0.164566
v -0.095619 1.0451 0.160656
v -0.191162 1.20252 0.175908
v -0.019933 1.00547 0.157853
v -0.05982 0.961574 0.189056
v -0.083185 0.965621 0.199744
v 0.059824 0.961564 0.189075
v 0.076248 0.998453 0.175174
v 0.08319 0.965638 0.199755
v 0.039532 1.00402 0.161465
v -0.10843 1.58973 0.475843
v 0.096214 1.60859 0.48913
v 0.083547 1.62616 0.491795
v 0.077301 1.6204 0.46551
v 0.065021 1.64081 0.490547
v 1.7e-05 1.58548 0.413932
v 0.089858 1.60219 0.494418
v 0.079181 0.959418 0.205966
v 0.063127 0.94698 0.20425
v -0.06313 0.946978 0.204241
v -0.07919 0.959419 0.205956
v 0.130454 1.46907 0.290494
v -0.138339 1.21315 0.151198
v -0.048992 1.55003 0.384188
v -0.258747 1.43429 0.549715
v -0.246191 1.46197 0.494139
v -0.289982 1.3903 0.443801
v -0.208075 1.50847 0.421876
v -0.18282 1.32578 0.679372
v -0.26032 1.02292 0.333271
v -0.341132 1.1704 0.408515
v -0.313434 1.2272 0.302195
v -0.179428 1.46352 0.67202
v -0.169528 1.06969 0.185832
v -0.143703 1.02915 0.189873
v -0.231041 1.18753 0.19677
v -0.142383 1.42547 0.694786
v -0.266481 1.16822 0.623857
v -0.192051 0.954105 0.491616
v -0.226203 0.969929 0.450456
v -0.23037 1.00962 0.548685
v -0.149298 1.5545 0.461244
v -0.121712 0.90916 0.276825
v -0.105374 0.881909 0.33235
v -0.135545 0.898916 0.359674
v -0.105261 0.938047 0.222197
v -0.13531 0.96983 0.21961
v -0.152817 1.55425 0.682139
v -0.125821 1.51527 0.701626
v -0.132302 1.5898 0.51268
v -0.166941 1.58058 0.532966
v -0.159758 1.56974 0.580495
v -0.158537 1.53236 0.582529
v -0.165514 1.53525 0.503892
v -0.158881 1.4566 0.655716
v -0.141356 1.51436 0.665146
v -0.103858 0.992252 0.196723
v -0.08315 0.955272 0.205931
v -0.086527 0.901244 0.299457
v -0.266136 1.37819 0.445421
v -0.312299 1.26289 0.458621
v -0.224626 1.44642 0.491963
v -0.313574 1.17653 0.412298
v -0.239849 1.27099 0.611829
v -0.181618 1.40039 0.643441
v -3.3e-05 1.31967 0.783797
v -0.122128 1.33039 0.750835
v -0.134572 1.28628 0.748716
v -0.163042 1.33474 0.705057
v -0.195874 1.2484 0.697309
v 0.162999 1.33474 0.70505
v 0.195846 1.2484 0.697297
v 0.074709 1.22145 0.768565
v -2.5e-05 0.898158 0.5649
v -0.072081 0.902102 0.55576
v -7e-06 0.943715 0.64133
v -3.7e-05 1.01247 0.710374
v -0.103733 0.879321 0.457395
v -0.169129 1.12841 0.718026
v -0.174062 1.07733 0.694042
v 0.109468 1.37272 0.750871
v -0.224113 1.14486 0.67256
v 0.183799 0.934421 0.505759
v 0.103689 0.879299 0.4574
v 0.228973 1.05389 0.6268
v -0.130229 1.41555 0.710673
v 0.021417 0.856132 0.427003
v 0.062487 0.86132 0.417842
v 0.077174 0.862191 0.365192
v 0.089808 0.869678 0.366185
v -0.098015 0.871814 0.401325
v -0.06252 0.861344 0.41782
v -0.021436 0.856146 0.427016
v -1.8e-05 1.48741 0.764397
v 0.057678 1.45144 0.751043
v 0.067346 1.49738 0.752991
v 0.101723 1.46107 0.735822
v -0.102262 1.48111 0.723707
v -0.032553 1.47595 0.747155
v 0.131212 1.41326 0.69509
v -0.024336 0.868564 0.355886
v -0.018593 0.882581 0.418113
v -0.036925 0.884316 0.415129
v 0.086038 0.874356 0.355164
v 0.054513 0.887127 0.410277
v -0.067413 1.22332 0.742556
v 0.078045 1.12208 0.721899
v 0.036413 0.945158 0.586991
v 0.160392 1.24261 0.697861
v 0.258779 1.43426 0.549773
v 0.286658 1.30978 0.566601
v 0.21855 1.24222 0.664631
v 0.18868 1.50874 0.405863
v 0.265204 1.43139 0.385673
v 0.26034 1.02294 0.333295
v 0.18938 0.942171 0.350169
v 0.341136 1.17037 0.40854
v 0.302862 1.07481 0.491769
v 0.294851 1.09972 0.551027
v 0.310563 1.32242 0.355155
v 0.250422 1.07699 0.598785
v 0.191752 1.10779 0.185381
v 0.170136 1.01022 0.218229
v 0.27056 1.15856 0.235889
v 0.253339 1.2745 0.226782
v 0.264738 1.21826 0.225374
v 0.162374 1.37228 0.686275
v 0.313431 1.22719 0.302207
v 0.156286 0.933103 0.28892
v 0.135323 0.969839 0.219599
v 0.095034 0.957934 0.203316
v 0.135558 0.898946 0.359693
v 0.154925 1.60074 0.557889
v 0.125838 1.51525 0.701672
v 0.138105 1.53656 0.697107
v 0.152827 1.55424 0.68217
v 0.158087 1.54664 0.640878
v 0.178267 1.47837 0.592881
v 0.158882 1.45656 0.655769
v 0.141363 1.51431 0.665194
v 0.136842 1.54716 0.455862
v 0.122255 1.55626 0.492592
v 0.165581 1.53519 0.503953
v 0.08654 0.901266 0.299483
v 0.088882 0.906558 0.28891
v 0.089878 0.911947 0.2783
v 0.104144 0.893245 0.391356
v 0.083264 0.878692 0.355854
v 0.083147 0.955262 0.20593
v 0.103867 0.992253 0.196714
v 0.086564 0.922924 0.257277
v 0.082712 0.928294 0.247229
v 0.263841 1.30452 0.555169
v 0.30904 1.1926 0.379441
v 0.253439 1.09815 0.298221
v 0.181591 1.4003 0.643514
v 0.243854 1.41636 0.393207
v 2.5e-05 1.55598 0.325813
v 0.072278 1.48652 0.254574
v 0.168558 1.49025 0.354146
v -0.154905 1.51723 0.390083
v 2.2e-05 1.13565 0.10286
v 1.4e-05 1.05151 0.130008
v 9e-06 1.41471 0.163496
v 0.08805 1.08928 0.131762
v 0.121856 1.30496 0.134506
v 0.154822 1.25711 0.138357
v 0.158985 1.39686 0.201904
v -0.158916 1.39679 0.20189
v 0.132271 1.0342 0.180378
v 0.208369 1.29029 0.194426
v 0.204683 1.37886 0.243806
v -0.115844 1.58422 0.441781
v -0.098255 1.04239 0.154767
v -0.196756 1.20187 0.17175
v 0.129373 1.56688 0.452802
v 0.195398 1.42125 0.277802
v -0.113711 1.21357 0.114815
v 5e-06 0.964209 0.168502
v -0.032038 0.962452 0.172606
v -0.078662 0.995358 0.169351
v -0.087783 0.961156 0.19693
v 0.061895 0.957694 0.183623
v 0.078687 0.99541 0.169361
v 0.08779 0.961175 0.196941
v -0.079443 1.62597 0.461899
v 0.088664 1.63094 0.491855
v 0.066599 1.64695 0.487565
v 0.083496 1.57575 0.440279
v 0.08382 1.59264 0.478208
v -0.130588 1.55326 0.460398
v -0.058299 1.65242 0.50459
v -0.069333 1.60524 0.475835
v 0.023739 0.95133 0.201365
v 0.01191 0.952272 0.19922
v -7e-06 0.952698 0.198311
v 0.109326 0.989619 0.201849
v -0.109315 0.989586 0.201833
v 0.064945 1.46742 0.272185
v 0.022164 1.55044 0.381287
v 0.127226 1.46403 0.294126
v 0.073273 1.54573 0.395575
v 0.080892 1.52171 0.358721
v -0.127165 1.46412 0.294147
v -0.149977 1.45362 0.311115
v -0.144224 1.52922 0.431801
v -0.111624 1.53822 0.417054
v 0.069852 1.2182 0.131782
v -0.137018 0.916028 0.291001
v -0.133887 0.907791 0.306295
v -0.108837 0.883555 0.357124
v -0.107566 0.957678 0.209119
v -0.103247 0.963552 0.204019
v -0.134582 0.932524 0.258731
v -0.131895 1.53833 0.465252
v -0.125639 1.41446 0.681412
v -0.121425 1.43038 0.680333
v -0.113999 0.911807 0.265659
v -0.108046 0.997102 0.195755
v -0.106917 0.996638 0.195905
v -0.123679 1.038 0.199957
v -0.121202 1.03335 0.200175
v -0.094973 0.991318 0.207572
v -0.075725 0.958189 0.214133
v -0.072954 0.886962 0.331254
v -0.077527 0.891145 0.319767
v -0.082235 0.884111 0.319337
v -0.075064 0.885726 0.344989
v -0.114283 0.893843 0.393863
v -0.11008 0.891301 0.388621
v -0.098284 0.903684 0.389793
v -0.123289 0.92229 0.425797
v -0.12601 0.92515 0.430111
v -0.176303 0.96343 0.385136
v -0.140271 1.52575 0.450833
v -0.202371 1.22445 0.648025
v -0.223078 1.25153 0.628847
v -0.16052 1.33189 0.673794
v -0.158617 1.3363 0.674564
v -0.127057 1.4108 0.680998
v -0.132481 1.39735 0.680071
v -0.181574 1.40044 0.643468
v -0.140089 1.0523 0.206429
v -0.187119 1.41056 0.622331
v -0.188786 1.39211 0.635359
v -0.171476 1.03439 0.246075
v -0.180454 1.45078 0.602097
v -0.207128 1.41368 0.584893
v -0.22182 1.39179 0.576581
v -0.227318 1.37755 0.575442
v -0.226132 1.33173 0.605306
v -0.24399 1.29337 0.595391
v -0.229157 1.35293 0.587321
v 7e-06 0.850782 0.399438
v 0.006878 0.851015 0.398818
v 0.018137 0.851429 0.397821
v 0.031164 0.852936 0.397322
v 0.075112 0.864246 0.41289
v 0.079373 0.86468 0.405552
v 0.062769 0.85999 0.403444
v 0.050421 0.854544 0.382639
v 0.081454 0.866285 0.413982
v 0.081937 0.866341 0.413492
v 0.08267 0.866407 0.41263
v 0.083448 0.866432 0.409327
v 0.085389 0.867205 0.408885
v 0.069883 0.860058 0.38352
v 0.090855 0.869949 0.370671
v -0.077197 0.86221 0.365231
v -0.078381 0.863172 0.377507
v -0.065533 0.858051 0.375704
v -0.082664 0.866417 0.412596
v -0.04773 0.854101 0.383103
v -0.05034 0.85937 0.421259
v -0.056943 0.858351 0.402629
v -0.081452 0.866304 0.414
v -0.081935 0.866351 0.413454
v -0.08114 0.866206 0.41396
v -0.08108 0.865642 0.410521
v -0.07526 0.864294 0.412809
v -0.067483 0.862342 0.414316
v -0.054662 0.855603 0.381216
v -0.031028 0.852947 0.397341
v -0.02591 0.854086 0.409273
v -0.119425 1.40896 0.688435
v 0.119373 1.40899 0.688451
v -0.026974 0.872573 0.371285
v -0.026758 0.872507 0.371124
v -0.049201 0.876769 0.363453
v -0.053372 0.878322 0.364948
v -0.052921 0.877492 0.361272
v 0.113832 0.894514 0.390781
v 0.114262 0.894373 0.391169
v 0.053055 0.878029 0.364171
v 0.049966 0.876821 0.362759
v -0.124869 1.39513 0.686796
v -0.118505 1.40458 0.690336
v 0.118435 1.4045 0.6904
v 0.122154 0.99251 0.197499
v 0.107671 0.957792 0.209097
v 0.128244 0.894579 0.369978
v 0.147028 0.908589 0.346895
v 0.121362 1.43054 0.680331
v 0.131905 1.53837 0.465353
v 0.109036 0.892735 0.301956
v 0.10367 0.886364 0.314414
v 0.084607 0.886078 0.314981
v 0.079612 0.893377 0.315595
v 0.111658 0.8936 0.39305
v 0.122955 0.921801 0.425213
v 0.126072 0.92509 0.430163
v 0.098291 0.903655 0.389798
v 0.094901 0.901068 0.383905
v 0.080171 0.875084 0.336346
v 0.075559 0.955505 0.215384
v 0.106931 0.996602 0.195899
v 0.108069 0.997068 0.195747
v 0.105706 0.991213 0.196704
v 0.113411 0.998772 0.195098
v 0.094951 0.991246 0.207567
v 0.123806 1.03826 0.199965
v 0.085374 0.925738 0.237851
v 0.112169 0.913071 0.261899
v 0.112596 0.910767 0.266376
v 0.180993 1.00213 0.290639
v 0.183351 1.01627 0.276332
v 0.182845 1.39753 0.642887
v 0.170361 1.03372 0.2455
v 0.127031 1.41081 0.681014
v 0.132402 1.39749 0.680096
v 0.160794 1.33119 0.673684
v 0.129288 1.04839 0.199566
v 0.140446 1.52554 0.450648
v -0.002023 1.00702 0.148499
v -0.027228 0.979365 0.163717
v -0.062419 1.00569 0.158822
v 0.086663 0.993568 0.17435
v 0.095066 0.995881 0.177394
v 0.02189 1.01452 0.146678
v 0.045573 1.56655 0.425939
v 0.111762 1.55145 0.457045
v -0.111915 1.55133 0.457121
v -0.044227 1.56746 0.427138
v 0.001739 0.959653 0.172568
v 0.012009 0.959246 0.173408
v 0.015457 0.959119 0.173677
v 0.030332 0.957089 0.177144
v 0.034329 0.956239 0.178659
v 0.041618 0.94858 0.207685
v 0.125257 1.03142 0.204043
v -0.112306 0.995014 0.199329
v -0.111912 0.994072 0.200305
v -0.099264 0.989226 0.211625
v -0.126412 1.03368 0.203817
v -0.015453 0.959115 0.173685
v -0.011999 0.959243 0.173413
v 0.030523 1.55711 0.400081
v 0.074165 1.45862 0.265599
v 0.133899 1.45187 0.286319
v 0.134539 1.4506 0.285422
v 0.133953 1.45476 0.290311
v 0.133827 1.45693 0.293238
v 0.11814 1.52402 0.39912
v -0.136261 1.44745 0.283393
v -0.133987 1.4547 0.290272
v -0.138761 1.51653 0.424096
v -0.053008 1.54444 0.389231
v 0.082857 1.0802 0.165968
v -0.158398 1.48149 0.377273
v -0.155306 1.48896 0.386421
v -0.147093 1.46028 0.319083
v -0.112119 1.50896 0.353982
v -0.111544 1.51177 0.358774
v -0.110052 1.51652 0.36591
v 0.112016 1.509 0.353997
v 0.11142 1.5119 0.358939
v 0.109937 1.5166 0.365998
v 0.113442 1.50597 0.350311
v 0.043089 1.51438 0.33141
v -0.176477 0.963088 0.396929
v -0.135466 1.05231 0.202437
v -0.075493 0.954937 0.215699
v -0.229158 1.35293 0.58732
v -0.116026 1.50862 0.355264
v 0.139624 1.53538 0.471349
v -7e-06 0.856974 0.430434
v -0.07526 0.864294 0.41281
v -0.058169 1.00969 0.155931
v -0.11371 0.998633 0.195105
v -0.104379 0.983923 0.198061
v 0.116649 0.893277 0.393149
v 0.1137 0.998652 0.195091
v 0.165255 0.927792 0.326113
v 0.108763 0.888491 0.382731
v 0.020486 0.7385 0.313314
v 0.024472 0.716624 0.344968
v -0.00297 0.446068 0.903105
v -7.8e-05 0.593231 0.649557
v 0.061517 0.553399 0.763706
v 0.193993 0.565187 0.932232
v 0.204725 0.576236 0.904564
v 0.182189 0.520992 0.957341
v 0.110284 0.76575 0.383662
v 0.084391 0.738805 0.366009
v 0.146627 0.765204 0.448084
v 0.17795 0.752421 0.532719
v 0.151776 0.730698 0.485345
v 0.197223 0.728164 0.622941
v 0.175826 0.712259 0.570009
v 0.197987 0.695132 0.701127
v 0.182998 0.687022 0.647612
v 0.216102 0.663848 0.752401
v 0.236369 0.675198 0.776594
v 0.230834 0.689233 0.754783
v 0.208316 0.611975 0.862916
v 0.217385 0.620248 0.832916
v 0.237306 0.644786 0.837902
v 0.224247 0.586661 0.929984
v 0.224318 0.602246 0.91307
v 0.202973 0.525019 0.986558
v 0.10838 0.386766 1.0686
v 0.144298 0.393748 1.08421
v 0.15147 0.416146 1.07191
v 0.071162 0.326202 1.10196
v 0.089239 0.342438 1.08762
v 0.110717 0.346565 1.11456
v 0.009071 0.285628 1.10826
v 0.035685 0.292601 1.10321
v 0.033705 0.253489 1.14782
v 0.052472 0.276719 1.14199
v 0.083988 0.726209 0.389234
v 0.06668 0.412913 0.983134
v -0.025271 0.732528 0.324417
v -0.027992 0.708922 0.365399
v -0.19524 0.565934 0.916332
v -0.201956 0.579863 0.885287
v -0.174013 0.5752 0.858476
v -0.191439 0.516066 0.955997
v -0.069302 0.757851 0.337686
v -0.059086 0.759539 0.314439
v -0.110284 0.76575 0.383662
v -0.145662 0.765699 0.44651
v -0.173401 0.755539 0.52313
v -0.192417 0.699808 0.690361
v -0.212763 0.73083 0.658362
v -0.196669 0.663359 0.771041
v -0.217665 0.695554 0.743229
v -0.201685 0.620091 0.844601
v -0.205961 0.63032 0.812795
v -0.223908 0.655957 0.816207
v -0.204617 0.606769 0.869485
v -0.220964 0.606291 0.893275
v -0.179835 0.500679 0.98454
v -0.214258 0.539176 0.971881
v -0.158047 0.442706 1.03798
v -0.194505 0.479541 1.0305
v -0.145318 0.377762 1.10046
v -0.164567 0.413788 1.08062
v -0.085079 0.323939 1.11271
v -0.098424 0.312056 1.13816
v -0.121697 0.341758 1.1255
v -0.03912 0.263986 1.14351
v -0.074244 0.283685 1.14827
v -0.083998 0.726207 0.389249
v -0.113061 0.719924 0.442111
v -0.15272 0.659479 0.6568
v -0.148498 0.588753 0.802029
v -0.117019 0.645648 0.838134
v -0.075125 0.731418 0.680389
v -0.041516 0.423636 1.04811
v -0.021582 0.378997 1.07231
v -0.072994 0.749294 0.642941
v -0.070056 0.764316 0.604704
v -0.050606 0.277161 1.16613
v -0.102791 0.334667 1.14992
v -0.090076 0.36369 1.12372
v -0.152154 0.407345 1.10892
v -0.181896 0.475916 1.06214
v -0.203334 0.537105 1.00286
v -0.098874 0.795028 0.35967
v -0.050341 0.778902 0.31765
v 0.119238 0.731944 0.697202
v 0.096453 0.542449 0.972346
v 0.113653 0.475 1.0352
v 0.108779 0.779526 0.583309
v 0.039078 0.78999 0.38274
v 0.020755 0.781925 0.382136
v 0.08486 0.795247 0.397901
v 0.021453 0.260188 1.16709
v 0.020782 0.315072 1.1297
v 0.135287 0.449799 1.05809
v 0.170147 0.4769 1.05119
v 0.143255 0.495155 1.03494
v 0.19792 0.619776 0.901137
v 0.210622 0.662572 0.825669
v 0.200624 0.654536 0.854155
v 0.201771 0.707963 0.740747
v 0.183644 0.74296 0.689655
v 0.111296 0.795913 0.399798
v 0.036619 0.78323 0.332173
v 0.017713 0.761091 0.316855
v 0.10735 0.776298 0.241424
v 0.211205 0.80884 0.199644
v 0.75263 0.77013 0.170478
v 0.495357 0.784998 0.222406
v 0.691218 0.955602 0.050697
v 0.639099 0.93129 0.069398
v 0.741184 0.930909 0.041007
v 0.107 0.832394 0.194245
v 0.129077 0.877697 0.169359
v 0.187149 0.920238 0.139696
v 0.342907 0.969271 0.097707
v 0.433217 0.976084 0.085502
v 0.398044 0.966755 0.081816
v 0.408913 0.998165 0.072832
v 0.383448 0.998807 0.082802
v 0.518534 0.981069 0.073331
v 0.47682 1.00536 0.06796
v 0.598984 0.973584 0.062577
v 0.568592 0.970879 0.060356
v 0.580597 0.996471 0.049623
v 0.560642 0.99957 0.057251
v 0.654773 0.984386 0.045139
v 0.771187 0.926232 0.042413
v 0.741542 0.957059 0.035593
v 0.840192 0.887986 0.041272
v 0.815687 0.92261 0.030586
v 0.909429 0.842727 0.040071
v 0.859555 0.842911 0.053719
v 0.917351 0.865173 0.020547
v 0.871573 0.874707 0.037536
v 0.899552 0.877311 0.025249
v 0.980856 0.807988 0.031651
v 0.965012 0.823645 0.029588
v 0.994758 0.731795 0.08273
v 0.961408 0.727314 0.109887
v 0.979887 0.748384 0.066848
v 1.02014 0.746767 0.054274
v 1.00494 0.763762 0.050927
v 0.104439 0.7726 0.269064
v 0.7361 0.781594 0.398846
v 0.781802 0.767901 0.369894
v 0.086219 0.775852 0.296619
v 0.216751 0.788225 0.401171
v 0.294526 0.793936 0.433484
v 0.383922 0.797041 0.452739
v 0.434804 0.801406 0.476298
v 0.566891 0.794706 0.445711
v 0.649881 0.79018 0.430161
v 0.62021 0.783388 0.437615
v 0.616562 0.797974 0.464156
v 0.706059 0.79077 0.436217
v 0.80814 0.770481 0.356037
v 0.786289 0.780124 0.394717
v 0.885326 0.751329 0.31272
v 0.855998 0.751106 0.329199
v 0.861905 0.764422 0.354283
v 0.917611 0.734112 0.273054
v 0.991148 0.716194 0.189795
v 1.02447 0.706621 0.195234
v 1.00624 0.718101 0.230803
v 1.00829 0.7115 0.113109
v 1.04827 0.699669 0.110184
v 1.03751 0.705299 0.153471
v 0.629826 0.840119 0.372509
v 0.44342 0.867321 0.359627
v 0.472842 0.871727 0.315398
v 0.89721 0.790499 0.195628
v 0.400695 0.868985 0.359274
v 0.370979 0.858812 0.396358
v 0.328727 0.858784 0.390762
v 0.161716 0.831298 0.304463
v 1.06222 0.717095 0.127672
v 1.03059 0.728308 0.213855
v 0.955406 0.761004 0.286283
v 0.841127 0.787692 0.345698
v 0.68569 0.810778 0.425364
v 0.595071 0.819039 0.450313
v 0.555309 0.819649 0.477528
v 0.415292 0.824364 0.46147
v 0.083141 0.788292 0.297465
v 0.599261 0.950491 0.150861
v 0.75663 0.907748 0.120077
v 0.876885 0.868891 0.085005
v 0.733035 0.938542 0.095054
v 1.03332 0.758177 0.066363
v 0.996553 0.768945 0.089036
v 0.803983 0.928043 0.054138
v 0.638836 0.984271 0.072178
v 0.548792 0.999969 0.08538
v 0.255026 0.967744 0.145167
v 0.101225 0.88556 0.186707
v -0.000668 0.838798 0.109587
v -0.026037 0.84193 0.121426
v -0.063475 0.968133 -0.040834
v -0.000745 1.1738 -0.434617
v -0.067112 1.04826 -0.16455
v -0.001565 1.03696 -0.168292
v -0.064932 1.08914 -0.231301
v -0.000926 1.07786 -0.234099
v -0.000613 1.11596 -0.301448
v -0.190868 1.24484 -0.338396
v -0.172708 1.20024 -0.301118
v -0.184106 1.24835 -0.391168
v -0.141576 1.19158 -0.334689
v -0.07093 0.867184 0.135409
v -0.177831 1.02083 0.02912
v -0.192913 1.17239 -0.177143
v -0.199588 1.14214 -0.117508
v -0.218194 1.16743 -0.130729
v -0.217117 1.20699 -0.205002
v -0.216379 1.24532 -0.292661
v -0.20196 1.27395 -0.402755
v -0.153025 1.27826 -0.501572
v -0.169185 1.27176 -0.442993
v -0.178954 1.28755 -0.462234
v -0.116513 1.2803 -0.572698
v -0.076326 1.27333 -0.641686
v -0.055017 1.25068 -0.620992
v -0.11017 1.29335 -0.628215
v -0.017956 1.25505 -0.679011
v -0.042685 1.26827 -0.706186
v -0.056989 1.26714 -0.662991
v -0.055597 1.27543 -0.693053
v 0.024605 0.841917 0.121333
v 0.022467 0.852657 0.09856
v 0.058322 0.968051 -0.040993
v 0.181379 1.24022 -0.330692
v 0.173855 1.24704 -0.390097
v 0.136113 1.18894 -0.332969
v 0.069305 0.867202 0.135178
v 0.053804 0.848354 0.129172
v 0.058885 0.84743 0.149833
v 0.145381 0.96304 0.078826
v 0.192245 1.13085 -0.108867
v 0.213571 1.1191 -0.058311
v 0.188197 1.20635 -0.246403
v 0.198589 1.18691 -0.225135
v 0.218481 1.2416 -0.286563
v 0.162063 1.26249 -0.413743
v 0.189086 1.27221 -0.398455
v 0.191143 1.26987 -0.37731
v 0.135402 1.29476 -0.5421
v 0.059342 1.27206 -0.624507
v 0.091036 1.29233 -0.615156
v 0.034122 1.25426 -0.652338
v 0.045611 1.26799 -0.639984
v 0.042077 1.27704 -0.660288
v 0.115933 1.07259 -0.158631
v 0.110771 1.22406 -0.225917
v 0.07994 1.28868 -0.463171
v 0.109404 1.29594 -0.483819
v 0.068794 1.08739 -0.005342
v 0.102619 1.07429 0.025501
v 0.060211 1.03387 0.048604
v 0.017205 0.896559 0.136579
v 0.048121 0.893801 0.149534
v 0.018625 1.28867 -0.647013
v 0.062016 1.30439 -0.602153
v 0.179308 1.29138 -0.391517
v 0.185291 1.24187 -0.262251
v 0.176541 1.22794 -0.204317
v 0.176971 1.04406 0.057293
v 0.098005 0.90588 0.156554
v 0.109357 0.920156 0.145009
v -0.114728 1.22501 -0.226678
v -0.110969 1.12157 -0.032797
v -0.055479 0.940216 0.125561
v -0.085259 0.937793 0.134097
v -0.051523 1.28717 -0.662893
v -0.135523 1.3116 -0.563727
v -0.193962 1.29434 -0.397428
v -0.1782 1.26531 -0.294634
v -0.100023 0.905982 0.156794
v -0.064453 0.871715 0.160414
v -0.059776 0.88393 0.15312
v -0.107365 0.776319 0.241399
v -0.104445 0.772618 0.269038
v -0.172473 0.769538 0.270699
v -0.316695 0.766226 0.290444
v -0.75264 0.7701 0.17052
v -0.736113 0.781563 0.398892
v -0.216742 0.788239 0.401171
v -0.294502 0.793994 0.433487
v -0.263589 0.773153 0.397816
v -0.237428 0.789884 0.417849
v -0.479905 0.795314 0.45301
v -0.416663 0.797388 0.459055
v -0.434813 0.801394 0.476344
v -0.649893 0.790128 0.430241
v -0.620225 0.783332 0.437694
v -0.638505 0.792897 0.460227
v -0.616571 0.797912 0.46425
v -0.706079 0.790718 0.43629
v -0.808155 0.770446 0.356088
v -0.786311 0.780091 0.394779
v -0.885341 0.751293 0.312772
v -0.861923 0.764383 0.354343
v -0.991137 0.716199 0.189798
v -1.0202 0.707782 0.214463
v -1.00624 0.718084 0.23083
v -1.0083 0.711507 0.113098
v -0.961482 0.727295 0.109899
v -1.04701 0.698754 0.131362
v -1.03751 0.7053 0.153479
v -0.226851 0.766947 0.35589
v -0.121226 0.790938 0.219867
v -0.691204 0.955613 0.050675
v -0.659262 0.957335 0.04945
v -0.741174 0.930941 0.040963
v -0.720579 0.947193 0.047344
v -0.664827 0.891744 0.086468
v -0.106157 0.809537 0.204741
v -0.130065 0.877704 0.169266
v -0.258479 0.948209 0.119644
v -0.229533 0.930434 0.118227
v -0.43323 0.976095 0.085472
v -0.398165 0.966795 0.081759
v -0.409008 0.998186 0.072794
v -0.383651 0.998831 0.082744
v -0.518529 0.981081 0.073319
v -0.486463 0.975186 0.069499
v -0.47161 0.943578 0.086547
v -0.598986 0.97362 0.062541
v -0.568561 0.970916 0.060307
v -0.543984 0.984094 0.06787
v -0.56062 0.999612 0.057197
v -0.654765 0.984418 0.045095
v -0.771176 0.926262 0.042369
v -0.74153 0.957088 0.035559
v -0.840184 0.888023 0.041223
v -0.813116 0.896764 0.03713
v -0.831589 0.913154 0.026271
v -0.815673 0.922648 0.030534
v -0.909428 0.842763 0.040022
v -0.928274 0.852884 0.025698
v -0.899537 0.87735 0.025201
v -0.963405 0.788311 0.053939
v -0.96501 0.82366 0.02956
v -0.994748 0.731791 0.082753
v -0.979888 0.748383 0.066847
v -1.02556 0.732983 0.065316
v -1.00495 0.763765 0.050926
v -0.200765 0.866788 0.153954
v -0.422814 0.938772 0.221128
v -0.886883 0.823644 0.126145
v -0.876873 0.868932 0.084947
v -0.733029 0.938566 0.095019
v -0.200634 0.891858 0.238317
v -1.03331 0.758189 0.066362
v -0.991257 0.817865 0.045614
v -0.958457 0.823792 0.066302
v -0.726731 0.959067 0.061143
v -0.753629 0.95352 0.066426
v -0.548778 1.0 0.085345
v -0.502282 1.01976 0.076084
v -0.493692 1.00862 0.10652
v -0.256329 0.967737 0.14506
v -0.102193 0.885601 0.186567
v -0.111553 0.881891 0.204589
v -0.629818 0.840109 0.372518
v -0.443414 0.867308 0.359686
v -0.848945 0.804703 0.267416
v -0.797451 0.819156 0.260159
v -0.782571 0.816558 0.308495
v -1.06221 0.717097 0.12769
v -0.9554 0.760985 0.286332
v -0.233395 0.815775 0.41906
v -0.287395 0.815638 0.451718
v 0.011367 0.725781 0.326321
v 0.004729 0.738727 0.302609
v 0.002938 0.738115 0.302125
v 0.008779 0.739683 0.303552
v 0.016075 0.742043 0.304113
v 0.001787 0.739269 0.299718
v -0.004694 0.738726 0.302605
v -1e-06 0.737129 0.301336
v -0.003273 0.738181 0.30229
v -0.016071 0.742037 0.304112
v -0.002144 0.739373 0.299786
v -0.037466 0.766938 0.311587
v -0.027671 0.765607 0.317513
v -0.024708 0.768198 0.319158
v -3.1e-05 0.739609 0.29951
v -0.016277 0.751111 0.308759
v -0.016372 0.748898 0.307981
v 0.030314 0.775102 0.324999
v 0.024704 0.768207 0.319166
v 0.016736 0.749102 0.308055
v 0.099235 0.821577 0.199413
v 0.098707 0.823777 0.198416
v 0.098104 0.835705 0.196529
v 0.094847 0.775179 0.25142
v 0.087188 0.792028 0.28936
v 0.08922 0.792893 0.285638
v 0.093981 0.800269 0.281712
v 0.093278 0.786167 0.268719
v 0.095307 0.875581 0.190542
v 0.101309 0.839103 0.202065
v -0.023739 0.838385 0.127763
v 0.022464 0.838416 0.127642
v 0.046994 0.843955 0.143779
v 0.058088 0.848618 0.151103
v 0.0586 0.854957 0.154259
v 0.043993 0.888443 0.152426
v 0.021899 0.845467 0.13218
v -0.045268 0.887829 0.152895
v -0.023228 0.845472 0.132331
v -0.094771 0.7752 0.251454
v -0.099072 0.821744 0.199306
v -0.098672 0.823415 0.198548
v -0.098048 0.835884 0.196591
v -0.096213 0.864674 0.191455
v -0.096702 0.863314 0.192327
v -0.099034 0.85699 0.197104
v -0.095566 0.874677 0.190772
v -0.101373 0.839507 0.202468
v -0.097515 0.804049 0.276495
v -0.087036 0.792179 0.289555
v -0.09349 0.78709 0.269021
v -0.093219 0.786267 0.268701
v -0.290391 0.037164 0.318678
v -0.299299 0.026598 0.296649
v -0.310045 0.041908 0.302678
v -0.302763 0.023403 0.291227
v -0.310952 0.028669 0.289201
v -0.309057 0.017487 0.287512
v -0.301432 0.013576 0.301235
v -0.308787 0.011056 0.295586
v -0.313633 0.010738 0.295654
v -0.315775 0.0092 0.328108
v -0.329874 0.018832 0.354243
v -0.384724 0.049248 0.357104
v -0.353472 0.033893 0.324205
v -0.354441 0.047977 0.33562
v -0.372125 0.029602 0.306422
v -0.37222 0.021792 0.302811
v -0.377992 0.021432 0.30031
v -0.381844 0.011871 0.304156
v -0.37681 0.010074 0.307939
v -0.372936 0.012591 0.306192
v -0.373922 0.00835 0.338594
v -0.3421 0.019685 0.354903
v -0.372216 0.023596 0.373165
v -0.390953 0.015348 0.315373
v -0.384583 0.026662 0.303685
v -0.384658 0.031585 0.308608
v 0.374291 0.055619 0.352422
v 0.37822 0.032079 0.307013
v 0.367022 0.035427 0.31361
v 0.390852 0.039777 0.331805
v 0.389371 0.038387 0.361702
v 0.372166 0.023645 0.373198
v 0.364751 0.012905 0.364468
v 0.373883 0.00834 0.338676
v 0.352122 0.01362 0.360437
v 0.347614 0.016693 0.343518
v 0.387725 0.014586 0.305376
v 0.387168 0.021673 0.302806
v 0.378808 0.016206 0.300551
v 0.368792 0.012562 0.311419
v 0.381266 0.009648 0.309043
v 0.287412 0.04265 0.332834
v 0.299308 0.026607 0.296637
v 0.329882 0.018829 0.35424
v 0.337955 0.024368 0.337394
v 0.331624 0.042163 0.316044
v 0.326379 0.023423 0.297476
v 0.319157 0.015952 0.29052
v 0.313014 0.013096 0.290556
v 0.309632 0.057137 0.328013
v 0.305345 0.021427 0.288683
v -0.383073 0.040531 0.369626
v -0.325025 0.027285 -0.397565
v -0.340653 0.038462 -0.405995
v -0.331889 0.035664 -0.373164
v -0.331336 0.014464 -0.428706
v -0.330472 0.007068 -0.425181
v -0.328685 0.006242 -0.415688
v -0.339737 0.002709 -0.417289
v -0.329471 0.008095 -0.39252
v -0.348767 0.002234 -0.396278
v -0.336653 0.013169 -0.367413
v -0.347571 0.006813 -0.368634
v -0.359942 0.005644 -0.372226
v -0.33079 0.024014 -0.369068
v -0.370847 0.009581 -0.377637
v -0.355017 0.010243 -0.415177
v -0.345576 0.020114 -0.425768
v -0.372763 0.026121 -0.39825
v -0.339216 0.014554 -0.430248
v 0.345567 0.044903 -0.394313
v 0.331905 0.035674 -0.373128
v 0.334777 0.024453 -0.423594
v 0.325916 0.017829 -0.418936
v 0.359649 0.031196 -0.410305
v 0.3636 0.012424 -0.405195
v 0.371972 0.015086 -0.394031
v 0.359949 0.005645 -0.372206
v 0.370875 0.009589 -0.377586
v 0.348805 0.002234 -0.396214
v 0.34057 0.008485 -0.428533
v 0.339193 0.014581 -0.430253
v 0.325555 0.011757 -0.416864
v -0.3817 0.029927 -0.413599
v -0.386053 0.044297 -0.40244
v -0.377207 0.03494 -0.40065
v -0.398483 0.048816 -0.40255
v -0.392641 0.020247 -0.433035
v -0.402035 0.03476 -0.426243
v -0.396583 0.017279 -0.437691
v -0.40453 0.022378 -0.438643
v -0.403068 0.011706 -0.440371
v -0.394236 0.007732 -0.428512
v -0.401874 0.005407 -0.432914
v -0.406447 0.005091 -0.432286
v -0.404725 0.003346 -0.401983
v -0.402296 0.007911 -0.375344
v -0.427115 0.02944 -0.394428
v -0.422204 0.040559 -0.398289
v 0.398475 0.048842 -0.402544
v 0.403503 0.027818 -0.434098
v 0.421034 0.034975 -0.41137
v 0.423151 0.014594 -0.404494
v 0.42474 0.017585 -0.390714
v 0.402296 0.007905 -0.375341
v 0.374954 0.022852 -0.397065
v 0.412175 0.010165 -0.436521
v 0.411406 0.017014 -0.438966
v 0.405302 0.017527 -0.44074
v 0.408885 0.012473 -0.44001
v -0.454502 0.047722 -0.373001
v -0.437976 0.026963 -0.402567
v -0.437469 0.040623 -0.391925
v -0.457906 0.02295 -0.416987
v -0.458546 0.01549 -0.420138
v -0.46422 0.015108 -0.421494
v -0.467177 0.006562 -0.417652
v -0.458851 0.006895 -0.416885
v -0.456057 0.002437 -0.386266
v -0.42379 0.013057 -0.374561
v -0.426794 0.020321 -0.389837
v -0.450281 0.016959 -0.353985
v -0.458211 0.023569 -0.353757
v -0.468664 0.004943 -0.396238
v -0.474336 0.021412 -0.410812
v 0.454444 0.047729 -0.372918
v 0.463876 0.041679 -0.367511
v 0.45462 0.039143 -0.399721
v 0.438001 0.026959 -0.402593
v 0.463585 0.025363 -0.415712
v 0.473021 0.032867 -0.390751
v 0.474327 0.021442 -0.410776
v 0.474984 0.010846 -0.396449
v 0.440246 0.013662 -0.356348
v 0.456088 0.002438 -0.386275
v 0.43288 0.0072 -0.368258
v 0.472323 0.008958 -0.416078
v 0.472068 0.015379 -0.418395
v 0.466927 0.015755 -0.421031
v 0.469844 0.011202 -0.419707
v 0.454344 0.006681 -0.412623
v 0.466199 0.004156 -0.41336
v -0.328362 0.019209 0.355435
v -0.326525 0.018595 0.35577
v -0.340921 0.038253 0.346771
v -0.339403 0.029476 0.349802
v -0.341311 0.040568 0.345733
v -0.316908 0.056378 0.329531
v -0.341053 0.040294 0.345779
v -0.367259 0.022294 0.372637
v 0.338211 0.030269 0.348979
v 0.340979 0.040424 0.345683
v 0.286106 0.036652 0.339126
v 0.32836 0.019208 0.355436
v 0.326524 0.018595 0.355771
v 0.341315 0.040394 0.34582
v 0.340969 0.038355 0.346733
v 0.339412 0.02939 0.349833
v 0.341343 0.04057 0.345741
v 0.317164 0.056731 0.32949
v 0.340216 0.034595 0.348375
v -0.340195 0.034616 0.348362
v -0.376647 0.024972 -0.389844
v 0.373941 0.013233 -0.380098
v 0.344159 0.01803 -0.360916
v -0.378326 0.014341 -0.383607
v -0.37562 0.020331 -0.387267
v -0.378001 0.01514 -0.384749
v -0.425899 0.027645 -0.383828
v -0.424357 0.020394 -0.38073
v 0.426204 0.029155 -0.384363
v 0.424364 0.020416 -0.38074
v 0.406972 0.009734 -0.375275
v 0.373143 0.025532 -0.387698
v 0.414875 0.046423 -0.396059
v -0.459326 0.041677 -0.362314
v -0.422964 0.019828 -0.381206
v -0.422273 0.02248 -0.383047
v -0.42476 0.013592 -0.37119
v 0.422934 0.019893 -0.38126
v -0.438441 0.018537 -0.37177
v -0.315834 0.024578 0.340799
v -0.341192 0.040767 0.345588
v -0.339086 0.027992 0.350178
v 0.315833 0.024578 0.3408
v 0.425962 0.033874 -0.386623
v -0.455581 0.045542 -0.368392
v -0.42597 0.03388 -0.386619
v 0.374976 0.031889 -0.391769
v -0.231156 1.01118 0.398707
v -0.242906 1.04741 0.505435
v -0.210777 1.09215 0.607878
v 1.9e-05 1.30955 0.748829
v -0.072114 0.988015 0.620683
v -0.191623 1.2548 0.669472
v -0.162436 1.33786 0.67901
v -0.259083 1.20039 0.593941
v -0.12606 0.915461 0.421933
v -0.125976 1.0305 0.19672
v 0.075499 0.948174 0.211707
v 0.207708 1.09396 0.235851
v 0.231014 1.06751 0.287953
v 0.168864 1.11592 0.191501
v 0.125998 1.03049 0.196746
v 0.06168 1.14387 0.136097
v -0.075503 0.948158 0.211716
v -0.024589 1.58494 0.59427
v -1.1e-05 1.61673 0.575733
v 0.01988 1.59036 0.58591
v -0.050421 1.59388 0.611247
v -0.095929 1.60623 0.605642
v -0.103177 1.60687 0.634952
v -0.069839 1.58001 0.668612
v 0.021281 1.56358 0.634796
v 0.080559 1.60014 0.629714
v 0.053756 1.56765 0.674484
v 0.041179 1.5667 0.695826
v 0.072782 1.56332 0.659034
v 0.089242 1.58284 0.680567
v 0.051446 1.56532 0.713984
v 0.021788 1.54634 0.693644
v -1e-06 1.55904 0.726142
v 0.102916 1.48594 0.688199
v 0.094961 1.40918 0.718616
v -0.020453 1.55786 0.647213
v -0.089228 1.58287 0.680577
v -0.191668 1.48709 0.572496
v -0.165134 1.44183 0.656409
v 0.162471 1.33786 0.678973
v 0.076312 1.13709 0.715558
v 0.051415 1.64723 0.555447
v -0.095716 1.5625 0.423924
v -0.132259 1.53971 0.450285
v -1.9e-05 1.52843 0.323624
v 2e-05 1.47336 0.249884
v 1.6e-05 1.57448 0.400639
v 0.095723 1.56251 0.423923
v 0.207814 0.984706 0.450521
v 0.30088 1.18985 0.420134
v 0.286169 1.23337 0.528585
v 0.192706 1.43278 0.325819
v 0.126055 0.915449 0.421877
v 0.076011 0.879352 0.34705
v -0.097737 0.909727 0.277157
v -0.097736 0.90974 0.277126
v -0.152458 1.3346 0.687869
v -0.231837 1.25479 0.628585
v -0.243309 1.26597 0.617021
v -0.209566 1.22112 0.648967
v -0.215662 1.23021 0.64338
v -0.173868 1.31761 0.673279
v -0.164856 0.948485 0.435935
v -0.14906 0.939261 0.454135
v -0.084864 0.8872 0.321667
v -0.089997 0.89267 0.311242
v -0.077594 0.885333 0.316865
v -0.123265 0.91326 0.413958
v -0.145416 1.0634 0.197215
v -0.086801 0.930683 0.236816
v -0.09 0.927397 0.243401
v -0.089956 0.927442 0.24331
v -0.067165 0.879599 0.373274
v -0.077601 0.881662 0.356259
v -0.031917 0.872841 0.392195
v -0.007288 0.869537 0.389012
v 4e-06 0.870038 0.39327
v 0.015263 0.868749 0.383525
v 0.002467 0.865196 0.370178
v 0.013852 0.865852 0.370458
v -0.040357 0.869186 0.363071
v 0.145266 1.06312 0.197234
v 0.086621 0.970587 0.206283
v 0.07891 0.959186 0.207986
v 0.113971 1.01217 0.199674
v 0.096473 0.915869 0.26575
v 0.089388 0.906426 0.275362
v 0.089397 0.906398 0.275416
v 0.005716 0.954013 0.190936
v 0.012956 0.953811 0.191615
v -0.051386 1.08291 0.148983
v 0.163768 1.11128 0.190212
v -0.025635 0.952623 0.193456
v -0.012957 0.953825 0.191605
v -0.038089 0.950977 0.197399
v 0.038087 0.950977 0.197401
v -0.086662 0.970646 0.206271
v -0.084255 0.956839 0.212762
v -0.11768 1.01395 0.20115
v 0.114036 1.42351 0.697233
v 0.119078 1.4139 0.695648
v 0.124086 1.44348 0.683075
v -0.178235 1.45392 0.617612
v -0.173438 1.46385 0.617459
v -0.198317 1.38784 0.633386
v -0.187925 1.40362 0.641595
v -0.2305 1.33367 0.609041
v -0.123986 1.44399 0.68308
v -0.131143 1.41648 0.684098
v -0.133299 1.41107 0.683749
v -0.147592 1.37583 0.681267
v -0.152204 1.36679 0.679924
v -0.15537 1.36057 0.679006
v -0.114078 1.42353 0.697233
v -0.137119 1.36428 0.692626
v -0.127154 1.38848 0.694461
v -0.12017 1.40047 0.697923
v 0.127823 1.39305 0.692774
v 0.127111 1.3882 0.694591
v 0.120114 1.4004 0.697975
v -0.045937 1.57168 0.422802
v -0.053337 1.56407 0.411546
v -0.114245 1.51637 0.355976
v -0.062829 1.52686 0.349601
v -0.107539 1.53718 0.38722
v -0.126555 1.49038 0.325106
v -0.12316 1.49774 0.333542
v -0.15616 1.45609 0.31082
v -0.148581 1.52518 0.446187
v -0.142922 1.44987 0.282734
v -0.139102 1.45156 0.280056
v -0.185421 1.41245 0.294907
v -0.168887 1.42941 0.292757
v -0.072861 1.46258 0.260179
v -0.044655 1.51959 0.328666
v 0.062179 1.50838 0.319667
v 0.053693 1.51371 0.324362
v 0.044661 1.51941 0.328557
v 0.126559 1.49025 0.324942
v 0.123064 1.49771 0.333407
v 0.116115 1.51066 0.34766
v 0.061216 1.54069 0.373779
v 0.055433 1.56227 0.408972
v 0.10721 1.53793 0.388314
v -0.067736 1.46305 0.258793
v -0.043348 1.54526 0.373596
v -0.112622 1.55747 0.453121
v -0.133444 1.555 0.490344
v -0.145379 1.53934 0.472391
v -0.145379 1.53933 0.47239
v 0.096482 0.904068 0.288833
v 0.182548 0.959774 0.421337
v 0.181059 0.958408 0.417231
v 0.181187 0.958526 0.417585
v 0.18113 1.43768 0.316785
v 0.149124 0.939344 0.454261
v 0.04624 0.871157 0.343981
v 0.084391 0.885079 0.353118
v 0.089987 0.892709 0.311252
v 0.084749 0.887144 0.321881
v 0.226788 1.39375 0.579223
v 0.20328 1.42854 0.592732
v 0.205038 1.42594 0.591722
v 0.189852 1.43381 0.612062
v 0.181116 1.40972 0.650208
v 0.17286 1.31894 0.673556
v 0.177236 1.30703 0.672024
v 0.197296 1.25801 0.663939
v 0.177879 1.40981 0.652461
v 0.045438 1.57293 0.424878
v 0.112501 1.55756 0.453064
v 0.121934 1.55088 0.457412
v 0.111655 1.56369 0.469752
v 0.128018 1.55936 0.49161
v 0.133702 1.55482 0.490326
v 0.156917 1.49432 0.382901
v 0.150662 1.50473 0.397078
v -0.166306 1.11683 0.189697
v -0.12773 1.07847 0.181082
v -0.159094 1.10702 0.189021
v -0.163726 1.11124 0.190193
v -0.129373 1.0388 0.195773
v 0.155785 1.45174 0.30321
v 0.176896 1.44616 0.325901
v 0.203557 1.2391 0.655791
v 0.208417 1.22422 0.649748
v 0.212336 1.23263 0.645992
v -0.139888 0.946015 0.295534
v -0.092348 0.923288 0.255726
v -0.18108 0.978522 0.311785
v 0.095867 0.911623 0.278135
v 0.094814 0.905869 0.289493
v 0.181096 0.978562 0.311821
v 0.156901 1.02058 0.232528
v 1.5e-05 1.05898 0.151251
v 0.037376 0.952032 0.199795
v -0.102363 0.903679 0.387009
v 5e-06 0.870111 0.393527
v -0.187926 1.40363 0.641592
v -0.115227 1.54202 0.413822
v -0.159239 0.892165 0.267924
v -0.195431 0.932445 0.28904
v -0.168746 0.976679 0.202493
v -0.101963 0.942101 0.178454
v 7e-06 1.02399 0.114557
v -6e-06 0.965042 0.128247
v 6e-06 0.821261 0.409121
v -0.096717 0.854519 0.437012
v -0.170422 0.888352 0.376912
v -0.136724 0.856956 0.338818
v -0.105872 0.7893 0.183206
v -0.094359 0.800756 0.159709
v -0.02907 0.824719 0.112441
v -0.092695 0.75079 0.256283
v -0.096908 0.782464 0.274606
v -0.127974 0.898191 0.310022
v -0.093945 0.870603 0.363409
v -0.067185 0.861611 0.385346
v -0.033985 0.854353 0.394738
v -0.037789 0.873432 0.35279
v -0.082152 0.929861 0.243413
v -0.037625 0.950145 0.203632
v -0.128381 0.891906 0.305966
v -0.186016 0.927722 0.340966
v -0.168944 0.93105 0.286766
v -0.135492 0.905421 0.274109
v -0.145602 0.969094 0.213459
v -0.094644 0.949996 0.191799
v -0.048609 1.02822 0.138307
v 6e-06 1.01265 0.14107
v 5e-06 0.966245 0.160494
v 7e-06 0.846083 0.393573
v -5e-06 0.856008 0.436355
v -0.050397 0.862157 0.455657
v -0.036792 0.848622 0.391172
v -0.085744 0.865733 0.41646
v -0.068568 0.854001 0.378002
v -0.145346 0.893965 0.36208
v -0.115461 0.876875 0.333952
v -0.110922 0.90012 0.393336
v -0.148446 0.934702 0.28869
v -0.064895 0.974268 0.182222
v -0.092154 0.967016 0.201799
v -0.113405 0.952275 0.224537
v 0.159913 0.891771 0.26784
v 0.195881 0.932259 0.289042
v 0.137841 0.928494 0.197332
v 0.078863 0.830843 0.390025
v 0.096731 0.854487 0.437023
v 0.105298 0.845313 0.362127
v 0.137127 0.856685 0.338806
v 0.170653 0.888209 0.376921
v 0.105885 0.78925 0.183213
v 0.09437 0.800735 0.159721
v 0.092709 0.750772 0.256265
v 0.106511 0.762435 0.234015
v 0.096983 0.782385 0.27456
v 0.084549 0.799119 0.316063
v 0.028368 0.758735 0.319151
v 0.05771 0.884925 0.151379
v 0.029915 0.891164 0.140135
v 0.128606 0.897772 0.309934
v 0.094167 0.870495 0.363339
v 0.031372 0.962459 0.179635
v 0.082488 0.929669 0.243385
v 0.129124 0.891381 0.305895
v 0.186377 0.927425 0.340955
v 0.130897 0.922376 0.244181
v 0.145799 0.968984 0.213437
v 0.094726 0.949963 0.191782
v 0.130866 1.00785 0.180405
v 0.066552 0.958452 0.173543
v 0.083366 0.99729 0.160101
v 0.036814 0.848629 0.391176
v 0.050382 0.862112 0.45561
v 0.068655 0.85394 0.378012
v 0.085782 0.865699 0.416459
v 0.095749 0.864785 0.358988
v 0.133969 0.886254 0.410812
v 0.115949 0.876534 0.333914
v 0.145694 0.893738 0.362063
v 0.111089 0.900048 0.393286
v 0.107967 1.00099 0.202297
v 0.149112 0.934222 0.288591
v 0.095131 0.881425 0.367072
v 0.092244 0.966945 0.201805
v -0.099754 0.784749 0.169417
v -0.102465 0.780705 0.252309
v -0.03273 0.764621 0.320665
v -0.029488 0.763415 0.322807
v -0.0 0.738492 0.308144
v -0.113287 0.905224 0.291867
v -0.07493 0.868134 0.365189
v 5e-06 0.964928 0.175544
v 7e-06 0.871448 0.356537
v -0.017311 0.865758 0.367575
v -0.047376 0.870556 0.358356
v -0.088174 0.894866 0.311649
v -0.109686 0.898396 0.304936
v -0.079487 0.930026 0.243075
v -0.080143 0.929243 0.244603
v -0.088057 0.929195 0.244674
v -0.082777 0.942959 0.217776
v -0.079145 0.940086 0.223396
v -0.163318 0.931426 0.335877
v -0.149353 0.9186 0.344052
v -0.117584 0.89822 0.3901
v -0.112756 0.887492 0.404585
v -0.071721 0.87068 0.419822
v -0.059491 1.00874 0.163455
v -0.098143 0.999542 0.185482
v -0.092739 0.998244 0.182365
v -0.148551 0.968736 0.243848
v -0.158093 0.932478 0.316117
v -0.10872 0.896844 0.386879
v -0.105083 0.894888 0.389027
v -0.103677 0.993168 0.2017
v -0.071063 0.972627 0.186651
v -0.119359 0.947287 0.236129
v -0.013614 0.857114 0.396756
v -0.055668 0.862593 0.386297
v -0.120775 0.945918 0.238715
v -0.034601 0.980961 0.170733
v -0.049826 0.97726 0.176341
v -0.000338 0.855694 0.392135
v -4e-06 0.955865 0.19251
v 8e-06 0.955864 0.192511
v -0.022246 0.864735 0.43753
v -0.011831 0.863325 0.43371
v 5e-06 0.981134 0.167049
v 0.099703 0.784818 0.169305
v 0.113891 0.825482 0.249372
v 0.094618 0.791249 0.287443
v 0.01278 0.756652 0.316316
v 0.038844 0.888154 0.14356
v 0.03302 0.848931 0.131231
v 0.074756 0.868002 0.365176
v 0.047437 0.870508 0.358311
v 0.051687 0.871492 0.356404
v 0.079432 0.883429 0.333232
v 0.086846 0.881139 0.337644
v 0.088146 0.910431 0.280761
v 0.092413 0.900164 0.300686
v 0.045752 0.946896 0.209908
v 0.087453 0.942533 0.218347
v 0.137218 0.908475 0.3503
v 0.09446 0.877478 0.408513
v 0.098546 0.879145 0.408099
v 0.071723 0.870667 0.419828
v 0.059528 1.00872 0.163449
v 0.073927 0.993408 0.175712
v 0.084656 0.996163 0.179375
v 0.09229 0.998105 0.182218
v 0.092289 0.998105 0.182218
v 0.148896 0.968564 0.244443
v 0.151623 0.941809 0.282061
v 0.12099 0.900159 0.329098
v 0.10514 0.894749 0.389048
v 0.09401 0.882601 0.373598
v 0.102539 0.981572 0.204351
v 0.103506 0.986975 0.203422
v 0.128282 0.944646 0.248112
v 0.122248 0.947284 0.238763
v 0.122525 0.947163 0.239193
v 0.129107 0.91062 0.310238
v 0.025509 0.95064 0.202633
v 0.011861 0.863345 0.433703
v -0.053179 0.928954 0.227111
v -0.038708 0.932594 0.219906
v 0.040309 0.860228 0.358835
v 0.041417 0.86391 0.422561
v -0.041429 0.86392 0.422508
v -0.055669 0.862593 0.386296
v 5e-06 0.864836 0.369279
v 0.12072 0.900002 0.328898
v 6e-06 0.964935 0.175539
v -0.122209 0.98892 0.206515
v 0.079364 0.820101 0.21524
v 0.085926 0.82074 0.230558
v 0.085588 0.836226 0.203465
v 0.094203 0.843631 0.214766
v 0.0484 0.862658 0.159337
v 0.043169 0.847265 0.149165
v -0.049667 0.862717 0.159454
v -0.081457 0.827226 0.207371
v -0.08598 0.836232 0.203413
v -0.010636 0.754239 0.307986
v 0.088842 0.79293 0.235186
v 0.092954 0.780439 0.245068
v 0.092942 0.819545 0.206917
v 0.077836 0.792115 0.252874
v 0.059437 0.87022 0.155684
v -0.093207 0.819543 0.206879
v -0.089402 0.792444 0.265791
v 0.039484 0.768098 0.316104
v -0.06086 0.870282 0.155827
v -4.8e-05 0.774463 0.219519
v -0.061039 0.923108 0.240558
v -0.099227 0.906501 0.305396
v -0.167566 0.957058 0.351894
v -0.145524 1.15188 0.685736
v -0.060338 0.939828 0.54606
v -0.237094 1.17578 0.257964
v 0.049379 0.894998 0.295499
v 0.027375 0.905514 0.274994
v 0.088973 0.942054 0.235791
v 0.150378 1.01709 0.234085
v 0.068148 0.914629 0.257106
v 0.06017 1.14475 0.142875
v 0.136582 1.22067 0.167159
v -0.025234 1.5791 0.590464
v 0.000256 1.58921 0.575358
v -4.6e-05 1.63092 0.554983
v 0.018544 1.61975 0.560685
v 0.029135 1.60892 0.57666
v 0.000249 1.57334 0.601401
v -0.067718 1.57496 0.664252
v -0.021294 1.55742 0.631499
v 0.037636 1.57885 0.594286
v 0.051309 1.59898 0.595839
v 0.054208 1.57558 0.633641
v 0.037994 1.55844 0.632766
v 0.031015 1.55419 0.640647
v 0.039922 1.5621 0.690706
v 0.023077 1.53961 0.695041
v 0.103472 1.60064 0.631741
v 0.09523 1.59993 0.602654
v 0.10807 1.58345 0.590156
v -0.089483 1.57661 0.677458
v 0.051656 1.64118 0.551929
v 6e-06 1.64724 0.539523
v 0.20273 0.989438 0.449647
v 0.260969 0.642865 -0.616198
v 0.250507 0.645145 -0.606579
v 0.267389 0.642355 -0.603309
v 0.269628 0.641568 -0.593825
v 0.25712 0.633296 -0.575213
v 0.249409 0.632554 -0.637413
v 0.237151 0.634128 -0.631271
v 0.243788 0.609351 -0.588919
v 0.258901 0.621434 -0.576611
v 0.273644 0.582836 -0.599258
v 0.267246 0.576879 -0.597126
v 0.258646 0.583891 -0.596545
v 0.263166 0.577527 -0.605689
v 0.267469 0.577464 -0.609494
v -0.233332 0.63604 -0.587136
v -0.244447 0.641689 -0.580006
v -0.232391 0.624182 -0.600555
v -0.243479 0.609347 -0.588843
v -0.234144 0.623485 -0.615519
v -0.258775 0.58401 -0.607092
v -0.251404 0.595197 -0.59246
v -0.267486 0.574891 -0.607316
v -0.267466 0.577427 -0.609509
v -0.266401 0.583604 -0.613685
v -0.263143 0.577514 -0.605707
v -0.269421 0.574022 -0.604925
v -0.265742 0.574065 -0.601737
v -0.267133 0.576868 -0.59693
v -0.267606 0.574473 -0.599295
v -0.273521 0.582801 -0.599093
v -0.276273 0.631066 -0.593483
v -0.269174 0.641534 -0.593726
v -0.249359 0.632527 -0.637336
v -0.237011 0.634109 -0.631165
v -0.272804 0.630817 -0.623864
v -0.257735 0.644332 -0.59473
v 0.22798 0.63649 -0.58333
v 0.241313 0.635559 -0.571282
v 0.222729 0.63345 -0.620217
v 0.221285 0.635452 -0.601186
v 0.253013 0.617792 -0.63966
v 0.262585 0.59013 -0.625668
v 0.265493 0.579749 -0.619423
v 0.234476 0.605976 -0.599686
v 0.243901 0.621182 -0.572251
v 0.262424 0.605014 -0.574087
v 0.266917 0.579438 -0.586799
v 0.277263 0.573567 -0.59848
v 0.282505 0.604451 -0.621001
v 0.257998 0.573444 -0.608057
v 0.270251 0.56864 -0.610094
v -0.227538 0.636521 -0.583237
v -0.240803 0.635572 -0.571166
v -0.220953 0.635444 -0.601053
v -0.222491 0.63343 -0.620081
v -0.253553 0.579972 -0.609421
v -0.246265 0.591314 -0.589721
v -0.266887 0.569704 -0.611978
v -0.265494 0.579726 -0.619442
v -0.257987 0.573421 -0.608086
v -0.257019 0.573024 -0.602811
v -0.266709 0.579467 -0.586598
v -0.262029 0.60501 -0.573946
v -0.281483 0.591125 -0.616394
v -0.271826 0.568691 -0.596946
v 0.232415 0.639508 -0.581042
v 0.22263 0.635755 -0.620505
v 0.223767 0.63473 -0.622253
v 0.253985 0.6189 -0.639715
v 0.259095 0.618557 -0.638801
v -0.232044 0.6396 -0.580905
v -0.226241 0.632408 -0.625685
v -0.223528 0.63469 -0.622094
v -0.222396 0.635702 -0.620376
v -0.268573 0.617309 -0.636733
v -0.253839 0.618794 -0.63965
v -0.274193 0.615908 -0.608503
v -0.164072 1.49075 0.388534
v 0.281611 1.22414 0.352305
v -0.627436 0.881608 0.212863
v -0.197664 0.584404 0.888443
v 0.157282 0.977185 -0.615452
v 0.221694 0.208336 0.586708
v -0.369302 0.181294 -0.398154
v 0.227711 0.990894 -0.500599
v -0.070287 1.23211 0.143803
v 0.941041 0.737118 0.254086
v 0.081598 0.284374 0.62722
v 0.084865 0.932668 0.232763
v 0.142466 0.304182 -0.357905
v 0.133774 1.23764 0.720666
v -0.162144 0.929878 0.517628
v 0.239421 1.48101 0.469808
v 0.14142 0.908352 0.27617
v 0.077817 0.724379 0.679546
v 0.439956 0.086887 0.409711
v -0.328403 0.628961 -0.58294
v -0.211683 0.791145 0.397303
v 0.138611 0.769377 0.184761
v -0.462377 0.138733 0.424502
v -0.202277 1.03552 0.280428
v -0.114136 0.427985 -0.648646
v -0.644795 0.794925 0.43031
v -0.306211 1.1376 0.477158
v -0.11306 0.652346 -0.80501
v -0.140586 0.775682 0.18733
v 0.105554 0.496958 0.586013
v -0.287431 0.854261 0.38423
v 0.183569 0.919287 0.145636
v -0.41141 0.18557 0.261942
v -0.050473 1.35682 0.741155
v -0.106702 0.539507 0.972077
v 0.058949 1.27014 -0.415848
v -0.046332 0.790276 0.461081
v -0.231008 1.06753 0.287905
v 0.327587 0.172722 -0.153669
v -0.599276 0.950474 0.150875
v -0.069816 1.21825 0.131788
v 0.4716 0.965722 0.177987
v 0.478569 0.317633 0.164551
v -0.395125 0.19403 -0.086635
v -0.164794 0.086236 0.460117
v 0.06627 0.927753 0.544633
v 0.076692 0.583541 -0.374325
v 0.102126 0.993057 -0.029168
v -0.29635 1.22196 0.518915
v 1.2999999999999123e-05 0.55428 -0.439902
v 0.066704 1.47275 0.267999
v -0.162867 0.964085 0.603773
v -0.301634 0.818267 0.183579
v -0.487268 0.402768 -0.142404
v -0.278749 0.609986 -0.61338
v -1.5000000000001124e-05 0.651289 -0.733374
v -0.353687 0.905467 -0.457736
v 0.26518 1.03199 0.500365
v -0.080381 1.57388 0.641293
v -0.113166 0.910284 0.115771
v 0.420786 0.185208 0.033694
v -8.000000000000021e-05 0.687146 0.432777
v -0.189088 0.987449 0.259419
v 0.105939 0.809529 0.204779
v 0.113582 0.839766 0.241546
v 0.319756 0.544822 -0.497668
v 0.240004 0.98165 0.4224
v 0.33122 0.612055 -0.531868
v 0.046424 0.687712 0.432564
v -0.162595 0.552676 -0.499999
v 0.156371 0.665844 -0.475572
v -0.186882 1.07459 -0.025727
v -0.070399 0.784878 0.186257
v -0.072523 0.878067 0.344008
v -0.08372 0.878175 0.166783
v 0.126581 1.03411 0.203862
v 0.117235 0.923908 0.248433
v -0.075901 0.879296 0.346898
v 0.277638 0.631327 -0.593333
v 0.111667 1.21757 -0.228392
v 0.04409299999999999 0.382132 -0.498588
v 0.05889 0.534569 -0.710842
v 0.940733 0.728933 0.206125
v 0.415739 0.182967 -0.391155
v -0.299558 1.13934 0.475857
v 0.17845 0.569995 0.877115
v -0.071994 1.23284 0.137054
v -0.052955 0.498458 0.582665
v -0.07154 1.21834 0.125004
v -0.451191 0.577492 0.020142
v -0.682811 0.773938 0.386332
v 0.224865 1.4442 0.482524
v -0.269793 1.30623 0.558624
v -0.073014 0.885673 0.346924
v -0.937721 0.742295 0.257404
v 0.308773 0.751373 -0.605243
v 0.099188 0.788712 0.185178
v 0.423293 0.593778 0.150208
v -0.180735 0.65805 -0.478678
v -0.389706 0.670087 -0.048791
v -0.1829 0.144931 0.523991
v -0.382674 0.011639999999999998 -0.392022
v 0.187201 1.5032 0.409875
v 0.524051 0.304084 -0.22586
v -0.186291 0.438101 -0.571481
v -0.037489 0.60614 0.83983
v -0.25275 0.050857 0.545848
v -0.153062 1.50349 0.33856
v -0.100367 1.27571 -0.385606
v 0.792573 0.880764 0.054648
v 0.196797 1.2019 0.171774
v 0.067597 0.921536 0.547564
v -0.756592 0.907772 0.120061
v -0.17056 0.922385 0.393172
v -0.270692 0.5031 0.535567
v 0.38679 0.939712 0.102992
v 0.229431 0.262437 0.601418
v 0.103715 1.16518 -0.332616
v -0.173477 0.458773 1.01336
v -0.289567 0.797204 0.429699
v 0.748007 0.832193 0.242882
v 0.266774 0.718431 0.174677
v 0.248489 0.811363 -0.049174
v 0.082214 0.283365 0.63412
v -0.135379 1.51409 0.627405
v 0.143139 0.818513 0.29303
v 0.090887 0.655335 -0.706915
v 0.470572 0.960088 0.173962
v -0.259244 1.03648 0.415301
v -0.44337 0.214142 0.09607
v -0.300165 0.927437 0.231032
v 0.240077 0.216764 -0.261088
v -0.259242 1.10541 0.258422
v -0.014104 1.44546 0.732639
v -0.293314 0.764041 -0.634978
v 0.221869 1.35905 0.650101
v 0.297986 0.615742 -0.630194
v 0.373047 0.013951999999999999 0.468739
v 0.249399 1.01667 0.529624
v -0.520916 0.151323 -0.254829
v -3.800000000000331e-05 1.10926 0.765126
v 1.1999999999998123e-05 1.41059 0.169158
v 0.170143 0.549732 -0.661384
v 0.462559 0.260756 -0.033956
v 0.058516 0.663226 0.520881
v 0.269719 1.30612 0.558616
v -0.339432 1.26544 0.459768
v -0.132425 1.01646 -0.288999
v 0.166486 0.928118 0.393247
v 0.261525 0.962374 0.164761
v 0.230503 0.99688 -0.502918
v -0.18798 0.280825 -0.328718
v -0.092519 1.0181 0.076857
v 0.143492 0.568801 -0.462207
v -0.142242 1.33226 0.722589
v 0.123074 1.56386 0.452385
v -0.217944 0.636401 -0.455041
v 0.135159 0.918702 0.426553
v 0.300169 0.519961 -0.477854
v -0.265292 0.779011 -0.65106
v -0.303163 0.072237 0.31732
v -0.208326 1.29027 0.19443
v -0.383919 0.797049 0.452763
v 0.231029 1.18747 0.196785
v 0.088552 0.796018 0.501182
v -0.112358 1.11597 -0.036753
v 1.8000000000000654e-05 0.927716 0.234083
v -0.088573 0.536127 -0.537763
v 0.171499 1.02074 0.028603
v -0.186187 0.834976 0.344894
v -0.10455 0.993181 0.204626
v -0.120066 0.681963 -0.484507
v 0.112285 0.776105 0.318574
v 2.0000000000002655e-06 0.789504 0.339717
v -0.113376 0.840003 0.241605
v -0.015311 0.86889 0.383997
v -0.0018420000000000034 0.912797 0.028672000000000003
v 0.053718 0.849719 0.143481
v 0.313325 0.048909 0.324546
v -0.129051 0.922504 0.343716
v -0.068367 0.895434 0.292416
v -0.032904 0.926349 0.147555
v 0.269733 0.616005 -0.546191
v 0.084911 0.937685 0.214523
v 0.084235 0.954675 0.206949
v -0.114859 0.906801 0.275349
v -0.047495 1.57728 0.649405
v 0.325735 0.174356 -0.383075
v 0.129989 1.02723 0.676995
v -0.172247 1.26282 -0.41443
v -0.507177 0.76537 0.283983
v 0.090194 1.277 -0.426303
v -0.187096 0.735494 0.607689
v -0.203432 0.670036 0.740574
v 0.195271 0.700248 0.697196
v 0.072153 0.987992 0.62062
v 0.9634 0.788291 0.053976
v -0.179765 1.25337 -0.388922
v -0.149335 1.38637 0.22588
v 0.085989 0.763017 0.14589
v 0.351325 0.114214 0.191499
v -0.158146 1.33673 0.673594
v -0.404799 0.038114 0.498965
v -0.267205 0.194945 -0.307661
v 0.41423 0.433874 0.476956
v 0.037299 1.28308 -0.534259
v -0.754102 0.902515 0.116168
v -0.026449 0.730607 0.295361
v 0.188745 1.27939 0.667294
v 0.057002 0.176188 -0.271283
v -0.393615 0.014676000000000002 0.405971
v 0.124613 0.954907 0.617867
v 0.33967 0.929208 0.223531
v 0.275003 0.287236 0.613433
v 0.099408 0.906608 0.305512
v -0.211599 0.373475 0.606089
v 0.186263 0.438048 -0.571527
v 0.205912 0.72264 0.263957
v 0.098466 0.944679 0.183879
v 0.198478 1.24579 0.183917
v -0.110433 1.16006 -0.10854
v 0.411079 0.656131 -0.327417
v 0.175166 1.16358 -0.222388
v -0.290644 1.24716 0.273505
v 0.124358 0.639787 0.851852
v -0.329387 0.852164 0.388652
v 0.765593 0.906778 0.061072
v -0.426109 0.18058 0.033236
v 0.887203 0.73676 0.260661
v 0.204439 1.43837 0.576867
v 0.030064 0.375101 1.00319
v 0.030477000000000004 1.62603 0.516475
v 0.227349 0.471348 -0.568559
v 0.320482 1.17555 0.411876
v 0.426117 0.180715 0.03307
v -0.133405 0.488336 -0.718393
v -0.053731 1.10075 0.149527
v 0.281622 0.850267 -0.143578
v -0.624709 0.772889 0.26356
v -0.340823 0.921601 -0.218266
v 0.628393 0.83347 0.370854
v -0.184699 0.275807 0.618783
v 0.032743 0.421069 1.04196
v -0.405958 0.805877 -0.293944
v 0.05634800000000001 0.03199 0.11399
v -0.48799 0.039478 -0.314983
v -0.976589 0.756192 0.122558
v -0.069505 1.22304 0.749231
v 0.339452 1.26538 0.45981
v 0.332562 1.26433 0.459158
v 0.150296 0.183639 0.574041
v -0.298479 0.127117 -0.095742
v 0.585844 0.766288 0.271273
v -0.081808 1.03412 0.674446
v -0.166467 0.928063 0.393161
v -0.445926 0.528568 -0.16025100000000003
v 0.063313 0.941933 -0.12297
v 0.200275 0.891891 0.238305
v 0.422368 0.168196 -0.138513
v 0.037985 0.956848 0.104272
v -0.061192 0.577529 0.730273
v -0.207278 1.5066 0.586801
v 0.589024 0.893625 0.227326
v 0.378975 0.78995 0.232702
v 0.25278 0.050850000000000006 0.545853
v -0.297243 0.542375 -0.573284
v -0.191338 0.731434 0.611498
v 0.036342 1.59378 0.47456
v -0.282576 1.08587 0.403957
v -0.031758999999999996 0.779435 0.405006
v 1.4999999999999999e-05 1.60293 0.403941
v 1.7000000000000007e-05 1.59694 0.407561
v -0.022747 1.35642 0.743466
v -0.202431 1.28914 0.198031
v 0.163498 1.55199 0.481298
v -0.311468 1.08862 0.3658
v 0.235131 0.875075 0.254305
v 0.220974 0.573966 -0.548691
v -0.562262 0.832397 0.427204
v 0.171305 0.622905 -0.748036
v 2.9000000000001247e-05 1.2214 0.09207
v -0.118555 0.652905 -0.403696
v -0.150755 1.19052 -0.157153
v 0.332564 0.660911 -0.59854
v 0.031436000000000006 1.47411 0.74048
v 0.2023 1.03555 0.280462
v -1.9999999999985307e-06 1.01288 -0.611456
v 0.46422 0.016358000000000004 -0.344161
v 0.190649 0.761553 -0.724626
v -1.0999999999997123e-05 0.551094 -0.527783
v -0.112271 0.77614 0.318567
v -0.252344 0.62972 -0.580102
v -0.079435 0.648717 -0.409122
v 0.037876 0.873379 0.352777
v -0.001301 0.87771 0.061671
v -0.10502 1.04082 0.049068
v 0.072463 0.945601 0.212424
v 0.056724 0.874877 0.336752
v 0.214969 0.841685 0.359922
v -0.310174 0.655811 -0.649847
v 0.104139 0.909217 0.118277
v -0.212452 1.46857 0.538235
v -0.029003 0.785869 0.405021
v 0.098007 0.871802 0.401312
v 0.099204 0.989108 0.211628
v -0.204475 0.051313 0.305708
v 0.239996 0.589229 -0.520423
v -0.053713 0.849721 0.143481
v -0.084411 0.799233 0.316084
v 0.153585 0.964221 0.258285
v 0.348623 0.03816 0.342879
v 0.427111 0.029457 -0.394425
v 0.082447 0.968891 0.186953
v -0.072296 0.941309 0.226179
v -0.036894 1.60464 0.590695
v -0.088265 0.928983 0.245064
f 4 5 3
f 8 9 6
f 10 8 6
f 3 1 4
f 1 12 2
f 12 5 2
f 1 3 5
f 1 5 12
f 13 7 14
f 9 14 15
f 9 15 6
f 10 14 9
f 10 9 8
f 13 14 10
f 7 13 10
f 7 10 6
f 14 7 16
f 18 6 4
f 18 4 17
f 18 16 6
f 14 16 18
f 19 6 14
f 19 14 18
f 7 6 16
f 4 1 17
f 1 2 21
f 23 22 2
f 25 1 27
f 25 27 26
f 25 26 2
f 27 2 26
f 23 28 25
f 23 24 28
f 23 25 22
f 18 17 24
f 29 30 24
f 31 29 24
f 2 32 23
f 5 23 32
f 5 32 2
f 24 5 4
f 31 24 4
f 4 11 31
f 24 23 5
f 22 25 2
f 18 31 19
f 20 31 18
f 29 31 20
f 2 27 21
f 1 21 27
f 28 24 25
f 1 25 24
f 1 24 17
f 6 15 14
f 6 19 31
f 6 31 11
f 18 30 29
f 18 29 20
f 24 30 18
f 11 4 6
f 40 39 38
f 39 40 41
f 42 39 41
f 45 46 43
f 45 43 44
f 43 2931 33
f 47 33 3204
f 47 44 33
f 3204 50 47
f 33 44 43
f 55 54 52
f 52 47 55
f 47 54 55
f 52 54 53
f 54 47 57
f 53 59 52
f 54 60 53
f 58 60 54
f 53 60 58
f 53 61 59
f 53 62 63
f 59 61 52
f 65 2905 61
f 47 3102 67
f 67 3102 68
f 3102 66 44
f 3102 44 68
f 69 44 66
f 66 46 69
f 44 69 46
f 67 68 44
f 74 72 70
f 78 71 77
f 71 78 70
f 70 79 71
f 79 78 77
f 79 77 71
f 3138 73 70
f 73 3138 81
f 3138 82 81
f 62 84 83
f 85 84 62
f 83 84 85
f 85 86 83
f 86 85 58
f 53 85 62
f 58 85 53
f 62 83 3138
f 83 88 90
f 91 3138 83
f 86 92 83
f 93 83 92
f 95 96 98
f 98 97 95
f 89 99 96
f 99 97 96
f 98 96 97
f 88 89 96
f 88 96 91
f 91 90 88
f 101 100 95
f 86 3033 92
f 3033 86 3198
f 63 62 64
f 63 64 78
f 78 64 62
f 79 80 78
f 78 2988 2952
f 65 2952 3038
f 2952 3126 103
f 2952 61 53
f 61 2952 65
f 46 104 43
f 43 104 103
f 104 46 103
f 107 51 105
f 51 107 50
f 107 105 106
f 106 105 2941
f 105 111 112
f 51 50 3204
f 49 51 3204
f 51 49 105
f 49 113 105
f 3030 116 108
f 108 50 3030
f 116 57 117
f 116 117 56
f 116 56 50
f 108 116 50
f 115 116 114
f 118 116 115
f 114 119 118
f 118 115 114
f 122 121 120
f 3086 124 123
f 120 114 3086
f 105 112 2941
f 129 128 2941
f 129 2941 112
f 128 129 127
f 128 127 2941
f 126 129 112
f 130 126 132
f 126 130 131
f 126 131 129
f 135 136 138
f 136 137 138
f 138 140 139
f 138 137 140
f 137 139 140
f 135 137 136
f 141 75 135
f 141 142 75
f 75 76 3155
f 135 139 137
f 75 139 135
f 144 143 135
f 144 135 145
f 135 146 145
f 146 144 145
f 2903 147 144
f 149 144 150
f 144 149 151
f 135 143 3120
f 135 142 141
f 110 109 3133
f 110 152 109
f 152 120 109
f 142 120 152
f 122 3120 144
f 143 144 3120
f 153 122 151
f 151 122 144
f 3120 122 120
f 2943 156 155
f 155 157 2943
f 56 47 50
f 44 47 67
f 44 46 45
f 3005 40 155
f 42 41 40
f 3005 155 156
f 37 3109 42
f 36 37 42
f 36 42 34
f 48 2931 3126
f 159 2931 2988
f 160 2931 159
f 2931 160 40
f 73 82 91
f 73 91 70
f 82 73 161
f 73 81 162
f 161 162 81
f 161 73 162
f 91 82 3138
f 161 81 82
f 83 90 91
f 91 96 163
f 91 74 70
f 91 72 74
f 163 72 91
f 3049 75 72
f 3049 72 163
f 3049 163 100
f 163 96 100
f 95 164 3178
f 165 2926 97
f 165 164 2926
f 166 164 165
f 154 3178 167
f 154 167 3081
f 165 3178 166
f 164 166 3178
f 95 100 96
f 3003 169 170
f 169 3003 2923
f 169 2923 170
f 86 3164 173
f 3164 174 173
f 48 3126 2952
f 76 178 79
f 177 80 79
f 78 80 177
f 78 177 159
f 78 159 2988
f 134 105 133
f 105 126 133
f 126 105 132
f 179 3163 113
f 105 113 132
f 180 2928 182
f 2928 183 182
f 184 180 3112
f 184 2904 180
f 158 3140 3022
f 113 180 179
f 179 180 3163
f 3133 109 2937
f 118 119 2964
f 2964 119 114
f 114 120 121
f 114 121 122
f 116 3030 114
f 3030 124 114
f 114 124 3086
f 139 146 138
f 139 75 146
f 135 138 146
f 186 100 187
f 100 186 148
f 102 187 100
f 150 148 188
f 186 102 148
f 186 187 102
f 2903 100 148
f 2903 148 147
f 147 148 144
f 102 100 101
f 148 102 149
f 148 149 188
f 154 149 102
f 150 188 149
f 189 191 2937
f 123 189 2937
f 189 190 192
f 189 192 191
f 3186 192 190
f 192 194 185
f 3186 190 189
f 189 123 3186
f 123 2937 3002
f 2964 3081 195
f 3115 2964 195
f 110 142 152
f 199 110 2996
f 110 199 3021
f 178 3021 199
f 3021 142 110
f 142 3021 75
f 65 3038 3144
f 65 3144 2905
f 103 66 200
f 200 66 204
f 46 66 103
f 99 89 88
f 99 88 83
f 99 83 94
f 99 94 3033
f 3033 94 83
f 93 3033 83
f 3033 93 205
f 92 205 93
f 3033 205 92
f 87 206 165
f 208 165 173
f 206 207 165
f 207 173 165
f 97 87 165
f 56 117 57
f 132 131 130
f 95 3178 101
f 212 213 211
f 213 212 214
f 213 3205 211
f 213 210 3205
f 215 218 217
f 215 217 219
f 215 210 213
f 3013 181 3140
f 220 155 40
f 40 160 220
f 160 159 221
f 160 221 3013
f 116 118 57
f 57 3115 2923
f 222 57 2923
f 222 2923 54
f 54 57 222
f 191 192 2937
f 2937 192 185
f 3005 156 2943
f 150 144 148
f 2943 157 158
f 157 155 158
f 180 2943 158
f 180 113 49
f 180 49 2943
f 215 2945 223
f 3066 223 224
f 198 223 3066
f 198 215 223
f 79 70 3155
f 79 3155 76
f 57 47 56
f 3112 2904 184
f 3112 129 2904
f 3163 129 131
f 2969 208 227
f 208 209 227
f 2969 3178 165
f 2969 165 208
f 3055 176 228
f 228 225 230
f 175 176 3055
f 228 231 3055
f 232 228 229
f 232 229 233
f 2968 232 225
f 224 232 2968
f 232 233 230
f 232 230 225
f 234 178 3116
f 3116 235 234
f 3013 3116 2928
f 2927 3013 159
f 198 216 215
f 215 219 214
f 239 214 219
f 213 239 219
f 214 239 213
f 240 219 238
f 240 238 213
f 213 219 240
f 215 213 218
f 213 238 217
f 213 217 218
f 219 217 238
f 230 233 229
f 230 229 228
f 200 204 203
f 181 3022 3140
f 159 3013 221
f 241 2928 226
f 3116 127 226
f 3116 226 2928
f 241 226 129
f 241 129 2928
f 129 183 2928
f 183 129 182
f 127 129 226
f 3205 167 168
f 124 185 194
f 192 124 194
f 86 173 207
f 237 3013 2927
f 35 243 3059
f 35 3059 244
f 35 244 36
f 35 36 242
f 39 246 248
f 39 248 38
f 39 245 247
f 39 247 246
f 3109 249 245
f 3109 37 249
f 38 253 3059
f 38 250 252
f 250 37 251
f 123 124 254
f 123 254 125
f 126 256 257
f 126 257 255
f 133 126 255
f 133 255 258
f 133 258 259
f 3209 260 126
f 3209 259 261
f 133 3077 134
f 154 262 3035
f 151 3035 263
f 154 264 262
f 154 265 264
f 154 3081 265
f 3003 170 266
f 3003 266 267
f 3003 267 172
f 174 3164 268
f 173 269 175
f 173 174 269
f 175 270 176
f 3164 3003 175
f 3164 175 271
f 3164 271 272
f 3164 272 268
f 3003 274 273
f 3003 273 175
f 79 276 275
f 79 277 276
f 79 178 278
f 79 278 277
f 79 279 2927
f 2927 279 280
f 134 282 105
f 3077 281 134
f 283 124 3030
f 192 3186 284
f 287 125 285
f 286 285 193
f 193 285 125
f 192 193 289
f 192 289 288
f 192 288 124
f 195 291 290
f 195 290 3115
f 195 3205 291
f 3115 292 293
f 3115 290 292
f 3115 294 196
f 3115 293 295
f 3115 295 294
f 171 296 198
f 198 296 197
f 2980 297 171
f 2980 196 298
f 2980 298 297
f 201 202 299
f 2905 3144 201
f 2905 201 300
f 301 2905 300
f 203 303 3144
f 204 202 304
f 204 304 203
f 306 66 2905
f 207 206 307
f 207 307 308
f 87 309 206
f 87 2953 310
f 87 310 309
f 211 311 212
f 168 312 214
f 212 311 214
f 3205 214 313
f 3205 313 211
f 3205 168 214
f 210 314 315
f 210 315 3205
f 215 314 210
f 170 171 316
f 170 316 317
f 170 317 266
f 198 3066 318
f 3003 172 319
f 3003 319 320
f 3003 320 274
f 322 321 124
f 254 124 324
f 124 321 323
f 322 124 288
f 326 2969 325
f 223 2945 328
f 223 328 325
f 2945 329 330
f 325 2945 330
f 2969 331 168
f 331 2969 329
f 2969 326 329
f 2969 227 332
f 327 2969 332
f 209 333 227
f 334 333 209
f 209 335 334
f 337 336 209
f 209 336 335
f 3191 338 339
f 3191 339 340
f 3191 341 338
f 3191 335 341
f 3191 223 342
f 3191 343 344
f 3191 344 232
f 345 340 209
f 209 340 337
f 209 3055 345
f 208 3055 346
f 208 346 209
f 340 347 3191
f 3191 347 343
f 228 232 231
f 234 348 178
f 350 235 3116
f 235 350 351
f 235 351 236
f 235 236 349
f 3013 236 352
f 237 236 3013
f 237 353 236
f 2927 354 237
f 2927 280 355
f 2927 355 354
f 349 236 356
f 234 235 348
f 204 3000 357
f 204 357 302
f 204 302 202
f 358 262 265
f 2953 359 206
f 2953 206 310
f 262 358 3035
f 265 3035 358
f 308 2953 362
f 308 361 2953
f 362 2953 207
f 206 359 360
f 361 360 2953
f 361 308 360
f 206 360 308
f 2953 360 359
f 262 264 265
f 2977 3081 151
f 151 263 2977
f 2977 263 3035
f 206 308 307
f 362 207 308
f 310 206 309
f 3055 232 340
f 363 3205 215
f 266 171 198
f 3055 231 232
f 343 340 232
f 3205 363 198
f 2968 225 228
f 172 266 198
f 172 198 274
f 196 364 197
f 196 197 171
f 174 268 175
f 290 198 293
f 290 3205 198
f 293 198 196
f 364 196 198
f 227 342 223
f 227 223 325
f 227 335 3191
f 227 3191 342
f 174 175 269
f 343 232 344
f 340 343 347
f 325 328 2945
f 325 330 329
f 335 340 338
f 335 338 341
f 340 339 365
f 340 365 338
f 227 333 334
f 227 334 335
f 325 2969 327
f 227 325 327
f 227 327 332
f 335 336 340
f 340 336 337
f 331 329 168
f 228 270 175
f 228 176 366
f 228 366 270
f 340 345 3055
f 214 211 313
f 214 311 211
f 363 215 216
f 363 216 198
f 215 3205 314
f 268 271 175
f 175 273 274
f 274 320 319
f 172 267 266
f 171 317 316
f 266 317 171
f 274 319 172
f 171 197 296
f 171 297 298
f 196 171 298
f 293 196 294
f 293 294 295
f 290 293 292
f 3205 290 291
f 274 198 318
f 274 318 3066
f 329 326 325
f 329 214 312
f 329 312 367
f 329 367 168
f 364 198 197
f 36 34 370
f 371 35 372
f 36 371 372
f 373 282 3077
f 374 282 375
f 380 381 382
f 388 389 390
f 394 3000 301
f 288 396 395
f 201 305 398
f 305 201 399
f 369 370 34
f 368 34 371
f 34 368 369
f 370 369 36
f 371 36 369
f 369 368 371
f 371 34 35
f 111 402 376
f 111 105 402
f 377 402 105
f 111 373 3077
f 373 111 403
f 403 374 373
f 374 375 404
f 374 404 373
f 403 111 374
f 111 376 282
f 111 282 374
f 282 373 404
f 282 404 375
f 377 105 282
f 282 376 402
f 282 402 377
f 36 3059 405
f 36 406 379
f 406 36 405
f 405 379 406
f 405 378 379
f 378 37 36
f 379 378 36
f 378 407 37
f 407 378 408
f 408 378 405
f 245 381 380
f 38 248 245
f 37 250 381
f 250 382 381
f 250 38 245
f 250 245 380
f 250 380 382
f 37 381 245
f 256 383 259
f 133 384 3077
f 259 409 133
f 409 410 133
f 384 133 385
f 133 410 385
f 384 385 3077
f 385 410 409
f 259 411 385
f 385 409 259
f 408 405 37
f 407 408 37
f 245 248 246
f 386 306 414
f 386 414 412
f 386 387 204
f 3000 204 387
f 387 386 413
f 2905 386 412
f 388 390 415
f 388 415 124
f 388 391 389
f 391 185 389
f 389 124 415
f 389 415 390
f 388 185 391
f 388 283 416
f 388 416 3030
f 124 417 388
f 417 283 388
f 301 201 418
f 3000 394 420
f 394 421 393
f 394 301 392
f 394 392 421
f 393 421 392
f 301 418 392
f 392 3000 420
f 393 392 420
f 393 420 394
f 392 422 3000
f 422 392 423
f 423 392 418
f 423 418 419
f 424 425 193
f 125 288 424
f 425 424 288
f 288 193 425
f 321 288 395
f 395 397 426
f 426 397 321
f 426 321 395
f 397 125 321
f 288 397 396
f 288 125 397
f 396 397 395
f 399 201 3144
f 427 399 3144
f 202 398 305
f 202 201 398
f 305 203 202
f 3144 303 305
f 428 400 3186
f 400 401 192
f 400 193 401
f 193 192 401
f 3186 400 284
f 400 192 284
f 400 428 287
f 400 287 193
f 413 386 3000
f 387 413 3000
f 419 418 3000
f 423 419 3000
f 422 423 3000
f 399 427 305
f 259 3077 411
f 124 389 185
f 357 202 302
f 3000 202 357
f 424 193 125
f 321 322 288
f 288 289 193
f 372 35 242
f 372 242 36
f 34 243 35
f 34 3059 243
f 282 134 281
f 282 281 3077
f 3059 36 244
f 405 251 37
f 250 251 405
f 405 253 38
f 405 3059 253
f 250 405 252
f 252 405 38
f 37 245 249
f 126 260 256
f 256 260 3209
f 256 3209 383
f 256 255 257
f 259 258 255
f 256 259 255
f 3209 261 383
f 383 261 259
f 385 411 3077
f 246 247 245
f 412 414 2905
f 414 306 2905
f 386 204 66
f 386 66 306
f 417 124 283
f 388 3030 185
f 416 283 3030
f 201 301 300
f 418 299 202
f 418 202 3000
f 418 201 299
f 125 324 124
f 254 324 125
f 125 323 321
f 323 125 124
f 203 304 202
f 305 303 203
f 285 286 287
f 287 286 193
f 428 3186 287
f 3144 305 427
f 237 429 279
f 429 355 279
f 430 3098 431
f 432 279 433
f 433 279 434
f 3098 277 431
f 432 353 237
f 237 279 432
f 429 237 355
f 235 432 434
f 235 434 435
f 235 435 3098
f 235 3098 178
f 434 432 433
f 435 434 3098
f 279 79 275
f 277 279 275
f 355 280 279
f 237 354 355
f 432 236 353
f 277 275 276
f 430 178 3098
f 431 178 430
f 277 178 431
f 235 178 348
f 432 349 356
f 432 356 236
f 432 235 349
f 277 278 178
f 352 3116 3013
f 350 236 351
f 350 3116 236
f 352 236 3116
f 436 437 438
f 436 438 439
f 440 439 441
f 442 443 444
f 444 445 442
f 442 445 446
f 446 447 436
f 436 448 3106
f 446 436 3106
f 440 441 451
f 439 440 451
f 452 451 450
f 450 449 448
f 452 450 436
f 436 450 448
f 436 439 451
f 436 451 452
f 441 439 453
f 436 447 454
f 447 446 454
f 446 445 455
f 445 444 455
f 444 443 456
f 441 453 457
f 453 439 457
f 438 437 439
f 455 444 446
f 446 444 454
f 456 436 444
f 444 436 454
f 456 437 436
f 456 439 437
f 456 441 457
f 456 457 439
f 448 449 3106
f 458 459 460
f 458 460 461
f 461 460 462
f 461 462 463
f 463 462 464
f 463 464 465
f 465 464 466
f 465 466 467
f 467 466 468
f 467 468 469
f 469 468 470
f 469 470 471
f 471 470 472
f 473 474 475
f 473 475 476
f 476 475 477
f 476 477 478
f 478 477 479
f 478 479 480
f 480 479 481
f 480 481 482
f 482 481 459
f 482 459 458
f 459 481 483
f 459 483 484
f 481 479 485
f 481 485 483
f 479 477 486
f 479 486 485
f 477 475 487
f 477 487 486
f 470 468 488
f 470 488 489
f 468 466 490
f 468 490 488
f 466 464 491
f 466 491 490
f 464 462 492
f 464 492 491
f 462 460 493
f 462 493 492
f 460 459 484
f 460 484 493
f 484 483 482
f 484 482 458
f 483 485 480
f 483 480 482
f 485 486 478
f 485 478 480
f 486 487 476
f 486 476 478
f 489 488 469
f 489 469 471
f 488 490 467
f 488 467 469
f 490 491 465
f 490 465 467
f 491 492 463
f 491 463 465
f 492 493 461
f 492 461 463
f 493 484 458
f 493 458 461
f 450 3106 449
f 475 474 494
f 475 494 487
f 470 489 495
f 470 495 472
f 487 494 473
f 487 473 476
f 489 471 495
f 496 497 498
f 497 499 500
f 499 3117 500
f 442 501 502
f 501 503 502
f 503 501 504
f 501 496 498
f 501 3106 2995
f 497 3117 499
f 496 501 497
f 501 3117 497
f 441 505 3117
f 498 2915 501
f 501 506 504
f 504 506 503
f 503 507 502
f 502 507 442
f 442 456 443
f 441 508 505
f 505 508 3117
f 3117 509 500
f 500 509 497
f 497 2915 498
f 507 503 442
f 442 503 456
f 503 506 456
f 456 506 501
f 2915 497 509
f 2915 509 3117
f 2915 3117 508
f 2915 508 441
f 2995 3106 510
f 511 512 513
f 511 513 514
f 512 515 516
f 512 516 513
f 515 517 518
f 515 518 516
f 517 519 520
f 517 520 518
f 519 521 522
f 519 522 520
f 521 471 523
f 521 523 522
f 471 472 523
f 473 524 525
f 473 525 474
f 524 526 527
f 524 527 525
f 526 528 529
f 526 529 527
f 528 530 531
f 528 531 529
f 530 511 514
f 530 514 531
f 514 532 533
f 514 533 531
f 531 533 534
f 531 534 529
f 529 534 535
f 529 535 527
f 527 535 536
f 527 536 525
f 523 537 538
f 523 538 522
f 522 538 539
f 522 539 520
f 520 539 540
f 520 540 518
f 518 540 541
f 518 541 516
f 516 541 542
f 516 542 513
f 513 542 532
f 513 532 514
f 532 511 530
f 532 530 533
f 533 530 528
f 533 528 534
f 534 528 526
f 534 526 535
f 535 526 524
f 535 524 536
f 537 471 521
f 537 521 538
f 538 521 519
f 538 519 539
f 539 519 517
f 539 517 540
f 540 517 515
f 540 515 541
f 541 515 512
f 541 512 542
f 542 512 511
f 542 511 532
f 3106 450 510
f 450 2995 510
f 525 536 494
f 525 494 474
f 523 472 495
f 523 495 537
f 536 524 473
f 536 473 494
f 537 495 471
f 545 543 546
f 547 543 545
f 2921 549 548
f 3101 549 2921
f 543 547 550
f 543 550 553
f 544 554 555
f 543 554 544
f 552 553 550
f 552 550 551
f 553 552 556
f 560 3050 561
f 561 552 560
f 561 557 559
f 557 558 559
f 562 559 558
f 562 558 557
f 564 563 557
f 562 557 563
f 566 567 568
f 565 3050 566
f 569 566 3150
f 575 573 574
f 576 575 574
f 571 578 572
f 579 578 571
f 571 580 579
f 580 581 579
f 579 581 582
f 3142 583 572
f 572 578 579
f 3142 584 583
f 584 585 583
f 2918 585 586
f 583 587 562
f 588 587 585
f 562 588 585
f 585 587 583
f 564 583 562
f 562 563 564
f 2955 579 591
f 589 593 594
f 595 594 593
f 594 595 589
f 590 2955 596
f 590 596 589
f 593 589 3185
f 590 589 2955
f 593 599 597
f 597 599 3187
f 593 600 595
f 601 602 565
f 564 602 601
f 3028 601 565
f 601 603 3154
f 604 2942 565
f 605 2942 604
f 566 605 565
f 605 604 565
f 564 557 565
f 565 602 564
f 2942 3028 565
f 608 556 609
f 611 612 610
f 611 610 556
f 610 613 608
f 612 613 610
f 609 610 608
f 610 609 556
f 606 556 3099
f 607 606 3099
f 615 607 3099
f 555 543 3143
f 606 616 555
f 606 555 3143
f 618 555 617
f 606 3143 556
f 619 2911 620
f 621 614 2911
f 614 621 611
f 611 556 3108
f 614 611 2911
f 622 620 2911
f 619 622 623
f 622 619 620
f 624 625 626
f 619 625 624
f 628 3042 627
f 627 629 625
f 630 629 627
f 630 625 629
f 627 625 631
f 625 630 626
f 2982 630 632
f 624 626 630
f 624 630 619
f 606 607 615
f 615 2959 633
f 635 615 633
f 637 633 634
f 637 635 633
f 637 615 635
f 637 634 636
f 3103 636 634
f 2917 639 606
f 639 2917 640
f 639 640 606
f 606 615 2917
f 645 642 641
f 642 646 643
f 646 642 645
f 647 648 649
f 647 649 644
f 646 647 644
f 646 644 643
f 644 649 648
f 648 643 644
f 642 643 648
f 641 3136 651
f 576 3136 641
f 641 642 650
f 576 641 650
f 653 654 641
f 653 641 652
f 641 654 645
f 645 654 653
f 655 2906 653
f 656 2906 655
f 655 653 656
f 657 2994 658
f 657 658 653
f 641 651 659
f 641 659 652
f 659 651 652
f 3042 3157 660
f 630 3042 660
f 621 613 611
f 628 633 2959
f 661 633 628
f 651 661 628
f 627 3042 630
f 627 662 651
f 662 653 652
f 662 652 651
f 657 653 662
f 665 544 2999
f 2999 667 666
f 2999 666 548
f 668 2999 669
f 667 668 669
f 2999 668 667
f 543 555 554
f 3150 566 552
f 552 3050 560
f 552 3108 556
f 552 566 3050
f 544 670 3101
f 671 544 665
f 671 548 544
f 670 544 548
f 670 548 3101
f 548 667 2921
f 3101 548 549
f 665 548 671
f 546 544 545
f 546 543 544
f 672 603 601
f 3154 603 672
f 673 672 3028
f 547 673 3028
f 675 580 674
f 571 675 674
f 675 571 2955
f 580 675 581
f 580 571 674
f 582 581 675
f 675 579 582
f 591 579 675
f 591 675 2955
f 596 2955 592
f 596 3046 676
f 592 2955 571
f 596 592 3046
f 2906 3185 676
f 3185 2906 656
f 600 593 677
f 677 595 600
f 2954 677 593
f 663 3025 598
f 679 2966 663
f 2966 678 663
f 3025 663 678
f 681 3025 678
f 3182 679 663
f 3185 599 682
f 593 3185 682
f 593 682 599
f 685 684 683
f 562 683 684
f 562 685 683
f 685 562 687
f 587 588 562
f 687 562 689
f 672 601 3028
f 573 691 574
f 577 690 691
f 690 577 572
f 690 572 2998
f 606 692 616
f 640 692 606
f 640 616 692
f 640 3036 616
f 3036 618 616
f 617 555 616
f 617 616 618
f 3149 693 2909
f 693 3149 3015
f 612 611 613
f 622 694 3131
f 622 3057 623
f 619 623 3057
f 619 631 625
f 619 3057 627
f 619 627 631
f 621 2982 695
f 696 695 2982
f 619 630 2911
f 576 676 697
f 2906 676 576
f 573 697 676
f 573 575 576
f 573 576 697
f 645 576 650
f 650 648 646
f 698 650 646
f 646 645 698
f 645 650 698
f 648 650 642
f 676 3046 573
f 651 628 627
f 3187 699 2994
f 599 700 3187
f 2994 699 700
f 700 599 2994
f 3187 700 699
f 598 2994 663
f 3157 632 630
f 3157 2982 701
f 3157 701 632
f 630 660 3157
f 703 686 704
f 703 3041 686
f 694 686 3041
f 664 2966 694
f 3136 3020 661
f 3136 661 651
f 705 605 567
f 605 568 567
f 705 567 706
f 708 706 567
f 605 705 706
f 2942 605 569
f 710 709 707
f 570 569 709
f 569 605 709
f 562 684 559
f 589 3058 2955
f 3058 711 2955
f 585 2955 711
f 3058 585 711
f 712 677 2954
f 562 712 689
f 712 687 689
f 3190 677 712
f 595 677 3190
f 599 3185 656
f 663 2994 3182
f 653 658 2994
f 3182 2966 679
f 678 714 680
f 714 715 680
f 714 713 715
f 714 678 713
f 3176 713 678
f 715 713 716
f 715 716 717
f 678 2966 3176
f 3114 719 718
f 547 667 672
f 672 720 3154
f 672 667 718
f 672 718 720
f 672 673 547
f 2918 586 3058
f 3058 586 585
f 2979 694 622
f 2979 622 561
f 559 2979 561
f 694 3134 686
f 646 648 647
f 721 695 3157
f 695 696 3157
f 695 722 621
f 702 722 695
f 702 695 721
f 621 722 702
f 613 621 702
f 702 721 3157
f 665 2999 548
f 666 667 548
f 555 618 669
f 605 566 568
f 723 3134 685
f 686 685 704
f 2948 724 725
f 685 726 2948
f 725 713 704
f 726 685 687
f 686 723 685
f 686 3134 723
f 572 691 573
f 572 573 571
f 691 572 577
f 636 3103 637
f 618 637 3015
f 2982 632 701
f 3157 696 2982
f 633 661 634
f 2954 681 712
f 725 681 678
f 725 678 715
f 678 680 715
f 712 727 688
f 712 730 727
f 687 688 727
f 727 726 687
f 729 726 727
f 687 712 688
f 730 728 727
f 730 731 728
f 726 3180 732
f 681 733 734
f 734 3180 681
f 3180 734 733
f 735 733 681
f 735 3180 733
f 2948 732 3180
f 2948 3180 735
f 3180 726 729
f 3180 729 730
f 730 729 731
f 736 634 661
f 736 661 3020
f 736 3103 634
f 736 3020 737
f 693 736 737
f 693 718 2986
f 718 693 737
f 737 738 718
f 737 690 2998
f 3154 738 737
f 3154 737 2998
f 3154 718 738
f 2920 690 737
f 703 704 3041
f 704 713 3176
f 726 732 2948
f 713 725 716
f 715 739 725
f 715 740 739
f 725 739 716
f 717 740 715
f 740 717 716
f 740 716 739
f 2948 735 724
f 735 725 724
f 729 727 728
f 729 728 731
f 735 681 725
f 566 569 570
f 566 570 709
f 710 566 709
f 567 566 710
f 567 710 707
f 707 741 567
f 709 708 567
f 709 567 741
f 709 741 707
f 709 605 706
f 709 706 708
f 719 3114 2986
f 3154 720 718
f 718 719 2986
f 693 3103 736
f 747 746 748
f 749 743 745
f 744 749 745
f 751 750 752
f 754 753 751
f 754 751 755
f 757 753 758
f 756 760 757
f 3093 759 761
f 761 762 3093
f 764 765 763
f 766 747 763
f 766 763 767
f 767 768 766
f 767 769 768
f 747 770 746
f 747 771 770
f 748 773 772
f 748 772 747
f 774 747 776
f 776 777 775
f 776 775 774
f 778 780 779
f 781 782 778
f 781 784 783
f 785 786 787
f 787 788 785
f 787 789 788
f 750 751 742
f 753 757 751
f 757 3043 751
f 782 787 790
f 786 790 787
f 743 778 782
f 743 782 790
f 747 743 749
f 747 774 743
f 743 774 778
f 3043 3093 764
f 763 3043 764
f 747 791 763
f 3043 744 745
f 3043 749 744
f 763 791 749
f 763 749 3043
f 791 747 749
f 797 796 798
f 797 799 796
f 799 800 796
f 800 799 797
f 800 797 801
f 802 803 3159
f 803 797 3159
f 803 802 804
f 2902 792 805
f 2902 805 806
f 2902 807 808
f 2902 809 810
f 2902 811 812
f 2902 812 813
f 814 816 811
f 814 811 743
f 816 814 815
f 816 815 817
f 818 786 819
f 818 743 786
f 818 819 820
f 795 794 3091
f 742 794 793
f 743 790 786
f 3159 797 3043
f 802 745 2902
f 797 3004 821
f 3004 796 821
f 809 822 823
f 807 809 792
f 792 809 824
f 786 822 825
f 743 825 822
f 809 826 822
f 796 827 828
f 796 3004 827
f 827 3004 828
f 795 796 828
f 794 3168 793
f 820 829 818
f 829 820 819
f 818 829 743
f 829 825 743
f 829 819 786
f 786 825 829
f 815 830 817
f 816 817 830
f 816 830 831
f 816 822 811
f 831 822 816
f 831 830 815
f 831 815 814
f 814 743 822
f 814 822 831
f 813 809 2902
f 809 813 812
f 809 812 811
f 811 822 826
f 811 826 809
f 810 807 2902
f 807 810 809
f 808 792 2902
f 792 808 807
f 806 802 2902
f 802 806 805
f 802 805 792
f 804 797 803
f 797 804 802
f 801 821 800
f 821 801 797
f 800 821 796
f 798 3091 797
f 3091 798 796
f 3091 796 795
f 795 828 794
f 747 833 832
f 763 832 833
f 823 822 3141
f 809 823 3141
f 824 809 3141
f 3141 792 824
f 3141 835 792
f 747 834 3141
f 747 836 834
f 756 828 3004
f 742 3168 837
f 789 838 788
f 787 839 838
f 787 838 789
f 839 787 782
f 839 782 786
f 839 785 788
f 839 788 838
f 785 839 786
f 781 840 784
f 840 841 783
f 840 783 784
f 778 840 781
f 841 840 778
f 841 778 3141
f 841 781 783
f 781 841 3141
f 781 3141 782
f 778 842 780
f 842 843 779
f 842 779 780
f 774 842 778
f 843 842 774
f 843 774 3141
f 843 778 779
f 778 843 3141
f 776 844 777
f 844 775 777
f 747 844 776
f 844 747 3141
f 844 774 775
f 774 844 3141
f 748 845 773
f 845 772 773
f 845 747 772
f 747 845 836
f 747 846 771
f 846 770 771
f 846 747 832
f 846 746 770
f 767 847 769
f 847 768 769
f 763 847 767
f 847 763 833
f 847 766 768
f 766 847 833
f 766 833 747
f 764 3093 765
f 3093 848 763
f 3093 763 765
f 848 3093 832
f 763 848 832
f 761 849 762
f 849 3093 762
f 759 2916 849
f 759 849 761
f 3093 849 2916
f 760 759 757
f 756 759 760
f 759 756 3004
f 2916 759 3004
f 756 757 758
f 753 756 758
f 3168 754 755
f 751 3168 755
f 3168 753 754
f 850 751 752
f 750 3168 850
f 750 850 752
f 850 3168 751
f 837 3168 750
f 837 750 742
f 832 3004 792
f 746 832 834
f 834 832 3141
f 832 835 3141
f 832 792 835
f 746 834 836
f 746 845 748
f 845 746 836
f 746 846 832
f 756 753 828
f 742 793 3168
f 851 852 853
f 856 855 857
f 862 865 864
f 3014 867 866
f 869 870 868
f 871 859 868
f 871 868 872
f 872 873 871
f 872 874 873
f 859 875 858
f 876 3125 858
f 876 858 860
f 860 877 876
f 3125 878 855
f 879 855 881
f 881 882 880
f 881 880 879
f 883 884 879
f 883 879 886
f 886 887 885
f 886 885 883
f 888 889 883
f 888 883 890
f 890 891 888
f 890 892 891
f 861 863 853
f 862 864 863
f 2930 863 864
f 853 863 2930
f 879 884 855
f 883 855 884
f 855 883 889
f 3014 866 869
f 868 3014 869
f 868 859 855
f 868 855 856
f 894 895 896
f 3162 857 855
f 3162 855 895
f 899 893 900
f 893 901 898
f 901 893 902
f 903 904 893
f 904 903 905
f 906 907 908
f 907 903 908
f 903 907 906
f 903 906 909
f 910 911 906
f 911 910 912
f 913 914 910
f 914 913 915
f 916 918 913
f 916 913 917
f 918 916 919
f 895 894 920
f 896 921 922
f 895 923 924
f 925 927 923
f 925 923 926
f 927 925 928
f 929 931 925
f 929 925 2981
f 931 929 930
f 931 930 932
f 933 934 935
f 933 936 2981
f 933 2981 889
f 936 933 935
f 936 935 937
f 903 938 908
f 853 893 851
f 893 853 3162
f 938 903 893
f 908 938 893
f 908 893 3162
f 906 908 3162
f 910 906 3162
f 921 896 895
f 923 895 926
f 925 926 895
f 855 889 895
f 913 910 917
f 916 917 910
f 916 910 3162
f 3162 856 857
f 916 3162 895
f 3139 940 941
f 940 3139 939
f 940 939 941
f 913 3139 941
f 889 942 943
f 2981 943 942
f 923 942 921
f 944 3024 945
f 893 939 944
f 898 944 945
f 898 945 3024
f 898 3024 899
f 935 934 937
f 936 937 934
f 936 934 946
f 946 943 2981
f 946 2981 936
f 946 934 933
f 933 889 943
f 933 943 946
f 932 947 931
f 947 932 930
f 931 947 925
f 947 942 925
f 947 930 929
f 929 2981 942
f 929 942 947
f 925 948 928
f 927 928 948
f 927 948 949
f 949 942 923
f 949 923 927
f 949 948 925
f 925 942 949
f 924 921 895
f 921 924 923
f 922 894 896
f 894 922 921
f 920 916 895
f 916 920 894
f 919 950 918
f 950 919 916
f 950 916 951
f 918 950 913
f 951 3139 913
f 951 913 950
f 916 3139 951
f 915 952 914
f 952 915 913
f 914 952 910
f 952 941 910
f 913 941 952
f 912 941 911
f 941 912 910
f 911 941 906
f 909 939 903
f 939 909 906
f 906 941 939
f 905 953 904
f 953 905 903
f 904 953 893
f 953 939 893
f 903 939 953
f 902 954 901
f 954 902 893
f 901 954 898
f 954 944 898
f 893 944 954
f 893 898 900
f 899 900 898
f 897 955 893
f 893 955 956
f 956 899 3024
f 956 3024 893
f 956 955 897
f 956 897 899
f 893 899 897
f 3139 921 942
f 893 957 851
f 3024 957 893
f 859 959 958
f 868 958 959
f 868 960 3026
f 3026 960 866
f 889 962 942
f 883 942 962
f 883 963 942
f 879 942 963
f 879 964 942
f 855 942 964
f 855 965 942
f 3125 961 942
f 3125 942 965
f 3125 966 961
f 3111 2930 939
f 2930 3175 939
f 2930 862 3175
f 2930 3111 866
f 890 967 892
f 967 891 892
f 883 967 890
f 967 883 962
f 967 888 891
f 888 967 962
f 888 962 889
f 886 968 887
f 968 885 887
f 879 968 886
f 968 879 963
f 968 883 885
f 883 968 963
f 881 969 882
f 969 880 882
f 855 969 881
f 969 855 964
f 969 879 880
f 879 969 964
f 3125 965 878
f 965 855 878
f 860 970 877
f 970 971 876
f 970 876 877
f 876 971 966
f 876 966 3125
f 859 972 875
f 972 958 858
f 972 858 875
f 958 972 859
f 872 973 874
f 973 873 874
f 868 973 872
f 973 868 959
f 973 871 873
f 871 973 959
f 871 959 859
f 869 866 870
f 866 960 868
f 866 868 870
f 3014 2930 867
f 2930 866 867
f 865 2930 864
f 862 2930 865
f 861 3024 863
f 853 3024 974
f 853 974 861
f 3024 861 974
f 958 3139 942
f 958 942 961
f 858 958 961
f 858 961 966
f 858 970 860
f 971 970 858
f 971 858 966
f 958 939 3139
f 3024 852 851
f 3024 851 957
f 852 3024 853
f 977 975 976
f 983 984 985
f 987 989 988
f 990 987 991
f 991 992 990
f 993 990 994
f 994 995 993
f 981 993 996
f 996 997 981
f 3096 999 998
f 3096 1000 999
f 3096 1002 1001
f 1001 1004 1003
f 1001 1005 1004
f 1007 1008 1006
f 1009 1007 1010
f 1010 1011 1009
f 975 983 976
f 984 986 985
f 977 976 983
f 986 978 977
f 986 977 983
f 986 983 985
f 987 978 2970
f 980 979 982
f 979 1003 1007
f 3096 1001 979
f 979 1001 1003
f 990 978 987
f 993 981 990
f 990 981 978
f 981 980 978
f 978 980 1012
f 979 1014 1013
f 1012 980 982
f 1013 1012 979
f 1018 1019 1020
f 1019 1021 1022
f 1012 1023 1021
f 1023 1012 1024
f 1012 1013 1025
f 1014 979 1026
f 1027 1028 979
f 1028 1027 1029
f 1027 1030 1031
f 1032 1034 1030
f 1034 1032 1033
f 1034 1033 1035
f 1036 1037 1032
f 1036 1032 1009
f 1037 1036 1038
f 1037 1038 1039
f 1017 1016 1018
f 1018 1040 1019
f 3075 1016 1015
f 1016 3075 978
f 1040 1018 2946
f 1019 1040 2946
f 978 1041 1019
f 978 1019 2946
f 1030 1027 1032
f 1009 1032 979
f 1009 979 1007
f 1012 982 979
f 979 1032 1027
f 1041 1021 1019
f 1021 1041 978
f 1021 978 1012
f 1021 2978 1042
f 1009 1006 1043
f 1032 1043 1006
f 1042 1044 1045
f 3199 1045 1046
f 1038 1047 1039
f 1037 1039 1047
f 1037 1047 1048
f 1048 1043 1032
f 1048 1032 1037
f 1048 1047 1038
f 1048 1038 1036
f 1036 1009 1043
f 1036 1043 1048
f 1033 1049 1035
f 1034 1035 1049
f 1034 1049 1050
f 1034 1006 1030
f 1050 1006 1034
f 1050 1049 1033
f 1050 1033 1032
f 1032 1006 1050
f 1031 1006 1027
f 1006 1031 1030
f 1029 1051 1028
f 1051 1029 1027
f 1051 1027 1052
f 1028 1051 979
f 1052 3090 979
f 1052 979 1051
f 1027 3090 1052
f 1026 1053 1014
f 1053 1026 979
f 1053 979 1054
f 979 3090 1054
f 1025 2978 1012
f 2978 1025 1013
f 1024 1055 1023
f 1055 1024 1012
f 1055 1012 1056
f 1023 1055 1021
f 1056 2978 1021
f 1056 1021 1055
f 1012 2978 1056
f 1022 1042 1019
f 1042 1022 1021
f 1019 1057 1020
f 1018 1020 1057
f 1018 1057 1042
f 1042 1057 1019
f 1018 1045 1017
f 1058 1042 1045
f 1058 1045 1018
f 1058 1018 1042
f 1045 1016 1017
f 1016 1045 3199
f 1013 3090 2978
f 1014 1053 1013
f 1054 3090 1013
f 1054 1013 1053
f 977 1015 1059
f 977 1059 975
f 1003 1061 1006
f 1001 1006 1061
f 1042 3194 1044
f 1045 1062 983
f 1045 983 1046
f 3119 3064 1042
f 1015 1063 983
f 1010 1006 1011
f 1006 1009 1011
f 1007 1006 1010
f 1007 1003 1008
f 1003 1006 1008
f 1001 1061 1005
f 1061 1004 1005
f 1061 1003 1004
f 3096 998 1002
f 998 1001 1002
f 3096 981 1000
f 981 999 1000
f 981 998 999
f 996 1064 997
f 1064 981 997
f 993 1060 1064
f 993 1064 996
f 981 1064 1060
f 994 1060 995
f 1060 993 995
f 990 1060 994
f 991 1065 992
f 1065 990 992
f 987 3119 1065
f 987 1065 991
f 990 1065 3119
f 987 2970 989
f 2970 988 989
f 988 3119 987
f 2970 3119 988
f 983 1062 984
f 1062 3194 984
f 983 975 1015
f 981 1060 1001
f 981 1001 998
f 3119 1042 2978
f 3194 1062 1045
f 3194 1045 1044
f 1046 983 1063
f 1015 1046 1063
f 1059 1066 975
f 975 1066 1015
f 1015 1066 1059
f 1067 1074 1077
f 1077 1078 1067
f 2919 1076 1079
f 1079 1080 2919
f 3018 2919 1081
f 1082 3018 1083
f 1083 1084 1082
f 1085 1082 1086
f 1086 1087 1085
f 1085 1089 1088
f 2924 1088 1090
f 1090 1091 2924
f 1073 1092 1072
f 1073 1094 1093
f 1073 1095 1094
f 1073 1097 1096
f 2993 1096 1099
f 1099 1100 1098
f 1099 1098 2993
f 1101 2993 1103
f 1103 1104 1102
f 1103 1102 1101
f 1105 1107 1108
f 1105 1106 1101
f 1105 1101 1109
f 1109 1110 1107
f 1109 1107 1105
f 1068 1075 1067
f 1067 1075 1074
f 1085 1069 1082
f 1096 2993 1073
f 1101 1106 1070
f 1073 1070 3137
f 1085 1071 1069
f 1085 1073 3137
f 1114 1115 1112
f 1116 1117 1067
f 1069 1119 1118
f 1119 1069 1120
f 1121 1122 1069
f 1122 1121 1123
f 1122 1124 1069
f 1124 1122 1123
f 1127 1126 1128
f 1130 1129 1131
f 1132 1133 1129
f 1132 1129 1113
f 1133 1134 1129
f 1134 1133 1132
f 1134 1132 1135
f 1113 1112 1136
f 1137 1114 1112
f 1137 1112 1113
f 1115 1114 1137
f 1115 1137 1138
f 1140 1139 1141
f 1140 1143 1139
f 1143 1140 1142
f 1143 1142 1144
f 1145 1148 1140
f 1145 1140 1146
f 1148 1145 1147
f 1148 1147 1149
f 1150 1151 1145
f 1150 1145 1106
f 1151 1150 1152
f 1151 1152 1153
f 1116 1067 1118
f 1118 1111 1069
f 1125 1121 1127
f 1069 1111 1067
f 1111 1118 1067
f 1121 1069 1071
f 1127 1121 1071
f 1140 1154 1146
f 1145 1146 1154
f 1106 1145 1070
f 1070 1145 1154
f 1113 3137 1070
f 1113 1070 1140
f 1070 1154 1140
f 1127 1130 1126
f 1129 1130 1127
f 1113 1129 1127
f 1127 1071 1113
f 1113 1126 1155
f 1129 1155 1126
f 1106 1156 1157
f 1145 1157 1156
f 1140 1156 1158
f 1139 1158 1156
f 1113 3105 1159
f 1162 1161 1160
f 1121 2901 1160
f 1153 1157 1151
f 1157 1153 1152
f 1151 1157 1145
f 1157 1152 1150
f 1150 1106 1157
f 1149 1163 1148
f 1163 1149 1147
f 1148 1163 1140
f 1163 1156 1140
f 1163 1147 1145
f 1145 1156 1163
f 1144 1164 1143
f 1164 1144 1142
f 1143 1164 1139
f 1164 1158 1139
f 1164 1142 1140
f 1140 1158 1164
f 1141 1165 1140
f 1165 1141 1139
f 1140 1165 1113
f 1165 1156 1113
f 1139 1156 1165
f 1138 1166 1115
f 1166 1138 1137
f 1166 1137 1167
f 1137 1113 1159
f 1137 1159 1167
f 1136 1126 1113
f 1126 1136 1112
f 1135 1168 1134
f 1168 1135 1132
f 1168 1132 1169
f 1134 1168 1129
f 1169 1155 1129
f 1169 1129 1168
f 1132 1113 1155
f 1132 1155 1169
f 1131 1126 1130
f 1126 1131 1129
f 1128 1170 1127
f 1170 1128 1126
f 1170 1126 2901
f 1127 1170 2901
f 1127 2901 1125
f 1171 2901 1121
f 1171 1121 1125
f 1171 1125 2901
f 1124 1160 1069
f 1124 1123 1121
f 1121 1160 1124
f 1069 1172 1120
f 1119 1120 1172
f 1119 1172 1161
f 1119 1161 1118
f 1161 1172 1069
f 1069 1160 1161
f 1118 1161 1116
f 1116 1173 1117
f 1117 1173 1161
f 1161 1067 1117
f 1161 1173 1116
f 2901 1126 3105
f 1112 1159 3105
f 1112 3105 1126
f 1115 1166 1112
f 1167 1159 1112
f 1167 1112 1166
f 1175 1174 1067
f 1161 1175 1067
f 1176 1178 1177
f 1176 1177 2901
f 1088 1178 1176
f 1156 1179 1093
f 1106 1180 1156
f 1101 1156 1180
f 3124 1181 1076
f 1177 1178 2901
f 3124 1160 2901
f 3124 1162 1160
f 1162 3124 1161
f 1161 3124 1076
f 1161 1076 1182
f 1183 1181 3124
f 1183 1076 1181
f 1074 1182 1076
f 1110 1108 1107
f 1109 1184 1108
f 1109 1108 1110
f 1184 1109 1101
f 1184 1101 1180
f 1184 1105 1108
f 1105 1184 1180
f 1105 1180 1106
f 1103 1156 1104
f 1156 1102 1104
f 2993 1179 1156
f 2993 1156 1103
f 1156 1101 1102
f 1099 1185 1100
f 1185 1098 1100
f 1096 1185 1099
f 1185 1096 1093
f 1185 2993 1098
f 2993 1185 1093
f 2993 1093 1179
f 1073 1093 1097
f 1093 1096 1097
f 1073 1072 1095
f 1072 1094 1095
f 1072 1093 1094
f 1073 2924 1092
f 2924 1176 1072
f 2924 1072 1092
f 1090 1186 1091
f 1186 1187 2924
f 1186 2924 1091
f 1088 1186 1090
f 1187 1186 1088
f 1187 1088 1176
f 2924 1187 1176
f 1085 1178 1089
f 1178 1088 1089
f 1086 1188 1087
f 1188 1085 1087
f 1082 1188 1086
f 1188 1082 1178
f 1085 1188 1178
f 1083 1189 1084
f 1189 1190 1082
f 1189 1082 1084
f 3018 1189 1083
f 1190 1189 3018
f 1190 3018 3124
f 1082 1190 3124
f 2919 3124 1081
f 3018 1081 3124
f 1079 1183 1080
f 1183 2919 1080
f 1076 1183 1079
f 1183 3124 2919
f 1078 1076 1067
f 1077 1076 1078
f 1076 1077 1074
f 1068 1074 1191
f 1068 1191 1075
f 1074 1075 1191
f 1093 1192 1176
f 1072 1176 1192
f 1072 1192 1093
f 1074 1161 1182
f 1067 1174 1068
f 1175 1068 1174
f 1161 1074 1068
f 1161 1068 1175
f 1207 1205 1206
f 1205 1207 1209
f 1205 1209 1196
f 1195 1210 1193
f 1204 1194 1203
f 1196 1210 1195
f 1213 1214 2997
f 2997 1217 1218
f 1219 1198 1218
f 1200 1198 1208
f 1219 1208 1198
f 1216 2997 1215
f 1217 2997 1216
f 3052 1212 1211
f 3052 1211 1208
f 1218 1208 1219
f 3052 1208 1218
f 1210 1194 1193
f 1200 1201 1198
f 1193 1194 1220
f 1197 1221 1196
f 1195 1193 1222
f 1198 1223 1199
f 1194 1202 1203
f 1202 2997 1224
f 2997 1199 1225
f 2997 1225 1193
f 1194 1227 1226
f 1194 1204 1227
f 1206 1205 1208
f 1205 1228 1208
f 1207 1206 1208
f 3052 1209 1229
f 3052 1229 1230
f 1208 1211 1231
f 1211 1212 1232
f 1211 1232 1231
f 2997 1214 1233
f 1215 2997 1235
f 1215 1235 1234
f 1215 1234 1216
f 2997 1236 1235
f 3188 3052 1237
f 3188 1237 1216
f 1217 1216 1238
f 1217 1238 1218
f 1218 1239 1241
f 1218 1241 1240
f 1218 1240 3052
f 3052 1240 1242
f 2997 1244 1243
f 2997 1243 1210
f 2997 1210 1213
f 1202 1244 2997
f 1198 1201 1245
f 1210 1246 1214
f 3052 1231 1212
f 1202 1210 1244
f 1209 1207 1208
f 1208 1231 1209
f 1216 1218 1238
f 1228 1205 1200
f 1200 1205 1196
f 1200 1247 1195
f 1200 1196 1221
f 1200 1221 1197
f 1195 1201 1200
f 1195 1223 1248
f 1195 1248 1198
f 1223 1195 1199
f 1193 1199 1222
f 1195 1222 1199
f 1224 1226 1227
f 1224 1227 1204
f 1224 1204 1202
f 1224 1193 1220
f 1224 1220 1194
f 1224 1194 1226
f 1193 1224 1249
f 1193 1249 2997
f 1202 1204 1203
f 1235 1216 1234
f 1244 1210 1243
f 1214 1213 1210
f 1246 2997 1233
f 1246 1233 1214
f 1231 1232 1212
f 1239 1242 1240
f 1239 3052 1242
f 1239 1218 1216
f 1239 1216 3052
f 1240 1241 1239
f 1200 1208 1228
f 1209 1230 1250
f 1209 1250 1229
f 1246 1210 1216
f 1246 1216 1235
f 1246 1235 1236
f 1246 1236 2997
f 1198 1245 1195
f 1195 1245 1201
f 1202 1194 1251
f 1202 1251 1210
f 1231 3052 1230
f 1231 1230 1209
f 1253 1255 1254
f 1252 1253 1254
f 1256 1252 1258
f 1256 1258 1257
f 1252 1254 1257
f 1258 1252 1257
f 1263 1261 1262
f 1265 1252 1266
f 1254 1263 1257
f 1259 1267 1260
f 1263 1264 1261
f 1259 3031 1267
f 3031 1268 1267
f 1267 1268 1260
f 1266 1252 1256
f 1272 1255 1253
f 1271 1259 1270
f 1273 1259 1271
f 1270 1273 1271
f 1257 1263 1270
f 1257 1270 1269
f 1254 1264 1274
f 1273 1261 1259
f 1270 1262 1261
f 1270 1261 1273
f 1270 1263 1262
f 1253 1252 1265
f 1254 1274 1263
f 1274 1264 1263
f 1259 1260 1275
f 1275 3153 1259
f 1276 1277 1278
f 1275 1277 1276
f 1275 1260 1277
f 1265 1266 1279
f 1266 1280 1279
f 1279 1280 1265
f 1282 1272 1281
f 1281 1272 1253
f 1283 1281 1265
f 1281 1253 1265
f 1255 1281 1283
f 1255 1283 1265
f 1282 1281 1255
f 1282 1255 1272
f 1276 1284 1260
f 1278 1277 1285
f 1276 1278 1285
f 1276 1285 1284
f 1284 1277 1260
f 1284 1285 1277
f 3153 1275 1287
f 1287 1275 1286
f 1275 1276 1286
f 1286 1276 1287
f 1276 1260 1287
f 1287 1260 3153
f 3027 3153 1260
f 1266 1256 1280
f 3031 1260 1268
f 2991 1288 1257
f 2991 1257 1269
f 1280 1256 3200
f 3122 1260 3031
f 1254 2991 1269
f 2925 3122 1254
f 3027 1260 3122
f 1256 1288 2991
f 1256 1257 1288
f 3200 1254 1255
f 1289 1291 1290
f 1291 3053 1290
f 1295 1289 1294
f 1289 1290 1294
f 1290 1300 1299
f 1296 1302 1297
f 1289 1295 1303
f 2913 1304 1296
f 1296 1304 1302
f 1303 1295 1294
f 1306 1298 1307
f 1307 1298 1308
f 1309 1298 1306
f 1305 1298 1309
f 1294 3087 1305
f 1292 1293 1310
f 1293 1300 1310
f 1292 1310 1300
f 1292 1300 1290
f 1298 1299 1311
f 1299 1296 1311
f 1298 1311 1296
f 1294 1290 1299
f 1294 1299 3087
f 3053 1291 1289
f 1313 1314 1308
f 1313 1308 1298
f 1313 1298 1312
f 1314 1313 1315
f 1316 1317 1318
f 1319 1298 1316
f 1298 1297 1302
f 1298 1302 1317
f 1316 1298 1317
f 1298 1296 1297
f 1312 1298 1319
f 1301 1289 1303
f 3053 1289 1301
f 3053 1301 1320
f 3183 1321 1322
f 1321 1320 1301
f 1321 1301 1322
f 1322 1301 3183
f 3053 1320 1321
f 3053 1321 3183
f 1312 1319 1317
f 1312 1317 1302
f 1318 1317 1323
f 1316 1324 1319
f 1316 1318 1323
f 1316 1323 1324
f 1319 1324 1317
f 1324 1323 1317
f 1315 1313 1325
f 1314 1315 1325
f 1313 1312 1325
f 1325 1312 1314
f 1308 1314 1312
f 1308 1312 1302
f 1308 1302 1327
f 3010 1308 1327
f 1305 1328 1326
f 1305 1326 1300
f 1328 1309 1326
f 1305 1309 1328
f 1306 1307 1308
f 1306 1308 1309
f 2913 1302 1304
f 1300 3010 2913
f 3010 1302 2913
f 3146 1294 1305
f 1326 3010 1300
f 3010 1327 1302
f 2932 1294 3146
f 2932 1293 3053
f 2932 3146 1293
f 1329 1330 1332
f 1331 1332 1330
f 1337 1335 1336
f 1329 3148 1333
f 1337 1339 2956
f 1338 1339 1337
f 1333 3148 1340
f 1340 3148 1345
f 1332 1331 1347
f 1346 1332 1347
f 1341 1344 1334
f 1341 1334 1342
f 1343 1334 1344
f 1345 1334 1343
f 1347 1331 1330
f 1332 1348 3148
f 1348 1338 3148
f 1334 1336 1335
f 1345 1337 1334
f 1334 1337 1336
f 1346 1347 1329
f 1347 1330 1329
f 1329 1332 3148
f 1342 1334 1349
f 1342 1349 1350
f 1351 1334 3047
f 1349 1334 1351
f 1352 3173 1353
f 1354 1346 1355
f 1354 1355 1356
f 1355 1352 1356
f 1355 1346 1329
f 1352 1355 1329
f 1346 1354 1352
f 1354 1356 1352
f 1346 1352 1357
f 1358 1353 3173
f 1352 1353 1358
f 1357 1352 1358
f 1350 1349 1359
f 1342 1350 1359
f 1359 1349 1351
f 1359 1351 1342
f 1342 1351 3047
f 1344 1342 3047
f 1340 1363 1361
f 1362 1340 1361
f 1345 1344 1361
f 1363 1345 1361
f 1348 1332 1338
f 1346 1357 1332
f 1332 1357 1360
f 1340 1345 1363
f 1343 1344 1345
f 1341 1342 1344
f 1333 1340 1362
f 1338 2956 1339
f 1333 1362 1361
f 1358 3173 1357
f 3132 2956 1338
f 3044 1333 1361
f 1344 2956 3132
f 3001 1364 1357
f 1357 1364 1333
f 3001 1333 1364
f 1360 3044 1332
f 1357 1333 1365
f 1333 3044 1365
f 1357 1365 3044
f 1357 3044 1360
f 1366 1367 1368
f 1366 3040 1370
f 1371 1373 1374
f 1366 1370 1369
f 1371 1376 1373
f 1376 1377 1373
f 1373 1377 1374
f 1375 3118 1372
f 1372 3118 1371
f 1370 3040 1378
f 1378 3040 3172
f 1379 1381 1380
f 1382 1381 1379
f 1368 1375 1366
f 1382 1371 1381
f 1372 1371 1382
f 1366 1375 3040
f 1381 1371 1383
f 1384 1381 1383
f 1381 1384 1385
f 1386 1387 1388
f 1383 1389 1386
f 1389 1371 1374
f 1389 1374 1387
f 1386 1389 1387
f 1383 1371 1389
f 3170 1369 1390
f 1391 3054 1392
f 1392 3054 1393
f 1392 1393 1394
f 1393 1367 3170
f 1394 1393 3170
f 3054 1394 1395
f 3054 1391 1396
f 1391 1392 1394
f 1391 1394 1396
f 1396 1394 3054
f 1395 1394 1390
f 1394 3170 1390
f 1383 1387 1374
f 1388 1387 1397
f 1386 1398 1383
f 1386 1388 1397
f 1386 1397 1398
f 1383 1398 1387
f 1398 1397 1387
f 1385 1384 1399
f 1385 1399 1400
f 1381 1385 1400
f 1381 1400 1399
f 1384 1383 1399
f 1399 1374 1381
f 1374 1399 1383
f 1378 3172 2949
f 3172 2987 2949
f 1402 1379 2987
f 1367 1401 1368
f 1401 2949 1368
f 1382 1402 2987
f 1382 1379 1402
f 1380 1381 1374
f 1379 1380 1374
f 1376 1374 1377
f 1370 1378 2949
f 1403 1390 3054
f 1375 2987 3118
f 1395 1390 1403
f 1395 1403 3054
f 1390 1369 1370
f 1390 1370 3054
f 1367 2949 1401
f 3054 1370 2949
f 1405 1404 1406
f 1405 1406 1407
f 1408 1406 1404
f 1410 3174 1411
f 3045 1411 1406
f 3160 1412 1408
f 1406 1408 3045
f 1409 1414 1413
f 1411 3174 1415
f 1412 1416 1408
f 1408 1417 3045
f 1420 1418 1419
f 1407 1406 1411
f 1419 1418 1409
f 1420 1419 1409
f 3045 1417 1420
f 1420 3174 1410
f 1407 1404 1405
f 1412 3160 1416
f 3160 1428 1416
f 3160 1427 1428
f 1429 1430 1407
f 1429 1407 1421
f 1430 3160 1407
f 1431 3160 1430
f 1431 1432 3160
f 1433 1432 1430
f 1430 1432 1431
f 1429 1433 1430
f 1435 1428 1427
f 1435 1416 1428
f 3160 1435 1427
f 3160 1441 1439
f 2947 1442 2983
f 1432 1433 3160
f 1433 1441 3160
f 1417 2983 1420
f 1407 1411 1439
f 1433 1407 1441
f 1420 3167 1418
f 1415 1409 1413
f 3167 1413 2922
f 2947 1411 1442
f 1440 1439 1411
f 1440 1411 2947
f 1442 1411 2983
f 1441 1407 1439
f 1445 1447 1446
f 1446 1447 1448
f 1450 1452 1445
f 1455 1453 1454
f 1445 1452 3039
f 1454 1453 1457
f 3039 1459 1458
f 1445 1460 1450
f 1452 1450 3039
f 1456 2950 1459
f 1458 1459 1461
f 1450 1451 3039
f 1449 1447 1461
f 1448 1445 1446
f 1447 1445 1461
f 1461 1445 3039
f 1461 3039 1458
f 1462 1463 1453
f 3110 1453 1455
f 3110 1462 1453
f 3110 1455 1454
f 1464 1454 1456
f 1465 1445 1448
f 1463 1466 1453
f 1474 1460 1445
f 1445 1475 1474
f 1460 1474 1476
f 1474 1475 1476
f 1465 1477 1445
f 1445 1477 1478
f 1478 1473 1445
f 1478 3032 1473
f 1477 3032 1478
f 1445 1476 1475
f 3032 1445 1473
f 1483 3056 1481
f 1483 1481 1484
f 1484 1481 1480
f 1486 1487 2944
f 1464 1486 1462
f 1449 1461 1485
f 1477 1448 3171
f 1488 2912 3039
f 1488 3039 1451
f 2912 1486 1464
f 2912 1464 3039
f 1460 1479 1450
f 1485 1461 1459
f 1482 2950 1457
f 3152 2950 1482
f 1485 3152 1486
f 1486 3152 1487
f 1487 3152 2944
f 2944 1482 1481
f 2944 3152 1482
f 1450 1488 1451
f 1450 2912 1488
f 3171 1448 1447
f 1447 1449 1485
f 3171 1447 1485
f 1492 1493 2914
f 1496 1494 1497
f 1496 1497 1498
f 1497 1494 1498
f 1496 1498 1491
f 3147 2914 1499
f 2914 1493 1499
f 1498 3037 1500
f 1491 1498 1500
f 1493 1492 1499
f 1505 3062 1503
f 1503 3062 1494
f 1504 1505 1507
f 1507 1505 1494
f 1505 1503 1494
f 1499 1507 1496
f 1507 1494 1496
f 1499 1504 1507
f 3034 3147 1491
f 1501 1502 1495
f 1501 1495 1494
f 1489 1512 2914
f 1514 1515 1513
f 1513 1515 1516
f 1513 1489 3034
f 1516 1489 1513
f 1519 1516 1515
f 1519 1489 1516
f 1513 1519 1514
f 1514 1519 1515
f 1521 2914 1512
f 1489 1521 1512
f 1489 1522 1521
f 1517 3128 1489
f 1505 1533 3062
f 1499 1533 1505
f 3062 1533 1534
f 3034 1491 1506
f 1504 1499 1505
f 1536 1499 1492
f 1491 1500 3037
f 1532 1491 3037
f 1532 1499 1536
f 1499 1532 1533
f 1533 1532 3037
f 1533 3037 1534
f 1492 1532 1536
f 3128 1532 1492
f 1538 1537 1543
f 1545 3179 1546
f 1543 3179 1547
f 3179 1545 1547
f 3006 1548 1543
f 1545 1546 3009
f 1545 3009 1550
f 1546 3179 3009
f 1547 1545 1550
f 1556 1547 1551
f 1556 1543 1547
f 1539 1538 1543
f 1539 1543 1556
f 1554 1413 1557
f 1548 3060 1543
f 1555 3169 1538
f 1413 1542 1541
f 1557 1413 1541
f 3060 1557 3179
f 1543 3060 3179
f 3169 1565 1540
f 1540 1565 1552
f 1566 1567 1555
f 1555 1567 3169
f 1555 1569 1566
f 1566 1569 1567
f 1569 1568 1567
f 1565 1571 1552
f 1572 1552 1571
f 3169 1571 1565
f 1571 3169 1572
f 1556 1551 1578
f 1552 1570 1585
f 1552 1585 1540
f 1578 1551 1547
f 1547 1550 3009
f 1578 1547 3009
f 1578 3009 1587
f 1548 1578 2939
f 1578 1587 2939
f 1583 1579 1578
f 1434 1416 1435
f 3160 1434 1435
f 1425 1437 1436
f 1460 1476 1479
f 1483 1468 1469
f 1518 1489 1519
f 1513 1518 1519
f 1483 1527 1526
f 1528 2975 1510
f 1510 1529 1528
f 1520 1492 2914
f 1560 1413 1553
f 1541 1563 1544
f 1568 3169 1567
f 1555 1568 1569
f 3169 1552 1572
f 1562 3083 1564
f 1578 1548 1583
f 1588 1422 2961
f 1422 1588 1589
f 1422 1589 1423
f 1590 1423 1589
f 1426 1425 1591
f 2961 1426 1414
f 1425 1592 1591
f 1422 1425 2961
f 1426 1593 1425
f 1425 1593 2961
f 1429 1421 1594
f 1429 1594 1433
f 1416 1434 1596
f 1416 1596 1595
f 1422 3084 1597
f 1422 1597 1425
f 1425 1436 1560
f 1553 1598 1414
f 1414 1598 1599
f 1414 1599 1436
f 1436 1599 1560
f 1553 1414 1426
f 1414 1436 1600
f 1436 1601 1600
f 1436 1437 1602
f 1437 1425 1559
f 1437 1559 1603
f 1606 1604 1605
f 1423 1607 1604
f 3012 1470 1608
f 1470 3012 1609
f 1423 1470 1609
f 1423 1609 3012
f 3012 1610 1607
f 3012 1607 1423
f 3012 1612 1611
f 3012 1611 1610
f 1606 1605 1438
f 1418 3167 1613
f 1421 1407 1614
f 1433 1421 1614
f 1433 1614 1407
f 3012 1418 1612
f 1408 1615 1417
f 1417 1616 1443
f 1616 1417 1615
f 1408 1595 1618
f 1408 1618 1617
f 1416 1595 1619
f 1416 1619 1620
f 1416 1620 1408
f 1434 1444 1621
f 1434 1621 1595
f 1414 1601 1413
f 1434 1623 1444
f 2922 1413 1625
f 3160 1626 1434
f 1439 1628 1627
f 1439 1627 3160
f 1439 1440 1629
f 1439 1629 1628
f 2947 1443 1631
f 2947 1631 1440
f 1440 1630 1632
f 1634 1480 1633
f 1635 1480 1634
f 1466 1635 1636
f 1467 1637 1638
f 1467 1638 1639
f 1463 1643 1642
f 1463 1642 1641
f 1638 1637 1641
f 1463 1641 1467
f 1463 1467 1466
f 1645 1643 1463
f 1645 1463 1644
f 1463 1638 1644
f 1468 1483 1646
f 1468 1647 1469
f 1648 1649 1650
f 1470 1457 1651
f 1470 1649 1648
f 1471 1653 1654
f 1480 1652 1653
f 1453 1653 1471
f 1457 1453 1655
f 1457 1655 1656
f 1457 1656 1651
f 1453 1471 1657
f 1453 1657 1655
f 1660 1471 1470
f 1660 1470 1658
f 1660 1658 1659
f 1470 1471 1654
f 1650 1652 1661
f 1472 1453 1466
f 1653 1662 1480
f 1472 1466 1663
f 1465 1664 1477
f 1479 1476 1665
f 1667 1666 1480
f 1480 1666 1482
f 1482 1666 1481
f 1481 1666 1667
f 1481 1667 1480
f 1668 1670 1470
f 1470 1670 1482
f 1482 1670 1669
f 1482 1669 1668
f 1480 1482 1668
f 1480 1668 1470
f 1483 1469 1647
f 1671 1672 3056
f 1671 3056 1483
f 1671 1483 1511
f 1673 1480 1483
f 1673 1483 1484
f 1673 1484 1674
f 1674 1484 1480
f 1674 1480 1673
f 1465 1448 1675
f 1465 1675 1664
f 1448 1477 1676
f 1448 1676 1675
f 1479 1665 1450
f 2912 1677 1476
f 2912 1450 1677
f 1495 1502 1508
f 1679 2975 1509
f 2975 1679 1510
f 1495 1511 1680
f 1495 1680 1671
f 1672 1495 1671
f 1495 1681 1511
f 1489 1518 1517
f 3034 1535 1682
f 3034 1682 1518
f 3034 1518 1513
f 2914 1683 1520
f 2914 1521 1683
f 1483 1508 1684
f 1524 1523 1525
f 1483 1523 1685
f 1483 1684 1523
f 1686 1523 1687
f 1483 1526 1463
f 1463 1526 1688
f 1688 1526 1495
f 1688 1495 1463
f 1463 1495 1672
f 1495 1526 1689
f 1495 1689 1690
f 1526 1691 1689
f 1526 1527 1692
f 1526 1692 1691
f 1527 1483 1693
f 1527 1693 1689
f 1502 1529 1695
f 1502 1695 1696
f 1502 1696 1698
f 1502 1698 1678
f 1695 1529 1697
f 1510 1564 1697
f 1510 1697 1529
f 1529 1699 1528
f 1502 1700 1529
f 1529 1700 1502
f 1531 1530 1508
f 1701 1508 1562
f 1562 1531 1508
f 1562 1508 1701
f 1508 1703 1525
f 1703 1508 1702
f 1508 1530 1525
f 1517 1518 3128
f 1705 3184 1704
f 1535 1706 3128
f 3184 1705 1707
f 3034 1506 1709
f 3034 1709 1708
f 3034 1708 1535
f 1491 1710 1506
f 1502 1501 1711
f 1501 1544 1711
f 1520 1712 1492
f 1522 1712 1520
f 1522 1492 1712
f 1495 1690 2965
f 1704 3184 2965
f 1542 1413 1713
f 1559 1714 1713
f 1559 1558 1714
f 1413 1560 1715
f 1553 1598 1560
f 1559 1713 1561
f 1544 1717 1549
f 1544 1563 1716
f 1562 1564 3211
f 1562 1697 1563
f 1542 1713 1541
f 1541 1713 1718
f 1541 1718 1563
f 1568 1719 3169
f 1568 1555 1720
f 1552 1721 1570
f 1552 3169 1722
f 1558 1575 1723
f 1558 1723 1724
f 1725 1558 1724
f 1563 1558 1725
f 1574 1573 1575
f 1562 1563 1727
f 1563 1726 1727
f 1562 1573 1728
f 1549 1717 1696
f 1549 1696 1678
f 1549 1576 1707
f 1576 1729 1707
f 1561 1577 3212
f 1561 3212 1559
f 1553 1577 1731
f 1553 1731 1730
f 1731 1577 1426
f 1561 1426 1577
f 1577 1732 1561
f 1577 1561 1732
f 1553 1622 1733
f 1553 1733 1577
f 1577 1733 1622
f 1734 1558 1559
f 1558 1735 1575
f 1735 1558 1734
f 1579 3169 1736
f 1556 1578 1737
f 1580 1556 1737
f 1580 1737 1578
f 1568 1581 1719
f 1740 1738 1580
f 1556 1580 1739
f 1580 1539 1741
f 1580 1741 1740
f 1568 1720 1538
f 1568 1538 1581
f 1553 1413 1622
f 1583 1548 1743
f 1583 1743 1744
f 1583 1744 1584
f 1585 1745 1540
f 1552 1586 1721
f 1586 1579 1746
f 1552 1722 1579
f 1552 1579 1586
f 1586 1746 1585
f 1544 1747 1587
f 3006 1540 1748
f 1540 1749 1748
f 1583 1584 1750
f 1585 1583 1751
f 1585 1751 1752
f 1585 1752 1753
f 1582 1756 1755
f 1582 1755 1754
f 1582 1754 1757
f 1582 1757 1580
f 1579 1758 1578
f 1607 1611 2922
f 1425 2922 1622
f 1425 1622 1577
f 1707 1704 1525
f 1707 1525 1562
f 1508 1587 1502
f 1575 3135 1587
f 1575 1587 1508
f 1601 3135 1575
f 1601 1575 1603
f 1434 1628 1443
f 1535 1506 1532
f 1611 1612 1418
f 1611 1418 1759
f 1611 1759 1613
f 1611 1613 3167
f 1611 3167 2922
f 1622 2922 1625
f 1622 1625 1413
f 1611 1607 1610
f 1669 1670 1668
f 1707 1705 1704
f 1707 3203 1576
f 1707 1576 1729
f 1502 1529 1699
f 1502 1699 1528
f 1502 1528 1508
f 1508 1573 1574
f 1508 1574 1575
f 1502 1587 1747
f 1502 1747 1544
f 1502 1544 1711
f 1508 1562 1728
f 1508 1728 1573
f 1603 1437 1601
f 1601 1437 1602
f 1601 1602 1436
f 1704 1523 1524
f 1704 1524 1525
f 1689 1704 2965
f 1689 2965 1690
f 1689 1691 1692
f 1689 1692 1527
f 3135 1601 1413
f 1601 1600 1414
f 1617 1618 1595
f 1443 1616 1615
f 1443 1615 1408
f 1443 1408 1617
f 1443 1617 1595
f 1607 1438 1605
f 1607 1605 1604
f 1525 1530 1531
f 1525 1531 1562
f 1535 1518 1682
f 1623 1434 1443
f 1623 1443 1624
f 1623 1624 1444
f 1624 1443 1444
f 1444 1443 1595
f 1444 1595 1621
f 1443 1440 1631
f 1630 1628 1632
f 1630 1632 1762
f 1762 1632 1628
f 1762 1628 1440
f 1443 1628 1630
f 1443 1630 1440
f 1628 1629 1440
f 1628 1434 1626
f 1628 1626 3160
f 1628 3160 1627
f 1595 1596 1434
f 1595 1408 1620
f 1595 1620 1619
f 1477 1664 1675
f 1477 1675 1676
f 1535 1708 1709
f 1535 1709 1506
f 1476 1677 1450
f 1476 1450 1665
f 1579 1583 1585
f 1579 1585 1746
f 1752 1751 1763
f 1763 1585 1753
f 1763 1753 1752
f 1763 1751 1583
f 1743 1584 1744
f 3006 1763 1583
f 3006 1583 1750
f 3006 1750 1584
f 3006 1584 1743
f 1763 3006 1748
f 1763 1748 1749
f 1763 1749 1540
f 1763 1540 1745
f 1763 1745 1585
f 3006 1743 1548
f 1580 1578 1758
f 1580 1758 1579
f 1580 1579 1581
f 1581 1579 1736
f 1539 1580 1757
f 1738 1740 1741
f 1757 1754 1539
f 1580 1581 1582
f 1754 1755 1539
f 1539 1755 1756
f 1539 1756 1582
f 1539 1582 1581
f 1579 1722 3169
f 1586 1585 1570
f 1586 1570 1721
f 1433 1594 1421
f 1738 1539 1556
f 1689 1686 1687
f 1689 1687 1523
f 1689 1523 1704
f 1535 3128 1518
f 1532 3128 1706
f 1532 1706 1535
f 1532 1506 1710
f 1532 1710 1491
f 1581 1736 3169
f 1581 3169 1719
f 1538 1720 1555
f 1521 1522 1764
f 1521 1764 1520
f 1521 1520 1683
f 1538 1539 1742
f 1538 1742 1581
f 1742 1539 1581
f 1741 1539 1738
f 1556 1739 1738
f 1589 3012 1424
f 1470 1653 1650
f 1713 1558 1563
f 1423 3084 1422
f 1480 1470 1648
f 1438 1423 1604
f 1438 1604 1606
f 1559 1603 1575
f 1466 1483 1480
f 1523 1686 1685
f 1685 1686 1483
f 1483 1686 1689
f 1483 1689 1693
f 1525 1703 1702
f 1525 1702 1508
f 1726 1562 1727
f 1575 1573 1562
f 1575 1562 1726
f 1575 1726 1563
f 1470 1651 1656
f 1470 1656 1655
f 1655 1657 1471
f 1655 1471 1660
f 1655 1658 1470
f 1655 1660 1766
f 1655 1766 1658
f 1480 1661 1652
f 1480 1648 1650
f 1480 1650 1661
f 1575 1735 1734
f 1575 1734 1559
f 3084 1425 1597
f 1765 1453 1472
f 1765 1472 1663
f 1765 1663 1466
f 1470 1654 1653
f 1470 1608 1424
f 1713 1413 1767
f 1713 1767 1715
f 1713 1715 1560
f 1560 1598 1599
f 1730 1768 1426
f 1426 1731 1730
f 1424 1457 1482
f 1424 1423 1590
f 1424 1590 1589
f 1560 1425 1561
f 1560 1561 1713
f 1426 1592 1769
f 1425 1769 1561
f 1589 1588 2961
f 1765 1662 1653
f 1765 1633 1480
f 1765 1480 1662
f 1650 1653 1652
f 1650 1649 1470
f 1426 2961 1593
f 1592 1426 1591
f 1653 1453 1765
f 1558 1713 1714
f 1645 1641 1642
f 1645 1642 1643
f 1645 1644 1638
f 1645 1638 1641
f 1467 1641 1637
f 1466 1640 1483
f 1575 1563 1725
f 1575 1725 1724
f 1575 1724 1723
f 1525 1523 1508
f 1508 1523 1684
f 1463 1466 1467
f 1463 1467 1639
f 1463 1639 1638
f 1672 1462 1770
f 1671 1680 1511
f 1696 1717 1544
f 1697 1695 1696
f 1697 1696 1544
f 1697 1544 1716
f 1697 1716 1563
f 1771 1696 1698
f 1678 1549 1509
f 3208 1502 1509
f 1511 1495 1772
f 1511 1772 1508
f 1463 1483 1647
f 1509 1549 1576
f 1511 1508 1483
f 1765 1466 1636
f 1765 1636 1635
f 1765 1635 1634
f 1765 1634 1633
f 1463 1640 1466
f 1463 1646 1483
f 1463 1483 1640
f 1463 1647 1468
f 1463 1468 1646
f 1510 1679 1509
f 1480 1635 1466
f 1563 1718 1713
f 1779 1780 2984
f 1789 1787 1790
f 1788 1791 1789
f 1791 1788 1792
f 1791 1792 1793
f 1794 1795 2984
f 1795 1788 2984
f 1788 1795 1794
f 1788 1794 1796
f 1780 1779 1797
f 1780 1797 1798
f 2984 1781 1779
f 1781 2984 1799
f 1779 1781 1799
f 2984 1800 1801
f 2984 1801 1802
f 1803 1804 3129
f 1804 1800 3129
f 1800 1804 1803
f 1800 1803 1805
f 1806 1807 1803
f 1806 1803 3129
f 1807 1806 1808
f 1807 1808 1809
f 1782 1783 1774
f 1782 1774 1810
f 1782 1810 2967
f 1784 2967 1786
f 1785 1786 1788
f 1787 1788 1790
f 1789 1790 1788
f 1788 1786 2967
f 2967 1810 1774
f 1776 1811 2984
f 1776 1800 1811
f 2984 1778 1776
f 2984 1811 1800
f 2984 1788 2967
f 1814 1816 1815
f 1816 1814 1778
f 1812 1819 1818
f 3165 1824 1823
f 3092 1826 1825
f 1827 1816 3092
f 1827 3092 1828
f 1828 3092 1825
f 1825 1829 1827
f 1825 1827 1828
f 1815 1816 1830
f 1830 1831 1814
f 1830 1814 1815
f 1832 1814 1817
f 1817 1833 1832
f 3017 1835 1834
f 1834 1837 1836
f 1834 1836 3129
f 3129 1839 1838
f 3129 1840 1839
f 1838 1841 3129
f 1838 1842 1841
f 1820 1821 1843
f 1821 1822 1844
f 1813 1812 1818
f 1775 1813 1818
f 1822 2967 1818
f 1818 1820 1843
f 1821 1818 1843
f 1844 1818 1821
f 1822 1818 1844
f 2967 3165 1823
f 2967 1823 1845
f 3129 3017 1834
f 1814 1776 1778
f 1845 1823 3092
f 3092 2967 1845
f 1816 1846 3092
f 3092 1846 1778
f 1846 1816 1778
f 1838 1849 1850
f 1848 1852 1851
f 1848 1851 1823
f 1851 1852 1823
f 1822 1821 1852
f 1841 1842 1853
f 1838 1850 1853
f 1838 1853 1842
f 1850 3129 1841
f 1850 1841 1853
f 1839 1840 1854
f 3129 1855 1854
f 3129 1854 1840
f 1855 3129 1849
f 1855 1838 1839
f 1855 1839 1854
f 1838 1855 1849
f 1836 1837 1856
f 1834 1849 1856
f 1834 1856 1837
f 1849 3129 1836
f 1849 1836 1856
f 1834 1835 1857
f 3017 2933 1857
f 3017 1857 1835
f 2933 1834 1857
f 1832 1833 1858
f 1817 2933 1858
f 1817 1858 1833
f 2933 1832 1858
f 1814 1832 2933
f 1831 1830 1827
f 1827 1814 1831
f 1830 1816 1827
f 1829 1825 1847
f 1847 1827 1829
f 1826 3092 1823
f 1823 1825 1826
f 1825 1823 1847
f 1824 3165 1848
f 1848 1823 1824
f 1848 1822 1852
f 2935 1821 1820
f 1818 3201 1859
f 1818 1859 1820
f 1820 1859 3201
f 1818 1819 1860
f 3201 1818 1860
f 1817 1847 2933
f 1814 1827 1847
f 1814 1847 1817
f 3123 1847 1823
f 1861 1789 3123
f 1862 2933 3123
f 1861 3123 1864
f 3063 1866 1865
f 3123 1823 1864
f 3063 3201 1866
f 3201 1865 1866
f 1823 1852 1864
f 1787 1861 1864
f 1867 3063 1865
f 1809 1808 1868
f 1807 1809 1868
f 1807 1868 1869
f 1803 1807 1850
f 1869 1850 1807
f 1869 1868 1808
f 1869 1808 1806
f 1806 3129 1850
f 1806 1850 1869
f 1800 1805 1850
f 1850 1805 1803
f 1800 1850 1849
f 2984 1802 1870
f 1870 1802 1801
f 2984 1870 1863
f 1870 1849 1863
f 1870 1801 1800
f 1800 1849 1870
f 1862 2984 1871
f 1862 1871 1872
f 1872 1849 1862
f 1872 1871 2984
f 2984 1863 1849
f 2984 1849 1872
f 1779 1799 1862
f 1799 2984 1862
f 1780 1798 1873
f 1873 1798 1797
f 2984 1780 1873
f 2984 1873 1794
f 1873 1797 1779
f 1788 1796 1874
f 1874 1796 1794
f 1874 1794 1875
f 1788 1874 3123
f 1875 3123 1874
f 1794 3123 1875
f 1791 1793 1876
f 1876 1793 1792
f 1789 1791 1876
f 1876 3123 1789
f 1876 1792 1788
f 1788 3123 1876
f 1787 1789 1877
f 1877 1861 1787
f 1789 1861 1877
f 1785 1788 1864
f 1788 1787 1864
f 3063 1784 1786
f 1786 1785 1864
f 1782 2967 3063
f 1878 1782 3063
f 1782 1878 1867
f 3063 1867 1878
f 2967 1784 3063
f 1774 1783 1865
f 1783 1782 1865
f 1782 1867 1865
f 1774 1865 1879
f 3123 2933 1847
f 1779 1794 1873
f 1774 3201 1880
f 1885 1886 1887
f 1886 1884 1883
f 1892 1893 1891
f 1893 1892 1894
f 1891 1893 1894
f 1891 1894 1895
f 1892 1896 1897
f 1898 1899 1896
f 1898 1896 1886
f 1899 1898 1900
f 1896 1899 1900
f 1896 1900 1901
f 1886 1885 1902
f 1887 1903 1904
f 1903 3008 1906
f 1907 1910 1905
f 1907 1905 1908
f 1910 1907 1909
f 1910 1909 1911
f 3095 1912 1913
f 1914 1916 1915
f 1916 1914 1917
f 1916 3095 1915
f 1916 1917 1918
f 1890 1889 1888
f 1891 1890 1882
f 1890 1888 1882
f 1903 1887 1886
f 1905 3008 1908
f 1907 1908 3008
f 3095 1883 1915
f 1892 1891 1882
f 1886 1896 1892
f 1886 1892 1882
f 1886 1882 1884
f 1920 1883 3151
f 1919 1922 3071
f 1925 1926 3151
f 1928 3151 1929
f 1929 3151 1927
f 1927 1930 1928
f 1927 1928 1929
f 1928 1931 1920
f 1921 1933 1932
f 1934 1932 1935
f 1935 1936 1934
f 2908 3127 1937
f 1937 3127 1934
f 1934 2908 1937
f 2908 1939 1938
f 2908 1940 1939
f 1941 1915 1938
f 1938 1942 1941
f 1938 1943 1942
f 1923 1882 1881
f 1925 1923 1924
f 1925 1882 1923
f 3151 1882 1925
f 1938 1915 1883
f 1921 1932 1883
f 1921 1883 1920
f 1928 1920 3151
f 1944 1945 1946
f 1945 1944 1948
f 1949 1950 1948
f 1945 1948 1946
f 1950 3197 1951
f 3151 1948 1944
f 1925 1949 1948
f 1925 1950 1949
f 3071 1951 3197
f 1942 1943 1952
f 1938 1947 1952
f 1938 1952 1943
f 1947 1941 1942
f 1947 1942 1952
f 1915 1941 1947
f 1939 1940 1953
f 2908 1947 1953
f 2908 1953 1940
f 1947 1938 1939
f 1947 1939 1953
f 2908 1934 1954
f 2908 1954 1947
f 1934 1947 1954
f 1936 1935 1955
f 1955 1934 1936
f 1935 1932 1955
f 1955 1932 1947
f 1955 1947 1934
f 1933 1921 1920
f 1920 1932 1933
f 1931 1928 1956
f 1956 1920 1931
f 1956 1928 1944
f 1930 1927 1957
f 1957 1928 1930
f 1927 1944 1957
f 1928 1957 1944
f 1927 3151 1958
f 3151 1944 1958
f 1944 1927 1958
f 1926 1925 1959
f 1959 3151 1926
f 1959 1925 1948
f 3151 1959 1948
f 1925 1924 1950
f 1923 1950 1924
f 3071 1922 1960
f 1920 1944 1932
f 1920 1956 1944
f 1907 1947 1963
f 1905 1963 1947
f 1903 1947 1962
f 1903 1962 1964
f 2940 1946 1948
f 2940 1948 3156
f 3156 1948 1950
f 3048 2940 1889
f 1918 1917 1965
f 1916 1918 1965
f 1916 1965 1966
f 3095 1916 1947
f 1966 1947 1916
f 1966 1965 1917
f 1966 1917 1914
f 1914 1915 1947
f 1914 1947 1966
f 3095 1913 1907
f 1907 1913 1912
f 1912 1947 1907
f 3095 1947 1912
f 1910 1911 1963
f 1963 1911 1909
f 1905 1910 1963
f 1963 1909 1907
f 1903 1906 1967
f 1967 1906 3008
f 1967 3008 1905
f 1905 1947 1903
f 1905 1903 1967
f 1887 1904 1885
f 1885 1904 1903
f 1885 1903 1964
f 1886 1902 1968
f 1968 1902 1885
f 1968 1885 1961
f 1961 1886 1968
f 1896 1901 1969
f 1969 1901 1900
f 1896 1969 1961
f 1900 1886 1961
f 1900 1961 1969
f 1898 1886 1900
f 1892 1897 2940
f 2940 1897 1896
f 1891 1895 2940
f 2940 1895 1894
f 2940 1894 1892
f 1889 1890 1970
f 1890 3048 1970
f 1970 3048 1889
f 1885 1962 1961
f 1961 1962 1947
f 3161 1947 3019
f 3161 3019 1944
f 1885 1964 1962
f 1946 3161 1944
f 3156 1950 1951
f 1976 1974 1977
f 1978 1976 1979
f 1978 1980 1975
f 1984 1978 1981
f 1981 1982 1984
f 1978 1984 1982
f 1987 1988 1986
f 1988 1987 1989
f 1987 1982 1990
f 1982 1981 1991
f 3088 1983 1981
f 1983 3088 1992
f 1981 1983 1992
f 1993 1994 3088
f 1994 1993 1995
f 1998 1997 1999
f 2000 2002 1998
f 2002 2000 2001
f 2002 2001 2003
f 1986 2958 1974
f 2000 1998 1975
f 1978 1975 1993
f 1975 1998 1996
f 1993 1975 1996
f 1978 1974 1976
f 1986 1974 1978
f 1978 1979 1980
f 1986 1978 1987
f 1987 1978 1982
f 2004 2005 1972
f 3193 1972 2005
f 1979 1977 1974
f 1979 1974 2006
f 1979 1976 1977
f 2007 2008 2009
f 2009 2008 3016
f 1979 1975 1980
f 3016 2007 2009
f 2010 2004 2011
f 2011 2012 2010
f 3067 2015 2014
f 2016 3121 2017
f 2017 3121 2014
f 2014 2016 2017
f 2016 2018 2007
f 2008 2020 2019
f 2008 2021 2020
f 2019 2022 1975
f 1975 2024 2023
f 2000 2023 2025
f 2025 2023 2026
f 2026 2027 2000
f 2026 2000 2025
f 2014 2006 3067
f 2006 1974 3193
f 3193 2005 2004
f 2013 2006 3193
f 2013 3193 2004
f 2013 2004 2010
f 2000 1975 2023
f 2008 2019 3016
f 2028 1979 2006
f 2014 2028 2006
f 2014 1979 2028
f 2014 3121 1979
f 2016 2007 3121
f 2934 3104 2030
f 2031 2030 3104
f 2031 2934 2030
f 2014 2033 2032
f 2033 2034 2032
f 2032 2034 2014
f 2036 2035 3158
f 2026 2037 2027
f 2026 2023 3104
f 2037 2026 3104
f 2037 3104 2000
f 2037 2000 2027
f 1975 2038 2024
f 2038 1975 3104
f 2038 3104 2023
f 2038 2023 2024
f 2022 2019 2031
f 2031 1975 2022
f 1975 2031 3104
f 2031 2019 2007
f 2020 2021 2039
f 2008 2007 2039
f 2008 2039 2021
f 2019 2020 2039
f 2007 2019 2039
f 2018 2016 2040
f 2040 2007 2018
f 2016 2029 2040
f 2041 2014 2029
f 2041 2016 2014
f 2016 2041 2029
f 2015 3067 2033
f 2033 2014 2015
f 3067 2042 2033
f 2034 2033 2042
f 2034 2042 3067
f 2013 2010 3158
f 2036 2043 2010
f 2043 2036 3158
f 2010 2043 2044
f 2010 2044 3158
f 2043 3158 2044
f 2007 2040 2029
f 2045 2007 2029
f 2045 2029 2014
f 3051 2035 2047
f 3181 2014 2046
f 2046 2014 3051
f 2014 2034 3051
f 3158 2035 3051
f 1986 3181 2046
f 2048 3051 2047
f 2048 2047 2035
f 2002 2003 2049
f 2049 2003 2001
f 1998 2002 2049
f 1998 2049 1997
f 2049 2000 1997
f 2049 2001 2000
f 1998 1999 1996
f 1996 1999 1997
f 1993 1996 2050
f 1993 2050 3104
f 3104 2050 1996
f 1994 1995 3007
f 3007 1995 1993
f 3088 1994 3007
f 1993 3104 3007
f 1981 1992 2051
f 1981 2051 3007
f 1992 3088 3007
f 3007 2051 1992
f 1982 1991 2045
f 2045 1991 1981
f 2045 1981 2052
f 2052 2007 2045
f 1987 1990 3181
f 3181 1990 1982
f 1988 1989 3181
f 3181 1989 1987
f 1986 1988 3181
f 2958 3051 2048
f 1985 2958 2053
f 1985 2053 2048
f 2048 2035 1985
f 2958 2048 2053
f 1985 2055 2054
f 1981 2007 2052
f 2064 2065 2062
f 2066 2067 3061
f 2067 2066 2068
f 2069 2070 2066
f 2070 2069 2071
f 2066 2070 2071
f 2066 2071 2072
f 2069 2989 2073
f 2989 2074 2075
f 2060 2076 2077
f 2078 2079 2080
f 2081 2078 2082
f 2078 2081 2083
f 2078 2083 2084
f 2062 3189 2085
f 2062 2085 2064
f 2056 2058 2057
f 2064 2085 3189
f 3061 2064 2058
f 3061 2058 2059
f 2066 3061 2059
f 2078 2076 2060
f 2082 2078 2060
f 3089 2066 2059
f 2069 2066 2989
f 2056 2086 2058
f 2089 2087 2090
f 2087 2091 2088
f 2096 2094 2097
f 2097 2098 2096
f 2094 2099 2098
f 2094 2098 2097
f 2100 2102 2101
f 2101 2102 2096
f 2096 2100 2101
f 2103 2100 2104
f 2104 2100 2105
f 2105 2106 2103
f 2105 2103 2104
f 2088 2107 2087
f 2108 2091 2087
f 2108 2087 2089
f 2090 2109 2108
f 2090 2108 2089
f 2111 2112 2110
f 2111 2113 2112
f 2110 2116 2115
f 2110 2115 2114
f 2114 2118 2117
f 2119 2082 2120
f 2120 2121 2119
f 2120 2082 2117
f 2120 2122 2121
f 2093 2123 2058
f 2093 2095 2123
f 2096 2951 2094
f 2095 2951 2058
f 2095 2058 2123
f 2094 2951 2095
f 2091 2111 2114
f 2110 2114 2111
f 2117 2082 2060
f 2117 2060 2114
f 2091 2114 2060
f 2951 2096 2102
f 2100 2951 2102
f 2100 3089 2951
f 2100 2103 3089
f 2103 2088 2091
f 2103 2091 3089
f 2124 2938 2096
f 2114 2126 2125
f 2110 2125 2126
f 2091 2127 3011
f 2128 3029 2095
f 2121 2122 2129
f 2120 3145 2129
f 2120 2129 2122
f 3145 2120 2117
f 3145 2119 2121
f 3145 2121 2129
f 2082 2119 3145
f 2117 2118 2130
f 2114 2131 2130
f 2114 2130 2118
f 2131 2114 2125
f 2131 2117 2130
f 2117 2131 2125
f 2110 2126 2116
f 2126 2114 2115
f 2126 2115 2116
f 2113 2111 2091
f 2091 2112 2113
f 2091 2110 2112
f 2110 2091 2125
f 2109 2090 2132
f 2132 2133 2108
f 2132 2108 2109
f 2108 2133 2127
f 2108 2127 2091
f 2107 2088 2103
f 2103 2087 2107
f 2106 2105 2134
f 2134 2103 2106
f 2105 2100 2938
f 2105 2938 2134
f 2134 2938 2103
f 2100 2096 2135
f 2096 2136 2135
f 2136 2096 2938
f 2136 2100 2135
f 2100 2136 2938
f 2099 2094 2124
f 2124 2096 2098
f 2124 2098 2099
f 2095 2093 2128
f 2095 2137 2094
f 2094 2137 3029
f 2137 2095 3029
f 2128 2093 2092
f 2093 2138 2092
f 2138 2139 2092
f 2087 3011 2127
f 2090 2087 2132
f 2133 2132 2087
f 2133 2087 2127
f 2140 2938 2124
f 2140 2124 2141
f 2143 2142 2125
f 2144 2142 2143
f 2144 2143 2125
f 2929 2124 2128
f 2929 2128 3068
f 2128 3189 3068
f 2084 2083 2145
f 2078 2084 2145
f 2078 2145 3145
f 3145 2145 2083
f 3145 2083 2081
f 2081 2082 3145
f 2078 2080 2076
f 2076 2080 2079
f 2076 2079 2125
f 2125 2079 2078
f 2142 2076 2146
f 2076 2125 2146
f 2142 2146 2125
f 2060 2077 2142
f 2142 2077 2076
f 2989 2142 2144
f 2989 2075 2061
f 2061 2075 2074
f 2061 2074 2144
f 2074 2989 2144
f 2069 2073 2140
f 2140 2073 2989
f 2140 2989 2061
f 2066 2072 3177
f 3177 2072 2071
f 2071 2069 2140
f 2067 2068 2141
f 2141 2068 2066
f 3061 2067 2141
f 2066 3177 2141
f 2065 2064 2147
f 2062 2065 2147
f 2062 2147 2929
f 2064 2929 2147
f 2063 2929 2148
f 2064 2063 2148
f 2064 2148 2929
f 2938 2140 2144
f 2938 2144 3011
f 2061 2144 2140
f 1879 1865 3201
f 1922 1919 1960
f 2086 2092 2058
f 1774 2153 2152
f 1774 2152 2150
f 1774 2149 1775
f 1812 2155 2158
f 1813 1775 1812
f 1812 2161 2160
f 1812 2160 1860
f 1812 1860 1819
f 3201 2162 2161
f 3201 2161 1812
f 1860 2162 3201
f 1812 2158 2165
f 1812 2165 2164
f 1812 2164 3201
f 3201 1774 2167
f 2166 1879 3201
f 2166 3201 2167
f 1774 1880 2168
f 2168 2153 1774
f 1888 2170 2169
f 1888 2169 2962
f 2170 1888 2171
f 1881 2172 1919
f 1919 2174 2173
f 1919 2173 1960
f 1919 1951 2174
f 3071 1960 1951
f 1960 2174 2175
f 1960 2175 1951
f 1951 1919 2176
f 1889 1971 2177
f 1889 2177 1888
f 1951 2178 1888
f 1888 2178 2171
f 1973 2179 1972
f 2004 1972 2180
f 2004 2181 2011
f 2011 2181 2012
f 2010 2012 2182
f 2010 2182 2183
f 2036 2010 2184
f 2035 2036 2184
f 2004 2185 2035
f 2185 2004 2180
f 1985 2054 1973
f 2055 1973 2054
f 1985 2186 2055
f 2035 2186 1985
f 1973 2035 2187
f 2187 2179 1973
f 2056 2057 2188
f 2058 2092 2189
f 2058 2189 2190
f 2190 2191 2058
f 2086 2056 2092
f 2093 2194 2193
f 2093 2193 2192
f 2138 2093 2192
f 2138 2192 2195
f 2139 2138 2195
f 2058 2194 2093
f 2194 2058 2196
f 2058 2191 2196
f 3189 2128 2198
f 3189 2198 2057
f 2128 2197 2057
f 2057 2197 2199
f 2199 2200 2057
f 2197 2128 2199
f 2092 2200 2199
f 2092 2199 2128
f 2092 2188 2057
f 2092 2057 2200
f 2092 2056 2188
f 2128 2057 2198
f 2161 1860 2160
f 3201 2155 2156
f 2155 3201 2164
f 2155 2164 2165
f 2155 2165 2158
f 2035 2055 2186
f 2035 1973 2055
f 2139 2195 2192
f 2092 2139 2192
f 2194 2092 2192
f 2194 2192 2193
f 2194 2196 2092
f 2092 2196 2191
f 2092 2191 2190
f 2092 2190 2189
f 1860 2161 2162
f 1972 2179 2187
f 1972 2187 2035
f 2175 2174 1951
f 2962 1951 2176
f 2962 2176 1919
f 2962 1919 2172
f 2962 2172 1881
f 2174 1960 2173
f 2166 1774 1879
f 1880 3201 2156
f 1880 2150 2152
f 2152 2153 2168
f 2152 2168 1880
f 2035 2184 2010
f 2035 2010 2181
f 2035 2181 2004
f 2181 2010 2183
f 2181 2183 2182
f 2181 2182 2012
f 1888 2177 1971
f 1951 1971 3156
f 1951 1888 1971
f 2962 2178 1951
f 2178 2962 2169
f 2178 2169 2170
f 2178 2170 2171
f 2166 2167 1774
f 1972 2035 2185
f 1972 2185 2180
f 1812 1775 2149
f 1812 2149 1774
f 1812 1774 2150
f 2201 2203 2202
f 2202 2205 2204
f 2207 2206 2208
f 2207 2208 2209
f 2208 2206 2209
f 2207 2209 2210
f 2201 2202 2207
f 2210 2201 2207
f 2211 2210 2209
f 2202 2204 2207
f 2207 2204 2206
f 2209 2205 2202
f 2209 2204 2205
f 2209 2206 2204
f 2203 2209 2202
f 2201 2209 2203
f 2201 2211 2209
f 2213 2347 2214
f 2213 2214 2212
f 2213 2215 2216
f 2216 2215 2217
f 2213 2220 2219
f 2219 2217 2218
f 2220 2217 2219
f 2222 2213 2221
f 2222 2347 2213
f 2213 2224 2221
f 2224 2212 2221
f 2221 2212 2223
f 2224 2219 2218
f 2219 2224 2213
f 2213 2216 2217
f 2213 2217 2220
f 2224 2225 2226
f 2224 2226 2212
f 2225 2215 2226
f 2224 2217 2215
f 2224 2215 2225
f 2224 2218 2217
f 2213 2212 2215
f 2215 2212 2226
f 2230 2229 2228
f 2230 2227 2229
f 2234 2235 2233
f 2234 2236 2235
f 2231 2234 2233
f 2231 2230 2234
f 2227 2236 2234
f 2227 2230 2231
f 2237 2230 2238
f 2228 2237 2238
f 2229 2239 2228
f 2228 2239 2237
f 2229 2237 2239
f 2229 2227 2234
f 2229 2234 2240
f 2240 2237 2229
f 2237 2240 2241
f 2240 2230 2241
f 2234 2230 2240
f 2230 2237 2241
f 2228 2238 2230
f 2227 2246 2247
f 2227 2235 2245
f 2227 2247 2248
f 2235 2227 2249
f 2249 2227 2248
f 2249 2248 2247
f 2250 2247 2246
f 2247 2250 2242
f 2249 2247 2243
f 2249 2243 2251
f 2251 2235 2249
f 2251 2243 2235
f 2242 2235 2247
f 2235 2243 2247
f 2253 2256 2257
f 2258 2257 2259
f 2258 2261 2260
f 2253 2258 2260
f 2262 2261 2263
f 2263 2261 2264
f 2262 2265 2261
f 2261 2253 2260
f 2265 2255 2253
f 2265 2253 2261
f 2261 2258 2267
f 2258 2259 2267
f 2269 2261 2267
f 2261 2266 2264
f 2257 2267 2259
f 2253 2257 2258
f 2270 2256 2268
f 2256 2253 2268
f 2257 2270 2268
f 2257 2268 2267
f 2257 2256 2270
f 2254 2267 2253
f 2253 2267 2268
f 2267 2254 2269
f 2273 2271 2274
f 2275 2271 2273
f 2279 2277 2280
f 2279 2280 2278
f 2277 2276 2280
f 2271 2272 2280
f 2281 2276 2275
f 2281 2275 2282
f 2273 2281 2282
f 2274 2271 2283
f 2283 2281 2274
f 2281 2273 2274
f 2271 2280 2281
f 2271 2281 2283
f 2280 2276 2281
f 2273 2282 2275
f 2284 2286 2285
f 2284 2285 2287
f 2284 2289 2288
f 2288 2291 2290
f 2293 2292 2294
f 2293 2294 2295
f 2294 2292 2295
f 2293 2296 2284
f 2284 2288 2293
f 2298 2295 2299
f 2298 2296 2295
f 2296 2298 2284
f 2295 2296 2293
f 2288 2290 2293
f 2293 2290 2292
f 2295 2291 2288
f 2295 2290 2291
f 2295 2292 2290
f 2284 2295 2289
f 2289 2295 2288
f 2284 2287 2299
f 2284 2299 2295
f 2302 2300 2301
f 2300 2302 2303
f 3210 2303 2304
f 3210 2303 2305
f 2300 2306 2303
f 2303 2306 2276
f 2307 2303 2302
f 2307 2302 2308
f 2309 2310 2307
f 2309 2307 2308
f 2301 2310 2309
f 2301 2307 2310
f 2300 2303 2301
f 2303 2307 2301
f 2309 2302 2301
f 2309 2308 2302
f 2312 2314 2315
f 2312 2318 2317
f 2318 2316 2317
f 2319 2321 2312
f 2319 2312 2324
f 2324 2314 2319
f 2311 2319 2314
f 2319 2311 2322
f 2317 2324 2312
f 2312 2315 2316
f 2312 2316 2318
f 2316 2314 2325
f 2316 2315 2314
f 2317 2316 2324
f 2316 2325 2324
f 2314 2324 2325
f 2314 2312 2311
f 3210 2276 2329
f 3210 2329 2328
f 2331 2328 2329
f 2331 2329 2330
f 2331 2330 2332
f 2333 2331 2332
f 2335 2336 2334
f 2335 2329 2336
f 2334 2331 2335
f 2329 2276 2336
f 2326 3210 2331
f 2326 2331 2327
f 3210 2328 2331
f 2333 2335 2331
f 2337 2333 2332
f 2337 2332 2338
f 2339 2340 2337
f 2339 2337 2338
f 2339 2330 2340
f 2330 2337 2340
f 2330 2329 2341
f 2330 2342 2337
f 2330 2341 2333
f 2330 2333 2342
f 2329 2333 2341
f 2335 2333 2329
f 2333 2337 2342
f 2339 2338 2332
f 2339 2332 2330
f 2323 2322 2311
f 2233 2232 2231
f 2269 2266 2261
f 2313 2311 2312
f 2210 2211 2343
f 2210 2343 2344
f 2211 2345 2346
f 2211 2346 2347
f 2211 2201 2348
f 2347 2212 2214
f 2223 2350 2221
f 2233 2235 2232
f 2236 2227 2351
f 2235 2242 2353
f 2235 2355 2354
f 2235 2354 2244
f 2245 2358 2357
f 2245 2357 2356
f 2245 2356 2359
f 2245 2359 2227
f 2250 2246 2360
f 2358 2361 2357
f 2346 2345 2362
f 2223 2212 2252
f 2269 2286 2363
f 2280 2365 2278
f 2277 2279 2364
f 2368 2284 2366
f 2298 2369 2370
f 2313 2298 2299
f 2284 2298 2297
f 2304 2371 2300
f 2305 2373 3210
f 2303 3210 2304
f 2319 2320 2377
f 2319 2377 2378
f 2319 2378 2321
f 2321 2378 2299
f 2320 2319 2379
f 2336 2300 2380
f 2336 2276 3210
f 2276 2300 2375
f 2299 2287 2285
f 2299 2285 2286
f 2381 2319 2322
f 2381 2322 2323
f 2382 2347 2201
f 2382 2201 2210
f 2347 2211 2348
f 2347 2348 2201
f 2347 2223 2252
f 2347 2252 2212
f 2347 2350 2223
f 2347 2221 2350
f 2347 2222 2221
f 2382 2344 2343
f 2382 2343 2211
f 2382 2210 2344
f 2347 2211 2345
f 2347 2345 2362
f 2347 2349 2383
f 2347 2383 2211
f 2347 2362 2346
f 2347 2384 2222
f 2347 2382 2211
f 2347 2211 2384
f 2235 2227 2231
f 2235 2231 2232
f 2385 2244 2354
f 2385 2354 2355
f 2385 2355 2235
f 2235 2361 2357
f 2235 2357 2356
f 2235 2356 2359
f 2235 2359 2227
f 2235 2245 2358
f 2235 2358 2361
f 2227 2351 2236
f 2227 2244 2385
f 2227 2360 2246
f 2250 2360 2227
f 2385 2353 2242
f 2385 2242 2227
f 2385 2235 2353
f 2227 2242 2250
f 2275 2365 2280
f 2275 2278 2365
f 2275 2280 2272
f 2275 2272 2271
f 2336 2331 2334
f 2336 3210 2327
f 2336 2327 2331
f 2300 2304 2371
f 3210 2372 2304
f 2276 3210 2373
f 2276 2373 2305
f 2276 2305 2303
f 3210 2326 2327
f 2313 2376 2387
f 2313 2387 2311
f 2299 2321 2312
f 2299 2312 2388
f 2313 2298 2369
f 2313 2369 2370
f 2313 2370 2378
f 2313 2378 2320
f 2313 2320 2381
f 2378 2299 2286
f 2378 2286 2368
f 2381 2320 2379
f 2378 2297 2298
f 2381 2379 2319
f 2381 2311 2376
f 2381 2376 2313
f 2381 2323 2311
f 2264 2253 2255
f 2264 2255 2265
f 2264 2265 2262
f 2264 2262 2263
f 2276 2375 2300
f 2276 2389 2306
f 2276 2306 2300
f 2278 2275 2389
f 2278 2389 2374
f 2278 2374 2306
f 2253 2269 2254
f 2286 2363 2269
f 2269 2368 2286
f 2253 2367 2368
f 2253 2368 2284
f 2368 2269 2253
f 2253 2264 2266
f 2378 2368 2284
f 2378 2284 2297
f 2284 2368 2366
f 2278 2277 2364
f 2278 2364 2279
f 2392 2394 2391
f 2391 2390 2936
f 2408 2409 2407
f 2410 2412 2411
f 2410 2957 2412
f 2410 3085 2957
f 2410 2407 3085
f 2408 2414 2409
f 2407 2409 2414
f 2416 2417 2415
f 2416 2418 2419
f 2417 2416 2420
f 2421 2417 2420
f 2413 2421 2422
f 2416 2422 2421
f 2416 2413 2422
f 2416 2419 2423
f 2416 2421 2420
f 2419 2418 2415
f 2418 2416 2415
f 2417 2421 2415
f 2421 2413 2415
f 3085 2425 2414
f 3085 2407 2425
f 2407 2414 2425
f 2415 2413 2414
f 2416 2957 2426
f 2957 2411 2412
f 2957 3213 2411
f 2393 2430 2392
f 2413 2416 2426
f 2957 2413 2426
f 3213 2410 2411
f 2414 2408 2431
f 3130 2431 2408
f 3130 2414 2431
f 2438 2439 2401
f 2440 2439 2438
f 2440 2438 2393
f 2401 2439 2440
f 2441 2401 2440
f 2402 2438 2401
f 2438 2398 2391
f 3094 2391 2394
f 2430 3094 2392
f 2393 3094 2430
f 3094 2394 2392
f 2419 2415 2423
f 2427 2957 2416
f 2397 2392 3097
f 2392 2391 3097
f 2401 2435 2403
f 2396 2392 2395
f 2423 2424 2416
f 2408 2436 3130
f 2461 2445 2444
f 2446 2392 2396
f 2397 2448 2447
f 2397 2447 2392
f 2392 2447 2450
f 2392 2450 2449
f 2392 2449 2395
f 2395 2451 2396
f 2391 2452 2390
f 2391 2398 2453
f 2391 2453 2452
f 2586 2457 2398
f 2976 2456 2454
f 2391 2399 2458
f 2391 2458 2399
f 2463 2586 2398
f 2463 2398 2462
f 2398 2464 2462
f 2398 2466 2465
f 2398 2465 3074
f 2398 3074 2464
f 3074 2468 2469
f 3074 2466 2468
f 3074 2470 2462
f 2403 2404 2471
f 2403 2471 2401
f 2400 2404 2474
f 2400 2474 2405
f 2400 2405 2472
f 2400 2472 2473
f 2910 2476 2477
f 2910 2477 2475
f 2481 2403 2405
f 2404 2403 2481
f 2479 2478 2483
f 2479 2483 2482
f 2459 2482 2484
f 2406 2459 2486
f 2406 2486 2399
f 2406 2399 2488
f 2406 2488 3069
f 2406 3069 2487
f 2406 2487 2459
f 2423 2490 2489
f 2423 2489 2424
f 2423 2429 2491
f 2423 2491 2490
f 2428 2492 2493
f 2428 2493 2427
f 2428 2427 2416
f 2428 2495 2397
f 2428 2397 2492
f 2395 2397 2496
f 2416 2498 2497
f 2416 2497 2428
f 2396 2451 2502
f 2396 2502 2501
f 2396 2501 2500
f 2396 2500 2499
f 2416 2424 2503
f 2416 2503 2498
f 2396 2499 2498
f 2396 2498 2446
f 2393 2392 2504
f 2393 2504 2498
f 2393 2498 2505
f 2393 2505 2506
f 2393 2506 2424
f 2429 2507 2490
f 2393 2508 2429
f 2393 2424 2509
f 2393 2509 2508
f 2432 2511 2510
f 2432 2510 2408
f 2436 2512 2513
f 2432 2514 2512
f 2432 2512 2436
f 2432 2436 2511
f 2512 2516 2515
f 2512 2515 2434
f 2899 2433 2518
f 2899 2518 2427
f 2427 2518 2433
f 3097 2520 2519
f 3097 2519 2517
f 3097 2517 2522
f 3097 2522 2521
f 3097 2521 2899
f 3097 2523 2434
f 3097 2434 2520
f 2434 2524 2512
f 2435 2525 2526
f 2435 2526 2527
f 2435 2527 2434
f 2530 2435 2528
f 2530 2528 2529
f 2530 2525 2435
f 2531 2525 2530
f 2531 2530 2436
f 2437 2532 2436
f 2437 2436 2530
f 2437 2530 2533
f 3097 2435 2534
f 3097 2534 2523
f 2434 2436 2535
f 2434 2535 2513
f 2434 2513 2524
f 2436 2408 2510
f 2957 2433 2536
f 2957 2536 2432
f 2427 2433 2539
f 2427 2539 2538
f 2427 2538 2537
f 2957 2427 2537
f 2957 2537 2433
f 2477 2540 2475
f 2402 2542 2543
f 2402 2543 2541
f 2402 2541 2438
f 2402 2442 2542
f 2401 2441 2544
f 2438 2541 2545
f 2438 2545 2442
f 2442 2398 2438
f 3196 2546 2469
f 3196 2469 2443
f 2443 2442 2547
f 2540 2443 2549
f 2540 2549 2548
f 2469 2546 3074
f 2990 2550 2552
f 2990 2552 2551
f 2990 2551 2423
f 2423 2553 2550
f 2423 2550 2554
f 2393 2429 2555
f 2393 2555 2556
f 2393 2556 3107
f 2393 3107 2557
f 2423 2554 2558
f 2423 2558 2429
f 3130 2436 2559
f 2437 3130 2559
f 2437 2559 2532
f 3130 2437 2560
f 3130 2560 2562
f 3130 2562 2561
f 3130 2561 2990
f 2990 2563 3130
f 2423 2563 2564
f 2563 2423 3130
f 2990 2437 2566
f 2990 2566 2565
f 2437 2533 2566
f 2567 2985 2391
f 2567 2391 2570
f 2985 2569 2568
f 2985 2568 2480
f 2568 2569 2391
f 2568 2391 2399
f 2568 2399 2571
f 2391 2569 2570
f 2441 2573 2544
f 2435 2572 2441
f 2565 2441 2990
f 2441 2528 2435
f 2393 2574 2575
f 2393 2575 2576
f 2393 2576 2440
f 2574 2393 2557
f 2397 2395 2448
f 2445 3214 2936
f 2445 2936 2577
f 3214 2578 2936
f 2577 2936 2579
f 2578 3214 2936
f 2454 2455 2577
f 2455 2454 2577
f 2454 3078 2390
f 2454 2390 2398
f 3078 2454 2461
f 2577 2461 2445
f 2390 2577 2579
f 2580 2581 2548
f 2581 2540 2548
f 2548 2442 2582
f 2404 2400 2910
f 2401 2404 2583
f 2404 2402 2583
f 2910 2475 2548
f 2548 2475 2580
f 2402 2548 2582
f 2478 2479 2405
f 2479 2653 2405
f 2653 2585 2405
f 2585 2910 2405
f 2459 2484 2399
f 2484 2482 2405
f 2484 2405 2399
f 2399 2405 2480
f 2405 2482 2483
f 2405 2483 2478
f 2480 2405 2584
f 2487 3069 2459
f 2976 2454 2398
f 2395 2501 2451
f 2547 2442 2548
f 2443 2547 2548
f 2910 2473 2405
f 2497 2498 2428
f 2459 3214 2460
f 2578 3214 2460
f 2578 2460 3214
f 2586 2398 2457
f 2445 2461 2444
f 2579 2936 2390
f 2452 2398 2390
f 2424 2498 2503
f 2424 2489 2490
f 2466 3074 2465
f 3074 2462 2464
f 2469 2398 2443
f 2469 2468 2466
f 2469 2466 2587
f 2469 2587 2398
f 2498 2392 2446
f 2424 2490 2507
f 2424 2507 2429
f 2429 2490 2491
f 2580 2475 2540
f 2580 2540 2581
f 2583 2402 2401
f 2541 2542 2442
f 2582 2442 2402
f 2429 3107 2556
f 2910 2585 2485
f 2910 2485 2653
f 2653 2485 2585
f 2584 2985 2480
f 2573 2401 2544
f 2437 2990 2561
f 2584 2405 2985
f 2566 2441 2565
f 2433 2537 2538
f 3069 2488 2399
f 2453 2398 2452
f 2395 2447 2448
f 2449 2450 2395
f 2395 2450 2447
f 2501 2502 2451
f 2498 2499 2500
f 2498 2500 2501
f 2498 2501 2428
f 2427 2493 2492
f 2427 2492 2397
f 2501 2494 2428
f 2501 2397 2494
f 2501 2395 2496
f 2501 2496 2397
f 2462 2586 2463
f 2424 2506 2505
f 2424 2505 2498
f 2498 2504 2392
f 2424 2429 2508
f 2424 2508 2509
f 2990 2423 2564
f 2990 2564 2563
f 2551 2550 2553
f 2551 2553 2423
f 2575 2574 2576
f 2574 2440 2576
f 2550 2429 2558
f 2558 2554 2550
f 2471 2404 2401
f 2545 2541 2442
f 2556 2555 2429
f 3107 2574 2557
f 3107 2440 2574
f 2562 2560 2561
f 2405 2474 2404
f 2473 2472 2405
f 2473 2910 2400
f 2459 2399 2486
f 2480 2571 2399
f 2559 2436 2532
f 2436 2434 2525
f 2436 2525 2531
f 2573 2441 2572
f 2573 2572 2435
f 2573 2435 2401
f 2561 2560 2437
f 2530 2566 2533
f 2568 2571 2480
f 2985 2567 2570
f 2985 2570 2569
f 2434 2519 2520
f 2517 2519 2434
f 2521 2522 2899
f 2899 2522 2517
f 2433 2432 2536
f 2433 2899 2432
f 2899 2512 2514
f 2899 2514 2589
f 2899 2589 2432
f 2405 2404 2481
f 2435 2434 2523
f 2510 2511 2436
f 2436 2513 2535
f 2512 2524 2513
f 2517 2434 2515
f 2517 2515 2516
f 2517 2516 2512
f 2517 2512 2899
f 2441 2530 2529
f 2441 2566 2530
f 2529 2528 2441
f 2434 2526 2525
f 3196 3065 2459
f 2976 2454 2456
f 3196 2454 2976
f 3196 2459 2454
f 2454 2459 3214
f 3065 2479 2482
f 3065 2482 2459
f 3196 3074 2546
f 2540 2476 2910
f 3065 2653 2479
f 2454 3214 2445
f 2454 2445 3214
f 2540 2477 2476
f 2593 2595 2594
f 2596 2599 2598
f 2599 2590 2591
f 2599 3207 3073
f 2596 3207 2599
f 2973 2601 3206
f 2590 2973 2592
f 2591 2590 2605
f 2591 2605 2599
f 2598 2599 2606
f 2598 2606 2596
f 2596 2606 2607
f 2596 2607 2597
f 2597 2607 2608
f 2597 2608 2596
f 2594 2595 2482
f 2594 2482 2593
f 2592 2593 2461
f 2592 2461 2590
f 2612 2615 2614
f 2612 2614 2613
f 2615 2617 2616
f 2617 2618 2616
f 2618 2620 2619
f 2621 2624 2623
f 2621 2623 2622
f 2624 2626 2625
f 2624 2625 2623
f 2626 2628 2627
f 2626 2627 2625
f 2628 2612 2613
f 2628 2613 2627
f 2596 2638 2637
f 2637 2638 2639
f 2639 2641 2640
f 2640 2635 2634
f 2639 2640 2634
f 2639 2634 2647
f 2639 2647 2646
f 2596 2637 2639
f 2596 2639 2646
f 2636 2595 2650
f 2636 2650 2649
f 2635 2640 2651
f 2635 2651 2634
f 2641 2639 2652
f 2641 2652 2640
f 2639 2638 2652
f 2651 2640 2652
f 2595 2636 2653
f 2657 2655 2658
f 2657 2658 2660
f 2657 2660 2659
f 2659 2660 2662
f 2659 2662 2661
f 2661 2662 2619
f 2661 2619 2620
f 2621 2622 2664
f 2621 2664 2663
f 2663 2664 2666
f 2663 2666 2665
f 2665 2666 2668
f 2665 2668 2667
f 2667 2668 2670
f 2667 2670 2669
f 2669 2670 2656
f 2669 2656 2655
f 2674 2667 2669
f 2633 2617 2615
f 2631 2618 2617
f 2649 3076 2636
f 2661 2675 2659
f 2600 2676 2601
f 2603 2677 2604
f 2603 2600 2677
f 2603 2678 2679
f 2603 3207 2678
f 2590 2461 2605
f 2605 2461 2681
f 2606 2682 2607
f 2684 2685 2609
f 2609 2685 2686
f 2972 2609 2686
f 2606 2972 2682
f 2972 2605 2687
f 2454 2972 2455
f 2455 2972 2687
f 2605 2681 2688
f 2610 2689 2690
f 2610 2690 2578
f 2578 2461 2691
f 2578 2691 2610
f 2593 2689 2610
f 2593 2610 2693
f 2593 2693 2692
f 2593 2692 2461
f 2613 2694 2695
f 2613 2695 2627
f 2625 2627 2696
f 2625 2696 2629
f 2625 2629 2697
f 2623 2625 2698
f 2616 2699 2631
f 2616 2631 2701
f 2616 2701 2700
f 2616 2702 2614
f 2616 2614 2615
f 2613 2614 2703
f 2613 2703 2694
f 2614 2630 2703
f 2628 2629 2704
f 2628 2704 2696
f 2628 2705 2629
f 2632 2616 2706
f 2632 2706 2700
f 2615 2703 2630
f 2621 2709 2624
f 2626 2624 2710
f 2626 2710 2628
f 2612 2703 2615
f 2615 2711 2708
f 2615 2708 2633
f 2617 2633 2632
f 2617 2632 2707
f 2617 2707 2631
f 2618 2631 2699
f 2618 2699 2713
f 2618 2713 2712
f 3072 2603 2679
f 3072 2679 3207
f 2596 2608 2714
f 2596 2714 2685
f 2483 2715 2716
f 2483 2716 2653
f 2611 2484 2653
f 2653 2484 2482
f 2653 2482 2483
f 2623 2717 2718
f 2623 2718 2622
f 2618 2712 2620
f 2620 2712 2719
f 2642 2643 2720
f 2634 2963 2721
f 2644 2646 2645
f 2647 2722 2646
f 2646 2644 2648
f 2648 2680 2723
f 2648 2723 3072
f 2650 2724 2649
f 2643 2725 2602
f 2643 2650 2725
f 3076 2642 2636
f 2652 2638 2726
f 2595 2653 2683
f 3192 2727 2596
f 3192 2652 2728
f 3192 2728 2727
f 3192 2651 2729
f 3192 2729 2730
f 3192 2730 2652
f 3192 2581 2732
f 3192 2732 2651
f 3192 2731 2581
f 2581 2731 2580
f 2654 2475 2580
f 3195 2733 2585
f 3195 2734 2654
f 2734 3195 2634
f 2670 2735 2656
f 2668 2671 2670
f 2670 2671 2735
f 2668 2666 2736
f 2668 2736 2737
f 2668 2737 2671
f 2664 2738 2666
f 2666 2738 2736
f 2662 2739 2619
f 2662 2740 2739
f 2660 2672 2662
f 2662 2742 2743
f 2662 2743 2741
f 2662 2741 2740
f 2660 2658 2672
f 2658 2655 2744
f 2658 2744 2672
f 2655 2673 2745
f 2655 2745 2744
f 2655 2656 2673
f 2735 2669 2655
f 2735 2655 2746
f 2669 2735 2671
f 2669 2671 2674
f 2674 2671 2747
f 2674 2747 2748
f 2667 2674 2748
f 2675 2672 2750
f 2675 2750 2749
f 2675 2749 2659
f 2752 2753 2751
f 2752 2751 2657
f 2752 2657 2659
f 2752 2659 2672
f 2655 2745 2673
f 2655 2673 2754
f 2661 2672 2675
f 2620 2719 2661
f 2653 2585 2755
f 2479 2653 2478
f 2478 2653 2716
f 2664 2622 2756
f 2664 2756 2738
f 2593 2757 2758
f 2578 2593 2758
f 2461 2578 2758
f 2461 2758 3079
f 2654 2758 3195
f 3192 2758 2654
f 2972 2758 2609
f 2461 3079 2454
f 3192 2654 2580
f 2758 2653 2755
f 2611 2653 2758
f 2758 2755 2585
f 2758 2585 2733
f 2758 2733 3195
f 3192 2580 2731
f 2578 2689 2593
f 2757 2593 2611
f 2758 2757 2611
f 2605 2454 2455
f 2608 2607 2685
f 2607 2972 2685
f 2607 2682 2972
f 2726 2728 2652
f 2638 2759 2728
f 2638 2596 2759
f 2728 2759 2596
f 2581 2580 2475
f 2611 2482 2484
f 2482 2478 2483
f 2638 2728 2726
f 2703 2612 2694
f 2628 2695 2612
f 2695 2694 2612
f 2696 2627 2695
f 2696 2695 2628
f 2702 2711 2615
f 2711 2616 2633
f 2711 2633 2708
f 2711 2702 2616
f 2702 2630 2614
f 2702 2615 2630
f 2461 2693 2610
f 2454 2605 2688
f 2455 2687 2605
f 2454 2688 2681
f 2454 2681 2461
f 2681 2461 2445
f 2681 2445 2461
f 2738 2756 2760
f 2709 2621 2756
f 2709 2756 2622
f 2756 2621 2663
f 2756 2663 2760
f 2736 2738 2665
f 2738 2760 2663
f 2738 2663 2665
f 2671 2736 2665
f 2671 2665 2667
f 2671 2667 2747
f 2697 2628 2625
f 2698 2710 2624
f 2698 2624 2761
f 2625 2628 2762
f 2625 2762 2710
f 2625 2710 2698
f 2717 2709 2622
f 2717 2622 2718
f 2623 2761 2709
f 2623 2709 2717
f 2709 2761 2624
f 2685 2684 2596
f 2685 2972 2686
f 2705 2697 2629
f 2596 2727 2728
f 2672 2744 2657
f 2672 2657 2751
f 2672 2751 2752
f 2672 2659 2749
f 2735 2764 2754
f 2735 2754 2673
f 2673 2656 2735
f 2581 2651 2732
f 2651 2654 2634
f 2581 2475 2654
f 2581 2654 2651
f 2616 2618 2619
f 2616 2619 2712
f 2619 2719 2712
f 2712 2699 2616
f 2632 2700 2631
f 2632 2631 2707
f 2742 2672 2661
f 2742 2661 2740
f 2742 2740 2741
f 2739 2661 2719
f 2661 2739 2740
f 2619 2739 2719
f 2478 2683 2653
f 2478 2653 2479
f 2478 2716 2715
f 2653 2636 2585
f 2482 2611 2593
f 2765 2683 2595
f 2595 2683 2478
f 2595 2478 2482
f 2478 2715 2483
f 2632 2633 2766
f 2632 2766 2616
f 2693 2461 2692
f 2696 2704 2629
f 2761 2623 2698
f 2697 2705 2628
f 2747 2667 2748
f 2730 2729 2652
f 2651 2652 2729
f 2734 2634 2654
f 2750 2672 2749
f 2672 2742 2662
f 2616 2700 2706
f 3076 2771 2772
f 2775 3073 2774
f 2776 3072 236
f 2680 2776 236
f 2680 236 3072
f 3072 2723 2680
f 2769 2642 2779
f 2769 2779 2767
f 2767 2779 2642
f 2780 2778 2646
f 2767 2642 2777
f 2777 2768 2767
f 2768 2777 2963
f 2767 2768 2963
f 2770 2769 2767
f 2770 2767 2963
f 2780 2646 2777
f 2777 2778 2780
f 2646 2634 2777
f 2772 2771 2650
f 2771 2781 2649
f 3206 2650 3080
f 2774 2782 2775
f 2601 2782 3073
f 3073 2600 2601
f 2782 2774 3073
f 2783 2604 2600
f 3073 2783 2600
f 2646 2648 2784
f 2963 2642 2769
f 2963 2769 2770
f 2771 3076 2781
f 2781 3076 2649
f 2785 3080 2973
f 2773 2785 2973
f 2773 2973 3206
f 2775 2601 2973
f 3207 2679 2678
f 2776 2680 2603
f 3072 2776 2603
f 2648 3072 2784
f 2646 2784 3072
f 2777 2642 2645
f 2777 2645 2778
f 2778 2645 2646
f 2722 2647 2634
f 2646 2722 2634
f 2777 2634 2721
f 2777 2721 2963
f 2650 2602 2725
f 2772 2650 3076
f 2771 2649 2724
f 2771 2724 2650
f 2773 3206 3080
f 2773 3080 2785
f 2604 2677 2600
f 2782 2601 2775
f 3073 2775 2973
f 2783 3073 2604
f 2645 2786 2648
f 2786 2645 2643
f 1812 2680 2648
f 1812 2603 2680
f 2786 2603 1812
f 2786 1812 2648
f 2786 2602 2601
f 2645 2642 2720
f 2645 2720 2643
f 2786 2643 2602
f 2971 2676 2600
f 2971 2601 2676
f 2603 2971 2600
f 2648 2644 2645
f 2789 2787 2788
f 2790 2789 2791
f 2789 2788 2992
f 2992 2788 2787
f 2789 2792 2787
f 2793 2992 2794
f 2992 2787 2794
f 2795 2796 2794
f 2795 2797 2787
f 2794 2787 2797
f 2794 2797 2795
f 2787 2796 2795
f 2907 2798 2796
f 2907 2796 2787
f 2798 2907 2799
f 2796 2798 2799
f 2802 2801 2803
f 2800 2805 2801
f 2806 2807 2800
f 2808 2801 2807
f 2809 2801 2808
f 2804 2801 2809
f 2809 2808 2807
f 2809 2807 2810
f 2810 2807 2811
f 2801 2805 2807
f 2805 2800 2807
f 2812 2811 2807
f 2813 2810 2812
f 2810 2813 2814
f 2809 2815 2816
f 2817 2816 2815
f 2817 2809 2816
f 2817 2815 2810
f 2810 2815 2809
f 2813 2812 2814
f 2814 2812 2807
f 2814 2807 2806
f 2810 2811 2812
f 2814 2818 2800
f 3100 2814 3023
f 2790 2810 2814
f 2806 2818 2814
f 2800 2818 2806
f 2804 2819 2803
f 2803 2819 2809
f 2804 2809 2819
f 2802 2820 2800
f 2802 2800 2801
f 2803 2820 2802
f 2800 2820 2803
f 3113 2793 2794
f 2900 3023 2809
f 2900 2809 2817
f 2796 3023 2900
f 2821 2791 2796
f 2821 2790 2791
f 2810 2790 2821
f 3113 2992 2793
f 2900 2817 2810
f 3023 3166 2809
f 3100 3023 2792
f 3100 2792 2789
f 2799 2907 3023
f 2796 2799 3023
f 2804 2803 2801
f 2822 2823 2824
f 2824 2823 2825
f 2827 2828 2822
f 2828 2827 2823
f 2828 2823 2822
f 2829 2830 2826
f 2829 2826 2823
f 2831 2830 2829
f 2833 2831 2829
f 2832 2831 2833
f 2823 2834 2832
f 2823 2832 2833
f 2823 2833 2829
f 2823 2826 2830
f 2830 2825 2823
f 2830 2822 2824
f 2830 2824 2825
f 2831 2822 2830
f 2823 2835 2834
f 2823 2831 2835
f 2832 2834 2831
f 2831 2834 2835
f 2827 2831 2823
f 2827 2822 2831
f 2838 2836 2840
f 2841 2839 2842
f 2844 2845 2841
f 2844 2841 2846
f 2843 2844 2846
f 2847 2844 2843
f 2847 2845 2844
f 2847 2843 2846
f 2847 2846 2848
f 2846 2841 2848
f 2849 2850 2848
f 2849 2848 2841
f 2841 2842 2851
f 2851 2842 2839
f 2847 2851 2845
f 2847 2850 2849
f 2847 2849 2841
f 2847 2841 2851
f 2839 2853 2852
f 2836 2837 2839
f 2850 2847 2848
f 2845 2836 2839
f 2841 2845 2839
f 2845 2854 2855
f 2845 2855 2840
f 2845 2840 2836
f 2855 2854 2856
f 2856 2836 2855
f 2856 2852 2853
f 2837 2857 2839
f 2837 2836 2857
f 2857 2836 2856
f 2839 2857 2856
f 2839 2856 2853
f 2836 2838 2855
f 2855 2838 2840
f 2845 2856 2854
f 2852 2856 2845
f 2852 2845 2851
f 2839 2852 2851
f 2862 2864 2863
f 2862 2860 2865
f 2865 2861 2858
f 2860 2861 2865
f 2865 2866 2867
f 2865 2858 2859
f 2865 2859 2866
f 2865 2869 2868
f 2870 2865 2867
f 2864 2868 2871
f 2862 2865 2868
f 2862 2868 2864
f 2864 2869 2865
f 2864 2872 2869
f 2871 2872 2864
f 2871 2869 2872
f 2862 2863 2870
f 2863 2864 2865
f 2863 2865 2870
f 2875 2876 2873
f 2877 2878 2873
f 2879 2881 2877
f 2879 2877 2880
f 2877 2881 2882
f 2881 2879 2882
f 2883 2882 2879
f 2883 2877 2882
f 2878 2883 2873
f 2878 2877 2883
f 2884 2873 2883
f 2879 2885 2884
f 2879 2884 2886
f 2884 2883 2886
f 2874 2873 2884
f 2883 2879 2886
f 2880 2877 2885
f 2885 2877 2873
f 2885 2879 2880
f 2869 2871 2868
f 2858 2887 2859
f 2860 2888 2861
f 2860 2862 2889
f 2888 2860 2889
f 2866 2859 2867
f 2862 2891 2890
f 2862 2870 2891
f 2873 2874 2892
f 2873 2876 2893
f 2893 2876 2894
f 2894 2876 2895
f 2876 2875 2895
f 2884 2885 2896
f 2885 2897 2896
f 2867 2862 2890
f 2867 2890 2891
f 2867 2891 2870
f 2867 2861 2862
f 2861 2888 2889
f 2861 2889 2862
f 2867 2859 2887
f 2867 2887 2858
f 2867 2858 2861
f 2898 2875 2884
f 2875 2873 2892
f 2875 2892 2874
f 2898 2873 2893
f 2898 2893 2875
f 2875 2893 2894
f 2875 2894 2895
f 2898 2885 2873
f 2898 2884 2896
f 2898 2896 2897
f 2898 2897 2885
f 2875 2874 2884
f 2397 2427 2899
f 2397 2899 3097
f 2821 2796 2900
f 2821 2900 2810
f 1093 3105 2901
f 1093 2901 1176
f 743 811 2902
f 743 2902 745
f 3049 144 2903
f 3049 2903 100
f 3163 180 2904
f 3163 2904 129
f 52 61 2905
f 3102 2905 66
f 645 653 2906
f 645 2906 576
f 2792 3023 2907
f 2792 2907 2787
f 1883 3127 2908
f 1883 2908 1938
f 669 3149 2909
f 669 2909 667
f 2402 2404 2910
f 2402 2910 2548
f 561 622 2911
f 3108 2911 611
f 1485 3171 2912
f 1485 2912 1486
f 1299 1300 2913
f 1299 2913 1296
f 1490 1489 2914
f 1490 2914 3147
f 456 501 2915
f 456 2915 441
f 832 3004 2916
f 832 2916 3093
f 637 615 2917
f 637 2917 618
f 562 585 2918
f 562 3190 712
f 1067 3018 2919
f 1067 2919 1076
f 691 574 2920
f 691 2920 690
f 547 667 2921
f 547 2921 545
f 1438 1425 2922
f 1438 2922 1607
f 171 170 2923
f 171 2923 2980
f 1085 1088 2924
f 1085 2924 1073
f 1269 1270 2925
f 1269 2925 1254
f 95 97 2926
f 95 2926 164
f 177 79 2927
f 177 2927 159
f 181 3022 2928
f 181 2928 3013
f 2141 2124 2929
f 2141 2929 2063
f 854 853 2930
f 854 2930 856
f 38 33 2931
f 38 2931 40
f 3183 3053 2932
f 1303 2932 1294
f 1849 1862 2933
f 1849 2933 1834
f 2007 2031 2934
f 2007 3007 1981
f 1852 1821 2935
f 1852 2935 1864
f 2399 2458 2936
f 2399 2936 3069
f 107 106 2937
f 3030 2937 185
f 2087 3011 2938
f 2087 2938 2103
f 3060 1548 2939
f 1554 3135 1413
f 1961 1896 2940
f 1961 2940 1946
f 110 3133 2941
f 110 2941 2996
f 551 550 2942
f 3150 2942 569
f 34 3005 2943
f 34 2943 49
f 1462 1486 2944
f 1462 2944 1481
f 214 215 2945
f 214 2945 329
f 1016 978 2946
f 1016 2946 1018
f 1417 2983 2947
f 1417 2947 1443
f 704 725 2948
f 704 2948 685
f 1375 1368 2949
f 1375 2949 2987
f 1454 1456 2950
f 1454 2950 1457
f 2059 2058 2951
f 2059 2951 3089
f 63 53 2952
f 63 2952 78
f 86 87 2953
f 86 2953 207
f 597 593 2954
f 3025 2954 681
f 584 3142 2955
f 584 2955 585
f 1335 1337 2956
f 3047 2956 1344
f 2408 3213 2957
f 2408 2957 2432
f 3193 1985 2958
f 3193 2958 1974
f 608 556 2959
f 608 3042 613
f 742 794 2960
f 742 3043 751
f 1409 1414 2961
f 1409 3012 1418
f 1882 1881 2962
f 1882 2962 1888
f 2636 2642 2963
f 2636 2963 2634
f 122 153 2964
f 122 2964 114
f 1494 1495 2965
f 1494 3037 1498
f 662 657 2966
f 3131 2966 694
f 1775 1818 2967
f 1775 2967 1774
f 175 228 2968
f 175 3066 274
f 167 168 2969
f 167 2969 3178
f 986 978 2970
f 3194 3064 1042
f 2786 2601 2971
f 2786 2971 2603
f 2599 2606 2972
f 2599 2972 2605
f 2593 3080 2973
f 2593 2973 2592
f 1707 1729 2974
f 1707 2974 1549
f 1508 1702 2975
f 3208 2975 1509
f 2586 2454 2976
f 2586 2976 2457
f 265 3081 2977
f 265 2977 3035
f 1001 3090 2978
f 1001 2978 1060
f 3134 694 2979
f 3134 2979 559
f 3115 196 2980
f 3115 2980 2923
f 895 925 2981
f 895 2981 889
f 2911 630 2982
f 2911 2982 621
f 1415 1411 3167
f 1415 3167 1413
f 1777 2967 2984
f 1777 2984 1778
f 2403 2405 2985
f 2403 3097 2435
f 2909 693 2986
f 2909 2986 3114
f 1374 1379 2987
f 1374 2987 1376
f 48 2952 2988
f 48 2988 2931
f 3089 2066 2989
f 2060 2989 2142
f 2440 2550 2990
f 2440 2990 2441
f 3200 1256 2991
f 3200 2991 1254
f 2791 2789 2992
f 2791 2992 3113
f 1070 1073 2993
f 1070 2993 1101
f 656 653 2994
f 656 2994 599
f 3117 450 2995
f 3117 2995 501
f 127 2941 2996
f 127 2996 199
f 1198 1199 2997
f 1198 2997 1218
f 583 3154 2998
f 583 2998 572
f 555 544 2999
f 555 2999 669
f 2905 301 3000
f 2905 3000 386
f 1329 1333 3001
f 1329 3173 1352
f 109 2937 3002
f 109 3002 120
f 54 2923 3003
f 54 3003 58
f 802 792 3004
f 802 3004 797
f 42 34 3005
f 42 3005 40
f 1537 1540 3006
f 1537 3006 1543
f 2934 2007 3007
f 2934 3007 3104
f 1886 1903 3008
f 1886 3008 1883
f 1544 3179 3009
f 1544 3009 1587
f 1309 1326 3010
f 1309 3010 1308
f 2125 2091 3011
f 2125 3011 2144
f 2961 1409 3012
f 2961 3012 1589
f 220 3140 3013
f 220 3013 160
f 856 2930 3014
f 856 3014 868
f 638 637 3015
f 638 3015 693
f 1975 1979 3016
f 1975 3016 2019
f 1814 2933 3017
f 1814 3017 1776
f 1069 1067 3018
f 1069 3018 1082
f 1932 1947 3019
f 1932 3019 1944
f 2920 3136 3020
f 2920 3020 737
f 76 75 3021
f 76 3021 178
f 180 158 3022
f 180 3022 2928
f 2800 2814 3023
f 2800 3023 3166
f 862 944 3024
f 862 3024 863
f 597 598 3025
f 597 3025 2954
f 958 868 3026
f 958 3026 939
f 2925 1270 3027
f 2925 3027 3122
f 550 547 3028
f 550 3028 2942
f 2124 2128 3029
f 2124 3029 2094
f 107 50 3030
f 107 3030 2937
f 1261 1259 3031
f 1261 3031 3122
f 1476 1445 3032
f 1476 3171 2912
f 97 99 3033
f 97 3033 3198
f 1490 1489 3034
f 1490 3034 3147
f 149 151 3035
f 149 3035 154
f 2917 640 3036
f 2917 3036 618
f 2965 1494 3037
f 2965 3037 1534
f 103 2952 3038
f 103 3038 200
f 1456 1464 3039
f 1456 3039 1459
f 1372 1375 3040
f 1372 3040 3172
f 664 694 3041
f 3176 3041 704
f 2959 628 3042
f 2959 3042 608
f 2960 742 3043
f 3091 3043 797
f 1338 1332 3044
f 1338 3044 3132
f 1410 1420 3045
f 1410 3045 1411
f 571 592 3046
f 571 3046 573
f 1335 1334 3047
f 1335 3047 2956
f 1891 1890 3048
f 1891 3048 2940
f 146 75 3049
f 146 3049 144
f 557 561 3050
f 557 3050 565
f 1986 2958 3051
f 1986 3051 2046
f 1196 1209 3052
f 1196 3052 3188
f 1292 1293 3053
f 1292 3053 1290
f 1367 1393 3054
f 1367 3054 2949
f 173 208 3055
f 173 3055 175
f 1462 1463 3056
f 1462 3056 1481
f 662 2966 3057
f 662 3057 627
f 595 589 3058
f 595 3058 2918
f 33 38 3059
f 33 3059 3204
f 1554 1557 3060
f 1554 3060 2939
f 2063 2064 3061
f 2063 3061 2141
f 1501 3184 3062
f 1501 3062 1494
f 1864 1786 3063
f 1864 3063 3201
f 2970 3119 3064
f 2970 3064 3194
f 2910 3196 3065
f 2910 3065 2653
f 2968 175 3066
f 2968 3066 224
f 2013 2034 3067
f 2013 3067 2006
f 2062 3189 3068
f 2062 3068 2929
f 2461 2459 3069
f 2461 3069 2936
f 712 681 3070
f 712 3070 730
f 1881 1919 3071
f 1881 3071 1923
f 2596 3207 3072
f 2596 3072 2646
f 2590 2973 3073
f 2590 3073 2599
f 2976 2470 3074
f 2976 3074 3196
f 977 978 3075
f 977 3075 1015
f 2643 2650 3076
f 2643 3076 2642
f 112 111 3077
f 112 3077 126
f 2577 2390 3078
f 2577 3078 2461
f 2972 2454 3079
f 2972 3079 2758
f 2595 2593 3080
f 2595 3080 2650
f 153 151 3081
f 153 3081 2964
f 2975 1528 3082
f 2975 3082 1701
f 1576 1564 3083
f 1576 3083 3203
f 1438 1423 3084
f 1438 3084 1425
f 2413 2957 3085
f 2413 3085 2414
f 3002 123 3086
f 3002 3086 120
f 1298 1305 3087
f 1298 3087 1299
f 1978 1981 3088
f 1978 3088 1993
f 2060 2989 3089
f 2060 3089 2091
f 1006 1027 3090
f 1006 3090 1001
f 2960 794 3091
f 2960 3091 3043
f 1777 2967 3092
f 1777 3092 1778
f 757 3043 3093
f 757 3093 759
f 2438 2391 3094
f 2438 3094 2393
f 3008 1907 3095
f 3008 3095 1883
f 980 981 3096
f 980 3096 979
f 2985 2391 3097
f 2985 3097 2403
f 279 434 3098
f 279 3098 277
f 2959 556 3099
f 2959 3099 615
f 2790 2814 3100
f 2790 3100 2789
f 545 544 3101
f 545 3101 2921
f 52 2905 3102
f 52 3102 47
f 638 693 3103
f 638 3103 637
f 1997 2000 3104
f 1997 3104 1996
f 1156 1113 3105
f 1156 3105 1093
f 442 446 3106
f 442 3106 501
f 2550 2429 3107
f 2550 3107 2440
f 561 552 3108
f 561 3108 2911
f 39 245 3109
f 39 3109 42
f 1464 1462 3110
f 1464 3110 1454
f 3026 866 3111
f 3026 3111 939
f 182 129 3112
f 182 3112 180
f 2796 2794 3113
f 2796 3113 2791
f 667 2909 3114
f 667 3114 718
f 118 2964 3115
f 118 3115 57
f 199 178 3116
f 199 3116 127
f 451 441 3117
f 451 3117 450
f 1376 1371 3118
f 1376 3118 2987
f 1060 990 3119
f 1060 3119 2978
f 142 120 3120
f 142 3120 135
f 3016 2007 3121
f 3016 3121 1979
f 1264 1261 3122
f 1264 3122 1254
f 1779 1862 3123
f 1779 3123 1794
f 1178 1082 3124
f 1178 3124 2901
f 859 858 3125
f 859 3125 855
f 43 103 3126
f 43 3126 2931
f 1932 1934 3127
f 1932 3127 1883
f 1522 1489 3128
f 1522 3128 1492
f 1776 1800 3129
f 1776 3129 3017
f 2415 2414 3130
f 2415 3130 2423
f 3057 622 3131
f 3057 3131 2966
f 1361 1344 3132
f 1361 3132 3044
f 106 2941 3133
f 106 3133 2937
f 684 559 3134
f 684 3134 685
f 2939 1554 3135
f 2939 3135 1587
f 574 576 3136
f 574 3136 2920
f 1071 1085 3137
f 1071 3137 1113
f 78 62 3138
f 78 3138 70
f 894 916 3139
f 894 3139 921
f 155 158 3140
f 155 3140 220
f 786 822 3141
f 786 3141 782
f 579 572 3142
f 579 3142 2955
f 553 556 3143
f 553 3143 543
f 200 3038 3144
f 200 3144 203
f 2125 2117 3145
f 2125 3145 2078
f 1300 1305 3146
f 1300 3146 1293
f 1496 1499 3147
f 1496 3147 1491
f 1337 1338 3148
f 1337 3148 1345
f 618 669 3149
f 618 3149 3015
f 551 552 3150
f 551 3150 2942
f 1884 1883 3151
f 1884 3151 1882
f 1459 1485 3152
f 1459 3152 2950
f 1270 1259 3153
f 1270 3153 3027
f 564 601 3154
f 564 3154 583
f 72 70 3155
f 72 3155 75
f 1889 1971 3156
f 1889 3156 2940
f 613 3042 3157
f 613 3157 702
f 2034 2013 3158
f 2034 3158 3051
f 745 3043 3159
f 745 3159 802
f 1404 1407 3160
f 1404 3160 1408
f 1961 1947 3161
f 1961 3161 1946
f 854 856 3162
f 854 3162 853
f 132 131 3163
f 132 3163 113
f 58 3003 3164
f 58 3164 86
f 1822 1848 3165
f 1822 3165 2967
f 2803 2809 3166
f 2803 3166 2800
f 2983 1411 3167
f 2983 3167 1420
f 828 794 3168
f 828 3168 753
f 1537 1540 3169
f 1537 3169 1538
f 1366 1367 3170
f 1366 3170 1369
f 3032 1476 3171
f 3032 3171 1477
f 1382 2987 3172
f 1382 3172 1372
f 3001 1329 3173
f 3001 3173 1357
f 1409 1420 3174
f 1409 3174 1415
f 944 862 3175
f 944 3175 939
f 664 2966 3176
f 664 3176 3041
f 2140 2071 3177
f 2140 3177 2141
f 102 101 3178
f 102 3178 154
f 1541 1557 3179
f 1541 3179 1544
f 3070 681 3180
f 3070 3180 730
f 2045 1982 3181
f 2045 3181 2014
f 657 2994 3182
f 657 3182 2966
f 1303 1301 3183
f 1303 3183 2932
f 1534 2965 3184
f 1534 3184 3062
f 596 589 3185
f 596 3185 676
f 125 123 3186
f 125 3186 287
f 598 597 3187
f 598 3187 2994
f 1210 1196 3188
f 1210 3188 1216
f 2058 2057 3189
f 2058 3189 2064
f 2918 562 3190
f 2918 3190 595
f 224 223 3191
f 224 3191 232
f 2609 2596 3192
f 2609 3192 2758
f 1973 1972 3193
f 1973 3193 1985
f 986 984 3194
f 986 3194 2970
f 2636 2634 3195
f 2636 3195 2585
f 2540 2443 3196
f 2540 3196 2910
f 1923 1950 3197
f 1923 3197 3071
f 87 97 3198
f 87 3198 86
f 1015 1016 3199
f 1015 3199 1046
f 1265 1255 3200
f 1265 3200 1280
f 2935 1864 3201
f 2935 3201 1820
f 1463 1645 3202
f 1463 3202 3056
f 1562 3083 3203
f 1562 3203 1707
f 34 3059 3204
f 34 3204 49
f 3081 195 3205
f 3081 3205 167
f 2602 2601 3206
f 2602 3206 2650
f 2604 3073 3207
f 2604 3207 2603
f 1508 1502 3208
f 1508 3208 2975
f 3077 126 3209
f 3077 3209 259
f 2300 2302 3210
f 2300 3210 2375
f 1697 1562 3211
f 1697 3211 1564
f 1425 1577 3212
f 1425 3212 1559
f 2407 2408 3213
f 2407 3213 2410
f 2461 2459 3214
f 2461 3214 2460
