v -0.153524 0.64202 -0.422194
v -0.175614 0.641889 -0.419934
v -0.114374 0.659474 -0.435998
v -0.061535 0.666038 -0.444573
v -0.124216 0.667534 -0.44833
v 0.063498 0.672783 -0.449186
v 0.159091 0.618585 -0.41226
v 0.175723 0.641979 -0.41993
v 0.185364 0.641166 -0.420735
v 0.181101 0.634465 -0.415054
v 0.133576 0.663693 -0.487493
v -0.167061 0.654532 -0.437286
v 0.187987 0.604999 -0.40176
v 0.216108 0.595959 -0.401223
v 0.22522 0.621392 -0.427762
v 0.14439 0.575123 -0.465074
v -0.077796 0.558083 -0.522619
v 0.077931 0.558038 -0.522606
v 0.236283 0.579835 -0.513773
v 0.159254 0.530006 -0.61071
v -0.215748 0.595965 -0.401243
v -0.190716 0.561821 -0.596923
v -0.15677 0.575988 -0.628501
v -0.053987 0.544838 -0.692452
v -0.169264 0.534225 -0.574868
v -0.198253 0.542581 -0.557362
v -0.215495 0.552361 -0.51284
v -0.125727 0.527404 -0.601832
v 0.114517 0.521295 -0.643428
v 0.125965 0.527512 -0.601769
v 0.121858 0.625049 -0.600965
v -0.163793 0.616725 -0.585096
v -0.246465 0.057247 0.245276
v -0.22534 0.052348 0.352896
v -0.266334 0.041536 0.332926
v -0.271066 0.019709 0.342894
v -0.314946 0.00406 0.358238
v -0.374945 0.05757 0.34227
v -0.469044 0.136956 0.423322
v -0.472575 0.191717 0.492922
v -0.428911 0.044549 0.489309
v -0.408391 0.032957 0.502048
v -0.36822 0.117276 0.129435
v -0.247236 0.107613 -0.119817
v -0.309523 0.140091 -0.126497
v -0.361858 0.175934 -0.125799
v -0.121375 0.055129 -0.050698
v -0.496492 0.342908 0.062016
v -0.089212 0.032736 0.321128
v 1.7e-05 0.038183 -0.002315
v 0.113648 0.029462 0.117946
v -0.258051 0.356641 -0.346271
v -0.234315 0.436903 -0.426199
v -0.170794 0.387367 -0.415776
v -0.179853 0.349429 -0.37678
v -0.052241 0.243593 -0.344556
v -0.047527 0.333055 -0.418684
v -0.270151 0.484808 -0.503716
v -0.271421 0.450661 -0.395874
v -0.235111 0.459991 -0.52258
v -0.292803 0.405857 -0.355088
v -0.446936 0.506828 -0.261611
v -0.477142 0.464165 -0.243832
v -0.454139 0.515175 -0.213229
v -0.495957 0.228052 -0.3442
v -0.295582 0.05579 -0.332136
v -0.280558 0.184705 -0.198263
v -0.273922 0.159012 -0.230997
v -0.320624 0.139248 -0.175042
v -0.189964 0.975726 -0.2058
v -0.238062 0.904988 -0.151045
v 2e-05 0.989398 -0.18576
v -0.2832 1.04842 -0.289366
v -0.192564 1.02831 -0.336202
v 0.252164 0.972366 -0.21515
v 0.12798 0.878384 -0.047162
v -0.238911 0.855322 -0.100974
v -0.285285 0.853831 -0.139405
v -0.191646 0.839158 -0.033911
v -0.260047 0.776508 0.013888
v -0.437979 1.04118 -0.260576
v -0.419323 1.06055 -0.32597
v -0.390996 0.854281 -0.44414
v -0.415239 0.775265 -0.430254
v -0.418896 0.704981 -0.428316
v -0.364156 0.644461 -0.53973
v -0.264179 0.616503 -0.675845
v -0.258832 0.913135 -0.58652
v -0.216935 0.894971 -0.642256
v -0.223315 0.964554 -0.574089
v -0.315203 0.980358 -0.442439
v -0.34343 0.793653 -0.552614
v -0.314235 0.799216 -0.587208
v -0.28034 0.818519 -0.622133
v -0.134797 0.805594 -0.756535
v -0.155581 0.875148 -0.707673
v -0.222108 0.735362 -0.723024
v -0.205613 0.806953 -0.7008
v -0.211653 0.84484 -0.675532
v 2.1e-05 0.988295 -0.661267
v 0.118229 0.740589 -0.788293
v 0.225211 0.690475 -0.736502
v -0.517296 0.236951 -0.181773
v -0.404946 0.215555 -0.122895
v 0.246457 0.057243 0.245282
v 0.335328 0.10146 0.05292
v 0.197996 0.129389 -0.185858
v 0.163255 0.188497 -0.271861
v 0.437111 0.239036 -0.100395
v 0.49503 0.412236 0.076842
v 0.26194 0.05923 0.327512
v 0.3365 0.105514 0.307614
v 0.086057 0.046237 0.38902
v 0.221151 0.334927 -0.351551
v 0.174849 0.371941 -0.395027
v 0.139712 0.3321 -0.384391
v -1.4e-05 0.241092 -0.345485
v 0.167726 0.398498 -0.441295
v 0.234482 0.436656 -0.426415
v 0.32175 0.365485 -0.363265
v 0.331246 0.498345 -0.388608
v 0.358251 0.540986 -0.403369
v 0.41698 0.18365 -0.39801
v 0.339781 0.071651 -0.393906
v 0.414504 0.04026 -0.402233
v 0.420456 0.099184 0.357506
v 0.440794 0.48217 0.2948
v 0.470278 0.3405 0.363548
v 0.470734 0.330628 0.468936
v 0.408382 0.032961 0.502048
v 0.412934 0.064825 0.530669
v 0.338491 0.019895 0.520603
v 0.346288 0.00266 0.380109
v 0.278496 0.004713 0.363119
v 0.393563 0.83392 -0.251269
v 0.425223 0.992932 -0.258119
v 0.437937 1.04119 -0.260539
v 0.408658 1.02536 -0.342038
v 0.427999 1.10137 -0.274113
v 0.441175 1.09108 -0.266698
v 0.356846 0.785162 -0.175152
v 0.396982 0.66314 -0.19584
v 0.414386 0.818375 -0.402711
v 0.378758 0.81283 -0.495871
v 0.376693 0.930333 -0.400963
v 0.315254 0.980044 -0.44242
v 0.217033 0.895002 -0.641079
v 0.284336 0.859208 -0.593309
v 0.350568 0.7066 -0.582045
v 0.314391 0.753264 -0.608966
v 0.364156 0.644472 -0.539739
v 0.44288 0.594757 -0.022393
v 0.317179 0.603379 -0.537978
v 0.26418 0.616626 -0.676054
v -0.194104 0.175162 0.561015
v -0.207309 0.107951 0.546846
v -0.124689 0.134648 0.548659
v -0.04304 0.172071 0.594767
v -0.448316 0.507884 0.22011
v -0.441817 0.469253 0.334509
v -0.390649 1.09905 -0.331459
v -0.420605 1.10144 -0.311336
v -0.070841 1.05351 -0.471698
v 0.042227 0.612054 -0.774505
v -0.146539 0.632577 -0.702019
v 0.04114 0.647688 -0.722896
v 0.199631 0.655604 -0.549133
v 0.217843 0.636468 -0.455136
v -0.136424 0.485497 -0.724034
v -0.06581 0.516551 -0.742889
v 2.8e-05 0.513963 -0.749143
v -0.11164 0.544459 -0.671267
v -0.284098 0.601229 -0.512898
v -0.253667 0.592246 -0.538689
v -0.244102 0.588509 -0.480887
v -0.248757 0.585721 -0.447604
v -0.267706 0.750848 0.093842
v 0.138457 0.816635 0.075999
v 0.185929 0.137388 0.52906
v 0.152201 0.179536 0.579382
v -0.053394 0.501905 0.588742
v 0.231617 0.420699 0.595924
v 0.251287 0.463796 0.569857
v 0.229537 0.260484 0.608139
v 0.35809 0.009343 -0.378941
v 0.226524 0.786939 -0.695557
v 0.206452 0.807817 -0.699539
v 0.270957 0.781861 -0.654274
v 0.501491 0.065889 -0.277557
v 0.487989 0.039478 -0.314984
v 0.46897 0.022327 -0.255285
v 0.461867 0.009132 -0.294266
v 0.41216 0.013099 -0.390869
v 0.386746 0.001331 -0.377563
v 0.244398 0.582218 -0.586734
v 0.111537 0.544532 -0.671006
v 0.049567 0.526212 -0.60656
v 0.045596 0.531873 -0.548918
v 0.326598 0.659627 0.250587
v -0.452579 0.044514 -0.208355
v -0.414483 0.04026 -0.402238
v -0.412176 0.013088 -0.390854
v -0.430117 0.002163 -0.358469
v -0.40614 0.000891 -0.372148
v -0.316041 0.770188 -0.598734
v -0.218296 0.632413 -0.614552
v -0.208078 0.644978 -0.586194
v -0.083288 0.686783 -0.607569
v -0.119221 0.675211 -0.486148
v 0.251583 0.583327 -0.418439
v 0.232445 0.615635 -0.421111
v 0.213894 0.617292 -0.400411
v 0.229388 0.602917 -0.386854
v 0.188957 0.628638 -0.400956
v 0.212537 0.564359 -0.405482
v 0.162457 0.552701 -0.499952
v 0.225531 0.566878 -0.376471
v 0.234527 0.569098 -0.376421
v 0.210364 0.566603 -0.37564
v -0.366634 0.392377 0.563832
v -0.401194 0.496763 0.43367
v -0.045281 0.363899 -0.466688
v 1.2e-05 0.560955 -0.442012
v -0.076512 0.574043 -0.397117
v -0.187481 0.562486 -0.409962
v 0.338048 0.510902 0.487699
v -1.2e-05 0.682212 -0.502231
v -0.251613 0.5833 -0.418447
v -0.237135 0.578041 -0.370189
v -0.237031 0.56937 -0.385909
v -0.232559 0.615574 -0.421056
v -0.21401 0.617237 -0.400373
v -0.232292 0.569677 -0.371805
v 0.140014 0.760243 0.226324
v 0.138283 0.725987 0.306773
v -1.9e-05 0.743821 0.304776
v -0.069841 0.739208 0.306421
v 0.227899 0.579663 -0.365862
v 0.189196 0.59089 -0.358654
v 0.22908 0.593621 -0.371785
v 0.288118 0.537281 0.496138
v -0.270791 0.020978 0.342314
v -0.263192 0.041116 0.335176
v -0.293556 0.03906 0.330938
v -0.376957 0.028677 0.365934
v -0.381079 0.038134 0.363191
v -0.380292 0.035719 0.36417
v -0.379164 0.045852 0.355429
v -0.361333 0.018075 0.359097
v -0.330196 0.044984 0.332676
v -0.333368 0.039378 0.336741
v -0.322532 0.047973 0.328353
v -0.314514 0.048187 0.325348
v 0.392446 0.039226 -0.403244
v 0.378609 0.030769 0.366109
v 0.38108 0.03819 0.363157
v 0.380289 0.035756 0.364146
v 0.361306 0.018077 0.359078
v 0.326164 0.020562 0.340627
v 0.351371 0.040747 0.342524
v 0.347308 0.033683 0.344735
v 0.25637 0.612346 -0.630289
v 0.279874 0.609676 -0.602068
v 0.239623 0.619552 -0.622174
v 0.235341 0.622692 -0.61857
v -0.062115 0.535779 -0.688531
v -0.089856 0.540739 -0.677831
v -0.22026 0.5808 -0.548509
v -0.239397 0.587281 -0.498151
v -0.244608 0.585833 -0.461687
v -0.198379 0.571387 -0.585733
v -0.214824 0.578251 -0.560649
v -0.177969 0.563553 -0.6112
v -0.157223 0.556537 -0.634851
v -0.032052 0.82083 0.119855
v -0.008555 0.824065 0.116742
v -2e-05 0.824989 0.116495
v 0.008515 0.824083 0.116748
v -0.099761 0.786002 0.183537
v -0.101927 0.768287 0.226003
v 0.270796 0.020949 0.342329
v 0.267481 0.016355 0.351254
v 0.337264 0.021815 -0.371796
v 0.442086 0.01198 -0.366965
v 0.43961 0.036482 -0.388025
v 0.433724 0.030343 -0.388116
v 0.445813 0.039102 -0.386155
v 0.391226 0.012063 -0.391688
v 0.411221 0.013052 -0.390905
v 0.193164 0.569762 -0.593532
v 0.198785 0.571887 -0.585161
v 0.178381 0.564037 -0.610742
v 0.157099 0.556773 -0.635065
v 0.140565 0.55217 -0.64794
v 0.15385 0.555831 -0.637545
v 0.008271 0.524903 -0.618126
v 0.014881 0.532421 -0.697301
v 0.025285 0.533044 -0.695857
v -0.421092 0.029122 -0.393822
v -0.385123 0.033772 -0.401411
v -0.381235 0.023604 -0.397266
v -0.411317 0.013046 -0.390888
v -0.450169 0.015223 -0.363245
v -0.436165 0.012467 -0.374575
v -0.459602 0.027736 -0.362532
v -0.335759 0.024186 -0.37258
v -0.231974 0.629709 -0.59378
v -0.234193 0.63022 -0.586459
v -0.239541 0.619451 -0.622119
v -0.243358 0.617845 -0.626449
v 0.223528 0.616432 -0.411161
v 0.207959 0.637571 -0.445734
v 0.226655 0.621064 -0.426796
v 0.234583 0.577299 -0.443122
v 0.23549 0.577808 -0.443225
v -0.01483 0.532411 -0.697309
v -0.02518 0.533028 -0.695884
v -0.095018 0.533847 -0.58269
v -0.140548 0.55194 -0.647952
v -0.153718 0.555534 -0.637634
v 0.384689 0.015876 -0.393711
v 0.386292 0.014894 -0.393183
v 0.382869 0.030672 -0.400197
v 0.388613 0.037077 -0.402573
v 0.104102 0.670787 -0.470962
v 0.118722 0.669042 -0.46733
v 0.040257 0.675454 -0.481808
v 0.073248 0.661141 -0.440411
v 0.153654 0.64862 -0.424508
v 0.146241 0.650569 -0.426593
v 0.155875 0.66033 -0.458681
v 0.026294 0.675864 -0.483113
v -0.026384 0.675879 -0.483165
v -0.040273 0.67548 -0.481895
v -0.066877 0.67477 -0.479716
v -0.104303 0.670789 -0.471045
v -0.118737 0.669065 -0.467455
v -0.079546 0.660887 -0.439573
v -0.111092 0.658096 -0.434733
v -0.118026 0.657395 -0.433505
v -0.073268 0.661135 -0.440403
v -4.9e-05 0.662473 -0.44499
v -0.155218 0.648255 -0.424189
v -0.168613 0.642502 -0.419842
v -0.155887 0.660319 -0.458706
v -0.181933 0.651053 -0.454684
v -0.145655 0.650717 -0.426754
v 0.101942 0.768105 0.225847
v 0.010069 0.74313 0.304978
v 0.010201 0.737391 0.316521
v 0.006917 0.740819 0.310003
v -0.008223 0.711545 0.366897
v -0.026983 0.742928 0.303449
v -0.080635 0.755661 0.265698
v -0.100842 0.765327 0.233434
v 0.001327 0.744082 0.304021
v -0.405296 0.011237 -0.389067
v 0.249281 0.632367 -0.638387
v -0.249232 0.632342 -0.63831
v -0.250297 0.646118 -0.606538
v -0.240113 0.646269 -0.596618
v -0.243415 0.634955 -0.576533
v 0.216102 0.551538 -0.512452
v 0.125978 0.526534 -0.601565
v -0.111091 0.658096 -0.434733
v -0.243812 0.583513 -0.450066
v 0.207959 0.637572 -0.445735
v -0.267699 0.044605 0.365379
v -0.270037 0.036868 0.368023
v -0.254404 0.026397 0.374448
v -0.283206 0.033031 0.362248
v -0.276118 0.024497 0.343935
v 0.283549 0.036484 0.349716
v 0.282851 0.038464 0.360916
v 0.283263 0.033045 0.362232
v 0.267702 0.044644 0.365371
v 0.250318 0.033605 0.373634
v -0.313606 0.040315 0.359086
v -0.305655 0.03182 0.360953
v -0.35135 0.042477 0.361138
v -0.351744 0.036254 0.364238
v -0.346342 0.039997 0.36011
v 0.351748 0.036271 0.36422
v 0.305598 0.031861 0.360931
v 0.312395 0.048058 0.355506
v -0.356709 0.036407 -0.373117
v -0.371468 0.025695 -0.374356
v 0.371169 0.030683 -0.375556
v 0.367149 0.023439 -0.371793
v 0.371493 0.02569 -0.374329
v 0.36002 0.021658 -0.369058
v -0.398003 0.039626 -0.377176
v -0.390847 0.031384 -0.374538
v -0.382331 0.018803 -0.381952
v 0.390834 0.031389 -0.374541
v 0.38982 0.037866 -0.377519
v 0.378554 0.026977 -0.385008
v -0.427745 0.032398 -0.369539
v -0.446884 0.036711 -0.363918
v 0.44686 0.036651 -0.363883
v 0.432449 0.028737 -0.365199
v 0.260356 0.051561 0.355104
v 0.281469 0.045272 0.35559
v 0.285091 0.030513 0.359342
v -0.310695 0.054669 0.342983
v -0.292765 0.036625 0.356282
v -0.332167 0.033771 0.355747
v -0.322086 0.041348 0.358362
v 0.332159 0.033775 0.355755
v 0.328971 0.036497 0.35804
v 0.329986 0.048788 0.350847
v -0.351367 0.042531 -0.382953
v -0.370549 0.037016 -0.380461
v -0.342453 0.039254 -0.379153
v 0.373666 0.023396 -0.376722
v 0.340222 0.026145 -0.367542
v 0.342464 0.039267 -0.379115
v -0.407311 0.044318 -0.381001
v -0.41492 0.040469 -0.379276
v -0.390968 0.013929 -0.379471
v -0.379894 0.029023 -0.378581
v -0.41661 0.026358 -0.374536
v -0.406698 0.033358 -0.373604
v 0.420872 0.032129 -0.383152
v 0.416605 0.026359 -0.374547
v 0.3799 0.029018 -0.378576
v -0.455611 0.037497 -0.36409
v 0.443439 0.042663 -0.377056
v -0.042558 0.706674 0.24885
v 0.070482 0.772033 0.127048
v 0.042571 0.768655 0.128407
v 0.025815 0.695557 0.275344
v 0.042558 0.706674 0.24885
v 0.059393 0.710483 0.241453
v 0.08634 0.717001 0.234019
v -0.154021 0.896378 0.26993
v -0.156501 0.934163 0.242489
v -0.163095 0.972786 0.203878
v -0.133221 0.931252 0.202111
v -0.076612 0.957454 0.152755
v -0.041819 0.986434 0.14164
v 6e-06 0.827721 0.406424
v 6e-06 0.844129 0.452243
v -0.041839 0.844213 0.4189
v -0.093344 0.85511 0.430907
v -0.113626 0.863414 0.380772
v -0.164669 0.887866 0.372953
v -0.099175 0.788756 0.185167
v -0.06997 0.772401 0.127824
v 9e-06 0.823246 0.116453
v -0.031422 0.92643 0.154396
v -0.078906 0.87666 0.171634
v -0.083636 0.997335 0.159303
v -0.119921 0.878316 0.339632
v -0.068862 0.854822 0.385046
v 6e-06 0.84587 0.401932
v -0.069088 0.965399 0.168956
v -0.131846 0.896859 0.309497
v -0.1795 0.92697 0.338521
v -0.162212 0.929159 0.286428
v -0.138501 0.911038 0.277006
v -0.171758 0.968282 0.255343
v -0.133319 0.928659 0.246452
v -0.139729 0.966038 0.215734
v -0.118516 0.942799 0.217374
v -0.126179 1.00402 0.183938
v -0.096777 0.956596 0.192742
v -0.08007 0.992894 0.164441
v -0.068225 0.965258 0.173648
v -0.046666 1.0235 0.143096
v -0.0352 0.972198 0.162362
v 7e-06 1.00746 0.145765
v 6e-06 0.849965 0.399398
v -7e-06 0.857135 0.429447
v -0.048625 0.863514 0.449023
v -0.037648 0.85262 0.396853
v -0.082211 0.86688 0.410527
v -0.07014 0.858481 0.383146
v -0.129002 0.886903 0.405829
v -0.098125 0.869144 0.36396
v -0.139655 0.893909 0.358006
v -0.118426 0.881592 0.338189
v -0.129812 0.896057 0.35256
v -0.155052 0.927431 0.331423
v -0.113204 0.893543 0.392603
v -0.076577 0.872069 0.402413
v -0.042087 0.87453 0.427232
v -0.074261 0.98831 0.172651
v -0.040726 1.01412 0.160432
v -0.110333 0.996742 0.197299
v -0.129555 0.963779 0.22037
v -0.153752 0.963711 0.257743
v -0.151176 0.928945 0.285791
v -7e-06 0.861562 0.420153
v 6e-06 1.00119 0.155388
v 0.154685 0.895959 0.269869
v 0.138562 0.913143 0.237644
v 0.189513 0.929754 0.287566
v 0.133425 0.931116 0.202089
v 0.163218 0.97272 0.203864
v 0.076152 0.836998 0.388086
v 0.093364 0.855082 0.430915
v 0.101194 0.850617 0.360122
v 0.164923 0.887707 0.372932
v 0.083624 0.997329 0.159302
v 0.120385 0.878016 0.339573
v 0.068942 0.854775 0.385025
v 0.069102 0.96539 0.168954
v 0.121298 0.941441 0.214181
v 0.055819 0.726648 0.212219
v 0.132548 0.896363 0.309425
v 0.139346 0.910498 0.276884
v 0.162853 0.928741 0.28635
v 0.179871 0.926669 0.338485
v 0.133791 0.928346 0.246413
v 0.172005 0.968017 0.255284
v 0.118821 0.942611 0.217318
v 0.139938 0.965904 0.215708
v 0.096861 0.956561 0.192733
v 0.126213 1.004 0.183946
v 0.068227 0.965248 0.173643
v 0.08006 0.992896 0.164433
v 0.046687 1.02351 0.143094
v 0.037672 0.852626 0.396858
v 0.048612 0.863477 0.448977
v 0.070229 0.858428 0.383148
v 0.082255 0.866843 0.410521
v 0.098347 0.869008 0.36393
v 0.129095 0.8868 0.405816
v 0.118898 0.88127 0.338142
v 0.140019 0.893668 0.357965
v 0.155587 0.927205 0.331426
v 0.130209 0.895802 0.352504
v 0.113357 0.893464 0.392577
v 0.076647 0.872035 0.402403
v 0.042097 0.874527 0.427229
v 0.040738 1.01412 0.160435
v 0.074255 0.988315 0.172643
v 0.110376 0.996709 0.197311
v 0.129786 0.963627 0.22032
v 0.154083 0.963535 0.257753
v 0.151885 0.928485 0.285692
v -0.244228 0.063862 0.244784
v -0.172651 0.075841 0.415557
v -0.279662 0.011167 0.365564
v -0.262897 0.007832 0.403709
v -0.405476 0.189066 0.260687
v -0.441916 0.122776 0.517302
v -0.423692 0.048758 0.4873
v -0.363887 0.122772 0.129568
v -0.338197 0.119744 0.001341
v -0.186283 0.104953 -0.136013
v -0.056312 0.031982 0.114026
v -0.088507 0.039621 0.320079
v -0.044741 0.069064 0.448434
v 1.7e-05 0.045066 -0.001039
v -0.256466 0.359106 -0.339914
v -0.230355 0.442212 -0.423933
v -0.167562 0.39248 -0.412252
v -0.153949 0.228764 -0.302184
v -0.051621 0.248092 -0.33923
v -0.278178 0.493492 -0.465168
v -0.364794 0.505033 -0.343186
v -0.441295 0.503455 -0.259203
v -0.461401 0.384429 -0.324538
v -0.3644 0.235337 -0.384094
v -0.416264 0.128317 -0.395159
v -0.489008 0.17295 -0.345713
v -0.29246 0.085119 -0.254238
v -0.312434 0.031044 -0.289157
v -0.188895 0.970017 -0.209707
v -0.235333 0.900648 -0.155811
v 2e-05 0.983481 -0.189499
v 0.18198 0.916755 -0.145114
v 0.188895 0.970016 -0.209702
v 0.251462 0.967826 -0.220431
v -0.13392 0.823649 0.039879
v -0.299432 0.94271 -0.215935
v -0.369198 0.900741 -0.2417
v -0.35967 1.01372 -0.242171
v -0.433034 1.04186 -0.265483
v -0.444972 1.07975 -0.287849
v -0.385791 0.698073 -0.226063
v -0.391934 0.798708 -0.460723
v -0.358219 0.647093 -0.537119
v -0.344596 0.705658 -0.578333
v -0.359925 0.583169 -0.441994
v -0.307633 0.606818 -0.514732
v -0.198901 0.874096 -0.661962
v -0.219748 0.959699 -0.570523
v -0.352164 1.01166 -0.386695
v -0.221632 1.00732 -0.451825
v -0.13167 0.803171 -0.75076
v -0.16968 0.835351 -0.707269
v -0.21794 0.732926 -0.717955
v -0.062457 1.02803 -0.563516
v 0.04778 0.724961 -0.809387
v 0.220975 0.688994 -0.73113
v 0.123468 0.843052 -0.735843
v -0.110166 0.653795 -0.798803
v -0.480407 0.402296 -0.143705
v -0.491087 0.403741 -0.181438
v -0.47228 0.509172 0.00767
v -0.510864 0.237284 -0.184515
v -0.51038 0.191141 -0.197078
v 0.24422 0.063858 0.24479
v 0.297112 0.085109 0.239642
v 0.338223 0.119821 0.001313
v 0.289566 0.097306 -0.016667
v 0.239379 0.095252 -0.077728
v 0.19618 0.135008 -0.182098
v 0.256675 0.135526 -0.148051
v 0.324023 0.176573 -0.149036
v 0.161707 0.193349 -0.267058
v 0.367105 0.146013 0.293565
v 0.12674 0.04614 0.330451
v 0.15474 0.090145 0.454541
v 0.157379 0.115301 0.494334
v 0.218686 0.337767 -0.345647
v 0.177103 0.352905 -0.37115
v 0.237323 0.221279 -0.256502
v 0.1645 0.404235 -0.438913
v 0.230515 0.441964 -0.424159
v 0.324067 0.365014 -0.356676
v 0.367718 0.384013 -0.363008
v 0.340903 0.330176 -0.365983
v 0.475821 0.421245 -0.281862
v 0.470468 0.4614 -0.152103
v 0.461401 0.384429 -0.324525
v 0.507233 0.320634 -0.281421
v 0.326661 0.502491 -0.385323
v 0.483343 0.119706 -0.350046
v 0.439281 0.29498 0.291761
v 0.434162 0.48011 0.293924
v 0.460634 0.277856 0.355761
v 0.443264 0.385479 0.47436
v 0.475224 0.26594 0.455015
v 0.362145 0.325407 0.586218
v 0.359123 0.023869 0.361742
v 0.314408 0.010439 0.36107
v 0.387593 0.833457 -0.254894
v 0.420229 0.99428 -0.262835
v 0.433003 1.04186 -0.265458
v 0.438846 1.07382 -0.26941
v 0.385847 0.98146 -0.361543
v 0.431007 1.05299 -0.304837
v 0.441772 1.0958 -0.286558
v 0.428091 1.09579 -0.278332
v 0.438397 1.08808 -0.272377
v 0.37276 1.06619 -0.267018
v 0.372267 0.742004 -0.200451
v 0.407683 0.817043 -0.401196
v 0.328047 0.874865 -0.521672
v 0.371005 0.928008 -0.397609
v 0.262968 0.957662 -0.525755
v 0.241603 0.933269 -0.577205
v 0.361414 0.722722 -0.547462
v 0.329829 0.750734 -0.576055
v 0.413424 0.744497 -0.32779
v 0.485817 0.222834 -0.149805
v 0.44943 0.559037 0.060096
v 0.359935 0.583189 -0.441999
v 0.295026 0.62177 -0.62822
v 0.26625 0.530363 -0.60951
v -0.254744 0.055093 0.540644
v -0.252025 0.160711 0.581125
v -0.295868 0.264517 0.60509
v -0.183564 0.277345 0.612048
v -0.117297 0.231165 0.609213
v -0.337747 0.025803 0.516919
v -0.293979 0.05258 0.54723
v -0.474797 0.479769 0.089867
v -0.449419 0.407827 0.330184
v -0.335027 1.04742 -0.26651
v -0.33494 1.0743 -0.310263
v 2.2e-05 1.05269 -0.426289
v -0.148407 0.63878 -0.70467
v 0.225472 0.648758 -0.489739
v 0.241632 0.639575 -0.557237
v 0.220934 0.642483 -0.453329
v 0.082264 0.697054 -0.550603
v 5.9e-05 0.897197 -0.733371
v -0.291019 0.544094 -0.570581
v -0.225119 0.496264 -0.640085
v -0.202724 0.565151 -0.607706
v 0.062932 0.440649 -0.693039
v -0.247257 0.582293 -0.481531
v -0.239642 0.574089 -0.454811
v -0.265147 0.625766 -0.494251
v -0.20296 0.774405 0.100967
v -3.1e-05 0.829452 0.085633
v 0.262923 0.007828 0.403706
v 0.104698 0.493544 0.579962
v 0.159041 0.445685 -0.624881
v 0.328302 0.03225 -0.362275
v 0.360702 0.01471 -0.375283
v 0.131428 0.999392 -0.24283
v 0.380683 1.04386 -0.354103
v 0.191106 0.852789 -0.680344
v 0.171024 0.861722 -0.688162
v 0.443812 0.041006 -0.379794
v 0.430579 0.006558 -0.320888
v 0.113036 0.537695 -0.670942
v 0.045828 0.524981 -0.547715
v -0.481838 0.042473 -0.313504
v -0.437929 0.019205 -0.37123
v -0.383555 0.016155 -0.386746
v -0.395313 0.005213 -0.353701
v -0.357745 0.010542 -0.279577
v -0.350633 0.036414 -0.38571
v -0.310293 0.768486 -0.59512
v -0.082277 0.696971 -0.550433
v 0.257172 0.579114 -0.418564
v 0.24865 0.611999 -0.416895
v 0.233831 0.613661 -0.397719
v 0.226478 0.560135 -0.374847
v 0.237381 0.562865 -0.375
v -0.268322 0.499066 0.53036
v -0.155474 0.485607 0.575252
v -0.396361 0.49257 0.43083
v 0.386147 0.005116 -0.335634
v 0.356769 0.007165 -0.315399
v -0.053933 0.523779 -0.655484
v 0.037976 0.578826 -0.372838
v 0.076166 0.57733 -0.37114
v -0.078073 0.555811 -0.432206
v -0.257199 0.579084 -0.418567
v -0.241224 0.577413 -0.364542
v -0.240198 0.563129 -0.385787
v -0.246141 0.604819 -0.39674
v -0.234717 0.564082 -0.368368
v -0.07729 0.586244 -0.356496
v -0.040718 0.631012 -0.3526
v -0.040224 0.644618 -0.382422
v 1.3e-05 0.621083 -0.343688
v 0.261566 0.655264 0.336456
v 0.067142 0.692415 0.381331
v -0.197086 0.660779 0.381377
v 0.214227 0.583531 -0.355627
v 0.241223 0.577436 -0.364553
v -0.387296 0.007726 -0.374771
v 1.6e-05 0.726646 0.330773
v -0.003047 0.451601 0.907391
v 0.059311 0.559311 0.766735
v -0.000562 0.532849 0.790238
v 0.19227 0.571442 0.929603
v 0.174446 0.575064 0.879813
v 0.18304 0.54845 0.952796
v 0.054619 0.520023 0.832941
v 0.062336 0.758501 0.337924
v 0.103771 0.767168 0.381526
v 0.079727 0.763715 0.349585
v 0.140701 0.767253 0.444971
v 0.13353 0.759639 0.419541
v 0.120237 0.770216 0.399936
v 0.17264 0.75534 0.529215
v 0.147221 0.735406 0.48781
v 0.156745 0.76675 0.472932
v 0.193293 0.73241 0.619
v 0.202147 0.755026 0.587145
v 0.199847 0.703855 0.671198
v 0.210906 0.725856 0.672364
v 0.210237 0.660631 0.783925
v 0.182542 0.65943 0.727372
v 0.224543 0.688045 0.757614
v 0.206239 0.617935 0.859889
v 0.213179 0.625332 0.835254
v 0.230541 0.633213 0.855656
v 0.2307 0.64402 0.840089
v 0.217537 0.588614 0.929583
v 0.217668 0.600988 0.914858
v 0.196171 0.52667 0.986456
v 0.196776 0.544574 0.975752
v 0.147807 0.45317 1.02736
v 0.172854 0.462445 1.03591
v 0.163886 0.488893 1.00068
v 0.17604 0.478814 1.02489
v 0.109573 0.393643 1.06913
v 0.138169 0.397116 1.08391
v 0.144471 0.416243 1.07181
v 0.07271 0.332834 1.10358
v 0.052769 0.341506 1.07672
v 0.097232 0.330954 1.12247
v 0.103729 0.346955 1.11442
v 0.012283 0.290749 1.11179
v -0.008031 0.318589 1.0777
v 0.027639 0.327622 1.07167
v 0.030085 0.259426 1.14863
v 0.045926 0.278893 1.1408
v 0.024469 0.349556 1.04256
v 0.149948 0.587724 0.818662
v -0.193852 0.57248 0.914278
v -0.062336 0.758501 0.337924
v -0.103771 0.767168 0.381526
v -0.168042 0.758222 0.519513
v -0.189694 0.704781 0.686256
v -0.194868 0.707551 0.660609
v -0.206365 0.729637 0.660938
v -0.198739 0.67476 0.742733
v -0.196736 0.69267 0.723371
v -0.211266 0.694031 0.745626
v -0.199302 0.626194 0.842135
v -0.201645 0.634965 0.81576
v -0.217707 0.654644 0.819177
v -0.215694 0.577693 0.930535
v -0.214618 0.604341 0.895493
v -0.178893 0.507447 0.98302
v -0.207447 0.538386 0.973288
v -0.15818 0.449659 1.03719
v -0.187579 0.479059 1.03139
v -0.126976 0.391796 1.07534
v -0.143241 0.384422 1.09988
v -0.157578 0.413669 1.08099
v -0.087122 0.330437 1.11432
v -0.097282 0.318956 1.13786
v -0.112795 0.364811 1.0944
v -0.114825 0.342857 1.12475
v -0.051685 0.299745 1.11568
v -0.040554 0.270736 1.14469
v -0.067986 0.28681 1.148
v -0.151265 0.705787 0.739274
v -0.044277 0.41956 1.04314
v -0.027482 0.446729 1.01006
v -0.004247 0.503607 0.950243
v -0.034555 0.348792 1.09446
v -0.104197 0.444313 1.05258
v -0.062525 0.777635 0.527665
v -0.055945 0.782232 0.492844
v -0.065067 0.320984 1.13001
v -0.100644 0.333098 1.14345
v -0.092331 0.35937 1.1187
v 0.125534 0.633927 0.848209
v 0.166303 0.652991 0.830509
v 0.098027 0.537514 0.967638
v 0.031097 0.556902 0.9047
v 0.135261 0.559435 0.959987
v 0.027514 0.774743 0.346865
v 0.020726 0.260799 1.16016
v 0.022635 0.31092 1.12437
v 0.088525 0.377285 1.09693
v 0.075288 0.362035 1.10899
v 0.131321 0.444759 1.05528
v 0.112845 0.429612 1.07146
v 0.156409 0.503848 1.01144
v 0.175214 0.562732 0.963385
v 0.195218 0.61332 0.901261
v 0.207817 0.656182 0.826221
v 0.198554 0.69446 0.769315
v 0.190336 0.739816 0.662331
v 0.071549 0.781911 0.35305
v 0.107296 0.782556 0.244559
v 0.089299 0.793084 0.236062
v 0.100796 0.799736 0.227531
v 0.301899 0.823518 0.18819
v 0.754501 0.77624 0.173336
v 0.451655 0.8272 0.175735
v 0.612815 0.789872 0.208574
v 0.687406 0.959382 0.05519
v 0.640472 0.934657 0.075379
v 0.743042 0.934009 0.047002
v 0.096254 0.834343 0.203754
v 0.127332 0.875289 0.175696
v 0.126974 0.846023 0.185395
v 0.169346 0.879578 0.159381
v 0.1458 0.91126 0.153943
v 0.428228 0.978032 0.090009
v 0.38722 0.995964 0.087968
v 0.51369 0.9834 0.077815
v 0.472239 0.946618 0.092835
v 0.480228 1.00236 0.073288
v 0.594563 0.976101 0.067386
v 0.56971 0.973751 0.066641
v 0.581633 0.994918 0.056369
v 0.564162 0.99659 0.062517
v 0.657791 0.981072 0.050517
v 0.767782 0.930489 0.046804
v 0.744314 0.953628 0.041029
v 0.817599 0.919256 0.036425
v 0.906989 0.84862 0.042954
v 0.917027 0.864967 0.027536
v 0.874115 0.872192 0.043554
v 0.900858 0.873945 0.031247
v 0.961631 0.794828 0.055747
v 0.916061 0.803021 0.065434
v 0.979052 0.809397 0.038266
v 0.935399 0.825073 0.045706
v 0.964769 0.821363 0.036201
v 0.99473 0.738758 0.083454
v 0.961963 0.733436 0.113235
v 0.982245 0.752561 0.071947
v 1.01892 0.749083 0.060767
v 1.00456 0.762097 0.057716
v 0.107335 0.77897 0.269259
v 0.731445 0.786723 0.399861
v 0.706921 0.784367 0.40877
v 0.782162 0.77471 0.368312
v 0.111789 0.780102 0.312849
v 0.152813 0.783761 0.360152
v 0.125565 0.7809 0.335298
v 0.12343 0.782459 0.350199
v 0.175196 0.786325 0.380047
v 0.178854 0.789654 0.397601
v 0.289566 0.797154 0.429738
v 0.242126 0.793785 0.41446
v 0.250754 0.798292 0.432959
v 0.378699 0.800916 0.45015
v 0.354083 0.791997 0.444423
v 0.345382 0.7832 0.416953
v 0.340732 0.804686 0.459509
v 0.474361 0.799463 0.451851
v 0.420059 0.801144 0.454177
v 0.437227 0.804642 0.470584
v 0.561193 0.798755 0.446074
v 0.513649 0.800063 0.456923
v 0.533682 0.804578 0.471023
v 0.644783 0.794976 0.430225
v 0.600039 0.783935 0.408836
v 0.596116 0.797933 0.443668
v 0.618027 0.80085 0.457944
v 0.706923 0.793446 0.429807
v 0.803632 0.775738 0.357057
v 0.786697 0.782799 0.388262
v 0.881799 0.756917 0.315031
v 0.862586 0.766894 0.34777
v 0.937692 0.742332 0.257343
v 0.888173 0.743647 0.259868
v 0.906369 0.750577 0.292011
v 0.931726 0.747911 0.291599
v 0.990558 0.720662 0.195151
v 1.02227 0.712742 0.197815
v 0.967733 0.731921 0.233948
v 1.00443 0.721577 0.225003
v 1.00978 0.715948 0.118305
v 1.04827 0.706142 0.112849
v 1.04484 0.705269 0.13
v 1.0007 0.717053 0.1642
v 1.03448 0.709553 0.14881
v 0.297574 0.773745 0.377095
v 0.514419 0.861442 0.309702
v 0.485841 0.857587 0.35652
v 0.443035 0.860453 0.358327
v 0.894942 0.78389 0.196064
v 0.967013 0.752165 0.150906
v 0.18796 0.832262 0.315571
v 0.163787 0.821298 0.328388
v 1.01524 0.733043 0.139286
v 0.973463 0.748653 0.234965
v 0.951232 0.757862 0.281624
v 0.927161 0.771469 0.27156
v 0.597412 0.815424 0.444795
v 0.623666 0.820262 0.43786
v 0.513858 0.820177 0.457876
v 0.238851 0.813635 0.415214
v 0.172027 0.803268 0.380908
v 0.093102 0.789202 0.307739
v 0.100699 0.798126 0.300356
v 0.078789 0.791925 0.25264
v 0.59739 0.944849 0.147164
v 0.564563 0.974247 0.119861
v 0.479781 0.982804 0.13642
v 0.75414 0.902492 0.116183
v 0.957563 0.773746 0.107385
v 0.927137 0.819782 0.084622
v 0.873718 0.864273 0.080806
v 0.805246 0.903342 0.083045
v 0.730733 0.933411 0.090886
v 0.982023 0.776792 0.074785
v 0.94056 0.832511 0.053921
v 0.879261 0.879494 0.052269
v 0.728268 0.952211 0.061224
v 0.751382 0.948145 0.06255
v 0.64101 0.977619 0.072012
v 0.551927 0.993714 0.085152
v 0.080408 0.834143 0.216977
v -0.00067 0.844419 0.113758
v -0.022295 0.858294 0.102281
v -0.001063 0.868485 0.083237
v -0.061375 0.973728 -0.037189
v -0.000741 1.1804 -0.432274
v -0.059449 1.13281 -0.296595
v -0.189341 1.24643 -0.331751
v -0.000698 1.15424 -0.365667
v -0.063983 0.867735 0.136066
v -0.144377 0.961807 0.083307
v -0.115611 0.92752 0.080615
v -0.173288 1.01933 0.034231
v -0.182197 1.12022 -0.093174
v -0.207352 1.12586 -0.076838
v -0.206705 1.11607 -0.056014
v -0.191091 1.17222 -0.170387
v -0.193787 1.14473 -0.120443
v -0.211725 1.16838 -0.13323
v -0.188658 1.20798 -0.242711
v -0.194405 1.18887 -0.197417
v -0.210651 1.20789 -0.207529
v -0.19217 1.2266 -0.280088
v -0.209984 1.24621 -0.295364
v -0.171235 1.26454 -0.407722
v -0.195468 1.27506 -0.400388
v -0.196953 1.27276 -0.382571
v -0.152017 1.28111 -0.49526
v -0.172134 1.28747 -0.463809
v -0.116231 1.28324 -0.566353
v -0.138191 1.29413 -0.564224
v -0.143897 1.29553 -0.548797
v -0.07779 1.27763 -0.636353
v -0.051491 1.25579 -0.617758
v -0.103225 1.29312 -0.627367
v -0.021863 1.26007 -0.676088
v -0.05027 1.26897 -0.66227
v -0.049143 1.2759 -0.690383
v 0.057997 1.13275 -0.296769
v 0.179783 1.24108 -0.323931
v 0.170999 1.25303 -0.363065
v 0.06236 0.867662 0.135932
v 0.139975 0.961563 0.083021
v 0.166956 1.01921 0.033705
v 0.183158 1.07688 -0.028577
v 0.189748 1.13029 -0.102352
v 0.207104 1.12047 -0.060612
v 0.194914 1.17605 -0.172681
v 0.21537 1.17286 -0.137064
v 0.194943 1.19017 -0.197343
v 0.209793 1.20783 -0.206457
v 0.211872 1.24301 -0.288384
v 0.184323 1.27019 -0.378853
v 0.137126 1.27851 -0.486204
v 0.151427 1.27238 -0.441776
v 0.158486 1.28599 -0.457124
v 0.102752 1.28205 -0.560691
v 0.128468 1.294 -0.541511
v 0.060783 1.27596 -0.618871
v 0.06936 1.28769 -0.633062
v 0.084172 1.28229 -0.591924
v 0.084245 1.29182 -0.61354
v 0.015567 1.26019 -0.659734
v 0.030015 1.25926 -0.649664
v 0.020445 1.26815 -0.675004
v 0.035597 1.27603 -0.657837
v 0.142916 1.03655 -0.052041
v 0.148849 1.08204 -0.117264
v 0.117301 1.16771 -0.114435
v 0.018918 1.27809 -0.617239
v 0.067429 1.05595 0.018745
v 0.088387 1.0133 0.071875
v 0.032314 0.930215 0.111619
v 0.023941 1.28104 -0.66707
v 0.021106 1.28212 -0.647012
v 0.072885 1.29922 -0.624252
v 0.064247 1.29776 -0.602496
v 0.143705 1.28729 -0.436982
v 0.133074 1.29674 -0.457124
v 0.162261 1.26796 -0.356949
v 0.153979 1.28038 -0.377072
v 0.186263 1.20652 -0.188908
v 0.177227 1.22141 -0.206735
v 0.201365 1.14756 -0.072248
v 0.16406 1.08715 0.016254
v 0.012616 0.850555 0.144971
v -0.115524 1.21858 -0.229321
v -0.097664 1.29436 -0.520223
v -0.07032 0.960362 0.107675
v -0.01069 0.885056 0.129271
v -0.183075 1.2413 -0.272999
v -0.180892 1.15987 -0.108154
v -0.013855 0.850568 0.145011
v -0.107312 0.782578 0.244533
v -0.093044 0.780632 0.261012
v -0.316761 0.773107 0.291729
v -0.754511 0.77621 0.173378
v -0.507217 0.772258 0.28523
v -0.731457 0.78669 0.399909
v -0.682882 0.780822 0.385065
v -0.111778 0.780136 0.312841
v -0.118773 0.774406 0.289707
v -0.152809 0.783776 0.360138
v -0.125564 0.780919 0.335295
v -0.123429 0.782477 0.350197
v -0.175198 0.786326 0.380042
v -0.178847 0.789662 0.397596
v -0.2421 0.793818 0.414429
v -0.378695 0.800923 0.450175
v -0.327559 0.79965 0.44173
v -0.340733 0.804726 0.459472
v -0.474374 0.799459 0.451896
v -0.420044 0.801135 0.454204
v -0.437236 0.80463 0.47063
v -0.561196 0.79874 0.446108
v -0.533687 0.804547 0.471071
v -0.59611 0.797878 0.443738
v -0.618037 0.800787 0.458038
v -0.706941 0.793394 0.42988
v -0.803645 0.775702 0.35711
v -0.801494 0.778157 0.38215
v -0.786716 0.782763 0.388322
v -0.881814 0.75688 0.315084
v -0.862602 0.766854 0.347829
v -0.946253 0.741653 0.281992
v -0.906405 0.750533 0.292069
v -0.931735 0.747875 0.291656
v -0.990545 0.720664 0.195156
v -1.01783 0.713575 0.211329
v -0.967717 0.731903 0.233988
v -1.00443 0.721562 0.225031
v -1.00979 0.715953 0.118295
v -0.962033 0.733417 0.113248
v -1.04484 0.705268 0.130001
v -1.04827 0.706142 0.112852
v -1.0007 0.71705 0.164203
v -1.03448 0.709554 0.148818
v -0.211492 0.814103 0.204249
v -0.687393 0.95939 0.05517
v -0.660732 0.960384 0.055577
v -0.743033 0.934039 0.046958
v -0.724325 0.944899 0.052795
v -0.09664 0.834346 0.203703
v -0.09343 0.820068 0.207701
v -0.128297 0.8753 0.175598
v -0.146814 0.894399 0.162335
v -0.147396 0.911291 0.153766
v -0.25366 0.947819 0.124706
v -0.230516 0.932592 0.124813
v -0.230238 0.955895 0.119854
v -0.209128 0.932205 0.136594
v -0.338595 0.970003 0.102604
v -0.428238 0.978045 0.089976
v -0.398834 0.969186 0.088303
v -0.38743 0.995989 0.087906
v -0.513683 0.98341 0.077802
v -0.487099 0.977802 0.07596
v -0.48022 1.00238 0.073269
v -0.594563 0.976135 0.067348
v -0.569679 0.973788 0.066591
v -0.548451 0.982518 0.073024
v -0.56414 0.99663 0.062461
v -0.657781 0.981103 0.050473
v -0.767773 0.930517 0.046764
v -0.7443 0.953656 0.040994
v -0.836613 0.892297 0.045463
v -0.815065 0.899873 0.043091
v -0.817584 0.919293 0.036373
v -0.92521 0.856916 0.03053
v -0.874102 0.872235 0.043492
v -0.900841 0.873983 0.031198
v -0.961636 0.794848 0.055714
v -0.916053 0.803043 0.065402
v -0.982695 0.800831 0.043768
v -0.935392 0.825098 0.045668
v -0.964765 0.821381 0.036174
v -0.994718 0.738753 0.083476
v -0.982245 0.752561 0.071946
v -1.02429 0.738974 0.068704
v -1.00457 0.762098 0.057714
v -0.872749 0.813064 0.076784
v -0.564555 0.974256 0.119849
v -0.88357 0.819302 0.121766
v -0.957563 0.773748 0.107382
v -0.873706 0.864313 0.080748
v -0.730726 0.933435 0.090851
v -0.231909 0.900788 0.230877
v -0.154423 0.858391 0.239559
v -0.18488 0.838113 0.269058
v -0.940553 0.832536 0.053886
v -0.879239 0.879536 0.052206
v -0.804694 0.921121 0.054262
v -0.728261 0.952237 0.061189
v -0.75137 0.94818 0.062504
v -0.551912 0.993745 0.085114
v -0.576125 0.993328 0.088211
v -0.374278 0.99394 0.116042
v -0.310442 0.986762 0.138715
v -0.160542 0.931613 0.155618
v -0.080714 0.834142 0.216941
v -0.078806 0.791945 0.252614
v -0.087949 0.800665 0.25601
v -0.628385 0.83346 0.370863
v -0.485856 0.857577 0.356548
v -0.458607 0.850608 0.396421
v -0.894926 0.783886 0.196096
v -0.967015 0.752162 0.15091
v -0.163777 0.82132 0.328356
v -0.120402 0.812308 0.27234
v -0.161968 0.809023 0.354153
v -1.01524 0.733042 0.139288
v -0.911926 0.768248 0.291819
v -0.59743 0.815368 0.444884
v -0.623696 0.820223 0.437916
v -0.418669 0.821555 0.456051
v -0.325203 0.820653 0.442918
v -0.350466 0.830252 0.448411
v -0.093097 0.789236 0.307721
v -0.708089 0.821104 0.342334
v -0.152641 0.644975 -0.41591
v -0.180684 0.637809 -0.408991
v -4.9e-05 0.658919 -0.437539
v 0.112554 0.652438 -0.425562
v 0.15269 0.645049 -0.415908
v -5.7e-05 0.680065 -0.499149
v -0.074272 0.677588 -0.496042
v 0.180883 0.658128 -0.478506
v 0.135048 0.670456 -0.488537
v -0.238758 0.620137 -0.450302
v -0.226405 0.618213 -0.403691
v -0.20788 0.621815 -0.39961
v 0.216711 0.591588 -0.395788
v 0.242598 0.596733 -0.407315
v 0.249218 0.585844 -0.429102
v 0.238674 0.620162 -0.45018
v 0.195424 0.569159 -0.442647
v -0.077342 0.551611 -0.519991
v 0.233083 0.602199 -0.527022
v 0.21611 0.591351 -0.56664
v -0.21582 0.591083 -0.567067
v -0.192581 0.58248 -0.601497
v -0.112505 0.548002 -0.676062
v -0.055791 0.54573 -0.699157
v 1.5e-05 0.545313 -0.707201
v 0.055817 0.545747 -0.699101
v 0.123778 0.630686 -0.604644
v -0.172025 0.646135 -0.4148
v 0.171651 0.64622 -0.414848
v -0.079601 0.665463 -0.43486
v -1.2e-05 0.682801 -0.485273
v -0.183542 0.656922 -0.454243
v -0.156683 0.666351 -0.458104
v -0.191053 0.638679 -0.410532
v -0.197328 0.634772 -0.407834
v 0.228019 0.625065 -0.42026
v 0.186817 0.555391 -0.478252
v 0.181726 0.553283 -0.484967
v 0.242813 0.583417 -0.512278
v 0.228739 0.577699 -0.546062
v -0.179238 0.557892 -0.620022
v -0.116322 0.539303 -0.670664
v -0.128174 0.542805 -0.662479
v -0.156229 0.550283 -0.642831
v 0.053099 0.52098 -0.608257
v 0.015881 0.526619 -0.701774
v 0.112252 0.538352 -0.673504
v 0.153177 0.549738 -0.645019
v 0.116803 0.539508 -0.670305
v 0.156669 0.550679 -0.642536
v -0.228546 0.577324 -0.546531
v -0.23657 0.581083 -0.528525
v 0.105505 0.676791 -0.470244
v -0.151832 0.54772 -0.614921
v 0.118548 0.661977 -0.428879
v -3e-06 0.682792 -0.48532
v -0.18354 0.656923 -0.454244
v 0.186815 0.555391 -0.478255
v -0.239306 0.573077 -0.444195
v -0.25281 1.43142 0.547362
v -0.240403 1.45812 0.493327
v -0.283762 1.3871 0.443982
v -0.224106 1.49645 0.446194
v -0.180839 1.3259 0.672659
v -0.21579 1.2426 0.658176
v -0.24788 1.32973 0.607142
v -0.254971 1.02696 0.335275
v -0.184547 0.991447 0.26294
v -0.305256 1.0915 0.367251
v -0.334207 1.1713 0.408996
v -0.332542 1.26439 0.459116
v -0.316701 1.29953 0.389599
v -0.201157 1.50382 0.584849
v -0.184237 1.47037 0.620498
v -0.207933 1.03781 0.245729
v -0.167242 1.07144 0.192214
v -0.242221 1.15905 0.63421
v -0.189184 0.959906 0.488946
v -0.22155 0.975112 0.44976
v -0.148549 1.54877 0.465194
v -0.280858 1.04431 0.467824
v -0.302712 1.34488 0.417063
v -0.150207 0.929042 0.30914
v -0.102163 0.942392 0.226727
v -0.131513 0.973515 0.224193
v -0.094577 0.960531 0.209808
v -0.157598 1.51771 0.676591
v -0.128891 1.48118 0.694654
v -0.133594 1.58373 0.515927
v -0.137095 1.56972 0.493907
v -0.154553 1.5651 0.579903
v -0.087462 0.931388 0.23039
v -0.086198 0.956302 0.212148
v -0.082026 0.880991 0.333336
v -0.10695 0.898201 0.387282
v -0.245204 1.27195 0.616234
v -3.4e-05 1.31879 0.776853
v -0.032982 1.27039 0.773603
v -0.059831 1.31695 0.759465
v -0.143721 1.23752 0.738469
v -0.190033 1.24685 0.693776
v 0.156938 1.33255 0.702321
v 0.118739 1.32956 0.744729
v -2.5e-05 0.904478 0.56189
v -0.052692 0.876976 0.471966
v -1.6e-05 0.873903 0.478032
v -7e-06 0.949295 0.637103
v -0.083515 1.11447 0.74024
v -1.8e-05 1.40706 0.763438
v -0.10138 0.885831 0.456354
v 0.092943 1.41646 0.744121
v -0.158634 0.918243 0.473016
v 0.218173 1.14524 0.668812
v 0.17872 0.939218 0.505316
v 0.143777 0.909377 0.483936
v 0.101336 0.885809 0.456358
v 0.208835 0.990262 0.568154
v -0.118185 1.17514 0.743451
v 0.038835 0.925949 0.596806
v -6e-06 0.855584 0.385159
v 0.061461 0.863729 0.371383
v 0.079344 0.872346 0.409711
v 0.085386 0.874614 0.368437
v -0.061474 0.863754 0.371372
v -0.079342 0.872358 0.409684
v -0.085394 0.87462 0.368444
v -0.03194 0.857799 0.381378
v -0.06594 1.49604 0.746281
v -0.072064 1.46218 0.733917
v -0.053399 1.45145 0.731803
v -0.081138 0.876367 0.359743
v -0.064493 0.868257 0.350562
v 0.064493 0.868246 0.350564
v 0.083641 1.03009 0.679864
v -2e-05 0.901361 0.517641
v 0.16387 1.04479 0.652873
v 0.252843 1.4314 0.547418
v 0.234812 1.38695 0.592616
v 0.216615 1.35773 0.645666
v 0.254905 1.27256 0.624063
v 0.259469 1.42774 0.387328
v 0.254992 1.02699 0.335297
v 0.245255 0.999022 0.393684
v 0.305255 1.09148 0.367252
v 0.334211 1.17128 0.40902
v 0.302423 1.20286 0.558968
v 0.246444 1.08037 0.594116
v 0.247263 1.36042 0.283201
v 0.189064 1.10903 0.191724
v 0.180462 1.06249 0.204227
v 0.227693 1.18726 0.202936
v 0.225903 1.13669 0.209289
v 0.249637 1.27242 0.232347
v 0.141163 1.42599 0.687978
v 0.195464 1.40592 0.656299
v 0.231258 1.20148 0.647913
v 0.150151 0.94697 0.273646
v 0.094574 0.960518 0.209806
v 0.102234 0.888114 0.3332
v 0.154572 1.56505 0.579969
v 0.14962 1.59618 0.557912
v 0.127124 1.51436 0.694848
v 0.157626 1.51768 0.67663
v 0.147289 1.55154 0.678851
v 0.191107 1.49648 0.58095
v 0.151683 1.56868 0.536171
v 0.08198 0.938457 0.221011
v 0.225742 1.38266 0.58721
v 0.303896 1.29707 0.392739
v 0.27704 1.33635 0.331629
v 0.279083 1.24685 0.28153
v 0.249587 1.42002 0.39155
v 0.258927 1.36712 0.549274
v 3.2e-05 1.55005 0.329518
v 0.113706 1.53832 0.360946
v 0.137721 1.47738 0.282712
v -0.14884 1.51375 0.390411
v -0.137667 1.47728 0.282717
v 2.2e-05 1.13726 0.109672
v 3.3e-05 1.31257 0.116809
v 0.085892 1.09151 0.138035
v 0.095648 1.04514 0.160698
v 0.118976 1.39607 0.191306
v 0.150167 1.12286 0.159454
v 0.149386 1.07926 0.17771
v -0.198579 1.37621 0.246145
v -0.166693 1.11871 0.174238
v -0.134441 1.08282 0.164566
v -0.095619 1.0451 0.160656
v -0.191162 1.20252 0.175908
v -0.019933 1.00547 0.157853
v -0.05982 0.961574 0.189056
v -0.083185 0.965621 0.199744
v 0.059824 0.961564 0.189075
v 0.076248 0.998453 0.175174
v 0.08319 0.965638 0.199755
v 0.039532 1.00402 0.161465
v -0.10843 1.58973 0.475843
v 0.096214 1.60859 0.48913
v 0.083547 1.62616 0.491795
v 0.077301 1.6204 0.46551
v 0.065021 1.64081 0.490547
v 1.7e-05 1.58548 0.413932
v 0.089858 1.60219 0.494418
v 0.079181 0.959418 0.205966
v 0.063127 0.94698 0.20425
v -0.06313 0.946978 0.204241
v -0.07919 0.959419 0.205956
v 0.130454 1.46907 0.290494
v -0.138339 1.21315 0.151198
v -0.048992 1.55003 0.384188
v -0.258747 1.43429 0.549715
v -0.246191 1.46197 0.494139
v -0.289982 1.3903 0.443801
v -0.208075 1.50847 0.421876
v -0.18282 1.32578 0.679372
v -0.26032 1.02292 0.333271
v -0.341132 1.1704 0.408515
v -0.313434 1.2272 0.302195
v -0.179428 1.46352 0.67202
v -0.169528 1.06969 0.185832
v -0.143703 1.02915 0.189873
v -0.231041 1.18753 0.19677
v -0.142383 1.42547 0.694786
v -0.266481 1.16822 0.623857
v -0.192051 0.954105 0.491616
v -0.226203 0.969929 0.450456
v -0.23037 1.00962 0.548685
v -0.149298 1.5545 0.461244
v -0.121712 0.90916 0.276825
v -0.105374 0.881909 0.33235
v -0.135545 0.898916 0.359674
v -0.105261 0.938047 0.222197
v -0.13531 0.96983 0.21961
v -0.152817 1.55425 0.682139
v -0.125821 1.51527 0.701626
v -0.132302 1.5898 0.51268
v -0.166941 1.58058 0.532966
v -0.159758 1.56974 0.580495
v -0.158537 1.53236 0.582529
v -0.165514 1.53525 0.503892
v -0.158881 1.4566 0.655716
v -0.141356 1.51436 0.665146
v -0.103858 0.992252 0.196723
v -0.08315 0.955272 0.205931
v -0.086527 0.901244 0.299457
v -0.266136 1.37819 0.445421
v -0.312299 1.26289 0.458621
v -0.224626 1.44642 0.491963
v -0.313574 1.17653 0.412298
v -0.239849 1.27099 0.611829
v -0.181618 1.40039 0.643441
v -3.3e-05 1.31967 0.783797
v -0.122128 1.33039 0.750835
v -0.134572 1.28628 0.748716
v -0.163042 1.33474 0.705057
v -0.195874 1.2484 0.697309
v 0.162999 1.33474 0.70505
v 0.195846 1.2484 0.697297
v 0.074709 1.22145 0.768565
v -2.5e-05 0.898158 0.5649
v -0.072081 0.902102 0.55576
v -7e-06 0.943715 0.64133
v -3.7e-05 1.01247 0.710374
v -0.103733 0.879321 0.457395
v -0.169129 1.12841 0.718026
v -0.174062 1.07733 0.694042
v 0.109468 1.37272 0.750871
v -0.224113 1.14486 0.67256
v 0.183799 0.934421 0.505759
v 0.103689 0.879299 0.4574
v 0.228973 1.05389 0.6268
v -0.130229 1.41555 0.710673
v 0.021417 0.856132 0.427003
v 0.062487 0.86132 0.417842
v 0.077174 0.862191 0.365192
v 0.089808 0.869678 0.366185
v -0.098015 0.871814 0.401325
v -0.06252 0.861344 0.41782
v -0.021436 0.856146 0.427016
v -1.8e-05 1.48741 0.764397
v 0.057678 1.45144 0.751043
v 0.067346 1.49738 0.752991
v 0.101723 1.46107 0.735822
v -0.102262 1.48111 0.723707
v -0.032553 1.47595 0.747155
v 0.131212 1.41326 0.69509
v -0.024336 0.868564 0.355886
v -0.018593 0.882581 0.418113
v -0.036925 0.884316 0.415129
v 0.086038 0.874356 0.355164
v 0.054513 0.887127 0.410277
v -0.067413 1.22332 0.742556
v 0.078045 1.12208 0.721899
v 0.036413 0.945158 0.586991
v 0.160392 1.24261 0.697861
v 0.258779 1.43426 0.549773
v 0.286658 1.30978 0.566601
v 0.21855 1.24222 0.664631
v 0.18868 1.50874 0.405863
v 0.265204 1.43139 0.385673
v 0.26034 1.02294 0.333295
v 0.18938 0.942171 0.350169
v 0.341136 1.17037 0.40854
v 0.302862 1.07481 0.491769
v 0.294851 1.09972 0.551027
v 0.310563 1.32242 0.355155
v 0.250422 1.07699 0.598785
v 0.191752 1.10779 0.185381
v 0.170136 1.01022 0.218229
v 0.27056 1.15856 0.235889
v 0.253339 1.2745 0.226782
v 0.264738 1.21826 0.225374
v 0.162374 1.37228 0.686275
v 0.313431 1.22719 0.302207
v 0.156286 0.933103 0.28892
v 0.135323 0.969839 0.219599
v 0.095034 0.957934 0.203316
v 0.135558 0.898946 0.359693
v 0.154925 1.60074 0.557889
v 0.125838 1.51525 0.701672
v 0.138105 1.53656 0.697107
v 0.152827 1.55424 0.68217
v 0.158087 1.54664 0.640878
v 0.178267 1.47837 0.592881
v 0.158882 1.45656 0.655769
v 0.141363 1.51431 0.665194
v 0.136842 1.54716 0.455862
v 0.122255 1.55626 0.492592
v 0.165581 1.53519 0.503953
v 0.08654 0.901266 0.299483
v 0.088882 0.906558 0.28891
v 0.089878 0.911947 0.2783
v 0.104144 0.893245 0.391356
v 0.083264 0.878692 0.355854
v 0.083147 0.955262 0.20593
v 0.103867 0.992253 0.196714
v 0.086564 0.922924 0.257277
v 0.082712 0.928294 0.247229
v 0.263841 1.30452 0.555169
v 0.30904 1.1926 0.379441
v 0.253439 1.09815 0.298221
v 0.181591 1.4003 0.643514
v 0.243854 1.41636 0.393207
v 2.5e-05 1.55598 0.325813
v 0.072278 1.48652 0.254574
v 0.168558 1.49025 0.354146
v -0.154905 1.51723 0.390083
v 2.2e-05 1.13565 0.10286
v 1.4e-05 1.05151 0.130008
v 9e-06 1.41471 0.163496
v 0.08805 1.08928 0.131762
v 0.121856 1.30496 0.134506
v 0.154822 1.25711 0.138357
v 0.158985 1.39686 0.201904
v -0.158916 1.39679 0.20189
v 0.132271 1.0342 0.180378
v 0.208369 1.29029 0.194426
v 0.204683 1.37886 0.243806
v -0.115844 1.58422 0.441781
v -0.098255 1.04239 0.154767
v -0.196756 1.20187 0.17175
v 0.129373 1.56688 0.452802
v 0.195398 1.42125 0.277802
v -0.113711 1.21357 0.114815
v 5e-06 0.964209 0.168502
v -0.032038 0.962452 0.172606
v -0.078662 0.995358 0.169351
v -0.087783 0.961156 0.19693
v 0.061895 0.957694 0.183623
v 0.078687 0.99541 0.169361
v 0.08779 0.961175 0.196941
v -0.079443 1.62597 0.461899
v 0.088664 1.63094 0.491855
v 0.066599 1.64695 0.487565
v 0.083496 1.57575 0.440279
v 0.08382 1.59264 0.478208
v -0.130588 1.55326 0.460398
v -0.058299 1.65242 0.50459
v -0.069333 1.60524 0.475835
v 0.023739 0.95133 0.201365
v 0.01191 0.952272 0.19922
v -7e-06 0.952698 0.198311
v 0.109326 0.989619 0.201849
v -0.109315 0.989586 0.201833
v 0.064945 1.46742 0.272185
v 0.022164 1.55044 0.381287
v 0.127226 1.46403 0.294126
v 0.073273 1.54573 0.395575
v 0.080892 1.52171 0.358721
v -0.127165 1.46412 0.294147
v -0.149977 1.45362 0.311115
v -0.144224 1.52922 0.431801
v -0.111624 1.53822 0.417054
v 0.069852 1.2182 0.131782
v -0.137018 0.916028 0.291001
v -0.133887 0.907791 0.306295
v -0.108837 0.883555 0.357124
v -0.107566 0.957678 0.209119
v -0.103247 0.963552 0.204019
v -0.134582 0.932524 0.258731
v -0.131895 1.53833 0.465252
v -0.125639 1.41446 0.681412
v -0.121425 1.43038 0.680333
v -0.113999 0.911807 0.265659
v -0.108046 0.997102 0.195755
v -0.106917 0.996638 0.195905
v -0.123679 1.038 0.199957
v -0.121202 1.03335 0.200175
v -0.094973 0.991318 0.207572
v -0.075725 0.958189 0.214133
v -0.072954 0.886962 0.331254
v -0.077527 0.891145 0.319767
v -0.082235 0.884111 0.319337
v -0.075064 0.885726 0.344989
v -0.114283 0.893843 0.393863
v -0.11008 0.891301 0.388621
v -0.098284 0.903684 0.389793
v -0.123289 0.92229 0.425797
v -0.12601 0.92515 0.430111
v -0.176303 0.96343 0.385136
v -0.140271 1.52575 0.450833
v -0.202371 1.22445 0.648025
v -0.223078 1.25153 0.628847
v -0.16052 1.33189 0.673794
v -0.158617 1.3363 0.674564
v -0.127057 1.4108 0.680998
v -0.132481 1.39735 0.680071
v -0.181574 1.40044 0.643468
v -0.140089 1.0523 0.206429
v -0.187119 1.41056 0.622331
v -0.188786 1.39211 0.635359
v -0.171476 1.03439 0.246075
v -0.180454 1.45078 0.602097
v -0.207128 1.41368 0.584893
v -0.22182 1.39179 0.576581
v -0.227318 1.37755 0.575442
v -0.226132 1.33173 0.605306
v -0.24399 1.29337 0.595391
v -0.229157 1.35293 0.587321
v 7e-06 0.850782 0.399438
v 0.006878 0.851015 0.398818
v 0.018137 0.851429 0.397821
v 0.031164 0.852936 0.397322
v 0.075112 0.864246 0.41289
v 0.079373 0.86468 0.405552
v 0.062769 0.85999 0.403444
v 0.050421 0.854544 0.382639
v 0.081454 0.866285 0.413982
v 0.081937 0.866341 0.413492
v 0.08267 0.866407 0.41263
v 0.083448 0.866432 0.409327
v 0.085389 0.867205 0.408885
v 0.069883 0.860058 0.38352
v 0.090855 0.869949 0.370671
v -0.077197 0.86221 0.365231
v -0.078381 0.863172 0.377507
v -0.065533 0.858051 0.375704
v -0.082664 0.866417 0.412596
v -0.04773 0.854101 0.383103
v -0.05034 0.85937 0.421259
v -0.056943 0.858351 0.402629
v -0.081452 0.866304 0.414
v -0.081935 0.866351 0.413454
v -0.08114 0.866206 0.41396
v -0.08108 0.865642 0.410521
v -0.07526 0.864294 0.412809
v -0.067483 0.862342 0.414316
v -0.054662 0.855603 0.381216
v -0.031028 0.852947 0.397341
v -0.02591 0.854086 0.409273
v -0.119425 1.40896 0.688435
v 0.119373 1.40899 0.688451
v -0.026974 0.872573 0.371285
v -0.026758 0.872507 0.371124
v -0.049201 0.876769 0.363453
v -0.053372 0.878322 0.364948
v -0.052921 0.877492 0.361272
v 0.113832 0.894514 0.390781
v 0.114262 0.894373 0.391169
v 0.053055 0.878029 0.364171
v 0.049966 0.876821 0.362759
v -0.124869 1.39513 0.686796
v -0.118505 1.40458 0.690336
v 0.118435 1.4045 0.6904
v 0.122154 0.99251 0.197499
v 0.107671 0.957792 0.209097
v 0.128244 0.894579 0.369978
v 0.147028 0.908589 0.346895
v 0.121362 1.43054 0.680331
v 0.131905 1.53837 0.465353
v 0.109036 0.892735 0.301956
v 0.10367 0.886364 0.314414
v 0.084607 0.886078 0.314981
v 0.079612 0.893377 0.315595
v 0.111658 0.8936 0.39305
v 0.122955 0.921801 0.425213
v 0.126072 0.92509 0.430163
v 0.098291 0.903655 0.389798
v 0.094901 0.901068 0.383905
v 0.080171 0.875084 0.336346
v 0.075559 0.955505 0.215384
v 0.106931 0.996602 0.195899
v 0.108069 0.997068 0.195747
v 0.105706 0.991213 0.196704
v 0.113411 0.998772 0.195098
v 0.094951 0.991246 0.207567
v 0.123806 1.03826 0.199965
v 0.085374 0.925738 0.237851
v 0.112169 0.913071 0.261899
v 0.112596 0.910767 0.266376
v 0.180993 1.00213 0.290639
v 0.183351 1.01627 0.276332
v 0.182845 1.39753 0.642887
v 0.170361 1.03372 0.2455
v 0.127031 1.41081 0.681014
v 0.132402 1.39749 0.680096
v 0.160794 1.33119 0.673684
v 0.129288 1.04839 0.199566
v 0.140446 1.52554 0.450648
v -0.002023 1.00702 0.148499
v -0.027228 0.979365 0.163717
v -0.062419 1.00569 0.158822
v 0.086663 0.993568 0.17435
v 0.095066 0.995881 0.177394
v 0.02189 1.01452 0.146678
v 0.045573 1.56655 0.425939
v 0.111762 1.55145 0.457045
v -0.111915 1.55133 0.457121
v -0.044227 1.56746 0.427138
v 0.001739 0.959653 0.172568
v 0.012009 0.959246 0.173408
v 0.015457 0.959119 0.173677
v 0.030332 0.957089 0.177144
v 0.034329 0.956239 0.178659
v 0.041618 0.94858 0.207685
v 0.125257 1.03142 0.204043
v -0.112306 0.995014 0.199329
v -0.111912 0.994072 0.200305
v -0.099264 0.989226 0.211625
v -0.126412 1.03368 0.203817
v -0.015453 0.959115 0.173685
v -0.011999 0.959243 0.173413
v 0.030523 1.55711 0.400081
v 0.074165 1.45862 0.265599
v 0.133899 1.45187 0.286319
v 0.134539 1.4506 0.285422
v 0.133953 1.45476 0.290311
v 0.133827 1.45693 0.293238
v 0.11814 1.52402 0.39912
v -0.136261 1.44745 0.283393
v -0.133987 1.4547 0.290272
v -0.138761 1.51653 0.424096
v -0.053008 1.54444 0.389231
v 0.082857 1.0802 0.165968
v -0.158398 1.48149 0.377273
v -0.155306 1.48896 0.386421
v -0.147093 1.46028 0.319083
v -0.112119 1.50896 0.353982
v -0.111544 1.51177 0.358774
v -0.110052 1.51652 0.36591
v 0.112016 1.509 0.353997
v 0.11142 1.5119 0.358939
v 0.109937 1.5166 0.365998
v 0.113442 1.50597 0.350311
v 0.043089 1.51438 0.33141
v -0.176477 0.963088 0.396929
v -0.135466 1.05231 0.202437
v -0.075493 0.954937 0.215699
v -0.229158 1.35293 0.58732
v -0.116026 1.50862 0.355264
v 0.139624 1.53538 0.471349
v -7e-06 0.856974 0.430434
v -0.07526 0.864294 0.41281
v -0.058169 1.00969 0.155931
v -0.11371 0.998633 0.195105
v -0.104379 0.983923 0.198061
v 0.116649 0.893277 0.393149
v 0.1137 0.998652 0.195091
v 0.165255 0.927792 0.326113
v 0.108763 0.888491 0.382731
v 0.020486 0.7385 0.313314
v 0.024472 0.716624 0.344968
v -0.00297 0.446068 0.903105
v -7.8e-05 0.593231 0.649557
v 0.061517 0.553399 0.763706
v 0.193993 0.565187 0.932232
v 0.204725 0.576236 0.904564
v 0.182189 0.520992 0.957341
v 0.110284 0.76575 0.383662
v 0.084391 0.738805 0.366009
v 0.146627 0.765204 0.448084
v 0.17795 0.752421 0.532719
v 0.151776 0.730698 0.485345
v 0.197223 0.728164 0.622941
v 0.175826 0.712259 0.570009
v 0.197987 0.695132 0.701127
v 0.182998 0.687022 0.647612
v 0.216102 0.663848 0.752401
v 0.236369 0.675198 0.776594
v 0.230834 0.689233 0.754783
v 0.208316 0.611975 0.862916
v 0.217385 0.620248 0.832916
v 0.237306 0.644786 0.837902
v 0.224247 0.586661 0.929984
v 0.224318 0.602246 0.91307
v 0.202973 0.525019 0.986558
v 0.10838 0.386766 1.0686
v 0.144298 0.393748 1.08421
v 0.15147 0.416146 1.07191
v 0.071162 0.326202 1.10196
v 0.089239 0.342438 1.08762
v 0.110717 0.346565 1.11456
v 0.009071 0.285628 1.10826
v 0.035685 0.292601 1.10321
v 0.033705 0.253489 1.14782
v 0.052472 0.276719 1.14199
v 0.083988 0.726209 0.389234
v 0.06668 0.412913 0.983134
v -0.025271 0.732528 0.324417
v -0.027992 0.708922 0.365399
v -0.19524 0.565934 0.916332
v -0.201956 0.579863 0.885287
v -0.174013 0.5752 0.858476
v -0.191439 0.516066 0.955997
v -0.069302 0.757851 0.337686
v -0.059086 0.759539 0.314439
v -0.110284 0.76575 0.383662
v -0.145662 0.765699 0.44651
v -0.173401 0.755539 0.52313
v -0.192417 0.699808 0.690361
v -0.212763 0.73083 0.658362
v -0.196669 0.663359 0.771041
v -0.217665 0.695554 0.743229
v -0.201685 0.620091 0.844601
v -0.205961 0.63032 0.812795
v -0.223908 0.655957 0.816207
v -0.204617 0.606769 0.869485
v -0.220964 0.606291 0.893275
v -0.179835 0.500679 0.98454
v -0.214258 0.539176 0.971881
v -0.158047 0.442706 1.03798
v -0.194505 0.479541 1.0305
v -0.145318 0.377762 1.10046
v -0.164567 0.413788 1.08062
v -0.085079 0.323939 1.11271
v -0.098424 0.312056 1.13816
v -0.121697 0.341758 1.1255
v -0.03912 0.263986 1.14351
v -0.074244 0.283685 1.14827
v -0.083998 0.726207 0.389249
v -0.113061 0.719924 0.442111
v -0.15272 0.659479 0.6568
v -0.148498 0.588753 0.802029
v -0.117019 0.645648 0.838134
v -0.075125 0.731418 0.680389
v -0.041516 0.423636 1.04811
v -0.021582 0.378997 1.07231
v -0.072994 0.749294 0.642941
v -0.070056 0.764316 0.604704
v -0.050606 0.277161 1.16613
v -0.102791 0.334667 1.14992
v -0.090076 0.36369 1.12372
v -0.152154 0.407345 1.10892
v -0.181896 0.475916 1.06214
v -0.203334 0.537105 1.00286
v -0.098874 0.795028 0.35967
v -0.050341 0.778902 0.31765
v 0.119238 0.731944 0.697202
v 0.096453 0.542449 0.972346
v 0.113653 0.475 1.0352
v 0.108779 0.779526 0.583309
v 0.039078 0.78999 0.38274
v 0.020755 0.781925 0.382136
v 0.08486 0.795247 0.397901
v 0.021453 0.260188 1.16709
v 0.020782 0.315072 1.1297
v 0.135287 0.449799 1.05809
v 0.170147 0.4769 1.05119
v 0.143255 0.495155 1.03494
v 0.19792 0.619776 0.901137
v 0.210622 0.662572 0.825669
v 0.200624 0.654536 0.854155
v 0.201771 0.707963 0.740747
v 0.183644 0.74296 0.689655
v 0.111296 0.795913 0.399798
v 0.036619 0.78323 0.332173
v 0.017713 0.761091 0.316855
v 0.10735 0.776298 0.241424
v 0.211205 0.80884 0.199644
v 0.75263 0.77013 0.170478
v 0.495357 0.784998 0.222406
v 0.691218 0.955602 0.050697
v 0.639099 0.93129 0.069398
v 0.741184 0.930909 0.041007
v 0.107 0.832394 0.194245
v 0.129077 0.877697 0.169359
v 0.187149 0.920238 0.139696
v 0.342907 0.969271 0.097707
v 0.433217 0.976084 0.085502
v 0.398044 0.966755 0.081816
v 0.408913 0.998165 0.072832
v 0.383448 0.998807 0.082802
v 0.518534 0.981069 0.073331
v 0.47682 1.00536 0.06796
v 0.598984 0.973584 0.062577
v 0.568592 0.970879 0.060356
v 0.580597 0.996471 0.049623
v 0.560642 0.99957 0.057251
v 0.654773 0.984386 0.045139
v 0.771187 0.926232 0.042413
v 0.741542 0.957059 0.035593
v 0.840192 0.887986 0.041272
v 0.815687 0.92261 0.030586
v 0.909429 0.842727 0.040071
v 0.859555 0.842911 0.053719
v 0.917351 0.865173 0.020547
v 0.871573 0.874707 0.037536
v 0.899552 0.877311 0.025249
v 0.980856 0.807988 0.031651
v 0.965012 0.823645 0.029588
v 0.994758 0.731795 0.08273
v 0.961408 0.727314 0.109887
v 0.979887 0.748384 0.066848
v 1.02014 0.746767 0.054274
v 1.00494 0.763762 0.050927
v 0.104439 0.7726 0.269064
v 0.7361 0.781594 0.398846
v 0.781802 0.767901 0.369894
v 0.086219 0.775852 0.296619
v 0.216751 0.788225 0.401171
v 0.294526 0.793936 0.433484
v 0.383922 0.797041 0.452739
v 0.434804 0.801406 0.476298
v 0.566891 0.794706 0.445711
v 0.649881 0.79018 0.430161
v 0.62021 0.783388 0.437615
v 0.616562 0.797974 0.464156
v 0.706059 0.79077 0.436217
v 0.80814 0.770481 0.356037
v 0.786289 0.780124 0.394717
v 0.885326 0.751329 0.31272
v 0.855998 0.751106 0.329199
v 0.861905 0.764422 0.354283
v 0.917611 0.734112 0.273054
v 0.991148 0.716194 0.189795
v 1.02447 0.706621 0.195234
v 1.00624 0.718101 0.230803
v 1.00829 0.7115 0.113109
v 1.04827 0.699669 0.110184
v 1.03751 0.705299 0.153471
v 0.629826 0.840119 0.372509
v 0.44342 0.867321 0.359627
v 0.472842 0.871727 0.315398
v 0.89721 0.790499 0.195628
v 0.400695 0.868985 0.359274
v 0.370979 0.858812 0.396358
v 0.328727 0.858784 0.390762
v 0.161716 0.831298 0.304463
v 1.06222 0.717095 0.127672
v 1.03059 0.728308 0.213855
v 0.955406 0.761004 0.286283
v 0.841127 0.787692 0.345698
v 0.68569 0.810778 0.425364
v 0.595071 0.819039 0.450313
v 0.555309 0.819649 0.477528
v 0.415292 0.824364 0.46147
v 0.083141 0.788292 0.297465
v 0.599261 0.950491 0.150861
v 0.75663 0.907748 0.120077
v 0.876885 0.868891 0.085005
v 0.733035 0.938542 0.095054
v 1.03332 0.758177 0.066363
v 0.996553 0.768945 0.089036
v 0.803983 0.928043 0.054138
v 0.638836 0.984271 0.072178
v 0.548792 0.999969 0.08538
v 0.255026 0.967744 0.145167
v 0.101225 0.88556 0.186707
v -0.000668 0.838798 0.109587
v -0.026037 0.84193 0.121426
v -0.063475 0.968133 -0.040834
v -0.000745 1.1738 -0.434617
v -0.067112 1.04826 -0.16455
v -0.001565 1.03696 -0.168292
v -0.064932 1.08914 -0.231301
v -0.000926 1.07786 -0.234099
v -0.000613 1.11596 -0.301448
v -0.190868 1.24484 -0.338396
v -0.172708 1.20024 -0.301118
v -0.184106 1.24835 -0.391168
v -0.141576 1.19158 -0.334689
v -0.07093 0.867184 0.135409
v -0.177831 1.02083 0.02912
v -0.192913 1.17239 -0.177143
v -0.199588 1.14214 -0.117508
v -0.218194 1.16743 -0.130729
v -0.217117 1.20699 -0.205002
v -0.216379 1.24532 -0.292661
v -0.20196 1.27395 -0.402755
v -0.153025 1.27826 -0.501572
v -0.169185 1.27176 -0.442993
v -0.178954 1.28755 -0.462234
v -0.116513 1.2803 -0.572698
v -0.076326 1.27333 -0.641686
v -0.055017 1.25068 -0.620992
v -0.11017 1.29335 -0.628215
v -0.017956 1.25505 -0.679011
v -0.042685 1.26827 -0.706186
v -0.056989 1.26714 -0.662991
v -0.055597 1.27543 -0.693053
v 0.024605 0.841917 0.121333
v 0.022467 0.852657 0.09856
v 0.058322 0.968051 -0.040993
v 0.181379 1.24022 -0.330692
v 0.173855 1.24704 -0.390097
v 0.136113 1.18894 -0.332969
v 0.069305 0.867202 0.135178
v 0.053804 0.848354 0.129172
v 0.058885 0.84743 0.149833
v 0.145381 0.96304 0.078826
v 0.192245 1.13085 -0.108867
v 0.213571 1.1191 -0.058311
v 0.188197 1.20635 -0.246403
v 0.198589 1.18691 -0.225135
v 0.218481 1.2416 -0.286563
v 0.162063 1.26249 -0.413743
v 0.189086 1.27221 -0.398455
v 0.191143 1.26987 -0.37731
v 0.135402 1.29476 -0.5421
v 0.059342 1.27206 -0.624507
v 0.091036 1.29233 -0.615156
v 0.034122 1.25426 -0.652338
v 0.045611 1.26799 -0.639984
v 0.042077 1.27704 -0.660288
v 0.115933 1.07259 -0.158631
v 0.110771 1.22406 -0.225917
v 0.07994 1.28868 -0.463171
v 0.109404 1.29594 -0.483819
v 0.068794 1.08739 -0.005342
v 0.102619 1.07429 0.025501
v 0.060211 1.03387 0.048604
v 0.017205 0.896559 0.136579
v 0.048121 0.893801 0.149534
v 0.018625 1.28867 -0.647013
v 0.062016 1.30439 -0.602153
v 0.179308 1.29138 -0.391517
v 0.185291 1.24187 -0.262251
v 0.176541 1.22794 -0.204317
v 0.176971 1.04406 0.057293
v 0.098005 0.90588 0.156554
v 0.109357 0.920156 0.145009
v -0.114728 1.22501 -0.226678
v -0.110969 1.12157 -0.032797
v -0.055479 0.940216 0.125561
v -0.085259 0.937793 0.134097
v -0.051523 1.28717 -0.662893
v -0.135523 1.3116 -0.563727
v -0.193962 1.29434 -0.397428
v -0.1782 1.26531 -0.294634
v -0.100023 0.905982 0.156794
v -0.064453 0.871715 0.160414
v -0.059776 0.88393 0.15312
v -0.107365 0.776319 0.241399
v -0.104445 0.772618 0.269038
v -0.172473 0.769538 0.270699
v -0.316695 0.766226 0.290444
v -0.75264 0.7701 0.17052
v -0.736113 0.781563 0.398892
v -0.216742 0.788239 0.401171
v -0.294502 0.793994 0.433487
v -0.263589 0.773153 0.397816
v -0.237428 0.789884 0.417849
v -0.479905 0.795314 0.45301
v -0.416663 0.797388 0.459055
v -0.434813 0.801394 0.476344
v -0.649893 0.790128 0.430241
v -0.620225 0.783332 0.437694
v -0.638505 0.792897 0.460227
v -0.616571 0.797912 0.46425
v -0.706079 0.790718 0.43629
v -0.808155 0.770446 0.356088
v -0.786311 0.780091 0.394779
v -0.885341 0.751293 0.312772
v -0.861923 0.764383 0.354343
v -0.991137 0.716199 0.189798
v -1.0202 0.707782 0.214463
v -1.00624 0.718084 0.23083
v -1.0083 0.711507 0.113098
v -0.961482 0.727295 0.109899
v -1.04701 0.698754 0.131362
v -1.03751 0.7053 0.153479
v -0.226851 0.766947 0.35589
v -0.121226 0.790938 0.219867
v -0.691204 0.955613 0.050675
v -0.659262 0.957335 0.04945
v -0.741174 0.930941 0.040963
v -0.720579 0.947193 0.047344
v -0.664827 0.891744 0.086468
v -0.106157 0.809537 0.204741
v -0.130065 0.877704 0.169266
v -0.258479 0.948209 0.119644
v -0.229533 0.930434 0.118227
v -0.43323 0.976095 0.085472
v -0.398165 0.966795 0.081759
v -0.409008 0.998186 0.072794
v -0.383651 0.998831 0.082744
v -0.518529 0.981081 0.073319
v -0.486463 0.975186 0.069499
v -0.47161 0.943578 0.086547
v -0.598986 0.97362 0.062541
v -0.568561 0.970916 0.060307
v -0.543984 0.984094 0.06787
v -0.56062 0.999612 0.057197
v -0.654765 0.984418 0.045095
v -0.771176 0.926262 0.042369
v -0.74153 0.957088 0.035559
v -0.840184 0.888023 0.041223
v -0.813116 0.896764 0.03713
v -0.831589 0.913154 0.026271
v -0.815673 0.922648 0.030534
v -0.909428 0.842763 0.040022
v -0.928274 0.852884 0.025698
v -0.899537 0.87735 0.025201
v -0.963405 0.788311 0.053939
v -0.96501 0.82366 0.02956
v -0.994748 0.731791 0.082753
v -0.979888 0.748383 0.066847
v -1.02556 0.732983 0.065316
v -1.00495 0.763765 0.050926
v -0.200765 0.866788 0.153954
v -0.422814 0.938772 0.221128
v -0.886883 0.823644 0.126145
v -0.876873 0.868932 0.084947
v -0.733029 0.938566 0.095019
v -0.200634 0.891858 0.238317
v -1.03331 0.758189 0.066362
v -0.991257 0.817865 0.045614
v -0.958457 0.823792 0.066302
v -0.726731 0.959067 0.061143
v -0.753629 0.95352 0.066426
v -0.548778 1.0 0.085345
v -0.502282 1.01976 0.076084
v -0.493692 1.00862 0.10652
v -0.256329 0.967737 0.14506
v -0.102193 0.885601 0.186567
v -0.111553 0.881891 0.204589
v -0.629818 0.840109 0.372518
v -0.443414 0.867308 0.359686
v -0.848945 0.804703 0.267416
v -0.797451 0.819156 0.260159
v -0.782571 0.816558 0.308495
v -1.06221 0.717097 0.12769
v -0.9554 0.760985 0.286332
v -0.233395 0.815775 0.41906
v -0.287395 0.815638 0.451718
v 0.011367 0.725781 0.326321
v 0.004729 0.738727 0.302609
v 0.002938 0.738115 0.302125
v 0.008779 0.739683 0.303552
v 0.016075 0.742043 0.304113
v 0.001787 0.739269 0.299718
v -0.004694 0.738726 0.302605
v -1e-06 0.737129 0.301336
v -0.003273 0.738181 0.30229
v -0.016071 0.742037 0.304112
v -0.002144 0.739373 0.299786
v -0.037466 0.766938 0.311587
v -0.027671 0.765607 0.317513
v -0.024708 0.768198 0.319158
v -3.1e-05 0.739609 0.29951
v -0.016277 0.751111 0.308759
v -0.016372 0.748898 0.307981
v 0.030314 0.775102 0.324999
v 0.024704 0.768207 0.319166
v 0.016736 0.749102 0.308055
v 0.099235 0.821577 0.199413
v 0.098707 0.823777 0.198416
v 0.098104 0.835705 0.196529
v 0.094847 0.775179 0.25142
v 0.087188 0.792028 0.28936
v 0.08922 0.792893 0.285638
v 0.093981 0.800269 0.281712
v 0.093278 0.786167 0.268719
v 0.095307 0.875581 0.190542
v 0.101309 0.839103 0.202065
v -0.023739 0.838385 0.127763
v 0.022464 0.838416 0.127642
v 0.046994 0.843955 0.143779
v 0.058088 0.848618 0.151103
v 0.0586 0.854957 0.154259
v 0.043993 0.888443 0.152426
v 0.021899 0.845467 0.13218
v -0.045268 0.887829 0.152895
v -0.023228 0.845472 0.132331
v -0.094771 0.7752 0.251454
v -0.099072 0.821744 0.199306
v -0.098672 0.823415 0.198548
v -0.098048 0.835884 0.196591
v -0.096213 0.864674 0.191455
v -0.096702 0.863314 0.192327
v -0.099034 0.85699 0.197104
v -0.095566 0.874677 0.190772
v -0.101373 0.839507 0.202468
v -0.097515 0.804049 0.276495
v -0.087036 0.792179 0.289555
v -0.09349 0.78709 0.269021
v -0.093219 0.786267 0.268701
v -0.290391 0.037164 0.318678
v -0.299299 0.026598 0.296649
v -0.310045 0.041908 0.302678
v -0.302763 0.023403 0.291227
v -0.310952 0.028669 0.289201
v -0.309057 0.017487 0.287512
v -0.301432 0.013576 0.301235
v -0.308787 0.011056 0.295586
v -0.313633 0.010738 0.295654
v -0.315775 0.0092 0.328108
v -0.329874 0.018832 0.354243
v -0.384724 0.049248 0.357104
v -0.353472 0.033893 0.324205
v -0.354441 0.047977 0.33562
v -0.372125 0.029602 0.306422
v -0.37222 0.021792 0.302811
v -0.377992 0.021432 0.30031
v -0.381844 0.011871 0.304156
v -0.37681 0.010074 0.307939
v -0.372936 0.012591 0.306192
v -0.373922 0.00835 0.338594
v -0.3421 0.019685 0.354903
v -0.372216 0.023596 0.373165
v -0.390953 0.015348 0.315373
v -0.384583 0.026662 0.303685
v -0.384658 0.031585 0.308608
v 0.374291 0.055619 0.352422
v 0.37822 0.032079 0.307013
v 0.367022 0.035427 0.31361
v 0.390852 0.039777 0.331805
v 0.389371 0.038387 0.361702
v 0.372166 0.023645 0.373198
v 0.364751 0.012905 0.364468
v 0.373883 0.00834 0.338676
v 0.352122 0.01362 0.360437
v 0.347614 0.016693 0.343518
v 0.387725 0.014586 0.305376
v 0.387168 0.021673 0.302806
v 0.378808 0.016206 0.300551
v 0.368792 0.012562 0.311419
v 0.381266 0.009648 0.309043
v 0.287412 0.04265 0.332834
v 0.299308 0.026607 0.296637
v 0.329882 0.018829 0.35424
v 0.337955 0.024368 0.337394
v 0.331624 0.042163 0.316044
v 0.326379 0.023423 0.297476
v 0.319157 0.015952 0.29052
v 0.313014 0.013096 0.290556
v 0.309632 0.057137 0.328013
v 0.305345 0.021427 0.288683
v -0.383073 0.040531 0.369626
v -0.325025 0.027285 -0.397565
v -0.340653 0.038462 -0.405995
v -0.331889 0.035664 -0.373164
v -0.331336 0.014464 -0.428706
v -0.330472 0.007068 -0.425181
v -0.328685 0.006242 -0.415688
v -0.339737 0.002709 -0.417289
v -0.329471 0.008095 -0.39252
v -0.348767 0.002234 -0.396278
v -0.336653 0.013169 -0.367413
v -0.347571 0.006813 -0.368634
v -0.359942 0.005644 -0.372226
v -0.33079 0.024014 -0.369068
v -0.370847 0.009581 -0.377637
v -0.355017 0.010243 -0.415177
v -0.345576 0.020114 -0.425768
v -0.372763 0.026121 -0.39825
v -0.339216 0.014554 -0.430248
v 0.345567 0.044903 -0.394313
v 0.331905 0.035674 -0.373128
v 0.334777 0.024453 -0.423594
v 0.325916 0.017829 -0.418936
v 0.359649 0.031196 -0.410305
v 0.3636 0.012424 -0.405195
v 0.371972 0.015086 -0.394031
v 0.359949 0.005645 -0.372206
v 0.370875 0.009589 -0.377586
v 0.348805 0.002234 -0.396214
v 0.34057 0.008485 -0.428533
v 0.339193 0.014581 -0.430253
v 0.325555 0.011757 -0.416864
v -0.3817 0.029927 -0.413599
v -0.386053 0.044297 -0.40244
v -0.377207 0.03494 -0.40065
v -0.398483 0.048816 -0.40255
v -0.392641 0.020247 -0.433035
v -0.402035 0.03476 -0.426243
v -0.396583 0.017279 -0.437691
v -0.40453 0.022378 -0.438643
v -0.403068 0.011706 -0.440371
v -0.394236 0.007732 -0.428512
v -0.401874 0.005407 -0.432914
v -0.406447 0.005091 -0.432286
v -0.404725 0.003346 -0.401983
v -0.402296 0.007911 -0.375344
v -0.427115 0.02944 -0.394428
v -0.422204 0.040559 -0.398289
v 0.398475 0.048842 -0.402544
v 0.403503 0.027818 -0.434098
v 0.421034 0.034975 -0.41137
v 0.423151 0.014594 -0.404494
v 0.42474 0.017585 -0.390714
v 0.402296 0.007905 -0.375341
v 0.374954 0.022852 -0.397065
v 0.412175 0.010165 -0.436521
v 0.411406 0.017014 -0.438966
v 0.405302 0.017527 -0.44074
v 0.408885 0.012473 -0.44001
v -0.454502 0.047722 -0.373001
v -0.437976 0.026963 -0.402567
v -0.437469 0.040623 -0.391925
v -0.457906 0.02295 -0.416987
v -0.458546 0.01549 -0.420138
v -0.46422 0.015108 -0.421494
v -0.467177 0.006562 -0.417652
v -0.458851 0.006895 -0.416885
v -0.456057 0.002437 -0.386266
v -0.42379 0.013057 -0.374561
v -0.426794 0.020321 -0.389837
v -0.450281 0.016959 -0.353985
v -0.458211 0.023569 -0.353757
v -0.468664 0.004943 -0.396238
v -0.474336 0.021412 -0.410812
v 0.454444 0.047729 -0.372918
v 0.463876 0.041679 -0.367511
v 0.45462 0.039143 -0.399721
v 0.438001 0.026959 -0.402593
v 0.463585 0.025363 -0.415712
v 0.473021 0.032867 -0.390751
v 0.474327 0.021442 -0.410776
v 0.474984 0.010846 -0.396449
v 0.440246 0.013662 -0.356348
v 0.456088 0.002438 -0.386275
v 0.43288 0.0072 -0.368258
v 0.472323 0.008958 -0.416078
v 0.472068 0.015379 -0.418395
v 0.466927 0.015755 -0.421031
v 0.469844 0.011202 -0.419707
v 0.454344 0.006681 -0.412623
v 0.466199 0.004156 -0.41336
v -0.328362 0.019209 0.355435
v -0.326525 0.018595 0.35577
v -0.340921 0.038253 0.346771
v -0.339403 0.029476 0.349802
v -0.341311 0.040568 0.345733
v -0.316908 0.056378 0.329531
v -0.341053 0.040294 0.345779
v -0.367259 0.022294 0.372637
v 0.338211 0.030269 0.348979
v 0.340979 0.040424 0.345683
v 0.286106 0.036652 0.339126
v 0.32836 0.019208 0.355436
v 0.326524 0.018595 0.355771
v 0.341315 0.040394 0.34582
v 0.340969 0.038355 0.346733
v 0.339412 0.02939 0.349833
v 0.341343 0.04057 0.345741
v 0.317164 0.056731 0.32949
v 0.340216 0.034595 0.348375
v -0.340195 0.034616 0.348362
v -0.376647 0.024972 -0.389844
v 0.373941 0.013233 -0.380098
v 0.344159 0.01803 -0.360916
v -0.378326 0.014341 -0.383607
v -0.37562 0.020331 -0.387267
v -0.378001 0.01514 -0.384749
v -0.425899 0.027645 -0.383828
v -0.424357 0.020394 -0.38073
v 0.426204 0.029155 -0.384363
v 0.424364 0.020416 -0.38074
v 0.406972 0.009734 -0.375275
v 0.373143 0.025532 -0.387698
v 0.414875 0.046423 -0.396059
v -0.459326 0.041677 -0.362314
v -0.422964 0.019828 -0.381206
v -0.422273 0.02248 -0.383047
v -0.42476 0.013592 -0.37119
v 0.422934 0.019893 -0.38126
v -0.438441 0.018537 -0.37177
v -0.315834 0.024578 0.340799
v -0.341192 0.040767 0.345588
v -0.339086 0.027992 0.350178
v 0.315833 0.024578 0.3408
v 0.425962 0.033874 -0.386623
v -0.455581 0.045542 -0.368392
v -0.42597 0.03388 -0.386619
v 0.374976 0.031889 -0.391769
v -0.231156 1.01118 0.398707
v -0.242906 1.04741 0.505435
v -0.210777 1.09215 0.607878
v 1.9e-05 1.30955 0.748829
v -0.072114 0.988015 0.620683
v -0.191623 1.2548 0.669472
v -0.162436 1.33786 0.67901
v -0.259083 1.20039 0.593941
v -0.12606 0.915461 0.421933
v -0.125976 1.0305 0.19672
v 0.075499 0.948174 0.211707
v 0.207708 1.09396 0.235851
v 0.231014 1.06751 0.287953
v 0.168864 1.11592 0.191501
v 0.125998 1.03049 0.196746
v 0.06168 1.14387 0.136097
v -0.075503 0.948158 0.211716
v -0.024589 1.58494 0.59427
v -1.1e-05 1.61673 0.575733
v 0.01988 1.59036 0.58591
v -0.050421 1.59388 0.611247
v -0.095929 1.60623 0.605642
v -0.103177 1.60687 0.634952
v -0.069839 1.58001 0.668612
v 0.021281 1.56358 0.634796
v 0.080559 1.60014 0.629714
v 0.053756 1.56765 0.674484
v 0.041179 1.5667 0.695826
v 0.072782 1.56332 0.659034
v 0.089242 1.58284 0.680567
v 0.051446 1.56532 0.713984
v 0.021788 1.54634 0.693644
v -1e-06 1.55904 0.726142
v 0.102916 1.48594 0.688199
v 0.094961 1.40918 0.718616
v -0.020453 1.55786 0.647213
v -0.089228 1.58287 0.680577
v -0.191668 1.48709 0.572496
v -0.165134 1.44183 0.656409
v 0.162471 1.33786 0.678973
v 0.076312 1.13709 0.715558
v 0.051415 1.64723 0.555447
v -0.095716 1.5625 0.423924
v -0.132259 1.53971 0.450285
v -1.9e-05 1.52843 0.323624
v 2e-05 1.47336 0.249884
v 1.6e-05 1.57448 0.400639
v 0.095723 1.56251 0.423923
v 0.207814 0.984706 0.450521
v 0.30088 1.18985 0.420134
v 0.286169 1.23337 0.528585
v 0.192706 1.43278 0.325819
v 0.126055 0.915449 0.421877
v 0.076011 0.879352 0.34705
v -0.097737 0.909727 0.277157
v -0.097736 0.90974 0.277126
v -0.152458 1.3346 0.687869
v -0.231837 1.25479 0.628585
v -0.243309 1.26597 0.617021
v -0.209566 1.22112 0.648967
v -0.215662 1.23021 0.64338
v -0.173868 1.31761 0.673279
v -0.164856 0.948485 0.435935
v -0.14906 0.939261 0.454135
v -0.084864 0.8872 0.321667
v -0.089997 0.89267 0.311242
v -0.077594 0.885333 0.316865
v -0.123265 0.91326 0.413958
v -0.145416 1.0634 0.197215
v -0.086801 0.930683 0.236816
v -0.09 0.927397 0.243401
v -0.089956 0.927442 0.24331
v -0.067165 0.879599 0.373274
v -0.077601 0.881662 0.356259
v -0.031917 0.872841 0.392195
v -0.007288 0.869537 0.389012
v 4e-06 0.870038 0.39327
v 0.015263 0.868749 0.383525
v 0.002467 0.865196 0.370178
v 0.013852 0.865852 0.370458
v -0.040357 0.869186 0.363071
v 0.145266 1.06312 0.197234
v 0.086621 0.970587 0.206283
v 0.07891 0.959186 0.207986
v 0.113971 1.01217 0.199674
v 0.096473 0.915869 0.26575
v 0.089388 0.906426 0.275362
v 0.089397 0.906398 0.275416
v 0.005716 0.954013 0.190936
v 0.012956 0.953811 0.191615
v -0.051386 1.08291 0.148983
v 0.163768 1.11128 0.190212
v -0.025635 0.952623 0.193456
v -0.012957 0.953825 0.191605
v -0.038089 0.950977 0.197399
v 0.038087 0.950977 0.197401
v -0.086662 0.970646 0.206271
v -0.084255 0.956839 0.212762
v -0.11768 1.01395 0.20115
v 0.114036 1.42351 0.697233
v 0.119078 1.4139 0.695648
v 0.124086 1.44348 0.683075
v -0.178235 1.45392 0.617612
v -0.173438 1.46385 0.617459
v -0.198317 1.38784 0.633386
v -0.187925 1.40362 0.641595
v -0.2305 1.33367 0.609041
v -0.123986 1.44399 0.68308
v -0.131143 1.41648 0.684098
v -0.133299 1.41107 0.683749
v -0.147592 1.37583 0.681267
v -0.152204 1.36679 0.679924
v -0.15537 1.36057 0.679006
v -0.114078 1.42353 0.697233
v -0.137119 1.36428 0.692626
v -0.127154 1.38848 0.694461
v -0.12017 1.40047 0.697923
v 0.127823 1.39305 0.692774
v 0.127111 1.3882 0.694591
v 0.120114 1.4004 0.697975
v -0.045937 1.57168 0.422802
v -0.053337 1.56407 0.411546
v -0.114245 1.51637 0.355976
v -0.062829 1.52686 0.349601
v -0.107539 1.53718 0.38722
v -0.126555 1.49038 0.325106
v -0.12316 1.49774 0.333542
v -0.15616 1.45609 0.31082
v -0.148581 1.52518 0.446187
v -0.142922 1.44987 0.282734
v -0.139102 1.45156 0.280056
v -0.185421 1.41245 0.294907
v -0.168887 1.42941 0.292757
v -0.072861 1.46258 0.260179
v -0.044655 1.51959 0.328666
v 0.062179 1.50838 0.319667
v 0.053693 1.51371 0.324362
v 0.044661 1.51941 0.328557
v 0.126559 1.49025 0.324942
v 0.123064 1.49771 0.333407
v 0.116115 1.51066 0.34766
v 0.061216 1.54069 0.373779
v 0.055433 1.56227 0.408972
v 0.10721 1.53793 0.388314
v -0.067736 1.46305 0.258793
v -0.043348 1.54526 0.373596
v -0.112622 1.55747 0.453121
v -0.133444 1.555 0.490344
v -0.145379 1.53934 0.472391
v -0.145379 1.53933 0.47239
v 0.096482 0.904068 0.288833
v 0.182548 0.959774 0.421337
v 0.181059 0.958408 0.417231
v 0.181187 0.958526 0.417585
v 0.18113 1.43768 0.316785
v 0.149124 0.939344 0.454261
v 0.04624 0.871157 0.343981
v 0.084391 0.885079 0.353118
v 0.089987 0.892709 0.311252
v 0.084749 0.887144 0.321881
v 0.226788 1.39375 0.579223
v 0.20328 1.42854 0.592732
v 0.205038 1.42594 0.591722
v 0.189852 1.43381 0.612062
v 0.181116 1.40972 0.650208
v 0.17286 1.31894 0.673556
v 0.177236 1.30703 0.672024
v 0.197296 1.25801 0.663939
v 0.177879 1.40981 0.652461
v 0.045438 1.57293 0.424878
v 0.112501 1.55756 0.453064
v 0.121934 1.55088 0.457412
v 0.111655 1.56369 0.469752
v 0.128018 1.55936 0.49161
v 0.133702 1.55482 0.490326
v 0.156917 1.49432 0.382901
v 0.150662 1.50473 0.397078
v -0.166306 1.11683 0.189697
v -0.12773 1.07847 0.181082
v -0.159094 1.10702 0.189021
v -0.163726 1.11124 0.190193
v -0.129373 1.0388 0.195773
v 0.155785 1.45174 0.30321
v 0.176896 1.44616 0.325901
v 0.203557 1.2391 0.655791
v 0.208417 1.22422 0.649748
v 0.212336 1.23263 0.645992
v -0.139888 0.946015 0.295534
v -0.092348 0.923288 0.255726
v -0.18108 0.978522 0.311785
v 0.095867 0.911623 0.278135
v 0.094814 0.905869 0.289493
v 0.181096 0.978562 0.311821
v 0.156901 1.02058 0.232528
v 1.5e-05 1.05898 0.151251
v 0.037376 0.952032 0.199795
v -0.102363 0.903679 0.387009
v 5e-06 0.870111 0.393527
v -0.187926 1.40363 0.641592
v -0.115227 1.54202 0.413822
v -0.159239 0.892165 0.267924
v -0.195431 0.932445 0.28904
v -0.168746 0.976679 0.202493
v -0.101963 0.942101 0.178454
v 7e-06 1.02399 0.114557
v -6e-06 0.965042 0.128247
v 6e-06 0.821261 0.409121
v -0.096717 0.854519 0.437012
v -0.170422 0.888352 0.376912
v -0.136724 0.856956 0.338818
v -0.105872 0.7893 0.183206
v -0.094359 0.800756 0.159709
v -0.02907 0.824719 0.112441
v -0.092695 0.75079 0.256283
v -0.096908 0.782464 0.274606
v -0.127974 0.898191 0.310022
v -0.093945 0.870603 0.363409
v -0.067185 0.861611 0.385346
v -0.033985 0.854353 0.394738
v -0.037789 0.873432 0.35279
v -0.082152 0.929861 0.243413
v -0.037625 0.950145 0.203632
v -0.128381 0.891906 0.305966
v -0.186016 0.927722 0.340966
v -0.168944 0.93105 0.286766
v -0.135492 0.905421 0.274109
v -0.145602 0.969094 0.213459
v -0.094644 0.949996 0.191799
v -0.048609 1.02822 0.138307
v 6e-06 1.01265 0.14107
v 5e-06 0.966245 0.160494
v 7e-06 0.846083 0.393573
v -5e-06 0.856008 0.436355
v -0.050397 0.862157 0.455657
v -0.036792 0.848622 0.391172
v -0.085744 0.865733 0.41646
v -0.068568 0.854001 0.378002
v -0.145346 0.893965 0.36208
v -0.115461 0.876875 0.333952
v -0.110922 0.90012 0.393336
v -0.148446 0.934702 0.28869
v -0.064895 0.974268 0.182222
v -0.092154 0.967016 0.201799
v -0.113405 0.952275 0.224537
v 0.159913 0.891771 0.26784
v 0.195881 0.932259 0.289042
v 0.137841 0.928494 0.197332
v 0.078863 0.830843 0.390025
v 0.096731 0.854487 0.437023
v 0.105298 0.845313 0.362127
v 0.137127 0.856685 0.338806
v 0.170653 0.888209 0.376921
v 0.105885 0.78925 0.183213
v 0.09437 0.800735 0.159721
v 0.092709 0.750772 0.256265
v 0.106511 0.762435 0.234015
v 0.096983 0.782385 0.27456
v 0.084549 0.799119 0.316063
v 0.028368 0.758735 0.319151
v 0.05771 0.884925 0.151379
v 0.029915 0.891164 0.140135
v 0.128606 0.897772 0.309934
v 0.094167 0.870495 0.363339
v 0.031372 0.962459 0.179635
v 0.082488 0.929669 0.243385
v 0.129124 0.891381 0.305895
v 0.186377 0.927425 0.340955
v 0.130897 0.922376 0.244181
v 0.145799 0.968984 0.213437
v 0.094726 0.949963 0.191782
v 0.130866 1.00785 0.180405
v 0.066552 0.958452 0.173543
v 0.083366 0.99729 0.160101
v 0.036814 0.848629 0.391176
v 0.050382 0.862112 0.45561
v 0.068655 0.85394 0.378012
v 0.085782 0.865699 0.416459
v 0.095749 0.864785 0.358988
v 0.133969 0.886254 0.410812
v 0.115949 0.876534 0.333914
v 0.145694 0.893738 0.362063
v 0.111089 0.900048 0.393286
v 0.107967 1.00099 0.202297
v 0.149112 0.934222 0.288591
v 0.095131 0.881425 0.367072
v 0.092244 0.966945 0.201805
v -0.099754 0.784749 0.169417
v -0.102465 0.780705 0.252309
v -0.03273 0.764621 0.320665
v -0.029488 0.763415 0.322807
v -0.0 0.738492 0.308144
v -0.113287 0.905224 0.291867
v -0.07493 0.868134 0.365189
v 5e-06 0.964928 0.175544
v 7e-06 0.871448 0.356537
v -0.017311 0.865758 0.367575
v -0.047376 0.870556 0.358356
v -0.088174 0.894866 0.311649
v -0.109686 0.898396 0.304936
v -0.079487 0.930026 0.243075
v -0.080143 0.929243 0.244603
v -0.088057 0.929195 0.244674
v -0.082777 0.942959 0.217776
v -0.079145 0.940086 0.223396
v -0.163318 0.931426 0.335877
v -0.149353 0.9186 0.344052
v -0.117584 0.89822 0.3901
v -0.112756 0.887492 0.404585
v -0.071721 0.87068 0.419822
v -0.059491 1.00874 0.163455
v -0.098143 0.999542 0.185482
v -0.092739 0.998244 0.182365
v -0.148551 0.968736 0.243848
v -0.158093 0.932478 0.316117
v -0.10872 0.896844 0.386879
v -0.105083 0.894888 0.389027
v -0.103677 0.993168 0.2017
v -0.071063 0.972627 0.186651
v -0.119359 0.947287 0.236129
v -0.013614 0.857114 0.396756
v -0.055668 0.862593 0.386297
v -0.120775 0.945918 0.238715
v -0.034601 0.980961 0.170733
v -0.049826 0.97726 0.176341
v -0.000338 0.855694 0.392135
v -4e-06 0.955865 0.19251
v 8e-06 0.955864 0.192511
v -0.022246 0.864735 0.43753
v -0.011831 0.863325 0.43371
v 5e-06 0.981134 0.167049
v 0.099703 0.784818 0.169305
v 0.113891 0.825482 0.249372
v 0.094618 0.791249 0.287443
v 0.01278 0.756652 0.316316
v 0.038844 0.888154 0.14356
v 0.03302 0.848931 0.131231
v 0.074756 0.868002 0.365176
v 0.047437 0.870508 0.358311
v 0.051687 0.871492 0.356404
v 0.079432 0.883429 0.333232
v 0.086846 0.881139 0.337644
v 0.088146 0.910431 0.280761
v 0.092413 0.900164 0.300686
v 0.045752 0.946896 0.209908
v 0.087453 0.942533 0.218347
v 0.137218 0.908475 0.3503
v 0.09446 0.877478 0.408513
v 0.098546 0.879145 0.408099
v 0.071723 0.870667 0.419828
v 0.059528 1.00872 0.163449
v 0.073927 0.993408 0.175712
v 0.084656 0.996163 0.179375
v 0.09229 0.998105 0.182218
v 0.092289 0.998105 0.182218
v 0.148896 0.968564 0.244443
v 0.151623 0.941809 0.282061
v 0.12099 0.900159 0.329098
v 0.10514 0.894749 0.389048
v 0.09401 0.882601 0.373598
v 0.102539 0.981572 0.204351
v 0.103506 0.986975 0.203422
v 0.128282 0.944646 0.248112
v 0.122248 0.947284 0.238763
v 0.122525 0.947163 0.239193
v 0.129107 0.91062 0.310238
v 0.025509 0.95064 0.202633
v 0.011861 0.863345 0.433703
v -0.053179 0.928954 0.227111
v -0.038708 0.932594 0.219906
v 0.040309 0.860228 0.358835
v 0.041417 0.86391 0.422561
v -0.041429 0.86392 0.422508
v -0.055669 0.862593 0.386296
v 5e-06 0.864836 0.369279
v 0.12072 0.900002 0.328898
v 6e-06 0.964935 0.175539
v -0.122209 0.98892 0.206515
v 0.079364 0.820101 0.21524
v 0.085926 0.82074 0.230558
v 0.085588 0.836226 0.203465
v 0.094203 0.843631 0.214766
v 0.0484 0.862658 0.159337
v 0.043169 0.847265 0.149165
v -0.049667 0.862717 0.159454
v -0.081457 0.827226 0.207371
v -0.08598 0.836232 0.203413
v -0.010636 0.754239 0.307986
v 0.088842 0.79293 0.235186
v 0.092954 0.780439 0.245068
v 0.092942 0.819545 0.206917
v 0.077836 0.792115 0.252874
v 0.059437 0.87022 0.155684
v -0.093207 0.819543 0.206879
v -0.089402 0.792444 0.265791
v 0.039484 0.768098 0.316104
v -0.06086 0.870282 0.155827
v -4.8e-05 0.774463 0.219519
v -0.061039 0.923108 0.240558
v -0.099227 0.906501 0.305396
v -0.167566 0.957058 0.351894
v -0.145524 1.15188 0.685736
v -0.060338 0.939828 0.54606
v -0.237094 1.17578 0.257964
v 0.049379 0.894998 0.295499
v 0.027375 0.905514 0.274994
v 0.088973 0.942054 0.235791
v 0.150378 1.01709 0.234085
v 0.068148 0.914629 0.257106
v 0.06017 1.14475 0.142875
v 0.136582 1.22067 0.167159
v -0.025234 1.5791 0.590464
v 0.000256 1.58921 0.575358
v -4.6e-05 1.63092 0.554983
v 0.018544 1.61975 0.560685
v 0.029135 1.60892 0.57666
v 0.000249 1.57334 0.601401
v -0.067718 1.57496 0.664252
v -0.021294 1.55742 0.631499
v 0.037636 1.57885 0.594286
v 0.051309 1.59898 0.595839
v 0.054208 1.57558 0.633641
v 0.037994 1.55844 0.632766
v 0.031015 1.55419 0.640647
v 0.039922 1.5621 0.690706
v 0.023077 1.53961 0.695041
v 0.103472 1.60064 0.631741
v 0.09523 1.59993 0.602654
v 0.10807 1.58345 0.590156
v -0.089483 1.57661 0.677458
v 0.051656 1.64118 0.551929
v 6e-06 1.64724 0.539523
v 0.20273 0.989438 0.449647
v 0.260969 0.642865 -0.616198
v 0.250507 0.645145 -0.606579
v 0.267389 0.642355 -0.603309
v 0.269628 0.641568 -0.593825
v 0.25712 0.633296 -0.575213
v 0.249409 0.632554 -0.637413
v 0.237151 0.634128 -0.631271
v 0.243788 0.609351 -0.588919
v 0.258901 0.621434 -0.576611
v 0.273644 0.582836 -0.599258
v 0.267246 0.576879 -0.597126
v 0.258646 0.583891 -0.596545
v 0.263166 0.577527 -0.605689
v 0.267469 0.577464 -0.609494
v -0.233332 0.63604 -0.587136
v -0.244447 0.641689 -0.580006
v -0.232391 0.624182 -0.600555
v -0.243479 0.609347 -0.588843
v -0.234144 0.623485 -0.615519
v -0.258775 0.58401 -0.607092
v -0.251404 0.595197 -0.59246
v -0.267486 0.574891 -0.607316
v -0.267466 0.577427 -0.609509
v -0.266401 0.583604 -0.613685
v -0.263143 0.577514 -0.605707
v -0.269421 0.574022 -0.604925
v -0.265742 0.574065 -0.601737
v -0.267133 0.576868 -0.59693
v -0.267606 0.574473 -0.599295
v -0.273521 0.582801 -0.599093
v -0.276273 0.631066 -0.593483
v -0.269174 0.641534 -0.593726
v -0.249359 0.632527 -0.637336
v -0.237011 0.634109 -0.631165
v -0.272804 0.630817 -0.623864
v -0.257735 0.644332 -0.59473
v 0.22798 0.63649 -0.58333
v 0.241313 0.635559 -0.571282
v 0.222729 0.63345 -0.620217
v 0.221285 0.635452 -0.601186
v 0.253013 0.617792 -0.63966
v 0.262585 0.59013 -0.625668
v 0.265493 0.579749 -0.619423
v 0.234476 0.605976 -0.599686
v 0.243901 0.621182 -0.572251
v 0.262424 0.605014 -0.574087
v 0.266917 0.579438 -0.586799
v 0.277263 0.573567 -0.59848
v 0.282505 0.604451 -0.621001
v 0.257998 0.573444 -0.608057
v 0.270251 0.56864 -0.610094
v -0.227538 0.636521 -0.583237
v -0.240803 0.635572 -0.571166
v -0.220953 0.635444 -0.601053
v -0.222491 0.63343 -0.620081
v -0.253553 0.579972 -0.609421
v -0.246265 0.591314 -0.589721
v -0.266887 0.569704 -0.611978
v -0.265494 0.579726 -0.619442
v -0.257987 0.573421 -0.608086
v -0.257019 0.573024 -0.602811
v -0.266709 0.579467 -0.586598
v -0.262029 0.60501 -0.573946
v -0.281483 0.591125 -0.616394
v -0.271826 0.568691 -0.596946
v 0.232415 0.639508 -0.581042
v 0.22263 0.635755 -0.620505
v 0.223767 0.63473 -0.622253
v 0.253985 0.6189 -0.639715
v 0.259095 0.618557 -0.638801
v -0.232044 0.6396 -0.580905
v -0.226241 0.632408 -0.625685
v -0.223528 0.63469 -0.622094
v -0.222396 0.635702 -0.620376
v -0.268573 0.617309 -0.636733
v -0.253839 0.618794 -0.63965
v -0.274193 0.615908 -0.608503
v -0.164072 1.49075 0.388534
v 0.281611 1.22414 0.352305
v -0.627436 0.881608 0.212863
v -0.197664 0.584404 0.888443
v 0.157282 0.977185 -0.615452
v 0.221694 0.208336 0.586708
v -0.369302 0.181294 -0.398154
v 0.227711 0.990894 -0.500599
v -0.070287 1.23211 0.143803
v 0.941041 0.737118 0.254086
v 0.081598 0.284374 0.62722
v 0.084865 0.932668 0.232763
v 0.142466 0.304182 -0.357905
v 0.133774 1.23764 0.720666
v -0.162144 0.929878 0.517628
v 0.239421 1.48101 0.469808
v 0.14142 0.908352 0.27617
v 0.077817 0.724379 0.679546
v 0.439956 0.086887 0.409711
v -0.328403 0.628961 -0.58294
v -0.211683 0.791145 0.397303
v 0.138611 0.769377 0.184761
v -0.462377 0.138733 0.424502
v -0.202277 1.03552 0.280428
v -0.114136 0.427985 -0.648646
v -0.644795 0.794925 0.43031
v -0.306211 1.1376 0.477158
v -0.11306 0.652346 -0.80501
v -0.140586 0.775682 0.18733
v 0.105554 0.496958 0.586013
v -0.287431 0.854261 0.38423
v 0.183569 0.919287 0.145636
v -0.41141 0.18557 0.261942
v -0.050473 1.35682 0.741155
v -0.106702 0.539507 0.972077
v 0.058949 1.27014 -0.415848
v -0.046332 0.790276 0.461081
v -0.231008 1.06753 0.287905
v 0.327587 0.172722 -0.153669
v -0.599276 0.950474 0.150875
v -0.069816 1.21825 0.131788
v 0.4716 0.965722 0.177987
v 0.478569 0.317633 0.164551
v -0.395125 0.19403 -0.086635
v -0.164794 0.086236 0.460117
v 0.06627 0.927753 0.544633
v 0.076692 0.583541 -0.374325
v 0.102126 0.993057 -0.029168
v -0.29635 1.22196 0.518915
v 1.2999999999999123e-05 0.55428 -0.439902
v 0.066704 1.47275 0.267999
v -0.162867 0.964085 0.603773
v -0.301634 0.818267 0.183579
v -0.487268 0.402768 -0.142404
v -0.278749 0.609986 -0.61338
v -1.5000000000001124e-05 0.651289 -0.733374
v -0.353687 0.905467 -0.457736
v 0.26518 1.03199 0.500365
v -0.080381 1.57388 0.641293
v -0.113166 0.910284 0.115771
v 0.420786 0.185208 0.033694
v -8.000000000000021e-05 0.687146 0.432777
v -0.189088 0.987449 0.259419
v 0.105939 0.809529 0.204779
v 0.113582 0.839766 0.241546
v 0.319756 0.544822 -0.497668
v 0.240004 0.98165 0.4224
v 0.33122 0.612055 -0.531868
v 0.046424 0.687712 0.432564
v -0.162595 0.552676 -0.499999
v 0.156371 0.665844 -0.475572
v -0.186882 1.07459 -0.025727
v -0.070399 0.784878 0.186257
v -0.072523 0.878067 0.344008
v -0.08372 0.878175 0.166783
v 0.126581 1.03411 0.203862
v 0.117235 0.923908 0.248433
v -0.075901 0.879296 0.346898
v 0.277638 0.631327 -0.593333
v 0.111667 1.21757 -0.228392
v 0.04409299999999999 0.382132 -0.498588
v 0.05889 0.534569 -0.710842
v 0.940733 0.728933 0.206125
v 0.415739 0.182967 -0.391155
v -0.299558 1.13934 0.475857
v 0.17845 0.569995 0.877115
v -0.071994 1.23284 0.137054
v -0.052955 0.498458 0.582665
v -0.07154 1.21834 0.125004
v -0.451191 0.577492 0.020142
v -0.682811 0.773938 0.386332
v 0.224865 1.4442 0.482524
v -0.269793 1.30623 0.558624
v -0.073014 0.885673 0.346924
v -0.937721 0.742295 0.257404
v 0.308773 0.751373 -0.605243
v 0.099188 0.788712 0.185178
v 0.423293 0.593778 0.150208
v -0.180735 0.65805 -0.478678
v -0.389706 0.670087 -0.048791
v -0.1829 0.144931 0.523991
v -0.382674 0.011639999999999998 -0.392022
v 0.187201 1.5032 0.409875
v 0.524051 0.304084 -0.22586
v -0.186291 0.438101 -0.571481
v -0.037489 0.60614 0.83983
v -0.25275 0.050857 0.545848
v -0.153062 1.50349 0.33856
v -0.100367 1.27571 -0.385606
v 0.792573 0.880764 0.054648
v 0.196797 1.2019 0.171774
v 0.067597 0.921536 0.547564
v -0.756592 0.907772 0.120061
v -0.17056 0.922385 0.393172
v -0.270692 0.5031 0.535567
v 0.38679 0.939712 0.102992
v 0.229431 0.262437 0.601418
v 0.103715 1.16518 -0.332616
v -0.173477 0.458773 1.01336
v -0.289567 0.797204 0.429699
v 0.748007 0.832193 0.242882
v 0.266774 0.718431 0.174677
v 0.248489 0.811363 -0.049174
v 0.082214 0.283365 0.63412
v -0.135379 1.51409 0.627405
v 0.143139 0.818513 0.29303
v 0.090887 0.655335 -0.706915
v 0.470572 0.960088 0.173962
v -0.259244 1.03648 0.415301
v -0.44337 0.214142 0.09607
v -0.300165 0.927437 0.231032
v 0.240077 0.216764 -0.261088
v -0.259242 1.10541 0.258422
v -0.014104 1.44546 0.732639
v -0.293314 0.764041 -0.634978
v 0.221869 1.35905 0.650101
v 0.297986 0.615742 -0.630194
v 0.373047 0.013951999999999999 0.468739
v 0.249399 1.01667 0.529624
v -0.520916 0.151323 -0.254829
v -3.800000000000331e-05 1.10926 0.765126
v 1.1999999999998123e-05 1.41059 0.169158
v 0.170143 0.549732 -0.661384
v 0.462559 0.260756 -0.033956
v 0.058516 0.663226 0.520881
v 0.269719 1.30612 0.558616
v -0.339432 1.26544 0.459768
v -0.132425 1.01646 -0.288999
v 0.166486 0.928118 0.393247
v 0.261525 0.962374 0.164761
v 0.230503 0.99688 -0.502918
v -0.18798 0.280825 -0.328718
v -0.092519 1.0181 0.076857
v 0.143492 0.568801 -0.462207
v -0.142242 1.33226 0.722589
v 0.123074 1.56386 0.452385
v -0.217944 0.636401 -0.455041
v 0.135159 0.918702 0.426553
v 0.300169 0.519961 -0.477854
v -0.265292 0.779011 -0.65106
v -0.303163 0.072237 0.31732
v -0.208326 1.29027 0.19443
v -0.383919 0.797049 0.452763
v 0.231029 1.18747 0.196785
v 0.088552 0.796018 0.501182
v -0.112358 1.11597 -0.036753
v 1.8000000000000654e-05 0.927716 0.234083
v -0.088573 0.536127 -0.537763
v 0.171499 1.02074 0.028603
v -0.186187 0.834976 0.344894
v -0.10455 0.993181 0.204626
v -0.120066 0.681963 -0.484507
v 0.112285 0.776105 0.318574
v 2.0000000000002655e-06 0.789504 0.339717
v -0.113376 0.840003 0.241605
v -0.015311 0.86889 0.383997
v -0.0018420000000000034 0.912797 0.028672000000000003
v 0.053718 0.849719 0.143481
v 0.313325 0.048909 0.324546
v -0.129051 0.922504 0.343716
v -0.068367 0.895434 0.292416
v -0.032904 0.926349 0.147555
v 0.269733 0.616005 -0.546191
v 0.084911 0.937685 0.214523
v 0.084235 0.954675 0.206949
v -0.114859 0.906801 0.275349
v -0.047495 1.57728 0.649405
v 0.325735 0.174356 -0.383075
v 0.129989 1.02723 0.676995
v -0.172247 1.26282 -0.41443
v -0.507177 0.76537 0.283983
v 0.090194 1.277 -0.426303
v -0.187096 0.735494 0.607689
v -0.203432 0.670036 0.740574
v 0.195271 0.700248 0.697196
v 0.072153 0.987992 0.62062
v 0.9634 0.788291 0.053976
v -0.179765 1.25337 -0.388922
v -0.149335 1.38637 0.22588
v 0.085989 0.763017 0.14589
v 0.351325 0.114214 0.191499
v -0.158146 1.33673 0.673594
v -0.404799 0.038114 0.498965
v -0.267205 0.194945 -0.307661
v 0.41423 0.433874 0.476956
v 0.037299 1.28308 -0.534259
v -0.754102 0.902515 0.116168
v -0.026449 0.730607 0.295361
v 0.188745 1.27939 0.667294
v 0.057002 0.176188 -0.271283
v -0.393615 0.014676000000000002 0.405971
v 0.124613 0.954907 0.617867
v 0.33967 0.929208 0.223531
v 0.275003 0.287236 0.613433
v 0.099408 0.906608 0.305512
v -0.211599 0.373475 0.606089
v 0.186263 0.438048 -0.571527
v 0.205912 0.72264 0.263957
v 0.098466 0.944679 0.183879
v 0.198478 1.24579 0.183917
v -0.110433 1.16006 -0.10854
v 0.411079 0.656131 -0.327417
v 0.175166 1.16358 -0.222388
v -0.290644 1.24716 0.273505
v 0.124358 0.639787 0.851852
v -0.329387 0.852164 0.388652
v 0.765593 0.906778 0.061072
v -0.426109 0.18058 0.033236
v 0.887203 0.73676 0.260661
v 0.204439 1.43837 0.576867
v 0.030064 0.375101 1.00319
v 0.030477000000000004 1.62603 0.516475
v 0.227349 0.471348 -0.568559
v 0.320482 1.17555 0.411876
v 0.426117 0.180715 0.03307
v -0.133405 0.488336 -0.718393
v -0.053731 1.10075 0.149527
v 0.281622 0.850267 -0.143578
v -0.624709 0.772889 0.26356
v -0.340823 0.921601 -0.218266
v 0.628393 0.83347 0.370854
v -0.184699 0.275807 0.618783
v 0.032743 0.421069 1.04196
v -0.405958 0.805877 -0.293944
v 0.05634800000000001 0.03199 0.11399
v -0.48799 0.039478 -0.314983
v -0.976589 0.756192 0.122558
v -0.069505 1.22304 0.749231
v 0.339452 1.26538 0.45981
v 0.332562 1.26433 0.459158
v 0.150296 0.183639 0.574041
v -0.298479 0.127117 -0.095742
v 0.585844 0.766288 0.271273
v -0.081808 1.03412 0.674446
v -0.166467 0.928063 0.393161
v -0.445926 0.528568 -0.16025100000000003
v 0.063313 0.941933 -0.12297
v 0.200275 0.891891 0.238305
v 0.422368 0.168196 -0.138513
v 0.037985 0.956848 0.104272
v -0.061192 0.577529 0.730273
v -0.207278 1.5066 0.586801
v 0.589024 0.893625 0.227326
v 0.378975 0.78995 0.232702
v 0.25278 0.050850000000000006 0.545853
v -0.297243 0.542375 -0.573284
v -0.191338 0.731434 0.611498
v 0.036342 1.59378 0.47456
v -0.282576 1.08587 0.403957
v -0.031758999999999996 0.779435 0.405006
v 1.4999999999999999e-05 1.60293 0.403941
v 1.7000000000000007e-05 1.59694 0.407561
v -0.022747 1.35642 0.743466
v -0.202431 1.28914 0.198031
v 0.163498 1.55199 0.481298
v -0.311468 1.08862 0.3658
v 0.235131 0.875075 0.254305
v 0.220974 0.573966 -0.548691
v -0.562262 0.832397 0.427204
v 0.171305 0.622905 -0.748036
v 2.9000000000001247e-05 1.2214 0.09207
v -0.118555 0.652905 -0.403696
v -0.150755 1.19052 -0.157153
v 0.332564 0.660911 -0.59854
v 0.031436000000000006 1.47411 0.74048
v 0.2023 1.03555 0.280462
v -1.9999999999985307e-06 1.01288 -0.611456
v 0.46422 0.016358000000000004 -0.344161
v 0.190649 0.761553 -0.724626
v -1.0999999999997123e-05 0.551094 -0.527783
v -0.112271 0.77614 0.318567
v -0.252344 0.62972 -0.580102
v -0.079435 0.648717 -0.409122
v 0.037876 0.873379 0.352777
v -0.001301 0.87771 0.061671
v -0.10502 1.04082 0.049068
v 0.072463 0.945601 0.212424
v 0.056724 0.874877 0.336752
v 0.214969 0.841685 0.359922
v -0.310174 0.655811 -0.649847
v 0.104139 0.909217 0.118277
v -0.212452 1.46857 0.538235
v -0.029003 0.785869 0.405021
v 0.098007 0.871802 0.401312
v 0.099204 0.989108 0.211628
v -0.204475 0.051313 0.305708
v 0.239996 0.589229 -0.520423
v -0.053713 0.849721 0.143481
v -0.084411 0.799233 0.316084
v 0.153585 0.964221 0.258285
v 0.348623 0.03816 0.342879
v 0.427111 0.029457 -0.394425
v 0.082447 0.968891 0.186953
v -0.072296 0.941309 0.226179
v -0.036894 1.60464 0.590695
v -0.088265 0.928983 0.245064
v -0.40886 0.535933 0.301929
v -0.190073 0.277309 -0.334397
v -0.412685 0.805932 -0.292009
v -0.074929 1.22801 -0.262584
v -0.152929 1.33306 0.687662
v 0.089781 0.846909 -0.756631
v -0.237198 1.05102 0.503585
v 0.288344 1.22435 0.350399
v 0.481672 0.423802 -0.284731
v 0.067842 0.698446 0.384815
v 0.127027 1.41493 0.678643
v 0.200158 1.03053 -0.378297
v -0.3737 0.826073 0.180568
v 0.481961 0.33028 0.110843
v 0.85689 0.75785 0.327548
v 0.102847 0.993796 0.203087
v 0.21169 0.791131 0.397305
v 0.190764 1.22618 -0.302811
v -0.827472 0.752292 0.310442
v 0.230087 0.418249 0.589547
v 0.141314 1.55207 0.563699
v 0.21164 0.570198 -0.626279
v -0.188526 0.83368 -0.036953
v -0.379246 0.631315 0.200675
v 0.481867 0.199672 0.440273
v -0.341896 0.113917 0.00017400000000000054
v 0.052213 0.243595 -0.344565
v 0.10453 0.913337 0.543856
v 0.864958 0.767124 0.106914
v -0.504363 0.897734 0.239996
v 0.116778 1.54376 0.357795
v 0.072724 1.13707 -0.070949
v 0.33027 0.060906 -0.209827
v -0.19335 0.56948 -0.593185
v 0.401016 0.649957 -0.009968999999999999
v 0.780377 0.817961 0.226834
v -0.038235 0.676733 0.73906
v 0.169198 0.505639 0.980885
v 0.119318 1.30277 0.14065
v -0.443995 0.286827 0.321892
v 0.053779 1.10066 0.149462
v -0.076801 0.711095 0.717675
v -0.130051 1.02723 0.676981
v 0.494846 0.333728 -0.16556
v 0.091962 0.382087 1.10069
v -0.127089 0.643704 -0.562151
v -0.485729 0.222821 -0.149859
v 0.280484 1.12996 0.307682
v 0.137038 0.880006 0.303582
v 0.072389 0.886553 0.332577
v 0.15698 0.549094 -0.45454
v 0.079675 0.670047 -0.443628
v 0.09180000000000002 0.392657 0.628252
v 0.286187 1.04286 -0.292321
v 0.168858 0.976629 0.202479
v 0.241058 0.816042 -0.655604
v -0.230478 0.997068 -0.502925
v 0.154512 0.039694 0.19519
v 0.040624 1.03173 0.684471
v 0.518661 0.837856 0.425267
v 0.051593 0.248093 -0.339237
v -0.298199 0.163936 -0.350394
v -0.057723 1.27003 -0.456145
v 0.143716 1.2375 0.738444
v -0.28659 1.04038 0.468671
v 0.04007 0.648918 -0.410943
v -0.782177 0.774664 0.368354
v -0.155601 0.49253 1.04345
v -0.275063 0.207725 0.60347
v -0.514149 0.358027 -0.224173
v 0.201194 1.50377 0.58492
v -0.187203 0.520659 0.959152
v -0.042663 0.175923 0.588934
v 0.177803 0.525301 0.960686
v -0.136104 0.829807 0.042392
v -0.165906 0.924261 0.519443
v -0.046219 1.28043 -0.494404
v 0.301591 0.818258 0.183582
v -0.078838 1.56826 0.382394
v -0.096039 1.1312 0.129047
v 0.053946 0.523786 -0.655379
v 0.303581 0.115345 -0.213381
v 0.481787 0.496261 0.048728
v 0.311466 1.0886 0.365801
v -1.600000000000039e-05 1.40783 0.770396
v -0.07272 0.70834 0.411584
v 0.217696 0.058291 0.329356
v 0.192059 1.53525 0.520981
v -0.566896 0.794693 0.445745
v -0.226822 1.01449 0.545122
v -0.073607 1.39043 0.197911
v -0.128489 1.12608 0.136545
v -0.286118 0.083034 -0.252132
v 0.332951 0.877182 -0.526097
v -0.26246 0.962367 0.164679
v -0.190264 1.07626 -0.031624
v 0.830538 0.811736 0.240398
v 0.138061 0.647446 -0.676803
v -0.18572 1.48384 0.570739
v -0.174348 0.693464 -0.771021
v -0.449274 0.040221 -0.383916
v -0.170796 0.69216 -0.765132
v -0.897195 0.790494 0.195663
v -0.051194 1.55424 0.406032
v 0.252345 0.947778 0.124878
v -0.153561 0.555978 -0.415668
v -0.203957 1.09924 0.205018
v -0.328369 0.875018 -0.521968
v 0.115437 0.738667 -0.782169
v -6.000000000000016e-05 0.804413 0.152021
v 0.064206 0.797862 0.432681
v 0.285398 0.029908 0.336942
v -0.157748 0.609381 -0.355339
v 2.8000000000000247e-05 1.22413 0.115245
v 0.083564 0.899083 0.302825
v 0.047427 0.873272 0.347979
v 0.062504 0.637562 0.588178
v -0.313746 0.547718 -0.495898
v -0.55094 0.929916 0.19932
v -0.172153 0.776375 0.272165
v 0.074726 1.13143 -0.074579
v 0.265522 0.889642 0.259549
v -0.388987 0.121876 0.327102
v -0.142185 0.552345 -0.50124
v -0.047876 0.914298 0.030418
v -0.032517 0.934126 0.116617
v 0.139103 0.937217 0.311681
v 0.156628 0.59922 -0.354163
v -0.155736 0.780178 0.365381
v 0.155739 0.780162 0.365394
v 0.30152 0.110694 -0.363318
v -0.10679 0.909383 0.118515
v 3.4000000000000176e-05 0.885122 0.316879
v 0.077638 0.93346 0.237157
v 0.209758 1.44028 0.580997
v -0.221859 1.35901 0.650054
v -0.333478 0.624798 -0.585372
v 0.031983 1.51857 0.292835
v 0.069302 0.757852 0.337686
v 0.293303 1.28568 0.509443
v -0.038239 1.44303 0.743523
v 0.171165 1.04698 0.235929
v -0.164504 1.45783 0.659701
v 0.163473 0.990219 0.047085
v -0.299916 1.20898 0.346107
v 0.289389 0.612437 -0.508503
v 0.116046 0.893552 0.392656
v -0.079966 0.731069 0.392268
v 0.121717 0.909175 0.276829
v -0.097249 0.907453 0.281746
v 0.040303 0.849382 0.135648
v -0.19462 0.059598 0.381988
v -0.079827 0.834579 0.217087
v 0.285838 0.606742 -0.510494
v -0.108348 0.888289 0.382253
v 0.298727 0.020473 0.338738
v -0.117231 0.923909 0.248417
v 0.024785 1.57346 0.616178
v -0.272359 1.38139 0.445211
v 0.400748 0.008824 -0.37458
v -0.058579000000000006 1.51282 0.337002
v -0.19266 1.41177 0.624454
v -0.269512 1.14402 0.315181
v 0.191644 1.25477 0.669464
v -0.265642 0.688858 0.256474
v 0.352798 0.544588 -0.40086
v 0.10293 1.2793 -0.567126
v 0.169177 1.25168 -0.387729
v -0.597405 0.944832 0.147178
v 0.134218 1.23595 0.707065
v 0.161031 0.554421 -0.640252
v 0.396622 0.641098 -0.431217
v 0.209084 1.36296 0.270807
v -0.293949 1.19052 0.420416
v 0.374183 0.626879 0.198774
v 0.06163099999999999 0.092333 -0.15123
v -0.079106 0.966066 0.617903
v -0.232437 0.647224 -0.525867
v 0.06273000000000001 0.901656 -0.069818
v 0.040243 1.2768 -0.535223
v -0.449966 0.049214 -0.212837
v 0.261881 0.943317 0.204184
v 0.018318 1.00828 0.172651
v 0.486483 0.864458 0.357694
v 0.28557 0.854158 -0.139302
v -0.035335 1.07051 -0.009254
v -0.773932 0.859128 0.074452
v -0.058861 0.515217 0.825661
v -0.41469 0.701346 -0.362691
v -0.418517 0.302631 0.555475
v -0.022114 0.703031 0.255931
v -0.530708 0.821592 0.164657
v 0.060192 0.599878 0.514154
v 0.446104 0.293433 0.291547
v -0.306158 1.11634 0.513547
v 0.114925 1.36814 0.709353
v 0.059624 0.595053 0.509114
v -0.15039 1.01709 0.234072
v 0.034858 0.724045 0.67031
v 0.164058 1.49078 0.388563
v 0.245823 0.937056 -0.58131
v 2.1000000000000185e-05 0.405408 -0.629342
v 0.290996 1.18539 0.596563
v -0.194482 0.669123 0.767724
v 0.292642 1.12436 0.300633
v 0.081496 0.690111 -0.551047
v 0.244903 0.806149 -0.052165
v -0.253338 1.2745 0.226733
v -0.334879 0.766584 -0.10126
v -0.356504 0.003835999999999999 -0.278
v -0.121812 1.30495 0.134506
v -0.371568 0.06027299999999999 0.347774
v -0.04325 0.885228 0.314687
v 0.155822 0.083986 0.457687
v -0.300153 0.176609 -0.175761
v -0.21282 0.374884 0.612836
v 0.192177 0.972002 0.366926
v -0.008316000000000004 0.312243 1.07476
v 0.278723 0.124331 -0.239617
v -0.278316 0.076234 0.098363
v 0.435869 0.244228 0.546759
v -0.403086 0.996496 -0.250272
v -0.749966 0.763348 0.272891
v 0.192577 0.240706 -0.298876
v 0.223229 1.05638 0.623676
v -0.359594 1.01563 -0.235436
v -0.246461 0.848777 0.3372
v -0.08242 0.968852 0.186942
v -0.459744 0.173414 -0.137511
v 0.105837 1.42839 0.242973
v 0.207315 1.50655 0.586875
v -3.600000000000131e-05 1.01673 0.704819
v -0.296749 1.1677 0.323853
v 0.06060599999999999 0.65704 0.518357
v -2.1999999999999993e-05 0.599303 -0.444583
v -0.028369 0.758746 0.31916
v -0.229018 1.05389 0.626801
v 0.63699 0.845297 0.282853
v 0.488102 0.411656 0.076028
v 0.155698 0.032795 0.195234
v 0.098151 1.26402 -0.346331
v 0.214266 0.986237 0.569971
v 0.393447 0.09284 -0.172801
v 0.034006 0.409153 0.974503
v 0.31678 0.773083 0.291743
v -0.271059 0.176212 -0.268248
v 0.18696 1.0782 -0.034305
v -0.110214 0.563218 0.934393
v -0.250421 1.07701 0.598742
v -0.067677 1.01176 -0.232969
v 0.683429 0.811167 0.143671
v 2.8000000000000247e-05 1.22126 0.099068
v -0.482183 0.266303 0.456053
v 0.883574 0.819285 0.12179
v -0.183898 1.12173 -0.099796
v -0.941068 0.737081 0.254147
v -0.370932 0.858829 0.396359
v 1.4000000000000123e-05 0.047473 0.384234
v -0.031784 0.511466 0.962296
v 0.070869 0.818144 0.118239
v 0.036309 1.19208 -0.224388
v 0.19478 0.763756 -0.72983
v 0.316722 1.29947 0.389629
v 0.288293 0.519995 -0.566064
v 0.14719 0.446263 1.02832
v 0.082315 0.54188 -0.481127
v 0.886888 0.823626 0.126169
v 0.101186 0.782585 0.539769
v 0.263305 0.937637 0.200349
v -0.155368 0.63961 -0.40312
v 0.15405400000000002 1.12098 0.153946
v -0.209475 0.622822 -0.540185
v -0.065011 0.512438 -0.737282
v -0.118167 0.740598 -0.788589
v 0.079435 0.648732 -0.409157
v -0.259468 1.42775 0.387305
v -0.115389 0.738698 -0.782451
v -0.282284 0.426055 -0.356174
v 0.300651 0.010978000000000002 0.481419
v 8.000000000001062e-06 0.871498 0.356439
v -0.066662 1.47285 0.268009
v -0.10414 0.893232 0.391333
v 0.071577 1.21829 0.124998
v 0.37344 0.820828 0.175927
v 0.430117 0.0021630000000000017 -0.358468
v 0.078948 0.876611 0.171626
v -0.417708 0.128703 -0.401998
v -0.139783 0.767727 0.443296
v 0.49055 0.221979 -0.144719
v 0.06893 1.59286 0.418419
v 0.253719 0.87005 -0.607234
v -0.06523 1.01295 -0.096204
v -0.084417 1.41263 0.725924
v 0.397285 0.587283 -0.33306
v 0.205538 1.47889 0.514465
v -0.062003 0.629258 -0.426672
v 0.418512 0.043215 0.398567
v -0.113713 0.894607 0.390698
v 0.02683 0.964047 0.192154
v -0.279397 0.907155 -0.555459
v -0.142321 0.794081 0.216074
v -0.064904 1.46753 0.272198
v 0.220504 0.625839 -0.713188
v -0.245235 0.998972 0.393637
v -0.070101 0.70807 0.252248
v -0.24022 0.612169 -0.416006
v -0.219538 0.013256000000000004 0.420152
v -0.780799 0.809924 0.307134
v 0.20837 0.960071 0.474434
v 0.061502 1.31793 0.766156
v 0.135627 1.04585 0.046265
v 0.110464 0.9102 0.115445
v 0.226831 1.0145 0.545161
v -0.158965 0.630089 -0.366481
v -0.095743 1.30102 -0.519265
v 0.299661 1.28684 0.512136
v -0.307928 0.790217 0.236461
v -0.302268 0.630283 -0.635236
v 0.135037 1.05148 0.202563
v -0.728305 0.831183 0.293875
v -0.129437 1.48085 0.701625
v -0.084857 0.795245 0.397891
v -0.152326 0.86265 0.244703
v -0.017148 1.4461 0.73891
v 0.117277 0.818349 0.273956
v 0.417734 0.12867 -0.401994
v 0.135401 0.962085 0.262902
v -0.376678 0.018024 -0.386148
v -0.25629 0.64383 -0.580976
v -0.120253 0.552218 -0.470216
v 8.000000000001062e-06 0.917127 0.250137
v -0.17183 1.11649 0.170033
v 0.297289 1.29503 0.393821
v -0.334133 0.606005 -0.534056
v 0.013756 0.865614 0.14105
v -0.045359 1.58287 0.414858
v 0.304616 0.574133 -0.538758
v -0.0004859999999999999 0.829093 0.13981
v 0.053772 0.948095 0.203272
v -0.060102 0.847479 0.14998
v 0.102012 0.942057 0.178443
v -0.129579 0.929557 0.247924
v 0.243907 0.588553 -0.480808
v -0.014785 0.7629 0.334313
v 0.238174 0.633529 -0.55654
v 0.341126 0.040942 0.345473
v -0.092463 0.832706 0.177152
v -0.051496 1.59914 0.59563
v 0.35548 0.018289 0.35637
v 0.105261 0.938042 0.222199
v -0.086563 0.922919 0.257272
v 0.105382 0.88192 0.332352
v -0.115686 0.824499 0.267715
v -2.5000000000000716e-05 1.63791 0.55523
v -0.339992 0.036634 0.333134
v 0.414984 0.012148 -0.37586
v -0.32616 0.020562 0.340627
v -0.31333 0.04891 0.324544
v 0.27046 0.050346 0.350863
v 0.00028500000000000053 1.56182 0.638193
v -0.082494 0.890589 0.306801
v -0.191041 1.49662 0.580856
v -0.463916 0.041677 -0.367558
v 0.132499 1.02335 0.682251
v -0.435237 0.466912 0.334043
v 0.212259 0.654566 0.786774
v 0.479889 0.795317 0.452965
v -0.094958 1.40924 0.718706
v -0.160835 0.57853 -0.633601
v 0.257602 1.37531 0.437078
v -0.494844 0.333696 -0.16556
v 0.492316 0.397062 -0.090426
v -0.10541 0.025902 0.181549
v -0.320734 0.709996 0.08522
v -0.861195 0.795787 0.218371
v -0.138383 0.954361 0.279293
v 0.504907 0.105914 -0.26659
v -0.046851 1.05615 0.15657
v -0.205769 1.47426 0.43183
v -0.20048 1.46984 0.433056
v -0.280774 1.30814 0.5631
v 0.253692 1.04065 0.415583
v -0.399797 0.189326 -0.08888
v -0.380366 0.93266 0.220814
v -0.074672 0.743102 0.64014
v -0.112146 0.434343 -0.646496
v 0.024331 1.55629 0.378108
v 0.36886 0.583077 0.315186
v 0.198619 1.37625 0.246138
v 0.441243 0.244552 0.551232
v 0.174788 0.639291 -0.55302
v -0.450449 0.285534 0.31951
v 0.045565 0.12579 0.555854
v 0.306149 1.11629 0.513572
v -0.210543 1.28396 0.228625
v -0.624315 0.76599 0.262443
v -0.071131 1.24598 -0.342105
v 0.648423 0.820308 0.154284
v -0.075269 1.06069 0.67141
v 0.061664 0.593645 0.695458
v -0.064127 1.07457 -0.194192
v -0.159517 0.67275 -0.523333
v 0.264681 0.66086 0.33928
v -0.22894 0.056713 0.357018
v 0.142416 1.4254 0.694839
v 0.269565 1.07823 0.444578
v 0.091331 0.935393 -0.697447
v -0.30261 0.565916 0.452993
v -0.075302 1.60455 0.486253
v 0.091101 0.39117 0.621447
v -0.764912 0.904907 0.054315
v 0.402725 0.697149 -0.290768
v -0.301519 0.110694 -0.363318
v -0.25065 1.36432 0.278418
v -0.333262 0.8773 -0.526424
v 0.189157 1.01094 -0.295142
v 0.157773 0.636937 -0.380367
v -0.108612 1.07183 0.028434
v 0.280532 0.151347 -0.315185
v -0.229703 0.491999 -0.643217
v -0.727569 0.845128 0.109014
v 0.395846 0.429064 -0.355648
v -0.15466 0.758761 0.631725
v -0.066197 0.852325 0.018279
v -0.629526 0.886801 0.217066
v 0.276183 1.31085 0.266874
v 3.300000000000004e-05 1.31495 0.110224
v -0.208882 0.990273 0.568158
v 0.33806 0.969989 0.102706
v -0.312575 1.1143 0.515458
v 0.119632 0.73882 0.415758
v 0.296651 1.09975 0.455481
v 0.124792 0.681219 0.77092
v -0.04013 1.20511 -0.509923
v -0.229198 1.01322 0.396077
v -0.390523 0.133304 -0.153323
v -0.139734 0.33198 -0.384438
v 0.077474 0.551564 -0.519984
v -0.170756 1.53986 0.503316
v -0.043203 0.926044 0.235283
v -0.035684 0.611553 0.843884
v 0.384803 0.965872 0.191457
v 0.085529 1.11227 0.746559
v 0.188924 1.01762 -0.293049
v 0.122289 0.960211 0.613935
v -0.044973000000000006 0.402636 0.971467
v -0.465932 0.192296 0.490793
v 0.023052 0.928072 0.230949
v 0.430117 0.867241 0.316108
v -0.048644 0.788192 -0.795101
v -0.246444 1.08038 0.594073
v -0.123918 1.41331 0.708637
v 0.196958 1.17611 -0.179376
v -3.800000000000331e-05 1.11759 0.746276
v 0.292408 0.091062 -0.018057
v 0.149573 0.263188 -0.338619
v 0.165864 1.53082 0.487243
v -0.169238 0.463406 1.01645
v -0.118331 0.639978 0.834244
v 0.132333 0.403669 -0.520451
v -0.118305 0.228609 0.615652
v 0.702596 0.882131 0.082738
v -0.079687 1.3994 0.180232
v 0.156904 1.01409 0.620231
v 0.121979 0.07725 -0.099515
v 0.307547 0.760265 -0.028276
v -0.127435 0.955652 -0.159565
v -0.1262 0.950142 -0.163702
v 0.244463 0.007203000000000001 0.384718
v -0.447768 0.121068 0.520743
v -0.159303 1.29254 -0.436703
v -0.00016299999999999995 1.20487 -0.508191
v 0.132759 0.671401 -0.641445
v -0.23107 0.465625 -0.52162
v 0.270126 0.484826 -0.503777
v 0.257115 0.948219 0.119774
v -0.126871 1.17254 0.157358
v -0.293694 0.485446 -0.427804
v 0.041477 0.783418 0.382982
v 0.056921 0.514419 0.829434
v 0.072657 1.22169 0.761876
v -0.201539 0.804226 -0.695803
v 0.02885 0.767394 0.521339
v -0.278949 0.190701 -0.195031
v -0.139873 0.803412 0.111737
v -0.149853 0.963198 0.079174
v -0.047798 0.724968 -0.809432
v 0.431702 0.242878 -0.098163
v 0.075725 0.727535 0.20832
v 0.029838000000000003 0.425072 1.04692
v -0.13379 1.23765 0.720664
v -0.50253 0.855346 0.395647
v 0.171513 0.65622 -0.614589
v 0.782526 0.816593 0.308452
v -0.10938 1.16611 -0.105166
v -0.118197 0.800301 0.501661
v 0.872841 0.735195 0.167609
v -0.079028 0.937222 0.215775
v 0.318924 0.816458 -0.556265
v -0.167142 0.908398 0.195362
v -0.242771 0.885952 -0.608025
v -0.09753500000000001 0.291115 -0.363365
v 0.3215 0.613519 -0.581324
v 0.076631 0.745362 0.274655
v -0.250129 1.05268 0.274422
v -0.041859 0.546199 -0.491314
v 0.03211699999999999 1.09089 -0.043581
v -0.229348 0.671055 -0.737863
v 0.138449 0.937931 0.311932
v 0.205282 0.076849 0.519227
v -0.378974 0.906305 0.257698
v 0.39215 0.046564 -0.196722
v 0.780755 0.809959 0.307092
v 0.296337 1.2219 0.51894
v -0.021309 1.54638 0.693691
v 0.251736 0.727518 -0.690094
v 0.163398 0.804521 0.215576
v -0.300535 1.32459 0.451085
v -4.99999999999997e-05 0.675383 -0.452501
v -0.707968 0.89163 0.156867
v 0.034502 1.43829 0.226086
v 0.171201 0.891894 0.216892
v -0.147282 0.774892 0.32937
v -0.120862 0.718222 0.476068
v -0.221449 0.573821 -0.548951
v 0.152495 1.54347 0.638096
v 0.412891 0.878307 -0.288877
v -0.139034 0.953734 0.278865
v 0.144311 1.25601 0.157375
v 0.086318 0.88961 -0.724159
v 0.060265 0.657346 -0.434217
v -0.044841 0.949578 0.199949
v -0.11774900000000002 0.592517 -0.347837
v -0.318738 1.14607 0.351628
v 0.254286 1.4451 0.442588
v 0.125761 1.04195 0.199794
v -0.194362 0.090834 0.508781
v 0.032053 0.962448 0.17261
v 0.146024 0.879418 0.227063
v -0.320978 0.048605 0.327464
v 0.110169 0.890946 0.387921
v 0.116046 1.50865 0.355324
v -0.140862 0.822707 0.313565
v -0.517785 0.784117 0.422248
v 0.22831 0.980778 0.345949
v -0.46897 0.022326 -0.255282
v -0.04874 0.89705 0.466264
v 0.12838 0.851852 0.285783
v 0.094317 0.888915 0.509286
v 0.10907 0.93705 0.049763
v 0.931302 0.774641 0.158004
v 0.18195 0.978036 0.338004
v 0.166982 1.5805 0.53302
v -0.058071 1.09424 0.129022
v 0.026449 0.730608 0.295361
v 0.050604 0.816071 0.13007
v -0.095714 1.41722 0.750549
v -0.04396 0.915717 0.128383
v 0.084367 1.41263 0.725956
v 0.378869 0.03859 -0.403867
v -0.148274 1.49879 0.340548
v -0.222707 0.768612 0.281086
v 0.22686 0.766924 0.355895
v 0.015314000000000001 1.27868 -0.580086
v -0.043584 0.84152 0.425121
v 0.237002 1.42203 0.541863
v -0.374975 0.031104 -0.392255
v 0.175211 0.957403 0.353461
v -0.146849 0.977144 0.038946
v -0.173385 1.52688 0.617011
v -0.379101 0.684209 -0.514364
v -0.101124 0.795647 0.249648
v 0.101233 0.795547 0.249604
v -0.013494 0.873988 0.137331
v -0.094949 0.901138 0.383995
v 0.11805 0.914489 0.279534
v 0.092499 0.832633 0.177137
v -0.018787 1.61122 0.445964
v -0.017871 0.779832 0.362272
v -0.196823 0.66484 -0.505912
v 0.21624 0.630227 -0.435765
v -0.879877 0.787885 0.294226
v 0.343496 0.02713 0.338639
v -0.182102 0.553341 -0.484815
v 0.189606 0.560825 -0.441645
v 0.020446 0.854158 0.138233
v 0.021257 1.5574 0.631508
v 0.062004 0.884329 0.09713500000000001
v 0.265912 0.584804 -0.549764
v -0.079581 0.955447 0.146742
v -0.178237 1.47847 0.592788
v -0.001704 0.952255 0.199494
v -2.2000000000001185e-05 0.711242 0.366941
v -0.432307 0.034762 -0.368164
v -0.108779 0.989611 0.199442
v -0.023017 0.882081 0.318483
v -0.22829 0.620162 -0.61744
v 0.242442 0.608886 -0.612345
v 0.063293 0.857519 0.376683
v 0.049378 0.894108 0.295042
v -0.460052 0.044411 -0.384013
v -0.229163 0.598512 -0.37798
v -0.307859 0.607823 -0.575721
v -0.059091 1.58555 0.622096
v -0.353775 0.019408000000000005 0.353727
v -0.096867 0.81519 0.243508
v -0.10324 0.917758 0.281225
v 9.000000000000327e-06 0.826559 0.110286
v 0.252379 0.644074 -0.627701
v 0.268853 0.613335 -0.488294
v -0.106508 0.762465 0.234034
v 0.089908 0.920271 0.248385
v -0.366073 0.052625 0.337586
v 0.448497 0.045286 -0.388765
v 9.999999999999593e-06 1.57948 0.417545
v -0.278495 0.004713000000000002 0.363119
v 0.350163 0.036076 -0.386524
v -0.094257 0.898044 0.300084
v 0.273088 0.023624 0.340715
v 0.302727 0.011682 0.34298
v 0.432743 0.027974 -0.387511
v 0.404723 0.0033420000000000012 -0.402005
v -0.01012 1.59206 0.582518
v 0.374064 0.048529 0.348106
v -0.12953 1.04881 0.199533
v 0.087094 1.41341 0.732356
v -0.334574 0.048206 0.329829
v -1.8000000000004124e-05 0.703572 0.38243
v 0.046235 0.686333 -0.82507
v 0.546808 0.772873 0.279703
v -0.534816 0.869266 0.130968
v -7.900000000000268e-05 0.637762 -0.623841
v 0.062106 0.086021 -0.15422
v 4.999999999999796e-06 1.07879 0.144368
v 0.326588 0.762418 0.342326
v -0.183065 0.444182 -0.570209
v 0.031563 0.87229 0.390388
v -0.402033 0.293713 -0.384504
v -0.136853 1.45703 0.284551
v -3.899999999999737e-05 0.835951 0.088234
v -0.302875 1.22222 0.521438
v 0.472105 0.526672 -0.035964
v -0.374267 0.626716 0.198931
v 0.600156 0.777121 0.410436
v -0.414455 0.461295 -0.326686
v -0.172469 0.626403 0.792024
v -0.337191 0.050395 0.553314
v -0.106007 1.16608 -0.332758
v -0.046404 0.387014 -0.541984
v -0.044689 1.05321 0.162253
v 0.410912 0.536151 -0.279024
v -0.471839 0.318671 0.1633
v 0.066184 0.912487 0.061821
v 0.218521 0.516972 0.537318
v 0.397527 0.353289 0.563817
v 0.187672 0.066672 0.430489
v 0.104412 1.17174 0.122906
v 0.05858 1.51283 0.337003
v 0.151199 0.662101 0.664037
v -0.263401 1.31265 0.56211
v 0.113766 1.21356 0.114843
v 0.455279 0.399457 0.373117
v -0.395608 0.677399 -0.139644
v -0.068345 1.22437 0.727293
v -0.051471 1.56534 0.714003
v 0.054173 0.524671 -0.688881
v 0.083479 1.11442 0.74022
v 0.384634 0.96022 0.18733
v -0.262449 0.610626 -0.441361
v -0.260266 1.27358 0.628404
v 0.045101 0.130863 0.551053
v -0.256499 0.770756 0.012066
v -0.221697 0.574211 -0.561863
v -0.252804 1.28648 0.584382
v 0.154373 0.971998 -0.61176
v -0.220862 0.047394 0.147955
v -0.358099 0.009332999999999992 -0.378932
v -0.497277 0.098453 -0.229918
v 0.075372 1.17947 -0.145098
v -0.310199 0.087954 0.179018
v -0.414782 0.539354 0.303424
v -0.715164 0.760209 0.287758
v 0.2042 0.965512 0.473017
v 0.168251 1.31917 0.678762
v -9.30000000000028e-05 0.395533 0.63242
v 0.197505 0.801218 0.02592
v -0.184402 0.977649 0.348523
v 0.107858 1.23129 -0.479613
v 0.144951 1.42653 0.672752
v 0.826877 0.784355 0.119732
v 0.638464 0.852043 0.284001
v -0.389216 0.674544 -0.13958
v 0.263421 1.3127 0.562084
v -0.212965 0.628089 -0.499111
v -0.127062 0.91814 -0.686829
v -0.085565 1.11232 0.746578
v -0.223273 1.05639 0.623677
v -0.08407 0.948255 0.62894
v -0.835453 0.749884 0.185915
v 2.3999999999996247e-05 1.03309 -0.278604
v 0.069485 1.04457 -0.379629
v 0.390506 0.730382 -0.506586
v 0.03554 1.15805 -0.147841
v 0.135681 0.506036 -0.728259
v -0.08147 1.40348 0.174832
v 0.191594 1.48688 0.572417
v 0.080102 1.11995 0.728243
v -0.036836 0.659521 0.777536
v 0.26798 0.061775 0.166486
v 0.11808 1.29631 -0.519637
v 0.359249 0.861858 0.356152
v -0.03523 0.532684 0.93036
v -0.408572 0.937341 -0.259622
v -0.26301 1.07578 0.519069
v 0.175898 0.552724 -0.545006
v -0.300964 0.922411 0.226225
v 0.199157 0.666526 0.384749
v 0.042559 0.646871 -0.825507
v -0.327261 0.191318 0.59896
v -0.465398 0.241865 0.0017149999999999943
v 0.458479 0.08584 -0.179057
v -0.188755 0.920218 0.139556
v -0.059558 1.09206 0.122538
v 0.069799 0.811669 0.115806
v -0.138766 0.406019 1.0593
v 1.4999999999987246e-05 0.675604 0.416438
v 0.087009 0.753113 0.252944
v 0.133071 0.515022 0.906865
v -0.239688 1.00135 -0.258415
v 0.378133 0.902671 0.112702
v -0.216741 0.824953 0.3904
v 0.221392 0.638616 -0.616402
v -0.229515 1.12836 0.245033
v -0.140845 1.2499 -0.454037
v 0.136696 0.420518 -0.557262
v -0.234184 0.845817 0.163848
v 1.899999999999992e-05 0.142105 -0.235677
v 0.113859 0.587834 0.91397
v 0.127403 0.955653 -0.159589
v -0.3052 1.35694 0.50848
v -0.176686 0.621645 0.789095
v -0.0009209999999999982 1.08387 -0.230504
v 0.356731 1.01301 -0.391873
v -0.132775 0.671281 -0.641105
v 0.2178 0.631415 -0.421779
v 0.443316 0.214192 0.096061
v 0.154861 0.842877 -0.725291
v 0.152694 1.1077 -0.014311999999999998
v -0.160481 1.04843 0.647975
v 0.172475 0.769521 0.270715
v 0.067401 1.22335 0.742566
v 0.206878 1.09377 0.23951
v 0.062679 1.00722 -0.09991
v 0.082464 0.923443 0.240186
v 0.374177 0.126412 -0.396318
v 0.142459 1.54221 0.423119
v 0.392648 0.158581 -0.024386
v -0.041269 0.864893 0.422343
v -0.183804 1.16249 -0.102352
v 0.152586 0.568446 -0.369722
v -0.086057 0.046237 0.38902
v 0.078748 0.791542 0.463813
v -0.040768 0.625431 -0.356825
v -0.176559 0.551722 -0.545224
v -0.155471 0.224368 -0.307415
v -0.243819 1.4164 0.393178
v 0.266136 1.37813 0.445448
v -1.7000000000003124e-05 1.31709 0.764807
v -0.403037 0.638739 -0.432833
v 0.348238 0.873754 0.316351
v 0.073618 1.39042 0.197907
v -0.28415 0.909948 -0.559773
v -0.102228 0.888104 0.333199
v -0.117053 0.439299 0.982235
v -0.235252 0.254956 -0.288684
v 0.250977 0.392892 -0.363877
v 0.248099 0.39577 -0.358182
v 0.584249 0.903827 0.094226
v -0.144514 0.690608 0.584555
v -0.101767 0.448544 1.0576
v 0.256382 0.729788 -0.694813
v -0.224741 0.447371 -0.489495
v 0.374935 0.057571 0.342272
v -0.155216 1.30153 0.157744
v 0.77285 0.845944 0.170646
v 0.300453 -0.001295000000000001 0.412807
v -0.13613 0.706828 0.50795
v -0.710377 0.896703 0.161045
v -0.33978 0.07165 -0.393905
v 0.438162 0.990759 0.131949
v 0.217986 0.78874 0.240533
v 0.200032 0.074298 0.52309
v -0.177382 1.38777 0.671513
v 0.153326 0.979884 0.59364
v 0.054748 1.52751 0.346419
v 0.263001 1.07575 0.519096
v -0.335004 0.816678 -0.54019
v 0.287934 0.190849 -0.196502
v -0.333845 0.064614 -0.214567
v -0.936207 0.772989 0.238999
v 0.3999 0.654958 -0.255966
v -0.295713 0.264097 0.612075
v 0.065966 0.567644 0.92649
v -0.254148 1.04037 0.497863
v -0.060282 0.657342 -0.434209
v -0.095591 1.51083 0.309919
v 0.121732 1.21935 -0.405748
v -0.463041 0.905631 0.250703
v -0.089399 0.649318 -0.703397
v -0.062466 1.00289 0.065895
v 0.069522 1.55568 0.686816
v 0.118015 0.835409 0.242637
v -0.207047 0.990303 0.448031
v 0.79787 0.749919 0.20133
v 0.278853 0.09073 -0.287202
v -0.431726 0.777853 0.425495
v -0.265253 1.15976 0.240284
v 0.113527 0.649967 -0.432039
v 0.109685 0.415984 1.019
v 0.357788 0.785924 -0.528158
v 0.200009 0.86676 0.154043
v -0.289582 0.097313 -0.016619
v -0.051447 0.981474 0.089151
v -5.000000000000013e-06 0.531153 -0.580295
v -0.221851 1.44107 0.347909
v 0.221841 1.44107 0.347968
v 0.029585 1.24696 -0.374482
v 0.223152 0.211198 0.580489
v 0.325237 1.31272 0.485123
v 0.259767 1.2179 0.23029
v -0.190197 1.34242 0.195654
v -0.078491 0.705231 0.714247
v 0.303326 0.928539 0.116359
v -0.121704 0.978286 0.233046
v 0.166116 1.01361 0.222849
v 0.230852 0.575556 -0.495409
v -0.651701 0.836819 0.322739
v -0.026791 0.873501 0.370996
v -0.43179 0.78457 0.423527
v 0.178169 1.13054 -0.151042
v -0.078414 0.737661 0.188639
v -0.945374 0.80386 0.042902
v 0.173772 1.46231 0.66817
v -0.076226 0.998403 0.175164
v -0.197751 0.043675 0.448456
v 0.147279 0.903412 0.485014
v 0.111374 0.986492 0.220701
v -0.085328 0.998134 0.197777
v 0.444762 0.079887 0.46096
v 0.222359 0.784435 -0.690519
v 0.040247 0.609729 -0.348401
v -0.222662 0.775468 0.282496
v 0.223175 1.38686 0.57692
v -0.108195 0.848683 0.219394
v -0.196418 0.964283 0.304456
v 0.115576 1.49556 0.332555
v 0.17058 0.922441 0.393258
v -0.092963 0.957468 0.195886
v 0.271972 0.528403 -0.613034
v 0.046875 1.05612 0.15653
v 0.030972 0.737658 0.188636
v 0.022139 0.848376 0.122425
v -0.117505 1.25392 -0.530513
v -0.058878 1.49715 0.31151
v -0.178888 1.52815 0.621148
v 0.11239 0.991957 0.101269
v 0.078302 1.46247 0.745559
v -0.31088 0.576321 -0.541919
v -0.086995 0.753126 0.252958
v -0.191864 0.039893000000000005 0.448656
v 0.186372 1.54521 0.605429
v -0.021417 1.61688 0.442801
v 0.021841 1.4469 0.757931
v 0.082597 0.893909 0.312879
v -0.044555 0.721956 0.3504
v -0.192244 0.602755 -0.35362
v 0.088531 0.53612 -0.537764
v -0.464214 0.016348 -0.344154
v 0.075431 1.39451 0.192525
v -0.25159 0.727524 -0.690843
v -0.115613 0.839517 0.247666
v -0.086874 1.04523 0.176524
v 0.143376 0.663924 -0.463647
v 0.131705 0.904784 0.359962
v -0.311033 0.584673 -0.517847
v 0.068437 0.775231 0.569776
v -0.071474 1.6107 0.472018
v -0.193846 0.562997 -0.473487
v 0.302861 1.22216 0.521464
v -0.196735 0.770467 0.367241
v 0.024053 1.07196 0.15474
v -0.231959 0.573843 -0.429422
v 0.079585 0.955443 0.146738
v -0.807915 0.800955 0.336771
v -0.119143 0.922531 0.077204
v 0.851489 0.842627 0.132992
v 0.047695 1.60297 0.600313
v -0.848362 0.838167 0.128583
v 0.043297 0.926868 0.235716
v 0.257137 0.591818 -0.443839
v -0.233554 0.56299 -0.508531
v -0.114605 0.790688 0.461767
v -0.017987 0.858566 0.139191
v 0.070032 0.769074 0.223106
v 0.274134 0.616014 -0.608615
v -0.014408 1.55687 0.66879
v -0.279541 0.580484 -0.596373
v -0.01636 0.922704 0.104721
v 0.138364 0.954362 0.279316
v -0.232981 0.02062 0.369165
v -0.082151 0.894185 0.31292
v -0.089815 0.869682 0.366193
v -0.082259 0.845924 0.151042
v 0.353341 0.038608 -0.394273
v -0.084845 1.56867 0.639902
v 0.0818 0.934455 0.127708
v 0.050349 0.778905 0.317656
v 0.158585 0.813613 0.358205
v -0.152487 1.54349 0.638047
v 0.115444 0.839533 0.247675
v 0.036383 0.853504 0.397045
v 6.000000000001989e-06 0.85287 0.401982
v -0.061888 0.957703 0.183603
v 0.1173 0.894894 0.305493
v 0.023052 0.927182 0.230494
v -0.281503 0.609917 -0.55789
v -0.432873 0.007204 -0.368236
v 0.329694 0.028228 -0.413079
v 0.276556 0.605622 -0.617503
v 0.273803 0.631161 -0.624431
v 0.02907 0.824719 0.112441
v 0.022687 0.722494 0.348338
v 0.319025 0.600955 -0.508161
v -0.110604 0.777676 0.208779
v 0.043972 0.945015 0.200452
v -0.189001 0.628606 -0.400908
v -0.331301 0.027215 0.30684
v -0.080155 0.938024 0.214195
v -0.292055 0.030996 0.334533
v -0.421971 0.020743 -0.420056
v 1.6999999999999654e-05 1.61358 0.569483
v 0.241739 0.627516 -0.580571
v 0.399721 0.024782 -0.372195
v -0.053423 1.6177 0.577943
v 0.376894 0.017529 -0.385433
v 0.228161 0.636239 -0.602237
v 0.113427 0.906171 0.27531
v -0.351313 0.040435 0.342667
v -0.432548 0.015166 -0.380454
v 0.394246 0.007733 -0.428526
v 0.380013 0.011927999999999998 -0.39295
v 0.438935 0.00829 -0.395633
v 0.290431 0.034312 0.349342
v -0.010376999999999997 1.55593 0.650748
v 0.346581 0.028621 0.347107
v -0.11219 0.888221 0.319203
v 0.339075 0.027982 0.350173
v -0.345993 0.038805 0.335744
v -0.090118 0.906745 0.275402
v -0.380024 0.011896 -0.392964
v 0.278351 0.076187 0.09834
v -0.076874 1.34957 0.163875
v 0.25715 1.31125 0.559332
v -0.185121 0.919309 0.145469
v -0.20248 0.687277 0.344911
v -0.303381 0.306819 -0.348575
v -0.310539 1.32249 0.355104
v 0.175255 0.157465 -0.233485
v -0.4111 0.656126 -0.327412
v 0.205254 0.025091 0.459968
v 0.401256 0.292527 -0.377649
v -0.125869 0.384892 1.075
v -0.441853 0.505663 0.218592
v -0.464823 0.932202 0.210842
v 2.1000000000000185e-05 1.02646 -0.280834
v 0.836623 0.892264 0.045511
v -0.423302 0.304022 0.560391
v 0.33971 0.007934999999999998 -0.355377
v -0.072235 1.48644 0.254632
v -0.116274 0.623601 0.674107
v 0.492092 0.282912 -0.337954
v -0.563367 0.763125 0.333504
v 0.23984 1.27093 0.611847
v 0.069019 1.2395 -0.301201
v -0.205588 1.28235 0.233302
v 0.537609 0.834661 0.45408
v 0.468653 0.257505 -0.035097
v -0.285133 1.18587 0.592725
v 0.13516899999999998 1.45097 0.287456
v -0.237047 1.42221 0.541886
v -0.062332 0.481846 0.998819
v 0.334647 0.506471 0.483481
v -0.039554 1.27702 -0.536602
v 0.177543 0.645365 -0.512335
v -0.156747 0.488967 0.58126
v 0.306965 1.2268 0.30486
v 0.22857 1.1513 0.655588
v 0.074904 1.30164 0.149281
v 0.145878 1.03694 -0.466392
v -0.093148 0.889744 0.311231
v -0.248411 1.29499 0.599181
v -0.007578000000000001 0.518814 -0.617489
v -0.102896 1.48594 0.688232
v -0.313471 0.081767 0.179142
v -0.481655 0.42381 -0.284774
v -0.044775 0.900856 0.460665
v 0.414922 0.580543 -0.195757
v 0.371381 0.668171 0.077773
v -0.04881300000000001 0.404759 -0.584754
v -0.0461 0.894348 0.462878
v -0.193258 0.988832 0.317542
v 0.385425 0.0017490000000000006 -0.276779
v -0.481908 0.496184 0.049141000000000004
v 2.2999999999995246e-05 1.40516 0.189821
v 0.123994 0.687161 0.774534
v -0.343463 0.969263 0.097629
v 0.171177 0.717024 0.572172
v 0.525496 0.98673 0.118155
v 0.24555 0.818814 -0.660202
v -0.083374 0.997288 0.160107
v -0.833715 0.743169 0.184976
v 0.328114 0.688465 0.169155
v -0.046427 0.338058 -0.413913
v -0.294932 0.087985 0.308991
v -0.19804 0.12941 -0.185858
v 0.132285 1.53968 0.450241
v 0.14017 0.776416 0.346687
v 0.188634 0.612956 0.806092
v 0.138743 1.27665 -0.492757
v -0.261414 0.006381999999999999 0.48012
v -0.044377 0.607745 -0.790684
v 0.41681 0.167512 0.569262
v -0.065134 0.629916 -0.615026
v 0.481837 0.042473 -0.313505
v 1.999999999999745e-05 0.717782 0.34147
v 0.459437 0.365818 0.255369
v -0.28809 1.34083 0.325531
v 0.704203 0.885818 0.088468
v -0.483361 0.119733 -0.35002
v 0.412588 0.168602 0.563785
v -0.501804 0.908119 0.101593
v 0.531303 0.826863 0.169223
v -0.042601 0.646873 -0.825412
v 0.50435 0.897778 0.239959
v -0.083137 0.78832 0.297443
v -0.187061 0.536949 -0.691089
v -9.000000000000327e-06 0.557586 -0.530402
v 0.189585 0.066913 0.37178
v 0.212488 0.892156 -0.63658
v -0.262546 0.013071 0.478395
v 0.298837 1.05446 0.434193
v -0.298636 1.12238 0.297611
v -0.828425 0.759135 0.309317
v 0.288812 0.847939 0.381495
v -0.666132 0.895137 0.092449
v -0.097382 1.19168 -0.402714
v 0.48379 0.327428 -0.06089
v 0.453311 0.076292 -0.38715
v -0.038143 1.19229 -0.224449
v 0.099999 0.865788 0.186608
v -0.44941 0.210614 0.096328
v -0.356673 1.0133 -0.391791
v -0.232251 0.554437 0.498863
v 0.066084 0.874427 -0.008379
v -0.389511 0.764991 0.291308
v -0.534985 0.791444 0.221047
v 0.111705 0.626286 -0.788588
v -0.070735 0.908327 0.552857
v -0.096341 1.47747 0.722852
v -0.463481 0.339973 0.365033
v 0.049215 0.446746 0.60784
v 0.123136 0.909433 -0.10672
v 0.700379 0.773274 0.339845
v 1.7999999999997185e-05 0.516837 -0.611242
v -0.124813 0.91504 -0.102808
v 0.069759 0.739045 0.306173
v -0.281341 0.849971 -0.143712
v -0.056706000000000006 0.520806 0.829284
v 0.158793 1.13428 0.701321
v 0.050414 1.35685 0.741192
v -0.149301 0.685906 0.582561
v 0.029539 1.24917 -0.41343
v -0.116076 0.893583 0.392705
v 0.04199 1.3608 0.136224
v 0.040382 0.688557 -0.49865
v -0.225042 0.670139 -0.732421
v 0.384223 0.729718 -0.503572
v 0.18572 1.20628 -0.239856
v 0.370781 1.07069 -0.262029
v -0.234772 1.38696 0.592589
v 0.507157 0.765379 0.283954
v 0.279977 0.862155 0.346958
v 0.285644 0.092425 -0.287119
v 0.181742 0.481672 -0.674498
v -0.132902 1.41661 0.686308
v 0.283791 1.38707 0.444043
v -0.299268 0.307057 -0.354234
v -0.277282 1.10775 0.543949
v -0.049358 0.726763 -0.816016
v -0.036469 0.718211 0.666692
v -0.467497 0.282344 -0.133553
v -0.070523 1.48109 0.258811
v -0.072669 1.2217 0.761907
v 0.226247 1.31173 0.626997
v -0.077169 1.19699 -0.183387
v 0.274955 1.37309 0.55657
v 0.157171 1.34723 0.178326
v -0.137348 1.23771 0.726692
v 0.707972 0.891619 0.156883
v -0.219153 0.820365 0.385696
v 0.290747 1.14277 0.571424
v -0.989752 0.753112 0.214328
v -0.370894 1.07056 -0.261678
v -0.320102 0.523315 -0.431042
v -0.283815 0.858885 -0.593828
v -0.054164 1.54956 0.386332
v 0.121322 0.915484 0.358714
v 0.2903 1.16868 0.326439
v 0.40626 0.879023 -0.291001
v 0.691736 0.837173 0.309483
v 0.936193 0.77302 0.238954
v -0.14478 1.21192 0.137831
v 0.193738 1.38624 0.62978
v 0.161889 0.439585 -0.6268
v -0.0023 0.963666 -0.042267
v -0.034872 1.27083 0.780329
v 0.229558 1.01615 0.472651
v 0.067275 0.861568 0.385311
v 0.348779 0.983807 0.147193
v 0.39082 0.854204 -0.444075
v 0.144814 1.21195 0.137855
v 0.126893 1.17252 0.157381
v -0.27211 0.670365 -0.698492
v 0.395795 0.677585 -0.139598
v 0.781904 0.751437 0.257053
v 0.192968 0.582732 -0.601121
v -0.03284 1.22416 -0.551825
v 0.161485 1.57622 0.533666
v 5.999999999999062e-06 1.0188 0.119245
v -0.181843 0.48155 -0.674568
v 0.356589 0.16053 -0.105892
v 0.151368 0.22806 0.609354
v 0.365293 0.579525 -0.44462
v 0.139104 0.914405 0.534684
v -0.13212 0.592196 -0.421064
v -0.184343 1.25173 0.160366
v -0.168585 1.20535 -0.298696
v 0.082162 0.937654 0.133924
v 0.056057 1.00787 -0.611423
v -0.196224 0.135028 -0.182099
v -0.129813 0.922176 -0.691844
v 0.061956 0.629231 -0.426702
v 0.352644 0.165657 -0.103217
v 0.158221 0.82036 0.191116
v 0.517758 0.784136 0.422206
v -0.234424 1.20072 0.65407
v -0.207351 1.52802 0.472998
v -0.308596 0.797345 -0.583506
v -0.225198 0.621424 -0.427801
v -0.094932 0.823083 0.339604
v 0.400081 0.180649 0.318004
v -0.29822 0.113217 -0.209417
v -0.182362 1.05985 0.23682
v -0.055126 1.31424 0.740693
v -0.23757 0.843999 -0.641127
v 0.429468 0.031593 -0.392552
v -0.339278 0.898363 0.254234
v -0.025182 0.966316 0.075377
v 0.049863 0.890334 0.468032
v -7.000000000000062e-06 0.850781 0.399436
v -0.305511 0.515619 -0.479403
v 0.106382 0.420821 1.02283
v 0.196078 0.575516 -0.445502
v -0.211727 0.985139 0.448688
v 0.135658 1.54797 0.563281
v -0.230394 1.45031 0.492744
v -0.05404 0.451366 0.91246
v 0.265499 0.489973 -0.502731
v -0.738028 0.856319 0.180677
v -0.303578 0.11537 -0.213374
v -0.922684 0.785114 0.124751
v 0.148876 1.51379 0.390419
v -0.129519 1.07107 0.704755
v 0.243071 0.297035 -0.32374
v -0.189041 0.929991 0.287576
v 0.182778 1.459 0.315711
v 0.309287 1.25271 0.367371
v -0.02738 0.905522 0.274979
v 0.913713 0.799208 0.060054
v -0.140344 0.960152 0.557967
v -0.144273 1.13676 -0.07819
v -2.7000000000000114e-05 0.697321 0.385408
v 0.227 1.47809 0.391904
v -0.189353 0.942118 0.350089
v 0.189855 0.140563 0.524212
v -0.600049 0.783898 0.408897
v -0.170139 1.01026 0.218235
v 0.147531 0.783345 0.550791
v -0.177546 1.07381 -0.080661
v -0.138051 1.08038 0.159089
v 0.198308 1.01102 0.613078
v -0.03429 1.28755 -0.578592
v 0.184217 1.05988 0.198927
v 0.876331 0.790845 0.242297
v 0.023939000000000002 1.26272 -0.451204
v -0.345369 0.783206 0.416959
v 0.15891 1.15214 -0.090911
v -0.221725 0.208347 0.586723
v 0.404788 0.038116 0.498965
v 0.117771 0.592507 -0.347842
v 0.296744 1.14128 0.574713
v 7.000000000000062e-06 1.53449 0.339934
v 0.184552 0.991438 0.262954
v -0.269722 1.20325 0.263061
v 0.108078 0.69255 -0.797789
v 0.081018 0.633733 0.827784
v 0.136885 1.05078 0.051067
v 0.164506 1.45778 0.659752
v 0.1675 0.93754 0.458245
v -0.207136 1.03183 0.276989
v 0.085348 0.763479 0.146502
v -0.194532 0.179411 0.555468
v 0.229187 0.907613 0.136182
v 0.062746 0.627833 -0.433516
v -0.0018470000000000014 0.907215 0.024448
v 0.1604 1.15818 -0.08769
v -0.1839 0.558611 0.95772
v -0.383011 0.836747 0.435614
v 0.095673 1.41725 0.750519
v -0.029707 0.724064 0.215055
v 3.799999999999984e-05 0.906426 0.275483
v 0.217027 0.560245 -0.432434
v -0.025995 0.713005 0.238732
v -0.145467 0.526569 0.993692
v -0.116768 0.896078 0.193693
v -0.085989 0.763017 0.14589
v -0.034723 1.21776 -0.553949
v -0.086065 1.58139 0.436878
v -0.022596 1.53963 0.695036
v 5.999999999999062e-06 0.967886 0.174458
v -0.034976 0.979926 0.164596
v -0.65117 0.823123 0.408749
v 0.083559 0.788477 0.399113
v -0.044481 0.693936 0.435109
v 0.348987 0.976963 0.145735
v -0.375766 1.08901 -0.299073
v -0.150693 0.97232 0.035638
v 0.275849 0.654019 -0.696199
v 0.159776 1.5697 0.58056
v 0.014368 1.59626 0.457534
v 0.108374 1.45298 0.715709
v -0.280257 0.727343 -0.659213
v 0.168527 0.876255 0.153274
v 1.200000000000002e-05 0.574453 -0.401607
v 0.031204000000000003 1.62071 0.475544
v 0.313098 0.71414 -0.623041
v 0.038597 0.458403 1.02408
v -0.231583 0.589438 -0.361567
v -0.233573 0.879694 0.259306
v -0.851461 0.842661 0.132965
v 0.111617 0.987829 0.095669
v -0.140207 0.779662 0.539961
v 0.10492 0.843257 0.208595
v -0.066081 0.776116 0.566266
v 0.825824 0.918675 0.063042
v 0.104452 0.984061 0.198021
v 0.063852 0.818563 0.354516
v -0.82869 0.804973 0.240187
v -0.080523 1.46302 0.752205
v 0.060011 0.863865 0.433713
v 0.023014 0.882085 0.318476
v 0.314946 0.004060000000000001 0.358238
v 0.106954 0.898214 0.387305
v 0.156347 0.630699 -0.383203
v 0.111292 0.891403 0.386399
v -0.050093 0.893878 0.149643
v -0.080375 0.886646 0.107759
v -0.241746 0.611653 -0.485526
v 0.050294000000000005 1.5811 0.63543
v -0.148557 1.50866 0.623521
v 0.116048 0.824194 0.267647
v -0.187579 0.555519 -0.40929
v -0.261355 0.619957 -0.495186
v -0.158577 0.81363 0.358188
v -0.083559 0.788476 0.399113
v 3.0000000000005066e-06 0.763913 0.317179
v -0.278483 0.590654 -0.525451
v -0.161444 1.5763 0.533614
v -0.013781000000000002 0.768897 0.330846
v 0.336656 0.013178 -0.367407
v 0.061384 0.957152 0.189898
v 0.090054 0.834599 0.226974
v 0.078377 0.957024 0.216557
v 0.116817 0.805796 0.316949
v -0.359598 0.023179 0.361192
v -0.072183 0.945627 0.212543
v 0.048439 0.891929 0.142796
v 0.076513 0.810077 0.139825
v -0.14382 1.38419 0.222145
v -0.25634 0.612236 -0.630228
v 0.273728 0.618028 -0.486502
v 0.04458 0.736852 0.339707
v 0.112932 0.912007 0.441003
v -0.241757 0.599904 -0.39911
v -0.099527 0.929937 0.257402
v 0.058095 0.883919 0.152943
v -0.11023 0.801239 0.221327
v -0.254459 0.016014 0.361351
v 0.27671 0.631114 -0.593638
v 0.094266 0.92152 0.254195
v 0.225336 0.052354 0.352893
v -0.100893 0.799744 0.227503
v -0.283646 0.604769 -0.592281
v 0.248369 0.615063 -0.445599
v -0.276462 0.605546 -0.617447
v 0.107219 0.89049 0.306397
v -0.175137 0.639622 -0.417535
v -0.023736 0.951332 0.201364
v -0.033279 0.848565 0.131154
v 0.345575 0.020127 -0.425768
v -0.453806 0.018145 -0.416988
v 0.019284000000000003 1.62671 0.560983
v 0.265845 0.597503 -0.516863
v 0.07923 0.940004 0.22329
v 0.160758 0.928437 0.310443
v -0.051505 1.61102 0.577054
v 0.33909 0.027998 0.350174
v -0.384315 0.009639 -0.40658
v 0.392363 0.019613 0.339093
v -0.243522 0.042818 0.346759
v 0.024787 1.56727 0.612902
v 0.250603 0.64614 -0.606601
v 0.368943 0.024618 -0.391959
v -0.355088 0.014576 0.331147
v 0.256498 0.594431 -0.616372
v -0.402863 0.010571 -0.38842
v 0.432295 0.034703 -0.368132
v -0.296665 0.05239 0.330331
v 0.330241 0.045104 0.332632
v -0.294841 0.025589 0.352299
v -0.035091 0.868032 0.363221
v 0.036329 1.00693 0.175957
v 0.473057 0.027713 -0.373391
v -0.096488 0.915845 0.265729
v 0.226323 0.621372 -0.599927
v -0.032256 1.5779 0.60777
v -0.365 0.018674 0.36194
v -0.112078 0.931091 0.234976
v -0.09783 0.877379 0.345235
v -0.458441 0.038464 -0.371847
v 0.36745 0.044664 0.363629
v 0.39937 0.015418 -0.439746
v -0.074945 0.950232 0.218339
v -5.799999999999989e-05 0.789187 0.184851
v -0.392614 0.698819 -0.224687
v 0.523144 0.769494 0.339703
v -0.294067 0.091954 0.570503
v -0.084477 0.440377 0.963762
v -0.104647 0.03286 0.181622
v 2.6999999999999247e-05 1.05969 -0.426039
v 0.045248 0.356387 -0.43692
v 0.197123 1.02096 0.556085
v -0.41806 0.463797 -0.33214
v -0.06739999999999999 0.858501 0.021348
v -0.478639 0.317629 0.164594
v 1.9000000000001654e-05 0.524477 -0.619865
v -0.318669 0.622538 0.327456
v -0.119906 0.589942 0.513418
v -0.973453 0.748647 0.234994
v -0.062239 0.554107 0.761457
v -0.39542 0.674102 -0.048302
v -0.235405 0.062831 0.022415
v -0.391292 0.414625 0.521559
v -0.149013 1.15003 0.691514
v 0.612007 0.783574 0.205627
v 6.899999999999962e-05 0.901151 -0.739148
v 0.204175 1.35983 0.274697
v -0.409212 0.95927 -0.331013
v -0.249636 1.27242 0.232298
v -0.205844 1.09497 0.603791
v 0.49039 0.227468 -0.339987
v 0.263188 1.08107 0.444112
v -0.489123 0.119181 -0.353956
v 0.327742 0.190202 0.605839
v 0.330265 0.76273 -0.10335
v 0.203461 0.716586 0.261438
v 0.250635 1.36433 0.27847
v -0.128738 0.64994 -0.564871
v -0.317389 0.0646 -0.364222
v -0.051544 0.959695 0.202137
v -0.781818 0.767855 0.369936
v 0.162559 0.751131 0.635585
v -4.0000000000000105e-05 0.339255 0.633203
v -0.08003 0.803465 0.312634
v 0.045029 0.375504 -0.500635
v 0.030358 1.52044 0.71812
v -0.139958 1.02283 -0.511667
v 0.109533 0.826745 0.267422
v -0.234575 1.40715 0.378195
v 1.4000000000000123e-05 0.027357 0.315434
v 0.19698 1.20023 0.202067
v -0.165859 1.53084 0.487259
v -0.525463 0.986737 0.118155
v 0.465042 0.442849 0.215919
v 0.466155 0.386551 -0.329205
v 0.449711 0.53107 0.140322
v 0.324241 0.81838 -0.560393
v 0.245775 1.15751 0.640085
v -0.045813 0.919752 0.034291
v 0.072449 0.88113 0.367644
v -0.082435 0.953692 0.624845
v -0.061509 0.06645 -0.106149
v 0.103992 1.09418 0.168552
v -0.303917 1.29708 0.39272
v 0.0743 0.6693 -0.530122
v -0.0001439999999999983 0.55062 0.550197
v -0.055210999999999996 1.27643 -0.454822
v -0.315804 1.2212 0.524427
v -0.20867 1.36995 0.258589
v -0.442576 0.768838 0.346045
v 0.502385 0.911215 0.10786
v -0.490589 0.425998 0.034329
v -0.155758 0.684592 0.781781
v 0.809789 0.848138 0.077526
v 0.14046 0.790138 0.148871
v 0.129211 0.51989 0.910089
v -0.102544 0.507556 0.994006
v 0.298659 1.12236 0.297664
v -0.270545 1.15861 0.23585
v -0.155237 1.34381 0.675437
v -0.042778 0.407874 0.975559
v -0.071958 1.48334 0.711718
v -0.21233 0.569966 -0.626662
v 0.342332 1.08003 -0.33534
v -0.042823 0.680994 -0.678539
v 0.268701 1.07231 0.521257
v -0.18248 0.95968 0.42124
v 0.22184 0.619357 -0.715468
v -0.104698 1.52295 0.369454
v -0.338203 0.510993 0.487526
v 0.463088 0.905587 0.250748
v 0.145483 0.439939 0.606745
v -0.10174 1.26905 -0.387264
v -0.37343 0.820832 0.175935
v 0.064667 0.631374 0.585724
v -0.207451 1.35431 0.636637
v -0.115787 1.05644 -0.121345
v -0.365284 0.579506 -0.444613
v -0.0007049999999999999 1.14781 -0.368443
v -0.066365 0.522145 -0.626364
v -0.2073 0.753382 0.183137
v -0.038316 1.09076 -0.043297
v -0.070125 1.46736 0.264602
v -0.123037 0.909437 -0.106609
v 0.118174 1.17509 0.743422
v -0.153419 0.844359 0.18288
v 0.184078 0.921777 -0.140712
v 0.131526 0.973526 0.224181
v 0.037875 0.867155 0.349572
v 0.198382 0.772542 0.31178
v -0.114064 1.43994 0.227989
v -0.385623 0.124346 0.332722
v 0.125819 0.872663 -0.050567
v 0.20808 0.825951 -0.688103
v 0.447734 0.121088 0.520716
v -0.470748 0.330588 0.469019
v -0.065475 0.668715 0.420267
v 0.040358 0.681797 -0.500466
v -0.214315 0.986249 0.569972
v -0.113276 1.17791 0.731189
v 2.6999999999999247e-05 0.509758 -0.743546
v 0.211929 0.563486 -0.624314
v -0.260393 1.44848 0.442711
v 0.102008 1.61144 0.491829
v 0.835127 0.752089 0.266683
v -0.507338 0.356471 -0.22461
v -0.274029 1.18798 0.586255
v -0.064221 0.961367 -0.152022
v -0.123829 0.097254 -0.146556
v -4.699999999999843e-05 0.628048 0.5814
v -0.336164 0.86564 0.147958
v -0.036187 1.19854 -0.221976
v 0.036018 1.44308 0.22121
v -0.404412 0.737036 -0.454694
v 0.194665 0.23657 -0.304123
v -0.163191 0.414139 -0.470703
v -0.349587 0.716651 -0.037696
v -0.787357 0.790462 0.122815
v -0.324081 0.364995 -0.35668
v -0.477223 0.463219 -0.151977
v 0.385668 0.008598999999999996 -0.278197
v -0.035843 1.17079 0.747267
v 0.246456 0.84877 0.337162
v -0.113337 0.998788 0.195114
v -0.176891 0.645349 -0.760936
v -0.049662999999999985 0.778379 0.355224
v -0.7896 0.795358 0.127287
v 0.690235 0.830404 0.308521
v -0.406282 0.995964 -0.244067
v 0.482941 0.297479 0.009854000000000002
v 0.244965 0.360985 0.602835
v 0.118905 0.946355 0.218554
v 0.97665 0.756146 0.12254
v 0.170069 0.629382 -0.745685
v 0.098092 1.01161 0.138051
v 0.46189 0.291801 -0.113289
v 0.192617 1.41166 0.624527
v 0.422447 0.936482 -0.282093
v -0.334575 0.595663 -0.494054
v 0.173585 0.162718 -0.22917
v 0.033692999999999994 1.52424 0.289093
v -1.6999999999999654e-05 0.654478 -0.842791
v -0.276172 1.31085 0.266806
v 0.157629 0.620525 -0.405695
v 0.208389 1.08705 0.670543
v -0.143508 0.816319 0.312469
v 0.27097 1.30847 0.270889
v 0.270872 1.24601 0.56918
v 0.045842 0.096014 0.504278
v 0.300268 0.078886 0.240203
v 0.384658 0.852059 -0.441541
v 3.0000000000030003e-06 0.894188 0.471904
v 0.370026 0.724909 -0.118138
v -0.398232 0.800195 -0.463392
v 0.157263 0.933908 0.468094
v -0.106415 1.37173 0.744694
v 0.169589 0.556441 -0.663304
v -0.243101 0.297002 -0.323782
v 0.421567 0.700616 -0.362301
v 0.020824 0.862987 0.425715
v -0.225579 0.786124 -0.696732
v 0.357479 0.095459 -0.173223
v 0.053776 0.870277 0.473689
v -0.065765 1.29232 -0.590498
v -0.017428 0.718924 0.352365
v -0.107404 0.83242 0.194183
v -0.033576 1.58949 0.46116
v -0.249242 0.159699 0.587468
v -0.191273 1.2082 -0.2492
v 0.682799 0.773976 0.386279
v -0.345265 0.776518 0.419023
v -0.384833 0.965833 0.191508
v 0.160751 1.35004 0.173008
v -0.66598 0.84872 0.234072
v 0.073791 0.532259 -0.571192
v -0.129918 0.38363 -0.451013
v -0.185368 1.33995 0.200076
v -0.392936 0.654822 -0.25673
v -0.223183 1.01128 0.29522
v -0.342703 0.956136 0.191083
v 0.10691 1.25882 -0.525593
v 0.030091 1.09408 0.116814
v 0.228389 0.904663 0.129884
v -0.049878 0.890352 0.467946
v -0.194476 1.49249 0.492235
v 0.201129 0.8699 0.160198
v 0.03786 1.59979 0.47132
v 0.208291 0.96176 0.398828
v -0.22275 1.01396 -0.453736
v -0.077024 1.22175 -0.2649
v -0.075061 1.34632 0.169801
v -0.187171 1.50324 0.409854
v 0.029286 1.09622 0.123429
v 0.33864 0.6599 -0.601867
v 0.18303 0.444123 -0.570249
v -0.113644 1.53825 0.361006
v 0.241416 0.300344 -0.317798
v -0.186486 0.569283 -0.374159
v -0.465081 0.027698 -0.257525
v 0.221646 1.0073 -0.451848
v 0.283981 0.909784 -0.559383
v 0.284094 1.33776 0.419771
v 0.047207 0.452053 0.913248
v -0.230399 0.986732 0.502527
v -0.078929 0.59993 -0.352652
v 0.2525 0.07185 0.294798
v -0.517998 0.777352 0.424033
v -0.258353 1.05351 0.552278
v -0.107916 1.00103 0.202273
v 0.239193 0.15539 -0.199552
v 0.257133 0.464658 -0.459249
v 0.471627 0.943585 0.086556
v -0.278924 0.856174 -0.589618
v -0.16705 1.16297 0.151367
v 0.933022 0.745377 0.297995
v -0.22236 0.214985 -0.26113
v -0.323727 0.740533 -0.602652
v -0.175197 0.957366 0.353412
v -0.939264 0.722106 0.206823
v 0.079113 0.639359 0.831488
v -0.223182 0.21121 0.580503
v -0.168072 1.02999 -0.014977
v 0.223733 1.46868 0.469588
v -0.227876 0.565986 -0.466915
v -0.215945 1.29545 0.655754
v -0.025526 1.63177 0.540474
v -0.173748 1.46231 0.668113
v -0.178455 1.12037 -0.148885
v -0.117428 1.41316 0.689245
v 0.320085 0.523315 -0.431063
v 0.190492 1.51558 0.538248
v 0.102191 0.799626 0.273264
v 0.181587 0.948312 0.552874
v 0.241111 1.31498 0.640244
v -0.700353 0.77324 0.339881
v 0.150043 1.51407 0.435569
v -0.312002 0.063209 -0.368471
v 0.311996 0.063235 -0.368469
v -0.162864 1.16416 0.156849
v 0.377039 0.078034 -0.399135
v 0.124056 0.884399 0.226234
v 0.365394 0.199358 -0.135293
v -0.151047 0.937047 0.389235
v -0.115687 0.968869 0.177637
v 0.15925 0.109758 0.498177
v -0.266642 0.530233 -0.609627
v 0.13972 0.963359 0.12835
v 0.217326 0.570522 -0.556785
v 0.215214 0.578732 -0.55999
v -0.172331 1.02543 -0.018148
v -0.272438 1.12577 0.602746
v -0.119471 0.072877 0.453041
v 0.318312 0.619485 -0.579525
v 0.177642 0.953575 0.550479
v 0.414294 0.852938 0.395257
v -0.157278 0.666178 -0.457869
v -0.400864 0.221061 -0.124314
v 0.043971 0.914261 0.030289
v -0.082957 1.0722 0.706693
v -0.17993 0.997349 0.295011
v 0.138984 1.0515 0.205954
v -0.055819 0.726648 0.212219
v 0.182656 1.12599 -0.15389
v -0.047442 0.873316 0.347959
v -0.122438 0.818839 0.288452
v 0.103217 1.5653 0.396745
v 0.075026 0.588952 -0.454886
v -0.026418 0.853412 0.139032
v 0.229281 0.096738 0.552883
v 0.156921 1.28993 0.718996
v -0.263903 0.779911 0.396019
v 0.167823 1.46582 0.612077
v -0.461093 0.131431 -0.155061
v 0.042679 1.57177 0.421135
v -0.266997 0.884898 0.254627
v 0.686982 0.806773 0.41977
v -0.165752 0.092366 0.456877
v 2.099999999999997e-05 1.64518 0.470404
v -1.5000000000001124e-05 1.36397 0.776799
v -0.18506 1.55405 0.501686
v 0.031216 1.12069 -0.072415
v -0.414281 0.852943 0.395283
v -0.138329 0.895383 0.435144
v -0.280506 1.12999 0.307666
v 0.018417 1.0079 0.171729
v -0.152619 0.752575 0.629163
v -0.043201 0.926933 0.235739
v 0.064983 0.879221 0.093389
v 0.128332 0.969038 0.223851
v 0.148562 1.37343 0.691153
v -0.587873 0.846446 0.382335
v 0.073797 1.25296 -0.588226
v -0.094883 0.794332 -0.77138
v 1.2000000000001593e-05 0.567928 -0.399074
v 0.190727 0.615052 -0.372987
v 0.807827 0.844668 0.071772
v 0.259022 1.09537 0.295043
v 0.187199 0.748648 0.568707
v 6.000000000000796e-06 0.873164 0.337927
v -0.143198 0.568945 -0.462241
v 0.37404 0.993933 0.116103
v 0.108126 1.23199 -0.26804
v -0.117247 0.663497 0.799119
v -0.171641 0.77875 0.598709
v 0.038077 0.877483 0.416523
v 3.999999999999989e-06 0.785623 0.10153
v 0.287466 0.854255 0.384195
v 0.152266 0.766405 0.31085
v 0.19707 0.556948 -0.479602
v 0.319695 1.2068 0.338464
v 0.041397 0.454199 1.01923
v -0.295585 0.834009 0.41899
v 0.04766 1.27392 -0.495155
v 0.030154 0.766526 0.558537
v 0.051642 0.871463 0.356303
v -0.024147 1.07329 0.154335
v -0.050866 0.456303 1.0259
v 0.152402 1.53441 0.561925
v 0.84839 0.838134 0.128609
v 1.1999999999999858e-05 0.648911 -0.41151
v -0.11651 0.797424 0.461792
v 0.079487 0.655219 -0.406527
v -0.295102 0.61367 -0.567352
v -0.062795 0.627856 -0.433484
v 0.02563 0.696495 0.275049
v 0.14636 0.9205 0.326743
v -0.146236 0.956015 0.256332
v -0.097983 1.30151 -0.600126
v 0.816637 0.859783 0.13881
v -0.816631 0.859806 0.138776
v -0.813748 0.855108 0.134462
v 0.251883 0.590594 -0.471824
v -0.026744 0.994327 0.062152
v 0.076664 0.970784 0.183004
v -0.129758 0.940601 0.243163
v -1.9999999999998318e-05 1.48604 0.757532
v -0.146594 0.997996 0.091454
v -0.0009039999999999986 0.871505 0.356427
v -0.403096 1.06205 -0.257494
v 0.013301000000000004 0.770504 0.40292
v 0.12967 0.921746 0.343646
v -0.16545 0.927937 0.326091
v 0.002064 0.738765 0.300799
v -0.083685 0.881563 0.104265
v -0.033686 0.973662 0.164626
v 0.070206 1.00169 0.188603
v 0.07278 0.877909 0.343972
v 0.12191 1.30169 -0.51732
v 0.156488 0.556016 -0.455459
v 0.128909 0.970872 0.248154
v -0.029914 0.891153 0.140133
v 0.033493 1.44267 0.724202
v -0.392374 0.019596 0.339006
v -0.169689 0.896653 0.221518
v -0.067818 0.974434 0.176751
v -0.260369 0.051538 0.355108
v 0.03399 0.854347 0.394735
v -0.258809 0.623106 -0.529715
v 0.03167300000000001 1.47422 0.265176
v -0.268402 0.631955 -0.581162
v -0.216926 0.623093 -0.39788
v 0.279436 0.856501 -0.589107
v 0.246266 0.762731 -0.679094
v -0.402588 1.08341 -0.261793
v -0.115329 0.799406 0.428705
v 0.447151 0.785633 0.453354
v 0.162197 1.52274 0.612768
v -0.158079 1.54665 0.64083
v 0.150027 1.45357 0.311133
v -0.031155 1.62074 0.475555
v -0.374387 -0.00015300000000000036 -0.364087
v 0.050032 0.784818 0.352505
v -0.238155 0.606057 -0.585709
v 0.314993 0.008945 0.314078
v 0.277515 0.605613 -0.595078
v 0.079014 0.771103 0.296109
v -0.164025 1.53647 0.581125
v 0.382674 0.011641 -0.392023
v 0.145538 0.894385 0.162465
v -0.050422 0.891996 0.142909
v -0.036408 0.853534 0.397056
v 0.110623 0.777625 0.208773
v 0.184524 0.839707 0.289721
v 0.077082 0.913237 0.145974
v 0.030003 1.56128 0.668016
v 0.283931 0.604815 -0.592395
v -0.31914 0.595452 -0.512609
v 0.310455 0.576427 -0.541865
v -0.105713 0.821106 0.198923
v -0.103095 0.801246 0.276762
v -0.432453 0.028782 -0.365215
v -0.277198 0.631283 -0.593172
v -0.051542 0.871438 0.356051
v -0.251918 0.590422 -0.471988
v 4.999999999999796e-06 0.959915 0.172258
v 0.122254 0.948094 0.228144
v -0.129556 0.776792 0.364723
v 0.110312 0.891242 0.388541
v 0.126185 0.842413 0.17945
v 0.232327 0.629614 -0.593982
v 0.082452 0.891024 0.305373
v -0.023008 0.73657 0.329664
v -0.076758 0.745646 0.274669
v -0.267331 0.592343 -0.491187
v 0.175011 0.639648 -0.41751
v -0.090311 0.834591 0.226948
v -0.231744 0.572372 -0.425457
v 0.069627 1.61287 0.590094
v 0.054996 0.894935 0.077636
v 0.018416 0.85667 0.132868
v -0.07217 1.61922 0.591452
v -0.196661 0.640491 -0.425807
v 0.061239 0.92229 0.240017
v -0.311574 -0.0005499999999999984 0.37964
v 0.459604 0.027739 -0.362524
v 0.244176 0.600133 -0.383799
v 0.302579 0.591172 -0.518045
v -0.331208 0.048293 0.343403
v 0.118116 0.888978 0.353009
v -0.001003 0.886631 0.133428
v -0.03882 1.56909 0.625353
v 0.262628 0.612452 -0.468668
v -0.05856 0.946826 0.214283
v -0.109536 0.926957 0.248905
v 0.304239 0.020365 0.353797
v 0.071143 0.952102 0.214801
v -0.015882 0.843256 0.123012
v 0.089967 0.894492 0.327794
v -0.259122 0.60675 -0.626813
v 0.412994 0.041603 -0.396584
v 0.310516 0.034414 0.294125
v -0.374949 0.022862 -0.397093
v 0.387599 0.042878 -0.389259
v 0.272998 0.630836 -0.623933
v -0.314978 0.008948 0.314075
v 9.000000000000327e-06 1.00886 0.171249
v 0.025631 0.952618 0.193459
v 0.46487 0.019552 -0.359723
v 0.366132 0.05278 0.336868
v -0.263091 0.620629 -0.595831
v -0.032736 1.57178 0.604404
v 0.345613 0.040074 0.348928
v 0.238109 0.618649 -0.631897
v 0.254455 0.016008 0.361367
v 0.335797 0.0027810000000000005 -0.406034
v 0.120439 0.901928 0.291297
v 0.419104 0.023377 -0.380409
v 0.298593 0.04397 0.328292
v 0.279013 0.631025 -0.609221
v -0.08487 0.875283 0.336421
v -0.109062 0.891813 0.304673
v -0.052425 0.861274 0.381979
v 0.047332000000000006 1.57713 0.649582
v 0.013414 1.61098 0.579025
v 0.266415 0.583631 -0.613671
v -0.420822 0.029691 -0.394218
v 0.149392 1.34374 0.1901
v 0.367394 0.036659 -0.399638
v 0.40362 0.004552 -0.387956
v -0.365039 0.048203 0.343574
v -0.287448 0.042649 0.333051
v -0.361231 0.028844 0.314219
v 0.358601 0.029213 -0.370546
v 0.392248 0.01705 0.325804
v 0.418569 0.028765 -0.422957
v -0.324827 0.022108 -0.409786
v -0.40563 0.0032300000000000002 -0.415049
v -0.347624 0.016696 0.343491
v -0.2728 0.031612 0.336868
v 0.245197 1.27189 0.61625
v -0.454317 0.006679 -0.412593
v -0.088882 0.917394 0.267722
v -0.363334 0.040794 -0.379311
v 0.3722 0.023325 0.364957
v -0.088697 0.910102 0.282056
v -0.423153 0.019102 -0.380703
v -0.138772 0.769367 0.184914
v -0.501069 0.334189 -0.162397
v 0.111856 1.05658 -0.12191
v 0.13675 1.45594 0.282941
v 0.276648 0.208693 0.596712
v 0.160714 1.52618 0.488218
v 0.519824 0.20196 -0.243301
v -0.072649 0.947846 0.579924
v -0.389265 0.01531 -0.235064
v 0.060341 0.939837 0.546077
v -0.130505 1.57975 0.535803
v -0.057961 0.426031 -0.659509
v -0.070098 1.22378 0.734045
v 0.074504 1.13921 0.709135
v -0.169079 0.962118 0.494318
v 0.312694 0.58973 0.410833
v 0.017995 1.27228 -0.581007
v -0.179856 1.5494 0.502253
v -0.233787 1.28151 0.61861
v 0.22533 1.07021 0.291023
v -0.083889 0.363871 1.06321
v 0.052714 0.021725 0.176243
v -0.906985 0.848656 0.042906
v 0.041242 0.22655 0.622655
v 0.180836 1.32591 0.67271
v -0.459423 0.365815 0.255413
v -0.29731 1.29504 0.393803
v -0.447373 0.290673 -0.364036
v -0.200238 1.36198 0.637745
v 0.207942 1.03777 0.245744
v 0.446928 1.10048 -0.287261
v -0.459312 0.245266 0.0023440000000000023
v 0.046172 1.40115 0.747279
v -0.37885 0.038568 -0.403859
v 0.064098 0.434514 -0.696202
v 0.08018 0.803366 0.312617
v -0.33847 0.900494 0.117931
v 0.494715 0.172917 -0.349766
v 0.128289 1.51561 0.319773
v -0.088991 1.01617 0.694562
v 0.131571 1.1937 -0.330591
v -0.06888300000000001 1.45971 0.265649
v -0.137423 0.892258 0.200184
v -0.026209 0.892656 0.297879
v -0.072544 0.871849 0.340792
v 0.208867 1.17159 0.646381
v 0.140415 1.00739 -0.025239
v -0.311067 0.976588 -0.438234
v 0.070262 1.05148 -0.378812
v 0.165012 1.44151 0.656197
v 0.390182 0.661497 -0.19559
v -4.300000000000484e-05 0.756225 0.26004
v 0.322329 1.22144 0.527006
v -0.08074 1.3041 0.127974
v 0.452566 0.365998 0.254042
v 0.117034 0.042079 0.060705
v -0.033537 0.749532 0.592369
v -0.0611 0.073042 -0.10383
v -0.00010299999999999893 0.652121 -0.575427
v 0.355561 0.108655 0.191886
v 0.136715 0.719804 0.303889
v 0.151997 0.607688 0.78079
v -0.584247 0.903871 0.094183
v 1.7999999999997185e-05 0.523835 -0.611378
v -0.19291 1.02139 -0.337186
v 0.06384 0.587548 0.692795
v -0.338804 0.111469 0.246847
v 0.015228999999999996 0.727276 0.336296
v -0.106808 0.842052 0.242895
v 0.396157 0.492561 0.430744
v -0.449667 0.530998 0.140671
v 0.103422 1.58226 0.505266
v 0.485495 0.397127 -0.088855
v 0.29025 1.1025 0.454779
v 0.170769 0.692025 -0.765109
v -0.38964 0.77189 0.292488
v 0.06490100000000001 0.868352 -0.011648000000000002
v 0.37371 0.826069 0.18056
v -0.277833 1.34782 0.500751
v 0.455729 0.562024 0.060725
v 0.373455 0.90091 -0.236131
v -0.235516 0.850675 -0.104958
v -0.420407 0.744368 -0.326704
v -0.684797 0.779028 0.189421
v -0.067326 1.00731 -0.099777
v 0.441881 0.122795 0.517276
v -0.070882 0.818007 0.118209
v 0.388024 0.163643 -0.022975000000000002
v 0.259109 0.129956 -0.151523
v -0.106799 1.09195 0.162563
v -0.059393 0.710483 0.241453
v -0.085315 0.052964 0.387232
v -0.264907 0.660845 0.33931
v -0.273107 1.24604 0.285033
v -0.237458 0.250784 -0.293854
v 0.303535 1.00153 -0.241966
v -0.163927 1.04478 0.652858
v -0.10272 1.17164 -0.330072
v 0.135985 0.541521 -0.551667
v -0.46082 0.257342 0.505106
v -0.164976 1.28891 -0.376044
v 0.482139 0.266312 0.456043
v -0.33946 1.23567 0.397233
v 0.063772 0.907628 -0.066317
v -0.495369 0.785012 0.222387
v 0.310537 0.863465 0.312234
v 0.06548 0.981682 -0.192395
v -0.601803 0.949996 0.079795
v -0.07472 1.22146 0.768595
v 0.107846 1.43315 0.238246
v 0.653239 0.854858 0.113441
v 0.249081 1.16427 0.253812
v 0.318732 1.11016 0.42056
v 0.686122 0.785272 0.192307
v -0.147928 0.664215 0.658699
v -0.153945 0.562833 -0.417033
v 0.254268 0.840099 0.40106
v -0.503564 0.096173 -0.227852
v -0.309522 1.09228 0.454841
v 1.1999999999998123e-05 1.40153 0.187422
v 0.146012 0.059946 0.403308
v -0.110873 1.17896 0.724699
v -0.252211 0.972294 -0.215173
v 0.119686 1.13351 0.156923
v 0.787381 0.790458 0.122809
v 0.489628 0.295415 0.009744
v -1.9000000000001654e-05 0.084407 -0.155568
v -0.221034 0.642417 -0.453236
v -0.30456 0.325457 0.609055
v 0.182597 0.967203 0.422314
v 0.044868 1.19414 -0.471022
v -0.837246 0.795382 0.309228
v 0.837232 0.795418 0.309176
v 0.246067 0.362334 0.609615
v -0.134955 0.670417 -0.48861
v 0.11256 0.548128 -0.676003
v -0.378596 0.129613 0.070311
v 0.097344 0.796868 -0.777084
v 0.30783 0.783887 0.233432
v 0.302507 0.925676 0.110023
v -0.041849 0.674627 -0.675798
v -0.303574 0.32431 0.602221
v 0.431707 0.201612 0.153846
v -0.399995 0.677199 -0.458673
v -0.090961 0.655319 -0.706645
v -0.446027 0.084202 0.407403
v -0.349102 0.9838 0.147172
v 0.169572 0.930675 0.286699
v 0.295582 0.055790999999999986 -0.332136
v 0.086678 0.951162 0.021926
v -0.612813 0.789876 0.208562
v -0.17649 0.571739 0.504882
v 0.036447 1.17582 0.09797
v -0.412287 0.627719 -0.165543
v 0.537445 0.785352 0.451919
v 0.184093 1.2954 0.179422
v -0.300279 0.078894 0.240223
v -0.325516 0.0058889999999999915 0.401035
v -0.182731 1.45896 0.315707
v -0.24144 0.300313 -0.317842
v 0.179453 1.46351 0.672077
v 0.477145 0.464167 -0.243837
v -0.405791 0.625325 -0.164513
v -0.253666 1.33168 0.610563
v 0.04182 0.986434 0.14164
v -0.165574 0.51802 0.925393
v 0.057699 1.53732 0.339738
v -5.700000000000019e-05 0.339591 0.640195
v 0.431086 0.04 0.45344
v 0.262061 0.622941 -0.673903
v -0.296855 1.36833 0.384676
v -0.262062 0.622819 -0.673693
v 0.034355 1.18227 -0.183029
v -0.173829 1.12487 -0.146171
v -0.403462 0.938726 -0.264202
v -0.331274 0.498329 -0.388562
v -0.249551 1.42007 0.391521
v -0.457045 0.175422 -0.14365
v -0.103945 0.338904 1.09709
v -0.032209 0.882199 0.522612
v 0.149991 0.230888 0.603101
v -0.113804 1.25948 -0.528427
v -0.135505 0.929231 0.327864
v 0.144427 1.29772 0.175998
v 0.115799 0.626265 -0.416787
v 0.059348 0.527687 -0.709647
v 0.10006 0.785231 0.1853
v -0.30399 0.928567 0.116249
v -0.127259 0.389614 -0.448538
v -0.207486 1.47997 0.375667
v 0.240453 1.4581 0.493353
v 0.045662 0.629739 -0.827496
v -0.887201 0.736727 0.260729
v -0.106073 0.53418 -0.639966
v -0.161886 0.439587 -0.626738
v 0.09948 0.69182 0.50095
v 0.103498 1.23629 -0.47739
v 0.4318 0.784583 0.423504
v -0.156255 0.933073 0.288872
v -0.212539 1.03442 0.241693
v 0.062309 0.535832 -0.688406
v -0.263424 1.04974 0.555286
v -0.153341 1.1017 -0.008085000000000002
v 0.236408 1.40241 0.315168
v -0.293289 1.29407 0.297406
v 0.202597 1.00693 0.616797
v -0.122712 1.35267 0.156261
v -0.09263 0.895358 0.507158
v 0.393867 0.42712 -0.349222
v -0.103 0.534704 0.848294
v -0.859525 0.842949 0.053663
v 0.912708 0.741769 0.125516
v 0.080941 1.07535 0.700762
v 0.071164 1.23319 -0.303338
v 0.362912 0.850716 -0.487774
v -0.292766 0.133651 0.592992
v 0.279243 0.906928 -0.555094
v 0.145999 1.56467 0.536907
v -0.179729 1.25108 0.16559
v -0.010804000000000003 0.337235 1.09942
v 0.189092 0.987437 0.259435
v -0.187307 1.01291 0.273274
v -4.99999999999997e-05 0.67616 -0.451873
v -0.020848999999999996 0.773514 0.362741
v 0.367316 0.723758 -0.55108
v -0.184667 0.936621 0.444799
v 0.367694 0.385276 -0.369893
v 1.0009 0.705701 0.141505
v -0.076683 1.30403 0.142949
v -0.278511 0.587365 -0.562098
v 0.216581 0.065183 0.328856
v -0.338871 0.330937 -0.372638
v -0.385429 0.683289 -0.517212
v -0.888172 0.743614 0.259937
v -0.209451 1.427 0.606661
v -0.352786 0.544567 -0.400869
v 0.136607 1.25633 -0.318041
v -0.180793 0.942362 0.443781
v 0.700425 0.76638 0.341056
v -0.177853 1.16382 -0.222953
v -4.000000000000531e-06 0.890703 0.14161
v -0.414657 0.07958 -0.397325
v -0.174096 0.782618 -0.739103
v 0.154319 1.0764 0.17365
v -0.547575 0.899019 0.236563
v 0.078818 0.687137 0.757286
v -0.622166 0.775882 0.366777
v 0.101064 0.812716 0.292396
v -9.999999999999159e-07 0.729034 0.298439
v -0.163528 0.913251 0.47265
v 0.369094 0.194065 -0.137992
v -0.140267 0.953587 -0.657152
v 0.21735 1.1951 0.65603
v 0.225571 0.094296 0.558293
v 0.592705 0.923763 0.189722
v 0.098286 0.741562 0.190634
v -0.139935 0.537899 -0.572027
v -0.301907 1.17988 0.497725
v -0.227402 0.471329 -0.56856
v 0.161924 1.29119 0.723727
v 0.117736 0.796847 0.463854
v 0.186977 0.961751 0.422609
v 0.260431 1.44845 0.442763
v -0.142563 0.786099 0.541382
v 0.037563 0.629048 0.810424
v 0.590826 0.918474 0.18554
v 0.04316899999999999 0.61462 -0.7915
v -1.8000000000000654e-05 1.40425 0.750596
v 0.195793 0.43036 -0.461689
v 0.329653 1.0688 -0.283996
v 0.199424 0.424593 -0.463289
v -0.470564 0.960064 0.174
v 0.157378 1.50491 0.399637
v 0.419436 0.909303 0.115025
v 0.082285 0.99483 0.650075
v 0.242751 1.34285 0.569855
v 0.235221 0.254978 -0.288676
v -0.118047 0.914474 0.27953
v -0.2181 0.782496 0.237397
v -0.186055 1.40195 0.64709
v -0.121021 0.94162 0.214239
v 0.04466 1.51941 0.328558
v 0.275785 1.28984 0.307508
v -0.312863 0.044266 -0.255191
v -1.699999999999998e-05 1.40344 0.743643
v -0.173382 0.111124 0.497339
v 0.161689 1.19931 -0.162675
v 0.380977 1.00306 -0.24247
v 0.086169 0.461201 0.933885
v 0.462467 1.006 0.097443
v 0.12751 0.99049 0.646563
v 1.2000000000001593e-05 0.594113 -0.361471
v -0.296672 1.09979 0.455441
v -0.01922 0.875768 0.419593
v -0.108314 0.568462 0.938622
v 0.309318 0.075055 -0.23073
v -0.185752 0.562895 -0.371391
v 0.264942 1.00951 0.445643
v -0.140672 1.25513 0.163304
v -0.140568 1.37235 0.705038
v 0.05682 1.61737 0.452612
v 0.086115 1.58126 0.436854
v -0.225906 1.13673 0.209284
v 0.254427 0.570339 -0.596809
v -0.095217 1.59994 0.602651
v 0.216855 1.36711 0.612061
v 0.162877 1.16422 0.156873
v -0.972865 0.75448 0.180903
v 3.299999999999831e-05 0.884233 0.316422
v -0.586724 0.839685 0.380933
v -0.712514 0.815816 0.410879
v -0.146714 1.37468 0.707446
v -0.47935 0.835934 0.438379
v 0.670341 0.834546 0.358705
v -0.234609 0.18984 -0.228258
v 0.115351 1.14534 -0.077601
v -0.123332 0.842966 -0.73661
v 0.668883 0.827797 0.357553
v 0.349029 0.598763 -0.48043
v 0.030476 0.386804 1.06721
v -0.328712 0.858797 0.390785
v -0.24183 0.847156 -0.645697
v -0.212308 0.109455 0.542182
v 0.040288 0.608836 -0.341458
v 0.459471 0.021075 -0.342114
v -0.332889 0.18161 -0.155755
v -0.17073 0.597774 -0.401132
v 0.153576 0.642091 -0.422191
v 0.034474 1.13774 -0.111151
v -0.117933 0.68576 0.763692
v -0.202443 0.987933 0.376274
v -0.10437599999999998 1.17169 0.122882
v -0.122209 0.988919 0.206516
v -0.118599 0.636803 -0.383722
v -0.098531 0.692169 0.499543
v -0.0007349999999999995 1.24349 -0.643117
v -0.148031 1.03583 -0.050757
v -0.112517 1.09077 -0.003955
v 0.310272 0.862319 -0.557307
v 0.251716 0.193527 -0.229297
v -0.192569 0.713812 0.728922
v -0.061345 0.95718 0.189901
v 0.153639 0.683906 0.589391
v -0.4006 0.862102 0.358004
v 0.226483 0.948265 0.184804
v 0.262962 0.955692 0.163247
v 0.055035 1.26987 -0.455599
v -0.205163 0.618024 -0.537469
v -0.243873 0.575423 -0.463865
v -0.145989 0.794774 0.503083
v 0.070311 0.78489 0.186159
v 0.065624 1.17836 0.133646
v 0.06693 0.879453 0.373127
v 4.000000000000531e-06 0.785929 0.102482
v -0.070682 0.905477 0.27496
v 0.024028 1.01923 0.041132
v -0.02563 0.696495 0.275049
v -0.13329 0.865743 0.253849
v 0.146593 0.78413 0.242186
v -0.094892 0.881557 0.367132
v 0.797411 0.819181 0.260126
v 0.164733 1.57044 0.617462
v 0.15395 0.562848 -0.417034
v 0.813755 0.855085 0.134494
v 0.112659 0.920097 0.491182
v 0.11801 0.646474 -0.406403
v -0.033701 0.903645 0.140345
v -0.191702 1.00577 0.061788
v 0.262543 0.013076999999999998 0.478417
v 0.047301 0.488468 1.00208
v -0.781787 0.874196 0.145218
v 0.147488 0.502858 0.965945
v 0.156696 1.52166 0.608576
v -0.104 1.09422 0.168563
v -0.168437 0.500451 1.01874
v 0.114263 0.911543 0.277934
v 0.269728 1.20323 0.263105
v -0.196811 0.777361 0.366028
v 0.196836 0.777344 0.36603
v -0.170508 1.57405 0.619073
v -0.25409 0.910316 -0.582211
v -0.067403 1.49737 0.752995
v 0.196814 0.66493 -0.506094
v 0.131921 1.30354 -0.455917
v -0.086354 1.29791 -0.561778
v -0.033816 0.851564 0.3856
v -0.419612 1.08377 -0.313455
v -0.053662 1.00466 0.181419
v 0.909523 0.847901 0.075922
v 0.136262 0.930399 0.088961
v -0.040629 1.01468 0.161253
v 0.186397 0.569236 -0.36096
v 0.240954 0.61441 -0.650413
v -0.287913 0.762192 -0.630928
v -0.808226 0.833441 0.160718
v -0.064135 0.797856 0.432631
v -0.120237 0.893028 0.389782
v -0.306371 0.145513 -0.123387
v 0.047824 0.731473 0.336617
v -0.447043 1.04717 -0.292718
v 0.066001 0.791103 0.432388
v 0.136931 0.816669 0.332502
v 1.899999999999992e-05 0.737118 0.301335
v -0.35011 0.848888 -0.520859
v -0.083449 1.57588 0.440302
v 0.259735 0.835684 -0.635255
v 0.128913 1.48117 0.694711
v -0.150948 1.51146 0.646759
v 0.077335 1.29696 -0.555702
v 0.255057 0.832924 -0.630841
v 0.069872 1.46188 0.727273
v 0.139657 0.8104 0.330995
v -0.022124 0.772289 0.121341
v 0.35398 0.785554 0.447158
v -0.164522 0.898746 0.142116
v -0.110815 0.889004 0.13949
v 0.017146 1.60172 0.45415
v -0.101796 0.993478 0.193311
v 0.141395 0.997727 0.091186
v -0.089104 1.49605 0.320933
v -0.055605 0.795435 0.328557
v -0.113214 0.988462 0.203205
v 0.023014 0.882974 0.318933
v 0.031012 0.966163 0.178451
v 0.128147 0.76923 0.263509
v 0.113741 0.900654 0.307267
v -0.204772 0.868596 0.259004
v 0.089496 1.57659 0.677442
v -0.128642 0.776108 0.264814
v 0.293581 0.022371 0.308963
v -0.116813 0.805843 0.316927
v 0.148686 0.874599 0.222738
v -0.07887 0.791915 0.370722
v 0.089165 1.49592 0.320914
v -0.044156 0.858279 0.117623
v 0.034535 0.736026 0.302916
v 0.151009 1.01664 0.23345
v -0.100412 0.868218 0.187603
v 0.105802 0.820982 0.198895
v -0.298518 0.60932 -0.513231
v -0.112109 0.955046 0.214301
v 0.027781 1.56787 0.667248
v 0.229465 0.625874 -0.424546
v 0.0002460000000000001 1.57953 0.604667
v -0.097767 0.940678 0.222256
v -0.111444 0.89364 0.393096
v 0.319009 0.595509 -0.512559
v -0.145958 1.56472 0.536848
v -0.224905 0.630632 -0.430228
v -0.028817 1.51972 0.711346
v 0.170822 1.5398 0.503378
v -0.096166 1.60861 0.489121
v 0.152885 0.844369 0.182919
v -0.158849 0.618508 -0.412273
v -0.024472 0.716624 0.344968
v 0.103641 0.873421 0.170824
v -0.29387 0.015831 0.325775
v -0.11853 0.76741 0.289706
v -0.105318 0.892894 0.13758
v -0.024313 0.852665 0.098643
v 0.096764 0.815185 0.24352
v 0.076805 0.901258 0.086182
v 0.093024 0.957393 0.195915
v 0.024347 0.868515 0.355902
v 0.015047 0.740877 0.317024
v -0.155683 1.54175 0.483688
v 0.023965 0.909677 0.121605
v -0.135232 0.844834 0.242722
v -0.081548 0.944425 0.21878
v 0.278956 0.030655 0.365577
v 0.196718 0.640497 -0.425775
v 0.098595 0.804827 0.275219
v -0.019496 1.62682 0.560757
v -0.257142 0.583012 -0.395979
v 0.214086 0.563966 -0.454676
v -0.236038 0.62422 -0.449025
v 0.020454 0.858267 0.102231
v -0.227896 0.579661 -0.365856
v 0.248574 0.591718 -0.397989
v -0.419098 0.023356 -0.380397
v -0.250328 0.033601 0.37361
v -0.450142 0.004383999999999999 -0.332201
v 0.133774 0.937751 0.250599
v 0.076468 0.873007 0.402561
v 0.0002859999999999998 1.55563 0.634925
v -0.026745 0.866755 0.366216
v -0.26257 0.590142 -0.625703
v 0.129267 0.900174 0.321972
v 0.432759 0.022313 -0.36377
v 0.079618 0.665468 -0.434864
v 0.23207 0.597811 -0.36704
v -0.0068600000000000015 0.774581 0.379022
v 0.044578 0.977518 0.168049
v 0.068355 0.913784 0.256614
v -0.100991 0.988057 0.201381
v -0.235067 0.622714 -0.618394
v 0.075493 0.954937 0.215703
v -0.10819 0.788573 0.236078
v -0.357234 0.010553 0.348505
v 0.026852 0.858666 0.15016
v -0.278237 0.609585 -0.5943
v 0.334484 0.021078 0.323092
v -0.33456 0.037386 0.338209
v 0.254238 0.594705 -0.502214
v 0.122005 0.989114 0.206431
v -0.260661 0.642854 -0.616156
v -0.266224 0.597405 -0.517023
v -0.334763 0.040844 -0.389453
v 0.284935 0.594772 -0.510616
v 0.134903 0.930031 0.328091
v 4.000000000000097e-06 0.856111 0.365813
v -0.064811 0.876875 0.333186
v 0.263027 0.620734 -0.595995
v -0.069121 0.943124 0.204286
v -0.259532 0.62024 -0.569672
v 0.408593 0.045375 -0.388284
v -0.014447 1.6077 0.572803
v 0.227947 0.038044 0.359459
v -0.020102 0.856552 0.132844
v 0.23715 0.645242 -0.628086
v 0.253609 0.57966 -0.594151
v 0.269581 0.63213 -0.580567
v -0.099767 0.905697 0.305147
v -0.426824 0.032168 -0.385418
v 1.0000000000000243e-06 0.947494 0.195649
v -0.023932 1.56828 0.62595
v 0.050233 1.59372 0.611452
v 0.370994 0.046265 0.324871
v 0.400226 0.042372 -0.415329
v 0.252167 0.643123 -0.627476
v 0.096059 0.898675 0.453037
v 0.025397 0.889903 0.146083
v 0.34066 0.038476 -0.405982
v 0.157481 1.02009 0.231873
v 0.354738 0.003014 -0.383625
v -0.079263 0.883669 0.333216
v 0.081126 0.923429 0.242398
v -0.432727 0.027935 -0.3875
v -0.080146 1.11993 0.728233
v -0.130394 1.46915 0.290514
v 0.137334 1.2377 0.726693
v 0.279248 1.14656 0.566034
v 0.420236 0.012242 -0.417204
v 0.072009 1.4622 0.733931
v 0.292012 0.031006 0.334537
v -0.410802 0.017005 -0.386521
v -0.360344 0.029706 0.367386
v 0.438425 0.018536 -0.371784
v 0.393113 0.034662 0.349757
v 0.097706 0.909779 0.277139
v -0.343479 0.027164 0.338678
v 0.45382 0.01815 -0.416998
v 0.322097 0.041407 0.358318
v -0.03514 0.949806 0.204897
v -0.082711 0.928291 0.247226
v 0.082686 0.896231 0.309699
v 0.361053 0.041557 -0.385683
v 0.459964 0.037427 -0.369205
v -0.299762 0.051118 0.344244
v -0.32637 0.023428 0.297467
v -0.283132 0.027493 0.353223
v -0.418327 0.017209 -0.429316
v 0.275879 0.592802 -0.597076
v -0.347992 0.008822 -0.422557
v -0.44741 0.007112 -0.405276
v -0.340946 0.017174 -0.369956
v -0.085774 0.901123 0.299474
v -0.364029 0.012857 -0.384195
v 0.359299 0.044367 0.362182
v -0.095865 0.911616 0.278128
v 0.109751 0.772902 0.581264
v 0.076909 1.31891 0.159027
v -0.366384 0.682489 0.038063
v -0.168861 1.11591 0.191493
v -0.299959 1.27001 0.460977
v -0.162116 0.332625 0.61917
v -0.406545 0.907979 -0.352659
v 0.155773 0.657198 0.662026
v 0.27236 1.38133 0.445246
v 0.309118 0.584711 0.407512
v 0.465081 0.027697999999999987 -0.257527
v 0.405854 0.152613 0.143568
v 0.234447 1.00854 0.395466
v 0.420343 0.744333 -0.326736
v -0.120564 0.061865 -0.048977
v -0.263914 1.30464 0.555176
v 0.254127 1.12295 0.551327
v 0.119964 0.043458 0.003840999999999997
v 2.1999999999994246e-05 1.4012 0.195591
v -0.057108 1.01395 -0.614768
v -0.253447 1.09818 0.298193
v 0.390494 1.0989 -0.331894
v 1.7999999999999787e-05 1.30936 0.741832
v -0.264942 1.00949 0.44561
v 0.336079 0.096236 0.571458
v -0.058368 0.663234 0.52077
v -0.392887 0.144123 0.203784
v 0.159512 1.18359 0.734986
v -0.461322 0.541642 -0.087706
v 0.126468 1.01794 -0.565151
v -0.363008 0.236157 -0.390905
v 0.063813 1.04818 -0.164705
v 0.337781 0.920456 -0.224445
v -0.207984 1.09713 0.199693
v -0.159999 1.44005 0.651998
v 0.485885 0.137672 -0.181027
v -0.044242 0.37026 -0.463957
v -0.225471 1.01525 0.399078
v -0.375477 0.060198 0.541126
v -0.481276 0.386331 0.169184
v 0.173746 0.977519 0.311809
v 0.077103 1.05704 0.677167
v -0.165569 1.13016 0.712257
v 0.329274 0.173948 -0.377049
v -0.0016020000000000001 1.15477 -0.14649
v -0.189461 0.980956 0.327561
v -0.149408 0.943017 0.566551
v 0.458316 0.441781 0.214299
v -0.471667 0.281993 -0.127941
v -0.056698 0.025011 0.113512
v 0.585115 0.907071 0.100368
v 0.155227 1.136 0.695549
v 0.326072 1.13034 0.47901
v -0.00014800000000000056 0.554839 0.555783
v 0.185645 1.48364 0.57066
v 0.303445 0.754959 -0.030282
v 0.062343 0.607362 -0.656851
v -0.068438 1.03679 -0.33157
v 0.069916 0.768161 0.222714
v -0.109437 1.04542 0.186021
v -0.33953 0.004300000000000002 0.479291
v -0.222309 0.642542 -0.490531
v 0.379159 0.631485 0.200514
v 0.322502 0.654362 0.248466
v 0.325209 0.820635 0.442905
v -0.088088 0.100334 0.502909
v 0.223152 0.019232 0.420615
v -0.464097 0.375473 0.212751
v -0.686127 0.78526 0.192317
v -0.097853 0.443159 0.604681
v -0.279069 1.36015 0.389184
v 0.501068 0.334227 -0.162392
v -0.194666 0.934128 0.178297
v 0.339271 0.898389 0.25418
v -0.03634 1.59376 0.474557
v -0.270291 0.781276 -0.655404
v 0.277756 1.3478 0.50078
v 0.18732 1.01293 0.273304
v -0.110983 0.839719 0.313448
v -0.0005090000000000008 0.526807 0.786704
v 0.37879 0.783639 0.22968
v 0.49645 0.342876 0.061922
v -0.413489 0.744531 -0.327763
v -0.244576 0.805844 -0.052197
v -0.049324 0.873809 0.087247
v 0.07392 0.360921 1.05545
v -0.204691 0.747261 0.180961
v 0.11417 0.427974 -0.648656
v -0.109092 0.547706 -0.669958
v 0.067159 1.46719 0.263381
v -0.419434 0.909315 0.115006
v -0.156597 0.658602 -0.431374
v -0.044374 1.05837 0.734492
v -0.327911 0.674205 0.21031
v -0.332588 1.23491 0.398331
v 0.134477 0.685629 0.386473
v 0.133427 0.844853 0.011063999999999997
v 0.102162 0.942388 0.226728
v 0.474904 0.200389 0.440279
v -0.293065 1.06322 -0.354095
v 0.467078 0.277308 0.353082
v 0.273911 0.150663 -0.317353
v 0.468999 0.13697 0.42332
v 0.08658 0.066827 0.451363
v -0.073716 0.59368 0.888883
v 0.190005 1.24685 0.693766
v -0.248174 0.811056 -0.049216
v -0.0021460000000000003 1.00215 -0.100433
v 0.302888 1.00524 -0.236062
v -0.206905 1.46432 0.537844
v -0.218551 1.24223 0.664597
v 0.389635 0.771883 0.292487
v -0.622489 0.769033 0.368186
v -0.187862 0.098874 -0.139105
v -0.145973 1.16389 -0.257005
v 4.600000000000437e-05 0.905343 -0.066642
v -0.364944 0.32717 0.592555
v 0.052337 0.028714 0.176373
v -0.263801 0.88744 0.133423
v 0.269277 1.37132 0.55288
v -0.037524 1.16953 0.753944
v 0.109406 0.631719 -0.78482
v -0.247278 1.36042 0.283149
v -0.105801 1.42843 0.242972
v 0.261436 1.16921 0.619148
v 0.449188 0.388077 0.477035
v -0.075836 0.588366 0.88485
v -0.111546 0.909379 0.372588
v 4.999999999999796e-06 0.738547 0.189094
v -0.163112 0.332887 0.626094
v -0.041928 0.698621 -0.620193
v -0.474327 0.265594 0.104591
v -0.374167 0.135006 0.070863
v 0.181776 0.084536 -0.091152
v 0.026445 1.01473 0.036346
v 0.126175 1.21444 -0.408026
v -0.068804 1.25229 -0.340163
v 0.11862199999999998 0.585289 0.508531
v 8.999999999995123e-06 1.46003 0.201715
v 0.418555 0.193011 0.210947
v 0.093976 0.322318 -0.386185
v -0.301942 0.823529 0.188186
v 1.299999999999999e-05 1.45519 0.206773
v 0.976311 0.714211 0.213711
v 0.118578 0.652922 -0.403736
v -0.152349 1.44173 0.238256
v 0.22442 1.44599 0.343713
v 0.039605 1.26273 0.106967
v 0.389396 0.674749 -0.139534
v 0.112407 0.611552 0.715795
v -0.144872 1.24453 -0.456022
v 0.33538 0.766947 -0.101103
v 0.799465 0.756668 0.202276
v 0.083279 0.686877 -0.607835
v 0.20382 1.08934 0.66576
v -0.363753 0.721037 -0.11932
v -0.271779 1.40957 0.498706
v -0.116711 1.54369 0.357851
v 0.470996 0.461184 -0.242325
v -0.176714 1.45552 0.316687
v 0.310115 0.655919 -0.650015
v -0.212138 1.19738 0.687935
v 0.155383 0.769558 -0.758013
v 0.109361 0.880715 0.19104
v -0.054447 0.818687 0.124837
v 0.684793 0.77904 0.189411
v -0.367254 0.723763 -0.551115
v -0.369334 0.504221 -0.348452
v 0.278344 1.04216 0.382147
v -0.289901 1.02428 -0.26434
v 0.283892 1.0701 0.316219
v -0.494701 0.172955 -0.349786
v -0.067067 0.459423 -0.721462
v -0.2514 0.463855 0.5694
v 0.20575 0.637599 -0.439788
v 0.446927 0.506824 -0.261641
v -0.254892 1.27257 0.624034
v 0.095631 1.51092 0.309853
v -0.424453 0.163006 0.335289
v -0.200239 1.49619 0.493685
v 0.154271 0.280474 0.6248
v -0.239458 1.40693 0.310723
v -0.285408 0.532782 0.491214
v -0.393641 0.350863 0.558693
v -0.399893 0.654954 -0.255962
v 0.189338 1.41814 0.279418
v 0.202459 0.987923 0.376301
v 0.074447 0.582841 -0.451521
v 0.861825 0.846456 0.059312
v -0.229468 0.621503 -0.634883
v -0.419945 0.165172 0.340187
v -0.316175 1.27483 0.327127
v -0.267178 1.12772 0.598561
v -0.200833 1.40718 0.660527
v 0.2373 0.534223 -0.656441
v 0.153244 0.281695 0.617984
v -0.130842 1.00786 0.180402
v -0.326595 0.762438 0.342351
v 0.061163 0.66167 -0.442029
v 0.382573 0.8314 0.431079
v 0.075099 1.34627 0.169786
v 0.089468 0.931016 -0.692313
v 0.243343 1.04188 0.574667
v -0.17994 0.642116 -0.766345
v 0.401653 0.203096 -0.110208
v -0.068436 1.03031 -0.280922
v 0.160728 1.37266 0.679482
v 0.104179 1.15496 -0.294006
v 0.04863 1.02823 0.138306
v -0.031411 0.293884 1.11577
v -0.078818 0.830891 0.390036
v 0.027839 0.390493 1.07255
v -0.326693 0.502478 -0.385275
v 0.127953 1.07866 0.181147
v 0.408516 0.774301 -0.428396
v -0.149788 0.946225 0.464979
v -0.225256 0.21064 -0.265792
v 0.396997 0.207592 -0.107542
v 1.1000000000002327e-05 0.605671 -0.830376
v 0.151942 0.546914 -0.61465
v -0.060611 1.50284 0.307813
v -0.418676 0.020339 -0.240844
v -0.030357 1.52046 0.718134
v 0.828682 0.80499 0.240162
v 0.3362 0.006561999999999998 0.43628
v 0.183803 1.5281 0.452683
v 0.306584 1.20905 0.34403
v 0.058902 1.497 0.311475
v -0.054572 0.206795 -0.31165
v -0.216283 0.369101 -0.369543
v 4.099999999999937e-05 0.783408 -0.801968
v -0.416308 0.07951 -0.404127
v 0.044874 0.457362 0.917169
v -0.054048 0.211568 -0.306556
v -0.27236 0.52821 -0.613122
v -0.43816 0.990747 0.131968
v 0.501819 0.908127 0.101603
v -0.166353 0.408117 -0.472357
v -0.410937 0.536143 -0.278985
v 0.175117 1.46488 0.614333
v 0.385433 0.683261 -0.517246
v -0.053797 0.524765 -0.655386
v 0.102705 0.251129 -0.342058
v -1.6000000000002124e-05 1.3162 0.757864
v -0.206623 1.29427 0.64592
v -0.167988 1.53272 0.433755
v -0.11632 0.966389 0.121161
v -0.22143 0.638477 -0.616099
v 0.05716 0.571754 -0.679246
v -0.150334 0.183626 0.574033
v -0.138191 1.36937 0.690463
v -0.093753 0.90523 0.451925
v -0.127557 0.990461 0.646527
v -0.135111 0.918286 0.427793
v -0.143838 1.05017 0.052235
v 0.294937 0.08799 0.308998
v -0.293563 0.088973 0.576817
v -0.241401 1.22897 0.21521
v 0.301903 1.17987 0.497759
v 0.168381 0.986036 0.044361
v -0.169395 0.533244 -0.574726
v 0.260279 1.27357 0.628434
v -0.263997 1.20342 0.267085
v -0.653234 0.854868 0.113425
v -0.137462 0.948928 -0.652743
v -0.027189000000000005 0.868049 0.47799
v 0.035743 0.634596 0.814285
v -0.043238 0.614613 -0.791419
v -0.41104 0.238799 -0.385061
v -0.242838 1.46493 0.417428
v -0.185832 1.20683 -0.182708
v -0.195626 0.437767 -0.493895
v 0.164592 0.75721 0.638398
v 0.174676 1.50346 0.536335
v -0.268165 1.18844 0.582461
v -0.087069 0.359074 1.05923
v -0.150506 1.15928 -0.259681
v 0.106124 1.57077 0.393479
v -0.541348 0.768771 0.38538
v -0.398605 1.03872 -0.242974
v -0.172969 1.07805 -0.077489
v -0.170109 0.995617 0.636312
v 0.541027 0.775571 0.383635
v -0.541029 0.775553 0.383676
v -0.161599 0.638652 0.856837
v -0.305016 0.574053 -0.538843
v 0.059691 0.904515 0.510479
v -1.2999999999999123e-05 0.530541 -0.552854
v 0.129957 0.985837 0.651185
v 0.282246 0.426053 -0.356182
v 0.315807 0.918822 -0.518948
v 0.284726 0.423493 -0.362207
v -0.11873499999999997 1.25847 0.120663
v 0.20424 1.24605 0.179951
v 0.196386 1.20054 0.18702
v -0.160291 1.00962 0.624455
v -0.113095 0.664906 0.565191
v 0.080692 0.755427 0.265475
v 4.999999999999796e-06 0.974122 0.153512
v -0.140588 0.908896 0.276283
v 0.222622 0.138151 0.568081
v -0.156938 1.28991 0.719021
v 0.008706000000000002 0.766674 0.357317
v -0.181791 1.45955 0.60648
v -0.127708 1.51618 0.382217
v 0.114698 0.565857 -0.390814
v 0.039799 1.55619 0.391603
v -0.073218 1.54589 0.395626
v 0.198736 0.701721 0.741662
v -0.331285 0.612 -0.531833
v 0.297002 0.562866 -0.57449
v 0.215683 1.50884 0.495102
v -0.261946 0.059231 0.327509
v 0.264003 1.20339 0.267129
v -0.156966 1.01407 0.620192
v 0.154987 0.584996 0.939373
v 0.338885 0.903336 0.124346
v 0.380493 0.937897 0.225438
v -0.238252 0.633412 -0.556357
v -0.181671 0.140272 0.529069
v -0.834339 0.74517 0.267711
v 0.216297 1.20673 -0.204116
v -0.121565 0.891288 0.344947
v 0.219528 0.013262 0.420144
v -0.114742 1.20154 -0.189064
v -0.835141 0.752055 0.266732
v -0.555507 0.951702 0.156974
v 0.587857 0.846456 0.382334
v 0.555519 0.951722 0.156942
v 0.054813 1.36039 0.760091
v 0.144132 0.910173 0.425359
v -0.259613 1.01401 0.445235
v 0.209406 0.985663 0.51788
v 0.586708 0.839694 0.380933
v -0.365397 0.198914 -0.135382
v 0.07905 0.966083 0.617937
v -0.544525 0.843927 0.389223
v 0.398511 1.03888 -0.243011
v 0.640714 0.941513 0.142627
v -0.171695 0.069139 0.417339
v -0.640708 0.941522 0.142614
v 0.47935 0.83594 0.438347
v -0.136197 1.53898 0.423067
v -0.670311 0.834537 0.358724
v 0.140529 1.37232 0.705025
v -0.155501 1.28787 -0.440265
v -0.376435 0.775082 0.388431
v -0.035842 0.704262 0.706767
v 0.768069 0.79598 0.379973
v -0.768057 0.795943 0.380022
v -0.135143 0.488826 0.931814
v -0.259029 1.0954 0.295014
v -0.153252 0.9644 0.258269
v 0.863234 0.802497 0.218232
v -0.863234 0.802482 0.218242
v 0.150154 0.984997 0.590062
v -0.048867 1.27406 -0.495557
v 0.335026 1.04755 -0.266629
v -0.326078 1.13039 0.478991
v -0.112486 0.652453 -0.42558
v 0.216193 0.640138 -0.464699
v 0.182354 1.05985 0.236828
v 0.082367 0.953721 0.624899
v -0.038234 0.585064 -0.376003
v 0.304963 0.860106 -0.553318
v 0.113389 1.20927 -0.186869
v -0.211179 0.563321 -0.456497
v -0.191889 0.618718 0.882543
v -0.248119 0.395665 -0.358209
v -0.197584 0.065872 0.382912
v 0.114847 1.20297 -0.189548
v -0.171207 0.772179 0.596337
v -0.150925 1.08101 0.198483
v 0.13817 1.36939 0.690493
v -0.173788 0.838293 -0.712114
v -0.153706 0.720612 0.698709
v 0.102474 1.44811 0.69669
v -0.067249 1.17752 0.126943
v 0.309702 0.986752 0.138801
v -0.151553 0.767379 -0.753141
v 0.30409 1.32019 0.356611
v 0.130084 1.50971 0.66898
v 0.133613 0.900464 0.436092
v 0.248544 0.19799 -0.224937
v -0.263898 0.955686 0.163166
v 0.193155 0.560106 -0.48289
v -0.188316 0.518459 -0.689934
v -0.976072 0.752137 0.240468
v -0.117024 0.624641 -0.423452
v 0.218046 0.732912 -0.717202
v -0.338829 0.903474 0.258995
v 0.206929 0.566149 -0.517281
v 0.07662 0.957448 0.152754
v 0.085688 0.717759 0.234046
v -0.065608 1.17843 0.133687
v -0.0573 1.61176 0.456785
v 0.14189 1.03116 0.196303
v -0.088165 0.894858 0.311665
v 0.29985 0.535924 -0.528148
v -0.074244 1.2347 -0.30401
v 0.184518 1.1214 -0.033836
v 0.043407 0.885116 0.314669
v -0.094701 0.753293 0.168161
v 0.097244 1.26868 -0.388362
v 0.074037 0.988972 0.173364
v -0.040095 0.648906 -0.410916
v 0.138681 0.705546 0.512413
v 0.297056 0.055296 -0.292386
v -0.078786 0.596124 -0.346779
v 0.344695 0.705666 -0.578354
v 0.147449 1.03196 -0.05476
v 0.26316 0.887399 0.133523
v -0.795772 0.812382 0.259618
v 0.069596 1.25791 -0.585616
v -0.319105 0.85994 0.352035
v -0.192885 0.063178 0.481727
v -0.105676 0.991236 0.196712
v 0.917114 0.803173 0.111302
v 0.767486 0.799941 0.385715
v -0.147148 0.767914 0.329907
v -0.059765 0.48632 1.00355
v 0.781771 0.874183 0.145252
v -0.186923 0.749206 0.649937
v -0.77561 0.850843 0.174809
v 0.069005 0.907275 0.058096
v 0.049972 0.484036 0.997364
v -0.445954 0.836368 0.456371
v -0.023123 0.778287 0.488549
v -0.142611 1.04525 0.047411
v 0.108478 1.5897 0.475859
v -0.175417 1.542 0.582413
v -0.069926 1.46185 0.72726
v 0.182889 0.544329 -0.528818
v -0.169954 0.556264 -0.663653
v 0.121477 0.106044 0.500291
v -0.214165 1.12633 -0.078373
v -0.355582 0.00027199999999999967 -0.31513
v 9.000000000002062e-06 0.904633 0.274524
v -0.027237 0.762868 0.313617
v 0.115717 0.790146 0.463719
v -0.155562 0.943257 0.109682
v 0.270615 0.654179 -0.691553
v -0.13439 0.988979 0.006450000000000001
v 0.114742 0.520331 -0.643569
v 0.428214 0.008708 -0.356873
v -0.121139 0.978793 0.233696
v 0.274443 1.32695 0.528536
v -0.323349 0.028755 -0.365775
v -0.178818 0.659292 0.716233
v -0.009565 0.906669 0.122291
v -0.909495 0.847949 0.075876
v 0.049265 0.761086 0.145293
v -0.114678 1.59271 0.476891
v 0.065882 1.49605 0.746277
v -0.080575 1.25348 -0.596131
v 0.179325 0.459792 1.03621
v 0.16906 0.896655 0.221556
v 0.170519 1.57401 0.619126
v 0.136366 0.904871 0.273976
v 0.942038 0.839309 0.053143
v -0.170089 0.749842 0.48853
v 0.080556 0.743968 0.368773
v 0.027338 0.858782 0.36321
v -0.141985 0.43976 1.06684
v -0.067274 0.86539 0.381715
v 0.053781 1.00715 0.070539
v -0.077006 1.25926 -0.594424
v 0.19206 1.09957 -0.053072
v 0.123383 1.52567 0.394512
v 0.034023 0.702594 0.386342
v -0.302407 0.731183 -0.627647
v 0.293704 0.764358 -0.634093
v 0.195826 0.927791 0.176609
v 0.186485 0.605442 -0.394937
v -0.15491 1.60079 0.557834
v -0.309915 0.898251 -0.539804
v -0.141081 0.886601 0.198283
v 0.077269 0.804871 0.148953
v -0.313293 0.839452 -0.553223
v 0.234413 1.12627 0.240477
v -0.130122 1.32801 0.707069
v -0.910006 0.818887 0.100978
v 4.999999999999796e-06 0.978311 0.15912
v 0.031854 1.62711 0.472792
v -0.451556 1.08013 -0.290198
v 0.416679 0.797396 0.459028
v -0.127104 1.51438 0.694801
v 0.071808 1.55749 0.655281
v -0.048574 0.783671 0.460494
v 0.186215 0.834964 0.344912
v 0.147292 1.51553 0.668708
v -0.240082 0.815374 -0.656891
v 0.032515 1.47593 0.747151
v 0.257975 0.619479 -0.576379
v 0.098124 0.883082 0.333825
v 0.266688 0.780551 0.423999
v 0.219163 0.820344 0.385699
v -0.031474 1.47412 0.740486
v -0.18967 0.560803 -0.441674
v -0.12107 0.873104 0.219514
v -4.999999999999796e-06 0.855685 0.392187
v 0.140039 1.47659 0.33869
v -0.05503 0.742907 0.32509
v -0.303273 0.78281 -0.611726
v -0.296648 0.180499 -0.171114
v -0.100896 0.812889 0.292433
v -0.113699 0.928745 0.252042
v -0.043052 1.51453 0.331451
v 0.072038 1.61924 0.591713
v 0.052761 0.794622 0.404742
v -0.160934 0.827487 0.330056
v 0.106408 0.774754 0.299009
v 0.276006 0.81648 -0.616928
v 0.055779 1.59934 0.566967
v 0.082281 0.845895 0.151056
v 0.046243000000000006 1.2917 -0.56132
v -0.030972 0.737658 0.188636
v 0.121135 0.790925 0.219892
v -0.384457 0.160986 -0.137329
v -0.17202 0.803279 0.380897
v -0.186942 1.4017 0.647791
v -0.135153 0.827265 0.187673
v 0.121857 1.27168 -0.546626
v 0.115624 0.797542 0.336556
v 0.107808 0.848694 0.219425
v -0.03442 0.736121 0.303032
v -0.098937 0.753099 0.360972
v 0.054008 0.765946 0.307781
v -0.115945 0.866482 0.210815
v 0.028278 0.848131 0.127622
v 0.227389 0.839574 -0.663571
v 0.40614 0.0008920000000000004 -0.372149
v 0.125209 0.899735 0.369858
v 0.31757 0.177732 -0.175533
v -0.207908 0.999525 0.352234
v 0.05495 1.55719 0.412109
v -0.426638 1.08654 -0.269562
v 0.028815 1.5197 0.711332
v -0.026229 0.917496 0.251606
v -0.143953 1.56349 0.655195
v 0.243304 0.565753 -0.400882
v 0.02501 0.781231 0.346062
v 0.172515 0.76684 0.327212
v -0.070483 0.772033 0.127048
v -0.088939 0.758408 0.255186
v -0.194328 0.952978 0.327429
v 0.148415 1.57583 0.511821
v -0.055242 0.848383 0.129355
v 0.08033 0.896119 0.082994
v -0.233404 0.615628 -0.45035
v 0.124069 0.88674 0.445726
v -0.069729 1.62015 0.563303
v -0.068156 0.950814 0.206619
v -0.269165 0.594739 -0.467165
v -0.02829 0.882289 0.142591
v -0.249187 0.602456 -0.437843
v 0.145114 1.43979 0.666037
v 0.036771 0.873742 0.152758
v 0.093052 0.88829 0.120541
v -0.013465000000000001 0.952809 0.186888
v -0.339155 0.02807 0.350182
v -0.39104 0.03346 0.319827
v 0.100062 0.901273 0.287955
v 0.083307 0.88563 0.325452
v -0.121431 0.801654 0.313745
v 0.070783 0.675024 -0.471477
v 0.226817 0.56615 -0.386834
v 0.355534 0.044888 0.341872
v 0.035745 0.749992 0.321298
v 0.106809 0.813707 0.210328
v 0.111806 0.880945 0.20625
v 0.075729 0.958193 0.21413
v 0.134702 0.835906 0.258582
v -0.070174 1.6266 0.565984
v -0.134808 0.835806 0.258628
v 0.313317 0.175297 -0.170535
v -0.094311 0.757449 0.363918
v 0.106963 0.782511 0.243275
v -0.111855 1.4164 0.726759
v 0.155365 0.639623 -0.403147
v -0.052976 1.60202 0.464276
v -0.122001 0.796235 0.224377
v -0.115616 0.797552 0.336546
v 0.023546 0.872229 0.086417
v 0.096974 0.803848 0.301899
v -0.250346 0.583801 -0.39746
v 0.232244 0.573798 -0.42938
v 0.143711 0.931466 0.272662
v 0.229435 0.62164 -0.635122
v -0.168637 1.53764 0.600949
v -0.035745 0.749992 0.321298
v -0.072075 1.55768 0.65496
v -0.302741 0.011719 0.343038
v 0.29386 0.015812 0.325723
v 0.061273 0.886901 0.30907
v 0.216809 0.623148 -0.39792
v 0.013618 0.865373 0.368299
v -0.113608 0.881255 0.406816
v 0.266306 0.041532 0.332938
v -0.254538 0.594637 -0.502353
v -0.093628 0.775042 0.28433
v -0.390722 0.005581000000000001 -0.389609
v 0.069543 0.86643 0.386622
v 0.044545 0.666431 -0.438138
v -0.232934 0.608358 -0.384191
v 0.112294 0.955159 0.214337
v 2.0000000000000486e-06 0.855397 0.13857
v -0.008026 0.979176 0.161875
v -0.368801 0.01257 0.311381
v 0.068964 0.932753 0.22428
v -0.226497 0.560126 -0.374841
v -0.025010000000000008 0.78123 0.346062
v -0.102407 0.981236 0.204431
v -0.473069 0.027706 -0.373416
v -0.267349 0.643266 -0.603293
v -0.317299 0.603306 -0.537965
v 0.340947 0.017176 -0.369968
v -0.368051 0.020832 -0.391727
v -0.34295 0.004059 -0.38016
v 0.245386 0.604052 -0.626379
v 0.234359 0.623468 -0.615574
v 0.338487 0.029536 0.349361
v 0.461382 0.007564000000000001 -0.370944
v -0.052443 0.875463 0.379846
v -0.129473 1.03986 0.203408
v 0.034637999999999995 0.747022 0.315056
v -0.25396 0.620667 -0.633319
v -0.315855 0.019595 0.353734
v 0.047317 0.960406 0.17735
v -0.047311 0.960404 0.177345
v 0.112175 0.88822 0.319212
v 0.283732 0.616995 -0.522845
v -0.026829 0.964042 0.192157
v 0.235919 0.624292 -0.449112
v -0.213843 0.611012 -0.38583
v -0.258123 0.603354 -0.632852
v 0.310664 0.055012 0.341953
v 0.100967 0.906474 0.275487
v 0.051548 0.946717 0.198176
v 0.305432 0.600598 -0.516953
v 0.114636 0.848141 0.228969
v -0.050463 1.58125 0.635254
v -0.013532 1.61115 0.578827
v 0.263887 0.598603 -0.491566
v 0.420837 0.02966 -0.394199
v -0.243443 0.621203 -0.572136
v -0.29483 0.031434 0.305976
v 0.286477 0.604756 -0.606974
v 0.422263 0.022475 -0.383051
v 0.101134 0.988275 0.201367
v -0.010881 1.5783 0.591988
v -0.096088 0.89872 0.453004
v -0.090563 1.04986 0.17302
v 0.240464 0.646291 -0.5967
v 0.090583 1.04986 0.173021
v -0.175026 0.999142 0.269985
v 0.087247 0.930516 0.22995
v 0.329858 0.018461 0.310056
v 0.258185 0.64435 -0.594808
v -0.429416 0.03159 -0.392493
v 0.276174 0.024503 0.343958
v -0.270646 0.593058 -0.590083
v 0.074814 0.868301 0.349512
v 0.157802 0.93903 0.39319
v 0.355025 0.010238 -0.415155
v 0.386062 0.044332 -0.402428
v -0.44739 0.024294 -0.359537
v -0.411544 0.047438 -0.401126
v 0.386548 0.02636 0.365134
v -0.397911 0.046324 -0.389466
v -0.0008500000000000001 0.872139 0.136813
v 0.367794 0.024586 0.306924
v -0.063225 0.941501 0.220556
v 0.332345 0.010193 -0.378871
v -0.086044 0.874358 0.355171
v 0.423841 0.013017 -0.374622
v 0.045993 0.886669 0.153015
v -0.012219 0.867328 0.357901
v -0.249611 0.022997 0.370212
v -0.088867 0.906528 0.288896
v 0.035141 0.949805 0.204898
v -0.3385 0.02954 0.349369
v 0.088883 0.917398 0.267727
v 0.245242 0.040805 0.365587
v 0.012817999999999998 1.56753 0.627393
v -0.425666 0.024439 -0.377706
v -0.054392 0.943326 0.203836
v 0.315845 0.01957 0.353712
v 0.041887 1.57374 0.603489
v 0.310069 0.041914 0.302631
v 0.333724 0.015002 -0.429699
v -0.251166 0.048032 0.360449
v 0.406697 0.033382 -0.373612
v -0.063108 0.875301 0.349291
v -0.084464 0.926666 0.236451
v -0.120579 0.954249 0.220878
v -0.292192 0.043828 0.346397
v 0.389498 0.008279 -0.419034
v 0.390961 0.015354 0.31544
v 0.41575 0.02332 -0.431561
v -0.106755 0.781775 0.244012
v -0.277754 0.020497 0.358498
v 0.43941 0.029656 -0.363073
v -0.325922 0.017832 -0.418917
v 0.351359 0.042544 -0.382889
v 0.474697 0.00936 -0.406402
v 0.265321 0.566924 -0.606849
v 0.1212 1.03336 0.200184
v 0.088143 0.901733 0.284552
v -0.319143 0.015935 0.290519
v 0.010305 0.946893 0.196814
v 0.373357 0.02898 -0.385567
v -0.412178 0.010165 -0.436523
v -0.472068 0.015367 -0.418405
v -0.095118 0.919279 0.258726
v -0.096495 0.904025 0.288816
v 0.359457 0.037279 0.365609
v -0.358598 0.029214 -0.370549
v -0.359457 0.037243 0.365638
v 0.271584 0.576896 -0.600859
f 4 5 3
f 8 9 5388
f 10 8 5388
f 3 1 4
f 1 12 2
f 12 5 2
f 1 3 5
f 1 5 12
f 13 7 14
f 9 14 15
f 9 15 5805
f 10 14 9
f 10 9 8
f 13 14 10
f 7 13 10
f 7 10 4032
f 4387 7 16
f 18 4851 3449
f 18 3449 4261
f 18 16 4851
f 6016 16 5159
f 19 5805 14
f 4832 6016 5159
f 7 4032 16
f 4908 6019 17
f 5514 4373 21
f 23 22 5408
f 25 6019 27
f 25 27 26
f 25 26 5408
f 27 5408 26
f 5719 28 25
f 5719 4664 28
f 23 25 22
f 18 4261 24
f 29 30 3880
f 31 29 5879
f 5408 32 23
f 3260 23 32
f 3260 32 5408
f 5879 5119 3733
f 31 5879 3733
f 3733 11 31
f 24 23 4247
f 22 25 5408
f 5159 31 4832
f 20 31 5159
f 29 31 20
f 6180 4808 21
f 5514 21 4808
f 28 4664 25
f 6019 25 4664
f 6019 4664 17
f 5805 15 14
f 5805 19 4208
f 5388 4208 11
f 5159 30 29
f 5159 29 20
f 3880 30 5159
f 11 3733 6196
f 40 39 5809
f 5206 3684 41
f 42 5206 41
f 45 46 3240
f 45 3240 44
f 43 2931 5657
f 47 3890 5680
f 47 5744 3890
f 5680 50 4626
f 3890 5744 4586
f 55 54 5860
f 5860 3651 55
f 3651 54 55
f 5860 54 53
f 4760 3651 57
f 3692 59 52
f 5868 60 3996
f 58 60 5868
f 3996 60 58
f 3692 61 59
f 5798 62 63
f 59 61 52
f 5802 2905 3852
f 5847 3102 67
f 67 3102 68
f 3102 4376 3429
f 3102 3429 68
f 69 3429 4376
f 4376 5386 69
f 3429 69 5386
f 67 68 3429
f 74 5836 70
f 78 71 77
f 71 78 5183
f 4289 79 71
f 5737 78 77
f 79 77 71
f 3927 3440 5183
f 3440 4713 81
f 4713 82 5460
f 5143 84 4738
f 85 84 5143
f 4738 84 85
f 85 5293 4738
f 86 4662 4385
f 5236 4662 4183
f 4385 4662 5236
f 5143 83 5637
f 3986 88 90
f 91 5637 83
f 5293 92 4738
f 93 5464 92
f 5303 6005 98
f 98 4745 5303
f 89 99 96
f 99 4745 6005
f 98 6005 4745
f 88 89 5312
f 88 5312 3271
f 3271 90 88
f 5198 3220 5861
f 5797 4801 92
f 3033 5797 3198
f 63 62 64
f 63 64 5214
f 5214 64 62
f 5737 80 4585
f 3877 2988 5659
f 5802 3284 3038
f 3284 5062 5679
f 4219 4577 5798
f 3852 4219 65
f 46 104 3597
f 3597 104 3443
f 104 46 3443
f 107 5648 3923
f 5648 107 4182
f 5149 3923 3669
f 5642 5120 2941
f 4734 111 112
f 5082 50 5680
f 4614 3454 3587
f 3454 4614 3301
f 4614 5181 3301
f 3030 4699 108
f 108 4182 5400
f 3241 57 117
f 3241 117 5859
f 3241 5859 5187
f 108 3670 4182
f 115 116 114
f 118 116 115
f 3990 119 118
f 118 115 114
f 122 121 3636
f 3086 3345 3540
f 120 3990 3086
f 5120 112 3408
f 5162 128 5731
f 5162 5731 112
f 128 5756 127
f 128 127 4618
f 126 5733 112
f 130 5229 132
f 5229 130 131
f 126 4679 5733
f 4722 136 138
f 136 137 138
f 5091 140 139
f 5091 137 140
f 137 139 140
f 4722 5968 136
f 141 3399 5141
f 141 5782 3399
f 3399 76 4671
f 4722 4303 5968
f 5739 4303 4722
f 3308 4344 3741
f 3308 3741 145
f 4722 146 145
f 146 3308 145
f 2903 147 3415
f 149 5285 150
f 5871 149 151
f 5644 143 4743
f 135 4015 141
f 110 4720 5712
f 5140 152 3856
f 152 5806 3856
f 4348 5806 152
f 4357 4743 5871
f 143 5871 4743
f 5507 4357 151
f 151 4357 5871
f 3508 122 3636
f 5950 156 155
f 155 157 5950
f 5859 4626 5187
f 4239 5847 67
f 44 5386 45
f 3005 3861 5887
f 42 41 3684
f 3005 5887 156
f 4998 3109 5691
f 3830 4998 5691
f 3830 5691 3521
f 48 5670 4579
f 159 5086 4227
f 160 5086 159
f 3606 160 3467
f 5730 82 4276
f 5730 91 70
f 82 4327 161
f 4948 6115 162
f 161 162 6115
f 161 4948 162
f 4276 82 4713
f 161 6115 82
f 3986 90 3271
f 3271 5650 163
f 4773 74 70
f 3271 5836 74
f 163 5836 3271
f 4213 3226 5109
f 4213 5109 163
f 4213 163 100
f 163 5650 100
f 5252 164 4281
f 165 2926 5834
f 5201 164 4245
f 166 164 5201
f 6219 3707 167
f 6219 167 3559
f 5201 4281 166
f 164 166 4281
f 95 4590 96
f 6064 169 170
f 169 3634 5255
f 169 2923 170
f 4971 4082 173
f 4082 174 5567
f 48 5062 2952
f 5727 178 3854
f 177 80 79
f 4585 80 177
f 4585 177 3238
f 4585 3238 2988
f 134 3683 4486
f 4000 3511 4486
f 3511 4000 132
f 179 4006 4829
f 5954 3428 4184
f 5811 4656 182
f 2928 183 182
f 184 5811 3112
f 184 2904 5811
f 5084 3675 3022
f 4829 180 179
f 179 180 5931
f 3971 5835 5311
f 5331 119 4795
f 4795 119 5922
f 5922 3636 121
f 5922 121 122
f 4699 3030 4398
f 3030 5732 4398
f 4398 5732 3086
f 139 5652 5091
f 5330 3226 3957
f 4722 138 3957
f 186 4678 187
f 4678 186 6161
f 3476 187 4678
f 6102 5466 188
f 186 3476 4233
f 186 187 3476
f 2903 3621 6161
f 2903 6161 147
f 147 5466 4785
f 3476 3961 5198
f 4233 3995 149
f 4233 149 188
f 4462 149 3995
f 150 188 149
f 189 191 3726
f 5098 189 3935
f 189 190 192
f 189 192 191
f 3186 192 190
f 6162 194 185
f 3186 190 189
f 189 3540 4272
f 5098 3935 3002
f 5941 4537 195
f 3236 4073 195
f 5140 5782 152
f 199 5140 5693
f 5140 4236 3680
f 178 3680 4236
f 3680 5782 5140
f 5782 3680 3399
f 4597 5178 3144
f 4597 3144 5862
f 4857 3307 200
f 3760 5069 3424
f 5386 4376 4857
f 5382 89 88
f 5382 88 4329
f 5706 4329 94
f 5706 94 3033
f 3033 94 4329
f 6134 3033 4329
f 4801 93 205
f 92 205 93
f 4801 205 92
f 5820 206 165
f 208 165 4942
f 206 207 165
f 207 4942 165
f 3722 5820 165
f 56 117 57
f 132 131 130
f 3843 3178 101
f 212 213 211
f 213 212 214
f 213 4528 211
f 213 5539 4528
f 6197 218 217
f 6197 217 219
f 6197 5539 213
f 5804 4209 3430
f 220 5747 4680
f 4680 160 220
f 160 3895 221
f 160 221 4654
f 116 118 57
f 57 4609 3863
f 222 57 3863
f 222 3863 4760
f 4760 57 222
f 191 192 3726
f 4226 6162 185
f 3005 156 5346
f 6102 5399 148
f 4836 157 158
f 157 155 158
f 3607 4836 158
f 3607 5734 3975
f 3607 3975 4836
f 5423 2945 223
f 3720 4468 224
f 5918 223 3720
f 4091 4933 223
f 79 4289 5164
f 79 5164 4578
f 57 3216 56
f 3112 2904 184
f 3112 3869 4598
f 3163 4246 4679
f 3420 208 227
f 208 209 227
f 5784 4281 5201
f 5784 5201 208
f 5536 176 228
f 4991 225 230
f 175 176 5536
f 4518 231 5536
f 3816 4518 229
f 5538 229 233
f 5176 4782 225
f 224 3327 5176
f 5538 233 230
f 5538 230 225
f 234 4639 3116
f 3116 235 234
f 3842 3224 3407
f 4665 4179 5724
f 4091 216 4933
f 5423 219 3342
f 239 3342 219
f 4879 239 219
f 3342 239 4879
f 240 219 238
f 240 238 213
f 213 219 240
f 6197 213 218
f 213 238 217
f 213 217 218
f 219 217 238
f 230 233 229
f 230 229 6216
f 3760 3424 203
f 4209 3899 3430
f 3895 4654 221
f 241 2928 226
f 5076 127 226
f 5076 226 2928
f 241 226 3869
f 241 3869 2928
f 3869 183 2928
f 183 3869 182
f 127 5756 226
f 6264 167 168
f 4962 185 194
f 6162 4962 194
f 4140 4942 5949
f 237 4179 2927
f 35 243 5943
f 35 3572 244
f 35 244 4153
f 5053 36 242
f 5206 246 248
f 5206 248 38
f 5206 245 247
f 5206 247 246
f 3109 249 4561
f 3109 3819 249
f 3754 253 3572
f 3754 250 252
f 250 5563 251
f 3540 3774 254
f 3540 254 125
f 3511 256 257
f 3511 257 255
f 133 3511 5058
f 133 5058 258
f 133 258 3563
f 3209 260 6198
f 3209 4169 261
f 4486 3370 134
f 5453 262 3035
f 3717 3035 263
f 6219 264 262
f 6219 265 264
f 6219 4156 4984
f 6064 170 266
f 6064 266 267
f 6064 267 172
f 174 5290 268
f 6230 269 175
f 6230 174 269
f 175 270 176
f 5290 4647 3248
f 5290 3248 271
f 5290 271 272
f 5290 272 268
f 4647 274 273
f 4647 273 3248
f 3289 276 275
f 3289 277 276
f 3854 3474 278
f 3854 278 277
f 3699 279 2927
f 2927 279 280
f 134 5028 5578
f 3833 281 134
f 283 4822 6247
f 3499 3186 284
f 287 6275 285
f 286 285 3835
f 3835 285 6275
f 6162 193 289
f 6162 289 288
f 6162 288 4962
f 195 291 290
f 195 290 3236
f 195 4833 291
f 3236 292 293
f 3236 290 292
f 4741 294 196
f 4741 293 295
f 4741 295 294
f 4580 296 5124
f 5124 296 197
f 2980 297 171
f 2980 5261 298
f 2980 298 297
f 5040 202 299
f 5862 3315 201
f 5094 201 300
f 301 5094 300
f 203 303 4092
f 204 4163 304
f 204 304 203
f 5626 66 6078
f 207 206 307
f 207 307 308
f 5820 309 5556
f 5820 4514 310
f 5820 310 309
f 211 311 212
f 168 312 3795
f 212 311 214
f 6264 3795 313
f 6264 313 211
f 6264 168 3795
f 210 314 315
f 210 315 4114
f 3799 314 210
f 170 171 316
f 170 316 317
f 170 317 266
f 5918 3066 318
f 6064 172 319
f 6064 319 320
f 6064 320 274
f 322 321 4962
f 254 3774 324
f 3774 321 323
f 322 4962 288
f 326 2969 325
f 3280 3489 328
f 3280 328 5829
f 5426 329 330
f 325 5426 330
f 2969 331 168
f 331 2969 4097
f 2969 326 4097
f 4682 227 332
f 327 4682 332
f 209 333 227
f 334 333 209
f 209 335 334
f 337 336 209
f 209 336 335
f 3191 338 339
f 3191 339 340
f 6036 341 338
f 6036 335 341
f 6036 4904 342
f 3484 343 344
f 3484 344 4531
f 345 340 209
f 209 340 337
f 209 3055 345
f 3616 3055 346
f 3616 346 209
f 340 347 3191
f 3191 347 343
f 4518 232 231
f 234 348 5247
f 350 4290 5128
f 4290 350 351
f 4290 351 236
f 4290 236 349
f 3842 4749 352
f 237 4749 4179
f 237 353 236
f 2927 354 237
f 2927 280 355
f 2927 6175 354
f 349 236 356
f 234 5928 348
f 4955 4550 357
f 4955 357 302
f 4955 302 202
f 358 262 5580
f 4514 359 5556
f 4514 5556 310
f 262 358 4144
f 3823 4144 358
f 308 3543 362
f 308 361 3543
f 362 3543 5949
f 5556 359 360
f 361 360 3543
f 361 308 360
f 206 360 308
f 4514 360 359
f 262 264 265
f 2977 6124 3717
f 3717 263 2977
f 2977 263 3035
f 206 308 307
f 362 5949 308
f 310 5556 309
f 3055 4996 340
f 363 3557 3799
f 266 4580 5124
f 3055 231 232
f 343 340 4996
f 4833 6063 4091
f 4102 6129 5409
f 172 266 5124
f 172 5124 274
f 6074 364 197
f 6074 197 4580
f 174 268 5891
f 290 4091 293
f 290 4833 4091
f 293 4091 6074
f 364 6074 4091
f 5283 342 4904
f 5283 4904 5829
f 5283 335 6036
f 5283 6036 342
f 174 175 269
f 343 4531 344
f 340 343 347
f 5829 328 3489
f 325 330 329
f 335 340 338
f 335 338 341
f 340 339 365
f 340 365 338
f 227 333 334
f 227 334 335
f 325 4682 327
f 227 325 327
f 227 327 332
f 335 336 340
f 340 336 337
f 331 4097 168
f 5409 270 175
f 5409 176 366
f 5409 366 270
f 340 345 3055
f 3795 211 313
f 214 311 211
f 6063 4933 216
f 6063 216 4091
f 3799 4114 314
f 268 271 3248
f 3248 273 274
f 274 320 319
f 172 267 266
f 171 317 316
f 266 317 171
f 274 319 172
f 4580 197 296
f 171 297 298
f 5261 171 298
f 293 196 294
f 293 294 295
f 290 293 292
f 4833 290 291
f 274 5918 318
f 274 318 3066
f 4097 326 325
f 5531 3795 312
f 5531 312 367
f 5531 367 168
f 364 4091 197
f 6309 5541 370
f 5621 5053 372
f 36 5621 372
f 373 6291 3833
f 374 5530 375
f 380 381 382
f 388 389 390
f 394 3000 301
f 4157 396 395
f 3808 4975 398
f 6297 3808 399
f 369 370 5541
f 368 4940 371
f 4940 368 369
f 370 369 6309
f 6332 36 369
f 369 368 371
f 371 4544 35
f 3573 402 376
f 6229 4525 402
f 6314 402 4525
f 3573 373 3833
f 373 3573 403
f 403 374 373
f 374 375 404
f 374 404 373
f 403 3573 374
f 3573 376 5530
f 3573 5530 374
f 5530 373 404
f 5530 404 375
f 377 5578 5028
f 5530 376 402
f 5530 402 6314
f 4153 3572 5619
f 4554 406 379
f 406 4554 6327
f 6327 379 406
f 5619 378 379
f 378 6258 4554
f 379 378 4554
f 378 407 5563
f 407 378 408
f 408 378 5002
f 6349 381 380
f 5044 248 6349
f 3819 4162 381
f 4162 382 381
f 4162 5044 6349
f 4162 6349 380
f 4162 380 382
f 3819 381 5607
f 6347 383 3563
f 5009 384 4167
f 259 409 6318
f 409 410 6318
f 384 6318 5613
f 6318 410 5613
f 384 385 4167
f 5613 410 409
f 259 411 5613
f 5613 409 259
f 408 5002 5563
f 407 408 5563
f 245 248 246
f 6348 306 414
f 6348 414 412
f 6348 387 5628
f 6248 5628 387
f 387 5057 413
f 4003 386 412
f 388 390 415
f 388 415 6342
f 5047 391 389
f 391 185 389
f 389 6342 415
f 389 415 390
f 5047 185 391
f 5047 283 416
f 5047 416 6247
f 6335 417 5047
f 417 283 5047
f 301 201 6300
f 3000 394 420
f 394 421 393
f 394 301 392
f 394 392 421
f 393 421 392
f 301 6300 392
f 392 3000 420
f 393 392 420
f 393 420 394
f 392 422 5540
f 422 392 423
f 423 392 418
f 423 418 419
f 424 425 5031
f 5576 6323 424
f 425 424 6323
f 6323 5031 425
f 321 288 395
f 395 397 426
f 426 397 321
f 426 321 395
f 397 5576 321
f 4157 5017 396
f 4157 5576 5017
f 396 5017 395
f 399 3808 3315
f 427 399 4564
f 6316 398 4975
f 6316 3808 398
f 4975 203 4163
f 4092 303 6297
f 428 400 5618
f 6333 401 5549
f 6333 4551 401
f 4551 5549 401
f 4999 400 284
f 6333 5549 284
f 400 428 287
f 400 287 4551
f 413 5057 6248
f 387 413 6248
f 419 418 5540
f 423 419 5540
f 422 423 5540
f 399 427 305
f 259 4553 411
f 6342 389 185
f 357 202 302
f 4550 202 357
f 424 193 6275
f 321 322 288
f 288 289 193
f 372 5053 242
f 372 242 36
f 4544 243 35
f 4544 5943 243
f 6291 134 281
f 6291 281 3833
f 3572 4153 244
f 5002 251 5563
f 250 251 5002
f 405 253 3754
f 405 3572 253
f 250 405 252
f 252 405 3754
f 3819 4561 249
f 6198 260 3838
f 3838 260 3209
f 3838 3209 5026
f 256 255 257
f 3563 258 5058
f 6347 3563 5058
f 3209 261 5026
f 5026 261 4169
f 6267 411 4553
f 246 247 245
f 412 414 4003
f 414 306 4003
f 6348 3891 66
f 6348 66 5626
f 417 4128 283
f 5047 4192 185
f 416 283 6247
f 201 301 300
f 418 299 202
f 418 202 5540
f 418 5040 299
f 5576 324 3774
f 254 324 5576
f 5576 323 321
f 323 5576 3774
f 203 304 4163
f 6297 303 203
f 285 286 287
f 287 286 3835
f 428 5618 287
f 4564 305 427
f 237 429 3405
f 429 5151 3405
f 430 3098 431
f 432 3405 433
f 433 3405 434
f 3098 4890 431
f 5309 353 237
f 237 3405 5309
f 429 237 5151
f 5928 432 434
f 5928 434 435
f 5928 435 3703
f 5928 3703 5247
f 434 432 433
f 435 434 3703
f 6174 5147 275
f 4890 6174 275
f 355 280 279
f 237 354 6175
f 5309 236 353
f 277 275 276
f 430 6108 3098
f 431 6108 430
f 4890 3474 431
f 5928 5247 348
f 5309 349 356
f 5309 356 236
f 5309 4290 349
f 277 278 3474
f 352 5128 3842
f 350 236 351
f 350 5128 236
f 352 4749 5128
f 436 437 438
f 436 438 439
f 440 4828 441
f 442 443 444
f 444 445 442
f 442 445 446
f 446 447 4399
f 5129 448 4083
f 4608 5129 4083
f 440 441 451
f 4828 440 451
f 452 451 4852
f 4852 449 448
f 452 4852 5129
f 5129 4852 448
f 436 439 451
f 436 451 452
f 441 4828 453
f 4399 447 454
f 447 446 454
f 446 445 455
f 445 444 455
f 444 443 456
f 441 453 457
f 453 4828 457
f 438 437 5341
f 455 444 446
f 446 5105 454
f 456 4399 5105
f 5105 4399 454
f 3427 5930 4399
f 3654 5341 437
f 3654 441 457
f 3654 457 4828
f 6033 449 4846
f 458 459 460
f 458 460 461
f 461 460 462
f 461 462 463
f 463 462 464
f 463 464 465
f 465 464 466
f 465 466 467
f 467 466 468
f 467 468 469
f 469 468 470
f 469 470 471
f 471 470 472
f 473 474 475
f 473 475 476
f 476 475 477
f 476 477 478
f 478 477 479
f 478 479 480
f 480 479 481
f 480 481 482
f 482 481 459
f 482 459 458
f 459 481 483
f 459 483 484
f 481 479 485
f 481 485 483
f 479 477 486
f 479 486 485
f 477 475 487
f 477 487 486
f 470 468 488
f 470 488 489
f 468 466 490
f 468 490 488
f 466 464 491
f 466 491 490
f 464 462 492
f 464 492 491
f 462 460 493
f 462 493 492
f 460 459 484
f 460 484 493
f 484 483 482
f 484 482 458
f 483 485 480
f 483 480 482
f 485 486 478
f 485 478 480
f 486 487 476
f 486 476 478
f 489 488 469
f 489 469 471
f 488 490 467
f 488 467 469
f 490 491 465
f 490 465 467
f 491 492 463
f 491 463 465
f 492 493 461
f 492 461 463
f 493 484 458
f 493 458 461
f 5414 4447 449
f 475 474 494
f 475 494 487
f 470 489 495
f 470 495 472
f 487 494 473
f 487 473 476
f 489 471 495
f 496 497 498
f 497 499 500
f 499 3117 500
f 442 501 502
f 501 503 502
f 503 3263 504
f 3263 496 498
f 5096 3769 3941
f 497 3117 499
f 496 3263 497
f 3263 3500 497
f 5225 505 3117
f 498 2915 3263
f 3263 506 504
f 504 506 503
f 503 507 502
f 502 507 442
f 442 456 443
f 5225 508 505
f 505 508 3117
f 3117 509 500
f 500 509 497
f 497 2915 498
f 507 503 442
f 442 503 4673
f 503 506 4673
f 4673 506 3263
f 3968 497 509
f 3968 509 3117
f 3968 3117 508
f 3968 508 5225
f 6024 4909 510
f 511 512 513
f 511 513 514
f 512 515 516
f 512 516 513
f 515 517 518
f 515 518 516
f 517 519 520
f 517 520 518
f 519 521 522
f 519 522 520
f 521 471 523
f 521 523 522
f 471 472 523
f 473 524 525
f 473 525 474
f 524 526 527
f 524 527 525
f 526 528 529
f 526 529 527
f 528 530 531
f 528 531 529
f 530 511 514
f 530 514 531
f 514 532 533
f 514 533 531
f 531 533 534
f 531 534 529
f 529 534 535
f 529 535 527
f 527 535 536
f 527 536 525
f 523 537 538
f 523 538 522
f 522 538 539
f 522 539 520
f 520 539 540
f 520 540 518
f 518 540 541
f 518 541 516
f 516 541 542
f 516 542 513
f 513 542 532
f 513 532 514
f 532 511 530
f 532 530 533
f 533 530 528
f 533 528 534
f 534 528 526
f 534 526 535
f 535 526 524
f 535 524 536
f 537 471 521
f 537 521 538
f 538 521 519
f 538 519 539
f 539 519 517
f 539 517 540
f 540 517 515
f 540 515 541
f 541 515 512
f 541 512 542
f 542 512 511
f 542 511 532
f 5759 5414 510
f 5414 6082 510
f 525 536 494
f 525 494 474
f 523 472 495
f 523 495 537
f 536 524 473
f 536 473 494
f 537 495 471
f 545 3618 546
f 547 5127 4676
f 2921 549 548
f 3101 549 2921
f 3894 547 550
f 4573 3434 553
f 4861 5152 555
f 6000 5152 544
f 5645 553 3434
f 5645 3434 4036
f 553 5118 556
f 560 3050 561
f 5864 4693 560
f 3716 557 559
f 557 558 559
f 562 5902 558
f 562 558 5999
f 564 563 3859
f 5843 3859 563
f 566 4253 568
f 4180 5220 566
f 4394 6135 5458
f 575 5167 574
f 576 575 574
f 3943 578 4291
f 5235 578 5800
f 5800 580 5235
f 580 581 3436
f 3436 581 5447
f 3142 583 4291
f 4291 578 579
f 5713 5204 3403
f 5204 3785 3403
f 2918 585 586
f 3403 587 5296
f 588 4723 5940
f 5500 588 5940
f 585 587 3403
f 5869 4762 5296
f 5296 563 5869
f 5108 3436 591
f 589 5377 594
f 3696 594 593
f 594 3696 589
f 590 3322 4611
f 590 4611 5895
f 5377 3909 4363
f 590 5895 5441
f 4877 3744 3323
f 3323 599 3187
f 3491 600 3316
f 601 602 3585
f 564 602 601
f 5092 601 3585
f 601 603 3154
f 604 3261 4690
f 605 3261 604
f 5899 605 4690
f 605 604 4690
f 564 3859 565
f 3585 602 564
f 4315 5092 3585
f 608 4175 609
f 611 612 610
f 611 610 5764
f 610 4367 608
f 612 613 610
f 609 610 608
f 610 609 4175
f 606 4175 3099
f 607 606 3099
f 615 607 3099
f 3472 4573 5748
f 3272 616 3472
f 3272 3472 5748
f 6065 3472 617
f 606 5116 4175
f 619 2911 620
f 621 614 3438
f 614 6014 4724
f 4724 3390 3108
f 614 4724 3438
f 622 620 2911
f 3991 622 623
f 622 619 620
f 624 625 626
f 5920 625 624
f 628 5133 5789
f 627 629 5269
f 630 629 627
f 630 625 629
f 4814 5269 631
f 625 4185 626
f 2982 4595 632
f 624 626 4185
f 624 4185 3991
f 5886 607 615
f 4375 3228 633
f 635 4375 633
f 637 633 3876
f 637 635 633
f 5729 4375 635
f 637 3876 636
f 3103 636 3876
f 2917 639 5886
f 639 2917 640
f 639 640 5886
f 5886 615 2917
f 645 642 4333
f 642 646 643
f 646 642 645
f 647 648 649
f 647 649 644
f 646 647 644
f 646 644 643
f 644 649 648
f 648 643 644
f 642 643 648
f 641 3136 651
f 5663 3136 641
f 4333 5348 5988
f 5156 4333 5988
f 653 654 641
f 653 641 4735
f 4333 654 645
f 645 654 653
f 655 2906 653
f 656 2906 655
f 655 653 5277
f 6040 2994 658
f 657 658 3713
f 641 3626 659
f 641 659 652
f 659 3626 5845
f 3702 3157 660
f 3258 3702 660
f 6014 4012 611
f 628 5678 3453
f 661 5678 628
f 5779 3249 628
f 627 5133 3258
f 3380 662 3626
f 662 4301 3386
f 662 3386 3626
f 6040 4301 662
f 665 4264 6046
f 4805 3933 666
f 5383 666 4571
f 668 4805 669
f 5636 668 669
f 4805 668 5636
f 4573 3472 554
f 3150 3698 4364
f 4364 5375 560
f 5118 3951 3390
f 4364 3698 5375
f 4264 670 3101
f 671 4264 665
f 671 4571 4264
f 670 4264 5669
f 670 5669 3101
f 548 3933 3661
f 3101 548 549
f 665 4571 671
f 546 4264 545
f 546 6000 4264
f 4636 603 601
f 3154 603 672
f 673 3579 5698
f 4284 673 5698
f 675 580 674
f 5800 675 674
f 675 5800 5108
f 580 4460 4923
f 580 5800 674
f 6167 4923 4460
f 675 3436 5447
f 591 3436 675
f 591 675 5108
f 4611 3322 592
f 596 5688 676
f 592 5108 3943
f 4611 592 5125
f 2906 3185 3915
f 4363 2906 3889
f 600 5898 5205
f 677 4709 600
f 2954 5205 5898
f 3946 3687 4718
f 679 4515 3946
f 4515 678 3946
f 3687 3946 5443
f 681 3687 5443
f 4837 679 3946
f 4363 3744 682
f 5377 4363 682
f 5377 682 3744
f 685 684 4830
f 5319 4830 684
f 4501 3739 4830
f 3739 4501 687
f 4723 588 5500
f 4988 5500 689
f 4636 601 5092
f 5746 691 5137
f 577 690 3638
f 690 577 3237
f 690 3886 3588
f 5291 692 5697
f 640 692 5291
f 640 5697 692
f 640 5429 5697
f 5429 618 3870
f 617 3472 3870
f 617 3870 618
f 5826 4715 3624
f 4715 5826 3015
f 612 611 6164
f 5329 3949 4779
f 5329 3057 623
f 5920 623 3057
f 5920 631 5269
f 5920 3057 4814
f 5920 4814 631
f 6038 4824 695
f 696 695 4824
f 4781 4185 5337
f 576 3915 697
f 4784 3915 3630
f 5167 697 3915
f 5167 575 576
f 5167 576 697
f 645 3268 4648
f 650 648 646
f 698 4648 646
f 646 645 698
f 645 4648 698
f 648 5988 5348
f 3915 4189 5167
f 5779 628 4221
f 4064 699 3270
f 599 700 4064
f 3270 699 700
f 700 5832 3270
f 4064 700 699
f 3730 4470 663
f 5067 632 4595
f 6075 4824 701
f 5385 701 632
f 3258 660 3157
f 703 3295 704
f 703 3041 5246
f 694 686 3041
f 664 6029 4308
f 3900 3020 4222
f 5686 3249 4599
f 705 4783 4253
f 605 568 4253
f 705 4253 706
f 708 706 5302
f 5852 705 706
f 3650 3395 4013
f 710 709 707
f 570 5344 709
f 5344 5852 709
f 5319 684 3850
f 4379 3058 4797
f 5454 711 4372
f 3785 4372 711
f 5454 3785 711
f 712 3958 5761
f 5500 3392 689
f 3392 6184 689
f 5878 3958 712
f 4300 677 5878
f 5832 4363 3889
f 663 4470 3182
f 3713 658 2994
f 4837 6262 679
f 678 714 680
f 714 6226 680
f 714 713 5000
f 714 678 713
f 4050 713 678
f 5000 6171 716
f 5000 716 717
f 678 4515 4050
f 3114 719 718
f 4284 4587 3579
f 3579 720 3215
f 3579 4587 5813
f 3579 5813 720
f 3579 673 4284
f 2918 586 6101
f 6101 586 3785
f 2979 3949 622
f 2979 622 4575
f 5249 5667 4237
f 3949 4223 686
f 646 648 647
f 721 695 6075
f 695 696 6075
f 695 722 6038
f 702 722 695
f 702 695 721
f 6038 722 702
f 5356 6038 4705
f 702 721 6075
f 665 5383 4571
f 666 3933 5669
f 3472 6065 4733
f 605 5899 568
f 723 3134 5317
f 4288 3978 704
f 4878 724 725
f 3978 726 2948
f 725 3265 3480
f 3320 3978 687
f 4288 723 5317
f 4288 3487 723
f 3237 3638 5746
f 3237 5746 4668
f 3638 3237 577
f 636 3103 637
f 4853 5065 4042
f 4824 632 701
f 6075 696 4824
f 5678 4620 634
f 5761 681 712
f 3631 3266 5443
f 3631 5443 6226
f 5443 680 6226
f 3883 727 688
f 3883 730 5534
f 687 688 727
f 727 4496 687
f 729 4496 727
f 6184 3883 688
f 4472 728 5534
f 4472 731 728
f 726 6039 732
f 4906 733 734
f 734 6039 4906
f 6039 734 733
f 735 733 4906
f 735 6039 733
f 4878 732 6039
f 4878 6039 735
f 4090 4496 6241
f 4090 6241 4472
f 4472 729 731
f 736 3602 5694
f 736 5694 4600
f 736 5640 3602
f 736 5121 737
f 5768 736 737
f 3411 5212 4630
f 5212 3411 3940
f 4681 738 5212
f 4249 690 5061
f 3379 738 4681
f 3379 4681 5061
f 3379 4277 738
f 5689 5112 4249
f 703 704 5850
f 704 3265 4893
f 726 732 4878
f 4446 5452 716
f 6226 739 5452
f 5551 740 739
f 5452 739 716
f 717 740 5000
f 740 717 716
f 740 716 739
f 4878 5384 724
f 5384 725 724
f 729 5534 728
f 729 728 731
f 5384 5775 4424
f 4603 5344 570
f 4603 570 709
f 710 4603 709
f 5302 4603 710
f 5302 710 707
f 707 741 5302
f 709 708 5302
f 709 5302 741
f 709 741 707
f 709 5852 706
f 709 706 708
f 719 3114 5700
f 3215 720 5813
f 5212 719 2986
f 5768 4206 736
f 3288 746 748
f 749 743 745
f 744 749 745
f 6092 750 752
f 754 753 751
f 754 751 755
f 757 753 758
f 4882 760 4231
f 3093 759 761
f 761 762 3093
f 764 765 763
f 766 747 763
f 766 763 767
f 767 768 766
f 767 769 768
f 747 770 746
f 747 771 770
f 748 773 772
f 748 772 3288
f 774 5432 776
f 776 777 775
f 776 775 774
f 778 780 779
f 781 782 778
f 781 784 783
f 785 786 787
f 787 788 785
f 787 789 788
f 750 6092 4516
f 753 757 6092
f 757 5256 6092
f 782 787 790
f 786 790 787
f 3458 778 782
f 3458 782 790
f 4640 5863 749
f 5432 4386 3458
f 3458 4386 778
f 3873 3093 764
f 763 3873 764
f 747 791 5122
f 3614 744 745
f 5780 749 744
f 5122 791 749
f 5122 749 5780
f 791 747 749
f 797 796 798
f 3418 799 796
f 799 800 796
f 800 799 3418
f 800 3418 801
f 802 803 3860
f 803 3418 3860
f 803 802 804
f 2902 792 805
f 2902 805 806
f 3286 807 808
f 3672 809 810
f 3939 811 812
f 3939 812 813
f 814 816 811
f 814 811 5081
f 816 814 815
f 816 815 817
f 818 5840 819
f 818 5081 786
f 818 819 820
f 795 3738 3091
f 4986 3362 793
f 5081 790 786
f 3159 5175 4694
f 802 5270 2902
f 3418 4046 821
f 4046 6006 821
f 4205 822 823
f 4641 4205 3926
f 3926 4205 824
f 786 822 825
f 5081 825 822
f 809 826 822
f 3599 827 828
f 3599 5117 827
f 827 5117 828
f 4476 3599 828
f 4710 3168 5284
f 820 829 818
f 829 820 819
f 818 829 5081
f 829 825 5081
f 829 819 5840
f 5840 825 829
f 815 830 817
f 816 817 830
f 816 830 831
f 816 822 811
f 831 822 816
f 831 830 815
f 831 815 814
f 814 5081 822
f 814 822 831
f 813 6094 3939
f 6094 813 812
f 6094 812 811
f 811 822 826
f 811 826 6094
f 810 5435 3672
f 5435 810 809
f 808 4441 3286
f 4441 808 807
f 806 5998 2902
f 5998 806 805
f 5998 805 792
f 804 3418 803
f 3418 804 802
f 801 821 800
f 821 801 3418
f 800 821 6006
f 798 4870 797
f 4870 798 796
f 6002 3599 4476
f 5410 828 4116
f 747 833 832
f 763 832 833
f 823 822 3141
f 4205 823 4895
f 824 4205 6056
f 6056 3926 824
f 6056 835 3926
f 5432 834 6056
f 5432 836 834
f 3697 828 5117
f 3558 3693 837
f 789 838 788
f 787 839 838
f 787 838 789
f 839 787 782
f 839 782 786
f 839 785 788
f 839 788 838
f 785 839 786
f 781 840 784
f 840 841 783
f 840 783 784
f 778 840 781
f 841 840 778
f 841 778 5380
f 841 781 783
f 781 841 5380
f 781 5380 782
f 778 842 780
f 842 843 779
f 842 779 780
f 774 842 778
f 843 842 774
f 843 774 4895
f 843 778 779
f 778 843 4895
f 776 844 777
f 844 775 777
f 5432 844 776
f 844 5432 6056
f 844 774 775
f 774 844 6056
f 748 845 773
f 845 772 773
f 845 3288 772
f 3288 845 836
f 747 846 771
f 846 770 771
f 846 747 832
f 846 746 770
f 767 847 769
f 847 768 769
f 763 847 767
f 847 763 833
f 847 766 768
f 766 847 833
f 766 833 747
f 764 5939 765
f 5939 848 763
f 5939 763 765
f 848 5939 3647
f 763 848 3647
f 761 849 762
f 849 3093 762
f 759 4606 849
f 759 849 761
f 3093 849 4606
f 760 759 4231
f 4882 759 760
f 759 3482 5631
f 4606 759 5631
f 756 757 758
f 753 756 758
f 4457 754 755
f 751 4457 755
f 4457 753 754
f 850 6092 752
f 750 4457 850
f 750 850 752
f 850 4457 751
f 837 4457 750
f 837 750 4516
f 5325 3004 3926
f 746 832 3952
f 3952 4430 6056
f 4430 835 6056
f 5325 3926 835
f 746 834 836
f 746 845 748
f 845 746 836
f 746 846 832
f 3697 5461 6119
f 3558 5284 5933
f 851 852 853
f 4256 3612 857
f 4963 865 864
f 3014 867 866
f 869 870 868
f 871 859 868
f 871 868 872
f 872 873 871
f 872 874 873
f 859 875 858
f 876 3125 858
f 876 858 860
f 860 877 876
f 3125 878 4190
f 879 4190 881
f 881 882 880
f 881 880 879
f 883 884 879
f 883 879 886
f 886 887 885
f 886 885 883
f 888 889 883
f 888 883 890
f 890 891 888
f 890 892 891
f 861 863 6200
f 862 864 5513
f 2930 5513 864
f 3731 5513 4770
f 879 884 5819
f 883 5819 884
f 3904 883 5272
f 5334 866 869
f 868 5334 869
f 5681 4252 3612
f 5681 3612 4256
f 894 4287 896
f 3844 857 5174
f 3844 5174 4287
f 899 4241 900
f 3231 901 898
f 901 3231 902
f 903 904 3231
f 904 903 905
f 906 907 908
f 907 903 908
f 903 907 906
f 903 906 909
f 910 911 906
f 911 910 912
f 913 914 910
f 914 913 915
f 916 918 913
f 916 913 917
f 918 916 919
f 895 894 920
f 896 921 922
f 3229 923 924
f 925 927 923
f 925 923 926
f 927 925 928
f 929 931 925
f 929 925 2981
f 931 929 930
f 931 930 932
f 933 934 935
f 933 936 2981
f 933 2981 889
f 936 933 935
f 936 935 937
f 903 938 908
f 4005 4241 5419
f 4674 4005 3459
f 938 903 4674
f 908 938 4674
f 908 4674 3459
f 906 908 3459
f 5258 906 3459
f 921 896 4287
f 923 4689 926
f 925 926 4689
f 5783 5272 4689
f 913 5913 917
f 916 917 5913
f 916 5913 3844
f 3844 4256 857
f 916 3844 895
f 5964 940 941
f 940 5964 3663
f 940 3663 941
f 913 5964 3274
f 889 942 943
f 2981 943 942
f 923 5854 5193
f 944 3024 945
f 6127 4707 944
f 898 944 945
f 898 945 3024
f 898 3024 5472
f 935 934 937
f 936 937 934
f 936 934 946
f 946 943 2981
f 946 2981 936
f 946 934 933
f 933 889 943
f 933 943 946
f 932 947 931
f 947 932 930
f 931 947 925
f 947 942 925
f 947 930 929
f 929 2981 942
f 929 942 947
f 925 948 928
f 927 928 948
f 927 948 949
f 949 4418 923
f 949 923 927
f 949 948 925
f 925 4418 949
f 924 5193 3229
f 5193 924 923
f 922 5979 896
f 5979 922 921
f 920 4860 895
f 4860 920 894
f 919 950 918
f 950 919 916
f 950 916 951
f 918 950 913
f 951 5964 913
f 951 913 950
f 916 5964 951
f 915 952 914
f 952 915 913
f 914 952 910
f 952 3274 910
f 913 3274 952
f 912 5830 911
f 5830 912 910
f 911 5830 906
f 909 5695 903
f 5695 909 906
f 906 5830 3925
f 905 953 904
f 953 905 903
f 904 953 6127
f 953 4707 6127
f 903 4707 953
f 902 954 901
f 954 902 3231
f 901 954 898
f 954 944 898
f 6127 944 954
f 4241 898 900
f 899 900 898
f 897 955 6142
f 6142 955 956
f 956 5472 4816
f 956 4816 6142
f 956 955 897
f 956 897 5472
f 6142 5472 897
f 4712 3727 3250
f 893 957 851
f 4816 957 893
f 859 959 5959
f 868 5959 959
f 868 960 3026
f 3026 960 866
f 889 962 6048
f 883 6048 962
f 883 963 6048
f 879 6048 963
f 879 964 4903
f 4190 4903 964
f 4190 965 5424
f 3125 961 5424
f 3125 5424 965
f 3125 966 961
f 3111 3483 5704
f 3483 3175 5704
f 3483 3736 3175
f 4459 3111 3882
f 890 967 892
f 967 891 892
f 883 967 890
f 967 883 962
f 967 888 891
f 888 967 962
f 888 962 889
f 886 968 887
f 968 885 887
f 879 968 886
f 968 879 963
f 968 883 885
f 883 968 963
f 881 969 882
f 969 880 882
f 4190 969 881
f 969 4190 964
f 969 879 880
f 879 969 964
f 3125 965 878
f 965 4190 878
f 860 970 877
f 970 971 876
f 970 876 877
f 876 971 966
f 876 966 3125
f 859 972 875
f 972 958 858
f 972 858 875
f 958 972 859
f 872 973 874
f 973 873 874
f 868 973 872
f 973 868 959
f 973 871 873
f 871 973 959
f 871 959 859
f 869 866 870
f 866 960 868
f 866 868 870
f 3014 4885 867
f 4885 866 867
f 865 2930 864
f 4963 2930 865
f 861 6155 863
f 853 4506 974
f 853 974 861
f 4506 861 974
f 5326 3452 3999
f 5326 3999 4323
f 858 958 961
f 858 961 966
f 858 970 860
f 971 970 858
f 971 858 966
f 5326 939 3452
f 4816 852 851
f 4816 851 957
f 852 4816 853
f 977 975 976
f 3346 984 985
f 987 989 988
f 990 987 991
f 991 992 990
f 993 990 994
f 994 995 993
f 981 993 996
f 996 997 981
f 3096 999 998
f 3096 1000 999
f 3948 1002 1001
f 5242 1004 1003
f 5242 1005 1004
f 6097 1008 1006
f 1009 1007 1010
f 1010 1011 1009
f 975 5495 976
f 984 3783 985
f 977 976 5495
f 6073 978 4623
f 6073 4623 4491
f 3783 4491 985
f 5911 978 5397
f 980 979 982
f 4351 1003 6097
f 3948 5242 979
f 979 5242 1003
f 5234 4661 5911
f 993 5745 990
f 5234 5745 4661
f 5745 980 3615
f 3956 980 1012
f 3382 1014 1013
f 1012 980 982
f 1013 3232 5101
f 6098 1019 1020
f 1019 1021 1022
f 4302 1023 1021
f 1023 4302 1024
f 3232 1013 1025
f 1014 3382 1026
f 1027 1028 3382
f 1028 1027 1029
f 1027 1030 1031
f 1032 1034 1030
f 1034 1032 1033
f 1034 1033 1035
f 1036 1037 1032
f 1036 1032 1009
f 1037 1036 1038
f 1037 1038 1039
f 1017 3358 1018
f 1018 1040 1019
f 3075 3867 4993
f 5210 3075 4339
f 1040 1018 2946
f 1019 1040 2946
f 5063 1041 1019
f 5063 1019 2946
f 1030 4765 6044
f 1009 1032 4351
f 1009 4351 1007
f 1012 982 979
f 4351 6044 4765
f 1041 4054 1019
f 4054 1041 5063
f 4054 5063 5838
f 1021 6001 1042
f 1009 5077 1043
f 1032 1043 5077
f 5376 1044 1045
f 4130 1045 1046
f 1038 1047 1039
f 1037 1039 1047
f 1037 1047 1048
f 1048 1043 1032
f 1048 1032 1037
f 1048 1047 1038
f 1048 1038 1036
f 1036 1009 1043
f 1036 1043 1048
f 1033 1049 1035
f 1034 1035 1049
f 1034 1049 1050
f 1034 3394 1030
f 1050 3394 1034
f 1050 1049 1033
f 1050 1033 1032
f 1032 3394 1050
f 1031 3924 1027
f 3924 1031 1030
f 1029 1051 1028
f 1051 1029 1027
f 1051 1027 1052
f 1028 1051 3382
f 1052 3090 3382
f 1052 3382 1051
f 1027 3090 1052
f 1026 1053 1014
f 1053 1026 3382
f 1053 3382 1054
f 3382 6034 1054
f 1025 4886 3232
f 4886 1025 1013
f 1024 1055 1023
f 1055 1024 4302
f 1055 4302 1056
f 1023 1055 1021
f 1056 6001 1021
f 1056 1021 1055
f 4302 6001 1056
f 1022 4421 1019
f 4421 1022 1021
f 1019 1057 1020
f 6098 1020 1057
f 6098 1057 4421
f 4421 1057 1019
f 1018 3525 1017
f 1058 5376 3525
f 1058 3525 1018
f 1058 1018 5376
f 3525 3358 1017
f 4475 1045 4130
f 1013 6034 5274
f 1014 1053 1013
f 1054 6034 1013
f 1054 1013 1053
f 4076 3549 1059
f 4076 1059 975
f 4748 1061 5987
f 1001 5987 1061
f 4666 4382 5765
f 1045 1062 4122
f 1045 4122 1046
f 4405 3064 3721
f 3549 1063 3772
f 1010 1006 1011
f 1006 1009 1011
f 1007 1006 1010
f 6097 4748 1008
f 4748 1006 1008
f 5242 1061 1005
f 1061 1004 1005
f 1061 1003 1004
f 3948 5976 1002
f 5976 1001 1002
f 3096 981 1000
f 981 999 1000
f 981 998 999
f 996 1064 997
f 1064 981 997
f 993 1060 1064
f 993 1064 996
f 981 1064 1060
f 994 5955 995
f 5955 993 995
f 990 5955 994
f 991 1065 992
f 1065 990 992
f 987 4405 1065
f 987 1065 991
f 990 1065 4405
f 987 2970 989
f 2970 988 989
f 988 4405 987
f 2970 4405 988
f 3346 5877 984
f 5877 4024 984
f 6185 975 3549
f 981 4774 6030
f 981 6030 4657
f 3119 3721 5389
f 4382 1062 1045
f 4382 1045 5765
f 5527 3772 1063
f 3549 5527 1063
f 1059 1066 975
f 975 1066 3549
f 3549 1066 1059
f 3737 1074 1077
f 1077 1078 3737
f 2919 1076 1079
f 1079 1080 2919
f 3018 2919 1081
f 1082 3018 1083
f 1083 1084 1082
f 1085 1082 1086
f 1086 1087 1085
f 3758 1089 1088
f 2924 1088 1090
f 1090 1091 2924
f 1073 1092 1072
f 3281 1094 1093
f 3281 1095 1094
f 4267 1097 1096
f 2993 1096 1099
f 1099 1100 1098
f 1099 1098 2993
f 1101 2993 1103
f 1103 1104 1102
f 1103 1102 1101
f 1105 1107 1108
f 1105 1106 1101
f 1105 1101 1109
f 1109 1110 1107
f 1109 1107 1105
f 1068 1075 5489
f 5489 1075 1074
f 4053 1069 5977
f 1096 5294 5956
f 1101 1106 3913
f 4819 3437 3137
f 4634 1071 5136
f 5914 4819 3137
f 1114 1115 1112
f 1116 1117 6212
f 4178 1119 1118
f 1119 4178 1120
f 1121 1122 4178
f 1122 1121 1123
f 1122 1124 4178
f 1124 1122 1123
f 1127 1126 1128
f 1130 1129 1131
f 1132 1133 1129
f 1132 1129 5168
f 1133 1134 1129
f 1134 1133 1132
f 1134 1132 1135
f 1113 1112 1136
f 1137 1114 1112
f 1137 1112 4269
f 1115 1114 1137
f 1115 1137 1138
f 1140 1139 1141
f 5083 1143 1139
f 1143 5083 1142
f 1143 1142 1144
f 1145 1148 5083
f 1145 5083 1146
f 1148 1145 1147
f 1148 1147 1149
f 1150 1151 1145
f 1150 1145 1106
f 1151 1150 1152
f 1151 1152 1153
f 1116 6212 1118
f 1118 4670 4178
f 1125 5248 1127
f 5772 1111 4066
f 4670 1118 1067
f 5248 5772 4695
f 1127 5248 4695
f 5083 1154 1146
f 1145 1146 1154
f 1106 1145 3913
f 3913 1145 1154
f 4269 5699 3635
f 4269 3635 1140
f 4711 1154 5083
f 5721 1130 1126
f 1129 1130 5721
f 5168 1129 5721
f 5721 3845 4269
f 5168 5957 1155
f 1129 1155 5957
f 1106 4395 1157
f 1145 1157 4395
f 5083 1156 1158
f 1139 1158 1156
f 4269 3105 1159
f 1162 1161 1160
f 6015 3930 1160
f 1153 1157 1151
f 1157 1153 1152
f 1151 1157 1145
f 1157 1152 1150
f 1150 1106 1157
f 1149 1163 1148
f 1163 1149 1147
f 1148 1163 5083
f 1163 6112 5083
f 1163 1147 1145
f 1145 6112 1163
f 1144 1164 1143
f 1164 1144 1142
f 1143 1164 1139
f 1164 1158 1139
f 1164 1142 5083
f 5083 1158 1164
f 1141 1165 1140
f 1165 1141 1139
f 1140 1165 4269
f 1165 4915 4269
f 1139 4915 1165
f 1138 1166 1115
f 1166 1138 1137
f 1166 1137 1167
f 1137 4269 1159
f 1137 1159 1167
f 1136 3383 1113
f 3383 1136 1112
f 1135 1168 1134
f 1168 1135 1132
f 1168 1132 1169
f 1134 1168 1129
f 1169 1155 1129
f 1169 1129 1168
f 1132 5168 1155
f 1132 1155 1169
f 1131 1126 1130
f 1126 1131 1129
f 1128 1170 1127
f 1170 1128 1126
f 1170 1126 3598
f 1127 1170 4764
f 1127 4764 1125
f 1171 4764 6015
f 1171 6015 1125
f 1171 1125 4764
f 1124 1160 4178
f 1124 1123 1121
f 6015 1160 1124
f 4178 1172 1120
f 1119 1120 1172
f 1119 1172 3714
f 1119 6107 1118
f 3714 1172 4178
f 4178 1160 3714
f 1118 4068 1116
f 1116 1173 1117
f 1117 1173 4990
f 4990 4526 1117
f 4990 1173 1116
f 2901 3383 4393
f 1112 1159 3105
f 1112 3105 3383
f 1115 1166 1112
f 1167 1159 1112
f 1167 1112 1166
f 1175 1174 1067
f 5528 1175 4526
f 5967 1178 1177
f 5967 1177 3244
f 1088 1178 5967
f 4112 1179 3589
f 1106 1180 4395
f 1101 4395 1180
f 3441 1181 4730
f 1177 5404 3244
f 6045 4859 4381
f 3441 1162 4859
f 1162 3441 1161
f 1161 3441 4730
f 5528 4730 1182
f 1183 1181 3441
f 1183 4730 1181
f 6195 1182 4730
f 1110 1108 1107
f 1109 1184 1108
f 1109 1108 1110
f 1184 1109 1101
f 1184 1101 1180
f 1184 1105 1108
f 1105 1184 1180
f 1105 1180 1106
f 1103 4583 1104
f 4583 1102 1104
f 2993 1179 4583
f 2993 4583 1103
f 4583 1101 1102
f 1099 1185 1100
f 1185 1098 1100
f 1096 1185 1099
f 1185 1096 3589
f 1185 2993 1098
f 2993 1185 3589
f 2993 3589 1179
f 4267 5192 1097
f 5192 1096 1097
f 3281 5980 1095
f 5980 1094 1095
f 5980 1093 1094
f 1073 2924 1092
f 2924 4051 1072
f 2924 1072 1092
f 1090 1186 1091
f 1186 1187 2924
f 1186 2924 1091
f 1088 1186 1090
f 1187 1186 1088
f 1187 1088 5370
f 2924 1187 5370
f 3758 1178 1089
f 1178 1088 1089
f 1086 1188 1087
f 1188 1085 1087
f 1082 1188 1086
f 1188 1082 4866
f 1085 1188 4866
f 1083 1189 1084
f 1189 1190 1082
f 1189 1082 1084
f 3018 1189 1083
f 1190 1189 3018
f 1190 3018 3124
f 1082 1190 3124
f 2919 4324 1081
f 3018 1081 4324
f 1079 6150 1080
f 6150 2919 1080
f 1076 6150 1079
f 6150 4324 2919
f 1078 1076 3737
f 1077 1076 1078
f 1076 1077 6195
f 1068 1074 1191
f 1068 1191 1075
f 1074 1075 1191
f 3522 1192 4051
f 1072 4051 1192
f 1072 1192 3522
f 6195 5528 1182
f 1067 1174 1068
f 1175 1068 1174
f 5528 6195 1068
f 5528 1068 1175
f 6217 1205 1206
f 1205 6217 1209
f 1205 1209 6104
f 3510 1210 4359
f 1204 3520 1203
f 4366 1210 3510
f 1213 1214 3486
f 3846 1217 5687
f 1219 4629 5687
f 5991 4629 3605
f 1219 3605 4629
f 1216 3583 1215
f 1217 3846 1216
f 4350 1212 1211
f 4350 1211 1208
f 5196 3605 1219
f 3385 3605 5196
f 4884 5387 4359
f 1200 1201 4629
f 1193 1194 1220
f 1197 1221 4728
f 4019 5990 1222
f 1198 1223 1199
f 3520 5509 1203
f 1202 2997 1224
f 2997 5195 1225
f 2997 1225 4840
f 1194 1227 1226
f 1194 1204 1227
f 1206 1205 5503
f 1205 1228 5503
f 1207 1206 5503
f 3052 1209 1229
f 3052 1229 1230
f 1208 1211 1231
f 1211 1212 1232
f 1211 1232 1231
f 3583 1214 1233
f 1215 3583 1235
f 1215 1235 1234
f 1215 1234 1216
f 3583 1236 1235
f 4038 4759 1237
f 4038 1237 4216
f 1217 1216 1238
f 1217 1238 1218
f 5196 1239 1241
f 5196 1241 1240
f 5196 1240 3385
f 3385 1240 1242
f 3486 1244 1243
f 3486 1243 3887
f 3486 3887 1213
f 4492 1244 3486
f 4629 1201 1245
f 3338 1246 1214
f 4350 6022 1212
f 4978 5997 1244
f 5535 1207 4916
f 4916 1231 5535
f 1216 1218 1238
f 1228 1205 3959
f 3959 1205 4728
f 1200 1247 5550
f 3959 4728 1221
f 3959 1221 1197
f 5550 1201 1200
f 1195 1223 1248
f 1195 1248 1198
f 1223 4019 1199
f 5990 1199 1222
f 4019 1222 1199
f 1224 1226 1227
f 1224 1227 1204
f 1224 1204 5509
f 1224 1193 1220
f 1224 1220 1194
f 1224 1194 1226
f 4840 1224 1249
f 4840 1249 2997
f 5509 1204 1203
f 1235 1216 1234
f 1244 3887 1243
f 1214 1213 3887
f 1246 3583 1233
f 1246 1233 1214
f 1231 1232 1212
f 1239 1242 1240
f 1239 3385 1242
f 1239 1218 4216
f 1239 4216 4759
f 1240 1241 1239
f 3959 5503 1228
f 1209 1230 1250
f 1209 1250 1229
f 5254 1210 5872
f 5254 1216 1235
f 5254 1235 1236
f 5254 1236 3583
f 4629 1245 5550
f 5550 1245 1201
f 4978 4106 1251
f 4978 1251 5997
f 6022 3052 1230
f 6022 1230 1209
f 1253 5900 3490
f 5787 1253 1254
f 1256 4304 1258
f 4809 1258 3595
f 4304 1254 3595
f 1258 4304 3595
f 5725 3748 1262
f 1265 5295 1266
f 1254 1263 3595
f 4763 1267 1260
f 5725 1264 3748
f 1259 3321 1267
f 3321 1268 1267
f 1267 1268 1260
f 4811 5295 4007
f 1272 1255 5078
f 1271 3518 5298
f 5962 3518 1271
f 1270 5962 1271
f 4202 4632 3409
f 4202 3409 5823
f 1254 1264 1274
f 1273 1261 1259
f 3409 1262 3748
f 5179 1261 1273
f 3409 5725 1262
f 1253 1252 1265
f 1254 1274 1263
f 1274 1264 1263
f 3518 1260 1275
f 1275 3153 3518
f 1276 5482 1278
f 5338 4911 6137
f 1275 1260 4911
f 4133 4811 1279
f 4811 1280 1279
f 1279 6117 4133
f 1282 1272 1281
f 1281 1272 5078
f 1283 4502 6061
f 4502 1253 1265
f 3653 4502 4961
f 3653 4961 3576
f 1282 1281 5526
f 1282 5526 1272
f 6137 1284 4048
f 1278 5482 1285
f 1276 1278 1285
f 1276 1285 1284
f 1284 5482 4048
f 1284 1285 5482
f 3153 3987 1287
f 1287 3987 1286
f 3987 4214 1286
f 1286 4214 1287
f 4214 5243 1287
f 1287 5243 4802
f 3027 4802 6286
f 4811 4007 4309
f 3321 1260 1268
f 2991 1288 1257
f 2991 1257 3855
f 3357 6151 3200
f 5982 4434 3321
f 3373 2991 3855
f 2925 3447 3732
f 3027 4434 5982
f 4809 1288 2991
f 4809 1257 1288
f 4390 5237 4776
f 1289 1291 1290
f 1291 5932 1290
f 1295 1289 4854
f 1289 1290 4854
f 4317 1300 3446
f 1296 1302 1297
f 5093 1295 1303
f 2913 1304 5268
f 5268 1304 1302
f 1303 1295 1294
f 1306 3242 1307
f 1307 3242 1308
f 1309 3659 4838
f 3439 5351 4415
f 3881 3087 5785
f 1292 1293 1310
f 1293 1300 1310
f 1292 1310 1300
f 1292 1300 4317
f 5993 1299 1311
f 1299 1296 1311
f 5993 1311 1296
f 3881 4317 3446
f 3881 3446 3087
f 4740 1291 1289
f 1313 1314 1308
f 1313 1308 4744
f 1313 4744 1312
f 1314 1313 1315
f 1316 1317 1318
f 1319 3972 1316
f 3972 1297 1302
f 3972 1302 1317
f 1316 3972 1317
f 3972 1296 1297
f 1312 3972 1319
f 1301 5093 1303
f 4740 1289 3355
f 4283 6128 1320
f 3538 1321 1322
f 1321 1320 6128
f 1321 6128 1322
f 1322 6128 3538
f 4283 1320 1321
f 4283 1321 3538
f 1312 1319 1317
f 5354 1317 6282
f 1318 1317 1323
f 1316 1324 1319
f 1316 1318 1323
f 1316 1323 1324
f 1319 1324 1317
f 1324 1323 1317
f 1315 1313 1325
f 1314 1315 1325
f 1313 6093 1325
f 1325 6093 4889
f 4383 4889 5354
f 4383 5354 4768
f 5917 4768 1327
f 3010 5917 1327
f 5785 1328 1326
f 5785 1326 3921
f 1328 4415 5335
f 3439 4415 1328
f 1306 1307 5591
f 1306 5591 4008
f 2913 6282 1304
f 4843 3391 5926
f 3010 4768 2913
f 3146 5601 4293
f 5335 3391 4843
f 3010 1327 4768
f 4294 5601 3146
f 2932 4322 5932
f 2932 3146 4322
f 5750 1330 1332
f 1331 5085 1330
f 5173 5799 1336
f 5750 3148 4310
f 3608 1339 3527
f 4325 1339 3608
f 1333 6011 1340
f 4731 6011 1345
f 5837 1331 1347
f 1346 5837 1347
f 1341 1344 5090
f 1341 5090 1342
f 1343 3419 1344
f 4044 3419 1343
f 1347 1331 1330
f 1332 1348 3148
f 1348 1338 3148
f 3419 1336 5799
f 4894 5173 3419
f 3419 5173 1336
f 4057 1347 1329
f 1347 1330 1329
f 5750 1332 3148
f 4427 1334 1349
f 4672 5728 1350
f 4910 1334 3047
f 1349 1334 4910
f 1352 4352 1353
f 5467 4057 1355
f 1354 1355 1356
f 1355 3740 1356
f 1355 4057 3285
f 5422 1355 3285
f 4432 6121 4951
f 6121 1356 3740
f 4432 4951 5870
f 1358 1353 6177
f 1352 1353 1358
f 1357 4951 1358
f 1350 5728 1359
f 4672 1350 1359
f 1359 3790 3541
f 1359 3541 4672
f 5594 3341 3782
f 4881 5594 3782
f 4731 1363 5857
f 1362 4731 4401
f 5437 3262 5857
f 1363 5437 5857
f 1348 5054 5755
f 1346 3349 5837
f 5837 3349 1360
f 4731 1345 1363
f 1343 1344 5437
f 1341 1342 6110
f 5264 1340 1362
f 5602 3527 1339
f 5639 1362 1361
f 1358 5511 3509
f 3132 4650 5602
f 3530 5639 1361
f 4881 5322 5643
f 3001 1364 4807
f 4807 1364 5639
f 3001 4040 1364
f 1360 3044 5054
f 3349 5639 1365
f 5639 3044 1365
f 3349 1365 3044
f 3349 3044 1360
f 5808 4396 1368
f 3352 5773 4316
f 4777 1373 1374
f 1366 4020 4780
f 1371 1376 1373
f 1376 1377 1373
f 1373 1377 1374
f 5216 3118 3253
f 3253 3118 4345
f 4675 3677 1378
f 1378 3677 4761
f 1379 1381 1380
f 4336 5392 4823
f 1368 1375 3352
f 4336 3466 5392
f 5114 3466 4336
f 3352 1375 5773
f 3768 4777 1383
f 1384 4058 1383
f 5478 1384 1385
f 1386 1387 1388
f 5484 1389 1386
f 1389 4777 1374
f 1389 1374 1387
f 1386 1389 1387
f 1383 4777 1389
f 3550 5973 1390
f 1391 6060 1392
f 1392 6060 1393
f 1392 1393 1394
f 1393 4850 3170
f 4469 1393 3792
f 5362 1394 4858
f 6060 1391 1396
f 1391 1392 1394
f 1391 1394 1396
f 1396 1394 6060
f 1395 5477 6211
f 5477 4954 6211
f 4869 1387 6285
f 1388 1387 1397
f 1386 1398 5484
f 1386 1388 1397
f 1386 1397 1398
f 5484 1398 1387
f 1398 1397 1387
f 1385 1384 1399
f 1385 1399 1400
f 5478 1385 1400
f 5478 1400 1399
f 1384 4454 1399
f 1399 3592 6283
f 3592 1399 4869
f 1378 4761 4176
f 4761 2987 5289
f 1402 4823 6008
f 4396 1401 5816
f 1401 5170 5816
f 5279 1402 2987
f 1382 4823 1402
f 1380 6283 5150
f 1379 1380 5150
f 1376 6285 1377
f 3495 1378 4697
f 1403 4452 3601
f 5041 3328 3743
f 1395 6211 1403
f 1395 1403 3601
f 4452 3775 5851
f 4452 5851 3601
f 4009 2949 1401
f 3601 5851 2949
f 1405 1404 4687
f 1405 4687 1407
f 3350 3954 1404
f 1410 4266 1411
f 3045 5822 4181
f 3160 1412 5824
f 3954 5224 3045
f 5260 1414 1413
f 1411 4643 1415
f 1412 1416 5824
f 5224 1417 3045
f 4788 1418 1419
f 5250 4687 5812
f 1419 5286 1409
f 5654 1419 1409
f 3045 4835 5989
f 5989 3174 1410
f 4864 1404 1405
f 1412 4952 3535
f 4952 1428 3535
f 4952 1427 1428
f 1429 1430 4864
f 1429 4864 1421
f 1430 3160 4864
f 1431 4079 1430
f 1431 1432 5440
f 1433 1432 5508
f 5508 1432 1431
f 1429 1433 5508
f 1435 1428 1427
f 1435 3535 1428
f 6170 1435 1427
f 5740 1441 4204
f 5318 1442 2983
f 1432 4769 5740
f 4769 1441 5740
f 5905 2983 3928
f 5250 5812 3980
f 4769 1407 1441
f 4788 3649 4027
f 3947 5664 4377
f 5651 4377 2922
f 5318 3359 1442
f 1440 5087 4727
f 1440 4727 5318
f 1442 3359 2983
f 1441 1407 3980
f 1445 1447 1446
f 1446 1447 1448
f 5320 1452 3524
f 1455 1453 3912
f 5169 1452 3039
f 1454 5240 1457
f 3910 1459 1458
f 5960 1460 1450
f 1452 5320 5658
f 5100 4683 3451
f 1458 1459 1461
f 5320 1451 5658
f 1449 1447 5792
f 5372 1445 1446
f 1447 5169 5792
f 5792 5169 3910
f 5792 3910 1458
f 4358 3763 1453
f 3110 1453 1455
f 3110 4358 1453
f 5919 1455 3912
f 4729 3578 1456
f 3771 4863 5372
f 4747 1466 5896
f 1474 4443 3299
f 6123 1475 1474
f 4443 1474 1476
f 1474 1475 1476
f 3771 4483 4087
f 4087 5442 1478
f 1478 1473 4087
f 1478 3032 1473
f 6062 3032 1478
f 6123 5471 1475
f 3032 6123 1473
f 1483 4517 4736
f 1483 4736 1484
f 1484 1481 6308
f 3273 1487 2944
f 4729 5273 3678
f 1449 5792 3705
f 3507 5372 3171
f 1488 2912 5658
f 1488 5658 1451
f 2912 5682 4211
f 2912 4211 5658
f 4443 1479 4874
f 5182 1461 3451
f 5882 5310 4867
f 5068 4404 5882
f 4706 3152 3273
f 3273 5068 1487
f 1487 5068 2944
f 2944 3761 4736
f 2944 5068 3761
f 5320 1488 1451
f 5320 2912 1488
f 4378 6111 1447
f 1447 1449 3705
f 4378 1447 1485
f 4407 1493 5323
f 5683 4265 1497
f 5683 1497 1498
f 1497 4265 1498
f 5683 1498 4425
f 4043 5323 1499
f 5323 1493 1499
f 1498 5833 1500
f 4425 1498 1500
f 1493 5777 4601
f 1505 3062 1503
f 1503 3062 4642
f 1504 1505 1507
f 1507 1505 4642
f 1505 1503 4642
f 1499 1507 1496
f 1507 3298 1496
f 3640 1504 1507
f 5892 5113 3417
f 4417 5281 1495
f 4417 1495 3759
f 4463 1512 3767
f 1514 1515 1513
f 1513 1515 1516
f 1513 3445 5221
f 1516 4085 1513
f 1519 1516 1515
f 1519 5433 1516
f 1513 1519 1514
f 1514 1519 1515
f 5278 3767 1512
f 4463 5278 1512
f 4902 1522 5278
f 1517 3128 5433
f 5944 4332 5172
f 5343 4332 5944
f 5172 4332 1534
f 3034 3898 1506
f 1504 5343 5944
f 1536 3640 5777
f 4425 1500 5833
f 5889 4425 4010
f 6077 4786 3981
f 3547 5889 1533
f 1533 5889 5134
f 4332 5134 3596
f 1492 6077 3981
f 3780 6077 1492
f 1538 4193 5769
f 1545 3875 1546
f 1543 4298 4757
f 4298 1545 4757
f 3006 5776 3919
f 1545 1546 5924
f 1545 5924 1550
f 1546 3875 3009
f 4757 1545 1550
f 1556 1547 1551
f 1556 5769 1547
f 4400 1538 5769
f 4400 5769 1556
f 1554 4798 1557
f 1548 5267 3919
f 1555 3504 5908
f 3937 1542 4766
f 1557 3306 1541
f 3425 5923 3641
f 3919 5267 3641
f 4086 1565 3293
f 3293 1565 1552
f 1566 1567 4688
f 4688 1567 6114
f 4688 1569 1566
f 1566 1569 1567
f 1569 1568 1567
f 1565 1571 6083
f 1572 6083 1571
f 4086 1571 1565
f 1571 4751 1572
f 1556 1551 3985
f 1552 1570 1585
f 1552 1585 3293
f 3985 1551 4757
f 5244 1550 5924
f 4212 5244 5924
f 4212 5924 1587
f 4775 4212 2939
f 4212 1587 2939
f 4078 4426 4943
f 1434 3535 1435
f 4494 1434 1435
f 1425 1437 1436
f 4443 6007 1479
f 1483 1468 1469
f 1518 5433 1519
f 1513 6187 1519
f 3566 1527 1526
f 1528 3564 1510
f 1510 1529 1528
f 1520 4820 5942
f 1560 3937 1553
f 4766 1563 1544
f 1568 4464 1567
f 4688 1568 1569
f 4751 5465 1572
f 1562 3083 1564
f 4943 5754 3516
f 1588 1422 5259
f 1422 1588 1589
f 1422 5953 4170
f 1590 4563 5953
f 5501 1425 1591
f 4411 1426 1414
f 1425 1592 1591
f 1422 3371 5259
f 4919 1593 3371
f 3371 1593 5259
f 1429 1421 1594
f 1429 1594 1433
f 1416 1434 1596
f 1416 1596 1595
f 1422 3084 1597
f 1422 1597 3371
f 1425 1436 1560
f 1553 1598 1414
f 1414 1598 1599
f 1414 1599 1436
f 1436 1599 1560
f 1553 1414 1426
f 1414 1436 1600
f 1436 4096 1600
f 1436 1437 1602
f 1437 1425 1559
f 1437 1559 1603
f 1606 1604 1605
f 5034 1607 1604
f 3012 1470 1608
f 1470 3496 1609
f 4563 1470 1609
f 4563 1609 3496
f 3496 1610 3789
f 3496 3789 4563
f 3012 1612 1611
f 3496 1611 1610
f 1606 1605 1438
f 4027 5391 1613
f 1421 5876 1614
f 4769 1421 1614
f 4769 1614 5876
f 3012 5846 1612
f 5741 1615 4370
f 4370 1616 1443
f 1616 4370 1615
f 1408 4644 1618
f 1408 1618 1617
f 1416 1595 1619
f 1416 1619 1620
f 1416 1620 5824
f 1434 1444 1621
f 1434 1621 1595
f 1414 3839 1413
f 1434 1623 1444
f 2922 4377 1625
f 5740 1626 1434
f 4204 1628 1627
f 4204 1627 5740
f 4204 5646 1629
f 4204 1629 1628
f 3888 1443 1631
f 3888 1631 5646
f 5646 1630 1632
f 1634 4384 1633
f 1635 4384 1634
f 4135 1635 1636
f 1467 1637 1638
f 1467 1638 1639
f 1463 1643 1642
f 1463 1642 1641
f 1638 1637 1641
f 1463 1641 1467
f 1463 1467 4484
f 1645 1643 1463
f 1645 1463 1644
f 1463 1638 1644
f 1468 3813 1646
f 1468 1647 1469
f 1648 1649 1650
f 1470 1457 1651
f 4126 1649 1648
f 1471 1653 1654
f 5446 1652 4965
f 5240 1653 1471
f 1457 5240 1655
f 1457 1655 1656
f 1457 1656 1651
f 5240 1471 1657
f 5240 1657 1655
f 1660 1471 1470
f 1660 1470 1658
f 1660 1658 1659
f 1470 1471 1654
f 1650 1652 1661
f 1472 5896 1466
f 4965 1662 5446
f 1472 1466 1663
f 1465 1664 4813
f 1479 6007 1665
f 1667 1666 1480
f 1480 1666 1482
f 1482 1666 1481
f 1481 1666 1667
f 1481 1667 1480
f 1668 1670 4848
f 4848 1670 1482
f 1482 1670 1669
f 1482 1669 1668
f 1480 1482 1668
f 1480 1668 4848
f 1483 1469 1647
f 1671 1672 3056
f 1671 3056 1483
f 1671 1483 1511
f 1673 3330 1483
f 1673 1483 1484
f 1673 1484 1674
f 1674 1484 3330
f 1674 3330 1673
f 1465 5372 1675
f 1465 1675 1664
f 5372 4813 1676
f 5372 1676 1675
f 1479 1665 4874
f 3410 1677 6007
f 3410 4874 1677
f 1495 5281 1508
f 1679 3564 6236
f 3564 1679 1510
f 4071 1511 1680
f 4071 1680 1671
f 1672 5961 1671
f 4071 1681 1511
f 5433 4856 1517
f 3619 1535 1682
f 3619 1682 6187
f 3619 6187 1513
f 3767 1683 1520
f 3767 1521 1683
f 4138 5030 1684
f 1524 1523 1525
f 6261 4530 1685
f 4138 1684 4530
f 1686 5616 1687
f 1483 1526 1463
f 1463 1526 1688
f 1688 1526 5961
f 1688 1495 1463
f 1463 1495 1672
f 5961 1526 1689
f 5961 1689 1690
f 1526 1691 1689
f 1526 1527 1692
f 1526 1692 1691
f 1527 3566 1693
f 1527 1693 3264
f 1502 1529 1695
f 1502 1695 1696
f 1502 1696 1698
f 1502 1698 1678
f 1695 1529 1697
f 1510 1564 1697
f 1510 1697 1529
f 1529 1699 1528
f 1502 1700 1529
f 1529 1700 1502
f 1531 1530 1508
f 1701 1508 1562
f 1562 1531 1508
f 1562 1508 1701
f 3363 1703 4161
f 1703 3363 1702
f 1508 1530 1525
f 1517 4856 3128
f 1705 3184 1704
f 1535 1706 4337
f 3184 1705 1707
f 3619 1506 1709
f 3619 1709 1708
f 3619 1708 1535
f 3898 1710 1506
f 1502 4417 1711
f 1501 1544 1711
f 1520 1712 4820
f 1522 1712 1520
f 1522 4820 1712
f 5961 1690 4739
f 1704 3184 5817
f 1542 3937 1713
f 1559 1714 4455
f 1559 6238 1714
f 3937 1560 1715
f 1553 1598 1560
f 4137 3442 1561
f 1544 1717 1549
f 1544 1563 1716
f 1562 1564 3211
f 1562 4918 5553
f 1542 1713 4766
f 4766 1713 1718
f 4766 1718 1563
f 1568 1719 3829
f 1568 1555 1720
f 5465 1721 1570
f 5465 4751 1722
f 1558 4979 1723
f 1558 1723 1724
f 1725 1558 1724
f 3752 1558 1725
f 1574 1573 1575
f 6259 3752 1727
f 3752 1726 1727
f 4149 6311 1728
f 1549 1717 1696
f 1549 1696 1678
f 1549 1576 5497
f 1576 1729 5497
f 1561 1577 4567
f 1561 4567 5574
f 1553 1577 1731
f 1553 1731 1730
f 1731 1577 1426
f 1561 1426 1577
f 1577 1732 1561
f 1577 1561 1732
f 1553 1622 1733
f 1553 1733 1577
f 1577 1733 1622
f 1734 1558 1559
f 1558 1735 4979
f 1735 1558 1734
f 1579 3829 1736
f 3444 1578 1737
f 1580 3444 1737
f 1580 1737 1578
f 1568 6166 1719
f 1740 1738 1580
f 3444 1580 1739
f 1580 4953 1741
f 1580 1741 1740
f 1568 1720 3970
f 1568 3970 1581
f 1553 5434 1622
f 1583 4513 1743
f 1583 1743 1744
f 1583 1744 1584
f 1585 1745 1540
f 5465 1586 1721
f 5938 3318 1746
f 5465 1722 3318
f 5465 3318 5938
f 5938 1746 4653
f 4627 1747 3255
f 3006 1540 1748
f 1540 1749 1748
f 1583 1584 1750
f 4653 1583 1751
f 4653 1751 1752
f 4653 1752 1753
f 1582 1756 1755
f 1582 1755 1754
f 1582 1754 1757
f 1582 1757 4070
f 4426 1758 5858
f 1607 4827 3901
f 4519 4844 6255
f 4519 6255 1577
f 5497 1704 6313
f 5497 6313 4507
f 1508 1587 1502
f 6263 4900 4105
f 1575 1587 1508
f 4096 4900 6263
f 4096 6263 1603
f 1434 1628 5089
f 1535 1506 5336
f 1611 1612 5846
f 4827 4027 1759
f 4827 1759 1613
f 4827 1613 5391
f 4827 5391 3901
f 6255 2922 1625
f 6255 1625 4377
f 1611 3789 1610
f 1669 1670 1668
f 1707 1705 1704
f 5497 3203 1576
f 5497 1576 1729
f 6338 1529 1699
f 6338 1699 1528
f 1502 1528 1508
f 1508 1573 1574
f 1508 1574 1575
f 6338 3255 1747
f 6338 1747 4627
f 6338 5304 1711
f 1508 1562 1728
f 1508 1728 1573
f 1603 1437 4096
f 4096 1437 1602
f 4096 1602 1436
f 3766 1523 1524
f 3766 1524 1525
f 1689 3766 5817
f 1689 4739 1690
f 1689 1691 1692
f 1689 1692 1527
f 3135 4096 5434
f 4096 1600 1414
f 1617 1618 4644
f 1443 1616 1615
f 1443 1615 5741
f 5089 1408 1617
f 5089 1617 4644
f 1607 1438 1605
f 1607 1605 1604
f 6313 1530 1531
f 6313 1531 3348
f 1535 6187 1682
f 1623 1434 5089
f 1623 5089 1624
f 1623 1624 1444
f 1624 5089 1444
f 1444 5089 1595
f 1444 1595 1621
f 1443 5646 1631
f 1630 1628 1632
f 1630 1632 1762
f 1762 1632 1628
f 1762 1628 5646
f 5089 1628 1630
f 5089 1630 5646
f 1628 1629 5646
f 1628 1434 1626
f 1628 1626 5740
f 1628 5740 1627
f 1595 1596 1434
f 1595 5824 1620
f 1595 1620 1619
f 4813 1664 1675
f 4813 1675 1676
f 1535 1708 1709
f 1535 1709 1506
f 6007 1677 4874
f 6007 4874 1665
f 3318 6138 4653
f 3318 4653 1746
f 1752 1751 1763
f 1763 4653 1753
f 1763 1753 1752
f 1763 1751 1583
f 1743 1584 1744
f 5219 1763 1583
f 5219 1583 1750
f 5219 1750 1584
f 5219 1584 1743
f 1763 3006 1748
f 1763 1748 1749
f 1763 1749 1540
f 1763 1540 1745
f 1763 1745 1585
f 5219 1743 4633
f 5494 5858 1758
f 5494 1758 4426
f 5494 1579 6166
f 6166 1579 1736
f 3756 4070 1757
f 1738 1740 1741
f 1757 1754 3756
f 5494 1581 1582
f 1754 1755 3756
f 3756 1755 1756
f 3756 1756 1582
f 3756 1582 1581
f 3318 1722 4751
f 1586 1585 1570
f 1586 1570 1721
f 1433 1594 1421
f 1738 4400 3444
f 5012 1686 1687
f 5012 1687 5616
f 5012 5616 3766
f 1535 4337 4856
f 5336 4337 1706
f 5336 1706 1535
f 4197 1506 1710
f 4197 1710 3898
f 6166 1736 3829
f 6166 3829 1719
f 3970 1720 1555
f 1521 1522 1764
f 1521 1764 1520
f 1521 1520 1683
f 3970 3756 1742
f 3970 1742 1581
f 1742 3756 1581
f 1741 4953 1738
f 3444 1739 1738
f 1589 4926 1424
f 5506 4965 1650
f 1713 6238 5553
f 5035 3084 1422
f 5446 6305 1648
f 1438 5034 1604
f 1438 1604 1606
f 1559 6317 5614
f 4135 6293 3330
f 4530 1686 1685
f 1685 1686 6261
f 3566 1686 3264
f 3566 3264 1693
f 4161 1703 1702
f 4161 1702 3363
f 1726 6259 1727
f 4979 6311 4149
f 4979 4149 1726
f 4979 1726 3752
f 1470 1651 1656
f 1470 1656 1655
f 1655 1657 1471
f 1655 1471 1660
f 1655 1658 1470
f 1655 1660 1766
f 1655 1766 1658
f 5446 1661 1652
f 5446 1648 1650
f 5446 1650 1661
f 4979 1735 1734
f 4979 1734 1559
f 3084 3371 1597
f 1765 5240 1472
f 1765 1472 1663
f 1765 1663 1466
f 1470 1654 1653
f 1470 1608 1424
f 5451 3937 1767
f 5451 1767 1715
f 5451 1715 1560
f 1560 1598 1599
f 1730 1768 1426
f 1426 1731 1730
f 1424 3512 1482
f 1424 4563 1590
f 1424 1590 5953
f 1560 1425 1561
f 1560 1561 4939
f 1426 1592 1769
f 1425 1769 1561
f 1589 1588 5259
f 1765 1662 4965
f 1765 1633 4384
f 1765 5446 1662
f 1650 4965 1652
f 1650 1649 4126
f 4919 5259 1593
f 1592 5501 1591
f 1653 5240 1765
f 6238 4455 1714
f 1645 1641 1642
f 1645 1642 1643
f 1645 1644 1638
f 1645 1638 1641
f 1467 1641 1637
f 4135 1640 3813
f 4979 3752 1725
f 4979 1725 1724
f 4979 1724 1723
f 1525 1523 5030
f 5030 4530 1684
f 1463 4484 1467
f 1463 1467 1639
f 1463 1639 1638
f 1672 1462 1770
f 1671 1680 1511
f 1696 1717 1544
f 6035 1695 1696
f 6035 1696 1544
f 6035 1544 1716
f 6035 1716 1563
f 1771 1696 1698
f 1678 1549 1509
f 3208 5281 1509
f 1511 1495 1772
f 1511 1772 4539
f 1463 1483 1647
f 1509 1549 1576
f 1511 1508 5548
f 1765 4135 1636
f 1765 1636 1635
f 1765 1635 1634
f 1765 1634 1633
f 1463 1640 1466
f 1463 1646 1483
f 1463 1483 1640
f 1463 1647 1468
f 1463 1468 1646
f 1510 1679 6236
f 4384 1635 4135
f 1563 1718 1713
f 1779 1780 2984
f 1789 1787 1790
f 3580 1791 1789
f 1791 3580 1792
f 1791 1792 1793
f 1794 1795 4242
f 1795 3580 4242
f 3580 1795 1794
f 3580 1794 1796
f 1780 1779 1797
f 1780 1797 1798
f 3252 1781 1779
f 1781 3252 1799
f 1779 1781 1799
f 3479 1800 1801
f 3479 1801 1802
f 1803 1804 5716
f 1804 1800 5716
f 1800 1804 1803
f 1800 1803 1805
f 1806 1807 1803
f 1806 1803 3432
f 1807 1806 1808
f 1807 1808 1809
f 1782 1783 5459
f 1782 5459 1810
f 1782 1810 3645
f 1784 3645 1786
f 1785 6037 1788
f 1787 5403 1790
f 1789 1790 5403
f 5403 6037 3448
f 3645 1810 5459
f 4787 1811 3479
f 4787 4033 1811
f 3942 3694 5349
f 3479 1811 4033
f 4242 5403 4659
f 1814 1816 1815
f 1816 5226 3402
f 6133 1819 1818
f 3165 1824 1823
f 3092 1826 1825
f 1827 1816 3955
f 1827 3955 1828
f 1828 3955 1825
f 1825 1829 1827
f 1825 1827 1828
f 1815 1816 1830
f 1830 1831 1814
f 1830 1814 1815
f 1832 5226 1817
f 1817 1833 1832
f 3017 1835 1834
f 1834 1837 1836
f 1834 1836 4186
f 5239 1839 1838
f 5239 1840 1839
f 1838 1841 3432
f 1838 1842 1841
f 1820 1821 1843
f 1821 6091 1844
f 1813 5515 4089
f 4406 1813 4089
f 4001 3448 3300
f 4089 6157 1843
f 1821 4089 1843
f 1844 3300 1821
f 6091 3300 1844
f 4659 5927 1823
f 4659 1823 1845
f 4186 3988 1834
f 5981 4391 3402
f 1845 1823 6079
f 6079 4659 1845
f 1816 1846 3955
f 3955 1846 3402
f 1846 1816 3402
f 1838 1849 1850
f 1848 1852 1851
f 1848 1851 5978
f 1851 1852 5978
f 5324 3710 4478
f 1841 1842 1853
f 1838 5280 1853
f 1838 1853 1842
f 5280 3432 1841
f 5280 1841 1853
f 1839 1840 1854
f 5239 1855 1854
f 5239 1854 1840
f 1855 5239 1849
f 1855 1838 1839
f 1855 1839 1854
f 1838 1855 1849
f 1836 1837 1856
f 1834 3994 1856
f 1834 1856 1837
f 3994 4186 1836
f 3994 1836 1856
f 1834 1835 1857
f 3017 3282 1857
f 3017 1857 1835
f 3282 1834 1857
f 1832 1833 1858
f 1817 4448 1858
f 1817 1858 1833
f 4448 1832 1858
f 5226 1832 4448
f 1831 1830 5915
f 5915 1814 1831
f 1830 1816 5915
f 1829 1825 4637
f 4637 1827 1829
f 1826 3092 5401
f 5401 1825 1826
f 1825 3256 4637
f 1824 3165 6053
f 6053 1823 1824
f 4888 5324 4478
f 5456 1821 1820
f 1818 3536 1859
f 1818 1859 6157
f 1820 1859 3536
f 1818 1819 1860
f 6242 1818 1860
f 1817 1847 5355
f 1814 5915 1847
f 1814 1847 1817
f 5306 3922 5978
f 1861 1789 4229
f 4017 3473 5897
f 1861 5306 4100
f 6140 1866 1865
f 5306 3413 4898
f 6140 5552 1866
f 5552 1865 1866
f 3413 4478 4898
f 5903 1861 1864
f 1867 6140 1865
f 1809 1808 1868
f 1807 1809 1868
f 1807 1868 1869
f 1803 1807 5280
f 1869 5280 1807
f 1869 1868 1808
f 1869 1808 1806
f 1806 3432 5280
f 1806 5280 1869
f 1800 1805 3259
f 3259 1805 1803
f 1800 3259 3704
f 3479 1802 1870
f 1870 1802 1801
f 3479 1870 1863
f 1870 4471 1863
f 1870 1801 1800
f 1800 4471 1870
f 1862 6086 1871
f 1862 1871 1872
f 1872 5430 1862
f 1872 1871 6086
f 3479 1863 5430
f 3479 5430 1872
f 1779 1799 1862
f 1799 3252 1862
f 1780 1798 1873
f 1873 1798 1797
f 2984 1780 1873
f 2984 1873 1794
f 1873 1797 1779
f 3580 1796 1874
f 1874 1796 1794
f 1874 1794 1875
f 3580 1874 3123
f 1875 3123 1874
f 1794 3123 1875
f 1791 1793 1876
f 1876 1793 1792
f 1789 1791 1876
f 1876 4229 1789
f 1876 1792 3580
f 3580 4229 1876
f 1787 1789 1877
f 1877 1861 5903
f 1789 1861 1877
f 1785 1788 4412
f 1788 1787 1864
f 5321 1784 1786
f 1786 1785 4412
f 1782 3645 3325
f 1878 1782 3325
f 1782 1878 1867
f 3325 1867 1878
f 3645 1784 5321
f 3353 1783 4956
f 1783 1782 1865
f 1782 1867 1865
f 4131 6172 1879
f 5897 3473 3655
f 1779 1794 1873
f 1774 4503 1880
f 1885 3676 1887
f 5171 1884 3465
f 1892 1893 1891
f 1893 1892 1894
f 1891 1893 1894
f 1891 1894 1895
f 1892 1896 1897
f 1898 1899 1896
f 1898 1896 1886
f 1899 1898 1900
f 1896 1899 1900
f 1896 1900 1901
f 1886 1885 1902
f 1887 1903 1904
f 1903 3008 1906
f 1907 1910 1905
f 1907 1905 1908
f 1910 1907 1909
f 1910 1909 1911
f 3095 1912 1913
f 1914 1916 1915
f 1916 1914 1917
f 1916 3095 1915
f 1916 1917 1918
f 1890 4467 4983
f 3944 6042 3498
f 4035 4983 1882
f 1903 1887 3676
f 1905 4880 1908
f 1907 1908 4880
f 3095 3243 1915
f 4796 3944 3498
f 1886 1896 5867
f 3992 4796 3498
f 3992 3498 1884
f 5299 5796 3151
f 1919 1922 3071
f 6116 1926 4950
f 1928 3858 1929
f 1929 3858 1927
f 1927 1930 1928
f 1927 1928 1929
f 1928 1931 1920
f 1921 1933 1932
f 1934 1932 1935
f 1935 1936 1934
f 2908 3127 1937
f 1937 3127 1934
f 1934 2908 1937
f 5774 1939 1938
f 5774 1940 1939
f 1941 1915 5288
f 5288 1942 1941
f 5288 1943 1942
f 3777 1882 3964
f 5474 3777 6126
f 5474 3849 3777
f 4950 3849 5474
f 1938 1915 3243
f 1921 1932 4349
f 1921 4349 5299
f 1928 4754 3858
f 3398 1945 1946
f 1945 3398 1948
f 1949 1950 1948
f 1945 1948 1946
f 4306 3197 4967
f 5972 1948 3398
f 6116 1949 1948
f 6116 1950 1949
f 4132 1951 6120
f 1942 1943 1952
f 5288 4717 1952
f 5288 1952 1943
f 4717 1941 1942
f 4717 1942 1952
f 1915 1941 4717
f 1939 1940 1953
f 5774 4335 1953
f 5774 1953 1940
f 4335 1938 1939
f 4335 1939 1953
f 2908 4799 1954
f 2908 1954 4335
f 4799 4335 1954
f 1936 1935 1955
f 1955 1934 1936
f 1935 1932 1955
f 1955 1932 5421
f 1955 3311 1934
f 1933 1921 6049
f 6049 1932 1933
f 1931 1928 1956
f 1956 1920 1931
f 1956 1928 5374
f 1930 1927 1957
f 1957 1928 1930
f 1927 5958 1957
f 1928 1957 5958
f 1927 5215 1958
f 5215 4200 1958
f 4200 1927 1958
f 1926 6116 1959
f 1959 4950 1926
f 1959 6116 1948
f 5972 1959 1948
f 5474 1924 4891
f 1923 5177 6126
f 3071 1922 1960
f 1920 4334 3708
f 1920 1956 5374
f 5449 4110 1963
f 1905 1963 4110
f 1903 6052 1962
f 1903 1962 1964
f 5948 4655 3984
f 5948 3984 3336
f 3336 3984 4306
f 3048 3656 3396
f 1918 1917 1965
f 1916 1918 1965
f 1916 1965 1966
f 3095 1916 4717
f 1966 4717 1916
f 1966 1965 1917
f 1966 1917 1914
f 1914 1915 4717
f 1914 4717 1966
f 3095 1913 6090
f 6090 1913 1912
f 1912 3481 5449
f 3095 3481 1912
f 1910 1911 1963
f 1963 1911 1909
f 1905 1910 1963
f 1963 1909 1907
f 1903 1906 1967
f 1967 1906 3008
f 1967 3008 4479
f 4479 6052 1903
f 4479 1903 1967
f 1887 1904 1885
f 1885 1904 1903
f 1885 1903 1964
f 1886 1902 1968
f 1968 1902 1885
f 1968 1885 5969
f 5969 1886 1968
f 1896 1901 1969
f 1969 1901 1900
f 1896 1969 4232
f 1900 1886 4232
f 1900 4232 1969
f 1898 1886 1900
f 1892 1897 5350
f 5350 1897 1896
f 1891 1895 4343
f 4343 1895 1894
f 3656 1894 1892
f 5405 3690 1970
f 3690 3048 1970
f 1970 3048 5405
f 1885 1962 5315
f 5315 1962 6052
f 3161 6052 3019
f 3161 3019 3905
f 1885 1964 1962
f 4655 3161 3905
f 3336 4306 4967
f 1976 5145 1977
f 1978 1976 1979
f 1978 1980 4663
f 1984 3862 1981
f 1981 1982 1984
f 3862 1984 1982
f 1987 1988 3469
f 1988 1987 1989
f 1987 4753 1990
f 1982 1981 1991
f 3088 1983 1981
f 1983 3088 1992
f 1981 1983 1992
f 5781 1994 3088
f 1994 5781 1995
f 6085 1997 1999
f 2000 2002 1998
f 2002 2000 2001
f 2002 2001 2003
f 4834 4461 1974
f 5396 1998 4451
f 4270 1975 5781
f 4451 6085 4077
f 5781 3648 4077
f 1978 5145 1976
f 4812 5145 1978
f 1978 1979 1980
f 4812 1978 5300
f 5907 1978 1982
f 2004 2005 1972
f 3193 1972 2005
f 5662 1977 5145
f 5662 5145 3967
f 5662 1976 1977
f 2007 2008 2009
f 2009 2008 3016
f 1979 4663 1980
f 3016 2007 2009
f 2010 2004 2011
f 2011 2012 2010
f 3461 2015 2014
f 2016 3121 2017
f 2017 3121 3667
f 3667 2016 2017
f 2016 2018 2007
f 2008 2020 2019
f 2008 2021 2020
f 4243 2022 6153
f 3381 2024 2023
f 5396 2023 2025
f 2025 2023 2026
f 2026 2027 5396
f 2026 5396 2025
f 2014 3967 6041
f 2006 1974 4439
f 3193 2005 2004
f 3764 2006 4842
f 5450 6055 2004
f 5450 2004 6179
f 5396 4451 2023
f 2008 5766 3016
f 2028 5662 3967
f 4847 2028 3967
f 4847 5662 2028
f 4847 3121 1979
f 2016 2007 3121
f 2934 3104 2030
f 2031 2030 3104
f 2031 2934 2030
f 3246 2033 2032
f 2033 2034 2032
f 2032 5416 4865
f 2036 2035 3158
f 2026 2037 2027
f 2026 2023 6146
f 2037 2026 6146
f 2037 6146 5396
f 2037 5396 2027
f 3381 2038 2024
f 2038 5469 6146
f 2038 6146 2023
f 2038 2023 2024
f 2022 4243 4932
f 4932 6153 2022
f 5469 4932 3104
f 5444 2019 3455
f 2020 2021 2039
f 2008 3455 2039
f 2008 2039 2021
f 2019 2020 2039
f 3455 2019 2039
f 2018 2016 2040
f 2040 2007 2018
f 2016 2029 2040
f 2041 5347 5996
f 2041 2016 5952
f 2016 2041 2029
f 2015 3461 6031
f 6031 2014 2015
f 3067 2042 4431
f 6096 4431 2042
f 6096 2042 3067
f 5450 3526 4362
f 2036 2043 3526
f 2043 2036 3158
f 3526 2043 2044
f 3526 2044 4362
f 2043 4362 2044
f 2007 2040 2029
f 4319 4696 5233
f 4319 5233 5675
f 4037 3340 2047
f 3709 4865 2046
f 2046 3400 4917
f 3400 5416 4917
f 3158 3340 4917
f 6066 3709 2046
f 2048 4037 2047
f 2048 2047 3340
f 2002 2003 2049
f 2049 2003 2001
f 1998 2002 2049
f 1998 2049 1997
f 2049 2000 1997
f 2049 2001 2000
f 6085 1999 4912
f 4912 1999 1997
f 1993 1996 2050
f 1993 2050 3529
f 3529 2050 1996
f 1994 1995 3685
f 3685 1995 5781
f 3088 1994 3685
f 1993 3529 3685
f 1981 1992 2051
f 1981 2051 5161
f 1992 3088 3007
f 5161 2051 1992
f 1982 1991 2045
f 2045 1991 1981
f 2045 1981 2052
f 2052 3218 2045
f 1987 1990 5901
f 5901 1990 4753
f 1988 1989 3973
f 3973 1989 1987
f 3469 1988 3973
f 6071 4037 2048
f 4490 5476 2053
f 4490 2053 2048
f 2048 3340 4490
f 5476 2048 2053
f 1985 2055 2054
f 1981 3218 2052
f 2064 2065 2062
f 4030 2067 3061
f 2067 4030 2068
f 2069 2070 3303
f 2070 2069 2071
f 3303 2070 2071
f 3303 2071 2072
f 2069 2989 2073
f 4605 2074 2075
f 3233 2076 2077
f 2078 2079 2080
f 2081 2078 2082
f 2078 2081 2083
f 2078 2083 2084
f 2062 4104 2085
f 2062 2085 2064
f 2056 2058 5518
f 2064 2085 4104
f 4755 2064 3776
f 4755 3776 5828
f 4030 4755 5828
f 2078 4803 4235
f 2082 2078 4235
f 3089 5909 4279
f 2069 3303 5743
f 2056 2086 3515
f 2089 2087 2090
f 2087 5894 2088
f 2096 4230 2097
f 2097 2098 2096
f 4230 2099 2098
f 4230 2098 2097
f 2100 2102 2101
f 2101 2102 2096
f 2096 2100 2101
f 2103 2100 2104
f 2104 2100 2105
f 2105 2106 2103
f 2105 2103 2104
f 2088 2107 2087
f 2108 3625 2087
f 2108 2087 2089
f 2090 2109 2108
f 2090 2108 2089
f 2111 2112 2110
f 2111 2113 2112
f 2110 2116 2115
f 2110 2115 2114
f 4056 2118 2117
f 2119 2082 2120
f 2120 2121 2119
f 2120 2082 2117
f 2120 2122 2121
f 3936 2123 6152
f 3936 2095 2123
f 2096 4658 5097
f 2095 3950 6152
f 2095 6152 2123
f 5749 3950 2095
f 3625 2111 3401
f 2110 3401 2111
f 2117 2082 4235
f 2117 4235 4056
f 2091 3401 5144
f 4658 2096 2102
f 2100 4658 2102
f 4255 3406 4658
f 4255 5123 3406
f 2103 2088 5894
f 5123 5894 3406
f 2124 3333 5866
f 6081 2126 4474
f 2110 4474 2126
f 3625 2127 3011
f 5703 3029 2095
f 2121 2122 2129
f 2120 3145 2129
f 2120 2129 2122
f 3145 2120 2117
f 3145 2119 2121
f 3145 2121 2129
f 2082 2119 3145
f 2117 2118 2130
f 4056 2131 2130
f 4056 2130 2118
f 2131 6081 2125
f 2131 2117 2130
f 2117 2131 2125
f 2110 2126 2116
f 2126 2114 2115
f 2126 2115 2116
f 2113 2111 3625
f 3625 2112 2113
f 3625 2110 2112
f 2110 3625 5431
f 2109 2090 2132
f 2132 2133 2108
f 2132 2108 2109
f 2108 2133 2127
f 2108 2127 3625
f 2107 2088 2103
f 2103 2087 2107
f 2106 2105 2134
f 2134 2103 2106
f 2105 2100 4617
f 2105 4617 2134
f 2134 4617 2103
f 2100 2096 2135
f 2096 2136 2135
f 2136 5866 3333
f 2136 2100 2135
f 2100 2136 3333
f 2099 4230 5207
f 5207 5866 2098
f 5207 2098 2099
f 2095 3936 5703
f 2095 2137 2094
f 2094 2137 3309
f 2137 2095 3309
f 4938 2093 5103
f 2093 2138 5103
f 2138 2139 6130
f 2087 3011 2127
f 2090 2087 2132
f 2133 2132 2087
f 2133 2087 2127
f 4875 5305 4022
f 4875 4022 2141
f 2143 2142 4914
f 2144 2142 2143
f 2144 2143 6054
f 2929 6021 4473
f 2929 5487 3068
f 3537 3757 6141
f 2084 2083 2145
f 2078 2084 2145
f 2078 2145 3145
f 3145 2145 2083
f 3145 2083 2081
f 2081 2082 3145
f 2078 2080 6018
f 6018 2080 2079
f 6018 2079 4326
f 4326 2079 2078
f 3796 3470 2146
f 3470 4014 2146
f 3796 2146 4014
f 3233 2077 3796
f 3796 2077 2076
f 4605 3796 4108
f 4605 2075 2061
f 2061 2075 2074
f 2061 2074 4108
f 2074 4605 4108
f 2069 2073 4456
f 4456 2073 2989
f 4456 2989 5371
f 3303 2072 3177
f 3177 2072 2071
f 2071 2069 4456
f 2067 2068 4442
f 4442 2068 4030
f 3061 2067 4442
f 6057 3706 4442
f 2065 2064 2147
f 2062 2065 2147
f 2062 2147 3945
f 2064 3945 2147
f 2063 4896 2148
f 2064 2063 2148
f 2064 2148 4896
f 3639 2140 3534
f 3639 3534 4002
f 2061 2144 5974
f 1879 6172 4503
f 1922 1919 1960
f 2086 2092 3515
f 1774 2153 2152
f 1774 2152 2150
f 1774 2149 1775
f 1812 2155 2158
f 1813 4406 5515
f 6133 2161 2160
f 6133 2160 1860
f 6133 1860 1819
f 4503 2162 2161
f 4503 2161 6133
f 1860 2162 4503
f 1812 2158 2165
f 1812 2165 2164
f 1812 2164 4503
f 4503 4131 2167
f 2166 1879 4503
f 2166 4503 2167
f 1774 1880 2168
f 2168 2153 1774
f 1888 2170 2169
f 1888 2169 2962
f 2170 1888 2171
f 1881 2172 1919
f 1919 2174 2173
f 1919 2173 1960
f 1919 5532 2174
f 4508 6215 5532
f 6215 2174 2175
f 6215 2175 5532
f 5532 1919 2176
f 5516 1971 2177
f 5516 2177 1888
f 4477 2178 1888
f 1888 2178 2171
f 1973 2179 1972
f 2004 1972 2180
f 2004 2181 2011
f 2011 2181 2012
f 2010 2012 2182
f 2010 2182 2183
f 2036 6307 2184
f 5592 2036 2184
f 2004 2185 3800
f 2185 2004 2180
f 1985 2054 3554
f 2055 3554 2054
f 4490 2186 2055
f 5427 2186 4490
f 1973 4117 2187
f 2187 2179 1973
f 2056 2057 2188
f 4750 2092 2189
f 4750 2189 2190
f 2190 2191 4750
f 2086 2056 2092
f 2093 2194 2193
f 2093 2193 2192
f 2138 2093 2192
f 2138 2192 2195
f 2139 2138 2195
f 4750 2194 2093
f 2194 4750 2196
f 4750 2191 2196
f 3189 4259 2198
f 3189 2198 6231
f 4849 2197 6231
f 2057 2197 2199
f 2199 2200 2057
f 2197 4849 2199
f 3786 2200 2199
f 3786 2199 4849
f 3786 2188 2057
f 3786 2057 2200
f 3786 2056 2188
f 4259 6231 2198
f 2161 1860 2160
f 4503 2155 2156
f 2155 4503 2164
f 2155 2164 2165
f 2155 2165 2158
f 5427 2055 2186
f 4117 3554 2055
f 2139 2195 2192
f 6130 2139 2192
f 2194 6130 2192
f 2194 2192 2193
f 2194 2196 2092
f 2092 2196 2191
f 2092 2191 2190
f 2092 2190 2189
f 1860 2161 2162
f 1972 2179 2187
f 1972 2187 4117
f 2175 2174 5532
f 3787 5532 2176
f 3787 2176 1919
f 3787 1919 2172
f 3787 2172 1881
f 2174 1960 2173
f 2166 4131 1879
f 1880 4503 2156
f 1880 2150 2152
f 2152 2153 2168
f 2152 2168 1880
f 5592 2184 6307
f 3800 4520 2181
f 3800 2181 2004
f 2181 2010 2183
f 2181 2183 2182
f 2181 2182 2012
f 1888 2177 1971
f 4477 6201 3753
f 4477 1888 6201
f 2962 2178 4477
f 2178 2962 2169
f 2178 2169 2170
f 2178 2170 2171
f 2166 2167 4131
f 1972 3800 2185
f 1972 2185 2180
f 5515 1775 2149
f 5515 2149 1774
f 5515 1774 2150
f 6277 2203 2202
f 2202 2205 2204
f 2207 2206 2208
f 2207 2208 2209
f 2208 2206 2209
f 2207 5019 2210
f 6277 2202 2207
f 6223 5045 5517
f 3569 2210 4151
f 2202 2204 2207
f 2207 2204 2206
f 6340 2205 2202
f 6340 2204 2205
f 6340 2206 2204
f 2203 5620 2202
f 2201 4151 2203
f 2201 3841 4151
f 2213 2347 2214
f 2213 2214 3827
f 5046 2215 2216
f 2216 2215 2217
f 6239 2220 2219
f 2219 2217 2218
f 2220 2217 2219
f 5052 4548 5559
f 2222 2347 2213
f 6239 2224 2221
f 2224 6192 2221
f 5559 4937 2223
f 2224 2219 2218
f 2219 2224 6239
f 5046 2216 2217
f 6239 2217 2220
f 2224 2225 2226
f 2224 2226 6192
f 2225 2215 2226
f 2224 2217 2215
f 2224 2215 2225
f 2224 2218 2217
f 2213 3827 2215
f 2215 6192 2226
f 2230 2229 2228
f 2230 5588 2229
f 2234 2235 2233
f 2234 2236 2235
f 6299 2234 2233
f 5609 4543 2234
f 5588 2236 2234
f 2227 2230 5609
f 2237 6329 2238
f 2228 2237 2238
f 6302 2239 2228
f 2228 2239 2237
f 6302 2237 2239
f 2229 5588 2234
f 2229 2234 2240
f 2240 2237 6302
f 2237 2240 2241
f 2240 6329 2241
f 2234 5048 2240
f 6329 2237 2241
f 2228 2238 6329
f 2227 2246 2247
f 2227 3326 2245
f 2227 2247 2248
f 3326 2227 2249
f 2249 2227 2248
f 2249 2248 2247
f 2250 6320 2246
f 6320 2250 2242
f 2249 5015 2243
f 2249 2243 2251
f 2251 5490 2249
f 2251 2243 5490
f 2242 5490 6320
f 5490 2243 5015
f 6334 2256 2257
f 2258 2257 2259
f 2258 2261 2260
f 2253 2258 2260
f 2262 6249 2263
f 2263 6249 2264
f 2262 2265 6249
f 6249 2253 2260
f 2265 2255 5568
f 2265 5568 6249
f 2261 2258 2267
f 2258 2259 5624
f 2269 2261 2267
f 6249 2266 2264
f 2257 5624 2259
f 6334 2257 2258
f 2270 2256 2268
f 2256 6334 2268
f 2257 2270 2268
f 2257 2268 5624
f 2257 2256 2270
f 2254 2267 5050
f 5050 2267 2268
f 2267 2254 2269
f 2273 4142 2274
f 2275 4142 2273
f 2279 2277 5595
f 2279 5595 2278
f 2277 2276 2280
f 2271 2272 4504
f 2281 6295 4534
f 2281 4534 2282
f 6321 2281 2282
f 2274 4142 2283
f 2283 2281 2274
f 2281 6321 2274
f 4142 5029 2281
f 4142 2281 2283
f 5029 6295 2281
f 6321 2282 4534
f 2284 2286 2285
f 2284 2285 2287
f 2284 2289 2288
f 2288 2291 2290
f 2293 2292 2294
f 2293 2294 2295
f 2294 2292 2295
f 2293 2296 4542
f 2284 2288 2293
f 2298 4154 2299
f 2298 2296 4154
f 2296 2298 6232
f 2295 5051 2293
f 2288 2290 2293
f 2293 2290 2292
f 6343 2291 2288
f 6343 2290 2291
f 6343 2292 2290
f 2284 4154 2289
f 2289 5622 2288
f 2284 2287 6298
f 2284 6298 4154
f 5049 5589 2301
f 2300 5049 2303
f 3570 5043 2304
f 3570 5043 2305
f 6296 2306 3836
f 3836 2306 2276
f 2307 5603 6330
f 2307 6330 2308
f 2309 2310 2307
f 2309 2307 2308
f 4566 2310 2309
f 4566 2307 2310
f 5589 3836 6328
f 5603 2307 4566
f 2309 6330 4566
f 2309 2308 6330
f 4535 2314 2315
f 5055 2318 2317
f 2318 2316 2317
f 4141 2321 5625
f 2319 5625 2324
f 2324 2314 2319
f 6244 2319 2314
f 4141 6244 2322
f 2317 2324 5055
f 4535 2315 2316
f 5055 2316 2318
f 6344 2314 2325
f 2316 2315 2314
f 2317 6344 2324
f 6344 2325 2324
f 2314 2324 2325
f 2314 3815 6244
f 3828 2276 2329
f 3828 2329 2328
f 2331 2328 2329
f 2331 2329 2330
f 2331 2330 2332
f 2333 2331 2332
f 2335 2336 2334
f 2335 4166 6306
f 2334 6253 2335
f 2329 2276 2336
f 2326 3828 4557
f 2326 4557 2327
f 3828 2328 2331
f 2333 2335 2331
f 2337 6336 2332
f 2337 2332 2338
f 2339 2340 2337
f 2339 2337 2338
f 2339 5612 2340
f 5612 2337 2340
f 5612 4166 2341
f 5612 2342 2337
f 5612 2341 6336
f 5612 6336 2342
f 4166 6336 2341
f 2335 2333 4166
f 6336 2337 2342
f 2339 2338 2332
f 2339 2332 5612
f 2323 2322 3577
f 2233 2232 6299
f 2269 2266 6249
f 2313 3577 3815
f 6223 2211 2343
f 6223 2343 2344
f 2211 2345 2346
f 2211 2346 2347
f 3841 4552 2348
f 2347 3827 2214
f 2223 2350 5559
f 2233 2235 2232
f 2236 3797 2351
f 3326 2242 2353
f 3834 2355 2354
f 3834 2354 2244
f 2245 2358 2357
f 2245 2357 2356
f 2245 2356 2359
f 2245 2359 2227
f 2250 2246 2360
f 2358 2361 2357
f 2346 2345 2362
f 2223 2212 2252
f 2269 2286 2363
f 4504 2365 2278
f 2277 2279 2364
f 2368 6232 2366
f 2298 2369 2370
f 2313 2298 2299
f 6232 2298 2297
f 2304 2371 2300
f 2305 2373 3570
f 5043 3570 2304
f 4141 2320 2377
f 4141 2377 2378
f 4141 2378 2321
f 2321 2378 2299
f 2320 4141 2379
f 2336 2300 2380
f 2336 2276 3828
f 5014 2300 2375
f 6298 2287 2285
f 6298 2285 2286
f 2381 4141 2322
f 2381 2322 2323
f 2382 6312 5045
f 2382 5045 6223
f 6312 3841 2348
f 6312 2348 4552
f 4509 2223 2252
f 4509 2252 2212
f 4509 2350 2223
f 4509 5559 2350
f 4509 2222 5559
f 2382 2344 2343
f 2382 2343 2211
f 2382 6223 2344
f 2347 2211 2345
f 2347 2345 2362
f 6312 2349 2383
f 6312 2383 2211
f 2347 2362 2346
f 4509 2384 2222
f 6312 2382 2211
f 6312 2211 2384
f 2235 2227 2231
f 2235 6299 2232
f 2385 2244 2354
f 2385 2354 2355
f 2385 2355 3834
f 2235 2361 2357
f 2235 2357 2356
f 2235 2356 2359
f 2235 2359 3560
f 2235 2245 2358
f 2235 2358 2361
f 3797 2351 2236
f 2227 2244 2385
f 2227 2360 2246
f 2250 2360 2227
f 2385 2353 2242
f 2385 2242 2227
f 2385 3326 2353
f 2227 2242 2250
f 3831 2365 4504
f 3831 2278 2365
f 3831 4504 2272
f 3831 2272 2271
f 5608 5022 2334
f 5608 3828 2327
f 5608 2327 5022
f 2300 2304 2371
f 3828 2372 2304
f 2276 3570 2373
f 2276 2373 2305
f 2276 3374 3836
f 3828 2326 2327
f 2313 2376 2387
f 2313 2387 3577
f 2299 2321 2312
f 2299 2312 2388
f 2313 2298 2369
f 2313 2369 2370
f 2313 2370 2378
f 2313 2378 2320
f 2313 2320 2381
f 5606 6298 2286
f 5606 2286 2368
f 2381 2320 2379
f 5606 2297 2298
f 2381 2379 4141
f 2381 3577 2376
f 2381 2376 2313
f 2381 2323 3577
f 2264 5568 2255
f 2264 2255 2265
f 2264 2265 2262
f 2264 2262 2263
f 5014 2375 2300
f 2276 2389 2306
f 2276 2306 6296
f 2278 5042 2389
f 2278 2389 2374
f 2278 2374 2306
f 5568 2269 2254
f 2286 2363 2269
f 2269 2368 2286
f 5568 2367 4174
f 2253 4174 2284
f 2368 2269 3542
f 5568 2264 2266
f 5606 2368 6232
f 5606 6232 2297
f 6232 2368 2366
f 2278 2277 2364
f 2278 2364 2279
f 2392 2394 2391
f 2391 2390 2936
f 5038 2409 3837
f 2410 2412 2411
f 2410 2957 2412
f 2410 6272 2957
f 2410 5005 6272
f 5038 3372 2409
f 3837 2409 3372
f 2416 2417 5502
f 2416 2418 2419
f 2417 2416 2420
f 2421 2417 2420
f 3729 2421 2422
f 4610 2422 2421
f 4610 3729 2422
f 2416 2419 6012
f 2416 2421 2420
f 2419 2418 5037
f 2418 2416 5037
f 2417 2421 5502
f 2421 3729 5502
f 3085 2425 4168
f 3085 5586 2425
f 5586 4168 2425
f 5502 3729 4168
f 3879 2957 2426
f 2957 2411 2412
f 2957 4995 2411
f 2393 2430 4588
f 2413 3879 2426
f 2957 2413 2426
f 4995 2410 2411
f 6139 4536 2431
f 3130 2431 4536
f 3130 6139 2431
f 3620 2439 3222
f 2440 2439 3620
f 2440 3620 5106
f 3222 2439 2440
f 2441 3222 5707
f 2402 3620 2401
f 4576 4224 5075
f 3094 5075 2394
f 2430 5672 4588
f 2393 5672 2430
f 5672 2394 2392
f 2419 2415 6012
f 2427 5071 4217
f 5635 2392 3609
f 2392 3377 3609
f 2401 4228 5632
f 2396 5073 2395
f 2423 2424 4610
f 3623 2436 4771
f 2461 2445 2444
f 2446 3219 2396
f 2397 2448 2447
f 2397 2447 4588
f 4588 2447 2450
f 4588 2450 2449
f 4588 2449 2395
f 2395 2451 2396
f 5075 2452 4651
f 5075 2398 2453
f 5075 2453 2452
f 2586 2457 2398
f 5572 2456 3575
f 5634 2399 2458
f 5634 2458 2399
f 2463 2586 2398
f 2463 2398 2462
f 4224 2464 6254
f 4224 2466 2465
f 4224 2465 3074
f 4224 3074 2464
f 3074 2468 2469
f 3074 2466 2468
f 5546 2470 6254
f 2403 2404 2471
f 2403 2471 2401
f 2400 2404 2474
f 2400 2474 3230
f 2400 3230 2472
f 2400 2472 2473
f 4524 2476 2477
f 4524 2477 5610
f 2481 2403 5184
f 5844 2403 2481
f 5585 2478 2483
f 5585 2483 2482
f 3746 2482 2484
f 2406 6183 2486
f 2406 2486 2399
f 2406 2399 2488
f 2406 2488 3069
f 2406 3069 2487
f 2406 2487 5529
f 2423 2490 2489
f 2423 2489 2424
f 2423 3903 2491
f 2423 2491 2490
f 2428 2492 2493
f 2428 2493 5934
f 2428 5934 4217
f 5340 2495 3376
f 2428 3376 2492
f 4215 3874 2496
f 4217 2498 2497
f 4217 2497 2428
f 2396 2451 2502
f 2396 2502 2501
f 2396 2501 2500
f 2396 2500 2499
f 4217 3582 2503
f 4217 2503 2498
f 2396 2499 2498
f 2396 5881 2446
f 2393 3219 2504
f 2393 2504 5881
f 2393 5881 2505
f 2393 2505 2506
f 2393 2506 3582
f 6004 2507 2490
f 2393 2508 6004
f 2393 2424 2509
f 2393 2509 2508
f 2432 2511 2510
f 2432 2510 3623
f 4330 2512 2513
f 2432 2514 2512
f 2432 2512 4330
f 2432 4330 2511
f 2512 2516 2515
f 2512 2515 3853
f 2899 2433 2518
f 2899 2518 3593
f 3593 2518 2433
f 3097 2520 2519
f 3097 2519 2517
f 3097 2517 2522
f 3097 2522 2521
f 3097 2521 2899
f 3097 2523 4667
f 3097 3853 2520
f 2434 2524 2512
f 2435 2525 2526
f 2435 2526 2527
f 2435 2527 5342
f 2530 5064 2528
f 2530 2528 2529
f 2530 2525 5720
f 2531 2525 2530
f 2531 2530 5937
f 2437 2532 5937
f 2437 5937 2530
f 2437 2530 2533
f 3097 2435 2534
f 3097 2534 2523
f 2434 4330 2535
f 2434 2535 2513
f 2434 2513 2524
f 4330 3623 2510
f 5071 2433 2536
f 5071 2536 2432
f 4616 2433 2539
f 4616 2539 2538
f 4616 2538 2537
f 5071 4616 2537
f 5071 2537 2433
f 2477 6339 5610
f 2402 2542 2543
f 2402 2543 2541
f 2402 2541 2438
f 2402 3431 2542
f 3387 2441 2544
f 2438 2541 2545
f 2438 2545 2442
f 2442 5413 2438
f 3196 2546 4899
f 3196 4899 2443
f 2443 2442 2547
f 4985 6194 2549
f 4985 2549 2548
f 4899 2546 3074
f 2990 2550 2552
f 2990 2552 2551
f 2990 2551 3920
f 3920 2553 4721
f 5110 4721 2554
f 3378 2429 2555
f 3378 2555 2556
f 3378 2556 3107
f 3378 3107 2557
f 5110 2554 2558
f 5110 2558 3903
f 4771 5937 2559
f 2437 4771 2559
f 2437 2559 2532
f 5132 2437 2560
f 5132 2560 2562
f 5132 2562 2561
f 5132 2561 4240
f 4240 2563 5132
f 3671 2563 2564
f 2563 3671 5132
f 3414 2437 2566
f 3414 2566 2565
f 2437 2533 6099
f 2567 2985 5634
f 2567 5634 2570
f 2985 2569 2568
f 2985 2568 2480
f 2568 2569 5634
f 2568 5634 2399
f 2568 2399 2571
f 5634 2569 2570
f 2441 2573 2544
f 5064 2572 2441
f 2565 2441 3414
f 2441 2528 5064
f 5106 2574 2575
f 5106 2575 2576
f 5106 2576 3907
f 2574 3378 2557
f 2397 4215 2448
f 2445 4558 3590
f 2445 3590 2577
f 4558 2578 3590
f 2577 4225 2579
f 2578 4558 3590
f 2454 2455 2577
f 2455 2454 2577
f 5758 3078 4651
f 5758 4651 2398
f 3078 2454 2461
f 2577 2461 2445
f 5676 2577 2579
f 2580 2581 3723
f 2581 2540 5570
f 3723 3431 2582
f 4061 2400 2910
f 2401 4061 2583
f 4061 5708 2583
f 4524 2475 4123
f 4123 2475 2580
f 5708 3723 2582
f 2478 2479 3397
f 2479 2653 4556
f 2653 2585 4556
f 2585 3553 4930
f 3746 2484 5448
f 2484 2482 5020
f 2484 5020 5448
f 5448 5020 2480
f 5020 2482 2483
f 5020 2483 2478
f 2480 5020 2584
f 2487 3069 5529
f 2976 5758 2398
f 5875 2501 2451
f 2547 2442 4331
f 2443 2547 4331
f 6240 2473 4930
f 2497 2498 2428
f 2459 6345 2460
f 2578 6345 2460
f 2578 2460 6345
f 2586 2398 2457
f 2445 2461 2444
f 2579 4225 5676
f 2452 2398 4651
f 3582 2498 2503
f 2424 2489 2490
f 2466 3074 2465
f 3074 6254 2464
f 2469 2398 2443
f 2469 2468 2466
f 2469 2466 2587
f 2469 2587 2398
f 5881 3219 2446
f 2424 2490 2507
f 2424 2507 6004
f 3903 2490 2491
f 2580 5610 2540
f 2580 2540 2581
f 2583 5708 2401
f 2541 2542 3431
f 2582 3431 5708
f 2429 3107 2556
f 3553 2585 2485
f 3553 2485 5021
f 5021 2485 2585
f 2584 3848 2480
f 2573 3387 2544
f 2437 4240 2561
f 2584 5020 3848
f 2566 2441 2565
f 2433 2537 2538
f 3069 2488 2399
f 2453 2398 2452
f 4215 2447 2448
f 2449 2450 2395
f 2395 2450 2447
f 2501 2502 2451
f 2498 2499 2500
f 2498 2500 2501
f 2498 2501 2428
f 5934 2493 2492
f 5934 2492 3376
f 4660 2494 5340
f 4660 3376 2494
f 4660 4215 2496
f 4660 2496 3874
f 2462 2586 2463
f 3582 2506 2505
f 3582 2505 5881
f 5881 2504 3219
f 2424 6004 2508
f 2424 2508 2509
f 4240 3671 2564
f 4240 2564 2563
f 2551 4721 2553
f 2551 2553 3920
f 2575 2574 2576
f 2574 3907 2576
f 4721 3903 2558
f 2558 2554 4721
f 2471 2404 2401
f 2545 2541 2442
f 2556 2555 2429
f 3107 2574 2557
f 3107 3907 2574
f 2562 2560 2561
f 3230 2474 2404
f 2473 2472 3230
f 2473 6240 2400
f 6183 2399 2486
f 5690 2571 2399
f 2559 5937 2532
f 5937 5342 2525
f 5937 2525 2531
f 2573 2441 2572
f 2573 2572 5064
f 2573 5064 3387
f 2561 2560 2437
f 2530 6099 2533
f 2568 2571 5690
f 2985 2567 2570
f 2985 2570 2569
f 3853 2519 2520
f 2517 2519 3853
f 2521 2522 2899
f 2899 2522 2517
f 2433 2432 2536
f 2433 5935 2432
f 5935 2512 2514
f 5935 2514 2589
f 5935 2589 2432
f 5184 5844 2481
f 2435 4667 2523
f 2510 2511 4330
f 4330 2513 2535
f 2512 2524 2513
f 2517 3853 2515
f 2517 2515 2516
f 2517 2516 2512
f 2517 2512 5935
f 2441 2530 2529
f 2441 6099 2530
f 2529 2528 2441
f 5342 2526 2525
f 4445 3065 4871
f 5572 3575 2456
f 4445 3575 5572
f 4445 2459 3575
f 3575 2459 6345
f 3065 5585 2482
f 3065 2482 3746
f 3196 3074 2546
f 6339 2476 4524
f 3065 5021 5585
f 3575 4173 2445
f 3575 2445 4173
f 6339 2477 2476
f 3804 2595 2594
f 5841 2599 2598
f 2599 2590 2591
f 4374 3207 6136
f 3779 5481 4374
f 4127 5795 3206
f 2590 4449 2592
f 2591 2590 2605
f 2591 2605 2599
f 2598 2599 2606
f 2598 2606 5841
f 5841 2606 2607
f 5841 2607 2597
f 2597 2607 2608
f 2597 2608 3779
f 2594 6113 4929
f 2594 4929 3804
f 2592 2593 2461
f 2592 2461 2590
f 2612 2615 2614
f 2612 2614 2613
f 2615 2617 5827
f 2617 2618 4234
f 2618 2620 2619
f 2621 2624 2623
f 2621 2623 2622
f 2624 2626 2625
f 2624 2625 2623
f 2626 2628 2627
f 2626 2627 2625
f 2628 2612 2613
f 2628 2613 2627
f 2596 2638 2637
f 2637 2638 2639
f 2639 2641 2640
f 2640 2635 2634
f 2639 2640 3762
f 2639 5308 2647
f 2639 2647 4960
f 2596 2637 2639
f 2596 2639 4960
f 4107 2595 2650
f 4107 2650 2649
f 2635 2640 2651
f 2635 2651 2634
f 2641 2639 2652
f 2641 2652 2640
f 2639 4342 2652
f 2651 2640 6125
f 2595 4719 4505
f 2657 6089 2658
f 2657 2658 2660
f 2657 2660 2659
f 2659 2660 2662
f 2659 2662 2661
f 2661 2662 5839
f 2661 5839 2620
f 2621 2622 2664
f 2621 2664 2663
f 2663 2664 2666
f 2663 2666 2665
f 2665 2666 2668
f 2665 2668 2667
f 2667 2668 2670
f 2667 2670 2669
f 2669 2670 2656
f 2669 2656 2655
f 2674 2667 2669
f 2633 2617 2615
f 2631 2618 2617
f 2649 6145 3555
f 2661 2675 2659
f 2600 2676 2601
f 2603 2677 2604
f 2603 6331 2677
f 3450 2678 2679
f 3450 5481 2678
f 2590 2461 2605
f 2605 2461 2681
f 2606 2682 2607
f 2684 2685 4922
f 2609 4555 2686
f 6324 2609 2686
f 2606 2972 2682
f 4125 6028 2687
f 3832 4125 2455
f 2455 4125 2687
f 2605 2681 2688
f 2610 2689 2690
f 2610 2690 2578
f 2578 2461 2691
f 2578 2691 2610
f 4510 2689 2610
f 4510 2610 2693
f 4510 2693 2692
f 2593 2692 2461
f 2613 2694 2695
f 2613 2695 2627
f 2625 2627 2696
f 2625 2696 2629
f 2625 2629 2697
f 2623 2625 2698
f 4234 2699 2631
f 4234 2631 2701
f 4234 2701 2700
f 2616 2702 2614
f 2616 2614 2615
f 2613 2614 2703
f 2613 2703 2694
f 2614 2630 2703
f 5420 2629 2704
f 5420 2704 2696
f 5420 2705 2629
f 2632 4793 2706
f 2632 2706 5555
f 2615 2703 2630
f 2621 2709 2624
f 2626 2624 2710
f 2626 2710 6095
f 2612 2703 2615
f 2615 2711 2708
f 2615 2708 2633
f 2617 2633 2632
f 2617 2632 2707
f 2617 2707 2631
f 2618 2631 2699
f 2618 2699 2713
f 2618 2713 2712
f 3072 3450 2679
f 3072 2679 5481
f 4136 2608 2714
f 4136 2714 6131
f 2483 2715 2716
f 2483 2716 3806
f 2611 2484 3806
f 3806 2484 2482
f 3806 2482 2483
f 2623 2717 2718
f 2623 2718 2622
f 2618 2712 2620
f 2620 2712 2719
f 2642 2643 2720
f 4495 2963 2721
f 2644 2646 6208
f 2647 2722 2646
f 2646 2644 3718
f 2648 2680 2723
f 2648 2723 4500
f 2650 2724 2649
f 4512 2725 6160
f 4512 3365 2725
f 6145 3791 4274
f 2652 4342 2726
f 2595 2653 2683
f 3192 2727 6227
f 3192 2652 2728
f 3192 2728 2727
f 4931 4088 2729
f 4931 2729 2730
f 4931 2730 6125
f 3329 2581 2732
f 3329 2732 4088
f 3329 2731 2581
f 2581 2731 2580
f 2654 2475 2580
f 3195 2733 2585
f 3195 2734 4538
f 2734 3195 4716
f 2670 2735 2656
f 2668 2671 2670
f 2670 6163 2735
f 2668 2666 2736
f 2668 2736 2737
f 2668 2737 2671
f 2664 2738 2666
f 2666 2738 2736
f 2662 2739 5839
f 2662 2740 2739
f 2660 2672 2662
f 2662 2742 2743
f 2662 2743 2741
f 2662 2741 2740
f 2660 2658 5565
f 2658 6089 2744
f 2658 2744 4873
f 5208 2673 2745
f 5208 2745 2744
f 5208 2656 2673
f 2735 2669 2655
f 2735 2655 2746
f 2669 2735 6163
f 2669 6163 2674
f 2674 2671 2747
f 2674 2747 2748
f 2667 2674 2748
f 2675 2672 2750
f 2675 2750 2749
f 2675 2749 2659
f 2752 2753 2751
f 2752 2751 2657
f 2752 2657 2659
f 2752 2659 4873
f 5208 2745 2673
f 6089 2673 2754
f 2661 6280 2675
f 2620 2719 2661
f 3806 2585 2755
f 2479 3806 2478
f 2478 3806 2716
f 2664 2622 2756
f 2664 2756 2738
f 6303 2757 2758
f 2578 6303 2758
f 2461 2578 2758
f 2461 2758 3079
f 4997 4139 3195
f 3814 3545 5554
f 4125 5104 3810
f 2461 3079 2454
f 3814 2654 2580
f 4139 3806 2755
f 2611 3806 4139
f 4139 2755 2585
f 4139 2585 2733
f 4139 2733 3195
f 3329 2580 2731
f 2578 2689 6303
f 2757 6303 2611
f 2758 2757 2611
f 6028 3832 2455
f 2608 5036 4555
f 5036 6324 4555
f 2607 2682 6324
f 2726 2728 2652
f 4342 2759 2728
f 4342 6227 2759
f 2728 2759 6227
f 6268 2580 2475
f 2611 2482 2484
f 2482 2478 2483
f 4342 2728 2726
f 2703 2612 2694
f 2628 2695 2612
f 2695 2694 2612
f 2696 2627 2695
f 2696 2695 2628
f 2702 2711 2615
f 2711 2616 2633
f 2711 2633 2708
f 2711 2702 2616
f 2702 2630 2614
f 2702 2615 2630
f 2461 2693 2610
f 3832 2605 2688
f 2455 2687 6028
f 3832 2688 2681
f 2454 2681 2461
f 2681 2461 2445
f 2681 2445 2461
f 2738 2756 2760
f 2709 2621 2756
f 2709 2756 2622
f 2756 2621 2663
f 2756 2663 2760
f 2736 2738 2665
f 2738 2760 2663
f 2738 2663 2665
f 2671 2736 2665
f 2671 2665 2667
f 2671 2667 2747
f 2697 6095 2625
f 2698 2710 2624
f 2698 2624 2761
f 2625 6095 2762
f 2625 2762 2710
f 2625 2710 2698
f 2717 2709 2622
f 2717 2622 2718
f 2623 2761 2709
f 2623 2709 2717
f 2709 2761 2624
f 2685 2684 5571
f 4555 6324 2686
f 2705 2697 2629
f 6227 2727 2728
f 4873 2744 2657
f 4873 2657 2751
f 4873 2751 2752
f 5565 2659 2749
f 2735 2764 2754
f 2735 2754 2673
f 2673 2656 2735
f 2581 4088 2732
f 5436 6287 4716
f 6268 2475 2654
f 6268 2654 5436
f 4234 2618 2619
f 4234 2619 2712
f 2619 2719 2712
f 2712 2699 4234
f 2632 2700 2631
f 2632 2631 2707
f 2742 6280 2661
f 2742 2661 2740
f 2742 2740 2741
f 2739 2661 2719
f 2661 2739 2740
f 2619 2739 2719
f 2478 2683 2653
f 2478 3806 2479
f 2478 2716 2715
f 2653 5523 6269
f 4929 2611 4510
f 2765 2683 2595
f 6113 2683 2478
f 6113 2478 2482
f 2478 2715 2483
f 6243 5393 2766
f 6243 2766 4793
f 2693 2461 2692
f 2696 2704 2629
f 2761 2623 2698
f 2697 2705 5420
f 2747 2667 2748
f 2730 2729 6125
f 4088 6125 2729
f 2734 4716 4538
f 2750 2672 2749
f 6280 2742 2662
f 4793 5555 2706
f 3076 2771 2772
f 2775 3367 2774
f 2776 4500 236
f 2680 2776 236
f 2680 236 4500
f 4500 2723 2680
f 2769 5499 2779
f 2769 2779 2767
f 2767 2779 5499
f 2780 2778 2646
f 2767 4966 5521
f 5521 2768 2767
f 2768 5521 2963
f 2767 2768 2963
f 2770 2769 2767
f 2770 2767 6271
f 2780 2646 2777
f 2777 2778 2780
f 2646 4495 5521
f 2772 2771 3365
f 2771 2781 2649
f 3206 3788 4935
f 2774 2782 2775
f 4973 2782 3367
f 3367 4521 4973
f 2782 2774 3367
f 2783 2604 6331
f 4974 2783 5558
f 6158 2648 2784
f 6271 5499 2769
f 6271 2769 2770
f 2771 3076 2781
f 2781 3076 2649
f 2785 4935 4127
f 2773 2785 4127
f 2773 4127 3206
f 2775 4973 5498
f 5481 2679 2678
f 2776 2680 3450
f 4500 2776 3450
f 2648 3072 2784
f 6158 2784 3072
f 2777 4966 6208
f 2777 6208 2778
f 2778 6208 2646
f 2722 2647 5308
f 2646 2722 5308
f 5521 4495 2721
f 5521 2721 2963
f 3365 6160 2725
f 2772 3365 3076
f 2771 2649 2724
f 2771 2724 2650
f 2773 3206 4935
f 2773 4935 2785
f 2604 2677 6331
f 2782 4973 2775
f 3073 2775 6159
f 2783 4974 2604
f 4118 2786 3718
f 2786 5411 4512
f 1812 2680 2648
f 1812 3450 2680
f 2786 3450 1812
f 2786 1812 2648
f 3324 2602 2601
f 5411 2642 2720
f 5411 2720 2643
f 3324 4512 4145
f 2971 2676 2600
f 2971 2601 2676
f 3825 2971 2600
f 3718 2644 2645
f 2789 5415 2788
f 3613 3221 2791
f 2789 2788 2992
f 2992 2788 5415
f 5668 2792 3412
f 2793 5483 2794
f 5483 4402 2794
f 2795 5671 2794
f 2795 2797 3662
f 2794 3662 2797
f 2794 2797 2795
f 3662 2796 2795
f 2907 2798 2796
f 2907 2796 3864
f 2798 2907 2799
f 2796 2798 2799
f 2802 4155 2803
f 6281 2805 2801
f 2806 2807 5025
f 2808 2801 4545
f 2809 2801 2808
f 2804 2801 2809
f 2809 6319 3801
f 2809 3801 2810
f 2810 3801 2811
f 2801 2805 4545
f 2805 5025 5545
f 2812 2811 3801
f 2813 4025 4969
f 4025 2813 2814
f 4992 2815 2816
f 2817 2816 2815
f 2817 4992 2816
f 2817 2815 6118
f 6118 2815 4992
f 2813 4969 2814
f 2814 4969 4120
f 4453 4120 6222
f 2810 2811 2812
f 5510 2818 4129
f 3100 4646 5665
f 5653 3225 4646
f 6222 2818 5510
f 4129 2818 6222
f 6144 2819 2803
f 2803 2819 4992
f 6144 4992 2819
f 2802 2820 4810
f 2802 4810 5577
f 2803 2820 2802
f 4810 2820 2803
f 3113 2793 2794
f 3584 3872 5066
f 3584 5066 5685
f 5080 4591 2900
f 2821 4220 5671
f 2821 3613 5070
f 5074 3613 5647
f 3113 5483 2793
f 3584 5685 3225
f 3872 3166 4992
f 5079 4613 4199
f 5079 4199 3388
f 2799 2907 4591
f 5080 2799 4591
f 6144 2803 4155
f 2822 6289 2824
f 2824 6289 2825
f 2827 2828 5590
f 2828 2827 6251
f 2828 6251 5590
f 2829 2830 2826
f 2829 2826 6289
f 5623 4959 2829
f 2833 5623 2829
f 2832 5623 2833
f 5039 2834 2832
f 5039 2832 2833
f 3812 2833 2829
f 6289 2826 2830
f 4523 2825 6289
f 4523 2822 2824
f 4523 2824 2825
f 4143 5018 4523
f 5039 2835 2834
f 5039 6350 2835
f 2832 2834 6350
f 6350 2834 2835
f 2827 4143 4549
f 2827 5018 4143
f 2838 2836 2840
f 2841 2839 2842
f 2844 2845 2841
f 2844 2841 2846
f 2843 2844 2846
f 2847 2844 2843
f 2847 2845 2844
f 2847 2843 2846
f 2847 2846 2848
f 2846 2841 2848
f 2849 2850 2848
f 2849 2848 2841
f 2841 2842 6292
f 6292 2842 2839
f 2847 2851 2845
f 2847 2850 2849
f 2847 2849 2841
f 2847 2841 2851
f 4944 2853 2852
f 2836 2837 4944
f 2850 2847 2848
f 2845 2836 2839
f 2841 2845 2839
f 6257 2854 2855
f 6257 2855 2840
f 5013 2840 2836
f 2855 2854 2856
f 5566 2836 2855
f 5566 2852 2853
f 2837 2857 4944
f 2837 2836 2857
f 2857 2836 5566
f 4944 2857 5566
f 4944 5566 2853
f 2836 2838 2855
f 2855 2838 2840
f 6257 2856 2854
f 2852 2856 4529
f 2852 4529 6292
f 4944 2852 6292
f 6250 2864 2863
f 6250 2860 4559
f 4559 2861 2858
f 2860 2861 4559
f 4559 2866 2867
f 4559 2858 2859
f 4559 2859 2866
f 2865 2869 2868
f 6278 2865 4970
f 2864 5581 2871
f 6250 2865 5581
f 6250 5581 2864
f 2864 2869 2865
f 2864 2872 2869
f 6337 2872 2864
f 6337 2869 2872
f 2862 2863 2870
f 2863 2864 2865
f 2863 2865 6278
f 2875 2876 3811
f 2877 2878 4957
f 2879 2881 2877
f 2879 2877 2880
f 2877 2881 2882
f 2881 2879 2882
f 2883 2882 2879
f 2883 2877 2882
f 2878 2883 4957
f 2878 2877 2883
f 4121 4957 2883
f 2879 2885 4121
f 2879 4121 2886
f 4121 2883 2886
f 6276 4957 2884
f 2883 2879 2886
f 2880 2877 5547
f 5547 2877 4957
f 5547 2879 2880
f 2869 6337 2868
f 2858 2887 2859
f 2860 2888 2861
f 2860 5027 2889
f 2888 2860 2889
f 2866 2859 2867
f 2862 2891 2890
f 2862 2870 2891
f 2873 2874 2892
f 3811 2876 2893
f 2893 2876 2894
f 2894 2876 2895
f 2876 2875 2895
f 4527 6266 2896
f 6266 2897 2896
f 4119 2862 2890
f 4119 2890 2891
f 4119 2891 2870
f 5573 2861 5027
f 2861 2888 2889
f 2861 2889 5027
f 2867 2859 2887
f 2867 2887 2858
f 2867 2858 2861
f 5024 2875 5575
f 2875 2873 2892
f 2875 2892 2874
f 5024 3811 2893
f 5024 2893 2875
f 2875 2893 2894
f 2875 2894 2895
f 2898 6266 3811
f 2898 4527 2896
f 2898 2896 2897
f 2898 2897 6266
f 2875 2874 5575
f 5139 3593 2899
f 5139 2899 3097
f 4596 5080 2900
f 5647 2900 4177
f 3522 4393 4758
f 3522 4758 4051
f 4645 811 3939
f 5863 3939 4572
f 5660 3415 2903
f 5660 2903 100
f 5931 180 2904
f 5931 2904 4246
f 5661 3852 2905
f 3102 3627 3307
f 645 653 4784
f 645 4784 3268
f 4199 5102 2907
f 2792 2907 3412
f 3711 3127 2908
f 3243 5774 1938
f 3287 5241 2909
f 669 4607 5636
f 5708 4934 4524
f 5708 4524 4123
f 4575 622 5771
f 3108 3438 4724
f 1485 5874 3965
f 4706 3965 1486
f 4625 5883 3642
f 4625 3642 5677
f 1490 4320 5323
f 1490 5323 4043
f 6032 3263 2915
f 3654 3968 5225
f 3647 3251 2916
f 3647 2916 3093
f 5729 615 2917
f 4254 5146 5655
f 5500 5940 4907
f 5500 3190 3392
f 4066 4855 2919
f 3737 5438 1076
f 3938 4677 2920
f 3938 5689 4568
f 4284 3404 5160
f 3254 5160 5821
f 5583 3821 3901
f 5583 3901 1607
f 171 170 3416
f 171 5095 2980
f 5914 1088 4410
f 5914 5307 4819
f 4691 4312 2925
f 3855 2925 3732
f 3488 3314 2926
f 5849 4245 164
f 177 3699 2927
f 177 4665 5724
f 181 3267 2928
f 4582 3407 3842
f 5381 6021 2929
f 5381 4896 2063
f 854 3731 4770
f 5138 5947 856
f 3337 5217 2931
f 5809 3606 3467
f 3538 3666 2932
f 3840 4294 1294
f 5430 4017 3473
f 3994 3282 1834
f 3455 5444 2934
f 3218 5161 1981
f 4478 4905 2935
f 4478 6058 4898
f 2399 2458 2936
f 2399 2936 3069
f 5149 3669 2937
f 4192 3247 185
f 2087 3011 5971
f 2087 5971 2103
f 5359 4775 2939
f 3691 3135 5434
f 4232 1896 2940
f 5315 2940 4655
f 110 5712 2941
f 5140 4618 2996
f 551 5763 2942
f 5458 3650 4013
f 4244 3005 2943
f 5970 4836 3975
f 5986 3273 2944
f 5425 2944 4736
f 3342 5423 2945
f 6210 5426 329
f 5210 4339 2946
f 5210 2946 1018
f 5905 2983 5318
f 4370 3888 1443
f 3480 725 2948
f 3480 2948 3978
f 4093 5816 5170
f 4093 4176 3328
f 3912 5100 5912
f 1454 5310 4867
f 2059 5339 2951
f 4279 4658 5165
f 63 5798 2952
f 63 4704 5214
f 3817 5820 2953
f 4140 4976 5949
f 3932 5898 2954
f 3025 4649 681
f 584 5713 2955
f 4698 4011 3785
f 5799 5173 2956
f 3782 5322 4881
f 3623 6204 5071
f 3623 5071 2432
f 5715 4928 4109
f 3339 4461 1974
f 608 4175 2959
f 5148 5848 4826
f 4986 3362 4458
f 3807 3043 6092
f 5260 1414 4411
f 1409 6176 5286
f 4368 6148 2962
f 4368 2962 4983
f 4274 5499 6271
f 2636 4825 2634
f 4357 5507 2964
f 122 2964 5922
f 3759 4071 2965
f 4265 3037 1498
f 5379 6040 2966
f 4779 6029 4308
f 4406 3300 2967
f 6100 2967 5459
f 5891 5409 2968
f 5891 3066 274
f 167 168 2969
f 167 5784 3312
f 6073 978 4806
f 4024 5398 4666
f 2786 2601 2971
f 2786 2971 3825
f 2599 2606 2972
f 2599 5596 2605
f 2593 4935 2973
f 2593 4449 2592
f 5497 1729 2974
f 5497 2974 1549
f 3363 1702 2975
f 3208 5543 1509
f 2586 5758 2976
f 2586 2976 2457
f 4546 4156 5582
f 4546 5033 4144
f 6030 4296 5274
f 6030 4273 4774
f 4223 3949 2979
f 4223 5667 5249
f 4741 196 3918
f 4338 3918 5718
f 4689 925 2981
f 4689 2981 5272
f 5337 4185 5674
f 5337 5674 3633
f 3947 3359 5651
f 3947 5651 4377
f 5126 4659 4242
f 5126 4242 1778
f 4615 5184 2985
f 5632 3609 4228
f 4285 693 2986
f 4285 5700 3114
f 3592 4823 6008
f 4074 3497 1376
f 48 5659 4227
f 48 4227 5670
f 3610 4196 2989
f 3233 4605 3796
f 5707 2550 2990
f 5707 3414 2441
f 3200 1256 2991
f 4390 2991 3373
f 4220 2789 2992
f 4220 5483 3113
f 3913 5956 5294
f 3913 5294 1101
f 4946 3713 2994
f 4263 3270 5832
f 3500 3770 2995
f 3500 4612 3263
f 127 4618 2996
f 127 5693 199
f 1198 1199 3846
f 4629 3846 5687
f 3906 3154 2998
f 5786 4701 4291
f 5696 4861 2999
f 5696 2999 3287
f 5094 301 3000
f 4003 6248 5057
f 4815 5251 5856
f 3285 4352 1352
f 3503 3935 3002
f 3586 5702 3223
f 5868 5255 3003
f 5868 3003 58
f 3673 3462 5757
f 5390 4046 3418
f 5691 4244 3005
f 5691 3005 3861
f 4725 5788 3006
f 4193 3006 3919
f 4041 4198 5767
f 4631 3685 3529
f 3676 1903 3008
f 3676 3008 3465
f 3485 3875 3009
f 4346 5924 1587
f 4008 5966 3010
f 4008 3010 5917
f 5431 3625 3011
f 6054 4002 3534
f 4069 1409 6176
f 5259 4926 1589
f 220 3430 5804
f 220 4654 160
f 856 5947 5334
f 856 5334 4635
f 638 5065 3015
f 638 3015 4715
f 4663 1979 3016
f 5191 3016 5766
f 5226 4448 3017
f 5981 3017 4391
f 1069 4066 4855
f 1069 4855 4420
f 3708 5421 3019
f 3708 3019 4334
f 2920 3900 3020
f 5689 5121 4249
f 76 3399 3021
f 76 3021 178
f 4356 5084 3022
f 5811 3267 4656
f 4129 4646 3023
f 4810 3023 5705
f 5492 944 3024
f 862 6155 863
f 5752 4718 3025
f 5327 3025 2954
f 5959 868 3026
f 5326 3026 4258
f 5353 4018 3027
f 5353 3027 5982
f 550 547 3028
f 5763 5092 4315
f 6021 4473 3029
f 5207 3309 4230
f 4794 4182 5400
f 4794 5400 6206
f 1261 1259 3031
f 3748 4031 3122
f 3773 4936 5345
f 3773 5874 3410
f 4347 5706 3033
f 4347 3033 3198
f 1490 4320 5892
f 1490 5892 4043
f 4778 3717 3035
f 5791 3035 154
f 2917 640 5855
f 5146 4423 5655
f 5358 4265 3037
f 4341 5134 3596
f 103 3284 3038
f 4857 5178 200
f 5723 4729 3039
f 5100 3910 1459
f 3253 1375 3040
f 5114 3677 3998
f 4686 4308 3041
f 4893 5850 704
f 3453 628 5133
f 2959 3702 5148
f 2960 3807 3043
f 3993 4694 5175
f 4103 5054 3530
f 4103 3530 3132
f 5163 5989 3045
f 5163 3045 5822
f 3943 592 5125
f 3682 4189 573
f 4772 1334 3047
f 4772 3047 4433
f 5200 3690 3048
f 5200 3048 4343
f 146 3226 3049
f 146 3049 5921
f 557 3716 3050
f 557 5220 4180
f 5428 3700 3051
f 3632 3051 2046
f 6104 1209 3052
f 4366 3652 3188
f 1292 1293 5932
f 1292 5932 1290
f 4850 1393 6060
f 4009 3601 2949
f 4497 5692 5536
f 4497 5536 175
f 4060 6181 3056
f 5425 4517 4736
f 662 6029 3057
f 662 3057 4814
f 3696 6122 3058
f 4466 6101 2918
f 5217 38 3059
f 33 5943 3204
f 1554 1557 4360
f 3691 5359 6025
f 2063 2064 4755
f 2063 4755 5381
f 1501 3966 3062
f 1501 3062 1494
f 4412 1786 3063
f 4100 3325 3201
f 2970 4405 3064
f 2970 5398 6059
f 4113 4445 3065
f 4113 3065 5021
f 2968 5891 3066
f 5176 3720 224
f 4080 6096 3067
f 3764 6041 3967
f 2062 4498 3068
f 2062 3068 3945
f 2461 2459 3069
f 2461 3069 2936
f 712 4299 3070
f 5188 5722 4945
f 5485 1919 3071
f 3964 6173 3777
f 2596 5481 3072
f 2596 3072 4960
f 5418 4449 3073
f 5418 3567 2599
f 4977 2470 5546
f 4977 5546 3347
f 4623 978 3075
f 6214 3075 4993
f 4512 3365 3076
f 4512 6145 3791
f 112 111 3077
f 112 3077 3997
f 2577 5676 3078
f 2577 3078 2461
f 4125 5627 3079
f 4125 3079 5104
f 2595 3804 3080
f 2595 3080 2650
f 153 3717 3081
f 4972 4537 5941
f 3564 1528 3082
f 3826 3082 1701
f 1576 1564 3083
f 1576 3083 3203
f 6310 5035 3084
f 6310 3084 5056
f 2413 2957 3085
f 3729 3085 4168
f 4195 123 3086
f 4195 3086 120
f 5351 3439 3087
f 5351 3087 3446
f 4270 1981 3088
f 4270 3088 5781
f 3233 4605 3896
f 5144 3406 5894
f 3924 1027 3090
f 5407 4296 3277
f 5656 5395 3993
f 5656 3993 4694
f 1777 4659 4194
f 1777 4194 4584
f 4231 3873 3093
f 4231 3093 759
f 4576 5075 3094
f 3620 5672 2393
f 4880 1907 4403
f 4880 4403 3243
f 5158 981 3096
f 5158 3948 979
f 2985 3377 3609
f 2985 3609 5632
f 4444 434 4075
f 4444 4075 4890
f 5770 4175 3099
f 5770 3099 615
f 5653 4646 3100
f 2790 5079 4594
f 5218 4264 3101
f 5218 3101 2921
f 5661 2905 3102
f 5661 3102 4742
f 638 3234 3103
f 638 3103 637
f 1997 2000 3778
f 1997 4416 4912
f 4915 4269 3105
f 5455 4393 3522
f 442 4608 6069
f 442 6069 4481
f 5366 2429 4318
f 5366 4318 3907
f 5864 5118 3951
f 5864 3951 3438
f 5206 245 3109
f 5206 3109 5691
f 1464 5266 5919
f 1464 5919 3578
f 3026 3882 3111
f 3026 3111 5704
f 5194 3869 3112
f 5194 3112 5811
f 5671 2794 3113
f 5671 3113 4220
f 5636 4285 3114
f 5202 3114 718
f 5331 4073 3115
f 118 4609 57
f 4236 4639 3116
f 199 3617 127
f 451 4353 6023
f 451 6023 4852
f 5367 4345 5925
f 5367 3743 3497
f 5955 990 3119
f 5955 3119 3917
f 4015 5806 3120
f 4015 3120 5644
f 3016 2007 3121
f 3016 3121 1979
f 1264 3748 3122
f 4628 5265 3732
f 5946 1862 3123
f 5946 3123 1794
f 5404 1082 3124
f 5404 6045 4381
f 4252 858 3125
f 4252 3125 855
f 5197 3443 3126
f 43 4275 2931
f 1932 1934 3127
f 1932 3127 4349
f 5904 5433 3128
f 5904 3128 1492
f 4787 4033 3129
f 1776 3660 3988
f 2415 6139 3130
f 2415 5132 3235
f 4392 5329 3131
f 4392 3131 6029
f 5857 3262 3132
f 4401 3132 3530
f 5642 2941 3133
f 106 3971 4355
f 4354 3850 3134
f 6017 3134 5317
f 6025 3691 3135
f 6025 3135 5412
f 574 576 3136
f 4677 3900 2920
f 1071 5914 3137
f 3845 5699 4269
f 78 3217 3138
f 78 3927 5183
f 894 4860 5378
f 894 4712 3727
f 155 158 3675
f 5747 3430 220
f 786 822 5380
f 786 5380 782
f 579 4291 3142
f 4592 5713 2955
f 553 556 3143
f 553 5748 4573
f 3760 5178 3144
f 3760 5542 203
f 2125 2117 3145
f 2125 3145 5368
f 3921 4293 5751
f 5599 4684 1293
f 1496 1499 3147
f 5683 5113 4425
f 1337 1338 3148
f 1337 3477 4894
f 4409 3885 3149
f 4409 3149 4042
f 4036 552 3150
f 551 5458 5965
f 4589 5796 3151
f 4305 4950 5711
f 3963 4706 3152
f 5945 3152 4404
f 5298 3518 3153
f 4388 4802 3027
f 564 601 3154
f 5869 3154 5223
f 72 4692 5164
f 72 3953 3658
f 1889 6201 3753
f 3396 3336 5948
f 4826 5848 3157
f 5356 5641 4705
f 6096 4080 3158
f 5416 3158 4917
f 745 4694 3159
f 5270 3860 802
f 1404 4864 3160
f 1404 3160 5824
f 5315 6052 3161
f 5315 3161 4655
f 5138 856 3162
f 854 3459 4005
f 132 131 3163
f 4184 3163 3428
f 58 3003 5865
f 4385 4082 4971
f 1822 4888 3165
f 4001 5927 3448
f 2803 4992 3166
f 2803 5705 4810
f 2983 3359 3167
f 2983 3167 3928
f 6119 4499 3168
f 6119 4924 5461
f 1537 3293 3169
f 1537 3504 5908
f 1366 4850 3170
f 1366 3550 4780
f 5345 3773 3171
f 5345 3171 3507
f 5279 2987 3172
f 4336 3998 5114
f 5856 4815 3173
f 3001 5511 4807
f 1409 5654 3174
f 5664 4643 1415
f 944 3736 3175
f 944 3175 4707
f 5364 3803 3176
f 4686 3176 5850
f 4456 2071 3177
f 4875 3706 2141
f 4652 101 3178
f 4652 3707 6219
f 1541 1557 5213
f 1541 3875 3485
f 3070 4299 3180
f 5722 3528 4945
f 2045 4753 5901
f 4319 3709 5675
f 6040 4470 3182
f 6040 4837 2966
f 4081 1301 3183
f 3840 5328 4294
f 1534 5817 3184
f 1534 3966 5172
f 596 5895 3185
f 596 3185 676
f 125 3540 4272
f 125 4272 287
f 598 5135 6020
f 3730 4947 4470
f 1210 4366 3188
f 1210 4038 4216
f 2058 5518 6050
f 3776 4104 2064
f 4907 5500 3190
f 5232 5878 4300
f 4789 5994 3977
f 224 5394 3327
f 3810 3494 4485
f 3810 4485 5104
f 5520 1972 3193
f 5520 5715 4928
f 986 4921 6059
f 986 6059 4806
f 5523 4716 3195
f 5523 3195 6269
f 4985 6194 3196
f 6339 4445 4113
f 1923 5177 3197
f 1923 6120 3344
f 87 4347 3198
f 87 3198 3351
f 5522 1016 3199
f 4511 4968 5527
f 3576 3653 3200
f 3576 3200 3357
f 2935 4100 3201
f 5456 3536 1820
f 1463 1645 3202
f 6181 3202 3056
f 4507 3083 3203
f 4507 3203 5497
f 34 5943 3204
f 3366 3204 49
f 4537 195 3205
f 3824 6264 167
f 2602 5795 4533
f 3822 5011 3552
f 2604 4974 3207
f 2604 3207 4987
f 1508 5281 3208
f 6218 3208 5543
f 4553 6198 3209
f 4553 3209 4169
f 2300 2302 3210
f 2300 3210 2375
f 4918 1562 3211
f 4918 3211 1564
f 6325 1577 3212
f 1425 3212 1559
f 2407 6273 3213
f 4560 3213 2410
f 2461 2459 6345
f 2461 6345 2460
f 3154 2998 5633
f 3154 5633 5131
f 4626 5859 3979
f 4626 3979 5744
f 4569 78 3217
f 62 4183 5798
f 4198 5767 4696
f 4198 4696 2029
f 5073 2396 3219
f 5073 3219 2393
f 4590 95 3220
f 3621 4678 6161
f 2789 2791 3221
f 5668 3388 2792
f 2401 3620 3222
f 2401 3387 4228
f 4619 4195 3223
f 3636 5806 3508
f 5726 3407 3224
f 5726 3224 235
f 4025 5685 3225
f 4025 3225 4646
f 75 5330 3226
f 75 3658 3953
f 4280 5136 3227
f 4280 3845 5699
f 5203 4714 3228
f 5203 3228 4375
f 4287 921 3229
f 4287 3229 5783
f 4556 2585 4930
f 4556 4930 5844
f 4674 903 3231
f 4241 5439 898
f 5838 5101 3232
f 5838 4302 4054
f 2060 3896 5951
f 4235 5951 5253
f 693 3624 3234
f 3868 3234 3103
f 6012 2415 3235
f 5110 3920 4721
f 3115 4073 5825
f 4338 5825 3918
f 572 4668 3237
f 5714 3886 4701
f 159 4227 3238
f 3895 5724 5153
f 5162 112 3239
f 4246 3239 4679
f 5197 3890 4586
f 5197 3597 3443
f 3670 4182 3241
f 116 3241 57
f 1298 1296 3242
f 1298 3242 1308
f 5185 4880 3243
f 5185 3711 3127
f 2901 5957 3244
f 2901 3244 5370
f 5099 1537 3245
f 5099 3245 1539
f 4440 5996 3246
f 4440 3246 6031
f 2937 3433 4746
f 5311 3935 3503
f 4115 5409 5891
f 4115 5891 174
f 661 628 3249
f 5694 4222 3020
f 5854 3727 3250
f 5424 3999 4323
f 3004 4887 3251
f 3004 3251 5325
f 3942 1779 3252
f 3942 3252 5349
f 1372 5778 3253
f 1372 3253 3040
f 547 5821 3254
f 547 3254 3866
f 5412 3135 3255
f 5412 3255 4627
f 1823 1848 3256
f 5401 3256 1825
f 1300 3446 4397
f 3921 4843 1326
f 630 627 3258
f 630 3258 5067
f 5842 3704 3259
f 5842 3259 1803
f 5 4 3260
f 5 3260 3908
f 3650 3892 5238
f 2942 4315 5763
f 6110 5437 4881
f 6110 4881 1342
f 501 503 3263
f 4481 5096 3769
f 1689 3766 5012
f 1689 5012 1527
f 4446 4893 3265
f 4446 3265 3974
f 4299 5443 3266
f 4299 4906 3180
f 3022 3675 5228
f 3022 5228 5811
f 5663 4333 5156
f 576 3630 3915
f 2634 2636 3269
f 2634 4716 5436
f 2994 4946 6143
f 4470 6143 4947
f 91 6106 3271
f 91 4773 70
f 606 3143 3272
f 5291 3272 616
f 5273 4706 3273
f 5273 3273 3678
f 941 910 3274
f 941 3274 5964
f 5864 3438 3275
f 4237 4575 2979
f 566 567 3276
f 566 3460 3989
f 1001 5987 3277
f 1001 3277 5976
f 1294 4294 5601
f 4854 3695 1290
f 5654 3174 3279
f 3463 3644 4835
f 5352 3977 4904
f 5352 4904 4065
f 4819 1072 3281
f 4819 3281 3437
f 4448 3017 3282
f 4448 3282 6051
f 4422 3140 3283
f 5276 3283 40
f 2952 5062 3284
f 2952 4219 5798
f 1329 5251 3285
f 1329 3285 4057
f 2902 792 3286
f 2902 3286 5270
f 669 5880 3287
f 669 3287 2909
f 4640 746 3288
f 4640 5432 5863
f 79 4578 3289
f 79 3289 177
f 2950 1454 3290
f 4404 3290 5882
f 3104 5445 3291
f 3104 3291 4419
f 1882 6042 3292
f 1882 5199 3777
f 5788 1537 3293
f 1540 3293 1585
f 1381 1379 3294
f 4058 3768 1383
f 686 3041 5246
f 686 5246 4685
f 4012 3633 3296
f 4826 3296 3457
f 110 3856 3297
f 110 3297 2941
f 1494 2965 3298
f 5801 4642 3062
f 5960 1460 3299
f 4863 3299 3771
f 4089 4406 3300
f 4089 3300 1821
f 105 3454 3301
f 105 4525 111
f 5942 3445 3302
f 5942 3302 1520
f 5373 3706 3303
f 5909 4196 3089
f 1270 5962 3304
f 4388 4018 3027
f 5754 5180 3305
f 4513 3305 4045
f 4798 1557 3306
f 4414 3937 1553
f 66 3627 3307
f 66 3307 3424
f 144 4344 3308
f 4621 5399 6102
f 3029 2095 3309
f 3029 3309 5207
f 4834 1974 4413
f 5428 5885 3051
f 5984 4799 3311
f 6052 5421 3019
f 3178 4652 3312
f 4281 3312 5784
f 3023 4646 5665
f 3023 3594 5705
f 97 95 3314
f 3722 5834 165
f 3144 5862 4564
f 3144 4564 305
f 595 6010 3316
f 595 4300 5232
f 2125 5368 3317
f 4914 5985 2142
f 1579 6138 3318
f 1579 3318 3829
f 4437 854 4047
f 6103 3483 3736
f 726 3978 3320
f 726 3320 5357
f 3031 1259 3321
f 4428 3321 5982
f 2955 584 3322
f 5108 3322 592
f 597 4877 3323
f 5327 5752 3025
f 2786 2601 3324
f 2786 3324 4512
f 3063 4100 3325
f 5321 3325 3645
f 2235 2245 3834
f 2235 3834 2244
f 4150 3484 3327
f 4782 3327 5176
f 2987 5289 3328
f 6008 3497 4074
f 4485 3545 3814
f 4931 6225 4088
f 6308 1484 5524
f 6308 5524 4135
f 3043 2960 3331
f 5256 3331 4231
f 5296 587 3332
f 3688 3332 683
f 4617 2100 3333
f 3639 5305 4875
f 5489 1074 3334
f 1067 4066 1111
f 1042 6001 3335
f 5376 3335 1044
f 3156 3396 3336
f 3156 3336 4967
f 38 5217 3337
f 38 3337 5206
f 1210 1246 3338
f 1210 4884 4359
f 4439 1974 3339
f 3193 5715 5520
f 5004 3158 6080
f 4117 5427 2055
f 4487 3047 4925
f 6193 3541 3790
f 4488 4879 3342
f 4488 3342 5426
f 3189 5518 6050
f 3757 4498 6141
f 6173 1923 3344
f 4508 5462 1951
f 124 3540 4822
f 4128 4822 283
f 3772 1062 3346
f 5495 4491 977
f 3196 6339 3347
f 3196 3347 3074
f 4149 3082 3348
f 4149 3348 3083
f 5870 4432 3349
f 4807 3349 5639
f 1408 4644 5824
f 3884 5224 4370
f 5797 3198 3351
f 6246 4140 173
f 1366 4020 3352
f 1366 5227 4850
f 1774 1775 5459
f 6256 4131 4503
f 6077 4786 3354
f 5336 4197 1506
f 1301 1289 3355
f 1301 6128 4920
f 5992 1707 3356
f 5992 3356 4417
f 6117 5468 3357
f 4309 3357 4007
f 5479 3525 3358
f 1016 3867 4993
f 4727 5318 3359
f 5893 3359 3947
f 2966 4837 6262
f 3803 5569 4050
f 3056 3202 3361
f 3056 3361 1672
f 3502 4458 3362
f 6207 3362 793
f 6218 2975 3363
f 1508 3363 5548
f 3556 5630 3364
f 3214 3364 2578
f 2650 2771 5560
f 6301 3552 5011
f 34 3204 3366
f 4124 3366 3830
f 3820 4521 3367
f 3073 3367 2775
f 3081 153 3368
f 3559 3824 167
f 1424 1482 3369
f 1424 3369 4563
f 5032 6229 5605
f 5032 4167 385
f 1425 4919 4562
f 1425 6325 3212
f 2414 5504 3372
f 2414 5587 4493
f 5237 4390 3373
f 4039 5701 4628
f 2305 2276 3374
f 2305 3374 5043
f 3594 5705 3375
f 4613 5102 4199
f 3874 4660 3376
f 3874 3376 2427
f 2391 2936 3377
f 2391 3377 2392
f 2393 6004 3378
f 2393 5106 3620
f 3857 3588 3379
f 4581 3379 4277
f 3865 5269 3380
f 3865 3380 3626
f 3648 3902 6153
f 3648 6153 4876
f 3686 1012 4021
f 3686 4021 5257
f 5332 1129 5957
f 4188 5957 3244
f 3225 5653 3384
f 3225 3384 3584
f 4759 1239 3385
f 3652 4350 3929
f 5845 4301 3386
f 5845 3386 3626
f 3222 2401 3387
f 3222 3387 2441
f 4594 5079 3388
f 3221 3388 5668
f 4620 4222 3389
f 4620 3389 634
f 556 5118 3390
f 556 5764 5116
f 3010 2913 3391
f 3010 3391 5966
f 712 3070 3794
f 712 3794 5878
f 5167 4286 3393
f 573 5746 3682
f 5077 1032 3394
f 5987 5407 3277
f 3892 3650 3395
f 3892 4783 4253
f 4467 1890 5405
f 4467 5405 6087
f 2405 3848 5020
f 2405 4556 5844
f 5958 1946 3398
f 5958 4200 1927
f 75 5141 3399
f 75 3399 4671
f 4865 2046 3400
f 4865 3400 5416
f 5271 2110 3401
f 5271 3401 4702
f 3694 1776 3402
f 4584 3402 4194
f 4762 5713 3403
f 4762 3403 5296
f 3933 5160 3404
f 5202 4587 718
f 4055 5151 6147
f 4055 6147 5473
f 5165 4658 3406
f 3610 3406 5144
f 2928 5684 3407
f 2928 3407 3931
f 2941 5120 3408
f 2941 4618 3297
f 3665 1273 3409
f 3665 3409 5823
f 2912 1450 3410
f 2912 3410 5874
f 693 4630 3411
f 3868 5768 4206
f 2787 2789 3412
f 3662 3864 2796
f 5978 5306 3413
f 5978 3413 4478
f 2990 5707 3414
f 2990 4240 3671
f 5921 3049 4785
f 5399 4785 148
f 3863 4609 3416
f 3863 3416 170
f 1491 5892 3417
f 5313 4622 3728
f 5175 796 3418
f 5175 3418 3860
f 1334 5799 3419
f 1334 3419 1344
f 2969 167 3420
f 2969 4682 325
f 3136 4677 3421
f 3136 5686 4599
f 1411 1415 3422
f 5822 4727 4181
f 78 5737 3423
f 78 3877 4569
f 4955 203 6067
f 4955 3891 3000
f 3060 5923 3425
f 4045 5267 1548
f 5218 4238 3426
f 5218 3426 2921
f 456 4399 3427
f 6032 5369 2915
f 5181 5954 3428
f 5734 4829 3607
f 44 67 3429
f 44 3429 5386
f 5760 4016 3430
f 5760 3430 3899
f 2442 4331 3431
f 2442 3431 2541
f 3129 1803 3432
f 3660 5906 3988
f 5400 5732 3433
f 5400 3433 6206
f 5763 4036 3434
f 550 3434 3894
f 637 638 3435
f 5729 4254 5146
f 5235 580 3436
f 4592 3436 5108
f 1070 3137 3437
f 1070 3437 5956
f 5771 3275 3438
f 2911 5337 4781
f 1305 3881 5785
f 4293 5785 3921
f 73 70 4327
f 73 4327 82
f 6045 4859 3441
f 6045 4324 3018
f 4939 4137 3442
f 4939 3442 1561
f 5679 3934 3443
f 103 4857 3038
f 1556 3985 3444
f 1556 3444 4400
f 1489 5942 3445
f 1489 3445 5221
f 1299 5351 3446
f 1299 3446 3257
f 5265 3732 3447
f 5265 3447 4428
f 2967 6037 3448
f 2967 3448 3300
f 4908 17 3449
f 4 3449 6
f 4987 5481 3450
f 4987 6156 2786
f 1459 5100 3451
f 1459 3451 1461
f 5964 939 3452
f 5378 4712 894
f 3228 4271 3453
f 3228 3453 5115
f 51 3923 3454
f 51 5082 50
f 4198 4041 3455
f 5297 3455 2008
f 4817 3110 3456
f 5425 5986 2944
f 3157 4826 3457
f 5666 3591 632
f 5863 5432 3458
f 5863 4645 3939
f 5742 854 3459
f 5742 3459 5258
f 3276 566 3460
f 3276 3698 569
f 3067 4431 3461
f 3067 5107 3764
f 792 3673 3462
f 4441 3462 807
f 1420 3279 5262
f 1420 3928 3649
f 72 4692 3464
f 72 3914 3658
f 1883 4880 3465
f 4028 5796 5299
f 1371 5392 3466
f 1371 3871 1376
f 40 5809 3467
f 40 4191 3283
f 942 889 6048
f 5854 5424 3250
f 3310 5263 6066
f 4413 4812 5145
f 2076 3796 3470
f 5253 4803 4235
f 2141 3706 3471
f 2141 3471 6021
f 555 5152 3472
f 555 3472 4733
f 2933 6051 3473
f 5735 3473 3655
f 178 3854 3474
f 5247 6108 3098
f 5274 6030 4273
f 6001 5389 3335
f 102 5793 3476
f 3995 3476 4233
f 3148 4310 3477
f 3148 3477 1337
f 2964 4972 5941
f 3689 4073 5331
f 3252 5349 3479
f 3252 6086 1862
f 704 3978 3480
f 704 3480 3265
f 4717 3095 3481
f 5984 4110 3311
f 756 6070 3482
f 4882 3482 759
f 5406 3111 3483
f 5406 3483 6103
f 3191 343 3484
f 3191 5394 4789
f 1544 1541 3485
f 1544 5304 1549
f 3583 1214 3486
f 4602 3486 1202
f 3134 723 3487
f 3134 3600 3850
f 95 3314 3488
f 95 5861 3220
f 4065 3280 3489
f 2945 5426 3342
f 1254 1253 3490
f 1254 3490 1264
f 6010 3316 3491
f 4877 3701 597
f 5999 562 3492
f 557 3492 4703
f 5855 640 3493
f 4423 3493 4853
f 4941 4342 6227
f 4136 5571 6131
f 5600 3775 3495
f 5600 3495 1378
f 3012 1470 3496
f 3012 3496 1611
f 3328 3743 3497
f 3328 3497 6008
f 3292 6042 3498
f 5711 3498 1884
f 192 3186 3499
f 192 6162 4226
f 6023 3770 3500
f 3117 3500 497
f 2905 4597 3501
f 4003 5094 6248
f 794 3362 3502
f 4499 4949 6119
f 4720 3002 3503
f 5835 3503 5311
f 3169 1537 3504
f 4464 6114 1567
f 4263 5470 3505
f 5277 4946 5995
f 4339 2946 5738
f 978 4661 5911
f 6062 3032 3507
f 1477 4813 1465
f 3120 122 3508
f 3120 3508 5806
f 1357 1358 3509
f 1357 3509 3349
f 1195 4366 3510
f 1195 3510 5990
f 3997 3838 3511
f 126 5229 131
f 4867 1482 3512
f 4867 3512 1424
f 5010 6338 3513
f 5010 3513 1573
f 3322 590 3514
f 4372 4797 5454
f 5339 2056 3515
f 5339 6152 3950
f 1583 5754 3516
f 1583 5480 4653
f 598 5230 3517
f 598 3517 5135
f 1259 1273 3518
f 4763 3518 1260
f 4909 510 5759
f 3106 4083 4608
f 5387 1204 3520
f 5387 4106 5997
f 3366 3830 3521
f 5970 4084 2943
f 6043 5455 3522
f 1093 3522 5980
f 2965 5961 3523
f 5358 3523 3037
f 5169 1452 3524
f 4863 5960 3299
f 1045 5376 3525
f 1045 3525 4475
f 6179 5450 3526
f 2010 3526 2036
f 2956 3608 3527
f 3897 4650 3646
f 3180 5722 3528
f 3180 6039 4906
f 3291 5445 3529
f 3291 3529 4631
f 3044 5639 3530
f 3044 3530 5054
f 5136 3227 3531
f 1069 3531 4066
f 4907 3190 3532
f 2918 3532 4466
f 5497 1549 3533
f 1707 3533 1501
f 2144 6054 3534
f 2144 3534 5974
f 1416 1412 3535
f 1416 3535 1434
f 3201 5456 3536
f 3201 3536 1818
f 4938 5103 3537
f 5487 3537 6141
f 4920 6128 3538
f 3183 5328 3840
f 1951 4508 3539
f 1951 6203 3753
f 5098 189 3540
f 123 3540 3086
f 3341 5594 3541
f 3341 3541 6193
f 5568 2266 3542
f 5568 3542 2367
f 5561 4140 4976
f 5561 4976 6245
f 2968 3720 3544
f 4102 3544 6129
f 6068 4485 3545
f 2758 4139 2611
f 1413 1760 5434
f 1413 5434 4096
f 5343 4332 3547
f 3640 4786 1536
f 86 3351 3548
f 86 3548 4385
f 1015 4076 3549
f 6188 3549 5527
f 3170 1366 3550
f 6026 3550 1390
f 4147 662 3551
f 5001 3803 5569
f 4994 3822 3552
f 4994 3552 6301
f 6240 4930 3553
f 5597 4113 6339
f 1973 6178 3554
f 1973 3554 4117
f 4274 6145 3555
f 2636 3555 3269
f 5505 4072 5008
f 3214 3556 3364
f 3205 5564 3557
f 3205 3557 363
f 6221 5284 3558
f 6199 3558 837
f 3081 3368 3559
f 6124 4156 5582
f 5023 2235 3560
f 5023 3560 2352
f 2601 4127 3561
f 2601 4973 2600
f 2800 5577 3562
f 5025 3818 2806
f 259 133 3563
f 259 4169 4553
f 3826 3082 3564
f 5543 3564 4980
f 4562 1425 6325
f 3371 6325 3084
f 1483 1773 3566
f 1483 3566 1647
f 3073 5418 3567
f 3820 4974 5558
f 6273 3213 5533
f 5038 4536 6139
f 2211 2210 3569
f 2211 3569 6312
f 3828 6306 3570
f 3828 3570 2372
f 37 3109 3571
f 37 3571 378
f 3059 38 3572
f 3059 3572 35
f 6229 402 3573
f 6229 3573 3833
f 6315 5586 3574
f 2414 3574 5502
f 2454 2456 3575
f 3832 3575 3364
f 5468 6220 3576
f 5468 3576 3357
f 2311 3815 3577
f 2311 3577 2313
f 3912 5919 3578
f 3912 3578 1456
f 4187 3215 3579
f 4187 3579 5698
f 5403 1789 5638
f 5403 5638 4242
f 3858 1927 5215
f 3151 5215 4305
f 2424 4610 3582
f 2424 3582 2393
f 2997 5195 4602
f 2997 4602 1202
f 2900 4177 3584
f 2900 3584 4591
f 565 564 4690
f 565 4690 5899
f 4720 110 3586
f 4720 3586 5702
f 3204 33 3587
f 3204 3587 49
f 4701 5633 3588
f 4701 3588 3886
f 5192 1096 6043
f 1093 6043 3522
f 4225 2577 3590
f 5282 3590 6076
f 3457 3157 3591
f 5641 4248 702
f 4074 4869 3592
f 4074 3592 6008
f 2427 5139 3593
f 2427 4616 5071
f 3313 3023 3594
f 3313 4613 5079
f 4202 5807 3595
f 4202 3595 4632
f 1534 4332 3596
f 1534 3596 5817
f 3240 5197 3597
f 3240 3597 46
f 3244 4188 3598
f 3244 4381 5404
f 6006 4046 3599
f 796 3599 4870
f 5072 3134 3600
f 5072 4223 686
f 5362 4858 3601
f 3054 3601 4009
f 634 3389 3602
f 634 3602 5130
f 1368 4396 5816
f 1368 5816 1375
f 5162 3239 3604
f 3869 3604 4598
f 1208 4350 3605
f 1208 3605 5991
f 2931 5809 3606
f 2931 3606 4579
f 180 5084 3607
f 180 3607 4829
f 1337 1338 3608
f 5173 3608 2956
f 3097 5635 3609
f 3097 3609 4228
f 3089 4196 3610
f 5165 3610 3406
f 3277 4657 3611
f 3277 3611 4296
f 855 4252 3612
f 5783 5174 4287
f 2790 4594 3613
f 2790 3613 5074
f 4694 745 3614
f 3331 3873 4231
f 4661 5745 3615
f 5063 3956 5838
f 208 4942 3616
f 208 3616 209
f 3116 199 3617
f 3116 3931 235
f 4238 545 3618
f 4573 3618 554
f 3034 1506 3619
f 3034 5221 1489
f 2438 2402 3620
f 2438 4576 4224
f 100 3220 3621
f 100 3621 2903
f 3013 220 4654
f 3842 4179 4749
f 5533 6204 3623
f 3568 3623 3130
f 4607 5826 3624
f 4607 4285 5636
f 2091 2087 3625
f 2091 3625 3401
f 5111 3865 3626
f 651 3626 641
f 2905 3501 3627
f 2905 3627 3102
f 4727 4181 3628
f 4727 3628 5087
f 83 91 6106
f 4738 5464 92
f 3268 4784 3630
f 3268 3630 576
f 5936 3265 3974
f 4424 3974 5775
f 3310 5263 3632
f 3310 5885 1986
f 621 5337 3633
f 6014 3633 4012
f 3003 5865 3634
f 3003 3634 5255
f 4711 5699 3635
f 4711 3635 5083
f 5287 5922 3636
f 5287 4619 4195
f 1848 1852 3637
f 1848 6053 1823
f 691 690 3638
f 691 3638 5746
f 2938 4002 3639
f 2938 3639 3333
f 1499 1507 3640
f 4601 3640 5777
f 3875 1545 3641
f 3179 3641 5923
f 2913 5677 3642
f 2913 5926 3391
f 5947 3014 3643
f 5406 6009 3111
f 3279 5262 3644
f 3279 5989 3174
f 2967 5459 3645
f 2967 3645 1786
f 3132 4650 3646
f 3132 3646 3262
f 832 763 3647
f 4430 3647 3251
f 1975 5781 3648
f 5191 3648 3902
f 3167 3928 3649
f 5651 3649 2922
f 5965 5238 3650
f 5965 3650 5458
f 3216 5860 3651
f 3216 3651 57
f 3052 5818 3652
f 3052 3652 3929
f 4776 1272 5526
f 4776 5526 5810
f 3427 5930 3654
f 3427 3654 3968
f 1847 5735 3655
f 1847 3922 5978
f 4004 1892 3656
f 2940 5948 4655
f 3039 1452 3657
f 3039 3657 4729
f 3226 75 3658
f 3226 3658 3914
f 3242 4838 3659
f 3242 5993 1296
f 3129 1776 3660
f 3129 3660 3432
f 2921 548 3661
f 2921 3661 5821
f 6169 2794 3662
f 6169 3662 3864
f 4258 5964 3663
f 4258 3663 3026
f 3488 95 3664
f 3843 4313 101
f 4792 1273 3665
f 4792 4312 5353
f 5360 2932 3666
f 4740 4283 3355
f 4847 3121 3667
f 4440 5347 5996
f 5599 5751 3668
f 5599 3668 4843
f 106 3923 3669
f 106 3669 4355
f 116 3241 5873
f 116 5873 114
f 3235 2990 3671
f 3235 3671 5132
f 3286 807 3672
f 3286 3672 5270
f 5998 792 3673
f 802 4887 3418
f 4338 5331 3674
f 4338 3674 5718
f 3140 4422 3675
f 5760 3675 5228
f 3992 1884 5171
f 1886 5171 1885
f 3040 5114 3677
f 5773 3677 4316
f 5266 1464 3678
f 3456 5986 4817
f 3390 556 3679
f 3390 3679 4724
f 3021 3399 3680
f 3021 3680 178
f 70 71 3681
f 70 3681 5836
f 571 572 3682
f 571 3682 3046
f 5578 134 3683
f 3301 5954 5181
f 40 39 3684
f 40 3684 5276
f 3007 3088 3685
f 3007 3685 4631
f 979 1012 3686
f 979 4351 1003
f 3025 681 3687
f 3025 3687 4718
f 562 5902 3688
f 562 3688 3332
f 2964 3478 3689
f 2964 4795 5922
f 4035 1882 4767
f 1890 4767 5405
f 1554 5359 3691
f 1554 3691 4798
f 3996 4385 3692
f 53 3692 52
f 3168 5284 5933
f 3168 4924 6119
f 5710 3402 3694
f 1778 3694 4242
f 3278 4854 3695
f 5736 4669 1305
f 595 6010 3696
f 4094 3696 3058
f 3482 5631 3697
f 3482 3697 3976
f 3460 5375 3698
f 3460 3698 3276
f 3289 177 3699
f 3289 5147 275
f 2958 2048 6071
f 4109 4461 3339
f 3491 4877 3701
f 3491 4257 600
f 3042 2959 3702
f 5133 3702 3258
f 3098 5247 3703
f 3098 4075 4890
f 1849 5842 3704
f 6051 5430 3473
f 1485 1447 3705
f 4706 5182 3963
f 3177 4875 3706
f 3177 3706 3303
f 3312 4652 3707
f 3312 3707 167
f 1932 5421 3708
f 1932 3708 6049
f 3181 4319 3709
f 3973 3709 6066
f 1821 6091 3710
f 1821 4905 5456
f 3243 5185 3711
f 3243 3711 5774
f 4137 1561 5574
f 1559 5574 6317
f 5995 5275 3713
f 5995 3713 4946
f 1161 1160 6107
f 4068 6107 1118
f 5441 5895 3715
f 3514 4797 6109
f 561 3050 3716
f 561 4237 3275
f 151 153 3717
f 151 3717 4778
f 2648 6158 3718
f 5496 3718 2786
f 1409 4643 3719
f 1409 5260 2961
f 3066 5918 3720
f 3066 3720 2968
f 3335 5389 3721
f 3335 3721 1044
f 97 3314 3722
f 4745 4347 5706
f 2548 2540 5570
f 2548 5570 3431
f 618 5429 3724
f 4409 4853 4042
f 4022 2141 3725
f 2124 6021 3029
f 3247 185 4226
f 4746 3935 5311
f 921 5854 3727
f 921 3727 5979
f 4732 5313 3728
f 3354 5889 3547
f 2413 3879 3729
f 2413 3729 3085
f 598 6020 3730
f 598 3730 6072
f 6200 851 3731
f 6200 3731 863
f 3373 3855 3732
f 3373 3732 5237
f 4 6 3733
f 4 3733 5119
f 3105 4915 3734
f 3105 3734 3383
f 4943 5754 3735
f 1578 3735 3444
f 4963 2930 3736
f 862 5492 6155
f 3334 1074 3737
f 4066 3737 5438
f 3502 795 3738
f 3502 5395 5656
f 3978 687 3739
f 685 3739 4830
f 5422 1355 3740
f 1352 4951 1358
f 5644 143 3741
f 5141 4722 5739
f 6286 4802 3742
f 1260 4048 5482
f 3118 5216 3743
f 5925 3743 5367
f 599 3323 3744
f 599 3744 700
f 1195 1196 3745
f 1195 6234 4629
f 4871 2406 3746
f 4871 3746 3065
f 5357 726 3747
f 3528 3747 3180
f 1261 5179 3748
f 1261 3748 4031
f 1333 3001 4310
f 1333 4310 6011
f 1502 1700 3750
f 1502 3750 1711
f 2999 4861 3751
f 4436 5383 666
f 1563 6035 5553
f 1563 5553 1713
f 6087 1889 3753
f 3156 3753 4967
f 5044 3572 3754
f 5044 3754 4162
f 3566 3202 3755
f 3566 3755 5003
f 1539 5333 3756
f 1539 3756 6132
f 3189 4259 5491
f 3189 6213 4981
f 1085 1178 3758
f 4634 5914 1071
f 1494 2965 3759
f 1494 3759 1501
f 200 5178 3760
f 200 3760 5069
f 1482 1481 3761
f 1482 5882 4867
f 2634 2640 3762
f 2634 3762 4825
f 1463 4060 3763
f 1463 4747 4484
f 5450 6055 3764
f 5890 3764 3067
f 1947 3481 3765
f 1947 3765 1938
f 1704 5817 3766
f 1704 3766 6313
f 3302 4463 3767
f 3302 3767 1520
f 3294 1381 3768
f 3294 3768 1371
f 6069 4481 3769
f 5417 4909 5759
f 450 4435 3770
f 4852 3770 6023
f 1465 5372 3771
f 1465 3771 1477
f 983 4491 4964
f 983 6185 975
f 5471 4936 3773
f 6007 3773 3410
f 124 3540 3774
f 4128 4547 388
f 4780 4020 3775
f 1369 3775 4452
f 2058 4104 3776
f 2058 5339 2056
f 1923 6173 3777
f 1923 3777 6126
f 6146 5396 3778
f 3104 4416 5445
f 4136 2608 3779
f 2596 3779 5481
f 3128 1492 3780
f 3128 4067 4856
f 2253 2284 3781
f 5568 3781 2269
f 6294 3341 3782
f 6294 3782 5322
f 986 984 3783
f 986 6073 4806
f 1265 1266 3784
f 1265 6061 4502
f 585 3403 3785
f 585 3785 586
f 2092 4095 3786
f 2092 3786 2056
f 2962 3539 3787
f 2962 3787 6148
f 2650 5301 6301
f 2650 6301 5560
f 1607 4563 3789
f 1607 3789 1611
f 1349 4910 3790
f 5728 3790 1359
f 2642 2643 5499
f 4966 5499 2767
f 3170 3550 3792
f 3170 3792 1393
f 3201 1818 3793
f 3201 5552 6140
f 3392 5878 3794
f 3392 3794 6184
f 214 5531 3795
f 214 3795 211
f 2142 5985 3796
f 2142 3796 4108
f 5588 2236 3797
f 5023 3797 2352
f 4884 5387 3798
f 3887 3798 1244
f 215 210 3799
f 215 5423 219
f 5592 6307 3800
f 5004 6237 5427
f 4120 2812 3801
f 2807 5545 5025
f 1015 6189 3802
f 1015 4993 6214
f 6029 5364 3803
f 3551 3803 5001
f 2593 2592 3804
f 2593 3804 3080
f 4494 1432 3805
f 4494 3805 1434
f 5021 2479 3806
f 5021 3806 2585
f 4986 4458 3807
f 4146 3807 6092
f 5598 6316 3808
f 5598 3808 3315
f 1426 1769 3809
f 1426 3809 1731
f 2609 3494 3810
f 2609 3810 2972
f 2873 2875 3811
f 4957 3811 6266
f 4160 2829 3812
f 4160 6251 5590
f 6293 4135 3813
f 6293 3813 1468
f 3329 2580 3814
f 3329 6225 4088
f 2312 2313 3815
f 2312 3815 2314
f 6265 4518 3816
f 4150 4782 3327
f 3351 6246 3817
f 3351 3817 87
f 3562 5025 3818
f 6182 5365 3023
f 3571 3109 3819
f 5563 3819 250
f 3073 3367 3820
f 3073 3820 3567
f 5056 5583 3821
f 5615 4519 1577
f 2602 5011 3822
f 2602 4145 3324
f 265 262 5580
f 4984 4546 4156
f 3368 3559 3824
f 6274 5006 3557
f 2603 6331 3825
f 4987 3825 2786
f 2975 4161 3826
f 2975 3826 3564
f 2212 4509 3827
f 6192 3827 2215
f 3210 2371 3828
f 3210 3828 2386
f 4464 1568 3829
f 4464 4751 1571
f 36 37 3830
f 36 4522 369
f 5042 2271 3831
f 5042 3831 2278
f 2454 3575 3832
f 2454 3832 2455
f 3370 134 3833
f 5605 3833 6229
f 3326 2385 3834
f 5490 4958 2249
f 193 6275 3835
f 193 3835 3499
f 5603 6328 3836
f 2303 5043 2304
f 2407 6273 3837
f 2407 5504 6315
f 256 3511 3838
f 5629 3838 5026
f 4096 1414 3839
f 4096 3839 1413
f 4465 5975 3840
f 5604 3840 3183
f 3569 4151 3841
f 3569 3841 6312
f 3013 4582 3842
f 3013 3842 5153
f 3488 4313 4726
f 3488 4726 2926
f 3162 4256 3844
f 4570 3844 5913
f 3227 4280 3845
f 4695 3845 5721
f 4602 1216 3846
f 4602 3846 1199
f 50 5648 3847
f 50 5187 4626
f 2985 2405 3848
f 2985 3848 2480
f 5199 3777 3849
f 5711 3849 4950
f 4700 3600 3850
f 5902 3850 5319
f 4224 2467 3851
f 4224 5413 2438
f 4577 5292 3852
f 4577 3852 4219
f 2434 2512 4667
f 2434 4667 2435
f 3289 4578 3854
f 3289 3854 277
f 4691 1257 3855
f 4691 3855 2925
f 3586 5806 3856
f 3586 3856 110
f 3215 4187 3857
f 4581 3857 3379
f 3151 5215 3858
f 3151 3858 5299
f 3492 5843 3859
f 3492 3859 4703
f 3159 5270 3860
f 3159 3860 5175
f 3684 42 3861
f 3684 3861 5887
f 1978 1982 3862
f 1978 4270 1975
f 2923 170 3863
f 2923 3863 4760
f 3412 2907 3864
f 3412 4604 2787
f 5789 5269 3865
f 5789 4221 628
f 3028 547 3866
f 3028 5698 4636
f 3358 1016 3867
f 3358 5210 1018
f 693 5768 3868
f 693 3868 3234
f 129 3604 3869
f 5756 3869 226
f 5697 5429 3870
f 4262 3870 3472
f 3466 1371 3871
f 5778 4345 3253
f 3375 5705 3872
f 5649 4591 2907
f 5780 3331 3873
f 5780 3873 5122
f 2397 4215 3874
f 5635 5139 3097
f 3179 3641 3875
f 5213 3875 1541
f 634 3103 3876
f 634 3876 5678
f 3423 78 3877
f 4585 3877 2988
f 2790 5074 3878
f 2790 3878 5079
f 2416 2421 4610
f 2416 4610 2423
f 24 18 3880
f 24 5879 5119
f 3695 1290 3881
f 3695 4669 3278
f 866 3026 3882
f 866 3882 4885
f 5188 6184 3883
f 5188 3883 730
f 1408 5224 3884
f 1408 5741 5089
f 3287 3149 3885
f 3287 3885 5696
f 3237 5714 3886
f 3237 3886 690
f 3338 1214 3887
f 3338 3887 3798
f 2947 5905 3888
f 2947 3888 1440
f 656 2906 3889
f 4263 3889 5832
f 4218 43 3890
f 33 3890 3587
f 6067 66 3891
f 6067 3891 4955
f 605 5238 3892
f 605 3892 4253
f 5996 3246 3893
f 2029 5233 4696
f 543 3434 3894
f 4238 5127 4676
f 159 160 3895
f 159 3895 3238
f 3610 2989 3896
f 3610 3896 2060
f 2956 1335 3897
f 2956 3897 5963
f 1491 4818 3898
f 1491 3898 4197
f 3267 4209 3899
f 3267 5228 5811
f 3421 4222 3900
f 3421 3900 4677
f 4844 6165 3901
f 4844 3901 3821
f 4243 6153 3902
f 5766 3902 5191
f 2429 4721 3903
f 2429 3903 2490
f 855 5272 3904
f 855 4638 3125
f 5958 1946 3905
f 5374 4334 1920
f 583 4291 3906
f 583 5223 5869
f 2440 5106 3907
f 2440 5707 3222
f 2 5 3908
f 6180 3908 4808
f 589 5377 3909
f 589 3909 3715
f 3039 5723 3910
f 3039 3910 5169
f 3642 3257 3911
f 3642 5926 2913
f 1454 1453 3912
f 1454 3912 2950
f 1070 5956 3913
f 4711 3913 1154
f 3464 72 3914
f 5836 4574 163
f 676 4189 3915
f 676 3915 3185
f 144 143 3916
f 4621 5285 150
f 3475 6001 3917
f 3475 3917 5955
f 2980 196 3918
f 2980 3918 5095
f 1543 3641 3919
f 5769 3919 4193
f 3235 6012 3920
f 3235 3920 2990
f 3668 5751 3921
f 3668 3921 4843
f 3655 1847 3922
f 3655 3922 5897
f 105 3454 3923
f 5120 3923 5642
f 4897 3090 3924
f 4897 3924 1030
f 3663 941 3925
f 3663 5704 3026
f 3462 4641 3926
f 3462 3926 5757
f 3138 78 3927
f 5637 3927 91
f 3463 5905 3928
f 5262 3928 1420
f 6022 4350 3929
f 6022 3929 3052
f 4764 6015 3930
f 3598 4381 3244
f 3617 3116 3931
f 5076 3931 2928
f 597 4429 3932
f 597 3932 3701
f 667 4805 3933
f 5202 3933 3404
f 3126 3443 3934
f 5762 5062 48
f 3726 189 3935
f 3726 3935 4746
f 2093 4938 5475
f 2093 5475 6152
f 3306 4414 3937
f 3306 3937 4766
f 691 5137 3938
f 691 3938 4568
f 3672 809 3939
f 3672 3939 4572
f 737 5768 3940
f 4249 4681 5061
f 4612 5096 3941
f 5316 6024 510
f 2984 1779 3942
f 4242 3942 3694
f 571 4291 3943
f 571 3943 5125
f 1891 6042 3944
f 1891 3944 1892
f 2929 3068 3945
f 4896 3945 2064
f 663 4837 3946
f 5230 3946 4718
f 1415 5893 3947
f 1415 3947 5664
f 3096 998 3948
f 3096 3948 5158
f 694 4779 3949
f 694 3949 686
f 2951 5339 3950
f 2951 3950 5749
f 3108 3390 3951
f 3108 3951 3438
f 834 6056 3952
f 834 3952 746
f 3155 72 3953
f 3155 4671 76
f 1406 1404 3954
f 4687 5231 5812
f 4194 1825 3955
f 4194 3955 3402
f 3615 5738 3956
f 3615 3956 980
f 146 4722 3957
f 146 3957 3226
f 677 4649 3958
f 677 3958 5878
f 5991 5503 3959
f 1200 3959 1197
f 2959 3042 3960
f 2959 3960 4175
f 3220 5198 3961
f 3220 4678 3621
f 2033 3246 3962
f 2033 3962 3461
f 3451 5182 3963
f 3451 3963 4683
f 6148 1882 3964
f 5485 3964 4892
f 2912 5874 3965
f 2912 3965 5682
f 3184 1534 3966
f 3184 5992 1707
f 2006 5145 3967
f 2006 3967 3764
f 2915 5369 3968
f 2915 3968 497
f 5674 3633 3969
f 2982 4824 632
f 5908 1555 3970
f 3245 5333 1539
f 3133 106 3971
f 3133 3971 109
f 4744 1312 3972
f 4744 3972 1296
f 3181 1987 3973
f 3181 3973 3709
f 3631 6226 3974
f 3631 3974 5775
f 49 3366 3975
f 4614 3975 113
f 753 756 6070
f 753 6070 4457
f 3191 4789 3977
f 6036 3977 4904
f 685 3739 3978
f 685 3978 6017
f 3216 56 3979
f 5847 3979 4239
f 1439 1441 3980
f 5087 3980 5812
f 1536 4786 3981
f 1536 3981 1492
f 2932 5328 3982
f 2932 3982 3146
f 85 5143 3983
f 85 3983 86
f 1948 1946 3984
f 1948 3984 4306
f 3735 3444 3985
f 5180 5831 4775
f 6106 3271 3986
f 5464 4329 93
f 5338 4214 3987
f 1275 3987 3153
f 3017 1834 3988
f 3017 3988 4391
f 3050 560 3989
f 5220 3989 566
f 114 118 3990
f 4398 3990 3086
f 619 622 3991
f 4781 3991 4185
f 1886 5867 3992
f 1886 3992 5171
f 3091 797 3993
f 3091 3993 5395
f 1849 4186 3994
f 6051 3994 3282
f 102 3476 3995
f 102 3995 4462
f 53 5868 3996
f 53 3996 3692
f 126 112 3997
f 126 3997 3511
f 4761 3677 3998
f 3172 3998 5279
f 3250 5424 3999
f 3250 3999 3452
f 3683 4486 4000
f 5954 4000 132
f 1822 3165 4001
f 6091 4001 3300
f 3011 5431 4002
f 3011 4002 5971
f 3627 3501 4003
f 4821 4003 306
f 2940 3656 4004
f 2940 5350 1896
f 3731 5419 4005
f 3731 4005 854
f 3163 3428 4006
f 3163 5931 4246
f 1256 5295 4007
f 1256 6151 3200
f 4415 5966 4008
f 1309 4008 4838
f 4396 3054 4009
f 4396 4009 1401
f 5833 4425 4010
f 3037 4010 4341
f 3322 584 6109
f 3322 6109 3514
f 6164 611 4012
f 6164 4012 3296
f 5344 3395 4013
f 4394 4013 5458
f 5985 3796 4014
f 3317 4326 2078
f 142 141 4015
f 142 4015 5806
f 3283 3140 4016
f 3283 5189 4191
f 1862 5430 4017
f 1862 4017 4804
f 4792 5353 4018
f 3304 4018 1270
f 1195 5990 4019
f 1195 4019 1223
f 1370 3775 4316
f 5600 4675 1378
f 3382 1027 4021
f 5101 4021 1012
f 2124 3333 4022
f 2124 4022 3725
f 165 2926 4023
f 165 4023 208
f 3194 5398 4024
f 3194 4024 4921
f 6118 4969 5488
f 6118 5488 2817
f 3024 5492 4026
f 4816 4506 853
f 1418 4788 4027
f 5846 4027 4827
f 5185 3127 4028
f 1883 4028 5796
f 3433 5732 4029
f 3433 4029 3247
f 6057 4442 4030
f 5909 4030 4279
f 3031 1261 4031
f 3031 4031 5363
f 6196 11 4032
f 4851 4032 16
f 1800 3479 4033
f 1800 4033 5716
f 3713 5275 4034
f 3713 4034 657
f 1890 4983 4035
f 1890 4035 4767
f 551 5763 4036
f 551 4036 3150
f 3051 3700 4037
f 3051 4917 2046
f 3188 1210 4038
f 3188 4038 4759
f 3490 5900 4039
f 3490 4039 1264
f 1333 3001 4040
f 1333 5264 1340
f 2934 3455 4041
f 4631 4041 3007
f 3015 5065 4042
f 3015 4042 5826
f 3147 5892 4043
f 3147 4043 1499
f 4210 3419 4044
f 1345 5437 1363
f 3060 3425 4045
f 5359 4045 4775
f 3251 5390 4046
f 3251 4314 2916
f 3319 3643 4047
f 3319 4047 4437
f 3742 6137 4048
f 3742 4048 1260
f 1342 4881 5594
f 1342 4427 5090
f 3176 3803 4050
f 3176 4893 5850
f 1176 4758 4051
f 1176 4051 2924
f 2992 4220 4052
f 2992 4052 5415
f 1085 1082 4053
f 1085 4053 3758
f 1021 1019 4054
f 1021 4054 4302
f 279 355 4055
f 6174 4055 5473
f 6081 2131 4056
f 5271 4056 4702
f 1346 1347 4057
f 1346 4057 5467
f 1381 3768 4058
f 6283 5478 1399
f 544 6046 4059
f 544 4059 6000
f 4358 3763 4060
f 1462 5425 5986
f 2404 2401 4061
f 2404 4061 2400
f 2399 5690 4062
f 2399 4062 6183
f 2917 5729 4063
f 2917 4063 3036
f 3187 599 4064
f 6020 4947 3730
f 2945 4468 4065
f 2945 4065 3489
f 3334 1067 4066
f 3334 4066 3737
f 3780 6077 4067
f 3780 4067 3128
f 5528 6107 4068
f 5528 4990 4526
f 2961 1409 4069
f 5983 5259 4919
f 1580 4953 4070
f 1580 5494 5858
f 1495 3759 4071
f 1495 4071 1681
f 3804 2592 4072
f 3804 4072 5402
f 3478 3689 4073
f 5941 4073 195
f 6285 4869 4074
f 6285 4074 1376
f 3703 434 4075
f 3703 4075 3098
f 977 975 5537
f 977 6214 3075
f 1996 1993 4077
f 1996 4077 6085
f 3516 4943 4078
f 3516 5480 1583
f 3160 1412 4079
f 3160 4079 1430
f 5890 3067 4080
f 5450 4831 4362
f 1303 1301 4081
f 1303 4465 5975
f 3164 4385 4082
f 5290 4082 174
f 3519 3106 4083
f 3519 4083 6033
f 3521 3366 4084
f 3521 4084 5691
f 3445 3302 4085
f 3445 4085 1513
f 3169 3293 4086
f 3169 4086 5361
f 3299 1474 4087
f 3299 4087 3771
f 2651 2581 4088
f 2651 4088 6125
f 1818 6133 4089
f 1818 4089 6157
f 3528 4945 4090
f 3528 5357 3747
f 198 223 4091
f 198 4091 197
f 3144 305 4092
f 3144 5542 3760
f 5041 3603 4093
f 5041 4093 3328
f 595 5232 4094
f 595 4094 3696
f 3537 2092 4095
f 3537 6205 3757
f 1601 1436 4096
f 1601 4096 1600
f 329 168 4097
f 329 4097 325
f 5486 3790 4910
f 1351 4487 4925
f 3332 4723 4099
f 3332 4099 5916
f 1864 1861 4100
f 1864 4100 3063
f 5512 4954 4101
f 4452 6211 1403
f 2968 3544 4102
f 2968 4102 5409
f 5755 5054 4103
f 5602 4103 3132
f 3343 2062 4104
f 6050 4104 2058
f 3255 3135 4105
f 3255 4105 6338
f 3520 5387 4106
f 3520 4106 4978
f 3555 2649 4107
f 5523 4719 4505
f 2144 2142 4108
f 2144 4108 2061
f 2958 4928 4109
f 2958 4109 6071
f 3481 5449 4110
f 3481 4110 5984
f 3372 5038 4111
f 3372 5587 2414
f 1156 1179 4112
f 1156 4915 1139
f 3553 6240 4113
f 3553 4113 5021
f 3557 5006 4114
f 3557 4114 3799
f 175 174 4115
f 175 4115 5409
f 3502 795 4116
f 3502 4949 4499
f 3800 5592 6237
f 3800 6237 1972
f 2645 2642 4118
f 2645 4118 3718
f 4970 2870 4119
f 2867 5573 2861
f 2807 6222 4120
f 2807 4120 5545
f 2884 4957 4121
f 5575 4527 5024
f 3772 1062 4122
f 3772 4122 1046
f 3723 2580 4123
f 3723 4123 5708
f 34 3366 4124
f 6322 5541 369
f 5596 6028 4125
f 2972 4125 3810
f 5506 1650 4126
f 5506 6305 1482
f 2973 4935 4127
f 5498 4127 3561
f 124 4822 4128
f 124 4128 3774
f 3818 2806 4129
f 5365 4129 3023
f 3199 4475 4130
f 6189 4968 1015
f 3353 4956 4131
f 3353 4131 6256
f 3344 6120 4132
f 3344 6154 3071
f 3784 4811 4133
f 3784 4133 1283
f 3539 2962 4134
f 3539 6203 1951
f 4484 5544 4135
f 4484 4135 1765
f 2596 3779 4136
f 2596 4941 2638
f 1559 4455 6260
f 1559 6260 5574
f 6261 4530 4138
f 3566 5548 5003
f 3545 2758 4139
f 3545 4139 5554
f 3817 6246 4140
f 3817 4140 5561
f 2319 5625 4141
f 2319 4141 6244
f 5593 2275 4142
f 5593 4142 6304
f 5623 4959 4143
f 2831 4143 5039
f 3035 5033 4144
f 3035 4144 262
f 3822 2602 4145
f 3822 6160 4994
f 742 3807 4146
f 6199 4516 837
f 2966 5379 4147
f 2966 4147 6262
f 2600 4973 4148
f 2600 4148 3825
f 1562 3083 4149
f 1562 4149 1726
f 6265 3816 4150
f 232 4996 3055
f 5019 2210 4151
f 6340 5620 2202
f 1425 1437 4152
f 1425 4152 3712
f 36 5053 4153
f 36 4153 37
f 6343 5051 5622
f 6343 5622 2288
f 2801 2800 4155
f 2801 4155 2804
f 3559 6219 4156
f 3559 4156 3081
f 288 395 4157
f 288 6323 5031
f 3213 5533 4158
f 3213 4995 2410
f 2278 2306 4159
f 2278 4159 2277
f 2823 5590 4160
f 2823 4160 2829
f 1525 5030 4161
f 6313 4161 3826
f 250 3754 4162
f 250 4162 3819
f 202 5598 4163
f 202 4163 204
f 4566 5603 4164
f 2301 6328 5589
f 2276 2277 4165
f 2276 4165 6296
f 2329 6306 4166
f 2329 4166 5612
f 5605 5032 4167
f 3370 4167 5009
f 3574 5502 4168
f 3574 4168 5586
f 3563 259 4169
f 3563 4169 383
f 1423 5953 4170
f 1423 4170 1438
f 3797 2236 4171
f 3797 4171 2244
f 4509 3827 4172
f 4509 4172 2383
f 6345 2445 4173
f 6345 4173 3575
f 2368 2366 4174
f 2368 4174 2367
f 5764 5116 4175
f 5764 4175 610
f 4697 1378 4176
f 4697 4176 4093
f 3384 3584 4177
f 3384 4177 5647
f 5772 4670 4178
f 5772 4178 5248
f 3622 3013 5153
f 3622 5153 3895
f 5088 5899 4703
f 5088 4703 3859
f 3954 3045 5231
f 3954 5231 1406
f 3847 5648 4182
f 5187 4182 3241
f 5143 5815 4183
f 5143 4183 3983
f 132 3163 4184
f 132 4184 5954
f 4595 625 4185
f 4595 4185 2982
f 3432 1838 5906
f 3432 5906 3660
f 5131 5698 4187
f 5131 4187 3857
f 1126 3598 5332
f 1126 5332 1129
f 5688 3682 4189
f 5688 4189 676
f 4638 3125 4190
f 3904 5819 883
f 4680 5747 4191
f 3467 4191 40
f 5209 4822 4192
f 5209 4192 3247
f 4725 1538 4193
f 4725 4193 3006
f 6079 4659 4194
f 6079 4194 1825
f 3002 3223 4195
f 3002 4195 5098
f 3303 5909 4196
f 3303 4196 5743
f 3354 1532 4732
f 3354 4732 3728
f 5297 2029 4198
f 5297 4198 3455
f 2792 3388 4199
f 2792 4199 2907
f 3398 5972 4200
f 3398 4200 5958
f 3133 2941 4201
f 3133 4201 109
f 1257 1269 4202
f 1257 4202 5807
f 3872 5102 4203
f 3872 4203 3584
f 1439 5646 4204
f 1439 4204 1441
f 809 822 4205
f 809 4205 4641
f 3103 3868 4206
f 5640 4206 736
f 1006 4748 4207
f 5077 4207 3394
f 31 19 4208
f 31 4208 11
f 5684 3407 4209
f 181 4209 3267
f 1345 4044 4210
f 1345 4210 6011
f 4729 3657 4211
f 4729 4211 5682
f 5831 5244 4212
f 5831 4212 4775
f 3049 3226 4213
f 3049 5660 3415
f 6137 5338 4214
f 6137 4214 5243
f 5875 2447 4215
f 5875 4215 2501
f 5872 1210 4216
f 1216 4216 1218
f 3879 2957 4217
f 5853 4217 3582
f 33 3890 4218
f 5217 5657 2931
f 3284 2952 4219
f 3284 4219 65
f 2791 2789 4220
f 5070 4220 2821
f 3865 5111 4221
f 3865 4221 5789
f 3249 5686 4222
f 3249 4222 661
f 3600 5072 4223
f 3600 4223 5249
f 2398 5075 4224
f 2398 4224 2462
f 2936 2390 4225
f 2936 5282 3069
f 3726 192 4226
f 3726 4226 3247
f 2988 5659 4227
f 2988 4227 3238
f 2435 3097 4228
f 5720 5064 2530
f 3123 3580 4229
f 4804 5306 3922
f 5097 2096 4230
f 2094 4230 3309
f 757 756 4231
f 757 4231 5256
f 1961 1886 4232
f 1961 4232 2940
f 148 4785 5466
f 148 5466 6102
f 5827 2617 4234
f 5827 4234 2700
f 2060 5951 4235
f 4702 4235 4056
f 199 5140 4236
f 199 4236 3116
f 3716 5249 4237
f 3716 4237 561
f 543 5127 4238
f 543 4238 3618
f 44 67 4239
f 5744 4239 3979
f 3414 2437 4240
f 3414 4240 2990
f 6142 899 4241
f 6142 4241 5419
f 2984 1794 4242
f 2984 4242 3942
f 2019 5444 4243
f 5766 4243 3902
f 4084 2943 4244
f 4084 4244 5691
f 2926 4726 4245
f 2926 4245 4023
f 3604 3239 4246
f 3604 4246 4598
f 3260 4 4247
f 3260 4247 23
f 3591 5641 4248
f 3591 5385 632
f 737 5121 4249
f 737 4249 3940
f 5731 128 4250
f 3408 4250 2941
f 1264 5265 4251
f 1264 4251 4039
f 859 858 4252
f 859 4252 5681
f 567 566 4253
f 5302 4253 706
f 3435 5729 4254
f 5065 4254 4853
f 2100 4658 4255
f 2100 4255 2103
f 856 3162 4256
f 856 4256 4635
f 3701 3932 4257
f 3701 4257 3491
f 939 5326 4258
f 939 4258 5964
f 4849 5491 4259
f 4849 4259 6231
f 3634 169 4260
f 3634 4647 5865
f 17 3449 4261
f 17 4261 24
f 616 3472 4262
f 616 4262 5291
f 656 3889 4263
f 656 4263 3505
f 4059 6046 4264
f 4059 4264 6000
f 3298 5358 4265
f 3298 4265 1496
f 3174 1409 4266
f 3174 4266 1410
f 3281 1093 4267
f 3281 4267 3437
f 3925 906 5695
f 5704 4707 3175
f 1113 1112 4269
f 5168 4269 5721
f 3862 1978 4270
f 3862 4270 1981
f 3042 3702 4271
f 4714 4271 3228
f 3186 189 4272
f 5618 4272 287
f 3475 5955 4273
f 3475 4273 4886
f 5794 4825 4274
f 5794 4274 3555
f 3126 43 4275
f 3126 4275 3934
f 91 3927 4276
f 91 4276 5730
f 5813 4581 4277
f 718 5212 719
f 76 5164 4278
f 5727 4278 3854
f 5828 4030 4279
f 2059 4279 4658
f 1071 5136 4280
f 1071 4280 5211
f 3178 3843 4281
f 3178 4281 3312
f 1296 4625 5677
f 1296 5268 1302
f 6209 4740 4283
f 3666 4283 3538
f 3254 5160 4284
f 3254 4284 5698
f 3624 693 4285
f 3624 4285 4607
f 574 5167 4286
f 574 4677 3136
f 895 894 4287
f 895 4287 3844
f 3295 704 4288
f 5246 4288 4685
f 4692 5164 4289
f 3681 4289 71
f 235 3224 4290
f 235 4290 234
f 5714 4701 4291
f 572 4291 571
f 745 743 4292
f 745 4292 3159
f 1305 5785 4293
f 1305 4293 5736
f 3982 5328 4294
f 3982 4294 3146
f 3165 1823 4295
f 3165 4295 4001
f 6034 5407 4296
f 6034 4296 5274
f 4867 6228 4297
f 4867 4297 1424
f 3641 1543 4298
f 3641 4298 1545
f 681 712 4299
f 681 4299 5443
f 3316 595 4300
f 3316 4709 600
f 4034 657 4301
f 4034 4301 5275
f 3232 5838 4302
f 3232 4302 4886
f 139 137 4303
f 139 4303 5652
f 5787 1254 4304
f 1252 5295 1265
f 1884 5711 4305
f 4589 4305 3151
f 1950 1948 4306
f 4891 5177 1924
f 3633 3296 4307
f 3633 6038 3969
f 694 3041 4308
f 694 4308 4779
f 1280 4811 4309
f 1280 4309 3357
f 3749 3001 4310
f 3749 4310 5750
f 52 4742 4311
f 52 4311 61
f 3665 5823 4312
f 3665 4312 4792
f 3664 3488 4313
f 5861 4313 5198
f 4046 3251 4314
f 4046 4314 3599
f 3261 4690 4315
f 5238 4315 4841
f 4020 3775 4316
f 4020 4316 3352
f 1290 1292 4317
f 1290 4317 3881
f 3107 2429 4318
f 3107 4318 3907
f 2045 4696 4319
f 2045 4319 3181
f 1489 2914 4320
f 1489 4320 4818
f 1375 3253 4321
f 1375 4321 3603
f 1293 4684 4322
f 1293 4322 5932
f 961 5424 4323
f 961 4323 958
f 3441 6045 4324
f 3441 4324 6150
f 1338 3608 4325
f 1338 5755 1348
f 4014 3317 4326
f 4014 4326 6018
f 3440 70 4327
f 5910 4948 81
f 562 3332 4328
f 562 5843 3492
f 3986 88 4329
f 3986 4329 6106
f 2436 2434 4330
f 2436 4330 3623
f 2548 3431 4331
f 2548 4331 2443
f 1533 3547 4332
f 1533 4332 5134
f 641 5663 4333
f 641 4333 654
f 3905 5374 4334
f 3905 4334 3019
f 5984 4799 4335
f 1947 4335 1938
f 1382 4823 4336
f 5279 4336 3998
f 4067 5336 4337
f 4067 4337 4856
f 3115 5825 4338
f 3115 4338 5331
f 978 3506 4339
f 978 4339 3075
f 1445 3524 4340
f 1445 4340 1447
f 3523 3037 4341
f 5190 4341 3596
f 2638 2639 4342
f 2638 4342 4941
f 3656 1894 4343
f 3656 4343 3048
f 143 3741 4344
f 143 4344 144
f 3871 3466 4345
f 3871 4345 5367
f 3485 3009 4346
f 5304 4627 6338
f 3722 97 4347
f 3722 4347 87
f 142 141 4348
f 142 4348 5806
f 4028 5299 4349
f 4028 4349 3127
f 3385 3605 4350
f 3385 4350 3652
f 3686 979 4351
f 3686 4351 4765
f 3173 4815 6177
f 5511 6177 1358
f 441 451 4353
f 5929 5225 3654
f 684 3850 4354
f 684 6017 685
f 2937 3669 4355
f 2937 5311 4746
f 180 2904 4356
f 180 4356 5084
f 122 4743 4357
f 122 4357 2964
f 1462 4060 4358
f 4817 4358 3110
f 1193 5387 4359
f 5990 4359 3510
f 3060 5923 4360
f 3060 5359 4045
f 981 993 4361
f 981 4361 5158
f 3158 4831 4362
f 3158 4362 2043
f 3185 2906 4363
f 3185 4363 5895
f 552 3150 4364
f 4693 4364 560
f 96 89 4365
f 96 4365 100
f 1196 1195 4366
f 6104 5245 3052
f 613 610 4367
f 613 4826 3296
f 1882 6148 4368
f 1882 4368 4983
f 910 913 4369
f 5258 5913 4570
f 1417 5224 4370
f 5905 4370 3888
f 5876 1405 4371
f 5876 4371 1421
f 6109 4797 4372
f 4011 4372 3785
f 2 5514 4373
f 2 6180 3908
f 2599 5841 4374
f 2599 4374 6136
f 615 5770 4375
f 615 4375 5729
f 3307 3102 4376
f 3307 4376 4857
f 1413 5664 4377
f 1413 4377 1622
f 5874 1485 4378
f 3171 4378 5372
f 589 3715 4379
f 589 6122 3696
f 4165 3570 5014
f 4165 5014 6296
f 3930 3598 4381
f 3930 4381 4859
f 4024 4666 4382
f 4024 4382 1062
f 5591 1314 4383
f 5591 5917 4008
f 6308 4135 4384
f 1480 5446 4848
f 58 3996 4385
f 58 4385 3164
f 774 778 4386
f 774 4386 5432
f 14 7 4387
f 14 6016 19
f 1270 4018 4388
f 5298 4388 5884
f 2817 4992 4389
f 2817 4389 5488
f 3200 2991 4390
f 3200 5810 3653
f 1776 3402 4391
f 1776 4391 3988
f 3057 6029 4392
f 3057 4392 5329
f 3734 4915 4393
f 3734 4393 3383
f 569 4013 4394
f 569 4394 3698
f 6112 1145 4395
f 1156 4395 1179
f 1367 3054 4396
f 1367 4396 5808
f 3257 3446 4397
f 3257 4397 3911
f 114 3670 4398
f 114 4398 3990
f 436 437 4399
f 436 4399 446
f 1539 5099 4400
f 1539 4400 6132
f 1361 1362 4401
f 1361 4401 3530
f 5415 4052 4402
f 2787 6169 4604
f 3095 1907 4403
f 3095 4403 3243
f 4683 5945 4404
f 4683 4404 3290
f 3119 3721 4405
f 3119 4405 990
f 1775 5515 4406
f 1775 6100 5459
f 1492 5323 4407
f 1492 4407 1536
f 3012 5286 4408
f 3012 4408 1424
f 618 3724 4409
f 6065 4409 3885
f 2924 1088 4410
f 2924 5307 1073
f 2961 5260 4411
f 2961 4411 1426
f 1864 3063 4412
f 1864 4412 1788
f 3310 4834 4413
f 3310 4413 6066
f 3546 3306 4414
f 3546 5434 3691
f 1309 3659 4415
f 1309 4415 4008
f 3778 3104 4416
f 3778 4416 1997
f 1501 3759 4417
f 1501 4417 3966
f 942 925 4418
f 942 5854 4903
f 2934 3104 4419
f 2934 4631 4041
f 1082 3018 4420
f 1082 5977 4053
f 5376 6098 4421
f 1042 4421 1021
f 155 3675 4422
f 155 5276 156
f 3036 4063 4423
f 5855 4423 3493
f 725 5384 4424
f 5936 4424 3974
f 3417 5113 4425
f 3417 4622 1491
f 1579 6138 4426
f 1579 4426 5494
f 4049 1342 4427
f 5594 4672 3541
f 4593 5265 4428
f 5888 4428 5363
f 3323 597 4429
f 5135 4429 4718
f 832 3952 4430
f 832 4430 3647
f 2033 2034 4431
f 2033 4431 3461
f 1346 5467 4432
f 1346 4432 3349
f 3897 4772 4433
f 3897 5322 5643
f 1260 3321 4434
f 6286 4434 3027
f 2995 3770 4435
f 5316 6082 510
f 2999 5383 4436
f 2999 5880 3287
f 6103 5406 4437
f 2930 4770 5513
f 6 4032 4438
f 6 4438 3449
f 3193 3339 4439
f 3193 4842 2004
f 2014 3667 4440
f 2014 4440 6031
f 792 3286 4441
f 792 4441 3462
f 3471 3706 4442
f 5381 4442 3061
f 1460 3299 4443
f 1460 4443 4874
f 3405 5151 4444
f 3405 4444 434
f 3347 6339 4445
f 3347 4445 5572
f 713 4050 4446
f 6171 4446 716
f 3519 5417 4447
f 4846 4447 449
f 2933 6051 4448
f 5355 4448 1817
f 6159 3073 4449
f 5498 4449 2593
f 279 4055 4450
f 279 4450 5147
f 3648 4077 4451
f 3648 4451 4876
f 5512 4101 4452
f 5512 4452 5973
f 2814 4120 4453
f 6168 4646 4025
f 1383 1389 4454
f 1383 4454 1384
f 1713 6238 4455
f 1713 5451 3937
f 5974 5371 4456
f 4875 4456 3177
f 3693 5461 4457
f 3693 4457 837
f 2960 3807 4458
f 5656 4458 3502
f 3643 5406 6009
f 3643 4885 3014
f 675 580 4460
f 675 4460 5447
f 3700 5428 4461
f 3700 4461 4109
f 154 102 4462
f 154 4462 5791
f 4085 3302 4463
f 5433 4902 5904
f 4862 6114 4464
f 4862 4464 1571
f 4081 1303 4465
f 5604 4465 3840
f 4094 3532 4466
f 4094 4466 3058
f 1889 4983 4467
f 1889 4467 6087
f 223 3720 4468
f 223 4468 2945
f 1394 1393 4469
f 1394 5477 4858
f 2994 6143 4470
f 2994 4470 6040
f 3704 4901 4471
f 3704 4471 1800
f 6235 5534 4472
f 4945 4472 4090
f 2128 3029 5487
f 2128 5487 3537
f 2125 6081 4474
f 2125 4474 3317
f 1016 3199 4475
f 1016 5479 3358
f 795 3091 4476
f 795 5410 4116
f 4134 3753 4477
f 4134 4477 2962
f 1852 5978 4478
f 1852 4478 3637
f 1905 3008 4479
f 1905 4479 6052
f 1509 1576 4480
f 1509 4480 1510
f 501 3263 4481
f 501 4481 442
f 3589 5455 4482
f 3589 4482 1096
f 1477 3771 4483
f 6062 5442 1478
f 1466 1765 4484
f 1466 4484 4747
f 3192 3494 4485
f 4931 4485 6225
f 133 259 4486
f 133 4486 3511
f 4098 1351 4487
f 4098 4487 3047
f 214 213 6210
f 214 6210 4989
f 1511 1773 4489
f 1511 4489 1671
f 1985 2055 4490
f 1985 4490 5476
f 5519 4964 4491
f 3346 4491 985
f 1202 3486 4492
f 6186 4978 3520
f 2415 2419 4493
f 2415 4493 5587
f 6170 1435 4494
f 6170 4494 1432
f 3762 2963 4495
f 5308 4495 2646
f 3320 687 4496
f 3320 4496 5357
f 6230 175 4497
f 173 4942 4140
f 4981 3757 4498
f 3343 4498 2062
f 794 3502 4499
f 4710 5493 3168
f 3072 3450 4500
f 3072 4500 2648
f 4099 5916 4501
f 4099 4501 4988
f 1281 5078 4502
f 1281 4502 3653
f 6242 1860 4503
f 3793 4503 1865
f 5595 2278 4504
f 2280 6304 4142
f 2653 2595 4505
f 2653 4505 5523
f 4026 4816 4506
f 4026 4506 861
f 3348 3082 4507
f 3348 4507 6313
f 3071 6154 4508
f 3071 4508 6215
f 2347 2383 4509
f 2347 4509 3569
f 4072 5505 4510
f 4072 4510 5402
f 1015 4968 4511
f 1015 6188 3549
f 2643 3791 4512
f 2643 4512 5411
f 4633 4045 4513
f 4633 4513 1743
f 2953 5820 4514
f 2953 4514 360
f 6262 679 4515
f 5569 4515 4050
f 4146 5525 4516
f 4146 4516 6092
f 3056 1483 4517
f 3056 4517 4060
f 228 5536 4518
f 6216 4518 229
f 3821 4844 4519
f 3821 4519 5056
f 2010 2036 4520
f 2010 4520 2181
f 4148 4973 4521
f 4148 6331 3825
f 3830 4124 4522
f 3830 4522 36
f 2830 6289 4523
f 4959 4523 4143
f 5597 6339 4524
f 2910 4524 4934
f 3301 105 4525
f 3301 4525 5954
f 1067 1175 4526
f 1067 6212 1118
f 4121 2884 4527
f 4121 4527 2885
f 4114 5006 4528
f 4114 4528 210
f 2845 2851 4529
f 2845 5013 2836
f 1523 1686 4530
f 1523 4530 5030
f 4150 3484 4531
f 4150 4996 232
f 1575 3513 6263
f 4979 5614 1559
f 3206 3788 4533
f 3206 4533 5795
f 2275 2273 4534
f 2275 4534 6295
f 2312 2314 4535
f 2312 5625 2321
f 3568 5038 4536
f 3568 4536 3130
f 3368 4972 4537
f 3368 6274 3824
f 2654 3195 4538
f 2654 6287 5436
f 1508 1495 4539
f 1508 4539 1511
f 3562 5577 4540
f 3562 4540 3818
f 2235 4171 4541
f 2235 4541 2245
f 2284 2293 4542
f 5016 4542 4174
f 2230 5609 4543
f 2230 4543 2228
f 34 5943 4544
f 4940 4544 371
f 3801 6319 4545
f 3801 4545 2805
f 3823 4144 4546
f 5580 6284 265
f 3774 4128 4547
f 4962 4547 185
f 2213 4172 4548
f 6239 4548 2221
f 3812 2827 4549
f 3812 4549 2833
f 3000 4955 4550
f 3000 4550 392
f 3835 287 4551
f 3835 4551 3499
f 2201 3841 4552
f 2201 5045 5517
f 3077 3997 4553
f 3077 4553 6267
f 4153 6327 4554
f 4153 4554 6258
f 2685 4922 4555
f 2685 4555 2608
f 3397 2479 4556
f 3397 4556 2405
f 2331 2335 4557
f 2331 4557 3828
f 5059 2578 4558
f 5059 4558 5630
f 2865 6250 4559
f 2865 4559 2867
f 2407 3213 4560
f 2407 5586 6315
f 245 3109 4561
f 245 6349 248
f 3371 4919 4562
f 3371 4562 6325
f 1423 5953 4563
f 1423 5034 1438
f 3315 5862 4564
f 3315 4564 399
f 256 3838 4565
f 256 4565 255
f 2301 6330 4566
f 2301 4566 4164
f 3212 3712 4567
f 3212 4567 1577
f 690 691 4568
f 690 5112 4249
f 62 5214 5815
f 62 5815 4183
f 5742 5258 4570
f 5742 4570 3844
f 548 3101 5669
f 548 5669 3933
f 5270 743 4572
f 5270 4572 3672
f 543 3434 4573
f 543 4573 3618
f 3914 5836 4574
f 3914 5109 3226
f 3275 5771 4575
f 3275 4575 4237
f 3620 2438 4576
f 3620 4576 3094
f 61 5236 4577
f 61 4577 5292
f 4278 3854 4578
f 4278 4578 5164
f 5762 48 4579
f 5762 4579 2931
f 171 266 4580
f 171 4580 5261
f 3215 3857 4581
f 3215 4581 5813
f 4209 3013 4582
f 4209 4582 3407
f 4395 1179 4583
f 4395 4583 1101
f 5710 1777 4584
f 5710 4584 3402
f 3423 3877 4585
f 3423 4585 5737
f 3240 5197 4586
f 3240 4586 44
f 5814 4284 4587
f 5814 4587 5202
f 2392 2397 4588
f 2392 4588 5672
f 1884 4305 4589
f 1884 4589 5796
f 100 3220 4590
f 100 4590 96
f 4203 5649 4591
f 4203 4591 3584
f 5235 3436 4592
f 5235 4592 5713
f 4031 3122 5888
f 4031 5888 5363
f 3221 3613 4594
f 3221 4594 3388
f 630 5067 4595
f 630 4595 625
f 2821 5080 4596
f 2821 5647 3613
f 5802 2905 4597
f 5802 4597 5178
f 2904 4246 4598
f 2904 4598 3112
f 5779 3136 4599
f 5779 4599 3249
f 3020 2920 4600
f 3020 4600 5694
f 1499 1493 4601
f 1499 4601 3640
f 3583 3486 4602
f 3583 4602 1216
f 3276 567 4603
f 3276 4603 5344
f 3864 3412 4604
f 3864 4604 6169
f 2989 2061 4605
f 2989 4605 3896
f 2916 5631 4606
f 2916 4606 3093
f 2909 669 4607
f 2909 4607 5826
f 5709 5129 4608
f 5709 4608 442
f 3674 118 4609
f 3674 4609 3416
f 5853 3729 4610
f 5853 4610 3582
f 596 5895 4611
f 596 4611 3046
f 2995 3941 4612
f 2995 4612 3500
f 3594 5102 4613
f 3594 4613 3313
f 49 3975 4614
f 49 4614 3587
f 2403 2401 4615
f 2403 4615 5184
f 3593 2427 4616
f 3593 4616 2433
f 2938 3333 4617
f 2938 4617 2103
f 4250 2941 4618
f 4250 4618 128
f 3636 3223 4619
f 3636 4619 5287
f 661 4222 4620
f 661 4620 5678
f 144 3308 4621
f 144 4621 3916
f 4425 3417 4622
f 4425 4622 3728
f 977 3075 4623
f 977 4623 4491
f 2442 2443 4624
f 2442 4624 5413
f 1299 1296 4625
f 1299 4625 5883
f 47 5680 4626
f 47 4626 5744
f 4346 5412 4627
f 4346 4627 5304
f 5753 4039 4628
f 5753 4628 5265
f 1198 3846 4629
f 1198 4629 1195
f 2986 693 4630
f 2986 4630 5212
f 4419 3291 4631
f 4419 4631 2934
f 1263 3595 4632
f 1263 4632 3409
f 1548 4045 4633
f 5776 4633 5219
f 4053 1069 4634
f 4053 4634 3758
f 868 5334 4635
f 868 4635 859
f 672 603 4636
f 672 4636 5698
f 1847 3256 4637
f 1847 4637 1827
f 3904 855 4638
f 3904 4638 5819
f 178 6108 4639
f 178 4639 4236
f 747 746 4640
f 747 4640 749
f 5435 809 4641
f 807 4641 3462
f 3298 5801 4642
f 3298 4642 1507
f 4266 1411 4643
f 4266 4643 1409
f 1595 5824 4644
f 1595 4644 5089
f 3458 5863 4645
f 3458 4645 790
f 5510 4129 4646
f 5510 4646 6168
f 4260 3634 4647
f 6064 4647 274
f 650 646 4648
f 5988 4648 3268
f 2954 5205 4649
f 2954 4649 3025
f 3527 5602 4650
f 5963 4650 3897
f 2390 5075 4651
f 5676 4651 3078
f 102 154 4652
f 102 4652 101
f 1585 1586 4653
f 1585 4653 1763
f 3622 3013 4654
f 3622 4654 3895
f 1946 3905 4655
f 1946 4655 3984
f 2928 3267 4656
f 2928 4656 182
f 998 3277 4657
f 998 4657 981
f 2951 2059 4658
f 2951 4658 5097
f 3448 5403 4659
f 3448 4659 5927
f 2501 5340 4660
f 2501 4660 4215
f 3506 978 4661
f 3506 4661 3615
f 3983 86 4662
f 3983 4662 4183
f 1975 1978 4663
f 5191 4663 3016
f 24 5719 4664
f 24 4664 17
f 2927 177 4665
f 2927 4665 4179
f 3721 3064 4666
f 3721 4666 5765
f 3853 2512 4667
f 3853 4667 3097
f 3682 5746 4668
f 3682 4668 572
f 3881 3695 4669
f 3881 4669 1305
f 1111 5772 4670
f 1111 4670 1067
f 3953 75 4671
f 3953 4671 3155
f 4427 4049 4672
f 4427 4672 1349
f 456 442 4673
f 456 4673 5369
f 4241 4005 4674
f 4241 4674 5439
f 4316 3677 4675
f 4316 4675 1370
f 3426 4238 4676
f 3426 4676 2921
f 4286 3393 4677
f 4286 4677 574
f 3961 3476 4678
f 3961 4678 3220
f 131 126 4679
f 131 4679 3163
f 3467 160 4680
f 3467 4680 4191
f 3940 5212 4681
f 3940 4681 4249
f 3420 227 4682
f 3420 4682 2969
f 2950 3290 4683
f 5912 4683 5100
f 5751 4322 4684
f 5751 4684 5599
f 3487 4288 4685
f 5072 4685 686
f 664 4308 4686
f 5364 4686 3176
f 1406 1404 4687
f 1406 4687 5231
f 1555 1568 4688
f 1555 4688 5361
f 3229 923 4689
f 3229 4689 5783
f 3585 564 4690
f 3585 4690 4315
f 1269 1257 4691
f 5823 4691 4312
f 3681 3464 4692
f 3681 4692 4289
f 552 4364 4693
f 5645 5118 553
f 3331 2960 4694
f 3331 4694 3614
f 3227 5772 4695
f 3227 4695 3845
f 3218 2045 4696
f 3218 4696 5767
f 5170 4093 4697
f 2949 4697 3495
f 584 5713 4698
f 584 4698 4011
f 3670 108 4699
f 3670 4699 4398
f 5249 3600 4700
f 559 5902 558
f 2998 5633 4701
f 2998 4701 5786
f 2060 4235 4702
f 5144 4702 3401
f 4180 557 4703
f 4180 4703 566
f 2952 63 4704
f 2952 4704 48
f 702 5641 4705
f 702 4705 6038
f 1485 3965 4706
f 1485 4706 3705
f 4268 3925 4707
f 4268 4707 903
f 1553 1730 4708
f 1553 4708 1598
f 4300 3316 4709
f 4300 4709 677
f 6207 793 4710
f 6207 4710 5493
f 1070 5699 4711
f 1070 4711 3913
f 3452 5378 4712
f 3452 4712 3250
f 3927 3440 4713
f 3927 4713 4276
f 3042 4271 4714
f 3042 4714 3960
f 3234 3624 4715
f 3234 4715 638
f 3269 3555 4716
f 3269 4716 2634
f 3765 3481 4717
f 3765 4717 5288
f 3517 5135 4718
f 3517 4718 5230
f 4107 3555 4719
f 4107 4719 2595
f 109 4201 4720
f 109 4720 3503
f 2550 2551 4721
f 5366 4721 2429
f 3741 5141 4722
f 3741 4722 145
f 587 3332 4723
f 587 4723 585
f 611 5764 4724
f 611 4724 6014
f 1537 5099 4725
f 1537 4725 5788
f 3843 4313 4726
f 3843 5252 4281
f 3422 1411 4727
f 5154 4727 3359
f 1196 5245 4728
f 1196 4728 1197
f 1464 3578 4729
f 1464 4729 3678
f 1076 6195 4730
f 1076 4730 1183
f 1340 6011 4731
f 1340 4731 1362
f 4197 1532 4732
f 4197 4732 1491
f 3885 5696 4733
f 3885 4733 6065
f 105 3923 4734
f 105 4734 111
f 652 641 4735
f 5845 5275 4301
f 1481 3761 4736
f 1481 4736 1484
f 4348 141 4737
f 4348 4737 152
f 83 5143 4738
f 83 4738 5464
f 3523 5961 4739
f 3523 5190 4341
f 5360 1291 4740
f 5360 4740 6209
f 5825 3918 4741
f 3236 4741 293
f 3216 52 4742
f 5155 4742 3102
f 3120 5644 4743
f 3120 4743 122
f 1298 1308 4744
f 1298 4744 1296
f 97 5303 4745
f 97 4745 4347
f 3247 3433 4746
f 3247 4746 3726
f 3763 1463 4747
f 3763 4747 5896
f 1003 1061 4748
f 1003 4748 6097
f 236 237 4749
f 236 4749 5128
f 3515 2092 4750
f 3515 6152 5339
f 3829 4464 4751
f 3829 4751 3318
f 4422 155 4752
f 4422 4752 3283
f 1982 5907 4753
f 1982 4753 2045
f 1920 1928 4754
f 1920 5299 1921
f 3061 4030 4755
f 3061 4755 5381
f 2124 5866 4756
f 2124 4756 3029
f 1547 1543 4757
f 1547 4757 1551
f 2901 4393 4758
f 2901 4758 1176
f 3652 3188 4759
f 3652 4759 3385
f 54 3651 4760
f 54 5868 53
f 3172 3998 4761
f 3172 4761 2987
f 583 3142 4762
f 583 4762 5869
f 1259 1267 4763
f 1259 4763 3518
f 3598 3930 4764
f 3598 4764 1170
f 1027 1030 4765
f 1027 5257 4021
f 1541 1544 4766
f 1541 4766 3306
f 3690 5405 4767
f 3690 6042 5200
f 6282 5354 4768
f 6282 4768 2913
f 1433 1432 4769
f 1433 4769 1421
f 4437 2930 4770
f 4437 4770 854
f 3130 3623 4771
f 3130 5132 2415
f 1335 1334 4772
f 1335 4772 3897
f 3271 91 4773
f 3271 4773 74
f 1060 4273 4774
f 1060 4774 981
f 3305 4045 4775
f 3305 4775 5180
f 1255 1272 4776
f 5900 4776 4039
f 1371 3768 4777
f 1371 4777 1373
f 149 151 4778
f 149 5791 4462
f 3131 5329 4779
f 3131 4779 6029
f 1369 3775 4780
f 1369 4780 3550
f 619 3991 4781
f 619 4781 2911
f 3816 225 4782
f 3816 4782 4150
f 3395 3892 4783
f 3395 5852 5344
f 2906 653 4784
f 2906 4784 3915
f 3415 3049 4785
f 3415 4785 147
f 3547 3640 4786
f 3547 4786 3354
f 1776 3694 4787
f 1776 4787 3129
f 5654 1419 4788
f 1420 4788 3649
f 224 5994 4789
f 224 4789 5394
f 606 607 4790
f 606 5291 3272
f 2066 3303 4791
f 2066 4791 4030
f 3304 1273 4792
f 3304 4792 4018
f 5827 5555 4793
f 5827 4793 5393
f 107 4182 4794
f 5149 4794 6206
f 3689 2964 4795
f 3689 4795 5331
f 1892 1896 4796
f 1892 4796 3944
f 3715 5441 4797
f 3715 4797 4379
f 3546 3306 4798
f 3546 4798 3691
f 1934 2908 4799
f 1934 4799 3311
f 3989 560 4800
f 3989 4800 3460
f 3033 5797 4801
f 3033 4801 6134
f 5884 1287 4802
f 5884 4802 4388
f 3470 2078 4803
f 3470 4803 5253
f 3123 4229 4804
f 3123 4804 1862
f 4436 666 4805
f 5880 4805 669
f 2970 6059 4806
f 2970 5397 5911
f 3509 5511 4807
f 3509 4807 3349
f 27 6019 4808
f 27 4808 3908
f 1256 1258 4809
f 1256 4809 2991
f 6182 5577 4810
f 6182 4810 3023
f 1266 5295 4811
f 1266 4811 3784
f 3469 1987 4812
f 3469 4812 4413
f 3507 1477 4813
f 3507 4813 5372
f 3380 5269 4814
f 3380 4814 662
f 3285 5251 4815
f 3285 4815 4352
f 3024 5472 4816
f 3024 4816 4026
f 1462 4358 4817
f 1462 4817 5986
f 3034 1489 4818
f 3034 4818 3898
f 1073 1072 4819
f 1073 4819 5307
f 1492 5942 4820
f 1492 4820 1522
f 3627 4003 4821
f 3627 4821 66
f 3345 3540 4822
f 3345 4822 5209
f 1379 3294 4823
f 1379 4823 5150
f 3969 6038 4824
f 3969 4824 2982
f 2963 3762 4825
f 6271 4825 4274
f 4367 613 4826
f 4367 4826 5148
f 1611 5846 4827
f 1611 4827 1607
f 439 438 4828
f 439 4828 451
f 3428 4006 4829
f 3428 4829 5734
f 683 5319 4830
f 683 4830 4501
f 4080 2013 4831
f 4080 4831 3158
f 19 31 4832
f 19 4832 6016
f 3205 195 4833
f 3205 4833 363
f 1986 3310 4834
f 1986 4834 4461
f 1417 3045 4835
f 5905 4835 3463
f 2943 5970 4836
f 5950 4836 157
f 3182 663 4837
f 3182 4837 6040
f 1306 3242 4838
f 1306 4838 4008
f 941 3925 4839
f 941 4839 910
f 5990 5195 4840
f 1193 4840 1224
f 2942 4315 4841
f 2942 5965 551
f 4439 3193 4842
f 4439 4842 2006
f 4397 5599 4843
f 4397 4843 5157
f 2922 6165 4844
f 2922 4844 6255
f 4417 3485 4845
f 4417 4845 5497
f 3519 6033 4846
f 3519 4846 4447
f 2014 3667 4847
f 2014 4847 3967
f 6305 1482 4848
f 6305 4848 5446
f 6205 3757 4849
f 4095 4849 3786
f 1367 3054 4850
f 1367 4850 5227
f 4438 4032 4851
f 4438 4851 3449
f 450 449 4852
f 450 4852 3770
f 3724 5429 4853
f 3724 4853 4409
f 1294 5601 4854
f 1294 4854 1295
f 3018 2919 4855
f 3018 4855 4420
f 1518 5433 4856
f 1518 4856 1535
f 3443 103 4857
f 3443 4857 6149
f 1395 5477 4858
f 1395 4858 3601
f 1160 3930 4859
f 1160 4859 1162
f 916 895 4860
f 916 4860 5378
f 544 6046 4861
f 544 4861 5152
f 4086 6114 4862
f 4086 4862 1571
f 1445 3524 4863
f 1445 4863 5372
f 4371 1421 4864
f 4371 4864 1405
f 3246 3893 4865
f 3246 4865 2032
f 1178 1177 4866
f 1178 4866 1085
f 1457 1454 4867
f 1457 4867 1470
f 3447 5353 4868
f 3447 4868 4428
f 5484 1387 4869
f 6190 4869 1399
f 3091 797 4870
f 6002 4870 3599
f 2459 4445 4871
f 5529 4871 2406
f 2010 3526 4872
f 2010 4872 2004
f 5565 2658 4873
f 5565 4873 2659
f 1450 1460 4874
f 1450 4874 3410
f 2140 4456 4875
f 2140 4875 3639
f 2023 3381 4876
f 2023 4876 4451
f 593 3491 4877
f 5377 4877 3744
f 2948 725 4878
f 2948 4878 726
f 213 219 4879
f 213 4879 4488
f 3008 1905 4880
f 3008 4880 3465
f 3262 5437 4881
f 3262 4881 3646
f 756 4231 4882
f 756 4882 3482
f 4052 4402 4883
f 4052 4883 4220
f 3338 1210 4884
f 3338 4884 3798
f 4459 3643 4885
f 4459 4885 3882
f 2978 4302 4886
f 2978 4886 3475
f 3673 802 4887
f 3673 4887 3004
f 3637 3165 4888
f 3637 4888 4478
f 1314 1325 4889
f 1314 4889 4383
f 277 275 4890
f 277 4890 3474
f 1950 4306 4891
f 1950 4891 5474
f 3071 3344 4892
f 3071 4892 5485
f 4050 4446 4893
f 4050 4893 3176
f 4210 3419 4894
f 4210 4894 6011
f 3141 823 4895
f 3141 4895 778
f 2929 5381 4896
f 2929 4896 3945
f 3394 4207 4897
f 3394 4897 1030
f 4100 5306 4898
f 4100 4898 6058
f 2469 3074 4899
f 2469 4899 3851
f 3135 4105 4900
f 3135 4900 4096
f 1849 3994 4901
f 1849 4901 3704
f 4463 5278 4902
f 4463 4902 6088
f 3468 942 4903
f 3468 4903 879
f 3280 5829 4904
f 3280 4904 4065
f 3710 4478 4905
f 3710 4905 1821
f 5775 5384 4906
f 3266 4906 4299
f 2918 5940 4907
f 2918 4907 3532
f 4 6019 4908
f 4 4908 3449
f 3769 5417 4909
f 3769 4909 3941
f 4098 3047 4910
f 4098 4910 1351
f 1277 6137 4911
f 1277 4911 1260
f 1996 6085 4912
f 5445 4912 4416
f 4110 1905 4913
f 4110 4913 3311
f 4474 2110 4914
f 4474 4914 5985
f 4112 1156 4915
f 4112 5455 3589
f 1208 1207 4916
f 1208 4916 1231
f 4037 3051 4917
f 4037 4917 3340
f 6035 5553 4918
f 6035 4918 1564
f 1426 5983 4919
f 6326 4919 1425
f 3183 1301 4920
f 3183 4920 3538
f 984 986 4921
f 984 4921 4024
f 2609 4555 4922
f 2609 4922 3494
f 581 580 4923
f 581 4923 6167
f 3693 5461 4924
f 3693 4924 3168
f 3341 6193 4925
f 3341 4925 6294
f 6176 5259 4926
f 4408 4926 1424
f 5515 2150 4927
f 5515 4927 2157
f 1985 5520 4928
f 1985 4928 5476
f 2482 6113 4929
f 2482 4929 2611
f 3230 2473 4930
f 3230 4930 5844
f 3192 2652 4931
f 3192 4931 4485
f 2031 4243 4932
f 2031 4932 3104
f 3799 215 4933
f 3799 4933 6063
f 4061 2910 4934
f 4061 4934 5708
f 3080 2593 4935
f 5301 4935 3788
f 6123 5471 4936
f 6123 4936 3032
f 2212 3827 4937
f 2212 4937 2223
f 2128 3537 4938
f 5703 4938 5475
f 4455 1560 4939
f 4455 4939 6260
f 34 4544 6322
f 34 6322 4124
f 4136 2596 4941
f 4136 4941 6227
f 4497 5567 4942
f 4497 4942 5692
f 5858 4426 4943
f 1578 4943 3735
f 2839 6292 4944
f 2839 4944 2836
f 730 5188 4945
f 6235 4945 4472
f 3505 656 4946
f 3505 4946 6143
f 4064 3270 4947
f 4064 4947 6020
f 4327 5910 4948
f 4327 4948 161
f 4116 3502 4949
f 4116 4949 6119
f 3581 1959 4950
f 5215 4950 4305
f 3740 5422 4951
f 3740 4951 6121
f 4079 1412 4952
f 4079 5440 1431
f 4400 6132 4953
f 4400 4953 1738
f 3792 5477 4954
f 6026 4954 5512
f 204 203 4955
f 204 4955 202
f 1865 1783 4956
f 1865 6172 4503
f 2873 6276 4957
f 2873 4957 3811
f 3834 6224 4958
f 3834 4958 5562
f 2830 2829 4959
f 2830 4959 4523
f 2646 2647 4960
f 2646 4960 3718
f 1283 4502 4961
f 1283 6220 4133
f 3774 4547 4962
f 3774 4962 321
f 862 864 4963
f 862 4963 5492
f 3772 5519 4964
f 3772 6185 3549
f 1653 5506 4965
f 1653 4965 1765
f 2642 5499 4966
f 2642 4966 2645
f 1951 3197 4967
f 1951 4967 3753
f 4130 3199 4968
f 4130 4968 5527
f 2812 2810 4969
f 2812 4969 4120
f 2867 2865 4970
f 2867 4970 5573
f 3548 4385 4971
f 6246 4971 173
f 5507 2964 4972
f 6270 4972 3368
f 3561 2601 4973
f 3561 4973 5498
f 3567 3820 4974
f 6136 4974 3207
f 6297 3808 4975
f 6297 4975 203
f 3543 5949 4976
f 3543 4976 6245
f 2976 2462 4977
f 5572 4977 3347
f 4492 1202 4978
f 4492 4978 1244
f 1575 5614 4979
f 1575 4979 1573
f 1509 5543 4980
f 1509 6236 1510
f 6050 3189 4981
f 3343 4981 4498
f 5544 1688 4982
f 5544 4982 3755
f 1888 2962 4983
f 1888 4983 5516
f 265 6219 4984
f 265 4984 6284
f 2540 2548 4985
f 6339 4985 3196
f 742 3558 4986
f 742 4986 3807
f 2603 2604 4987
f 2603 4987 3825
f 687 4501 4988
f 687 6184 688
f 329 6210 4989
f 329 5531 168
f 4068 1116 4990
f 4068 4990 5528
f 228 230 4991
f 228 4991 176
f 2809 6144 4992
f 2809 4992 2810
f 3802 1015 4993
f 5522 4993 1016
f 3365 2771 5560
f 3365 5560 6160
f 4158 3213 4995
f 6204 4995 2957
f 4531 4150 4996
f 4531 4996 343
f 2654 3195 4997
f 2654 5554 3814
f 37 3830 4998
f 37 4998 3109
f 3186 284 4999
f 3186 5618 4272
f 715 714 5000
f 6226 5551 739
f 4147 3551 5001
f 4147 5001 3360
f 405 378 5002
f 405 5002 250
f 1511 5548 5003
f 1511 5003 1773
f 2035 3158 5004
f 5592 5004 6237
f 4560 2410 5005
f 4560 5586 2407
f 3824 4528 5006
f 3824 5006 6274
f 1603 3712 5007
f 1603 5007 5614
f 3556 4072 5008
f 3556 5008 5630
f 4486 3370 6318
f 4486 6318 259
f 3082 4149 5010
f 3082 5010 3750
f 5579 2602 5011
f 5579 5011 3788
f 3264 1527 5012
f 3264 5012 1686
f 4529 2856 5013
f 4529 5013 2845
f 4380 3570 5014
f 4380 5014 3210
f 2247 2246 5015
f 2247 5015 2249
f 2284 2286 5016
f 2284 5016 4542
f 397 5576 5017
f 397 5017 395
f 2822 4523 5018
f 5590 5018 2827
f 6340 5620 5019
f 2209 5019 2207
f 3397 2478 5020
f 3397 5020 2405
f 2653 2585 5021
f 2653 5021 2479
f 4557 2327 5022
f 4557 6253 2335
f 2227 2230 5023
f 2227 5023 2235
f 2898 4527 5024
f 2898 5024 3811
f 2800 3562 5025
f 6281 5025 2805
f 383 4169 5026
f 383 5026 5629
f 2862 4119 5027
f 2862 6250 2863
f 282 134 5028
f 5530 5028 377
f 2280 4142 5029
f 2280 5029 6295
f 3363 4138 5030
f 3363 5030 4161
f 193 424 5031
f 193 5031 288
f 3077 6229 5032
f 3077 5032 6267
f 2977 4546 5033
f 2977 5033 3035
f 4563 1423 5034
f 4563 5034 1607
f 4170 1422 5035
f 4170 5035 1438
f 2607 2608 5036
f 2607 5036 6324
f 4493 2414 5037
f 4493 5037 2419
f 2408 3837 5038
f 2408 5038 3568
f 4549 4143 5039
f 4549 5039 2833
f 201 418 5040
f 201 5598 3315
f 5216 3603 5041
f 5216 5041 3743
f 2275 2276 5042
f 2275 5042 5593
f 3836 2303 5043
f 3836 5043 4165
f 38 248 5044
f 38 5044 3572
f 4552 2201 5045
f 4552 5045 6312
f 2213 4548 5046
f 2213 5046 2215
f 388 5617 5047
f 388 5047 389
f 4543 2234 5048
f 4543 6329 2228
f 2302 2303 5049
f 2302 5049 5589
f 2253 2258 5050
f 2253 5050 2254
f 2296 2293 5051
f 2296 5051 4154
f 2222 5559 5052
f 2222 5052 4172
f 35 4153 5053
f 35 5053 5621
f 5085 1348 5054
f 5085 5054 1360
f 4535 2312 5055
f 4535 5055 2316
f 3565 4519 5056
f 3565 5056 3084
f 6348 387 5057
f 386 5057 4003
f 255 3511 5058
f 255 5058 4565
f 6346 5627 5059
f 6346 5059 5630
f 5606 2298 5060
f 5606 5060 2377
f 3588 690 5717
f 3588 5717 3379
f 3934 5762 5062
f 3934 5062 5679
f 5738 2946 5063
f 5738 5063 3956
f 4228 5720 5064
f 4228 5064 3387
f 3435 4254 5065
f 3435 5065 638
f 4992 3872 5066
f 4992 5066 4389
f 3157 3258 5067
f 3157 5666 3591
f 3152 4404 5068
f 3152 5068 3273
f 3307 200 5069
f 3307 5069 3424
f 2791 4220 5070
f 2791 5070 3613
f 2957 4217 5071
f 2957 5071 6204
f 5803 3134 5072
f 5803 5072 4685
f 4588 2393 5073
f 4588 5073 2395
f 3384 3878 5074
f 3384 5074 5647
f 2391 2390 5075
f 2391 5075 2394
f 3617 127 5076
f 3617 5076 3931
f 1006 4207 5077
f 1006 5077 1009
f 1253 1255 5078
f 1253 5078 4502
f 3100 3878 5079
f 3100 5079 3313
f 5671 2821 5080
f 2796 5080 2799
f 4645 811 5081
f 4645 5081 790
f 3454 51 5082
f 3454 5082 3587
f 1140 1139 5083
f 1140 5083 3635
f 158 3607 5084
f 158 5084 3675
f 1332 1330 5085
f 1332 5085 1348
f 3606 4579 5086
f 3606 5086 160
f 1439 1440 5087
f 1439 5087 3980
f 565 3859 5088
f 565 5088 5899
f 1443 5741 5089
f 1443 5089 5646
f 1334 1344 5090
f 1334 5090 4427
f 138 137 5091
f 138 5091 5652
f 3028 5763 5092
f 3028 5092 4636
f 1289 1301 5093
f 1289 5093 1295
f 3501 4003 5094
f 5862 5094 201
f 3416 171 5095
f 3416 5095 3674
f 3263 4612 5096
f 3263 5096 4481
f 5749 4230 5097
f 5749 5097 2951
f 123 4195 5098
f 123 5098 3540
f 1538 4725 5099
f 1538 5099 4400
f 1456 3912 5100
f 5723 5100 3910
f 3382 1013 5101
f 3382 5101 4021
f 3375 3594 5102
f 3375 5102 3872
f 2092 2194 6130
f 2092 6130 3537
f 2758 2578 6068
f 2758 6068 3545
f 444 456 5105
f 444 5105 446
f 3378 2393 5106
f 3378 5106 2574
f 3461 3067 5107
f 3461 6041 2014
f 2955 3322 5108
f 2955 5108 4592
f 4574 3914 5109
f 4574 5109 163
f 2423 3903 5110
f 6012 5110 3920
f 651 3626 5111
f 651 5779 3136
f 4568 5689 5112
f 4568 5112 690
f 3147 1496 5113
f 3147 5113 5892
f 1372 5778 5114
f 1372 5114 3040
f 633 3228 5115
f 633 5115 3876
f 3143 556 5116
f 3143 5116 606
f 4314 3599 5117
f 4314 5117 3697
f 4693 5645 5118
f 4693 5118 5864
f 4247 24 5119
f 4247 5119 4
f 4734 3923 5120
f 4734 5120 112
f 4600 2920 5121
f 4600 5121 736
f 763 3873 5122
f 763 5122 747
f 2103 4255 5123
f 2103 5123 5894
f 198 197 5124
f 5918 5124 274
f 3046 571 5125
f 3046 5125 4611
f 1777 4659 5126
f 1777 5126 5710
f 3894 543 5127
f 3894 5127 547
f 3224 4290 5128
f 3224 5128 3842
f 436 452 5129
f 436 5129 5709
f 3103 634 5130
f 3103 5130 4206
f 672 3154 5131
f 672 5131 5698
f 4771 3130 5132
f 4771 5132 2437
f 4271 3453 5133
f 4271 5133 3702
f 4010 5889 5134
f 4010 5134 4341
f 3323 4429 5135
f 3323 5135 3187
f 1069 4634 5136
f 1069 5136 3531
f 4677 3393 5137
f 4677 5137 3938
f 854 3162 5138
f 854 5138 5947
f 3874 5635 5139
f 3874 5139 2427
f 3297 3856 5140
f 3297 5140 4618
f 135 3741 5141
f 135 5141 141
f 572 4291 5142
f 572 5142 3237
f 3217 5815 5143
f 3217 5143 5637
f 2060 3610 5144
f 2060 5144 4702
f 1974 2006 5145
f 1974 5145 4413
f 4063 5729 5146
f 4063 5146 4423
f 3699 3289 5147
f 3699 5147 279
f 608 2959 5148
f 608 5148 4367
f 107 3923 5149
f 107 5149 4794
f 3592 6283 5150
f 3592 5150 4823
f 6175 237 5151
f 355 5151 4055
f 554 6000 5152
f 554 5152 3472
f 4179 5724 5153
f 4179 5153 3842
f 3422 4727 5154
f 3422 5893 1415
f 3216 3979 5155
f 3216 5155 4742
f 3268 5988 5156
f 3268 5156 576
f 3911 4397 5157
f 3911 5157 3642
f 980 5745 5158
f 980 5158 979
f 18 16 5159
f 18 5159 3880
f 3661 3933 5160
f 3661 5160 5821
f 3007 1992 5161
f 3007 5161 3218
f 129 128 5162
f 129 5162 3604
f 1410 5989 5163
f 1410 5163 1411
f 3155 72 5164
f 3155 5164 76
f 3089 4279 5165
f 3089 5165 3610
f 3925 3663 5166
f 3925 5166 4707
f 573 3393 5167
f 573 5167 4189
f 1113 4269 5168
f 1113 5168 3383
f 4340 1447 5169
f 4340 5169 3524
f 2949 1401 5170
f 2949 5170 4697
f 3676 3465 5171
f 3676 5171 1885
f 3062 1505 5172
f 3062 5172 3966
f 1337 4894 5173
f 1337 5173 3608
f 3612 857 5174
f 3612 5174 855
f 797 796 5175
f 797 5175 3993
f 3544 3720 5176
f 3544 5176 6129
f 4306 4891 5177
f 4306 5177 3197
f 3038 4857 5178
f 3038 5178 5802
f 3409 1273 5179
f 3409 5179 3748
f 3735 5754 5180
f 3735 5180 3985
f 5734 3428 5181
f 113 5181 4614
f 3705 4706 5182
f 3705 5182 5792
f 70 71 5183
f 70 5183 3440
f 2405 2985 5184
f 2405 5184 5844
f 1883 4880 5185
f 1883 5185 4028
f 4201 4720 5186
f 4201 5186 2941
f 3847 50 5187
f 3847 5187 4182
f 3794 6184 5188
f 3794 5188 3070
f 4016 3430 5189
f 4016 5189 3283
f 4739 3523 5190
f 4739 5190 1689
f 1975 3648 5191
f 1975 5191 4663
f 1093 6043 5192
f 1093 5192 4267
f 921 5854 5193
f 921 5193 3229
f 182 5811 5194
f 182 5194 3869
f 1199 4602 5195
f 1199 5195 5990
f 1218 1239 5196
f 1218 5687 1217
f 43 3126 5197
f 43 5197 3890
f 101 4313 5198
f 5793 5198 3476
f 3292 3498 5199
f 3292 5199 1882
f 1891 6042 5200
f 1891 5200 4343
f 4023 208 5201
f 4023 5201 4245
f 5636 3114 5202
f 667 5202 3933
f 3960 4714 5203
f 3960 5203 4175
f 4698 5713 5204
f 4698 5204 3785
f 677 600 5205
f 677 5205 4649
f 39 3337 5206
f 39 5206 3684
f 4756 3029 5207
f 4756 5207 5866
f 2655 2656 5208
f 6089 5208 2744
f 4029 3345 5209
f 4029 5209 3247
f 3867 3075 5210
f 3867 5210 3358
f 3137 1071 5211
f 3137 5699 1070
f 4277 718 5212
f 4277 5212 738
f 3179 3875 5213
f 3179 5213 1557
f 3877 4569 5214
f 3877 5214 5659
f 5972 4200 5215
f 3581 5215 4950
f 4321 3253 5216
f 4321 5216 3603
f 33 4218 5217
f 33 5217 5943
f 545 4264 5218
f 545 5218 4238
f 3006 5776 5219
f 3006 5219 1763
f 3050 557 5220
f 3050 5220 3989
f 3619 3034 5221
f 3619 5221 1513
f 3223 3586 5222
f 3223 5222 3636
f 3906 583 5223
f 3906 5223 3154
f 3350 1408 5224
f 3350 5224 3954
f 4353 6023 5225
f 4353 5225 5929
f 1814 1817 5226
f 1814 5226 1816
f 3352 1366 5227
f 3352 5808 1368
f 3899 3267 5228
f 3899 5228 5760
f 3511 126 5229
f 3511 5229 132
f 663 3946 5230
f 663 6072 3730
f 4181 5812 5231
f 4181 5231 3045
f 3532 5878 5232
f 3532 5232 4094
f 3893 5996 5233
f 3893 5233 5675
f 990 987 5234
f 990 5234 5745
f 579 578 5235
f 579 5235 3142
f 3692 4385 5236
f 3692 5236 61
f 4039 5701 5237
f 4039 5237 4776
f 3261 605 5238
f 3261 5238 4315
f 4186 1849 5239
f 4186 5906 3988
f 1453 1454 5240
f 1453 5240 3763
f 3149 4042 5241
f 3149 5241 3287
f 1001 3948 5242
f 1001 5242 1061
f 3742 4802 5243
f 3742 5243 6137
f 4757 5831 5244
f 4757 5244 1550
f 4366 1196 5245
f 5818 5245 3052
f 3295 703 5246
f 3295 5246 4288
f 4639 6108 5247
f 4639 5247 234
f 1121 1125 5248
f 1121 5248 4178
f 559 3716 5249
f 559 5249 4700
f 1407 4687 5250
f 1407 5250 3980
f 3749 3001 5251
f 3749 5251 5750
f 4726 3843 5252
f 5849 5252 164
f 2076 5951 5253
f 2076 5253 3470
f 1246 1210 5254
f 1246 5254 3583
f 2923 169 5255
f 2923 5255 4760
f 3043 6092 5256
f 3043 5256 3331
f 4765 1027 5257
f 4765 5257 3686
f 910 906 5258
f 910 5258 4369
f 4069 6176 5259
f 4069 5259 2961
f 3719 1409 5260
f 5664 5260 1413
f 196 2980 5261
f 6074 5261 4580
f 3463 3644 5262
f 3463 5262 3928
f 2046 3632 5263
f 2046 5263 6066
f 4040 1333 5264
f 4040 5264 1364
f 3122 1264 5265
f 3122 5265 4593
f 3456 3110 5266
f 3456 5266 3678
f 3425 4045 5267
f 3425 5267 3641
f 4282 1296 5268
f 4282 5268 2913
f 625 5920 5269
f 625 5269 629
f 4292 3159 5270
f 4292 5270 743
f 2114 2110 5271
f 2114 5271 4056
f 889 883 5272
f 889 5272 2981
f 5682 4729 5273
f 1486 5273 4706
f 4886 1013 5274
f 4886 5274 4273
f 4735 5845 5275
f 4735 5275 653
f 4752 3283 5276
f 4752 5276 155
f 656 655 5277
f 656 5277 4946
f 1521 3767 5278
f 1521 5278 1522
f 1382 4336 5279
f 1382 5279 1402
f 1850 1838 5280
f 5842 5280 1803
f 1502 4417 5281
f 1502 5281 1509
f 4225 2936 5282
f 4225 5282 3590
f 227 325 5283
f 227 5283 335
f 793 6221 5284
f 793 5284 4710
f 3916 4621 5285
f 5871 5285 149
f 1418 1419 5286
f 5846 5286 3012
f 120 5922 5287
f 120 5287 4195
f 1938 1915 5288
f 1938 5288 3765
f 4176 4761 5289
f 4176 5289 3328
f 3164 4082 5290
f 5865 5290 4647
f 4790 606 5291
f 4790 5291 640
f 4311 61 5292
f 4311 5661 4742
f 86 85 5293
f 86 5797 3351
f 2993 1096 5294
f 2993 5294 1101
f 4304 1252 5295
f 4304 5295 1256
f 5843 563 5296
f 4328 5296 3332
f 2007 2008 5297
f 2007 5297 2029
f 1270 1271 5298
f 1270 5298 4388
f 4754 1920 5299
f 4754 5299 3858
f 1987 4753 5300
f 1987 5300 4812
f 3080 4935 5301
f 3080 5301 2650
f 567 4603 5302
f 567 5302 4253
f 95 6005 5303
f 95 5303 97
f 3485 1544 5304
f 3485 5304 4346
f 3333 3639 5305
f 3333 5305 4022
f 4229 4804 5306
f 4229 5306 1861
f 4410 2924 5307
f 4410 5307 5914
f 3762 4495 5308
f 3762 5308 2639
f 432 4290 5309
f 432 5309 3405
f 3290 1454 5310
f 3290 5310 5882
f 4355 2937 5311
f 4355 5311 3971
f 4365 89 5312
f 4365 5312 100
f 1491 4622 5313
f 1491 5313 4732
f 4006 3163 5314
f 4006 5314 179
f 5969 1885 5315
f 1961 5315 2940
f 2995 3941 5316
f 2995 5316 4435
f 3978 6017 5317
f 3978 5317 4288
f 2947 5905 5318
f 2947 5318 1440
f 3688 5902 5319
f 3688 5319 683
f 1450 2912 5320
f 1450 5320 3524
f 3063 3325 5321
f 3063 5321 1786
f 4433 3897 5322
f 4433 5322 6294
f 2914 1492 5323
f 2914 5323 4320
f 1822 4888 5324
f 1822 5324 3710
f 4430 835 5325
f 4430 5325 3251
f 958 4323 5326
f 5959 5326 3026
f 3932 5752 5327
f 3932 5327 2954
f 3538 3183 5328
f 3538 5328 2932
f 622 623 5329
f 622 5329 3949
f 4303 5652 5330
f 4303 5330 5739
f 118 119 5331
f 118 5331 3674
f 4188 5957 5332
f 4188 5332 3598
f 3970 3245 5333
f 3970 5333 3756
f 3014 866 5334
f 3014 5334 5947
f 1326 1328 5335
f 1326 5335 4843
f 6077 4067 5336
f 1532 5336 4197
f 3438 2911 5337
f 3438 5337 621
f 1275 4911 5338
f 1275 5338 3987
f 3776 2059 5339
f 3776 5339 2058
f 2428 3376 5340
f 2428 5340 2501
f 4828 438 5341
f 4828 5341 3654
f 2434 2435 5342
f 2434 5342 5937
f 3640 3547 5343
f 3640 5343 1504
f 569 4013 5344
f 569 5344 3276
f 3032 4936 5345
f 3032 5345 3507
f 2943 4836 5346
f 2943 5346 3005
f 5952 2041 5347
f 3667 5347 4440
f 642 648 5348
f 642 5348 4333
f 4787 3694 5349
f 4787 5349 3479
f 4004 1892 5350
f 4004 5350 2940
f 3659 4415 5351
f 5993 5351 1299
f 4468 4065 5352
f 4468 5994 224
f 2925 4312 5353
f 2925 5353 3447
f 1312 1317 5354
f 6093 5354 4889
f 2933 4448 5355
f 2933 5355 3473
f 3296 4307 5356
f 3296 5356 3457
f 4090 4496 5357
f 4090 5357 3528
f 2965 3298 5358
f 2965 5358 3523
f 4360 3060 5359
f 4360 5359 1554
f 3053 2932 5360
f 3053 5360 1291
f 3504 1555 5361
f 3504 5361 3169
f 6060 1394 5362
f 3054 5362 3601
f 3321 3031 5363
f 3321 5363 4428
f 664 6029 5364
f 664 5364 4686
f 3818 4540 5365
f 3818 5365 4129
f 2550 4721 5366
f 2550 5366 3907
f 1376 3871 5367
f 1376 5367 3497
f 2078 3145 5368
f 2078 5368 3317
f 3427 456 5369
f 3427 5369 3968
f 1176 2924 5370
f 1176 5370 2901
f 2061 2989 5371
f 2061 5371 5974
f 1448 1446 5372
f 6111 5372 4378
f 2066 3303 5373
f 2066 6057 4030
f 1944 1928 5374
f 1944 5374 3905
f 4800 560 5375
f 4800 5375 3460
f 1042 3335 5376
f 1042 5376 4421
f 593 4877 5377
f 593 5377 594
f 3139 916 5378
f 3139 5378 3452
f 662 6040 5379
f 662 5379 4147
f 3141 822 5380
f 3141 5380 778
f 3471 4442 5381
f 3471 5381 6021
f 99 89 5382
f 99 5382 4745
f 3751 2999 5383
f 3751 5383 665
f 735 4878 5384
f 735 5384 4906
f 4248 3591 5385
f 4248 5385 702
f 46 45 5386
f 6149 5386 4857
f 1194 1193 5387
f 1194 5387 1204
f 4032 10 5388
f 4032 5388 11
f 3917 6001 5389
f 3917 5389 3119
f 4887 3418 5390
f 4887 5390 3251
f 3649 4027 5391
f 3649 6165 2922
f 3294 4823 5392
f 3294 5392 1371
f 2633 2616 5393
f 2633 5393 6243
f 3484 3191 5394
f 3484 5394 3327
f 3738 3502 5395
f 3738 5395 3091
f 2000 1998 5396
f 2000 5396 3778
f 4806 2970 5397
f 4806 5397 978
f 3064 2970 5398
f 3064 5398 4666
f 5921 4785 5399
f 3308 5399 4621
f 3030 108 5400
f 3030 5400 5732
f 1823 3092 5401
f 1823 5401 3256
f 4929 3804 5402
f 4929 5402 4510
f 1788 1787 5403
f 1788 5403 6037
f 4866 1177 5404
f 4866 5404 1082
f 3396 3048 5405
f 3396 5405 6087
f 3319 3643 5406
f 3319 5406 4437
f 4897 3090 5407
f 4897 5407 5987
f 3908 3260 5408
f 3908 5408 27
f 4991 6129 5409
f 4991 5409 176
f 4476 795 5410
f 4476 5410 828
f 4118 2786 5411
f 4118 5411 2642
f 1587 4346 5412
f 1587 5412 2939
f 3851 4899 5413
f 3851 5413 4224
f 450 449 5414
f 450 5414 4435
f 2787 6169 5415
f 2787 5415 2789
f 2034 2032 5416
f 6096 5416 3158
f 3106 3769 5417
f 3106 5417 3519
f 2590 2599 5418
f 2590 5418 4449
f 851 3731 5419
f 851 5419 893
f 2628 2626 5420
f 2628 5420 2696
f 3311 1955 5421
f 3311 5421 4913
f 1352 3285 5422
f 1352 5422 4951
f 4933 215 5423
f 4933 5423 223
f 4903 4190 5424
f 4903 5424 5854
f 4060 1462 5425
f 4060 5425 4517
f 3489 325 5426
f 3489 5426 2945
f 3340 4490 5427
f 6080 5427 5004
f 1986 4461 5428
f 1986 5428 5885
f 3493 640 5429
f 3493 5429 4853
f 4471 6051 5430
f 4471 5430 1863
f 4914 2110 5431
f 4914 6054 2143
f 3288 4640 5432
f 3288 5432 836
f 6088 1516 5433
f 6088 5433 4902
f 6003 3546 5434
f 6003 5434 1553
f 807 3672 5435
f 807 5435 4641
f 2651 2634 5436
f 2651 5436 2581
f 4044 1345 5437
f 4044 5437 1343
f 2919 1076 5438
f 2919 5438 4066
f 3231 898 5439
f 3231 5439 4674
f 4952 4079 5440
f 6170 5440 1432
f 3514 590 5441
f 3514 5441 4797
f 4483 1477 5442
f 4483 5442 4087
f 678 3946 5443
f 678 5443 680
f 2031 4243 5444
f 2031 5444 2934
f 1996 4912 5445
f 1996 5445 3529
f 4384 1765 5446
f 4384 5446 6308
f 582 581 5447
f 582 5447 4460
f 4062 3746 5448
f 4062 5448 2480
f 6090 1912 5449
f 1907 5449 1963
f 2013 3764 5450
f 2013 5450 4831
f 4455 1560 5451
f 4455 5451 1713
f 3974 4446 5452
f 3974 5452 6226
f 154 4652 5453
f 154 5453 3035
f 3058 4466 5454
f 3058 5454 4797
f 4915 4112 5455
f 4915 5455 4393
f 2935 3201 5456
f 2935 5456 4905
f 1424 3512 5457
f 1424 5457 3012
f 3150 551 5458
f 3150 5458 6135
f 3353 6256 5459
f 3353 5459 1783
f 81 4713 5460
f 81 5460 4948
f 6070 4457 5461
f 3976 5461 3697
f 4132 1951 5462
f 4132 5462 3344
f 1880 2156 5463
f 1880 5463 2150
f 3629 83 5464
f 3629 5464 4329
f 6083 1572 5465
f 6083 5465 1570
f 6161 147 5466
f 4233 5466 188
f 1354 1355 5467
f 6121 5467 4432
f 4133 6117 5468
f 4133 5468 6220
f 3381 2038 5469
f 3381 5469 4932
f 3270 4263 5470
f 3270 6143 4947
f 1476 1475 5471
f 6007 5471 3773
f 899 6142 5472
f 899 5472 898
f 4890 6174 5473
f 4890 5473 4444
f 1925 1950 5474
f 1925 5474 4950
f 3936 5703 5475
f 3936 5475 6152
f 2958 4928 5476
f 2958 5476 2048
f 4469 1394 5477
f 4469 5477 3792
f 4058 1381 5478
f 4058 5478 1384
f 4475 1016 5479
f 4475 5479 3525
f 4078 3516 5480
f 6138 5480 4653
f 3207 4374 5481
f 3207 5481 4987
f 1277 1260 5482
f 1277 5482 1276
f 4883 4402 5483
f 4883 5483 4220
f 4454 1389 5484
f 6190 5484 4869
f 1881 1919 5485
f 6148 5485 3964
f 1351 4910 5486
f 1351 6193 4925
f 4473 3029 5487
f 4473 5487 2929
f 4025 4969 5488
f 4025 5488 4389
f 1067 1068 5489
f 1067 5489 3334
f 6224 2242 5490
f 6224 5490 4958
f 3757 4849 5491
f 3757 6213 4981
f 3736 4963 5492
f 3736 5492 944
f 4499 794 5493
f 4499 5493 3168
f 4070 1580 5494
f 4070 5494 1582
f 983 4491 5495
f 983 5495 975
f 2648 3718 5496
f 2648 5496 2680
f 1707 4417 5497
f 1707 5497 1704
f 2973 2593 5498
f 2973 5498 4127
f 3791 2643 5499
f 3791 5499 4274
f 4099 4988 5500
f 4099 5500 4723
f 1426 1592 5501
f 1426 6326 4919
f 5037 2414 5502
f 5037 5502 2416
f 1208 1207 5503
f 1208 5503 5991
f 3837 2407 5504
f 3837 5504 3372
f 3214 5008 5505
f 3214 5505 2610
f 1470 1653 5506
f 6228 5506 1608
f 153 151 5507
f 153 6270 3368
f 6105 1431 5508
f 6105 5508 1429
f 6186 3520 5509
f 1202 5509 1224
f 4453 6168 5510
f 4453 5510 6222
f 3173 6177 5511
f 3173 5511 5856
f 1390 6026 5512
f 1390 5512 5973
f 863 862 5513
f 863 5513 3731
f 1 2 5514
f 6019 5514 4808
f 1812 4089 5515
f 1812 5515 2157
f 1889 4983 5516
f 1889 5516 1971
f 2207 2210 5517
f 2207 5517 2201
f 2057 2056 5518
f 6231 5518 3189
f 3346 4491 5519
f 3346 5519 3772
f 1973 1972 5520
f 1973 5520 6178
f 2777 4966 5521
f 2777 5521 2646
f 3802 3199 5522
f 3802 5522 4993
f 3555 4719 5523
f 3555 5523 4716
f 3330 1484 5524
f 3330 5524 4135
f 742 3558 5525
f 742 5525 4146
f 3653 1281 5526
f 3653 5526 5810
f 1046 3772 5527
f 1046 5527 4130
f 1161 4730 5528
f 1161 5528 6107
f 2459 6076 5529
f 2459 5529 4871
f 282 373 5530
f 282 5530 5028
f 4989 329 5531
f 4989 5531 214
f 3539 4508 5532
f 3539 5532 3787
f 3568 6273 5533
f 3568 5533 3623
f 727 729 5534
f 727 5534 3883
f 1209 6217 5535
f 1209 5535 1231
f 3055 5692 5536
f 3055 5536 231
f 4076 975 5537
f 4076 5537 1015
f 3816 229 5538
f 3816 5538 225
f 210 4528 5539
f 210 5539 6197
f 4550 392 5540
f 4550 5540 202
f 4124 6309 5541
f 4124 5541 6322
f 4092 203 5542
f 4092 5542 3144
f 2975 6218 5543
f 2975 5543 3564
f 3202 4484 5544
f 3202 5544 1688
f 3801 4120 5545
f 3801 5545 2805
f 3074 6254 5546
f 3074 5546 3347
f 2885 2879 5547
f 2885 6266 4527
f 4138 6261 5548
f 4138 5548 3363
f 3499 284 5549
f 3499 5549 4551
f 3745 1196 5550
f 6234 5550 4629
f 5000 715 5551
f 5000 5551 740
f 3793 3201 5552
f 3793 5552 1865
f 3752 6259 5553
f 3752 5553 1558
f 4997 4139 5554
f 4997 5554 2654
f 2700 5827 5555
f 2700 5555 2632
f 206 5820 5556
f 206 5556 360
f 3082 4507 5557
f 6202 5557 1694
f 4521 4148 5558
f 4521 5558 3820
f 2221 4548 5559
f 2221 5559 4937
f 4994 6301 5560
f 4994 5560 6160
f 2953 3817 5561
f 2953 5561 6245
f 3797 2245 5562
f 3797 5562 2246
f 3571 3819 5563
f 3571 5563 378
f 4537 3205 5564
f 4537 6274 3368
f 2672 2660 5565
f 2672 5565 2749
f 2856 2855 5566
f 2856 5566 2852
f 173 4082 5567
f 173 5567 4942
f 2253 2254 5568
f 2253 5568 6249
f 3360 5001 5569
f 3360 5569 4515
f 3723 2581 5570
f 3723 5570 3431
f 6227 4136 5571
f 6227 5571 2763
f 2976 2454 5572
f 2976 5572 4977
f 4119 5027 5573
f 4119 5573 4970
f 3712 4567 5574
f 3712 5574 5007
f 2884 6276 5575
f 2884 5575 4527
f 125 254 5576
f 6275 5576 424
f 4155 2800 5577
f 4155 5577 2802
f 4525 5954 5578
f 4525 5578 6314
f 4533 3788 5579
f 4533 5579 2602
f 3823 4546 5580
f 3823 5580 358
f 2868 2871 5581
f 2868 5581 2865
f 2977 6124 5582
f 2977 5582 4546
f 6310 5056 5583
f 1438 5583 1607
f 2313 2388 5584
f 2313 5584 2298
f 6341 2478 5585
f 6341 5585 5021
f 5005 4560 5586
f 5005 5586 6272
f 4111 3372 5587
f 6139 5587 2415
f 5023 2230 5588
f 5023 5588 3797
f 2300 2302 5589
f 6296 5589 3836
f 2822 5018 5590
f 2822 5590 2823
f 6013 1314 5591
f 6013 5591 1307
f 2035 5004 5592
f 2035 5592 2036
f 2271 5042 5593
f 2271 5593 6304
f 6027 4672 5594
f 6027 5594 1342
f 2280 2277 5595
f 2280 5595 6304
f 2972 4125 5596
f 2972 5596 2599
f 2910 4524 5597
f 2910 5597 4113
f 5040 201 5598
f 5040 5598 202
f 5673 1293 5599
f 5673 5599 4397
f 5790 4675 5600
f 5790 5600 3775
f 5736 4293 5601
f 5736 5601 4854
f 5755 4103 5602
f 5755 5602 1339
f 2303 5049 5603
f 2303 5603 3836
f 6084 4465 5604
f 6084 5604 3183
f 3370 3833 5605
f 3370 5605 4167
f 2378 2377 5606
f 2378 5606 2299
f 4561 3819 5607
f 4561 5607 245
f 2336 2334 5608
f 6306 5608 3828
f 2231 2227 5609
f 6299 5609 2234
f 2475 4524 5610
f 2475 5610 2580
f 4172 2213 5611
f 4172 5611 2349
f 2330 2329 5612
f 2330 5612 2332
f 6267 384 5613
f 6267 5613 411
f 4532 1603 5614
f 4532 5614 1575
f 3565 4519 5615
f 3565 5615 3084
f 1523 1686 5616
f 1523 5616 3766
f 4128 388 5617
f 4128 6335 417
f 4999 3186 5618
f 4999 5618 400
f 405 3572 5619
f 405 5619 378
f 4151 5019 5620
f 4151 5620 2203
f 371 35 5621
f 371 6332 369
f 4154 5051 5622
f 4154 5622 2289
f 2831 4143 5623
f 6350 5623 2832
f 2267 2258 5624
f 2267 5624 2268
f 5055 2312 5625
f 5055 5625 2324
f 306 6078 5626
f 306 5626 6348
f 3832 6346 5627
f 3832 5627 4125
f 3891 3000 5628
f 3891 5628 6348
f 4565 3838 5629
f 4565 6347 5058
f 2445 2444 5630
f 2445 5630 4558
f 4314 2916 5631
f 4314 5631 3697
f 4615 2401 5632
f 4615 5632 2985
f 3857 3588 5633
f 3857 5633 5131
f 3377 2936 5634
f 3377 5634 2985
f 2397 2392 5635
f 2397 5635 3874
f 667 4805 5636
f 667 5636 5202
f 3138 3927 5637
f 3138 5637 3217
f 3580 1789 5638
f 3580 5638 4242
f 5264 1364 5639
f 5264 5639 1362
f 5130 4206 5640
f 5130 5640 3602
f 3457 3591 5641
f 3457 5641 5356
f 106 3133 5642
f 106 5642 3923
f 3646 3897 5643
f 3646 5643 4881
f 135 4015 5644
f 135 5644 3741
f 552 4693 5645
f 552 5645 4036
f 1440 1439 5646
f 1440 5646 3888
f 4596 2900 5647
f 4596 5647 2821
f 51 50 5648
f 51 5648 3923
f 5102 4203 5649
f 5102 5649 2907
f 5312 3271 5650
f 5312 5650 100
f 3167 3359 5651
f 3167 5651 3649
f 3957 5330 5652
f 3957 5652 138
f 3878 3384 5653
f 3878 5653 3100
f 1420 4788 5654
f 1420 5654 3279
f 4853 4254 5655
f 4853 5655 4423
f 2960 4694 5656
f 2960 5656 4458
f 4218 5217 5657
f 4218 5657 43
f 3657 1452 5658
f 3657 5658 4211
f 4704 5214 5659
f 4704 5659 48
f 4213 100 5660
f 4213 5660 3049
f 5292 3852 5661
f 5292 5661 4311
f 1979 1976 5662
f 1979 5662 4847
f 576 3136 5663
f 576 5663 5156
f 3719 5260 5664
f 3719 5664 4643
f 3313 3023 5665
f 3313 5665 3100
f 5067 3157 5666
f 5067 5666 632
f 2979 4237 5667
f 2979 5667 4223
f 2789 3221 5668
f 2789 5668 3412
f 4571 4264 5669
f 4571 5669 666
f 5086 4579 5670
f 5086 5670 4227
f 2796 5080 5671
f 2796 5671 2795
f 3094 2394 5672
f 3094 5672 3620
f 1300 4397 5673
f 1300 5673 1293
f 2982 3969 5674
f 2982 5674 4185
f 4865 3893 5675
f 4865 5675 3709
f 2390 4225 5676
f 2390 5676 4651
f 4282 1296 5677
f 4282 5677 2913
f 5115 3876 5678
f 5115 5678 3453
f 103 3284 5679
f 103 5679 3443
f 3587 3890 5680
f 3587 5680 5082
f 4635 859 5681
f 4635 5681 4256
f 1486 5273 5682
f 1486 5682 3965
f 1496 4265 5683
f 1496 5683 5113
f 181 2928 5684
f 181 5684 4209
f 4389 5066 5685
f 4389 5685 4025
f 3421 3136 5686
f 3421 5686 4222
f 5196 1218 5687
f 5196 5687 1219
f 3046 3682 5688
f 3046 5688 596
f 2920 3938 5689
f 2920 5689 5121
f 2480 2568 5690
f 2480 5690 4062
f 42 5206 5691
f 42 5691 3861
f 3616 4942 5692
f 3616 5692 3055
f 2996 5140 5693
f 2996 5693 127
f 3389 3602 5694
f 3389 5694 4222
f 4268 903 5695
f 4268 5695 3925
f 555 4861 5696
f 555 5696 4733
f 4262 5291 5697
f 4262 5697 3870
f 3866 3254 5698
f 3866 5698 3028
f 5211 3137 5699
f 5211 5699 4280
f 2986 719 5700
f 2986 5700 4285
f 3732 5237 5701
f 3732 5701 4628
f 3002 4720 5702
f 3002 5702 3223
f 2128 3029 5703
f 2128 5703 4938
f 5166 3663 5704
f 5166 5704 4707
f 3166 2803 5705
f 3166 5705 3872
f 5382 4745 5706
f 5382 5706 4329
f 3907 2440 5707
f 3907 5707 2550
f 2402 3431 5708
f 2402 5708 2401
f 446 436 5709
f 446 5709 442
f 1778 3694 5710
f 1778 5710 5126
f 5199 3498 5711
f 5199 5711 3849
f 5186 4720 5712
f 5186 5712 2941
f 3142 4762 5713
f 3142 5713 5235
f 5142 4291 5714
f 5142 5714 3237
f 3339 3193 5715
f 3339 5715 4109
f 3129 1803 5716
f 3129 5716 4033
f 5061 690 5717
f 5061 5717 3379
f 5095 3918 5718
f 5095 5718 3674
f 23 24 5719
f 23 5719 25
f 2435 4228 5720
f 2435 5720 2525
f 1127 1126 5721
f 1127 5721 4695
f 3070 5188 5722
f 3070 5722 3180
f 1456 5100 5723
f 1456 5723 4729
f 3238 3895 5724
f 3238 5724 177
f 1263 3409 5725
f 1263 5725 1264
f 3931 235 5726
f 3931 5726 3407
f 76 4278 5727
f 76 5727 178
f 1349 4672 5728
f 1349 5728 3790
f 637 3435 5729
f 637 5729 635
f 73 82 5730
f 73 5730 70
f 3408 112 5731
f 3408 5731 4250
f 3345 3086 5732
f 3345 5732 4029
f 3239 112 5733
f 3239 5733 4679
f 113 5181 5734
f 113 5734 3975
f 5355 1847 5735
f 5355 5735 3473
f 3278 4854 5736
f 3278 5736 4669
f 79 77 5737
f 79 5737 80
f 3506 4339 5738
f 3506 5738 3615
f 75 5141 5739
f 75 5739 5330
f 3805 1432 5740
f 3805 5740 1434
f 3884 1408 5741
f 3884 5741 4370
f 3162 854 5742
f 3162 5742 3844
f 2989 2069 5743
f 2989 5743 4196
f 44 4586 5744
f 44 5744 4239
f 4361 993 5745
f 4361 5745 5158
f 3393 573 5746
f 3393 5746 5137
f 5189 4191 5747
f 5189 5747 3430
f 3143 3272 5748
f 3143 5748 553
f 2094 2095 5749
f 2094 5749 4230
f 1329 5251 5750
f 1329 5750 1330
f 3146 4293 5751
f 3146 5751 4322
f 4429 4718 5752
f 4429 5752 3932
f 4251 5265 5753
f 4251 5753 4039
f 4513 1583 5754
f 4513 5754 3305
f 4325 1338 5755
f 4325 5755 1339
f 129 128 5756
f 129 5756 3869
f 3004 3673 5757
f 3004 5757 3926
f 2454 2976 5758
f 2454 5758 3078
f 4447 5414 5759
f 4447 5759 5417
f 3140 3675 5760
f 3140 5760 4016
f 4649 3958 5761
f 4649 5761 681
f 4275 3934 5762
f 4275 5762 2931
f 550 3028 5763
f 550 5763 3434
f 3679 556 5764
f 3679 5764 4724
f 1044 3721 5765
f 1044 5765 1045
f 2019 2008 5766
f 2019 5766 4243
f 3007 4041 5767
f 3007 5767 3218
f 3411 693 5768
f 3411 5768 3940
f 1543 3919 5769
f 1543 5769 1547
f 5203 4175 5770
f 5203 5770 4375
f 2911 3438 5771
f 2911 5771 622
f 3531 3227 5772
f 3531 5772 4066
f 3040 3677 5773
f 3040 5773 1375
f 2908 4335 5774
f 2908 5774 3711
f 3266 4906 5775
f 3266 5775 3631
f 1548 3919 5776
f 1548 5776 4633
f 4407 1493 5777
f 4407 5777 1536
f 3466 5114 5778
f 3466 5778 4345
f 5111 651 5779
f 5111 5779 4221
f 3614 3331 5780
f 3614 5780 744
f 1993 3685 5781
f 1993 5781 4077
f 4737 141 5782
f 4737 5782 152
f 855 5272 5783
f 855 5783 5174
f 3420 167 5784
f 3420 5784 208
f 3439 3087 5785
f 3439 5785 1328
f 3906 4291 5786
f 3906 5786 2998
f 1252 4304 5787
f 1252 5787 1253
f 1540 3006 5788
f 1540 5788 3293
f 627 5133 5789
f 627 5789 5269
f 1370 3775 5790
f 1370 5790 4675
f 4778 3035 5791
f 4778 5791 149
f 1461 1458 5792
f 1461 5792 5182
f 101 5198 5793
f 101 5793 102
f 2636 3555 5794
f 2636 5794 4825
f 2601 4127 5795
f 2601 5795 2602
f 3465 1884 5796
f 3465 5796 1883
f 5293 92 5797
f 5293 5797 86
f 5236 4577 5798
f 5236 5798 4183
f 1335 1334 5799
f 1335 5799 2956
f 3943 5108 5800
f 3943 5800 578
f 1494 3298 5801
f 1494 5801 3062
f 65 3852 5802
f 65 5802 3284
f 3487 4685 5803
f 3487 5803 3134
f 3013 220 5804
f 3013 5804 4209
f 5388 9 5805
f 5388 5805 4208
f 5222 3636 5806
f 5222 5806 3586
f 4809 3595 5807
f 4809 5807 1257
f 5227 3352 5808
f 5227 5808 1367
f 3337 2931 5809
f 3337 5809 39
f 4390 3200 5810
f 4390 5810 4776
f 4356 3022 5811
f 4356 5811 2904
f 3628 4181 5812
f 3628 5812 5087
f 718 4277 5813
f 718 5813 4587
f 3404 5202 5814
f 3404 5814 4284
f 4569 3217 5815
f 4569 5815 5214
f 3603 1375 5816
f 3603 5816 4093
f 5190 3596 5817
f 5190 5817 1689
f 4366 3652 5818
f 4366 5818 5245
f 4190 879 5819
f 4190 5819 4638
f 87 3722 5820
f 87 5820 3817
f 4676 547 5821
f 4676 5821 2921
f 1411 5163 5822
f 1411 5822 4727
f 1269 4202 5823
f 1269 5823 4691
f 3350 1404 5824
f 3350 5824 1408
f 3236 4073 5825
f 3236 5825 4741
f 5241 2909 5826
f 5241 5826 4042
f 2616 2615 5827
f 2616 5827 5393
f 2059 3776 5828
f 2059 5828 4279
f 325 3489 5829
f 325 5829 5283
f 4839 3925 5830
f 4839 5830 910
f 3985 4757 5831
f 3985 5831 5180
f 3744 4363 5832
f 3744 5832 700
f 3037 1498 5833
f 3037 5833 4010
f 3314 3722 5834
f 3314 5834 2926
f 109 3971 5835
f 109 5835 3503
f 3464 3681 5836
f 3464 5836 3914
f 5085 1331 5837
f 5085 5837 1360
f 1012 5101 5838
f 1012 5838 3956
f 2619 2620 5839
f 2619 5839 2739
f 786 818 5840
f 786 5840 825
f 3779 2597 5841
f 3779 5841 4374
f 1850 1849 5842
f 1850 5842 5280
f 4328 562 5843
f 4328 5843 5296
f 2404 2403 5844
f 2404 5844 3230
f 652 4735 5845
f 652 5845 659
f 1418 5286 5846
f 1418 5846 4027
f 5155 3979 5847
f 5155 5847 3102
f 3702 5148 5848
f 3702 5848 3157
f 4726 5252 5849
f 4726 5849 4245
f 3041 4686 5850
f 3041 5850 703
f 3495 2949 5851
f 3495 5851 3775
f 4783 3395 5852
f 4783 5852 705
f 3879 3729 5853
f 3879 5853 4217
f 4418 942 5854
f 4418 5854 923
f 3036 2917 5855
f 3036 5855 4423
f 3001 5251 5856
f 3001 5856 5511
f 4401 4731 5857
f 4401 5857 3132
f 1578 1580 5858
f 1578 5858 4943
f 56 3979 5859
f 56 5859 117
f 52 53 5860
f 52 5860 3216
f 3664 4313 5861
f 3664 5861 95
f 3501 5094 5862
f 3501 5862 4597
f 743 749 5863
f 743 5863 4572
f 561 560 5864
f 561 5864 3275
f 3164 58 5865
f 3164 5865 5290
f 2096 2136 5866
f 2096 5866 2098
f 4796 1896 5867
f 4796 5867 3992
f 4760 54 5868
f 4760 5868 5255
f 564 563 5869
f 564 5869 3154
f 1357 4951 5870
f 1357 5870 3349
f 3916 5285 5871
f 3916 5871 143
f 1216 5254 5872
f 1216 5872 4216
f 3670 3241 5873
f 3670 5873 114
f 3171 4378 5874
f 3171 5874 3773
f 2395 2451 5875
f 2395 5875 2447
f 1407 1405 5876
f 1407 5876 4769
f 1062 3346 5877
f 1062 5877 4024
f 3190 3532 5878
f 3190 5878 3392
f 3880 24 5879
f 3880 5879 29
f 4436 4805 5880
f 4436 5880 2999
f 2498 2396 5881
f 2498 5881 3582
f 3761 1482 5882
f 3761 5882 5068
f 3257 1299 5883
f 3257 5883 3642
f 3153 1287 5884
f 3153 5884 5298
f 3632 3051 5885
f 3632 5885 3310
f 4790 607 5886
f 4790 5886 640
f 5276 156 5887
f 5276 5887 3684
f 4593 3122 5888
f 4593 5888 4428
f 3728 4425 5889
f 3728 5889 3354
f 2013 3764 5890
f 2013 5890 4080
f 3248 268 5891
f 3248 5891 274
f 4818 4320 5892
f 4818 5892 1491
f 5154 3359 5893
f 5154 5893 3422
f 2091 5144 5894
f 2091 5894 2087
f 3909 3715 5895
f 3909 5895 4363
f 5240 1472 5896
f 5240 5896 3763
f 4804 3922 5897
f 4804 5897 4017
f 4257 3932 5898
f 4257 5898 600
f 566 4703 5899
f 566 5899 568
f 1255 1253 5900
f 1255 5900 4776
f 3181 1987 5901
f 3181 5901 2045
f 4700 3850 5902
f 4700 5902 559
f 1787 1877 5903
f 1787 5903 1864
f 1522 4902 5904
f 1522 5904 1492
f 1417 4835 5905
f 1417 5905 4370
f 5239 1838 5906
f 5239 5906 4186
f 5300 4753 5907
f 5300 5907 1978
f 3245 3970 5908
f 3245 5908 1537
f 4791 3303 5909
f 4791 5909 4030
f 3440 81 5910
f 3440 5910 4327
f 987 2970 5911
f 987 5911 5234
f 2950 3912 5912
f 2950 5912 4683
f 4369 913 5913
f 4369 5913 5258
f 3758 1088 5914
f 3758 5914 4634
f 1827 1816 5915
f 1827 5915 1847
f 683 3332 5916
f 683 5916 4501
f 4383 4768 5917
f 4383 5917 5591
f 198 5124 5918
f 198 5918 223
f 3110 5266 5919
f 3110 5919 1455
f 3991 623 5920
f 3991 5920 624
f 3308 5399 5921
f 3308 5921 146
f 3990 120 5922
f 3990 5922 119
f 1557 4360 5923
f 1557 5923 3179
f 3009 1546 5924
f 3009 5924 4346
f 3118 4345 5925
f 3118 5925 3743
f 5157 3642 5926
f 5157 5926 4843
f 4295 4001 5927
f 4295 5927 1823
f 4290 234 5928
f 4290 5928 432
f 441 4353 5929
f 441 5929 3654
f 437 4399 5930
f 437 5930 3654
f 5314 179 5931
f 5314 5931 3163
f 3053 1291 5932
f 3053 5932 2932
f 3693 3558 5933
f 3693 5933 3168
f 2427 3376 5934
f 2427 5934 4217
f 2899 2433 5935
f 2899 5935 2517
f 725 3265 5936
f 725 5936 4424
f 2436 2434 5937
f 2436 5937 4771
f 1586 5465 5938
f 1586 5938 4653
f 3093 3647 5939
f 3093 5939 764
f 585 2918 5940
f 585 5940 4723
f 3478 2964 5941
f 3478 5941 4073
f 2914 1489 5942
f 2914 5942 1492
f 3059 5217 5943
f 3059 5943 35
f 1505 1504 5944
f 1505 5944 5172
f 3963 4683 5945
f 3963 5945 3152
f 1779 1862 5946
f 1779 5946 1794
f 4047 3643 5947
f 4047 5947 854
f 3656 2940 5948
f 3656 5948 3396
f 207 4942 5949
f 207 5949 308
f 5346 156 5950
f 5346 5950 4836
f 3233 2076 5951
f 3233 5951 3896
f 3667 2016 5952
f 3667 5952 5347
f 1589 1424 5953
f 1589 5953 1422
f 3683 5578 5954
f 3683 5954 4000
f 1060 993 5955
f 1060 5955 4273
f 4267 1096 5956
f 4267 5956 3437
f 3383 5168 5957
f 3383 5957 2901
f 1944 1928 5958
f 1944 5958 3905
f 958 5326 5959
f 958 5959 859
f 3524 4863 5960
f 3524 5960 1450
f 4071 2965 5961
f 4071 5961 1671
f 1273 3304 5962
f 1273 5962 3518
f 3527 2956 5963
f 3527 5963 4650
f 3139 916 5964
f 3139 5964 3452
f 4841 2942 5965
f 4841 5965 5238
f 5335 4415 5966
f 5335 5966 3391
f 5370 1088 5967
f 5370 5967 3244
f 137 4303 5968
f 137 5968 136
f 1961 5315 5969
f 1961 5969 1886
f 3366 3975 5970
f 3366 5970 4084
f 2938 2103 5971
f 2938 5971 4002
f 3581 5215 5972
f 3581 5972 1959
f 1369 3550 5973
f 1369 5973 4452
f 2140 4456 5974
f 2140 5974 3534
f 1294 1303 5975
f 1294 5975 3840
f 998 3948 5976
f 998 5976 3277
f 4420 1082 5977
f 4420 5977 1069
f 3256 1847 5978
f 3256 5978 1848
f 894 896 5979
f 894 5979 3727
f 1072 3281 5980
f 1072 5980 3522
f 5226 3017 5981
f 5226 5981 3402
f 4868 4428 5982
f 4868 5982 5353
f 2961 1426 5983
f 2961 5983 5259
f 1947 3481 5984
f 1947 5984 4335
f 3317 4474 5985
f 3317 5985 4014
f 3678 3456 5986
f 3678 5986 3273
f 4207 4748 5987
f 4207 5987 4897
f 650 648 5988
f 650 5988 4648
f 3644 3279 5989
f 3644 5989 4835
f 1193 4840 5990
f 1193 5990 4359
f 1200 4629 5991
f 1200 5991 3959
f 3966 4417 5992
f 3966 5992 3184
f 3659 5351 5993
f 3659 5993 3242
f 5352 4468 5994
f 5352 5994 3977
f 653 5277 5995
f 653 5995 5275
f 2029 2041 5996
f 2029 5996 5233
f 3798 5387 5997
f 3798 5997 1244
f 802 2902 5998
f 802 5998 3673
f 557 3492 5999
f 557 5999 558
f 3618 546 6000
f 3618 6000 554
f 2978 4302 6001
f 2978 6001 3475
f 3091 4476 6002
f 3091 6002 4870
f 4414 3546 6003
f 4414 6003 1553
f 2429 2490 6004
f 2429 6004 3378
f 96 95 6005
f 96 6005 99
f 796 800 6006
f 796 6006 3599
f 1476 4443 6007
f 1476 6007 5471
f 2987 1402 6008
f 2987 6008 3328
f 4459 3643 6009
f 4459 6009 3111
f 593 3491 6010
f 593 6010 3696
f 3477 4310 6011
f 3477 6011 4894
f 2423 2416 6012
f 2423 6012 5110
f 1308 1307 6013
f 1308 6013 1314
f 621 614 6014
f 621 6014 3633
f 1121 1125 6015
f 1121 6015 1124
f 4387 14 6016
f 4387 6016 16
f 4354 3134 6017
f 4354 6017 684
f 3470 2078 6018
f 3470 6018 4014
f 1 4 6019
f 1 6019 5514
f 3187 5135 6020
f 3187 6020 4064
f 3725 2124 6021
f 3725 6021 2141
f 1231 1209 6022
f 1231 6022 1212
f 3117 5225 6023
f 3117 6023 3500
f 3941 4909 6024
f 3941 6024 5316
f 2939 5359 6025
f 2939 6025 5412
f 3792 4954 6026
f 3792 6026 3550
f 4049 1342 6027
f 4049 6027 4672
f 2605 5596 6028
f 2605 6028 3832
f 3551 662 6029
f 3551 6029 3803
f 3611 4296 6030
f 3611 6030 4657
f 3962 3461 6031
f 3962 6031 3246
f 4673 3263 6032
f 4673 6032 5369
f 448 4083 6033
f 448 6033 449
f 3090 5407 6034
f 3090 6034 3382
f 1697 1564 6035
f 1697 6035 1695
f 3191 3977 6036
f 3191 6036 338
f 1786 1785 6037
f 1786 6037 2967
f 4307 3633 6038
f 4307 6038 5356
f 3747 726 6039
f 3747 6039 3180
f 657 4301 6040
f 657 6040 658
f 5107 3461 6041
f 5107 6041 3764
f 4767 3690 6042
f 4767 6042 1882
f 4482 5455 6043
f 4482 6043 1096
f 1032 1030 6044
f 1032 6044 4351
f 3124 5404 6045
f 3124 6045 3018
f 3751 665 6046
f 3751 6046 4861
f 1560 1599 6047
f 1560 6047 1425
f 3468 879 6048
f 3468 6048 942
f 1920 1921 6049
f 1920 6049 3708
f 3343 4981 6050
f 3343 6050 4104
f 4901 3994 6051
f 4901 6051 4471
f 4913 1905 6052
f 4913 6052 5421
f 3637 3165 6053
f 3637 6053 1848
f 5431 4914 6054
f 5431 6054 4002
f 4842 2004 6055
f 4842 6055 3764
f 4895 4205 6056
f 4895 6056 774
f 5373 2066 6057
f 5373 6057 3706
f 2935 4478 6058
f 2935 6058 4100
f 3194 5398 6059
f 3194 6059 4921
f 3054 4850 6060
f 3054 6060 5362
f 3784 1265 6061
f 3784 6061 1283
f 1477 5442 6062
f 1477 6062 3507
f 363 4833 6063
f 363 6063 3799
f 4260 4647 6064
f 4260 6064 169
f 618 617 6065
f 618 6065 4409
f 3469 4413 6066
f 3469 6066 3973
f 3424 203 6067
f 3424 6067 66
f 5104 4485 6068
f 5104 6068 3079
f 3106 4608 6069
f 3106 6069 3769
f 3976 3482 6070
f 3976 6070 5461
f 3700 4109 6071
f 3700 6071 4037
f 5230 598 6072
f 5230 6072 663
f 3783 986 6073
f 3783 6073 4491
f 196 5261 6074
f 196 6074 293
f 5385 702 6075
f 5385 6075 701
f 3069 5529 6076
f 3069 6076 5282
f 1532 3354 6077
f 1532 6077 5336
f 4821 66 6078
f 4821 6078 306
f 3092 1825 6079
f 3092 6079 1823
f 3340 5427 6080
f 3340 6080 3158
f 2114 4056 6081
f 2114 6081 2126
f 4435 5316 6082
f 4435 6082 5414
f 1552 1565 6083
f 1552 6083 1570
f 4081 3183 6084
f 4081 6084 4465
f 1998 1997 6085
f 1998 6085 4451
f 3479 3252 6086
f 3479 6086 1872
f 3156 3396 6087
f 3156 6087 3753
f 4085 4463 6088
f 4085 6088 1516
f 2655 5208 6089
f 2655 6089 2754
f 1907 3095 6090
f 1907 6090 5449
f 1822 3710 6091
f 1822 6091 4001
f 751 850 6092
f 751 6092 753
f 1312 1313 6093
f 1312 6093 5354
f 809 3939 6094
f 809 6094 826
f 5420 2626 6095
f 5420 6095 2697
f 2034 5416 6096
f 2034 6096 4431
f 1007 1006 6097
f 1007 6097 4351
f 1018 1019 6098
f 1018 6098 5376
f 2566 2437 6099
f 2566 6099 2441
f 4406 2967 6100
f 4406 6100 1775
f 5454 4466 6101
f 5454 6101 3785
f 150 188 6102
f 150 6102 4621
f 2930 4437 6103
f 2930 6103 3736
f 4728 1205 6104
f 4728 6104 5245
f 1430 1429 6105
f 1430 6105 1431
f 3629 4329 6106
f 3629 6106 83
f 3714 1160 6107
f 3714 6107 1119
f 3474 178 6108
f 3474 6108 431
f 4011 584 6109
f 4011 6109 4372
f 1344 5437 6110
f 1344 6110 1341
f 1448 1447 6111
f 1448 6111 5372
f 1156 5083 6112
f 1156 6112 4395
f 2595 2594 6113
f 2595 6113 2683
f 5361 4086 6114
f 5361 6114 4688
f 5460 4948 6115
f 5460 6115 82
f 1925 4950 6116
f 1925 6116 1950
f 1280 1279 6117
f 1280 6117 3357
f 2810 4969 6118
f 2810 6118 4992
f 828 3697 6119
f 828 6119 4116
f 3197 1951 6120
f 3197 6120 1923
f 1354 1356 6121
f 1354 6121 5467
f 4379 589 6122
f 4379 6122 3058
f 4087 1474 6123
f 4087 6123 1473
f 3081 3717 6124
f 3081 6124 4156
f 2652 2640 6125
f 2652 6125 4931
f 1924 5177 6126
f 1924 6126 5474
f 3231 904 6127
f 3231 6127 954
f 3355 4283 6128
f 3355 6128 1301
f 225 5176 6129
f 225 6129 4991
f 5103 3537 6130
f 5103 6130 2138
f 2685 2608 6131
f 2685 6131 5571
f 4070 4953 6132
f 4070 6132 3756
f 1812 4503 6133
f 1812 6133 4089
f 93 4801 6134
f 93 6134 4329
f 3698 3150 6135
f 3698 6135 4394
f 3567 2599 6136
f 3567 6136 4974
f 1276 1277 6137
f 1276 6137 1284
f 4078 4426 6138
f 4078 6138 5480
f 4111 5587 6139
f 4111 6139 5038
f 3325 1867 6140
f 3325 6140 3201
f 3068 4498 6141
f 3068 6141 5487
f 893 4816 6142
f 893 6142 5419
f 5470 3505 6143
f 5470 6143 3270
f 2804 2809 6144
f 2804 6144 4155
f 3076 4512 6145
f 3076 6145 2649
f 3104 5469 6146
f 3104 6146 3778
f 4444 5151 6147
f 4444 6147 5473
f 1881 3787 6148
f 1881 6148 5485
f 46 5386 6149
f 46 6149 3443
f 1183 1076 6150
f 1183 6150 3441
f 4007 3357 6151
f 4007 6151 1256
f 4750 2093 6152
f 4750 6152 3515
f 3381 4932 6153
f 3381 6153 4876
f 5462 3344 6154
f 5462 6154 4508
f 4026 5492 6155
f 4026 6155 861
f 3450 4987 6156
f 3450 6156 2680
f 1820 1859 6157
f 1820 6157 1843
f 4960 3718 6158
f 4960 6158 3072
f 5498 4449 6159
f 5498 6159 2775
f 4145 4512 6160
f 4145 6160 3822
f 4233 186 6161
f 4233 6161 5466
f 3499 193 6162
f 3499 6162 192
f 2671 2670 6163
f 2671 6163 2674
f 613 612 6164
f 613 6164 3296
f 5391 3649 6165
f 5391 6165 3901
f 1581 1568 6166
f 1581 6166 5494
f 582 4460 6167
f 582 6167 581
f 2814 4025 6168
f 2814 6168 4453
f 4402 2794 6169
f 4402 6169 5415
f 4952 1427 6170
f 4952 6170 5440
f 713 5000 6171
f 713 6171 4446
f 4956 1865 6172
f 4956 6172 4131
f 4892 3344 6173
f 4892 6173 3964
f 4450 5147 6174
f 4450 6174 4055
f 355 2927 6175
f 355 6175 5151
f 4408 5286 6176
f 4408 6176 4926
f 4352 4815 6177
f 4352 6177 1353
f 1985 5520 6178
f 1985 6178 3554
f 4872 3526 6179
f 4872 6179 2004
f 4373 2 6180
f 4373 6180 21
f 1463 4060 6181
f 1463 6181 3202
f 4540 5365 6182
f 4540 6182 5577
f 3746 2406 6183
f 3746 6183 4062
f 4988 687 6184
f 4988 6184 689
f 4964 3772 6185
f 4964 6185 983
f 1202 4978 6186
f 1202 6186 5509
f 1518 1519 6187
f 1518 6187 1535
f 4511 1015 6188
f 4511 6188 5527
f 3199 3802 6189
f 3199 6189 4968
f 4454 1399 6190
f 4454 6190 5484
f 4509 2346 6191
f 4509 6191 2384
f 4937 2221 6192
f 4937 6192 3827
f 5486 3790 6193
f 5486 6193 1351
f 2443 3196 6194
f 2443 6194 2548
f 1074 1077 6195
f 1074 6195 1068
f 6 3733 6196
f 6 6196 4032
f 215 210 6197
f 215 6197 219
f 3997 4553 6198
f 3997 6198 3838
f 5525 4516 6199
f 5525 6199 3558
f 853 861 6200
f 853 6200 851
f 1971 1889 6201
f 1971 6201 1888
f 3082 1694 6202
f 3082 6202 1528
f 4134 3539 6203
f 4134 6203 3753
f 4158 4995 6204
f 4158 6204 5533
f 4095 3537 6205
f 4095 6205 4849
f 2937 5149 6206
f 2937 6206 3433
f 794 5493 6207
f 794 6207 3362
f 2645 4966 6208
f 2645 6208 2644
f 3666 5360 6209
f 3666 6209 4283
f 4488 5426 6210
f 4488 6210 213
f 4101 4954 6211
f 4101 6211 4452
f 4526 1067 6212
f 4526 6212 1117
f 5491 3189 6213
f 5491 6213 3757
f 5537 977 6214
f 5537 6214 1015
f 1960 2174 6215
f 1960 6215 3071
f 228 230 6216
f 228 6216 4518
f 1207 1206 6217
f 1207 6217 5535
f 1508 3363 6218
f 1508 6218 3208
f 5453 4652 6219
f 5453 6219 262
f 4961 1283 6220
f 4961 6220 3576
f 4986 793 6221
f 4986 6221 3558
f 2806 4129 6222
f 2806 6222 2807
f 2210 5517 6223
f 2210 6223 2211
f 3326 2242 6224
f 3326 6224 3834
f 3814 4485 6225
f 3814 6225 3329
f 715 714 6226
f 715 6226 5551
f 3494 2684 6227
f 3494 6227 3192
f 1470 4867 6228
f 1470 6228 5506
f 111 3077 6229
f 111 6229 4525
f 5567 174 6230
f 5567 6230 4497
f 2057 5518 6231
f 2057 6231 2197
f 4542 2296 6232
f 4542 6232 4174
f 5544 4135 6233
f 5544 6233 1647
f 3745 1195 6234
f 3745 6234 5550
f 730 4945 6235
f 730 6235 5534
f 4980 3564 6236
f 4980 6236 1509
f 4117 5427 6237
f 4117 6237 1972
f 1558 1559 6238
f 1558 6238 5553
f 5046 2217 6239
f 5046 6239 4548
f 2910 2400 6240
f 2910 6240 4113
f 729 4496 6241
f 729 6241 4472
f 3793 1818 6242
f 3793 6242 4503
f 2632 2633 6243
f 2632 6243 4793
f 3577 2322 6244
f 3577 6244 3815
f 360 3543 6245
f 360 6245 2953
f 3548 3351 6246
f 3548 6246 4971
f 4192 4822 6247
f 4192 6247 5047
f 3000 5094 6248
f 3000 6248 5628
f 2261 2260 6249
f 2261 6249 2269
f 5027 2862 6250
f 5027 6250 2860
f 3812 2827 6251
f 3812 6251 4160
f 2236 2235 6252
f 2236 6252 2351
f 5022 4557 6253
f 5022 6253 2334
f 2462 4224 6254
f 2462 6254 4977
f 1622 4377 6255
f 1622 6255 1760
f 1774 5459 6256
f 1774 6256 4503
f 5013 2840 6257
f 5013 6257 2856
f 37 378 6258
f 37 6258 4153
f 1562 5553 6259
f 1562 6259 1726
f 4137 4939 6260
f 4137 6260 5574
f 3566 5548 6261
f 3566 6261 1686
f 3360 4147 6262
f 3360 6262 4515
f 4532 1575 6263
f 4532 6263 1603
f 4528 211 6264
f 4528 6264 3824
f 232 4518 6265
f 232 6265 4150
f 5547 4957 6266
f 5547 6266 2885
f 385 5032 6267
f 385 6267 384
f 2581 2580 6268
f 2581 6268 5436
f 2585 2653 6269
f 2585 6269 3195
f 5507 153 6270
f 5507 6270 4972
f 2963 4825 6271
f 2963 6271 2767
f 3085 2957 6272
f 3085 6272 5586
f 2408 3837 6273
f 2408 6273 3568
f 5564 3557 6274
f 5564 6274 4537
f 125 287 6275
f 125 6275 5576
f 2874 2873 6276
f 2874 6276 5575
f 2201 2207 6277
f 2201 6277 2203
f 2870 4970 6278
f 2870 6278 2863
f 3570 4380 6279
f 3570 6279 2380
f 2672 2662 6280
f 2672 6280 2675
f 2800 2801 6281
f 2800 6281 5025
f 1302 1317 6282
f 1302 6282 1304
f 1381 5478 6283
f 1381 6283 1380
f 4546 5580 6284
f 4546 6284 4984
f 1374 1387 6285
f 1374 6285 1377
f 1260 3742 6286
f 1260 6286 4434
f 4538 2654 6287
f 4538 6287 4716
f 5562 4958 6288
f 5562 6288 2246
f 2823 2822 6289
f 2823 6289 2829
f 2312 2313 6290
f 2312 6290 2321
f 282 373 6291
f 282 6291 134
f 2851 2841 6292
f 2851 6292 4529
f 1483 3330 6293
f 1483 6293 1468
f 3047 4925 6294
f 3047 6294 4433
f 2276 2275 6295
f 2276 6295 2280
f 2300 5589 6296
f 2300 6296 5014
f 305 4092 6297
f 305 6297 399
f 2299 4154 6298
f 2299 6298 5606
f 2231 5609 6299
f 2231 6299 2235
f 418 392 6300
f 418 6300 201
f 3788 5301 6301
f 3788 6301 5011
f 2229 2228 6302
f 2229 6302 2240
f 4510 2611 6303
f 4510 6303 2689
f 4504 5595 6304
f 4504 6304 2271
f 4126 5506 6305
f 4126 6305 1648
f 2336 2335 6306
f 2336 6306 5608
f 4520 2036 6307
f 4520 6307 3800
f 1480 1481 6308
f 1480 6308 5446
f 4522 369 6309
f 4522 6309 4124
f 1438 5583 6310
f 1438 6310 5035
f 1573 5010 6311
f 1573 6311 4979
f 5611 2349 6312
f 5611 6312 5052
f 1525 4161 6313
f 1525 6313 3766
f 377 5578 6314
f 377 6314 5530
f 2414 5504 6315
f 2414 6315 3574
f 4163 4975 6316
f 4163 6316 5598
f 5007 5574 6317
f 5007 6317 5614
f 5009 384 6318
f 5009 6318 3370
f 2808 2809 6319
f 2808 6319 4545
f 5015 2246 6320
f 5015 6320 5490
f 2273 2274 6321
f 2273 6321 4534
f 4940 4544 6322
f 4940 6322 369
f 4157 5576 6323
f 4157 6323 288
f 2972 2609 6324
f 2972 6324 2682
f 5615 3084 6325
f 5615 6325 1577
f 5501 1425 6326
f 5501 6326 1426
f 5619 4153 6327
f 5619 6327 379
f 4164 2301 6328
f 4164 6328 5603
f 5048 2240 6329
f 5048 6329 4543
f 5049 2301 6330
f 5049 6330 5603
f 5558 4148 6331
f 5558 6331 2783
f 5621 36 6332
f 5621 6332 371
f 400 4551 6333
f 400 6333 284
f 5050 2258 6334
f 5050 6334 2268
f 5617 5047 6335
f 5617 6335 4128
f 2333 4166 6336
f 2333 6336 2332
f 2871 2868 6337
f 2871 6337 2864
f 3750 1711 6338
f 3750 6338 1700
f 2540 5610 6339
f 2540 6339 4985
f 2209 5019 6340
f 2209 6340 2206
f 2479 5021 6341
f 2479 6341 2478
f 4547 388 6342
f 4547 6342 185
f 2295 5051 6343
f 2295 6343 2292
f 2316 2314 6344
f 2316 6344 2317
f 4558 2578 6345
f 4558 6345 2445
f 3364 3832 6346
f 3364 6346 5630
f 5629 4565 6347
f 5629 6347 383
f 386 5057 6348
f 386 6348 412
f 5607 245 6349
f 5607 6349 381
f 2831 5623 6350
f 2831 6350 5039
