v 0.4375 0.164062 0.765625
v -0.4375 0.164062 0.765625
v 0.5 0.09375 0.6875
v -0.5 0.09375 0.6875
v 0.546875 0.054688 0.578125
v -0.546875 0.054688 0.578125
v 0.351562 -0.023438 0.617188
v -0.351562 -0.023438 0.617188
v 0.351562 0.132812 0.78125
v -0.351562 0.132812 0.78125
v -0.273438 0.164062 0.796875
v 0.203125 0.09375 0.742188
v -0.203125 0.09375 0.742188
v 0.078125 0.242188 0.65625
v -0.078125 0.242188 0.65625
v 0.273438 0.328125 0.796875
v -0.273438 0.328125 0.796875
v 0.203125 0.390625 0.742188
v -0.203125 0.390625 0.742188
v -0.15625 0.4375 0.648438
v 0.351562 0.515625 0.617188
v -0.351562 0.515625 0.617188
v -0.351562 0.453125 0.71875
v 0.351562 0.359375 0.78125
v -0.351562 0.359375 0.78125
v 0.5 0.390625 0.6875
v 0.546875 0.4375 0.578125
v -0.546875 0.4375 0.578125
v 0.625 0.242188 0.5625
v -0.625 0.242188 0.5625
v -0.5625 0.242188 0.671875
v 0.351562 0.242188 0.828125
v -0.351562 0.242188 0.828125
v 0.0 0.429688 0.742188
v 0.0 0.351562 0.820312
v 0.0 -0.679688 0.734375
v 0.0 -0.320312 0.78125
v 0.0 -0.1875 0.796875
v 0.0 0.40625 0.601562
v 0.0 0.570312 0.570312
v 0.0 0.898438 -0.546875
v 0.0 0.5625 -0.851562
v 0.0 0.070312 -0.828125
v 0.0 -0.382812 -0.351562
v 0.203125 -0.1875 0.5625
v -0.203125 -0.1875 0.5625
v 0.3125 -0.4375 0.570312
v -0.3125 -0.4375 0.570312
v 0.351562 -0.695312 0.570312
v -0.351562 -0.695312 0.570312
v 0.367188 -0.890625 0.53125
v -0.367188 -0.890625 0.53125
v 0.179688 -0.96875 0.554688
v -0.179688 -0.96875 0.554688
v 0.0 -0.984375 0.578125
v 0.4375 -0.140625 0.53125
v -0.4375 -0.140625 0.53125
v 0.632812 -0.039062 0.539062
v -0.632812 -0.039062 0.539062
v 0.828125 0.148438 0.445312
v -0.828125 0.148438 0.445312
v 0.859375 0.429688 0.59375
v -0.859375 0.429688 0.59375
v -0.710938 0.484375 0.625
v 0.492188 0.601562 0.6875
v -0.492188 0.601562 0.6875
v 0.320312 0.757812 0.734375
v -0.320312 0.757812 0.734375
v 0.15625 0.71875 0.757812
v -0.15625 0.71875 0.757812
v 0.164062 0.414062 0.773438
v -0.164062 0.414062 0.773438
v 0.125 0.304688 0.765625
v -0.125 0.304688 0.765625
v 0.203125 0.09375 0.742188
v -0.203125 0.09375 0.742188
v 0.375 0.015625 0.703125
v -0.375 0.015625 0.703125
v 0.492188 0.0625 0.671875
v -0.492188 0.0625 0.671875
v 0.625 0.1875 0.648438
v -0.625 0.1875 0.648438
v 0.640625 0.296875 0.648438
v -0.640625 0.296875 0.648438
v 0.429688 0.4375 0.71875
v -0.429688 0.4375 0.71875
v 0.25 0.46875 0.757812
v -0.25 0.46875 0.757812
v -0.109375 -0.71875 0.734375
v 0.117188 -0.835938 0.710938
v 0.0625 -0.882812 0.695312
v 0.0 -0.140625 0.742188
v 0.101562 -0.148438 0.742188
v -0.101562 -0.148438 0.742188
v 0.125 -0.226562 0.75
v -0.125 -0.226562 0.75
v 0.085938 -0.289062 0.742188
v -0.085938 -0.289062 0.742188
v 0.617188 0.054688 0.625
v -0.4375 0.546875 0.796875
v -0.3125 0.640625 0.835938
v 0.203125 0.617188 0.851562
v -0.125 -0.101562 0.8125
v 0.210938 -0.445312 0.710938
v -0.210938 -0.445312 0.710938
v 0.25 -0.703125 0.6875
v -0.25 -0.703125 0.6875
v 0.0 0.046875 0.726562
v 0.0 0.210938 0.765625
v 0.328125 0.476562 0.742188
v 0.132812 0.210938 0.757812
v -0.132812 0.210938 0.757812
v 0.078125 -0.445312 0.75
v -0.078125 -0.445312 0.75
v 0.039062 -0.125 0.78125
v 0.109375 -0.226562 0.828125
v -0.257812 -0.3125 0.554688
v 0.0 -0.78125 0.65625
v 0.09375 -0.75 0.664062
v -0.09375 -0.75 0.664062
v 0.09375 -0.8125 0.640625
v -0.09375 -0.8125 0.640625
v -0.046875 -0.851562 0.632812
v 0.273438 0.421875 0.773438
v -0.226562 0.109375 0.78125
v -0.375 0.085938 0.726562
v 0.546875 0.210938 0.671875
v -0.546875 0.210938 0.671875
v 0.28125 0.398438 0.765625
v 0.335938 0.40625 0.75
v -0.335938 0.40625 0.75
v 0.484375 0.554688 0.554688
v -0.484375 0.554688 0.554688
v 0.679688 0.453125 0.492188
v -0.601562 0.0 0.414062
v 0.0 0.898438 0.289062
v 0.0 0.984375 -0.078125
v 0.0 -0.195312 -0.671875
v 0.0 -0.460938 0.1875
v 0.0 -0.976562 0.460938
v 0.0 -0.804688 0.34375
v 0.0 -0.570312 0.320312
v 0.851562 0.234375 0.054688
v -0.851562 0.234375 0.054688
v 0.773438 0.265625 -0.4375
v -0.773438 0.265625 -0.4375
v 0.460938 0.4375 -0.703125
v -0.460938 0.4375 -0.703125
v 0.734375 -0.046875 0.070312
v -0.734375 -0.046875 0.070312
v 0.59375 -0.125 -0.164062
v -0.59375 -0.125 -0.164062
v 0.640625 -0.007812 -0.429688
v -0.640625 -0.007812 -0.429688
v 0.335938 0.054688 -0.664062
v -0.335938 0.054688 -0.664062
v 0.234375 -0.351562 0.40625
v -0.234375 -0.351562 0.40625
v 0.289062 -0.710938 0.382812
v -0.289062 -0.710938 0.382812
v -0.328125 -0.914062 0.398438
v -0.140625 -0.757812 0.367188
v 0.296875 -0.3125 -0.265625
v -0.296875 -0.3125 -0.265625
v 0.34375 -0.148438 -0.539062
v 0.453125 0.867188 -0.382812
v -0.453125 0.867188 -0.382812
v 0.453125 0.929688 -0.070312
v 0.453125 0.851562 0.234375
v -0.453125 0.851562 0.234375
v -0.726562 0.40625 0.335938
v 0.640625 0.703125 0.054688
v -0.640625 0.703125 0.054688
v 0.796875 0.5625 0.125
v -0.796875 0.5625 0.125
v 0.796875 0.539062 -0.359375
v -0.796875 0.539062 -0.359375
v 0.820312 0.328125 -0.203125
v -0.820312 0.328125 -0.203125
v 0.40625 -0.171875 0.148438
v -0.40625 -0.171875 0.148438
v -0.429688 -0.195312 -0.210938
v 0.890625 0.40625 -0.234375
v -0.890625 0.40625 -0.234375
v 1.039062 -0.101562 -0.328125
v -1.039062 -0.101562 -0.328125
v 1.28125 0.054688 -0.429688
v -1.28125 0.054688 -0.429688
v 1.351562 0.320312 -0.421875
v -1.351562 0.320312 -0.421875
v 1.234375 0.507812 -0.421875
v -1.234375 0.507812 -0.421875
v 1.023438 0.476562 -0.3125
v -1.023438 0.476562 -0.3125
v 0.945312 0.304688 -0.289062
v -0.945312 0.304688 -0.289062
v 0.882812 -0.023438 -0.210938
v -0.882812 -0.023438 -0.210938
v 1.171875 0.359375 -0.4375
v -1.171875 0.359375 -0.4375
v 1.023438 0.34375 -0.359375
v -1.023438 0.34375 -0.359375
v 0.835938 0.171875 -0.273438
v -0.835938 0.171875 -0.273438
v 0.757812 0.09375 -0.273438
v -0.757812 0.09375 -0.273438
v -0.820312 0.085938 -0.273438
v 0.84375 0.015625 -0.273438
v -0.84375 0.015625 -0.273438
v 0.71875 0.039062 -0.1875
v 0.796875 0.203125 -0.210938
v -0.890625 0.242188 -0.265625
v 0.8125 -0.015625 -0.320312
v -1.257812 0.242188 -0.492188
v 0.890625 0.109375 -0.328125
v -0.890625 0.109375 -0.328125
v 0.9375 0.0625 -0.335938
v 1.0 0.125 -0.367188
v -1.0 0.125 -0.367188
v 1.015625 0.234375 -0.375
v -1.015625 0.234375 -0.375
v 1.109375 0.210938 -0.390625
v 1.023438 0.4375 -0.484375
v -1.023438 0.4375 -0.484375
v 1.039062 -0.085938 -0.492188
v -1.039062 -0.085938 -0.492188
v 0.789062 -0.125 -0.328125
v -0.789062 -0.125 -0.328125
v -0.599668 0.142924 0.579165
v -0.456201 0.001065 0.607283
v 0.248456 -4.6e-05 0.643681
v 0.103456 0.141919 0.663601
v -0.103456 0.141919 0.663601
v -0.103199 0.346271 0.66425
v 0.248634 0.491477 0.644351
v -0.248634 0.491477 0.644351
v -0.456216 0.490362 0.60787
v 0.599981 0.345208 0.579642
v 0.082217 -0.940404 0.639009
v -0.082217 -0.940404 0.639009
v 0.233462 -0.573875 0.703395
v 0.180262 -0.156075 0.718071
v -0.262493 -0.074897 0.751986
v 0.87709 0.2939 0.526765
v -0.87709 0.2939 0.526765
v 0.599252 0.53986 0.655625
v 0.562952 0.48024 0.762965
v -0.152281 0.523533 0.850232
v 0.16921 -0.001516 0.772227
v 0.08438 0.095166 0.728633
v -0.097992 -0.566438 0.744361
v 0.132573 -0.175754 0.792565
v -0.05706 -0.215876 0.834638
v 0.492134 0.374954 0.735828
v -0.551952 0.245851 0.668222
v 0.66554 -0.016885 0.245454
v -0.800992 0.202993 0.218558
v 0.45752 0.682031 0.330423
v -0.809432 0.475047 -0.165418
v 0.306708 -0.277967 0.154605
v -0.287724 -0.218435 0.288457
v 1.099095 0.427839 -0.350502
v 1.304543 0.421264 -0.409854
v 1.240113 0.181137 -0.417033
v -1.240113 0.181137 -0.417033
v 0.961734 -0.016618 -0.290401
v -0.961734 -0.016618 -0.290401
v -0.805855 0.158206 -0.059028
v 0.765187 -0.019306 -0.222982
v -0.765187 -0.019306 -0.222982
v -1.130795 0.032316 -0.465969
v 1.144307 0.122647 -0.45138
v -1.144307 0.122647 -0.45138
v 1.188198 -0.033259 -0.533344
v 0.905577 0.138027 -0.487567
v 0.576974 0.096641 0.580861
v 0.616244 0.191788 0.572936
v -0.616244 0.191788 0.572935
v 0.405249 -0.015829 0.614594
v -0.405249 -0.01583 0.614593
v 0.299409 -0.016553 0.632876
v 0.199881 0.023017 0.648788
v -0.299409 -0.016555 0.632874
v -0.199879 0.023015 0.648787
v 0.126087 0.095578 0.658837
v 0.086633 0.191123 0.662668
v -0.126084 0.095578 0.658836
v -0.086631 0.191124 0.662666
v 0.086369 0.295148 0.663145
v 0.125948 0.394594 0.659383
v -0.086367 0.295148 0.663143
v 0.200078 0.468642 0.649384
v 0.299581 0.508056 0.633438
v 0.405247 0.507327 0.6151
v 0.616532 0.294453 0.573288
v -0.616533 0.294453 0.573288
v 0.337951 0.074104 0.753886
v 0.263763 0.097478 0.775581
v 0.451402 0.091807 0.725547
v 0.40054 0.072266 0.736964
v -0.451397 0.091808 0.725533
v 0.501867 0.125037 0.708272
v -0.501864 0.125039 0.708264
v -0.457385 0.386304 0.757784
v -0.526964 0.363476 0.714081
v 0.245379 0.369655 0.759053
v -0.245382 0.369652 0.759054
v -0.269207 0.388848 0.763544
v -0.294869 0.401039 0.760522
v 0.394476 0.394662 0.749589
v -0.394465 0.394616 0.749618
v 0.549795 0.296186 0.67132
v 0.538276 0.324304 0.67464
v -0.54979 0.296185 0.671322
v -0.538258 0.324279 0.674644
v 0.553764 0.263598 0.669291
v 0.231143 0.135697 0.754482
v 0.211201 0.159106 0.750358
v -0.231176 0.135749 0.754509
v -0.211203 0.159107 0.75035
v 0.222923 0.344524 0.756275
v 0.203099 0.313168 0.756293
v -0.222923 0.344524 0.756269
v -0.203107 0.313164 0.75629
v 0.193591 0.279606 0.75471
v 0.194059 0.244291 0.751059
v -0.1936 0.279603 0.754708
v -0.194061 0.244291 0.751058
v 0.199416 0.184921 0.748598
v 0.195966 0.212514 0.748933
v -0.199424 0.184925 0.748597
v -0.195966 0.212514 0.748931
v 0.245818 0.736324 -0.687189
v 0.25 -0.5 0.390625
v -0.34375 -0.148438 -0.539062
v 0.773438 -0.140625 -0.125
v 0.800992 0.202993 0.218558
v -0.179688 -0.414062 0.257812
v -0.633221 0.567708 0.167015
v -0.195312 0.664062 0.617188
v 0.195312 0.664062 0.617188
v -0.859375 0.382812 -0.382812
v -0.914038 -0.105664 -0.410726
v -0.328125 0.476562 0.742188
v 0.257812 -0.3125 0.554688
v 0.066127 -0.030937 0.775367
v -0.576975 0.096641 0.580861
v -0.742188 0.375 0.65625
v -0.617188 0.054688 0.625
v -0.117188 -0.835938 0.710938
v 0.726562 0.203125 0.601562
v 0.516777 0.405926 0.696124
v -0.234375 -0.914062 0.632812
v 0.234375 -0.914062 0.632812
v 1.039062 0.0 -0.367188
v 0.0 -0.380852 0.738591
v -0.101562 0.429688 0.84375
v 0.101562 0.429688 0.84375
v -0.4375 0.328125 0.765625
v 0.4375 0.328125 0.765625
v -1.265625 0.289062 -0.40625
v 1.265625 0.289062 -0.40625
v 0.890625 0.242188 -0.265625
v 0.273438 0.164062 0.796875
v -0.242188 0.242188 0.796875
v -1.085938 0.273438 -0.390625
v -0.799307 0.130362 -0.326259
v -0.067256 0.211615 0.758331
v -0.9375 0.0625 -0.335938
v 0.820312 0.085938 -0.273438
v -0.164062 0.140625 0.75
v 0.046875 -0.851562 0.632812
v -0.164062 -0.242188 0.710938
v 0.05706 -0.215876 0.834638
v 0.796875 0.617188 -0.11718799999999999
v -0.453125 0.929688 -0.070312
v -1.25 0.46875 -0.546875
v 0.617188 0.328125 -0.585938
v 0.295444 -0.184309 0.374871
v 0.179688 -0.414062 0.257812
v 0.0 -0.308928 -0.524283
v -0.773438 -0.140625 -0.125
v 0.726562 0.40625 0.335938
v -0.419463 -0.128628 0.307962
v -0.857791 0.449163 0.044687
v 0.81505 0.079638 0.064475
v -0.25 -0.5 0.390625
v 0.140625 -0.757812 0.367188
v 0.914038 -0.105664 -0.410726
v -0.562952 0.48024 0.762965
v -0.335938 0.6875 0.59375
v 0.335938 0.6875 0.59375
v -0.679688 0.453125 0.492188
v 0.4375 0.546875 0.796875
v -0.290068 0.05016 0.73409
v 0.5625 0.242188 0.671875
v 0.097992 -0.566438 0.744361
v -0.726562 0.203125 0.601562
v -0.203125 0.617188 0.851562
v -0.15625 0.054688 0.648438
v 0.539656 -0.097107 0.535973
v -1.039062 0.0 -0.367188
v 1.3125 0.054688000000000014 -0.53125
v 0.303063 -0.493912 0.484412
v -0.1915 -0.771826 0.707279
v 0.1915 -0.771826 0.707279
v 0.601562 0.375 0.664062
v -0.0625 0.492188 0.75
v -0.46875 0.242188 0.757812
v 0.242188 0.242188 0.796875
v -0.969074 0.386699 -0.253058
v -0.275038 0.43035 0.740381
v -1.098187 0.364806 -0.407702
v 1.098187 0.364806 -0.407702
v 0.799307 0.130362 -0.326259
v -0.062519 0.328944 0.794038
v 0.038934 -0.270663 0.806753
v 0.197353 0.198565 0.748278
v -0.8125 -0.015624999999999997 -0.320312
v 0.0 -0.890625 0.6875
v -0.960938 0.171875 -0.351562
v 0.960938 0.171875 -0.351562
v 0.210938 0.375 0.78125
v 0.921875 0.359375 -0.21875
v 0.35359 0.322949 0.826617
v -0.039062 -0.125 0.78125
v -0.220918 0.147372 0.751998
v -0.738867 0.066274 -0.230231
v 0.851562 0.015625 -0.320312
v -0.047826 -0.764821 0.658336
v -0.132812 -0.226562 0.796875
v 0.109375 -0.132812 0.78125
v 0.0 -0.433786 -0.086262
v 0.650917 0.515316 -0.537161
v -0.617188 0.328125 -0.585938
v -0.475367 -0.107724 -0.393124
v -0.45752 0.682031 0.330423
v 0.484375 0.023438 -0.546875
v 0.429688 -0.195312 -0.210938
v -1.358795 0.171608 -0.527186
v 0.234821 0.568448 0.521204
v -0.744527 0.044733 0.494027
v -0.109375 0.460938 0.609375
v -0.726562 0.0 -0.070312
v 0.744527 0.044733 0.494027
v -0.125 -0.539062 0.359375
v 0.125 -0.539062 0.359375
v -0.808997 0.296233 0.410843
v 1.25 0.46875 -0.546875
v 0.796875 0.40625 0.460938
v -0.796875 0.203125 -0.210938
v -0.200076 0.468644 0.649383
v 0.164062 -0.945312 0.4375
v -0.265625 -0.820312 0.664062
v 0.265625 -0.820312 0.664062
v 0.106229 0.612296 0.755434
v -0.50424 0.024341 0.594915
v 0.504239 0.024341 0.594916
v -0.408253 0.690202 0.713321
v -0.210938 -0.226562 0.46875
v 0.29876 -0.157597 0.544507
v -1.099095 0.427839 -0.350502
v 0.281596 -0.39175 0.490899
v -0.559969 0.124095 0.662732
v 0.559969 0.124095 0.662732
v 0.46875 0.242188 0.757812
v 0.752135 0.121933 -0.201704
v -0.601562 0.375 0.664062
v -0.224003 0.54425 0.809584
v 0.955832 0.448684 -0.2683
v -1.121064 0.014438 -0.370265
v 1.121064 0.014438 -0.370265
v -0.275035 0.053916 0.740337
v 0.37572 0.593868 0.819198
v 0.0 -0.945312 0.640625
v -0.0625 -0.882812 0.695312
v -1.19919 0.231516 -0.457616
v -0.038934 -0.270663 0.806753
v 0.585938 0.289062 0.6875
v 0.21428 0.184672 0.77516
v 1.234375 0.25 -0.445312
v 0.164062 0.140625 0.75
v 0.113106 -0.777542 0.723118
v 1.039062 0.328125 -0.414062
v -0.35359 0.322949 0.826617
v -0.953125 0.289062 -0.34375
v 0.179688 0.296875 0.78125
v 0.164062 -0.242188 0.710938
v 0.929389 -0.052861 -0.217728
v 0.300248 0.298761 0.835544
v -0.882812 -0.015625 -0.265625
v 0.890625 0.234375 -0.320312
v -0.828125 0.078125 -0.320312
v 0.828125 0.078125 -0.320312
v 0.0 -0.859375 0.632812
v 0.0 -0.195312 0.75
v -0.171875 0.21875 0.78125
v -0.109375 -0.132812 0.78125
v 0.09375 -0.15625 0.8125
v 1.009232 0.161588 -0.556976
v -0.246299 0.734447 -0.68704
v 0.640625 0.679688 -0.445312
v -0.565641 0.170876 -0.585785
v 0.238696 0.901009 0.278882
v 0.328125 -0.914062 0.398438
v 0.577327 -0.114321 0.108395
v 0.176396 -0.190749 -0.623765
v -0.66554 -0.016885 0.245454
v 0.224003 0.54425 0.809584
v 0.805855 0.158206 -0.059028
v -0.306708 -0.277967 0.154605
v -0.234821 0.568448 0.521204
v -0.796989 0.406587 -0.40472
v 0.71875 -0.023438 -0.171875
v -0.351926 -0.802836 0.453389
v 0.577151 0.39347 0.581244
v -0.233462 -0.573875 0.703395
v 0.460938 0.523438 0.429688
v 0.827571 0.305369 -0.330383
v -0.899542 0.005201999999999998 -0.467585
v 0.808997 0.296233 0.410843
v 0.0 -0.686121 0.334438
v -0.5 0.390625 0.6875
v 0.109375 -0.71875 0.734375
v -0.670399 -0.094133 -0.046304
v 0.140625 0.242188 0.742188
v -0.798866 0.307305 0.307037
v 0.210938 -0.390625 0.164062
v 0.410615 0.298102 0.814296
v 1.130795 0.032316 -0.465969
v -0.6875 0.414062 0.726562
v -0.08438 0.095166 0.728633
v -0.516777 0.405926 0.696124
v -0.321359 0.5595 0.790086
v 0.735523 0.28848 0.631263
v -1.1875 0.4375 -0.390625
v 1.329973 0.185867 -0.412644
v -0.23228 -0.308766 0.640888
v 0.23228 -0.308766 0.640888
v 0.0625 0.492188 0.75
v 0.33011 -0.06026 0.711061
v 0.327041 -0.778661 0.622553
v -0.430065 0.054544 0.711718
v 0.430065 0.054544 0.711718
v -0.673194 0.127612 0.615598
v -1.210938 0.078125 -0.40625
v -0.288268 -0.938907 0.583293
v -0.398438 -0.046875 0.671875
v 0.421875 0.398438 0.773438
v 1.226938 0.364184 -0.406644
v -0.210938 0.375 0.78125
v -1.054688 0.1875 -0.382812
v -0.113106 -0.777542 0.723118
v 0.144497 0.359061 0.771184
v 0.953125 0.289062 -0.34375
v 0.220918 0.147372 0.751998
v -0.963609 -0.007308000000000002 -0.34557
v -0.300248 0.298761 0.835544
v 0.5625 0.351562 0.695312
v -0.890625 0.234375 -0.320312
v 0.113342 -0.909833 0.671685
v -0.300747 0.189734 0.83503
v 0.300747 0.189734 0.83503
v 0.351744 0.397574 0.75002
v 0.926063 0.14063 -0.338517
v 0.788661 0.130448 -0.278177
v -0.765625 0.09375 -0.320312
v -0.851562 0.015625 -0.320312
v 0.045061 -0.311951 0.748056
v 0.12865 0.257785 0.761721
v 0.890883 0.038639 -0.331422
v -0.09375 -0.273438 0.78125
v -0.09375 -0.15625 0.8125
v 0.051834 -0.142226 0.745943
v 0.0 -0.819395 0.632955
v -0.195312 0.226562 0.75
v 0.093258 -0.816488 0.677542
v -1.3125 0.054688 -0.53125
v -0.640625 0.679688 -0.445312
v 0.234448 0.508682 -0.809814
v -0.238696 0.901009 0.278882
v 0.25917 -0.359892 -0.053129
v 0.640625 0.75 -0.195312
v 0.475367 -0.107724 -0.393124
v -0.176396 -0.190749 -0.623765
v -0.427476 -0.197241 -0.032352
v 0.565641 0.170876 -0.585785
v 0.710938 0.484375 0.625
v -1.153012 0.349482 -0.591286
v 0.859375 0.382812 -0.382812
v 0.726562 0.0 -0.070312
v 0.320686 -0.596038 0.479676
v -0.760048 0.48233 0.230241
v 0.601562 0.0 0.414062
v -0.577152 0.393471 0.581244
v -0.460938 0.523438 0.429688
v -0.827571 0.305369 -0.330383
v 0.408253 0.690202 0.713321
v 0.109375 0.460938 0.609375
v -0.164062 -0.945312 0.4375
v 0.632812 0.453125 0.28125
v -0.106229 0.612296 0.755434
v 0.430078 0.429747 0.711772
v 1.13986 0.466791 -0.535053
v 0.130579 -0.64746 0.365287
v 0.152281 0.523533 0.850232
v -0.29876 -0.157597 0.544507
v -0.210938 -0.390625 0.164062
v -0.364748 -0.793245 0.551865
v 0.0 -0.562471 0.743173
v 0.154327 -0.863398 0.388518
v -0.794381 0.166885 0.531375
v 0.794381 0.166885 0.531375
v -1.329973 0.185867 -0.412644
v -0.828125 -0.070312 -0.132812
v 0.125 -0.101562 0.8125
v 0.909363 -0.136235 -0.216465
v -0.277271 -0.437761 0.648493
v -0.955832 0.448684 -0.2683
v -0.771957 0.142193 -0.134762
v -0.37572 0.593868 0.819198
v 1.210938 0.078125 -0.40625
v 0.288268 -0.938907 0.583293
v 0.834472 0.319736 -0.128686
v -1.081455 0.083625 -0.434886
v 1.085938 0.273438 -0.390625
v 0.21875 -0.28125 0.429688
v 0.179688 -0.3125 0.710938
v 0.062519 0.328944 0.794038
v -0.304635 0.425756 0.765032
v -0.421875 0.398438 0.773438
v -0.585938 0.289062 0.6875
v -0.428587 0.241992 0.809933
v -0.50944 0.002495 0.651196
v 0.50944 0.002495 0.651196
v 1.021614 0.050015 -0.402296
v 1.212227 0.31381 -0.448347
v 0.410036 0.190291 0.813933
v -0.054775 -0.743204 0.737203
v -1.11082 0.338824 -0.458133
v -0.144497 0.359061 0.771184
v 0.578125 0.195312 0.679688
v -0.35346 0.166134 0.825995
v 0.378951 0.457027 0.730811
v 0.239309 0.196083 0.82515
v -0.113342 -0.909833 0.671685
v -0.890883 0.038639 -0.331422
v -0.982921 0.326126 -0.325626
v 0.982921 0.326126 -0.325626
v 0.544039 0.310666 0.672219
v -0.200206 0.242305 0.768939
v 0.777728 0.028726 -0.230613
v -0.351744 0.397574 0.75002
v 0.0 -0.246752 0.824839
v 0.047826 -0.764821 0.658336
v 0.226562 0.109375 0.78125
v -0.84375 0.171875 -0.320312
v 0.84375 0.171875 -0.320312
v -0.045061 -0.311951 0.748056
v 0.171875 0.21875 0.78125
v 0.249771 0.288938 0.799727
v 0.078125 -0.25 0.804688
v -0.8125 -0.015624999999999997 -0.273438
v 0.846271 -0.017163 -0.295026
v 0.195257 0.335978 0.78095
v -0.046875 -0.148438 0.8125
v 0.046875 -0.148438 0.8125
v -0.109375 -0.226562 0.828125
v -0.148674 0.175925 0.753187
v -0.093258 -0.816488 0.677542
v 0.08984 -0.859554 0.70367
v -0.481109 0.674769 -0.581184
v -0.235768 0.984233 -0.073857
v -0.577327 -0.114321 0.108395
v 0.857791 0.449163 0.044687
v 0.481109 0.674769 -0.581184
v -0.168857 0.054750999999999994 -0.768572
v 0.427476 -0.197241 -0.032352
v 0.633221 0.567708 0.167015
v 0.724612 0.117968 -0.459708
v -0.724612 0.117968 -0.459708
v 1.000000000001e-06 -0.449052 0.050374
v 0.290068 0.05016 0.73409
v -0.547121 0.629099 0.252136
v -0.796875 0.40625 0.460938
v -0.807845 0.582707 -0.242034
v 0.742188 0.375 0.65625
v -0.351562 0.03125 0.71875
v -0.066127 -0.030937 0.775367
v -1.304543 0.421264 -0.409854
v -0.539656 -0.097107 0.535973
v -0.262272 -0.963694 0.470877
v 1.286399 0.373028 -0.579707
v 0.0 -0.901815 0.38679
v 0.801131 0.306781 0.305877
v -0.293314 -0.130601 0.668373
v -0.71875 -0.023438 -0.171875
v -0.157839 0.553126 0.608688
v 0.157839 0.553126 0.608688
v 0.246584 0.704599 0.822949
v 0.408086 0.618746 0.571562
v -1.021614 0.05001499999999999 -0.402296
v -0.33998 -0.699489 0.467145
v -0.281596 -0.39175 0.490899
v 0.294844 0.104059 0.765595
v 0.315759 -0.82204 0.380414
v 0.673194 0.127612 0.615598
v -0.294647 -0.18695 0.374879
v -0.090036 -0.980621 0.567142
v -0.773438 0.164062 0.375
v -0.735523 0.28848 0.631263
v 0.828125 -0.070312 -0.132812
v 0.766272 0.079084 -0.064714
v 0.457409 0.386357 0.757776
v -1.242373 0.161838 -0.501973
v 1.242373 0.161838 -0.501973
v 1.054688 0.1875 -0.382812
v 0.425939 -0.109752 0.608725
v 0.214062 -0.388784 0.32716
v -0.323406 0.712267 0.800705
v -0.581855 0.242186 0.682805
v -0.179688 -0.3125 0.710938
v -0.177276 -0.879372 0.681573
v 0.169941 -0.56997 0.731977
v 0.210938 -0.226562 0.46875
v -0.434691 0.037647 0.690373
v -0.132573 -0.175754 0.792565
v 0.050566 0.390802 0.830777
v 0.476562 0.101562 0.71875
v -1.212227 0.31381 -0.448347
v -1.165556 -0.028319 -0.373721
v 1.165556 -0.028319000000000004 -0.373721
v -0.410036 0.190291 0.813933
v -1.109375 0.210938 -0.390625
v -0.059041 -0.683751 0.737096
v -0.921875 0.359375 -0.21875
v 1.302285 0.243823 -0.404118
v -0.179688 0.296875 0.78125
v 0.185055 -0.827132 0.697459
v -0.378951 0.457027 0.730811
v -0.5625 0.351562 0.695312
v -0.857057 -0.041179 -0.167759
v 0.88172 0.324972 -0.214643
v 0.277069 0.241962 0.836488
v 1.1875 0.34375 -0.484375
v -0.207311 0.44124 0.766908
v 0.207311 0.44124 0.766908
v 0.335938 0.429688 0.757812
v -0.995205 0.308977 -0.380559
v 0.995205 0.308977 -0.380559
v -0.820291 0.246163 -0.210248
v -0.244269 0.353473 0.768867
v 0.765625 0.09375 -0.320312
v 0.581855 0.242186 0.682805
v 0.398702 0.140132 0.775472
v -0.398797 0.352153 0.775346
v 0.398797 0.352153 0.775346
v -0.920711 0.206094 -0.341611
v 0.920711 0.206094 -0.341611
v 0.119392 -0.188799 0.752536
v 0.8125 -0.015625 -0.273438
v -0.30925 0.140871 0.791478
v 0.309129 0.351401 0.791367
v 0.09375 -0.273438 0.78125
v -0.846271 -0.017163 -0.295026
v 0.0 -0.328125 0.742188
v 0.175659 0.257882 0.780929
v -0.037691 -0.809189 0.631876
v 0.017552 -0.156829 0.786902
v 0.148674 0.175925 0.753187
v -0.023089 -0.174512 0.822509
v -0.078125 -0.25 0.804688
v -0.1875 0.15625 0.773438
v 0.908676 0.017434 -0.308516
v 0.104116 -0.191069 0.826575
v -0.097677 -0.779269 0.680387
v 0.097273 -0.780134 0.648099
v -0.841634 0.04827 -0.317661
v -0.031237 -0.886639 0.691075
v -0.640625 0.75 -0.195312
v 0.0 0.31645 -0.881033
v -0.232544 0.906808 -0.479657
v -0.303408 -0.493132 0.486393
v 0.235183 0.740846 0.405256
v -0.239407 0.741536 0.402483
v -0.650917 0.515316 -0.537161
v 0.411447 0.248049 -0.708484
v 0.171307 -0.299345 -0.481349
v -0.330427 -0.244267 -0.411437
v -0.627831 -0.09332 -0.307007
v 0.627831 -0.09332 -0.307007
v 0.287724 -0.218435 0.288457
v 0.670399 -0.094133 -0.046304
v 0.796989 0.406587 -0.40472
v 0.760048 0.48233 0.230241
v -0.859375 0.320312 -0.046875
v 0.859375 0.320312 -0.046875
v -0.548753 -0.142355 -0.038686
v 0.6875 0.414062 0.726562
v -0.807629 0.596134 0.005845000000000001
v 0.504196 0.467303 0.595398
v -1.310278 0.265172 -0.583347
v -1.133438 0.500256 -0.360803
v 0.549002 0.493081 0.358617
v 0.351562 0.03125 0.71875
v -0.825392 0.448614 -0.293812
v 0.706942 0.074457 0.390656
v -0.706942 0.074457 0.390656
v -0.154327 -0.863398 0.388518
v -0.140082 -0.370025 0.72882
v -0.408086 0.618746 0.571562
v 0.340014 -0.700182 0.464873
v -0.098423 -0.462571 0.259803
v -0.152747 -0.691689 0.728716
v 1.1875 0.4375 -0.390625
v 0.937717 0.453931 -0.35606
v -0.330525 -0.858029 0.604765
v 0.820773 0.287268 0.593575
v 0.23463 0.757988 0.750689
v 0.974595 -0.119832 -0.271906
v 0.277271 -0.437761 0.648493
v -1.226938 0.364184 -0.406644
v 0.082131 -0.963136 0.447546
v -0.425939 -0.109752 0.608725
v 1.367188 0.296875 -0.5
v -0.080341 0.478538 0.682107
v 0.080341 0.478538 0.682107
v 0.148946 -0.47458 0.318401
v 0.252193 -0.934925 0.410711
v 0.077648 -0.363785 0.739995
v -0.863206 0.413385 -0.310557
v -0.824978 0.289893 0.585017
v 1.103102 -0.065678 -0.350054
v -0.237735 -0.293413 0.492995
v -0.171479 0.678193 0.820149
v -0.277069 0.241962 0.836488
v 0.964924 0.034118 -0.354234
v -0.164062 -0.929688 0.632812
v 0.164062 -0.929688 0.632812
v 0.306686 -0.125568 0.480863
v 0.304635 0.425756 0.765032
v 0.067256 0.211615 0.758331
v -1.03125 -0.039062 -0.304688
v 0.237735 -0.293413 0.492995
v -0.435039 0.492147 0.757093
v -0.212681 -0.244742 0.642188
v 0.212681 -0.244742 0.642188
v 0.37864 0.525835 0.774967
v -0.050566 0.390802 0.830777
v 0.434691 0.037647 0.690373
v -0.71875 0.039062 -0.1875
v -0.244292 0.134919 0.769055
v -0.617171 0.125435 0.639913
v -0.375 0.0625 0.742188
v -0.90394 0.29673 -0.242235
v 0.294717 0.38438 0.765409
v -1.167169 0.043382 -0.393706
v -1.039062 0.328125 -0.414062
v 1.11082 0.338824 -0.458133
v 0.07434 0.46572 0.810648
v 0.633119 0.242048 0.648604
v 0.738867 0.066274 -0.230231
v 0.527139 0.148516 0.697681
v 0.037687 -0.809743 0.632021
v -1.16747 0.272892 -0.45433
v -0.335938 0.429688 0.757812
v 1.172239 0.055841 -0.479124
v -0.246612 0.070605 0.741836
v 0.820291 0.246163 -0.210248
v -0.788661 0.130448 -0.278177
v 0.072832 -0.839691 0.663854
v 0.132812 -0.226562 0.796875
v -0.12865 0.257785 0.761721
v -0.398702 0.140132 0.775472
v -0.461331 0.288588 0.763246
v -0.249771 0.288938 0.799727
v 0.213882 0.301891 0.775322
v 0.903782 0.296854 -0.242048
v -0.621567 0.3357 0.657018
v -0.964533 0.03540599999999999 -0.354641
v -0.980432 0.263297 -0.365004
v 0.980432 0.263297 -0.365004
v 0.30925 0.140871 0.791478
v 0.46057 0.200043 0.763145
v -0.195257 0.335978 0.78095
v 0.559228 0.390526 0.680233
v 1.19919 0.231516 -0.457616
v -0.051834 -0.142226 0.745943
v 0.242316 0.398423 0.777963
v 0.0 -0.289062 0.804688
v -0.840794 -0.022536 -0.247849
v 0.840794 -0.022536 -0.247849
v -0.119392 -0.188799 0.752536
v -0.08984 -0.859554 0.70367
v 0.1875 0.15625 0.773438
v 0.075522 -0.12007 0.783976
v -0.064501 -0.181153 0.830087
v 0.065158 -0.18137 0.83018
v 0.328808 0.347533 0.826322
v 0.19354 0.261987 0.752495
v 0.841634 0.04827 -0.317661
v -0.179581 0.187547 0.776469
v -0.856822 0.091065 -0.327707
v 0.096976 -0.778589 0.680375
v 0.031237 -0.886639 0.691075
v -0.093719 -0.746024 0.694278
v 0.09375 -0.742188 0.726562
v 0.379015 0.434953 0.748982
v -0.306313 0.128954 0.817097
v -0.046714 -0.859213 0.658153
v 0.809432 0.475047 -0.165418
v -0.796875 0.617188 -0.11718800000000001
v -0.234448 0.508682 -0.809814
v 0.262493 -0.074897 0.751986
v 0.235768 0.984233 -0.073857
v -0.484375 0.023438 -0.546875
v 0.168857 0.054751 -0.768572
v -0.24423 0.967538 0.112162
v 0.337417 -0.565329 0.571156
v 0.15476 -0.370409 -0.315516
v -0.463824 0.918097 -0.234478
v -1.188198 -0.033259 -0.533344
v -0.81505 0.079638 0.064475
v 1.004709 0.30679 -0.540401
v -1.004692 0.306919 -0.540509
v 0.103199 0.346271 0.66425
v 0.546819 -0.143401 -0.039132
v 0.547286 0.629073 0.251726
v 0.653646 0.726759 -0.326578
v -0.599252 0.53986 0.655625
v 0.650706 0.737819 -0.06611799999999998
v 1.358795 0.171608 -0.527186
v 0.89953 0.0058379999999999994 -0.467116
v 0.815235 0.324247 0.200363
v -0.180262 -0.156075 0.718071
v -0.549002 0.493081 0.358617
v -0.125947 0.394595 0.659382
v 0.626068 0.446432 0.747353
v -0.695841 0.29659 -0.51278
v 0.695841 0.29659 -0.51278
v -0.130579 -0.64746 0.365287
v -0.834801 0.467199 -0.059274
v -0.782416 -0.161124 -0.229586
v -0.523193 -0.052452 0.441187
v 0.523193 -0.052452 0.441187
v 0.649134 0.439415 0.384713
v -0.343859 -0.192516 0.21729
v 0.098423 -0.462571 0.259803
v 0.703251 -0.12512 -0.262991
v -0.301395 -0.567227 0.645055
v -0.67056 -0.080295 -0.157768
v -0.113832 -0.444748 0.174009
v 0.141822 -0.173391 0.765101
v -0.23463 0.757988 0.750689
v 0.243512 0.740883 0.666951
v -0.082131 -0.963136 0.447546
v -0.315759 -0.82204 0.380414
v 0.0 0.129013 0.741352
v -1.367188 0.296875 -0.5
v 0.090036 -0.980621 0.567142
v 0.275035 0.053916 0.740337
v -0.430078 0.429747 0.711772
v 0.122595 0.592225 0.678262
v 0.539491 0.164915 0.687266
v 1.133438 0.500256 -0.360803
v 0.880692 0.365755 0.562954
v -0.85186 0.362293 0.497413
v 0.0 -0.445312 0.75
v 0.412348 0.66872 0.638711
v 1.224248 0.012460999999999996 -0.400737
v -0.21875 -0.28125 0.429688
v 0.241655 -0.425736 0.397525
v -0.400881 0.652446 0.781078
v 0.398438 -0.046875 0.671875
v 0.739891 0.081902 -0.13179
v -0.306686 -0.125568 0.480863
v 0.245442 -0.215908 0.410396
v -0.462292 0.135136 0.726577
v -0.740166 0.081994 -0.133243
v 0.328125 -0.945312 0.523438
v 0.263671 -0.964053 0.470315
v 1.331446 0.420549 -0.471353
v -0.829489 0.317616 -0.264487
v -0.234375 -0.25 0.554688
v 0.234375 -0.25 0.554688
v 0.969074 0.386699 -0.253058
v -0.767588 0.434264 0.662857
v 0.0 0.414021 0.665172
v 0.691731 0.335798 0.652584
v 1.178108 0.176021 -0.461214
v -0.077648 -0.363785 0.739995
v -0.426069 0.082009 0.73167
v -0.259636 -0.762321 0.678578
v 0.054775 -0.743204 0.737203
v -0.17694 0.483716 0.813166
v -0.578125 0.195312 0.679688
v -1.154943 0.22107 -0.42269
v 0.827879 0.263642 -0.130707
v 0.426069 0.082009 0.73167
v 0.844413 0.365428 -0.220584
v 0.882812 -0.015625 -0.265625
v -1.046875 -6.938893903907228e-18 -0.421875
v 1.046875 0.0 -0.421875
v -0.273438 0.421875 0.773438
v -0.88172 0.324972 -0.214643
v 1.257812 0.242188 -0.492188
v 0.764011 -0.046014 -0.15667
v 0.0 0.398041 0.795239
v -1.223994 0.295228 -0.495986
v -1.056335 0.42158 -0.321409
v -0.777728 0.028726 -0.230613
v 0.272825 0.55186 0.800964
v -0.300861 0.085799 0.765197
v -1.1875 0.09375 -0.445312
v -0.559228 0.390526 0.680234
v -0.056801 -0.916568 0.671002
v 0.526966 0.363474 0.714104
v 0.968671 0.093814 -0.351599
v 0.461331 0.288588 0.763246
v -0.150118 -0.803263 0.713375
v -0.863275 0.207031 -0.269473
v 0.863275 0.207031 -0.269473
v 0.549994 0.22817 0.668827
v 0.922019 0.261672 -0.331839
v -0.950781 0.234625 -0.352952
v -0.309129 0.351401 0.791367
v -0.250535 0.199711 0.799513
v 1.074035 0.333488 -0.437723
v -0.175659 0.257882 0.780929
v 0.785546 0.061285 -0.250897
v 0.137877 -0.265915 0.727481
v 0.047929 -0.303066 0.785272
v -0.453571 0.268277 0.798451
v -0.106651 -0.258311 0.746875
v -0.234375 0.359375 0.757812
v 0.234375 0.359375 0.757812
v -0.075522 -0.12007 0.783976
v -0.908676 0.017434 -0.308516
v -0.104116 -0.191069 0.826575
v -0.554688 0.28125 0.671875
v 0.554688 0.28125 0.671875
v 0.0 -0.203125 0.828125
v 0.432616 0.169265 0.800296
v -0.073509 -0.839426 0.664041
v 0.179581 0.187547 0.776469
v 0.856822 0.091065 -0.327707
v 0.242188 0.125 0.757812
v -0.203125 0.171875 0.75
v -0.824636 0.111852 -0.330305
v 0.117856 -0.251925 0.790788
v -0.027434 -0.755015 0.737064
v 0.073819 -0.833309 0.633337
v 0.306167 0.363275 0.817244
v -0.322143 0.405447 0.751921
v 0.322145 0.405461 0.751911
v 0.306313 0.128954 0.817097
v 0.238654 0.292329 0.825628
v 0.09375 -0.820312 0.710938
v 0.195312 0.296875 0.757812
v -0.351562 0.117188 0.804688
v 0.0 -0.867059 0.658074
v 0.019006 -0.135991 0.759136
v 0.124281 -0.151934 0.787372
v -0.833371 -0.0031579999999999993 -0.320003
v 0.833371 -0.003158 -0.320003
v -1.009232 0.161588 -0.556976
v 0.232544 0.906808 -0.479657
v 0.208608 0.281147 -0.825234
v -0.25917 -0.359892 -0.053129
v 0.0 0.750569 0.441628
v -0.411447 0.248049 -0.708484
v -0.939204 0.45262 -0.351776
v 0.3125 0.640625 0.835938
v 0.0 -0.073975 -0.766916
v 0.403621 -0.177412 -0.403557
v -0.54858 0.781532 0.147628
v 0.54858 0.781532 0.147628
v 0.548052 -0.078361 0.275894
v 0.807845 0.582707 -0.242034
v -0.405248 0.507328 0.615099
v -0.653646 0.726759 -0.326578
v 1.017728 0.025379 -0.545755
v -0.346017 -0.053567 -0.610546
v -0.737308 0.670686 -0.029689000000000007
v -0.632812 0.453125 0.28125
v 0.34309 -0.277891 -0.044194
v -0.909363 -0.136235 -0.216465
v 0.330525 -0.858029 0.604765
v 0.582093 0.504312 0.523131
v 0.727672 0.46243 -0.47447
v 0.778895 0.453884 0.546239
v 0.456201 0.001065 0.607283
v -0.268756 -0.605571 0.386025
v 0.268756 -0.605571 0.386025
v -1.322755 0.391675 -0.537501
v 0.782416 -0.161124 -0.229586
v -0.711782 -0.061264000000000006 -0.373729
v 0.644983 0.146175 -0.522083
v -0.837706 0.385281 0.122325
v 1.257018 0.113663 -0.590813
v 0.138528 -0.370681 0.729471
v 0.0 -0.484375 0.28125
v 0.67056 -0.080295 -0.157768
v -0.765678 0.079273 -0.064544
v -0.414496 0.667811 0.64347
v -0.426624 -0.106643 0.387955
v -0.539538 0.319348 0.687312
v -0.243972 0.741676 0.671147
v -0.327181 -0.778735 0.622874
v -0.214062 -0.388784 0.32716
v 0.164725 0.320106 0.752129
v 0.720499 0.076665 0.563649
v 0.808845 0.439871 0.183473
v -0.252193 -0.934925 0.410711
v 0.077175 -0.884147 0.385123
v 0.294808 0.551514 0.570003
v 0.863206 0.413385 -0.310557
v 0.0 0.281601 0.796728
v 0.4375 -0.09375 0.46875
v -0.815521 0.322308 -0.405266
v -0.721688 0.075795 0.560016
v 0.171479 0.678193 0.820149
v -0.122216 0.591789 0.685429
v 0.315654 -0.698226 0.635476
v -0.242993 -0.161341 0.624191
v 0.500086 0.51363 0.77942
v -0.533258 -0.061034 0.598869
v -0.626094 0.446413 0.747407
v 0.85172 0.363806 0.49685
v 0.127963 0.045102 0.75436
v 0.28677 -0.374752 0.562771
v -0.28677 -0.374752 0.562771
v 1.015625 0.414062 -0.289062
v -0.378457 0.525867 0.77498
v -0.837683 0.421145 0.53164
v 0.2015 -0.453095 0.351847
v -1.224221 0.012474 -0.400794
v 0.244292 0.134919 0.769055
v -0.752135 0.121933 -0.201704
v 0.337389 -0.940519 0.455622
v -0.729806 -0.093496 -0.138847
v -0.203125 -0.171875 0.5
v 0.203125 -0.171875 0.5
v -1.234375 0.25 -0.445312
v 0.766685 0.432414 0.665024
v -0.476562 0.101562 0.71875
v 0.274332 -0.459464 0.440206
v -0.411126 0.105117 0.743358
v -0.107553 -0.626965 0.739111
v 0.059041 -0.683751 0.737096
v 0.064892 0.270227 0.777824
v -0.29535 0.104983 0.765456
v 1.297583 0.469779 -0.479924
v 0.177025 0.483656 0.813168
v -0.260221 -0.965289 0.541187
v 0.056697 -0.915946 0.671446
v 0.193969 -0.19753 0.682112
v -0.258158 0.629084 0.847483
v -0.242316 0.398423 0.777963
v -0.017552 -0.156829 0.786902
v 0.963609 -0.007307999999999999 -0.34557
v -0.633119 0.242048 0.648604
v 0.462292 0.135136 0.726577
v -1.054551 0.119855 -0.404416
v 1.22699 0.128223 -0.416023
v 0.462304 0.353291 0.726398
v 1.223994 0.295228 -0.495986
v -0.150952 -0.745738 0.722866
v -0.133829 -0.298353 0.726769
v 1.088131 0.012671 -0.447398
v -0.043502 0.437293 0.671787
v -0.926063 0.14063 -0.338517
v 0.300861 0.085799 0.765197
v -0.473506 0.421694 0.708492
v -0.038053 0.42593 0.801185
v 0.804363 -0.03252 -0.199693
v -1.0753 -0.014541 -0.340847
v -1.179324 0.392787 -0.406116
v 1.179324 0.392787 -0.406116
v -0.263774 0.097507 0.775566
v -0.84375 0.289062 -0.210938
v 0.84375 0.289062 -0.210938
v 0.526485 0.093007 0.668003
v 0.379213 0.413412 0.766581
v 0.134864 -0.974685 0.560939
v -0.134865 -0.974699 0.560941
v -0.980638 0.354546 -0.282649
v -0.802703 -0.030569 -0.200471
v -0.214788 0.301472 0.774961
v -0.549984 0.228176 0.668833
v 0.938294 0.330102 -0.247309
v 0.950736 0.234665 -0.352951
v -0.46057 0.200043 0.763145
v 1.010996 0.08745 -0.384082
v 0.769091 0.126569 -0.240477
v -1.229606 0.122152 -0.496814
v -0.337949 0.074111 0.753863
v -1.051441 0.254757 -0.381337
v 1.051441 0.254757 -0.381337
v 0.195312 0.226562 0.75
v -0.837744 0.054441 -0.270086
v -0.867709 0.202795 -0.319782
v 0.867709 0.202795 -0.319782
v -0.047929 -0.303066 0.785272
v -0.111364 -0.132097 0.775143
v 0.458574 0.242004 0.794413
v 0.106651 -0.258311 0.746875
v 0.023089 -0.174512 0.822509
v 0.837744 0.054441 -0.270086
v -0.433151 0.32109 0.800622
v 0.552442 0.171909 0.687657
v -0.19354 0.261987 0.752495
v -0.574 0.32045 0.690438
v 0.574 0.32045 0.690438
v -0.097273 -0.780134 0.648099
v 0.294869 0.401039 0.76052
v 0.203125 0.171875 0.75
v -0.874678 0.065256 -0.329388
v -0.212735 0.328849 0.755841
v 0.87414 0.065041 -0.328856
v 0.187569 0.39459 0.777363
v -0.206996 0.132807 0.777278
v 0.093719 -0.746024 0.694278
v 0.048937 -0.243625 0.825684
v -0.794795 0.086458 -0.321966
v 0.794795 0.086458 -0.321966
v -0.117856 -0.251925 0.790788
v -0.895254 -0.001645 -0.289596
v 0.895281 -0.0015869999999999999 -0.289573
v 0.0 -0.77635 0.685679
v -0.028542 -0.209721 0.832133
v -0.05708 -0.714288 0.73932
v -0.306167 0.363275 0.817244
v -0.239309 0.196083 0.82515
v -0.09375 -0.820312 0.710938
v 0.351562 0.375 0.804688
v 0.226562 0.242188 0.820312
v 0.351562 0.117188 0.804688
v 0.153565 0.300667 0.775328
v -0.377841 0.120378 0.802027
v 0.046714 -0.859213 0.658153
v -0.296571 0.449344 0.756754
v 0.115151 -0.80689 0.717543
v 0.331927 0.453187 0.749808
v 0.12972 -0.20367 0.769558
v 0.076367 -0.14422 0.743392
v -0.07053 -0.150262 0.815448
v -0.814072 -0.016759999999999997 -0.297037
v 0.814072 -0.01676 -0.297037
v -0.024215 -0.872728 0.685446
v 0.0 0.976013 -0.323889
v -0.210385 0.282179 -0.824526
v 0.243603 0.968228 0.111255
v 0.419463 -0.128628 0.307962
v -0.463877 0.908966 0.088254
v 0.463824 0.918097 -0.234478
v 0.561128 0.830915 0.012255000000000009
v -0.177027 -0.077978 -0.709991
v -0.55381 0.780641 -0.419864
v -0.13787399999999994 -0.41921 -0.074057
v 0.478734 0.560722 -0.654461
v -0.478714 0.560718 -0.65445
v 0.752915 0.081758 0.231147
v -0.337417 -0.565329 0.571156
v 1.05523 0.117633 -0.403866
v 0.807629 0.596134 0.00584500000000001
v 0.351439 0.554196 0.481142
v 0.121173 0.575699 0.820304
v -0.815235 0.324247 0.200363
v 0.346017 -0.053567 -0.610546
v 0.351562 0.453125 0.71875
v -0.582093 0.504312 0.523131
v -0.299581 0.508058 0.633436
v 0.236375 -0.376932 0.055489
v 0.727294 0.613323 -0.406513
v -0.729265 0.463168 -0.472661
v -0.740264 0.65866 -0.286821
v -0.724989 0.635722 0.091674
v 1.310278 0.265172 -0.583347
v -0.16921 -0.001516 0.772227
v -0.456831 -0.157457 -0.303935
v 0.599668 0.142924 0.579165
v -0.560111 0.010342 -0.485324
v -0.649134 0.439415 0.384713
v 0.917065 -0.149398 -0.323847
v -1.25454 -0.005829000000000001 -0.471041
v 0.0 -0.773438 0.71875
v 0.0 -0.064046 0.719124
v 0.508862 -0.154851 -0.187045
v -0.148946 -0.47458 0.318401
v 0.0 0.481559 0.584875
v -0.802782 0.113711 -0.416249
v -0.861092 0.21864 0.48642
v 1.196611 -0.051743 -0.450208
v -0.834472 0.319736 -0.128686
v 0.843255 -0.146184 -0.165029
v 0.351926 -0.802836 0.453389
v 0.301103 -0.567276 0.644748
v -0.539491 0.164915 0.687266
v -0.279656 0.608801 0.575836
v -0.164725 0.320106 0.752129
v -0.164766 0.164148 0.752056
v 0.164766 0.164148 0.752056
v -0.843221 -0.14629 -0.164935
v 0.323406 0.712267 0.800705
v -0.330153 -0.060325 0.711191
v 0.702779 0.527886 0.200453
v 0.815521 0.322308 -0.405266
v -0.354614 -0.154527 0.340374
v 1.168204 0.275538 -0.456184
v -0.332631 0.740019 0.661533
v 0.700041 0.476101 0.561109
v 0.771464 0.141965 -0.131882
v 0.49372 0.585475 0.622508
v -0.241655 -0.425736 0.397525
v 0.533275 -0.060452 0.600566
v -0.163671 0.705334 0.684963
v 0.163671 0.705334 0.684963
v -0.070064 -0.782265 0.35241
v 0.691163 8.600000000000274e-05 0.516742
v -0.222127 -0.734646 0.365272
v 0.686788 -0.139713 -0.1933
v 0.263133 0.683351 0.596875
v -0.368527 -0.150041 0.537832
v -0.778813 0.453962 0.546743
v 0.783209 0.35653 0.349573
v -1.344303 0.252839 -0.413131
v -0.255652 -0.373028 0.644764
v 0.195312 -0.378909 0.71101
v -0.328125 -0.945312 0.523438
v -0.07434 0.46572 0.810648
v -1.015625 0.414062 -0.289062
v -1.252182 0.503306 -0.486431
v 0.207825 -0.626338 0.368027
v -0.555134 0.05822000000000001 0.648971
v -0.462304 0.353291 0.726398
v 0.062737 -0.557219 0.332777
v -0.473959 0.580836 0.755409
v 0.473959 0.580836 0.755409
v -0.691731 0.335798 0.652584
v 0.821464 0.346612 0.616072
v 0.411432 0.104124 0.743731
v 1.078836 0.490068 -0.335444
v -0.065021 0.270225 0.777849
v 0.493294 0.301212 0.725214
v -0.648534 0.484981 0.706892
v 0.712466 -0.012431 -0.127562
v -0.173627 -0.969428 0.491785
v 0.173627 -0.969428 0.491785
v 0.259636 -0.762321 0.678578
v 0.219632 -0.313227 0.363362
v -0.243524 -0.187299 0.460202
v 0.096255 0.375841 0.804178
v 0.707297 0.454256 0.690036
v 0.260221 -0.965289 0.541187
v -0.832403 0.366223 -0.318813
v 1.272289 0.467228 -0.412484
v -0.492134 0.374954 0.735828
v 0.248916 -0.143487 0.488392
v -1.227318 0.127988 -0.416089
v -0.252482 -0.869482 0.652912
v -1.1875 0.34375 -0.484375
v -0.235627 0.506847 0.77841
v -1.172328 0.05576 -0.479062
v 0.246619 0.070612 0.741828
v 0.333157 0.031652 0.721172
v 1.1875 0.09375 -0.445312
v 0.244269 0.353473 0.768867
v 0.473506 0.421694 0.708493
v 0.037634 0.427004 0.796181
v 0.041005 0.436727 0.669532
v 1.075291 -0.014304 -0.340775
v -0.773932 0.162806 -0.206421
v 0.980781 0.353875 -0.28326
v -0.712466 -0.012431 -0.127562
v -0.379213 0.413412 0.766581
v -1.059552 0.356776 -0.385003
v 1.059569 0.356778 -0.384976
v -0.045098 -0.984044 0.573
v 0.227825 -0.246096 0.599402
v -0.249759 -0.308823 0.599069
v -0.938294 0.330102 -0.247309
v -0.946869 -0.030242 -0.251422
v 0.829072 0.284673 -0.170568
v -0.922019 0.261672 -0.331839
v 0.988477 0.20312 -0.362715
v 0.917679 0.273724 -0.277564
v 0.947299 -0.030622 -0.249339
v -1.026784 0.156278 -0.376161
v -1.111538 0.294411 -0.417123
v 1.111533 0.29441 -0.417125
v 1.246943 0.326885 -0.408661
v 0.123172 -0.935352 0.636153
v 1.252478 0.202057 -0.499957
v -1.252542 0.202084 -0.499973
v -0.077846 -0.404548 0.744974
v -0.785426 0.063481 -0.250957
v 0.28886 0.472699 0.749089
v 0.079849 -0.324953 0.737284
v -0.53125 0.335938 0.679688
v 0.53125 0.335938 0.679688
v -0.250274 0.315451 0.824411
v -0.403685 0.048903 0.721771
v -0.453091 0.217797 0.798219
v 1.019943 0.283511 -0.38539
v -0.552443 0.171908 0.687656
v -0.863144 0.143743 -0.328948
v 0.863144 0.143743 -0.328948
v -1.019593 0.284145 -0.38523
v -0.197353 0.198565 0.748278
v 0.433145 0.321082 0.800627
v 0.79045 -0.016337 -0.246915
v 0.149623 -0.803222 0.713768
v -0.274133 0.112616 0.747125
v 0.274133 0.112588 0.747159
v -0.913754 0.08564 -0.333437
v 0.913754 0.08564 -0.333437
v 0.460873 0.172845 0.745061
v 0.117188 -0.6875 0.734375
v -0.612989 0.293086 0.670622
v 0.612989 0.293086 0.670622
v 0.526842 0.185326 0.674545
v -0.187569 0.39459 0.777363
v 0.206996 0.132807 0.777278
v -0.087844 -0.897649 0.686564
v -0.257069 0.37934 0.761079
v 0.257069 0.37934 0.761079
v 0.028543 -0.20972 0.832141
v -0.09375 -0.742188 0.726562
v -0.142739 -0.233722 0.728904
v 0.142739 -0.233722 0.728904
v 0.0 -0.167194 0.74601
v -0.351562 0.375 0.804688
v -0.226562 0.242188 0.820312
v -0.195312 0.296875 0.757812
v -0.484905 0.083063 0.699251
v 0.484905 0.083063 0.699251
v 0.785265 0.092414 -0.275584
v 0.04205 -0.784434 0.641729
v -0.07132 -0.289197 0.783803
v 0.071312 -0.289185 0.783798
v 0.377952 0.371806 0.802114
v -0.124306 -0.151919 0.787327
v 0.377841 0.120381 0.802029
v -0.04206 -0.784186 0.64166
v -0.115164 -0.806911 0.7176
v 0.230223 0.267667 0.824409
v -0.265625 0.15625 0.820312
v 0.265625 0.15625 0.820312
v -0.136522 -0.20131 0.795207
v 0.161952 0.324099 0.776598
v -0.331927 0.453187 0.749808
v -0.402733 0.128661 0.797125
v 0.122126 -0.182078 0.812801
v -0.0238 -0.856254 0.631134
v -0.130571 0.234226 0.760228
v 0.130571 0.234225 0.76023
v 0.02391 -0.864324 0.656191
v 0.357422 0.42146 0.761422
v -0.779559 0.111303 -0.326549
v 0.072848 -0.845992 0.695426
v 0.869513 0.027033 -0.328363
v -0.86948 0.027019 -0.328378
v -0.04322 -0.176708 0.828618
v 0.073474 -0.131728 0.80153
v 0.073742 -0.748678 0.690595
v -0.041878 -0.13429 0.798402
v -0.195954 0.125296 0.76428
v -0.015614 -0.888566 0.689083
v -0.171868 -0.299402 -0.481263
v 0.330427 -0.244267 -0.411437
v 0.240926 0.975209 -0.287105
v 0.0 0.968561 0.116394
v -0.560613 0.831223 0.01346
v 0.175781 -0.077777 -0.710659
v 0.551811 0.850406 -0.132719
v -0.21958 -0.313222 0.363364
v 0.13775 -0.418896 -0.074094
v 0.245444 0.628804 -0.761056
v -0.350364 0.474431 -0.762333
v -0.753287 0.083757 0.231514
v -1.017819 0.025018 -0.545912
v -0.351377 0.55375 0.481121
v -0.345033 0.892455 -0.434424
v -0.065134 -0.668493 0.344713
v -0.343011 -0.27789 -0.043322
v 0.739716 0.659307 -0.286673
v -0.727294 0.613323 -0.406513
v 0.15625 0.054688 0.648438
v 0.113832 -0.444748 0.174009
v 0.711782 -0.061264 -0.373729
v -0.248456 -4.60000000000009e-05 0.643681
v 0.73705 0.670787 -0.02913599999999998
v -0.599981 0.345208 0.579642
v -0.64415 0.144853 -0.521534
v 1.146637 0.51495 -0.447253
v 0.364748 -0.793245 0.551865
v 0.194638 -0.090316 0.790181
v 0.560111 0.010342000000000002 -0.485324
v 0.639672 0.423097 -0.568104
v 0.704253 -0.036223 0.157901
v -0.415655 -0.064711 -0.54492
v 0.343856 -0.192505 0.21728
v -0.792592 -0.016986000000000008 -0.391103
v 0.773438 0.164062 0.375
v 0.827411 0.218683 0.136758
v -0.83882 0.237943 -0.05425
v -0.809104 0.439178 0.183499
v -0.076207 0.153519 0.741554
v 0.275038 0.43035 0.740381
v 0.539538 0.319348 0.687312
v -0.837516 0.394035 -0.094389
v -0.245008 0.709013 0.815939
v 0.559093 0.485786 0.43583
v -0.715373 0.58542 0.148101
v -0.700041 0.476101 0.561109
v 1.242963 0.239649 -0.605207
v 0.612565 -0.11868 -0.236337
v -0.315654 -0.698226 0.635476
v 0.070064 -0.782265 0.35241
v -0.120436 0.57583 0.817731
v 0.808114 0.39866 -0.186788
v -0.691169 8.100000000000121e-05 0.516744
v 0.222127 -0.734646 0.365272
v -0.263133 0.683351 0.596875
v -0.764011 -0.046014 -0.15667
v -0.118182 0.57447 0.553377
v 0.177276 -0.879372 0.681573
v 0.118012 0.574579 0.553575
v 0.727351 -0.087363 -0.136028
v -1.307721 0.119541 -0.418581
v 1.307493 0.119653 -0.418782
v 0.823651 0.253078 -0.417833
v 0.321359 0.5595 0.790086
v 0.187287 -0.69568 0.718917
v 0.619593 -0.022648 0.478134
v -0.218528 -0.370016 0.230755
v -0.824055 0.254046 -0.419251
v 0.241181 -0.247229 0.35816
v -1.329573 0.415752 -0.472577
v -0.207 -0.626586 0.36767
v 0.351788 0.090786 0.750224
v 1.03125 -0.039062 -0.304688
v -0.49372 0.585475 0.622508
v -0.096181 0.376079 0.804234
v 0.837683 0.421145 0.53164
v 0.200206 0.242305 0.768939
v -0.128045 0.045301 0.754342
v 0.596146 0.529339 0.59188
v -0.753908 0.400611 0.394169
v 0.753908 0.400611 0.394169
v -0.337389 -0.940519 0.455622
v -0.078618 -0.504462 0.302261
v 0.35346 0.166134 0.825995
v 0.525529 0.072549 0.635017
v -0.988477 0.20312 -0.362715
v 1.134414 0.259484 -0.419464
v -0.088241 -0.505826 0.74895
v 0.195707 -0.519104 0.369083
v 0.088241 -0.505831 0.748904
v 0.391185 0.561965 0.556079
v 0.617152 0.125421 0.639914
v 0.375 0.0625 0.742188
v 0.075674 0.153582 0.741483
v 0.078214 -0.505556 0.304267
v -0.248894 -0.143487 0.488384
v -0.816186 0.408283 0.63099
v -0.193283 -0.200365 0.678046
v 0.098554 0.52023 0.814884
v -0.488069 0.467429 0.744098
v -0.086926 -0.984181 0.503007
v -0.056242 0.425608 0.60149
v 0.086982 -0.98436 0.502596
v 0.480199 -0.086179 0.605578
v -0.480108 -0.086305 0.604593
v -0.411196 0.383372 0.74311
v 0.241411 -0.167012 0.553725
v 0.139691 0.651893 0.679362
v -0.492079 0.185721 0.724879
v 0.695206 -0.04844 -0.084768
v -0.707297 0.454256 0.690036
v 0.23352 -0.952231 0.591245
v -0.295214 0.38347 0.765207
v 0.684706 0.265008 0.640286
v -0.676391 0.194939 0.625877
v -1.272446 0.467423 -0.412386
v -0.929389 -0.052861 -0.217728
v 0.645043 0.395613 0.69619
v -0.093752 0.317329 0.776282
v 0.258531 -0.341823 0.492096
v -0.233683 -0.951431 0.592699
v 0.02976 -0.117851 0.731811
v -0.258596 -0.342306 0.491133
v -0.527139 0.148516 0.697681
v -0.681442 -0.129646 -0.140696
v 0.857057 -0.041179 -0.167759
v -1.024396 0.376416 -0.317585
v 0.252482 -0.869482 0.652912
v 0.133829 -0.298353 0.726769
v -0.272623 0.55209 0.801104
v -1.142061 0.434171 -0.375061
v -0.333162 0.031643 0.721185
v 0.187621 0.048596 0.749302
v 1.142043 0.433966 -0.374919
v 1.024396 0.376416 -0.317585
v -0.844413 0.365428 -0.220584
v -0.314896 -0.901794 0.598343
v 0.773891 0.162828 -0.206437
v 0.218785 -0.967438 0.48086
v -1.210938 0.085938 -0.484375
v -0.323658 0.518414 0.760011
v -0.215174 0.185116 0.774908
v 0.20862 -0.205394 0.621619
v -1.081224 0.013566999999999996 -0.388517
v -0.209842 -0.309453 0.679712
v 1.12088 0.034338 -0.408839
v -0.219285 -0.235795 0.510028
v 0.219285 -0.235795 0.510028
v 0.892454 0.174682 -0.334354
v -1.010963 0.087447 -0.384141
v -0.989565 0.463793 -0.289649
v -0.842699 0.225064 -0.239516
v 0.250535 0.199711 0.799513
v -1.247154 0.32693 -0.408867
v -1.074034 0.333496 -0.437725
v 1.229495 0.122229 -0.496818
v 1.272178 0.396574 -0.399711
v 0.84256 0.225161 -0.238855
v -0.923192 -0.008856000000000001 -0.304361
v -0.123171 -0.935348 0.63615
v 0.041156 -0.943781 0.640553
v 1.000547 -0.010206999999999999 -0.32916
v -1.235703 0.208235 -0.446728
v -0.02436 -0.314149 0.78466
v 1.253838 0.234992 -0.413804
v -0.039688 -0.373903 0.742252
v -0.03243 0.451182 0.743624
v 0.027432 -0.755016 0.737063
v -0.544039 0.310666 0.672219
v 0.887108 0.366003 -0.21493
v 0.425739 0.417025 0.746694
v 0.03133 0.339808 0.810773
v 0.741087 -0.022011 -0.198322
v -0.742856 0.034199 -0.211657
v 1.180834 0.310611 -0.478766
v -0.432621 0.169258 0.800292
v -0.503278 0.35291 0.693415
v 0.503307 0.352921 0.693469
v -0.425739 0.417025 0.746694
v -0.947466 0.117083 -0.345366
v -0.30713 0.102068 0.737885
v 0.30713 0.102068 0.737885
v 1.059072 0.303815 -0.40645
v 0.947259 0.117167 -0.345319
v -0.242188 0.125 0.757812
v -0.117188 -0.6875 0.734375
v -1.067756 0.227209 -0.381762
v -0.812007 0.151352 -0.275755
v 0.812005 0.151354 -0.275756
v 0.443743 0.377516 0.730893
v 0.212735 0.328849 0.755841
v 1.008071 0.179664 -0.368362
v 0.505182 0.161697 0.681384
v -0.22863 0.328108 0.773936
v -0.141822 -0.173391 0.765101
v -0.073819 -0.833309 0.633337
v -0.607563 0.242214 0.668321
v 0.607446 0.242326 0.668375
v 0.59737 0.328236 0.675269
v 0.224709 0.419954 0.772181
v -0.430947 0.060535 0.714657
v -0.170492 0.347508 0.776901
v -0.785265 0.092414 -0.275584
v 0.43089 0.060822 0.714799
v -0.947664 0.297362 -0.318594
v 0.947664 0.297362 -0.318594
v 0.261452 0.445501 0.7652
v -0.377952 0.371811 0.802111
v 0.083853 -0.221817 0.833905
v -0.889626 0.238578 -0.294739
v 0.889626 0.238578 -0.294739
v 0.265625 0.335938 0.820312
v -0.28125 0.398438 0.765625
v -0.125464 -0.205344 0.817678
v 0.402919 0.363532 0.797233
v 0.023859 -0.774362 0.658187
v 0.402733 0.128661 0.797125
v 0.84462 -0.021488 -0.27231
v -0.284875 0.140732 0.820002
v 0.284877 0.140734 0.820005
v -0.076218 -0.144064 0.743672
v -0.844018 -0.020537999999999997 -0.27201
v 0.308552 0.403535 0.755667
v -0.375745 0.134064 0.778807
v 0.23073 0.218675 0.824064
v -0.230727 0.218675 0.824062
v 0.07053 -0.150262 0.815448
v 0.472164 0.194387 0.743054
v 0.003917 -0.180212 0.767905
v -0.467316 0.265807 0.760824
v 0.066197 -0.301452 0.746572
v -0.072102 -0.746819 0.721537
v 0.0238 -0.856254 0.631134
v 0.472817 0.29335 0.743184
v 0.046875 -0.867188 0.6875
v -0.023934 -0.864307 0.656284
v -0.15347 0.257758 0.773536
v 0.153509 0.257776 0.773572
v -0.357419 0.421456 0.761413
v -0.072848 -0.845992 0.695426
v 0.374966 0.398972 0.748959
v -0.068264 -0.295441 0.761934
v 0.112999 -0.16736 0.751267
v -0.073843 -0.132389 0.80269
v -0.847122 0.014963000000000002 -0.299065
v 0.847122 0.014963 -0.299065
v -0.823295 0.081341 -0.299814
v 0.823295 0.081341 -0.299814
v -0.111376 -0.254411 0.767063
v -0.071674 -0.241117 0.822679
v 0.111459 -0.254917 0.766559
v 0.041878 -0.13429 0.798402
v -0.019839 -0.163496 0.806963
v -0.097458 -0.777402 0.712295
v 0.097187 -0.79815 0.678871
v 0.082108 -0.731072 0.735874
v 0.196133 0.12542 0.764342
v 0.165235 0.181827 0.767031
v -0.176574 0.148602 0.763765
v 0.0 -0.875 0.6875
v 0.0 0.755974 -0.73727
v -0.241565 0.974723 -0.287332
v -1.175448 0.213904 -0.603334
v 1.171154 0.213847 -0.605352
v 0.565512 0.831758 -0.283663
v -0.551811 0.850406 -0.132719
v -0.548141 -0.078134 0.275536
v -1.13986 0.466791 -0.535053
v -0.12656099999999998 -0.434252 0.049751
v 0.456216 0.490362 0.60787
v 0.35135 0.717533 0.376556
v 0.12245 0.973145 0.114973
v -0.504196 0.467304 0.595397
v -0.353359 0.717738 0.374975
v 0.572031 0.59887 -0.5651
v 0.297296 -0.130493 0.657753
v 0.724989 0.635722 0.091674
v -0.563752 0.494104 -0.617684
v 0.387567 -0.219967 -0.322491
v -0.077125 -0.884409 0.385129
v 0.836152 0.460854 -0.059753
v -0.473644 0.779725 -0.490601
v -0.727594 0.687714 -0.156866
v 0.727594 0.687714 -0.15686599999999998
v -0.140625 0.242188 0.742188
v -0.492212 0.208098 -0.653248
v 0.492328 0.208298 -0.653297
v 0.328287 -0.280998 0.05588
v -0.940942 0.411034 -0.434491
v -0.403677 -0.177395 -0.403036
v -0.356236 -0.269296 -0.141182
v -0.253451 0.053782 -0.718986
v -0.974723 -0.120035 -0.271781
v -0.810472 0.227943 0.559212
v 0.262644 -0.173536 -0.585242
v -0.485341 -0.048614 -0.475016
v 1.017853 0.480099 -0.39987
v -0.550894 0.707278 0.201405
v 0.66176 -0.087075 0.090097
v -0.701101 -0.125728 -0.264966
v 0.802782 0.113711 -0.416249
v 0.255497 -0.373171 0.645224
v 0.557641 -0.050212 -0.421408
v 0.86119 0.218635 0.486401
v -0.827366 0.218685 0.136754
v 0.715992 0.380024 -0.497996
v -0.661577 -0.086949 0.090179
v 0.426623 -0.106603 0.38796
v -1.045229 -0.113741 -0.414663
v 1.045229 -0.113741 -0.414663
v 0.849505 -0.159284 -0.277328
v -0.559054 0.485328 0.437581
v 0.838868 0.154995 0.060176
v 0.629125 0.503009 0.220576
v -0.353991 -0.881303 0.451243
v -0.753315 0.190722 -0.455152
v -0.290461 -0.54718 0.431586
v -1.103043 -0.065598 -0.350122
v 0.332631 0.740019 0.661533
v -0.83713 0.510135 0.087829
v 0.779489 0.369778 0.270839
v 1.166814 0.043694 -0.393635
v -0.779476 0.369743 0.270868
v 1.082691 0.079223 -0.43401
v -1.088173 0.012592000000000002 -0.44736
v 0.400961 0.651549 0.783882
v -0.791154 0.093224 0.469743
v -0.506449 0.242296 0.714866
v -0.062737 -0.557219 0.332777
v -0.801014 0.474137 -0.383976
v -0.202841 -0.4519 0.352087
v -0.245251 -0.217372 0.410449
v -0.156092 -0.13319 0.777202
v 0.555134 0.05822 0.648971
v 1.252182 0.503306 -0.486431
v 0.829104 0.318003 -0.264797
v -0.227754 -0.246066 0.599392
v 0.36012 -0.745917 0.508315
v 0.309251 -0.632677 0.640802
v -0.242216 -0.638484 0.696205
v -0.223193 -0.509438 0.708705
v -0.327496 -0.500745 0.57101
v 0.086413 0.550957 0.752637
v -0.619593 -0.022648 0.478134
v 1.367155 0.234314 -0.515394
v 0.056242 0.425608 0.60149
v -0.359911 -0.745593 0.509477
v 0.923176 -0.008717 -0.304269
v 0.15992 -0.507197 0.736981
v 0.571666 0.153095 0.635457
v 0.571717 0.332963 0.635578
v 0.453588 -0.021847 0.660875
v 0.444413 0.025555 0.662449
v -1.078811 0.490028 -0.335524
v 0.353637 -0.881515 0.450673
v -0.391175 0.561987 0.555906
v -1.171994 0.176734 -0.46028
v 0.816186 0.408283 0.63099
v -0.744991 0.434838 0.474312
v 0.744991 0.434838 0.474312
v 0.543544 0.555164 0.608057
v 0.633071 -0.002096999999999998 0.585812
v -0.444556 0.025458 0.662197
v -0.067639 0.500401 0.59578
v 0.492892 0.18535 0.725126
v -1.286474 0.373197 -0.579814
v 0.0 -0.621092 0.73761
v -0.796704 0.460215 0.612176
v -4.999999999999796e-06 -0.503816 0.748515
v 0.175121 0.609688 0.610862
v 0.467226 0.527453 0.486603
v -0.126511 0.669656 0.757581
v 1.154971 0.221098 -0.422629
v -0.232298 -0.790857 0.36733
v 0.232455 -0.790796 0.367391
v 0.067976 -0.725722 0.347081
v 0.132074 0.334128 0.71135
v 0.258158 0.629084 0.847483
v 0.0 -0.992055 0.515136
v 0.676391 0.194939 0.625877
v -1.330986 0.371947 -0.412704
v 1.330903 0.371953 -0.412676
v -0.489731 -0.121927 0.533476
v 0.489738 -0.12196 0.533478
v 0.062902 -0.611877 0.342412
v -0.367027 0.729436 0.724918
v 0.261163 0.024397 0.695525
v -0.177886 0.072052 0.698388
v -0.828468 0.284829 -0.17037
v 0.453567 0.268276 0.798451
v 0.220254 -0.344325 0.296672
v 0.540924 0.44354 0.730134
v -0.541196 0.443508 0.730141
v 0.132115 0.151918 0.711162
v 0.258868 -0.552855 0.388847
v -0.126876 0.476484 0.847954
v 0.12686 0.476466 0.848071
v 0.681442 -0.129646 -0.140696
v -0.86692 -0.101366 -0.151355
v 1.056249 0.421551 -0.321535
v 0.257841 -0.371524 0.44869
v 0.243513 -0.187267 0.460215
v -0.257862 -0.371524 0.448683
v -0.050033 -0.476649 0.268646
v 0.050041 -0.476626 0.268687
v 0.150952 -0.745761 0.722947
v -0.029899 -0.035947 0.740529
v 0.111364 -0.132097 0.775143
v -0.187644 0.048619 0.749284
v 0.315732 -0.902464 0.597438
v 0.715164 0.395031 0.693771
v -0.208125 -0.94022 0.42376
v 1.210938 0.085938 -0.484375
v 0.323657 0.518415 0.760013
v -0.472674 0.019486 0.671665
v -0.646743 0.16021 0.632806
v 0.249756 -0.308814 0.599072
v -0.220119 -0.849216 0.677198
v -0.377556 0.491266 0.746373
v 0.621567 0.3357 0.657018
v -0.172885 -0.955146 0.59592
v 0.172885 -0.955146 0.59592
v -1.059072 0.303815 -0.40645
v 0.041374 -0.34004 0.741148
v 0.0 0.170277 0.752407
v -0.922443 0.430157 -0.249361
v 0.922343 0.430299 -0.249227
v -1.207168 0.401688 -0.401757
v 0.192321 -0.243434 0.679533
v -0.19237 -0.243387 0.679605
v 1.139701 0.396391 -0.393789
v 1.148342 0.342122 -0.47545
v -1.148341 0.342129 -0.475438
v 0.313233 0.443832 0.732021
v -0.041156 -0.943791 0.64056
v -0.870181 0.263043 -0.236646
v -1.249171 0.065883 -0.408922
v 1.004501 -0.005455 -0.385421
v -0.161897 0.324088 0.776591
v 0.815113 0.18716 -0.242019
v -1.00453 -0.0054570000000000035 -0.385376
v -1.157104 0.060587 -0.42727
v 0.03243 0.451182 0.743624
v 0.117827 -0.879075 0.694157
v -0.814581 0.021406 -0.24944
v -0.243115 -0.15412 0.524168
v -1.227443 0.16714 -0.447775
v 1.227443 0.16714 -0.447775
v -0.207401 -0.204129 0.520013
v 0.207238 -0.204193 0.519812
v -0.699815 -0.050248 -0.160313
v -0.031314 0.339803 0.810816
v 0.024533 -0.245502 0.825842
v -0.26561 0.297336 0.835208
v 0.742857 0.034188 -0.211641
v -1.227103 0.28336 -0.447669
v 1.227089 0.283358 -0.447608
v -0.041214 -0.34043 0.74064
v -0.073766 -0.748771 0.690538
v -0.473611 0.36509 0.711494
v -0.526825 0.185333 0.674531
v -0.980812 0.148426 -0.358588
v 0.980812 0.148426 -0.358588
v 0.206304 0.272359 0.773589
v -1.035709 0.21077 -0.377535
v 1.035709 0.21077 -0.377535
v -0.206752 0.272129 0.7734
v -0.323464 0.391597 0.759265
v 0.959881 0.341739 -0.26495
v 0.831394 -0.035087 -0.182384
v -0.959802 0.342079 -0.26465
v 0.34055 0.092225 0.730843
v -0.597583 0.328123 0.675193
v -0.483458 0.138444 0.691041
v 0.483484 0.138399 0.691023
v -0.375548 0.039615 0.726067
v 0.403653 0.049047 0.721843
v -0.636855 0.26948 0.648394
v -0.987281 0.318066 -0.355771
v 0.170603 0.347529 0.776915
v 0.601932 0.191469 0.666698
v 0.987284 0.318016 -0.355965
v -0.749951 0.080362 -0.250839
v -0.439471 0.107641 0.706876
v 0.439481 0.107623 0.70688
v 0.581883 0.363283 0.680301
v -0.863685 0.347993 -0.213124
v -0.261452 0.445501 0.7652
v -0.882781 -0.020878 -0.239333
v 0.792753 0.13063 -0.304673
v -0.815716 0.15163 -0.301949
v 0.814573 0.059271 -0.25858
v 0.7892 0.08872 -0.301257
v -0.918571 0.268085 -0.306651
v 0.91859 0.268006 -0.306729
v 0.914447 0.050742 -0.332726
v -0.914451 0.05074 -0.332722
v 0.136532 -0.201303 0.795241
v 0.862021 0.307339 -0.213659
v -0.414062 0.390625 0.75
v 0.414062 0.390625 0.75
v -0.265625 0.335938 0.820312
v 0.250278 0.315448 0.824414
v -0.019006 -0.135991 0.759136
v -0.605182 0.216671 0.668172
v 0.024357 -0.314156 0.784664
v -0.402919 0.363532 0.797233
v -0.843912 0.127717 -0.329839
v -0.024019 -0.770649 0.687061
v 0.284747 0.351506 0.820133
v -0.308552 0.403535 0.755667
v 0.375788 0.358201 0.778699
v 0.375745 0.134061 0.778815
v -0.328688 0.120657 0.812112
v 0.908465 0.125024 -0.332489
v -0.908466 0.125023 -0.332472
v -0.073837 -0.799676 0.636075
v 0.073837 -0.799676 0.636075
v -0.250825 0.174949 0.824004
v 0.250827 0.174951 0.824006
v -0.471797 0.194553 0.742888
v 0.583895 0.265624 0.685172
v -0.472434 0.293189 0.742959
v 0.072063 -0.746857 0.721556
v 0.0 -0.191412 0.773188
v -0.864358 0.205567 -0.296711
v 0.864372 0.205533 -0.296755
v -0.031119 -0.834496 0.626768
v 0.451684 0.309759 0.764753
v 0.031114 -0.834761 0.626912
v -0.254653 0.083108 0.760066
v -0.058473 -0.260078 0.805538
v -0.355542 0.403325 0.74866
v 0.355542 0.403319 0.748691
v 0.043536 -0.176792 0.82871
v 0.215768 0.102486 0.763348
v -0.760936 0.093214 -0.298885
v -0.128167 -0.225673 0.771619
v 0.128167 -0.225673 0.771619
v 0.466716 0.220697 0.760759
v -0.153446 0.279212 0.774676
v -0.114198 -0.161063 0.808064
v 0.153465 0.279221 0.774694
v 0.831019 -0.003972 -0.298637
v -0.831092 -0.004340999999999998 -0.298763
v -0.087045 -0.133651 0.758414
v -0.203096 0.355491 0.781067
v -0.15378 0.214834 0.771982
v 0.15378 0.214834 0.771982
v -0.094853 -0.237987 0.818847
v 0.094853 -0.237987 0.818847
v 0.103985 -0.141583 0.798455
v 0.257975 0.410171 0.776235
v 0.868243 0.00626 -0.316264
v 0.097458 -0.777402 0.712295
v -0.088418 -0.280623 0.759033
v 0.088418 -0.280623 0.759033
v -0.867675 0.006701 -0.316227
v 0.027 -0.139027 0.784665
v -0.03034 -0.148039 0.803394
v -0.082114 -0.731094 0.735967
v -0.103513 -0.847872 0.707697
v 0.084362 -0.833658 0.702364
v -0.807587 0.087003 -0.300588
v 0.812192 0.083129 -0.320206
v 0.024215 -0.872728 0.685446
v 0.176574 0.148602 0.763765
v -0.205428 0.11326 0.764487
v -0.023827 -0.867239 0.671908
v 0.124442 0.653123 -0.795059
v -0.565359 0.832122 -0.283711
v 0.55381 0.780641 -0.419864
v 1.123635 -0.088027 -0.432292
v 0.350375 0.474432 -0.762358
v -0.245643 0.627768 -0.760877
v 0.126457 -0.433965 0.049739
v -0.650706 0.737819 -0.066118
v 0.823406 0.447266 -0.287413
v -0.122758 0.972786 0.115426
v -0.121476 0.980766 -0.306659
v 0.118486 0.750928 0.430245
v 0.355535 0.955825 -0.262657
v 0.35837 0.949829 0.102529
v 0.910036 0.280982 -0.47764
v 0.15625 0.4375 0.648438
v 0.564049 0.494215 -0.617337
v -0.358673 0.949427 0.102975
v 1.322755 0.391675 -0.537501
v -0.916904 -0.147055 -0.315529
v 0.456833 -0.157447 -0.303933
v -0.639688 0.423095 -0.568115
v 0.415655 -0.064711 -0.54492
v -0.413463 0.036149 -0.610445
v -1.017853 0.480099 -0.39987
v 0.0 -0.257623 -0.60225
v -0.387581 -0.219945 -0.322223
v 0.363746 -0.254808 -0.238814
v -0.089838 -0.081073 -0.747152
v 0.419271 -0.188125 0.058553
v -0.419251 -0.188094 0.058543
v -0.541589 0.553768 0.302083
v -0.558055 -0.050174 -0.421561
v 0.639556 0.638134 0.112567
v -0.531597 -0.057156 0.359313
v 0.531559 -0.057282 0.359503
v 0.528143 0.094924 -0.570515
v 0.723662 0.083879 0.311813
v 0.733605 0.540937 -0.445166
v -0.856777 0.330784 0.064471
v -0.606097 0.073767 -0.509468
v -0.723901 0.084799 0.311959
v 0.867247 0.384811 -0.0014769999999999991
v -0.0679 -0.725681 0.346952
v -0.294808 0.551514 0.570003
v 0.753865 0.190691 -0.455048
v 0.981646 -0.134617 -0.369577
v -0.880731 0.365699 0.562992
v -0.612502 -0.118792 -0.236329
v 0.778335 0.043051 0.000477
v 0.604867 0.783054 -0.027186999999999985
v 0.85213 -0.113418 -0.367371
v 0.829494 0.532479 -0.02677
v 0.260801 -0.336469 0.159547
v -1.189382 -0.048147 -0.460344
v -0.69124 0.47299 0.252039
v 0.242788 -0.160415 0.620545
v -0.159706 -0.507217 0.73712
v -0.734305 -0.027897 0.00047499999999999973
v -0.543923 0.568358 0.67125
v -0.828502 0.535485 -0.026531
v -0.632865 -0.11048 -0.105306
v 0.79116 0.093216 0.469736
v 1.081408 0.501495 -0.424354
v 0.148888 -0.444558 0.7386
v -0.371922 -0.10955 0.474034
v 0.371906 -0.109517 0.474033
v -0.979263 -0.047249 -0.263268
v 0.435039 0.492147 0.757093
v -0.736596 0.67584 -0.222351
v 0.736313 0.676155 -0.22227599999999997
v -0.326902 -0.756096 0.413152
v 0.058325 -0.098154 0.754928
v -0.309394 -0.632649 0.640952
v -0.27884 -0.011913 0.741611
v -0.818728 0.461824 -0.229924
v 0.345224 -0.630199 0.570812
v -1.367261 0.234327 -0.515343
v -0.654258 0.510364 0.640063
v -0.551655 0.376 0.637265
v 0.178787 -0.632842 0.725997
v -0.274542 -0.459073 0.441172
v 0.277833 -0.011706 0.741486
v -0.595944 0.242179 0.618931
v -0.792036 0.354465 0.392223
v -0.48706 0.441554 0.65068
v -0.571811 0.153146 0.635268
v -0.453516 -0.021794 0.660748
v -0.399318 0.478066 0.668696
v 0.589421 0.470096 0.318663
v 0.126504 0.669669 0.757597
v -0.758227 0.121196 0.545882
v 1.364133 0.173393 -0.467414
v -0.098284 0.520239 0.81348
v -0.104089 0.53312 0.685068
v 0.808837 0.355695 0.432682
v 0.067639 0.500401 0.59578
v -0.217705 0.443079 0.699487
v -0.506717 0.510762 0.3953
v 0.796704 0.460215 0.612176
v -0.261075 0.024221 0.695271
v -0.174993 0.609777 0.610781
v 0.279503 0.606663 0.579993
v 0.303957 -0.766804 0.379411
v -1.355471 0.364985 -0.46471
v 0.533126 0.529188 0.539067
v 0.630585 0.477649 0.507986
v -0.684679 0.265032 0.640301
v -0.18595 -0.827319 0.697141
v -0.827879 0.263642 -0.130707
v -0.143737 0.629094 0.822362
v -0.663296 0.442981 0.439112
v -0.16567799999999996 -0.423154 0.169148
v -1.254071 0.234992 -0.413964
v -0.645043 0.395613 0.69619
v 0.685019 0.432262 0.310208
v 0.135685 -0.70278 0.365125
v 0.428587 0.241992 0.809933
v -0.587347 -0.069936 0.537624
v 0.587344 -0.069931 0.537622
v -0.131867 0.334172 0.711102
v -0.220254 -0.344325 0.296672
v -0.279542 0.512674 0.769579
v -0.375065 0.708316 0.650465
v -0.147683 -0.811681 0.374089
v -0.13187 0.151961 0.710904
v 0.373966 0.708563 0.648152
v 0.200799 -0.572423 0.371009
v -0.126344 -0.592089 0.366263
v -0.054203 -0.624143 0.740495
v -0.777737 -0.161471 -0.173702
v 0.0 -0.943656 0.419035
v 0.437096 0.615768 0.769306
v -0.437017 0.61619 0.76785
v 0.107014 0.242176 0.701838
v -0.351788 0.090786 0.750224
v 0.840938 0.367711 -0.319594
v 0.36384 0.684088 0.795059
v -0.363789 0.684685 0.79379
v 0.866756 -0.104072 -0.154498
v -0.487316 0.046112 0.650711
v -1.240058 0.43401 -0.397947
v -0.042305 0.07098 0.726121
v 1.157085 0.060665 -0.427113
v 0.217476 0.044636 0.699635
v 0.300453 -0.840024 0.637166
v -0.300445 -0.840028 0.637165
v 0.301401 -0.413293 0.530662
v 0.141852 -0.442477 0.256658
v 0.247481 -0.894344 0.387386
v -0.968671 0.093814 -0.351599
v -0.794156 0.221186 -0.434165
v 0.551702 0.111012 0.637335
v 0.645796 0.090732 0.621487
v -0.645797 0.09073 0.621478
v 0.235627 0.506847 0.778412
v 0.981802 0.474598 -0.330943
v 1.312889 0.305317 -0.403253
v 0.045098 -0.984045 0.573001
v 0.472659 0.019523 0.671681
v 0.738516 0.33212 0.64296
v -0.157715 0.081986 0.744773
v 0.239415 0.73893 0.790833
v -0.208101 -0.206776 0.619468
v -1.060955 0.386188 -0.347877
v 0.979199 -0.047165 -0.263346
v -0.130268 -0.976508 0.497482
v 0.130297 -0.976586 0.497281
v 1.243423 0.436497 -0.399553
v 0.044282 -0.504858 0.750647
v -0.276015 -0.371932 0.605223
v -0.354066 -0.875273 0.570143
v 0.354076 -0.875265 0.570135
v 0.0 -0.520624 0.305806
v 0.209834 -0.309452 0.679705
v 0.266392 0.590111 0.829993
v -1.12088 0.034338 -0.408839
v 0.668889 0.365605 0.676047
v -0.266297 0.590326 0.830273
v -0.892391 0.174735 -0.334365
v -0.113117 -0.167437 0.751082
v 0.129717 0.423247 0.812348
v 1.026784 0.156278 -0.376161
v -0.781334 0.390984 0.646848
v 0.699626 -0.050096 -0.160449
v 0.466383 0.411727 0.701704
v 0.206378 -0.897729 0.659048
v -0.206376 -0.897724 0.659039
v -0.945496 0.458351 -0.307331
v 0.870181 0.263043 -0.236646
v -0.028409 -0.918993 0.670543
v 0.552896 0.28113 0.681391
v 1.101398 0.393241 -0.371979
v -0.381909 0.215797 0.823911
v 0.823296 0.322214 -0.167363
v -0.815113 0.18716 -0.242019
v 0.113083 0.165725 0.743879
v -0.113348 0.165688 0.743937
v 0.040036 -0.373173 0.743081
v -1.9999999999999944e-06 0.425644 0.704146
v -0.117954 -0.879206 0.693883
v -0.731817 0.081164 -0.195878
v 0.992736 0.042175 -0.379018
v -0.144538 -0.407293 0.733879
v -0.992585 0.042794 -0.379145
v -1.136076 0.314045 -0.447008
v 1.136076 0.314045 -0.447008
v -0.22532 -0.315419 0.416865
v -0.190901 0.462925 0.785876
v -0.170769 -0.277234 0.709578
v -1.14363 0.074506 -0.470142
v 0.093753 0.31733 0.776282
v -1.217146 0.33581 -0.424775
v -0.740994 -0.022044 -0.198386
v -1.2116 0.128442 -0.446488
v 1.6999999999999654e-05 0.43767 0.588221
v 1.211543 0.128504 -0.446363
v -0.032453 0.275311 0.788968
v -1.098682 0.242675 -0.388183
v 1.098682 0.242675 -0.388183
v 0.551952 0.245851 0.668222
v 0.245639 -0.281367 0.554634
v -0.523019 0.060952 0.659364
v -0.715713 0.020224 -0.132514
v 0.216767 -0.254369 0.448936
v 0.946314 0.372768 -0.234327
v 1.217326 0.33679 -0.421109
v 0.473611 0.36509 0.711494
v 0.087819 -0.897644 0.686673
v 0.716987 0.008081 -0.180437
v -1.242143 0.269323 -0.496053
v 1.242167 0.269339 -0.496103
v -0.44373 0.377453 0.730933
v -0.866115 0.387415 -0.225665
v -0.830604 -0.033943 -0.182706
v -1.224352 0.202927 -0.4869
v -0.350545 0.505046 0.752477
v 0.183056 0.116892 0.747595
v -0.505182 0.161697 0.681384
v 0.323194 0.392048 0.759375
v -0.204627 -0.196855 0.483823
v 0.204627 -0.196855 0.483823
v -0.601932 0.191469 0.666698
v -0.269337 0.369578 0.769006
v -0.340545 0.092285 0.730796
v -0.119916 0.368131 0.784435
v 0.056974 -0.714276 0.73933
v -0.028548 -0.719257 0.73891
v 0.151744 -0.207795 0.73691
v 0.375 0.085938 0.726562
v 0.058473 -0.260088 0.805551
v -0.417717 0.099415 0.711911
v 0.417717 0.099415 0.711911
v 0.749927 0.080338 -0.250859
v -1.029438 0.336264 -0.389856
v 1.029438 0.336264 -0.389856
v -0.581883 0.363283 0.680301
v -0.460938 0.117188 0.703125
v 0.460938 0.117188 0.703125
v -0.94052 0.189052 -0.347362
v 0.94052 0.189051 -0.347361
v 0.023292 -0.318439 0.762645
v 0.96378 0.315749 -0.30753
v -0.963775 0.315753 -0.307532
v 0.882781 -0.020878 -0.239333
v -1.002624 0.335607 -0.342872
v 1.1478 -0.010258000000000001 -0.366348
v -0.922472 -0.016968 -0.279473
v 0.254449 0.217338 0.834904
v -0.862025 0.307334 -0.213656
v 0.866538 0.345235 -0.212895
v 0.573308 0.16409 0.675856
v 0.844109 0.127903 -0.329745
v 0.023962 -0.770562 0.68712
v -0.32861 0.371553 0.812222
v 0.328611 0.37155 0.812225
v 0.831787 0.267716 -0.210637
v -0.375788 0.358199 0.77869
v -0.47927 0.268063 0.739775
v 0.328689 0.12066 0.812115
v -0.02281 -0.321136 0.746539
v -0.064635 -0.131504 0.763068
v 0.467314 0.265806 0.760832
v -0.9308 0.101381 -0.338577
v 0.930693 0.101424 -0.338577
v -0.243616 0.266067 0.798958
v 0.243616 0.266067 0.798965
v -0.583895 0.265624 0.685171
v 0.419762 0.342348 0.770832
v 0.419654 0.149943 0.770931
v -0.419652 0.149942 0.770922
v 0.071413 -0.755358 0.65935
v -0.046875 -0.867188 0.6875
v -0.997688 0.24876 -0.370988
v 0.997688 0.248759 -0.37099
v -0.419759 0.342348 0.770822
v -0.374966 0.398972 0.748959
v -0.121528 -0.182474 0.814386
v 0.46146 0.316368 0.745194
v -0.063642 -0.777186 0.642334
v -0.792706 0.130546 -0.304675
v -0.903339 0.221638 -0.333743
v 0.063307 -0.130643 0.761384
v 0.903337 0.221639 -0.333743
v 0.262125 0.152954 0.78109
v -0.262135 0.152962 0.781099
v 0.8499 0.189189 -0.271313
v 0.400899 0.405655 0.77167
v 0.760936 0.093214 -0.298885
v -0.46672 0.220697 0.760752
v -0.789172 0.088881 -0.301212
v -0.008293 -0.162827 0.765488
v 0.451055 0.180785 0.764691
v -0.019469 -0.280352 0.806612
v 0.187399 0.316459 0.780846
v -0.187399 0.316459 0.780847
v -0.097189 -0.798898 0.710644
v -0.76869 0.110916 -0.27792
v -0.827969 -0.002690999999999997 -0.274409
v 0.827969 -0.002691 -0.274409
v 0.085051 -0.185715 0.830066
v 0.226618 0.386719 0.779583
v -0.226618 0.386719 0.779584
v -0.173804 0.238293 0.78132
v 0.173805 0.238292 0.781323
v -0.108688 -0.246293 0.807683
v -0.257975 0.410172 0.776235
v 0.108507 -0.246725 0.807087
v 0.60551 0.310659 0.673429
v 0.590039 0.345962 0.678402
v -0.605616 0.310603 0.67339
v 0.126129 -0.181353 0.768835
v 4.999999999999796e-06 -0.840924 0.628542
v -0.123009 -0.208114 0.75158
v -0.011475 -0.188786 0.825227
v -0.111201 -0.748091 0.728536
v 0.103505 -0.847852 0.707642
v 0.097282 -0.75772 0.717521
v -0.084379 -0.833669 0.702363
v 0.093663 -0.123727 0.782882
v -0.093672 -0.123741 0.782834
v 0.314273 0.451329 0.753397
v -0.314274 0.451328 0.753395
v 0.020001 -0.164321 0.807878
v -0.100644 -0.268207 0.763075
v 0.100702 -0.268461 0.762815
v 0.09547 -0.815051 0.657939
v -0.095488 -0.815059 0.657915
v 0.06073 -0.857622 0.690479
v -0.847451 0.032061 -0.318108
v 0.847458 0.032056 -0.318091
v -0.833258 0.068041 -0.29816
v 0.833051 0.067942 -0.297873
v 0.060587 -0.850728 0.660687
v 0.28907 0.423825 0.769435
v -0.183497 0.171921 0.774373
v 0.183498 0.171921 0.774375
v -0.2168 0.121061 0.779812
v 0.216797 0.121052 0.779837
v 2.0000000000002655e-06 -0.869685 0.673988
v -0.15476 -0.370409 -0.315516
v -0.123108 0.841205 -0.628013
v -0.703973 -0.035997 0.157967
v -0.280428 -0.339577 -0.159847
v 1.15095 0.349104 -0.59225
v -0.905732 0.137823 -0.488036
v -4.000000000004e-06 0.191674 -0.863186
v 0.147773 -0.399522 -0.195875
v 0.345052 0.892492 -0.43444
v -0.5692 0.695792 -0.500021
v 0.351803 0.885139 0.263795
v 0.348339 0.967329 -0.071847
v -0.34833 0.967311 -0.071844
v -0.35179 0.885111 0.26378
v -0.542027 0.384046 -0.650379
v 0.542027 0.384046 -0.650379
v 0.799569 0.229819 0.389994
v 0.837365 0.386744 0.122384
v 0.637707 -0.071227 0.176232
v -0.838841 0.155002 0.060169
v 0.940942 0.411034 -0.434491
v 0.838 0.390842 -0.094599
v 0.413463 0.036149 -0.610445
v -0.262654 -0.17354 -0.585246
v 0.791776 -0.016234 -0.391078
v -0.508862 -0.154851 -0.187045
v 0.550972 0.707263 0.201194
v 0.089204 -0.080934 -0.747422
v -0.48937 -0.139953 0.127455
v 0.254157 -0.277773 -0.449521
v -0.414862 -0.125784 -0.477745
v 0.431277 -0.200205 -0.121864
v -0.639561 0.638138 0.112568
v -0.628544 -0.0008989999999999996 0.330842
v 0.548639 -0.097701 -0.348091
v -0.981704 -0.133518 -0.365385
v -0.52814 0.094923 -0.570507
v -1.119495 -0.085739 -0.437547
v 0.606576 0.074379 -0.509832
v -1.214667 0.167353 -0.490134
v 0.83879 0.237946 -0.054254
v -1.076731 0.32991 -0.572664
v -0.867253 0.384826 -0.0014749999999999997
v -0.4375 -0.09375 0.46875
v 1.255367 0.005405 -0.538392
v -0.242295 -0.846033 0.375451
v 0.242605 -0.845921 0.375564
v 0.71582 0.585089 0.148169
v -0.777628 0.042701 0.0012390000000000005
v -0.561206 0.844164 -0.208787
v -0.604609 0.783208 -0.026585
v -0.635767 -0.057944 -0.373608
v 0.781275 0.011264 0.06805
v 0.813235 0.146388 0.143345
v 0.59608 0.800004 -0.163982
v 0.563884 0.811025 -0.354225
v -0.799511 0.22984 0.39001
v -0.500101 0.513618 0.779476
v 0.632904 -0.110384 -0.105351
v 0.259072 -0.308751 0.224784
v 0.800967 0.474089 -0.383917
v -0.187287 -0.69568 0.718917
v -0.169507 -0.570009 0.732238
v -0.738561 0.439549 0.28088
v -0.195312 -0.378909 0.71101
v -1.078078 0.497448 -0.426806
v -0.231144 -0.139511 0.689673
v 0.242218 -0.638484 0.696206
v 0.327492 -0.500748 0.571011
v -0.345226 -0.630199 0.570812
v 0.225807 -0.370777 0.366199
v 0.657113 0.034418 0.401737
v 0.804456 0.600801 -0.179877
v -0.804514 0.60084 -0.179891
v -0.086416 0.550954 0.752658
v -0.823595 0.348065 0.611823
v -0.738323 0.639342 -0.349053
v -0.06423199999999998 -0.447131 0.049499
v 0.54392 0.568352 0.671257
v -1.342019 0.110916 -0.533254
v -0.410615 0.298102 0.814296
v 1.341907 0.110982 -0.533327
v -0.147582 -0.054117 0.799475
v -0.492462 0.30086 0.724866
v 0.850908 0.297084 0.47121
v 0.399272 0.47801 0.668786
v -0.195707 -0.519104 0.369083
v 0.738526 0.439484 0.28088
v 0.648624 0.485684 0.706085
v 0.757545 0.121693 0.547615
v 0.647581 0.501168 0.576955
v -0.543359 0.555321 0.60765
v -0.589418 0.470085 0.318654
v -0.633071 -0.0020969999999999995 0.585812
v 1.356532 0.367639 -0.464128
v -7.000000000000062e-06 -0.627487 0.330346
v -0.696249 -0.060042 -0.086236
v 0.144166 0.628856 0.823474
v -0.467226 0.527453 0.486603
v -0.630584 0.477642 0.507989
v -1.198342 0.513834 -0.470967
v 0.603814 0.461768 0.410343
v 0.156235 -0.133099 0.7772
v 0.367023 0.729434 0.724908
v 0.915886 -0.150583 -0.268404
v -0.193965 0.520063 0.583899
v 0.215021 -0.680519 0.365968
v -0.21461 -0.680641 0.365797
v 0.193652 0.52057 0.584134
v -0.074296 -0.834931 0.364489
v 0.07432 -0.834792 0.364494
v -0.728627 0.056674 0.443976
v 0.126358 -0.592098 0.366253
v -1.371799 0.242675 -0.462738
v 0.290476 -0.547171 0.431535
v -0.848126 -0.161455 -0.215763
v -0.17772 0.570287 0.851652
v -0.706657 0.424006 0.389033
v 0.707472 0.423905 0.389482
v 0.532151 -0.075858 0.489108
v 0.352207 -0.695249 0.516555
v -0.531814 -0.076002 0.489314
v 0.372389 0.654677 0.580628
v -0.080317 -0.928089 0.411713
v -1.289264 0.348463 -0.399554
v -0.790349 -0.016369 -0.246965
v 0.049296 -0.564514 0.745963
v -0.301388 -0.413297 0.53066
v 0.229695 -0.79666 0.688135
v -1.28167 0.185889 -0.403476
v 1.081266 0.013629 -0.388402
v 0.042305 0.07098 0.726135
v -0.399459 0.009311 0.668832
v 0.399386 0.009364 0.668956
v -0.115968 0.288911 0.709159
v -0.727055 -0.139196 -0.12918
v 0.551594 0.375991 0.63735
v -0.141864 -0.442479 0.256621
v 0.33272 -0.013655 0.715422
v -0.15176 0.109676 0.707395
v 0.151889 0.109657 0.70752
v 0.25162 0.716954 0.627078
v 0.208126 -0.940224 0.423751
v 0.790801 0.221977 -0.428088
v -0.586336 0.091738 0.64488
v 0.731787 0.08116 -0.195891
v -0.368464 -0.842044 0.542033
v -0.247506 -0.440702 0.683148
v -0.218074 -0.967225 0.481151
v -0.252229 0.671129 0.839792
v -0.833049 0.370449 -0.264051
v 0.157669 0.08188 0.744777
v 0.200785 -0.176863 0.642789
v 0.75408 0.472626 0.618828
v 0.22907 -0.374773 0.681819
v 0.20045 0.727701 0.673122
v 0.295984 -0.770766 0.653354
v -0.288735 0.746641 0.663551
v -0.200522 0.728127 0.675206
v -0.296065 -0.770802 0.653512
v 0.803711 -0.109029 -0.119089
v 0.275972 -0.37199 0.605465
v 0.043552 -0.989662 0.508671
v 1.215567 0.476601 -0.397099
v -0.814261 0.34991 -0.37117
v -1.100475 0.392631 -0.374254
v 0.052992 -0.463368 0.227371
v -0.668838 0.365606 0.676029
v -0.917679 0.273724 -0.277564
v 0.989563 0.463726 -0.289692
v -0.129717 0.423247 0.812348
v -0.129772 -0.960678 0.600532
v 0.129743 -0.960648 0.600495
v -1.12809 0.187518 -0.42041
v -0.907608 0.440153 -0.287507
v -1.166041 0.469779 -0.374358
v 0.592979 0.155563 0.656462
v 0.872694 0.415851 -0.269853
v 1.235724 0.208253 -0.446637
v 1.067718 0.227165 -0.381762
v -0.466372 0.411713 0.7017
v -0.73948 0.465161 0.55387
v 1.135488 0.367439 -0.425724
v -0.313235 0.443819 0.73202
v 0.313226 0.040453 0.732005
v -0.313228 0.040463 0.732005
v 0.238204 0.412478 0.74403
v 0.151053 0.281582 0.749445
v 0.552869 0.20318 0.681365
v -0.552855 0.203181 0.681362
v 0.252916 0.668962 0.842644
v -1.000534 -0.010262 -0.329199
v 0.406641 0.570352 0.808171
v -0.40663 0.570359 0.808126
v 0.19906 -0.403225 0.291511
v -0.147594 -0.858781 0.699324
v -0.039846 -0.514266 0.301792
v 0.381909 0.215797 0.823911
v 1.291519 0.182351 -0.406401
v 1.039777 0.294126 -0.395202
v -0.039318 -0.445306 0.751689
v 0.039318 -0.445306 0.751689
v -1.039598 0.294427 -0.395136
v 0.0 0.246292 0.781086
v -0.262207 -0.928081 0.609546
v 0.153685 0.453186 0.813198
v 0.82503 0.112214 -0.330148
v 0.791223 0.15741 -0.241676
v -0.303693 -0.957306 0.461407
v -0.429564 0.0018460000000000004 0.679105
v 0.304316 -0.957441 0.461152
v 0.03437 0.446609 0.706787
v -0.08413 -0.114062 0.764083
v 0.22532 -0.315419 0.416865
v -0.744058 0.4141 0.682857
v 0.02858 -0.081439 0.733011
v -0.035681 0.446779 0.707935
v -0.680454 0.230009 0.632983
v 0.680467 0.229997 0.632975
v -1.03688 -0.01491 -0.330727
v 0.145549 -0.895482 0.678134
v 0.170769 -0.277234 0.709578
v 0.200022 -0.923287 0.634594
v 0.30237 -0.140955 0.512334
v 0.743517 0.413255 0.68375
v -0.301937 -0.140865 0.512117
v -0.048391 -0.24375 0.825578
v -0.55376 0.263598 0.669291
v -1.0000000000001327e-06 -0.745905 0.738762
v -0.200042 -0.276058 0.678174
v -0.254442 0.217335 0.834904
v -0.245639 -0.281367 0.554634
v 0.523024 0.060947 0.659369
v 0.715713 0.020224 -0.132514
v -0.216767 -0.254369 0.448936
v 0.665201 0.316721 0.647934
v -0.030775 0.449529 0.587602
v 0.097159 0.264479 0.766503
v -0.097223 0.264476 0.766524
v -1.106348 0.05195 -0.457695
v -0.992058 0.400511 -0.271425
v -0.025252 0.371258 0.824985
v -0.060728 -0.857626 0.690479
v -0.716987 0.008081 -0.180437
v -0.478821 0.218099 0.739711
v 0.20237 -0.178765 0.530816
v 0.437744 0.369802 0.736565
v 1.106974 0.05014 -0.456737
v 0.350588 0.505182 0.752531
v -1.206143 0.320147 -0.491978
v -1.008124 0.179602 -0.368387
v -1.194309 0.340154 -0.445017
v 0.288559 0.270497 0.837571
v 0.465584 0.404545 0.732614
v 0.82265 -0.02626 -0.223461
v -0.465622 0.404554 0.732578
v -0.183056 0.116892 0.747595
v 0.2797 0.169093 0.831178
v 1.199198 0.366841 -0.416993
v 0.880169 -0.059414 -0.171664
v 0.988331 0.075758 -0.369163
v -0.880162 -0.059181 -0.171396
v -0.988271 0.076042 -0.369258
v -0.213249 -0.214672 0.557962
v -0.783302 -0.035748 -0.176203
v 0.119958 0.368005 0.784423
v -0.0882 -0.685649 0.736815
v 0.088201 -0.685649 0.736818
v 0.739004 0.005805 -0.206389
v -0.134724 0.33186 0.768541
v 1.092787 -0.041055 -0.339729
v -0.151676 -0.207804 0.736825
v -0.238654 0.292329 0.825628
v 1.217261 0.167059 -0.489864
v 0.063697 -0.776899 0.642626
v -1.141942 0.357701 -0.452719
v 0.543586 0.377062 0.699226
v 0.375548 0.039615 0.726067
v -0.543624 0.377072 0.699191
v -0.224707 0.41997 0.772184
v 1.199601 0.288514 -0.484234
v 0.768708 0.110987 -0.277897
v -0.40053 0.072265 0.736928
v -1.142402 -0.002585 -0.364897
v -0.353497 0.466773 0.736262
v 0.922254 -0.019885 -0.250656
v 0.269209 0.388846 0.763551
v 1.025185 0.358774 -0.337391
v -0.328865 0.143292 0.825705
v 0.902368 0.342021 -0.215709
v -0.902381 0.342029 -0.215683
v -0.295884 0.068646 0.751767
v -0.51511 0.109193 0.692094
v 0.962314 -0.014007 -0.320288
v 0.514928 0.109441 0.692219
v -0.610732 0.26766 0.670139
v 0.610673 0.267716 0.670165
v -0.108878 -0.292793 0.73299
v 0.108862 -0.292784 0.732977
v -0.284745 0.351508 0.820129
v -0.966918 0.308269 -0.337443
v -0.831787 0.267716 -0.21063
v 0.966916 0.308247 -0.337542
v 0.227683 -0.242551 0.532449
v 2.0000000000000052e-05 -0.351747 0.736134
v -1.195887 0.089561 -0.421492
v 1.195887 0.089561 -0.421492
v -0.909064 0.157759 -0.337001
v 0.909097 0.157732 -0.336992
v -1.00777 0.327933 -0.373227
v 1.007778 0.327895 -0.373319
v 0.579875 0.218742 0.680643
v -0.579875 0.218742 0.680637
v 0.071948 -0.24106 0.82274
v -0.451688 0.309766 0.764745
v 0.779574 0.111309 -0.326551
v 0.259496 0.309981 0.799024
v -0.351467 0.11705 0.764303
v -0.875443 0.292993 -0.225232
v -0.048206 -0.757084 0.720435
v 0.048206 -0.757084 0.720435
v 0.85729 0.275761 -0.223365
v 0.864819 -0.01461 -0.279318
v -0.86484 -0.014592 -0.279318
v -0.425946 0.351878 0.790318
v 0.425945 0.351875 0.790321
v -1.245763 0.246926 -0.473779
v -0.043991 -0.902775 0.683322
v 0.893975 0.075336 -0.33106
v -0.425787 0.140331 0.790227
v 0.425786 0.140333 0.790229
v 0.329974 0.134612 0.786915
v -0.87701 0.224563 -0.267517
v 0.877015 0.224559 -0.267514
v -0.165179 0.181816 0.76706
v -0.400882 0.405626 0.771659
v 0.043933 -0.902439 0.683574
v -0.3299 0.357645 0.786802
v 0.329898 0.35764 0.786808
v -0.894241 0.075442 -0.331342
v -1.097939 0.309466 -0.4259
v 1.097942 0.309472 -0.42589
v 7.000000000000062e-06 -0.797593 0.641462
v 0.244225 0.220448 0.798803
v -0.244222 0.220448 0.798798
v -0.838558 0.172851 -0.299238
v 0.838558 0.172851 -0.299238
v -0.90631 0.248033 -0.326082
v 0.906309 0.248033 -0.326083
v 1.002029 0.218729 -0.368992
v -1.002028 0.218729 -0.368997
v -0.290073 0.150506 0.794836
v -0.451058 0.18078 0.764684
v -0.779159 0.128269 -0.259067
v 0.296135 0.069565 0.752227
v 0.260115 0.180572 0.798866
v 0.007972 -0.162811 0.765206
v 0.203097 0.355491 0.781069
v -0.547413 0.343025 0.690705
v 0.547413 0.343025 0.690705
v -0.120258 -0.157339 0.767733
v -0.084699 -0.185616 0.829997
v 0.211993 -0.23088 0.488363
v -0.022234 -0.298715 0.797352
v -0.103985 -0.141583 0.798455
v 0.043851 -0.288454 0.797895
v 0.843191 0.035481 -0.270094
v -0.843198 0.035484 -0.270086
v 0.099364 -0.173254 0.820678
v -0.177585 0.277409 0.780815
v 0.177586 0.277409 0.780816
v 0.140715 0.193407 0.755599
v -0.097529 -0.798448 0.678883
v -0.123877 -0.227529 0.815693
v 0.123877 -0.227529 0.815693
v 0.786297 0.079581 -0.261641
v 0.468472 0.29194 0.780493
v 0.467789 0.196451 0.780202
v 0.122928 -0.208114 0.75155
v 0.111196 -0.748079 0.728495
v 0.076167 -0.871186 0.699506
v 0.034735 -0.161059 0.818141
v -0.0973 -0.757728 0.717544
v -0.786207 0.080531 -0.2617
v 0.056401 -0.119667 0.783183
v -0.184518 0.22232 0.769261
v 0.184518 0.22232 0.769261
v -0.223128 0.366906 0.771712
v -0.087174 -0.263517 0.794025
v 0.087174 -0.263517 0.794025
v 0.105953 -0.140574 0.757017
v -1.229692 0.166162 -0.464826
v 0.579956 0.304761 0.688904
v -0.579956 0.304761 0.688906
v -0.812199 0.083138 -0.320209
v 0.807616 0.086916 -0.300608
v -0.121354 -0.240581 0.769052
v 0.074739 -0.816795 0.632529
v 0.824952 -0.020707 -0.285387
v -0.824709 -0.020107 -0.285207
v -0.289071 0.423825 0.769437
v -0.060982 -0.842942 0.631871
v -0.320225 0.427663 0.760656
v 0.320225 0.427662 0.760655
v -0.00888 -0.175707 0.790594
v -0.012111 -0.863565 0.642445
v -0.028625 -0.129827 0.770334
v 0.015613 -0.888562 0.689076
v 0.097724 -0.759431 0.686974
v -0.091435 -0.817923 0.695599
v 0.236313 0.37804 0.77081
v 0.091411 -0.817931 0.695648
v 0.197212 0.144538 0.774831
v -0.19721 0.144538 0.774829
v -0.268959 0.104415 0.763084
v 0.20552 0.113318 0.764518
v 0.046046 -0.862014 0.673836
v -0.223944 0.12801 0.769993
v 0.402024 0.415985 0.763207
v 0.284297 0.435746 0.766499
v -0.455659 0.081465 0.719222
v 0.422281 0.091272 0.723656
v 0.843293 0.006338 -0.319421
v -0.843321 0.006344000000000001 -0.3194
v -0.012175 -0.874256 0.686155
v -0.365914 0.708207 -0.638577
v 0.463877 0.908966 0.088254
v -0.349257 0.628603 0.423438
v 2.000000000009156e-06 -0.414045 -0.220358
v 0.243276 0.831538 -0.592045
v -7e-06 0.440701 -0.879582
v 0.121163 0.981018 -0.306547
v 0.191093 0.16685 -0.80287
v -0.19199 0.167362 -0.802526
v -0.11846 0.988699 -0.075886
v 0.56947 0.695888 -0.499638
v -0.909884 0.281171 -0.478054
v -0.236433 -0.376996 0.055498
v 0.280426 -0.339579 -0.159848
v -3.200000000000078e-05 0.663565 0.511307
v 0.375549 0.150587 -0.689711
v -0.454739 0.121113 -0.634851
v 0.453572 0.592631 0.375474
v 0.354274 0.806994 0.324686
v -1.259179 0.113897 -0.589819
v -0.355493 0.807166 0.32372
v -0.320686 -0.596038 0.479676
v 0.485346 -0.048608 -0.475009
v -0.652124 0.601818 -0.497038
v 0.353617 0.967163 -0.168079
v -0.363746 -0.254808 -0.238814
v -1.101147 0.047559 -0.576632
v -0.521921 0.29521 -0.658958
v 0.521977 0.29531 -0.658977
v 0.089543 -0.199482 -0.654176
v -0.165106 -0.340012 -0.40056
v -0.549477 -0.097619 -0.348426
v -0.563083 -0.097087 0.192126
v -0.701867 0.528491 0.200268
v -0.778877 0.186525 0.298494
v 0.778897 0.186543 0.298475
v -0.460661 0.928228 -0.153043
v 0.316422 -0.282115 -0.339945
v 1.075818 0.330168 -0.573117
v -0.674002 0.219288 -0.522341
v 0.674374 0.219946 -0.52257
v -0.461584 0.898437 -0.311083
v -0.59168 0.738871 0.098623
v 0.489074 -0.156762 0.046257
v -0.53037 -0.152388 -0.11303
v 0.529402 -0.152902 -0.113251
v 0.837142 0.510125 0.087821
v 0.635855 -0.057889 -0.373488
v 0.591675 0.738866 0.09861800000000001
v 0.975995 -0.098609 -0.454342
v -0.68557 -0.140225 -0.193931
v -0.596084 0.80001 -0.163982
v 1.257747 -0.007625999999999996 -0.466048
v -0.359395 -0.119665 0.638234
v -0.298222 -0.249109 0.221741
v 0.734305 -0.027897 0.00047500000000000016
v -0.610153 0.780222 -0.305314
v 0.561274 0.843972 -0.208758
v 0.218553 -0.370036 0.230749
v 0.506449 0.242296 0.714866
v -0.178571 -0.632861 0.726132
v 0.608814 0.760254 -0.372108
v 1.344197 0.252825 -0.413106
v 0.857679 0.276983 0.004172
v -0.745045 0.019627 -0.419312
v -0.841709 0.19502 0.0031839999999999993
v 0.223187 -0.509441 0.708693
v 0.742009 0.019603 -0.413329
v -0.809548 0.549165 -0.141459
v 0.232936 -0.139116 0.68417
v 0.809543 0.549153 -0.141469
v -0.647377 0.501293 0.576565
v -1.08018 0.45518 -0.513583
v 0.691686 0.472682 0.252133
v 0.738075 0.639685 -0.348996
v 0.586327 0.09173 0.64488
v -0.571835 0.332981 0.635404
v 0.064265 -0.446953 0.049505
v -0.734329 0.658293 0.033686
v 0.817521 0.461138 -0.226654
v -0.806518 0.562486 -0.302135
v 0.107552 -0.626965 0.73911
v -0.675498 0.015157 0.45994
v 0.675656 0.014977 0.460189
v 0.342057 -0.0003370000000000005 -0.638853
v -0.34206 -0.00033900000000000076 -0.638857
v -0.826714 0.476156 0.136561
v -0.306256 0.478791 0.685313
v 0.479664 -0.083208 0.373867
v -0.479721 -0.083055 0.373332
v 1.343277 0.10696600000000003 -0.473951
v 0.032498 0.007904 0.745426
v 0.487932 0.467445 0.744095
v -0.589383 0.5153 0.723244
v 1.0000000000000006e-06 -0.745885 0.33701
v 0.217715 0.442984 0.699583
v -0.352042 0.0009959999999999986 0.670806
v 0.306266 0.478701 0.685413
v 0.452176 0.625556 0.631164
v -0.057860999999999996 -0.457846 0.180398
v -1.321076 0.329604 -0.566358
v -0.533108 0.529131 0.539109
v -0.603779 0.461503 0.411228
v -0.224938 -0.006062000000000001 0.760861
v -1.36067 0.175586 -0.4703
v -0.062803 -0.611795 0.342341
v 0.835852 0.223695 0.435834
v 0.513747 0.508894 0.460853
v 0.224407 -0.005957 0.760741
v 0.663297 0.442997 0.439104
v -0.835635 0.222008 0.43662
v 1.349043 0.345267 -0.520824
v -0.685019 0.432262 0.310208
v -0.382229 0.270565 0.82417
v -1.135435 0.36737 -0.42576
v 0.215491 0.581457 0.58846
v 1.196195 0.47265 -0.5475
v -0.200383 -0.572543 0.370811
v -0.27915 -0.658213 0.384078
v 0.279161 -0.658211 0.38406
v 0.809605 0.234831 -0.171721
v 0.177717 0.570297 0.851483
v 0.150889 -0.429243 0.216348
v 0.485212 -0.098617 0.49323
v 0.763112 0.183381 0.56991
v -0.137288 0.503521 0.609639
v -1.265512 0.391555 -0.39659
v -0.372442 0.654808 0.580536
v -0.771525 0.101562 0.423959
v -0.35882 -0.744228 0.561208
v 0.771677 0.101361 0.424211
v 0.368457 -0.842043 0.542031
v -0.367826 -0.847208 0.492509
v 0.732555 -0.154184 -0.181179
v -0.159341 -0.908364 0.407986
v 0.159338 -0.908337 0.407995
v -0.220515 0.630794 0.592023
v -0.049368 -0.564514 0.745955
v 0.343436 -0.644653 0.524842
v -0.151879 0.377356 0.707469
v -0.924621 -0.093621 -0.201312
v 0.151986 0.377332 0.707591
v 0.977082 0.468448 -0.378201
v -0.715164 0.395031 0.693771
v -0.551779 0.111035 0.637243
v -1.115296 -0.081625 -0.391376
v -0.260435 -0.505227 0.681791
v 0.219681 -0.849132 0.67738
v -0.50053 0.143906 0.708746
v -1.312889 0.305317 -0.403253
v -0.229167 -0.374695 0.681614
v 0.279647 0.512556 0.769525
v 0.324681 -0.870908 0.385077
v -0.324693 -0.87094 0.38506
v -0.2258 -0.370759 0.366199
v -0.783242 0.339258 0.630167
v -0.282358 -0.503165 0.436681
v 0.26736 -0.415312 0.443825
v 0.0 -0.724223 0.738126
v 0.288411 0.746272 0.66139
v -0.204851 0.342784 0.762789
v 0.032388 0.275313 0.788949
v -1.215567 0.476601 -0.397099
v 0.191777 0.744347 0.755597
v -0.191766 0.744352 0.755593
v 0.906688 0.441134 -0.288523
v 0.792666 0.354888 0.392058
v -0.278439 0.764437 0.743869
v 1.185046 0.506319 -0.389405
v -0.784976 0.183989 -0.170389
v 0.36912 0.550285 0.521132
v -0.2007 -0.176967 0.642849
v -1.134031 0.258154 -0.418595
v 0.300352 -0.436047 0.611144
v -0.522899 -0.031537 0.627837
v -0.300355 -0.436042 0.611139
v 0.04113 -0.970877 0.453516
v -0.041131 -0.97087 0.453522
v -1.019885 0.486605 -0.353188
v 0.814599 0.021405 -0.249449
v -0.592983 0.15556 0.656467
v 0.382229 0.270565 0.82417
v -0.872855 0.416011 -0.269885
v 0.522891 -0.031238000000000002 0.628629
v -0.226011 -0.748531 0.699209
v 0.466379 0.072598 0.701662
v -0.466369 0.072611 0.701658
v 0.226084 -0.748547 0.699183
v 0.739525 0.465133 0.553614
v 1.13126 0.187122 -0.420667
v -0.817184 0.41358 0.496335
v -0.699634 0.165539 0.608147
v 0.924359 -0.09875 -0.207493
v 0.391701 0.443428 0.717595
v -0.3917 0.44341 0.717591
v 0.23819 0.071825 0.743998
v -0.238197 0.071832 0.744
v -0.238212 0.412469 0.744031
v 0.220162 -0.967888 0.548078
v 0.151078 0.202722 0.749401
v -0.220158 -0.967871 0.548074
v -0.151089 0.202724 0.749397
v -0.521611 0.355835 0.68936
v -0.086638 -0.965993 0.604993
v 0.521623 0.355844 0.689362
v 0.086579 -0.965939 0.604922
v 0.521596 0.128463 0.689335
v -0.21411 0.580159 0.836465
v 0.434072 -0.132343 0.570779
v -1.11822 0.463224 -0.346881
v -0.199094 -0.40324 0.291487
v 0.34422 0.61717 0.828028
v -0.344253 0.617163 0.82816
v 0.677471 -0.061134 -0.12891
v 0.169167 -0.636813 0.366687
v -0.28886 0.472699 0.749089
v -0.038102 0.14125 0.741492
v -0.738905 0.005803 -0.206316
v -0.767866 -0.101081 -0.123988
v -0.264748 0.55145 0.543942
v 0.114751 -0.491854 0.309305
v -0.114946 -0.491352 0.308247
v 0.837581 0.352518 -0.394237
v -0.436954 -0.117368 0.499739
v -0.8374 0.352666 -0.394413
v 0.26221 -0.928098 0.60955
v -0.153644 0.453214 0.813199
v 0.097667 0.466724 0.645398
v -0.731261 -0.014385 -0.035143
v -0.822995 0.322245 -0.167597
v 0.0 -0.920869 0.669475
v 0.143764 -0.407621 0.734213
v 0.091222 0.544071 0.716804
v 0.163362 -0.160374 0.754182
v 0.039666 -0.409235 0.747286
v 0.751768 0.081026 -0.097931
v -0.310296 -0.945388 0.554974
v 0.310292 -0.945384 0.55496
v 0.135797 -0.334515 0.726987
v -0.136574 -0.334189 0.72666
v -0.748913 0.462577 0.650615
v -0.039491 -0.409597 0.746839
v 1.03688 -0.01491 -0.330727
v -0.145735 -0.895785 0.677879
v -0.200022 -0.923287 0.634594
v -0.535043 0.242243 0.693792
v -0.297442 -0.152615 0.460634
v 0.297442 -0.152615 0.460634
v 0.20755 -0.420795 0.339911
v -0.091346 0.543961 0.718891
v 0.238779 -0.407596 0.682982
v 0.639944 0.466658 0.733071
v 0.83244 0.447681 0.604286
v 0.199883 -0.276172 0.678258
v -0.100568 0.211992 0.755133
v 0.100567 0.211993 0.755132
v 0.249746 -0.302157 0.523914
v -0.249753 -0.302159 0.523914
v -0.526487 0.093004 0.668005
v 1.070073 0.460487 -0.322914
v 1.194341 0.340158 -0.444957
v 0.238254 -0.277572 0.598867
v -0.665199 0.316722 0.647932
v -0.225467 -0.287099 0.461339
v 0.225466 -0.287109 0.461336
v 0.46374 0.049744 0.681733
v 0.076106 0.410183 0.837373
v 0.173052 -0.910411 0.657632
v -0.076104 0.410181 0.837464
v -0.946303 0.372787 -0.234339
v -0.405168 0.026183 0.697586
v 1.2449 0.268872 -0.420998
v 0.405169 0.02618 0.697592
v 0.992101 0.400487 -0.271367
v 0.424755 0.593884 0.795298
v 0.025244 0.371265 0.824956
v 0.243319 -0.154139 0.524286
v -0.678799 -0.067264 -0.129697
v -1.233631 0.303249 -0.425537
v 0.717349 0.354938 0.6555
v -0.20237 -0.178765 0.530816
v 0.866162 0.3873 -0.2258
v 1.20613 0.320136 -0.491933
v -0.404275 0.477844 0.739483
v -0.288559 0.270497 0.837571
v 1.4000000000000001e-05 0.418931 0.770678
v -0.153565 0.300667 0.775328
v 0.409689 0.335339 0.809563
v 0.228165 0.328292 0.774122
v -1.002012 0.365882 -0.300576
v -0.279691 0.169085 0.831172
v 1.077547 0.136252 -0.409863
v 0.745289 -0.06453 -0.143058
v 0.269116 0.370038 0.769099
v 1.207148 0.401537 -0.401571
v 0.619426 0.158116 0.643822
v -1.216583 0.262801 -0.483147
v -0.409133 0.15516 0.809064
v -1.077158 0.137369 -0.410179
v 0.134724 0.33186 0.768544
v 0.658198 0.253706 0.642983
v -0.106785 0.342786 0.780186
v -0.230219 0.267667 0.824407
v -0.336049 0.052207 0.741122
v -0.846296 -0.026766 -0.205662
v 0.504185 0.390144 0.716514
v -0.504263 0.390163 0.716444
v 1.9e-05 0.404196 0.629865
v 0.713879 0.029985 -0.161061
v -1.084589 0.012075999999999996 -0.419351
v -1.06507 0.346725 -0.414558
v -0.328803 0.347542 0.826321
v 0.404377 0.44727 0.725158
v -0.380958 0.347883 0.815939
v 1.141648 0.357528 -0.453592
v 1.064784 0.346442 -0.415382
v -0.083828 -0.221808 0.833873
v -0.396274 0.091536 0.718223
v -1.002188 -0.009148000000000003 -0.358542
v -0.152401 -0.719006 0.72756
v 0.396271 0.091465 0.718214
v 0.152469 -0.719022 0.727534
v -0.658184 0.253718 0.642989
v 1.002233 -0.009198 -0.358819
v -0.922256 -0.019903 -0.250658
v -1.079725 0.0014639999999999994 -0.361636
v -0.846669 0.32767 -0.210871
v 0.87008 -0.030799 -0.188915
v 0.328868 0.1433 0.825706
v 0.380665 0.142935 0.815379
v 1.233875 0.238362 -0.482607
v 0.922524 -0.016956 -0.279733
v -0.228635 0.455003 0.762294
v 0.228635 0.455003 0.762294
v 0.621928 0.385704 0.675639
v -0.621927 0.385704 0.675637
v -1.164667 0.057356 -0.454566
v 0.605124 0.216726 0.668201
v -0.026578 -0.14343 0.742869
v 1.165352 0.056935 -0.454668
v -0.141704 0.100236 0.739
v 0.141824 0.100286 0.739071
v -1.220075 0.12505 -0.473964
v 0.943258 0.316257 -0.267102
v -0.943261 0.316257 -0.2671
v 1.220577 0.124836 -0.474214
v -0.227678 -0.242543 0.532453
v -0.739536 0.089352 -0.217347
v -0.974093 0.298976 -0.362289
v 0.974088 0.298979 -0.362295
v -0.125894 -0.182098 0.770459
v 0.964031 0.132797 -0.351966
v -0.964133 0.132755 -0.35199
v 0.82886 0.206143 -0.240378
v -0.828916 0.206104 -0.24073
v -0.071408 -0.755357 0.659357
v -0.085328 -0.708872 0.73818
v 0.953256 0.078242 -0.343191
v -0.953251 0.07824 -0.343205
v -9.999999999999159e-07 -0.26833 0.815763
v -0.737467 -0.036887 -0.168091
v 0.35147 0.117037 0.764292
v -1.178367 0.351256 -0.464661
v -0.259493 0.309982 0.799017
v 0.27925 0.321334 0.831634
v 0.246109 0.241972 0.832053
v 0.085275 -0.708866 0.738188
v -0.857311 0.275748 -0.223338
v -1.241958 0.220788 -0.429358
v 1.248289 0.126459 -0.409578
v 0.403047 0.126728 0.758404
v -0.329975 0.134606 0.786911
v 0.065878 -0.900095 0.685219
v 0.351475 0.373585 0.764359
v -0.351473 0.373571 0.764371
v -0.402909 0.127154 0.758165
v -0.215768 0.102486 0.763348
v 0.833271 0.307528 -0.205224
v -0.876839 0.126625 -0.328922
v 0.876838 0.126626 -0.32893
v -0.020993 -0.791404 0.64226
v -0.425978 0.352111 0.752388
v -0.934305 0.24936 -0.344876
v 0.290076 0.15051 0.79484
v 0.934283 0.24938 -0.344874
v -1.035338 0.269319 -0.383518
v -0.020747 -0.346723 0.73896
v -0.903867 0.253525 -0.300737
v 1.072772 0.288861 -0.39776
v -1.072774 0.288862 -0.397757
v 0.779261 0.128175 -0.259218
v 1.035508 0.269 -0.383601
v -0.260113 0.180572 0.798861
v -1.021804 0.195184 -0.373423
v 1.021777 0.195215 -0.37341
v -0.024083 -0.767389 0.720121
v 0.024084 -0.767384 0.72012
v -0.855907 0.055955 -0.326204
v 0.403279 0.363959 0.75838
v 0.09716 -0.798883 0.710637
v -0.851872 0.188829 -0.2979
v 0.851881 0.188811 -0.297922
v 0.855692 0.055866 -0.325861
v 0.876854 0.222178 -0.295772
v 0.086351 -0.133086 0.757484
v -0.230031 0.217873 0.784306
v -0.888734 0.013356 -0.310193
v 0.236661 0.193963 0.785676
v -0.816553 0.041494 -0.252217
v -0.065572 -0.275995 0.79548
v -0.211986 -0.230883 0.488354
v 0.210551 -0.20931 0.538908
v 0.770739 0.110106 -0.302625
v -0.770726 0.110055 -0.302621
v 0.06544 -0.27577 0.795839
v 1.120861 0.027102 -0.385338
v -0.099344 -0.173269 0.820665
v -0.459112 0.315203 0.781741
v -0.154855 -0.271742 0.719069
v 0.45911 0.3152 0.781743
v -0.458521 0.175175 0.781492
v 0.45852 0.175177 0.781494
v 0.857775 -0.0072039999999999995 -0.306715
v 0.0 -0.306554 0.794586
v -0.857497 -0.007069999999999999 -0.306689
v -0.116908 -0.242742 0.748909
v 0.116834 -0.242738 0.74888
v -0.474578 0.267375 0.777738
v 0.474576 0.267374 0.777739
v -0.076165 -0.871195 0.699533
v -0.474075 0.218975 0.777531
v 0.474073 0.218975 0.777532
v -0.034738 -0.161072 0.818125
v -0.05641 -0.11965 0.783134
v -1.161823 0.053276 -0.407634
v 0.107651 -0.209067 0.829856
v 0.159284 0.198259 0.76995
v -0.159254 0.198253 0.769967
v 0.830489 0.071967 -0.270911
v -0.830487 0.071976 -0.270918
v 0.067911 -0.165297 0.824019
v -0.562742 0.20323 0.678349
v 0.562742 0.20323 0.678349
v -0.105953 -0.140574 0.757017
v 0.304798 0.095155 0.753487
v -0.060956 -0.850632 0.660773
v 0.045863 -0.307211 0.764433
v 0.096896 -0.796523 0.643424
v -0.045939 -0.307041 0.764247
v 0.10624 -0.2631 0.78615
v -0.10624 -0.263098 0.786145
v -1.217997 0.129086 -0.430035
v 0.568074 0.336113 0.6922
v -0.568074 0.336116 0.692192
v -0.57077 0.285006 0.68209
v 0.57077 0.285006 0.68209
v 0.184636 0.241025 0.769048
v -0.096897 -0.796526 0.643414
v 0.809233 0.096994 -0.328636
v -0.809042 0.096842 -0.328696
v -0.18444 0.240982 0.769216
v -0.823348 -0.021393999999999993 -0.262984
v 0.089156 -0.135486 0.801163
v 0.823285 -0.021358 -0.262964
v 0.008859 -0.175722 0.790588
v 0.023815 -0.867243 0.67187
v -0.015569 -0.837743 0.627466
v -0.046869 -0.884705 0.693132
v 0.186153 0.136877 0.764332
v -0.18606 0.136811 0.764304
v -0.135764 -0.207707 0.743477
v 0.082786 -0.830628 0.687689
v 0.126984 -0.240105 0.794157
v -0.072921 -0.749117 0.706831
v 0.199574 0.384626 0.780928
v -0.199575 0.384625 0.780929
v 0.450664 0.381035 0.745779
v 0.135726 -0.20818 0.744223
v -0.095426 -0.798609 0.696061
v 0.118807 -0.15873 0.761111
v 0.214307 0.140263 0.767509
v 0.06145 -0.826959 0.630142
v -0.451008 0.381648 0.745995
v -0.249988 0.388813 0.771086
v -0.096295 -0.759808 0.703688
v 0.093006 -0.74576 0.711624
v 0.234488 0.116949 0.772788
v 0.011897 -0.147299 0.762306
v 0.185964 0.278328 0.770059
v -0.012073 -0.147256 0.762425
v 0.250784 0.42155 0.774113
v -0.213917 0.139721 0.767921
v -0.185768 0.27828 0.770227
v 0.195547 0.314637 0.770442
v -0.516992 0.154773 0.691731
v -0.304118 0.092969 0.754473
v -0.284286 0.435772 0.766485
v 6.999999999999953e-06 -0.182341 0.747663
v -0.40175 0.415615 0.763281
v -0.195332 0.314692 0.770623
v 0.493092 0.131568 0.701169
v 0.30084 0.437644 0.761909
v 0.455593 0.081677 0.719341
v -0.317419 0.439674 0.758111
v 0.378915 0.424223 0.760182
v -0.481417 0.09251 0.711595
v -0.117416 -0.237679 0.812874
v -0.35648 0.432965 0.757177
v 0.012174 -0.87426 0.686151
v 0.336108 0.417665 0.75567
v -0.840928 0.004552000000000001 -0.298689
v -0.011962 -0.868929 0.672712
v 0.840878 0.004767 -0.298627
v 0.035897 -0.870685 0.685861
v -0.124521 0.652412 -0.794988
v 0.473659 0.779731 -0.49059
v -0.14783699999999997 -0.399685 -0.19585
v 0.11738 0.909736 -0.5172
v -0.117392 0.909679 -0.517174
v -0.571456 0.598645 -0.565819
v 0.120445 0.90483 0.28778
v -0.120453 0.904795 0.287761
v -0.115272 0.419681 -0.866421
v 0.118457 0.988732 -0.075887
v -0.375546 0.15059 -0.689706
v 0.454801 0.121212 -0.634881
v 0.35626 -0.26928 -0.141617
v 0.441136 0.342977 -0.714368
v -0.441137 0.342981 -0.714373
v -0.353872 0.967006 -0.168017
v -0.458935 0.771181 0.285648
v 0.458937 0.77118 0.285644
v 0.652126 0.60182 -0.497043
v 1.9999999999985307e-06 -0.351608 -0.440439
v 0.089357 -0.260784 -0.584492
v -1.140109 0.507693 -0.452242
v 0.489385 -0.139971 0.127453
v 0.414821 -0.125782 -0.477991
v -0.176337 -0.250085 -0.556203
v -0.431276 -0.200204 -0.121863
v -0.085388 0.059332 -0.807656
v -0.531687 -0.132456 -0.269921
v 0.261233 -0.230196 -0.520844
v 0.531257 -0.132463 -0.269734
v 0.856643 0.331517 0.064504
v -0.59569 0.248319 -0.591406
v 0.595687 0.248328 -0.591413
v 0.460659 0.928218 -0.153043
v -0.316422 -0.28211 -0.339943
v -1.114484 -0.065681 -0.518981
v 1.114447 -0.06564 -0.51908
v -0.734329 0.541263 -0.444207
v 0.228989 -0.3478 -0.292114
v -0.849392 -0.157904 -0.273127
v -0.637087 -0.071322 0.176108
v -0.629136 0.503025 0.220573
v -0.808544 0.399071 -0.186834
v -0.686463 0.049873 -0.452941
v 0.686838 0.049895 -0.452684
v -0.139516 0.65181 0.682931
v 0.654269 0.510393 0.640068
v -0.814757 0.11601 0.0036170000000000004
v -0.781345 0.011153 0.068123
v -0.260822 -0.336499 0.159557
v -0.558718 0.843162 -0.059219
v 0.558961 0.842995 -0.05982399999999999
v 0.815381 0.117193 0.0023420000000000003
v -0.148888 -0.444558 0.7386
v 0.250664 -0.279058 0.291483
v -0.2507 -0.279061 0.291491
v -0.592191 0.668714 0.153369
v 0.361386 -0.119579 0.632973
v 0.592346 0.668796 0.153143
v -0.846788 -0.003257000000000003 -0.423803
v 0.846549 -0.004227 -0.424113
v 1.220623 0.364536 -0.595937
v -0.598868 0.731695 -0.433895
v 0.610792 -0.121874 -0.042918
v -0.513731 0.508732 0.461737
v 0.649623 0.740964 -0.261482
v -0.649627 0.740966 -0.261483
v 0.79603 0.243597 0.328356
v -1.222693 0.36474 -0.595588
v -0.795053 0.243241 0.328441
v -0.595727 0.529574 0.591106
v -0.762011 0.444745 0.510444
v 0.595944 0.242179 0.618931
v 0.583151 0.524648 0.258073
v 0.449439 0.644757 0.700306
v 0.803186 0.607187 -0.055636999999999985
v -0.80318 0.607186 -0.055635
v 0.806514 0.562451 -0.302089
v -0.8395 0.279192 0.128697
v -0.449434 0.644751 0.7003
v 0.589546 0.516688 0.721604
v -0.44436 0.46204 0.662133
v 0.444273 0.461932 0.662315
v 0.826572 0.476427 0.136633
v -0.850931 0.293711 0.472492
v 0.054167 -0.624143 0.740498
v 0.678662 0.035737 0.576777
v 0.261281 0.46305 0.695383
v -0.261264 0.46323 0.695185
v -0.194587 -0.090408 0.79037
v 0.352042 0.0009960000000000004 0.670806
v -0.791571 0.402091 0.225631
v -0.241562 -0.166978 0.553688
v 0.50666 0.510677 0.395225
v -0.822223 0.517253 -0.268658
v 0.847142 -0.163595 -0.219296
v 0.581473 -0.031271 0.345375
v -1.34164 0.10762 -0.475419
v -0.581495 -0.031133 0.345524
v -1.296417 0.467875 -0.480778
v -1.352053 0.282985 -0.53904
v 0.1657 -0.423172 0.16913
v 0.449528 -0.020091000000000005 -0.545232
v -0.449526 -0.020088 -0.545229
v 0.704951 -0.07349 0.01216
v -0.135685 -0.702781 0.36512
v -0.116029 0.196307 0.708971
v 1.373642 0.241356 -0.461192
v 0.75047 -0.091138 -0.348755
v -0.750341 -0.091478 -0.349139
v 0.147684 -0.811679 0.374086
v 0.83789 0.371025 -0.264294
v 0.137164 0.503663 0.60948
v 0.728937 0.056309 0.444474
v 1.9999999999999995e-06 -0.85492 0.360551
v -0.638163 0.440068 0.331557
v -0.300453 -0.599258 0.426847
v 0.316053 -0.470399 0.52898
v -0.294119 -0.442012 0.488103
v -0.299812 -0.94641 0.427705
v -0.5761 -0.050142 0.48328
v -0.352073 -0.695096 0.517246
v 0.365999 -0.796546 0.500243
v 0.616135 0.466808 0.459773
v 0.576265 -0.050066 0.483178
v -0.616118 0.466678 0.460246
v -0.033948 0.535618 0.583244
v 0.900839 0.396266 -0.407734
v -0.90116 0.395796 -0.407131
v -0.150829 -0.428861 0.21656
v -0.981352 0.425148 -0.460503
v 2.2768245622195593e-18 -0.467758 0.236948
v 1.141189 0.498396 -0.496512
v 0.445363 0.583932 0.565122
v 0.666099 0.431097 0.340046
v 0.220372 0.629943 0.593557
v -0.251841 0.717422 0.62917
v 1.309137 0.046776 -0.483858
v -0.731548 0.141804 0.580134
v -0.731254 -0.154803 -0.182767
v -0.125647 0.118538 0.734626
v 0.068368 0.039396 0.743999
v 0.204621 0.342864 0.762924
v -0.057149 -0.095877 0.752646
v 0.699584 0.16558 0.608042
v -0.485039 -0.09868 0.493338
v -0.229692 -0.796659 0.688129
v 0.818621 0.153494 0.490506
v -0.818591 0.153546 0.490483
v -0.319607 -0.703592 0.416959
v 0.820063 0.220215 -0.092791
v -1.297328 0.245587 -0.40281
v 0.319502 -0.703798 0.416243
v 0.203393 -0.901345 0.397466
v -0.333223 -0.013745 0.715488
v 0.285908 -0.887477 0.627476
v -0.635053 -0.107362 -0.157004
v 0.360415 -0.903222 0.49
v -0.198281 -0.854574 0.38184
v -0.738518 0.33211 0.64298
v 1.29262 0.350961 -0.400864
v -0.360585 -0.903108 0.490292
v 0.096438 -0.06838 0.801807
v -0.285448 -0.887106 0.627879
v 0.270326 -0.570326 0.677225
v -0.270493 -0.570298 0.677377
v -1.26495 0.125751 -0.408221
v -0.044316 -0.50485 0.750698
v 0.468664 -0.05661200000000001 0.636478
v -0.043521 -0.989551 0.508881
v 0.784673 0.183912 -0.169334
v 1.117514 -0.082195 -0.388047
v 1.080176 0.504547 -0.376735
v -0.119982 0.51856 0.647134
v 0.27844 0.764441 0.743862
v -1.185057 0.506401 -0.389413
v 0.781337 0.39095 0.646936
v 0.240932 -0.328753 0.454679
v -1.139137 0.396116 -0.394869
v 0.335368 0.717787 0.624265
v -0.847039 0.31971 -0.087782
v -0.240959 -0.328993 0.4542
v -0.982263 0.473974 -0.329954
v -0.123092 -0.953746 0.44296
v 0.123092 -0.953744 0.442963
v -0.34979 0.54325 0.781551
v -0.282748 0.745946 0.781319
v 0.285529 -0.700655 0.664206
v 0.339456 -0.913983 0.56527
v 0.214093 0.580111 0.836358
v 0.817185 0.413579 0.496334
v -1.368845 0.309953 -0.457945
v 0.391703 0.040872 0.717572
v -0.391702 0.040888 0.717569
v -0.322083 -0.738515 0.629728
v 0.040246 -0.936712 0.414282
v -0.369084 0.712095 0.762129
v 0.077847 -0.404548 0.744997
v -0.196022 0.726594 0.792274
v -0.151068 0.28158 0.749439
v -0.552881 0.281129 0.681387
v -0.981697 -0.082954 -0.256435
v 0.182308 0.127746 0.749843
v -0.182317 0.127755 0.749842
v -0.664572 0.061444 0.600859
v 0.147548 -0.858832 0.699558
v -0.336009 -0.804528 0.410572
v 0.039624 -0.51478 0.302815
v 0.127865 0.664432 0.717811
v 1.166552 0.473563 -0.375542
v 0.335943 -0.804666 0.410349
v 0.037836 0.141283 0.74145
v 0.858707 0.355588 0.593897
v 0.162859 -0.442691 0.289775
v 0.320185 0.677696 0.825752
v -0.367194 0.547524 0.516398
v -0.773671 0.401625 0.4278
v -0.079861 -0.324951 0.737278
v -0.325898 0.270825 0.834569
v 0.325898 0.270825 0.834569
v 1.269868 0.124046 -0.409616
v -0.135653 -0.505714 0.342329
v 0.13566 -0.505718 0.342338
v 0.766635 -0.097918 -0.12189
v -0.190226 -0.734176 0.715246
v -0.187454 -0.432814 0.313571
v 0.043358 -0.968992 0.608581
v 1.289828 0.47325 -0.442229
v 0.19036 -0.734208 0.715185
v -0.23626 0.034292 0.745794
v 0.235786 0.034454 0.74555
v -0.127295 -0.464926 0.284052
v 0.245337 -0.462873 0.394269
v -0.245358 -0.462873 0.394249
v -0.490067 0.572335 0.587327
v 0.369768 -0.129478 0.505653
v 1.228069 0.202784 -0.486758
v -1.06976 0.456715 -0.321217
v -0.369551 -0.129427 0.505545
v 0.981607 -0.085417 -0.25939
v 0.387202 -0.0161 0.688206
v -0.711932 0.473787 0.659978
v 0.134464 -0.568277 0.740182
v -1.194876 0.031441 -0.390437
v 0.30224 -0.962293 0.49705
v -0.134247 -0.568296 0.740301
v -0.098877 0.238155 0.761154
v -0.788018 0.336472 -0.422857
v 0.787887 0.336448 -0.422629
v -0.797097 -0.056133 -0.141598
v -0.087673 0.537859 0.784871
v 0.067892 0.487423 0.716045
v 0.225112 -0.405288 0.369404
v -0.272137 -0.34368 0.558737
v 0.272155 -0.343674 0.558738
v -0.714773 -0.043651 -0.042763
v 0.748878 0.462368 0.651259
v 0.243822 -0.340991 0.643035
v -0.243882 -0.340925 0.642794
v -0.225524 -0.404822 0.369583
v -0.189152 0.541992 0.836332
v 0.187378 -0.345745 0.71078
v -0.187376 -0.345746 0.710779
v -0.832456 0.447691 0.604304
v 0.965533 0.420419 -0.252114
v 0.34988 0.543237 0.781539
v -0.48175 0.113973 0.707649
v 0.481772 0.113955 0.707667
v 0.031653 0.307491 0.800698
v 0.033607 0.21102 0.762693
v 0.82602 0.448688 0.571313
v -0.527157 0.20838 0.701659
v -1.090192 -0.0373 -0.338882
v 0.527373 0.208269 0.70176
v -0.318114 0.599536 0.818571
v 0.527473 0.276661 0.701775
v -0.56396 0.02801 0.639478
v 0.563941 0.028026 0.63945
v -0.481571 0.372284 0.707369
v 0.481595 0.372303 0.707391
v 3.9999999999996635e-06 -0.413074 0.744208
v 0.031656 -0.620156 0.33395
v -0.463741 0.049743 0.681735
v -0.173141 -0.910543 0.657486
v 0.088905 -0.985909 0.534904
v -0.935999 0.405001 -0.234128
v 0.169523 0.242246 0.756559
v -0.137812 -0.266512 0.727382
v 0.380954 0.347874 0.815941
v -0.409692 0.335349 0.809561
v -0.084327 0.441595 0.604961
v 0.437434 0.518944 0.781447
v -0.43744 0.51896 0.78149
v -0.031985 0.441858 0.774058
v 0.268689 0.555909 0.552361
v 0.168896 0.440744 0.788326
v -0.380668 0.142927 0.815377
v 0.40913 0.155168 0.809066
v -0.351792 0.426162 0.735133
v 0.351796 0.426191 0.735155
v 0.213068 0.485038 0.781554
v 0.644146 0.351263 0.662927
v -0.644119 0.351264 0.662918
v -0.318355 0.067557 0.746832
v 0.217074 -0.939112 0.613717
v 0.318234 0.067366 0.746922
v 0.991644 -0.025201 -0.291639
v 0.717399 0.458367 0.268175
v 0.816236 0.040986 -0.25223
v 1.218437 0.263909 -0.483697
v 0.58803 0.125131 0.650455
v -0.991386 -0.025002 -0.292672
v -0.821821 -0.025394 -0.223828
v -0.253363 0.09445 0.757727
v -0.052139 0.361402 0.816208
v -0.27924 0.321344 0.831628
v 0.253289 0.094234 0.757799
v 0.907286 0.385912 -0.219315
v -1.199286 0.366323 -0.418804
v 0.172254 -0.187302 0.728414
v 0.717373 -0.005526 -0.098612
v -0.430977 0.464603 0.73192
v 0.430977 0.464603 0.73192
v -0.217145 -0.938664 0.614412
v -0.885681 0.367404 -0.215051
v -1.082454 0.199424 -0.385993
v 1.082454 0.199424 -0.385993
v -0.02952 -0.681721 0.735735
v -0.295982 -0.95884 0.533081
v -0.713879 0.029991 -0.16107
v -0.171744 -0.188935 0.72662
v 0.213249 -0.214672 0.557962
v 0.113128 0.39941 0.808486
v 0.336185 0.052694 0.741327
v -0.113094 0.399527 0.808516
v -0.154288 0.3865 0.77267
v 0.154288 0.3865 0.772669
v -0.150665 -0.774573 0.718348
v -0.722376 0.423729 0.699614
v -1.032217 0.103803 -0.395235
v -0.253427 0.391704 0.757345
v 0.028495 -0.719251 0.738915
v -0.238752 -0.272437 0.528016
v 0.238692 -0.272632 0.528051
v 0.253331 0.391929 0.757431
v 0.279932 -0.955864 0.561794
v 1.032573 0.102689 -0.394861
v 0.028356 -0.918676 0.67076
v 0.650308 0.191396 0.636393
v -0.650304 0.191398 0.636386
v 0.052123 0.42601 0.629452
v 0.353496 0.466773 0.73626
v 0.831709 0.302236 -0.149648
v -0.639606 0.465561 0.733516
v 0.098787 0.238175 0.761132
v -0.095423 0.290978 0.771108
v 0.095344 0.291007 0.771104
v 1.002622 0.335614 -0.342872
v 0.220006 -0.25936 0.474967
v 0.84786 0.326276 -0.211005
v -0.220082 -0.259149 0.474929
v -1.102968 0.352523 -0.436767
v -0.302244 0.155179 0.830292
v 0.302247 0.155187 0.830293
v 0.815738 0.151673 -0.301948
v -0.355476 0.444114 0.749452
v 0.699785 0.433615 0.714322
v 0.265617 0.297333 0.835208
v 1.079065 0.002378 -0.360404
v -1.233946 0.238427 -0.482554
v -1.003637 0.349574 -0.320687
v -0.023864 -0.774346 0.658177
v 0.296569 0.449345 0.756757
v -0.185821 0.4276 0.770617
v 0.695394 -0.081601 -0.151657
v -0.573508 0.163824 0.675752
v 0.969183 0.218948 -0.358785
v -1.041655 -0.0014790000000000037 -0.397221
v 1.041655 -0.001479 -0.397221
v -0.969206 0.218927 -0.358784
v 1.102382 0.351968 -0.438391
v -0.963202 0.327834 -0.285021
v 0.963238 0.327605 -0.285276
v 1.225762 0.418953 -0.397886
v 0.574754 0.405577 0.691833
v -0.574775 0.405482 0.691834
v -0.808881 0.22452 -0.210385
v 0.10421 -0.925093 0.654922
v 1.110153 0.449415 -0.348178
v -0.94356 0.156265 -0.344805
v 0.94356 0.156265 -0.344805
v 0.863691 -0.021032 -0.255778
v 0.661597 0.285523 0.644702
v 1.021493 0.394369 -0.301713
v -0.661507 0.285448 0.6447
v -0.217445 -0.226498 0.609329
v -0.069575 -0.929253 0.655788
v 0.114497 -0.160831 0.807267
v 1.183489 0.413976 -0.396297
v 0.728084 0.052568 -0.209399
v -0.728094 0.052561 -0.209401
v -0.856477 0.244028 -0.238023
v 0.760551 -0.032167 -0.190176
v -1.016853 0.318608 -0.397719
v 1.016862 0.318602 -0.397707
v 0.453273 0.029063 0.6802
v 0.90247 -0.03463 -0.207793
v -0.246098 0.241971 0.832047
v 0.019335 0.409783 0.792975
v 0.912352 0.284016 -0.258623
v -0.928975 0.007357999999999999 -0.318926
v 1.245763 0.246926 -0.473779
v -0.902217 -0.034536 -0.208906
v -0.893948 0.310067 -0.226118
v -0.849896 0.189193 -0.271314
v -0.699859 -0.043638 -0.13897
v 1.242114 0.221567 -0.426926
v -0.912422 0.283961 -0.258723
v -0.858816 0.113974 -0.329094
v -0.833271 0.307528 -0.205224
v 0.92928 0.006773000000000001 -0.318585
v 0.858907 0.114078 -0.329051
v 0.021013000000000004 -0.791744 0.642081
v -0.377752 0.120281 0.762191
v -1.199965 0.331608 -0.47152
v 0.964923 0.276799 -0.356957
v 0.377948 0.119998 0.762648
v -0.964925 0.2768 -0.356955
v -0.289947 0.341774 0.794752
v 0.28995 0.34177 0.794757
v 0.903876 0.253486 -0.300776
v 0.020846 -0.346159 0.739512
v 0.994388 0.164043 -0.363618
v -0.994414 0.164012 -0.363633
v 1.199877 0.331538 -0.472459
v 0.823878 0.265962 -0.191208
v -1.033471 0.24462 -0.378241
v 1.033469 0.244619 -0.378248
v -0.876847 0.222194 -0.29575
v -1.121848 0.025459 -0.387772
v -0.377881 0.370445 0.76219
v 0.022099 -0.298478 0.797696
v 0.378075 0.370743 0.762641
v 0.281948 0.138217 0.780591
v -0.282074 0.138525 0.780263
v 0.890816 0.205785 -0.331531
v -0.890766 0.205838 -0.331506
v 0.229836 0.217706 0.78476
v -0.553985 0.330203 0.685913
v -0.237026 0.19415 0.785524
v 0.236018 0.29379 0.785921
v 0.854478 0.214832 -0.25322
v 0.022037 -0.263199 0.816796
v -0.269373 0.470741 0.753223
v -0.236394 0.29361 0.785704
v 1.069121 0.264641 -0.38482
v -1.069123 0.264642 -0.384819
v -0.565541 0.300365 0.682399
v -1.198629 0.08911 -0.4695
v 1.198629 0.08911 -0.4695
v 0.856077 0.187042 -0.319642
v -0.856077 0.187041 -0.319642
v -0.590148 0.345906 0.678368
v 1.229696 0.072906 -0.404688
v -0.417109 0.014518 0.687647
v 0.154875 -0.271446 0.719104
v -0.140715 0.193407 0.755599
v 0.156501 0.158372 0.751246
v -0.760184 0.104041 -0.257416
v -0.445312 0.335938 0.78125
v 0.445312 0.335938 0.78125
v -0.445312 0.15625 0.78125
v 0.445312 0.15625 0.78125
v -0.516226 0.358877 0.706022
v 0.011967 -0.86894 0.672676
v 0.760229 0.103614 -0.257418
v -0.468472 0.29194 0.780493
v -0.044125 -0.288936 0.797228
v -0.467789 0.196451 0.780202
v 0.801062 -0.001167 -0.250185
v -0.800923 -0.0011549999999999996 -0.25012
v -0.026982 -0.138989 0.784645
v -0.10763 -0.209071 0.829864
v 0.011474 -0.188785 0.82523
v -0.569487 0.264491 0.679142
v -0.175024 -0.294894 0.710038
v 0.085013 -0.203706 0.83435
v -0.102934 -0.888627 0.690432
v -0.096618 -0.273869 0.744671
v -0.84615 0.032592 -0.297436
v 0.120225 -0.260894 0.735795
v 0.845935 0.032439 -0.297145
v -0.213118 -0.220023 0.515022
v 0.213036 -0.220053 0.514919
v 1.230266 0.165882 -0.465038
v -0.476562 0.242188 0.773438
v 0.476562 0.242188 0.773438
v 0.0 -0.765625 0.734375
v 0.223128 0.366906 0.771712
v -0.067578 -0.165213 0.823936
v -0.24731 -0.15575 0.476214
v 0.247325 -0.155744 0.476217
v -0.803862 0.090474 -0.274032
v 0.803858 0.09045 -0.27404
v -0.043636 -0.25728 0.816365
v 0.051063 -0.162301 0.822625
v 0.553704 0.329987 0.685722
v 0.121398 -0.240858 0.768804
v 0.565255 0.300131 0.682225
v 1.123196 0.03337 -0.425415
v 0.068212 -0.295524 0.762028
v -0.925509 0.074002 -0.33527
v 0.925508 0.074 -0.335277
v -1.23196 0.173573 -0.433298
v -0.113424 -0.703393 0.735284
v 0.113424 -0.703393 0.735284
v -0.023325 -0.318354 0.762553
v 0.175741 0.203146 0.77891
v -0.175741 0.203146 0.778911
v 0.057325 -0.131438 0.801344
v 0.835927 0.06423 -0.317701
v -0.835937 0.064242 -0.317705
v 1.228471 0.292806 -0.434596
v 0.06098 -0.842941 0.631877
v -0.061454 -0.826963 0.630134
v 0.862574 0.04144 -0.327191
v -1.237593 0.259175 -0.432635
v 0.569174 0.264567 0.679064
v 0.01557 -0.838092 0.627605
v -0.089303 -0.135848 0.801714
v 0.565258 0.22335 0.676525
v 0.028601 -0.129796 0.77035
v 0.106759 -0.143718 0.7563
v -0.86321 0.041375 -0.32768
v -0.375553 0.074288 0.736993
v -0.236231 0.37814 0.77089
v -0.565574 0.223281 0.676597
v 0.792716 0.103985 -0.330147
v -0.10648 -0.143772 0.756012
v -0.192749 0.105187 0.745614
v 0.192749 0.105187 0.745615
v -0.097919 -0.254824 0.800636
v -0.599796 0.290929 0.681279
v -0.792554 0.104103 -0.330191
v 0.185407 0.25971 0.769293
v 0.071315 -0.841831 0.680905
v -0.071667 -0.84171 0.680994
v 0.097827 -0.255041 0.800341
v -0.084789 -0.772067 0.646081
v 0.095232 -0.778249 0.697491
v 0.084787 -0.772081 0.646081
v -0.095651 -0.778585 0.697481
v 0.515868 0.358171 0.705829
v 0.204699 0.332146 0.770239
v -0.185016 0.25962 0.76963
v 0.516196 0.155619 0.691418
v 0.250162 0.388605 0.77094
v 0.224134 0.128265 0.769776
v -0.13216 -0.229506 0.737984
v 0.12987 -0.182432 0.759855
v -0.204245 0.332259 0.77059
v 0.191565 0.178121 0.764512
v -1.160035 0.059962 -0.440886
v -0.191366 0.178022 0.764714
v -0.234488 0.116949 0.772788
v -0.101141 -0.732046 0.732417
v 0.101141 -0.732046 0.732417
v -0.250775 0.421589 0.774102
v 0.204202 0.151675 0.765535
v -0.329225 0.364442 0.798516
v 0.329184 0.364466 0.798469
v 0.826559 -0.021682 -0.298763
v -0.3293 0.127837 0.798411
v 0.329258 0.127816 0.798372
v -0.204008 0.151396 0.765734
v 0.090889 -0.126278 0.770181
v 0.42422 0.40692 0.76374
v -0.572744 0.357201 0.6895
v -0.424196 0.406848 0.763779
v -0.123147 -0.154192 0.774565
v -0.004088 -0.180246 0.768032
v -0.826803 -0.020714 -0.297982
v 0.277662 0.409972 0.770782
v 0.375553 0.074288 0.736993
v -0.300839 0.437645 0.761899
v -0.429195 0.071116 0.725721
v -0.133084 -0.203327 0.807334
v -0.103533 -0.827978 0.713548
v 0.103533 -0.827978 0.713548
v 0.167162 0.298577 0.780391
v 0.429157 0.071251 0.725741
v -0.167167 0.298575 0.780396
v 0.11737 -0.237901 0.812603
v 0.481422 0.092491 0.711567
v -0.378897 0.424217 0.760217
v 0.317392 0.439557 0.758135
v -0.493484 0.131174 0.701348
v -2.2000000000000318e-05 -0.1527 0.74442
v -0.337437 0.062598 0.749769
v -0.336108 0.417665 0.75567
v 0.356418 0.432864 0.757192
v -0.02414 -0.861683 0.641857
v -0.035894 -0.870681 0.685864
v -0.054131 -0.874844 0.694017
v 0.054131 -0.874844 0.694017
v 0.035286 -0.865442 0.672424
v 0.050707 -0.751743 0.730164
v -0.123486 -0.239743 0.804186
v -0.051587 -0.750929 0.730664
v 0.298837 0.077287 0.76075
v -0.839056 -0.009943999999999998 -0.316041
v 0.838738 -0.010283 -0.316793
v 0.465263 0.290331 0.772371
v 0.464513 0.198176 0.772146
v 0.0 -0.881954 0.689259
v -0.243523 0.830667 -0.591966
v -0.11941 0.662989 0.49126
v 0.364667 0.59745 -0.71325
v -0.364726 0.596792 -0.713071
v 0.412234 -0.149366 0.227943
v -1.6000000000002124e-05 0.836452 -0.650171
v 0.311763 0.26394 -0.771253
v 0.11469 0.41937 -0.866624
v -0.312642 0.264461 -0.770868
v 0.120333 0.991941 -0.192083
v -0.120511 0.991794 -0.192221
v 0.347576 0.62854 0.424648
v 0.238589 0.827438 0.347292
v -0.45375 0.593037 0.375431
v -0.240687 0.827741 0.345846
v 0.262718 -0.067768 -0.664183
v -0.089548 -0.199486 -0.654181
v 0.164825 -0.339989 -0.400599
v 1.099715 0.048271 -0.577635
v -0.788957 0.079765 0.148136
v 0.541645 0.553715 0.301872
v -0.087167 -0.31117 -0.506739
v -0.355191 0.963328 0.016474
v 0.788775 0.078749 0.147979
v -0.716848 0.380391 -0.497156
v -0.244141 -0.317358 -0.372584
v 0.67974 0.038097 0.321673
v -0.412254 -0.149397 0.227953
v 0.460739 0.923286 0.009657000000000008
v -0.340366 -0.200272 -0.478135
v 0.340364 -0.200274 -0.478139
v 0.461583 0.898426 -0.311072
v 0.463042 0.886369 0.164781
v -0.463039 0.886366 0.164786
v -1.000000000001e-06 -0.003886 -0.801735
v -0.489495 -0.156479 0.046375
v -1.255469 0.005292999999999999 -0.538312
v 0.217219 -0.375811 -0.178871
v -0.217344 -0.375909 -0.178832
v -0.852113 -0.113072 -0.367085
v -0.976018 -0.098632 -0.454312
v 0.638042 -0.107403 0.023742
v -0.563811 0.811212 -0.354245
v -0.605673 0.792863 -0.235145
v 0.605699 0.792744 -0.235224
v -0.638334 -0.106839 0.024195
v 0.06529 -0.668574 0.344963
v 0.298261 -0.249142 0.221752
v -0.259139 -0.30877 0.224789
v 0.368508 -0.150001 0.537835
v 0.781756 0.524728 0.179281
v 0.855094 0.12671 -0.444339
v 0.602581 0.764866 0.03765200000000002
v -0.153577 0.633007 0.643513
v -0.602262 0.764772 0.038362
v -0.857679 0.276983 0.004172
v -0.67983 0.038732 0.322051
v -0.21603 -0.118418 0.749536
v 0.485203 -0.167277 -0.035984
v 1.351785 0.282954 -0.539086
v 0.647774 0.746203 -0.13031599999999996
v -0.647773 0.746201 -0.130316
v -0.525307 0.415543 0.634781
v 0.651389 0.707179 -0.388314
v -0.651389 0.707176 -0.388314
v 0.487016 0.441499 0.650771
v -0.587168 0.197035 0.629076
v -0.583097 0.524388 0.258493
v -0.525529 0.072549 0.635017
v -0.808828 0.355644 0.432693
v 0.734184 0.658316 0.033947000000000005
v -0.806909 0.582344 0.066695
v 0.839485 0.279197 0.128681
v -0.18474499999999996 -0.411508 0.052468
v 0.184672 -0.4113 0.052431
v -0.817712 0.533574 -0.205384
v 1.321689 0.155418 -0.570257
v -1.321966 0.155181 -0.570285
v 0.816378 0.427563 -0.348339
v 0.821186 0.516664 -0.265439
v -0.854814 0.126819 -0.44377
v 0.10425 0.533247 0.681477
v -0.612736 0.557894 -0.553381
v 0.613019 0.558003 -0.553016
v 0.819054 0.540799 -0.084113
v 0.377648 0.491252 0.746364
v 0.057856 -0.457873 0.180383
v -0.956129 0.294687 -0.511207
v 0.837673 0.523033 0.031467
v 0.77191 0.234804 0.593053
v 0.580529 0.356167 -0.61949
v -0.580541 0.356166 -0.619507
v 0.753144 0.358355 -0.461475
v -1.100108 0.154767 -0.415321
v 1.100156 0.154747 -0.41519
v -0.816804 0.496954 -0.328066
v 0.283557 -0.106557 0.711137
v -1.349165 0.345288 -0.520779
v 0.745773 0.116374 0.381307
v -0.745812 0.116379 0.381292
v -0.803509 0.315042 0.253461
v -0.479128 -0.173482 -0.11736
v 0.713763 0.205279 -0.488357
v -0.712796 0.205182 -0.487499
v -0.107014 0.242176 0.701838
v -1.196218 0.472728 -0.5475
v 1.290758 0.433883 -0.547799
v 0.122013 -0.023488 0.788964
v 0.529538 0.189282 -0.620399
v -0.529488 0.189177 -0.620385
v -0.156501 0.158372 0.751246
v -0.849845 0.458754 -0.006803000000000002
v -0.67574 -0.033264 -0.400331
v 0.638166 0.440085 0.331566
v -0.449213 -0.086118 -0.475522
v 0.44926 -0.086033 -0.475766
v -0.36673 -0.143329 0.589296
v 0.799868 0.300634 0.360002
v -0.36587 -0.796386 0.50112
v 0.300308 -0.599429 0.426123
v -0.445354 0.583959 0.565167
v 0.981432 -0.134172 -0.318359
v 0.783929 -0.150294 -0.284036
v 0.646427 0.062824 -0.480539
v -0.566631 0.084696 -0.539396
v -0.335246 -0.5864 0.526871
v 0.358826 -0.744228 0.56121
v 0.033914 0.535735 0.583484
v 0.981357 0.425136 -0.460504
v 0.367814 -0.847207 0.492485
v 0.481177 -0.075153 0.454896
v -0.481171 -0.075128 0.454898
v -0.347444 -0.093612 0.679283
v -0.30615 0.008566 0.685449
v 0.306196 0.008657 0.685575
v -0.904183 0.257931 -0.271566
v -0.217431 0.044544 0.699509
v -0.977847 0.467845 -0.376078
v 0.671028 -0.077712 -0.347426
v 0.449683 0.029116 -0.579714
v -0.449679 0.029119 -0.57971
v 0.421042 -0.186977 -0.312673
v -0.298097 -0.172662 0.420364
v 0.587183 0.288176 0.629296
v 0.125639 0.118533 0.734634
v 0.298449 -0.171318 0.420394
v -0.420947 -0.186989 -0.31255
v 0.116149 0.196285 0.709103
v -0.104015 -0.449028 0.219924
v -0.820214 0.220313 -0.093688
v 0.587098 0.19701 0.629173
v 0.727061 -0.139293 -0.129184
v 0.551074 -0.13911 -0.175623
v -0.551046 -0.138956 -0.175646
v 0.842747 0.219466 0.528713
v -1.182155 -0.043671 -0.413771
v 0.569593 0.492523 0.480067
v 1.140429 0.515827 -0.401818
v -0.203312 -0.901326 0.397375
v 0.247503 -0.440707 0.683145
v -0.700019 0.100159 0.590794
v -0.4686 -0.056902 0.635779
v 0.198437 -0.85452 0.381897
v -0.730858 0.245875 0.616182
v 0.646734 0.160203 0.632807
v -0.069006 0.039199 0.744268
v -0.569574 0.492303 0.480926
v -0.754076 0.472625 0.618822
v -0.096362 -0.068425 0.801784
v 0.283032 0.745025 0.784007
v -1.137375 0.512714 -0.403681
v -0.664205 -0.10727 -0.285012
v 0.635129 -0.107098 -0.156798
v 0.780466 0.103076 0.5115
v -0.803711 -0.109029 -0.119089
v -0.375707 0.685867 0.611594
v 0.944542 0.459495 -0.309475
v 0.781649 0.338229 0.632398
v 0.196609 0.72581 0.79503
v -0.189977 -0.801171 0.370564
v 0.278622 -0.63545 0.671445
v 0.176515 0.68716 0.64809
v 7.000000000000062e-06 -0.008567000000000002 0.723001
v -0.294011 0.721993 0.623711
v 0.847039 0.319705 -0.087781
v 1.185318 -0.045339 -0.409584
v 0.369119 0.711892 0.763405
v -0.315153 -0.500206 0.611522
v 0.181377 -0.746141 0.366076
v -0.768886 0.126768 -0.240174
v 0.315018 -0.500202 0.611337
v -0.780948 0.102723 0.509206
v -0.843677 0.220397 0.524328
v -0.285535 -0.700655 0.664217
v -0.339106 -0.913677 0.565746
v 0.41276 0.647708 0.600671
v 1.368845 0.309953 -0.457945
v 0.787682 0.150544 -0.09533
v -0.275496 -0.357329 0.527096
v -0.04023 -0.936842 0.414309
v -0.175127 -0.691615 0.3654
v -0.330309 -0.818711 0.615114
v 0.773675 0.401621 0.427799
v 0.330225 -0.818675 0.614941
v -0.192474 0.74263 0.715039
v -0.324531 0.740761 0.770692
v 0.130216 0.65287 0.793841
v -0.809609 0.234819 -0.171712
v 0.322088 0.653712 0.577732
v 1.249171 0.065883 -0.408922
v -0.320144 0.677827 0.825741
v 0.487904 -0.110732 0.571063
v 0.127033 -0.465224 0.284923
v -0.408602 0.675094 0.749436
v -0.129926 0.65279 0.792502
v -0.288812 -0.884789 0.380936
v -0.163511 -0.58228 0.36822
v 0.037243 -0.845447 0.360777
v 0.289085 -0.884537 0.380964
v -0.487795 -0.110775 0.570063
v 0.731126 -0.014330000000000002 -0.035119
v -0.726089 0.455063 0.518417
v -0.857088 0.402947 -0.350674
v 0.856756 0.402707 -0.35059
v -0.772301 0.060589 -0.031792
v 0.689974 0.464928 0.526583
v 0.029012 -0.700487 0.737341
v -0.239042 -0.388561 0.401274
v 0.239031 -0.388566 0.40127
v 0.474788 0.536994 0.522009
v -0.474739 0.536838 0.522047
v -0.326147 0.215594 0.834224
v 0.326147 0.215594 0.834224
v 0.758978 0.133287 -0.167108
v 0.805191 0.290599 -0.389397
v -0.486494 0.594928 0.723346
v 0.486516 0.594944 0.723341
v -0.186344 0.648747 0.84328
v -0.597071 0.531753 0.691265
v -0.103247 -0.518492 0.329835
v -0.805186 0.290559 -0.390287
v 0.186375 0.648617 0.843295
v -0.035851 0.176313 0.751358
v -0.751568 0.081043 -0.09879
v 0.124541 -0.50649 0.744868
v -0.143523 -0.629997 0.73466
v 0.711939 0.473787 0.659988
v 0.152748 -0.691689 0.728715
v 0.0 -0.969509 0.610764
v 0.68795 0.301009 0.644884
v 0.291248 -0.735755 0.659314
v -0.626713 0.024807 0.607778
v -0.113934 -0.44482 0.746147
v 0.597067 0.532313 0.690395
v 0.034115 -0.736112 0.339802
v -0.261857 -0.96834 0.50583
v 0.093962 -0.548299 0.345611
v -1.040233 -0.072038 -0.309043
v -0.204886 -0.383354 0.263114
v 0.797268 -0.056013 -0.141354
v 0.205149 -0.383406 0.263417
v -0.067965 0.487381 0.716018
v -0.198307 -0.485161 0.362356
v -0.737666 0.400837 0.363643
v -1.199407 0.287287 -0.483636
v -0.859811 0.357963 0.589392
v 1.040233 -0.072038 -0.309043
v 0.689235 0.013357 0.548427
v 0.87279 0.367073 0.529499
v -0.078292 0.443767 0.638682
v -0.238858 -0.407556 0.682834
v 0.275422 -0.357106 0.52758
v 0.219339 -0.342151 0.680653
v -0.335836 -0.946508 0.489022
v 0.335847 -0.946499 0.489021
v 1.323125 0.424043 -0.438091
v -0.221766 -0.276674 0.64078
v 0.063998 0.481394 0.781901
v 0.219949 -0.971344 0.514278
v -0.033084 0.243167 0.775831
v 0.875211 0.293138 -0.225113
v -0.689257 0.013304 0.547356
v 0.11115 -0.405989 0.741058
v -0.82575 0.448823 0.571739
v 1.14506 0.072237 -0.469173
v 0.586527 0.056171 0.637712
v 1.351754 0.178371 -0.437088
v 0.789954 0.461642 0.579823
v 0.589147 -0.056463 0.567698
v -0.527244 0.276563 0.701648
v 0.318118 0.599495 0.818428
v -1.181813 0.098708 -0.476563
v -0.699803 0.433616 0.714315
v -0.589071 -0.0564 0.567308
v 0.936982 0.404002 -0.233211
v -0.348084 0.57948 0.809821
v 0.084385 0.441551 0.604911
v -0.706737 -0.037485 -0.107138
v -1.2449 0.268872 -0.420998
v 0.500743 0.14381 0.708843
v 0.031516 -0.564509 0.323948
v 0.044525 -0.990264 0.540849
v -0.45252 0.095288 0.719814
v -0.044504 -0.990169 0.540971
v 0.45257 0.09501 0.719964
v 0.132937 -0.979036 0.529039
v -0.387239 0.06795 0.733908
v -0.132927 -0.978985 0.529191
v 0.387309 0.067723 0.734063
v -0.516357 0.175122 0.706539
v -0.165725 0.533959 0.579506
v -0.500557 0.341951 0.708633
v 1.201445 0.131729 -0.485565
v 0.500791 0.342033 0.708752
v 0.223041 0.113542 0.756754
v -1.021663 0.450357 -0.294878
v 1.021663 0.450357 -0.294878
v -0.181068 -0.216341 0.702453
v -0.213005 0.485242 0.781628
v -0.382316 0.177812 0.821811
v -0.716921 0.458423 0.268229
v 0.482519 0.242305 0.73516
v -0.228887 -0.264572 0.501283
v -1.067888 0.03519599999999999 -0.440275
v 0.407843 0.53896 0.791769
v -0.407851 0.539028 0.791822
v -0.963726 0.422431 -0.253768
v 0.228775 -0.264962 0.501339
v -1.298802 0.04831 -0.454227
v -0.43809 0.447259 0.688432
v 0.821469 0.151149 -0.323451
v -0.821465 0.151151 -0.323453
v -0.178206 0.207926 0.762327
v -0.223195 0.372644 0.756379
v 0.223178 0.372663 0.756401
v 0.167898 0.536682 0.583101
v 0.737693 0.400847 0.363667
v -0.178121 0.277018 0.762331
v -0.907286 0.385912 -0.219315
v -0.665893 0.431157 0.339663
v -0.204881 0.143047 0.76292
v 0.177914 0.277123 0.762476
v 0.438032 0.447187 0.688493
v 0.202502 -0.2213 0.661787
v -0.746603 -0.067379 -0.144559
v -0.284047 0.020731 0.733939
v -0.7135 0.316236 0.644743
v 0.206549 0.213236 0.773457
v -0.318318 0.41849 0.746401
v 0.31819 0.418705 0.746501
v 0.295991 -0.958842 0.533084
v -0.108007 -0.329241 0.731485
v 0.543594 0.137137 0.683361
v 0.107372 -0.329351 0.731655
v 0.705628 -0.031118 -0.106276
v -1.36237 0.247502 -0.435286
v -0.111075 0.498446 0.83762
v -0.543965 0.136626 0.683119
v 0.133225 0.393366 0.787443
v 0.148715 -0.83139 0.707603
v -0.149083 -0.831439 0.707286
v -0.261546 -0.946555 0.588966
v 0.853616 0.395249 -0.266185
v -0.027447 0.410803 0.62928
v 1.085387 0.011644 -0.419378
v -0.253951 0.268735 0.835277
v 0.253958 0.268732 0.835277
v 0.693146 0.379039 0.687343
v -0.693154 0.379036 0.687392
v -0.404377 0.44727 0.725159
v 0.133662 -0.138362 0.792412
v 0.057189 -0.124733 0.747375
v 0.221605 -0.340733 0.364717
v -0.666839 -0.108244 -0.149861
v -0.221307 -0.34062 0.364415
v 0.138828 -0.920596 0.653235
v -0.138828 -0.920591 0.653229
v 0.629397 0.214603 0.649072
v -0.629399 0.214602 0.649074
v -0.83139 0.302332 -0.149564
v -0.0271 -0.622616 0.739017
v 0.30362 0.126895 0.776977
v 0.833783 0.343946 -0.259397
v 0.479369 0.444784 0.720809
v 0.213554 -0.874155 0.669596
v -0.213779 -0.874226 0.669479
v -0.962193 -0.013881000000000003 -0.319747
v -0.479369 0.44459 0.720832
v -0.301852 0.335392 0.830918
v 0.301857 0.335383 0.830919
v -0.870091 -0.030838 -0.188917
v -0.30383 0.127269 0.776888
v 0.153282 0.236172 0.773466
v -0.153265 0.236164 0.773445
v 0.426118 0.352436 0.752898
v -0.403133 0.363533 0.758104
v 0.425864 0.138242 0.752927
v -0.425719 0.13855 0.752432
v 1.003654 0.349402 -0.320865
v 0.044428 -0.493559 0.287481
v -0.266302 0.190995 0.834619
v 0.266309 0.190998 0.834619
v 1.269766 0.338837 -0.401554
v -0.461132 0.316312 0.744741
v 0.086246 0.447782 0.833594
v 0.185821 0.4276 0.770616
v -0.983178 0.339237 -0.303136
v 0.073051 0.38287 0.822315
v -0.073053 0.38295 0.822253
v -0.274729 -0.908676 0.62015
v -0.04459 -0.493365 0.286781
v 0.355484 0.4441 0.749443
v 2.7e-05 0.375933 0.81373
v 0.27495 -0.90897 0.619917
v 0.303397 0.363765 0.776998
v -0.178946 0.371146 0.777977
v 0.453087 0.217799 0.79822
v 0.179002 0.371156 0.777981
v 1.245687 0.205458 -0.476088
v 1.277703 0.239376 -0.405438
v 0.223082 -0.724074 0.702698
v -0.223034 -0.724067 0.702715
v -0.610674 0.432098 0.73448
v -0.303605 0.36339 0.776869
v -1.311747 0.360894 -0.402065
v -0.146382 0.418888 0.789812
v -1.183439 0.413988 -0.396487
v -0.46055 0.172893 0.744663
v -1.258003 0.451376 -0.401153
v 0.770118 0.003693 -0.228461
v -1.021494 0.394359 -0.301707
v 1.202118 0.456667 -0.391482
v -0.769886 0.003689000000000001 -0.228323
v 0.611011 0.432615 0.734645
v -1.235124 0.276798 -0.474298
v -0.843712 0.25596 -0.22458
v -0.514101 0.038698 0.660854
v 0.514094 0.038716 0.660861
v 0.125794 -0.205192 0.816878
v -0.919495 -0.117455 -0.20621
v -0.066188 -0.301449 0.746565
v 0.126784 0.281251 0.763577
v -0.126784 0.281251 0.763578
v -0.82475 0.340637 -0.263786
v 0.856413 0.244072 -0.237688
v 0.984145 0.109423 -0.359742
v -0.984159 0.109422 -0.359715
v 0.92888 -0.075913 -0.210175
v 0.998698 0.382243 -0.284441
v 0.86186 -0.022428 -0.229185
v -1.175049 0.373821 -0.419963
v 1.17501 0.373728 -0.419904
v -0.453279 0.029048 0.680189
v 0.955073 -0.022143 -0.269022
v -0.924887 0.173397 -0.341884
v 0.924895 0.173391 -0.341875
v 1.100673 0.377597 -0.388505
v -0.168612 -0.943356 0.614909
v 0.168613 -0.943365 0.614912
v 0.257435 0.509861 0.773396
v 0.172488 0.065244 0.748334
v -0.172665 0.065357 0.748259
v -0.863394 -0.020523 -0.255629
v 0.332463 0.009845 0.71628
v 1.016601 0.258949 -0.37721
v -0.611606 0.355361 0.660557
v 0.611605 0.355361 0.660557
v -1.016561 0.259074 -0.377164
v 0.913213 0.326825 -0.227861
v -0.022157 -0.504332 0.749521
v -0.913196 0.326894 -0.227764
v 0.838893 0.050668 -0.295918
v 0.631144 0.316309 0.652727
v -0.631145 0.316309 0.652727
v -1.235601 0.164133 -0.481198
v -0.954786 -0.02208 -0.270167
v 0.751455 0.048617 -0.22702
v -0.711339 -0.01866 -0.151851
v 0.711381 -0.018691 -0.151949
v -1.100122 0.37738 -0.389782
v 0.085056 -0.91318 0.671886
v 0.904177 0.257937 -0.27157
v 0.937774 0.275269 -0.337588
v -0.937772 0.275269 -0.33759
v -0.974738 0.187502 -0.357042
v 0.974738 0.187502 -0.357042
v -1.260519 0.183557 -0.406815
v 1.145499 0.240186 -0.419708
v -0.931326 0.289373 -0.283396
v 0.931323 0.289376 -0.283397
v -0.839278 0.050912 -0.2965
v 1.040579 0.171954 -0.379854
v -1.040585 0.171952 -0.379837
v -1.145287 0.239629 -0.419271
v -0.751188 0.049379 -0.226782
v 1.217469 0.304729 -0.478659
v 0.223672 -0.232363 0.55631
v -0.559731 0.315417 0.684008
v -0.021858 -0.263166 0.816797
v -0.802286 0.153747 -0.258304
v 0.308446 0.474647 0.745428
v -0.308446 0.474647 0.745427
v 0.840715 0.196511 -0.255141
v 0.802368 0.153662 -0.258492
v -0.019739 -0.41134 0.745451
v -0.868372 0.232991 -0.2518
v -1.037919 -0.005516000000000001 -0.348235
v 1.037895 -0.00539 -0.348213
v -0.840748 0.19647 -0.255401
v -0.828621 0.296073 -0.189892
v -0.0182 0.432717 0.706221
v 0.82897 0.29599 -0.189994
v 0.877055 -0.002773 -0.296503
v 0.417068 0.014345 0.687605
v -0.879201 0.218561 -0.320017
v 0.879201 0.218561 -0.320017
v -0.018832999999999996 -0.814356 0.632623
v -0.019206 -0.142662 0.773657
v 0.962394 0.010868 -0.352314
v -0.873743 0.100166 -0.327952
v 0.873745 0.100167 -0.327941
v -1.229422 0.073122 -0.404631
v -0.022006 -0.904842 0.681769
v -0.056625 -0.123724 0.745855
v 0.021967 -0.904581 0.681933
v 0.030437 -0.148452 0.803854
v -0.483804 0.370255 0.726599
v 0.985411 0.286637 -0.37108
v 0.096617 -0.273868 0.744665
v -0.985301 0.286876 -0.370963
v 0.244137 -0.146282 0.506112
v 0.016582 0.427188 0.769369
v 0.026611 -0.228023 0.831499
v 0.279041 0.44757 0.761407
v -1.05167 0.218991 -0.379876
v 1.213022 0.324131 -0.43331
v 1.051651 0.218969 -0.379876
v 1.135291 0.0027399999999999994 -0.365709
v 0.0 -0.323803 0.759596
v -0.24408 -0.146031 0.505365
v -0.120191 -0.261191 0.735722
v 1.16106 0.330297 -0.471988
v -1.161052 0.330294 -0.471987
v 0.269298 0.105523 0.762606
v 0.865288 0.174427 -0.3278
v -0.865255 0.174448 -0.327835
v -0.096646 -0.763773 0.654283
v 0.096648 -0.763785 0.654293
v 1.083752 0.235156 -0.383627
v -1.083768 0.235176 -0.383632
v 0.214765 -0.240613 0.458849
v -0.214778 -0.240617 0.458853
v -0.153748 -0.2548 0.719052
v -0.364966 -0.119185 0.461925
v -0.009758 -0.18202 0.809781
v 0.364963 -0.119144 0.461951
v 0.156101 -0.288299 0.71933
v -0.024161 -0.769741 0.703823
v -0.339386 0.082133 0.744094
v 0.024164 -0.769668 0.703849
v -0.251539 -0.297003 0.554655
v -0.050788 -0.1623 0.82256
v -0.240203 -0.265604 0.554666
v -1.122394 0.033891 -0.425359
v -0.083692 -0.168808 0.823444
v -0.203074 -0.199626 0.499971
v 0.203581 -0.183571 0.546574
v -0.203602 -0.183588 0.546576
v 0.202995 -0.199671 0.499886
v 0.009842 -0.182432 0.810238
v -0.057513 -0.131735 0.801965
v -1.213124 0.323775 -0.435422
v 0.083866 -0.168773 0.823492
v -0.374985 0.027983 0.713766
v 0.086817 -0.827058 0.651092
v 0.922615 0.039226 -0.324566
v -0.92261 0.039228 -0.324564
v -0.129728 -0.181587 0.758447
v 1.237474 0.259154 -0.432588
v -0.087134 -0.826938 0.651263
v -0.046047 -0.862012 0.673838
v 0.213462 0.349852 0.770391
v 1.083858 0.32166 -0.434405
v -1.083841 0.321669 -0.434444
v -0.213221 0.349915 0.770553
v 1.026652 0.306503 -0.398823
v 0.810454 0.077161 -0.265147
v 0.126332 -0.245244 0.737021
v 0.599796 0.29093 0.681277
v -0.072676 -0.750016 0.673624
v -0.8103 0.077856 -0.265211
v -0.173546 0.128746 0.748775
v 0.173547 0.128746 0.748774
v 0.841311 0.083085 -0.326052
v -0.841294 0.083063 -0.326053
v 0.039624 -0.130113 0.759903
v -1.026403 0.307008 -0.398764
v -0.18629 0.207497 0.767285
v 0.186491 0.207602 0.767084
v -0.126982 -0.240103 0.794144
v 0.540048 0.178704 0.682664
v -1.23864 0.20712 -0.461336
v -0.056099 -0.729168 0.739641
v 1.232417 0.174889 -0.428169
v -0.118718 -0.158956 0.761874
v 0.072709 -0.749952 0.673061
v -0.593178 0.307572 0.683202
v 0.065155 -0.250537 0.814115
v -0.540446 0.178262 0.68279
v -0.065026 -0.250548 0.814097
v 1.214766 0.127284 -0.460305
v -0.216582 0.396977 0.779044
v -0.267674 0.433727 0.770446
v -0.595099 0.242044 0.677468
v 0.216671 0.396883 0.779044
v 0.595038 0.242101 0.677484
v 1.160451 0.059625 -0.440812
v 0.77867 0.089452 -0.322845
v -0.778661 0.08945 -0.322845
v -0.195543 0.16393 0.765028
v 0.195543 0.16393 0.765028
v 0.339765 0.083249 0.743626
v 0.586059 0.324244 0.684785
v -0.152616 -0.705363 0.728312
v 0.151802 -0.732483 0.72574
v -0.579635 0.34091 0.687024
v -1.083398 -0.025031 -0.33814
v 0.263971 0.399232 0.771039
v -0.237493 0.219644 0.810358
v 0.237454 0.219626 0.810336
v 0.12333 -0.154218 0.774215
v -0.462287 0.39449 0.748426
v -0.263881 0.399339 0.771105
v -0.236924 0.266745 0.810453
v 0.236886 0.266775 0.810433
v -0.351789 0.124762 0.793761
v 0.351789 0.124762 0.793761
v -0.351808 0.367469 0.793857
v 0.351808 0.367469 0.793857
v 0.069592 -0.123401 0.7728
v -0.062196 -0.848109 0.643815
v 0.572745 0.357209 0.689485
v -0.048266 -0.123706 0.772065
v 0.062115 -0.848144 0.643742
v -0.287292 0.346444 0.806501
v 0.28726 0.34647 0.806454
v -1.191985 0.092304 -0.457298
v -0.175085 0.320076 0.78067
v -0.255653 0.177817 0.810551
v 0.255612 0.177806 0.810529
v -0.091289 -0.12671 0.770613
v -0.287461 0.145849 0.806447
v 0.402774 0.060705 0.732016
v 0.287428 0.145829 0.806409
v -0.255059 0.312636 0.810677
v 0.255021 0.312656 0.810658
v 0.175259 0.320048 0.780662
v 0.125142 -0.241055 0.781741
v 0.292188 0.412131 0.766097
v -0.536027 0.370081 0.708462
v 0.760315 0.09374 -0.285701
v -0.760318 0.093756 -0.285697
v -0.12895 -0.178521 0.804155
v 0.499073 0.382001 0.728351
v -0.292223 0.412292 0.766179
v 0.846819 0.015019 -0.28534
v 0.445991 0.099731 0.717849
v -0.846824 0.015016 -0.285332
v -0.509177 0.117125 0.702364
v -0.009971 -0.140704 0.749323
v 0.012594 -0.159718 0.776109
v 0.078133 -0.231712 0.829674
v 0.011996 -0.866228 0.656974
v 0.103959 -0.266373 0.77476
v -0.011938 -0.858046 0.631652
v 0.024128 -0.86169 0.641812
v -0.103905 -0.266237 0.774916
v 0.508971 0.117475 0.702531
v 7.999999999999978e-06 -0.189563 0.784894
v -0.398869 0.081174 0.729391
v 0.150163 0.196001 0.762131
v -0.150117 0.196005 0.762128
v -0.165929 0.278175 0.779803
v -0.446136 0.099153 0.718068
v -0.401181 0.358055 0.787041
v -0.400999 0.134213 0.786977
v 0.321369 0.416448 0.757533
v 0.401149 0.358147 0.787006
v 0.40098 0.134135 0.786947
v 0.166055 0.278161 0.779806
v -0.092174 -0.84043 0.70759
v -0.321403 0.416601 0.757629
v 0.083778 -0.720239 0.73784
v 0.397867 0.399905 0.762235
v -0.076458 -0.740801 0.730249
v -0.82306 -0.011267999999999999 -0.320433
v 0.823053 -0.011252 -0.320451
v -0.067659 -0.863977 0.697178
v -0.070188 -0.29298 0.773217
v 0.070125 -0.293026 0.773357
v -0.398012 0.400256 0.762305
v 0.814193 -0.015555 -0.284455
v -0.814201 -0.015529 -0.284429
v -0.024032 -0.317054 0.774105
v 0.023997 -0.317108 0.774175
v 0.076041 -0.741165 0.729939
v 0.091664 -0.839794 0.707119
v 0.067171 -0.863337 0.696666
v 0.356645 0.412199 0.756529
v 0.025372 -0.762778 0.730331
v -0.298739 0.076819 0.760664
v -0.35681 0.412629 0.75656
v -0.104647 -0.80285 0.715962
v -0.110374 -0.235463 0.819569
v -0.025814 -0.762418 0.73061
v -0.847879 0.01538 -0.311103
v 0.847878 0.01539 -0.311117
v -0.103582 -0.754164 0.723953
v 0.040868 -0.876945 0.691213
v -0.040973 -0.877339 0.69149
v 0.115544 -0.165607 0.760208
v -0.12478 -0.205954 0.760576
v 0.221348 0.106094 0.774589
v -0.441642 0.16011 0.773906
v 0.441642 0.16011 0.773906
v -0.22136 0.106123 0.77461
v -0.441669 0.33207 0.77394
v 0.441669 0.33207 0.77394
v -0.465214 0.29031 0.772325
v -0.464468 0.198189 0.772113
v 0.001383 -0.18203 0.756357
v 0.124936 -0.205522 0.759715
v 0.103492 -0.802654 0.715145
v 0.102459 -0.754021 0.723199
v 0.470645 0.21987 0.768088
v 0.471221 0.266528 0.768108
v -0.20125 0.129079 0.772635
v -0.472927 0.24218 0.766011
v -0.17253 0.184473 0.773465
v 0.172561 0.18448 0.773446
v 0.201345 0.129144 0.77264
v -0.013795 -0.880851 0.689321
v 0.013692 -0.880446 0.689064
v 0.2336 0.6498 0.459281
v -0.263324 -0.067851 -0.66382
v 0.365692 0.709212 -0.638721
v -0.360873 0.809959 -0.54521
v -1.185753 0.078372 -0.590099
v -4.000000000000002e-06 0.98766 -0.201992
v -0.119026 0.5391 -0.842944
v -8e-06 0.947141 -0.43904
v 0.354932 0.963539 0.016143000000000005
v -0.106644 0.298129 -0.864281
v 0.335804 0.369581 -0.776801
v -0.239667 0.986006 -0.181434
v 0.239345 0.986225 -0.18133
v -0.336272 0.369997 -0.776502
v 0.120361 0.834648 0.364626
v -0.813417 0.147354 0.143447
v -0.235819 0.650885 0.458264
v -0.121447 0.834603 0.364075
v -0.32823 -0.280981 0.056312
v 0.253453 0.053777 -0.718996
v -0.254432 -0.277798 -0.449477
v -0.089533 -0.26078 -0.584567
v 0.176054 -0.25005 -0.556249
v 1.088115 0.187537 -0.589296
v 0.085376 0.059328 -0.807666
v 0.563042 -0.097204 0.192307
v 0.358536 0.925556 0.187538
v -0.358788 0.925166 0.187802
v -0.08375 -0.352681 -0.423484
v 0.628552 -0.0008989999999999996 0.330837
v -0.241222 -0.247206 0.358181
v -0.486697 -0.121878 0.209675
v -0.228999 -0.347808 -0.292115
v -0.46074 0.92329 0.009661
v -0.08842500000000002 -0.01271 -0.781055
v 0.354981 -0.153249 0.340364
v 0.559517 0.809745 0.081752
v 0.957493 0.013985 -0.50942
v 0.352993 -0.220343 0.15017
v -0.752168 0.017326 0.154227
v -0.55923 0.809879 0.082342
v 0.408835 0.674805 0.751021
v 0.751961 0.016724 0.154241
v 0.310644 -0.651641 0.420491
v -0.957534 0.013626 -0.510055
v 0.513814 0.890499 -0.181289
v 0.610221 0.780028 -0.305287
v -0.515008 0.85807 -0.3341
v 0.842035 0.195603 0.002536
v -0.781744 0.524721 0.17928
v -0.602647 0.793919 -0.094819
v 0.602769 0.793848 -0.095219
v 0.505291 0.826205 -0.402981
v 0.80705 0.35196 -0.363252
v 0.201413 -0.395358 -0.064094
v -0.201471 -0.39553 -0.064079
v -0.486135 -0.166693 -0.035766
v 0.260366 -0.505254 0.681642
v -0.587296 0.594055 0.204839
v 0.587381 0.594063 0.204657
v 0.81337 0.37643 -0.247532
v -0.657113 0.034426 0.401735
v 0.73443 0.681762 -0.09270499999999998
v -0.734547 0.681696 -0.092983
v -0.348452 -0.172845 0.278549
v 0.525307 0.415543 0.634781
v 1.080179 0.455176 -0.513611
v 0.725338 0.427051 0.432409
v 0.817004 0.533358 -0.203763
v -0.612351 0.650025 -0.500184
v -0.649529 0.724678 -0.0033310000000000024
v 0.649532 0.724682 -0.0033279999999999885
v 0.612484 0.650021 -0.500008
v 0.806914 0.582345 0.066685
v -0.351963 0.486782 0.670351
v 0.351963 0.486782 0.670351
v 0.499739 0.575426 0.340841
v -0.499916 0.5759 0.340846
v -1.340136 0.218206 -0.561333
v 1.339946 0.218235 -0.561282
v 0.219697 -0.119432 0.743872
v 0.346982 -0.103085 -0.577369
v -0.346984 -0.103086 -0.577368
v 0.790562 0.402791 0.226165
v 0.756605 0.132471 0.305162
v -0.697476 0.69316 -0.306846
v -0.817138 0.428203 -0.351325
v -0.818498 0.542637 -0.08391400000000002
v 0.695791 0.674229 -0.369147
v -0.453229 0.625083 0.633556
v -0.178057 0.416011 0.698097
v 0.178057 0.416011 0.698097
v -0.837061 0.524762 0.031411
v -0.756502 0.133181 0.304978
v -0.773061 0.235432 0.590741
v -0.602941 0.459031 -0.594521
v 0.603134 0.459091 -0.594276
v -0.819992 0.267345 0.195849
v 0.816344 0.496447 -0.326649
v 0.177886 0.072052 0.698388
v 0.734126 0.280993 -0.474521
v 0.86739 0.267349 -0.443904
v -0.776532 0.602887 -0.326684
v -0.733618 0.280923 -0.473712
v -0.868433 0.266502 -0.443962
v -0.705045 -0.073679 0.01222
v -0.791114 0.15751 -0.241521
v -0.559583 0.271636 -0.626284
v 0.559572 0.271659 -0.626307
v 0.850533 0.45558 -0.007049
v -0.190846 -0.398508 0.2144
v 0.190846 -0.398508 0.2144
v 0.47865 -0.173741 -0.11747
v 0.147649 -0.054029 0.799351
v -0.032489 0.007898 0.745414
v -0.798776 0.300891 0.360454
v 0.804764 0.314803 0.252838
v -1.290816 0.433953 -0.547771
v -0.258851 -0.552857 0.388862
v 0.777669 -0.161442 -0.173819
v 0.293992 -0.442391 0.487095
v -0.316007 -0.470163 0.529579
v -0.683711 0.131789 -0.489585
v 0.684597 0.132198 -0.490615
v 0.675621 -0.033046 -0.400114
v 0.319811 -0.306416 -0.150936
v -0.914107 -0.134305 -0.367184
v -0.281317 -0.106577 0.715936
v -0.784205 -0.150358 -0.283866
v 0.348513 -0.093515 0.676763
v 0.492208 0.107514 -0.603717
v -0.492144 0.107523 -0.603758
v 0.438258 -0.140935 -0.39753
v -0.438279 -0.140917 -0.397265
v -0.599721 0.002592999999999999 -0.456075
v 0.335242 -0.586578 0.526261
v 0.849119 -0.143232 -0.327703
v 0.36758 -0.142765 0.586881
v -0.310704 -0.651274 0.421504
v 0.487245 0.04616 0.650838
v -0.563136 -0.027629 0.427417
v 0.563128 -0.027618 0.427419
v -0.354665 -0.830858 0.580839
v 0.354586 -0.830786 0.580656
v -0.854262 0.389873 -0.047729
v -0.3434 -0.64466 0.524841
v -1.309137 0.046776 -0.483858
v 0.116071 0.288888 0.709284
v 1.068465 0.033573 -0.43926
v -0.899209 0.435587 -0.331363
v -0.416471 -0.015906 -0.579785
v 0.416469 -0.015904 -0.579783
v -0.587242 0.288185 0.629209
v 0.353261 -0.252714 -0.331767
v 0.898086 0.43664 -0.33354
v -0.05289 -0.462992 0.227574
v -0.975659 0.452354 -0.42172
v -0.724923 0.427079 0.432185
v 1.019887 0.486594 -0.353109
v 0.665334 -0.106863 -0.284009
v 0.104163 -0.449699 0.219517
v 0.593692 0.46038 0.363711
v -0.395526 -0.223339 -0.224632
v -0.593497 0.460331 0.363684
v 0.730876 0.245865 0.616218
v -1.13808 0.493714 -0.498697
v 0.282046 -0.503335 0.435953
v -0.26748 -0.41499 0.444468
v 1.12181 -0.085483 -0.479867
v -1.07826 0.502553 -0.378283
v 0.571381 -0.123906 -0.252635
v -0.588186 -0.092756 -0.32653
v 0.699358 0.100622 0.59248
v 0.153868 0.632814 0.641458
v 0.190051 -0.801107 0.370573
v 7.799999999999994e-05 -0.107496 0.723372
v -1.04556 -0.113453 -0.369238
v 1.045559 -0.113488 -0.369135
v 0.864098 0.358201 0.031463000000000005
v -0.176579 0.687113 0.648318
v 0.374989 0.685629 0.610116
v -0.181377 -0.746141 0.366077
v -0.303967 -0.766804 0.379393
v 0.292402 -0.927345 0.40057
v 0.326886 -0.756112 0.413119
v -0.292391 -0.927356 0.400584
v 0.283679 0.762824 0.702118
v -0.097463 0.466864 0.645493
v 0.192415 0.742707 0.713645
v -0.803071 0.153815 0.412266
v 0.803071 0.153815 0.412266
v 0.522469 0.5156 0.500761
v -0.522308 0.515513 0.501543
v -0.121211 -0.024169 0.789211
v 0.175341 -0.69156 0.365489
v 0.322011 -0.738474 0.629565
v 0.857554 0.288792 0.562453
v -0.521586 0.128471 0.689333
v 0.762052 0.444705 0.510193
v -0.043389 -0.969026 0.608621
v -0.119825 -0.917816 0.410473
v 0.119845 -0.917776 0.410472
v -0.434127 -0.132382 0.570785
v 0.182287 0.356554 0.74989
v -0.182298 0.356544 0.749887
v -0.23872 0.740367 0.786731
v 0.636855 0.26948 0.648393
v -0.575836 -0.004482 0.619383
v -0.321728 0.654403 0.576369
v 0.207685 0.694113 0.825544
v 0.373281 0.724162 0.686017
v -0.206768 0.696272 0.821922
v -0.168753 -0.636936 0.366512
v 0.038641 -0.893756 0.384621
v -1.198545 0.133113 -0.486412
v -0.162896 -0.442734 0.289749
v 0.270434 0.646906 0.585059
v 0.436954 -0.117368 0.499739
v -0.829436 0.358513 0.465406
v 0.737676 0.056044 0.530379
v -0.77117 0.116863 -0.438198
v 0.829289 0.359657 0.465162
v -0.356785 0.652206 0.8183
v -0.373926 0.723577 0.687527
v 0.181483 -0.215348 0.703328
v 0.429566 0.00186 0.679128
v -0.163474 -0.161386 0.75212
v 0.766524 0.117605 -0.42784
v 0.108509 0.596145 0.789989
v -0.128059 0.663909 0.719991
v 0.382316 0.177812 0.821811
v -0.134677 0.549946 0.841139
v 0.772952 0.060849 -0.032303
v -0.68998 0.464941 0.526579
v 0.639285 0.489857 0.542359
v -0.75938 0.133332 -0.168556
v 0.190947 0.462893 0.785883
v -0.301745 -0.962248 0.496754
v 0.03506 -0.79391 0.346058
v -0.737997 0.055833 0.528411
v -0.387202 -0.0161 0.688206
v -0.12444 -0.506502 0.744978
v 1.24631 0.510552 -0.451403
v 0.035713 0.176356 0.751344
v 0.143696 -0.629992 0.734583
v -0.540197 0.561454 0.706545
v 1.261718 -0.007195999999999994 -0.505118
v -1.180369 0.308919 -0.478003
v -0.858697 0.290418 0.557574
v 0.539636 -0.084577 0.569753
v 0.113931 -0.444824 0.746112
v -0.789883 0.461638 0.580066
v -0.291283 -0.735778 0.659417
v -0.654172 0.501868 0.67575
v 0.656896 -0.085609 -0.11511
v -0.841126 0.21625 -0.025635
v 0.62671 0.024812 0.607805
v -0.340779 -0.852394 0.411032
v 0.65408 0.502391 0.674874
v -0.299181 -0.805665 0.646455
v 0.299197 -0.805648 0.646315
v 0.540133 0.561732 0.705895
v 0.219664 -0.699512 0.705389
v 0.340552 -0.852493 0.410784
v -0.211466 -0.635736 0.713477
v 0.033676 0.491063 0.589527
v 0.094678 -0.602112 0.354395
v 0.186948 -0.433293 0.313714
v -0.093969 -0.548313 0.345588
v 0.535071 0.242243 0.693811
v -0.539541 -0.084724 0.568827
v 0.142738 0.554314 0.567876
v 0.106396 0.070301 0.739605
v -0.106437 0.070403 0.739603
v 0.189497 0.541681 0.836026
v 1.119184 0.470855 -0.349656
v 0.060965 -0.064221 0.767935
v 1.329766 0.111523 -0.442627
v -0.289105 -0.403694 0.608488
v -0.208196 -0.420196 0.340017
v 0.289101 -0.403756 0.608667
v 0.203399 -0.412033 0.71139
v -0.203395 -0.412034 0.711383
v 0.197587 -0.485736 0.362274
v 0.032815 -0.677552 0.337288
v -0.2194 -0.342105 0.680535
v -1.349798 0.179513 -0.438301
v 0.367931 0.585296 0.564472
v -0.368316 0.586077 0.563001
v -0.032012 0.30741 0.800654
v 0.732112 0.082382 -0.164673
v -0.458581 0.242004 0.79441
v -0.063926 0.481458 0.781916
v 0.110613 0.498856 0.83794
v 0.221512 -0.276883 0.640992
v 0.223644 -0.439697 0.373124
v -0.238355 -0.277478 0.59877
v -0.351879 0.059835 0.735589
v 0.351882 0.059808 0.735608
v -0.654587 0.334154 0.655031
v 0.784638 0.450198 0.641199
v 1.1816 0.098887 -0.47669
v 0.993618 0.435527 -0.273333
v -0.657276 -0.092043 -0.117254
v 0.087445 -0.481819 0.283996
v -0.353871 -0.9202 0.528834
v 0.353871 -0.9202 0.528834
v -0.424646 0.593907 0.79477
v 0.71151 -0.05739 -0.015212
v 0.348215 0.579714 0.809735
v -0.555819 0.092867 0.655496
v 0.55583 0.09283 0.655483
v -0.169547 0.242246 0.756537
v 1.197612 0.027701999999999997 -0.390738
v -0.031503 -0.564522 0.32391
v -0.536386 0.426766 0.60669
v -0.088872 -0.985781 0.535116
v -1.246274 0.510638 -0.45155
v -0.717386 0.354911 0.655561
v -0.792779 0.421382 0.648124
v -0.109159 -0.366817 0.735597
v 0.077058 0.443942 0.637268
v -0.586111 0.147901 0.60744
v -0.176985 -0.972482 0.523121
v 0.176983 -0.97249 0.52312
v -0.223055 0.113558 0.756735
v 0.516786 0.174931 0.706691
v -0.992709 0.436508 -0.274201
v -1.9999999999999995e-06 -0.991505 0.546639
v -0.087705 -0.481398 0.282865
v -0.482499 0.242304 0.735171
v -0.168869 0.440776 0.788314
v -0.51648 0.310272 0.706479
v -0.819652 0.348757 -0.368964
v 0.516922 0.310454 0.706684
v 0.628675 -0.034457 0.508639
v -0.62868 -0.034464 0.508642
v 0.108372 -0.367149 0.73584
v 0.477718 0.427726 0.677699
v -0.421122 0.079004 0.728372
v -0.066198 0.240912 0.768139
v 0.066133 0.240913 0.768126
v -0.850926 0.395434 -0.265887
v -0.452387 0.390938 0.719509
v 1.233668 0.303624 -0.423618
v 0.404325 0.477843 0.739467
v 0.853747 0.428562 0.563697
v 0.421285 0.078496 0.728593
v -0.853772 0.428561 0.563715
v -0.645714 0.126262 0.6287
v -0.446022 0.153183 0.744922
v 0.446033 0.153167 0.74491
v -1.356488 0.356439 -0.493492
v 0.178011 0.207805 0.762441
v -0.45847 0.071199 0.707736
v 0.458443 0.071344 0.707808
v -0.717499 -0.005626999999999998 -0.098628
v 1.348285 0.37165 -0.435335
v -0.387133 0.418142 0.733513
v -0.353086 0.283145 0.830002
v 0.353086 0.283145 0.830002
v -0.20213 -0.2227 0.659756
v 0.387214 0.418388 0.733673
v 0.204681 0.142951 0.763028
v 0.28352 0.020808 0.733859
v -1.186683 0.204172 -0.457296
v 0.047958 -0.760401 0.688014
v -0.048066 -0.760547 0.687892
v -0.284914 0.078367 0.754013
v 0.084967 -0.977371 0.473459
v 1.363332 0.246751 -0.433942
v 0.713534 0.316281 0.644629
v 0.02952 -0.681721 0.735736
v -0.349827 -0.914019 0.451868
v 0.20718 0.546486 0.588014
v 0.349616 -0.914085 0.451599
v -0.327262 0.177547 0.832423
v 0.327262 0.177547 0.832423
v 1.18978 0.203774 -0.457694
v 0.284666 0.077906 0.754101
v 0.517695 0.531422 0.764246
v 0.245925 -0.202886 0.436525
v -0.189165 0.174284 0.764464
v -0.247458 -0.960816 0.567765
v 0.032126 0.442069 0.771324
v -0.053566 0.426047 0.630517
v 0.247356 -0.961114 0.567009
v -0.30971 0.462942 0.710372
v 0.150305 -0.774566 0.718594
v -0.205951 0.54649 0.584707
v -0.246417 -0.203425 0.436307
v 0.309718 0.462832 0.710481
v 0.106731 0.34276 0.780208
v -0.133217 0.393407 0.787444
v -0.814173 -0.042656 -0.160262
v -0.227245 0.429206 0.723539
v 0.846765 -0.027417 -0.205367
v -0.378998 0.434978 0.748999
v 0.227307 0.42911 0.723645
v 0.203337 -0.954165 0.593865
v -0.203421 -0.953774 0.5946
v 0.702199 -0.111737 -0.133167
v 0.814761 -0.043532 -0.159965
v 0.146383 0.418887 0.789816
v -0.517499 0.530662 0.764941
v 0.285406 0.634827 0.84222
v -0.285397 0.634839 0.842189
v -0.710339 0.276561 0.636345
v 0.824376 0.349112 -0.369549
v 0.844964 0.291832 -0.089015
v 0.02695 0.410818 0.628624
v 1.249767 0.380339 -0.399883
v 0.181541 -0.853838 0.690798
v -0.18199 -0.853933 0.690641
v -0.703667 -0.114785 -0.135384
v 0.707605 0.421373 0.323933
v -0.444488 0.296532 0.800766
v 0.444484 0.296531 0.800767
v -0.70763 0.421389 0.32395
v 0.214985 -0.365263 0.312811
v 0.120427 -0.157784 0.768486
v 0.82906 0.344777 -0.213723
v -0.247917 -0.317947 0.492115
v -0.857095 -0.127005 -0.152937
v -0.214484 -0.36508 0.312202
v 0.247894 -0.317703 0.492595
v 1.265293 0.181822 -0.40773
v 0.479539 0.268198 0.740163
v -1.032209 0.020862 -0.416284
v 0.244125 -0.892631 0.644307
v -0.244122 -0.892622 0.644298
v 0.229392 0.268483 0.784962
v -0.086328 0.447792 0.83362
v -0.229584 0.268307 0.784444
v 0.983224 0.338925 -0.303458
v -1.245134 0.205744 -0.47588
v 0.402641 0.426473 0.748328
v -0.443777 0.191734 0.800387
v 0.443773 0.191736 0.800388
v -0.527583 0.425227 0.707933
v 0.217808 -0.225765 0.610331
v 0.527449 0.425242 0.70794
v 0.157745 -0.305158 0.720149
v -0.837794 0.296912 -0.119324
v 0.247299 0.316838 0.78518
v 0.875051 -0.081375 -0.160115
v 0.912714 -0.025789 -0.22855
v 0.479085 0.217972 0.740046
v -0.228144 -0.772698 0.6943
v 0.228211 -0.772705 0.694275
v -0.024681 -0.563487 0.744502
v -1.125212 0.031161 -0.441993
v -0.247588 0.316695 0.784755
v -0.104231 -0.92523 0.654806
v 0.667921 0.404146 0.715507
v -0.667935 0.404138 0.715508
v 0.808894 0.224513 -0.210384
v 0.281707 0.352437 0.780608
v 1.061561 0.370263 -0.364616
v -0.912483 -0.025772 -0.229298
v 0.35318 0.355179 0.818895
v -0.353179 0.355192 0.818888
v -1.267532 0.337502 -0.401216
v -1.322024 0.248994 -0.40403
v 0.247853 0.172383 0.784935
v 0.064922 0.428251 0.825556
v -0.248145 0.172519 0.784569
v 1.126645 0.030443 -0.442108
v 0.022806 -0.321169 0.746581
v -0.281824 0.352115 0.780265
v -0.024258 -0.245558 0.825779
v -0.12804 -0.148347 0.781729
v -0.30266 -0.921649 0.592156
v 0.843584 0.25605 -0.224269
v -1.20209 0.456527 -0.391392
v 0.303087 -0.921988 0.591708
v 0.069525 -0.928959 0.656024
v -1.287715 0.408015 -0.399678
v -9.999999999999997e-07 -0.473798 0.260201
v 0.021616 0.391633 0.813753
v -0.998661 0.382456 -0.284232
v 0.737573 -0.036961 -0.168093
v -0.861888 -0.022312 -0.229147
v 1.235141 0.276847 -0.475237
v 0.353071 0.135788 0.818364
v -0.353069 0.135777 0.818358
v 1.178367 0.351256 -0.464661
v -1.274619 0.240276 -0.405228
v 0.976676 0.369636 -0.266315
v 1.333646 0.312949 -0.409122
v 0.893077 0.142166 -0.332207
v -0.893072 0.142183 -0.332202
v 0.927829 0.300119 -0.262838
v -0.927854 0.300122 -0.262826
v -0.301534 0.515859 0.764247
v 0.301574 0.515665 0.764169
v 1.115713 0.170934 -0.417907
v -0.206076 0.407397 0.775595
v 0.206077 0.407389 0.775593
v -0.257362 0.510023 0.773473
v -1.217509 0.304654 -0.476749
v 0.893854 0.310133 -0.226081
v -1.059761 0.403052 -0.33328
v 1.226591 0.493665 -0.406205
v -0.332988 0.009973 0.716402
v 0.126579 -0.948868 0.618838
v -0.126594 -0.948885 0.618836
v 0.96637 0.063897 -0.353257
v -0.829269 0.344962 -0.213806
v 0.93163 0.343981 -0.230753
v -0.931649 0.343993 -0.230706
v 1.137925 0.380042 -0.408082
v -0.043026 0.408779 0.821155
v 1.059958 0.403227 -0.332614
v -1.114094 0.171144 -0.417883
v 0.654629 0.334182 0.65504
v 0.78256 -0.028476 -0.214066
v -0.9189 0.235463 -0.339197
v -0.983497 0.233844 -0.364755
v 0.918846 0.235519 -0.339163
v 0.983511 0.233835 -0.364763
v -0.126551 -0.24553 0.736705
v 0.932891 0.282906 -0.31276
v 0.954919 0.203992 -0.3529
v -0.954924 0.203988 -0.352895
v -0.932878 0.282949 -0.312722
v -0.966165 0.064538 -0.35346
v -0.633084 0.368562 0.669229
v 0.633099 0.368575 0.669267
v 0.019465 -0.280362 0.80663
v 0.949789 0.263049 -0.350618
v -0.949818 0.263024 -0.350615
v -0.823533 0.266028 -0.191085
v 1.236597 0.163618 -0.48167
v -1.137379 0.38007 -0.408962
v 1.013155 0.140696 -0.372129
v -1.013141 0.1407 -0.372152
v -0.32745 0.120406 0.771634
v -0.06087 -0.333175 0.740015
v 0.327301 0.12014 0.77201
v 0.897245 0.267634 -0.254353
v -0.74993 0.096714 -0.237845
v -0.897287 0.267598 -0.254403
v 0.750066 0.096632 -0.237954
v 0.060978 -0.332788 0.740438
v 0.020021 -0.377015 0.740855
v -0.188735 0.192737 0.765815
v -0.782453 0.04649 -0.239378
v -0.7818 -0.027284 -0.214321
v -0.962115 0.011429999999999996 -0.35263
v 0.269373 0.470741 0.753223
v 0.86836 0.233002 -0.251612
v -0.327323 0.370303 0.771653
v -0.210668 -0.209268 0.539011
v 0.327173 0.370583 0.772024
v 0.189136 0.192945 0.76541
v 1.195516 0.351766 -0.429276
v -0.854521 0.214803 -0.25358
v -0.826619 0.178455 -0.257337
v 0.826624 0.178449 -0.257337
v 0.019657 -0.445313 0.750776
v -0.876965 -0.002898 -0.29648
v 0.026698 -0.143488 0.742909
v 0.559158 0.314951 0.683654
v 0.982037 -0.066023 -0.259105
v 0.78245 0.04531 -0.239487
v -0.23031 -0.333441 0.41132
v 0.230327 -0.33344 0.411314
v 0.878075 0.19004 -0.329644
v -0.878049 0.190063 -0.329646
v -1.245246 0.12752 -0.409526
v 0.017638 0.432534 0.705644
v 0.055776 -0.804538 0.633405
v -0.055774 -0.804256 0.633322
v -0.028124 -0.737881 0.739925
v 0.462422 0.395256 0.748425
v -0.084689 -0.203713 0.834296
v -1.195702 0.351679 -0.430605
v 0.028052 -0.737702 0.739978
v -0.981949 -0.064599 -0.257758
v -0.967632 0.404941 -0.251325
v -0.56755 0.243861 0.677674
v -0.01622 0.427383 0.770944
v -1.21052 0.021736 -0.39298
v 0.036226 -0.193246 0.831698
v 0.488427 0.044737 0.670381
v -0.48841 0.044747 0.670392
v 1.034671 -0.025678 -0.31629
v -0.279042 0.44757 0.761405
v 0.102826 -0.888494 0.690653
v -1.034581 -0.025685 -0.316435
v -0.0357 -0.192765 0.831476
v 0.483076 0.369 0.726167
v 2.0000000000000003e-06 -0.906726 0.680299
v 0.566916 0.244008 0.677523
v 0.826138 0.30919 -0.178782
v 1.161432 0.054199 -0.406493
v -0.626449 0.295177 0.658388
v 1.122616 0.326732 -0.454357
v -1.122603 0.326744 -0.454384
v 0.043904 -0.257208 0.816401
v 0.095254 -0.79841 0.695952
v 0.929703 0.41931 -0.238389
v -0.082939 -0.830556 0.687865
v 0.114507 -0.276822 0.734344
v 0.153786 -0.254595 0.719032
v -0.369603 -0.116563 0.489215
v 1.00573 0.296681 -0.385357
v 0.301448 -0.137554 0.470227
v -0.114588 -0.277029 0.734157
v -0.712385 -0.002143 -0.15475
v 1.104535 0.226864 -0.388369
v -1.104575 0.226846 -0.388298
v -0.156135 -0.28845 0.719296
v -0.902212 0.097513 -0.330523
v 0.902213 0.097514 -0.330516
v 0.0 -0.775456 0.702377
v 0.251532 -0.297006 0.554654
v 0.851954 0.159192 -0.327118
v -0.851952 0.159195 -0.327117
v 0.714251 0.003844 -0.130007
v -1.005589 0.296998 -0.385218
v 1.076682 0.250106 -0.383335
v -1.076715 0.250164 -0.383356
v 0.374985 0.027982 0.713765
v -0.404125 0.037854 0.708914
v 0.233355 -0.257522 0.530241
v 0.216464 -0.245168 0.481691
v -0.233401 -0.257421 0.530221
v -0.216537 -0.244987 0.481556
v 1.085064 -0.027165 -0.338052
v -1.02645 0.340018 -0.374616
v -0.929099 0.419631 -0.239369
v 0.904091 0.062873 -0.33282
v 0.243179 -0.161614 0.538839
v 1.213452 0.308371 -0.46325
v 0.046871 -0.884699 0.693109
v -0.242854 -0.161649 0.53879
v -0.717467 0.023603 -0.184141
v -0.904286 0.062845 -0.332966
v 1.060504 0.206022 -0.381051
v -1.060509 0.206038 -0.381017
v -0.84923 0.070032 -0.325331
v -1.228755 0.292696 -0.435918
v 0.848941 0.069864 -0.324861
v 0.201023 -0.174124 0.515196
v -0.201021 -0.174127 0.515194
v 1.08301 0.013384 -0.403766
v -0.092994 -0.745748 0.71161
v 0.617067 0.21573 0.658195
v -1.082585 0.013737999999999995 -0.403812
v -0.617102 0.215717 0.658184
v 1.031521 0.183466 -0.375772
v 1.239097 0.206986 -0.461397
v -1.031539 0.183448 -0.375751
v 0.081466 -0.133122 0.752379
v -0.040214 -0.130569 0.760822
v -0.427024 0.427352 0.729429
v -1.214426 0.127461 -0.460367
v 0.962095 -0.014788 -0.305187
v 0.139218 0.302891 0.769218
v -0.139218 0.302891 0.769217
v 0.597558 0.266511 0.679766
v 1.218153 0.129579 -0.427634
v -1.23833 0.248241 -0.459306
v -0.96204 -0.014699 -0.304908
v 0.810786 0.122489 -0.330631
v -0.810592 0.1223 -0.330726
v -0.08115 -0.132614 0.751139
v 0.0 -0.195403 0.815847
v 0.593011 0.307573 0.683263
v 1.047271 0.316293 -0.412806
v -1.047263 0.316308 -0.412816
v 0.582982 0.15993 0.665839
v 0.82566 0.090622 -0.326907
v 0.132171 -0.229484 0.73799
v -0.583091 0.159783 0.665791
v -0.094367 -0.746216 0.677551
v 0.094371 -0.746217 0.677543
v -0.593029 0.217582 0.676079
v -0.825438 0.090259 -0.326653
v -0.58617 0.324188 0.684755
v -0.233718 0.409133 0.776405
v 0.233719 0.409124 0.776403
v 0.592787 0.217702 0.676175
v 0.152664 -0.705373 0.728296
v -0.15179 -0.732434 0.725699
v 0.267676 0.433726 0.770452
v -0.108985 -0.135129 0.768955
v -1.132423 0.006388 -0.365569
v 0.307603 0.357782 0.805235
v 0.307755 0.134521 0.805136
v 0.579396 0.340726 0.687111
v -0.307829 0.134559 0.805212
v -0.307675 0.357738 0.805329
v -0.234232 0.242171 0.809588
v 0.234232 0.242171 0.809588
v -0.183312 0.341519 0.780757
v 0.88273 -0.019443 -0.253026
v -0.83297 0.071003 -0.283792
v 0.183363 0.34153 0.780753
v 0.243892 0.290818 0.813695
v -0.243966 0.290768 0.813736
v 0.244635 0.197715 0.813301
v -0.244711 0.197741 0.813345
v -0.846246 0.034259 -0.28268
v 0.822498 0.084646 -0.286188
v 1.002956 -0.00922 -0.373121
v -0.277662 0.409972 0.770782
v 0.047676 -0.123414 0.771781
v 0.142035 0.235363 0.765991
v 0.846131 0.034185 -0.282558
v -0.33405 0.44164 0.755034
v 0.334049 0.441641 0.755028
v -0.142006 0.235377 0.76597
v -0.85464 0.317403 -0.211211
v -0.131651 -0.226457 0.78438
v 0.131678 -0.226465 0.78439
v -0.187891 0.296633 0.771787
v 0.187891 0.296633 0.771787
v -1.190302 0.092804 -0.433161
v 0.109028 -0.135082 0.768958
v 1.190164 0.09291 -0.43316
v 0.376527 0.364837 0.7892
v -0.376538 0.364793 0.789216
v -0.086446 -0.24393 0.811648
v 0.086443 -0.243926 0.811639
v 0.398702 0.081744 0.729173
v -0.499113 0.381968 0.72835
v -0.120903 -0.155339 0.798739
v 0.787612 0.091989 -0.287723
v -0.787584 0.09206 -0.28773
v 0.115227 -0.25403 0.778935
v 0.770284 0.110656 -0.290091
v 0.376425 0.127434 0.789123
v -0.376431 0.127472 0.789137
v 0.306776 0.414224 0.761633
v -0.082229 -0.152871 0.814622
v 0.082237 -0.152855 0.814638
v -0.770357 0.110328 -0.28996
v -0.536186 0.142554 0.69226
v 0.535798 0.369641 0.708614
v -0.269409 0.159903 0.809435
v 0.269409 0.159903 0.809435
v 0.011937 -0.858044 0.631654
v -0.012777 -0.159734 0.776242
v 0.130865 -0.178144 0.780878
v -0.269373 0.332288 0.809498
v 0.269373 0.332288 0.809498
v 0.058606 -0.148773 0.814827
v -0.058602 -0.148772 0.814837
v -0.830567 -0.0043479999999999994 -0.285963
v -0.047501 -0.856731 0.643565
v 0.047502 -0.85673 0.643563
v 0.879704 0.021835 -0.325142
v -0.306842 0.414549 0.761788
v 0.830511 -0.004139 -0.2859
v -0.209631 0.098449 0.750908
v 0.209628 0.098448 0.750898
v -0.091484 -0.277605 0.770436
v 0.535977 0.142813 0.692315
v 0.091489 -0.277613 0.770442
v -0.469502 0.109162 0.71319
v 0.469502 0.109162 0.71319
v 0.006533 -0.177933 0.779136
v -0.086772 -0.697266 0.737542
v 0.086751 -0.697264 0.737548
v -0.422583 0.090121 0.724097
v -0.035284 -0.865404 0.672461
v -0.879403 0.022099 -0.325067
v -0.080636 -0.852879 0.702117
v 0.337568 0.063416 0.750121
v 0.117463 -0.207139 0.824599
v 0.190288 0.224448 0.759886
v -0.083816 -0.720165 0.737883
v 0.018434 -0.16028 0.797603
v -0.056846 -0.124048 0.793163
v 0.824539 -0.02076 -0.273808
v -0.774072 0.088305 -0.313006
v -0.824321 -0.020135 -0.273768
v -0.813567 -0.017504 -0.309661
v -0.164951 0.257732 0.779253
v 0.167804 0.20052 0.776243
v 0.813551 -0.017521 -0.309707
v 0.164966 0.257741 0.779265
v -0.167678 0.200506 0.776223
v 0.774061 0.088379 -0.313284
v -0.041564 -0.279818 0.802018
v -1.0000000000000006e-06 -0.322869 0.770933
v 0.377221 0.405674 0.759657
v -0.018361 -0.15987 0.797146
v 0.180214 0.133039 0.755679
v 0.079598 -0.851591 0.7012
v 0.163851 0.161905 0.757851
v -0.163791 0.161879 0.757827
v -0.047258 -0.305708 0.775211
v -0.18013 0.132948 0.755635
v 0.04722 -0.305794 0.775296
v -0.124947 -0.225639 0.760219
v -0.418709 0.394994 0.764328
v 0.418709 0.394994 0.764328
v -0.259418 0.090071 0.770237
v 0.110333 -0.235691 0.819353
v -0.422699 0.347001 0.779043
v 0.422683 0.347053 0.779023
v -0.377515 0.406444 0.759805
v -0.114125 -0.2501 0.799722
v -0.42252 0.145273 0.779036
v 0.422509 0.14523 0.779019
v -0.102512 -0.23248 0.824593
v -0.228907 0.363008 0.764982
v 0.22891 0.363005 0.764985
v 0.259536 0.090438 0.77064
v -0.30573 0.097692 0.746383
v 0.006263 -0.151895 0.751455
v 0.840911 0.005997 -0.310526
v -0.121195 -0.185209 0.760562
v -0.840934 0.005659 -0.310848
v -0.555112 0.346711 0.694475
v -0.211058 0.117213 0.774274
v -0.001517 -0.181895 0.756187
v -0.088188 -0.806922 0.63717
v 0.08821 -0.806927 0.63716
v 0.217393 0.370705 0.777578
v -0.217391 0.370706 0.777575
v -0.105434 -0.777951 0.71933
v 0.121533 -0.184779 0.759782
v 0.454698 0.177787 0.771761
v -0.454674 0.177793 0.771744
v 0.455311 0.312681 0.771753
v 0.178853 0.220433 0.776894
v -0.17885 0.220433 0.776891
v -0.455286 0.312673 0.771729
v -0.470624 0.219877 0.768071
v 0.472927 0.24218 0.766011
v -0.471197 0.266516 0.768085
v 0.105202 -0.725756 0.73401
v -0.578323 0.286923 0.686043
v -0.027535 -0.879565 0.690225
v 0.027323 -0.878746 0.689713
v -0.177091 0.168352 0.771603
v 0.103082 -0.777586 0.71774
v -0.191463 0.140608 0.771251
v -0.110103 -0.832067 0.713043
v 0.0 -0.770098 0.728154
v 0.177308 0.168457 0.771646
v 0.191687 0.140765 0.771322
v 0.22066 0.125031 0.776274
v 0.279521 0.404122 0.768376
v 0.097106 -0.737873 0.730017
v -0.375551 0.068773 0.740734
v -0.050065 -0.754514 0.725891
v 0.336053 0.423499 0.757616
v -0.336055 0.4235 0.75761
v -0.050107 -0.870488 0.691528
v 0.050111 -0.870487 0.691502
v -0.058186 -0.878895 0.695445
v 0.097695 -0.823941 0.712908
v 0.049614 -0.754886 0.725624
v 1.0000000000001327e-06 -0.886241 0.688996
v -0.355839 0.955525 -0.262761
v -0.124733 0.752971 -0.721341
v 0.124517 0.753934 -0.721445
v -0.097492 0.177192 -0.843535
v 0.119011 0.539106 -0.842973
v 0.120237 0.954779 -0.415101
v 0.10575 0.297617 -0.864555
v -8.999999999998592e-06 0.831054 0.371325
v -0.238882 0.949025 -0.386529
v -0.121014 0.986534 0.02081
v 0.120854 0.986728 0.020556999999999995
v 0.122368 0.94823 0.205962
v 0.8234 0.356972 -0.306575
v -0.122497 0.947834 0.206368
v 0.352922 0.931316 -0.351594
v -1.090156 0.187559 -0.588341
v 0.360808 -0.136045 0.403178
v 0.243925 -0.317351 -0.372648
v 0.083566 -0.352662 -0.423411
v 0.486705 -0.121935 0.209762
v 0.087919 -0.012639 -0.781193
v 0.090364 -0.143671 -0.705121
v -0.090747 -0.143659 -0.705044
v 0.074942 -0.412946 -0.209407
v -0.07502599999999998 -0.413076 -0.209425
v 0.514929 0.852413 0.12549
v -0.514608 0.852646 0.125842
v -0.352996 -0.220351 0.150178
v 0.513051 0.887886 -0.02442299999999999
v -0.512814 0.888032 -0.024147
v -0.513705 0.890638 -0.181358
v 0.517206 0.879005 -0.259969
v 0.820783 0.266445 0.195524
v 0.808491 0.226566 0.563737
v 0.508258 0.74213 0.246541
v -0.507983 0.742203 0.246834
v -0.804465 0.255327 0.263126
v -0.505293 0.826211 -0.402986
v 0.598867 0.731693 -0.433893
v -0.259616 -0.008244 -0.693519
v -0.713759 0.029633 0.240155
v 0.259231 -0.008144 -0.69377
v 0.713537 0.0287 0.23995
v -0.61137 -0.12094 -0.042623
v -0.284209 -0.331198 0.056026
v 0.264703 -0.12317 -0.62799
v 0.284116 -0.33127 0.055682
v 0.291005 -0.502138 0.64796
v -0.291168 -0.502114 0.64813
v -0.265059 -0.123297 -0.627673
v -0.299116 -0.153661 0.608144
v 0.348617 -0.172121 0.27852
v -0.360189 -0.137889 0.401616
v 0.411508 0.384346 0.743544
v 1.182684 0.036233 -0.389666
v -0.825773 0.356998 -0.310031
v 0.326391 -0.528615 0.527761
v 0.527686 0.637784 -0.574671
v -0.593144 0.419693 0.713018
v -0.326403 -0.528251 0.528754
v 0.300781 -0.152774 0.602561
v -0.527406 0.637677 -0.575043
v 0.95623 0.294314 -0.510881
v 0.584433 -0.032816 0.594895
v 0.383483 -0.235024 -0.03848
v -0.383442 -0.235023 -0.038044
v -0.584464 -0.033125 0.594074
v 0.593008 0.41971 0.713013
v -0.685488 0.647471 -0.426916
v -0.693289 0.708534 -0.24202
v 0.685484 0.647468 -0.426914
v 0.693143 0.708705 -0.241915
v -0.690693 0.713517 -0.111751
v 0.690628 0.713553 -0.11155799999999998
v -0.691294 0.489713 -0.506224
v -0.69063 0.690136 0.014251000000000002
v 0.690407 0.690087 0.014644000000000011
v 0.776447 0.603098 -0.326935
v 0.77051 0.508494 -0.416431
v 0.690487 0.48934 -0.50712
v -0.656963 0.312336 -0.549925
v 0.656973 0.312336 -0.549939
v -0.765003 0.577457 -0.384387
v -0.766394 0.435409 -0.440882
v 0.12051 0.517137 0.642891
v 0.502392 0.411001 -0.678263
v -0.502395 0.411003 -0.678269
v 0.163681 -0.582074 0.368265
v -0.215508 0.582597 0.58596
v 0.774448 0.623496 0.051671
v -0.774605 0.623445 0.05162
v 0.775334 0.64126 -0.201576
v -0.77558 0.64094 -0.201626
v 1.195635 0.519105 -0.42502
v 0.77304 0.647326 -0.07401199999999997
v -0.773322 0.64704 -0.074223
v -0.452503 0.227711 -0.681944
v 0.452561 0.227811 -0.681968
v -0.378716 -0.164254 -0.478815
v -0.347146 -0.751046 0.459844
v 0.37865 -0.164333 -0.478911
v -0.094906 0.007426 0.768885
v -0.604777 0.157933 -0.553499
v 0.605201 0.158589 -0.553786
v -0.319796 -0.306408 -0.150726
v 0.094913 0.007337 0.768836
v 0.347179 -0.751386 0.458698
v 0.08034 -0.927952 0.411713
v -0.850877 0.417758 0.083764
v -0.744879 -0.12572 -0.303985
v -0.247327 -0.894428 0.38731
v -0.782511 0.287788 0.611208
v -0.915555 -0.148497 -0.264355
v -0.210711 -0.049443 0.780412
v 0.745347 -0.125835 -0.302663
v -0.521486 0.017753 -0.515104
v 0.521483 0.017754 -0.515103
v 0.675748 0.609549 0.128426
v -0.345002 0.61729 0.566158
v -0.675657 0.609746 0.128328
v -0.200013 0.514577 0.810221
v 0.200059 0.514546 0.810224
v 0.854509 0.387637 -0.047867
v 0.382232 -0.060331 -0.579322
v -0.382233 -0.060331 -0.579321
v 1.061408 0.386443 -0.346686
v -0.375267 0.044964 -0.638107
v 0.375267 0.044964 -0.638107
v -0.353279 -0.252679 -0.33163
v -1.07618 0.482746 -0.474907
v 1.017024 0.464809 -0.445911
v -0.818993 0.395913 -0.140603
v -0.97831 -0.123789 -0.414085
v -0.67027 -0.078003 -0.347924
v 0.39553 -0.223346 -0.224633
v -0.935894 0.437408 -0.396177
v 0.819506 0.393645 -0.141784
v -0.751855 0.558111 0.166506
v 0.978553 -0.124546 -0.415875
v 0.752042 0.55791 0.166474
v -0.467944 -0.172549 -0.198642
v 0.596076 -0.052253 -0.396167
v 0.467941 -0.172548 -0.19864
v 1.199401 0.502391 -0.51308
v 0.9353 0.438011 -0.398098
v 0.21094 -0.050197 0.780011
v 0.650337 -0.127993 -0.215375
v 0.167682 -0.496283 0.35122
v -0.335383 0.717743 0.624481
v -1.197854 0.500015 -0.514102
v -0.510914 -0.1006 -0.369749
v 0.510509 -0.100647 -0.369586
v 0.254762 0.083561 0.7603
v -0.648121 -0.126454 -0.214393
v -0.787937 0.150651 -0.096758
v 0.848144 0.305321 0.096571
v 0.293472 0.721414 0.622152
v -0.848308 0.304618 0.096494
v 0.211848 0.705122 0.634335
v 1.196167 -0.049896 -0.495982
v 0.356631 0.651102 0.819168
v -0.211487 0.705508 0.635834
v 1e-06 0.088032 0.730778
v -0.284076 0.762697 0.703435
v 0.28574 0.711132 0.815294
v 0.324592 0.7408 0.770759
v -1.118643 -0.082759 -0.482828
v -1.243804 -0.0007720000000000001 -0.433187
v -0.451154 0.607939 0.596757
v -0.777132 0.361361 0.309927
v -0.285073 0.713368 0.811733
v 0.109416 0.604295 0.716566
v -0.551039 0.48463 0.397353
v -0.111559 -0.405817 0.740936
v 0.778303 0.361088 0.309046
v 0.803626 -0.023427 -0.237687
v 0.332739 -0.630805 0.607731
v 0.664189 0.06182 0.601842
v -0.332884 -0.630765 0.607753
v -0.270482 0.647966 0.582772
v 0.551128 0.484989 0.396476
v 1.298709 0.456585 -0.517439
v 1.113399 0.10097 -0.442865
v -0.34564 -0.741083 0.597436
v 0.345542 -0.741075 0.597386
v -0.111005 -0.823193 0.37004
v 0.110993 -0.823097 0.370017
v 0.447078 0.634102 0.736855
v 0.413548 0.683019 0.675892
v 0.726108 0.45504 0.518293
v -0.037185 -0.845601 0.360787
v -0.937121 0.027895 -0.329164
v -0.803399 -0.023239 -0.237881
v 0.937357 0.027297 -0.328853
v -1.050558 0.0671 -0.420158
v 0.159495 0.702801 0.792094
v -0.15953 0.702795 0.792003
v -1.298066 0.455267 -0.517342
v -0.446931 0.634208 0.736141
v 0.490035 0.572258 0.587383
v 4.9999999999999996e-06 0.316299 0.810879
v 0.659147 0.486155 0.235115
v 0.589385 0.517394 0.557341
v -0.639176 0.48994 0.542156
v 0.713799 0.035585 -0.431598
v -0.538882 0.543723 0.572705
v -0.715559 0.03546 -0.43511
v -0.270926 -0.778944 0.367867
v -0.658973 0.486479 0.234884
v 0.271046 -0.779014 0.367842
v 0.783014 0.025295 0.033963
v -0.108319 0.596136 0.788529
v -0.101767 -0.714236 0.356672
v 0.101793 -0.714241 0.356728
v 0.135009 0.549923 0.842178
v -0.414369 0.682272 0.67833
v -1.289019 0.47246 -0.444023
v -0.810907 0.440831 0.537415
v -0.782474 0.024769 0.035066
v 0.841316 0.216623 -0.02588
v -0.034035 -0.736117 0.339729
v -0.094578 -0.601974 0.35433
v -0.033673 0.491088 0.58955
v -0.202645 -0.571953 0.720221
v -0.167977 -0.495686 0.350976
v 0.842503 0.174534 0.03145
v 0.202861 -0.571933 0.720074
v 0.219411 0.659537 0.845764
v -0.028087 -0.080228 0.73184
v -0.249342 -0.668964 0.37045
v -0.218373 0.66147 0.843847
v -0.842312 0.174411 0.031945
v 0.262757 -0.340437 0.602259
v -0.262764 -0.340422 0.602139
v 0.249481 -0.668911 0.370586
v 0.103239 -0.51902 0.330569
v -0.837055 0.377112 -0.36068
v 0.578492 0.499086 0.748734
v 0.181109 -0.444676 0.727319
v -0.181107 -0.444674 0.727312
v 0.30068 -0.405801 0.566653
v -0.300678 -0.405802 0.566652
v 1.032189 0.020975 -0.416296
v -0.033606 0.211019 0.762698
v 0.810908 0.440774 0.537186
v -0.859757 0.298482 -0.021463
v 0.258274 -0.95409 0.437435
v 0.69744 -0.040271 -0.138365
v -0.872794 0.365464 0.530692
v 0.288037 0.574578 0.578153
v 0.49524 0.596526 0.654904
v -0.495241 0.596525 0.654923
v -0.578331 0.498379 0.749312
v 0.766849 0.0032630000000000003 -0.399009
v -0.031515 -0.620106 0.333833
v 0.839234 0.377041 -0.359965
v -0.599169 0.537938 0.623254
v -1.259198 -0.005141 -0.507893
v 0.694449 0.4353 0.435651
v -0.769424 0.0020289999999999952 -0.402588
v -0.694235 0.435312 0.435554
v 0.564691 0.384911 0.609531
v 0.599343 0.537752 0.623646
v -0.706977 0.483836 0.593222
v 0.706982 0.483835 0.593223
v -0.213369 -0.957975 0.449889
v -0.616516 0.090984 0.634045
v -0.586254 0.339216 0.607737
v 0.602036 0.194331 0.601281
v 0.602209 0.291374 0.601514
v 0.56469 0.103619 0.609346
v -0.382677 0.310909 0.82233
v 0.382677 0.310909 0.82233
v -0.564736 0.10363 0.609295
v -0.610833 0.242182 0.59093
v 0.495851 0.454698 0.623334
v -0.495878 0.454731 0.623284
v -0.537983 0.366623 0.66463
v 1.298826 0.048374000000000014 -0.454092
v 0.537912 0.366572 0.664717
v 0.684133 -0.07360600000000002 -0.065609
v -0.664529 0.026922 0.4312
v -0.571547 0.284888 0.656576
v 1.357137 0.357983 -0.493861
v -0.57154 0.199864 0.656525
v 0.664557 0.0268 0.431123
v 0.496024 0.034896 0.623147
v -0.231852 -0.56237 0.376427
v -0.378214 0.559284 0.801676
v 0.378266 0.559247 0.801612
v -0.538134 0.118984 0.664685
v -0.496067 0.03487 0.623077
v 0.571461 0.28488 0.656671
v -0.477785 0.427789 0.677609
v 0.571447 0.199845 0.656625
v 0.538049 0.119016 0.664791
v -0.335235 -0.929973 0.424089
v 0.335247 -0.929968 0.424072
v -0.711704 -0.060936 -0.015199
v -0.184618 -0.177414 0.696913
v 0.437639 0.118736 0.736714
v 0.402383 0.493053 0.642214
v -0.40241 0.493088 0.642166
v 0.223478 -0.474335 0.375994
v -0.437504 0.119248 0.736511
v -0.437608 0.369296 0.73633
v 0.452455 0.391219 0.719669
v 0.232378 -0.562207 0.376693
v 0.243112 -0.231241 0.384087
v 0.063531 0.29977 0.785391
v 0.645683 0.126268 0.62867
v -0.063595 0.299769 0.785405
v 0.762684 0.402246 0.66573
v -0.73247 0.082551 -0.165508
v -0.478034 0.058058 0.677733
v -0.478604 0.327578 0.727089
v 0.479027 0.327727 0.727261
v 0.477947 0.058116 0.67786
v 0.40246 -0.0037009999999999994 0.64207
v -0.243018 -0.232194 0.384276
v -0.402502 -0.003734 0.642003
v 0.323297 0.096466 0.759523
v -0.263133 -0.791483 0.672156
v 0.263133 -0.791482 0.672154
v -0.568217 -0.036477 0.455684
v 0.16904 -0.961206 0.462509
v -1.347685 0.370085 -0.43617
v 0.302886 0.493797 0.65972
v 0.052173 0.361385 0.816215
v -0.22411 -0.47394 0.376217
v -0.81673 0.438157 0.628473
v -0.396109 0.46225 0.69472
v -0.323568 0.096924 0.759446
v -0.302883 0.493852 0.659667
v 0.568279 -0.036442 0.455537
v -0.126993 -0.968856 0.468385
v 0.39608 0.462158 0.694821
v -0.809149 0.317133 -0.377469
v 0.16818 -0.374412 0.722351
v 0.080292 0.124334 0.73274
v 0.028796 0.413091 0.599065
v -0.080559 0.1243 0.732791
v 0.773106 0.423215 0.466191
v -0.773132 0.423229 0.466176
v 0.188714 0.174061 0.764615
v 0.208688 0.456188 0.674805
v -0.619385 0.158151 0.643853
v -0.206988 0.213475 0.773327
v -0.074737 -0.81679 0.632535
v 0.500734 0.213562 0.721213
v -0.208679 0.456246 0.674752
v 0.089072 -0.092404 0.786365
v -0.500332 0.213767 0.721082
v 0.302753 -0.004454 0.659544
v -0.189038 0.311101 0.764418
v -0.30273 -0.004510000000000001 0.659476
v 0.686042 0.004237 0.488218
v 1.348517 0.106479 -0.50518
v -0.685995 0.004366 0.488317
v -0.042526 -0.983755 0.479613
v -0.314139 0.242056 0.83557
v 0.314139 0.242056 0.83557
v 0.063795 0.460669 0.597384
v 0.208435 0.033388 0.674552
v 0.042549 -0.983827 0.479472
v 0.188578 0.311312 0.764629
v 0.772444 0.205886 -0.43876
v -0.396258 0.02336 0.694939
v -0.168917 -0.374096 0.721949
v -0.208406 0.033333 0.674484
v -0.815496 0.226133 0.413804
v 0.396218 0.023459 0.695091
v 0.138622 0.386212 0.683821
v 0.815886 0.227114 0.413536
v -0.138561 0.38623 0.683754
v -0.267766 0.448388 0.719497
v 0.138609 0.102338 0.683527
v 0.366269 -0.875619 0.491116
v -0.366365 -0.875589 0.491374
v -0.774951 0.205077 -0.443561
v 0.267777 0.448281 0.719571
v -0.138534 0.102344 0.683459
v 0.816685 0.436634 0.629942
v 0.583861 -0.063461 0.510252
v 0.710288 0.276595 0.636212
v -0.063841 0.455939 0.677825
v 0.722193 0.42374 0.700122
v -0.763137 0.402823 0.665279
v -0.090211 -0.091187 0.786197
v 0.701786 0.198869 0.614417
v -0.701828 0.198845 0.614487
v -0.583806 -0.063491 0.510503
v -0.309634 0.022632 0.710609
v 0.694606 0.423204 0.348732
v -0.694209 0.42327 0.348514
v -0.391445 0.242067 0.822078
v 0.391445 0.242067 0.822078
v 0.185179 -0.175933 0.699025
v 0.309667 0.022751 0.710763
v -1.347021 0.107187 -0.506094
v -0.782842 -0.076779 -0.129487
v -0.16586 0.367865 0.730472
v -0.687938 0.301021 0.644892
v 0.654422 0.222501 0.63996
v -0.035236 -0.538195 0.315099
v -0.227007 0.056581 0.723691
v -0.654398 0.222486 0.639968
v 0.100973 0.193611 0.686217
v 0.100817 0.292101 0.68654
v 0.165968 0.367805 0.730593
v 0.813759 0.315553 -0.381229
v -0.539314 0.033127 0.650823
v -0.133623 -0.13837 0.792359
v -0.100903 0.193625 0.686144
v 0.5393 0.033106 0.65077
v 0.49509 0.489823 0.766414
v -0.100755 0.292113 0.68647
v 0.2271 0.056669 0.723833
v 0.759293 0.063309 -0.242795
v 0.746218 -0.121825 -0.119926
v 0.782378 -0.07502 -0.128266
v 1.375 0.237575 -0.489309
v 0.270699 -0.36662 0.491278
v -0.057195 0.445116 0.805015
v -0.165718 0.117726 0.730507
v -0.495302 0.490002 0.766539
v 0.035192 -0.538408 0.315643
v 0.22506 -0.823179 0.683626
v -0.225321 -0.823242 0.683506
v 0.165848 0.117756 0.730647
v 0.027082 -0.622615 0.73902
v -0.270725 -0.366864 0.490799
v 0.462108 0.521686 0.456685
v 0.053045 0.465196 0.711727
v -0.717345 -0.025427 -0.070938
v -1.373719 0.238446 -0.489472
v -0.462068 0.521699 0.456557
v 0.292221 0.594919 0.823886
v -0.292224 0.595314 0.824173
v 0.240193 0.585158 0.832986
v -0.13207 0.285537 0.731017
v -0.696644 -0.084592 -0.153734
v -0.132072 0.199208 0.730935
v -0.843268 -0.053823 -0.148681
v 0.665775 -0.104809 -0.148284
v -0.746908 -0.122887 -0.121865
v 0.84325 -0.053862 -0.148729
v -0.814494 0.060412 -0.258538
v -0.239954 0.585566 0.833309
v 0.132217 0.285526 0.731171
v -0.852792 0.21901 0.461225
v 0.132227 0.199187 0.731092
v 0.853533 0.219867 0.461126
v 0.049534 0.460521 0.775919
v -0.732014 0.414462 0.391139
v -0.049211 0.470129 0.746669
v -0.212163 -0.962971 0.572088
v 0.732372 0.414374 0.391375
v 0.212099 -0.963122 0.571678
v 0.756878 0.110086 0.403158
v 0.294164 -0.864358 0.633527
v -0.157786 -0.425269 0.192979
v -0.293864 -0.864121 0.633758
v 0.157814 -0.425544 0.192852
v -0.756658 0.11019 0.402956
v -0.157743 -0.305159 0.720148
v -0.875079 -0.079104 -0.158496
v -0.10698 0.188867 0.749434
v 0.351314 -0.927318 0.48934
v 0.106748 0.18888 0.749386
v -0.351389 -0.927442 0.489148
v 0.856881 -0.12779 -0.156084
v -0.19298 -0.941354 0.614925
v 1.000299 0.27343 -0.374936
v 0.192933 -0.941585 0.614557
v -1.000136 0.273758 -0.374824
v 0.073699 -0.56552 0.745971
v -0.073734 -0.56552 0.745961
v -0.784379 0.095095 0.44652
v 0.921286 0.313309 -0.244483
v -0.921365 0.313248 -0.244576
v -0.759305 0.064446 -0.24273
v 0.739642 0.089204 -0.217622
v 0.716605 -0.021853 -0.070466
v -0.022272 0.421778 0.669377
v -0.055248 -0.459661 0.204118
v 0.055321 -0.459892 0.204
v -1.061228 0.370197 -0.365342
v 0.784738 0.094807 0.447088
v 0.240019 -0.934598 0.612399
v -0.240075 -0.934277 0.612803
v -1.223783 0.417482 -0.397347
v -0.059737 -0.853006 0.676777
v 0.705109 0.367146 0.670852
v -0.976627 0.370004 -0.26595
v -0.70505 0.366989 0.670909
v -0.332578 -0.037731 0.714974
v 0.332281 -0.037663 0.714932
v -0.232232 -0.308098 0.457817
v 0.251182 0.56064 0.535233
v -1.333717 0.312955 -0.408937
v 0.059535 -0.853126 0.67671
v 0.23222 -0.307987 0.4581
v 0.807978 0.237183 -0.421778
v -0.809826 0.237749 -0.426011
v -0.326457 -0.93104 0.561488
v 0.828228 0.274177 -0.150652
v 0.680818 0.391475 0.702076
v -0.827892 0.274246 -0.150565
v -0.680527 0.391299 0.702046
v -0.019417 0.409181 0.795418
v -1.0000000000001327e-06 -0.224988 0.830068
v -1.287271 0.122591 -0.410091
v 0.326611 -0.931395 0.561087
v 0.14021 0.464332 0.835183
v 0.022136 -0.504337 0.749515
v 0.48866 -0.113188 0.513204
v -0.140123 0.464425 0.835099
v -0.938994 -0.04081 -0.233442
v -0.488546 -0.113178 0.513381
v -0.085107 -0.913493 0.671665
v -1.176833 0.489375 -0.37843
v 0.051238 -0.468036 0.248825
v 1.313874 0.362215 -0.403679
v 0.084503 -0.953962 0.622432
v -0.051123 -0.467825 0.249036
v -0.084533 -0.953987 0.622464
v 0.88213 0.251255 -0.25011
v -0.882124 0.251255 -0.250112
v 0.14555 -0.434432 0.237073
v 0.094204 0.404413 0.827326
v -0.935848 0.220344 -0.347019
v 0.935825 0.220364 -0.34702
v -0.094187 0.404483 0.827374
v 0.877905 0.159173 -0.330984
v -0.877873 0.159199 -0.330987
v 0.379913 0.553 0.53944
v -1.140986 0.414203 -0.383534
v -0.094301 0.47492 0.603394
v -0.14542 -0.434191 0.237245
v -0.481985 -0.084332 0.474168
v 0.482146 -0.084367 0.474073
v 0.939235 -0.040978 -0.232371
v -1.14214 0.204302 -0.420536
v 0.132524 -0.96939 0.581336
v -0.132541 -0.969425 0.581345
v 1.064147 0.441122 -0.320504
v 1.141444 0.41432 -0.382662
v -1.123324 0.276902 -0.416631
v 1.325105 0.248165 -0.405793
v -1.109522 0.445675 -0.347043
v 0.996354 -0.015931 -0.309605
v 0.348348 -0.895151 0.568522
v -0.223619 -0.232375 0.556304
v -0.348149 -0.895013 0.568775
v 1.123478 0.277629 -0.417112
v -0.980449 -0.102861 -0.261406
v 1.259842 0.453692 -0.403303
v 0.034784 -0.931891 0.656397
v -0.249393 0.558299 0.531339
v -0.034812 -0.93207 0.656255
v 1.143823 0.204206 -0.420618
v -0.996256 -0.016111 -0.310148
v 0.019833 -0.411158 0.745722
v -0.828841 -0.018704 -0.309344
v -0.817495 0.215955 -0.226111
v 0.828803 -0.018744 -0.30943
v 0.817466 0.215959 -0.225876
v -0.058745 -0.36881 0.741943
v 0.781163 0.160839 -0.224444
v 0.058905 -0.368446 0.742374
v -0.05875 -0.445278 0.751506
v 0.058753 -0.445279 0.75152
v 0.188934 -0.714981 0.717375
v -0.188866 -0.714965 0.717405
v -0.781088 0.160872 -0.224321
v -0.044346 -0.978077 0.59139
v 0.044325 -0.97805 0.591357
v -0.28016 0.54746 0.558147
v -0.840739 0.10148 -0.329039
v 0.441915 -0.010307 0.670782
v -0.441882 -0.010264 0.670703
v 0.840934 0.10166 -0.328974
v 0.0 -0.958108 0.626102
v -0.210648 -0.376064 0.247004
v 0.210825 -0.376149 0.247034
v -0.02904 -0.700491 0.737338
v 1.290223 0.121208 -0.411964
v -1.019751 0.432084 -0.290384
v 0.380766 0.00016400000000000008 0.694728
v -0.380766 0.00016500000000000022 0.69473
v 0.97999 -0.104386 -0.263599
v -0.369596 -0.141809 0.521506
v 0.175022 -0.294894 0.710037
v 0.132738 -0.86922 0.697417
v -0.132884 -0.869287 0.697178
v 0.016765 0.436717 0.742429
v -0.166619 -0.259568 0.709345
v 0.369687 -0.141809 0.521684
v -0.156043 -0.91583 0.655636
v 0.156003 -0.915766 0.655712
v -1.075319 0.475302 -0.325831
v -0.830335 0.282197 -0.200092
v 0.061151 -0.198472 0.83431
v -0.189958 -0.904637 0.658903
v 0.189921 -0.904538 0.658992
v 0.994004 0.418105 -0.270594
v -0.170716 0.165102 0.76563
v 0.170742 0.165106 0.765617
v 0.166589 -0.259555 0.709322
v -0.201109 -0.392789 0.277545
v 0.830702 0.281919 -0.20028
v 0.201368 -0.392753 0.277742
v -0.070253 -0.123992 0.77371
v -1.221584 0.349604 -0.414121
v -0.488198 0.073043 0.684783
v 0.488196 0.073044 0.684776
v -0.942208 0.38912 -0.232007
v -0.207841 -0.211605 0.476128
v 0.207851 -0.211607 0.47613
v -0.22681 -0.29279 0.640727
v -0.301441 -0.137546 0.470218
v 0.226676 -0.292896 0.64083
v 0.369671 -0.116625 0.489109
v 0.623415 0.26869 0.658434
v 0.432469 0.049576 0.701867
v -0.139967 -0.24995 0.727592
v -0.623512 0.268716 0.658388
v 1.037023 -0.054717 -0.304671
v 0.216676 -0.260909 0.6414
v 0.240173 -0.265618 0.554664
v -0.21687 -0.260793 0.641325
v -0.714119 0.003892000000000001 -0.130009
v -0.432502 0.049427 0.701804
v 0.960922 0.436909 -0.257932
v -1.036987 -0.05451 -0.304663
v 0.717006 -0.007823 -0.176632
v 0.139993 -0.249644 0.727632
v -1.098239 -0.052063 -0.342202
v 0.942747 0.388499 -0.231572
v -0.71703 -0.007808 -0.176607
v 0.941994 0.089844 -0.340855
v -0.936822 0.128869 -0.341701
v 1.062196 0.35157 -0.400146
v 0.617903 0.313689 0.661758
v -0.942168 0.089775 -0.340886
v -0.098184 -0.759722 0.686974
v 0.936718 0.128911 -0.341681
v 1.221622 0.350069 -0.412353
v -0.884025 0.087832 -0.329277
v 0.712804 0.014391 -0.157204
v 1.253971 0.278799 -0.412151
v 0.883903 0.087774 -0.329128
v 1.090481 0.220131 -0.384518
v -0.006416 -0.17801 0.779248
v -1.090554 0.220048 -0.384501
v 1.059702 0.24105 -0.380853
v 0.072562 -0.748868 0.706559
v -1.05972 0.24107 -0.380861
v -1.253938 0.278803 -0.412331
v -0.244122 -0.287345 0.525976
v 0.224235 -0.250303 0.50565
v -1.100648 0.358509 -0.422132
v 1.005217 0.331755 -0.358093
v 0.127176 -0.14863 0.78213
v 0.244085 -0.287449 0.525982
v -1.005223 0.331759 -0.358036
v 0.97441 0.121092 -0.355211
v 1.126971 0.487828 -0.353424
v -0.224293 -0.250109 0.505619
v -0.974498 0.121057 -0.355207
v 0.970959 0.160162 -0.354816
v -0.970959 0.160162 -0.354815
v -0.222684 -0.273112 0.468115
v 0.046403 -0.831012 0.627861
v 1.023253 0.465231 -0.30159
v -1.180741 0.038324 -0.390198
v -0.046363 -0.830856 0.627712
v 0.222641 -0.273206 0.468123
v -0.998366 0.191369 -0.365353
v 1.025718 0.222569 -0.376039
v -1.025717 0.222569 -0.376041
v 1.004107 0.15231 -0.367135
v 0.99834 0.1914 -0.36534
v 0.96548 0.311891 -0.322469
v -1.004142 0.152271 -0.367143
v -0.965476 0.311902 -0.322409
v 0.901617 0.031092 -0.323293
v -0.375878 0.050824 0.736547
v 0.875664 0.378358 -0.217762
v -0.882758 0.051629 -0.331614
v 1.212274 0.019204999999999996 -0.393981
v 0.375867 0.050804 0.736511
v -0.898575 0.39773 -0.224457
v -0.991536 0.452238 -0.279857
v -0.052804 -0.230222 0.831661
v -0.223609 -0.355719 0.365158
v 0.223819 -0.355713 0.365349
v -1.068566 0.193441 -0.384436
v 1.068563 0.193446 -0.384437
v -1.213533 0.308372 -0.462286
v 1.13842 0.362068 -0.439416
v -0.894743 0.354651 -0.213256
v -0.609151 0.332205 0.664577
v 0.932507 0.285829 -0.297863
v 0.056047 -0.729169 0.739656
v 1.040278 -0.00014900000000000004 -0.382062
v -0.932493 0.285849 -0.297831
v -1.040278 -6.40000000000022e-05 -0.38203
v 0.182505 0.52964 0.587618
v 1.238388 0.248244 -0.45934
v -0.084962 -0.823293 0.636139
v 0.084979 -0.823298 0.636135
v 0.551566 0.130764 0.672639
v -0.741026 0.019999 -0.208878
v 0.740902 0.020061 -0.208714
v 0.922455 -0.017993 -0.265056
v 0.904725 0.255173 -0.285777
v -0.904713 0.255198 -0.285717
v -0.922421 -0.017972 -0.264932
v 1.196282 0.335083 -0.458283
v 0.047456 -0.761025 0.672147
v -0.202355 -0.183284 0.491401
v 0.202352 -0.183278 0.491401
v -0.551761 0.130502 0.672531
v 2e-06 -0.777126 0.669931
v -0.047516 -0.761117 0.672095
v 0.148221 0.328205 0.771206
v -1.174911 0.354561 -0.450543
v 0.166349 0.379067 0.773667
v 0.600315 0.35085 0.667837
v -0.148158 0.328229 0.771196
v -0.590487 0.193317 0.674748
v 0.590486 0.193317 0.674742
v -0.16626 0.379137 0.77366
v -0.09971 -0.779044 0.661861
v 0.895364 0.353907 -0.213404
v 0.099294 -0.7787 0.661842
v 0.195493 0.417718 0.771325
v 0.877718 0.222738 -0.281158
v -0.195436 0.417767 0.771317
v -0.877708 0.222751 -0.281116
v 0.402963 0.436885 0.734028
v 0.219652 -0.326834 0.364037
v 0.839171 0.336203 -0.210659
v -0.402987 0.43699 0.733943
v 1.099339 -0.05455 -0.343263
v -0.034041 -0.138673 0.75191
v 0.46892 0.413268 0.717909
v 0.141152 0.257944 0.76663
v -0.141134 0.257934 0.766611
v -0.219478 -0.326597 0.363752
v -0.969253 0.30435 -0.351031
v -1.011042 0.323853 -0.386939
v 0.862792 -0.021502 -0.242432
v -0.591221 0.369465 0.670297
v -0.86267 -0.021164 -0.242325
v -1.06818 0.340707 -0.428283
v 0.96926 0.304264 -0.351193
v 0.292976 0.060538 0.741682
v 1.011023 0.323728 -0.387096
v -0.814236 0.151168 -0.288686
v 0.814244 0.151201 -0.288662
v -0.9226 -0.014343000000000003 -0.292491
v 0.235468 0.444076 0.76427
v -0.85152 0.188457 -0.284222
v 0.550788 0.383987 0.687702
v 0.851526 0.188457 -0.284218
v -0.822493 0.084643 -0.286194
v 0.808647 0.009852 -0.249182
v 1.087194 0.009295 -0.434894
v -0.114974 -0.163759 0.757761
v 1.192078 0.092218 -0.457344
v 0.832872 0.070871 -0.283564
v -0.509834 0.398235 0.703835
v -1.144484 0.351026 -0.466928
v -0.934156 0.279902 -0.326127
v -0.235384 0.44422 0.764258
v -1.002705 -0.008854000000000004 -0.373104
v -0.852928 0.357918 -0.214621
v 0.962381 -0.012093 -0.333745
v -0.808466 0.01022 -0.249047
v 0.934176 0.279805 -0.326236
v 1.067972 0.340417 -0.429
v -0.292848 0.060038 0.741506
v 0.273853 0.45921 0.755744
v -0.134434 -0.202647 0.78283
v 0.205386 -0.199672 0.560274
v -1.086172 0.010174 -0.435215
v -0.205383 -0.199629 0.560263
v -0.125119 -0.240828 0.78178
v 0.202152 -0.190292 0.525939
v -0.273814 0.45932 0.755731
v 1.120277 0.032097 -0.396596
v -0.202249 -0.190257 0.526038
v -0.903884 0.251629 -0.314428
v 0.903897 0.25159 -0.314496
v 0.133035 -0.203275 0.806929
v 0.354127 0.455338 0.740882
v 0.010021 -0.140669 0.74935
v -0.354129 0.45544 0.740864
v -0.86417 -0.018577 -0.267783
v 0.311037 0.462961 0.747804
v 1.144173 0.351015 -0.468311
v -0.311038 0.463026 0.747789
v -0.840236 0.0048280000000000016 -0.285177
v -0.773304 0.111013 -0.31618
v -0.012007 -0.866217 0.657021
v 0.012109 -0.863564 0.642379
v 1.202414 0.084926 -0.412477
v 0.107458 -0.166587 0.81476
v -0.826999 0.317683 -0.203661
v 0.864251 -0.018751 -0.268082
v 0.840221 0.005026 -0.285029
v 0.036079 -0.859855 0.642216
v -0.036076 -0.859867 0.642338
v -1.202376 0.084903 -0.412692
v 0.773367 0.110856 -0.316618
v 0.085905 -0.143632 0.808517
v -0.876797 0.221248 -0.308948
v 0.876808 0.221222 -0.309
v -0.163126 0.216634 0.778474
v 0.163125 0.216633 0.778472
v 0.121023 -0.155285 0.797899
v 0.771822 0.089827 -0.300518
v -0.107242 -0.166787 0.815222
v 0.855425 0.316475 -0.211443
v -0.77181 0.089922 -0.300495
v 0.76644 -0.00874 -0.227173
v -0.766318 -0.008762 -0.227113
v -0.085927 -0.143867 0.808824
v -1.120795 0.031088 -0.397995
v 0.199449 0.109567 0.753612
v -0.768771 0.092772 -0.275646
v -0.199414 0.109484 0.753553
v 1.228562 0.1714 -0.437478
v 0.768749 0.09282 -0.275639
v -0.09218 -0.127931 0.793088
v 0.057859 -0.139528 0.808666
v -1.23763 0.214505 -0.437833
v -0.117185 -0.207241 0.825057
v -1.203761 0.327025 -0.483978
v 0.028181 -0.143151 0.794565
v -0.058001 -0.13975 0.809032
v -0.028259 -0.142852 0.794479
v -0.191463 0.210031 0.758359
v 1.170524 0.053648 -0.468916
v 0.09215 -0.127808 0.7925
v 0.123359 -0.239867 0.804069
v -1.169379 0.054556 -0.469
v 0.056528 -0.124032 0.792756
v -0.189571 0.242627 0.760363
v -0.852863 0.188851 -0.309861
v 0.852894 0.188822 -0.309871
v -0.020879 -0.28963 0.802104
v -0.539236 0.339224 0.685483
v 0.539222 0.339197 0.685505
v 0.817513 0.152433 -0.313932
v 1.9999999999999995e-06 -0.190885 0.806686
v 0.189672 0.242651 0.760281
v -0.817528 0.152381 -0.313981
v 0.058213 -0.137498 0.752546
v 0.124952 -0.225616 0.760219
v 0.02078 -0.289503 0.802295
v -0.551761 0.312946 0.67844
v 0.023468 -0.307293 0.792094
v -0.032138 -0.154008 0.81145
v 0.838921 0.048972 -0.30803
v -0.081442 -0.139312 0.750773
v 0.19355 0.195795 0.75709
v -1.121537 0.020617 -0.378051
v -0.170559 0.144748 0.756243
v 0.170559 0.144748 0.75624
v -1.240208 0.273847 -0.487476
v 0.061998 -0.267966 0.80074
v 1.2036 0.326831 -0.485163
v 0.09226 -0.249716 0.806213
v -1.251265 0.203876 -0.4904
v 0.032205 -0.154194 0.811627
v -0.0827 -0.256821 0.799427
v -0.023545 -0.307485 0.791734
v -0.107798 -0.255616 0.756177
v -0.562594 0.283087 0.677255
v 0.56259 0.283087 0.677259
v -0.791573 0.086179 -0.31279
v -0.839176 0.049115 -0.308293
v -0.101976 -0.242562 0.813635
v 0.102523 -0.232481 0.824602
v 0.860307 0.014197 -0.324295
v -0.195674 0.181559 0.756899
v 1.120952 0.021563 -0.37686
v 0.791588 0.086092 -0.312811
v -0.824747 0.078476 -0.311253
v 0.824744 0.078474 -0.311272
v 0.551479 0.312716 0.678253
v 0.107885 -0.255903 0.755929
v -0.4787 0.367485 0.71916
v -0.227715 0.13207 0.762467
v 1.227909 0.12185 -0.487535
v -0.271658 0.10869 0.755301
v -1.226757 0.122349 -0.487869
v -0.207819 0.15541 0.758283
v -0.55469 0.207179 0.675421
v 0.554683 0.207183 0.675429
v 0.199594 0.168033 0.757749
v 0.238499 0.121211 0.765511
v 0.068802 -0.283309 0.79053
v 0.217789 0.144005 0.760004
v -0.102719 -0.25984 0.793953
v -0.559649 0.24485 0.673232
v 1.252364 0.203727 -0.491025
v -0.218241 0.347111 0.76361
v -1.235554 0.177469 -0.423945
v 1.240641 0.274013 -0.488558
v 0.218365 0.347077 0.763528
v 0.102732 -0.259953 0.7937
v 0.831048 -0.003048 -0.311425
v 0.478339 0.366804 0.718985
v -1.213892 0.129301 -0.437957
v 0.144137 -0.208366 0.741429
v 0.086134 -0.283873 0.749369
v -0.859545 0.014709 -0.324047
v -0.086137 -0.283874 0.749365
v -0.068994 -0.283511 0.790124
v -0.831119 -0.0032609999999999983 -0.311496
v 0.559335 0.244924 0.673154
v -0.189918 0.278902 0.762642
v 0.30609 0.098808 0.745939
v -0.144088 -0.208071 0.740979
v -0.511051 0.158364 0.686797
v 0.190019 0.27893 0.762555
v -0.004174000000000001 -0.166493 0.753418
v -0.010416 -0.18458 0.818186
v -0.818817 -0.010519999999999996 -0.274918
v 0.818791 -0.010504 -0.274906
v -0.199406 0.313859 0.763621
v 0.560891 0.332635 0.690199
v 0.820045 -0.011294 -0.298229
v -0.115316 -0.695454 0.734886
v 0.115316 -0.695454 0.734886
v 0.510655 0.158788 0.686649
v 6e-06 -0.324881 0.74964
v -0.42014 0.094925 0.718204
v 0.199517 0.313832 0.763527
v -0.820112 -0.011526 -0.298285
v 0.572566 0.302311 0.686815
v 0.41635 0.39265 0.757264
v -0.416362 0.39271 0.757231
v 0.572482 0.221112 0.679645
v 0.179881 0.239588 0.776605
v -0.375317 0.080323 0.731964
v -0.253605 0.383987 0.76628
v 0.375323 0.08037 0.73199
v 0.045034 -0.308653 0.755091
v -0.465183 0.113317 0.708324
v 0.465174 0.113342 0.708347
v -0.566978 0.317809 0.688517
v -0.045072 -0.308568 0.755019
v 0.208712 0.35241 0.776744
v 0.110078 -0.832053 0.713021
v 0.576458 0.264995 0.683239
v 0.267136 0.102132 0.770504
v 0.253691 0.383884 0.766205
v 0.41999 0.095509 0.718001
v -0.179633 0.239548 0.77676
v -0.572808 0.221004 0.679703
v -0.208481 0.352526 0.776891
v -0.128231 -0.207416 0.74635
v -0.116219 -0.161441 0.755351
v -0.576794 0.264974 0.683294
v 0.546217 0.175551 0.68621
v 0.010495 -0.185272 0.818993
v 0.521568 0.360122 0.711027
v 0.184746 0.190121 0.772503
v 1.235857 0.178114 -0.421673
v 0.2464 0.393426 0.775325
v -0.308912 0.353233 0.798079
v 0.104377 -0.145711 0.7479
v 0.308872 0.353259 0.798018
v -0.248222 0.289328 0.806419
v 0.248186 0.289353 0.806385
v -0.246309 0.393533 0.775377
v -0.30905 0.139068 0.798034
v -0.546646 0.175171 0.686306
v -0.248963 0.199286 0.806102
v 0.248925 0.199273 0.806067
v 0.309009 0.139046 0.797984
v -0.184524 0.190021 0.772641
v -0.37619 0.402592 0.754514
v 0.339153 0.079179 0.749821
v -0.351645 0.362016 0.787252
v 0.454215 0.382716 0.753355
v 0.351646 0.362014 0.787247
v -0.279522 0.404121 0.768379
v 0.079067 -0.736539 0.733395
v -0.275735 0.415832 0.772819
v 0.275736 0.41583 0.772819
v -0.191813 0.160211 0.770664
v 0.191814 0.160211 0.77067
v 0.328627 0.122269 0.805846
v -0.097094 -0.737891 0.730041
v -0.351629 0.130219 0.787166
v 0.328548 0.369983 0.805964
v 0.351629 0.130221 0.787161
v 0.084635 -0.855778 0.703199
v -0.239664 0.242199 0.802784
v 0.239666 0.242199 0.80278
v -0.307757 0.408986 0.758929
v 0.182267 0.277767 0.776507
v -0.23071 0.113373 0.778537
v 0.376035 0.402191 0.754465
v -0.336029 0.411821 0.753047
v 0.336028 0.411812 0.753055
v 0.231524 0.267615 0.818205
v -0.328792 0.122546 0.806062
v 0.191932 0.315382 0.776576
v -0.328718 0.369696 0.806183
v -0.231881 0.267501 0.818347
v 0.377592 0.122025 0.795981
v 0.377707 0.370209 0.796073
v 0.232133 0.218701 0.817977
v 0.210605 0.136694 0.773979
v 0.285001 0.350619 0.813963
v 0.25102 0.315099 0.818232
v 0.307721 0.408827 0.758842
v 0.285175 0.141659 0.813858
v -0.07936 -0.736176 0.733671
v -0.076083 -0.849139 0.699687
v -0.272289 0.329308 0.802842
v -0.232458 0.218811 0.818125
v 0.27229 0.329306 0.802837
v 0.497573 0.128664 0.705727
v -0.522063 0.360905 0.711355
v -0.377566 0.122334 0.796206
v -0.272307 0.162905 0.802787
v -0.377679 0.369889 0.796299
v 0.272307 0.162907 0.802783
v -0.251344 0.314971 0.818412
v 0.251676 0.175329 0.817965
v -0.285161 0.350345 0.814149
v -0.182061 0.277753 0.776678
v -0.285328 0.141921 0.814044
v -0.39953 0.353971 0.78109
v 0.399511 0.354014 0.781059
v -0.19169 0.315444 0.776769
v -0.251965 0.17544 0.818129
v 0.399814 0.077443 0.734043
v 0.30587 0.420013 0.764008
v -0.399381 0.138318 0.78109
v -0.025027 -0.765406 0.725642
v 0.399369 0.138281 0.781063
v -0.210402 0.136404 0.774095
v 0.058176 -0.878873 0.695446
v 0.123065 -0.185542 0.755711
v -0.305899 0.420172 0.764067
v 0.02481 -0.765573 0.725508
v -0.454657 0.383745 0.753476
v -0.097668 -0.823935 0.712933
v 0.44883 0.096057 0.722772
v -0.08515 -0.856382 0.703562
v -0.109871 -0.805012 0.717352
v -0.302752 0.089206 0.761192
v -0.497989 0.128155 0.70589
v 0.425298 0.350843 0.784982
v 0.425109 0.141408 0.784919
v -0.425219 0.350538 0.785098
v -0.425034 0.141701 0.785041
v 0.108185 -0.777685 0.720982
v -0.100836 -0.777847 0.716614
v 0.075676 -0.848545 0.699067
v -0.399961 0.076749 0.734263
v -0.107453 -0.751212 0.726677
v 0.356934 0.416602 0.759869
v -0.038222 -0.873602 0.689364
v -0.449053 0.095515 0.72291
v 0.399326 0.4023 0.76819
v 0.026458 -0.759221 0.734451
v -0.026689 -0.759111 0.734401
v -0.458232 0.314516 0.777026
v 0.458445 0.314635 0.77702
v 0.038163 -0.873377 0.689074
v -0.357089 0.416986 0.75989
v -0.457597 0.175897 0.776909
v 0.457786 0.175789 0.776899
v 0.462516 0.289183 0.76774
v -0.043862 -0.881142 0.692946
v -0.4625 0.289175 0.767724
v -0.473941 0.267092 0.773147
v 0.461762 0.199407 0.76757
v -0.461747 0.199411 0.767559
v 0.474127 0.267168 0.773198
v -0.473382 0.219252 0.773042
v -0.399512 0.402944 0.768254
v 0.473549 0.219177 0.773077
v -0.43893 0.329493 0.769637
v 0.438927 0.329492 0.769633
v -0.438911 0.162708 0.769608
v 0.438908 0.162709 0.769605
v 0.029238 -0.882801 0.691015
v -0.470108 0.242193 0.761797
v 0.470105 0.242193 0.761795
v 0.099494 -0.756245 0.720569
v -0.01468 -0.884742 0.68977
v 0.099611 -0.800628 0.71323
v -0.012937 -0.877149 0.688263
v 0.012894 -0.876959 0.688053
v 0.360764 0.81041 -0.545401
v 1.183357 0.078776 -0.591345
v 0.122981 0.842038 -0.627693
v -0.120596 0.751336 0.428934
v -0.261415 -0.230293 -0.520664
v 0.225899 0.395852 -0.828641
v -0.226778 0.396377 -0.828244
v -1.2e-05 0.66522 -0.806199
v -0.285196 0.158173 -0.749551
v 0.284684 0.157875 -0.749775
v -0.12048 0.954461 -0.415474
v 0.11708 0.661712 0.492656
v 0.238556 0.94928 -0.386397
v 0.096731 0.176929 -0.843664
v -2.999999999999531e-06 0.982338 0.020177
v -0.240784 0.981493 0.020163
v 0.240465 0.981802 0.019715
v -7.000000000000001e-06 0.94246 0.207145
v -0.353094 0.931236 -0.351294
v 0.242906 0.943496 0.199849
v -0.243215 0.943085 0.200293
v 0.086877 -0.311109 -0.506763
v -0.818723 0.378365 -0.248171
v -0.07842 -0.383022 -0.335403
v 0.078421 -0.383006 -0.335398
v -9.999999999999972e-07 -0.138167 -0.72397
v 0.563348 -0.131718 0.035139
v -0.564307 -0.131176 0.035364
v -0.174246 -0.013101 -0.742074
v -1.245114 0.239673 -0.603769
v 0.173614 -0.012993 -0.742392
v 0.504362 0.820335 0.19418
v -0.504364 0.820341 0.194186
v 0.515723 0.874756 0.051455
v -0.515449 0.874887 0.052054
v 0.177966 -0.137248 -0.670954
v -0.178585 -0.137334 -0.670608
v -0.48388 -0.103497 0.291814
v 0.483864 -0.103659 0.292006
v -1.329216 0.111483 -0.444271
v -0.517131 0.879183 -0.259993
v 0.515013 0.858045 -0.333903
v 0.505383 0.894677 -0.101426
v -0.505383 0.894684 -0.101424
v -0.6088 0.760462 -0.371924
v -0.06997099999999999 -0.432253 -0.080911
v 0.069897 -0.43207 -0.080927
v -0.530411 0.546846 0.738036
v 0.530464 0.547522 0.737194
v -0.781907 0.356837 0.350119
v 0.608983 -0.050508 0.261713
v -0.609046 -0.0504 0.261541
v 0.805661 0.255194 0.262506
v 1.320938 0.329546 -0.566275
v 0.801373 0.202249 -0.131511
v 0.34505 0.61627 0.568447
v -0.8017 0.20233 -0.132972
v -0.278697 -0.63543 0.671548
v 0.781774 0.140129 0.226117
v 0.371194 -0.231143 0.056431
v 0.505078 0.657674 0.294215
v -0.371167 -0.231025 0.05678
v -0.781937 0.141173 0.226282
v -0.504993 0.657683 0.294415
v 0.523131 0.739442 -0.496748
v -0.522962 0.739345 -0.497038
v 0.956246 0.149741 -0.524714
v -0.956292 0.149637 -0.525038
v -0.679253 0.03527 0.574967
v 0.575762 -0.004236000000000002 0.619857
v -0.302698 -0.321061 -0.048281
v 0.302737 -0.321065 -0.048718
v -0.695909 0.673964 -0.369336
v 0.697199 0.693481 -0.306771
v -0.694653 0.572238 -0.471801
v -0.69324 0.703528 -0.048059000000000004
v 0.693114 0.703582 -0.04778199999999998
v 0.694273 0.572087 -0.472299
v 0.522465 0.527977 -0.637413
v -0.522263 0.527984 -0.63761
v 0.683938 0.7187 -0.17610299999999998
v -0.683937 0.718699 -0.176104
v -0.679122 0.401954 -0.533532
v 0.680862 0.667428 0.071676
v -0.68086 0.667426 0.071675
v 0.765807 0.435059 -0.441876
v 0.581394 -0.132177 -0.109273
v 0.678631 0.401718 -0.534003
v -0.582096 -0.131537 -0.109103
v 0.765148 0.577491 -0.384431
v -0.770894 0.508504 -0.415779
v -0.753738 0.358792 -0.460248
v 0.778859 0.623662 -0.2652379999999999
v -0.77897 0.623298 -0.265307
v 0.821049 0.467887 -0.112627
v -0.482371 0.319005 -0.687991
v 0.482375 0.319026 -0.688015
v -0.820409 0.471068 -0.1124
v -0.634991 0.23376 -0.557063
v 0.635222 0.234189 -0.557187
v 0.776072 0.636209 -0.011250999999999988
v -0.776186 0.636148 -0.011526
v 0.330466 -0.648097 0.472242
v -0.764558 0.602253 0.110572
v 0.76456 0.602252 0.110568
v -0.330437 -0.647751 0.473382
v -0.849399 -0.143361 -0.324117
v -0.312053 -0.544584 0.483035
v 0.76702 0.65513 -0.13715599999999997
v -0.767016 0.65513 -0.13715000000000002
v -0.763126 0.183413 0.569832
v 0.311873 -0.544975 0.482046
v -0.705787 -0.10141 -0.324635
v -0.392267 -0.232678 -0.131463
v 0.392343 -0.232654 -0.131717
v 0.706923 -0.101118 -0.323832
v 0.824604 0.355112 0.160994
v 0.567025 0.085193 -0.539626
v -0.824862 0.354403 0.16098
v -0.645524 0.062617 -0.479957
v 1.155154 0.453757 -0.373206
v -0.415773 0.135431 -0.663251
v 0.415804 0.135476 -0.663265
v 1.077802 0.485747 -0.473745
v 0.850686 0.418483 0.083787
v 0.59978 0.002388 -0.456305
v -0.368294 -0.212331 -0.407958
v 0.36827 -0.212341 -0.408219
v 0.914423 -0.135181 -0.370918
v 1.201155 0.517021 -0.468292
v -0.981157 -0.133333 -0.316763
v 0.380646 -0.107556 -0.542972
v -0.380642 -0.107552 -0.542968
v 0.379852 -0.008808 -0.61064
v -0.379851 -0.008807 -0.610638
v -1.017066 0.464748 -0.445872
v -0.741561 -0.145275 -0.247483
v 0.73108 0.142122 0.580987
v 0.975304 0.452699 -0.422732
v -0.414214 -0.081585 0.643806
v 0.290719 -0.200828 0.331362
v 0.414163 -0.081629 0.643778
v 0.742653 -0.14471 -0.246436
v -0.290383 -0.202246 0.331399
v -0.331586 -0.285395 -0.252557
v 0.33159 -0.285402 -0.252559
v -0.135866 0.574193 0.643029
v -0.596411 -0.052106 -0.396352
v 0.780407 0.286522 0.615255
v -0.520548 -0.047982 -0.447353
v 0.520342 -0.04802 -0.447117
v 0.029516 -0.036653 0.741064
v 0.587746 -0.092802 -0.326364
v -0.571923 -0.123987 -0.25265
v -1.193916 0.517779 -0.42765
v 0.136188 0.574368 0.639726
v -0.895767 0.421203 -0.372374
v -0.219583 -0.971195 0.514475
v -0.413973 0.647446 0.602773
v -0.492861 -0.142751 -0.286233
v -0.864183 0.358009 0.03157
v 0.492605 -0.142701 -0.286139
v 0.237379 0.756915 0.708546
v 0.66615 0.545764 0.181398
v 0.895136 0.421327 -0.374909
v -0.665713 0.546098 0.181339
v -0.325251 -0.565456 0.610057
v -1.042434 -0.106709 -0.457355
v -0.351033 -0.785902 0.589461
v 1.04239 -0.106785 -0.457452
v 0.32509 -0.565481 0.609875
v 0.350938 -0.785863 0.589274
v -0.237715 0.756892 0.710727
v -0.115746 -0.873667 0.387586
v -1.154634 0.451595 -0.372852
v 0.11577 -0.873534 0.387585
v 0.354976 -0.842358 0.451334
v 0.15994 0.599756 0.845294
v -0.355178 -0.842253 0.451614
v -0.038617 -0.893888 0.38462
v -0.159025 0.600605 0.844384
v 1.245135 -0.0012349999999999956 -0.429798
v -0.733758 0.507991 0.218235
v 0.450372 0.607545 0.595094
v -0.794995 0.292893 -0.419044
v 0.794855 0.292792 -0.418585
v 0.734174 0.507641 0.218274
v -0.810687 0.136956 -0.027766
v 0.105339 -0.770019 0.360508
v -0.105339 -0.770018 0.360511
v 0.328516 0.754481 0.697546
v -1.112774 0.103172 -0.443299
v -0.328509 0.754446 0.697593
v -0.065368 0.4278 0.827006
v -0.352994 0.203588 0.829554
v 0.352994 0.203588 0.829554
v 0.030777 0.449496 0.587601
v 1.051215 0.064856 -0.419607
v 0.811036 0.137533 -0.028408
v -0.160663 -0.528922 0.363512
v 0.160665 -0.528927 0.363506
v 0.539133 0.543534 0.572974
v 0.15538 0.716321 0.72083
v -0.155421 0.716274 0.720859
v -0.589186 0.517533 0.556948
v -0.282106 -0.834704 0.372153
v -0.828238 0.2947 0.442233
v 1.332358 0.408762 -0.506222
v 0.22788 0.675255 0.604236
v -0.227771 0.675375 0.604172
v -0.035058 -0.793912 0.34605
v 0.33874 -0.696303 0.604721
v -0.338755 -0.696301 0.604717
v 0.282255 -0.834642 0.37224
v 0.299438 0.687556 0.592228
v -0.299465 0.687689 0.592199
v -0.10974 0.60387 0.720304
v 0.828232 0.296387 0.441561
v 0.262561 -0.968551 0.505518
v 0.300012 -0.946436 0.42731
v 0.258004 -0.722427 0.369141
v -0.391377 0.623844 0.807397
v -0.258032 -0.722418 0.369117
v -0.097807 -0.657995 0.355559
v 0.737067 -0.039895 0.035373
v 0.097884 -0.658034 0.355679
v 0.040202 0.10625 0.731084
v -0.737061 -0.03993 0.035458
v 0.81801 0.097183 0.033596
v 0.453519 0.638372 0.66558
v -0.040355 0.106081 0.73109
v -1.191707 -0.046719 -0.500769
v 0.087731 0.537863 0.78539
v -0.219658 -0.699512 0.705383
v 0.211604 -0.635726 0.713387
v 0.712468 0.444271 0.483122
v -0.712469 0.444274 0.483123
v 0.39139 0.623465 0.808574
v 1.253537 0.491186 -0.520124
v 0.286985 0.674029 0.836505
v 0.748633 0.473019 0.586565
v -1.253451 0.491076 -0.520062
v -0.748583 0.47299 0.586724
v -2.7e-05 0.527816 0.581221
v -0.19264 -0.508197 0.725426
v -1.331055 0.40611 -0.50693
v -0.817626 0.096622 0.034246
v 0.192743 -0.508198 0.725332
v -0.737913 0.444409 0.677097
v -0.286714 0.676072 0.834643
v -0.288097 0.57548 0.575826
v -0.45394 0.638025 0.666898
v -0.608842 -0.00877 0.446338
v 0.608844 -0.008769 0.446337
v 0.737542 0.443524 0.678289
v -0.406722 0.508814 0.766322
v -0.267173 -0.405201 0.647132
v -0.141945 0.553021 0.565122
v 0.267098 -0.405272 0.647364
v 0.406813 0.508798 0.766315
v -0.177455 -0.464198 0.333732
v -0.032742 -0.677512 0.337156
v 0.718416 -0.057239 -0.156234
v -0.060473 -0.063015 0.766633
v 0.033032 0.243173 0.775817
v -1.322011 0.42152 -0.438502
v 0.859747 0.298484 -0.021460999999999997
v -0.257562 -0.953876 0.437694
v -0.586546 0.056157 0.637742
v 0.855849 0.255491 0.029613
v 0.084736 -0.115153 0.765244
v -0.855857 0.255489 0.029615
v -0.240279 -0.615544 0.372839
v 0.176714 -0.464771 0.333667
v -0.224254 -0.439114 0.373287
v -0.507806 0.505583 0.427422
v 0.240638 -0.615431 0.373098
v 0.536385 0.426766 0.606689
v -0.148855 0.022298 0.764995
v -0.545598 0.564919 0.639364
v 0.148817 0.022199 0.76501
v -0.272036 -0.044412 0.749275
v 0.50783 0.505844 0.42686
v -0.564728 0.384919 0.609483
v 1.161225 0.149328 -0.456176
v 0.586195 0.339208 0.607824
v 0.27159 -0.044404 0.749284
v 0.21373 -0.958076 0.449623
v 0.54564 0.564739 0.639585
v 0.586039 0.147875 0.607535
v 0.174796 -0.409516 0.725167
v 0.616511 0.090953 0.633998
v -0.652393 0.509205 0.608338
v 0.610832 0.242182 0.590929
v -0.602078 0.194346 0.601229
v -0.602244 0.291379 0.601466
v 0.791986 0.432125 0.501678
v -0.536534 0.063337 0.606823
v 0.536534 0.063337 0.606823
v -0.792074 0.432114 0.501766
v 0.792213 0.420497 0.64906
v 0.513842 0.403985 0.662446
v -0.51386 0.403996 0.662474
v 0.652471 0.509085 0.60857
v -0.784907 0.450919 0.639949
v -0.028907 -0.11698 0.731355
v -0.175197 -0.409344 0.724935
v 0.450439 0.476501 0.635337
v 0.658236 0.44164 0.295259
v -0.658235 0.441636 0.295256
v -0.557136 0.326634 0.662648
v -0.450483 0.476555 0.635247
v 0.580685 0.24218 0.646647
v -0.069751 -0.529617 0.320303
v -0.580703 0.24218 0.646671
v 0.557057 0.326619 0.66271
v 0.38223 0.39201 0.748372
v -0.557172 0.158531 0.662609
v -0.588032 0.125144 0.650446
v -0.382046 0.391532 0.748153
v 0.289235 -0.384918 0.529083
v 0.557081 0.158511 0.662681
v -0.458325 0.564482 0.782381
v 0.458338 0.564453 0.782391
v 0.514067 0.082155 0.662672
v -0.514081 0.082145 0.662696
v 0.450536 0.012882 0.635129
v -0.289287 -0.385082 0.52879
v -1.158087 0.149731 -0.455792
v -0.382006 0.097008 0.748332
v -0.450607 0.012835 0.635003
v 0.382183 0.096518 0.748521
v -0.071727 0.182686 0.749435
v 0.071462 0.182716 0.749404
v -0.262396 -0.329823 0.525528
v 0.500991 0.27202 0.721294
v -0.500577 0.271821 0.72111
v 0.262375 -0.329711 0.525781
v 0.678417 0.431874 0.387023
v -0.255128 -0.732779 0.683534
v 0.255128 -0.732779 0.683533
v 0.351812 0.501615 0.644042
v -0.351812 0.501617 0.644043
v 0.069575 -0.530167 0.321215
v 1.367031 0.17155 -0.498139
v -0.169043 -0.961201 0.462525
v 1.002067 0.365563 -0.300901
v -0.67801 0.431928 0.3868
v 0.254832 0.477683 0.670156
v -0.084941 -0.977289 0.473648
v -0.254823 0.477773 0.670058
v -0.028794 0.413055 0.599028
v 0.126994 -0.968841 0.468231
v -0.327081 0.311226 0.833018
v 0.327081 0.311226 0.833018
v 0.713916 -0.037482 -0.042066
v -0.269475 0.118936 0.769187
v 0.716024 0.067199 0.41791
v 0.225323 -0.509244 0.377091
v -0.225343 -0.509245 0.377092
v 0.269246 0.118471 0.769248
v -0.420236 0.27017 0.813485
v 0.420236 0.27017 0.813485
v 0.351856 -0.011721 0.644293
v -0.351856 -0.011723 0.644293
v 0.254654 0.011676 0.669909
v 0.062739 0.455623 0.676768
v -0.438294 0.03844 0.688581
v 0.78415 -0.036958 -0.176028
v -0.079227 0.352639 0.798681
v -0.715892 0.067364 0.417668
v 0.673559 0.162682 0.621237
v -0.42099 0.40711 0.727994
v -0.446173 0.337325 0.744909
v -0.673641 0.162639 0.621327
v -0.478294 0.159979 0.727088
v 0.079269 0.352515 0.798663
v 0.478709 0.159816 0.727209
v 0.446185 0.337343 0.744895
v -0.25461 0.011588 0.669781
v 0.438209 0.038506 0.688679
v 0.166865 0.427082 0.673589
v -0.166864 0.427083 0.673589
v 0.352056 0.471513 0.696148
v 0.228466 0.159245 0.774011
v -0.228925 0.159447 0.77388
v -0.352061 0.471528 0.696174
v -0.063771 0.460784 0.597516
v 0.869217 0.295043 0.498839
v 0.42116 0.407616 0.728248
v -0.684881 -0.079146 -0.066395
v 0.635961 -0.024540999999999997 0.56376
v -0.63595 -0.024525 0.563746
v -0.226234 0.242313 0.781156
v 0.226222 0.242314 0.781146
v -0.758823 -0.030966 -0.190423
v -0.288813 0.21571 0.837203
v 0.288813 0.21571 0.837203
v -0.166741 0.063 0.673751
v 0.166742 0.063001 0.67375
v -0.341873 -0.894913 0.414431
v 0.261475 -0.946982 0.588253
v -0.869027 0.293321 0.499572
v 0.341651 -0.894735 0.41416
v 0.117238 0.34037 0.688113
v -0.188922 -0.799751 0.702809
v -0.99637 0.015589999999999996 -0.385826
v 0.117359 0.146732 0.687706
v 0.188473 -0.799656 0.702965
v 0.230738 0.62309 0.850316
v -0.230735 0.623104 0.850281
v 0.996598 0.015001 -0.385469
v -0.117136 0.340391 0.687988
v 0.16265 -0.339851 0.720618
v -1.364846 0.172779 -0.499776
v -0.117238 0.146755 0.687576
v 0.189624 0.404477 0.721865
v -0.189616 0.404487 0.72189
v -0.284928 0.407667 0.753571
v -0.845758 0.391844 -0.314739
v -0.84496 0.291835 -0.089015
v 0.352127 0.014334 0.696549
v -0.352132 0.014322 0.696571
v -0.280061 -0.95555 0.562482
v -1.9999999999999995e-06 -0.987676 0.486505
v -0.163126 -0.339643 0.720362
v 0.057005 0.44557 0.802482
v -0.705951 0.237744 0.625258
v 0.705904 0.237776 0.625178
v -0.200136 -0.393827 0.189365
v 0.200149 -0.393843 0.189364
v 0.164966 0.503033 0.836604
v -0.84293 0.421466 0.614441
v 0.842957 0.421486 0.614458
v 0.284681 0.408131 0.753697
v -0.164886 0.503077 0.836643
v -0.267603 0.037246 0.719684
v -0.419897 0.216015 0.813191
v 0.419897 0.216015 0.813191
v 0.26765 0.037353 0.719786
v 0.189447 0.081632 0.722139
v -0.189441 0.081624 0.72216
v -0.751178 0.416694 0.429082
v 0.092159 0.24218 0.679354
v -0.092157 0.24218 0.679355
v -0.146902 0.327731 0.73336
v 0.751376 0.416717 0.42924
v 0.147022 0.327702 0.733453
v -0.262007 0.337528 0.781121
v -0.146859 0.157429 0.733282
v 0.261995 0.337537 0.781111
v 0.080906 -0.625582 0.740741
v -0.080959 -0.625591 0.740735
v 0.146998 0.157413 0.733383
v -8e-06 -0.544263 0.314971
v 0.745156 0.11798 -0.442835
v -1.02516 0.358813 -0.337413
v -0.05364 0.465388 0.712367
v -0.526373 -0.061957 0.465588
v 1.184731 0.253395 -0.455321
v 0.526544 -0.061891 0.465479
v -0.259649 -0.845278 0.659564
v 0.259651 -0.845279 0.659567
v -1.288265 0.297005 -0.401322
v 0.12242 0.242178 0.723662
v -0.12241 0.242178 0.723684
v -0.739187 0.047984 0.468846
v -0.049377 0.460529 0.777526
v -0.378624 0.550188 0.536694
v 1.288566 0.297037 -0.401468
v -1.152492 0.294388 -0.449221
v 0.739306 0.047832 0.469079
v -0.747586 0.117585 -0.448474
v -1.184352 0.252049 -0.454408
v 0.049217 0.470119 0.746647
v 1.152822 0.295681 -0.450209
v -0.296932 0.556353 0.794647
v -0.402632 0.426486 0.748338
v -0.728575 0.385078 0.674648
v 0.850606 0.39233 -0.315183
v 0.728562 0.385097 0.674575
v 0.297034 0.556236 0.794581
v 1.00000000000038e-06 -0.463501 0.21238
v 0.248009 0.548511 0.804393
v -0.891919 -0.045147 -0.188921
v -0.24791 0.548625 0.804466
v 0.892211 -0.045809 -0.188197
v 0.838011 0.29706 -0.119349
v 0.024645 -0.563487 0.744507
v 0.830868 0.328928 -0.323754
v 0.537552 -0.089652 0.512534
v -0.119798 0.142256 0.738104
v 0.119452 0.142178 0.738017
v -0.537382 -0.089721 0.512647
v -0.597722 0.266498 0.679698
v 0.243138 0.433001 0.769509
v -0.243137 0.433009 0.769511
v -0.826237 0.328898 -0.32347
v 0.553025 0.461255 0.751302
v -0.55315 0.461232 0.751284
v -0.887061 0.279885 -0.239447
v 0.886972 0.279954 -0.239366
v -0.108693 -0.446227 0.197089
v 0.324359 -0.880977 0.602363
v -0.717568 0.414197 0.356284
v 0.71789 0.414248 0.356401
v -1.246468 0.377874 -0.398644
v 0.816865 -0.088537 -0.123108
v -0.81677 -0.088484 -0.123158
v 0.108779 -0.446597 0.196871
v -0.323923 -0.880627 0.602799
v 0.184118 -0.405116 0.23663
v -0.184096 -0.405098 0.236647
v -1.307968 0.185228 -0.404748
v -0.065948 -0.900341 0.685015
v -0.954726 0.356798 -0.247324
v 0.954818 0.356432 -0.247616
v -0.786203 0.15967 0.393946
v 0.786203 0.159679 0.393944
v 0.042846 0.409205 0.819152
v 0.249887 -0.350024 0.45149
v 0.191489 0.363071 0.781233
v -1.314551 0.04805 -0.50931
v -0.191359 0.363146 0.781237
v 1.314644 0.04801500000000001 -0.509401
v -0.2499 -0.35019 0.451208
v -0.119089 -0.117487 0.797198
v 0.11912 -0.117473 0.797256
v -0.701615 0.404418 0.711486
v 0.701625 0.404417 0.711524
v 0.491287 0.010767 0.662028
v -0.4913 0.010741 0.662032
v 0.02093 0.421757 0.668174
v 0.0 -0.701957 0.736271
v -1.226646 0.493714 -0.406072
v -1.370761 0.303806 -0.479186
v 1.37089 0.303824 -0.479238
v -0.176524 -0.96379 0.575928
v 0.176521 -0.96378 0.575923
v 0.066308 -0.505349 0.750527
v -0.680114 0.350955 0.66349
v -0.066318 -0.505341 0.750563
v 0.680139 0.350955 0.663498
v -0.789206 -0.126878 -0.118429
v 0.789265 -0.126945 -0.118466
v -0.830218 0.236149 -0.225552
v -1.054371 0.279521 -0.389641
v -0.129534 -0.204078 0.770406
v -0.021748 0.39045 0.815591
v 0.657006 0.380728 0.686018
v -0.65698 0.380729 0.686007
v 0.830153 0.236189 -0.225201
v 0.094334 0.474965 0.60315
v 0.965756 0.248997 -0.358588
v -0.965776 0.248976 -0.358592
v 1.054498 0.279488 -0.389738
v -0.906666 0.190394 -0.337647
v 0.906698 0.190368 -0.337641
v -1.100605 0.409513 -0.361068
v -0.928893 -0.073512 -0.207236
v -0.719108 -0.05816 -0.156437
v 0.100692 -0.454381 0.240408
v 0.759319 0.12491 -0.221385
v -0.100609 -0.454016 0.240602
v -4.000000000000002e-06 -0.500446 0.294971
v -0.759209 0.125015 -0.221237
v 0.042308 -0.957136 0.625004
v -0.042324 -0.95715 0.625037
v 0.359065 0.550272 0.499737
v 1.101111 0.409761 -0.359856
v -0.088543 -0.974932 0.586676
v -1.363187 0.315547 -0.437941
v 0.088513 -0.974898 0.586636
v 1.363189 0.315548 -0.437837
v -0.01984 -0.377382 0.740379
v 0.889024 0.013093 -0.310268
v 0.918816 -0.119709 -0.209929
v -1.202958 0.383245 -0.408723
v 1.266288 0.059976 -0.416619
v -0.019656 -0.445314 0.750741
v 0.816885 0.250308 -0.181572
v -0.816688 0.250374 -0.181388
v -1.266326 0.059975 -0.416405
v 1.290516 0.410233 -0.402051
v 1.202919 0.383511 -0.407499
v 0.01883 -0.814639 0.632717
v -1.126765 0.484686 -0.351355
v -0.985956 -0.035208 -0.27691
v -0.058717 -0.40704 0.746643
v 0.058805 -0.406859 0.746895
v -0.191006 -0.753058 0.711685
v 0.191073 -0.753074 0.711654
v -1.063985 0.439016 -0.319811
v 0.804483 0.195888 -0.22687
v -0.804468 0.195889 -0.226867
v 0.818386 0.149594 0.428996
v 0.218903 -0.225974 0.535653
v -0.818398 0.14959 0.429003
v -0.218939 -0.225965 0.535722
v 0.34305 -0.934092 0.52666
v -0.343052 -0.934097 0.526667
v -0.220927 -0.298189 0.423236
v 0.98618 -0.035275 -0.276251
v 0.22094 -0.298197 0.423236
v 0.0 -0.93373 0.655739
v -0.026454 -0.227852 0.831446
v -0.20194 -0.190923 0.630519
v 1.177019 0.492268 -0.380175
v 0.784552 0.116104 -0.418947
v 1.019764 0.43211 -0.290382
v 1.312372 0.183614 -0.4072
v 0.393292 -0.031858 0.681079
v -0.393285 -0.031842 0.681054
v -0.182111 -0.926729 0.63393
v 0.18211 -0.926726 0.633926
v -0.358282 0.548537 0.497218
v -0.437934 -0.13137 0.515499
v 0.437933 -0.131387 0.515506
v -0.115056 0.426246 0.83203
v -0.993539 0.418641 -0.270994
v -0.016769 0.436706 0.742436
v 0.831342 0.140811 -0.329107
v -0.831253 0.140716 -0.329144
v 0.11501 0.426231 0.832057
v -0.060821 -0.198367 0.834275
v -0.129597 -0.903089 0.675124
v 0.129504 -0.902941 0.675255
v 0.0 -0.978345 0.594955
v 0.16158 -0.887819 0.680516
v -0.161675 -0.887975 0.680395
v -0.300748 -0.150926 0.528158
v 0.217435 -0.919205 0.634312
v -0.217438 -0.919206 0.634316
v 0.436207 -0.102887 0.483907
v -0.436199 -0.102886 0.483902
v 0.300967 -0.15098 0.528269
v -0.825714 0.309158 -0.178951
v 1.04151 -0.087869 -0.316328
v -0.204747 -0.292811 0.678769
v 0.204635 -0.292863 0.678814
v 0.626449 0.295178 0.658387
v -1.04161 -0.087834 -0.316207
v -0.787579 0.115564 -0.424413
v -0.207336 -0.215237 0.494064
v 0.207318 -0.215221 0.493981
v 0.765751 0.079417 -0.25761
v 0.086699 -0.789426 0.640279
v -0.086684 -0.789429 0.64029
v 0.460753 0.060849 0.69404
v 0.712563 -0.002178 -0.154762
v 0.968423 0.403985 -0.250605
v 1.100339 0.358272 -0.422969
v -0.765235 0.080276 -0.257677
v -0.460777 0.060754 0.693992
v 0.195416 -0.259844 0.678391
v 0.084718 -0.829026 0.670547
v -0.243858 -0.293222 0.598859
v -0.195673 -0.259663 0.678347
v 0.24379 -0.293268 0.598915
v -0.245402 -0.172923 0.468298
v -0.048397 -0.759641 0.70446
v -1.092685 0.258439 -0.388411
v 1.092684 0.258439 -0.388411
v 0.2329 -0.261875 0.599102
v 0.245412 -0.172918 0.468296
v -0.217717 -0.267757 0.439257
v -0.232982 -0.26176 0.598972
v 0.217703 -0.267755 0.439258
v -0.919674 0.113211 -0.335274
v 0.048334 -0.759539 0.704509
v 0.91962 0.113234 -0.335281
v 0.202945 -0.189078 0.631981
v 0.404137 0.037988 0.708988
v -0.085001 -0.828886 0.670641
v -0.720047 0.010352 -0.101301
v 0.096072 -0.759462 0.703374
v -1.155791 -0.016906 -0.367177
v 0.135714 -0.282109 0.726818
v 0.720065 0.010342 -0.101305
v 0.992223 0.451585 -0.279143
v -1.07556 0.213089 -0.382586
v -0.618011 0.313727 0.661719
v 1.075519 0.213084 -0.382622
v -0.712807 0.014392 -0.157204
v -0.099655 -0.797563 0.659216
v 0.958277 0.105496 -0.347879
v -0.135684 -0.282407 0.726777
v 0.620024 0.242272 0.657843
v -1.239506 0.314787 -0.415987
v -0.953923 0.144522 -0.34815
v 1.026431 0.340035 -0.374631
v 0.099404 -0.797211 0.659185
v -0.958386 0.105452 -0.347892
v -0.620084 0.242216 0.657819
v 0.953864 0.144545 -0.348137
v -0.361987 -0.905608 0.530326
v 0.361991 -0.905608 0.530325
v 0.717477 0.023601 -0.184136
v 0.985142 0.322043 -0.340774
v -1.062364 0.351684 -0.39973
v 0.303307 -0.130355 0.495552
v -0.303104 -0.13034 0.49546
v 1.042654 0.231827 -0.378609
v -1.023267 0.465255 -0.301545
v -0.985145 0.322064 -0.340674
v -1.042652 0.231837 -0.378608
v 0.990757 0.136664 -0.362186
v -0.990769 0.136662 -0.362171
v -0.865804 0.078203 -0.328059
v -0.984654 0.175764 -0.360111
v 0.984638 0.175784 -0.360103
v -0.233259 -0.279011 0.497149
v 0.865539 0.078092 -0.327795
v -1.011973 0.206953 -0.370999
v 0.52044 0.101441 0.679567
v 0.637079 -0.122243 -0.154022
v -0.637146 -0.12244 -0.153988
v 1.011964 0.206979 -0.370989
v 0.233196 -0.279208 0.497178
v 1.074976 0.47749 -0.327337
v 1.01776 0.167886 -0.371488
v -1.017801 0.167847 -0.371475
v 0.882497 0.05152 -0.331324
v -0.520549 0.101276 0.679487
v 0.898562 0.397714 -0.224393
v -0.058068 -0.69902 0.738215
v 0.058015 -0.699014 0.73822
v 1.239618 0.314982 -0.414644
v -0.946707 0.300846 -0.303702
v 0.946706 0.300846 -0.303702
v -0.402775 0.060237 0.73181
v 1.079774 0.009639 -0.373856
v -0.901448 0.031422 -0.32333
v 0.053079 -0.230166 0.831712
v 1.045547 0.198982 -0.379222
v -1.045555 0.198978 -0.37921
v 0.609041 0.332261 0.66461
v 0.427024 0.427352 0.729429
v -0.875358 0.378854 -0.217665
v -0.959922 0.437713 -0.259062
v -0.915428 0.372677 -0.216845
v 0.915441 0.372629 -0.216868
v -0.613342 0.189545 0.657311
v 0.613341 0.189545 0.657309
v -1.080206 0.008885 -0.374562
v 0.28213 0.550979 0.562494
v 1.001392 -0.009159 -0.343827
v -0.175352 0.404631 0.773528
v 0.175351 0.404632 0.773527
v 0.918704 0.270428 -0.291821
v -0.91869 0.270472 -0.291784
v -1.096274 0.205206 -0.387742
v -1.00136 -0.009097000000000001 -0.343712
v 1.096287 0.205219 -0.387712
v -1.138725 0.362053 -0.438917
v 0.153776 -0.2381 0.720475
v -0.153756 -0.238093 0.720458
v -0.738549 -0.008451 -0.203493
v 0.854084 0.356796 -0.214179
v -0.873173 0.336305 -0.212063
v 0.738996 -0.008944 -0.203886
v 1.229705 0.279598 -0.461161
v 1.174913 0.354594 -0.450578
v 0.334492 0.042664 0.730114
v 0.890935 0.239752 -0.27965
v -0.890935 0.23975 -0.279648
v 0.882838 -0.021817 -0.225037
v -0.882846 -0.021781 -0.225023
v 0.140154 0.280408 0.768008
v -0.213851 -0.376832 0.319688
v 0.019009 -0.142772 0.773603
v -0.140116 0.280423 0.767993
v 0.157335 0.353569 0.77253
v -0.157281 0.353558 0.772529
v 0.199698 -0.185666 0.507415
v -0.600457 0.350991 0.667768
v 0.134626 -0.202503 0.78259
v 0.023687 -0.770891 0.67172
v -0.334346 0.042404 0.730013
v -1.196392 0.334947 -0.457769
v 0.214147 -0.376935 0.319995
v -1.229621 0.279539 -0.460714
v -0.023728 -0.770923 0.671563
v -0.199671 -0.185637 0.507821
v 0.790915 0.130375 -0.291353
v -0.790896 0.130328 -0.291353
v 0.21653 -0.354326 0.304614
v 0.215489 0.430785 0.767778
v 0.864585 0.205656 -0.282638
v -0.215489 0.430793 0.767782
v -0.989964 0.31414 -0.369492
v 0.591221 0.369466 0.670296
v -0.86458 0.205671 -0.282611
v 0.563196 0.168072 0.683434
v -0.468943 0.413393 0.717746
v 0.989976 0.314114 -0.369577
v -0.075338 -0.837334 0.64581
v -1.07773 -0.005738 -0.350363
v -0.882721 -0.01943 -0.253012
v -0.181628 0.524613 0.583754
v -0.216285 -0.354249 0.304326
v -0.949226 0.293927 -0.332219
v 0.949226 0.293926 -0.332219
v 0.074979 -0.837448 0.645715
v -0.563576 0.167728 0.683285
v -0.962307 -0.012038000000000004 -0.333491
v -0.774147 0.016312 -0.228941
v -0.07797 -0.232023 0.829525
v -0.80631 0.090013 -0.286777
v 0.774275 0.016318 -0.228997
v 0.509794 0.398226 0.703864
v 0.378564 0.445965 0.73747
v -0.378556 0.445979 0.73748
v -1.033068 0.332581 -0.403544
v 1.033067 0.332567 -0.403548
v 1.077426 -0.00505 -0.349476
v 0.80631 0.089962 -0.286671
v -0.255298 0.457255 0.759894
v 0.255297 0.457255 0.759894
v -0.550908 0.384161 0.68758
v 0.837749 0.171904 -0.286035
v -0.837752 0.171902 -0.286032
v -0.919135 0.265706 -0.320213
v 0.922452 -0.014106 -0.292896
v 0.919151 0.265661 -0.320249
v -0.944707 0.052365 -0.337693
v 1.237373 0.215034 -0.436217
v -0.143415 0.21307 0.764158
v 0.143415 0.21307 0.764158
v 0.87453 0.334952 -0.212209
v 0.94455 0.052277 -0.337659
v 0.827092 0.317696 -0.203613
v 0.11389 -0.186182 0.820739
v -0.839816 0.053369 -0.28224
v 0.842723 -0.021886 -0.260053
v -0.292368 0.461132 0.751341
v 0.292367 0.461132 0.751342
v -0.09907 -0.760171 0.668378
v 0.16396 0.237104 0.779389
v 1.157894 -0.020275 -0.368595
v -0.842414 -0.021391999999999998 -0.259906
v 0.204403 -0.195221 0.543075
v 0.888893 0.237331 -0.308629
v -0.888892 0.237331 -0.30863
v 0.098892 -0.760196 0.668232
v -0.163829 0.237096 0.779337
v -1.105652 0.346085 -0.449927
v -0.329723 0.46479 0.744337
v 0.329723 0.46479 0.744337
v 0.839578 0.053229 -0.281946
v 0.211158 0.117293 0.7744
v -0.115158 -0.25376 0.779189
v -1.247174 0.227878 -0.420792
v -0.20458 -0.194997 0.543139
v 9.999999999999997e-07 -0.864611 0.643535
v 0.072082 -0.140356 0.80918
v -0.035469 -0.854235 0.631496
v 0.03547 -0.854235 0.631495
v -1.043696 -0.002109000000000004 -0.410789
v 1.043674 -0.002102 -0.410821
v 1.105449 0.345845 -0.450542
v 0.035661 -0.862634 0.656932
v -0.03567 -0.862619 0.656981
v -0.006821 -0.151619 0.751635
v 0.129079 -0.178378 0.803284
v -0.845313 -0.019719 -0.283795
v -0.837262 0.337027 -0.211237
v 0.84559 -0.020203 -0.283917
v -0.836918 0.0063630000000000015 -0.273208
v 0.836924 0.006364 -0.273207
v 0.099176 -0.148474 0.806054
v -0.099175 -0.148469 0.806074
v -0.130617 -0.178547 0.781719
v -0.11357 -0.1864 0.821462
v -0.072265 -0.140708 0.809721
v -0.19028 0.224448 0.759883
v 0.250706 0.077471 0.749591
v -0.86482 0.205052 -0.309296
v -0.771179 0.092265 -0.287367
v 0.86483 0.205032 -0.309317
v -0.058832 -0.138135 0.753428
v 0.157124 0.179045 0.759526
v -0.157094 0.179038 0.759543
v 0.190045 0.121401 0.754783
v 0.033416 -0.138279 0.749773
v -0.189947 0.121332 0.754764
v -1.128383 0.029737 -0.455676
v 1.158266 0.058695 -0.416493
v 0.770907 0.092328 -0.287561
v -0.250616 0.077266 0.749393
v 1.129161 0.029299 -0.455698
v -0.838782 0.298031 -0.207616
v 0.838781 0.298024 -0.207616
v 1.247367 0.228319 -0.419232
v -1.158718 0.057894 -0.41707
v 7.000000000000001e-06 -0.193668 0.760525
v -0.074886 -0.124201 0.793765
v -0.12979 -0.227579 0.806986
v 0.129765 -0.227568 0.806979
v 0.191565 0.210082 0.758258
v 0.00915 -0.17863 0.800741
v -0.794915 0.131453 -0.316828
v 0.794937 0.131498 -0.316831
v 0.04413 -0.140854 0.805963
v -0.044127 -0.140853 0.805967
v -0.193353 0.195692 0.757294
v 0.041427 -0.279576 0.80235
v -0.009148 -0.178432 0.800415
v -0.761877 0.092931 -0.310879
v 0.761877 0.092931 -0.310887
v -0.840121 0.173344 -0.310933
v -0.546008 0.327064 0.680598
v 0.840121 0.173344 -0.310935
v 0.101884 -0.24278 0.81334
v -9.999999999999972e-07 -0.297963 0.799875
v 0.074677 -0.124051 0.79316
v -0.062066 -0.268074 0.800557
v -1.182681 0.347979 -0.47666
v 1.182681 0.347974 -0.476661
v 1.213508 0.129755 -0.436671
v 0.545877 0.326958 0.680495
v -0.557539 0.298208 0.67716
v -1.22189 0.300873 -0.488267
v 0.03996 -0.128769 0.790234
v 0.107727 -0.135904 0.790373
v -0.039941 -0.128735 0.790234
v -0.107751 -0.135872 0.790371
v 0.082699 -0.256819 0.799425
v 0.845345 0.032126 -0.30858
v 0.557394 0.298089 0.677064
v -0.189559 0.260782 0.761264
v -0.117824 -0.241074 0.758374
v 0.114009 -0.250287 0.799413
v -0.217593 0.143733 0.760205
v 0.19577 0.181606 0.756796
v 0.046368 -0.296731 0.792257
v -0.509712 0.355666 0.69991
v -0.09232 -0.249626 0.80635
v -1.0000000000000006e-06 -0.314396 0.788703
v -0.020971 -0.168417 0.815545
v 0.189754 0.260827 0.761097
v 0.117791 -0.241195 0.758083
v 0.117167 -0.22741 0.822989
v -0.117157 -0.227412 0.822997
v -0.238473 0.12117 0.765484
v -0.561513 0.264023 0.67449
v -0.199584 0.168028 0.757744
v 0.833449 0.065319 -0.308794
v 0.809328 0.08376 -0.311386
v 0.082223 -0.139474 0.748792
v 0.50954 0.355302 0.699872
v 1.221753 0.300823 -0.489006
v -0.182 0.152364 0.770189
v 0.181997 0.152362 0.770185
v 0.20792 0.15555 0.758187
v 0.561353 0.26406 0.674447
v 0.22781 0.132194 0.762353
v -0.845533 0.032082 -0.30917
v -0.097543 -0.270165 0.752977
v -0.046485 -0.296931 0.79188
v -0.557672 0.225768 0.673013
v -0.809257 0.083792 -0.311655
v 0.820615 -0.012243 -0.311603
v -0.820569 -0.012265 -0.31155
v -0.833523 0.065343 -0.309181
v 0.55752 0.225803 0.672971
v 0.271852 0.109274 0.755094
v 0.021091 -0.16887 0.815954
v 0.555117 0.346708 0.694487
v -1.164237 0.048946 -0.399869
v 0.097553 -0.270379 0.752662
v -0.533564 0.181912 0.678931
v -0.57038 0.199432 0.680217
v 0.570378 0.199434 0.680226
v -0.208672 0.330465 0.763396
v -0.447355 0.379419 0.738553
v -1.25296 0.244958 -0.485569
v 1.252954 0.244939 -0.485588
v -0.240916 0.37379 0.765181
v 1.163838 0.049725 -0.399011
v 0.240961 0.373741 0.765136
v -1.241171 0.162393 -0.493551
v 0.091013 -0.269308 0.788136
v -0.091018 -0.269313 0.788135
v 0.208899 0.330408 0.763223
v 0.53337 0.182128 0.678876
v 0.44718 0.379078 0.738444
v -0.340041 0.087392 0.737642
v 0.794909 -0.009622 -0.249322
v -1.228756 0.170624 -0.440242
v 0.003997 -0.166454 0.753318
v 1.241641 0.162137 -0.493682
v -0.794507 -0.009728999999999996 -0.249569
v 0.566694 0.317568 0.688406
v -1.222094 0.128914 -0.422226
v 0.578321 0.286923 0.686048
v 0.111444 -0.711156 0.735233
v -0.488438 0.134941 0.696396
v -0.111446 -0.71115 0.735216
v -0.820722 -0.011044999999999998 -0.285617
v 0.191811 0.296698 0.764951
v -0.191801 0.296701 0.764946
v 0.340244 0.087953 0.737453
v 0.820464 -0.011131 -0.285896
v -0.561223 0.332916 0.690403
v 1.205266 0.086573 -0.479121
v -1.205308 0.086545 -0.479075
v -0.397585 0.086533 0.724002
v -0.572842 0.302455 0.686911
v 0.488245 0.13513 0.696305
v -0.442784 0.103541 0.712653
v 0.136192 -0.178331 0.763297
v 0.181693 0.205279 0.774525
v 0.231755 0.382172 0.776103
v -0.105212 -0.725743 0.734012
v 0.066591 -0.297706 0.753242
v -0.06657 -0.297557 0.753112
v 0.849569 0.002118 -0.320366
v -0.136235 -0.177887 0.762552
v 0.574471 0.243018 0.681306
v 0.022877 -0.318909 0.753719
v -0.231632 0.382312 0.776201
v 0.44271 0.103842 0.712558
v 0.397505 0.086807 0.723902
v -0.181474 0.205207 0.774678
v 0.097353 -0.843925 0.708148
v -0.574791 0.242947 0.681328
v -0.849311 0.0023640000000000006 -0.320251
v -0.396201 0.397332 0.756059
v -0.022877 -0.318888 0.753327
v 0.396122 0.397142 0.756033
v 0.181027 0.258729 0.776473
v -0.266614 0.39401 0.767509
v 0.200356 0.333874 0.776691
v 0.26666 0.393955 0.767476
v 0.127987 -0.207516 0.746873
v 1.222066 0.129245 -0.420769
v -0.097701 -0.844288 0.708386
v -0.180806 0.258687 0.776595
v -0.104265 -0.145723 0.74776
v 0.261158 0.404579 0.774413
v -0.200107 0.333942 0.776823
v 0.303181 0.090373 0.760968
v 0.521957 0.152196 0.695745
v -0.261096 0.404689 0.774445
v 0.187886 0.175047 0.770762
v 0.375557 0.068771 0.740755
v -0.293608 0.406595 0.763539
v 0.10914 -0.804856 0.716953
v 0.293589 0.406516 0.76349
v 0.230705 0.113361 0.778556
v 0.0 -0.198911 0.823385
v -0.321808 0.410928 0.754987
v -0.266473 0.100738 0.770938
v 0.488174 0.371483 0.732463
v 0.290812 0.417912 0.768451
v 0.321786 0.41086 0.754929
v 0.200868 0.148287 0.771521
v -0.18767 0.174935 0.770975
v -0.356151 0.40785 0.752778
v 0.071503 -0.867271 0.698822
v -0.290812 0.41804 0.768493
v -0.522344 0.151745 0.69579
v -0.220379 0.124627 0.776464
v 0.35607 0.407635 0.752792
v -0.329771 0.359782 0.792375
v 0.106731 -0.751288 0.726238
v 0.329711 0.359941 0.792276
v -0.074324 -0.744322 0.726394
v -0.184217 0.296622 0.777526
v 0.184218 0.296622 0.77753
v -0.063722 -0.860447 0.694657
v -0.200662 0.14806 0.771715
v 0.320883 0.421933 0.759794
v -0.329841 0.132495 0.792336
v 0.241936 0.220264 0.804143
v 0.329778 0.132326 0.792241
v -0.289268 0.343098 0.800353
v 0.241327 0.266229 0.804275
v -0.242128 0.220308 0.804182
v -0.241533 0.26618 0.804315
v -0.123104 -0.185069 0.754835
v 0.052849 -0.747762 0.73429
v -0.25828 0.310651 0.804558
v -0.258891 0.179884 0.804396
v -0.289413 0.149204 0.800339
v 0.424454 0.086707 0.728906
v 0.289139 0.343214 0.80019
v -0.087563 -0.836836 0.705803
v -0.320925 0.422104 0.75988
v -0.488512 0.372224 0.732547
v 0.258756 0.179778 0.80423
v 0.258139 0.310766 0.804384
v 0.115544 -0.163392 0.754256
v 0.289282 0.149086 0.800172
v -0.071842 -0.867761 0.699056
v -0.351773 0.11963 0.799754
v 0.351773 0.119629 0.799757
v -0.37592 0.360363 0.783749
v -0.473231 0.105593 0.717073
v 0.473238 0.10559 0.717085
v 0.375936 0.360539 0.783654
v -0.351785 0.372567 0.799814
v 0.351786 0.372568 0.799818
v -0.338938 0.077973 0.750213
v -0.375836 0.13191 0.783733
v 0.375857 0.131724 0.783638
v -0.22907 0.242156 0.815653
v 0.22907 0.242156 0.815656
v 0.306444 0.361892 0.812221
v 0.306594 0.130375 0.812087
v 0.063494 -0.860069 0.694156
v -0.306636 0.130404 0.812129
v 0.073857 -0.744618 0.725868
v -0.306485 0.361857 0.812273
v -0.053279 -0.747326 0.734493
v 0.239988 0.292112 0.820698
v -0.240031 0.292085 0.820726
v -0.424589 0.086089 0.728998
v 0.240712 0.196317 0.820259
v -0.240757 0.196333 0.820288
v -0.266696 0.157192 0.815439
v 0.266696 0.157192 0.815443
v 0.0 -0.772168 0.723651
v -0.10031 -0.800929 0.714035
v -0.26667 0.334979 0.815483
v 0.26667 0.334979 0.815486
v -0.100133 -0.756273 0.721402
v 0.043757 -0.880823 0.692808
v 0.087202 -0.836408 0.705256
v 0.402665 0.361987 0.792759
v 0.402483 0.130252 0.792669
v -0.40268 0.361935 0.792784
v -0.402492 0.130296 0.792691
v 0.378106 0.409482 0.764234
v -0.025771 -0.875744 0.688467
v 0.420817 0.344073 0.774723
v -0.420712 0.343936 0.774793
v -0.37827 0.409907 0.764225
v 0.420672 0.148216 0.774745
v -0.420565 0.148355 0.77482
v 0.014626 -0.884503 0.689656
v -0.109342 -0.777839 0.721648
v 0.025678 -0.875382 0.688126
v -0.420495 0.396631 0.770112
v 0.420508 0.396655 0.770122
v -0.029346 -0.883186 0.691209
v 0.099862 -0.777618 0.715597
v -0.444156 0.157612 0.777851
v 0.444156 0.157612 0.777852
v -0.467759 0.291401 0.776779
v -0.444174 0.334557 0.777878
v 0.4681 0.220403 0.764304
v 0.444174 0.334557 0.777879
v 0.45236 0.179604 0.768072
v 0.467778 0.29141 0.776797
v 0.468702 0.266066 0.764352
v -0.467034 0.19702 0.77653
v -0.467999 0.220414 0.764306
v 0.452998 0.310928 0.768104
v 0.467052 0.197014 0.776542
v -0.45224 0.179676 0.76808
v -0.468593 0.266053 0.764351
v -0.452873 0.31085 0.768111
v -0.475496 0.242173 0.76992
v 0.475497 0.242173 0.769921
v 0.0 -0.768157 0.731771
v 9.999999999999997e-07 -0.878003 0.688832
f 6857 2233 4273
f 6858 4186 5074
f 6857 5073 4185
f 2652 744 5918
f 836 4319 3109
f 7017 490 3558
f 7016 3557 558
f 3006 5953 7025
f 633 5952 7024
f 1861 3393 1351
f 3394 4002 2161
f 7312 6207 5317
f 1893 5369 4537
f 343 154 382
f 2958 1096 4816
f 5761 2892 4821
f 2550 4397 1356
f 1806 178 5118
f 2844 6692 1733
f 6692 589 1733
f 4720 6664 3972
f 1734 1517 1100
f 1734 1100 6664
f 146 224 831
f 4034 4801 1538
f 4034 2405 4801
f 520 2405 4034
f 4798 1533 590
f 4798 4005 1533
f 4005 3399 1771
f 3399 2424 1771
f 6729 275 2054
f 6729 4734 275
f 1082 4734 6729
f 4846 2574 831
f 2196 4855 2967
f 4124 4866 2465
f 3511 2103 1767
f 965 4111 3511
f 1540 6928 3438
f 5840 2936 2058
f 3436 6702 2929
f 1531 614 4983
f 2887 5067 7236
f 187 970 6844
f 3510 1780 2043
f 2435 4873 1779
f 6793 1763 186
f 3378 2515 5669
f 617 1296 3434
f 617 3434 2504
f 2997 7133 865
f 1310 1557 4441
f 7138 6112 1557
f 273 6991 4245
f 2439 2275 715
f 5211 6991 273
f 4266 6947 4998
f 3014 5193 6947
f 5075 990 2673
f 702 5751 5125
f 273 4245 2250
f 219 3678 1620
f 5233 1389 3678
f 4998 272 4238
f 4048 3116 5739
f 4048 717 3116
f 1228 1629 491
f 2190 2662 5223
f 4472 5750 3759
f 7074 837 4472
f 2242 2660 5204
f 2242 5204 837
f 5258 2723 3249
f 3757 4473 903
f 3757 903 6136
f 1046 4474 3760
f 2707 2219 7219
f 3203 5188 1986
f 759 4409 2300
f 7220 1619 2708
f 3718 5221 1025
f 5221 6088 1025
f 3715 5217 7216
f 2333 6032 4421
f 6030 2334 4418
f 2579 4502 5319
f 7365 4490 6213
f 2324 1654 6204
f 6247 3872 1218
f 1220 2728 6209
f 1220 7385 2728
f 5148 4517 3134
f 4600 3901 3161
f 2726 5361 4555
f 4388 5361 2726
f 761 197 429
f 5408 4619 3830
f 2994 6719 4161
f 6719 2149 4161
f 3668 979 5870
f 2945 3509 211
f 3489 4151 6717
f 486 212 736
f 2718 3752 855
f 4234 2721 2229
f 4462 3179 5254
f 3178 4456 3790
f 5170 4398 2229
f 4803 4453 2753
f 4457 2607 3215
f 5256 1910 4457
f 6004 1397 4544
f 1397 2783 4544
f 1011 1644 4448
f 3004 208 2766
f 7308 1030 2775
f 2269 6193 7423
f 2253 7058 3185
f 1188 2274 5091
f 3651 2274 1188
f 5099 1940 1176
f 4403 892 2654
f 3386 6909 5788
f 2888 4745 5776
f 648 4360 3709
f 6051 2640 5177
f 7009 1374 5131
f 7009 5131 4352
f 1178 3517 4380
f 1377 202 6044
f 2232 1901 6104
f 5682 5155 2232
f 2687 201 5155
f 1178 4380 7240
f 1383 7250 6075
f 6185 2205 5261
f 550 1392 4356
f 3722 3119 5108
f 2066 2850 4859
f 4830 1760 4100
f 182 951 790
f 2434 1773 5698
f 1518 4867 791
f 4057 4800 939
f 4057 1786 4800
f 4077 6788 2438
f 6788 1499 2438
f 4507 2443 1106
f 4096 3071 5609
f 2634 5087 1802
f 4732 379 6803
f 6803 5865 1539
f 1119 4509 1778
f 1777 3379 2402
f 3379 508 2402
f 4728 6700 1737
f 1106 2443 4085
f 1501 1769 149
f 4084 1119 1778
f 4084 1778 2913
f 5600 525 2101
f 3995 3402 793
f 2837 608 3388
f 1486 6733 4715
f 260 1758 4735
f 5603 1758 260
f 528 1274 2093
f 3381 6685 179
f 6685 983 179
f 5569 4757 1806
f 4784 6760 942
f 1753 2473 800
f 5688 1295 1512
f 3381 179 3054
f 4806 2092 4042
f 1751 6757 4038
f 2421 6757 1751
f 2463 1793 171
f 3430 1269 1793
f 1099 5714 6781
f 934 4780 1791
f 4023 685 3555
f 3408 2456 4812
f 2416 3406 4071
f 512 1527 3955
f 1744 2827 4713
f 2827 1483 4713
f 2839 6674 1070
f 1529 6674 2839
f 1529 441 6674
f 1267 518 2842
f 1267 2842 3965
f 2151 393 3464
f 2432 2867 173
f 2492 936 2071
f 2492 2071 4021
f 2426 3397 2873
f 2426 928 3397
f 3974 2129 3412
f 2450 3389 4747
f 3390 2090 4748
f 4793 4037 434
f 3978 939 6754
f 5631 1276 3376
f 4797 940 4046
f 2109 1753 6744
f 1487 6755 5634
f 1747 6767 5646
f 6826 1307 2447
f 2825 3954 501
f 672 1752 4700
f 4699 676 1261
f 4699 1261 3956
f 5557 3354 4708
f 137 3348 3963
f 915 2849 4709
f 3976 2057 918
f 4730 2057 3976
f 1473 1742 6677
f 1742 5567 6677
f 3349 1071 3962
f 1071 4710 3962
f 2832 6672 4716
f 6672 2840 155
f 4712 257 1775
f 5597 2081 1481
f 6721 3977 2453
f 1505 4781 2860
f 4052 807 2077
f 6254 5116 4326
f 5581 6686 2828
f 6686 44 2828
f 2152 4027 1739
f 6687 5580 2828
f 335 2423 6667
f 439 582 920
f 2429 5574 3971
f 3984 1471 2429
f 1083 4698 5606
f 1270 4778 5602
f 6693 5598 1475
f 834 5119 3082
f 6055 5119 834
f 5122 844 3081
f 4181 4864 1873
f 387 1787 2981
f 1871 2982 4182
f 4832 592 6774
f 600 1882 2959
f 1114 5667 4112
f 2446 4116 4871
f 4170 4909 1541
f 4891 2156 605
f 6768 3460 4842
f 4080 1497 1808
f 6027 5002 3500
f 4209 1155 3667
f 4304 6881 3583
f 5025 1379 4257
f 1185 3623 4259
f 2198 55 5025
f 1750 2523 4897
f 2171 140 3002
f 823 5664 3523
f 1799 5011 2930
f 5011 5811 2930
f 3620 1855 4000
f 2213 7117 5961
f 3045 4166 828
f 6097 3484 2521
f 967 1135 3015
f 588 244 450
f 2484 2931 6880
f 2896 3409 6867
f 1549 2490 5759
f 6951 5819 1831
f 6966 5821 2490
f 1105 2163 4129
f 6914 5772 1105
f 2166 4877 3518
f 2166 969 4877
f 2134 3074 4215
f 3590 3057 4035
f 5942 2616 1171
f 1410 6402 332
f 5252 3900 7597
f 6408 3285 3893
f 3883 3281 6416
f 6492 3324 3899
f 3892 3318 6500
f 6454 2817 3316
f 3308 4586 7695
f 6321 7158 1677
f 4613 2678 3916
f 6182 1674 1947
f 656 1173 1415
f 2754 3672 5468
f 1987 5270 2339
f 768 3205 1445
f 3863 6234 5270
f 2674 5269 1988
f 4511 3220 7323
f 1287 3220 4511
f 3221 4513 7332
f 2772 3303 670
f 3888 2808 904
f 2025 2377 7338
f 6049 2332 4534
f 3296 2811 577
f 1706 2039 6364
f 4534 2332 3941
f 3669 4923 5856
f 1613 1157 4297
f 5954 3058 3658
f 2464 2975 4979
f 4982 3597 2975
f 539 2214 4226
f 2561 1772 6921
f 4305 2697 1169
f 5730 1396 5017
f 1101 5895 7076
f 1399 4307 2698
f 1665 5168 5969
f 5945 3482 6926
f 1205 2612 5945
f 1592 2112 2615
f 5506 7470 3141
f 1720 2626 6252
f 6068 1042 1231
f 1042 6068 1428
f 1231 1042 2374
f 5434 3838 1247
f 3241 1039 2761
f 3265 1697 5446
f 3822 5281 1208
f 2367 6433 3886
f 4392 2774 7561
f 6367 7495 1454
f 2765 3239 7569
f 2756 4624 3312
f 7439 1968 5414
f 5147 2962 4334
f 7115 2666 735
f 6128 7204 3506
f 7237 1636 3066
f 7237 3211 1636
f 569 5165 1894
f 2462 2097 6907
f 2097 3392 5796
f 1656 1149 4199
f 4941 2906 1419
f 4941 1419 4201
f 2104 4947 4198
f 4339 5110 1888
f 4314 1020 2148
f 2779 5085 1876
f 1413 4313 739
f 2376 671 1914
f 2376 1914 6151
f 7177 3292 476
f 5290 1469 4476
f 905 4478 2736
f 6995 1509 4196
f 669 4064 2237
f 2236 770 2771
f 5896 1564 3550
f 7155 3806 2236
f 368 5037 3585
f 2637 5038 3693
f 3695 1151 2637
f 3607 1118 2986
f 3653 4362 7032
f 5089 7039 2251
f 689 4890 4122
f 4061 5662 346
f 6943 5662 4061
f 250 2531 3480
f 4414 1130 6943
f 243 3428 5670
f 2122 6949 6054
f 2933 5702 6949
f 249 4810 5702
f 1335 2262 5007
f 5008 3649 465
f 1584 4203 3731
f 4337 2917 3661
f 4039 848 2648
f 7139 5191 2162
f 7139 2162 1600
f 1012 5994 2215
f 4413 2976 1012
f 88 3157 4272
f 5678 509 4971
f 3158 3639 4933
f 6856 5980 5129
f 5081 1370 7089
f 4928 6843 2516
f 4310 2133 4928
f 5129 1331 4310
f 1122 2497 4195
f 4990 1867 606
f 4908 3537 1513
f 2202 4132 700
f 973 4167 5755
f 4167 3418 5755
f 2918 4192 1346
f 930 2118 4950
f 1338 4189 6710
f 4955 2488 1354
f 4207 3419 2488
f 4207 4958 3419
f 3065 4121 6967
f 711 5668 4117
f 4945 4146 1764
f 348 2223 2980
f 5590 818 4043
f 4131 687 2200
f 4114 6731 3543
f 3477 1121 4114
f 5734 4869 2193
f 2489 613 2949
f 4115 1575 824
f 634 2999 4115
f 6804 3507 1822
f 3507 635 1822
f 3008 6732 3616
f 2466 2996 935
f 1125 46 2996
f 6802 2878 4086
f 4070 607 5607
f 3396 6804 4826
f 950 4141 6829
f 2971 618 5605
f 4134 106 3526
f 4113 104 2891
f 993 4949 2559
f 6834 542 4157
f 5741 542 6834
f 2604 4363 5169
f 1630 838 5203
f 5027 409 2318
f 6998 2884 3614
f 2901 6973 2119
f 4097 5826 6948
f 4097 3411 5826
f 5833 6974 237
f 7046 5893 2485
f 3637 653 4302
f 1938 5249 1583
f 1368 3118 3683
f 564 3638 4303
f 2912 5084 3427
f 5884 293 235
f 5884 7004 293
f 5937 3426 2920
f 5973 2534 4058
f 7075 2534 5973
f 4844 7067 5965
f 4291 1937 651
f 4291 651 5009
f 1547 1934 4295
f 410 5128 7057
f 5009 651 4286
f 4301 1547 5050
f 7078 2539 5938
f 3445 2165 7078
f 7128 5999 3445
f 2540 7070 5933
f 4101 5964 7070
f 4101 2174 5964
f 5926 4090 2140
f 3429 4088 5910
f 4088 7028 5910
f 1857 5920 7028
f 3642 2175 4994
f 5889 5234 2717
f 3186 5878 1542
f 4994 2175 4260
f 6992 3762 3200
f 3195 3765 6994
f 3186 1542 6994
f 5877 1833 6993
f 7027 2532 5877
f 229 5019 6957
f 4020 5841 6977
f 4020 6977 2123
f 1820 2192 5827
f 1555 6961 5827
f 5909 2644 5027
f 2884 5906 3612
f 466 5144 4275
f 2408 3340 6663
f 3342 2829 6665
f 592 6774 2514
f 592 2514 4073
f 156 5596 2910
f 4068 2430 4830
f 1868 2958 4105
f 2224 4432 5804
f 2453 6721 337
f 2417 6779 1113
f 6253 4328 5121
f 1799 5961 5011
f 3395 684 4755
f 2095 5765 6972
f 2558 1108 5718
f 4007 2141 6809
f 2555 955 5715
f 963 4870 6818
f 184 5039 3007
f 184 3007 1896
f 943 2515 3378
f 3993 3398 1504
f 1134 5845 3524
f 3108 4323 3660
f 3670 3236 7259
f 6344 1613 7334
f 3482 6926 5785
f 92 4872 1592
f 5019 229 347
f 2969 5830 4022
f 3147 2617 2147
f 3160 2154 5615
f 2493 6731 4205
f 2999 3615 634
f 3309 6203 3890
f 2375 3676 1168
f 2311 6270 5370
f 861 3125 4903
f 1862 3723 5138
f 1862 4337 2917
f 4411 5203 838
f 3025 1155 6820
f 4412 5202 839
f 3023 1355 4232
f 3067 6108 4461
f 4874 3510 1780
f 7242 2600 4458
f 5034 830 4307
f 4379 5090 2570
f 4379 2570 3051
f 4312 3671 2221
f 71 5100 3634
f 7024 1033 5113
f 3779 756 4349
f 564 3638 5059
f 5829 529 3006
f 5160 7176 3490
f 7169 822 1898
f 7132 4356 362
f 2197 737 6106
f 1387 3748 4435
f 1192 6089 5220
f 2731 4335 883
f 3153 5074 1554
f 1234 2630 1696
f 5904 651 4286
f 2997 7133 6105
f 3775 1198 3210
f 3882 3284 5364
f 7448 2340 6318
f 5800 4196 368
f 5800 368 5037
f 6206 1218 2739
f 7331 2323 6199
f 2775 1030 4540
f 5363 2606 7284
f 3165 3479 371
f 5454 6391 3201
f 6231 864 2000
f 4597 2393 871
f 1665 4923 3669
f 4494 3626 5306
f 7590 2789 3239
f 2360 4526 2768
f 1476 3390 4748
f 1476 2882 4742
f 921 3354 2861
f 5626 6744 2109
f 925 5572 2441
f 224 2441 2897
f 4044 1500 378
f 3350 4827 2422
f 5573 4732 379
f 3072 4099 1872
f 3546 1565 4353
f 2046 3440 4028
f 3363 1470 3975
f 3367 2429 3984
f 1595 2875 3478
f 1141 4298 7223
f 1791 4780 2487
f 3462 2934 2501
f 181 4728 3981
f 4761 1309 6806
f 2463 1793 3430
f 2100 942 4784
f 2452 4739 3977
f 2633 975 3133
f 1315 2121 3572
f 6937 5886 1801
f 2510 6838 5743
f 1846 5770 4000
f 2086 5695 6791
f 4075 2504 820
f 5101 1338 6710
f 3724 5615 3160
f 6913 4985 5675
f 5718 3475 1108
f 5715 955 2541
f 2940 5806 5071
f 2896 6867 5760
f 5820 1516 2581
f 4190 6711 1339
f 4738 1796 2177
f 2114 3493 4299
f 2114 4299 3568
f 3411 4097 6975
f 4104 6975 5851
f 1560 4198 397
f 3506 5147 2962
f 4114 3477 3016
f 5963 2617 3147
f 621 720 1158
f 5995 2218 1600
f 1858 5938 7061
f 1858 7061 5926
f 6098 7296 2948
f 1832 5620 6732
f 2619 6119 4460
f 1286 5724 4282
f 187 6844 5835
f 1532 4240 537
f 47 2468 3456
f 463 2982 1871
f 1888 5110 2148
f 4199 814 1656
f 4201 6496 5382
f 1598 2972 4338
f 1890 3640 4420
f 6440 3847 7592
f 2616 5942 7120
f 3632 5980 1175
f 1991 1579 2644
f 7100 633 5952
f 4301 7057 3786
f 7060 744 5918
f 4292 3624 6174
f 3720 4360 2303
f 2137 3427 5932
f 4287 3679 752
f 5231 3517 4433
f 4944 7133 865
f 5208 4410 414
f 1310 7138 1557
f 3876 3283 5363
f 3703 6414 2746
f 3126 1545 7032
f 4396 3694 2638
f 6420 2765 7569
f 7268 6068 1231
f 4552 7562 6426
f 6530 5252 3900
f 1692 6358 7528
f 2028 3249 5258
f 5333 2736 905
f 3944 2036 3290
f 6242 7384 3772
f 7355 1650 6202
f 1654 7357 3176
f 3219 6240 7380
f 6321 7158 1670
f 7435 1950 1451
f 1374 5131 3721
f 4316 3106 3450
f 5157 3627 425
f 5157 899 2315
f 1974 4471 2806
f 92 3163 6968
f 3913 6458 7596
f 3316 7596 6454
f 2783 1397 7315
f 2753 4143 4803
f 664 761 429
f 3247 4466 2722
f 1929 3298 7323
f 3180 2339 3887
f 7210 3175 6343
f 1719 7514 4630
f 2790 3229 3914
f 2371 4584 5443
f 139 2924 682
f 4040 2902 1490
f 5627 502 3357
f 794 4046 3587
f 4063 503 3370
f 2825 672 4700
f 6810 2072 2856
f 4868 2856 3366
f 3355 1744 437
f 1768 684 3395
f 4093 4827 438
f 2062 4069 3362
f 1518 4867 4106
f 2458 3402 793
f 4309 614 4983
f 4051 3439 1095
f 4913 3474 2142
f 4162 6718 2522
f 6915 1814 2907
f 6915 2907 5838
f 5779 2636 7050
f 2839 1527 3955
f 6909 3386 2448
f 3999 525 5600
f 5734 4869 1112
f 594 4726 3435
f 4216 6923 5781
f 2942 4170 1541
f 3591 719 3073
f 2167 5644 1334
f 3423 2935 6869
f 967 4915 3015
f 1805 1153 6901
f 2993 4111 965
f 6898 4764 1830
f 5746 1830 4895
f 1181 3192 2701
f 4463 6159 1859
f 7080 5092 2137
f 7080 2137 4787
f 3023 4232 5021
f 53 4259 1185
f 107 4147 7002
f 7253 5145 405
f 106 3526 7003
f 4959 4374 6130
f 1122 2497 4160
f 1578 963 4870
f 2180 4022 5848
f 2180 5848 6993
f 1555 6961 5843
f 4836 5843 6989
f 2163 1105 5772
f 2178 4167 973
f 5250 7261 3831
f 3071 1352 4096
f 4520 2645 5331
f 45 2096 2552
f 6158 7249 3034
f 1332 1010 4384
f 4817 2982 463
f 6983 5979 4225
f 3083 5007 464
f 7386 4311 2692
f 1183 5008 465
f 7377 4306 2694
f 5124 4275 466
f 3112 529 5829
f 210 4987 2545
f 5240 1195 3814
f 879 3641 4419
f 3279 7671 3796
f 6005 2218 7148
f 2248 4272 3157
f 590 424 470
f 3466 5701 2420
f 3716 3134 5347
f 4580 3611 6192
f 1372 1543 5327
f 636 6860 3685
f 4090 2140 7099
f 852 7019 2345
f 2172 4738 1796
f 848 3604 2648
f 6140 1905 475
f 6140 475 1631
f 2642 6049 2332
f 3254 1425 3826
f 3708 3121 477
f 2275 5062 2439
f 6411 3816 5484
f 4452 5167 654
f 3731 3125 4903
f 7399 2368 1669
f 3232 3786 480
f 2344 7047 1138
f 3096 3861 4532
f 4373 1635 5123
f 3166 4098 482
f 6464 3907 7617
f 5085 2779 483
f 3224 3888 5298
f 201 414 626
f 3216 1199 3776
f 5158 3136 485
f 3628 2480 1210
f 6264 1964 5222
f 196 2303 3720
f 7431 6306 2013
f 6284 1451 7435
f 3658 1157 4921
f 1431 6194 4541
f 1001 1229 1818
f 2659 4401 5142
f 4343 7017 490
f 3706 2652 4320
f 7430 6276 1959
f 3129 5179 3651
f 6274 7412 3769
f 7451 1997 6324
f 5396 7496 2391
f 7471 2034 2350
f 7479 1963 2795
f 5408 4425 3830
f 3290 2036 3813
f 2000 7248 864
f 38 769 1432
f 2804 1160 5487
f 7508 5478 2363
f 4635 3262 2734
f 94 426 573
f 4616 2012 2337
f 6380 7527 3736
f 1465 7518 6395
f 2404 2863 1734
f 2404 1734 1517
f 3957 2825 501
f 3959 2401 41
f 1735 3998 4743
f 166 3340 2408
f 3349 5653 6784
f 1283 2080 4831
f 3986 2826 2053
f 3356 1741 258
f 1845 4871 2446
f 3461 1297 4083
f 3361 2868 506
f 5576 4722 1078
f 3359 6684 4719
f 2427 1475 6693
f 4010 2081 5597
f 4085 2914 1106
f 7144 5994 1012
f 7144 1012 2976
f 4745 5776 6861
f 6891 2089 5767
f 5584 6724 4715
f 4002 3388 1537
f 2961 5736 1300
f 5645 6913 5086
f 1800 1120 1276
f 6753 1276 3376
f 5099 1176 7031
f 1530 3117 6925
f 5656 4072 515
f 4133 2445 3497
f 2536 4762 5818
f 2536 5818 6948
f 4199 1149 3584
f 107 6720 4147
f 2995 7231 1841
f 1089 4110 2146
f 4188 4750 519
f 5105 7152 2176
f 343 3994 520
f 343 3398 3993
f 4918 2484 6880
f 4156 2991 1551
f 1846 4000 4981
f 1319 2083 6852
f 4357 5872 7036
f 3206 7036 5862
f 5069 3424 1150
f 3221 2720 7332
f 5991 3594 2496
f 3754 4251 3102
f 7106 5965 2174
f 7106 2174 5964
f 2124 1550 6712
f 448 4812 2456
f 2883 2093 528
f 2566 4857 6043
f 3253 2776 1860
f 1206 1860 2157
f 3848 4318 5164
f 4570 3164 6329
f 7203 4996 3641
f 3065 6911 3580
f 3041 1509 5898
f 4119 4970 1548
f 1570 1863 4341
f 1649 2655 4585
f 4249 3524 534
f 5995 7139 1600
f 4861 6811 535
f 2618 3125 5960
f 7249 3034 2575
f 6048 1898 7169
f 264 3194 5123
f 264 5123 1635
f 1381 5790 3597
f 6110 3734 2663
f 5789 1772 3596
f 4450 5137 3670
f 5081 7089 6010
f 2611 5990 7029
f 974 6804 4826
f 4417 2538 5061
f 4957 4157 542
f 7003 4204 3526
f 6988 4022 2180
f 5047 5861 4351
f 4836 1823 5874
f 3606 4258 1163
f 3688 1585 1886
f 3714 5373 6281
f 1907 3582 4475
f 3505 5267 4440
f 1591 6013 5080
f 353 2604 4363
f 6147 3803 4937
f 3493 6053 2114
f 1641 5272 3915
f 1641 2818 5133
f 3119 5108 550
f 3861 4489 5041
f 3308 7641 3874
f 1423 4369 6291
f 7368 6215 4488
f 5215 3718 7217
f 3303 776 3890
f 1446 1020 4314
f 71 5100 3675
f 7411 6286 1221
f 195 3721 2302
f 7412 1965 3769
f 7619 317 6464
f 7619 6464 3305
f 6119 4460 2591
f 3749 5748 1038
f 4342 7016 558
f 2672 1924 4319
f 6287 7399 1669
f 5624 3723 1862
f 6275 7413 3212
f 7455 1996 6322
f 6157 2620 7289
f 1631 5173 6115
f 1234 2630 4354
f 909 3701 2688
f 645 2308 4355
f 1056 3702 3153
f 3781 3223 6979
f 3198 2279 5251
f 7333 2324 6204
f 1985 5187 3204
f 3814 3215 2681
f 6374 1960 7565
f 7448 2340 3238
f 5428 2350 7471
f 5402 4444 3828
f 663 568 765
f 97 1399 1701
f 2789 6463 3239
f 1457 3693 570
f 4346 6306 1708
f 3864 1220 7385
f 2024 4466 3247
f 2384 1719 4630
f 6480 2788 3234
f 2764 3868 7534
f 2764 2012 5426
f 4549 7547 6418
f 5406 2342 4593
f 2372 3291 575
f 2372 575 3867
f 7538 332 576
f 7538 576 6408
f 4528 871 7318
f 904 5298 3888
f 4873 1779 2970
f 4873 2970 1788
f 3401 4766 579
f 3997 3405 780
f 3961 5563 6668
f 2040 1479 5559
f 2049 6678 918
f 3955 6666 4713
f 2067 3351 4822
f 3377 2407 920
f 1754 2110 6743
f 1754 6743 5630
f 1075 4095 4829
f 3362 4829 4069
f 138 2065 3970
f 2068 1258 6691
f 4859 2850 1761
f 6751 5600 2101
f 3371 4062 587
f 940 4056 4797
f 5801 6959 1091
f 1828 3515 1341
f 3407 6692 589
f 1095 589 1333
f 2990 4130 4851
f 183 4316 3106
f 149 713 1347
f 5837 1580 4951
f 2963 4832 592
f 2963 592 6765
f 2911 1508 4746
f 1515 5694 2858
f 5032 3463 1536
f 5032 1536 5913
f 6965 4016 2119
f 5834 2119 6973
f 7131 6135 3554
f 1272 4120 2499
f 1120 1356 983
f 2564 5612 4783
f 4190 5744 3413
f 5807 6892 2923
f 2255 1291 6859
f 1371 7029 2611
f 3025 6820 5020
f 54 4261 1186
f 946 4858 4067
f 2898 5758 1307
f 4168 2150 5768
f 3384 4007 4876
f 2646 5610 7052
f 1166 5863 3618
f 2404 2863 4763
f 5700 3471 6792
f 4963 1855 6888
f 6863 5644 2167
f 102 6840 2946
f 3528 4971 509
f 46 1125 3431
f 4521 5334 3105
f 952 1739 2152
f 2161 1537 4002
f 4072 5656 1817
f 817 4155 2186
f 6033 7202 2526
f 7114 3424 1150
f 2542 3492 2960
f 3523 4898 5664
f 4146 1764 612
f 4145 2131 4936
f 4127 2489 613
f 4108 5590 4893
f 265 5267 4440
f 265 4440 2153
f 6023 2661 615
f 3043 4298 1141
f 3871 5352 6933
f 3898 7674 6476
f 489 2659 4401
f 489 5261 2205
f 3000 5605 618
f 5790 1328 3597
f 7282 5277 4280
f 3003 3521 4091
f 4103 2149 6719
f 5711 4197 1104
f 4164 2178 4919
f 101 5995 5103
f 4163 5010 3802
f 3559 3194 5123
f 5172 3062 623
f 5096 1582 6015
f 178 797 998
f 1384 6063 7243
f 273 2250 6854
f 273 6854 4047
f 1653 4536 2741
f 7218 1199 3216
f 1539 5865 627
f 7183 3516 1590
f 3078 4991 7302
f 7340 1599 2698
f 4361 6087 1353
f 3607 5866 2986
f 4618 7710 5452
f 5285 1242 7498
f 5354 2655 1649
f 5354 7140 6302
f 7356 1667 2695
f 6260 2370 1943
f 3834 3255 4988
f 3834 4988 3252
f 4390 5968 7194
f 2609 1885 6138
f 3616 3008 635
f 5282 2199 3744
f 1003 4845 5799
f 1908 7074 4472
f 3773 6277 5332
f 1310 2680 7122
f 2730 3636 1043
f 2777 5135 4370
f 5345 906 3298
f 5462 7388 735
f 6219 7417 3700
f 7362 3135 2294
f 74 1589 2669
f 4601 1909 5394
f 5346 3162 1951
f 7406 1951 5370
f 5182 3635 643
f 2688 643 5073
f 110 85 908
f 3939 908 3329
f 6542 4583 5400
f 1449 1990 2657
f 3735 6077 5150
f 6156 3068 3622
f 2739 1218 6247
f 4530 1038 5748
f 2303 4360 648
f 2700 7367 1949
f 2702 1952 7361
f 2302 5131 3721
f 3847 7592 5260
f 3845 5260 7583
f 365 5130 7056
f 3230 7056 5904
f 4383 6272 7472
f 3818 6326 2359
f 3779 4349 6982
f 3199 1938 5249
f 4486 1428 6068
f 3791 3184 5226
f 2674 1439 655
f 6214 7332 2720
f 7539 2754 5709
f 5455 2006 6389
f 1961 6417 2745
f 6322 3225 1996
f 7483 3703 2746
f 6324 3226 1997
f 2026 5456 4652
f 2697 3556 4305
f 7501 5481 2364
f 4634 1728 7544
f 3189 490 3706
f 1368 3113 3481
f 2021 2713 5423
f 7576 6433 2367
f 6338 3819 2358
f 6362 5448 3335
f 2798 1688 7530
f 3950 3247 7680
f 5508 6471 4535
f 1221 4371 6286
f 5473 7559 4524
f 6401 5487 1160
f 1722 3858 7566
f 769 5472 3289
f 5503 3880 2365
f 3925 2337 4616
f 4692 3262 2734
f 1729 6164 5491
f 2387 2772 670
f 4594 3270 5449
f 91 2268 2780
f 2816 6058 2393
f 786 4792 4036
f 4766 2409 3401
f 137 3964 2834
f 6677 5566 1473
f 3989 2428 674
f 5600 6690 3999
f 4138 2421 5679
f 4026 5712 6779
f 5595 4769 2835
f 2042 6727 4749
f 3365 4731 677
f 6671 1762 156
f 6777 5691 3351
f 6749 3402 2458
f 5758 1307 6826
f 3412 4756 928
f 4797 4056 2085
f 1533 1771 4005
f 154 6782 3382
f 1504 1292 3398
f 433 6708 682
f 433 682 6709
f 2933 3569 2122
f 2933 2122 6949
f 6726 1768 684
f 4774 2071 936
f 1516 2581 4175
f 6899 4854 5817
f 2115 259 4029
f 4799 1277 2476
f 6917 3595 1145
f 3640 5212 1890
f 4087 5949 7085
f 2921 7085 2532
f 4811 5658 689
f 4811 1877 4136
f 1851 5883 6928
f 5159 7169 822
f 3459 7121 2521
f 5623 2999 4904
f 2608 4934 692
f 5822 692 2548
f 449 1279 3400
f 2941 2404 604
f 1750 2523 6842
f 2510 1115 6838
f 4071 3406 695
f 521 2991 2135
f 4824 4086 696
f 243 4011 3428
f 5053 4251 1375
f 7337 2263 4197
f 2134 1123 6809
f 1834 6920 3465
f 4035 963 6818
f 2136 4968 4081
f 2590 6902 700
f 2590 700 4906
f 2923 969 4149
f 132 1561 4183
f 880 5223 2244
f 5246 7069 1911
f 3455 2846 6768
f 2111 5656 515
f 4818 3457 2527
f 4152 1593 6997
f 1138 2344 7023
f 3644 5878 1542
f 2189 4116 2446
f 1825 6839 5934
f 3483 6800 4869
f 1850 4118 3687
f 6806 1309 708
f 6806 5876 4727
f 55 5025 1379
f 7290 6133 4896
f 2935 6869 5927
f 2953 7033 2511
f 348 2980 3498
f 5959 2147 3733
f 3562 3117 5977
f 4816 1296 3434
f 4151 1313 3060
f 6861 4929 3391
f 5272 254 714
f 5272 714 3915
f 2791 5132 4428
f 1917 5355 2254
f 3833 4372 5230
f 3833 3170 4564
f 4445 3116 717
f 5349 3219 1662
f 4165 1574 718
f 3033 718 4834
f 2594 3073 719
f 4214 6142 4808
f 3535 4167 2178
f 4902 1513 3537
f 3875 5278 7689
f 5348 1667 7356
f 2629 4230 7301
f 5218 6183 4494
f 7288 6156 3068
f 2240 6152 2032
f 6897 1535 2120
f 6910 1819 5795
f 4504 5078 725
f 4281 6218 5323
f 5283 1885 4406
f 3330 5051 2820
f 5426 2012 4616
f 4558 3175 5513
f 1370 5162 7182
f 5885 4361 7039
f 7377 2694 1437
f 7311 5052 6182
f 3763 7442 6257
f 4944 4218 865
f 5724 2094 4109
f 5386 3611 4580
f 7550 2706 5293
f 472 5327 1372
f 3635 643 4273
f 3817 5134 1404
f 6255 7343 3664
f 552 4047 3123
f 7196 6143 3666
f 4334 3666 2169
f 4292 3663 7403
f 4292 7403 6174
f 362 7132 4373
f 362 4373 1635
f 3111 1909 3930
f 7434 2011 6307
f 406 2528 7071
f 406 7071 5085
f 3332 3933 5094
f 344 2684 2276
f 6312 7482 2296
f 7438 1943 6260
f 7222 6023 2661
f 198 3129 5179
f 1640 3656 6246
f 5189 3748 4443
f 2308 7060 744
f 4320 744 2652
f 7425 6277 5183
f 7425 5183 3139
f 72 5028 3712
f 5194 2679 4565
f 71 3634 4359
f 7411 6295 1221
f 2381 3326 3934
f 5410 3939 4365
f 3709 648 2305
f 7209 3210 1198
f 7353 2295 2710
f 201 3696 2687
f 451 2994 4161
f 3179 1622 5254
f 2985 4287 752
f 17 7111 5166
f 4614 5430 2348
f 1963 6448 2795
f 3866 7618 5291
f 2696 1668 7350
f 5048 5857 4350
f 3811 2730 1043
f 2335 4349 756
f 2724 1977 3628
f 2646 5610 4348
f 3809 2725 1411
f 5266 2219 7219
f 3207 6088 1025
f 5265 1619 7220
f 5216 6089 3209
f 3871 5117 4674
f 2790 3304 5418
f 7532 6326 2359
f 6370 5453 3337
f 3783 4345 762
f 1448 1689 3115
f 3768 5154 763
f 4343 1053 899
f 2027 4653 5458
f 1721 4627 5429
f 2799 1692 7528
f 3949 3249 7690
f 5485 3855 4492
f 5485 4492 2301
f 2013 6306 1708
f 3313 7603 6487
f 4470 3205 768
f 4470 768 1998
f 6399 5472 769
f 2029 769 7433
f 482 7155 3806
f 2037 5490 6165
f 7567 2030 6423
f 5447 4515 3838
f 2788 3234 6436
f 7600 5422 6443
f 6428 5491 1729
f 6391 2038 3201
f 6244 4529 774
f 6244 7238 5451
f 5469 4392 7495
f 3825 2360 6160
f 7500 6292 776
f 6203 776 3890
f 1988 2674 3889
f 2386 7354 1725
f 3222 3872 778
f 2391 4444 7496
f 1469 4476 779
f 2399 3336 1061
f 1736 2449 2876
f 1736 4747 3389
f 2832 1068 6676
f 3365 2833 677
f 41 2401 3343
f 1251 2050 4702
f 2846 1787 6770
f 1264 5616 1812
f 4711 5564 2051
f 2843 1741 3356
f 3968 2845 785
f 4714 6666 5564
f 435 4045 2061
f 5637 6745 3978
f 3352 4707 787
f 4805 4062 3371
f 6684 5575 788
f 6684 788 4719
f 3983 6667 4717
f 2430 1760 4830
f 6810 2856 4868
f 6775 1770 5666
f 6788 1773 5698
f 4821 4092 1491
f 4001 1503 792
f 2459 3393 1861
f 3443 3995 793
f 7018 5837 1580
f 6752 2078 5635
f 4033 2904 4765
f 6767 2447 5696
f 3422 1113 2417
f 4952 1507 5802
f 4009 6823 2079
f 2888 5776 6929
f 2888 6929 4875
f 4753 2869 798
f 3989 798 6690
f 588 3385 4200
f 588 4200 3595
f 2903 1084 6764
f 4789 2100 4065
f 6964 5035 4019
f 6964 4019 4762
f 440 2479 4775
f 3439 4775 2925
f 6078 2575 7249
f 3360 4124 2465
f 3432 4773 804
f 4183 4888 2145
f 3429 4088 7084
f 2533 7084 5928
f 4783 5612 806
f 3433 2115 4029
f 3452 2955 7020
f 2908 5842 6916
f 6021 2953 7033
f 4053 2081 4790
f 162 4133 2164
f 6852 5742 1319
f 6969 5925 2243
f 6969 2243 3392
f 133 4184 1826
f 5725 4786 1544
f 4073 592 6765
f 4881 5663 1297
f 1290 3560 3046
f 6096 4102 3468
f 4577 6495 814
f 4577 814 2461
f 3722 3119 815
f 3548 6783 4972
f 4130 4851 816
f 4130 816 2196
f 2211 4839 817
f 6062 5169 547
f 4893 5590 818
f 3551 1341 1828
f 4123 5721 2202
f 2984 955 2541
f 617 2504 820
f 4401 5261 489
f 2998 5604 821
f 4977 6921 2561
f 361 5159 1624
f 3865 5340 1926
f 140 2171 3001
f 4255 3623 960
f 4173 1575 824
f 4070 824 2878
f 4150 5840 7199
f 4150 7199 3446
f 4223 1171 5942
f 2950 3512 698
f 5018 1371 7029
f 5641 4035 6818
f 3561 3045 828
f 6863 5704 1559
f 1140 706 829
f 3583 981 6881
f 6120 3059 5242
f 356 5242 2704
f 4176 4846 831
f 5793 1356 5030
f 4945 1764 832
f 4945 832 4219
f 732 4139 3510
f 4491 5327 472
f 6226 5325 4276
f 6226 4276 5326
f 5787 2549 4908
f 399 6843 2516
f 5917 7059 836
f 5917 836 3109
f 774 3759 5750
f 774 5750 4529
f 3069 6029 7276
f 6161 3622 7292
f 2622 6031 7277
f 4338 5109 2972
f 3101 4484 2623
f 6155 3574 7280
f 3711 2381 3326
f 3711 3326 2819
f 3608 4940 842
f 3608 842 5038
f 4211 5276 6192
f 4211 6192 3611
f 6059 5122 844
f 5324 4281 6218
f 3660 3108 845
f 3660 1570 4341
f 4230 2629 6188
f 4230 6188 7329
f 4991 3078 6186
f 4991 6186 7326
f 4278 5846 848
f 3630 6922 2108
f 3093 6856 5209
f 1545 4362 7032
f 7335 1947 6182
f 4922 3744 2199
f 697 2253 6197
f 2263 3668 979
f 4294 7048 852
f 5022 852 3652
f 5046 5823 853
f 5903 3005 82
f 4527 5322 1946
f 3128 3937 2691
f 1906 2718 7163
f 7428 6275 1680
f 564 4303 2279
f 564 2279 3198
f 4517 5148 3901
f 2683 3582 7339
f 5328 7362 2294
f 5328 2294 2709
f 6258 7425 3139
f 6200 3140 2295
f 4358 4990 860
f 5162 7089 1370
f 5960 3125 861
f 5346 7350 1668
f 1925 652 4430
f 3738 6039 2545
f 4306 2694 5457
f 4306 5457 7456
f 3761 7248 864
f 1686 1439 655
f 7136 4218 865
f 7136 865 4447
f 2382 3923 3328
f 5409 3332 3704
f 2647 5739 4238
f 5164 3164 4570
f 5454 3201 7552
f 2928 3568 2114
f 5153 2945 7243
f 1910 3178 4456
f 5436 3238 7448
f 3807 2753 4143
f 3884 7318 871
f 2388 6058 1705
f 2009 7439 5414
f 3846 5429 1721
f 4347 1707 6307
f 1456 3585 3079
f 2 5047 4351
f 3810 2729 1646
f 5113 1033 3815
f 359 4357 7036
f 1402 1924 2672
f 17 5149 7111
f 2716 16 5141
f 2326 5128 410
f 5198 6036 878
f 743 4234 1969
f 7344 2370 6260
f 4427 4996 3087
f 5246 7069 880
f 5246 5748 3749
f 3766 4483 881
f 5228 1025 3207
f 3764 4481 882
f 3209 1192 6089
f 2344 7023 3782
f 1449 1690 2657
f 3811 1043 3246
f 5906 5144 4275
f 3300 1423 4369
f 4538 7637 6468
f 1956 7454 6323
f 4595 2676 5438
f 3155 3648 887
f 3155 887 3575
f 6304 4623 3163
f 6170 2016 4604
f 2810 7643 3895
f 5195 1670 7450
f 3780 2765 6420
f 5485 4657 3855
f 3286 5749 891
f 5476 1692 2799
f 3288 5732 892
f 5474 1688 2798
f 7210 3175 5513
f 3295 4531 6485
f 1235 723 2032
f 5300 3885 7336
f 6429 5490 2037
f 6389 1727 2815
f 3914 3229 4593
f 2022 3287 7533
f 3141 3821 5273
f 1231 5288 2374
f 6160 2360 898
f 1428 5281 3822
f 7017 4343 899
f 425 899 5157
f 3883 3313 7603
f 3883 7603 6416
f 3227 3864 901
f 2392 4425 7512
f 5537 2734 4692
f 3902 5243 6446
f 4548 6136 903
f 3860 3222 778
f 6294 1725 904
f 6294 904 7507
f 2807 4478 905
f 3333 2036 3813
f 1929 3298 906
f 7500 6203 776
f 1419 1876 907
f 2720 1994 6214
f 6299 7400 5133
f 6355 4365 1244
f 6539 7748 5390
f 3911 5390 6571
f 5449 3270 910
f 3940 1706 2805
f 4032 4795 2048
f 4750 5569 519
f 5629 6744 1753
f 5632 1084 2903
f 3347 4706 6669
f 4703 2045 3339
f 4834 718 3396
f 1577 2096 45
f 4705 1253 6679
f 168 2411 3372
f 4094 4828 916
f 2063 4847 6797
f 5577 2427 6693
f 4721 2832 6676
f 6683 2049 918
f 6683 918 4724
f 2891 4113 4754
f 2467 4134 106
f 44 2828 6687
f 5575 3971 788
f 5557 3354 921
f 3401 6707 4018
f 2844 1733 4701
f 4843 1286 4282
f 3387 3973 923
f 5775 6909 2448
f 223 4763 2863
f 2420 2054 3466
f 224 2441 925
f 3469 4041 1759
f 6006 4844 1847
f 4788 2966 5929
f 4012 2870 927
f 2868 927 6689
f 6723 2426 928
f 4773 3974 804
f 4785 2899 6736
f 2455 4743 1735
f 4942 2918 4192
f 2491 3409 5762
f 5633 1493 6739
f 4006 2090 1257
f 1100 1517 4030
f 5835 4974 187
f 389 2874 933
f 389 3399 2091
f 5589 4813 934
f 5589 934 4026
f 7189 5168 5969
f 103 3428 2482
f 2138 4774 936
f 4889 4120 1272
f 2964 7075 5931
f 2964 5931 4787
f 5624 7161 4387
f 5624 4387 1588
f 6761 2864 939
f 5637 939 3978
f 5638 6762 940
f 5638 940 1776
f 3444 4154 941
f 2930 6886 5778
f 4065 2100 942
f 4065 942 4841
f 4825 3378 943
f 5666 6799 1770
f 3437 2074 4837
f 6915 5881 1814
f 594 3435 4838
f 1536 5891 3463
f 2155 6971 3473
f 6014 4764 7109
f 181 3981 947
f 5584 2879 511
f 4166 5001 948
f 6086 7224 4857
f 791 1518 4856
f 4092 4856 6778
f 517 1810 3504
f 517 3504 2971
f 152 6751 2101
f 7379 1595 2875
f 7226 6096 4102
f 6082 4852 3470
f 3058 3658 953
f 1878 5117 3871
f 3525 5727 4902
f 2557 1108 3475
f 6825 2555 955
f 6825 955 4883
f 3522 4897 2523
f 4261 5013 1186
f 515 2111 3545
f 6841 3545 4954
f 6889 5896 3550
f 6893 3041 5898
f 3530 2513 7198
f 3530 5049 2144
f 7229 4202 3565
f 1393 5202 839
f 1138 7023 3655
f 4796 2184 5920
f 1080 237 6974
f 3637 5055 653
f 3057 4035 963
f 5728 963 1578
f 2192 1820 6984
f 3606 4253 1163
f 3727 6783 4972
f 3727 4972 3084
f 4893 818 3551
f 2484 1129 4918
f 3423 4915 967
f 7065 967 5805
f 2601 6120 5257
f 2209 6072 7151
f 5745 2166 969
f 6892 969 2923
f 732 4139 970
f 2306 5010 5611
f 5263 4328 2247
f 5263 3520 7188
f 3571 1147 972
f 5860 4992 1136
f 6884 2173 973
f 4919 973 2178
f 6146 2538 3579
f 4467 4922 3744
f 3060 1313 975
f 3060 975 2633
f 7293 6149 2625
f 5334 1916 3105
f 379 6803 5865
f 4099 5078 1872
f 3605 4256 978
f 3610 5909 1798
f 4932 5870 979
f 620 4197 5711
f 5003 6025 7262
f 3527 6070 5172
f 5803 2610 981
f 5803 981 6950
f 1852 189 5054
f 263 3566 1357
f 597 2564 5612
f 7160 4397 1356
f 1807 3734 6110
f 5325 3171 6226
f 6222 7381 3682
f 7321 3086 6179
f 7313 3098 986
f 3603 4248 5299
f 7141 2968 2614
f 348 5944 2223
f 5107 3689 7195
f 5082 1171 4223
f 3104 5068 989
f 6050 7205 2217
f 6947 4266 990
f 6947 990 3014
f 4394 98 3556
f 2320 1928 3211
f 6190 1403 1671
f 6190 5051 7316
f 4956 2559 5879
f 5985 3485 7068
f 1150 5069 7389
f 1150 7389 5463
f 7098 5677 995
f 6074 3051 2570
f 6289 1975 5376
f 2282 3714 5373
f 2573 1827 6100
f 2258 2997 6105
f 7150 5106 998
f 3691 6063 1384
f 3932 3327 5052
f 1437 5052 7311
f 2310 1640 7421
f 3698 6301 7494
f 7429 6273 2304
f 1940 5093 2654
f 1911 7069 5125
f 6265 3716 5347
f 1908 5799 1003
f 5344 4318 3848
f 5285 1242 3321
f 7159 3906 2679
f 6259 1957 7422
f 6037 3752 855
f 6267 7424 5180
f 5350 4372 3833
f 5178 3741 1007
f 5178 3117 6925
f 7211 5209 6067
f 5176 3747 7182
f 6257 3763 5197
f 7444 4388 5361
f 6107 3576 7255
f 462 5199 7221
f 4386 6271 7469
f 5749 2525 3286
f 7146 2215 1012
f 7146 1012 4413
f 2691 2001 4664
f 2691 4664 3937
f 2705 7557 5417
f 2254 4600 5355
f 5136 1863 3724
f 3131 2678 4613
f 3735 6077 1016
f 4476 2727 779
f 3130 2676 5438
f 3130 5438 4617
f 2660 5204 1018
f 7369 6224 1933
f 3244 5114 2776
f 6998 5124 4275
f 553 1446 1020
f 553 3676 2375
f 6298 3777 7455
f 4459 5254 1622
f 6296 3228 7451
f 5248 3790 1628
f 3869 6460 7628
f 3869 7628 5291
f 5227 1192 3209
f 5219 1965 6261
f 7217 5228 1025
f 7217 1025 3718
f 3767 5166 1026
f 4342 3136 7016
f 2345 852 7048
f 1448 1989 3115
f 5295 2741 4536
f 3719 3140 7314
f 3930 3111 2011
f 3317 7593 6483
f 5262 3647 1030
f 5262 5975 4430
f 4510 1599 7340
f 5302 6194 7418
f 3271 4658 5494
f 3849 4653 2027
f 633 7024 1033
f 4988 1033 3252
f 3897 5218 3250
f 2796 1719 7514
f 4538 6468 5507
f 3874 5507 7641
f 3837 4535 5508
f 2810 5508 7643
f 4604 6170 1037
f 6394 7559 3868
f 7395 4530 1038
f 7395 3231 5466
f 668 3141 3821
f 2773 6397 1684
f 3279 3823 6439
f 3279 6439 3796
f 3866 7618 6440
f 3280 6440 3847
f 6415 4508 5366
f 7563 4523 2383
f 638 3636 1043
f 7101 5135 4370
f 7336 4533 1044
f 7336 1044 3885
f 7675 5252 6530
f 3261 1728 4634
f 3283 5363 2606
f 3859 3227 901
f 7619 317 1047
f 3311 6462 4497
f 3902 6446 7609
f 4573 7609 6458
f 5364 3284 1049
f 4285 7285 5316
f 4611 3846 5429
f 6405 2367 3931
f 5271 2628 1051
f 2719 3220 7323
f 4528 871 7466
f 1988 3306 5269
f 6535 7750 5387
f 3909 6559 7766
f 3938 6568 7715
f 4645 7715 6564
f 3334 6569 7719
f 4640 7719 6581
f 6543 3912 5388
f 4607 6582 5440
f 4588 6570 5398
f 4609 6580 7789
f 7688 4660 3927
f 90 1243 4313
f 3313 6487 7663
f 3318 7663 6500
f 6558 7737 4589
f 5432 6590 7796
f 2805 1706 6364
f 6365 4626 1458
f 92 1592 5259
f 5511 3312 2756
f 2022 3736 6380
f 5418 4584 3304
f 2015 3335 6481
f 1248 1064 765
f 2014 3337 6473
f 1249 1065 664
f 4741 520 2405
f 2851 5572 4701
f 41 6665 3342
f 3963 4709 3348
f 6668 5563 1068
f 4707 3960 787
f 4729 3992 3341
f 4729 3341 2400
f 136 4714 5564
f 136 5564 4711
f 3353 4710 1071
f 4804 4063 3370
f 4091 5692 1072
f 4091 1072 3521
f 4123 5721 1305
f 4140 2177 4738
f 5578 1475 2427
f 138 5579 3970
f 5657 6790 1075
f 6794 3362 2062
f 1474 2450 4008
f 5592 1768 6726
f 5582 6696 4733
f 5591 2426 6723
f 6713 4722 1078
f 6713 3435 4726
f 1754 2110 5648
f 2092 4038 1751
f 7049 5888 2128
f 7049 2128 4771
f 4018 6707 1081
f 2476 4782 1277
f 225 3375 1082
f 225 1082 4734
f 4779 5606 1083
f 5655 2430 1760
f 4760 6738 1084
f 4760 1084 5652
f 2937 2095 6972
f 1284 4860 2927
f 5621 6777 1086
f 6722 1758 4735
f 1763 6793 5669
f 1587 7222 2661
f 4367 3494 1880
f 3050 5172 623
f 2145 4888 1089
f 6864 5759 1549
f 6740 1275 2078
f 6750 1776 5638
f 5821 1312 3013
f 5821 6903 2553
f 7026 5875 2533
f 3429 2533 7084
f 4835 6768 3455
f 2507 1541 4909
f 3491 812 4740
f 2506 1334 3039
f 4059 589 3407
f 5754 1540 3438
f 5671 949 6805
f 4833 1781 1285
f 5690 4125 6775
f 4066 2889 5763
f 5660 3371 6762
f 6780 2438 1499
f 5665 2911 1099
f 5665 2079 6823
f 403 4030 1100
f 403 1100 2444
f 3536 830 5034
f 3536 5034 4236
f 3470 6082 5175
f 3470 5175 6079
f 5703 1322 7378
f 1518 1103 1289
f 444 4197 1104
f 444 4178 3053
f 6821 4129 1105
f 6821 4786 5725
f 5609 4507 1106
f 384 1106 2914
f 6977 4849 5839
f 5027 6999 2318
f 6835 2558 1108
f 6835 1108 5720
f 6831 5740 1109
f 4839 4155 817
f 4212 6141 7463
f 6923 1801 4216
f 7079 2966 5966
f 4288 3481 1368
f 4221 3425 1112
f 4916 2489 4127
f 4004 3422 1113
f 795 4780 2487
f 2608 692 6930
f 4169 4882 5667
f 4910 4171 1115
f 3534 5664 823
f 6056 4289 3633
f 7231 3633 2995
f 6827 816 4851
f 5812 2176 5105
f 1344 4233 2257
f 5868 2257 4986
f 7280 3574 4914
f 6073 4914 2948
f 146 5936 6847
f 4800 6754 939
f 4936 2131 1121
f 4235 6731 2493
f 5752 4160 1122
f 4132 4906 700
f 3074 2134 1123
f 6879 1123 3384
f 5733 1809 1124
f 5741 4892 542
f 2466 2996 1125
f 5607 1125 3431
f 3630 2108 5972
f 1339 5077 6711
f 4247 5623 1127
f 4967 1575 4173
f 531 390 1346
f 1581 4950 3580
f 4222 1546 1129
f 4222 1129 7051
f 4969 3480 1130
f 4969 1130 2551
f 7000 1590 4225
f 1887 5789 3596
f 5798 6990 1132
f 4975 2210 6919
f 4999 3603 6163
f 3084 6103 3727
f 4279 5845 1134
f 3631 6918 845
f 7095 2475 4219
f 1838 4948 4121
f 828 3552 6936
f 5704 6936 4980
f 857 5386 6233
f 857 6233 546
f 5060 7047 1138
f 4268 1138 3655
f 5870 4932 1139
f 5238 4143 3807
f 5854 4880 6882
f 4960 1825 6839
f 5998 7223 1141
f 6002 1141 3043
f 1919 5250 6351
f 460 5087 4505
f 3236 7504 6348
f 725 1872 5078
f 4252 5340 3865
f 4252 3865 3193
f 7143 2624 5869
f 3515 5869 6963
f 7386 2692 1436
f 7316 1436 5051
f 404 4817 1147
f 404 1147 4863
f 4260 2175 6992
f 4256 5861 978
f 251 3584 1149
f 2962 2169 4334
f 2667 5463 1150
f 2667 1150 7114
f 629 2251 5866
f 629 5866 3607
f 3652 852 7019
f 3642 5889 2175
f 982 5738 1153
f 982 1153 4229
f 7094 6071 1154
f 7094 1154 5678
f 5080 3025 1155
f 7086 1155 3667
f 3726 239 5173
f 3197 2736 5333
f 5954 3658 1157
f 4777 2894 4050
f 5787 2549 1158
f 399 7073 3032
f 2679 3906 5379
f 2679 5379 4565
f 5442 2804 1160
f 5442 4471 3314
f 5356 3156 2693
f 6108 1632 4461
f 3147 5963 1162
f 6184 7356 2695
f 1 4350 5048
f 1418 7040 1698
f 5751 702 3678
f 6854 3123 4047
f 3802 4163 3194
f 3798 4564 3170
f 360 4348 7041
f 2338 5873 1704
f 7424 5180 4449
f 5332 4449 3773
f 405 7253 1168
f 405 1168 3676
f 6022 3064 1169
f 6022 1169 5310
f 1003 4845 1170
f 3717 4318 5344
f 6041 5082 1171
f 6041 1171 4464
f 2299 758 4408
f 3177 1650 7355
f 6316 7539 2754
f 6316 2754 3672
f 5136 1863 4341
f 5425 2655 4585
f 6067 5209 1175
f 6067 1175 5279
f 5213 7031 1176
f 1412 5732 3288
f 4460 7407 3150
f 4460 3150 2619
f 4404 3657 1178
f 6285 7417 2675
f 4405 2658 1179
f 4405 5208 2582
f 7552 3201 2001
f 7552 2001 2691
f 179 7299 6368
f 3151 5412 7422
f 7494 3698 3202
f 178 5292 2234
f 2632 5008 1183
f 6173 7377 1437
f 4647 7693 5486
f 2818 3329 5133
f 960 3623 1185
f 3030 5202 6081
f 709 5013 1186
f 3028 5203 6083
f 411 2640 6051
f 411 6051 7178
f 5245 2664 1188
f 5245 5749 2525
f 2325 365 5130
f 3793 5149 3188
f 3875 6459 7623
f 3875 7623 5278
f 4422 5198 6036
f 5206 7179 2265
f 7216 5227 1192
f 7216 1192 3715
f 3810 1646 3245
f 2 4381 5047
f 218 4399 1194
f 2222 3685 1265
f 7225 5240 1195
f 6126 1195 2607
f 715 2439 1196
f 4428 3167 2791
f 6245 3128 3937
f 5547 4512 3873
f 3795 7209 1198
f 5320 1657 4503
f 3794 7218 1199
f 5319 6213 2579
f 2786 7562 5470
f 3281 5470 6416
f 3233 1397 6004
f 4621 5402 3828
f 3785 7219 5266
f 3777 1996 7455
f 3784 7220 5265
f 3228 1997 7451
f 3273 4657 5492
f 7679 1712 6479
f 3877 2612 1205
f 5385 3918 498
f 3835 3256 1206
f 3253 1206 1860
f 2698 7340 5301
f 2385 1721 4627
f 7566 4479 6435
f 5446 3844 3265
f 6330 2392 7512
f 4540 1962 1030
f 2724 3628 1210
f 3808 1210 3242
f 3267 6460 4554
f 1951 2311 5370
f 3893 3317 7593
f 3893 7593 6408
f 7667 3787 6513
f 2296 3801 6312
f 3845 5260 7656
f 2369 1669 6287
f 7347 2772 6292
f 1987 3887 2339
f 4612 5433 7712
f 4612 7712 5545
f 3900 7597 6461
f 4574 6461 7617
f 7371 6206 1218
f 903 5339 4548
f 3899 4538 7637
f 3899 7637 6492
f 7375 6209 1220
f 1046 5341 4547
f 3299 4371 1221
f 4568 5195 1670
f 3913 7596 3316
f 3294 1468 7548
f 7507 904 2808
f 4559 1466 5063
f 7396 4486 1224
f 7396 2713 4625
f 3882 3284 1225
f 6384 2350 5428
f 3876 3283 1226
f 5483 6448 1963
f 6347 2796 7514
f 4553 5503 3946
f 1038 3749 1228
f 3231 5258 2028
f 774 3759 1229
f 7238 4466 2024
f 6282 7445 1230
f 7440 2313 6278
f 6252 7268 1231
f 253 1231 5288
f 639 2031 4556
f 639 5271 1051
f 6533 7740 5391
f 3908 6573 7765
f 6541 4582 5401
f 6541 5401 4602
f 350 2032 5540
f 350 1446 4314
f 6549 7730 4592
f 5420 6576 7793
f 6563 7741 5393
f 4583 6577 5400
f 3912 5388 6556
f 5431 6575 7794
f 4643 1708 2013
f 4610 1451 5397
f 5182 3635 1240
f 4589 6590 5432
f 1703 1052 1241
f 4629 1458 6365
f 3923 2382 1242
f 3923 1242 3321
f 6516 90 1243
f 2811 3224 5298
f 7511 6355 1244
f 6359 2381 3711
f 5523 4685 1245
f 2371 7439 5443
f 2342 4593 3229
f 574 1592 5259
f 5447 3838 1247
f 7567 4524 1467
f 6121 765 3920
f 7626 2015 6481
f 6123 664 3910
f 7625 2014 6473
f 4673 5551 6630
f 5535 4695 6659
f 4704 6673 1251
f 4704 1251 5562
f 4706 5560 1252
f 4706 1252 6669
f 4723 3986 2053
f 5568 1742 1473
f 5576 1078 6701
f 5608 4732 6803
f 5583 4737 6697
f 4724 2057 918
f 3985 5571 2052
f 6704 1735 2455
f 4733 4006 1257
f 4733 1257 6696
f 6699 5579 1258
f 6699 1258 4698
f 2866 6703 4744
f 167 1752 1484
f 4027 1739 1260
f 1069 4752 3992
f 147 3956 1261
f 4044 4793 1500
f 148 3957 1262
f 4045 4792 2061
f 4739 3977 1263
f 5599 2077 3980
f 1519 2113 5735
f 50 4842 3460
f 6860 3685 1265
f 1794 3116 5739
f 3414 4038 2092
f 4759 1493 6739
f 441 4697 1267
f 6056 7231 3633
f 4231 6895 1569
f 4231 1569 860
f 257 1775 4794
f 5593 4054 527
f 5598 3969 2909
f 2422 6796 4848
f 4772 2485 7046
f 4772 7046 2922
f 2926 4889 1272
f 5762 6867 3409
f 7049 4771 2912
f 7049 2912 5084
f 6734 1758 5603
f 1478 4028 2046
f 6752 2078 1275
f 5634 2899 1487
f 5640 6753 1276
f 5640 3978 6754
f 6756 4799 1277
f 5649 2109 1753
f 6766 5647 1278
f 6766 1515 5694
f 4013 2058 6716
f 4013 4776 932
f 1879 3568 2928
f 2201 1548 4970
f 4859 2066 4100
f 2425 3366 6816
f 3411 5825 4104
f 3411 4104 6975
f 5672 4078 1283
f 3442 4068 1502
f 3454 4860 1284
f 2517 5817 4854
f 389 5695 6791
f 389 6791 2091
f 5814 4843 1286
f 2094 1286 5724
f 2983 5271 2628
f 2983 2628 5275
f 4136 1877 1288
f 4973 2615 2112
f 439 2060 5699
f 4809 2870 4012
f 4912 3570 1290
f 3564 6923 1801
f 3465 1834 5779
f 4081 4962 2136
f 5763 2889 4917
f 5936 4917 2191
f 3487 612 4146
f 4886 2935 5927
f 6844 970 4139
f 2043 4139 3510
f 3519 1512 1295
f 7083 2149 4103
f 7170 2560 2179
f 712 5142 2659
f 3549 4881 1297
f 3549 6839 4960
f 4144 2998 5604
f 6833 1809 5733
f 4894 2973 1299
f 6988 2969 4022
f 2084 4985 6913
f 2084 6913 5086
f 4287 2985 4901
f 7080 2964 4787
f 5022 852 4294
f 1858 2539 5938
f 4268 1138 5060
f 4796 2540 5933
f 2170 943 2515
f 4128 1869 7171
f 3553 5721 1305
f 3036 5717 6900
f 4937 3493 6053
f 548 4086 6802
f 5696 2447 1307
f 6849 1307 2898
f 145 5923 6848
f 4797 3587 4046
f 384 4761 1309
f 384 1309 1106
f 1645 7138 1310
f 1645 1310 2680
f 5720 1108 2557
f 4920 2163 5772
f 6898 1830 5746
f 4931 2490 5759
f 4187 975 1313
f 3509 6717 2945
f 6846 4149 2923
f 6864 1831 1549
f 3598 4976 6937
f 158 4181 1873
f 4242 7054 5620
f 4946 1574 4165
f 3384 4876 1317
f 4158 2558 6835
f 6865 3547 1318
f 4885 2555 6825
f 5777 2083 1319
f 5747 1750 6842
f 4916 1112 4221
f 3452 2908 5842
f 5786 1541 2507
f 5764 1844 6868
f 949 6805 1322
f 949 1322 5703
f 4162 2142 4913
f 5713 2541 2984
f 7279 3577 6149
f 4899 4070 824
f 1135 3015 5774
f 1135 5774 4237
f 5731 4290 1326
f 695 1326 4071
f 2974 3490 5160
f 3530 4309 2513
f 6919 2210 1328
f 4224 2975 4979
f 3056 1101 5895
f 104 3075 4113
f 52 1552 3061
f 4148 6062 5169
f 7130 3632 5980
f 4989 2133 3589
f 4269 7255 6145
f 4269 6145 5024
f 5773 6928 3438
f 3514 6817 4124
f 6939 2167 1334
f 6939 1334 5791
f 6931 2544 1335
f 4205 4904 2493
f 4265 5872 1336
f 3617 1336 5040
f 4254 5983 1337
f 4254 1855 3620
f 6985 5101 1338
f 6985 2173 5004
f 6986 5077 1339
f 6986 2172 3099
f 5015 4300 1340
f 6052 7203 2567
f 818 3551 1341
f 6811 4131 2200
f 4262 1542 6994
f 4258 5857 1163
f 193 4855 1343
f 4270 3084 6103
f 5868 2257 1344
f 7032 1589 3126
f 1166 4267 5873
f 7041 5873 2338
f 3692 4246 1346
f 3692 1346 2918
f 591 3060 7341
f 6040 1580 7018
f 7008 5822 2548
f 5892 2206 7012
f 5882 1609 1349
f 7015 2207 5066
f 4957 2556 5880
f 2528 5146 406
f 5264 6254 4326
f 5264 4326 2613
f 2280 6175 7322
f 2280 7322 3839
f 7039 5089 1353
f 7039 1353 4361
f 3705 2488 1354
f 2624 6917 1145
f 3684 4304 1355
f 1582 5083 6015
f 7082 5793 1356
f 7082 1356 2550
f 4939 3566 1357
f 2563 2208 4385
f 3131 4613 5425
f 3131 5425 2655
f 5342 3101 4484
f 2281 7327 6176
f 4475 1907 5267
f 2705 3276 5417
f 2186 817 6019
f 454 5985 3485
f 6285 7442 3187
f 6285 3187 2675
f 469 3599 5677
f 1600 5196 2162
f 5148 3901 3161
f 2639 2250 6854
f 5455 2006 7539
f 1603 3569 2933
f 6146 2538 4417
f 6249 3672 5468
f 2706 7582 5419
f 2706 5419 7550
f 16 5154 7113
f 16 7113 5141
f 5138 1862 4337
f 3130 2653 4617
f 3747 7182 1370
f 3747 1370 4485
f 7195 3689 1371
f 7195 1371 5268
f 4461 3067 3707
f 7394 3707 3240
f 1139 4932 1373
f 4143 6132 4803
f 5185 4402 1374
f 5185 1374 1939
f 3754 4251 1375
f 5307 6189 7346
f 4654 7691 5502
f 7140 3933 5094
f 4433 6044 1377
f 6219 7362 3135
f 414 4410 1378
f 7314 6200 3140
f 709 4257 1379
f 3028 6133 4896
f 4450 5137 1380
f 2261 3086 7321
f 117 5790 1381
f 2631 4993 4516
f 4424 3752 6037
f 5207 7178 3094
f 3650 7250 1383
f 2307 6276 1959
f 5292 3691 1384
f 6168 1384 3774
f 5214 6088 3207
f 3212 1964 7413
f 5220 1192 3715
f 3771 1662 7383
f 4443 3748 1387
f 6261 7412 1965
f 6099 3745 1388
f 6099 1388 7265
f 552 3123 4446
f 3218 6236 7376
f 7324 2258 6105
f 1893 2740 4537
f 7325 2259 6112
f 3213 2741 1653
f 362 4356 1392
f 3096 5041 3861
f 239 3726 1393
f 6081 1393 5202
f 3155 3575 1394
f 3750 4372 5350
f 2726 4555 5132
f 3708 2275 477
f 991 5017 1396
f 1636 7251 3066
f 5244 3233 1397
f 5244 1397 6038
f 5247 2976 1398
f 4487 3711 2819
f 830 4307 1399
f 1894 5241 569
f 7667 3787 2758
f 5515 2758 6589
f 3845 7583 6413
f 7631 2759 6529
f 4608 5399 6594
f 2699 4342 1233
f 1946 5322 1403
f 2682 7393 3924
f 4988 3255 1404
f 633 1404 7100
f 5304 4539 1405
f 5304 1405 6030
f 3266 6459 4562
f 996 7467 6289
f 5316 7285 1407
f 4499 2219 5266
f 5315 4284 7284
f 4498 1619 5265
f 5318 4550 1409
f 5318 1409 6032
f 6544 7687 5243
f 6544 5243 3902
f 529 3112 1411
f 1860 5114 2776
f 5213 5732 1412
f 4383 3818 7472
f 1243 483 1413
f 1243 1413 4313
f 2814 7607 6456
f 2814 6456 3320
f 6518 3311 4497
f 6518 4497 7705
f 5336 6247 2739
f 6202 2323 1650
f 5330 7385 2728
f 6198 2324 1654
f 1 2352 1418
f 1 1418 5048
f 524 4646 7659
f 524 7659 4578
f 7157 1667 2695
f 3881 2370 4560
f 5359 1668 2696
f 4542 2368 5367
f 4554 3894 7648
f 4554 7648 6460
f 7410 6297 1423
f 7410 1423 6291
f 3907 6464 3305
f 3293 1727 7546
f 476 3254 1425
f 476 1425 7177
f 3308 7695 6508
f 3308 6508 7641
f 3895 7697 6519
f 3895 6519 7643
f 7396 4486 1428
f 374 1428 5281
f 1656 1168 1429
f 3181 5471 1232
f 4506 6183 7419
f 373 2671 4271
f 5372 4541 1431
f 6476 2288 953
f 5461 4624 2756
f 1699 1432 38
f 6547 7728 4591
f 5421 6592 7795
f 6562 7743 5392
f 4582 6586 5401
f 5415 6483 7664
f 3324 7664 6492
f 3330 4622 1436
f 3330 1436 5051
f 3932 4631 1437
f 3932 1437 5052
f 7551 6381 5427
f 6393 2775 7308
f 5269 2674 1439
f 864 1439 3761
f 3816 3234 6480
f 5492 1712 3273
f 2765 3239 6463
f 5494 4653 3849
f 5157 3627 1442
f 4592 6576 5420
f 4558 3175 3918
f 4558 3918 5385
f 4590 5431 6575
f 5181 3154 1554
f 3710 3205 1445
f 430 2339 3180
f 5540 350 1446
f 2809 3303 670
f 4320 1057 1447
f 7771 6570 4588
f 4602 6602 7784
f 4605 5439 6598
f 4603 6595 7785
f 6593 5440 4607
f 5413 2008 6343
f 7560 1684 2773
f 1239 3928 1451
f 1239 1451 6284
f 7510 6357 1452
f 6361 2382 1242
f 3635 1240 1453
f 6605 4639 7768
f 7527 3736 1454
f 6354 4392 7561
f 6372 1706 3940
f 123 6234 3863
f 112 3079 1456
f 7490 5411 2018
f 111 3080 1457
f 7491 5407 2019
f 7524 4629 1458
f 7524 3290 3944
f 3334 6569 4662
f 748 3939 5410
f 3238 2340 6363
f 2007 1460 1225
f 7723 6609 4661
f 6561 4660 7688
f 2024 7238 5451
f 2390 3864 901
f 2028 3231 5466
f 2389 3872 778
f 897 4515 1464
f 7287 5288 253
f 7578 6407 3858
f 7578 3287 6404
f 1223 5375 1466
f 1223 6214 3310
f 5473 4524 1467
f 6401 2030 5487
f 4690 5539 1468
f 4690 2038 5516
f 420 5290 1469
f 5556 6659 4695
f 4725 3975 1470
f 4725 2855 6686
f 439 5691 4095
f 439 4095 2060
f 5571 2052 1472
f 5562 6675 2831
f 6680 5570 1473
f 6680 1473 5568
f 6697 5586 1474
f 6697 1474 4737
f 6698 5578 1475
f 5602 3969 1270
f 6705 3390 1476
f 6705 1476 4742
f 3394 4727 1477
f 3394 1477 2161
f 582 1274 4751
f 3991 2407 3377
f 580 5561 1479
f 2044 3956 147
f 3957 148 1480
f 6669 4710 1252
f 4790 2081 1481
f 257 6725 4712
f 226 3374 1482
f 3994 4741 520
f 596 3967 1483
f 2498 3554 7131
f 1732 5557 6681
f 3343 3954 2401
f 5769 6886 1485
f 5769 1485 2083
f 6724 4715 1486
f 6776 1761 4859
f 6736 2899 1487
f 5628 2110 6743
f 5625 6737 1488
f 4018 6735 1081
f 7103 2540 4796
f 7103 4796 2184
f 3440 2046 1490
f 6020 7172 2947
f 5671 949 6778
f 2091 2424 3399
f 4087 5912 7042
f 4087 2140 5949
f 6763 5651 1493
f 6763 1493 4024
f 4849 6958 5824
f 4849 2901 5839
f 5659 6761 1495
f 4078 2080 1283
f 3471 6792 1496
f 6786 2103 5687
f 2212 1088 4840
f 7359 5934 3496
f 4777 2502 1498
f 4777 1498 914
f 5673 6780 1499
f 3441 4069 2062
f 434 4793 1500
f 5636 6750 1090
f 256 2418 1501
f 5599 4739 1263
f 1083 4779 5681
f 6797 5681 4847
f 4735 4001 1503
f 3958 5608 1254
f 3448 228 1504
f 1097 2889 4066
f 2416 3406 1505
f 2955 6016 7020
f 143 1783 1506
f 143 4026 5712
f 268 4952 1507
f 5711 4103 6719
f 1099 6781 1508
f 1099 1508 2911
f 3805 669 2237
f 112 6024 3079
f 7079 2920 5095
f 4288 3683 1368
f 3618 1166 4267
f 6964 2536 4762
f 942 4841 1512
f 942 1512 6760
f 5727 6912 1513
f 5727 1513 4902
f 5737 6945 1514
f 4858 2501 946
f 5676 6828 1515
f 1278 1515 6766
f 5760 2896 1516
f 6899 4930 4175
f 1279 4030 1517
f 1279 1517 3400
f 151 4106 1518
f 151 5703 7378
f 6875 5735 1519
f 6875 1519 3533
f 4171 1115 2510
f 4208 1846 4981
f 5768 2150 1521
f 3589 1521 2133
f 178 2234 1522
f 178 4757 1806
f 4936 1121 4235
f 2511 2907 5838
f 5791 1334 2506
f 5766 1845 6876
f 4905 1300 5736
f 6878 4137 5705
f 5957 3043 4298
f 5091 2664 1188
f 4264 1834 6920
f 4264 6920 6116
f 3092 6162 7291
f 3092 2620 6157
f 4289 2136 4968
f 4289 4968 6056
f 3562 3117 1530
f 5976 1530 5098
f 6702 4983 1531
f 1907 3505 5267
f 187 4974 1532
f 4163 3559 3194
f 3047 590 1533
f 6848 2543 5923
f 5006 4244 1534
f 5846 3604 848
f 4959 6130 1535
f 4959 1535 6897
f 6916 5891 1536
f 6916 1536 2908
f 608 3388 1537
f 4807 6141 4212
f 3049 342 1538
f 6847 2191 5936
f 1351 3393 1539
f 1351 1539 627
f 6908 5754 1540
f 6908 2144 5049
f 6935 2942 1541
f 6935 1541 5786
f 4995 3644 1542
f 4995 1542 4262
f 185 820 7300
f 185 7300 833
f 5808 4786 1544
f 4189 4942 6710
f 3673 2285 1545
f 6090 1545 4362
f 1828 966 1546
f 4241 5801 1091
f 3625 4295 1547
f 3625 1547 5050
f 6941 4415 1548
f 4890 5658 689
f 5819 1831 1549
f 4207 4955 2488
f 171 5726 4217
f 5951 2517 7010
f 4290 1326 1551
f 5950 2518 7001
f 5853 3458 1552
f 7063 5070 1785
f 3570 1290 3046
f 4364 2596 7227
f 4927 3154 1554
f 2597 6858 32
f 6987 5874 4836
f 6987 2192 5852
f 2650 3218 6236
f 2650 6236 7372
f 5308 4441 1557
f 2259 1557 6112
f 2962 3506 7204
f 251 4938 3584
f 5860 1136 4980
f 5864 2167 6939
f 4947 4198 1560
f 2601 2209 6072
f 701 6718 4984
f 701 4984 3472
f 5867 6954 1562
f 4118 3120 3687
f 7335 1947 2677
f 5321 2677 7426
f 6996 4940 1564
f 6026 2236 2771
f 7006 5792 1565
f 7006 1565 3546
f 6178 7322 3839
f 2625 1916 7293
f 7095 2475 1567
f 3602 1838 4948
f 5058 1900 4271
f 2203 7269 6346
f 1268 6895 1569
f 5771 4990 606
f 845 3660 1570
f 5982 1570 7162
f 7012 2206 1571
f 5916 3508 7087
f 2636 7050 1572
f 4317 5082 6041
f 5066 2207 1573
f 5921 1573 2562
f 1316 4946 1574
f 3008 3507 635
f 2999 4115 1575
f 1127 1575 4967
f 5055 6982 1576
f 5040 5862 1336
f 461 5617 1577
f 7298 3101 2623
f 1318 4135 1578
f 1318 1578 3547
f 5047 4381 7038
f 978 2973 3605
f 4308 6040 1580
f 4308 1580 3038
f 531 3692 4246
f 7191 4246 3677
f 7064 5083 1582
f 7064 1582 6046
f 7081 1938 1583
f 3679 2283 752
f 5941 4203 1584
f 5941 1584 7091
f 398 3477 3016
f 7090 2617 2147
f 5014 1333 5773
f 2987 2181 5171
f 7147 2661 1587
f 3751 6075 1383
f 5151 4387 1588
f 4321 2217 6050
f 1344 5868 3694
f 1344 3694 2638
f 5979 4225 1590
f 5979 1590 7183
f 3069 6029 3662
f 7295 3662 6047
f 4325 2112 1592
f 4325 1592 574
f 5988 4152 1593
f 704 1873 4864
f 4311 2692 5437
f 4311 5437 7467
f 5998 1141 5111
f 951 4327 3495
f 7149 489 2659
f 3152 1940 5093
f 202 2305 7119
f 202 7119 6044
f 7125 2972 1598
f 2185 6017 1088
f 5139 4510 1599
f 628 7076 3600
f 7148 2218 1600
f 7148 1600 5196
f 462 7221 1601
f 6107 1601 6837
f 4527 1946 7441
f 6147 3493 4937
f 75 1365 1603
f 75 4414 3879
f 815 3737 1604
f 6783 1604 3727
f 4402 1374 7009
f 5210 5682 7232
f 5205 4397 1606
f 7529 3151 6368
f 817 2211 7173
f 817 7173 6019
f 7225 1195 6126
f 4187 3509 1313
f 981 6950 1609
f 981 1609 6881
f 4600 3161 3797
f 4600 3797 5355
f 344 2276 1611
f 3040 5191 2162
f 3788 5163 1612
f 3788 1612 3230
f 847 4297 5137
f 847 5137 1380
f 3778 3150 7407
f 4517 5347 3134
f 722 3824 7301
f 2464 4982 2975
f 3240 7394 6350
f 3240 6350 5293
f 3235 5326 6226
f 7306 3831 4519
f 2762 5324 6218
f 7307 3832 4522
f 6091 2708 1619
f 6091 1619 4498
f 702 3678 1620
f 2244 2662 5223
f 4280 7282 5024
f 2228 3521 1072
f 6122 3179 1622
f 751 7208 4389
f 4603 5400 6542
f 2344 5161 7047
f 822 5159 1624
f 2252 3103 4525
f 5296 2740 4537
f 3700 3135 6219
f 2673 990 4266
f 5230 3170 3833
f 7246 2208 1627
f 4356 5108 550
f 869 5170 7214
f 869 7214 5153
f 5362 4340 2307
f 5362 2307 6276
f 240 5150 1630
f 6083 1630 5203
f 239 5173 1631
f 6081 7229 3565
f 2693 5356 7409
f 2693 7409 3148
f 2791 5132 4555
f 6469 3193 7515
f 7577 3248 2763
f 6411 2763 3816
f 7489 4557 3755
f 4532 3755 3096
f 6125 7251 1636
f 3556 5235 4394
f 5279 1175 3632
f 4464 2616 1171
f 2628 5275 1638
f 1287 3221 4513
f 6513 3796 4451
f 6513 4451 3787
f 7404 3656 1640
f 6293 1640 2310
f 7400 5133 1641
f 7400 1641 2653
f 35 5757 1642
f 5885 1642 629
f 5213 7031 3741
f 4383 2668 6272
f 5335 3042 6271
f 851 3739 2241
f 745 4495 1645
f 745 1645 3107
f 733 3122 1646
f 7100 5134 1404
f 6589 2758 3812
f 6589 3812 7753
f 3891 6413 7613
f 3891 7613 5289
f 3917 4585 1649
f 3323 7140 3933
f 7352 3177 1650
f 6199 1650 2323
f 5510 1414 1651
f 5510 1651 7650
f 7705 4497 3269
f 7705 3269 6546
f 5368 4536 1653
f 7218 1653 3213
f 7348 3176 1654
f 7348 1654 6198
f 2817 6454 7607
f 3903 7607 2814
f 89 5471 7661
f 89 7661 5383
f 6215 5320 1657
f 6215 1657 4488
f 5255 2235 4453
f 7484 1961 2745
f 566 3215 4457
f 1960 3703 7565
f 3301 5289 7649
f 3301 7649 6503
f 4535 6471 7647
f 3892 7647 6500
f 6240 3219 1662
f 6240 1662 7373
f 3894 7672 6497
f 3894 6497 7648
f 2985 752 1664
f 1189 1664 3793
f 7744 6328 4531
f 7744 4531 3295
f 4533 1044 7459
f 1987 3863 5270
f 4567 7157 1667
f 4567 1975 5376
f 4569 5359 1668
f 4569 3162 5381
f 5367 2368 1669
f 4576 1669 2369
f 5380 3315 1670
f 5380 1670 4568
f 3924 7393 1671
f 3924 1671 2820
f 5394 7186 1672
f 5394 1672 1909
f 7541 6384 5428
f 6390 2783 7315
f 3929 4606 1674
f 3929 1674 3327
f 7464 6333 1675
f 2700 6243 7367
f 7465 6339 1676
f 2702 6241 7361
f 7481 6321 1677
f 6342 4487 7499
f 4591 5421 6592
f 5158 3138 485
f 2021 2713 4625
f 3260 3825 775
f 6376 1996 3777
f 6352 3212 1964
f 6353 1965 3769
f 6377 3228 1997
f 6587 7755 5445
f 4599 5445 6579
f 4618 7710 6550
f 4586 6550 7695
f 3925 7560 1684
f 3925 1684 2337
f 3627 1442 1685
f 6600 4641 7764
f 3761 1439 1686
f 6282 7440 1230
f 2730 3636 1687
f 6607 4642 7769
f 3730 6369 1688
f 7497 1688 5474
f 909 3701 1689
f 5390 6598 4605
f 1056 3702 1690
f 5388 6582 4607
f 3482 5945 2612
f 2321 2016 6170
f 7503 5476 1692
f 7503 1692 4416
f 5433 4640 6581
f 5433 6581 7712
f 6558 4589 5432
f 2717 3762 6992
f 7771 4583 6577
f 3190 2308 744
f 3746 2630 1696
f 7770 6586 4582
f 5435 3265 1697
f 6375 7518 1465
f 884 1418 1698
f 2010 5144 466
f 1995 1432 1699
f 4632 5461 3289
f 3815 1033 3252
f 1993 2318 2483
f 569 5241 1701
f 3271 3849 5494
f 7778 6583 4648
f 2719 3298 7323
f 6371 7524 4629
f 7520 2000 6231
f 1019 2338 1704
f 1019 1704 2322
f 3943 7774 5552
f 7791 4672 6655
f 7525 6372 1706
f 7525 1706 2039
f 5478 4636 1707
f 5478 1707 7508
f 5481 4643 1708
f 5481 1708 7501
f 3938 6568 4665
f 866 3332 5409
f 2642 6049 3885
f 7700 4644 3926
f 6567 310 1711
f 6567 1711 7727
f 4652 5492 1712
f 4652 1712 2026
f 3898 5117 4674
f 2371 3304 4584
f 7537 6387 1714
f 7537 6400 5447
f 7620 6442 3828
f 5514 3335 6481
f 7591 6424 3830
f 5512 3337 6473
f 7627 4444 2391
f 7624 2034 6441
f 7611 6448 2795
f 7610 2392 4425
f 6438 2384 1719
f 7594 1719 2796
f 5422 2020 1720
f 772 4563 2002
f 6452 2385 1721
f 7604 1721 3846
f 6407 3858 1722
f 6399 4479 5472
f 4508 7570 1723
f 6423 1723 2030
f 6625 2356 1724
f 6625 1724 2782
f 577 2386 1725
f 577 5298 2811
f 3310 6214 1994
f 3905 6551 5533
f 4694 5543 1727
f 4694 1727 2815
f 4693 3261 1728
f 4693 1728 5542
f 5537 6164 7615
f 5539 3294 1468
f 420 1469 5556
f 7804 4696 5536
f 6670 3339 1731
f 5561 2040 1479
f 5565 6681 1732
f 6673 2050 1251
f 1066 2851 5572
f 1066 5572 925
f 500 3972 4720
f 500 4720 924
f 5588 6704 1735
f 5588 1735 2882
f 6706 3389 1736
f 5587 1736 2449
f 6714 2857 1737
f 6714 1737 3437
f 2500 5706 4862
f 6817 3360 4124
f 682 2924 2477
f 682 2477 6708
f 6970 294 1740
f 6970 1740 5832
f 2051 504 1741
f 6674 4697 441
f 1253 6679 1742
f 1253 1742 6682
f 6965 4016 2125
f 6965 2125 5850
f 785 2845 1744
f 785 1744 4713
f 676 1261 5614
f 3340 6727 4749
f 4050 2894 1746
f 4050 1746 4826
f 6746 5674 1747
f 5633 4024 1493
f 6742 5643 1748
f 6742 1748 3344
f 4850 2067 1749
f 6790 1749 1075
f 2509 6836 1750
f 2509 1750 5747
f 5679 2421 1751
f 675 4806 4042
f 5594 167 1752
f 5594 1752 6728
f 6772 5649 1753
f 6772 4760 5652
f 6771 5648 1754
f 5651 4759 1493
f 4058 2534 7128
f 4058 7128 3445
f 1071 3349 5653
f 1071 5653 6758
f 787 6759 5654
f 3350 4062 4827
f 1086 6722 1758
f 1086 1758 6734
f 3467 2836 1759
f 6819 5692 1072
f 6789 5655 1760
f 5685 2066 2850
f 1486 6776 1761
f 5661 1761 2850
f 677 2833 1762
f 6691 5596 1258
f 1587 2107 5276
f 1587 5276 7222
f 4791 6773 1764
f 4791 1764 832
f 6698 3969 5602
f 4719 3367 788
f 1283 5672 6812
f 1283 2072 4831
f 6801 2967 1767
f 5687 1767 2103
f 2867 3395 1768
f 1076 1768 5592
f 2418 1501 1769
f 6689 3995 3402
f 4125 6775 1770
f 5710 2875 7379
f 5761 2892 4924
f 5923 4924 2543
f 3075 6921 1772
f 2554 1772 3596
f 1499 6788 1773
f 6813 1773 5708
f 3486 613 4108
f 5930 2931 6880
f 6934 2079 5714
f 2890 5788 3386
f 1090 6748 1776
f 1090 1776 6750
f 150 2402 1777
f 4802 3999 525
f 4732 5573 1778
f 1254 1778 2913
f 6830 2437 1779
f 5689 1779 2435
f 6832 2043 1780
f 5695 1780 2086
f 1096 4076 1781
f 1096 3434 4816
f 5729 6938 1782
f 5729 2927 4860
f 386 2453 1783
f 3391 4745 6861
f 6971 2898 5758
f 601 3412 2129
f 6841 4954 1785
f 6841 1785 5935
f 681 4057 1786
f 7135 5936 4917
f 3455 2846 1787
f 6935 5844 2942
f 731 2970 1788
f 7339 6195 2683
f 4883 955 2984
f 4907 2166 5745
f 175 4025 1790
f 175 2911 4746
f 4813 934 1791
f 695 5731 1326
f 4491 5611 1792
f 4491 1792 472
f 6712 4217 5726
f 527 5726 4054
f 2647 5739 1794
f 2647 4845 1170
f 5751 5125 4277
f 625 4277 2639
f 6900 2172 1796
f 6900 1796 5717
f 3487 612 4145
f 4886 2953 6021
f 3070 4243 1798
f 3070 1798 3610
f 5778 2930 1799
f 4965 6976 4193
f 5639 3376 6753
f 4049 4783 806
f 1110 3035 4976
f 1110 4976 3598
f 4096 5087 1802
f 708 5876 6806
f 935 4011 1803
f 4923 5969 1665
f 2632 5008 1804
f 4391 5971 7193
f 191 5650 4939
f 191 4939 1357
f 519 5569 1806
f 7152 4336 2176
f 4993 4230 7329
f 4993 7329 4516
f 5663 1297 3461
f 6765 2520 2963
f 1298 6833 1809
f 3503 4134 2467
f 107 6720 1810
f 2461 2885 814
f 105 2547 1811
f 5796 6907 2097
f 48 2527 4818
f 3000 4141 5605
f 4925 1268 6895
f 5728 3057 963
f 5033 5915 1814
f 5033 3459 5948
f 932 4013 1815
f 4240 5067 537
f 2136 4962 5919
f 5018 3689 1371
f 609 2954 1817
f 609 1817 4072
f 6273 2304 3156
f 6273 3156 5356
f 724 6910 1819
f 3581 4198 397
f 6952 5827 1820
f 6952 4104 5825
f 5849 6975 4097
f 5836 2536 6964
f 974 6804 1822
f 3579 4922 4467
f 6989 4836 1823
f 6989 1823 5875
f 3003 2064 4866
f 4269 3576 7255
f 5072 7066 1825
f 6025 3496 5003
f 811 5675 4985
f 811 4985 4074
f 5062 2439 1827
f 5062 1827 6100
f 7096 3551 1828
f 3609 4241 5801
f 5900 7105 1829
f 4175 1829 6899
f 7109 4764 1830
f 5899 1830 4895
f 1314 5756 1831
f 1314 1831 6951
f 7054 4221 1832
f 7054 1832 5620
f 5924 7085 2532
f 5871 2180 6988
f 7050 5779 1834
f 6095 1834 4264
f 1163 4253 7040
f 5048 7040 1418
f 1095 3439 2925
f 1095 2925 4814
f 5069 3424 5987
f 36 4334 3666
f 5887 3602 1838
f 5887 6967 5016
f 5257 2601 6072
f 7242 4423 2600
f 4135 1578 4870
f 3474 2940 2142
f 5989 7231 1841
f 5989 1841 2932
f 6866 1317 4926
f 5753 4168 835
f 5075 990 6118
f 7122 4441 1310
f 1321 4878 1844
f 1321 1844 5764
f 4142 4871 1845
f 1524 1845 5766
f 1520 6851 1846
f 1520 1846 4208
f 7067 4844 1847
f 7067 2966 5929
f 5784 4906 2590
f 5996 2215 7146
f 7087 3508 1849
f 7087 2562 5921
f 5946 7034 1850
f 4861 7091 5941
f 190 5883 1851
f 7126 5159 361
f 4229 5054 1852
f 7246 6080 1627
f 4899 824 4173
f 7297 3484 6097
f 7280 4914 6073
f 3033 4165 718
f 1337 4963 1855
f 1337 1855 4254
f 6855 1311 4920
f 4159 3535 720
f 5955 7084 4088
f 5974 2184 7103
f 7104 2539 1858
f 7104 4090 5962
f 6065 7244 1859
f 1295 3054 5688
f 7025 2157 1860
f 7025 1860 5114
f 7443 6254 5116
f 7443 5116 6169
f 7161 2917 1862
f 7161 1862 5624
f 7162 1570 1863
f 7162 5615 4376
f 6008 7127 4101
f 5986 2540 7103
f 7021 1559 5864
f 3571 4863 1147
f 7098 995 6074
f 248 4310 4928
f 4358 4990 1867
f 2221 6071 2605
f 7378 1322 1868
f 3713 5098 1530
f 5120 4128 1869
f 5120 1869 4393
f 7272 4270 6103
f 3732 5210 1605
f 157 4182 1871
f 5264 7183 3516
f 3840 5305 7327
f 3840 7327 2281
f 1593 3520 7188
f 1593 7188 5988
f 813 5026 1874
f 7226 6082 4852
f 948 5001 1875
f 7224 2566 4857
f 406 5085 1876
f 6130 5382 1535
f 689 4811 1877
f 6926 1877 5785
f 6221 5117 1878
f 5908 2112 4973
f 76 868 1879
f 76 4415 3878
f 1088 2212 7166
f 1088 7166 6017
f 6064 7212 4321
f 5943 2624 6917
f 1114 4112 1882
f 6930 5822 692
f 6329 3164 3798
f 6329 3798 4564
f 4454 1398 5192
f 110 2648 3690
f 7194 4390 1885
f 7194 1885 6138
f 5046 7037 1886
f 5046 1886 853
f 345 5314 1887
f 345 1887 5789
f 1361 7124 1888
f 1361 1888 4339
f 6918 845 3108
f 1134 2276 3524
f 4426 5212 1890
f 6201 7399 2368
f 7200 5097 1891
f 7200 1891 6102
f 7201 5096 1892
f 7201 1892 6101
f 3214 2740 1893
f 3214 1893 7209
f 6127 5241 1894
f 5242 3770 2704
f 3550 1564 4940
f 3041 4196 1509
f 4280 5277 3624
f 2228 2574 4846
f 183 2577 1897
f 7387 5299 4248
f 4380 7240 1898
f 536 1898 6048
f 488 2288 4921
f 2621 3078 6150
f 373 4271 1900
f 3824 2629 7301
f 3737 6104 1901
f 1179 5208 4405
f 7138 1645 4495
f 3719 3139 6258
f 7133 4944 4496
f 3700 2675 7417
f 5937 3426 5088
f 7097 4303 2279
f 6083 3028 4896
f 3735 6117 1016
f 212 5239 6085
f 4459 3740 1622
f 188 1137 7245
f 188 7245 6069
f 6263 7409 3148
f 6263 3148 3717
f 6288 1672 1909
f 6288 1909 3111
f 7256 3178 1910
f 7256 2607 6126
f 6265 3716 3143
f 6265 3143 7415
f 3259 6388 7557
f 3259 7557 2705
f 4485 1370 5081
f 5268 2611 1371
f 7289 2620 1914
f 2268 5286 2780
f 209 2767 1915
f 7531 6338 2358
f 4493 2625 1916
f 4493 1916 5343
f 6469 7657 3852
f 6469 3852 3193
f 4557 5360 6392
f 4557 6392 7489
f 1617 7306 3831
f 1617 3831 7261
f 1618 2762 3832
f 1618 3832 7259
f 3185 4298 7223
f 4431 3754 1375
f 35 5757 1922
f 2641 3653 849
f 417 5226 3791
f 417 3791 5297
f 3109 4319 1924
f 558 1924 3654
f 7360 2668 6272
f 210 3738 2545
f 730 5340 1926
f 6257 7444 5197
f 5332 4449 7424
f 637 3861 4489
f 1636 6125 1928
f 1636 1928 3211
f 5374 906 1929
f 4543 1929 5064
f 7753 3812 4480
f 7753 4480 3307
f 4562 3319 7634
f 4562 7634 6459
f 7372 2650 3772
f 6229 3177 7352
f 7373 1662 3771
f 6228 3176 7357
f 5922 4295 1934
f 877 5128 3789
f 6255 7343 5338
f 7398 3218 5351
f 2579 6213 4490
f 7397 3219 5349
f 5911 4291 1937
f 1189 5130 3793
f 653 4302 1938
f 653 1938 3199
f 1191 5206 7179
f 3168 3721 195
f 6003 5099 1940
f 1596 1940 3152
f 1382 5207 7178
f 3169 3720 196
f 4575 6484 7665
f 4575 7665 6509
f 4560 2370 1943
f 5378 3801 4579
f 7660 2297 1944
f 7660 1944 6486
f 7672 2298 1945
f 7672 1945 6497
f 854 7393 6245
f 854 6245 3937
f 4606 6249 1947
f 4606 1947 1674
f 5294 1420 6184
f 3733 3147 2147
f 5318 6032 4483
f 2709 6223 5328
f 5397 7184 1950
f 5397 1950 1451
f 5381 3162 6290
f 642 6290 7456
f 2710 7353 6220
f 5304 4481 6030
f 6038 1397 7315
f 3172 5238 7228
f 7673 2291 1954
f 7673 1954 2297
f 7685 2292 1955
f 7685 1955 2298
f 4595 2676 1956
f 5389 2369 4576
f 6336 7529 1957
f 3663 1957 6259
f 7480 6334 1958
f 6349 5285 7498
f 7461 2307 1959
f 4416 6313 7503
f 7447 6319 1960
f 7447 1960 3237
f 6318 7484 1961
f 6318 1961 2340
f 1209 3263 1962
f 3647 1962 1030
f 5427 6381 1963
f 5427 1963 7479
f 7485 5222 1964
f 7485 1964 6352
f 7487 5219 1965
f 7487 1965 6353
f 3851 1417 5330
f 7493 4529 5750
f 3850 1416 5336
f 7488 4530 5748
f 5443 7439 1968
f 7527 6354 1454
f 2721 4234 1969
f 3202 6383 3698
f 5496 3307 6504
f 4654 6504 7691
f 5497 3301 6503
f 4647 6503 7693
f 17 1402 2699
f 4598 6596 7777
f 5398 4609 6580
f 1057 3706 4320
f 4623 6304 1974
f 7526 3314 2351
f 1667 4567 1975
f 1667 1975 5348
f 5485 2301 4658
f 3248 3780 7577
f 6599 5500 4638
f 6599 4638 7761
f 6136 3757 1978
f 1049 7285 5364
f 1230 7445 1979
f 5313 4511 1287
f 1053 4343 1980
f 5387 6579 4599
f 5452 4645 6564
f 5452 6564 7710
f 6549 4592 5420
f 3198 3781 6979
f 6560 4590 5431
f 3186 3765 6994
f 7759 3911 6571
f 5182 2688 643
f 215 3204 1985
f 5312 7333 1417
f 216 3203 1986
f 5311 7331 1416
f 5518 5905 7310
f 5518 7310 1215
f 5519 2797 7309
f 5519 7309 777
f 1234 4354 1989
f 5401 6602 4602
f 645 4355 1990
f 5400 6595 4603
f 2349 2644 1991
f 2752 4381 2
f 4542 2696 5359
f 3280 3866 6440
f 875 1700 1993
f 2714 4357 359
f 1726 5533 6551
f 1726 6551 994
f 3322 1699 1995
f 5517 3919 6488
f 7540 6376 1996
f 7540 1996 3225
f 7542 6377 1997
f 7542 1997 3226
f 1455 7519 1998
f 4628 3291 2372
f 3809 1411 3244
f 360 2338 7041
f 1703 7520 2000
f 1703 3867 5441
f 5498 4679 2001
f 5498 2001 4664
f 3843 4563 2002
f 5484 3234 3816
f 4665 6545 7722
f 4665 7722 6568
f 4662 6567 7727
f 4662 7727 6569
f 898 3844 2005
f 898 2005 6160
f 5709 7539 2006
f 2398 7513 1424
f 5475 2350 6384
f 7571 3238 6363
f 4675 5513 7210
f 5495 2796 7594
f 4685 1245 2009
f 6419 3846 7604
f 884 1698 2010
f 2777 3256 4370
f 1707 4636 2011
f 1707 2011 6307
f 7534 2764 2012
f 3241 6382 7536
f 1239 3928 2013
f 1239 2013 7431
f 6494 7625 2014
f 6494 2014 5453
f 6501 7626 2015
f 6501 2015 5448
f 6425 7702 2016
f 6425 2016 2321
f 7186 5394 2017
f 2787 4538 5507
f 497 7508 6378
f 3857 5482 902
f 660 7501 6379
f 3856 5479 1045
f 5506 7470 2020
f 3946 2365 5503
f 6444 4625 2021
f 3931 7576 2367
f 7587 6380 2022
f 6404 2022 3287
f 3921 5545 4581
f 7158 3315 1670
f 6445 5451 2024
f 7680 2024 3247
f 6624 4686 5538
f 6624 5538 4687
f 6479 1712 2026
f 5306 3827 1034
f 6477 3849 2027
f 7633 2385 6452
f 6478 5466 2028
f 7690 2028 3249
f 3870 7433 2029
f 7586 6399 1722
f 1467 6401 2030
f 1467 2030 7567
f 7677 89 2031
f 3904 6583 4648
f 894 2240 2032
f 6616 7700 4644
f 5489 6561 4660
f 3884 3296 7318
f 1717 7624 2034
f 1717 2034 6325
f 6450 1718 7611
f 5371 3283 2606
f 6655 7804 5536
f 6655 5536 4672
f 5542 6165 7616
f 5543 3293 1727
f 1468 4690 2038
f 1468 2038 6391
f 3941 4534 5465
f 2824 3336 2399
f 1731 5559 2040
f 1731 2040 6670
f 6703 4744 2041
f 6703 2449 5587
f 502 4769 5595
f 4017 2886 929
f 4865 1294 2043
f 4865 2043 6832
f 580 3956 2044
f 6668 4707 1068
f 913 4703 2045
f 913 3957 1480
f 682 4040 2902
f 682 2902 6709
f 5632 1084 6738
f 4767 2450 4008
f 911 1522 2904
f 911 2904 4765
f 1473 5566 2049
f 1473 2049 5570
f 1732 5565 2050
f 4708 3964 2834
f 784 4711 2051
f 784 2051 4697
f 1256 3985 2052
f 3372 2849 2411
f 1253 4705 2053
f 1253 2053 4723
f 924 4082 5619
f 924 5619 500
f 7079 2920 4788
f 7079 4788 2966
f 1261 147 6741
f 1261 6741 5614
f 1255 4730 2057
f 1255 2057 3987
f 4060 6716 2058
f 4060 2058 6870
f 6793 5669 2059
f 4823 2059 6769
f 4829 4095 2060
f 2434 3368 6815
f 786 4792 2061
f 5631 6745 1276
f 6796 4848 5680
f 1270 5680 4778
f 156 2910 5683
f 156 5683 6784
f 4853 5692 4091
f 6798 2465 5686
f 381 3359 2065
f 3975 4718 3363
f 1760 4100 2066
f 1760 2066 6789
f 6808 4850 2067
f 6808 2067 4822
f 6688 138 5579
f 3988 4731 3365
f 5621 1086 6722
f 4012 2868 927
f 5622 1486 6724
f 4753 3989 798
f 684 4021 2071
f 684 2071 6726
f 6812 1283 2072
f 6812 2072 5707
f 6826 2447 5674
f 4756 3397 928
f 1737 3437 2074
f 1737 2074 6700
f 1078 6701 2075
f 1078 3435 6713
f 5660 2438 6780
f 587 4827 4062
f 1263 5599 2077
f 6721 4781 2860
f 1090 5635 2078
f 1090 2078 5636
f 1099 5714 2079
f 1099 2079 5665
f 1495 5659 2080
f 4819 6782 3382
f 808 4053 2081
f 808 2081 4010
f 675 4806 2082
f 2417 5712 6779
f 6924 1485 2083
f 6924 2083 5777
f 6116 4264 3044
f 6116 3044 7278
f 680 4056 2085
f 7118 5923 4924
f 4874 1780 2086
f 185 4075 820
f 1135 967 5805
f 1135 5805 5045
f 4868 3366 6816
f 4125 5710 1770
f 713 6861 4929
f 713 4929 591
f 931 4748 2090
f 931 2090 4768
f 227 2424 2091
f 4076 4833 1781
f 1266 4042 2092
f 1266 2092 3414
f 260 5603 2093
f 260 4001 4735
f 6894 1286 2094
f 5723 2437 6830
f 6845 2858 2095
f 4274 2095 2937
f 1746 2894 2096
f 5617 2096 1577
f 4938 3584 2097
f 4938 2097 3392
f 5775 2448 2098
f 150 4802 1777
f 1544 5808 6942
f 2491 6942 5813
f 800 4789 2100
f 3415 2100 4784
f 3102 2496 5000
f 951 5000 3495
f 3486 613 4127
f 4887 2955 6016
f 1496 6786 2103
f 4111 2103 3511
f 5795 1819 2104
f 6953 3056 5895
f 3071 5609 4507
f 2625 3577 6149
f 5573 1778 4509
f 2623 3574 6155
f 6192 5276 2107
f 5287 7250 3650
f 3661 2917 2108
f 3661 5042 3137
f 1277 5626 2109
f 1277 2109 6756
f 1487 5628 2110
f 1487 2110 6755
f 3488 5656 2111
f 6885 5764 1321
f 1878 5908 6933
f 1878 6933 3871
f 950 6829 2113
f 6720 2113 4147
f 6944 6053 2114
f 6944 2114 2928
f 6685 3381 2115
f 806 2115 3433
f 6874 1124 5733
f 49 2963 2520
f 440 4775 3439
f 4983 2513 4309
f 3580 4950 2118
f 5820 2896 1516
f 6946 4016 2119
f 6946 2119 2901
f 724 5783 2120
f 3581 4941 2906
f 3457 704 4864
f 6770 2981 1787
f 5061 2538 2122
f 5061 2122 3569
f 30 296 5831
f 30 5831 278
f 4023 3555 2124
f 448 2124 4812
f 5833 6974 2125
f 5833 2125 4016
f 5841 4020 2126
f 6980 2969 5847
f 548 6802 2127
f 7275 6138 2609
f 5859 4771 2128
f 5859 2128 3420
f 804 3974 2129
f 5737 4858 2501
f 4925 2497 4160
f 5728 3547 1578
f 612 4145 2131
f 6773 3477 398
f 7007 5978 2132
f 4974 4240 1532
f 1331 4310 2133
f 1331 2133 4989
f 826 4215 2134
f 4884 3512 2950
f 4156 2991 2135
f 3529 4918 1129
f 7215 5919 2136
f 7215 2136 4289
f 5907 4787 2137
f 5907 2137 3427
f 596 3967 2138
f 4184 4889 2926
f 5939 3077 2139
f 1828 6963 3515
f 7042 4087 2140
f 7042 2140 5926
f 340 4007 2141
f 2961 5645 1300
f 1116 4984 5806
f 1116 5806 5071
f 6883 1524 5766
f 3491 4881 5663
f 1540 6908 2144
f 1540 5883 6928
f 132 4183 2145
f 5756 6864 1831
f 134 4179 2146
f 134 3462 2934
f 5104 5959 2147
f 5104 2147 7090
f 405 3485 7068
f 405 7068 3676
f 5140 7083 2149
f 4333 6065 1859
f 835 4191 2150
f 835 2150 4168
f 1284 2927 2151
f 7010 5817 2517
f 608 4027 2152
f 4807 3468 7175
f 4252 3193 7515
f 361 5184 7126
f 5152 4376 2154
f 4322 2567 6052
f 5950 3473 2155
f 383 2487 1791
f 388 4142 2156
f 6851 5770 1846
f 7101 4370 2157
f 5953 2157 7025
f 2521 3459 5948
f 4967 4247 1127
f 3463 5032 5940
f 4946 4242 1316
f 5958 7080 2964
f 5997 2534 7128
f 7432 6253 5121
f 7432 5121 6167
f 3792 3040 2162
f 3792 2162 5196
f 5705 4129 2163
f 1311 2163 4920
f 3497 4133 2164
f 6836 5742 2509
f 5999 3445 2165
f 5981 2539 7104
f 1789 3518 2166
f 1789 2166 4907
f 1559 5864 2167
f 1559 2167 6863
f 4965 1799 5778
f 6862 4170 2942
f 7115 735 2169
f 7115 2169 6034
f 382 2535 2170
f 382 2170 1304
f 6842 2523 4153
f 4910 3534 5664
f 1339 6986 2172
f 1339 5744 4190
f 1338 6985 2173
f 1338 5755 4189
f 7127 4101 2174
f 7127 4844 6006
f 2717 5889 2175
f 2717 2175 6992
f 7142 5812 2176
f 7142 2176 3450
f 1305 3553 2177
f 1305 2177 4140
f 720 4164 2178
f 720 2178 3535
f 6028 2560 2179
f 6028 2179 7239
f 1833 6993 2180
f 1833 2180 5871
f 4382 5174 2181
f 4382 2181 2987
f 5719 958 6893
f 4811 4119 5658
f 6350 5293 7550
f 3848 4570 5164
f 1857 5920 2184
f 1857 2184 7102
f 7125 6017 2185
f 455 4957 5880
f 7124 6019 2186
f 454 4956 5879
f 47 3456 2187
f 5797 6983 1131
f 2947 4857 6086
f 2594 4964 3073
f 4880 4172 2189
f 829 3492 2542
f 219 1620 4400
f 7370 6227 1932
f 6061 7305 2191
f 6061 2191 1120
f 1555 5827 2192
f 1555 2192 6987
f 99 5734 2193
f 4239 2900 1804
f 6931 2544 5823
f 4205 3543 6731
f 5247 2976 4413
f 87 3639 3158
f 2569 4130 2196
f 193 2196 4855
f 189 2887 5186
f 189 5186 1852
f 960 4255 2198
f 3030 3565 6081
f 7193 4391 2199
f 7193 2199 6137
f 535 6811 2200
f 5941 5068 4203
f 4415 1548 2201
f 4415 2201 3878
f 819 4123 2202
f 819 2202 2988
f 5058 1568 2203
f 846 3734 1807
f 5199 7221 2204
f 5199 2204 1597
f 3645 1388 7265
f 3645 7265 5284
f 1348 5892 2206
f 5020 4261 54
f 1349 7015 2207
f 5021 4259 53
f 6114 7246 2208
f 6114 2208 2563
f 7202 2526 2209
f 7202 2209 6129
f 1132 4975 2210
f 3592 5790 117
f 5002 6062 4148
f 7358 5935 3500
f 51 2956 2212
f 5003 3527 7262
f 7227 2596 2213
f 7227 3546 4353
f 628 3600 2214
f 6150 7302 3078
f 1848 5996 2215
f 5102 2215 5994
f 3778 7407 6388
f 3778 6388 3259
f 7212 5225 2217
f 7212 2217 4321
f 1158 6005 2218
f 5103 2218 5995
f 6092 2707 2219
f 6092 2219 4499
f 5168 7681 2760
f 1205 2760 3877
f 7286 3671 2221
f 7286 2221 6071
f 5232 3685 2222
f 6239 7383 3771
f 1567 5016 2223
f 1567 2223 2475
f 6925 514 2224
f 4951 3038 1580
f 7052 2646 5863
f 3421 5035 4019
f 354 5126 2226
f 2622 6162 3092
f 353 5127 2227
f 3069 6161 3622
f 619 2574 2228
f 619 2228 1621
f 5237 3748 7164
f 5248 6084 4398
f 1905 3735 6117
f 1905 6117 475
f 6978 1821 5849
f 5031 3614 6998
f 7232 6104 2232
f 7232 2232 5682
f 33 6857 2233
f 5056 2938 5828
f 3691 5292 2234
f 624 2234 5693
f 4803 4453 2235
f 7257 3179 6122
f 1564 6996 2236
f 1564 2236 7155
f 1509 6995 2237
f 1509 2237 7154
f 6127 7252 2238
f 6127 2238 1894
f 6153 2611 5268
f 7283 4464 2616
f 7288 3068 2240
f 646 3826 1425
f 428 3739 3172
f 428 3172 5238
f 636 1194 2242
f 5799 7074 1908
f 810 5925 2243
f 810 2243 5730
f 702 1620 2244
f 702 7069 5125
f 5296 4496 2245
f 5296 2245 2740
f 5295 2741 2246
f 5295 2246 4495
f 971 1477 7264
f 3088 6055 834
f 995 4272 2248
f 3051 5028 4379
f 373 1900 6154
f 373 4506 7419
f 1364 271 2250
f 1364 2250 4245
f 3124 5089 2251
f 4395 3695 2637
f 6171 7351 2252
f 3657 5274 4404
f 7420 6197 2253
f 270 2253 7058
f 3276 5417 6475
f 3276 6475 7652
f 5897 6859 2255
f 7014 2636 1572
f 5360 2706 7582
f 5360 7582 6392
f 1118 2603 2257
f 1118 2257 4986
f 5309 2997 2258
f 6212 4503 7343
f 5308 1557 2259
f 6210 4502 7345
f 7682 3869 5291
f 7682 5291 3866
f 6187 3086 2261
f 5323 3682 4281
f 5283 1885 4390
f 6172 7386 1436
f 6189 7346 2263
f 6189 2263 7337
f 627 5865 7330
f 3089 6235 844
f 986 7179 2265
f 986 6196 7313
f 6205 7390 2266
f 5253 3085 199
f 7717 3891 5289
f 7717 5289 3301
f 561 5286 2268
f 3726 4434 5173
f 6207 7312 2269
f 7360 2269 2668
f 5197 7444 4388
f 4218 3121 7136
f 3155 3648 2271
f 3750 5180 6267
f 3307 4480 7638
f 3307 7638 6504
f 5039 184 2273
f 6336 7401 1957
f 6000 5091 2274
f 742 2274 4344
f 1395 715 2275
f 1395 2275 3708
f 1889 2684 2276
f 1889 2276 1134
f 482 3166 4546
f 6429 5488 2037
f 3319 7660 6486
f 3319 6486 7634
f 856 7097 2279
f 856 2279 5251
f 6279 3839 2280
f 7446 4519 1919
f 6280 3840 2281
f 7437 4522 1920
f 5348 1975 2282
f 7405 2282 5373
f 1583 3679 2283
f 4377 5166 1026
f 7767 3320 4512
f 7767 4512 5547
f 3674 4379 5090
f 2669 3126 1589
f 994 1726 6262
f 994 5275 1638
f 7388 3666 6143
f 4556 5271 639
f 7418 6476 2288
f 7418 2288 488
f 3922 4575 6509
f 3922 6509 5424
f 5297 417 2290
f 2713 4561 5423
f 5464 7670 6499
f 5464 6499 4637
f 2821 7686 6520
f 2821 6520 4620
f 862 5975 2293
f 862 6039 3738
f 7476 3135 2294
f 2602 4550 1409
f 7477 3140 2295
f 2599 4539 1405
f 3916 2678 2296
f 4579 2296 3801
f 5459 4637 6511
f 5459 6511 3935
f 5460 4620 6512
f 5460 6512 3325
f 421 3728 2299
f 4438 5221 3718
f 422 3729 2300
f 4439 5220 3715
f 3271 4658 2301
f 6510 2301 7683
f 1676 7392 6241
f 1676 6241 2702
f 1675 7391 6243
f 1675 6243 2700
f 5395 3156 2304
f 5395 2304 3730
f 1949 7367 6223
f 1949 6223 2709
f 7502 6303 2306
f 7502 2306 5010
f 6320 7461 2307
f 6320 2307 4340
f 1695 645 2308
f 1695 2308 3190
f 1181 3192 2309
f 3758 5412 3151
f 7492 6293 2310
f 7492 3698 6383
f 1211 5457 7456
f 1211 7456 642
f 3760 6139 2312
f 1408 7284 5315
f 1230 7440 2313
f 5313 4513 1287
f 5391 3908 6573
f 1233 3136 4342
f 1053 899 2315
f 5387 6559 3909
f 869 5170 2316
f 869 7243 5153
f 6547 4591 5421
f 3199 3779 6982
f 1700 1993 2318
f 1700 2318 409
f 7760 3912 6556
f 5181 3153 1554
f 659 1928 2320
f 3273 3855 4657
f 7543 6425 2321
f 7543 2321 5353
f 466 5124 2322
f 3835 3253 1206
f 1416 7331 2323
f 1416 2323 3850
f 1417 7333 2324
f 1417 2324 3851
f 3793 5130 2325
f 2672 3127 4319
f 3789 5128 2326
f 6537 4588 5398
f 721 632 2627
f 7689 3823 5278
f 4348 360 2328
f 6600 5501 4641
f 4350 1 2329
f 6607 5505 4642
f 4351 2 2330
f 6605 5504 4639
f 119 3889 2331
f 5375 4559 1466
f 3942 4673 5551
f 3942 5551 7734
f 221 4421 2333
f 2750 5215 1556
f 220 4418 2334
f 2749 5217 1386
f 359 7036 3206
f 3808 2724 1210
f 6545 311 2336
f 6545 2336 7722
f 6397 1684 7536
f 1039 7536 3241
f 1999 360 2338
f 1999 2338 1019
f 1445 430 2339
f 1445 2339 5270
f 7564 1961 2340
f 7564 2340 6363
f 2747 1385 5214
f 4468 3785 1202
f 6418 7612 2342
f 6418 2342 4549
f 2748 1024 5216
f 4469 3784 1203
f 364 5161 2344
f 364 2344 3208
f 3783 7019 2345
f 3217 5163 3788
f 7483 3226 6324
f 5256 4456 1910
f 5497 6503 4647
f 3915 2818 1641
f 5483 1963 6381
f 6374 3237 1960
f 1193 1991 2349
f 3817 3255 1404
f 6441 5475 2350
f 6441 2350 2034
f 6488 7526 2351
f 6488 2351 3919
f 884 1418 2352
f 2777 3246 5135
f 890 3184 2353
f 7577 6411 2763
f 3928 1451 4610
f 5416 3318 7663
f 3930 1909 4601
f 5415 3324 7664
f 6617 3926 4666
f 6617 4666 7805
f 3807 2753 2357
f 4615 5436 2007
f 6490 3819 2358
f 7662 5448 6501
f 6491 3818 2359
f 7666 5453 6494
f 775 2768 2360
f 775 2360 3825
f 3299 5195 4568
f 3837 2810 5508
f 3300 5194 4565
f 2787 3874 5507
f 497 7508 2363
f 7538 3285 6408
f 660 7501 2364
f 2786 3281 5470
f 2020 5422 6443
f 2020 6443 5506
f 5405 6550 4586
f 1004 3906 4566
f 7595 3886 2367
f 7595 2367 6405
f 1421 4542 2368
f 1421 2368 6201
f 1956 4595 2369
f 1956 2369 7454
f 1420 3881 2370
f 1420 2370 7344
f 5523 1245 2371
f 5523 2371 7756
f 495 4628 2372
f 5441 2372 3867
f 5495 2008 4675
f 3897 3295 1430
f 771 5288 2374
f 7602 4508 1723
f 7677 89 2375
f 4671 6628 7805
f 90 6516 2376
f 90 2376 6151
f 7729 6624 4687
f 907 3310 1994
f 1710 5300 2378
f 6584 7751 5467
f 7587 2022 6404
f 5418 3914 2790
f 2764 3868 6394
f 498 4604 5385
f 1244 3934 2381
f 1244 2381 7511
f 1452 3328 2382
f 1452 2382 7510
f 6435 4479 2383
f 7630 2383 4523
f 7621 6438 2384
f 2026 2384 5456
f 2027 7633 2385
f 2027 2385 5458
f 121 3272 2386
f 6269 4528 7466
f 7347 2772 2387
f 6268 4533 7459
f 3884 6058 2388
f 5489 4661 7723
f 568 1463 2389
f 4669 7620 1715
f 429 1462 2390
f 4670 7591 1716
f 1717 6449 2391
f 1717 2391 5396
f 1718 6450 2392
f 1718 2392 6330
f 1241 5450 2393
f 1241 2393 2816
f 3921 5545 4612
f 5384 2819 4487
f 773 7615 5537
f 4573 3902 7609
f 895 7616 5542
f 4574 3900 6461
f 3201 2038 5516
f 3903 2817 7607
f 4676 7513 2398
f 3311 3896 6462
f 1730 2824 2399
f 3333 2399 3813
f 3979 4729 2400
f 3979 2400 2855
f 5558 3959 2401
f 501 2401 3954
f 3973 3387 4736
f 1481 4736 5597
f 1486 1761 5661
f 1486 5661 6733
f 3400 1517 2404
f 3400 2404 2941
f 6730 2836 2405
f 6730 2405 4741
f 4706 5560 2406
f 5563 6676 1068
f 1478 3991 2407
f 6709 5580 433
f 1067 6663 2408
f 1067 2408 6675
f 3344 4766 2409
f 672 6728 1752
f 6682 1253 4723
f 3966 2843 784
f 915 2849 2411
f 6679 2411 4705
f 6678 918 3976
f 673 3354 4708
f 3987 2057 4724
f 3355 2845 1744
f 5643 1748 2414
f 6758 2852 5653
f 5642 2056 2415
f 6759 2853 5654
f 4887 2931 5930
f 4887 5930 7181
f 6787 3422 2417
f 6787 2417 3369
f 506 1769 2418
f 4722 2418 6713
f 1775 4712 2419
f 1775 2419 144
f 4082 5619 2420
f 6801 2420 5701
f 5693 6757 2421
f 5693 2421 624
f 155 2909 5684
f 155 5684 6785
f 3363 6667 2423
f 6699 5606 4698
f 3447 227 2424
f 1491 2892 4821
f 5697 6822 2425
f 5697 2425 4055
f 1077 2873 2426
f 1077 2426 5591
f 6688 5578 2427
f 1074 2427 5577
f 181 4728 2428
f 181 2428 2070
f 788 3971 2429
f 788 2429 3367
f 1502 4068 2430
f 1502 2430 6795
f 439 5699 2431
f 439 6777 5691
f 1278 1515 5676
f 1278 5676 6747
f 135 4758 2433
f 135 3437 4837
f 5708 1773 2434
f 5708 2434 6824
f 4823 2059 2435
f 4823 2435 5689
f 5659 2080 4078
f 503 4828 4063
f 2094 5723 2437
f 2094 2437 4109
f 1098 5660 2438
f 1098 2438 4077
f 4911 1196 2439
f 4911 2439 1827
f 998 5106 3489
f 998 3489 6717
f 589 1733 2441
f 589 2441 2897
f 5802 4009 6823
f 3519 4841 1512
f 7279 3577 3048
f 7279 3048 6076
f 6664 1100 2444
f 5716 2877 1294
f 6868 1844 2445
f 6868 2445 4169
f 6876 1845 2446
f 6876 2446 4172
f 1747 5674 2447
f 1747 2447 6767
f 1104 6850 4178
f 1104 4178 444
f 2041 6703 2449
f 2881 3997 3405
f 2047 4747 2450
f 2047 2450 4767
f 4831 2072 6810
f 4066 5690 1097
f 149 4739 2452
f 2880 5767 2089
f 1506 1783 2453
f 1506 2453 337
f 583 4014 2454
f 583 3998 3404
f 2042 4749 2455
f 5595 2886 4017
f 710 3408 2456
f 7180 5927 4886
f 845 3631 5982
f 845 5982 1570
f 4126 151 2458
f 1103 4951 3038
f 2093 260 2459
f 2093 2459 2883
f 6748 1090 5635
f 4750 4032 5569
f 107 4375 6896
f 107 6896 1810
f 5780 2885 2462
f 5780 2462 6907
f 593 3430 2463
f 6845 4274 2095
f 722 1615 3601
f 722 3601 7088
f 2064 6798 2465
f 2064 2465 4866
f 696 4824 2466
f 696 2466 1125
f 241 3503 2467
f 5783 6897 2120
f 919 5613 2468
f 6833 4144 1298
f 6829 2113 5735
f 2846 4842 6768
f 4182 157 2470
f 4992 3591 3073
f 7020 3452 5842
f 807 3980 2077
f 6755 2110 5648
f 4765 2895 911
f 6756 2109 5649
f 4029 2893 259
f 5768 1521 3589
f 6879 3074 1123
f 832 4219 2475
f 5668 2980 711
f 1488 5639 2476
f 1488 6735 5625
f 1739 952 2477
f 1739 2477 6708
f 5807 1314 6951
f 4190 4958 6711
f 2844 6692 4031
f 4843 3436 4282
f 5828 3628 2480
f 5828 2480 2938
f 932 4776 2481
f 7007 2915 2132
f 5670 3428 2482
f 6941 4890 5658
f 5029 4265 2483
f 4243 6999 1798
f 7051 1129 2484
f 7051 2484 6009
f 5858 4772 2485
f 5858 2485 3421
f 7022 5844 2486
f 5886 4216 1801
f 2155 5112 3646
f 2155 2898 6971
f 938 799 3076
f 938 3076 5794
f 1112 4916 2489
f 1112 6800 4869
f 1312 4931 2490
f 1312 2490 5821
f 1544 3573 2491
f 1544 2491 6942
f 1085 3454 2492
f 1085 2492 4021
f 7055 4235 2493
f 7055 5623 4247
f 6870 2058 5840
f 982 5054 4229
f 6924 1485 5811
f 4981 3620 4000
f 7053 3594 2496
f 7053 2496 5000
f 1268 4925 2497
f 5771 6840 2946
f 5993 7278 2498
f 5993 2498 3403
f 393 3464 2499
f 393 2499 4930
f 1333 5706 2500
f 1333 2500 5014
f 1514 5737 2501
f 1514 2501 3462
f 616 1498 2502
f 7190 6221 1878
f 6853 1789 4907
f 5722 4140 1305
f 1285 4075 2504
f 1285 2504 1781
f 698 5645 5086
f 698 5086 2950
f 1524 6883 2506
f 4142 4891 2156
f 1321 6885 2507
f 1321 4154 4878
f 3451 599 2508
f 699 5071 2940
f 1319 5742 2509
f 1319 2509 6873
f 1520 5743 2510
f 1520 2510 4935
f 7129 6035 2511
f 7129 2511 2907
f 447 5644 2512
f 4210 4963 1337
f 5992 7198 2513
f 5992 2513 2929
f 1865 4073 2514
f 1865 2514 334
f 1304 1087 2515
f 1304 2515 2170
f 248 4928 2516
f 7098 3599 5677
f 6011 7167 2517
f 6011 2517 4854
f 6014 7168 2518
f 6014 2518 4764
f 7153 5940 2519
f 7153 2948 6073
f 1808 812 2520
f 1808 2520 4080
f 7156 5948 2521
f 7156 2521 3484
f 701 6718 2522
f 4149 4877 969
f 956 3522 2523
f 956 2523 4153
f 4378 2974 2524
f 4378 2524 2951
f 7469 4386 3819
f 7469 3819 6338
f 7151 5987 2526
f 7151 2526 2209
f 704 3457 2527
f 5988 6990 4152
f 455 5880 2528
f 455 2528 5984
f 7176 6069 2529
f 7176 2529 3490
f 4461 3707 7394
f 6263 5344 3717
f 108 2916 2531
f 5719 6889 958
f 1833 5877 2532
f 1833 2532 7030
f 1823 5875 2533
f 1823 2533 7043
f 2160 7075 2534
f 2160 2534 5997
f 1595 3478 2535
f 5111 6002 1141
f 1821 6948 2536
f 1821 2536 6978
f 7175 3468 6096
f 3564 4912 6923
f 6054 3579 2538
f 6054 2538 2122
f 2165 7078 2539
f 2165 2539 5981
f 1864 7070 2540
f 1864 2540 5986
f 1323 6871 2541
f 1323 2541 5713
f 453 2960 2542
f 5882 6950 1609
f 6060 7271 2543
f 6060 2543 1308
f 853 5823 2544
f 6981 5007 464
f 467 4987 2545
f 467 2545 6039
f 2211 4839 2546
f 2211 2546 52
f 618 2971 2547
f 6919 4224 1328
f 1348 7008 2548
f 1348 2548 6820
f 1513 6912 2549
f 1513 2549 4908
f 1606 2273 2550
f 1606 2550 4397
f 4414 1130 2551
f 4414 2551 3879
f 1157 5954 7334
f 1157 7334 1613
f 4241 6903 2553
f 4997 3595 1145
f 1329 4978 2554
f 3600 4226 2214
f 1318 4135 2555
f 1318 2555 4885
f 542 4957 2556
f 542 2556 4892
f 1311 4137 2557
f 1311 2557 6855
f 1317 4876 2558
f 1317 2558 4158
f 1109 4956 2559
f 3533 2559 4949
f 7207 6028 2560
f 5976 3562 1530
f 1131 4977 2561
f 3593 5789 345
f 1849 7087 2562
f 5025 4255 2198
f 191 1357 5200
f 191 2993 5650
f 4194 597 2564
f 3586 2564 513
f 413 5231 4433
f 413 4433 1377
f 6079 3470 2566
f 6079 2566 7224
f 7213 5224 2567
f 7213 2567 4322
f 6264 1964 7413
f 4442 3756 5190
f 193 2196 2569
f 4270 4999 7272
f 7281 6074 2570
f 6090 3673 1545
f 6102 7233 2571
f 6102 2571 1891
f 6101 7235 2572
f 6101 2572 1892
f 5211 6991 2573
f 7414 2573 6100
f 1896 3007 2574
f 1896 2574 619
f 5171 2987 2575
f 6837 2575 3034
f 3649 465 2576
f 1562 3120 4118
f 1117 2990 2577
f 7142 4316 3450
f 4532 3755 7489
f 6267 5350 3750
f 6256 5337 7345
f 6256 7345 3665
f 3420 2125 5850
f 7035 5040 5862
f 1325 3410 2581
f 4948 6905 4121
f 414 5208 2582
f 7314 6258 3719
f 5932 3427 5084
f 7081 4302 1938
f 7102 1857 5955
f 5076 3644 5878
f 7099 2140 5949
f 5065 3642 5889
f 5937 2920 5095
f 7097 3683 856
f 7110 1847 6006
f 1111 4295 5922
f 6984 1820 5851
f 5023 3612 5906
f 6980 2126 5841
f 4263 3610 5909
f 5102 6902 2590
f 1848 2590 5784
f 4340 3143 7415
f 4340 7415 5362
f 5006 3604 5846
f 6900 3099 2172
f 4249 3524 5845
f 6884 5004 2173
f 380 3552 2594
f 7174 4214 4808
f 3068 2240 6152
f 5110 4314 2148
f 1553 6976 2596
f 1553 2596 4364
f 7101 2157 5953
f 638 4927 3636
f 7273 6144 2598
f 7273 2598 737
f 5368 4539 2599
f 5368 2599 1653
f 114 7204 6128
f 114 6128 7251
f 6129 2209 2601
f 7252 3059 2238
f 5369 4550 2602
f 5369 2602 1893
f 3608 5038 6927
f 5800 4233 5037
f 547 5169 2604
f 4315 6047 1591
f 1154 6071 2605
f 4933 3634 4359
f 1046 4547 6139
f 1046 6139 3760
f 1910 4457 2607
f 1910 2607 7256
f 1552 3458 2608
f 4227 2608 4934
f 4406 1885 2609
f 3803 2609 4937
f 1140 5854 6882
f 4228 3583 980
f 1913 6153 2611
f 1913 2611 5990
f 5365 4477 2612
f 5365 2612 3877
f 627 1351 7266
f 3089 6059 844
f 987 6911 2614
f 5016 5944 2223
f 1288 6814 2615
f 4872 2615 1592
f 1637 7283 2616
f 1637 2616 7120
f 1585 5963 2617
f 1585 2617 5947
f 1850 5960 2618
f 1850 2618 5946
f 843 1177 5287
f 843 5287 7250
f 7291 3092 2620
f 6151 2620 1914
f 6166 7317 2621
f 488 5302 7418
f 7294 6162 2622
f 6046 3643 1582
f 7363 3574 2623
f 7363 2623 4484
f 1881 7143 2624
f 1881 2624 5943
f 7364 3577 2625
f 7364 2625 4493
f 478 2002 3843
f 478 3843 4452
f 6526 7689 3823
f 6526 3823 3279
f 3836 1051 2628
f 3836 2628 1638
f 7320 2249 2629
f 7320 2629 6188
f 836 7059 2630
f 836 2630 3746
f 4514 7319 2631
f 3082 6217 834
f 79 1183 2632
f 5282 4391 2199
f 5317 6207 2633
f 7341 2633 3060
f 971 5876 7328
f 3088 6230 834
f 4203 3731 2635
f 7205 5212 3640
f 2255 7014 2636
f 2255 2636 1291
f 570 3693 2637
f 570 2637 4395
f 3585 5037 2638
f 873 2638 4396
f 271 1795 2639
f 271 2639 2250
f 1332 5177 2640
f 6145 7282 5024
f 35 1922 2641
f 4366 7211 1008
f 4651 3942 7734
f 4651 7734 6584
f 5335 3042 2643
f 851 3668 5870
f 409 2349 2644
f 409 2644 5027
f 5342 3101 2645
f 7437 6348 1920
f 1166 5863 2646
f 7041 2646 4348
f 530 1170 2647
f 530 2647 4238
f 1884 110 2648
f 1884 2648 3604
f 5197 3763 6398
f 1009 4218 3121
f 5351 3218 2650
f 7384 2650 3772
f 2252 4525 5274
f 2252 5274 3657
f 490 3558 2652
f 490 2652 3706
f 6305 3130 2653
f 6305 2653 7400
f 5732 892 2654
f 1176 2654 1940
f 7457 3131 2655
f 7457 2655 5354
f 371 3165 4545
f 6428 5493 1729
f 7060 2308 4355
f 5074 3702 3153
f 6205 7247 2658
f 6205 2658 2266
f 6003 7149 2659
f 6003 2659 712
f 1194 2242 2660
f 1194 2660 4399
f 6000 7147 2661
f 6000 2661 615
f 1620 2244 2662
f 1620 2662 4400
f 6346 2203 2663
f 7516 5250 6351
f 1526 3588 2664
f 1526 7058 3185
f 554 3124 5089
f 3675 4312 5100
f 1656 1149 2666
f 7661 3181 5471
f 6496 5463 2667
f 1419 2667 2906
f 7423 6385 2668
f 7423 2668 2269
f 641 3126 2669
f 7436 6288 1672
f 6303 4220 2670
f 6303 2670 2306
f 7419 373 2671
f 1430 6485 3295
f 6536 4608 5399
f 6536 5399 4587
f 716 1626 2673
f 716 3575 1394
f 2331 3889 2674
f 2331 2674 655
f 6332 3187 2675
f 6332 2675 7509
f 6323 1956 2676
f 6323 2676 7473
f 1563 4606 6249
f 1563 6249 5468
f 7482 2296 2678
f 7482 2678 6331
f 6334 7159 2679
f 7452 2679 5194
f 3107 1645 2680
f 1167 3648 2271
f 566 3215 2681
f 7447 5430 3237
f 854 7393 2682
f 5547 6627 3873
f 471 4580 5386
f 471 5386 857
f 740 1889 2684
f 5094 3704 3332
f 4407 266 2685
f 4407 2685 5143
f 4581 5545 7697
f 4581 7697 3895
f 1605 4352 2687
f 5682 2687 5155
f 1984 5182 2688
f 1984 2688 909
f 7404 1640 6293
f 5206 4422 1191
f 7403 3663 6259
f 5207 4424 1382
f 6341 7552 2691
f 6341 2691 3128
f 4622 1436 2692
f 4622 2692 5437
f 6337 7486 2693
f 6337 2693 3148
f 4631 1437 2694
f 4631 2694 5457
f 1420 3881 2695
f 1420 2695 6184
f 1421 4542 2696
f 6181 2696 7350
f 98 3556 2697
f 98 2697 3827
f 97 1399 2698
f 4482 2698 5301
f 1972 3654 2699
f 5444 6596 4598
f 7464 1675 2700
f 7464 2700 6309
f 751 4389 2701
f 4161 7244 6065
f 7465 1676 2702
f 7465 2702 6315
f 4450 3670 7259
f 6187 5323 3682
f 766 3770 2704
f 766 3211 2320
f 546 1360 6373
f 546 6373 7632
f 622 1165 6366
f 622 6366 7642
f 1172 1986 2707
f 3728 4408 2299
f 565 1985 2708
f 3729 4409 2300
f 7453 1949 2709
f 7453 2709 6310
f 7458 1952 2710
f 7458 2710 6317
f 642 6290 5381
f 3267 3869 6460
f 996 6289 5376
f 3266 3875 6459
f 1224 7396 2713
f 1224 2713 4561
f 875 4357 2714
f 3815 3242 5113
f 7572 3237 6374
f 4571 3876 1226
f 3789 5141 2716
f 6537 4609 5398
f 10 5234 2717
f 10 2717 1694
f 2309 1005 2718
f 2309 2718 3192
f 5548 1702 2719
f 5548 2719 6606
f 7745 4659 3945
f 7745 3945 6633
f 1182 1969 2721
f 1182 2721 2316
f 1001 4466 2722
f 5395 6369 3730
f 491 5258 2723
f 4416 6358 1692
f 5500 7814 6622
f 5500 6622 4638
f 5501 7816 6620
f 5501 6620 4641
f 7639 5132 2726
f 7639 2726 6430
f 7177 3292 2727
f 1016 2727 2230
f 1417 5312 2728
f 1417 2728 5330
f 5504 4639 6623
f 5504 6623 7811
f 5505 4642 6621
f 5505 6621 7812
f 6560 4590 7739
f 3186 5236 5878
f 7428 1680 6298
f 212 4459 6085
f 7427 1681 6296
f 363 5248 6084
f 7545 4635 2734
f 7545 6164 5491
f 5496 6504 4654
f 3917 3323 1649
f 1156 3197 2736
f 1156 2736 3686
f 1026 4377 2737
f 6533 3908 5391
f 763 4368 2738
f 6535 3909 5387
f 1416 5311 2739
f 1416 2739 5336
f 1390 3214 2740
f 1390 2740 2245
f 1391 2246 2741
f 1391 2741 3213
f 118 1686 3761
f 118 3205 3710
f 6563 5393 7738
f 410 3786 7057
f 6562 5392 7742
f 365 3230 7056
f 7573 6417 2745
f 6409 3225 7540
f 7575 6414 2746
f 6410 3226 7542
f 560 2341 2747
f 7506 6352 3212
f 492 2343 2748
f 7505 6353 3769
f 220 2334 2749
f 6237 7380 1936
f 221 2333 2750
f 6238 7376 1935
f 11 2345 2751
f 6591 4605 5439
f 1193 4381 2752
f 3817 3245 5134
f 870 2357 2753
f 870 2753 4453
f 3948 5709 2754
f 3948 2754 5468
f 364 5161 2755
f 6593 7754 5440
f 7653 5511 2756
f 7653 2756 1699
f 5397 7184 2757
f 3892 4535 7647
f 6412 3787 2758
f 6412 2758 3812
f 6413 3845 2759
f 6413 2759 3891
f 2220 3877 6328
f 2220 6328 7744
f 897 4518 2761
f 7287 5273 253
f 725 5324 2762
f 6176 7307 2281
f 6437 3248 2763
f 6437 2763 7622
f 7589 5426 2764
f 7589 2764 6394
f 7598 3780 2765
f 7598 2765 6463
f 3647 3004 2766
f 7512 5408 4425
f 1201 3233 2767
f 7496 5402 4444
f 499 4526 2768
f 7533 3736 2022
f 3930 2011 4636
f 5415 3317 6483
f 3928 2013 4643
f 5416 3313 7663
f 111 6026 2771
f 7491 4634 2019
f 776 6292 2772
f 776 2772 3303
f 7606 6397 2773
f 5506 4667 6443
f 5469 4392 2774
f 6444 5499 7576
f 1438 3842 2775
f 1438 2775 6393
f 6641 4689 3951
f 6641 3951 7822
f 6645 7817 3952
f 6645 3952 4688
f 6419 2009 4685
f 5372 3302 1431
f 3905 5533 7729
f 3905 7729 4687
f 671 5286 2780
f 6561 7723 5489
f 1208 2005 2781
f 7630 6435 2383
f 3904 6628 4671
f 5345 3309 906
f 1673 3841 2783
f 1673 2783 6390
f 5406 4593 2784
f 7586 6407 1722
f 5528 6521 2785
f 7687 4551 5243
f 5527 6506 2786
f 7675 4552 5252
f 5521 6523 2787
f 5521 2787 7684
f 7646 6480 2788
f 6465 3880 5503
f 7645 6463 2789
f 6472 3886 7595
f 6534 3229 2790
f 6534 2790 3304
f 1917 5355 2791
f 1917 2791 4555
f 4576 1669 5367
f 7656 3847 5260
f 6513 3796 7671
f 5378 4560 1943
f 6449 1717 7624
f 5377 3284 1049
f 1718 7611 2795
f 1718 2795 5403
f 2008 5495 2796
f 2008 2796 6347
f 1052 5519 2797
f 3306 2797 1988
f 1249 4655 2798
f 1249 3910 5480
f 1248 4656 2799
f 1248 3920 5477
f 5405 6550 4618
f 1004 3321 4566
f 1666 5518 5905
f 7459 4594 3270
f 866 5409 2802
f 3938 4645 7715
f 748 5410 2803
f 3334 4640 7719
f 38 4632 2804
f 6415 7570 4508
f 495 4628 2805
f 7517 2805 6364
f 3820 4471 2806
f 4596 5353 2321
f 420 5556 2807
f 420 2807 5290
f 1223 5375 2808
f 7338 2808 3888
f 1235 2356 2809
f 1235 2809 2378
f 7676 6532 2810
f 7676 2810 3837
f 1058 3224 2811
f 1058 2811 2033
f 895 7616 5543
f 4574 3907 7617
f 773 7615 5539
f 4573 3913 6458
f 7716 3903 2814
f 7716 2814 6618
f 2006 6389 2815
f 2006 7513 4676
f 1705 6058 2816
f 3338 3944 2036
f 7726 6608 2817
f 7726 2817 3903
f 2347 3915 2818
f 2347 2818 1184
f 2394 3326 2819
f 2394 2819 124
f 301 3924 2820
f 301 2820 1146
f 7749 5424 2821
f 7749 2821 6615
f 6445 2024 7680
f 4670 5512 1716
f 6478 2028 7690
f 4669 5514 1715
f 1250 3336 2824
f 7798 4695 5535
f 1262 672 2825
f 1262 2825 3957
f 3982 2053 2826
f 5585 6696 1257
f 437 1744 2827
f 3967 2827 1483
f 433 5581 2828
f 433 2828 5580
f 333 6665 2829
f 6663 2829 1067
f 5561 580 3961
f 4703 3347 913
f 1251 5562 2831
f 1251 2831 4702
f 917 4721 2832
f 917 2832 4716
f 1252 5560 2833
f 6671 2833 1762
f 673 4708 2834
f 6678 5566 2049
f 1745 4769 2835
f 5614 6727 676
f 4041 1759 2836
f 4041 2836 6730
f 1069 4752 2837
f 6733 5601 4715
f 6734 1086 4822
f 582 3991 4751
f 40 1527 2839
f 40 2839 1529
f 787 5654 2840
f 787 2840 3960
f 2436 916 4828
f 2436 4828 503
f 258 3965 2842
f 6723 4773 3974
f 2410 3966 2843
f 2410 2843 169
f 578 4031 2844
f 578 2844 3990
f 2413 3968 2845
f 2413 2845 170
f 1264 2469 4079
f 1264 4079 5616
f 1499 1773 6813
f 1499 6813 5673
f 786 4036 2848
f 5631 6737 3376
f 2052 4709 2849
f 2052 2849 1256
f 6807 5685 2850
f 6807 2850 5661
f 1482 3374 2851
f 1482 2851 1066
f 2414 6758 2852
f 4045 4804 435
f 2415 6759 2853
f 4044 4805 378
f 138 2065 2854
f 138 5578 6688
f 1470 4725 2855
f 1470 2855 4717
f 5707 2072 2856
f 5707 2856 6822
f 674 2428 2857
f 674 3379 1777
f 6828 1515 2858
f 4755 4021 684
f 257 6725 2859
f 5593 3408 527
f 337 6715 2860
f 337 2860 6721
f 376 2412 2861
f 6706 5587 1736
f 1471 2429 5574
f 6790 4850 1749
f 924 4720 2863
f 924 2863 223
f 1495 6761 2864
f 4819 4057 681
f 1098 5660 6762
f 4820 4056 680
f 167 4744 2866
f 167 2866 6681
f 1076 1768 2867
f 4737 4008 1474
f 2069 678 2868
f 2069 2868 3361
f 2425 4107 2869
f 2425 2869 4055
f 1289 4809 2870
f 4106 6749 151
f 174 4770 2871
f 174 3422 4004
f 6815 2434 5698
f 791 4092 4856
f 172 2073 2873
f 4768 4006 2090
f 225 4734 2874
f 6832 5695 1780
f 1770 6799 2875
f 1770 2875 5710
f 780 4015 2876
f 780 2876 3997
f 4943 3476 2877
f 4943 2877 5716
f 696 4086 2878
f 5607 2878 4070
f 947 261 2879
f 947 2879 5584
f 6887 5767 2880
f 149 3443 1769
f 2041 3996 2881
f 2041 2881 3997
f 2454 1476 2882
f 2454 3998 583
f 1861 2459 2883
f 7449 6142 4214
f 4966 3614 2884
f 4966 2884 3612
f 1810 6896 4961
f 1810 4961 517
f 2455 2042 2886
f 2455 2886 4743
f 537 5067 2887
f 7273 6106 737
f 6932 4745 2888
f 6932 2888 3369
f 5816 1097 2889
f 5816 2889 7305
f 6934 5788 2890
f 4009 4952 5802
f 241 4754 2891
f 5783 6910 724
f 5810 1491 2892
f 5810 2892 7271
f 2473 912 2893
f 2473 2893 4029
f 2552 2096 2894
f 2552 2894 242
f 2472 4765 2895
f 2472 2895 375
f 6955 3409 2896
f 6955 2896 5820
f 1738 589 2897
f 3360 5686 2465
f 3646 6849 2898
f 3646 2898 2155
f 1275 4785 2899
f 1275 2899 6752
f 6954 1562 2900
f 6954 2900 4239
f 5824 6946 2901
f 5824 2901 4849
f 2046 1490 2902
f 2046 2902 6709
f 1278 6747 2903
f 1278 2903 5647
f 2048 4757 2904
f 2048 2904 4033
f 5639 2476 4799
f 4049 3433 806
f 397 3581 2906
f 6033 7114 3424
f 5915 7129 2907
f 5915 2907 1814
f 5913 7134 2908
f 5913 2908 1536
f 1270 3969 2909
f 1270 6796 5680
f 1083 4698 2910
f 1083 6797 5681
f 1790 175 2911
f 1790 2911 5665
f 1273 236 5890
f 1273 5890 7005
f 2075 6701 2913
f 2075 2913 945
f 2074 6700 2914
f 2074 2914 944
f 5914 7007 2915
f 5914 2915 7187
f 346 5662 2916
f 4973 6814 2615
f 5972 2108 2917
f 5972 2917 7161
f 390 1128 5809
f 390 5809 5101
f 6873 1319 5777
f 4935 4208 1520
f 5902 4788 2920
f 5902 2920 3426
f 7027 5912 2921
f 7027 2921 2532
f 5088 3426 2922
f 5088 2922 7046
f 1314 6846 2923
f 1314 2923 5807
f 952 2477 2924
f 4102 4852 7226
f 1836 4814 2925
f 1836 2925 802
f 133 4184 2926
f 3573 5762 2491
f 1782 5729 2927
f 4120 3464 2499
f 1280 1879 2928
f 1280 5670 2482
f 7077 5992 2929
f 7077 2929 3436
f 1485 6886 2930
f 1485 2930 5811
f 6009 2484 2931
f 6009 2931 7258
f 1514 6945 2932
f 4110 4888 1089
f 249 1603 2933
f 249 2933 5702
f 946 2501 2934
f 7001 5815 2518
f 6007 3423 2935
f 6007 2935 7260
f 825 1815 2936
f 825 2936 5840
f 5115 4274 2937
f 5951 4293 7010
f 5952 33 2938
f 5952 2938 7024
f 1178 4404 5231
f 1178 5231 3517
f 1840 699 2940
f 1840 2940 3474
f 449 3400 2941
f 6901 5700 1805
f 2486 5844 2942
f 2486 2942 6862
f 6885 2507 5786
f 3488 4835 703
f 3491 4740 2944
f 6883 5791 2506
f 998 6717 2945
f 6063 2945 7243
f 606 5771 2946
f 7094 4971 5678
f 7174 4808 2947
f 7174 2947 6086
f 2519 6098 2948
f 2519 2948 7153
f 351 6800 2949
f 4861 4043 6811
f 443 2505 2950
f 443 2950 4884
f 5174 4378 2951
f 5174 2951 2181
f 4905 1300 5675
f 391 4129 5705
f 6035 7260 2953
f 6035 2953 2511
f 50 3460 2954
f 6875 5740 3533
f 6045 7258 2955
f 6045 2955 3452
f 1497 3461 2956
f 4840 2956 2212
f 2546 52 2957
f 2546 4072 609
f 1322 1868 2958
f 1322 2958 6805
f 6836 1750 4897
f 3497 4112 5667
f 611 3492 2960
f 6838 4898 1115
f 6872 5736 2961
f 340 2961 2141
f 6034 2169 2962
f 6034 2962 7204
f 2116 49 2963
f 2116 2963 4832
f 2160 7075 2964
f 2160 2964 5958
f 4393 1869 2965
f 4393 2965 6113
f 1847 7067 2966
f 1847 2966 5966
f 5701 6801 2967
f 816 2967 2196
f 7191 3677 2968
f 6066 4322 7213
f 2126 5830 2969
f 2126 2969 6980
f 2437 4109 2970
f 2437 2970 1779
f 1811 517 2971
f 1811 2971 2547
f 739 5109 2972
f 7071 5984 2528
f 1579 4263 2973
f 7038 2973 978
f 190 1327 6057
f 190 6057 1851
f 1328 4224 2975
f 1328 2975 3597
f 5192 7144 2976
f 5192 2976 1398
f 7066 1825 4960
f 505 4172 4880
f 7063 1785 4954
f 161 4169 4882
f 158 4181 2979
f 5263 6253 4328
f 2475 5668 2980
f 2475 2980 2223
f 2121 3572 2981
f 2121 2981 783
f 1147 972 2982
f 1147 2982 4817
f 36 3666 7196
f 5069 4180 7389
f 1789 5713 2984
f 1789 2984 6853
f 5911 1301 2985
f 5911 2985 1664
f 6927 1151 2986
f 2603 2986 1118
f 192 1586 7197
f 192 3514 6817
f 6865 1318 4885
f 5752 4132 4906
f 6866 1317 4158
f 5753 3537 4908
f 1897 2577 2990
f 1897 2990 470
f 1326 1551 2991
f 1326 2991 4071
f 6855 2557 5720
f 4159 3525 720
f 5200 191 2993
f 2563 3548 4385
f 1373 451 2994
f 1373 2994 4932
f 1561 1116 6093
f 1561 6093 4183
f 5856 935 2996
f 1568 7269 2203
f 4447 865 2997
f 4447 2997 5309
f 47 4144 2998
f 5797 4977 1131
f 1127 1575 2999
f 1127 2999 5623
f 48 4141 3000
f 5798 4975 1132
f 823 3534 3001
f 5066 5921 1573
f 956 4153 3002
f 7012 5916 1571
f 194 3521 3003
f 194 3003 1824
f 5262 3647 3004
f 7472 6326 3818
f 6981 5903 3005
f 6981 3005 464
f 5057 5829 3006
f 32 3006 5953
f 831 5039 3007
f 831 3007 2574
f 1316 1574 3008
f 5620 3008 6732
f 3485 405 5145
f 7002 4375 107
f 7043 1823 5874
f 5044 4258 5857
f 7030 1833 5871
f 5036 4256 5861
f 5880 2528 5146
f 7003 4374 106
f 4895 5746 3013
f 1091 6903 4241
f 6118 990 3014
f 6118 3014 7416
f 685 4915 3015
f 5900 3410 1829
f 1585 5947 7037
f 1585 7037 1886
f 7239 2179 3017
f 7239 3017 6148
f 4296 2485 5893
f 7052 5059 5610
f 4283 2128 5888
f 7035 5055 1576
f 7102 2184 5974
f 5076 3655 705
f 7099 4090 5962
f 5065 3652 1152
f 5932 2137 5092
f 7081 3679 1583
f 53 5021 3023
f 7201 6015 5096
f 7116 1864 6008
f 1303 5050 5901
f 54 5020 3025
f 7200 6013 5097
f 7112 2165 5999
f 5079 4286 5904
f 6965 2119 5834
f 3617 4265 1336
f 7233 6133 3028
f 7233 3028 2571
f 6978 2536 5836
f 5031 4267 1345
f 7235 6134 3030
f 7235 3030 2572
f 6984 2192 5852
f 5023 4253 1835
f 2516 399 3032
f 3599 3032 469
f 56 1854 3033
f 56 3033 4003
f 6107 6837 3034
f 6107 3034 3576
f 338 4912 3035
f 7175 4212 4807
f 1073 5717 3036
f 1073 5994 5102
f 6884 973 4919
f 4249 3613 534
f 2224 1103 3038
f 2224 3038 5804
f 605 2512 3039
f 605 3039 4891
f 4455 5191 3040
f 6361 7498 1242
f 958 1895 3041
f 958 3041 6893
f 4386 6271 3042
f 270 7420 2253
f 4128 5957 3043
f 7206 3043 6002
f 6135 7462 3044
f 6135 3044 3554
f 1565 5792 3045
f 5001 3045 4166
f 5026 3570 3046
f 1553 4193 6976
f 1308 6060 3047
f 5967 5105 7152
f 7297 5303 3048
f 7297 3048 3484
f 1120 6061 3049
f 5894 5030 7160
f 7294 3643 6046
f 354 4367 5126
f 995 6074 3051
f 995 3051 2248
f 599 3451 3052
f 599 5018 4250
f 2098 2448 3053
f 5855 3594 7053
f 1859 4463 7299
f 1859 7299 4333
f 475 6117 7267
f 475 6115 1631
f 2104 6953 3056
f 2104 3056 4947
f 1813 540 3057
f 1813 3057 5728
f 4324 953 3058
f 2502 3058 242
f 2601 6129 3059
f 2601 3059 6120
f 713 4151 3060
f 713 3060 591
f 7263 5002 6062
f 1330 4934 4227
f 7262 3527 6070
f 980 4304 3583
f 1599 5139 3063
f 1599 4307 2698
f 810 5925 7088
f 5017 4305 991
f 987 6911 3065
f 987 3065 6967
f 6128 7251 3066
f 2600 3066 4458
f 1543 1372 5284
f 1543 5284 7265
f 7292 3622 3068
f 7292 3068 6152
f 7295 6161 3069
f 7295 3069 3662
f 31 3539 3070
f 31 3070 2589
f 6178 7322 3071
f 6178 3071 4507
f 5305 4509 3072
f 5305 3072 7327
f 1136 4964 3073
f 1136 3073 4992
f 2474 408 3074
f 2474 3074 6879
f 2554 4978 3075
f 2554 3075 1772
f 2488 3705 3076
f 2488 3076 3419
f 7096 5939 3077
f 5043 3609 1546
f 7317 2621 3078
f 7317 3078 6186
f 6995 6024 3079
f 368 3079 3585
f 6996 2236 6026
f 842 3693 5038
f 345 5314 3081
f 345 7000 3593
f 4514 6217 3082
f 117 6997 3592
f 2262 5007 3083
f 2262 3083 80
f 7382 4972 3084
f 7382 3084 6232
f 4489 5253 3085
f 4489 3085 637
f 7326 4991 3086
f 7326 3086 6187
f 1340 4996 3087
f 1340 5959 4300
f 971 7264 3088
f 971 3088 7328
f 627 7266 3089
f 627 3089 7330
f 5282 3744 3090
f 6173 7311 1437
f 7286 3671 6087
f 4358 5162 860
f 7277 6157 3092
f 7277 3092 2622
f 5129 6856 3093
f 7281 6090 3673
f 411 7178 3094
f 5277 6174 3624
f 6190 1403 5322
f 4406 3803 2609
f 362 7390 6208
f 362 6208 1635
f 5321 2677 7335
f 6146 4467 3579
f 7272 4999 6163
f 3732 4402 7009
f 2592 394 3099
f 2592 3099 474
f 35 1642 3100
f 4366 5176 1008
f 5331 7298 3101
f 5331 3101 2645
f 951 1921 3102
f 951 3102 5000
f 7351 6216 3103
f 7351 3103 2252
f 687 2200 3104
f 7143 6050 1881
f 5343 1916 3105
f 7446 6351 1919
f 1000 3450 3106
f 7421 6246 1640
f 1167 2680 3107
f 4449 6432 3773
f 1889 740 3108
f 1889 3108 6918
f 558 1924 3109
f 558 3109 3557
f 7283 3632 5279
f 6153 4485 5081
f 5358 6288 3111
f 7434 3111 2011
f 2725 1685 3112
f 2725 3112 1411
f 877 3481 3113
f 877 3113 3789
f 4384 1332 5177
f 7119 3709 2305
f 7059 2630 4354
f 5073 3701 2688
f 1265 1794 3116
f 1265 3116 4445
f 1007 5178 3117
f 1007 3117 5977
f 856 3683 3118
f 4368 5154 763
f 3737 815 3119
f 1179 7247 2658
f 2576 81 3120
f 2576 3120 3649
f 2270 3708 3121
f 2270 3121 1009
f 2729 1453 3122
f 2729 3122 1646
f 1164 625 3123
f 1164 3123 4446
f 73 2251 3124
f 5357 6284 1239
f 1584 3731 3125
f 1584 3125 2618
f 2285 641 3126
f 2285 3126 1545
f 4587 5399 6574
f 4587 6574 7770
f 7441 6341 3128
f 7441 3128 1946
f 2274 3651 3129
f 2274 3129 4344
f 7473 2676 3130
f 7473 3130 6305
f 6331 2678 3131
f 6331 3131 7457
f 5897 3689 5107
f 7014 4317 5082
f 210 4987 3133
f 7360 6207 2269
f 6345 7521 3134
f 6345 3134 5148
f 6314 3700 3135
f 6314 3135 7476
f 2314 5158 3136
f 2314 3136 1233
f 644 5042 3137
f 7474 6299 908
f 1678 5158 3138
f 1678 3138 1977
f 6360 5183 3139
f 6360 3139 7523
f 6340 3719 3140
f 6340 3140 7477
f 253 7470 3141
f 253 3141 5273
f 4633 6507 7670
f 4633 7670 5464
f 6335 7468 3143
f 6335 3143 3716
f 1168 89 5383
f 1168 5383 7253
f 5424 6509 7686
f 5424 7686 2821
f 4578 7659 3146
f 4578 3146 3567
f 1948 3733 3147
f 1948 3147 1162
f 5404 6337 3148
f 5404 3148 3717
f 4429 267 3149
f 4429 3149 5156
f 7460 2619 3150
f 7460 3150 6427
f 1957 7529 3151
f 1957 3151 7422
f 197 5093 3152
f 3745 3152 1596
f 2319 5181 3153
f 2319 3153 1056
f 1444 5181 3154
f 1444 3154 1687
f 1006 2271 3155
f 1006 3155 1394
f 7486 5395 3156
f 7486 3156 2693
f 746 2248 3157
f 7452 6334 2679
f 747 4933 3158
f 7450 6321 1670
f 407 3723 3159
f 4420 5225 3640
f 468 3724 3160
f 4419 5224 3641
f 6406 7549 3161
f 6406 3161 3797
f 1668 4569 3162
f 1668 3162 5346
f 4477 6968 3163
f 888 3163 6304
f 6403 7553 3164
f 6403 3164 3798
f 2201 4970 3165
f 2201 3165 2656
f 2551 4969 3166
f 2551 3166 2277
f 6457 7669 3167
f 6457 3167 4428
f 1191 1939 3168
f 6036 5189 878
f 1382 1941 3169
f 6037 5190 855
f 6455 7668 3170
f 6455 3170 5230
f 984 5325 3171
f 6110 7261 2663
f 2241 3739 3172
f 2241 3172 1139
f 1949 2700 6309
f 1949 6309 7453
f 1952 2702 6315
f 1952 6315 7458
f 7535 6343 3175
f 7535 3175 3918
f 1933 6228 3176
f 1933 3176 6224
f 1932 6229 3177
f 1932 3177 6227
f 1628 3790 3178
f 1628 3178 6124
f 2235 4462 3179
f 2235 3179 7257
f 120 3887 3180
f 5374 4543 1929
f 5462 7388 3181
f 5462 3181 3853
f 3851 2324 6198
f 7493 5204 837
f 3850 2323 6202
f 7488 5223 880
f 654 4452 3184
f 654 3184 3791
f 697 2253 3185
f 697 3185 7223
f 9 5236 3186
f 9 3186 1983
f 3763 7442 3187
f 7580 3187 6332
f 17 5149 3188
f 6585 7746 5444
f 1682 1973 3189
f 1682 3189 1980
f 1237 1695 3190
f 1237 3190 1447
f 1726 6262 4646
f 1726 4646 524
f 1906 2718 3192
f 3740 4389 7208
f 6396 3852 3193
f 6396 3193 3865
f 1165 3802 3194
f 1165 3194 264
f 755 2329 3195
f 755 3195 3765
f 762 4345 3196
f 6539 3911 5390
f 4434 1156 3197
f 2268 3197 91
f 24 1982 3198
f 24 3198 5251
f 25 2317 3199
f 25 3199 5249
f 874 2330 3200
f 874 3200 3762
f 4679 2001 3201
f 4679 3201 5516
f 7555 6383 3202
f 1182 6168 2316
f 1407 5188 3203
f 1407 3757 1978
f 1408 5187 3204
f 1408 3760 2312
f 2742 118 3205
f 2742 3205 4470
f 2335 4349 3206
f 2335 3206 359
f 4437 5228 3207
f 1385 3207 5214
f 6543 5388 7757
f 883 3782 4335
f 4436 5227 3209
f 1024 3209 5216
f 1409 2602 3210
f 1409 4421 6032
f 2704 7237 3211
f 2704 3211 766
f 1680 7506 3212
f 1680 3212 6275
f 626 1391 3213
f 3794 3213 7218
f 366 1390 3214
f 3795 3214 7209
f 1195 3814 3215
f 1195 3215 2607
f 1405 2599 3216
f 1405 4418 6030
f 11 5163 3217
f 6591 7747 5439
f 1935 7376 3218
f 1935 3218 7398
f 1936 7380 3219
f 1936 3219 7397
f 4668 5548 6606
f 4668 6606 5541
f 4663 5555 6612
f 4663 6612 5541
f 1218 7371 3222
f 1218 3222 3872
f 757 3781 3223
f 757 3223 2328
f 7711 3927 4686
f 7711 4686 6624
f 2745 7573 3225
f 2745 3225 7484
f 2746 7575 3226
f 2746 3226 7483
f 1220 7375 3227
f 1220 3227 3864
f 1681 7505 3228
f 1681 3228 6296
f 7612 6534 3229
f 7612 3229 2342
f 2744 3788 3230
f 2744 3230 365
f 1038 7395 3231
f 1038 3231 1228
f 1623 2755 3232
f 1623 3232 2743
f 1915 2767 3233
f 1915 3233 5244
f 2002 478 7579
f 2002 7579 772
f 460 5326 3235
f 6175 7306 2280
f 1920 6348 3236
f 3832 3236 7259
f 2348 7572 3237
f 2348 3237 5430
f 2007 7571 3238
f 2007 3238 5436
f 6431 7569 3239
f 6431 3239 7590
f 6447 3707 3240
f 6447 3240 7642
f 573 6382 3241
f 5434 4518 3838
f 5529 7813 6635
f 5529 6635 4680
f 3824 6022 5310
f 6154 4506 373
f 5526 7818 6636
f 5526 6636 4681
f 5525 4677 6639
f 5525 6639 7820
f 5524 4678 6640
f 5524 6640 7823
f 664 3950 3247
f 664 3247 2722
f 7601 6437 3248
f 7601 3248 6422
f 765 3949 3249
f 765 3249 2723
f 4494 5218 3250
f 6438 7594 1719
f 6452 1721 7604
f 3829 4541 6194
f 5532 7827 6644
f 5532 6644 4682
f 4689 7828 6647
f 4689 6647 3951
f 894 3826 3254
f 5467 4651 6584
f 5530 4683 6648
f 5530 6648 7827
f 4688 3952 6650
f 4688 6650 7828
f 771 1464 3257
f 7602 6423 1723
f 4596 2321 6170
f 7588 5473 1467
f 7632 3778 3259
f 7632 3259 6373
f 116 1679 3260
f 7605 5469 2774
f 2019 4634 3261
f 6379 5479 3856
f 2018 4635 3262
f 6378 5482 3857
f 4540 1962 3263
f 5403 6330 1718
f 4544 6004 3264
f 6325 5396 1717
f 898 3844 3265
f 898 4526 2360
f 996 1406 7635
f 996 7635 2712
f 642 1211 7636
f 642 7636 2711
f 7702 2016 3268
f 7702 3268 6525
f 6484 7629 3269
f 6484 3269 4575
f 1044 7459 3270
f 6049 3270 4534
f 6510 2301 3271
f 6510 3271 7678
f 777 5519 3272
f 6294 7354 1725
f 6514 3855 3273
f 7679 3273 1712
f 7645 2789 6472
f 5458 4627 2385
f 7646 2788 6465
f 5456 4630 2384
f 7657 2705 3276
f 7657 3276 3852
f 7631 2759 6493
f 4595 5389 2369
f 5515 2758 7667
f 3916 4579 2296
f 5534 6526 3279
f 5534 3279 7671
f 7658 6517 3280
f 7658 3280 6502
f 6506 7694 3281
f 6506 3281 2786
f 5518 1215 3282
f 122 3282 2387
f 2035 5371 3283
f 2035 3283 1226
f 2794 5377 3284
f 2794 3284 1225
f 6521 7701 3285
f 6521 3285 2785
f 663 2525 3286
f 4656 5476 2799
f 1465 7578 3287
f 1465 3287 6375
f 761 1412 3288
f 4655 5474 2798
f 38 4632 3289
f 6415 7563 4523
f 1458 4626 3290
f 1458 3290 7524
f 1998 4470 3291
f 1998 3291 1455
f 779 2727 3292
f 5535 4673 6630
f 7616 5543 3293
f 2037 3293 5488
f 7615 5539 3294
f 1729 3294 5493
f 6524 7744 3295
f 6524 3295 3897
f 2033 1461 3296
f 2033 3296 2811
f 7561 2774 6405
f 5414 4611 2009
f 1702 5345 3298
f 1702 3298 2719
f 423 4568 3299
f 423 7184 2757
f 551 4565 3300
f 551 7186 2017
f 6548 7717 3301
f 6548 3301 5497
f 7698 3898 3302
f 7698 3302 5372
f 2356 2809 3303
f 2356 3303 3890
f 7756 2371 3304
f 7756 3304 6534
f 6578 7720 3305
f 6578 3305 3896
f 3862 2797 3306
f 3862 3306 372
f 6613 7753 3307
f 6613 3307 5496
f 6538 4586 3308
f 6538 3308 3874
f 2782 1724 3309
f 2782 3309 5345
f 2377 907 3310
f 2377 3310 7338
f 7713 5544 3311
f 7713 3311 6518
f 1062 6356 3312
f 1062 7433 3870
f 6565 7733 3313
f 6565 3313 3883
f 1974 4623 3314
f 1974 3314 4471
f 2023 124 3315
f 2023 3315 5380
f 6608 7735 3316
f 6608 3316 2817
f 6597 7732 3317
f 6597 3317 3893
f 6572 7696 3318
f 6572 3318 5416
f 7725 6619 3319
f 7725 3319 4562
f 6618 2814 3320
f 6618 3320 7767
f 2800 3923 3321
f 2800 3321 1004
f 7558 3919 5517
f 7558 4684 1699
f 2735 3917 3323
f 2735 3323 1376
f 6601 7704 3324
f 6601 3324 5415
f 6588 5460 3325
f 6588 3325 3894
f 841 3934 3326
f 841 3326 2394
f 299 3929 3327
f 299 3327 729
f 2802 5409 3328
f 2802 3328 630
f 1184 2818 3329
f 1184 3329 1459
f 1146 303 3330
f 1146 3330 2820
f 2773 7606 3331
f 2773 3946 7560
f 1709 3933 3332
f 1709 3332 866
f 1730 2399 3333
f 3953 4696 7804
f 748 1459 5549
f 748 5549 2803
f 1715 5514 3335
f 1715 3335 4621
f 2039 6364 3336
f 2039 3336 1250
f 1716 5512 3337
f 1716 3337 4619
f 1705 2816 3338
f 5552 4672 3943
f 5558 1731 3339
f 5558 3339 2045
f 676 6727 3340
f 676 3340 6663
f 1260 3992 3341
f 6708 5581 433
f 1067 2829 3342
f 1067 5562 6675
f 782 3954 3343
f 5565 6673 2050
f 672 1262 5618
f 672 5618 6728
f 6682 1742 5568
f 3966 4711 784
f 6683 2049 5570
f 3968 4714 785
f 2830 781 3347
f 2830 3347 4703
f 915 4709 3348
f 6679 5567 1742
f 156 6784 3349
f 156 3349 6671
f 2840 155 6785
f 2840 6785 5654
f 1086 6777 3351
f 1086 3351 4822
f 147 4707 3352
f 5642 6759 2415
f 148 4710 3353
f 5643 6758 2414
f 2412 673 3354
f 2412 3354 2861
f 170 2845 3355
f 6695 5592 1076
f 169 2843 3356
f 6694 5591 1077
f 434 4037 3357
f 5636 6740 2078
f 44 6687 5575
f 44 4725 6686
f 2854 2065 3359
f 2854 3359 507
f 4862 5686 3360
f 4862 3360 2500
f 180 2069 3361
f 180 3958 1503
f 1075 4829 3362
f 1075 3362 5657
f 585 4718 3363
f 585 3363 2423
f 5622 1486 6776
f 4753 4055 2869
f 43 3988 3365
f 43 5560 2406
f 6822 2856 3366
f 6822 3366 2425
f 1765 4719 3367
f 1765 3367 165
f 6824 2434 3368
f 6824 3368 1289
f 2082 675 4875
f 2082 4875 797
f 435 4804 3370
f 5637 6761 939
f 378 4805 3371
f 5638 3371 6762
f 1256 2849 3372
f 5588 4742 2882
f 6789 2066 5685
f 4717 3979 2855
f 922 2851 3374
f 6894 5723 2094
f 274 3972 3375
f 5716 4865 1294
f 1488 5639 3376
f 1488 3376 6737
f 163 3991 3377
f 163 3377 2862
f 2059 6769 3378
f 2059 3378 5669
f 2857 674 3379
f 2857 3379 6714
f 2858 2095 5765
f 2858 5765 6828
f 259 2115 3381
f 6760 5688 1512
f 681 4819 3382
f 7135 5763 4917
f 680 4820 3383
f 7118 5761 4924
f 4926 6879 3384
f 4926 3384 1317
f 1549 5819 6966
f 1549 6966 2490
f 6850 2890 3386
f 6850 3386 4178
f 150 4736 3387
f 6890 5775 2098
f 511 4002 3388
f 511 3388 5601
f 1474 2450 3389
f 1474 3389 5586
f 1257 2090 3390
f 1257 3390 5585
f 6891 5782 3391
f 6891 3391 2089
f 114 1558 4206
f 114 5730 1396
f 792 1539 3393
f 792 3393 4001
f 261 2879 3394
f 261 3394 4727
f 2432 2867 3395
f 2432 3395 339
f 1746 4826 3396
f 5617 3396 4834
f 2073 2873 3397
f 2073 3397 679
f 520 4034 3398
f 520 3398 343
f 933 4005 3399
f 933 3399 389
f 693 1279 3400
f 693 3400 449
f 1259 6707 3401
f 1259 3401 2409
f 927 6749 3402
f 927 3402 6689
f 6938 5993 3403
f 6938 3403 1782
f 6736 1487 5628
f 929 4743 2886
f 1081 2881 3405
f 4782 5626 1277
f 2860 6715 3406
f 2860 3406 1505
f 1836 802 3407
f 1836 3407 377
f 2859 5593 3408
f 2859 3408 710
f 5813 2491 3409
f 5813 3409 6955
f 6962 5900 3410
f 6962 3410 1325
f 6956 5826 3411
f 6956 3411 5825
f 1784 4756 3412
f 1784 3412 601
f 5745 969 6892
f 598 4738 4140
f 375 4038 3414
f 6771 5651 4759
f 800 2100 3415
f 6764 5652 1084
f 6752 2899 5634
f 4795 4033 2048
f 1775 144 3417
f 1775 3417 4794
f 4189 5755 3418
f 5808 6914 4786
f 247 938 5794
f 247 5794 5077
f 962 5888 4283
f 962 4283 2580
f 4296 2485 3421
f 4296 3421 5035
f 2871 174 3422
f 2871 3422 6787
f 7065 967 3423
f 7065 3423 6007
f 2526 5987 3424
f 2526 3424 6033
f 1832 4953 3425
f 1832 3425 4221
f 235 292 7011
f 235 7011 5884
f 236 452 7013
f 236 7013 5890
f 1803 4011 3428
f 1803 3428 103
f 7026 5910 3429
f 7026 3429 2533
f 1508 593 3430
f 1508 3430 6781
f 607 5607 3431
f 7293 5334 1916
f 518 2842 3432
f 5989 6945 2932
f 2905 686 3433
f 2905 3433 4049
f 1781 2504 3434
f 1781 3434 1096
f 2075 1078 3435
f 2075 3435 4838
f 5956 7077 3436
f 5956 3436 7185
f 2433 6714 3437
f 2433 3437 135
f 1333 6904 3438
f 1333 3438 5773
f 2117 4051 3439
f 2117 3439 440
f 528 4028 3440
f 4808 6020 2947
f 438 4093 3441
f 438 3441 2847
f 916 4094 3442
f 916 3442 1766
f 2880 6887 5005
f 7018 5005 5837
f 4878 4154 3444
f 6852 5769 2083
f 5970 7078 3445
f 5970 3445 4058
f 5978 7199 3446
f 5978 3446 2132
f 1491 5810 3447
f 1491 6778 4092
f 1097 5816 3448
f 1097 6775 5690
f 6851 1520 5743
f 388 4871 4142
f 4336 2176 3450
f 4336 3450 1000
f 699 5071 3451
f 699 3451 5641
f 7134 6045 3452
f 7134 3452 2908
f 6873 2509 5747
f 4935 4171 2510
f 2937 5951 4293
f 2937 4293 6972
f 1093 4835 3455
f 1093 3455 4815
f 404 4817 3456
f 5613 3456 2468
f 783 2121 3457
f 783 3457 4818
f 4882 5853 3458
f 6930 3458 2608
f 1814 5881 3459
f 1814 3459 5033
f 1817 703 3460
f 1817 3460 2954
f 1808 5663 3461
f 1808 3461 1497
f 2146 4110 3462
f 2146 3462 134
f 2519 7123 3463
f 2519 3463 5940
f 2927 1782 3464
f 2927 3464 2151
f 6906 5779 3465
f 40 3465 1527
f 590 4798 3466
f 4177 6827 4851
f 342 4801 3467
f 4176 6819 4846
f 6018 7165 3468
f 6018 3468 4807
f 224 925 3469
f 6798 4853 2064
f 139 6042 7145
f 6043 7145 2566
f 6786 1496 3471
f 604 3471 5700
f 132 1561 3472
f 5756 6846 1314
f 946 4067 3473
f 7001 3473 5950
f 6871 4913 3474
f 341 3474 1840
f 1525 6872 3475
f 1525 4137 6878
f 7187 2915 3476
f 7187 3476 4943
f 2131 1121 3477
f 2131 3477 6773
f 2170 2535 3478
f 2170 3478 943
f 4970 3165 3479
f 5898 7154 1509
f 2916 5662 3480
f 2916 3480 2531
f 1111 5922 3481
f 4900 3481 4288
f 4477 6968 3482
f 4477 3482 2612
f 5946 7034 3483
f 351 3483 6800
f 6076 7156 3484
f 6076 3484 3048
f 5879 454 3485
f 5879 3485 5145
f 60 1774 3486
f 60 3486 2102
f 61 1293 3487
f 61 3487 1797
f 160 2111 3488
f 160 3488 2943
f 2440 5106 3489
f 2440 3489 510
f 5184 2529 3490
f 5184 3490 7126
f 159 4881 3491
f 159 3491 2944
f 2189 4116 3492
f 2189 3492 829
f 5201 6147 3493
f 5201 3493 4299
f 5126 4367 3494
f 1598 6017 7125
f 152 2101 3495
f 152 7379 5710
f 1825 5934 3496
f 1825 3496 5072
f 809 2164 3497
f 809 3497 4112
f 711 2980 3498
f 5104 4300 5959
f 6080 5186 3499
f 6080 3499 1627
f 1785 5935 3500
f 1785 3500 5070
f 7190 1878 5908
f 4810 4061 249
f 1361 7124 6019
f 5127 4363 353
f 1298 4134 3503
f 5604 4754 821
f 5605 2971 3504
f 950 6720 2113
f 6069 7245 3505
f 6069 3505 2529
f 4423 5147 3506
f 4423 3506 2600
f 1574 718 3507
f 1574 3507 3008
f 1571 5916 3508
f 5013 4257 709
f 1608 211 3509
f 1608 3509 4187
f 833 732 3510
f 833 3510 4874
f 1343 4855 3511
f 1343 3511 965
f 2134 826 3512
f 2134 3512 6809
f 6853 2984 4883
f 5722 4123 1305
f 7197 192 3514
f 2987 6078 2575
f 687 5869 3515
f 687 3515 4131
f 2613 5264 3516
f 7266 6059 3089
f 1601 4380 6094
f 1601 6094 7221
f 392 4877 3518
f 6877 5713 1323
f 796 4841 3519
f 796 7083 1507
f 2247 5263 3520
f 7264 6055 3088
f 1621 2228 3521
f 1621 3521 194
f 600 4897 3522
f 7008 5892 1348
f 453 4898 3523
f 5882 7015 1349
f 1611 534 3524
f 1611 3524 2276
f 2992 4159 3525
f 2992 3525 954
f 1124 1809 3526
f 1124 3526 4204
f 6109 7359 3527
f 6109 3527 1880
f 102 7072 3528
f 102 3528 2946
f 450 4918 3529
f 5899 6959 4895
f 7234 2144 3530
f 7234 3530 4309
f 7043 2533 5928
f 5044 4262 1342
f 7030 2532 5924
f 5036 4260 1148
f 1109 5740 3533
f 1109 3533 2559
f 2171 3001 3534
f 2171 3534 694
f 1856 459 3535
f 1856 3535 4159
f 113 4236 3536
f 6129 7252 3059
f 2989 4902 3537
f 2989 3537 70
f 7108 2160 5997
f 1301 4291 5911
f 6973 2901 5839
f 5029 4243 6999
f 1763 4393 6113
f 1763 6113 7304
f 7116 1864 5986
f 1303 5060 5901
f 7112 2165 5981
f 5079 4294 7048
f 2194 349 3543
f 2194 3543 4114
f 7291 2620 6151
f 5109 4313 739
f 957 4954 3545
f 957 3545 4879
f 2213 7227 3546
f 2213 5983 7117
f 2130 456 3547
f 2130 3547 6865
f 7270 2563 3548
f 7270 3548 6225
f 706 4960 3549
f 706 3549 2143
f 958 1895 3550
f 958 3550 6889
f 966 4893 3551
f 966 3551 62
f 4166 828 3552
f 2188 3552 380
f 1073 5717 3553
f 1073 6902 5102
f 7278 3044 3554
f 7278 3554 2498
f 1550 2124 3555
f 6011 7105 4854
f 991 4305 3556
f 991 3556 5235
f 5917 3109 3557
f 33 5056 2938
f 5918 2652 3558
f 32 5057 3006
f 6144 7241 3559
f 6144 3559 2598
f 446 4193 3560
f 6862 5781 2486
f 6863 5704 3561
f 5792 3561 3045
f 2560 5977 3562
f 2560 3562 7207
f 2461 4577 6131
f 6896 6131 4375
f 3035 4912 3564
f 3035 3564 4976
f 6134 7290 3565
f 6134 3565 3030
f 1153 1805 3566
f 1153 3566 4229
f 406 1876 7254
f 406 7254 5146
f 868 395 3568
f 868 3568 1879
f 1365 683 3569
f 1365 3569 1603
f 813 2537 3570
f 813 3570 5026
f 334 4863 3571
f 7021 5860 4980
f 387 2981 3572
f 7022 5886 4216
f 133 5762 3573
f 133 4074 1826
f 6180 4914 3574
f 6180 3574 7363
f 2673 716 3575
f 2673 3575 5075
f 6158 3034 3576
f 6158 3576 7366
f 5303 3048 3577
f 5303 3577 7364
f 6148 3017 3578
f 6148 3578 4220
f 974 541 7274
f 974 7274 6137
f 64 2118 3580
f 64 3580 3065
f 724 4941 3581
f 724 3581 1819
f 5280 7339 3582
f 5280 3582 1907
f 2610 4228 3583
f 2610 3583 981
f 2462 4199 3584
f 2462 3584 2097
f 873 2638 3585
f 873 3585 1456
f 4194 2564 3586
f 4194 3586 146
f 4188 145 3587
f 4188 3587 4750
f 7171 4128 5957
f 615 5091 6000
f 2474 5768 3589
f 2474 3589 408
f 540 3057 3590
f 540 3590 7137
f 2470 719 3591
f 2470 3591 4182
f 4152 6997 3592
f 1132 3592 2210
f 1131 2561 3593
f 1131 4225 6983
f 3053 5991 3594
f 3053 3594 2098
f 2553 4997 3595
f 2553 3595 588
f 539 4226 3596
f 539 3596 1887
f 538 4982 3597
f 538 3597 1381
f 2979 1110 3598
f 2979 3598 4181
f 2516 248 3599
f 2516 3599 3032
f 1329 4226 3600
f 5895 3600 7076
f 2464 4982 3601
f 5925 3601 7088
f 7095 5887 3602
f 5045 4237 1135
f 6191 4999 3603
f 6191 3603 5299
f 1534 1884 3604
f 1534 3604 5006
f 4 3011 3605
f 4894 3605 2973
f 3 3010 3606
f 3 3606 3031
f 1642 629 3607
f 1642 3607 5757
f 109 4940 3608
f 109 3608 6927
f 3077 4241 3609
f 3077 3609 62
f 2589 3070 3610
f 2589 3610 1299
f 6195 4211 3611
f 6195 3611 2683
f 2588 4966 3612
f 2588 3612 964
f 3037 101 3613
f 3037 3613 4249
f 2231 1511 3614
f 2231 3614 4966
f 1335 6931 5968
f 1335 5968 4390
f 1804 4391 5971
f 1804 5971 4239
f 523 3027 3617
f 523 3617 2580
f 26 3029 3618
f 26 3618 2225
f 356 5242 6120
f 7237 4458 3066
f 2495 4981 3620
f 2495 3620 142
f 5283 4406 3621
f 6172 7316 1436
f 7276 6156 3622
f 7276 3622 3069
f 1573 4259 3623
f 1573 3623 2562
f 5329 4280 3624
f 5329 3624 6250
f 526 2587 3625
f 526 3625 3024
f 1169 5310 7349
f 1169 7349 2697
f 3112 5829 3627
f 3112 3627 1685
f 3138 1977 3628
f 3138 3628 5828
f 6095 1834 7050
f 443 4223 4884
f 394 1126 3630
f 4278 3630 6922
f 100 2457 3631
f 4279 3631 6918
f 1637 7130 3632
f 1637 3632 7283
f 7408 6266 3633
f 7408 3633 2995
f 2605 5100 3634
f 2605 3634 4933
f 3122 4273 3635
f 3122 3635 1453
f 3154 1687 3636
f 3154 3636 4927
f 23 3019 3637
f 23 3637 2583
f 1271 3018 3638
f 1271 3638 1904
f 5678 1154 3639
f 2195 3639 87
f 2217 5225 3640
f 2217 3640 7205
f 2567 5224 3641
f 2567 3641 7203
f 2585 4994 3642
f 2585 3642 473
f 2622 6031 3643
f 2622 3643 7294
f 2584 4995 3644
f 2584 3644 961
f 266 1632 6108
f 266 6108 4407
f 2487 795 3646
f 2487 3646 5112
f 1209 1962 3647
f 1209 3647 2766
f 2680 1167 3648
f 2680 3648 7122
f 1562 3120 3649
f 1562 3649 2900
f 267 2591 6119
f 267 6119 4429
f 891 5749 3651
f 891 3651 5179
f 3021 5065 3652
f 3021 3652 5022
f 1922 416 3653
f 1922 3653 2641
f 1402 1924 3654
f 1402 3654 1972
f 3020 5076 3655
f 3020 3655 4268
f 7387 6246 3656
f 7387 3656 4248
f 6171 2252 3657
f 822 7240 1898
f 2288 953 3658
f 2288 3658 4921
f 5317 2633 7341
f 5804 4308 3038
f 86 4341 3660
f 86 3660 4323
f 85 4337 3661
f 85 3661 3137
f 1591 6047 3662
f 1591 5097 6013
f 7401 4292 3663
f 7401 3663 1957
f 7414 2573 3664
f 6212 3664 7343
f 7416 3014 3665
f 6210 3665 7345
f 735 7388 3666
f 735 3666 2169
f 3061 7086 3667
f 3061 3667 1330
f 2643 5335 7346
f 2643 7346 5307
f 2671 1665 3669
f 2671 3669 4271
f 6344 3236 3670
f 6344 3670 1613
f 1353 2665 3671
f 1353 3671 6087
f 7426 6316 3672
f 7426 3672 2677
f 2570 5090 3673
f 2570 3673 7281
f 641 5090 3674
f 7436 6291 4369
f 554 4312 3675
f 7435 6286 4371
f 1020 7068 3676
f 1020 3676 553
f 2614 2968 3677
f 2614 3677 6911
f 1164 5751 3678
f 1164 3678 1389
f 3022 4287 3679
f 3022 3679 412
f 2286 4180 3680
f 6262 5275 994
f 2631 4516 3681
f 2631 6217 4514
f 2261 6187 3682
f 2261 3682 6222
f 2586 4288 3683
f 2586 3683 1510
f 7064 5083 3684
f 623 3684 3062
f 1194 636 3685
f 1194 3685 218
f 7267 475 6115
f 5290 4478 2807
f 81 3120 3687
f 5960 3687 1850
f 82 5903 3688
f 5963 3688 1585
f 1816 5897 3689
f 4250 3689 5018
f 644 4039 3690
f 7474 6355 4365
f 624 2234 3691
f 7150 3691 6063
f 1128 531 3692
f 1128 3692 5809
f 3080 1457 3693
f 3080 3693 842
f 1589 74 3694
f 1589 3694 5868
f 2251 73 3695
f 2251 3695 5866
f 1952 7361 6220
f 1952 6220 2710
f 7330 3089 6235
f 4504 5324 725
f 2310 6301 3698
f 2310 3698 7492
f 7328 3088 6230
f 4505 5326 460
f 7509 2675 3700
f 7509 3700 6314
f 3115 562 3701
f 3115 3701 1689
f 2657 1690 3702
f 2657 3702 563
f 6319 7483 3703
f 6319 3703 1960
f 6357 7475 3704
f 6357 3704 1452
f 799 3076 3705
f 7192 5943 1881
f 1973 1057 3706
f 1973 3706 3189
f 7478 3067 3707
f 7478 3707 6447
f 214 2270 3708
f 214 3708 1395
f 3114 1597 3709
f 3114 3709 4360
f 430 1445 3710
f 6283 7445 1979
f 7499 6359 3711
f 7499 3711 4487
f 746 2248 3712
f 7452 6297 5194
f 1103 2224 3713
f 6001 3713 5098
f 1406 5437 7467
f 1406 7467 996
f 1386 5217 3715
f 1386 3715 4439
f 7521 6335 3716
f 7521 3716 3134
f 7522 5404 3717
f 7522 3717 4318
f 1556 5215 3718
f 1556 3718 4438
f 7523 3139 3719
f 7523 3719 6340
f 1941 1187 3720
f 1941 3720 3169
f 1939 1374 3721
f 1939 3721 3168
f 2208 1627 3722
f 2208 3722 4385
f 886 5138 3723
f 886 3723 407
f 1015 5136 3724
f 1015 3724 468
f 751 7244 3725
f 751 3725 7208
f 561 4434 3726
f 561 3726 4329
f 262 1604 3727
f 262 3727 6103
f 1172 4408 3728
f 6199 7352 1650
f 565 4409 3729
f 6204 7357 1654
f 7497 6311 3730
f 7497 3730 1688
f 83 4903 3731
f 83 3731 2635
f 1133 4402 3732
f 1133 3732 1870
f 84 3087 3733
f 84 3733 1948
f 2203 2663 3734
f 2203 3734 5058
f 240 5150 3735
f 240 3735 1905
f 6367 1454 3736
f 6367 3736 7533
f 1179 1901 3737
f 1179 3737 7247
f 1925 210 3738
f 1925 3738 4430
f 1644 851 3739
f 1644 3739 4448
f 6085 4459 3740
f 1906 3740 4389
f 1643 5178 3741
f 1643 3741 269
f 2294 2709 6310
f 2294 6310 7476
f 2295 2710 6317
f 2295 6317 7477
f 850 3090 3744
f 850 3744 4467
f 197 2685 5143
f 197 5143 3152
f 1434 1696 3746
f 1434 3746 3127
f 1008 5176 3747
f 1008 3747 3110
f 878 5189 3748
f 878 3748 7164
f 1629 1228 3749
f 1629 3749 557
f 7640 4372 3750
f 7640 3750 6470
f 4344 742 3751
f 198 5156 3149
f 1005 4424 3752
f 1005 3752 2718
f 7484 3225 6322
f 5255 4462 2235
f 1921 4431 3754
f 1921 3754 3102
f 7556 6531 3755
f 7556 3755 3096
f 2568 4442 3756
f 2568 3756 4089
f 3203 1407 3757
f 3203 3757 4473
f 7554 5412 3758
f 7554 4463 6159
f 1818 1229 3759
f 1818 3759 1161
f 3204 1408 3760
f 3204 3760 4474
f 2742 118 3761
f 2742 3761 7248
f 1694 874 3762
f 1694 3762 2717
f 7580 3187 3763
f 7580 3763 6398
f 555 3174 3764
f 555 5227 4436
f 1983 755 3765
f 1983 3765 3186
f 486 3173 3766
f 486 5228 4437
f 17 5166 3767
f 6585 4598 5444
f 16 5154 3768
f 6587 4599 5445
f 1681 7505 3769
f 1681 3769 6274
f 1894 2238 3770
f 1894 3770 5165
f 1933 6228 3771
f 1933 3771 6239
f 1932 6229 3772
f 1932 3772 6242
f 7581 6432 3773
f 5183 3773 6277
f 2316 869 3774
f 2316 3774 6168
f 221 4421 3775
f 6238 7368 1935
f 220 4418 3776
f 6237 7365 1936
f 1680 7506 3777
f 1680 3777 6298
f 6427 3150 3778
f 6427 3778 7632
f 2317 3199 3779
f 2317 3779 756
f 6422 3248 3780
f 6422 3780 7598
f 1982 3198 3781
f 1982 3781 757
f 3208 883 3782
f 3208 3782 2344
f 2751 762 3783
f 2751 3783 2345
f 2343 759 3784
f 2343 3784 4469
f 2341 758 3785
f 2341 3785 4468
f 2743 3232 3786
f 2743 3786 410
f 7574 4451 3787
f 7574 3787 6412
f 1027 3217 3788
f 1027 3788 2744
f 661 2326 3789
f 661 3789 2716
f 1022 2733 3790
f 1022 3790 4456
f 1923 5297 3791
f 1923 3791 654
f 88 5196 3792
f 7480 6349 1958
f 876 2325 3793
f 876 3793 3188
f 626 3213 3794
f 7325 5319 2259
f 366 3214 3795
f 7324 5320 2258
f 7584 6439 3796
f 7584 3796 4451
f 7669 6406 3797
f 7669 3797 3167
f 7668 6403 3798
f 7668 3798 3170
f 7575 3226 6410
f 5315 4498 6091
f 7573 3225 6409
f 5316 4499 6092
f 1943 5378 3801
f 1943 3801 7438
f 622 1165 3802
f 622 5611 1792
f 3095 726 3803
f 3095 3803 6147
f 2621 6166 3804
f 2621 4510 6150
f 112 6024 3805
f 7490 4635 2018
f 770 2236 3806
f 7544 5490 6165
f 206 1953 3807
f 206 3807 2357
f 6651 7800 4680
f 6651 4680 5529
f 6652 7799 4681
f 6652 4681 5526
f 6653 5525 4677
f 6653 4677 7803
f 6654 5524 4678
f 6654 4678 7802
f 7599 6412 3812
f 7599 3812 4480
f 1061 2399 3813
f 4626 3813 3290
f 205 2681 3814
f 205 3814 2293
f 6643 5532 4682
f 6643 4682 7826
f 7622 2763 3816
f 7622 3816 6480
f 6646 7824 4683
f 6646 4683 5530
f 7651 6491 3818
f 7651 3818 4383
f 7655 6490 3819
f 7655 3819 4386
f 426 2806 3820
f 7588 6401 1467
f 1039 5273 3821
f 1039 6397 7536
f 1042 1428 3822
f 5366 4523 6415
f 7608 5278 3823
f 7608 3823 6439
f 2249 2629 3824
f 2249 3824 5310
f 1679 374 3825
f 1679 3825 3260
f 2240 7288 3826
f 2240 3826 894
f 2026 2384 7621
f 2026 7621 6479
f 1715 7620 3828
f 1715 3828 4621
f 1207 3251 3829
f 1207 5301 4482
f 1716 7591 3830
f 1716 3830 4619
f 1919 4519 3831
f 1919 3831 5250
f 1920 4522 3832
f 1920 3832 3236
f 1918 4564 3833
f 1918 3833 5350
f 6656 7821 4691
f 6656 4691 7825
f 6657 7815 5531
f 6657 5531 7819
f 7786 6606 5541
f 7786 5541 6612
f 5520 6515 3837
f 5520 3837 7676
f 897 4515 3838
f 897 3838 4518
f 1566 976 3839
f 1566 3839 6279
f 1359 6280 3840
f 1359 3840 840
f 4544 2783 3841
f 6325 7471 2034
f 4540 2775 3842
f 5403 7479 2795
f 2626 4563 3843
f 5167 3843 4452
f 2781 667 3844
f 2781 3844 2005
f 6493 7656 3845
f 6493 3845 2759
f 2009 6419 3846
f 2009 3846 4611
f 6502 3280 3847
f 6502 3847 7656
f 1616 5344 3848
f 1616 3848 2183
f 7678 3271 3849
f 7678 3849 6477
f 369 6202 3850
f 369 3850 1967
f 217 6198 3851
f 217 3851 1966
f 7652 3276 3852
f 7652 3852 6396
f 1656 2666 6495
f 1656 6495 814
f 1419 2667 6496
f 1419 6496 4201
f 7692 4492 3855
f 7692 3855 6514
f 660 6379 3856
f 5527 7675 4552
f 497 6378 3857
f 5528 7687 4551
f 1465 7578 3858
f 1465 3858 6395
f 4547 5341 3859
f 6450 7610 2392
f 4548 5339 3860
f 6449 7627 2391
f 1927 4532 3861
f 1927 3861 637
f 1052 2797 3862
f 7466 4597 871
f 5905 1987 3863
f 2801 3863 123
f 1462 7385 3864
f 1462 3864 2390
f 1144 1926 3865
f 1144 3865 6396
f 6517 7682 3866
f 6517 3866 3280
f 2000 7248 3867
f 2000 3867 1703
f 1714 7559 3868
f 1714 3868 6387
f 6505 3267 3869
f 6505 3869 7682
f 115 2029 3870
f 5406 4549 2342
f 93 1713 3871
f 93 3871 5352
f 1463 647 3872
f 1463 3872 2389
f 6507 7650 3873
f 6507 3873 4633
f 7684 6538 3874
f 7684 3874 2787
f 6522 3266 3875
f 6522 3875 7689
f 2715 4571 3876
f 2715 3876 415
f 94 2220 3877
f 94 3877 5365
f 2656 2201 3878
f 7548 6391 1468
f 2277 2551 3879
f 7546 6389 1727
f 2788 6465 3880
f 2788 3880 6436
f 632 4560 3881
f 632 7157 2327
f 1460 4572 3882
f 1460 3882 367
f 7694 6565 3883
f 7694 3883 3281
f 1461 2388 3884
f 1461 3884 3296
f 1710 2642 3885
f 1710 3885 5300
f 2789 6472 3886
f 2789 3886 7590
f 4500 120 3887
f 4500 3887 7310
f 2025 3224 3888
f 2025 3888 7338
f 4501 7309 3889
f 4501 3889 119
f 1724 2356 3890
f 1724 3890 3309
f 6529 2759 3891
f 6529 3891 7717
f 7696 4535 3892
f 7696 3892 3318
f 7701 6597 3893
f 7701 3893 3285
f 7706 6588 3894
f 7706 3894 4554
f 6532 4581 3895
f 6532 3895 2810
f 5544 6578 3896
f 5544 3896 3311
f 96 3250 3897
f 96 3897 6524
f 6610 4674 3898
f 6610 3898 7698
f 7704 4538 3899
f 7704 3899 3324
f 7708 6530 3900
f 7708 3900 4574
f 1912 4517 3901
f 1912 3901 1014
f 7721 6544 3902
f 7721 3902 4573
f 6566 7726 3903
f 6566 3903 7716
f 6557 4671 3904
f 6557 3904 4648
f 5546 4687 3905
f 5546 3905 4659
f 2366 1004 3906
f 2366 3906 5379
f 7720 6555 3907
f 7720 3907 3305
f 7728 4591 3908
f 7728 3908 6533
f 7730 4592 3909
f 7730 3909 6535
f 2798 1249 3910
f 2798 3910 7530
f 7737 6539 3911
f 7737 3911 4589
f 7739 6543 3912
f 7739 3912 4590
f 7735 6554 3913
f 7735 3913 3316
f 2379 432 3914
f 2379 3914 896
f 549 2347 3915
f 549 3915 714
f 741 4613 3916
f 741 3916 3278
f 631 2735 3917
f 631 3917 304
f 1443 7535 3918
f 1443 3918 498
f 1995 7558 3919
f 6211 3919 2351
f 2799 1248 3920
f 2799 3920 7528
f 124 2394 6553
f 124 6553 2023
f 7709 4575 3922
f 7709 3922 6603
f 630 3328 3923
f 630 3923 2800
f 992 2682 3924
f 992 3924 301
f 1450 431 3925
f 1450 3925 4616
f 6614 4644 3926
f 6614 3926 4666
f 5554 4660 3927
f 5554 3927 4686
f 487 4610 3928
f 487 3928 4643
f 999 300 3929
f 999 3929 299
f 738 4601 3930
f 738 3930 4636
f 2774 6405 3931
f 2774 3931 7605
f 729 302 3932
f 729 3932 3327
f 1376 3323 3933
f 1376 3933 1709
f 2803 5410 3934
f 2803 3934 841
f 6619 5459 3935
f 6619 3935 3319
f 7526 6488 3936
f 6356 5511 3312
f 1197 4664 3937
f 1197 3937 854
f 866 1709 5550
f 866 5550 2802
f 1459 3329 3939
f 1459 3939 748
f 4628 2805 3940
f 1455 3940 6372
f 1250 5465 3941
f 7798 6630 5535
f 5553 6642 3942
f 5553 3942 4651
f 7791 4672 3943
f 6609 3943 4661
f 2816 1241 3944
f 2816 3944 3338
f 2720 1994 5555
f 2720 5555 6612
f 3331 2365 3946
f 3331 3946 2773
f 7778 4648 3947
f 7778 3947 6634
f 1173 5509 3948
f 1173 3948 297
f 1064 7690 3949
f 1064 3949 4649
f 1065 4650 3950
f 1065 3950 7680
f 7818 6647 3951
f 7818 3951 5526
f 7823 5524 3952
f 7823 3952 6650
f 7830 6661 3953
f 7830 3953 6662
f 1484 782 4700
f 1484 4700 1752
f 1070 6666 3955
f 1070 3955 2839
f 1479 580 3956
f 1479 3956 333
f 2045 913 3957
f 2045 3957 501
f 5576 180 3958
f 5576 3958 6701
f 1731 5558 3959
f 1731 3959 5559
f 1068 2832 3960
f 1068 3960 4707
f 2830 781 3961
f 2830 3961 5561
f 1252 2833 3962
f 1252 3962 4710
f 2831 4702 3963
f 2831 3963 1472
f 2050 4702 3964
f 2050 3964 1732
f 1741 258 3965
f 4697 3965 1267
f 504 3345 3966
f 504 3966 2410
f 437 2827 3967
f 6726 4774 2071
f 581 3346 3968
f 581 3968 2413
f 1475 6698 3969
f 1475 3969 5598
f 585 4718 3970
f 6699 3970 5579
f 6687 5575 3971
f 920 3971 5574
f 1082 3375 3972
f 1082 3972 500
f 6725 4712 3973
f 1481 3973 4736
f 928 3412 3974
f 928 3974 6723
f 381 3358 3975
f 381 3975 4718
f 2412 6678 3976
f 2412 3976 376
f 386 2453 3977
f 386 3977 2452
f 1276 5640 3978
f 1276 3978 6745
f 3373 164 3979
f 3373 3979 789
f 4726 256 3980
f 2471 3980 807
f 384 4761 3981
f 6700 3981 4728
f 6705 3390 5585
f 168 4705 2411
f 335 6667 3983
f 6795 5655 2430
f 165 3367 3984
f 6794 5657 3362
f 166 5571 3985
f 4749 6704 2455
f 169 4723 3986
f 6694 5582 1077
f 170 4724 3987
f 6695 5583 1076
f 1074 4731 3988
f 1074 3988 5577
f 2070 586 3989
f 2070 3989 2428
f 4701 2844 3990
f 6894 5814 1286
f 2838 582 3991
f 2838 3991 163
f 2403 1069 3992
f 2403 3992 164
f 228 1504 3993
f 4825 6769 3378
f 226 4741 3994
f 6830 5689 1779
f 1769 3443 3995
f 1769 3995 506
f 1259 6707 3996
f 5594 4744 167
f 2449 2041 3997
f 2449 3997 2876
f 2882 1735 3998
f 2882 3998 2454
f 1777 4802 3999
f 1777 3999 674
f 6888 5770 4000
f 6888 4000 1855
f 2459 3393 4001
f 2459 4001 260
f 2879 511 4002
f 2879 4002 3394
f 7298 2623 6155
f 461 4834 5617
f 795 1113 4004
f 6849 5696 1307
f 275 4798 4005
f 275 4005 933
f 2873 172 4006
f 2873 4006 4733
f 1123 3384 4007
f 1123 4007 6809
f 2867 173 4008
f 2867 4008 4737
f 6934 2890 4009
f 6934 4009 2079
f 2433 508 4010
f 2433 4010 4758
f 2466 935 4011
f 2466 4011 4824
f 678 4809 4012
f 678 4012 2868
f 2936 1815 4013
f 2936 4013 2058
f 931 4748 4014
f 6739 5630 4759
f 2047 4747 4015
f 6738 5629 4760
f 28 595 5012
f 28 5012 1743
f 502 5595 4017
f 502 4017 5627
f 579 3401 4018
f 5625 4018 6735
f 801 1740 5832
f 801 5832 6940
f 6957 2123 4020
f 6957 4020 5019
f 3380 4755 4021
f 3380 4021 1085
f 6960 5848 4022
f 6960 4022 5830
f 448 2124 4023
f 6869 4915 3423
f 1747 6746 4024
f 1747 4024 5646
f 800 4789 4025
f 6764 5647 2903
f 1506 5589 4026
f 1506 4026 143
f 2837 608 4027
f 2837 4027 4752
f 1274 528 4028
f 1274 4028 4751
f 686 2473 4029
f 686 4029 3433
f 2481 403 4030
f 2481 4030 4776
f 2479 4775 4031
f 2479 4031 578
f 2460 794 4032
f 2460 4032 4795
f 3416 4795 4033
f 3416 4033 1079
f 1292 1538 4034
f 1292 4034 3398
f 827 5641 4035
f 827 4035 3590
f 3344 1748 4036
f 3344 4036 4766
f 1745 2056 4037
f 1745 4037 4769
f 2895 375 4038
f 2895 4038 6757
f 2108 3661 5042
f 2108 5042 6922
f 139 682 4040
f 139 6043 7145
f 925 3469 4041
f 925 4041 1066
f 2871 4770 4042
f 2871 4042 675
f 2949 351 4043
f 2949 4043 5590
f 2415 2853 4044
f 2415 4044 4793
f 2414 2852 4045
f 2414 4045 4792
f 1776 6748 4046
f 1776 4046 940
f 3664 6255 5211
f 3664 5211 2573
f 3665 3014 5193
f 3665 5193 6256
f 177 2905 4049
f 177 4049 1800
f 914 4777 4050
f 914 4050 541
f 959 2117 4051
f 7198 5049 3530
f 1505 4781 4052
f 7181 6016 4887
f 710 4790 4053
f 7180 6021 4886
f 1269 1793 4054
f 4794 4054 5593
f 3364 5697 4055
f 3364 4055 586
f 2865 940 4056
f 2865 4056 4820
f 2864 939 4057
f 2864 4057 4819
f 7107 5973 4058
f 7107 4058 5970
f 377 3407 4059
f 6904 5706 1333
f 449 693 4060
f 6901 5738 1153
f 3501 4810 4061
f 3501 4061 346
f 1757 3350 4062
f 1757 4062 4805
f 1756 2841 4063
f 1756 4063 4804
f 7154 2237 4064
f 7154 4064 371
f 385 4789 4065
f 385 4065 2442
f 154 2451 4066
f 154 4066 5763
f 601 2129 4067
f 6971 4067 3473
f 1766 436 4068
f 1766 4068 3442
f 2847 584 4069
f 2847 4069 3441
f 1324 607 4070
f 1324 4070 4899
f 521 2991 4071
f 521 4071 2416
f 2957 515 4072
f 2957 4072 2546
f 1094 1865 4073
f 4740 4073 6765
f 3573 133 4074
f 3573 5725 1544
f 2086 4874 4075
f 2086 4075 1285
f 227 4833 4076
f 227 5671 3447
f 3383 4820 4077
f 3383 4077 153
f 2436 503 4078
f 2436 4078 5672
f 2846 4842 4079
f 2846 4079 6770
f 49 2520 4080
f 6874 5741 4892
f 40 1529 4081
f 40 6906 3465
f 223 924 4082
f 5687 6801 1767
f 2956 51 4083
f 2956 4083 3461
f 945 2913 4084
f 7123 6098 2519
f 944 2914 4085
f 7121 6097 2521
f 1306 4824 4086
f 1306 4086 548
f 2921 5912 4087
f 2921 4087 7085
f 1857 7028 4088
f 1857 4088 5955
f 7163 3756 5239
f 7163 5239 6085
f 1858 5926 4090
f 1858 4090 7104
f 2064 4853 4091
f 2064 4091 3003
f 2872 791 4092
f 2872 4092 4821
f 2422 4848 4093
f 2422 4093 4827
f 2063 4847 4094
f 2063 4094 4828
f 1749 5691 4095
f 1749 4095 1075
f 708 5609 4096
f 708 4096 1802
f 1821 6948 4097
f 1821 4097 5849
f 4969 3166 4098
f 5896 7155 1564
f 379 5573 4099
f 379 4099 977
f 1281 182 4100
f 1281 4100 4830
f 1864 7070 4101
f 1864 4101 6008
f 7165 6042 4102
f 7165 4102 3468
f 1507 7083 4103
f 1507 4103 268
f 1820 6952 4104
f 1820 4104 5851
f 336 2958 4105
f 7207 5976 3562
f 1289 4867 4106
f 1289 4106 2870
f 152 2088 4107
f 152 4107 6751
f 1774 3486 4108
f 1774 4108 244
f 731 1137 4109
f 731 4109 2970
f 1514 2932 4110
f 1514 4110 3462
f 1496 2103 4111
f 5650 4111 2993
f 2959 809 4112
f 2959 4112 1882
f 6921 3075 4113
f 821 4113 4754
f 545 2194 4114
f 545 4114 3016
f 2127 6802 4115
f 2127 4115 634
f 611 3449 4116
f 611 4116 3492
f 4791 5668 4117
f 5947 7090 2617
f 5867 1562 4118
f 707 7034 3483
f 2182 4811 4119
f 2182 4119 532
f 1782 3403 4120
f 1782 4120 3464
f 5820 6905 4121
f 64 4121 3065
f 103 2482 4122
f 7189 5945 1205
f 3513 5722 4123
f 3513 4123 819
f 803 4866 4124
f 803 4124 3514
f 790 2088 4125
f 790 4125 5690
f 1103 4951 4126
f 6001 7378 1868
f 2102 445 4127
f 2102 4127 3486
f 7206 3043 4128
f 7206 4128 5120
f 2952 391 4129
f 2952 4129 6821
f 470 2990 4130
f 470 4130 2569
f 1341 6811 4131
f 1341 4131 3515
f 2988 2202 4132
f 2988 4132 69
f 1844 4878 4133
f 1844 4133 2445
f 1809 3526 4134
f 1809 4134 1298
f 341 4870 4135
f 6871 5715 2541
f 2916 108 4136
f 2916 6814 346
f 3475 1525 4137
f 3475 4137 2557
f 797 5679 4138
f 797 5106 2440
f 1294 6844 4139
f 1294 4139 2043
f 2503 598 4140
f 2503 4140 5722
f 1812 6829 4141
f 1812 4141 48
f 1524 1845 4142
f 1524 4142 4891
f 7228 5238 4143
f 7228 4143 6132
f 2468 6833 4144
f 2468 4144 47
f 1797 442 4145
f 1797 4145 3487
f 1293 3487 4146
f 1293 4146 245
f 1519 2113 4147
f 1519 4949 3533
f 6111 7358 4148
f 6111 4148 1607
f 701 2522 4149
f 701 4149 6846
f 7236 2494 4150
f 7236 4150 5067
f 510 3489 4151
f 510 4151 713
f 1132 3592 4152
f 1132 4152 6990
f 2171 3002 4153
f 2171 4153 694
f 2507 4909 4154
f 2507 4154 1321
f 1109 6831 4155
f 1109 4155 4956
f 450 2135 4156
f 5899 7109 1830
f 1088 4840 4157
f 1088 4157 2185
f 2989 6866 4158
f 2989 4158 954
f 68 2992 4159
f 68 4159 1856
f 2130 5752 4160
f 2130 4160 456
f 3725 451 4161
f 3725 4161 7244
f 392 2522 4162
f 6877 4162 4913
f 187 970 7241
f 187 7241 6144
f 101 4919 4164
f 101 6912 5103
f 1854 3033 4165
f 1854 4165 401
f 2188 3552 4166
f 2188 4166 948
f 459 3418 4167
f 459 4167 3535
f 1842 5753 4168
f 1842 4168 602
f 2978 6868 4169
f 2978 4169 161
f 2168 446 4170
f 2168 4170 4909
f 3453 4910 4171
f 3453 4171 141
f 2977 6876 4172
f 2977 4172 505
f 1853 4899 4173
f 1853 4173 691
f 2880 2089 4174
f 2880 7018 5005
f 3410 1829 4175
f 3410 4175 2581
f 342 6819 4176
f 342 5793 3049
f 590 6827 4177
f 590 5812 3047
f 2448 3386 4178
f 2448 4178 3053
f 1312 4931 4179
f 1312 5746 3013
f 7196 5069 4180
f 7196 4180 3680
f 1315 4864 4181
f 1315 4181 3598
f 972 2982 4182
f 972 4182 3591
f 1841 6093 4183
f 1841 4183 4888
f 2498 7131 4184
f 2498 4184 4889
f 33 6857 4185
f 33 5917 3557
f 32 6858 4186
f 32 5918 3558
f 467 1608 4187
f 467 4187 4987
f 6848 145 4188
f 1308 5967 5105
f 66 3418 4189
f 66 4189 4942
f 65 3413 4190
f 65 4190 4958
f 399 6843 4191
f 399 5787 7073
f 930 4950 4192
f 930 4192 2099
f 3046 3560 4193
f 3046 4193 1553
f 6847 146 4194
f 1120 5894 5030
f 102 6840 4195
f 102 5784 7072
f 1895 109 4196
f 1895 4196 3041
f 979 620 4197
f 979 4197 2263
f 1819 3581 4198
f 1819 4198 2104
f 2885 814 4199
f 2885 4199 2462
f 1354 4955 4200
f 6917 4200 3595
f 1535 5382 4201
f 1535 4201 2120
f 7290 4896 4202
f 7290 4202 3565
f 989 2635 4203
f 989 4203 5068
f 2556 4892 4204
f 2556 4204 1350
f 349 3543 4205
f 349 4205 3615
f 3392 2243 4206
f 3392 4206 4938
f 246 4955 4207
f 246 4207 2478
f 2919 4935 4208
f 2919 4208 522
f 692 4934 4209
f 692 4209 2548
f 447 2512 4210
f 447 5792 3561
f 186 1763 7304
f 186 7304 1788
f 6167 5121 4212
f 6167 4212 7175
f 7170 2560 5977
f 712 5099 6003
f 6169 5116 4214
f 6169 4214 7174
f 408 3074 4215
f 6012 7120 1637
f 2486 5781 4216
f 2486 4216 7022
f 1550 6712 4217
f 6011 4217 7167
f 2649 4944 4218
f 2649 4218 1009
f 2087 4945 4219
f 2087 4219 63
f 6185 5261 4220
f 6185 4220 2670
f 1320 7054 4221
f 1320 4221 4916
f 966 5043 4222
f 966 4222 244
f 3629 5082 4223
f 3629 4223 443
f 2547 105 4224
f 2547 4224 6919
f 3593 1131 4225
f 3593 4225 7000
f 2554 1329 4226
f 2554 4226 3596
f 1552 2608 4227
f 5070 6027 3500
f 1140 2610 4228
f 5072 6025 3496
f 263 3566 4229
f 263 4229 1852
f 6177 7301 4230
f 6177 4230 4993
f 540 7137 4231
f 540 4231 6895
f 1609 6881 4232
f 1609 4232 1349
f 2603 109 4233
f 2603 4233 2257
f 878 5198 4234
f 878 4234 7164
f 1523 7055 4235
f 1523 4235 4936
f 3056 1101 4236
f 3056 4236 4947
f 3602 4948 4237
f 3602 4237 63
f 867 530 4238
f 867 4238 4998
f 99 3616 4239
f 99 4239 6954
f 2132 3446 4240
f 2132 4240 4974
f 2139 2553 4241
f 2139 4241 3077
f 2159 4946 4242
f 2159 4242 58
f 3539 1107 4243
f 3539 4243 3070
f 3036 5006 4244
f 3036 4244 1073
f 1610 1364 4245
f 1610 4911 1196
f 1581 1346 4246
f 1581 4246 3677
f 2158 4967 4247
f 2158 4247 59
f 6196 7313 4248
f 6196 4248 3656
f 621 3037 4249
f 621 4249 5845
f 1816 3689 4250
f 6859 5919 4962
f 2496 5991 4251
f 2496 4251 3102
f 361 7351 6216
f 361 6216 2153
f 3031 964 4253
f 3031 4253 3606
f 142 3620 4254
f 7117 4254 5983
f 2562 3623 4255
f 2562 4255 1849
f 3011 3605 4256
f 3011 4256 543
f 3508 5013 4257
f 3508 4257 1849
f 3010 3606 4258
f 3010 4258 544
f 2207 5021 4259
f 2207 4259 1573
f 3532 5036 4260
f 3532 4260 4994
f 2206 5020 4261
f 2206 4261 1571
f 3531 5044 4262
f 3531 4262 4995
f 1299 3610 4263
f 1299 4263 2973
f 7462 6095 4264
f 7462 4264 3044
f 3027 3617 4265
f 3027 4265 5029
f 1626 1883 4266
f 1626 4266 2673
f 3029 3618 4267
f 3029 4267 5031
f 12 3541 4268
f 12 4268 3020
f 7366 3576 4269
f 7366 4269 6251
f 6232 3084 4270
f 6232 4270 7342
f 1568 3669 4271
f 1568 4271 5058
f 5677 995 4272
f 1363 4272 88
f 733 2233 4273
f 733 4273 3122
f 2463 593 4274
f 2463 4274 5115
f 2884 6998 4275
f 2884 4275 5906
f 834 6217 7374
f 834 7374 6230
f 1795 1002 4277
f 1795 4277 2639
f 394 3630 4278
f 394 4278 2592
f 100 2593 4279
f 100 4279 3631
f 7402 5024 4280
f 7402 4280 5329
f 844 6222 7381
f 844 7381 6235
f 188 5724 4282
f 188 6702 1531
f 3420 2128 4283
f 3420 4283 5850
f 5363 7284 4284
f 7565 6414 3703
f 5364 7285 4285
f 7564 6417 1961
f 3026 1302 4286
f 3026 4286 5009
f 19 3022 4287
f 19 4287 4901
f 18 2586 4288
f 18 4288 4900
f 6266 7215 4289
f 6266 4289 3633
f 383 5731 4290
f 7168 4290 6014
f 3538 5009 4291
f 3538 4291 1301
f 6250 7401 4292
f 6250 4292 3624
f 3454 6972 4293
f 3454 4293 1284
f 3542 5022 4294
f 3542 4294 1302
f 2587 3625 4295
f 2587 4295 1111
f 603 5893 4296
f 603 4296 2225
f 1899 847 4297
f 4921 4297 1157
f 1526 3185 4298
f 1526 4298 5957
f 395 1602 4299
f 395 4299 3568
f 3498 5015 4300
f 3498 4300 711
f 5901 5050 4301
f 480 4301 3786
f 2583 412 4302
f 2583 4302 3637
f 1904 1510 4303
f 1904 4303 3638
f 3062 980 4304
f 3062 4304 3684
f 3064 1169 4305
f 3064 4305 5017
f 6270 7377 4306
f 6270 4306 2311
f 3063 1599 4307
f 3063 4307 5034
f 3659 6040 4308
f 3659 4308 1347
f 1327 7234 4309
f 1327 4309 614
f 1866 248 4310
f 1866 4310 5129
f 6281 7386 4311
f 6281 4311 3714
f 2665 554 4312
f 2665 4312 3671
f 3544 5109 4313
f 3544 4313 90
f 2595 5110 4314
f 2595 4314 350
f 547 2604 4315
f 7086 5080 1155
f 2577 1117 4316
f 2577 4316 183
f 3132 39 4317
f 3132 4317 988
f 6327 7522 4318
f 6327 4318 5164
f 3746 836 4319
f 3746 4319 3127
f 3190 1447 4320
f 3190 4320 744
f 1881 6064 4321
f 1881 4321 6050
f 2968 6066 4322
f 2968 4322 6052
f 740 3108 4323
f 5094 6302 7140
f 2502 616 4324
f 2502 4324 3058
f 5352 6933 4325
f 1246 4325 574
f 6300 2613 4326
f 6300 4326 7449
f 5111 5998 4327
f 1595 4327 7379
f 6308 2247 4328
f 6308 4328 7463
f 1393 3726 4329
f 1393 4329 839
f 1630 5150 4330
f 1630 4330 838
f 81 3687 4331
f 7406 5346 1951
f 82 3688 4332
f 7405 5348 2282
f 1295 3054 4333
f 5140 4333 6065
f 1837 36 4334
f 1837 4334 5147
f 705 5236 4335
f 7023 4335 3782
f 1806 7152 4336
f 1806 4336 5118
f 1369 85 4337
f 1369 4337 5138
f 2226 5126 4338
f 2226 4338 1528
f 2227 5127 4339
f 2227 4339 723
f 7468 6320 4340
f 7468 4340 3143
f 1174 86 4341
f 1174 4341 5136
f 3654 558 4342
f 3654 4342 2699
f 3189 1980 4343
f 3189 4343 490
f 198 3129 4344
f 198 4344 5156
f 1152 5234 4345
f 7019 4345 3783
f 5407 6306 4346
f 5407 4346 2019
f 5411 6307 4347
f 5411 4347 2018
f 3223 5610 4348
f 3223 4348 2328
f 1576 6982 4349
f 1576 4349 3206
f 3195 1342 4350
f 3195 4350 2329
f 3200 1148 4351
f 3200 4351 2330
f 3696 2687 4352
f 3696 4352 649
f 1875 5001 4353
f 1875 4353 1102
f 3115 562 4354
f 3115 4354 1989
f 2657 1990 4355
f 2657 4355 563
f 3499 7132 4356
f 3499 4356 5108
f 1993 5872 4357
f 1993 4357 875
f 358 3091 4358
f 358 4358 1867
f 747 4933 4359
f 7450 6295 5195
f 1187 3114 4360
f 1187 4360 3720
f 728 5885 4361
f 728 4361 3091
f 849 3653 4362
f 849 4362 3093
f 3502 1607 4363
f 3502 4363 5127
f 1874 5026 4364
f 1874 4364 1102
f 908 3939 4365
f 908 4365 7474
f 35 2641 4366
f 35 4366 3100
f 3050 5172 4367
f 3050 4367 354
f 856 3118 4368
f 856 4368 5251
f 1672 7186 4369
f 1672 4369 7436
f 1206 3256 4370
f 1206 4370 2157
f 1950 7184 4371
f 1950 4371 7435
f 6467 5230 4372
f 6467 4372 7640
f 737 2598 4373
f 737 4373 7132
f 3012 3567 4374
f 3012 4374 7003
f 3009 3563 4375
f 3009 4375 7002
f 1128 390 4376
f 1128 4376 5152
f 1583 2283 4377
f 1583 4377 5249
f 1851 6057 4378
f 1851 4378 5174
f 72 3674 4379
f 72 4379 5028
f 536 1601 4380
f 536 4380 1898
f 1991 7038 4381
f 1991 4381 1193
f 1586 690 4382
f 1586 4382 7197
f 6385 7651 4383
f 6385 4383 2668
f 1597 3114 4384
f 1597 4384 5199
f 815 3722 4385
f 815 6783 1604
f 6386 7655 4386
f 6386 4386 3042
f 938 247 4387
f 938 4387 5151
f 6430 2726 4388
f 6430 4388 7585
f 3192 1906 4389
f 3192 4389 2701
f 2262 1335 4390
f 2262 4390 5283
f 2632 5282 4391
f 2632 4391 1804
f 1454 6354 4392
f 1454 4392 7495
f 1087 5120 4393
f 1087 4393 1763
f 659 5235 4394
f 6514 7679 3273
f 73 3695 4395
f 5357 7431 1239
f 74 3694 4396
f 5358 7434 3111
f 983 7160 4397
f 983 4397 5205
f 1628 5248 4398
f 7214 4398 5170
f 1018 2660 4399
f 7348 6224 3176
f 2190 2662 4400
f 7355 6227 3177
f 3017 5142 4401
f 3017 4401 3578
f 3098 1133 4402
f 3098 4402 5185
f 2304 7429 6311
f 2304 6311 3730
f 200 2939 4404
f 200 4404 5274
f 199 2582 4405
f 199 4405 5253
f 726 3621 4406
f 726 4406 3803
f 1388 5143 4407
f 1388 4407 3645
f 2707 1172 4408
f 2707 4408 7219
f 2708 565 4409
f 2708 4409 7220
f 2232 1901 4410
f 2232 4410 5155
f 1891 2571 4411
f 1891 6029 5097
f 1892 2572 4412
f 1892 6031 5096
f 2195 7146 4413
f 2195 4413 87
f 1603 6943 4414
f 1603 4414 75
f 1879 6941 4415
f 1879 4415 76
f 7461 1959 4416
f 7461 4416 6358
f 1366 77 4417
f 1366 4417 5061
f 3216 3776 4418
f 3216 4418 1405
f 468 5224 4419
f 6312 7438 3801
f 407 5225 4420
f 7454 6287 2369
f 3210 3775 4421
f 3210 4421 1409
f 2689 5206 4422
f 2689 4422 743
f 1839 610 4423
f 1839 4423 7242
f 2690 5207 4424
f 2690 4424 1005
f 6424 7610 4425
f 6424 4425 3830
f 83 2635 4426
f 7303 6201 1421
f 84 3087 4427
f 5294 7344 1420
f 7644 6457 4428
f 7644 4428 6434
f 1383 5156 4429
f 1383 4429 3650
f 862 3738 4430
f 862 4430 5975
f 697 6197 4431
f 697 4431 1921
f 514 2224 4432
f 6193 7312 2269
f 2565 3517 4433
f 2565 4433 6044
f 2268 3197 4434
f 2268 4434 561
f 7427 1681 6274
f 363 5237 6084
f 1024 3209 4436
f 7487 6339 5219
f 1385 3207 4437
f 7485 6333 5222
f 421 5221 4438
f 6229 7372 3772
f 422 5220 4439
f 6228 7373 3771
f 2529 3505 4440
f 2529 4440 5184
f 1843 7122 4441
f 1843 4441 222
f 196 5190 4442
f 7391 6264 5222
f 195 5189 4443
f 7392 6261 5219
f 6442 7627 4444
f 6442 4444 3828
f 2222 1265 4445
f 7383 5349 1662
f 1389 1164 4446
f 7384 5351 2650
f 997 7136 4447
f 997 4447 734
f 6038 5244 4448
f 428 4448 3739
f 7614 5180 4449
f 7614 4449 6432
f 985 2703 4450
f 985 4450 1380
f 6421 7584 4451
f 6421 4451 7574
f 2353 478 4452
f 2353 4452 3184
f 1658 870 4453
f 1658 4453 5255
f 110 1884 4454
f 7511 6359 2381
f 344 1611 4455
f 7510 6361 2382
f 2346 1022 4456
f 2346 4456 5256
f 1659 566 4457
f 1659 4457 5256
f 3619 7242 4458
f 3619 4458 356
f 2732 212 4459
f 2732 4459 5254
f 402 7407 4460
f 402 4460 2591
f 355 7394 4461
f 355 4461 1632
f 3753 1021 4462
f 3753 4462 5255
f 6368 7299 4463
f 3758 4463 7554
f 2239 6041 4464
f 2239 4464 34
f 3202 7494 4465
f 3202 4465 7555
f 1229 7238 4466
f 1229 4466 1001
f 3097 850 4467
f 3097 4467 6146
f 560 2341 4468
f 7506 6376 3777
f 492 2343 4469
f 7505 6377 3228
f 575 2742 4470
f 575 4470 3291
f 1160 3820 4471
f 1160 4471 5442
f 1161 3759 4472
f 1161 4472 1908
f 216 3203 4473
f 5311 6206 2739
f 215 3204 4474
f 5312 6209 2728
f 546 6233 4475
f 546 4475 1360
f 2230 2727 4476
f 2230 4476 3055
f 888 3163 4477
f 888 4477 1691
f 3686 2736 4478
f 3686 4478 3055
f 1722 6399 4479
f 1722 4479 7566
f 1930 1647 6453
f 1930 6453 2272
f 3174 750 4481
f 3174 4481 3764
f 97 2698 4482
f 6477 7633 2027
f 3173 749 4483
f 3173 4483 3766
f 1359 7363 4484
f 1359 4484 1143
f 3110 3747 4485
f 3110 4485 34
f 1923 1224 4486
f 1923 4486 6068
f 1677 5384 4487
f 1677 4487 6342
f 1935 7368 4488
f 1935 4488 7398
f 2266 5041 4489
f 2266 4489 5253
f 1936 7365 4490
f 1936 4490 7397
f 2306 2670 4491
f 2306 4491 5611
f 6498 7692 4492
f 7683 4492 2301
f 1566 7364 4493
f 1566 4493 1142
f 1034 3250 4494
f 1034 4494 5306
f 1902 745 4495
f 1902 4495 5295
f 1903 5296 4496
f 1903 4496 1362
f 7629 6462 4497
f 7629 4497 3269
f 3799 5265 4498
f 3799 4498 658
f 3800 5266 4499
f 3800 4499 657
f 1215 7310 4500
f 6292 4500 7500
f 777 7309 4501
f 6294 4501 7507
f 2259 5319 4502
f 2259 4502 5308
f 2258 5320 4503
f 2258 4503 5309
f 2264 5078 4504
f 2264 4504 3697
f 2634 5087 4505
f 2634 4505 3699
f 3243 6154 4506
f 3243 4506 3626
f 2105 2443 4507
f 2105 4507 6178
f 6489 7602 4508
f 6489 4508 5366
f 2106 5305 4509
f 2106 4509 1119
f 3804 2621 4510
f 3804 4510 7340
f 1979 5064 4511
f 1979 4511 5313
f 7650 5510 4512
f 7650 4512 3873
f 2313 5063 4513
f 2313 4513 5313
f 117 3082 4514
f 117 4514 1381
f 3257 666 4515
f 3257 4515 1464
f 984 5325 4516
f 984 4516 7329
f 2216 5347 4517
f 2216 4517 1912
f 3241 573 4518
f 3241 4518 2761
f 2280 6279 4519
f 2280 4519 7306
f 45 1577 4520
f 6344 7504 3236
f 46 3431 4521
f 6346 7516 5250
f 2281 6280 4522
f 2281 4522 7307
f 6528 7630 4523
f 6528 4523 5366
f 1714 7559 4524
f 1714 6400 7537
f 730 5340 4525
f 730 4525 2651
f 3265 5435 4526
f 3265 4526 898
f 78 3095 4527
f 78 4527 1602
f 2386 121 4528
f 2386 4528 7318
f 1966 6244 4529
f 1966 4529 217
f 1967 369 4530
f 1967 4530 7395
f 7681 2760 4531
f 7681 4531 6485
f 481 1927 4532
f 481 4532 7489
f 2387 122 4533
f 2387 4533 7336
f 910 3270 4534
f 910 4534 5465
f 6515 3837 4535
f 6515 4535 7696
f 1028 859 4536
f 1028 4536 5368
f 1625 5369 4537
f 1625 4537 640
f 6523 2787 4538
f 6523 4538 7704
f 3743 484 4539
f 3743 4539 5304
f 370 3842 4540
f 370 4540 3263
f 3251 95 4541
f 3251 4541 3829
f 479 5367 4542
f 479 4542 5359
f 3180 120 4543
f 3180 4543 6283
f 207 3264 4544
f 207 4544 3841
f 2656 3165 4545
f 7548 5493 3294
f 2277 3166 4546
f 7546 5488 3293
f 5371 6139 4547
f 494 4547 3859
f 5377 6136 4548
f 493 4548 3860
f 3870 1062 4549
f 3870 4549 5406
f 3742 858 4550
f 3742 4550 5318
f 2785 5528 4551
f 7538 6402 332
f 2786 7562 4552
f 2786 4552 5527
f 431 3946 4553
f 5413 6347 2008
f 6527 7706 4554
f 6527 4554 3267
f 1633 1917 4555
f 1633 4555 5361
f 1232 2287 4556
f 1232 4556 5471
f 6531 7699 4557
f 6531 4557 3755
f 2220 5513 6525
f 2220 6525 94
f 2331 119 4559
f 2331 4559 6278
f 2793 632 4560
f 2793 4560 5378
f 2290 662 4561
f 2290 4561 5297
f 6540 7725 4562
f 6540 4562 3266
f 1720 5422 4563
f 1720 4563 2626
f 2256 6329 4564
f 2256 4564 1918
f 2362 5379 4565
f 2362 4565 551
f 5285 3321 4566
f 1958 7159 6334
f 721 5376 4567
f 721 4567 2327
f 2361 5380 4568
f 2361 4568 423
f 754 5381 4569
f 754 4569 1992
f 2183 3848 4570
f 2183 4570 1367
f 753 2715 4571
f 7572 5483 6381
f 567 1460 4572
f 7571 5475 6384
f 6554 7721 4573
f 6554 4573 3913
f 6555 7708 4574
f 6555 4574 3907
f 6546 3269 4575
f 6546 4575 7709
f 1214 2792 4576
f 1214 4576 5389
f 3144 3853 4577
f 3144 4577 6131
f 1876 524 4578
f 1876 4578 7254
f 3278 1213 4579
f 3278 4579 3916
f 1177 843 4580
f 1177 4580 471
f 7703 3921 4581
f 7703 4581 6532
f 7742 5392 4582
f 7742 4582 6541
f 7738 5393 4583
f 7738 4583 6542
f 1063 5443 4584
f 1063 4584 432
f 304 1358 4585
f 304 4585 3917
f 7707 5405 4586
f 7707 4586 6538
f 7743 6536 4587
f 7743 4587 5392
f 7741 6537 4588
f 7741 4588 5393
f 7759 6590 4589
f 7759 4589 3911
f 7760 6575 4590
f 7760 4590 3912
f 7765 3908 4591
f 7765 4591 6592
f 7766 3909 4592
f 7766 4592 6576
f 896 3914 4593
f 896 4593 2784
f 2801 123 4594
f 2801 4594 7459
f 559 5438 4595
f 559 4595 5389
f 426 3258 4596
f 426 4596 2806
f 3862 372 4597
f 3862 4597 7466
f 7740 5391 4598
f 7740 4598 6585
f 7750 5387 4599
f 7750 4599 6587
f 1014 3901 4600
f 1014 4600 2254
f 2355 5394 4601
f 2355 4601 738
f 7747 6541 4602
f 7747 4602 5439
f 7754 6542 4603
f 7754 4603 5440
f 2380 498 4604
f 2380 4604 1037
f 7748 6591 4605
f 7748 4605 5390
f 300 1563 4606
f 300 4606 3929
f 7757 6593 4607
f 7757 4607 5388
f 7746 5444 4608
f 7746 4608 6536
f 7755 5445 4609
f 7755 4609 6537
f 2354 5397 4610
f 2354 4610 487
f 3297 1050 4611
f 3297 4611 5414
f 7718 6604 4612
f 7718 4612 3921
f 305 741 4613
f 305 4613 5425
f 205 2681 4614
f 6393 7551 1438
f 206 2357 4615
f 6390 7541 1673
f 727 1450 4616
f 727 4616 5426
f 254 1017 4617
f 254 4617 5272
f 7724 6611 4618
f 7724 4618 5405
f 208 5408 4619
f 7532 6370 5453
f 6615 2821 4620
f 6615 4620 5460
f 209 5402 4621
f 7531 6362 5448
f 303 3330 4622
f 303 4622 1594
f 92 3163 4623
f 92 7526 3936
f 769 7433 4624
f 769 4624 3289
f 1679 6444 4625
f 1679 4625 374
f 1061 7517 4626
f 1061 4626 3813
f 3274 764 4627
f 3274 4627 5429
f 1455 3291 4628
f 1455 4628 3940
f 1703 5441 4629
f 1703 4629 6371
f 3275 572 4630
f 3275 4630 7514
f 302 3932 4631
f 302 4631 863
f 6211 2804 4632
f 1995 4632 5461
f 6627 3873 4633
f 6627 4633 7781
f 2771 7491 4634
f 2771 4634 770
f 3805 7490 4635
f 3805 4635 669
f 2769 738 4636
f 2769 4636 1029
f 6631 5464 4637
f 6631 4637 5459
f 7795 6622 4638
f 7795 4638 5421
f 7796 5432 4639
f 7796 4639 6623
f 7736 5549 4640
f 7736 4640 5433
f 7793 6620 4641
f 7793 4641 5420
f 7794 5431 4642
f 7794 4642 6621
f 2770 487 4643
f 2770 4643 767
f 7751 5467 4644
f 7751 4644 6614
f 7752 5550 4645
f 7752 4645 5452
f 3191 2286 4646
f 3191 4646 7659
f 6632 5497 4647
f 6632 4647 7797
f 7731 6557 4648
f 7731 4648 3947
f 6121 3949 4649
f 7626 4649 6481
f 6123 3950 4650
f 7625 4650 6473
f 7758 5553 4651
f 7758 4651 5467
f 1440 1204 4652
f 1440 4652 5456
f 1441 1032 4653
f 1441 4653 5458
f 6649 5496 4654
f 6649 4654 7801
f 761 5474 4655
f 6491 7666 2359
f 663 5476 4656
f 6490 7662 2358
f 1634 37 4657
f 1634 4657 5492
f 1976 37 4658
f 1976 4658 5494
f 7776 5546 4659
f 7776 4659 3945
f 7792 5489 4660
f 7792 4660 5554
f 7774 3943 4661
f 7774 4661 6626
f 6629 7797 4662
f 6629 4662 3334
f 6633 3945 4663
f 6633 4663 7829
f 1013 5498 4664
f 1013 4664 1197
f 6638 7801 4665
f 6638 4665 3938
f 7787 6614 4666
f 7787 4666 5522
f 3331 2365 4667
f 3331 4667 7606
f 6634 3947 4668
f 6634 4668 7829
f 568 2823 4669
f 568 4669 2389
f 429 2822 4670
f 429 4670 2390
f 7790 5522 4671
f 7790 4671 6557
f 6637 5536 4672
f 6637 4672 5552
f 6642 7809 4673
f 6642 4673 3942
f 1713 3871 4674
f 1713 4674 6610
f 2373 5495 4675
f 2373 4675 893
f 656 5509 4676
f 656 4676 2398
f 7811 6639 4677
f 7811 4677 5504
f 7812 6640 4678
f 7812 4678 5505
f 125 5498 4679
f 125 4679 2397
f 7814 5500 4680
f 7814 4680 6635
f 7816 5501 4681
f 7816 4681 6636
f 7813 6644 4682
f 7813 4682 5529
f 7820 5525 4683
f 7820 4683 6648
f 3322 7653 4684
f 3322 4684 496
f 2778 6419 4685
f 2778 4685 760
f 6660 5554 4686
f 6660 4686 5538
f 6658 5538 4687
f 6658 4687 5546
f 7815 6645 4688
f 7815 4688 5531
f 7819 5531 4689
f 7819 4689 6641
f 1222 2813 4690
f 1222 4690 5516
f 7827 5530 4691
f 7827 4691 5532
f 902 5482 4692
f 902 4692 2395
f 1045 5479 4693
f 1045 4693 2396
f 1424 2812 4694
f 1424 4694 7513
f 6661 3953 4695
f 6661 4695 7798
f 6662 3953 4696
f 6662 4696 7806
f 1741 3965 4697
f 1741 4697 784
f 5596 1258 4698
f 5596 4698 2910
f 333 3956 4699
f 333 4699 2829
f 3954 2825 4700
f 3954 4700 782
f 922 2851 4701
f 922 4701 3990
f 137 3964 4702
f 137 4702 3963
f 42 3339 4703
f 42 4703 2830
f 41 3343 4704
f 41 4704 3342
f 3982 168 4705
f 3982 4705 2053
f 781 2406 4706
f 781 4706 3347
f 2044 6668 4707
f 2044 4707 147
f 1732 3964 4708
f 1732 4708 5557
f 1472 3963 4709
f 1472 4709 2052
f 1480 6669 4710
f 1480 4710 148
f 3345 136 4711
f 3345 4711 3966
f 923 3973 4712
f 923 4712 2419
f 512 3955 4713
f 512 4713 1483
f 3346 136 4714
f 3346 4714 3968
f 511 5584 4715
f 511 4715 5601
f 155 6672 4716
f 155 5598 2909
f 789 3979 4717
f 789 4717 3983
f 2065 381 4718
f 2065 4718 3970
f 507 3359 4719
f 507 4719 1765
f 1734 6664 4720
f 1734 4720 2863
f 43 6676 4721
f 43 4721 3988
f 506 2418 4722
f 506 4722 3361
f 2410 6682 4723
f 2410 4723 169
f 2413 6683 4724
f 2413 4724 170
f 3358 44 4725
f 3358 4725 3975
f 2471 594 4726
f 2471 4726 3980
f 971 1477 4727
f 971 4727 5876
f 2857 2428 4728
f 2857 4728 1737
f 164 3992 4729
f 164 4729 3979
f 376 3976 4730
f 6706 5586 3389
f 2068 1074 4731
f 2068 4731 6691
f 1254 5608 4732
f 1254 4732 1778
f 1077 2873 4733
f 1077 4733 5582
f 933 275 4734
f 933 4734 2874
f 180 1503 4735
f 180 4735 6722
f 2402 150 4736
f 2402 4736 5597
f 1076 2867 4737
f 1076 4737 5583
f 3413 598 4738
f 3413 4738 5744
f 1501 149 4739
f 1501 4739 5599
f 1094 4073 4740
f 1094 4740 2944
f 1482 6730 4741
f 1482 4741 226
f 3372 1256 4742
f 3372 4742 6705
f 3404 3998 4743
f 3404 4743 929
f 3996 5594 4744
f 3996 4744 2041
f 5782 6932 4745
f 5782 4745 3391
f 593 1508 4746
f 6845 5694 2858
f 2876 4015 4747
f 2876 4747 1736
f 2454 4014 4748
f 2454 4748 1476
f 166 6704 4749
f 166 4749 3340
f 794 3587 4750
f 794 4750 4032
f 1478 4028 4751
f 1478 4751 3991
f 1260 4027 4752
f 1260 4752 3992
f 586 4055 4753
f 586 4753 3989
f 3503 5604 4754
f 3503 4754 241
f 339 3395 4755
f 339 4755 3380
f 679 3397 4756
f 679 4756 1784
f 1522 178 4757
f 1522 4757 2904
f 808 4010 4758
f 7033 5838 2511
f 1754 5630 4759
f 1754 4759 6771
f 1753 5629 4760
f 1753 4760 6772
f 947 3981 4761
f 947 4761 261
f 6940 5818 4762
f 6940 4762 5832
f 604 2404 4763
f 604 4763 3471
f 5815 2518 4764
f 5815 4764 6898
f 1079 4033 4765
f 1079 4765 2472
f 2848 4036 4766
f 2848 4766 579
f 173 4008 4767
f 6747 5632 2903
f 172 4006 4768
f 6746 5633 4024
f 3357 4037 4769
f 3357 4769 502
f 1266 4042 4770
f 6763 5646 4024
f 7005 5859 4771
f 7005 4771 5890
f 7004 5858 4772
f 7004 4772 5884
f 2842 258 4773
f 2842 4773 3432
f 3967 437 4774
f 3967 4774 2138
f 802 4031 4775
f 802 4775 2925
f 6716 4013 4776
f 1279 4776 4030
f 242 2894 4777
f 242 4777 2502
f 165 1765 4778
f 165 6794 5657
f 335 2423 4779
f 335 6795 5655
f 1113 795 4780
f 1113 4780 6779
f 2077 1263 4781
f 2077 4781 4052
f 1081 6735 4782
f 1081 4782 3405
f 1800 4049 4783
f 1800 4783 513
f 2893 912 4784
f 2893 4784 6760
f 4017 5627 4785
f 4017 4785 929
f 1105 6821 4786
f 1105 4786 6914
f 7045 5907 4787
f 7045 4787 5931
f 7044 5902 4788
f 7044 4788 5929
f 1790 4025 4789
f 1790 4789 385
f 2859 6725 4790
f 2859 4790 710
f 398 4117 4791
f 398 4791 6773
f 1748 2414 4792
f 1748 4792 4036
f 2056 2415 4793
f 2056 4793 4037
f 1269 3417 4794
f 1269 4794 4054
f 176 2460 4795
f 176 4795 3416
f 7062 5933 4796
f 7062 4796 5920
f 145 2085 4797
f 145 4797 3587
f 2054 3466 4798
f 2054 4798 275
f 2905 177 4799
f 2905 4799 6756
f 146 1786 4800
f 146 4800 3586
f 2836 3467 4801
f 2836 4801 2405
f 2098 3594 5855
f 2098 5855 6890
f 7257 6132 4803
f 7257 4803 2235
f 2852 1756 4804
f 2852 4804 4045
f 2853 1757 4805
f 2853 4805 4044
f 1751 2092 4806
f 1751 4806 5679
f 7092 6141 4807
f 7092 4807 6018
f 7093 6142 4808
f 7093 4808 6020
f 2431 5699 4809
f 2431 4809 678
f 616 3501 4810
f 616 4810 1498
f 108 4136 4811
f 108 4811 2182
f 6712 2124 4812
f 527 4812 3408
f 695 5731 4813
f 6715 4813 5589
f 377 1836 4814
f 6904 5754 3438
f 1787 3455 4815
f 1787 4815 387
f 336 2958 4816
f 336 4816 1296
f 2187 3456 4817
f 2187 4817 463
f 1812 48 4818
f 1812 4818 5616
f 1495 2864 4819
f 1495 4819 6782
f 1098 2865 4820
f 1098 4820 4077
f 153 2872 4821
f 153 4821 5761
f 2838 6734 4822
f 2838 4822 163
f 343 5689 4823
f 343 4823 3993
f 243 4011 4824
f 243 4824 1306
f 228 6769 4825
f 228 5666 3448
f 541 4050 4826
f 541 4826 974
f 2076 438 4827
f 2076 4827 587
f 2841 2063 4828
f 2841 4828 4063
f 584 2060 4829
f 584 4829 4069
f 436 1281 4830
f 436 4830 4068
f 154 6810 4831
f 154 4831 6782
f 919 2116 4832
f 919 4832 5613
f 2091 6791 4833
f 2091 4833 227
f 4003 461 4834
f 4003 4834 3033
f 2943 3488 4835
f 2943 4835 1093
f 1555 5843 4836
f 1555 4836 6987
f 944 2074 4837
f 7121 5881 3459
f 945 2075 4838
f 7123 5891 3463
f 609 2546 4839
f 6831 4839 4155
f 1497 2956 4840
f 6834 4840 4157
f 2442 4065 4841
f 2442 4841 796
f 2469 50 4842
f 2469 4842 4079
f 7185 3436 4843
f 7185 4843 5814
f 2174 5965 4844
f 2174 4844 7127
f 6860 5799 4845
f 1794 4845 2647
f 1072 6819 4846
f 1072 4846 2228
f 3442 4094 4847
f 3442 4847 1502
f 3441 2062 4848
f 3441 4848 4093
f 2123 6958 4849
f 2123 4849 6977
f 2862 6808 4850
f 2862 4850 1471
f 1117 4177 4851
f 1117 4851 2990
f 6042 7145 4852
f 6042 4852 4102
f 3469 1759 4853
f 3469 4853 6798
f 1829 6899 4854
f 1829 4854 7105
f 1767 2967 4855
f 1767 4855 3511
f 949 5703 4856
f 949 4856 6778
f 7172 6043 4857
f 7172 4857 2947
f 2129 804 4858
f 2129 4858 4067
f 182 4100 4859
f 182 4859 6776
f 2492 936 4860
f 2492 4860 3454
f 351 7091 4861
f 351 4861 4043
f 1738 2897 4862
f 1738 4862 5706
f 2514 334 4863
f 2514 4863 6774
f 2121 1315 4864
f 2121 4864 3457
f 3375 5716 4865
f 3375 4865 225
f 1824 3003 4866
f 1824 4866 803
f 3368 6815 4867
f 3368 4867 1289
f 790 2451 4868
f 790 4868 6816
f 707 2193 4869
f 707 4869 3483
f 1840 6818 4870
f 1840 4870 341
f 3449 388 4871
f 3449 4871 4116
f 1288 2615 4872
f 5785 6968 3482
f 186 1788 4873
f 186 4873 6793
f 185 833 4874
f 185 4874 4075
f 3369 6787 4875
f 3369 4875 2888
f 340 4007 4876
f 6872 5718 3475
f 2522 392 4877
f 2522 4877 4149
f 162 4133 4878
f 162 4878 3444
f 2111 3545 4879
f 2111 4879 160
f 829 2189 4880
f 829 4880 6882
f 2143 3549 4881
f 2143 4881 159
f 1114 5667 4882
f 1114 4882 3458
f 3513 6825 4883
f 3513 4883 67
f 826 3512 4884
f 5942 4884 4223
f 2988 6865 4885
f 2988 4885 819
f 7260 2953 4886
f 7260 4886 2935
f 7258 2955 4887
f 7258 4887 2931
f 2932 1841 4888
f 2932 4888 4110
f 3403 2498 4889
f 3403 4889 4120
f 2482 4122 4890
f 2482 4890 1280
f 2506 3039 4891
f 2506 4891 1524
f 1124 6874 4892
f 1124 4892 4204
f 244 4108 4893
f 244 4893 966
f 4 3605 4894
f 6988 5847 2969
f 1091 3013 4895
f 1091 4895 6959
f 7230 4202 4896
f 7230 4896 6083
f 2959 600 4897
f 2959 4897 6836
f 2960 453 4898
f 2960 4898 6838
f 57 1853 4899
f 57 4899 1324
f 1111 3481 4900
f 7110 5966 1847
f 1301 2985 4901
f 7108 5958 2160
f 954 3525 4902
f 954 4902 2989
f 1421 7303 6181
f 1421 6181 2696
f 3615 2999 4904
f 3615 4904 4205
f 391 2952 4905
f 6878 4905 5736
f 1122 4195 4906
f 1122 4906 5752
f 2503 6853 4907
f 2503 4907 598
f 835 5787 4908
f 835 4908 5753
f 941 2168 4909
f 941 4909 4154
f 694 3534 4910
f 694 4910 3453
f 4245 1610 4911
f 4245 4911 6991
f 2537 338 4912
f 2537 4912 3570
f 1323 6877 4913
f 1323 4913 6871
f 7296 6180 4914
f 7296 4914 2948
f 4023 685 4915
f 4023 4915 6869
f 445 1320 4916
f 445 4916 4127
f 7305 2889 4917
f 7305 4917 2191
f 2135 450 4918
f 2135 4918 6880
f 3037 6884 4919
f 3037 4919 101
f 1856 6855 4920
f 1856 4920 459
f 1899 4297 4921
f 1899 4921 488
f 6137 2199 4922
f 6137 4922 7274
f 935 1803 4923
f 935 4923 5856
f 7271 2892 4924
f 7271 4924 2543
f 456 4160 4925
f 456 4925 1813
f 1842 602 4926
f 1842 4926 6866
f 2597 6858 4927
f 2597 4927 638
f 1521 6843 4928
f 1521 4928 2133
f 2089 3391 4929
f 2089 4929 4174
f 1516 4175 4930
f 1516 4930 5760
f 2146 1089 4931
f 2146 4931 4179
f 620 2994 4932
f 620 4932 979
f 1154 2605 4933
f 1154 4933 3639
f 3667 1330 4934
f 3667 4934 4209
f 141 4171 4935
f 141 4935 2919
f 442 1523 4936
f 442 4936 4145
f 548 1306 7275
f 548 7275 6138
f 1558 251 4938
f 1558 4938 4206
f 1805 3566 4939
f 1805 6792 5700
f 1895 109 4940
f 1895 4940 3550
f 2120 4201 4941
f 2120 4941 724
f 2099 4192 4942
f 2099 4942 66
f 2444 7187 4943
f 2444 4943 274
f 1362 4496 4944
f 1362 4944 2649
f 245 4146 4945
f 245 4945 2087
f 401 4165 4946
f 401 4946 2159
f 113 4236 4947
f 113 4947 1560
f 1325 6905 4948
f 5774 4948 4237
f 4147 1519 4949
f 4147 4949 7002
f 1346 1581 4950
f 1346 4950 4192
f 2458 793 4951
f 2458 4951 4126
f 2890 4009 4952
f 2890 4952 6850
f 99 5734 4953
f 99 4953 3616
f 2978 7063 4954
f 2978 4954 957
f 3385 4200 4955
f 3385 4955 246
f 2186 4155 4956
f 2186 4956 454
f 2185 4157 4957
f 2185 4957 455
f 2478 4207 4958
f 2478 4958 65
f 106 4374 4959
f 106 4959 2467
f 2977 7066 4960
f 2977 4960 706
f 2885 2461 4961
f 2885 4961 5780
f 1291 6859 4962
f 1291 4962 6906
f 2512 605 4963
f 2512 4963 4210
f 3552 2594 4964
f 3552 4964 6936
f 446 2168 4965
f 446 4965 4193
f 396 2231 4966
f 396 4966 2588
f 691 4173 4967
f 691 4967 2158
f 1529 4081 4968
f 1529 4968 441
f 250 3480 4969
f 250 4969 4098
f 532 4119 4970
f 532 4970 3479
f 2946 606 4971
f 2946 4971 3528
f 6225 3548 4972
f 6225 4972 7382
f 346 6814 4973
f 346 4973 3501
f 2915 2132 4974
f 2915 4974 5835
f 3000 618 4975
f 3000 4975 5798
f 1801 3564 4976
f 1801 4976 6937
f 2998 821 4977
f 2998 4977 5797
f 104 3075 4978
f 5795 6953 2104
f 105 4224 4979
f 5796 6969 3392
f 1559 5704 4980
f 1559 4980 7021
f 522 4208 4981
f 522 4981 2495
f 1615 3601 4982
f 1615 4982 538
f 2929 2513 4983
f 2929 4983 6702
f 1561 3472 4984
f 1561 4984 1116
f 1826 4074 4985
f 1826 4985 2084
f 1922 416 4986
f 1922 4986 5757
f 975 4187 4987
f 975 4987 3133
f 633 1404 4988
f 633 4988 1033
f 408 3589 4989
f 6012 7130 1637
f 1569 5771 4990
f 1569 4990 860
f 6179 7302 4991
f 6179 4991 3086
f 972 3591 4992
f 972 4992 3571
f 7319 6177 4993
f 7319 4993 2631
f 688 2585 4994
f 688 4994 3532
f 805 2584 4995
f 805 4995 3531
f 879 3641 4996
f 879 4996 4427
f 2139 5939 4997
f 2139 4997 2553
f 1883 4266 4998
f 1883 4998 867
f 7342 4270 4999
f 7342 4999 6191
f 2101 7053 5000
f 2101 5000 3495
f 1565 3045 5001
f 1565 5001 4353
f 7358 3500 5002
f 7358 5002 4148
f 7359 3496 5003
f 7359 5003 3527
f 2593 100 5004
f 2593 5004 621
f 3443 6887 5005
f 3443 5005 793
f 474 5846 5006
f 474 5006 3036
f 2544 6981 5007
f 2544 5007 1335
f 2900 3649 5008
f 2900 5008 1804
f 1755 3538 5009
f 1755 5009 3026
f 6248 7502 5010
f 6248 5010 4163
f 142 5811 5011
f 7117 5011 5961
f 4016 6946 5012
f 4016 5012 5833
f 1571 4261 5013
f 1571 5013 3508
f 192 6817 5014
f 192 5014 1586
f 348 3498 5015
f 7141 6052 2968
f 987 5944 5016
f 987 5016 6967
f 810 3064 5017
f 810 5017 5730
f 3052 599 5018
f 3052 5018 7029
f 2126 4020 5019
f 2126 5019 5830
f 1348 6820 5020
f 1348 5020 2206
f 1349 4232 5021
f 1349 5021 2207
f 13 3542 5022
f 13 5022 3021
f 964 3612 5023
f 964 5023 4253
f 6251 4269 5024
f 6251 5024 7402
f 1849 4257 5025
f 1849 5025 4255
f 1553 3046 5026
f 1553 5026 4364
f 1798 6999 5027
f 1798 5027 5909
f 2248 3051 5028
f 2248 5028 3712
f 1107 3027 5029
f 1107 5029 4243
f 3049 5793 5030
f 3049 5030 1120
f 1511 3029 5031
f 1511 5031 3614
f 58 2159 5032
f 58 5032 1320
f 59 2158 5033
f 59 5033 1523
f 1101 3063 5034
f 1101 5034 4236
f 2225 4296 5035
f 2225 5035 26
f 543 4256 5036
f 543 5036 3532
f 1344 2638 5037
f 1344 5037 4233
f 1151 2637 5038
f 1151 5038 6927
f 2550 7082 5039
f 2550 5039 2273
f 2580 962 5040
f 2580 5040 3617
f 7390 6208 5041
f 7390 5041 2266
f 4039 644 5042
f 4039 5042 6922
f 62 966 5043
f 62 5043 3609
f 544 4258 5044
f 544 5044 3531
f 63 2087 5045
f 63 5045 4237
f 545 7037 5046
f 545 5046 2194
f 978 5861 5047
f 978 5047 7038
f 1163 5857 5048
f 1163 5048 7040
f 4051 6908 5049
f 4051 5049 959
f 3024 1303 5050
f 3024 5050 3625
f 1671 2820 5051
f 1671 5051 6190
f 1674 3327 5052
f 1674 5052 6182
f 5991 4251 5053
f 444 7337 4197
f 2494 982 5054
f 2494 5054 7236
f 3019 3637 5055
f 3019 5055 7035
f 3557 33 5056
f 3557 5056 7016
f 3558 7017 5057
f 3558 5057 32
f 846 3734 5058
f 846 5058 1900
f 3018 3638 5059
f 3018 5059 7052
f 3541 4268 5060
f 3541 5060 1303
f 683 1366 5061
f 683 5061 3569
f 477 2275 5062
f 477 5062 997
f 6278 4559 5063
f 6278 5063 2313
f 6283 4543 5064
f 6283 5064 1979
f 473 3642 5065
f 473 5065 3021
f 823 7015 5066
f 823 5066 3001
f 3446 4150 5067
f 3446 5067 4240
f 2200 3104 5068
f 2200 5068 535
f 36 7196 5069
f 36 5069 5987
f 1552 5853 5070
f 1552 5070 6027
f 2508 1116 5071
f 2508 5071 3451
f 1140 5854 5072
f 1140 5072 6025
f 562 3701 5073
f 562 5073 4185
f 563 4186 5074
f 563 5074 3702
f 887 3575 5075
f 887 5075 1843
f 961 3644 5076
f 961 5076 3020
f 1126 247 5077
f 1126 5077 6986
f 977 4099 5078
f 977 5078 2264
f 1302 4294 5079
f 1302 5079 4286
f 4315 1591 5080
f 4315 5080 7086
f 1913 6010 5081
f 1913 5081 6153
f 1572 7014 5082
f 1572 5082 3629
f 1355 3023 5083
f 1355 5083 3684
f 2583 5932 5084
f 2583 5084 23
f 1413 7071 5085
f 1413 5085 483
f 2505 2084 5086
f 2505 5086 2950
f 1352 4096 5087
f 1352 5087 460
f 1904 5937 5088
f 1904 5088 1271
f 2665 554 5089
f 2665 5089 1353
f 2285 641 5090
f 2285 5090 3673
f 3588 2664 5091
f 3588 5091 615
f 3022 19 5092
f 3022 5092 412
f 4403 2654 5093
f 4403 5093 197
f 7475 6302 5094
f 7475 5094 3704
f 2586 18 5095
f 2586 5095 1510
f 3643 1582 5096
f 3643 5096 6031
f 3662 6029 5097
f 3662 5097 1591
f 1868 6001 5098
f 1868 5098 4105
f 4213 7031 5099
f 4213 5099 712
f 2221 4312 5100
f 2221 5100 2605
f 2457 390 5101
f 2457 5101 6985
f 1848 2215 5102
f 1848 5102 2590
f 1158 2218 5103
f 1158 5103 2549
f 711 4300 5104
f 711 5104 4117
f 3047 1308 5105
f 3047 5105 5812
f 4138 797 5106
f 4138 5106 7150
f 3132 39 5107
f 3132 5107 988
f 1627 3499 5108
f 1627 5108 3722
f 1528 4338 5109
f 1528 5109 3544
f 723 4339 5110
f 723 5110 2595
f 1595 4327 5111
f 1595 5111 2535
f 383 2487 5112
f 7168 5950 2518
f 1210 2480 5113
f 1210 5113 3242
f 1411 3244 5114
f 1411 5114 529
f 171 2463 5115
f 7167 5951 2517
f 7449 4326 5116
f 7449 5116 4214
f 7674 3898 5117
f 7674 5117 6221
f 1000 4336 5118
f 7421 6301 2310
f 1593 6997 5119
f 1593 5119 3520
f 1304 7206 5120
f 1304 5120 1087
f 7463 4328 5121
f 7463 5121 4212
f 1590 7000 5122
f 1590 5122 3516
f 2598 3559 5123
f 2598 5123 4373
f 1704 1345 5124
f 1704 5124 2322
f 1002 4277 5125
f 1002 5125 1911
f 1598 4338 5126
f 1598 5126 3494
f 1361 4339 5127
f 1361 5127 3502
f 1934 7057 5128
f 1934 5128 877
f 357 3093 5129
f 357 5129 1866
f 1937 7056 5130
f 1937 5130 1189
f 649 4352 5131
f 649 5131 2302
f 6434 4428 5132
f 6434 5132 7639
f 908 3329 5133
f 908 5133 6299
f 1646 733 5134
f 1646 5134 3245
f 1043 3246 5135
f 1043 5135 638
f 533 1174 5136
f 533 5136 1015
f 1613 3670 5137
f 1613 5137 4297
f 352 1369 5138
f 352 5138 886
f 628 7076 5139
f 6150 5139 4510
f 1295 4333 5140
f 1295 5140 3519
f 3113 3789 5141
f 3113 5141 7113
f 2179 7170 5142
f 2179 5142 3017
f 3745 3152 5143
f 3745 5143 1388
f 1698 1835 5144
f 1698 5144 2010
f 3009 7253 5145
f 3009 5145 993
f 3012 7254 5146
f 3012 5146 1350
f 610 1837 5147
f 610 5147 4423
f 7549 6345 5148
f 7549 5148 3161
f 1664 3793 5149
f 1664 5149 7111
f 646 6077 5150
f 646 5150 4330
f 799 938 5151
f 7192 6064 1881
f 531 1128 5152
f 7191 6066 2968
f 211 2945 5153
f 7256 6124 3178
f 3118 7113 5154
f 3118 5154 4368
f 1378 4410 5155
f 1378 5155 201
f 3751 4344 5156
f 3751 5156 1383
f 1236 2315 5157
f 1236 5157 1442
f 1433 2314 5158
f 1433 5158 1678
f 2524 7126 5159
f 2524 5159 7169
f 1327 614 5160
f 1327 5160 6057
f 3232 480 5161
f 3232 5161 2755
f 3091 4358 5162
f 3091 5162 7182
f 2345 7048 5163
f 2345 5163 11
f 7553 6327 5164
f 7553 5164 3164
f 766 3770 5165
f 6498 7683 4492
f 2283 7111 5166
f 2283 5166 4377
f 2626 3843 5167
f 2626 7268 6252
f 1205 2760 5168
f 1205 5168 7189
f 1607 4148 5169
f 1607 5169 4363
f 2721 2229 5170
f 2721 5170 2316
f 536 6048 5171
f 6837 5171 2575
f 1880 3527 5172
f 1880 5172 4367
f 1156 4434 5173
f 1156 5173 6115
f 690 1851 5174
f 690 5174 4382
f 1102 1874 5175
f 1102 5175 1875
f 3100 728 5176
f 3100 5176 4366
f 3114 4384 5177
f 3114 5177 1187
f 514 1643 5178
f 514 5178 6925
f 1959 7430 6313
f 1959 6313 4416
f 6470 3750 5180
f 6470 5180 7614
f 1238 1444 5181
f 1238 5181 2319
f 1060 1240 5182
f 1060 5182 1984
f 7581 3773 5183
f 7581 5183 6360
f 2153 4440 5184
f 2153 5184 361
f 986 3098 5185
f 986 5185 7179
f 2197 6106 5186
f 2197 5186 3499
f 2708 1985 5187
f 2708 5187 6091
f 2707 1986 5188
f 2707 5188 6092
f 3168 195 5189
f 3168 5189 6036
f 3169 196 5190
f 3169 5190 6037
f 1611 534 5191
f 1611 5191 4455
f 1884 1534 5192
f 1884 5192 4454
f 4048 272 5193
f 4048 5193 6256
f 1423 3300 5194
f 1423 5194 6297
f 1221 3299 5195
f 1221 5195 6295
f 1363 7148 5196
f 1363 5196 88
f 7585 4388 5197
f 7585 5197 6398
f 743 4422 5198
f 743 5198 4234
f 1010 462 5199
f 1010 5199 4384
f 2563 6114 5200
f 2563 5200 7270
f 1602 78 5201
f 1602 5201 4299
f 2572 3030 5202
f 2572 5202 4412
f 2571 3028 5203
f 2571 5203 4411
f 3182 1018 5204
f 3182 5204 7493
f 179 983 5205
f 179 7529 6368
f 424 2689 5206
f 424 5206 2265
f 736 2690 5207
f 736 5207 3094
f 1901 1179 5208
f 1901 5208 4410
f 849 3093 5209
f 849 5209 7211
f 1870 262 5210
f 1870 5210 3732
f 4047 273 5211
f 4047 5211 6255
f 2635 4426 5212
f 2635 5212 989
f 269 3741 5213
f 269 5213 1412
f 2341 2747 5214
f 2341 5214 758
f 2333 881 5215
f 2333 5215 2750
f 2343 2748 5216
f 2343 5216 759
f 2334 882 5217
f 2334 5217 2749
f 1430 6183 5218
f 1430 5218 3897
f 1676 6339 5219
f 1676 5219 7392
f 2300 6089 5220
f 2300 5220 422
f 2299 6088 5221
f 2299 5221 421
f 1675 6333 5222
f 1675 5222 7391
f 3183 2190 5223
f 3183 5223 7488
f 3160 468 5224
f 3160 5224 7213
f 3159 407 5225
f 3159 5225 7212
f 890 3184 5226
f 7577 6420 3780
f 3764 555 5227
f 3764 5227 7216
f 3766 486 5228
f 3766 5228 7217
f 6159 1859 5229
f 2701 5229 751
f 7654 6455 5230
f 7654 5230 6467
f 2939 4404 5231
f 2939 5231 413
f 218 3685 5232
f 7369 6239 1933
f 219 3678 5233
f 7370 6242 1932
f 3196 10 5234
f 3196 5234 4345
f 1928 6125 5235
f 1928 5235 659
f 2731 9 5236
f 2731 5236 4335
f 4435 3748 5237
f 4435 5237 363
f 1953 428 5238
f 1953 5238 3807
f 4089 3756 5239
f 4089 5239 212
f 2293 3814 5240
f 2293 5240 862
f 1399 830 5241
f 1399 5241 1701
f 2238 3059 5242
f 2238 5242 3770
f 7568 4551 5243
f 7568 5243 6446
f 1011 1915 5244
f 1011 5244 4448
f 270 7058 5245
f 270 5245 2525
f 557 3749 5246
f 557 5246 1911
f 87 4413 5247
f 7481 6342 1677
f 2733 363 5248
f 2733 5248 3790
f 2737 4377 5249
f 2737 5249 25
f 2663 6346 5250
f 2663 5250 7261
f 2738 4368 5251
f 2738 5251 24
f 6426 4552 5252
f 6426 5252 7597
f 2658 2266 5253
f 2658 5253 4405
f 1021 2732 5254
f 1021 5254 4462
f 204 3753 5255
f 204 5255 1658
f 203 2346 5256
f 203 5256 1659
f 968 1839 5257
f 968 5257 3619
f 1228 3231 5258
f 1228 5258 491
f 1062 6356 7547
f 1062 7547 4549
f 650 312 6451
f 650 6451 313
f 3578 4401 5261
f 3578 5261 4220
f 652 3004 5262
f 652 5262 4430
f 158 6253 5263
f 158 5263 7188
f 157 6254 5264
f 157 5264 7183
f 1203 3784 5265
f 1203 5265 3799
f 1202 3785 5266
f 1202 5266 3800
f 1360 4475 5267
f 1360 5267 265
f 2239 7195 5268
f 2239 5268 34
f 864 1439 5269
f 864 5269 6231
f 768 1445 5270
f 768 5270 6234
f 2287 2983 5271
f 2287 5271 4556
f 2653 4617 5272
f 2653 5272 1641
f 2761 7287 5273
f 2761 5273 1039
f 2651 4525 5274
f 2651 5274 200
f 3680 2983 5275
f 3680 5275 6262
f 3540 7222 5276
f 3540 5276 4211
f 411 2640 5277
f 411 5277 6174
f 255 1190 6466
f 255 6466 2627
f 3110 6067 5279
f 3110 5279 34
f 1137 731 5280
f 1137 5280 7245
f 2005 1208 5281
f 2005 5281 6160
f 79 3090 5282
f 79 5282 2632
f 80 2262 5283
f 80 5283 3621
f 3067 7478 5284
f 3067 5284 3645
f 1958 4566 5285
f 1958 5285 6349
f 1914 7289 5286
f 1914 5286 671
f 2619 7460 5287
f 2619 5287 3650
f 1464 771 5288
f 1464 5288 7287
f 2267 1648 6474
f 2267 6474 1660
f 3055 4476 5290
f 3055 5290 4478
f 2260 1023 6482
f 2260 6482 316
f 4465 7494 5292
f 4465 5292 1384
f 7642 3240 5293
f 7642 5293 6366
f 84 4427 5294
f 84 5294 1948
f 859 4536 5295
f 859 5295 1902
f 640 1903 5296
f 640 5296 4537
f 1224 4561 5297
f 1224 5297 1923
f 1725 577 5298
f 1725 5298 904
f 1897 6191 5299
f 1897 5299 183
f 2809 670 5300
f 2809 5300 2378
f 3829 1031 5301
f 3829 5301 1207
f 3804 6166 5302
f 3804 5302 1031
f 2105 7297 5303
f 2105 5303 976
f 750 3743 5304
f 750 5304 4481
f 840 2106 5305
f 840 5305 3840
f 2697 7349 5306
f 2697 5306 3827
f 4431 1375 5307
f 4431 5307 6197
f 222 4441 5308
f 7416 6210 3665
f 734 4447 5309
f 7414 6212 3664
f 3243 2249 5310
f 3243 5310 7349
f 216 1986 5311
f 216 5311 6206
f 215 1985 5312
f 215 5312 6209
f 1230 1979 5313
f 1230 5313 2313
f 2261 6222 5314
f 2261 5314 7321
f 658 4284 5315
f 658 5315 4498
f 657 4285 5316
f 657 5316 4499
f 1347 3659 5317
f 1347 5317 7312
f 749 3742 5318
f 749 5318 4483
f 3794 7325 5319
f 3794 5319 6213
f 3795 7324 5320
f 3795 5320 6215
f 77 3097 5321
f 77 5321 1366
f 3095 4527 5322
f 3095 5322 726
f 2703 985 5323
f 2703 5323 6218
f 3697 4281 5324
f 3697 5324 4504
f 3681 4516 5325
f 3681 5325 4276
f 3699 4276 5326
f 3699 5326 4505
f 2670 6185 5327
f 2670 5327 4491
f 202 1377 5328
f 202 5328 6223
f 1896 7402 5329
f 1896 5329 184
f 1966 3851 5330
f 1966 5330 571
f 1577 461 5331
f 1577 5331 4520
f 637 1927 5332
f 637 5332 6277
f 91 3197 5333
f 6609 7791 3943
f 3431 607 5334
f 3431 5334 4521
f 851 3668 5335
f 851 5335 6271
f 1967 3850 5336
f 1967 5336 647
f 4490 2579 5337
f 4490 5337 7397
f 4488 1657 5338
f 4488 5338 7398
f 3222 7371 5339
f 3222 5339 3860
f 3103 4252 5340
f 3103 5340 4525
f 3227 7375 5341
f 3227 5341 3859
f 1143 4484 5342
f 6280 7437 4522
f 1142 4493 5343
f 6279 7446 4519
f 2530 6263 5344
f 2530 5344 1616
f 1429 1702 5345
f 1429 5345 2782
f 4331 7406 5346
f 4331 5346 7350
f 1614 6265 5347
f 1614 5347 2216
f 4332 7405 5348
f 4332 5348 7356
f 4445 717 5349
f 4445 5349 7383
f 2578 1918 5350
f 2578 5350 6267
f 4446 552 5351
f 4446 5351 7384
f 1246 4325 5352
f 1246 5352 93
f 2806 4596 5353
f 2806 5353 1974
f 86 4323 5354
f 86 5354 7457
f 3167 3797 5355
f 3167 5355 2791
f 266 6273 5356
f 266 5356 1632
f 73 3124 5357
f 73 5357 4395
f 74 2669 5358
f 74 5358 4396
f 1992 4569 5359
f 1992 5359 479
f 7699 2706 5360
f 7699 5360 4557
f 1144 1633 5361
f 1144 5361 7444
f 267 6276 5362
f 267 5362 2591
f 415 3876 5363
f 415 5363 4284
f 367 3882 5364
f 367 5364 4285
f 1691 4477 5365
f 1691 5365 94
f 7714 6489 5366
f 7714 5366 6528
f 2792 479 5367
f 2792 5367 4576
f 484 1028 5368
f 484 5368 4539
f 858 1625 5369
f 858 5369 4550
f 2576 465 5370
f 2576 5370 7406
f 494 4547 5371
f 494 5371 2035
f 95 4541 5372
f 95 5372 7698
f 3005 464 5373
f 3005 5373 7405
f 120 4543 5374
f 7500 5374 6203
f 119 4559 5375
f 7507 5375 2808
f 2712 996 5376
f 2712 5376 721
f 493 4548 5377
f 493 5377 2794
f 1213 2793 5378
f 1213 5378 4579
f 1159 2366 5379
f 1159 5379 2362
f 889 2023 5380
f 889 5380 2361
f 2711 642 5381
f 2711 5381 754
f 3146 3854 5382
f 3146 5382 6130
f 3144 7661 5383
f 3144 5383 3563
f 124 3315 5384
f 124 5384 2819
f 3268 4604 5385
f 3268 5385 4558
f 2683 3611 5386
f 2683 5386 6233
f 7772 6559 5387
f 7772 5387 6579
f 7773 6582 5388
f 7773 5388 6556
f 3277 1214 5389
f 3277 5389 559
f 7775 6598 5390
f 7775 5390 6571
f 7777 6573 5391
f 7777 5391 4598
f 7770 4582 5392
f 7770 5392 4587
f 7771 4583 5393
f 7771 5393 4588
f 885 2017 5394
f 885 5394 2355
f 1001 7486 5395
f 1001 5395 6369
f 3264 6325 5396
f 3264 5396 1201
f 665 2757 5397
f 665 5397 2354
f 7779 6580 5398
f 7779 5398 6570
f 7780 6594 5399
f 7780 5399 6574
f 7782 6577 5400
f 7782 5400 6595
f 7783 6586 5401
f 7783 5401 6602
f 2767 7496 5402
f 2767 5402 209
f 370 3263 5403
f 370 5403 7479
f 1908 1161 5404
f 1908 5404 7522
f 6552 7724 5405
f 6552 5405 7707
f 115 3870 5406
f 115 5406 2784
f 1457 570 5407
f 1457 5407 7491
f 2766 7512 5408
f 2766 5408 208
f 1452 3328 5409
f 1452 5409 3704
f 1244 3934 5410
f 1244 5410 4365
f 1456 873 5411
f 1456 5411 7490
f 2309 1005 5412
f 2309 5412 7554
f 431 6343 5413
f 431 5413 4553
f 872 1968 5414
f 872 5414 3297
f 7732 3317 5415
f 7732 5415 6601
f 7733 3313 5416
f 7733 5416 6572
f 1014 2254 5417
f 1014 5417 1912
f 432 3914 5418
f 432 5418 4584
f 1367 2256 5419
f 1367 5419 2183
f 7764 4641 5420
f 7764 5420 6549
f 7761 4638 5421
f 7761 5421 6547
f 772 4563 5422
f 772 5422 7600
f 662 4561 5423
f 7590 6433 3886
f 6603 3922 5424
f 6603 5424 7749
f 1358 305 5425
f 1358 5425 4585
f 1443 727 5426
f 1443 5426 7589
f 1438 7551 5427
f 1438 5427 3842
f 1673 7541 5428
f 1673 5428 3841
f 1050 3274 5429
f 1050 5429 4611
f 2681 566 5430
f 2681 5430 4614
f 7769 6560 5431
f 7769 5431 4642
f 7768 6558 5432
f 7768 5432 4639
f 6604 7736 5433
f 6604 5433 4612
f 573 4518 5434
f 7534 6387 3868
f 499 4526 5435
f 7533 6375 3287
f 2357 870 5436
f 2357 5436 4615
f 1594 4622 5437
f 1594 5437 1406
f 1017 559 5438
f 1017 5438 4617
f 7784 6598 5439
f 7784 5439 4602
f 7785 6582 5440
f 7785 5440 4603
f 495 2372 5441
f 7517 6365 4626
f 2351 3314 5442
f 2351 5442 6211
f 252 1968 5443
f 252 5443 1063
f 7788 4608 5444
f 7788 5444 6596
f 7789 4609 5445
f 7789 5445 6579
f 667 3844 5446
f 7566 6395 3858
f 666 4515 5447
f 666 5447 6400
f 2358 7531 5448
f 2358 5448 7662
f 123 4594 5449
f 7519 6372 1455
f 372 4597 5450
f 7520 6371 1703
f 1462 6445 5451
f 1462 5451 571
f 6611 7752 5452
f 6611 5452 4618
f 2359 7532 5453
f 2359 5453 7666
f 76 868 5454
f 76 5454 3878
f 75 1365 5455
f 75 5455 3879
f 572 1440 5456
f 572 5456 4630
f 863 4631 5457
f 863 5457 1211
f 764 1441 5458
f 764 5458 4627
f 7762 6631 5459
f 7762 5459 6619
f 7763 6615 5460
f 7763 5460 6588
f 1699 2756 5461
f 1699 5461 1995
f 2666 735 5462
f 2666 5462 6495
f 3191 7389 5463
f 3191 5463 3854
f 7781 4633 5464
f 7781 5464 6631
f 2039 7525 5465
f 2039 5465 1250
f 1463 647 5466
f 1463 5466 6478
f 6616 7758 5467
f 6616 5467 4644
f 297 3948 5468
f 297 5468 1563
f 3260 116 5469
f 3260 5469 775
f 1200 330 5470
f 1200 5470 6416
f 2031 4556 5471
f 2031 5471 89
f 2383 4479 5472
f 2383 5472 7563
f 3258 1037 5473
f 3258 5473 7588
f 3288 761 5474
f 3288 5474 7497
f 4572 567 5475
f 4572 5475 6441
f 3286 663 5476
f 3286 5476 7503
f 6121 3920 5477
f 6121 5477 4649
f 1029 4636 5478
f 1029 5478 2363
f 3261 2019 5479
f 3261 5479 4693
f 6123 3910 5480
f 6123 5480 4650
f 767 4643 5481
f 767 5481 2364
f 3262 2018 5482
f 3262 5482 4692
f 4571 753 5483
f 4571 5483 6448
f 478 2353 5484
f 478 5484 7579
f 37 4657 5485
f 37 5485 4658
f 7797 4647 5486
f 7797 5486 4662
f 1723 2030 5487
f 1723 5487 7570
f 4546 6429 5488
f 4546 5488 2277
f 6626 4661 5489
f 6626 5489 7792
f 3806 770 5490
f 3806 5490 6429
f 4064 669 5491
f 4064 5491 6428
f 1204 1634 5492
f 1204 5492 4652
f 4545 6428 5493
f 4545 5493 2656
f 1032 1976 5494
f 1032 5494 4653
f 96 2373 5495
f 96 5495 7594
f 7807 6613 5496
f 7807 5496 6649
f 7808 6548 5497
f 7808 5497 6632
f 1180 125 5498
f 1180 5498 1013
f 3931 7576 5499
f 3931 5499 7605
f 7800 4680 5500
f 7800 5500 6599
f 7799 4681 5501
f 7799 5501 6600
f 7801 4654 5502
f 7801 5502 4665
f 1227 6465 5503
f 1227 5503 4553
f 7803 6605 5504
f 7803 5504 4677
f 7802 6607 5505
f 7802 5505 4678
f 668 3141 5506
f 668 5506 4667
f 1035 6468 5507
f 1035 5507 7641
f 1036 6471 5508
f 1036 5508 7643
f 298 656 5509
f 298 5509 1173
f 3320 6456 5510
f 3320 5510 4512
f 3936 92 5511
f 3936 5511 7653
f 2822 4670 5512
f 2822 5512 1065
f 893 4675 5513
f 893 5513 2220
f 2823 4669 5514
f 2823 5514 1064
f 741 3278 5515
f 741 5515 305
f 2397 1222 5516
f 2397 5516 4679
f 3322 6488 5517
f 3322 5517 496
f 6268 3282 5518
f 6268 5518 1666
f 6269 3272 5519
f 6269 5519 1052
f 423 2757 5520
f 423 5520 2361
f 551 2017 5521
f 551 5521 2362
f 7805 4666 5522
f 7805 5522 4671
f 760 4685 5523
f 760 5523 1713
f 7817 6654 5524
f 7817 5524 3952
f 7824 6653 5525
f 7824 5525 4683
f 7822 3951 5526
f 7822 5526 6652
f 660 3856 5527
f 660 5527 2364
f 497 3857 5528
f 497 5528 2363
f 7826 4682 5529
f 7826 5529 6651
f 7821 6646 5530
f 7821 5530 4691
f 7828 4688 5531
f 7828 5531 4689
f 7825 4691 5532
f 7825 5532 6643
f 524 2779 5533
f 524 5533 1726
f 632 2327 5534
f 632 5534 2793
f 7809 6659 5535
f 7809 5535 4673
f 7806 4696 5536
f 7806 5536 6637
f 2395 4692 5537
f 2395 5537 773
f 2025 3224 7810
f 2025 7810 2377
f 2813 773 5539
f 2813 5539 4690
f 3926 7700 5540
f 3926 5540 6617
f 7829 4668 5541
f 7829 5541 4663
f 2396 4693 5542
f 2396 5542 895
f 2812 895 5543
f 2812 5543 4694
f 2398 1424 5544
f 2398 5544 7713
f 129 7712 5545
f 129 5545 7697
f 907 6658 5546
f 907 5546 7776
f 854 7767 5547
f 854 5547 2682
f 3947 7731 5548
f 3947 5548 4668
f 3334 6629 5549
f 3334 5549 4640
f 3938 6638 5550
f 3938 5550 4645
f 2332 6630 5551
f 2332 5551 2642
f 1705 6637 5552
f 1705 5552 2388
f 476 3292 5553
f 476 5553 7758
f 1058 7792 5554
f 1058 5554 6660
f 3945 7776 5555
f 3945 5555 4663
f 3953 4695 5556
f 3953 5556 7804
f 2866 921 5557
f 2866 5557 6681
f 501 2045 5558
f 501 5558 2401
f 333 1479 5559
f 333 5559 6665
f 3365 43 5560
f 3365 5560 2833
f 42 2040 5561
f 42 5561 2830
f 3342 4704 5562
f 3342 5562 1067
f 781 2406 5563
f 781 5563 3961
f 1070 6666 5564
f 1070 5564 2051
f 782 6673 5565
f 782 5565 1484
f 2834 6677 5566
f 2834 5566 673
f 3348 6677 5567
f 3348 5567 915
f 3345 6680 5568
f 3345 5568 504
f 2048 4757 5569
f 2048 5569 4032
f 3346 6680 5570
f 3346 5570 581
f 2408 6675 5571
f 2408 5571 166
f 1733 4701 5572
f 1733 5572 2441
f 3072 4509 5573
f 3072 5573 4099
f 2862 3377 5574
f 2862 5574 1471
f 3358 44 5575
f 3358 5575 6684
f 3361 4722 5576
f 3361 5576 180
f 4721 3988 5577
f 4721 5577 917
f 2854 138 5578
f 2854 5578 6698
f 2068 6688 5579
f 2068 5579 1258
f 2407 6709 5580
f 2407 5580 920
f 3341 6708 5581
f 3341 5581 2400
f 3986 2826 5582
f 3986 5582 6694
f 3987 1255 5583
f 3987 5583 6695
f 181 947 5584
f 181 5584 6724
f 3982 168 5585
f 3982 5585 6696
f 4730 376 5586
f 4730 5586 6697
f 2861 921 5587
f 2861 5587 6706
f 1256 3985 5588
f 1256 5588 4742
f 337 6715 5589
f 337 5589 1506
f 613 2949 5590
f 613 5590 4108
f 3356 6694 5591
f 3356 5591 258
f 3355 6695 5592
f 3355 5592 437
f 257 4794 5593
f 257 5593 2859
f 1259 3996 5594
f 1259 5594 6728
f 2042 2886 5595
f 2042 5595 2835
f 1762 6691 5596
f 1762 5596 156
f 508 2402 5597
f 508 5597 4010
f 4716 6693 5598
f 4716 5598 155
f 256 1501 5599
f 256 5599 3980
f 798 6751 5600
f 798 5600 6690
f 2837 3388 5601
f 2837 5601 1069
f 1765 507 5602
f 1765 5602 4778
f 1274 2093 5603
f 1274 5603 582
f 1298 4144 5604
f 1298 5604 3503
f 950 4141 5605
f 950 5605 3504
f 2423 585 5606
f 2423 5606 4779
f 696 1125 5607
f 696 5607 2878
f 1503 3958 5608
f 1503 5608 792
f 1309 1106 5609
f 1309 5609 708
f 6979 5059 5610
f 6979 5610 3223
f 3802 5010 5611
f 3802 5611 622
f 983 6685 5612
f 983 5612 597
f 404 3456 5613
f 6774 5613 4832
f 1745 6741 5614
f 1745 5614 2835
f 1863 3724 5615
f 1863 5615 7162
f 783 4818 5616
f 6770 5616 4079
f 1746 2096 5617
f 1746 5617 3396
f 3344 6742 5618
f 3344 5618 2409
f 2054 2420 5619
f 2054 5619 6729
f 1316 3008 5620
f 1316 5620 4242
f 678 6722 5621
f 678 5621 2431
f 586 6724 5622
f 586 5622 3364
f 2493 4904 5623
f 2493 5623 7055
f 3159 1588 5624
f 3159 5624 3723
f 579 2848 5625
f 579 5625 4018
f 3405 4782 5626
f 3405 5626 780
f 1275 6740 5627
f 1275 5627 4785
f 3404 6736 5628
f 3404 5628 583
f 4015 6744 5629
f 4015 5629 2047
f 4014 6743 5630
f 4014 5630 931
f 786 6737 5631
f 786 5631 2061
f 4767 6738 5632
f 4767 5632 173
f 4768 6739 5633
f 4768 5633 172
f 3416 176 5634
f 3416 5634 6755
f 2460 176 5635
f 2460 5635 6748
f 434 6740 5636
f 434 5636 1500
f 435 3370 5637
f 435 5637 6745
f 378 3371 5638
f 378 5638 6750
f 177 6753 5639
f 177 5639 4799
f 513 1800 5640
f 513 5640 6754
f 3052 3451 5641
f 3052 5641 827
f 147 3352 5642
f 147 5642 6741
f 148 3353 5643
f 148 5643 6742
f 3039 1334 5644
f 3039 5644 2512
f 2141 2961 5645
f 2141 5645 698
f 4770 1266 5646
f 4770 5646 6767
f 4025 800 5647
f 4025 5647 6766
f 2472 1079 5648
f 2472 5648 6771
f 2473 686 5649
f 2473 5649 6772
f 1496 4111 5650
f 1496 5650 6792
f 3414 375 5651
f 3414 5651 6763
f 3415 912 5652
f 3415 5652 6764
f 1756 6784 5653
f 1756 5653 2852
f 1757 6785 5654
f 1757 5654 2853
f 3983 6789 5655
f 3983 5655 335
f 703 3488 5656
f 703 5656 1817
f 3984 6790 5657
f 3984 5657 165
f 1548 6941 5658
f 1548 5658 4119
f 503 6761 5659
f 503 5659 4078
f 587 3371 5660
f 587 5660 6780
f 2403 6733 5661
f 2403 5661 164
f 1130 6943 5662
f 1130 5662 3480
f 812 3491 5663
f 812 5663 1808
f 1115 4898 5664
f 1115 5664 4910
f 385 1790 5665
f 385 5665 6823
f 4825 6799 5666
f 4825 5666 228
f 2445 3497 5667
f 2445 5667 4169
f 832 4791 5668
f 832 5668 2475
f 1087 1763 5669
f 1087 5669 2515
f 2928 6944 5670
f 2928 5670 1280
f 4076 6805 5671
f 4076 5671 227
f 916 1766 5672
f 916 5672 2436
f 438 2847 5673
f 438 5673 2076
f 2073 6746 5674
f 2073 5674 679
f 2952 4905 5675
f 2952 5675 811
f 2432 6747 5676
f 2432 5676 339
f 1363 469 5677
f 1363 5677 4272
f 2195 3639 5678
f 2195 5678 509
f 2082 4806 5679
f 2082 5679 797
f 2062 4848 5680
f 2062 5680 6794
f 1502 6795 5681
f 1502 5681 4847
f 1605 5210 5682
f 1605 5682 2687
f 2063 6797 5683
f 2063 5683 2841
f 2422 6796 5684
f 2422 5684 3350
f 3373 6807 5685
f 3373 5685 789
f 2897 224 5686
f 2897 5686 4862
f 223 4082 5687
f 223 5687 6786
f 3381 259 5688
f 3381 5688 3054
f 3994 6830 5689
f 3994 5689 343
f 2451 790 5690
f 2451 5690 4066
f 2067 1749 5691
f 2067 5691 3351
f 1759 3467 5692
f 1759 5692 4853
f 1522 911 5693
f 1522 5693 2234
f 4746 175 5694
f 4746 5694 6845
f 2874 6832 5695
f 2874 5695 389
f 4004 174 5696
f 4004 5696 6849
f 182 1281 5697
f 182 5697 3364
f 2872 153 5698
f 2872 5698 6815
f 1289 6824 5699
f 1289 5699 4809
f 2941 604 5700
f 2941 5700 6901
f 816 6827 5701
f 816 5701 2967
f 1498 914 5702
f 1498 5702 4810
f 1518 151 5703
f 1518 5703 4856
f 828 6936 5704
f 828 5704 3561
f 1311 2163 5705
f 1311 5705 4137
f 4059 1738 5706
f 4059 5706 6904
f 436 6812 5707
f 436 5707 1281
f 584 6813 5708
f 584 5708 2060
f 4676 2006 5709
f 4676 5709 5509
f 2088 152 5710
f 2088 5710 4125
f 268 4103 5711
f 268 5711 1104
f 3369 2417 5712
f 3369 5712 6932
f 3518 6877 5713
f 3518 5713 1789
f 3417 6781 5714
f 3417 5714 144
f 4135 341 5715
f 4135 5715 2555
f 274 4943 5716
f 274 5716 3375
f 2177 1796 5717
f 2177 5717 3553
f 4876 340 5718
f 4876 5718 2558
f 108 2182 5719
f 108 5719 2531
f 2992 6835 5720
f 2992 5720 68
f 700 6902 5721
f 700 5721 2202
f 67 3513 5722
f 67 5722 2503
f 3374 6894 5723
f 3374 5723 226
f 1137 188 5724
f 1137 5724 4109
f 4074 811 5725
f 4074 5725 3573
f 1793 171 5726
f 1793 5726 4054
f 720 4164 5727
f 720 5727 3525
f 456 1813 5728
f 456 5728 3547
f 936 2138 5729
f 936 5729 4860
f 4206 2243 5730
f 4206 5730 114
f 1791 383 5731
f 1791 5731 4813
f 1176 2654 5732
f 1176 5732 5213
f 2116 6874 5733
f 2116 5733 919
f 3425 4953 5734
f 3425 5734 1112
f 2469 6875 5735
f 2469 5735 1264
f 1525 6878 5736
f 1525 5736 6872
f 804 3432 5737
f 804 5737 4858
f 4060 449 5738
f 4060 5738 6870
f 272 4238 5739
f 272 5739 4048
f 2954 6831 5740
f 2954 5740 50
f 4080 6834 5741
f 4080 5741 49
f 2164 809 5742
f 2164 5742 6852
f 3449 611 5743
f 3449 5743 6851
f 2172 1339 5744
f 2172 5744 4738
f 598 4907 5745
f 598 5745 3413
f 4179 6898 5746
f 4179 5746 1312
f 3453 6842 5747
f 3453 5747 141
f 880 5246 5748
f 880 5748 7488
f 1188 3651 5749
f 1188 5749 5245
f 837 4472 5750
f 837 5750 7493
f 625 4277 5751
f 625 5751 1164
f 69 2130 5752
f 69 5752 4132
f 70 1842 5753
f 70 5753 3537
f 4814 377 5754
f 4814 5754 6908
f 2173 1338 5755
f 2173 5755 973
f 132 6864 5756
f 132 5756 3472
f 1118 4986 5757
f 1118 5757 3607
f 1784 6826 5758
f 1784 5758 601
f 1089 2145 5759
f 1089 5759 4931
f 2499 1272 5760
f 2499 5760 4930
f 3383 153 5761
f 3383 5761 680
f 2926 133 5762
f 2926 5762 6867
f 3382 154 5763
f 3382 5763 681
f 4879 6885 5764
f 4879 5764 957
f 3380 6828 5765
f 3380 5765 1085
f 2143 6883 5766
f 2143 5766 706
f 2452 386 5767
f 2452 5767 6887
f 602 4168 5768
f 602 5768 2474
f 3444 162 5769
f 3444 5769 6886
f 2156 388 5770
f 2156 5770 6888
f 1268 6840 5771
f 1268 5771 1569
f 459 4920 5772
f 459 5772 3418
f 1586 5014 5773
f 1586 5773 690
f 1325 6962 5774
f 1325 5774 4948
f 3387 923 5775
f 3387 5775 6890
f 2440 6929 5776
f 2440 5776 510
f 2919 6873 5777
f 2919 5777 522
f 2168 941 5778
f 2168 5778 4965
f 1291 6906 5779
f 1291 5779 2636
f 517 4961 5780
f 517 5780 1811
f 3560 1290 5781
f 3560 5781 6862
f 1783 143 5782
f 1783 5782 6891
f 241 6897 5783
f 241 5783 2891
f 4195 102 5784
f 4195 5784 4906
f 1288 1877 5785
f 1288 5785 4872
f 2943 6935 5786
f 2943 5786 160
f 4191 399 5787
f 4191 5787 835
f 2419 144 5788
f 2419 5788 6909
f 2561 1772 5789
f 2561 5789 3593
f 2210 1328 5790
f 2210 5790 3592
f 2944 6939 5791
f 2944 5791 159
f 4210 447 5792
f 4210 5792 7006
f 4176 342 5793
f 4176 5793 7082
f 3419 3076 5794
f 6711 5794 5077
f 104 4978 5795
f 104 5795 6910
f 105 4979 5796
f 105 5796 6907
f 47 2187 5797
f 47 5797 2998
f 48 2527 5798
f 48 5798 3000
f 636 6860 5799
f 636 5799 7074
f 109 4196 5800
f 109 5800 4233
f 1546 3529 5801
f 1546 5801 3609
f 796 1507 5802
f 796 5802 6823
f 829 6882 5803
f 829 5803 2542
f 1347 4308 5804
f 1347 5804 4432
f 2087 5045 5805
f 2087 5805 245
f 6718 4984 5806
f 2142 5806 2940
f 65 2478 5807
f 65 5807 6892
f 66 2099 5808
f 66 5808 6914
f 2918 3692 5809
f 6710 5809 5101
f 2424 3447 5810
f 2424 5810 1771
f 2495 6924 5811
f 2495 5811 142
f 4177 590 5812
f 4177 5812 7142
f 930 6942 5813
f 930 5813 2118
f 3990 7185 5814
f 3990 5814 922
f 2934 7001 5815
f 2934 5815 134
f 1504 3448 5816
f 1504 5816 1292
f 2151 7010 5817
f 2151 5817 393
f 516 6940 5818
f 516 5818 238
f 246 6951 5819
f 246 5819 3385
f 64 4121 5820
f 64 5820 6955
f 588 2553 5821
f 588 5821 6966
f 1882 6930 5822
f 1882 5822 600
f 2194 5046 5823
f 2194 5823 349
f 1494 6946 5824
f 1494 5824 6958
f 277 6956 5825
f 277 5825 1282
f 295 238 5826
f 295 5826 6956
f 276 6952 5827
f 276 5827 6961
f 485 3138 5828
f 485 5828 5056
f 425 5057 5829
f 425 5829 3627
f 347 5019 5830
f 347 5830 6960
f 2123 6958 5831
f 2123 5831 6957
f 4019 6970 5832
f 4019 5832 4762
f 1743 237 5833
f 1743 5833 5012
f 3027 523 5834
f 3027 5834 1107
f 3476 2915 5835
f 3476 5835 2877
f 3029 26 5836
f 3029 5836 1511
f 793 5005 5837
f 793 5837 4951
f 4758 7033 5838
f 4758 5838 135
f 3539 6973 5839
f 3539 5839 31
f 2494 6870 5840
f 2494 5840 4150
f 2589 31 5841
f 2589 5841 6980
f 2471 7020 5842
f 2471 5842 594
f 458 6961 5843
f 458 5843 1092
f 4815 7022 5844
f 4815 5844 1093
f 2593 621 5845
f 2593 5845 4279
f 2592 4278 5846
f 2592 5846 474
f 4894 1299 5847
f 4894 5847 4
f 457 6960 5848
f 457 5848 230
f 2231 6978 5849
f 2231 5849 396
f 2580 4283 5850
f 2580 5850 523
f 2588 396 5851
f 2588 5851 6984
f 3031 964 5852
f 3031 5852 3
f 7063 5070 5853
f 161 5853 4882
f 7066 5072 5854
f 505 5854 4880
f 4802 6890 5855
f 4802 5855 525
f 1568 7269 5856
f 1568 5856 3669
f 1342 5044 5857
f 1342 5857 4350
f 294 21 5858
f 294 5858 6970
f 1080 22 5859
f 1080 5859 6974
f 3571 4992 5860
f 3571 5860 334
f 1148 5036 5861
f 1148 5861 4351
f 1576 7035 5862
f 1576 5862 3206
f 2225 603 5863
f 2225 5863 3618
f 1865 7021 5864
f 1865 5864 1094
f 977 379 5865
f 977 5865 7330
f 1151 3695 5866
f 1151 5866 2986
f 707 7034 5867
f 707 5867 2193
f 416 1589 5868
f 416 5868 4986
f 1145 6963 5869
f 1145 5869 2624
f 2241 1139 5870
f 2241 5870 851
f 3011 4 5871
f 3011 5871 7030
f 2483 4265 5872
f 2483 5872 1993
f 1345 4267 5873
f 1345 5873 1704
f 3010 3 5874
f 3010 5874 7043
f 279 6989 5875
f 279 5875 7
f 1802 708 5876
f 1802 5876 7328
f 280 6993 5877
f 280 5877 8
f 705 5076 5878
f 705 5878 5236
f 993 5145 5879
f 993 5879 2559
f 1350 5146 5880
f 1350 5880 2556
f 4837 6915 5881
f 4837 5881 944
f 453 6950 5882
f 453 5882 3523
f 2144 1540 5883
f 2144 5883 7234
f 2922 7011 5884
f 2922 5884 4772
f 3100 1642 5885
f 3100 5885 728
f 3572 6937 5886
f 3572 5886 387
f 1567 5016 5887
f 1567 5887 7095
f 3019 23 5888
f 3019 5888 962
f 1152 5065 5889
f 1152 5889 5234
f 2912 7013 5890
f 2912 5890 4771
f 4838 6916 5891
f 4838 5891 945
f 3522 7008 5892
f 3522 5892 956
f 3018 1271 5893
f 3018 5893 603
f 4194 6847 5894
f 4194 5894 597
f 1329 3600 5895
f 1329 5895 6953
f 250 6889 5896
f 250 5896 4098
f 39 2255 5897
f 39 5897 5107
f 532 6893 5898
f 532 5898 3479
f 450 4156 5899
f 450 5899 6959
f 685 3555 5900
f 685 5900 6962
f 7047 5060 5901
f 480 5901 4301
f 292 7044 5902
f 292 5902 7011
f 1886 3688 5903
f 1886 5903 853
f 1612 5079 5904
f 1612 5904 3230
f 2801 3863 5905
f 2801 5905 1666
f 1835 5023 5906
f 1835 5906 5144
f 452 7045 5907
f 452 5907 7013
f 3501 4973 5908
f 3501 5908 616
f 1579 4263 5909
f 1579 5909 2644
f 281 7026 5910
f 281 5910 231
f 1189 1937 5911
f 1189 5911 1664
f 283 7027 5912
f 283 5912 1492
f 1320 445 5913
f 1320 5913 5032
f 2481 932 5914
f 2481 5914 403
f 1523 442 5915
f 1523 5915 5033
f 3002 7012 5916
f 3002 5916 140
f 4185 33 5917
f 4185 5917 7059
f 4186 7060 5918
f 4186 5918 32
f 4250 7215 5919
f 4250 5919 1816
f 282 7028 5920
f 282 5920 7062
f 3001 5066 5921
f 3001 5921 140
f 877 1934 5922
f 877 5922 3481
f 2085 7118 5923
f 2085 5923 145
f 3532 543 5924
f 3532 5924 688
f 2464 3601 5925
f 2464 5925 6969
f 284 7042 5926
f 284 5926 7061
f 2456 448 5927
f 2456 5927 7180
f 3531 544 5928
f 3531 5928 805
f 290 926 5929
f 290 5929 7044
f 2416 521 5930
f 2416 5930 7181
f 937 234 5931
f 937 5931 7045
f 412 5092 5932
f 412 5932 2583
f 285 7062 5933
f 285 5933 232
f 4083 6839 5934
f 4083 5934 51
f 2957 6841 5935
f 2957 5935 52
f 1786 7135 5936
f 1786 5936 146
f 1510 5095 5937
f 1510 5937 1904
f 287 7061 5938
f 287 5938 233
f 1828 7096 5939
f 1828 5939 6963
f 2159 5032 5940
f 2159 5940 7153
f 535 5068 5941
f 535 5941 4861
f 826 4884 5942
f 826 5942 7120
f 3705 7192 5943
f 3705 5943 1354
f 2614 7141 5944
f 2614 5944 987
f 4122 6926 5945
f 4122 5945 103
f 351 3483 5946
f 351 5946 7091
f 398 3016 5947
f 398 5947 7090
f 2158 5033 5948
f 2158 5948 7156
f 2585 688 5949
f 2585 5949 7099
f 5112 7168 5950
f 5112 5950 2155
f 5115 7167 5951
f 5115 5951 2937
f 2233 33 5952
f 2233 5952 7100
f 2597 7101 5953
f 2597 5953 32
f 242 2552 5954
f 242 5954 3058
f 2584 805 5955
f 2584 5955 7102
f 2479 440 5956
f 2479 5956 578
f 3588 1526 5957
f 3588 5957 7171
f 4901 7108 5958
f 4901 5958 19
f 3087 1340 5959
f 3087 5959 3733
f 4331 861 5960
f 4331 5960 3687
f 2596 6976 5961
f 2596 5961 2213
f 3021 473 5962
f 3021 5962 13
f 4332 1162 5963
f 4332 5963 3688
f 286 232 5964
f 286 5964 7106
f 289 7106 5965
f 289 5965 926
f 4900 7110 5966
f 4900 5966 18
f 4188 6848 5967
f 4188 5967 519
f 3615 6931 5968
f 3615 5968 634
f 1803 103 5969
f 1803 5969 4923
f 288 233 5970
f 288 5970 7107
f 3616 4239 5971
f 3616 5971 635
f 1126 3630 5972
f 1126 5972 247
f 291 7107 5973
f 291 5973 234
f 3020 961 5974
f 3020 5974 12
f 1030 7308 5975
f 1030 5975 5262
f 4105 5098 5976
f 4105 5976 336
f 4213 1007 5977
f 4213 5977 7170
f 1815 825 5978
f 1815 5978 7007
f 463 6983 5979
f 463 5979 1871
f 1331 5129 5980
f 1331 5980 7130
f 3542 13 5981
f 3542 5981 7112
f 2457 3631 5982
f 2457 5982 390
f 3546 7006 5983
f 3546 5983 2213
f 2972 7125 5984
f 2972 5984 739
f 1888 7124 5985
f 1888 5985 2148
f 3541 12 5986
f 3541 5986 7116
f 1837 36 5987
f 1837 5987 7151
f 704 6990 5988
f 704 5988 1873
f 518 1267 5989
f 518 5989 6945
f 3590 827 5990
f 3590 5990 7137
f 444 5053 5991
f 444 5991 3053
f 2117 959 5992
f 2117 5992 7077
f 596 1483 5993
f 596 5993 6938
f 4244 1073 5994
f 4244 5994 7144
f 3613 101 5995
f 3613 5995 7139
f 3528 7072 5996
f 3528 5996 509
f 3538 1755 5997
f 3538 5997 7108
f 951 1921 5998
f 951 5998 4327
f 3026 7112 5999
f 3026 5999 1755
f 742 2274 6000
f 742 6000 7147
f 1103 4126 6001
f 1103 6001 3713
f 2535 5111 6002
f 2535 6002 382
f 1596 1940 6003
f 1596 6003 7149
f 1201 3264 6004
f 1201 6004 3233
f 3032 7073 6005
f 3032 6005 469
f 2587 526 6006
f 2587 6006 7110
f 1293 7065 6007
f 1293 6007 61
f 3024 7116 6008
f 3024 6008 526
f 1774 7051 6009
f 1774 6009 60
f 4231 7089 6010
f 4231 6010 7137
f 1550 4217 6011
f 1550 6011 7105
f 408 4215 6012
f 408 6012 4989
f 3025 54 6013
f 3025 6013 5080
f 1551 4290 6014
f 1551 6014 7109
f 3023 53 6015
f 3023 6015 5083
f 4052 7181 6016
f 4052 6016 807
f 3494 7166 6017
f 3494 6017 1598
f 2152 952 6018
f 2152 6018 7092
f 3502 7173 6019
f 3502 6019 1361
f 3440 1490 6020
f 3440 6020 7093
f 4053 7180 6021
f 4053 6021 808
f 722 7088 6022
f 722 6022 3824
f 1869 7171 6023
f 1869 6023 2965
f 2237 6995 6024
f 2237 6024 3805
f 4228 1140 6025
f 4228 6025 7262
f 3080 6996 6026
f 3080 6026 111
f 4227 1552 6027
f 4227 6027 7263
f 1296 7207 6028
f 1296 6028 617
f 4411 1891 6029
f 4411 6029 7276
f 882 2334 6030
f 882 6030 4481
f 4412 1892 6031
f 4412 6031 7277
f 881 2333 6032
f 881 6032 4483
f 397 7114 6033
f 397 6033 1560
f 251 7115 6034
f 251 6034 1558
f 1797 61 6035
f 1797 6035 7129
f 1191 3168 6036
f 1191 6036 4422
f 1382 3169 6037
f 1382 6037 4424
f 428 1953 6038
f 428 6038 4448
f 5240 862 6039
f 5240 6039 7225
f 591 4174 6040
f 591 6040 3659
f 988 4317 6041
f 988 6041 2239
f 2924 139 6042
f 2924 6042 7165
f 4040 139 6043
f 4040 6043 7172
f 2204 2565 6044
f 2204 6044 7119
f 2102 60 6045
f 2102 6045 7134
f 3050 7064 6046
f 3050 6046 354
f 2604 4315 6047
f 2604 6047 353
f 2181 2951 6048
f 2181 6048 5171
f 1044 3885 6049
f 1044 6049 3270
f 3104 7205 6050
f 3104 6050 7143
f 1187 5177 6051
f 1187 6051 1941
f 5015 7203 6052
f 5015 6052 7141
f 1306 7275 6053
f 1306 6053 6944
f 541 7274 6054
f 541 6054 6949
f 3520 5119 6055
f 3520 6055 2247
f 441 4968 6056
f 441 6056 1267
f 2974 5160 6057
f 2974 6057 4378
f 871 3884 6058
f 871 6058 2393
f 3516 5122 6059
f 3516 6059 2613
f 1533 1771 6060
f 1533 6060 3047
f 1538 1292 6061
f 1538 6061 3049
f 3061 1330 6062
f 3061 6062 547
f 998 7150 6063
f 998 6063 2945
f 5151 1588 6064
f 5151 6064 7192
f 2149 5140 6065
f 2149 6065 4161
f 5152 2154 6066
f 5152 6066 7191
f 1008 7211 6067
f 1008 6067 3110
f 654 5167 6068
f 654 6068 1923
f 1531 188 6069
f 1531 6069 7176
f 3062 980 6070
f 3062 6070 5172
f 1867 358 6071
f 1867 6071 7094
f 1839 610 6072
f 1839 6072 5257
f 1854 401 6073
f 1854 6073 7280
f 1866 357 6074
f 1866 6074 7098
f 1587 7147 6075
f 1587 6075 2107
f 1853 691 6076
f 1853 6076 7279
f 1425 7177 6077
f 1425 6077 646
f 3514 7197 6078
f 3514 6078 803
f 1875 5175 6079
f 1875 6079 948
f 1852 5186 6080
f 1852 6080 7246
f 239 7229 6081
f 239 6081 1393
f 1874 5175 6082
f 1874 6082 813
f 240 7230 6083
f 240 6083 1630
f 7164 5237 6084
f 2229 6084 4398
f 1906 7163 6085
f 1906 6085 3740
f 2188 7224 6086
f 2188 6086 380
f 3091 4361 6087
f 3091 6087 358
f 758 5214 6088
f 758 6088 2299
f 759 5216 6089
f 759 6089 2300
f 3093 4362 6090
f 3093 6090 357
f 1408 5187 6091
f 1408 6091 5315
f 1407 5188 6092
f 1407 6092 5316
f 2995 7408 6093
f 2995 6093 1841
f 3517 4380 6094
f 3517 6094 2565
f 443 3629 6095
f 443 6095 7462
f 2537 7226 6096
f 2537 6096 338
f 4085 7121 6097
f 4085 6097 2443
f 4084 7123 6098
f 4084 6098 1119
f 489 7149 6099
f 489 6099 2205
f 997 5062 6100
f 997 6100 734
f 1185 960 6101
f 1185 6101 7201
f 1186 709 6102
f 1186 6102 7200
f 1870 262 6103
f 1870 6103 7272
f 1604 3737 6104
f 1604 6104 7232
f 1390 2245 6105
f 1390 6105 366
f 2887 537 6106
f 2887 6106 5186
f 462 1601 6107
f 462 6107 7255
f 3645 4407 6108
f 3645 6108 3067
f 2212 51 6109
f 2212 6109 7166
f 984 3171 6110
f 984 6110 1807
f 2211 52 6111
f 2211 6111 7173
f 1391 2246 6112
f 1391 6112 626
f 3540 2965 6113
f 3540 6113 4211
f 1357 263 6114
f 1357 6114 5200
f 3686 1156 6115
f 3686 6115 7267
f 512 6920 6116
f 512 6116 1483
f 2230 1016 6117
f 2230 6117 7267
f 1843 5075 6118
f 1843 6118 222
f 3650 4429 6119
f 3650 6119 2619
f 3619 5257 6120
f 3619 6120 356
f 419 4649 6121
f 419 6121 5477
f 3725 7208 6122
f 3725 6122 451
f 213 4650 6123
f 213 6123 5480
f 5153 7214 6124
f 5153 6124 211
f 991 1396 6125
f 991 6125 5235
f 1608 7225 6126
f 1608 6126 211
f 830 3536 6127
f 830 6127 5241
f 2600 3506 6128
f 2600 6128 3066
f 113 7202 6129
f 113 6129 7252
f 3567 3146 6130
f 3567 6130 4374
f 3563 3144 6131
f 3563 6131 4375
f 1373 7228 6132
f 1373 6132 451
f 1379 55 6133
f 1379 6133 7233
f 2198 55 6134
f 2198 6134 7235
f 2084 2505 6135
f 2084 6135 7131
f 1049 5377 6136
f 1049 6136 1978
f 1822 7193 6137
f 1822 6137 974
f 2127 7194 6138
f 2127 6138 548
f 2606 5371 6139
f 2606 6139 2312
f 4202 7230 6140
f 4202 6140 7229
f 1537 2161 6141
f 1537 6141 7092
f 2883 1861 6142
f 2883 6142 7093
f 2287 7196 6143
f 2287 6143 1232
f 1532 187 6144
f 1532 6144 7273
f 1332 1010 6145
f 1332 6145 7282
f 77 4417 6146
f 77 6146 3097
f 78 5201 6147
f 78 6147 3095
f 820 7239 6148
f 820 6148 7300
f 1324 57 6149
f 1324 6149 7293
f 628 7302 6150
f 628 6150 5139
f 3544 7291 6151
f 3544 6151 90
f 2595 7292 6152
f 2595 6152 350
f 34 5268 6153
f 34 6153 4485
f 2249 7320 6154
f 2249 6154 3243
f 4003 56 6155
f 4003 6155 7298
f 4330 838 6156
f 4330 6156 7288
f 4329 839 6157
f 4329 6157 7289
f 1824 7249 6158
f 1824 6158 194
f 2701 1181 6159
f 2701 6159 5229
f 374 5281 6160
f 374 6160 3825
f 2227 7295 6161
f 2227 6161 723
f 2226 7294 6162
f 2226 6162 1528
f 3098 1133 6163
f 3098 6163 7313
f 2734 5537 6164
f 2734 6164 7545
f 1728 5542 6165
f 1728 6165 7544
f 488 1899 6166
f 488 6166 5302
f 3035 7432 6167
f 3035 6167 338
f 4465 7555 6168
f 4465 6168 1384
f 2594 7443 6169
f 2594 6169 380
f 3258 1037 6170
f 3258 6170 4596
f 822 1624 6171
f 822 6171 7240
f 80 3083 6172
f 80 6172 3621
f 79 1183 6173
f 79 6173 3090
f 3094 411 6174
f 3094 6174 7403
f 460 1352 6175
f 460 6175 3235
f 725 1872 6176
f 725 6176 2762
f 538 1615 6177
f 538 6177 7319
f 976 3839 6178
f 976 6178 2105
f 539 2214 6179
f 539 6179 7321
f 2106 7296 6180
f 2106 6180 840
f 4903 861 6181
f 4903 6181 7303
f 850 7335 6182
f 850 6182 7311
f 3626 4506 6183
f 3626 6183 4494
f 1948 1162 6184
f 1948 6184 5294
f 1543 2205 6185
f 1543 6185 5327
f 847 7317 6186
f 847 6186 1380
f 985 5323 6187
f 985 6187 7326
f 846 7320 6188
f 846 6188 1807
f 1375 5307 6189
f 1375 6189 5053
f 726 5322 6190
f 726 6190 7316
f 470 7342 6191
f 470 6191 1897
f 843 2107 6192
f 843 6192 4580
f 514 4432 6193
f 514 6193 1643
f 1031 5302 6194
f 1031 6194 3829
f 1788 7304 6195
f 1788 6195 7339
f 2265 986 6196
f 2265 6196 7404
f 2643 5307 6197
f 2643 6197 7420
f 3182 7348 6198
f 3182 6198 217
f 1172 3728 6199
f 1172 6199 7331
f 1378 414 6200
f 1378 6200 7353
f 4426 7303 6201
f 4426 6201 1890
f 3183 7355 6202
f 3183 6202 369
f 906 5374 6203
f 906 6203 3309
f 565 3729 6204
f 565 6204 7333
f 550 1392 6205
f 550 6205 7247
f 4473 216 6206
f 4473 6206 7371
f 3133 7360 6207
f 3133 6207 2633
f 3096 5041 6208
f 3096 6208 7556
f 4474 215 6209
f 4474 6209 7375
f 5308 4502 6210
f 5308 6210 222
f 1995 4632 6211
f 1995 6211 3919
f 5309 4503 6212
f 5309 6212 734
f 1199 3794 6213
f 1199 6213 7365
f 1466 1223 6214
f 1466 6214 7332
f 1198 3795 6215
f 1198 6215 7368
f 4252 3103 6216
f 4252 6216 7515
f 3681 2631 6217
f 3681 6217 7374
f 1618 2703 6218
f 1618 6218 2762
f 413 2939 6219
f 413 6219 7362
f 3696 201 6220
f 3696 6220 7361
f 4324 7190 6221
f 4324 6221 953
f 3081 5314 6222
f 3081 6222 844
f 2305 202 6223
f 2305 6223 7367
f 4399 7369 6224
f 4399 6224 1018
f 965 7270 6225
f 965 6225 1343
f 1617 3171 6226
f 1617 6226 3235
f 4400 7370 6227
f 4400 6227 2190
f 422 7373 6228
f 422 6228 7357
f 421 7372 6229
f 421 6229 7352
f 3699 7374 6230
f 3699 6230 2634
f 3306 5269 6231
f 3306 6231 372
f 193 7382 6232
f 193 6232 2569
f 3582 2683 6233
f 3582 6233 4475
f 1998 768 6234
f 1998 6234 7519
f 3697 7381 6235
f 3697 6235 2264
f 1556 7376 6236
f 1556 6236 4438
f 220 3776 6237
f 220 6237 2749
f 221 3775 6238
f 221 6238 2750
f 5232 2222 6239
f 5232 6239 7369
f 1386 7380 6240
f 1386 6240 4439
f 2302 649 6241
f 2302 6241 7392
f 5233 1389 6242
f 5233 6242 7370
f 2303 648 6243
f 2303 6243 7391
f 571 5451 6244
f 571 6244 1966
f 1946 1403 6245
f 1946 6245 3128
f 3106 7387 6246
f 3106 6246 1000
f 647 5336 6247
f 647 6247 3872
f 970 732 6248
f 970 6248 7241
f 2677 1947 6249
f 2677 6249 3672
f 184 2273 6250
f 184 6250 5329
f 1621 7366 6251
f 1621 6251 619
f 253 7470 6252
f 253 6252 1231
f 2979 158 6253
f 2979 6253 7432
f 2470 157 6254
f 2470 6254 7443
f 552 4047 6255
f 552 6255 5338
f 717 4048 6256
f 717 6256 5337
f 730 1926 6257
f 730 6257 7442
f 2582 199 6258
f 2582 6258 7314
f 2690 736 6259
f 2690 6259 7422
f 879 7344 6260
f 879 6260 4419
f 4443 195 6261
f 4443 6261 7412
f 2286 3680 6262
f 2286 6262 4646
f 355 7409 6263
f 355 6263 2530
f 4442 196 6264
f 4442 6264 7413
f 402 7415 6265
f 402 6265 1614
f 2508 599 6266
f 2508 6266 7408
f 481 2578 6267
f 481 6267 7424
f 122 3282 6268
f 122 6268 4533
f 121 3272 6269
f 121 6269 4528
f 465 1183 6270
f 465 6270 5370
f 1644 7469 6271
f 1644 6271 851
f 1925 7472 6272
f 1925 6272 210
f 2685 7429 6273
f 2685 6273 266
f 4435 1387 6274
f 4435 6274 7427
f 4089 2568 6275
f 4089 6275 7428
f 3149 7430 6276
f 3149 6276 267
f 3085 637 6277
f 3085 6277 7425
f 655 2331 6278
f 655 6278 7440
f 1142 1566 6279
f 1142 6279 7446
f 1143 1359 6280
f 1143 6280 7437
f 464 3083 6281
f 464 6281 5373
f 118 3710 6282
f 118 6282 1686
f 430 3180 6283
f 430 6283 7445
f 3124 554 6284
f 3124 6284 5357
f 200 2651 6285
f 200 6285 7417
f 3675 7411 6286
f 3675 6286 554
f 4420 7399 6287
f 4420 6287 407
f 2669 641 6288
f 2669 6288 5358
f 2282 1975 6289
f 2282 6289 3714
f 1951 3162 6290
f 1951 6290 2311
f 3674 7410 6291
f 3674 6291 641
f 1215 7347 6292
f 1215 6292 4500
f 2689 424 6293
f 2689 6293 7492
f 777 7354 6294
f 777 6294 4501
f 4359 747 6295
f 4359 6295 7411
f 2733 7427 6296
f 2733 6296 1022
f 3712 746 6297
f 3712 6297 7410
f 2732 7428 6298
f 2732 6298 1021
f 3137 7400 6299
f 3137 6299 7474
f 1351 7266 6300
f 1351 6300 1861
f 5118 7421 6301
f 5118 6301 178
f 4323 5354 6302
f 4323 6302 7475
f 833 7300 6303
f 833 6303 7502
f 5353 7543 6304
f 5353 6304 1974
f 1369 7473 6305
f 1369 6305 85
f 570 7431 6306
f 570 6306 5407
f 873 7434 6307
f 873 6307 5411
f 1477 7264 6308
f 1477 6308 2161
f 3173 7453 6309
f 3173 6309 486
f 3742 7476 6310
f 3742 6310 749
f 4403 892 6311
f 4403 6311 7429
f 468 1015 6312
f 468 6312 7438
f 5179 891 6313
f 5179 6313 7430
f 1625 7509 6314
f 1625 6314 858
f 3174 7458 6315
f 3174 6315 555
f 683 1365 6316
f 683 6316 7426
f 3743 7477 6317
f 3743 6317 750
f 1658 204 6318
f 1658 6318 7448
f 1659 203 6319
f 1659 6319 7447
f 1629 491 6320
f 1629 6320 7468
f 3158 7481 6321
f 3158 6321 7450
f 3753 7455 6322
f 3753 6322 204
f 886 7454 6323
f 886 6323 352
f 2346 7451 6324
f 2346 6324 203
f 207 3264 6325
f 207 6325 7471
f 3004 7532 6326
f 3004 6326 652
f 1170 1003 6327
f 1170 6327 7553
f 2760 3877 6328
f 2760 6328 4531
f 1367 4570 6329
f 1367 6329 2256
f 3263 5403 6330
f 3263 6330 1209
f 533 7482 6331
f 533 6331 1174
f 1903 7580 6332
f 1903 6332 640
f 4437 7464 6333
f 4437 6333 1385
f 3157 7480 6334
f 3157 6334 7452
f 1911 557 6335
f 1911 6335 7521
f 1606 7401 6336
f 1606 6336 5205
f 1161 1818 6337
f 1161 6337 5404
f 1915 7531 6338
f 1915 6338 1011
f 4436 7465 6339
f 4436 6339 1024
f 1028 7523 6340
f 1028 6340 484
f 395 868 6341
f 395 6341 7441
f 5247 1398 6342
f 5247 6342 7481
f 1450 431 6343
f 1450 6343 7535
f 45 7504 6344
f 45 6344 7334
f 1795 1002 6345
f 1795 6345 7549
f 46 7516 6346
f 46 6346 7269
f 4553 1227 6347
f 4553 6347 5413
f 2645 5342 6348
f 2645 6348 7504
f 3792 3040 6349
f 3792 6349 7480
f 1616 2530 6350
f 1616 6350 7550
f 3105 5343 6351
f 3105 6351 7516
f 2747 7485 6352
f 2747 6352 560
f 2748 7487 6353
f 2748 6353 492
f 1968 872 6354
f 1968 6354 7527
f 3690 644 6355
f 3690 6355 7511
f 92 5511 6356
f 92 6356 5259
f 2684 740 6357
f 2684 6357 7510
f 2723 7528 6358
f 2723 6358 491
f 4454 110 6359
f 4454 6359 7499
f 1902 7581 6360
f 1902 6360 859
f 4455 344 6361
f 4455 6361 7498
f 4621 3335 6362
f 4621 6362 209
f 1460 7564 6363
f 1460 6363 567
f 1061 7517 6364
f 1061 6364 3336
f 5441 495 6365
f 5441 6365 4629
f 2706 7699 6366
f 2706 6366 5293
f 2768 7495 6367
f 2768 6367 499
f 3758 4463 6368
f 3758 6368 3151
f 2722 7530 6369
f 2722 6369 1001
f 4619 3337 6370
f 4619 6370 208
f 5450 372 6371
f 5450 6371 7524
f 5449 123 6372
f 5449 6372 7525
f 2705 7657 6373
f 2705 6373 3259
f 2715 7565 6374
f 2715 6374 753
f 5435 499 6375
f 5435 6375 7518
f 4468 560 6376
f 4468 6376 7540
f 4469 492 6377
f 4469 6377 7542
f 2018 4347 6378
f 2018 6378 5482
f 2019 4346 6379
f 2019 6379 5479
f 1063 252 6380
f 1063 6380 7587
f 2348 7572 6381
f 2348 6381 7551
f 2012 2337 6382
f 2012 6382 7534
f 1969 743 6383
f 1969 6383 7555
f 2007 7571 6384
f 2007 6384 7541
f 269 1412 6385
f 269 6385 7423
f 270 2525 6386
f 270 6386 7420
f 5434 573 6387
f 5434 6387 7537
f 2216 1614 6388
f 2216 6388 7557
f 3879 7546 6389
f 3879 6389 5455
f 206 4615 6390
f 206 6390 7315
f 3878 7548 6391
f 3878 6391 5454
f 1918 7582 6392
f 1918 6392 2578
f 205 4614 6393
f 205 6393 7308
f 2380 7589 6394
f 2380 6394 1037
f 5446 7518 6395
f 5446 6395 667
f 1633 7652 6396
f 1633 6396 1144
f 3821 668 6397
f 3821 6397 1039
f 2649 7585 6398
f 2649 6398 1362
f 2029 7586 6399
f 2029 6399 769
f 4524 1714 6400
f 4524 6400 7567
f 3820 7588 6401
f 3820 6401 1160
f 4551 2785 6402
f 4551 6402 7568
f 867 530 6403
f 867 6403 7668
f 2379 7587 6404
f 2379 6404 896
f 3297 7595 6405
f 3297 6405 872
f 1364 271 6406
f 1364 6406 7669
f 2784 7578 6407
f 2784 6407 7586
f 328 7593 6408
f 328 6408 576
f 3800 7540 6409
f 3800 6409 657
f 3799 7542 6410
f 3799 6410 658
f 2353 890 6411
f 2353 6411 5484
f 1400 7574 6412
f 1400 6412 7599
f 1401 7583 6413
f 1401 6413 7613
f 4284 7575 6414
f 4284 6414 415
f 38 7570 6415
f 38 6415 7563
f 326 7603 6416
f 326 6416 1200
f 4285 7573 6417
f 4285 6417 367
f 574 1246 6418
f 574 6418 7547
f 95 2778 6419
f 95 6419 7604
f 5226 890 6420
f 5226 6420 7569
f 1639 314 6421
f 1639 6421 315
f 1976 7601 6422
f 1976 6422 1032
f 3257 666 6423
f 3257 6423 7602
f 901 3859 6424
f 901 6424 7591
f 1691 94 6425
f 1691 6425 7543
f 418 7562 6426
f 418 6426 329
f 471 7460 6427
f 471 6427 857
f 371 4545 6428
f 371 6428 4064
f 482 4546 6429
f 482 6429 3806
f 2270 7639 6430
f 2270 6430 1009
f 2290 417 6431
f 2290 6431 662
f 3107 7614 6432
f 3107 6432 745
f 5423 662 6433
f 5423 6433 7576
f 1395 7644 6434
f 1395 6434 214
f 2781 667 6435
f 2781 6435 7630
f 772 7600 6436
f 772 6436 7579
f 1634 7601 6437
f 1634 6437 1204
f 1034 7621 6438
f 1034 6438 3250
f 1040 7608 6439
f 1040 6439 7584
f 1041 7618 6440
f 1041 6440 7592
f 1225 4572 6441
f 1225 6441 7624
f 778 3860 6442
f 778 6442 7620
f 2365 7600 6443
f 2365 6443 4667
f 116 1679 6444
f 116 6444 5499
f 429 2822 6445
f 429 6445 1462
f 331 7568 6446
f 331 6446 1048
f 472 7478 6447
f 472 6447 1792
f 1226 4571 6448
f 1226 6448 7611
f 493 7627 6449
f 493 6449 2794
f 494 7610 6450
f 494 6450 2035
f 5260 7592 6451
f 5260 6451 7583
f 1207 7633 6452
f 1207 6452 3251
f 4480 7599 6453
f 4480 6453 7638
f 319 7596 6454
f 319 6454 1655
f 1626 1883 6455
f 1626 6455 7654
f 1414 1655 6456
f 1414 6456 5510
f 1196 1610 6457
f 1196 6457 7644
f 320 7609 6458
f 320 6458 427
f 128 7634 6459
f 128 6459 7623
f 127 7648 6460
f 127 6460 7628
f 1217 7597 6461
f 1217 6461 318
f 1047 7619 6462
f 1047 6462 7629
f 1441 7598 6463
f 1441 6463 7645
f 556 7617 6464
f 556 6464 317
f 3275 7646 6465
f 3275 6465 1227
f 5278 7623 6466
f 5278 6466 7608
f 1394 7654 6467
f 1394 6467 1006
f 323 1035 6468
f 323 6468 1219
f 265 1360 6469
f 265 6469 7515
f 2271 7640 6470
f 2271 6470 1167
f 321 1036 6471
f 321 6471 1661
f 3274 7645 6472
f 3274 6472 1050
f 1065 5512 6473
f 1065 6473 4650
f 5289 7613 6474
f 5289 6474 7649
f 2254 5417 6475
f 2254 6475 1917
f 3302 3898 6476
f 3302 6476 1431
f 97 7678 6477
f 97 6477 4482
f 568 1463 6478
f 568 6478 2823
f 98 7679 6479
f 98 6479 3827
f 1440 7622 6480
f 1440 6480 572
f 1064 5514 6481
f 1064 6481 4649
f 5291 7628 6482
f 5291 6482 7618
f 327 1435 6483
f 327 6483 1212
f 1652 1415 6484
f 1652 6484 7665
f 2671 1665 6485
f 2671 6485 7419
f 2278 1944 6486
f 2278 6486 1931
f 325 1059 6487
f 325 6487 900
f 1432 3936 6488
f 1432 6488 3322
f 2374 771 6489
f 2374 6489 7714
f 663 4656 6490
f 663 6490 7655
f 761 4655 6491
f 761 6491 7651
f 324 7637 6492
f 324 6492 1435
f 3277 1214 6493
f 3277 6493 7631
f 1249 5480 6494
f 1249 6494 7666
f 3853 5462 6495
f 3853 6495 4577
f 3854 5463 6496
f 3854 6496 5382
f 1663 1945 6497
f 1663 6497 1422
f 766 2320 6498
f 766 6498 5165
f 2291 3142 6499
f 2291 6499 7673
f 322 7647 6500
f 322 6500 1059
f 1248 5477 6501
f 1248 6501 7662
f 2792 7658 6502
f 2792 6502 7656
f 1971 7649 6503
f 1971 6503 7693
f 1970 7638 6504
f 1970 6504 7691
f 2711 7636 6505
f 2711 6505 754
f 2364 767 6506
f 2364 6506 5527
f 126 7650 6507
f 126 6507 7670
f 1426 308 6508
f 1426 6508 7641
f 2289 7665 6509
f 2289 6509 7686
f 569 7683 6510
f 569 6510 1701
f 2297 7673 6511
f 2297 6511 7660
f 2298 7685 6512
f 2298 6512 7672
f 1213 7671 6513
f 1213 6513 7667
f 659 7692 6514
f 659 6514 4394
f 2757 5520 6515
f 2757 6515 665
f 3927 7688 6516
f 3927 6516 7711
f 1992 754 6517
f 1992 6517 7658
f 298 7713 6518
f 298 6518 1173
f 1427 2686 6519
f 1427 6519 7643
f 2292 3145 6520
f 2292 6520 7685
f 2363 1029 6521
f 2363 6521 5528
f 2712 7635 6522
f 2712 6522 721
f 2017 5521 6523
f 2017 6523 885
f 2373 893 6524
f 2373 6524 96
f 4558 5513 6525
f 4558 6525 3268
f 2327 721 6526
f 2327 6526 5534
f 1211 863 6527
f 1211 6527 7636
f 3822 1208 6528
f 3822 6528 7714
f 1017 7631 6529
f 1017 6529 254
f 1045 3856 6530
f 1045 6530 7708
f 264 1165 6531
f 264 6531 7556
f 889 7703 6532
f 889 6532 7676
f 1026 7728 6533
f 1026 6533 3767
f 93 7612 6534
f 93 6534 1713
f 763 7730 6535
f 763 6535 3768
f 876 7746 6536
f 876 6536 7743
f 661 7755 6537
f 661 6537 7741
f 1159 7707 6538
f 1159 6538 7684
f 762 2751 6539
f 762 6539 7737
f 1406 1594 6540
f 1406 6540 7635
f 1027 7742 6541
f 1027 6541 7747
f 1623 7738 6542
f 1623 6542 7754
f 883 3208 6543
f 883 6543 7739
f 902 3857 6544
f 902 6544 7721
f 5502 7691 6545
f 5502 6545 4665
f 297 7705 6546
f 297 6546 7709
f 25 2737 6547
f 25 6547 7761
f 714 254 6548
f 714 6548 7808
f 24 2738 6549
f 24 6549 7764
f 1683 7710 6550
f 1683 6550 7695
f 4659 3905 6551
f 4659 6551 7745
f 1004 2800 6552
f 1004 6552 2366
f 3921 7718 6553
f 3921 6553 7703
f 773 2395 6554
f 773 6554 7735
f 895 2396 6555
f 895 6555 7720
f 2319 7773 6556
f 2319 6556 1238
f 1429 7790 6557
f 1429 6557 7731
f 10 7768 6558
f 10 6558 3196
f 2315 1236 6559
f 2315 6559 7772
f 9 7769 6560
f 9 6560 2731
f 671 2780 6561
f 671 6561 7688
f 365 2744 6562
f 365 6562 2325
f 410 2743 6563
f 410 6563 2326
f 1981 7715 6564
f 1981 6564 309
f 2770 487 6565
f 2770 6565 7694
f 125 2397 6566
f 125 6566 1180
f 5486 7693 6567
f 5486 6567 4662
f 131 7722 6568
f 131 6568 1054
f 130 7727 6569
f 130 6569 1055
f 1447 7779 6570
f 1447 6570 1237
f 1984 7775 6571
f 1984 6571 1060
f 2354 665 6572
f 2354 6572 7733
f 2314 1433 6573
f 2314 6573 7777
f 3127 7780 6574
f 3127 6574 1434
f 1444 7760 6575
f 1444 6575 1687
f 1442 1685 6576
f 1442 6576 7766
f 1695 1237 6577
f 1695 6577 7782
f 1424 2812 6578
f 1424 6578 5544
f 1980 1053 6579
f 1980 6579 7789
f 1973 1682 6580
f 1973 6580 7779
f 1693 7719 6581
f 1693 6581 1216
f 1690 7785 6582
f 1690 6582 1056
f 2031 7677 6583
f 2031 6583 639
f 1710 7734 6584
f 1710 6584 2378
f 17 3188 6585
f 17 6585 7740
f 1696 1434 6586
f 1696 6586 1234
f 16 2716 6587
f 16 6587 7750
f 302 7763 6588
f 302 6588 7706
f 305 5515 6589
f 305 6589 1358
f 1240 7759 6590
f 1240 6590 1453
f 11 7748 6591
f 11 6591 3217
f 1678 1977 6592
f 1678 6592 7765
f 364 7757 6593
f 364 6593 2755
f 1402 1972 6594
f 1402 6594 7780
f 1990 7782 6595
f 1990 6595 1449
f 2699 1233 6596
f 2699 6596 7788
f 2769 738 6597
f 2769 6597 7701
f 1689 7784 6598
f 1689 6598 909
f 756 7800 6599
f 756 6599 2317
f 757 7799 6600
f 757 6600 1982
f 2355 885 6601
f 2355 6601 7732
f 1989 7783 6602
f 1989 6602 1448
f 300 7709 6603
f 300 6603 999
f 841 2803 6604
f 841 6604 7718
f 874 1694 6605
f 874 6605 7803
f 3220 2719 6606
f 3220 6606 7786
f 755 1983 6607
f 755 6607 7802
f 1222 2813 6608
f 1222 6608 7726
f 91 5333 6609
f 91 6609 7723
f 760 1713 6610
f 760 6610 7698
f 630 2802 6611
f 630 6611 7724
f 3221 2720 6612
f 3221 6612 7786
f 304 1358 6613
f 304 6613 7807
f 1235 7751 6614
f 1235 6614 7787
f 299 7749 6615
f 299 6615 7763
f 894 3254 6616
f 894 6616 7700
f 1446 5540 6617
f 1446 6617 553
f 1013 7716 6618
f 1013 6618 1197
f 303 7762 6619
f 303 6619 7725
f 2725 3809 6620
f 2725 6620 7793
f 2730 7794 6621
f 2730 6621 3811
f 2724 3808 6622
f 2724 6622 7795
f 2729 7796 6623
f 2729 6623 3810
f 483 7711 6624
f 483 6624 7729
f 5522 7787 6625
f 5522 6625 7790
f 1461 7774 6626
f 1461 6626 2033
f 2682 5547 6627
f 2682 6627 992
f 2375 553 6628
f 2375 6628 7677
f 1459 1184 6629
f 1459 6629 5549
f 3941 7798 6630
f 3941 6630 2332
f 301 7781 6631
f 301 6631 7762
f 2347 7808 6632
f 2347 6632 1184
f 1638 7745 6633
f 1638 6633 3836
f 1051 7778 6634
f 1051 6634 3836
f 3242 3815 6635
f 3242 6635 7814
f 3244 2776 6636
f 3244 6636 7816
f 3338 7806 6637
f 3338 6637 1705
f 1709 1376 6638
f 1709 6638 5550
f 3245 7811 6639
f 3245 6639 3817
f 3246 7812 6640
f 3246 6640 2777
f 1019 7819 6641
f 1019 6641 1999
f 3292 779 6642
f 3292 6642 5553
f 875 7825 6643
f 875 6643 2714
f 3252 3834 6644
f 3252 6644 7813
f 884 2352 6645
f 884 6645 7815
f 1193 2752 6646
f 1193 6646 7821
f 3253 3835 6647
f 3253 6647 7818
f 3255 7820 6648
f 3255 6648 3834
f 2735 7807 6649
f 2735 6649 1376
f 3256 7823 6650
f 3256 6650 3835
f 359 2335 6651
f 359 6651 7826
f 360 2328 6652
f 360 6652 7822
f 2 7824 6653
f 2 6653 2330
f 1 7817 6654
f 1 6654 2329
f 905 2807 6655
f 905 6655 7791
f 409 2349 6656
f 409 6656 1700
f 466 2010 6657
f 466 6657 2322
f 2377 7810 6658
f 2377 6658 907
f 1469 5556 6659
f 1469 6659 7809
f 3224 1058 6660
f 3224 6660 7810
f 2824 7830 6661
f 2824 6661 1250
f 3333 7830 6662
f 3333 6662 2036
f 4699 2829 6663
f 4699 6663 676
f 274 3972 6664
f 274 6664 2444
f 3959 5559 6665
f 3959 6665 41
f 785 4714 6666
f 785 6666 4713
f 1470 4717 6667
f 1470 6667 3363
f 580 3961 6668
f 580 6668 2044
f 913 3347 6669
f 913 6669 1480
f 42 3339 6670
f 42 6670 2040
f 3962 2833 6671
f 3962 6671 3349
f 3960 2832 6672
f 3960 6672 2840
f 3343 4704 6673
f 3343 6673 782
f 2051 1070 6674
f 2051 6674 4697
f 1472 2831 6675
f 1472 6675 5571
f 2406 43 6676
f 2406 6676 5563
f 137 2834 6677
f 137 6677 3348
f 673 5566 6678
f 673 6678 2412
f 915 5567 6679
f 915 6679 2411
f 136 3346 6680
f 136 6680 3345
f 1484 5565 6681
f 1484 6681 167
f 504 5568 6682
f 504 6682 2410
f 581 5570 6683
f 581 6683 2413
f 381 3358 6684
f 381 6684 3359
f 806 2115 6685
f 806 6685 5612
f 2400 5581 6686
f 2400 6686 2855
f 920 5580 6687
f 920 6687 3971
f 1074 2068 6688
f 1074 6688 2427
f 506 3995 6689
f 506 6689 2868
f 674 3999 6690
f 674 6690 3989
f 677 4731 6691
f 677 6691 1762
f 802 4031 6692
f 802 6692 3407
f 917 5577 6693
f 917 6693 4716
f 169 3356 6694
f 169 6694 3986
f 170 3355 6695
f 170 6695 3987
f 2826 3982 6696
f 2826 6696 5582
f 1255 4730 6697
f 1255 6697 5583
f 507 2854 6698
f 507 6698 5602
f 585 3970 6699
f 585 6699 5606
f 384 3981 6700
f 384 6700 2914
f 1254 3958 6701
f 1254 6701 2913
f 4282 3436 6702
f 4282 6702 188
f 921 2866 6703
f 921 6703 5587
f 3985 166 6704
f 3985 6704 5588
f 168 5585 6705
f 168 6705 3372
f 376 5586 6706
f 376 6706 2861
f 2881 1081 6707
f 2881 6707 3996
f 1260 1739 6708
f 1260 6708 3341
f 1478 2046 6709
f 1478 6709 2407
f 2918 5809 6710
f 2918 6710 4942
f 3419 5794 6711
f 3419 6711 4958
f 527 5726 6712
f 527 6712 4812
f 256 2418 6713
f 256 6713 4726
f 508 3379 6714
f 508 6714 2433
f 695 4813 6715
f 695 6715 3406
f 1279 693 6716
f 1279 6716 4776
f 1313 3509 6717
f 1313 6717 4151
f 2142 5806 6718
f 2142 6718 4162
f 620 2994 6719
f 620 6719 5711
f 3504 950 6720
f 3504 6720 1810
f 1263 3977 6721
f 1263 6721 4781
f 2069 180 6722
f 2069 6722 678
f 258 5591 6723
f 258 6723 4773
f 2070 181 6724
f 2070 6724 586
f 1481 3973 6725
f 1481 6725 4790
f 437 5592 6726
f 437 6726 4774
f 2835 5614 6727
f 2835 6727 2042
f 2409 5618 6728
f 2409 6728 1259
f 500 5619 6729
f 500 6729 1082
f 1066 4041 6730
f 1066 6730 1482
f 1121 4114 6731
f 1121 6731 4235
f 4953 3616 6732
f 4953 6732 1832
f 1069 5601 6733
f 1069 6733 2403
f 582 5603 6734
f 582 6734 2838
f 2476 1488 6735
f 2476 6735 4782
f 929 4785 6736
f 929 6736 3404
f 2848 5625 6737
f 2848 6737 786
f 2047 5629 6738
f 2047 6738 4767
f 931 5630 6739
f 931 6739 4768
f 3357 5627 6740
f 3357 6740 434
f 2056 5642 6741
f 2056 6741 1745
f 1262 148 6742
f 1262 6742 5618
f 583 5628 6743
f 583 6743 4014
f 780 5626 6744
f 780 6744 4015
f 2061 5631 6745
f 2061 6745 435
f 172 5633 6746
f 172 6746 2073
f 173 5632 6747
f 173 6747 2432
f 794 2460 6748
f 794 6748 4046
f 2870 4106 6749
f 2870 6749 927
f 1500 5636 6750
f 1500 6750 378
f 2869 4107 6751
f 2869 6751 798
f 176 5635 6752
f 176 6752 5634
f 1800 177 6753
f 1800 6753 5640
f 3586 513 6754
f 3586 6754 4800
f 1079 3416 6755
f 1079 6755 5648
f 686 2905 6756
f 686 6756 5649
f 911 2895 6757
f 911 6757 5693
f 3353 1071 6758
f 3353 6758 5643
f 3352 787 6759
f 3352 6759 5642
f 259 2893 6760
f 259 6760 5688
f 3370 5637 6761
f 3370 6761 503
f 2865 940 6762
f 2865 6762 1098
f 1266 3414 6763
f 1266 6763 5646
f 800 3415 6764
f 800 6764 5647
f 812 4740 6765
f 812 6765 2520
f 175 4025 6766
f 175 6766 5694
f 174 4770 6767
f 174 6767 5696
f 703 4835 6768
f 703 6768 3460
f 3993 4823 6769
f 3993 6769 228
f 783 2981 6770
f 783 6770 5616
f 375 2472 6771
f 375 6771 5651
f 912 2473 6772
f 912 6772 5652
f 612 1764 6773
f 612 6773 2131
f 404 4863 6774
f 404 6774 5613
f 3448 1097 6775
f 3448 6775 5666
f 3364 5622 6776
f 3364 6776 182
f 2431 5621 6777
f 2431 6777 439
f 3447 1491 6778
f 3447 6778 5671
f 934 4780 6779
f 934 6779 4026
f 2076 587 6780
f 2076 6780 5673
f 1269 3430 6781
f 1269 6781 3417
f 2080 1495 6782
f 2080 6782 4831
f 4385 3548 6783
f 4385 6783 815
f 2841 5683 6784
f 2841 6784 1756
f 3350 5684 6785
f 3350 6785 1757
f 4763 223 6786
f 4763 6786 3471
f 675 2871 6787
f 675 6787 4875
f 153 5698 6788
f 153 6788 4077
f 789 5685 6789
f 789 6789 3983
f 1471 4850 6790
f 1471 6790 3984
f 1285 2086 6791
f 1285 6791 4833
f 4939 5650 6792
f 4939 6792 1805
f 2435 4873 6793
f 2435 6793 2059
f 4778 165 6794
f 4778 6794 5680
f 4779 5681 6795
f 4779 6795 335
f 2909 1270 6796
f 2909 6796 5684
f 2910 5683 6797
f 2910 6797 1083
f 224 3469 6798
f 224 6798 5686
f 943 3478 6799
f 943 6799 4825
f 2489 1112 6800
f 2489 6800 2949
f 4082 2420 6801
f 4082 6801 5687
f 824 4115 6802
f 824 6802 2878
f 792 5608 6803
f 792 6803 1539
f 718 3507 6804
f 718 6804 3396
f 1096 2958 6805
f 1096 6805 4076
f 261 4761 6806
f 261 6806 4727
f 164 3373 6807
f 164 6807 5661
f 163 2862 6808
f 163 6808 4822
f 698 3512 6809
f 698 6809 2141
f 2451 154 6810
f 2451 6810 4868
f 818 4043 6811
f 818 6811 1341
f 1766 5672 6812
f 1766 6812 436
f 2847 5673 6813
f 2847 6813 584
f 4136 2916 6814
f 4136 6814 1288
f 791 2872 6815
f 791 6815 4867
f 2088 790 6816
f 2088 6816 4107
f 2500 3360 6817
f 2500 6817 5014
f 699 5641 6818
f 699 6818 1840
f 3467 342 6819
f 3467 6819 5692
f 4209 2548 6820
f 4209 6820 1155
f 811 2952 6821
f 811 6821 5725
f 1281 5707 6822
f 1281 6822 5697
f 2442 385 6823
f 2442 6823 796
f 2060 5708 6824
f 2060 6824 5699
f 819 4885 6825
f 819 6825 3513
f 679 5674 6826
f 679 6826 1784
f 3466 590 6827
f 3466 6827 5701
f 339 5676 6828
f 339 6828 3380
f 1264 5735 6829
f 1264 6829 1812
f 226 5723 6830
f 226 6830 3994
f 609 4839 6831
f 609 6831 2954
f 225 4865 6832
f 225 6832 2874
f 919 5733 6833
f 919 6833 2468
f 1497 4840 6834
f 1497 6834 4080
f 954 4158 6835
f 954 6835 2992
f 809 2959 6836
f 809 6836 5742
f 536 1601 6837
f 536 6837 5171
f 611 2960 6838
f 611 6838 5743
f 1297 3549 6839
f 1297 6839 4083
f 2497 4195 6840
f 2497 6840 1268
f 515 3545 6841
f 515 6841 2957
f 694 4153 6842
f 694 6842 3453
f 2150 4191 6843
f 2150 6843 1521
f 2877 5835 6844
f 2877 6844 1294
f 593 4746 6845
f 593 6845 4274
f 3472 701 6846
f 3472 6846 5756
f 1120 2191 6847
f 1120 6847 5894
f 1308 2543 6848
f 1308 6848 5967
f 795 4004 6849
f 795 6849 3646
f 268 4952 6850
f 268 6850 1104
f 388 3449 6851
f 388 6851 5770
f 162 2164 6852
f 162 6852 5769
f 67 2503 6853
f 67 6853 4883
f 625 2639 6854
f 625 6854 3123
f 68 1856 6855
f 68 6855 5720
f 1175 5209 6856
f 1175 6856 5980
f 643 4273 6857
f 643 6857 5073
f 1554 4927 6858
f 1554 6858 5074
f 1816 5897 6859
f 1816 6859 5919
f 1794 4845 6860
f 1794 6860 1265
f 510 5776 6861
f 510 6861 713
f 446 3560 6862
f 446 6862 4170
f 447 3561 6863
f 447 6863 5644
f 2145 132 6864
f 2145 6864 5759
f 69 2988 6865
f 69 6865 2130
f 70 2989 6866
f 70 6866 1842
f 1272 2926 6867
f 1272 6867 5760
f 957 5764 6868
f 957 6868 2978
f 448 4023 6869
f 448 6869 5927
f 982 5738 6870
f 982 6870 2494
f 341 3474 6871
f 341 6871 5715
f 340 2961 6872
f 340 6872 5718
f 141 5747 6873
f 141 6873 2919
f 49 2116 6874
f 49 6874 5741
f 50 2469 6875
f 50 6875 5740
f 706 5766 6876
f 706 6876 2977
f 392 4162 6877
f 392 6877 3518
f 391 4905 6878
f 391 6878 5705
f 602 2474 6879
f 602 6879 4926
f 521 2135 6880
f 521 6880 5930
f 1355 4304 6881
f 1355 6881 4232
f 2610 1140 6882
f 2610 6882 5803
f 159 2143 6883
f 159 6883 5791
f 621 5004 6884
f 621 6884 3037
f 160 4879 6885
f 160 6885 5786
f 941 3444 6886
f 941 6886 5778
f 149 2452 6887
f 149 6887 3443
f 605 2156 6888
f 605 6888 4963
f 2531 5719 6889
f 2531 6889 250
f 150 3387 6890
f 150 6890 4802
f 386 1783 6891
f 386 6891 5767
f 3413 5745 6892
f 3413 6892 65
f 2182 5719 6893
f 2182 6893 532
f 922 5814 6894
f 922 6894 3374
f 1813 4925 6895
f 1813 6895 540
f 2461 6131 6896
f 2461 6896 4961
f 2467 4959 6897
f 2467 6897 241
f 134 5815 6898
f 134 6898 4179
f 393 5817 6899
f 393 6899 4930
f 474 3099 6900
f 474 6900 3036
f 449 2941 6901
f 449 6901 5738
f 3553 1073 6902
f 3553 6902 5721
f 3013 5821 6903
f 3013 6903 1091
f 377 4059 6904
f 377 6904 5754
f 2581 5820 6905
f 2581 6905 1325
f 4081 40 6906
f 4081 6906 4962
f 1811 5780 6907
f 1811 6907 105
f 1095 4814 6908
f 1095 6908 4051
f 923 2419 6909
f 923 6909 5775
f 2891 5783 6910
f 2891 6910 104
f 1581 3677 6911
f 1581 6911 3580
f 4164 101 6912
f 4164 6912 5727
f 1300 5675 6913
f 1300 6913 5645
f 3418 5772 6914
f 3418 6914 66
f 135 4837 6915
f 135 6915 5838
f 594 4838 6916
f 594 6916 5842
f 1354 5943 6917
f 1354 6917 4200
f 1134 1889 6918
f 1134 6918 4279
f 618 2547 6919
f 618 6919 4975
f 1527 3465 6920
f 1527 6920 512
f 821 4113 6921
f 821 6921 4977
f 848 4039 6922
f 848 6922 4278
f 1290 4912 6923
f 1290 6923 5781
f 522 5777 6924
f 522 6924 2495
f 3713 2224 6925
f 3713 6925 1530
f 689 1877 6926
f 689 6926 4122
f 2603 109 6927
f 2603 6927 2986
f 690 5773 6928
f 690 6928 1851
f 797 2440 6929
f 797 6929 4875
f 1114 3458 6930
f 1114 6930 1882
f 349 3615 6931
f 349 6931 5823
f 143 5782 6932
f 143 6932 5712
f 2112 5908 6933
f 2112 6933 4325
f 144 5788 6934
f 144 6934 5714
f 1093 5844 6935
f 1093 6935 2943
f 1136 4964 6936
f 1136 6936 4980
f 1315 3598 6937
f 1315 6937 3572
f 2138 596 6938
f 2138 6938 5729
f 1094 5864 6939
f 1094 6939 2944
f 27 516 6940
f 27 6940 801
f 1280 4890 6941
f 1280 6941 1879
f 2099 5808 6942
f 2099 6942 930
f 249 4061 6943
f 249 6943 1603
f 243 1306 6944
f 243 6944 5670
f 3432 518 6945
f 3432 6945 5737
f 595 5012 6946
f 595 6946 1494
f 272 4998 6947
f 272 6947 5193
f 238 5818 6948
f 238 6948 5826
f 914 541 6949
f 914 6949 5702
f 2542 5803 6950
f 2542 6950 453
f 2478 5807 6951
f 2478 6951 246
f 1282 5825 6952
f 1282 6952 276
f 4978 1329 6953
f 4978 6953 5795
f 2193 5867 6954
f 2193 6954 99
f 2118 5813 6955
f 2118 6955 64
f 29 295 6956
f 29 6956 277
f 278 5831 6957
f 278 6957 229
f 296 1494 6958
f 296 6958 5831
f 3529 450 6959
f 3529 6959 5801
f 6 457 6960
f 6 6960 347
f 5 458 6961
f 5 6961 276
f 3015 685 6962
f 3015 6962 5774
f 4997 5939 6963
f 4997 6963 1145
f 26 5836 6964
f 26 6964 5035
f 523 5834 6965
f 523 6965 5850
f 3385 5819 6966
f 3385 6966 588
f 1838 5887 6967
f 1838 6967 4121
f 4872 5785 6968
f 4872 6968 92
f 4979 2464 6969
f 4979 6969 5796
f 3421 5858 6970
f 3421 6970 4019
f 601 5758 6971
f 601 6971 4067
f 1085 5765 6972
f 1085 6972 3454
f 1107 5834 6973
f 1107 6973 3539
f 3420 5859 6974
f 3420 6974 2125
f 396 5849 6975
f 396 6975 5851
f 1799 4965 6976
f 1799 6976 5961
f 31 5839 6977
f 31 6977 5841
f 1511 5836 6978
f 1511 6978 2231
f 564 5059 6979
f 564 6979 3198
f 1299 2589 6980
f 1299 6980 5847
f 853 5903 6981
f 853 6981 2544
f 653 5055 6982
f 653 6982 3199
f 2187 5797 6983
f 2187 6983 463
f 964 2588 6984
f 964 6984 5852
f 100 5004 6985
f 100 6985 2457
f 394 3099 6986
f 394 6986 1126
f 3 5874 6987
f 3 6987 5852
f 4 5871 6988
f 4 6988 5847
f 1092 5843 6989
f 1092 6989 279
f 2527 5798 6990
f 2527 6990 704
f 1827 4911 6991
f 1827 6991 2573
f 1148 4260 6992
f 1148 6992 3200
f 230 5848 6993
f 230 6993 280
f 1342 4262 6994
f 1342 6994 3195
f 368 4196 6995
f 368 6995 3079
f 842 4940 6996
f 842 6996 3080
f 3082 117 6997
f 3082 6997 5119
f 1345 5031 6998
f 1345 6998 5124
f 2483 5029 6999
f 2483 6999 2318
f 3081 345 7000
f 3081 7000 5122
f 946 3473 7001
f 946 7001 2934
f 993 3009 7002
f 993 7002 4949
f 1350 3012 7003
f 1350 7003 4204
f 21 5858 7004
f 21 7004 293
f 22 5859 7005
f 22 7005 1273
f 1337 4210 7006
f 1337 7006 5983
f 932 1815 7007
f 932 7007 5914
f 600 5822 7008
f 600 7008 3522
f 1605 4352 7009
f 1605 7009 3732
f 1284 4293 7010
f 1284 7010 2151
f 3426 5902 7011
f 3426 7011 2922
f 956 5892 7012
f 956 7012 3002
f 3427 5907 7013
f 3427 7013 2912
f 39 2255 7014
f 39 7014 4317
f 3523 5882 7015
f 3523 7015 823
f 485 3136 7016
f 485 7016 5056
f 425 5057 7017
f 425 7017 899
f 4174 2880 7018
f 4174 7018 6040
f 1152 3652 7019
f 1152 7019 4345
f 807 6016 7020
f 807 7020 2471
f 334 5860 7021
f 334 7021 1865
f 387 5886 7022
f 387 7022 4815
f 705 3655 7023
f 705 7023 4335
f 2480 5113 7024
f 2480 7024 2938
f 529 3006 7025
f 529 7025 5114
f 7 281 7026
f 7 7026 5875
f 8 283 7027
f 8 7027 5877
f 231 5910 7028
f 231 7028 282
f 827 3052 7029
f 827 7029 5990
f 543 3011 7030
f 543 7030 5924
f 1007 3741 7031
f 1007 7031 4213
f 416 1589 7032
f 416 7032 3653
f 808 6021 7033
f 808 7033 4758
f 4118 1850 7034
f 4118 7034 5867
f 962 3019 7035
f 962 7035 5040
f 1336 5872 7036
f 1336 7036 5862
f 3016 5947 7037
f 3016 7037 545
f 1579 2973 7038
f 1579 7038 1991
f 629 2251 7039
f 629 7039 5885
f 1835 4253 7040
f 1835 7040 1698
f 1166 5873 7041
f 1166 7041 2646
f 1492 5912 7042
f 1492 7042 284
f 544 3010 7043
f 544 7043 5928
f 2055 292 7044
f 2055 7044 290
f 20 452 7045
f 20 7045 937
f 1271 5893 7046
f 1271 7046 5088
f 480 5901 7047
f 480 7047 5161
f 1612 5079 7048
f 1612 7048 5163
f 23 5888 7049
f 23 7049 5084
f 3629 1572 7050
f 3629 7050 6095
f 244 4222 7051
f 244 7051 1774
f 603 3018 7052
f 603 7052 5863
f 525 5855 7053
f 525 7053 2101
f 58 1320 7054
f 58 7054 4242
f 59 1523 7055
f 59 7055 4247
f 651 1937 7056
f 651 7056 5904
f 1547 1934 7057
f 1547 7057 4301
f 2664 1526 7058
f 2664 7058 5245
f 562 4354 7059
f 562 7059 4185
f 563 4186 7060
f 563 7060 4355
f 400 287 7061
f 400 7061 284
f 1489 285 7062
f 1489 7062 282
f 161 5853 7063
f 161 7063 2978
f 623 3684 7064
f 623 7064 3050
f 245 5805 7065
f 245 7065 1293
f 505 5854 7066
f 505 7066 2977
f 926 5965 7067
f 926 7067 5929
f 2148 5985 7068
f 2148 7068 1020
f 2244 880 7069
f 2244 7069 702
f 232 5933 7070
f 232 7070 5964
f 739 5984 7071
f 739 7071 1413
f 1848 5996 7072
f 1848 7072 5784
f 1158 6005 7073
f 1158 7073 5787
f 2242 837 7074
f 2242 7074 636
f 234 5973 7075
f 234 7075 5931
f 3063 5139 7076
f 3063 7076 1101
f 440 2117 7077
f 440 7077 5956
f 233 5938 7078
f 233 7078 5970
f 18 5095 7079
f 18 7079 5966
f 19 5092 7080
f 19 7080 5958
f 412 3679 7081
f 412 7081 4302
f 831 4176 7082
f 831 7082 5039
f 3519 5140 7083
f 3519 7083 796
f 805 5955 7084
f 805 7084 5928
f 688 5949 7085
f 688 7085 5924
f 547 4315 7086
f 547 7086 3061
f 140 5916 7087
f 140 7087 5921
f 3064 6022 7088
f 3064 7088 810
f 860 5162 7089
f 860 7089 4231
f 4117 5104 7090
f 4117 7090 398
f 2618 1584 7091
f 2618 7091 5946
f 608 1537 7092
f 608 7092 2152
f 528 2883 7093
f 528 7093 3440
f 606 1867 7094
f 606 7094 4971
f 63 3602 7095
f 63 7095 4219
f 62 3077 7096
f 62 7096 3551
f 1510 3683 7097
f 1510 7097 4303
f 248 1866 7098
f 248 7098 3599
f 473 2585 7099
f 473 7099 5962
f 733 5134 7100
f 733 7100 2233
f 638 2597 7101
f 638 7101 5135
f 961 2584 7102
f 961 7102 5974
f 12 5986 7103
f 12 7103 5974
f 13 5981 7104
f 13 7104 5962
f 3555 1550 7105
f 3555 7105 5900
f 14 289 7106
f 14 7106 286
f 15 291 7107
f 15 7107 288
f 1301 3538 7108
f 1301 7108 4901
f 4156 1551 7109
f 4156 7109 5899
f 1111 2587 7110
f 1111 7110 4900
f 752 2283 7111
f 752 7111 1664
f 1302 3542 7112
f 1302 7112 3026
f 1368 3118 7113
f 1368 7113 3113
f 2906 2667 7114
f 2906 7114 397
f 1149 2666 7115
f 1149 7115 251
f 1303 3541 7116
f 1303 7116 3024
f 142 5011 7117
f 142 7117 4254
f 680 5761 7118
f 680 7118 2085
f 1597 3709 7119
f 1597 7119 2204
f 4215 826 7120
f 4215 7120 6012
f 944 5881 7121
f 944 7121 4085
f 887 3648 7122
f 887 7122 1843
f 945 5891 7123
f 945 7123 4084
f 454 5985 7124
f 454 7124 2186
f 455 5984 7125
f 455 7125 2185
f 2974 3490 7126
f 2974 7126 2524
f 526 6006 7127
f 526 7127 6008
f 1755 5997 7128
f 1755 7128 5999
f 442 1797 7129
f 442 7129 5915
f 4989 1331 7130
f 4989 7130 6012
f 1826 2084 7131
f 1826 7131 4184
f 2197 737 7132
f 2197 7132 3499
f 2245 4496 7133
f 2245 7133 6105
f 445 2102 7134
f 445 7134 5913
f 681 5763 7135
f 681 7135 1786
f 477 3121 7136
f 477 7136 997
f 1913 5990 7137
f 1913 7137 6010
f 2246 4495 7138
f 2246 7138 6112
f 534 3613 7139
f 534 7139 5191
f 1649 3323 7140
f 1649 7140 5354
f 348 5015 7141
f 348 7141 5944
f 1117 4177 7142
f 1117 7142 4316
f 687 3104 7143
f 687 7143 5869
f 1534 4244 7144
f 1534 7144 5192
f 3470 4852 7145
f 3470 7145 2566
f 509 5996 7146
f 509 7146 2195
f 3751 742 7147
f 3751 7147 6075
f 469 6005 7148
f 469 7148 1363
f 3745 1596 7149
f 3745 7149 6099
f 624 4138 7150
f 624 7150 3691
f 610 1837 7151
f 610 7151 6072
f 519 5967 7152
f 519 7152 1806
f 401 2159 7153
f 401 7153 6073
f 3479 5898 7154
f 3479 7154 371
f 4098 5896 7155
f 4098 7155 482
f 691 2158 7156
f 691 7156 6076
f 3881 632 7157
f 3881 7157 2695
f 5384 1677 7158
f 5384 7158 3315
f 4566 3906 7159
f 4566 7159 1958
f 597 5894 7160
f 597 7160 983
f 247 5972 7161
f 247 7161 4387
f 390 5982 7162
f 390 7162 4376
f 855 3756 7163
f 855 7163 2718
f 2229 6084 7164
f 2229 7164 4234
f 952 2924 7165
f 952 7165 6018
f 1880 6109 7166
f 1880 7166 3494
f 171 4217 7167
f 171 7167 5115
f 383 4290 7168
f 383 7168 5112
f 2951 2524 7169
f 2951 7169 6048
f 712 4213 7170
f 712 7170 5142
f 615 3588 7171
f 615 7171 6023
f 1490 4040 7172
f 1490 7172 6020
f 1607 6111 7173
f 1607 7173 3502
f 380 6169 7174
f 380 7174 6086
f 338 6167 7175
f 338 7175 6096
f 614 1531 7176
f 614 7176 5160
f 1016 2727 7177
f 1016 7177 6077
f 1941 6051 7178
f 1941 7178 1382
f 1939 5185 7179
f 1939 7179 1191
f 710 4053 7180
f 710 7180 2456
f 1505 4052 7181
f 1505 7181 2416
f 728 3091 7182
f 728 7182 5176
f 1871 5979 7183
f 1871 7183 157
f 3299 423 7184
f 3299 7184 4371
f 578 5956 7185
f 578 7185 3990
f 3300 551 7186
f 3300 7186 4369
f 403 5914 7187
f 403 7187 2444
f 1873 5988 7188
f 1873 7188 158
f 103 5969 7189
f 103 7189 5945
f 616 4324 7190
f 616 7190 5908
f 531 5152 7191
f 531 7191 4246
f 799 5151 7192
f 799 7192 3705
f 635 5971 7193
f 635 7193 1822
f 634 5968 7194
f 634 7194 2127
f 988 5107 7195
f 988 7195 2239
f 2983 2287 7196
f 2983 7196 3680
f 2987 4382 7197
f 2987 7197 6078
f 959 5049 7198
f 959 7198 5992
f 825 5840 7199
f 825 7199 5978
f 54 6013 7200
f 54 7200 1186
f 53 6015 7201
f 53 7201 1185
f 1560 6033 7202
f 1560 7202 113
f 1340 4996 7203
f 1340 7203 5015
f 1558 6034 7204
f 1558 7204 114
f 989 5212 7205
f 989 7205 3104
f 382 6002 7206
f 382 7206 1304
f 336 5976 7207
f 336 7207 1296
f 1622 3740 7208
f 1622 7208 6122
f 2602 1893 7209
f 2602 7209 3210
f 2008 4675 7210
f 2008 7210 6343
f 2641 849 7211
f 2641 7211 4366
f 1588 3159 7212
f 1588 7212 6064
f 2154 3160 7213
f 2154 7213 6066
f 1628 4398 7214
f 1628 7214 6124
f 599 4250 7215
f 599 7215 6266
f 882 3764 7216
f 882 7216 5217
f 881 3766 7217
f 881 7217 5215
f 2599 1653 7218
f 2599 7218 3216
f 758 4408 7219
f 758 7219 3785
f 759 4409 7220
f 759 7220 3784
f 2565 6094 7221
f 2565 7221 2204
f 2965 6023 7222
f 2965 7222 3540
f 1921 697 7223
f 1921 7223 5998
f 948 6079 7224
f 948 7224 2188
f 467 6039 7225
f 467 7225 1608
f 813 6082 7226
f 813 7226 2537
f 1102 4364 7227
f 1102 7227 4353
f 1139 3172 7228
f 1139 7228 1373
f 1631 6140 7229
f 1631 7229 239
f 1905 6140 7230
f 1905 7230 240
f 1267 6056 7231
f 1267 7231 5989
f 262 1604 7232
f 262 7232 5210
f 709 1379 7233
f 709 7233 6102
f 190 5883 7234
f 190 7234 1327
f 960 2198 7235
f 960 7235 6101
f 189 5054 7236
f 189 7236 2887
f 356 4458 7237
f 356 7237 2704
f 774 6244 7238
f 774 7238 1229
f 617 6028 7239
f 617 7239 820
f 3657 6171 7240
f 3657 7240 1178
f 4163 6248 7241
f 4163 7241 3559
f 968 1839 7242
f 968 7242 3619
f 3774 1384 7243
f 3774 7243 869
f 5229 1859 7244
f 5229 7244 751
f 1907 5280 7245
f 1907 7245 3505
f 263 1852 7246
f 263 7246 6114
f 3119 550 7247
f 3119 7247 3737
f 575 2742 7248
f 575 7248 3867
f 803 6078 7249
f 803 7249 1824
f 2107 6075 7250
f 2107 7250 843
f 1396 114 7251
f 1396 7251 6125
f 3536 113 7252
f 3536 7252 6127
f 3563 5383 7253
f 3563 7253 3009
f 3567 4578 7254
f 3567 7254 3012
f 1010 462 7255
f 1010 7255 6145
f 211 6124 7256
f 211 7256 6126
f 451 6122 7257
f 451 7257 6132
f 60 6045 7258
f 60 7258 6009
f 2703 1618 7259
f 2703 7259 4450
f 61 6035 7260
f 61 7260 6007
f 3171 1617 7261
f 3171 7261 6110
f 980 4228 7262
f 980 7262 6070
f 1330 4227 7263
f 1330 7263 6062
f 2247 6308 7264
f 2247 7264 6055
f 2205 6099 7265
f 2205 7265 1543
f 2613 6300 7266
f 2613 7266 6059
f 3055 2230 7267
f 3055 7267 3686
f 5167 2626 7268
f 5167 7268 6068
f 2996 46 7269
f 2996 7269 5856
f 2993 5200 7270
f 2993 7270 965
f 1771 5810 7271
f 1771 7271 6060
f 1133 1870 7272
f 1133 7272 6163
f 537 1532 7273
f 537 7273 6106
f 3579 6054 7274
f 3579 7274 4922
f 4937 6053 7275
f 4937 7275 2609
f 838 6156 7276
f 838 7276 4411
f 839 6157 7277
f 839 7277 4412
f 1483 6116 7278
f 1483 7278 5993
f 57 6149 7279
f 57 7279 1853
f 56 6155 7280
f 56 7280 1854
f 357 6090 7281
f 357 7281 6074
f 2640 1332 7282
f 2640 7282 5277
f 34 4464 7283
f 34 7283 5279
f 2312 2606 7284
f 2312 7284 1408
f 1978 1049 7285
f 1978 7285 1407
f 358 6087 7286
f 358 7286 6071
f 897 1464 7287
f 897 7287 2761
f 646 4330 7288
f 646 7288 3826
f 561 4329 7289
f 561 7289 5286
f 55 6133 7290
f 55 7290 6134
f 1528 6162 7291
f 1528 7291 3544
f 723 6161 7292
f 723 7292 2595
f 607 1324 7293
f 607 7293 5334
f 354 2226 7294
f 354 7294 6046
f 353 2227 7295
f 353 7295 6047
f 1119 2106 7296
f 1119 7296 6098
f 2443 2105 7297
f 2443 7297 6097
f 461 4003 7298
f 461 7298 5331
f 3054 179 7299
f 3054 7299 4333
f 4220 6148 7300
f 4220 7300 6303
f 1615 722 7301
f 1615 7301 6177
f 2214 628 7302
f 2214 7302 6179
f 83 4426 7303
f 83 7303 4903
f 4211 6113 7304
f 4211 7304 6195
f 1292 5816 7305
f 1292 7305 6061
f 3235 6175 7306
f 3235 7306 1617
f 2762 6176 7307
f 2762 7307 3832
f 2293 205 7308
f 2293 7308 5975
f 1988 3889 7309
f 1988 7309 2797
f 1987 5905 7310
f 1987 7310 3887
f 3090 850 7311
f 3090 7311 6173
f 4432 6193 7312
f 4432 7312 1347
f 3603 6163 7313
f 3603 7313 4248
f 414 2582 7314
f 414 7314 6200
f 1953 206 7315
f 1953 7315 6038
f 3621 726 7316
f 3621 7316 6172
f 1899 6166 7317
f 1899 7317 847
f 577 2386 7318
f 577 7318 3296
f 1381 538 7319
f 1381 7319 4514
f 1900 6154 7320
f 1900 7320 846
f 1887 539 7321
f 1887 7321 5314
f 1352 3071 7322
f 1352 7322 6175
f 5064 1929 7323
f 5064 7323 4511
f 366 6105 7324
f 366 7324 3795
f 626 6112 7325
f 626 7325 3794
f 1380 6186 7326
f 1380 7326 985
f 1872 6176 7327
f 1872 7327 3072
f 2634 1802 7328
f 2634 7328 6230
f 1807 6188 7329
f 1807 7329 984
f 2264 977 7330
f 2264 7330 6235
f 1986 1172 7331
f 1986 7331 5311
f 5063 1466 7332
f 5063 7332 4513
f 1985 565 7333
f 1985 7333 5312
f 2552 45 7334
f 2552 7334 5954
f 3097 5321 7335
f 3097 7335 850
f 670 2387 7336
f 670 7336 5300
f 5053 444 7337
f 5053 7337 6189
f 1223 3310 7338
f 1223 7338 2808
f 731 1788 7339
f 731 7339 5280
f 1031 3804 7340
f 1031 7340 5301
f 3659 5317 7341
f 3659 7341 591
f 2569 6232 7342
f 2569 7342 470
f 1657 4503 7343
f 1657 7343 5338
f 4427 5294 7344
f 4427 7344 879
f 2579 4502 7345
f 2579 7345 5337
f 3668 2263 7346
f 3668 7346 5335
f 3282 2387 7347
f 3282 7347 1215
f 1018 6224 7348
f 1018 7348 3182
f 3626 3243 7349
f 3626 7349 5306
f 861 4331 7350
f 861 7350 6181
f 1624 361 7351
f 1624 7351 6171
f 3728 421 7352
f 3728 7352 6199
f 201 1378 7353
f 201 7353 6220
f 3272 2386 7354
f 3272 7354 777
f 2190 6227 7355
f 2190 7355 3183
f 1162 4332 7356
f 1162 7356 6184
f 3729 422 7357
f 3729 7357 6204
f 52 5935 7358
f 52 7358 6111
f 51 5934 7359
f 51 7359 6109
f 210 3133 7360
f 210 7360 6272
f 649 3696 7361
f 649 7361 6241
f 1377 413 7362
f 1377 7362 5328
f 840 6180 7363
f 840 7363 1359
f 976 5303 7364
f 976 7364 1566
f 3776 1199 7365
f 3776 7365 6237
f 194 6158 7366
f 194 7366 1621
f 648 2305 7367
f 648 7367 6243
f 3775 1198 7368
f 3775 7368 6238
f 218 5232 7369
f 218 7369 4399
f 219 5233 7370
f 219 7370 4400
f 903 4473 7371
f 903 7371 5339
f 4438 6236 7372
f 4438 7372 421
f 4439 6240 7373
f 4439 7373 422
f 4276 3681 7374
f 4276 7374 3699
f 1046 4474 7375
f 1046 7375 5341
f 2750 6238 7376
f 2750 7376 1556
f 1183 6173 7377
f 1183 7377 6270
f 4126 151 7378
f 4126 7378 6001
f 3495 4327 7379
f 3495 7379 152
f 2749 6237 7380
f 2749 7380 1386
f 4281 3682 7381
f 4281 7381 3697
f 1343 6225 7382
f 1343 7382 193
f 2222 4445 7383
f 2222 7383 6239
f 1389 4446 7384
f 1389 7384 6242
f 571 5330 7385
f 571 7385 1462
f 3083 6172 7386
f 3083 7386 6281
f 183 3106 7387
f 183 7387 5299
f 1232 6143 7388
f 1232 7388 3181
f 2286 4180 7389
f 2286 7389 3191
f 1392 362 7390
f 1392 7390 6205
f 196 2303 7391
f 196 7391 6264
f 195 2302 7392
f 195 7392 6261
f 1403 6245 7393
f 1403 7393 1671
f 2530 355 7394
f 2530 7394 6350
f 647 1967 7395
f 647 7395 5466
f 374 4625 7396
f 374 7396 1428
f 717 5337 7397
f 717 7397 5349
f 552 5338 7398
f 552 7398 5351
f 1890 6201 7399
f 1890 7399 4420
f 85 3137 7400
f 85 7400 6305
f 2273 6250 7401
f 2273 7401 1606
f 619 6251 7402
f 619 7402 1896
f 736 6259 7403
f 736 7403 3094
f 424 6293 7404
f 424 7404 2265
f 82 4332 7405
f 82 7405 3005
f 81 4331 7406
f 81 7406 2576
f 1614 402 7407
f 1614 7407 6388
f 1116 2508 7408
f 1116 7408 6093
f 1632 5356 7409
f 1632 7409 355
f 72 3712 7410
f 72 7410 3674
f 71 4359 7411
f 71 7411 3675
f 1387 4443 7412
f 1387 7412 6274
f 2568 4442 7413
f 2568 7413 6275
f 734 6100 7414
f 734 7414 6212
f 2591 5362 7415
f 2591 7415 402
f 222 6118 7416
f 222 7416 6210
f 2939 200 7417
f 2939 7417 6219
f 1431 6194 7418
f 1431 7418 6476
f 1430 6183 7419
f 1430 7419 6485
f 3042 6386 7420
f 3042 7420 2643
f 1000 6246 7421
f 1000 7421 5118
f 1005 2690 7422
f 1005 7422 5412
f 1643 269 7423
f 1643 7423 6193
f 1927 481 7424
f 1927 7424 5332
f 199 3085 7425
f 199 7425 6258
f 1366 683 7426
f 1366 7426 5321
f 363 2733 7427
f 363 7427 4435
f 212 2732 7428
f 212 7428 4089
f 197 2685 7429
f 197 7429 4403
f 198 3149 7430
f 198 7430 5179
f 4395 5357 7431
f 4395 7431 570
f 1110 2979 7432
f 1110 7432 3035
f 3312 1062 7433
f 3312 7433 4624
f 4396 5358 7434
f 4396 7434 873
f 554 6286 7435
f 554 7435 6284
f 641 6291 7436
f 641 7436 6288
f 5342 1143 7437
f 5342 7437 6348
f 4419 6260 7438
f 4419 7438 468
f 1245 2009 7439
f 1245 7439 2371
f 1686 655 7440
f 1686 7440 6282
f 1602 395 7441
f 1602 7441 4527
f 2651 730 7442
f 2651 7442 6285
f 719 2470 7443
f 719 7443 2594
f 1926 1144 7444
f 1926 7444 6257
f 3710 430 7445
f 3710 7445 6282
f 5343 1142 7446
f 5343 7446 6351
f 566 1659 7447
f 566 7447 5430
f 870 1658 7448
f 870 7448 5436
f 1861 6300 7449
f 1861 7449 6142
f 747 3158 7450
f 747 7450 6295
f 1022 6296 7451
f 1022 7451 2346
f 746 3157 7452
f 746 7452 6297
f 749 6310 7453
f 749 7453 3173
f 407 886 7454
f 407 7454 6287
f 1021 6298 7455
f 1021 7455 3753
f 2311 4306 7456
f 2311 7456 6290
f 1174 6331 7457
f 1174 7457 86
f 750 6317 7458
f 750 7458 3174
f 1666 2801 7459
f 1666 7459 6268
f 1177 5287 7460
f 1177 7460 471
f 491 6320 7461
f 491 7461 6358
f 2505 443 7462
f 2505 7462 6135
f 2161 6308 7463
f 2161 7463 6141
f 486 6309 7464
f 486 7464 4437
f 555 6315 7465
f 555 7465 4436
f 1052 3862 7466
f 1052 7466 6269
f 3714 4311 7467
f 3714 7467 6289
f 557 1629 7468
f 557 7468 6335
f 1011 6338 7469
f 1011 7469 1644
f 1720 2020 7470
f 1720 7470 6252
f 3841 5428 7471
f 3841 7471 207
f 652 6326 7472
f 652 7472 1925
f 352 6323 7473
f 352 7473 1369
f 644 3137 7474
f 644 7474 6355
f 740 4323 7475
f 740 7475 6357
f 858 6314 7476
f 858 7476 3742
f 484 6340 7477
f 484 7477 3743
f 1372 5284 7478
f 1372 7478 472
f 3842 5427 7479
f 3842 7479 370
f 88 3157 7480
f 88 7480 3792
f 87 3158 7481
f 87 7481 5247
f 1015 6312 7482
f 1015 7482 533
f 203 6319 7483
f 203 7483 6324
f 204 6318 7484
f 204 7484 6322
f 1385 6333 7485
f 1385 7485 2747
f 1818 1001 7486
f 1818 7486 6337
f 1024 6339 7487
f 1024 7487 2748
f 369 3183 7488
f 369 7488 4530
f 2578 6392 7489
f 2578 7489 481
f 112 1456 7490
f 112 7490 3805
f 111 1457 7491
f 111 7491 2771
f 743 2689 7492
f 743 7492 6383
f 217 3182 7493
f 217 7493 4529
f 178 5292 7494
f 178 7494 6301
f 775 5469 7495
f 775 7495 2768
f 1201 5396 7496
f 1201 7496 2767
f 892 3288 7497
f 892 7497 6311
f 3040 4455 7498
f 3040 7498 6349
f 1398 4454 7499
f 1398 7499 6342
f 120 5374 7500
f 120 7500 4500
f 4346 1708 7501
f 4346 7501 6379
f 732 833 7502
f 732 7502 6248
f 891 3286 7503
f 891 7503 6313
f 4520 2645 7504
f 4520 7504 45
f 492 6377 7505
f 492 7505 6353
f 560 6376 7506
f 560 7506 6352
f 119 5375 7507
f 119 7507 4501
f 4347 1707 7508
f 4347 7508 6378
f 640 6332 7509
f 640 7509 1625
f 344 6361 7510
f 344 7510 2684
f 110 6359 7511
f 110 7511 3690
f 1209 6330 7512
f 1209 7512 2766
f 2815 4694 7513
f 2815 7513 2006
f 1227 3275 7514
f 1227 7514 6347
f 2153 265 7515
f 2153 7515 6216
f 4521 3105 7516
f 4521 7516 46
f 495 2805 7517
f 495 7517 6365
f 1697 5435 7518
f 1697 7518 5446
f 123 6234 7519
f 123 7519 6372
f 372 6231 7520
f 372 7520 6371
f 1002 1911 7521
f 1002 7521 6345
f 1003 1908 7522
f 1003 7522 6327
f 859 6360 7523
f 859 7523 1028
f 1241 5450 7524
f 1241 7524 3944
f 910 5449 7525
f 910 7525 5465
f 4623 92 7526
f 4623 7526 3314
f 252 1968 7527
f 252 7527 6380
f 765 3920 7528
f 765 7528 2723
f 5205 6336 7529
f 5205 7529 179
f 664 3910 7530
f 664 7530 2722
f 209 6362 7531
f 209 7531 1915
f 208 6370 7532
f 208 7532 3004
f 499 6367 7533
f 499 7533 6375
f 573 6382 7534
f 573 7534 6387
f 727 1450 7535
f 727 7535 1443
f 2337 1684 7536
f 2337 7536 6382
f 1247 5434 7537
f 1247 7537 5447
f 2785 6402 7538
f 2785 7538 3285
f 1365 5455 7539
f 1365 7539 6316
f 1202 4468 7540
f 1202 7540 3800
f 4615 2007 7541
f 4615 7541 6390
f 1203 4469 7542
f 1203 7542 3799
f 888 1691 7543
f 888 7543 6304
f 770 4634 7544
f 770 7544 5490
f 669 4635 7545
f 669 7545 5491
f 2277 5488 7546
f 2277 7546 3879
f 5259 574 7547
f 5259 7547 6356
f 2656 5493 7548
f 2656 7548 3878
f 271 1795 7549
f 271 7549 6406
f 2183 1616 7550
f 2183 7550 5419
f 4614 2348 7551
f 4614 7551 6393
f 868 5454 7552
f 868 7552 6341
f 530 1170 7553
f 530 7553 6403
f 1181 6159 7554
f 1181 7554 2309
f 1182 6168 7555
f 1182 7555 1969
f 1635 264 7556
f 1635 7556 6208
f 1912 2216 7557
f 1912 7557 5417
f 496 5517 7558
f 496 7558 4684
f 1037 6394 7559
f 1037 7559 5473
f 431 3946 7560
f 431 7560 3925
f 872 6405 7561
f 872 7561 6354
f 330 5470 7562
f 330 7562 418
f 3289 5472 7563
f 3289 7563 38
f 367 6417 7564
f 367 7564 1460
f 415 6414 7565
f 415 7565 2715
f 667 6395 7566
f 667 7566 6435
f 666 6400 7567
f 666 7567 6423
f 1410 6402 7568
f 1410 7568 331
f 417 5226 7569
f 417 7569 6431
f 2804 5487 7570
f 2804 7570 38
f 567 5475 7571
f 567 7571 6363
f 753 5483 7572
f 753 7572 6374
f 657 4285 7573
f 657 7573 6409
f 315 6421 7574
f 315 7574 1400
f 658 4284 7575
f 658 7575 6410
f 2021 5423 7576
f 2021 7576 6444
f 890 6411 7577
f 890 7577 6420
f 896 6404 7578
f 896 7578 2784
f 3234 5484 7579
f 3234 7579 6436
f 1362 6398 7580
f 1362 7580 1903
f 745 6432 7581
f 745 7581 1902
f 2256 5419 7582
f 2256 7582 1918
f 313 6451 7583
f 313 7583 1401
f 314 1040 7584
f 314 7584 6421
f 1009 6430 7585
f 1009 7585 2649
f 115 2784 7586
f 115 7586 2029
f 432 1063 7587
f 432 7587 2379
f 426 3258 7588
f 426 7588 3820
f 498 1443 7589
f 498 7589 2380
f 662 6433 7590
f 662 7590 6431
f 2390 901 7591
f 2390 7591 4670
f 312 1041 7592
f 312 7592 6451
f 1212 6483 7593
f 1212 7593 328
f 3250 6438 7594
f 3250 7594 96
f 1050 6472 7595
f 1050 7595 3297
f 427 6458 7596
f 427 7596 319
f 329 6426 7597
f 329 7597 1217
f 1032 6422 7598
f 1032 7598 1441
f 1647 1400 7599
f 1647 7599 6453
f 3880 6436 7600
f 3880 7600 2365
f 37 1634 7601
f 37 7601 1976
f 771 3257 7602
f 771 7602 6489
f 900 6487 7603
f 900 7603 326
f 3251 6452 7604
f 3251 7604 95
f 116 5499 7605
f 116 7605 5469
f 668 4667 7606
f 668 7606 6397
f 1655 6454 7607
f 1655 7607 6456
f 2627 6466 7608
f 2627 7608 1040
f 1048 6446 7609
f 1048 7609 320
f 3859 494 7610
f 3859 7610 6424
f 2035 1226 7611
f 2035 7611 6450
f 1246 93 7612
f 1246 7612 6418
f 1648 1401 7613
f 1648 7613 6474
f 1167 6470 7614
f 1167 7614 3107
f 1729 3294 7615
f 1729 7615 6164
f 2037 3293 7616
f 2037 7616 6165
f 318 6461 7617
f 318 7617 556
f 316 6482 7618
f 316 7618 1041
f 3896 3305 7619
f 3896 7619 6462
f 2389 778 7620
f 2389 7620 4669
f 3827 6479 7621
f 3827 7621 1034
f 1204 6437 7622
f 1204 7622 1440
f 1190 128 7623
f 1190 7623 6466
f 2794 1225 7624
f 2794 7624 6449
f 5480 213 7625
f 5480 7625 6494
f 5477 419 7626
f 5477 7626 6501
f 3860 493 7627
f 3860 7627 6442
f 1023 127 7628
f 1023 7628 6482
f 1415 1047 7629
f 1415 7629 6484
f 1208 2781 7630
f 1208 7630 6528
f 559 3277 7631
f 559 7631 1017
f 857 6427 7632
f 857 7632 546
f 4482 6477 7633
f 4482 7633 1207
f 1931 6486 7634
f 1931 7634 128
f 3266 6540 7635
f 3266 7635 6522
f 3267 6527 7636
f 3267 7636 6505
f 1219 6468 7637
f 1219 7637 324
f 2272 6453 7638
f 2272 7638 1970
f 214 6434 7639
f 214 7639 2270
f 1006 6467 7640
f 1006 7640 2271
f 307 1426 7641
f 307 7641 1035
f 1792 6447 7642
f 1792 7642 622
f 306 1427 7643
f 306 7643 1036
f 715 1196 7644
f 715 7644 1395
f 764 3274 7645
f 764 7645 1441
f 572 3275 7646
f 572 7646 6480
f 1661 6471 7647
f 1661 7647 322
f 1422 6497 7648
f 1422 7648 127
f 1660 6474 7649
f 1660 7649 1971
f 2284 1651 7650
f 2284 7650 126
f 1412 761 7651
f 1412 7651 6385
f 1917 6475 7652
f 1917 7652 1633
f 1432 3936 7653
f 1432 7653 3322
f 716 1626 7654
f 716 7654 1394
f 2525 663 7655
f 2525 7655 6386
f 1214 2792 7656
f 1214 7656 6493
f 1360 6373 7657
f 1360 7657 6469
f 479 1992 7658
f 479 7658 2792
f 3854 3191 7659
f 3854 7659 3146
f 3935 6511 7660
f 3935 7660 3319
f 3853 3181 7661
f 3853 7661 3144
f 4656 1248 7662
f 4656 7662 6490
f 1059 6487 7663
f 1059 7663 6500
f 1435 6483 7664
f 1435 7664 6492
f 1942 1652 7665
f 1942 7665 2289
f 4655 1249 7666
f 4655 7666 6491
f 3278 1213 7667
f 3278 7667 5515
f 1883 867 7668
f 1883 7668 6455
f 1610 1364 7669
f 1610 7669 6457
f 3142 126 7670
f 3142 7670 6499
f 2793 5534 7671
f 2793 7671 1213
f 3325 6512 7672
f 3325 7672 3894
f 4637 6499 7673
f 4637 7673 6511
f 953 6221 7674
f 953 7674 6476
f 3856 5527 7675
f 3856 7675 6530
f 2361 889 7676
f 2361 7676 5520
f 3904 6628 7677
f 3904 7677 6583
f 1701 6510 7678
f 1701 7678 97
f 4394 6514 7679
f 4394 7679 98
f 2822 1065 7680
f 2822 7680 6445
f 1665 5168 7681
f 1665 7681 6485
f 754 6505 7682
f 754 7682 6517
f 5165 6498 7683
f 5165 7683 569
f 2362 1159 7684
f 2362 7684 5521
f 4620 6520 7685
f 4620 7685 6512
f 3145 2289 7686
f 3145 7686 6520
f 3857 5528 7687
f 3857 7687 6544
f 2376 671 7688
f 2376 7688 6516
f 721 6522 7689
f 721 7689 6526
f 2823 6478 7690
f 2823 7690 1064
f 311 1970 7691
f 311 7691 6545
f 2320 6498 7692
f 2320 7692 659
f 310 1971 7693
f 310 7693 6567
f 767 2770 7694
f 767 7694 6506
f 308 1683 7695
f 308 7695 6508
f 665 6515 7696
f 665 7696 6572
f 2686 129 7697
f 2686 7697 6519
f 2778 760 7698
f 2778 7698 95
f 1165 6366 7699
f 1165 7699 6531
f 2032 894 7700
f 2032 7700 5540
f 1029 2769 7701
f 1029 7701 6521
f 94 6425 7702
f 94 7702 6525
f 2023 6553 7703
f 2023 7703 889
f 885 6523 7704
f 885 7704 6601
f 1173 6518 7705
f 1173 7705 297
f 863 302 7706
f 863 7706 6527
f 2366 6552 7707
f 2366 7707 1159
f 2396 1045 7708
f 2396 7708 6555
f 1563 297 7709
f 1563 7709 300
f 309 6564 7710
f 309 7710 1683
f 1243 6516 7711
f 1243 7711 483
f 1216 6581 7712
f 1216 7712 129
f 656 2398 7713
f 656 7713 298
f 1042 2374 7714
f 1042 7714 3822
f 1054 6568 7715
f 1054 7715 1981
f 1180 6566 7716
f 1180 7716 1013
f 254 6529 7717
f 254 7717 6548
f 2394 841 7718
f 2394 7718 6553
f 1055 6569 7719
f 1055 7719 1693
f 2812 895 7720
f 2812 7720 6578
f 2395 902 7721
f 2395 7721 6554
f 2003 2336 7722
f 2003 7722 131
f 2780 91 7723
f 2780 7723 6561
f 2800 630 7724
f 2800 7724 6552
f 1594 303 7725
f 1594 7725 6540
f 2397 1222 7726
f 2397 7726 6566
f 2004 1711 7727
f 2004 7727 130
f 2737 6547 7728
f 2737 7728 1026
f 2779 483 7729
f 2779 7729 5533
f 2738 6549 7730
f 2738 7730 763
f 1702 1429 7731
f 1702 7731 5548
f 738 6597 7732
f 738 7732 2355
f 487 6565 7733
f 487 7733 2354
f 2642 5551 7734
f 2642 7734 1710
f 2813 773 7735
f 2813 7735 6608
f 2803 5549 7736
f 2803 7736 6604
f 3196 762 7737
f 3196 7737 6558
f 2743 6563 7738
f 2743 7738 1623
f 2731 883 7739
f 2731 7739 6560
f 3767 6533 7740
f 3767 7740 17
f 2326 661 7741
f 2326 7741 6563
f 2744 6562 7742
f 2744 7742 1027
f 2325 876 7743
f 2325 7743 6562
f 893 2220 7744
f 893 7744 6524
f 994 6551 7745
f 994 7745 1638
f 3188 6585 7746
f 3188 7746 876
f 3217 1027 7747
f 3217 7747 6591
f 2751 11 7748
f 2751 7748 6539
f 999 6603 7749
f 999 7749 299
f 3768 6535 7750
f 3768 7750 16
f 2378 6584 7751
f 2378 7751 1235
f 2802 5550 7752
f 2802 7752 6611
f 1358 6589 7753
f 1358 7753 6613
f 2755 1623 7754
f 2755 7754 6593
f 2716 6587 7755
f 2716 7755 661
f 1713 5523 7756
f 1713 7756 6534
f 3208 364 7757
f 3208 7757 6543
f 3254 476 7758
f 3254 7758 6616
f 1060 1240 7759
f 1060 7759 6571
f 1238 1444 7760
f 1238 7760 6556
f 2317 6599 7761
f 2317 7761 25
f 1146 301 7762
f 1146 7762 303
f 729 299 7763
f 729 7763 302
f 1982 6600 7764
f 1982 7764 24
f 1433 6573 7765
f 1433 7765 1678
f 1236 6559 7766
f 1236 7766 1442
f 1197 6618 7767
f 1197 7767 854
f 1694 10 7768
f 1694 7768 6605
f 1983 9 7769
f 1983 7769 6607
f 1434 6586 7770
f 1434 7770 6574
f 1237 6577 7771
f 1237 7771 6570
f 1053 2315 7772
f 1053 7772 6579
f 1056 6582 7773
f 1056 7773 2319
f 2388 5552 7774
f 2388 7774 1461
f 909 6598 7775
f 909 7775 1984
f 1994 907 7776
f 1994 7776 5555
f 1233 2314 7777
f 1233 7777 6596
f 639 6583 7778
f 639 7778 1051
f 1057 1973 7779
f 1057 7779 1447
f 2672 1402 7780
f 2672 7780 3127
f 992 6627 7781
f 992 7781 301
f 645 1695 7782
f 645 7782 1990
f 1234 6586 7783
f 1234 7783 1989
f 1448 1689 7784
f 1448 7784 6602
f 1449 1690 7785
f 1449 7785 6595
f 1287 3220 7786
f 1287 7786 3221
f 2356 1235 7787
f 2356 7787 6625
f 1972 6594 7788
f 1972 7788 2699
f 1682 6580 7789
f 1682 7789 1980
f 2782 6625 7790
f 2782 7790 1429
f 5333 905 7791
f 5333 7791 6609
f 2033 6626 7792
f 2033 7792 1058
f 1685 2725 7793
f 1685 7793 6576
f 1687 6575 7794
f 1687 7794 2730
f 1977 2724 7795
f 1977 7795 6592
f 1453 6590 7796
f 1453 7796 2729
f 1184 6632 7797
f 1184 7797 6629
f 1250 6661 7798
f 1250 7798 3941
f 2328 6652 7799
f 2328 7799 757
f 2335 6651 7800
f 2335 7800 756
f 1376 6649 7801
f 1376 7801 6638
f 2329 755 7802
f 2329 7802 6654
f 2330 874 7803
f 2330 7803 6653
f 2807 5556 7804
f 2807 7804 6655
f 553 6617 7805
f 553 7805 6628
f 2036 6662 7806
f 2036 7806 3338
f 631 304 7807
f 631 7807 2735
f 549 714 7808
f 549 7808 2347
f 779 1469 7809
f 779 7809 6642
f 5538 6660 7810
f 5538 7810 6658
f 3810 3245 7811
f 3810 7811 6623
f 3811 3246 7812
f 3811 7812 6621
f 3815 3252 7813
f 3815 7813 6635
f 3808 6622 7814
f 3808 7814 3242
f 2010 884 7815
f 2010 7815 6657
f 3809 6620 7816
f 3809 7816 3244
f 2352 1 7817
f 2352 7817 6645
f 2776 3253 7818
f 2776 7818 6636
f 2322 6657 7819
f 2322 7819 1019
f 3817 6639 7820
f 3817 7820 3255
f 2349 1193 7821
f 2349 7821 6656
f 1999 6641 7822
f 1999 7822 360
f 2777 6640 7823
f 2777 7823 3256
f 2752 2 7824
f 2752 7824 6646
f 1700 6656 7825
f 1700 7825 875
f 2714 6643 7826
f 2714 7826 359
f 3834 6648 7827
f 3834 7827 6644
f 3835 6650 7828
f 3835 7828 6647
f 3836 6634 7829
f 3836 7829 6633
f 1730 2824 7830
f 1730 7830 3333
