v -1.882199 -1.403636 -3.587491
v -1.590819 -1.68482 -3.836557
v -1.793254 -1.880094 -3.121855
v -2.196731 -1.075081 -3.312537
v -2.348926 0.218498 -3.722355
v -2.155457 -0.170027 -3.886278
v -2.50462 0.669044 -3.533341
v -2.223272 0.593657 -3.921812
v -1.94586 1.995396 -4.107847
v -1.881133 2.290358 -3.955186
v -1.227359 -2.341546 -3.00637
v -0.573531 1.481984 -7.031459
v -0.260339 1.649622 -7.058602
v -0.400726 1.250191 -7.185376
v -0.939096 1.2787 -7.01003
v -0.811473 1.523504 -6.948665
v -0.735102 1.808651 -6.818884
v -1.209756 0.842095 -7.068169
v -1.509063 0.653354 -6.992343
v -1.77833 2.300908 -5.263417
v -1.277791 2.70485 -5.241659
v -0.990757 2.7075 -5.575024
v -1.019184 2.890009 -4.911246
v -0.251892 -2.061919 -4.850565
v -0.579927 -1.993065 -4.681914
v -0.386266 -1.999652 -5.144651
v -0.262799 -1.147763 -6.813581
v -0.48691 -1.413093 -6.668219
v 1.7e-05 -0.889784 -6.884676
v -0.205315 -0.208732 -7.195737
v -0.403487 0.11657 -7.287714
v -0.136133 1.963771 -6.879838
v 1.7e-05 1.83101 -7.07708
v -0.240904 3.203502 -3.964835
v -1.806484 1.259976 -6.498693
v -1.704063 1.746904 -6.223823
v -1.517892 1.337168 -6.70993
v -1.797518 0.742299 -6.730895
v -1.305917 2.083138 -6.214228
v -0.85026 2.303368 -6.249818
v -0.159668 -1.815477 -5.870804
v -0.144388 -1.920958 -5.590905
v -0.205971 2.959548 -5.228292
v -1.339647 2.882492 -4.166615
v -0.29888 -2.583451 -3.275527
v -0.57006 -2.352397 -3.6324
v -2.134027 1.287912 -4.137695
v -0.162565 2.344451 -6.45854
v -0.350021 2.477048 -6.230246
v -0.283409 -2.268728 -4.101477
v -2.222179 1.622999 -3.639069
v -2.098629 1.717191 -5.009402
v -2.221577 1.31459 -5.662876
v -0.145591 0.748941 -7.231243
v -0.262088 0.890422 -7.204864
v -2.345318 -0.645692 -3.386175
v -0.611361 0.764713 -7.2085
v -0.363634 1.067518 -7.2003
v -0.930622 -1.831548 -4.360576
v -0.192851 0.390975 -7.268061
v -1.232197 0.101837 -7.16597
v -2.074083 0.184385 -6.58649
v -2.330066 0.895642 -5.354712
v -2.284145 1.068201 -3.799001
v -1.274838 -1.816652 -4.086581
v -2.0084 1.628876 -5.939522
v -2.243034 0.917235 -4.618609
v -2.264054 0.504001 -4.600869
v -2.086465 1.673321 -4.679454
v -1.986724 1.904238 -4.438231
v -1.977676 1.968418 -4.701322
v -1.844205 2.33401 -4.394143
v -1.039876 2.947957 -4.587558
v -0.229205 3.10491 -4.542703
v -2.086465 2.087348 -3.49349
v -1.931072 2.464939 -3.354741
v -1.391445 2.9915 -3.284547
v -1.381714 2.93451 -3.625703
v -1.168892 3.156679 -2.767362
v -0.251291 3.307344 -2.904087
v -0.247437 3.285888 -3.238544
v -0.831236 3.15135 -3.42641
v -0.159777 -1.978934 -5.348671
v -0.229451 -1.498238 -6.430658
v 1.7e-05 -2.244674 -4.449166
v 1.882234 -1.403636 -3.587491
v 2.038529 -0.989717 -3.65875
v 2.348961 0.218498 -3.722355
v 1.945894 1.995396 -4.107847
v 2.021856 1.699151 -3.981591
v 1.227394 -2.341546 -3.00637
v 1.090178 -2.10866 -3.712106
v 0.573566 1.481984 -7.031459
v 0.260373 1.649622 -7.058602
v 0.40076 1.250191 -7.185376
v 0.811508 1.523504 -6.948665
v 0.93913 1.2787 -7.01003
v 0.735137 1.808651 -6.818884
v 1.209791 0.842095 -7.068169
v 1.778364 2.300908 -5.263417
v 1.277825 2.70485 -5.241659
v 1.260304 2.606119 -5.543809
v 0.251927 -2.061919 -4.850565
v 0.579962 -1.993065 -4.681914
v 0.294021 -2.117325 -4.586956
v 0.198216 -2.016818 -5.112451
v 0.262833 -1.147763 -6.813581
v 0.486944 -1.413093 -6.668219
v 0.20535 -0.208732 -7.195737
v 0.437853 -0.570223 -7.149816
v 0.278605 1.901176 -6.88156
v 0.151775 2.156694 -6.679588
v 0.240939 3.203502 -3.964835
v 0.48063 3.135168 -4.220654
v 1.806518 1.259976 -6.498693
v 1.704098 1.746904 -6.223823
v 1.010936 1.952127 -6.535922
v 0.501377 2.009664 -6.748472
v 0.159702 -1.815477 -5.870804
v 0.270569 -1.965458 -5.62346
v 0.399394 -1.762722 -6.223276
v 0.206006 2.959548 -5.228292
v 0.39226 2.826814 -5.597738
v 1.339682 2.882492 -4.166615
v 1.065796 2.990134 -4.302601
v 0.298914 -2.583451 -3.275527
v 0.570094 -2.352397 -3.6324
v 2.072505 1.52394 -4.085816
v 2.022047 -0.517413 -4.035521
v 1.729054 2.525265 -4.047329
v 0.163693 2.537921 -6.21319
v 0.283443 -2.268728 -4.101477
v 2.089234 1.740425 -5.322376
v 2.237821 1.345394 -5.343232
v 0.145625 0.748941 -7.231243
v 0.333929 0.757169 -7.231789
v 2.137505 0.174381 -4.090189
v 2.345352 -0.645692 -3.386175
v 0.611396 0.764713 -7.2085
v 0.746781 -1.964419 -4.271276
v 0.930657 -1.831548 -4.360576
v 0.649035 0.400488 -7.283669
v 1.232232 0.101837 -7.16597
v 1.536951 0.385098 -7.029354
v 2.042192 0.561102 -6.552214
v 2.074118 0.184385 -6.58649
v 2.3301 0.895642 -5.354712
v 2.151008 0.912534 -4.153986
v 2.141332 1.292421 -4.348057
v 1.274873 -1.816652 -4.086581
v 1.508305 -1.641523 -4.112247
v 1.603865 2.145432 -5.877801
v 2.243069 0.917235 -4.618609
v 2.0865 1.673321 -4.679454
v 1.890297 2.19652 -4.685905
v 1.844239 2.33401 -4.394143
v 1.514974 2.668169 -4.671363
v 2.0865 2.087348 -3.49349
v 1.39148 2.9915 -3.284547
v 0.251326 3.307344 -2.904087
v 0.842094 3.198938 -3.056446
v 0.84573 3.240759 -2.651958
v 0.83127 3.15135 -3.42641
v 1.74529 2.63676 -3.563546
v 1.756771 2.7192 -3.209599
v 0.159812 -1.978934 -5.348671
v 1.409984 1.710823 -6.50293
v -1.41539 3.013531 -1.846672
v -2.818469 -0.745134 -1.270199
v -2.919878 -0.324354 -1.431278
v -1.689166 -2.439183 -0.778079
v -2.036144 -2.16229 -1.344684
v -1.296924 -2.54256 -0.255782
v -1.465548 2.929124 -0.888098
v -2.38938 2.03719 -1.515603
v -2.107759 2.462069 -1.846153
v -2.59679 1.601077 -2.09932
v -0.375661 -2.894813 -1.709073
v -0.374977 -2.906265 -1.240734
v -0.718483 -2.755245 -2.15623
v -0.261787 3.294716 -0.433179
v -0.5395 3.176168 0.003399
v -2.259954 -1.62556 -2.416449
v -2.645308 0.197013 -3.216733
v -1.335137 -2.532282 -2.188784
v -0.254954 3.342469 -2.157459
v -0.287481 -2.602749 0.913729
v -0.25468 2.864151 1.722322
v -2.70312 -0.759266 0.361119
v -2.399576 -1.186085 0.857667
v -1.450322 -2.250606 0.851298
v -1.683563 -2.002523 1.132346
v -1.511824 -2.311807 0.501369
v -1.444118 2.655128 0.850069
v -1.639555 2.408276 1.085332
v -1.145467 2.717613 1.269071
v -2.336681 1.700135 0.3855
v -2.110574 2.059576 0.506617
v -2.395968 1.814718 -0.054248
v -2.455337 1.174257 0.706647
v -2.856108 0.588135 -2.087102
v -2.063533 2.483854 -2.308971
v -2.600289 -0.026305 0.967468
v -2.56563 -0.399196 0.99595
v -2.353901 -1.710323 -0.948643
v -2.343596 -1.700237 -0.466226
v -2.630575 -0.703067 -2.685715
v -1.921478 -1.60331 1.357168
v -0.796002 -2.307488 1.573051
v -0.832848 -2.367267 1.232087
v -2.54461 1.141811 -3.303955
v -2.597365 0.771163 0.641292
v 1.7e-05 -2.950328 -0.723849
v -0.258289 3.336181 -1.36297
v -0.339716 -2.74628 0.206681
v -2.839899 0.025711 0.179129
v -2.709215 0.849639 0.208622
v -1.374061 2.49282 1.510129
v -0.875489 2.956758 0.710583
v -0.851436 3.206264 -1.10666
v -1.922899 2.408495 0.242872
v -1.930799 2.489403 -0.195209
v -2.826833 -0.73245 -0.395895
v -0.268812 3.140006 0.420051
v -2.970145 0.531554 -0.741506
v -2.848291 0.999921 -0.74003
v 1.415424 3.013531 -1.846672
v 1.441118 2.982206 -1.394323
v 2.818504 -0.745134 -1.270199
v 2.63553 -1.191879 -1.101084
v 2.951374 -0.310414 -0.987648
v 1.689201 -2.439183 -0.778079
v 1.630433 -2.409061 -0.28492
v 1.482092 2.863631 -0.3778
v 2.389415 2.03719 -1.515603
v 2.107793 2.462069 -1.846153
v 2.628888 1.574782 -1.643554
v 2.151281 2.33677 -0.841821
v 0.375695 -2.894813 -1.709073
v 0.736941 -2.824455 -1.243084
v 0.522943 3.284028 -0.989015
v 1.891308 -1.980628 -2.720375
v 2.259989 -1.62556 -2.416449
v 2.358282 -1.117804 -2.957634
v 1.335172 -2.532282 -2.188784
v 0.256328 3.340282 -1.776861
v 0.287516 -2.602749 0.913729
v 0.545166 -2.447547 1.243459
v 0.254715 2.864151 1.722322
v 2.703154 -0.759266 0.361119
v 1.450357 -2.250606 0.851298
v 1.444152 2.655128 0.850069
v 2.336715 1.700135 0.3855
v 2.154371 2.173423 0.09628
v 2.058292 1.932966 0.885685
v 2.956896 0.115613 -1.559174
v 2.856143 0.588135 -2.087102
v 2.600324 -0.026305 0.967468
v 2.353936 -1.710323 -0.948643
v 2.712967 -0.737233 -2.235252
v 1.921512 -1.60331 1.357168
v 0.796037 -2.307488 1.573051
v 2.388404 1.628056 -3.289167
v 2.667238 1.122022 -2.964522
v 2.809893 1.07837 -1.679908
v 2.500965 0.701106 1.025388
v 0.358147 -2.809476 -0.216831
v 0.263763 2.997568 1.134642
v 2.939839 0.060071 -0.251572
v 2.918327 0.47921 -0.280874
v 2.238696 -1.669923 0.32553
v 0.25846 -2.441971 1.58978
v 1.374095 2.49282 1.510129
v 2.218687 1.453664 1.159899
v 0.884107 3.026296 0.328181
v 0.837885 3.227093 -1.561169
v 1.821716 2.084232 1.332267
v 0.268847 3.140006 0.420051
v -2.14865 -0.84124 2.480867
v -2.150126 -1.219925 2.774106
v -1.365013 2.200592 2.741332
v -1.610663 2.04856 2.532146
v -1.962642 1.510929 2.486033
v -0.253888 2.570585 2.875296
v 1.7e-05 2.637116 2.709707
v -0.076545 -2.092944 3.975023
v -0.093383 -1.982269 4.541711
v -0.301914 -1.91295 4.715773
v -0.174018 -2.210781 3.458411
v -0.034752 -2.225131 3.450812
v -0.258617 -2.27332 2.309866
v -0.49142 -2.198917 2.476575
v 1.7e-05 -2.356333 2.155265
v -1.728281 -0.82268 4.752428
v -1.775241 -0.458073 4.826558
v -1.718004 -1.187452 4.551907
v -0.030214 -1.922954 4.732065
v -0.189161 2.079749 4.960056
v -0.375797 1.984872 5.233097
v 1.7e-05 2.043067 5.222818
v -0.858269 1.770383 4.971291
v -0.696069 1.89221 4.978589
v -1.100229 1.617504 4.827734
v -0.973891 1.56259 5.218718
v -1.464154 1.159688 4.797802
v -1.331392 1.050106 5.199011
v -1.981284 -0.193589 4.582355
v -0.022971 -2.267116 3.112117
v -0.207393 -2.252164 2.887077
v -1.371136 2.312362 2.154253
v -1.612932 2.125998 2.099996
v -2.248282 0.864071 1.997138
v -2.268893 -0.099696 2.07698
v -2.202744 -0.47543 1.944466
v -2.279361 0.256574 2.292181
v -1.918416 -1.17004 1.833544
v -1.202677 -1.960128 2.120906
v -1.417631 -1.783195 2.19274
v -0.989527 -2.107266 2.073017
v -2.165379 0.820665 2.615159
v -1.762941 0.617956 4.773611
v -1.588714 0.531334 5.150492
v -0.804749 2.441486 2.7799
v -2.17459 1.303682 1.642917
v -2.257385 0.218034 2.803107
v -1.737219 -0.17645 5.011526
v -1.69026 0.107713 5.074668
v -1.554301 -1.372749 4.643939
v -1.361405 -1.701959 4.549938
v -1.50756 -1.902563 1.743424
v -1.693731 -0.325503 5.338987
v -1.672548 -0.038715 5.435613
v -1.727461 -0.665318 5.179411
v -1.634444 -1.040067 5.146009
v -1.633761 -1.384967 5.015763
v -1.459315 -1.621078 5.026258
v -1.295558 -1.848469 4.953606
v -0.803902 -2.001375 5.029076
v -0.358932 -2.153926 4.996849
v -0.03497 -2.120715 5.000129
v -0.057931 -2.160841 4.9875
v -0.910887 -1.97661 4.755189
v -0.465261 -2.083842 4.715827
v -0.423112 -2.144058 4.846238
v -0.151249 -2.139083 4.767872
v -1.129504 1.285151 5.492959
v -0.801578 1.703032 5.508266
v -0.671851 1.807639 5.637639
v -0.207694 2.002695 5.502253
v -2.248091 -0.873958 3.109029
v -2.187766 -1.273663 3.470274
v -2.282696 -0.480651 3.524915
v -2.275808 -0.481306 3.1248
v -2.208293 -0.888719 3.867682
v -1.632968 0.249576 5.30851
v -1.254229 -2.08283 1.791833
v -0.251455 2.759846 2.123366
v -2.437707 -0.062933 1.47249
v -0.801196 2.560799 2.236611
v -1.824388 1.838854 2.329218
v -2.178718 0.452367 3.539511
v -2.026713 1.122869 3.192616
v -1.696492 1.706886 3.204314
v -1.416811 1.90205 3.511138
v -0.737699 2.361944 3.552659
v -0.493935 2.473112 3.297032
v -1.961194 0.647231 4.282065
v -1.260105 1.768087 4.284006
v -0.806225 1.94256 4.646428
v -0.42765 2.244464 4.347394
v 1.7e-05 2.207781 4.654517
v -0.142229 -2.262551 2.645144
v -1.451416 0.704112 5.419814
v -1.932056 1.039883 3.892338
v -1.777455 1.357285 3.882333
v -0.699595 2.277291 3.944874
v -0.336218 -2.011516 4.488327
v -0.311918 -2.198562 3.961411
v -0.682348 -2.09073 4.583995
v -0.503283 -2.103686 4.594519
v -1.414297 -1.977157 4.445058
v 1.7e-05 -2.109508 4.710142
v -0.035353 -2.082065 5.028309
v -0.806744 1.690485 5.78598
v 2.148685 -0.84124 2.480867
v 2.177632 -0.469279 2.248966
v 2.071904 -1.183734 2.514242
v 1.365048 2.200592 2.741332
v 1.10871 2.366919 2.556363
v 1.784214 1.773472 2.728731
v 0.253922 2.570585 2.875296
v 0.50873 2.564708 2.632488
v 0.301948 -1.91295 4.715773
v 0.174053 -2.210781 3.458411
v 0.258651 -2.27332 2.309866
v 1.728316 -0.82268 4.752428
v 1.650496 -1.151016 4.67756
v 0.369791 2.037271 4.96812
v 0.375832 1.984872 5.233097
v 0.858304 1.770383 4.971291
v 1.206429 1.376118 4.953578
v 1.382268 1.118851 4.946061
v 1.981319 -0.193589 4.582355
v 2.119793 -0.518454 4.254622
v 0.207427 -2.252164 2.887077
v 2.118426 1.188771 2.22729
v 2.014092 1.572868 2.108688
v 2.268927 -0.099696 2.07698
v 2.25198 -0.466109 1.798721
v 1.857606 -1.162222 1.955863
v 1.202711 -1.960128 2.120906
v 1.417556 -1.782156 2.083841
v 0.983985 -2.071431 2.168276
v 2.165413 0.820665 2.615159
v 1.541324 0.853575 4.938463
v 1.479358 0.779144 5.178755
v 0.804784 2.441486 2.7799
v 2.305664 0.941098 1.578026
v 2.247114 -0.104344 2.485569
v 1.737254 -0.17645 5.011526
v 1.690295 0.107713 5.074668
v 2.481503 0.309821 1.289352
v 1.554336 -1.372749 4.643939
v 1.36144 -1.701959 4.549938
v 1.507595 -1.902563 1.743424
v 1.685948 -0.011791 5.37802
v 1.688108 -0.677182 5.230335
v 1.634479 -1.040067 5.146009
v 1.551903 -1.369141 5.079807
v 1.45935 -1.621078 5.026258
v 1.246746 -1.823568 5.004938
v 0.803936 -2.001375 5.029076
v 0.332754 -2.110683 5.035061
v 0.035005 -2.120715 5.000129
v 1.31888 -1.830948 4.880241
v 1.661211 -1.340768 4.884178
v 0.910921 -1.97661 4.755189
v 0.447501 -2.109426 4.77055
v 0.151283 -2.139083 4.767872
v 1.747778 -0.596354 5.062395
v 1.129538 1.285151 5.492959
v 0.954136 1.534381 5.506708
v 0.402865 1.954532 5.512776
v 0.768348 -2.264409 1.860441
v 2.275842 -0.481306 3.1248
v 2.208328 -0.888719 3.867682
v 2.152402 -1.271941 3.829579
v 1.649922 0.326384 5.1178
v 1.633003 0.249576 5.30851
v 2.301837 -0.797752 1.398415
v 0.25149 2.759846 2.123366
v 2.437742 -0.062933 1.47249
v 1.680318 -1.525791 1.922707
v 0.80123 2.560799 2.236611
v 2.208546 0.490853 3.17247
v 2.178752 0.452367 3.539511
v 2.026748 1.122869 3.192616
v 1.696527 1.706886 3.204314
v 1.214055 2.099784 3.518519
v 0.771381 2.397178 3.250864
v 1.961229 0.647231 4.282065
v 1.855884 0.971302 4.275724
v 1.179149 1.654487 4.616906
v 1.26014 1.768087 4.284006
v 0.655103 2.160876 4.337143
v 0.397644 2.115966 4.654408
v 0.142263 -2.262551 2.645144
v 1.565734 1.62554 3.884028
v 0.226534 2.391438 4.007386
v 0.336252 -2.011516 4.488327
v 0.503317 -2.103686 4.594519
v 0.682382 -2.09073 4.583995
v 1.414331 -1.977157 4.445058
v 1.586426 2.172138 1.871238
v 0.954492 1.520688 5.780294
v 0.42465 1.936764 5.797652
v 1.7e-05 -2.397663 9.686618
v 1.7e-05 -2.554806 9.624598
v 1.7e-05 -2.50268 9.552815
v 1.7e-05 -2.413599 9.427273
v 1.7e-05 -0.878934 4.061153
v 1.7e-05 -0.578725 3.703761
v 1.7e-05 -0.323808 3.705921
v 1.7e-05 -0.071652 3.950887
v 1.7e-05 -1.019376 4.618628
v 1.7e-05 -0.954566 4.2936
v 0.000127 0.05731 4.560161
v 0.000209 0.008736 4.213265
v 1.7e-05 -1.158806 5.504659
v 1.7e-05 -1.089788 5.052363
v -1e-05 0.044708 4.952404
v -0.000147 -0.020429 5.345711
v 1.7e-05 -1.262319 6.221847
v -0.00042 -0.259928 6.014273
v -0.000283 -0.123477 5.696243
v 1.7e-05 -1.314582 6.548789
v 1.7e-05 -1.368212 6.826255
v -0.000557 -0.39627 6.309643
v -0.000693 -0.527664 6.592359
v 1.7e-05 -1.468363 7.148139
v 1.7e-05 -1.420665 7.015133
v -0.000939 -0.776076 7.127885
v 1.7e-05 -1.63141 7.568099
v -0.001021 -0.884099 7.327859
v -0.001103 -0.980644 7.49192
v 1.7e-05 -1.901688 8.209245
v 1.7e-05 -1.827504 8.032229
v 1.7e-05 -1.747798 7.845729
v -0.001185 -1.066554 7.638157
v -0.00124 -1.136529 7.75714
v 7.2e-05 -2.001102 8.576284
v -0.000147 -1.962643 8.41392
v 0.000646 -2.035297 8.827894
v 1.7e-05 -1.290446 8.010854
v 1.7e-05 -1.338281 8.088509
v 1.7e-05 -1.389614 8.171033
v 1.7e-05 -1.47793 8.312375
v 1.7e-05 -1.621625 8.572784
v 1.7e-05 -1.73506 8.751577
v 1.7e-05 -1.797628 8.869496
v 1.7e-05 -1.873644 9.05266
v 1.7e-05 -1.919182 9.179135
v 1.7e-05 -1.946707 9.244188
v 1.7e-05 -2.008236 9.361972
v 4.5e-05 -2.055715 9.407428
v 9.9e-05 -2.112406 9.45417
v 1.7e-05 -2.31331 9.237273
v 1.7e-05 -2.288081 9.188591
v 0.000318 -2.24615 9.140374
v 0.001767 -2.111613 8.976207
v 0.000564 -2.300245 9.589883
v 1.7e-05 -1.222958 7.898593
v 1.7e-05 -2.37801 9.361671
v 1.7e-05 -2.333866 9.276826
v 0.000236 1.974212 6.342908
v -0.001814 -1.058846 9.830038
v -0.001705 -0.840037 9.675409
v -0.001103 -0.057139 8.586753
v -0.000939 0.213194 8.276951
v 1.7e-05 -2.212394 9.923384
v 1.7e-05 -2.00091 10.031898
v -0.002142 -1.788635 10.071997
v -0.002087 -1.603529 10.062512
v -0.000229 1.478647 7.312116
v -0.000119 1.605833 7.157543
v -0.000775 0.457287 8.01263
v -0.000693 0.570641 7.904935
v 1.7e-05 -2.391786 7.513567
v 1.7e-05 -2.495135 7.846988
v -0.000447 1.011975 7.587069
v -0.000365 1.203094 7.50657
v -0.001595 -0.666029 9.491698
v -0.001486 -0.507739 9.286448
v 1.7e-05 -2.787254 8.796869
v 1.7e-05 -2.600809 8.191777
v 1.7e-05 1.768142 6.83727
v 1.7e-05 -2.693553 9.564955
v -0.000529 0.856281 7.683148
v -0.001322 -0.310059 8.950842
v -0.001896 -1.195953 9.905398
v 1.7e-05 -2.203099 4.933761
v 1.7e-05 -2.249458 6.879803
v 1.7e-05 -2.431038 6.499341
v 1.7e-05 -2.257631 5.204559
v 1.7e-05 -2.357427 5.314824
v 1.7e-05 -2.466681 5.953919
v 1.7e-05 -2.265995 4.969787
v 0.469287 -1.040013 7.328543
v 0.473332 -1.040833 7.323843
v 0.470954 -1.034491 7.310065
v 0.467811 -1.042308 7.32283
v 0.463875 -1.021015 7.299241
v 0.458517 -1.020168 7.287133
v 0.464886 -1.046982 7.321137
v 0.470216 -1.018254 7.277812
v 0.451547 -1.043512 7.338356
v 0.456276 -1.050618 7.322449
v 0.469642 -1.044851 7.338822
v 0.45439 -1.04865 7.31187
v 0.422464 -1.010792 7.366265
v 0.430992 -1.01656 7.363093
v 0.441925 -1.024569 7.359158
v 0.387503 -0.998602 7.368451
v 0.39994 -1.002401 7.368861
v 0.465159 -1.042063 7.301975
v 0.456112 -1.042254 7.298805
v 0.417735 -1.030254 7.350821
v 0.43542 -1.031594 7.352516
v 0.448212 -1.031704 7.355767
v 0.371021 -0.975286 7.327888
v 0.373399 -0.984033 7.337099
v 0.374738 -0.995895 7.342048
v 0.374028 -0.99185 7.35965
v 0.474425 -1.018719 7.267725
v 0.472348 -1.015083 7.263516
v 0.441078 -1.046765 7.313838
v 0.422928 -1.045151 7.314795
v 0.420769 -1.045862 7.32879
v 0.383157 -1.021726 7.351286
v 0.382884 -1.013007 7.357709
v 0.369518 -0.964844 7.308945
v 0.37318 -0.982721 7.314003
v 0.38641 -0.956835 7.263326
v 0.406637 -0.954074 7.249548
v 0.393599 -0.938822 7.240253
v 0.423639 -0.98037 7.257612
v 0.470845 -1.013662 7.259006
v 0.458736 -1.032687 7.293393
v 0.398683 -1.027001 7.350574
v 0.370365 -1.018063 7.308945
v 0.370201 -1.002347 7.317747
v 0.372989 -1.024897 7.328187
v 0.375641 -1.011613 7.349892
v 0.442007 -0.990455 7.252391
v 0.384415 -1.042773 7.333054
v 0.400241 -1.043101 7.334037
v 0.384551 -1.047092 7.3251
v 0.385836 -1.048896 7.308563
v 0.402701 -1.046901 7.311924
v 0.377007 -1.022191 7.347704
v 0.373864 -1.011394 7.296836
v 0.370611 -1.005681 7.286122
v 0.370119 -0.991249 7.295415
v 0.370884 -1.032058 7.313784
v 0.372634 -1.034573 7.323733
v 0.372278 -0.965145 7.279069
v 0.410546 -0.974876 7.257885
v 0.388515 -0.975996 7.253539
v 0.46412 -1.020223 7.258814
v 0.4548 -1.023585 7.257694
v 0.424705 -1.033179 7.294048
v 0.421152 -1.023858 7.28112
v 0.387175 -1.042363 7.296072
v 0.37482 -1.030145 7.339123
v 0.369873 -1.001417 7.273083
v 0.45316 -0.996497 7.247417
v 0.474179 -1.010929 7.248017
v 0.471473 -1.005599 7.241841
v 0.468549 -1.004642 7.247089
v 0.469287 -1.003412 7.240885
v 0.460267 -1.016095 7.253429
v 0.442363 -1.025444 7.27423
v 0.371103 -1.039493 7.300062
v 0.371349 -1.043485 7.307578
v 0.369381 -1.012487 7.275763
v 0.37534 -0.9819 7.260128
v 0.426919 -1.003002 7.249904
v 0.462481 -0.999149 7.238095
v 0.379495 -1.031156 7.290195
v 0.397808 -1.023421 7.279453
v 0.378729 -1.022354 7.278113
v 0.388788 -0.994802 7.245449
v 0.399968 -1.026756 7.264584
v 0.375477 -1.02364 7.261438
v 0.409753 -1.010383 7.247472
v 0.376789 -0.993545 7.253158
v 0.37288 -1.003987 7.259526
v 0.39338 -1.015166 7.24892
v 0.381845 -1.003658 7.247908
v 0.377609 -1.026401 7.388241
v 0.377527 -1.014018 7.385343
v 0.370638 -1.030446 7.405271
v 0.376871 -1.021835 7.397481
v 0.376078 -1.002756 7.376379
v 0.377499 -1.042063 7.379521
v 0.376351 -1.055948 7.372498
v 0.376406 -1.049114 7.367056
v 0.373098 -1.048485 7.397234
v 0.375969 -1.065515 7.368451
v 0.376324 -1.053926 7.359103
v 0.37083 -1.073032 7.385152
v 0.372907 -1.069697 7.375504
v 0.387832 -1.03676 7.35738
v 0.378456 -1.045097 7.432275
v 0.37318 -1.041352 7.445396
v 0.402209 -1.016341 7.366538
v 0.372907 -1.056522 7.453323
v 0.377007 -1.069014 7.415603
v 0.374465 -1.065515 7.403331
v 0.369217 -1.078553 7.439492
v 0.371185 -1.066827 7.44627
v 0.370474 -1.078991 7.454062
v 0.375149 -1.057179 7.468411
v 0.369846 -1.074071 7.428175
v 0.375832 -1.07951 7.410655
v 0.390756 -1.066172 7.363641
v 0.388925 -1.075109 7.375831
v 0.422655 -1.032332 7.36252
v 0.427001 -1.018146 7.368505
v 0.386738 -1.080631 7.388841
v 0.388296 -1.077979 7.38242
v 0.403904 -1.044686 7.357107
v 0.42752 -1.045753 7.360006
v 0.380205 -1.080002 7.463163
v 0.384223 -1.060349 7.475709
v 0.420332 -1.072157 7.377389
v 0.402865 -1.071884 7.371868
v 0.404697 -1.066526 7.364241
v 0.434272 -1.026619 7.365416
v 0.458298 -1.041434 7.362438
v 0.410847 -1.076285 7.466197
v 0.393818 -1.078007 7.464886
v 0.399093 -1.062235 7.474124
v 0.370802 -1.089377 7.455292
v 0.368124 -1.08577 7.443866
v 0.368807 -1.08987 7.421125
v 0.451328 -1.047365 7.361427
v 0.472075 -1.069561 7.397618
v 0.472075 -1.063247 7.378619
v 0.469478 -1.059611 7.370502
v 0.469341 -1.063656 7.368806
v 0.469888 -1.056248 7.369817
v 0.413061 -1.087191 7.461224
v 0.367632 -1.094352 7.433233
v 0.441843 -1.073333 7.368562
v 0.458626 -1.075929 7.368916
v 0.458927 -1.063629 7.363997
v 0.443101 -1.062864 7.363285
v 0.457123 -1.078662 7.376952
v 0.462617 -1.068713 7.410573
v 0.465897 -1.067483 7.40609
v 0.465296 -1.071884 7.402236
v 0.432577 -1.070626 7.472812
v 0.44403 -1.077979 7.471637
v 0.372032 -1.098206 7.424349
v 0.383403 -1.09766 7.430443
v 0.396961 -1.082462 7.404504
v 0.417379 -1.083064 7.412923
v 0.452695 -1.084075 7.386737
v 0.466389 -1.08238 7.417789
v 0.463574 -1.069095 7.415549
v 0.423502 -1.080713 7.465924
v 0.448841 -1.087546 7.466964
v 0.43255 -1.08782 7.464612
v 0.391658 -1.092931 7.455374
v 0.374028 -1.094653 7.452065
v 0.374575 -1.0952 7.447747
v 0.377964 -1.09766 7.439165
v 0.466034 -1.084102 7.381763
v 0.471993 -1.07951 7.379877
v 0.468002 -1.087137 7.431292
v 0.411421 -1.088503 7.435337
v 0.453843 -1.084458 7.399284
v 0.435885 -1.082654 7.398382
v 0.46535 -1.088093 7.444304
v 0.461442 -1.088175 7.457149
v 0.457205 -1.087847 7.464585
v 0.462754 -1.095336 7.427219
v 0.444768 -1.091701 7.460594
v 0.443675 -1.092576 7.455511
v 0.453132 -1.097086 7.429706
v 0.431238 -1.092056 7.435802
v 0.458872 -1.096238 7.444493
v 0.453269 -1.091701 7.461005
v 0.38313 -1.055483 7.356807
v 0.376133 -1.07869 7.382391
v 0.464148 -1.128356 7.573865
v 0.463355 -1.13314 7.559133
v 0.463492 -1.13333 7.567742
v 0.463136 -1.132565 7.549758
v 0.464039 -1.147326 7.542432
v 0.467674 -1.141722 7.525048
v 0.464339 -1.158505 7.536363
v 0.464148 -1.156756 7.546805
v 0.452012 -1.122916 7.584363
v 0.464667 -1.130133 7.583541
v 0.460868 -1.142679 7.56982
v 0.452695 -1.150743 7.5693
v 0.418391 -1.113596 7.584527
v 0.435666 -1.117039 7.584992
v 0.415876 -1.138825 7.571406
v 0.451438 -1.119691 7.50821
v 0.452258 -1.101296 7.518051
v 0.448321 -1.104138 7.514143
v 0.455647 -1.102525 7.523871
v 0.468166 -1.156811 7.514907
v 0.457834 -1.104712 7.509986
v 0.465023 -1.117969 7.493722
v 0.454882 -1.132374 7.501021
v 0.450508 -1.159435 7.534013
v 0.460239 -1.16214 7.526306
v 0.459993 -1.160364 7.521932
v 0.399776 -1.116165 7.580671
v 0.384907 -1.114333 7.578839
v 0.454417 -1.084622 7.473549
v 0.438317 -1.085715 7.474042
v 0.466089 -1.126634 7.48902
v 0.459118 -1.128247 7.494487
v 0.462152 -1.154897 7.513294
v 0.45808 -1.156073 7.516901
v 0.366074 -1.089788 7.54637
v 0.369982 -1.096867 7.561265
v 0.372934 -1.10217 7.573128
v 0.37534 -1.110534 7.570751
v 0.465241 -1.102033 7.483145
v 0.468002 -1.120101 7.478961
v 0.438071 -1.152109 7.525813
v 0.419921 -1.149239 7.526114
v 0.435639 -1.157712 7.540709
v 0.380588 -1.137267 7.567442
v 0.382693 -1.125404 7.573347
v 0.397945 -1.126688 7.575342
v 0.367987 -1.079947 7.52081
v 0.367358 -1.080904 7.525485
v 0.370228 -1.084676 7.526306
v 0.37113 -1.09315 7.528138
v 0.369928 -1.089323 7.536854
v 0.457998 -1.094243 7.470544
v 0.464421 -1.096484 7.472703
v 0.450126 -1.155608 7.559352
v 0.416559 -1.15569 7.555115
v 0.380096 -1.148692 7.561483
v 0.367987 -1.073524 7.507008
v 0.371322 -1.121194 7.547845
v 0.37001 -1.137704 7.539288
v 0.368233 -1.134014 7.530187
v 0.42886 -1.094653 7.469177
v 0.449059 -1.091674 7.470763
v 0.398492 -1.156674 7.531608
v 0.381709 -1.15938 7.52994
v 0.381381 -1.158505 7.544045
v 0.382829 -1.156729 7.52133
v 0.371021 -1.105997 7.52081
v 0.370857 -1.11939 7.513239
v 0.367659 -1.113213 7.502744
v 0.367386 -1.145193 7.514387
v 0.368042 -1.150578 7.522423
v 0.369736 -1.153886 7.531745
v 0.371814 -1.146041 7.552217
v 0.370939 -1.154187 7.540027
v 0.373235 -1.062645 7.48484
v 0.373809 -1.073141 7.482981
v 0.386683 -1.071993 7.474699
v 0.383075 -1.082708 7.468822
v 0.37329 -1.094189 7.471828
v 0.467975 -1.11376 7.475164
v 0.465378 -1.124229 7.472484
v 0.451793 -1.125076 7.47672
v 0.437716 -1.137896 7.501514
v 0.419211 -1.136884 7.501295
v 0.373809 -1.160064 7.529367
v 0.373672 -1.150524 7.555389
v 0.369381 -1.138825 7.509905
v 0.370064 -1.127836 7.502169
v 0.403986 -1.090526 7.467427
v 0.465897 -1.111299 7.4709
v 0.460622 -1.110397 7.46986
v 0.45726 -1.118215 7.472237
v 0.440668 -1.126907 7.488776
v 0.421316 -1.124338 7.490197
v 0.375859 -1.155499 7.514088
v 0.369545 -1.102198 7.479536
v 0.442035 -1.104029 7.46904
v 0.376488 -1.143636 7.503536
v 0.394802 -1.130297 7.496376
v 0.369873 -1.112393 7.474507
v 0.385754 -1.101377 7.46136
v 0.396961 -1.125568 7.486369
v 0.37247 -1.127153 7.479127
v 0.390373 -1.117641 7.467017
v 0.377253 -1.122889 7.469369
v 0.381545 -1.111245 7.461934
v 0.381107 -1.155772 7.551835
v 0.37482 -1.133741 7.604014
v 0.373618 -1.128028 7.588134
v 0.371103 -1.140355 7.621728
v 0.374411 -1.111218 7.590486
v 0.37247 -1.156264 7.574111
v 0.373016 -1.142378 7.580808
v 0.369518 -1.164984 7.598413
v 0.374957 -1.148993 7.645427
v 0.368916 -1.177448 7.593519
v 0.366484 -1.1886 7.600598
v 0.371978 -1.182067 7.582832
v 0.383841 -1.153448 7.56736
v 0.373509 -1.154651 7.661225
v 0.375285 -1.164573 7.565638
v 0.417953 -1.127153 7.582421
v 0.369108 -1.17138 7.621208
v 0.369272 -1.191415 7.58972
v 0.374793 -1.172719 7.568398
v 0.378702 -1.154897 7.692932
v 0.390155 -1.158587 7.697252
v 0.377937 -1.154952 7.683995
v 0.37165 -1.167607 7.65338
v 0.3699 -1.180509 7.645507
v 0.385836 -1.187835 7.581737
v 0.384961 -1.192973 7.590402
v 0.420086 -1.154569 7.57097
v 0.399667 -1.140273 7.574303
v 0.451438 -1.127891 7.586631
v 0.419129 -1.161539 7.695421
v 0.37042 -1.185374 7.656632
v 0.374192 -1.198577 7.600489
v 0.383239 -1.197238 7.603907
v 0.46587 -1.143854 7.606147
v 0.464257 -1.160009 7.582066
v 0.466335 -1.164929 7.595542
v 0.371978 -1.189639 7.669808
v 0.375066 -1.1763 7.677216
v 0.385016 -1.178486 7.684323
v 0.368998 -1.193684 7.651824
v 0.375039 -1.192564 7.627359
v 0.416423 -1.183844 7.592316
v 0.398874 -1.186304 7.586987
v 0.418582 -1.178951 7.578184
v 0.453351 -1.140547 7.581164
v 0.456932 -1.124611 7.590676
v 0.412787 -1.190814 7.678802
v 0.428586 -1.183243 7.684159
v 0.449579 -1.191224 7.683995
v 0.434463 -1.163617 7.695421
v 0.450891 -1.167853 7.694627
v 0.395157 -1.191115 7.678281
v 0.369299 -1.20183 7.664642
v 0.368944 -1.196363 7.637772
v 0.370611 -1.202349 7.63646
v 0.37154 -1.196718 7.632689
v 0.39666 -1.191798 7.60437
v 0.414537 -1.187616 7.604781
v 0.440531 -1.164737 7.569738
v 0.456248 -1.166405 7.57157
v 0.4671 -1.155252 7.611588
v 0.454636 -1.189584 7.584527
v 0.454936 -1.177284 7.574276
v 0.43665 -1.185621 7.592864
v 0.453515 -1.189119 7.593163
v 0.460157 -1.175015 7.628123
v 0.467893 -1.178978 7.639796
v 0.465597 -1.170286 7.583569
v 0.369518 -1.2091 7.659641
v 0.377554 -1.209018 7.668824
v 0.375203 -1.215087 7.644416
v 0.373891 -1.20757 7.63534
v 0.384524 -1.215852 7.64458
v 0.395157 -1.192482 7.628644
v 0.434682 -1.189311 7.605684
v 0.451465 -1.192755 7.606419
v 0.462617 -1.176191 7.574878
v 0.465487 -1.19147 7.590758
v 0.459747 -1.189338 7.62129
v 0.468275 -1.180291 7.61011
v 0.469533 -1.188135 7.65114
v 0.431866 -1.202458 7.676942
v 0.449524 -1.203305 7.678338
v 0.392642 -1.206887 7.670246
v 0.378538 -1.215168 7.660049
v 0.467155 -1.191415 7.597892
v 0.468303 -1.183379 7.597374
v 0.464804 -1.173074 7.681015
v 0.411393 -1.206777 7.66404
v 0.459802 -1.194067 7.632278
v 0.441078 -1.193028 7.630911
v 0.462481 -1.202158 7.67112
v 0.466799 -1.196937 7.660515
v 0.463847 -1.204154 7.645726
v 0.449142 -1.204618 7.65368
v 0.445889 -1.20634 7.661553
v 0.460184 -1.205984 7.782068
v 0.460239 -1.205602 7.782643
v 0.460184 -1.205301 7.78196
v 0.462781 -1.20757 7.784283
v 0.460758 -1.204727 7.781276
v 0.46084 -1.211205 7.780318
v 0.460157 -1.207269 7.781603
v 0.464367 -1.211889 7.760448
v 0.462426 -1.203579 7.775372
v 0.460348 -1.222631 7.799698
v 0.452422 -1.223478 7.802077
v 0.463054 -1.228262 7.773541
v 0.46423 -1.241764 7.76791
v 0.463628 -1.232635 7.790188
v 0.45387 -1.197757 7.739619
v 0.464613 -1.253026 7.762415
v 0.46423 -1.254283 7.780402
v 0.468877 -1.248461 7.744265
v 0.45275 -1.246111 7.792647
v 0.461961 -1.190404 7.724613
v 0.46412 -1.191251 7.737049
v 0.419375 -1.211752 7.804346
v 0.433014 -1.212408 7.805274
v 0.437525 -1.216426 7.804209
v 0.468412 -1.187835 7.727372
v 0.461824 -1.182313 7.721251
v 0.460458 -1.179716 7.716057
v 0.457205 -1.223041 7.727372
v 0.462262 -1.229464 7.738307
v 0.461934 -1.259449 7.767827
v 0.462644 -1.176874 7.706929
v 0.456795 -1.174305 7.705288
v 0.448048 -1.177174 7.695995
v 0.458954 -1.233564 7.722017
v 0.463601 -1.240972 7.732731
v 0.451629 -1.259121 7.745661
v 0.452258 -1.259149 7.784009
v 0.416532 -1.244525 7.789093
v 0.400104 -1.220854 7.798551
v 0.385289 -1.219159 7.796746
v 0.395048 -1.208499 7.805411
v 0.405872 -1.208964 7.804455
v 0.463875 -1.199069 7.708485
v 0.466143 -1.213145 7.703347
v 0.466963 -1.228808 7.70958
v 0.458353 -1.259859 7.739592
v 0.369518 -1.185101 7.764767
v 0.37277 -1.191278 7.77499
v 0.371896 -1.195706 7.770589
v 0.374301 -1.195762 7.780702
v 0.375559 -1.197265 7.787154
v 0.451574 -1.190513 7.690062
v 0.455046 -1.204154 7.684241
v 0.438317 -1.253764 7.748394
v 0.420168 -1.250374 7.749978
v 0.437005 -1.256279 7.757224
v 0.380834 -1.24428 7.78494
v 0.380807 -1.191962 7.736231
v 0.38149 -1.183243 7.740904
v 0.378429 -1.185402 7.746453
v 0.371704 -1.180591 7.751319
v 0.369572 -1.182559 7.756402
v 0.386465 -1.173594 7.694928
v 0.400323 -1.174851 7.695529
v 0.42342 -1.20224 7.684104
v 0.457834 -1.215387 7.679128
v 0.465569 -1.236735 7.705206
v 0.435721 -1.259422 7.77816
v 0.370174 -1.184801 7.721278
v 0.376378 -1.179798 7.734235
v 0.369299 -1.171571 7.733142
v 0.367604 -1.231023 7.7435
v 0.370228 -1.23914 7.761897
v 0.372743 -1.227032 7.776248
v 0.44403 -1.214048 7.67902
v 0.467264 -1.232963 7.699765
v 0.398738 -1.256579 7.755692
v 0.381955 -1.261691 7.752522
v 0.381654 -1.258712 7.76925
v 0.383075 -1.260078 7.743172
v 0.382857 -1.218804 7.72084
v 0.373618 -1.22479 7.731419
v 0.370994 -1.248707 7.767062
v 0.369982 -1.25207 7.756047
v 0.374301 -1.176273 7.702172
v 0.386519 -1.199943 7.680059
v 0.403384 -1.200791 7.681781
v 0.4589 -1.225173 7.67798
v 0.46464 -1.226376 7.680415
v 0.467865 -1.228343 7.689051
v 0.46136 -1.238895 7.692142
v 0.450727 -1.236926 7.693862
v 0.441051 -1.236544 7.717315
v 0.400924 -1.25319 7.740851
v 0.384415 -1.254584 7.73079
v 0.374301 -1.263358 7.746288
v 0.396906 -1.258001 7.7757
v 0.383786 -1.230503 7.714826
v 0.3696 -1.213009 7.70783
v 0.369846 -1.199178 7.714362
v 0.460895 -1.234111 7.679785
v 0.454909 -1.237801 7.710344
v 0.376105 -1.259285 7.735519
v 0.368342 -1.254776 7.733633
v 0.367632 -1.244307 7.737433
v 0.370064 -1.225692 7.702006
v 0.373645 -1.203305 7.687492
v 0.435037 -1.231241 7.697252
v 0.3778 -1.245946 7.724558
v 0.369654 -1.240671 7.730874
v 0.386027 -1.222002 7.673389
v 0.405189 -1.219979 7.67615
v 0.398874 -1.233783 7.710399
v 0.380807 -1.237856 7.697115
v 0.386109 -1.23709 7.691731
v 0.371923 -1.231023 7.689215
v 0.381818 -1.232061 7.67727
v 0.464585 -1.264588 7.914338
v 0.410737 -1.29091 7.977289
v 0.354293 -1.322209 8.038517
v 0.470571 -1.326363 8.068639
v 0.399148 -1.525519 7.604206
v 0.421179 -1.525928 7.603551
v 0.447529 -1.530138 7.612761
v 0.442909 -1.527896 7.605956
v 0.430199 -1.528607 7.612435
v 0.416942 -1.476235 7.49211
v 0.411065 -1.4767 7.492575
v 0.40579 -1.475607 7.491345
v 0.397152 -1.475497 7.491071
v 0.416559 -1.476836 7.495883
v 0.406528 -1.476946 7.493449
v 0.406364 -1.476372 7.495472
v 0.371158 -1.479023 7.504466
v 0.370037 -1.492116 7.532482
v 0.365199 -1.50305 7.553721
v 0.258405 -1.500781 7.523435
v 0.377253 -1.475087 7.492028
v 0.379221 -1.544106 7.649417
v 0.369654 -1.549108 7.656415
v 0.361235 -1.547003 7.647202
v 0.368124 -1.540853 7.637663
v 0.4876 -1.624303 7.819408
v 0.428668 -1.597379 7.761539
v 0.387722 -1.580022 7.727372
v 0.408113 -1.578464 7.72423
v 0.454718 -1.578328 7.722425
v 0.449059 -1.527787 7.606038
v 0.390538 -1.527541 7.606966
v 0.389198 -1.525737 7.603961
v 0.430445 -1.477875 7.495062
v 0.449087 -1.478094 7.498587
v 0.390838 -1.476017 7.491373
v 0.45305 -1.531942 7.614484
v 0.453296 -1.532379 7.619077
v 0.37411 -1.472162 7.481804
v 0.387449 -1.527514 7.608963
v 0.372989 -1.524343 7.598303
v 0.378675 -1.522949 7.597263
v 0.411612 -1.340194 7.12928
v 0.367522 -1.323657 7.048645
v 0.281639 -1.304715 6.881414
v 0.39718 -1.265983 6.841316
v 0.415493 -1.428346 7.388567
v 0.403302 -1.428838 7.387449
v 0.427712 -1.428647 7.388431
v 0.387914 -1.429002 7.386219
v 0.443839 -1.42851 7.387476
v 0.422026 -1.385869 7.267972
v 0.435721 -1.386416 7.269038
v 0.408359 -1.386881 7.266277
v 0.451902 -1.385924 7.269638
v 0.425115 -1.387509 7.268027
v 0.388077 -1.388056 7.263708
v 0.45726 -1.535113 7.629928
v 0.45562 -1.534866 7.625609
v 0.459556 -1.436027 7.406965
v 0.458353 -1.434523 7.402346
v 0.460348 -1.438432 7.411011
v 0.457041 -1.4322 7.39718
v 0.459638 -1.439936 7.414291
v 0.46259 -1.564032 7.694382
v 0.472895 -1.563021 7.683283
v 0.360634 -1.364795 7.192203
v 0.327779 -1.364548 7.165333
v 0.466034 -1.407518 7.338356
v 0.468467 -1.39981 7.313264
v 0.467182 -1.394671 7.301646
v 0.466116 -1.393632 7.297082
v 0.464093 -1.389915 7.288828
v 0.468631 -1.386853 7.276774
v 0.42465 -1.388056 7.26953
v 0.406637 -1.388821 7.268355
v 0.430472 -1.426132 7.38261
v 0.404587 -1.426405 7.381134
v 0.374438 -1.420912 7.362575
v 0.375039 -1.422551 7.367029
v 0.373836 -1.419681 7.35842
v 0.374055 -1.423645 7.370201
v 0.460048 -1.423754 7.379001
v 0.268792 -2.077282 9.298147
v 0.196794 -2.067688 9.298147
v 0.138464 -2.020755 9.277591
v 0.127339 -2.102866 9.383483
v 0.293557 -2.109836 9.328597
v 0.281284 -2.134793 9.387173
v 0.26338 -2.184923 9.468519
v 0.434244 -2.044098 9.201384
v 0.391084 -2.040326 9.214724
v 0.334913 -2.034914 9.223935
v 0.34899 -2.060361 9.247087
v 0.356671 -2.070776 9.251297
v 0.368479 -2.088926 9.275269
v 0.361919 -2.108087 9.294949
v 0.051268 -2.397007 9.713022
v 0.10088 -2.417371 9.706899
v 0.529039 -2.02491 9.15888
v 0.339751 -2.158327 9.334475
v 0.340708 -2.245686 9.371373
v 0.342867 -2.413489 9.500117
v 0.4305 -2.502024 9.643512
v 0.419757 -2.508065 9.682055
v 0.396988 -2.49776 9.685386
v 0.452148 -2.525586 9.692575
v 0.204557 -2.538979 9.593736
v 0.103176 -2.544775 9.608906
v 0.305037 -2.552892 9.611997
v 0.397726 -2.550706 9.59789
v 0.578322 -2.564045 9.620333
v 0.730982 -2.54748 9.604315
v 0.649609 -2.550651 9.60016
v 0.79549 -2.529822 9.574903
v 0.855324 -2.51088 9.538057
v 0.926884 -2.498634 9.520836
v 0.97461 -2.473296 9.469777
v 1.031983 -2.450472 9.439382
v 1.064019 -2.414911 9.383347
v 1.109421 -2.3858 9.347567
v 1.130413 -2.346904 9.292378
v 1.165401 -2.31987 9.251843
v 1.176498 -2.284965 9.196055
v 1.230975 -2.233905 9.109406
v 1.205117 -2.259736 9.153797
v 1.223567 -2.19859 9.054382
v 1.209682 -2.163438 8.999223
v 1.219385 -2.129189 8.952019
v 1.198119 -2.090511 8.89784
v 1.204187 -1.99148 8.797853
v 1.202602 -2.044426 8.848886
v 1.176443 -1.860496 8.693546
v 1.177865 -1.933341 8.745835
v 1.137684 -1.693267 8.588913
v 1.144053 -1.78746 8.641749
v 1.105266 -1.61613 8.538618
v 1.071016 -1.541919 8.488323
v 1.07036 -1.334618 8.39711
v 1.072 -1.437147 8.44243
v 1.046361 -1.260816 8.35917
v 1.036822 -1.182149 8.323418
v 0.999183 -1.070053 8.268968
v 0.996395 -0.971732 8.222501
v 0.998308 -1.010274 8.250601
v 0.982372 -1.021015 8.250355
v 0.923222 -0.916627 8.210719
v 0.890913 -0.902058 8.198446
v 0.905455 -0.898369 8.190411
v 0.841548 -0.931415 8.192161
v 0.819161 -0.991686 8.190712
v 0.817111 -1.084704 8.182511
v 0.829931 -1.245427 8.156408
v 0.83835 -1.147079 8.16827
v 0.914338 -1.292933 8.1812
v 0.868116 -1.29091 8.156926
v 0.924998 -1.357907 8.204734
v 0.93246 -1.401286 8.251256
v 1.075007 -1.501191 8.321914
v 1.006754 -1.446605 8.283182
v 1.159223 -1.661286 8.423132
v 1.222201 -1.812525 8.526291
v 1.264076 -1.94698 8.633959
v 1.230127 -1.862929 8.598233
v 1.211677 -1.837809 8.623792
v 1.297259 -2.074302 8.747149
v 1.266782 -1.988228 8.709182
v 1.29264 -2.150564 8.910415
v 1.316667 -2.232183 8.971533
v 1.298736 -2.308144 9.134417
v 1.252158 -2.308445 9.210186
v 1.27624 -2.333127 9.209147
v 1.248141 -2.352753 9.2783
v 1.192379 -2.346002 9.334666
v 1.143014 -2.396023 9.446708
v 1.097831 -2.411549 9.490905
v 1.027774 -2.407039 9.507879
v 0.975047 -2.452632 9.566157
v 0.885146 -2.456267 9.562765
v 0.731447 -2.520885 9.637115
v 0.736613 -2.530041 9.657806
v 0.548692 -2.519955 9.617135
v 0.644743 -2.531107 9.65051
v 0.337537 -2.483957 9.69777
v 0.270651 -2.435384 9.670218
v 0.208466 -2.417808 9.675985
v 0.156286 -2.423849 9.694599
v 0.577666 -1.144511 7.996559
v 0.637063 -1.079483 8.096574
v 0.667731 -1.058764 8.110622
v 0.635176 -1.097305 8.053577
v 0.699603 -1.026509 8.154549
v 0.754544 -0.986821 8.185435
v 0.755255 -1.038646 8.191367
v 0.731583 -1.137622 8.177946
v 0.760967 -1.087 8.188307
v 0.704195 -1.178077 8.175378
v 0.720322 -1.229027 8.169827
v 0.716495 -1.335493 8.195139
v 0.750252 -1.319393 8.178247
v 0.101672 -2.487592 9.52204
v 0.045884 -2.467829 9.504737
v 0.155274 -2.482836 9.507879
v 0.228556 -2.496748 9.51526
v 0.035005 -2.421389 9.432601
v 0.887605 -1.070572 8.225426
v 0.708185 -1.350882 8.171033
v 0.743583 -1.212435 8.190902
v 0.7552 -1.274565 8.196424
v 0.763755 -1.093806 8.18765
v 0.913272 -1.178432 8.248659
v 0.904389 -1.117641 8.234993
v 0.942356 -1.132757 8.256587
v 0.705862 -1.54006 8.181935
v 0.709853 -1.439854 8.174611
v 0.763728 -1.446195 8.205716
v 0.814569 -1.26232 8.215366
v 0.596635 -1.636385 8.083754
v 0.757469 -1.546893 8.221518
v 0.749815 -1.636139 8.252842
v 0.815006 -1.43753 8.243165
v 0.606257 -1.794129 8.200552
v 0.522205 -1.821955 8.145666
v 1.109366 -1.908959 8.697838
v 1.134459 -2.017557 8.794601
v 1.072574 -2.049155 8.796433
v 0.930438 -2.002633 8.735806
v 0.893701 -2.046039 8.79236
v 0.798387 -2.065063 8.813899
v 0.955886 -2.106502 8.845962
v 1.033897 -2.119622 8.874062
v 0.903459 -2.162318 8.884311
v 0.831461 -1.806265 8.462849
v 0.856336 -1.868642 8.530966
v 0.751236 -1.966196 8.667798
v 0.708869 -1.916038 8.511613
v 0.663658 -2.023844 8.713063
v 0.594968 -1.966333 8.575737
v 1.021433 -1.895565 8.653367
v 0.55599 -2.535262 9.553527
v 0.62632 -2.521294 9.532153
v 0.694272 -2.50268 9.51075
v 0.533357 -2.379486 9.437605
v 0.676287 -2.394383 9.430361
v 0.477596 -2.532556 9.558993
v 0.474425 -2.476932 9.527013
v 0.472129 -2.437598 9.498942
v 0.395977 -2.411221 9.422106
v 1.153838 -2.244456 9.121214
v 1.145064 -2.216658 9.06652
v 1.096792 -2.253722 9.088441
v 1.072902 -2.240794 9.037818
v 1.032776 -2.293138 9.104569
v 1.132026 -2.303634 9.224537
v 1.079845 -2.297183 9.186953
v 1.057076 -2.324435 9.230714
v 1.143451 -2.132934 8.932226
v 1.067682 -2.171502 8.965437
v 1.007055 -2.201842 8.95844
v 1.179095 -2.191811 9.035057
v 0.953508 -2.464331 9.433831
v 0.899031 -2.484885 9.469887
v 0.830806 -2.45583 9.448784
v 0.882412 -2.436013 9.404505
v 0.917974 -2.417399 9.354729
v 0.768211 -2.504183 9.507745
v 0.757386 -2.447848 9.462889
v 1.065522 -2.360243 9.303393
v 1.019355 -2.356061 9.259906
v 0.959275 -2.355487 9.215842
v 0.97245 -2.413626 9.349289
v 0.942465 -2.392415 9.299322
v 0.915404 -1.420337 8.335419
v 0.74782 -1.742687 8.367781
v 0.54932 -1.909888 8.389294
v 0.532127 -1.880805 8.279656
v 0.929454 -1.570455 8.417311
v 0.306786 -2.519709 9.537184
v 0.317037 -2.482726 9.49118
v 0.244 -2.472449 9.485273
v 0.441105 -0.872537 4.064077
v 0.430609 -0.801715 3.932437
v 0.526497 -0.68295 4.026821
v 0.556619 -0.783838 4.220755
v 0.29875 -0.885084 4.007304
v 0.292928 -0.827108 3.873614
v 0.150135 -0.814398 3.888319
v 0.510862 -0.543081 3.933257
v 0.275352 -0.578177 3.736671
v 0.139776 -0.579845 3.711606
v 0.496101 -0.402366 3.939188
v 0.572172 -0.383506 4.235542
v 0.452039 -0.481142 3.851173
v 0.388651 -0.410074 3.828239
v 0.479728 -0.270123 4.098572
v 0.554077 -0.26657 4.338646
v 0.321328 -0.260311 3.897969
v 0.263161 -0.332254 3.781526
v 0.133407 -0.326815 3.724945
v 0.374465 -0.118585 4.208482
v 0.45357 -0.999421 4.648915
v 0.309 -1.018555 4.598429
v 0.163283 -0.956069 4.268836
v 0.463574 -0.124544 4.745922
v 0.507253 -0.163795 4.552016
v 0.370693 -0.038688 4.653889
v 0.25928 -0.019034 4.284689
v 0.608717 -0.460587 4.452437
v 0.628206 -0.615188 4.471928
v 0.45346 -1.072758 5.066359
v 0.530487 -0.292046 5.344781
v 0.53784 -0.241205 5.044792
v 0.243262 -0.072363 5.292683
v 0.642256 -0.703149 5.470219
v 0.645427 -0.632956 5.110476
v 0.648051 -0.880409 5.499028
v 0.299242 -1.225064 6.295375
v 0.308399 -1.19229 5.925138
v 0.442171 -0.270998 5.640317
v 0.433096 -0.386321 5.948015
v 0.237413 -0.166282 5.62952
v 0.584035 -1.100584 5.893075
v 0.610221 -0.852283 6.159224
v 0.628507 -0.774736 5.825039
v 0.286204 -1.261882 6.603621
v 0.427083 -0.523565 6.249016
v 0.424158 -0.65351 6.537718
v 0.230224 -0.427704 6.250465
v 0.229377 -0.551555 6.530611
v 0.548118 -0.73718 6.656894
v 0.581219 -0.784796 6.411818
v 0.580399 -1.016369 6.75598
v 0.544373 -1.138688 6.522931
v 0.263216 -1.395053 7.220328
v 0.424322 -0.773999 6.804525
v 0.423694 -0.871089 7.024316
v 0.236921 -0.756532 6.970743
v 0.284536 -0.682484 6.770548
v 0.552491 -0.886041 7.179874
v 0.548664 -0.818198 6.939718
v 0.57168 -0.943852 6.997257
v 0.573566 -1.022246 7.273302
v 0.57332 -1.194941 7.300227
v 0.507062 -1.338773 7.227572
v 0.137534 -1.508981 7.373098
v 0.194881 -1.501163 7.448048
v 0.138464 -1.535686 7.438727
v 0.139256 -1.602053 7.592535
v 0.327287 -1.0103 7.410135
v 0.237768 -1.042336 7.489212
v 0.287215 -1.041598 7.493805
v 0.120915 -1.02107 7.489677
v 0.124305 -0.875052 7.239135
v 0.558067 -0.926577 7.413772
v 0.590813 -1.162879 7.768648
v 0.560609 -1.379801 7.544891
v 0.530159 -1.403937 7.45961
v 0.576818 -0.996579 7.508838
v 0.568728 -0.960471 7.56632
v 0.576982 -0.980124 7.612052
v 0.585019 -1.000214 7.708348
v 0.391904 -1.781173 8.025861
v 0.308071 -1.89685 8.193172
v 0.277648 -1.663883 7.86418
v 0.261713 -1.109523 7.664232
v 0.240556 -1.178049 7.780156
v 0.340216 -1.121304 7.635531
v 0.122063 -1.162742 7.762006
v 0.528902 -1.015904 7.601993
v 0.561402 -0.99841 7.65267
v 0.612161 -1.296678 7.962117
v 0.604344 -1.197019 7.910676
v 0.609811 -1.077405 7.859179
v 0.602676 -1.024925 7.808311
v 0.633782 -1.082025 7.967585
v 0.119822 -1.234029 7.900479
v 0.238014 -1.241546 7.900534
v 0.188294 -1.95939 8.417037
v 0.096533 -1.9797 8.500051
v 0.378811 -1.990441 8.595007
v 0.29301 -1.9961 8.583556
v 0.501923 -1.981394 8.549497
v 0.573128 -2.006896 8.656755
v 0.195482 -2.022313 8.720306
v 0.093882 -2.037292 8.761418
v 0.381709 -2.041747 8.726266
v 0.537239 -2.050822 8.75237
v 0.54328 -2.081218 8.800942
v 0.66743 -2.129681 8.857469
v 0.616863 -2.120688 8.852494
v 0.607624 -2.056317 8.770957
v 0.738772 -2.149471 8.871217
v 0.740986 -2.093217 8.822562
v 0.811098 -2.169123 8.886661
v 0.229267 -2.115741 8.964618
v 0.219154 -2.217751 9.14032
v 0.09749 -2.205095 9.136384
v 0.317857 -2.22155 9.055038
v 0.403986 -2.313174 9.093825
v 0.468822 -2.330066 9.085762
v 0.541804 -2.224967 8.941738
v 0.53948 -2.285758 9.007315
v 0.668196 -2.309839 9.087047
v 0.729752 -2.294532 9.004853
v 0.769741 -2.253613 8.937967
v 0.834468 -2.316973 9.07584
v 0.904033 -2.280838 9.006603
v 0.852427 -2.382575 9.388268
v 0.817767 -2.404005 9.401168
v 0.742817 -2.377217 9.380969
v 0.715238 -2.356416 9.359566
v 0.661608 -2.342339 9.341497
v 0.669071 -2.319215 9.237164
v 0.698919 -2.33761 9.310666
v 0.89966 -2.392661 9.320915
v 0.77622 -2.319242 9.242496
v 0.737733 -2.304618 9.212374
v 0.795572 -2.330339 9.200866
v 0.886129 -2.341738 9.188976
v 0.879952 -2.340371 9.255042
v 0.887032 -2.36355 9.254248
v 0.895286 -2.362238 9.281255
v 0.682191 -2.055988 8.762456
v 1.042671 -2.039096 9.216008
v 1.006126 -1.990168 9.212919
v 0.963266 -2.080042 9.270349
v 1.039473 -1.88988 9.144447
v 1.061067 -1.801701 9.043859
v 1.10368 -1.783223 8.915689
v 0.821785 -1.607821 8.680181
v 0.818833 -1.69529 8.903964
v 0.877246 -1.670907 8.860968
v 0.80913 -1.740199 9.008926
v 0.92437 -1.707617 8.983397
v 0.903159 -1.803067 9.126434
v 0.886212 -1.907729 9.182442
v 0.840728 -1.844369 9.142234
v 0.764685 -1.950917 9.170526
v 0.732349 -2.171064 9.262093
v 0.827225 -2.1545 9.280354
v 0.979939 -1.6998 8.932308
v 1.030753 -1.675828 8.755868
v 1.003802 -1.640868 8.696471
v 0.599888 -1.422059 8.251557
v 0.596991 -1.470577 8.312074
v 0.715265 -1.502749 8.419415
v 0.737132 -1.42605 8.304939
v 0.594503 -1.551322 8.432673
v 0.712723 -1.566519 8.534245
v 0.654064 -1.635784 8.631882
v 0.593055 -1.68042 8.671871
v 0.650921 -1.68903 8.74704
v 0.58234 -1.760071 8.8394
v 0.70291 -1.721967 8.872885
v 0.568482 -1.815668 8.938951
v 0.558013 -1.878919 9.024069
v 0.553475 -1.947145 9.094236
v 0.578705 -2.016819 9.152866
v 0.548336 -2.071022 9.181568
v 0.582941 -2.130911 9.211033
v 0.447037 -2.264628 9.293911
v 0.448294 -2.191729 9.254031
v 0.470653 -1.376302 8.140225
v 0.607323 -1.247204 8.148291
v 0.467701 -1.521254 8.331781
v 0.467483 -1.564907 8.392791
v 0.470517 -1.686707 8.576011
v 0.443893 -1.857025 8.911152
v 0.339696 -1.520079 8.304722
v 0.333273 -1.624795 8.417884
v 0.333929 -1.715872 8.541024
v 0.333328 -1.740528 8.611135
v 0.333437 -1.78817 8.663972
v 0.328517 -1.839503 8.77984
v 0.324007 -1.922735 9.012507
v 0.419621 -1.98861 9.082563
v 0.451629 -1.970925 9.075021
v 0.445233 -1.948129 9.055833
v 0.402701 -1.999845 9.113888
v 0.413006 -2.02316 9.154561
v 0.233613 -1.357879 8.091599
v 0.227791 -1.426569 8.155533
v 0.196384 -1.611101 8.411598
v 0.195127 -1.694333 8.540806
v 0.200812 -1.718933 8.611736
v 0.186872 -1.870063 8.904019
v 0.254442 -1.880559 8.8265
v 0.174107 -1.906144 9.031094
v 0.149452 -1.965759 9.150981
v 0.235117 -2.034532 9.239979
v 0.103285 -1.489273 8.305788
v 0.093691 -1.564551 8.436362
v 0.143275 -1.620066 8.492888
v 0.094839 -1.67785 8.627289
v 0.093472 -1.751051 8.745044
v 0.532729 -2.361992 9.221694
v 0.388269 -2.144742 8.880758
v 0.309492 -2.306122 9.21631
v 0.109708 -2.280455 9.19671
v 0.145571 -2.254324 9.180557
v 0.313264 -2.347259 9.257884
v 0.349482 -2.361555 9.2771
v 0.373263 -2.368907 9.283906
v 0.36211 -2.364917 9.287978
v 0.385563 -2.386648 9.320589
v 0.384196 -2.383121 9.313234
v 0.385891 -2.39083 9.325835
v 0.361864 -2.415129 9.374516
v 0.373098 -2.400506 9.355904
v 0.231263 -2.424778 9.391548
v 0.245394 -2.420569 9.385041
v 0.294595 -2.417152 9.380476
v 0.240993 -2.415157 9.380531
v 0.280136 -2.402556 9.357762
v 0.300089 -2.401435 9.364377
v 0.336389 -2.407202 9.37788
v 0.033638 -2.311971 9.225738
v 0.042166 -2.291416 9.195235
v 0.030003 -2.402036 9.394279
v 0.070594 -2.417918 9.419153
v 0.22473 -2.306805 9.225302
v 0.225659 -2.303798 9.224345
v 0.224238 -2.308472 9.228719
v 0.233231 -2.308773 9.228938
v 0.223418 -2.308117 9.228007
v 0.222844 -2.302322 9.220327
v 0.224948 -2.298304 9.216583
v 0.223226 -2.307488 9.227407
v 0.69225 -2.010614 9.171618
v 0.718873 -1.857189 9.104896
v 0.708322 -1.90177 9.130153
v 0.769195 -1.532324 8.496115
v 0.080789 -2.285129 9.619102
v 0.068899 -2.219281 9.577583
v 0.804346 -1.360066 8.206429
v 1.205281 -1.915273 8.856074
v 1.173929 -1.808015 8.758739
v 1.108984 -1.697722 8.647463
v 1.029359 -1.596915 8.523475
v 0.983247 -1.539513 8.462055
v 0.933828 -1.484654 8.401183
v 0.478689 -2.44167 9.422078
v 0.656388 -2.414391 9.395265
v 1.065167 -2.139767 9.258375
v 1.087116 -2.229258 9.310146
v 1.214301 -2.017284 8.986238
v 0.8202 -2.344526 9.408848
v 0.778734 -2.263043 9.332588
v 0.213605 -2.248474 9.549755
v 0.829357 -1.080467 8.210174
v 0.711384 -1.135682 8.163159
v 0.869729 -1.25196 8.2386
v 0.914393 -1.258274 8.269679
v 0.944925 -1.87266 8.593068
v 0.864918 -1.500918 8.328036
v 0.94405 -0.992588 8.234938
v 0.250205 -2.385035 9.638947
v 1.193883 -2.223327 9.091611
v 1.089112 -2.375386 9.326575
v 0.302795 -2.53734 9.57698
v 0.815553 -2.272528 9.265865
v 0.377007 -2.388998 9.397478
v 0.376078 -2.379349 9.41888
v 0.374246 -2.369673 9.438177
v 0.385973 -2.343268 9.430253
v 0.389198 -2.351824 9.408932
v 0.390811 -2.36355 9.38239
v 0.380424 -2.342913 9.450534
v 0.387175 -2.346138 9.378071
v 0.372962 -2.318559 9.454907
v 0.386793 -2.389845 9.328543
v 0.387503 -2.388096 9.336824
v 0.38969 -2.372461 9.355193
v 0.376597 -2.34458 9.345954
v 0.367276 -2.315005 9.416475
v 0.34161 -2.310467 9.417213
v 0.35022 -2.307024 9.436237
v 0.322503 -2.327306 9.370446
v 0.323105 -2.318668 9.394773
v 0.324827 -2.308554 9.435226
v 0.325373 -2.307297 9.45048
v 0.360224 -2.349227 9.318865
v 0.322968 -2.348817 9.319686
v 0.30859 -2.362402 9.296861
v 0.314002 -2.340672 9.344504
v 0.301292 -2.330722 9.399092
v 0.295415 -2.348024 9.375555
v 0.294021 -2.351824 9.408932
v 0.302795 -2.329382 9.44504
v 0.310258 -2.318559 9.454907
v 0.306185 -2.38878 9.398024
v 0.301292 -2.373827 9.416666
v 0.303643 -2.364425 9.43632
v 0.29834 -2.371122 9.314274
v 0.299488 -2.366666 9.305307
v 0.293201 -2.371613 9.36126
v 0.292928 -2.378939 9.33327
v 0.297055 -2.374867 9.323049
v 0.315943 -2.37309 9.440146
v 0.333 -2.365026 9.459882
v 0.325373 -2.354886 9.469887
v 0.365664 -2.363769 9.455207
v 0.357846 -2.354886 9.469887
v 0.324963 -2.312463 9.469558
v 0.333 -2.316427 9.477404
v 0.34161 -2.310686 9.47262
v 0.358885 -2.323862 9.477949
v 0.358256 -2.312463 9.469558
v 0.36703 -2.326185 9.472209
v 0.317201 -2.339906 9.474315
v 0.333273 -2.34551 9.479425
v 0.787071 -1.911884 9.409341
v 0.777176 -1.938179 9.423718
v 0.768894 -1.967317 9.436646
v 0.814214 -1.87419 9.375585
v 0.841876 -1.919401 9.356889
v 0.852071 -1.947527 9.351995
v 0.860709 -1.976966 9.348769
v 0.841821 -1.911857 9.409341
v 0.852017 -1.938179 9.423692
v 0.860572 -1.967289 9.436646
v 0.825667 -1.897178 9.404966
v 0.814597 -1.936785 9.435092
v 0.801558 -1.96636 9.450096
v 0.863934 -1.942798 9.387884
v 0.875169 -1.9721 9.392803
v 0.787016 -1.919428 9.356889
v 0.771108 -1.947445 9.359294
v 0.757031 -1.97579 9.36845
v 0.765231 -1.942798 9.387884
v 0.803554 -1.949987 9.340844
v 0.78893 -1.979262 9.337562
v 0.730681 -2.123339 9.39961
v 0.729315 -2.175301 9.389306
v 0.735027 -2.119185 9.365935
v 0.732868 -2.097454 9.385015
v 0.733797 -2.074658 9.402863
v 0.750334 -2.138291 9.333462
v 0.77909 -2.159584 9.312033
v 0.779472 -2.113663 9.322721
v 0.879815 -2.115549 9.338082
v 0.849639 -2.071979 9.328762
v 0.851251 -2.113663 9.322721
v 0.744458 -2.024965 9.430853
v 0.746972 -1.998888 9.411529
v 0.738335 -2.076106 9.435855
v 0.889601 -2.025839 9.400431
v 0.882931 -2.001184 9.382963
v 0.896544 -2.074658 9.402863
v 0.892334 -2.073591 9.370253
v 0.880253 -2.028026 9.357133
v 0.846331 -2.023379 9.467753
v 0.829712 -1.994897 9.461905
v 0.814979 -2.022723 9.471417
v 0.849311 -2.077664 9.476172
v 0.876836 -2.076926 9.461768
v 0.885501 -2.024965 9.430853
v 0.744075 -2.027643 9.370526
v 0.773022 -2.004737 9.339367
v 0.783244 -2.02942 9.332179
v 0.846714 -2.02942 9.332179
v 0.735492 -2.127795 9.433723
v 0.734098 -2.182353 9.423692
v 0.742845 -2.102839 9.450206
v 0.895696 -2.119185 9.365935
v 0.890147 -2.140478 9.346172
v 0.880827 -2.187875 9.450915
v 0.865574 -2.104534 9.470898
v 0.881537 -2.249649 9.434159
v 0.89761 -2.30973 9.379411
v 0.891104 -2.192385 9.332479
v 0.881647 -2.217915 9.31053
v 0.889656 -2.355432 9.371731
v 0.896106 -2.327934 9.290357
v 0.897746 -2.288928 9.311459
v 0.749706 -2.189405 9.319822
v 0.852345 -2.309402 9.252034
v 0.749569 -2.249649 9.434159
v 0.749378 -2.282041 9.422544
v 0.749241 -2.315223 9.408302
v 0.702363 -2.318969 9.310612
v 0.720404 -2.282286 9.309135
v 0.868253 -2.319898 9.415683
v 0.815553 -2.356553 9.409425
v 0.815553 -2.321374 9.427408
v 0.779308 -2.191018 9.465978
v 0.895232 -2.127768 9.433723
v 0.79806 -1.896522 9.363666
v 0.851907 -2.159584 9.312033
v 0.852263 -2.214006 9.295222
v 0.12056 -2.33884 9.687327
v 0.119439 -2.358739 9.647885
v 0.118346 -2.376233 9.60948
v 0.146828 -2.359997 9.650672
v 0.146801 -2.37801 9.611693
v 0.14691 -2.294832 9.767007
v 0.146883 -2.317356 9.730298
v 0.122145 -2.295598 9.76173
v 0.122993 -2.25487 9.817519
v 0.101973 -2.262387 9.793303
v 0.134637 -2.23601 9.84168
v 0.147019 -2.193096 9.840588
v 0.134282 -2.198098 9.850456
v 0.10077 -2.220375 9.816809
v 0.110638 -2.207118 9.830476
v 0.122637 -2.194463 9.817136
v 0.101809 -2.206981 9.791279
v 0.146965 -2.18864 9.803798
v 0.146992 -2.190198 9.824434
v 0.14691 -2.190717 9.748474
v 0.146855 -2.200339 9.678144
v 0.118291 -2.218653 9.601882
v 0.106975 -2.215509 9.636241
v 0.121298 -2.198727 9.710807
v 0.195182 -2.33731 9.679482
v 0.193706 -2.31823 9.713979
v 0.192749 -2.29896 9.744976
v 0.199118 -2.372379 9.605024
v 0.19715 -2.355732 9.642281
v 0.215819 -2.35032 9.626837
v 0.192366 -2.26266 9.792702
v 0.199555 -2.267526 9.775014
v 0.205022 -2.274414 9.752521
v 0.204694 -2.288765 9.73817
v 0.209614 -2.284883 9.723791
v 0.213905 -2.297129 9.693041
v 0.209122 -2.309183 9.700693
v 0.215928 -2.280209 9.694436
v 0.218416 -2.309429 9.664422
v 0.222871 -2.321429 9.637171
v 0.22708 -2.332854 9.61052
v 0.230743 -2.343405 9.583541
v 0.226069 -2.303907 9.635283
v 0.201141 -2.230653 9.789613
v 0.193733 -2.220758 9.816041
v 0.19212 -2.204931 9.775043
v 0.199172 -2.212065 9.739754
v 0.199172 -2.213241 9.75826
v 0.199692 -2.212749 9.716848
v 0.204858 -2.220785 9.702553
v 0.204393 -2.22084 9.721795
v 0.2279 -2.277203 9.602181
v 0.223636 -2.269084 9.627712
v 0.219782 -2.251973 9.609262
v 0.222871 -2.259053 9.581627
v 0.21765 -2.253668 9.652778
v 0.213659 -2.24011 9.65636
v 0.212675 -2.235983 9.644714
v 0.199145 -2.228712 9.597836
v 0.193788 -2.208867 9.69971
v 0.206033 -2.222753 9.68096
v 0.207373 -2.295872 9.302548
v 0.216092 -2.293111 9.345079
v 0.213796 -2.275781 9.423173
v 0.219864 -2.273786 9.459115
v 0.211664 -2.258615 9.494733
v 0.217377 -2.257549 9.526631
v 0.209177 -2.242734 9.561592
v 0.238943 -2.307953 9.519552
v 0.236456 -2.300409 9.548991
v 0.235882 -2.298222 9.489101
v 0.239107 -2.313282 9.421177
v 0.240693 -2.320745 9.384494
v 0.242333 -2.327961 9.346228
v 0.243782 -2.33392 9.311677
v 0.213277 -2.296227 9.209011
v 0.216721 -2.302022 9.216611
v 0.216885 -2.308089 9.226504
v 0.23252 -2.318367 9.271441
v 0.25846 -2.35032 9.283139
v 0.246542 -2.33802 9.421531
v 0.245859 -2.338922 9.456767
v 0.242825 -2.323478 9.488773
v 0.252392 -2.359478 9.301891
v 0.261221 -2.360844 9.295933
v 0.258624 -2.377573 9.31996
v 0.25272 -2.378693 9.333735
v 0.251326 -2.367595 9.354947
v 0.248647 -2.371039 9.391437
v 0.24698 -2.364124 9.424921
v 0.230771 -2.396324 9.467454
v 0.232219 -2.404387 9.433012
v 0.241048 -2.341492 9.522803
v 0.238397 -2.333264 9.55238
v 0.227764 -2.37965 9.530487
v 0.200539 -2.385992 9.570557
v 0.229349 -2.388232 9.499707
v 0.22186 -2.423193 9.409533
v 0.219072 -2.428387 9.398215
v 0.223664 -2.425407 9.395292
v 0.075022 -2.307078 9.265429
v 0.086065 -2.295653 9.304132
v 0.048726 -2.336517 9.288825
v 0.049683 -2.332991 9.31217
v 0.091996 -2.244265 9.529912
v 0.090083 -2.260966 9.460482
v 0.091012 -2.252437 9.495772
v 0.066521 -2.273458 9.522749
v 0.064908 -2.281084 9.490933
v 0.088142 -2.279034 9.384604
v 0.089126 -2.269959 9.423336
v 0.063897 -2.305656 9.345408
v 0.052772 -2.319925 9.384439
v 0.047961 -2.334548 9.346335
v 0.055997 -2.305055 9.456056
v 0.05135 -2.320472 9.420903
v 0.054849 -2.305985 9.488637
v 0.059223 -2.291553 9.549128
v 0.064498 -2.276164 9.577036
v 0.068434 -2.266105 9.552981
v 0.043779 -2.349336 9.381708
v 0.037684 -2.352234 9.298666
v 0.048371 -2.352671 9.458705
v 0.050312 -2.345865 9.491425
v 0.058703 -2.32285 9.58078
v 0.057173 -2.340808 9.553555
v 0.059988 -2.350676 9.555169
v 0.05761 -2.35863 9.525648
v 0.051268 -2.386784 9.399911
v 0.048836 -2.369536 9.425879
v 0.037301 -2.374019 9.346228
v 0.073546 -2.405207 9.470815
v 0.089536 -2.423111 9.434461
v 0.081609 -2.422099 9.426397
v 0.061437 -2.401489 9.427463
v 0.091969 -2.396324 9.537538
v 0.090957 -2.405672 9.505174
v 0.084479 -2.382246 9.568398
v 0.08929 -2.220539 9.703017
v 0.088005 -2.222562 9.68137
v 0.085928 -2.226853 9.655783
v 0.083003 -2.233796 9.624844
v 0.065947 -2.276819 9.602511
v 0.07196 -2.261786 9.627548
v 0.082429 -2.236174 9.672785
v 0.079094 -2.254652 9.686862
v 0.084479 -2.23765 9.715564
v 0.088443 -2.23109 9.75118
v 0.095139 -2.212886 9.758914
v 0.089837 -2.220539 9.722341
v 0.18679 -2.215591 9.636104
v 0.171155 -2.192932 9.797373
v 0.17151 -2.194654 9.816809
v 0.062503 -2.298167 9.605736
v 0.183865 -2.212913 9.835888
v 0.089345 -2.274059 9.753203
v 0.089563 -2.288409 9.738771
v 0.085217 -2.296062 9.7154
v 0.084999 -2.3088 9.701159
v 0.082156 -2.312244 9.686836
v 0.094811 -2.267198 9.775725
v 0.101536 -2.248091 9.807158
v 0.069145 -2.311835 9.636295
v 0.066794 -2.331679 9.610628
v 0.093281 -2.318613 9.706242
v 0.192886 -2.248392 9.806475
v 0.182526 -2.258314 9.806941
v 0.159429 -2.236092 9.841493
v 0.159156 -2.253258 9.822848
v 0.171784 -2.295707 9.761513
v 0.113043 -2.294368 9.261656
v 0.09637 -2.299753 9.227925
v 0.146719 -2.284227 9.30282
v 0.146828 -2.289885 9.224537
v 0.130127 -2.276847 9.343713
v 0.146746 -2.266706 9.383921
v 0.115339 -2.260829 9.423173
v 0.117608 -2.226306 9.566567
v 0.13133 -2.2397 9.49722
v 0.146773 -2.230188 9.532617
v 0.162764 -2.258096 9.423173
v 0.16249 -2.248611 9.461084
v 0.176021 -2.226333 9.566539
v 0.177087 -2.242598 9.496891
v 0.146773 -2.404551 9.541829
v 0.146773 -2.414555 9.508646
v 0.193186 -2.426391 9.442662
v 0.195592 -2.433744 9.423117
v 0.146691 -2.431776 9.439519
v 0.158636 -2.433552 9.433176
v 0.162518 -2.422236 9.477429
v 0.208903 -2.229505 9.685715
v 0.072726 -2.2845 9.663193
v 0.315068 -2.202225 9.123648
v 0.32633 -2.203346 9.116867
v 0.337619 -2.201897 9.123893
v 0.331168 -2.210398 9.129333
v 0.32633 -2.194216 9.118181
v 0.282186 -2.16896 9.215297
v 0.284263 -2.182709 9.193076
v 0.353473 -2.178061 9.154917
v 0.357901 -2.164422 9.174761
v 0.359459 -2.146737 9.194607
v 0.359459 -2.19121 9.237437
v 0.365964 -2.191647 9.20461
v 0.304162 -2.204713 9.149314
v 0.31157 -2.214689 9.190779
v 0.335897 -2.213951 9.157186
v 0.308126 -2.188011 9.135729
v 0.359677 -2.171474 9.263406
v 0.358639 -2.145753 9.287762
v 0.358939 -2.099777 9.232874
v 0.32633 -2.117599 9.207343
v 0.28317 -2.122902 9.260235
v 0.293967 -2.147311 9.286421
v 0.29301 -2.172076 9.263461
v 0.311433 -2.171447 9.151883
v 0.465132 -2.080179 8.982658
v 0.45387 -2.0813 8.97588
v 0.442581 -2.079851 8.98293
v 0.45387 -2.07217 8.977192
v 0.497851 -2.046367 9.074827
v 0.493477 -2.050112 9.042629
v 0.480986 -2.054184 9.015486
v 0.426755 -2.055988 9.0139
v 0.453843 -2.016846 9.045526
v 0.420878 -2.067551 9.097106
v 0.4223 -2.081163 9.071766
v 0.426919 -2.086958 9.045089
v 0.480794 -2.087422 9.044735
v 0.45387 -2.093053 9.0174
v 0.45387 -2.061401 8.990475
v 0.485414 -2.081737 9.071439
v 0.42107 -2.04295 9.124958
v 0.463082 -1.557417 7.714116
v 0.46341 -1.540716 7.713952
v 0.46412 -1.533226 7.726526
v 0.46423 -1.52232 7.712642
v 0.468002 -1.512808 7.696404
v 0.457834 -1.546893 7.668523
v 0.46218 -1.554711 7.66795
v 0.454663 -1.546866 7.663575
v 0.464531 -1.521227 7.723028
v 0.464613 -1.510676 7.717397
v 0.468877 -1.500207 7.701843
v 0.456658 -1.528689 7.651767
v 0.418774 -1.559467 7.719227
v 0.457205 -1.504635 7.67164
v 0.461934 -1.510457 7.725789
v 0.458189 -1.515514 7.622903
v 0.45398 -1.52191 7.617436
v 0.465378 -1.498758 7.659257
v 0.463628 -1.511824 7.652287
v 0.463601 -1.496626 7.688587
v 0.450754 -1.500344 7.718763
v 0.451629 -1.494139 7.710726
v 0.452258 -1.522676 7.736341
v 0.416532 -1.536233 7.728878
v 0.436595 -1.537463 7.731173
v 0.433998 -1.512972 7.616316
v 0.466143 -1.493346 7.648241
v 0.466963 -1.487551 7.664067
v 0.452258 -1.490258 7.705234
v 0.453351 -1.487224 7.699492
v 0.373126 -1.548807 7.693315
v 0.361536 -1.564606 7.69031
v 0.358393 -1.55739 7.674291
v 0.458572 -1.499442 7.625063
v 0.464613 -1.487852 7.636023
v 0.468275 -1.482194 7.652944
v 0.437716 -1.502285 7.712284
v 0.380834 -1.533309 7.725898
v 0.396442 -1.534839 7.727482
v 0.40169 -1.512726 7.614812
v 0.386711 -1.515951 7.611862
v 0.441433 -1.48572 7.627986
v 0.42342 -1.486321 7.627277
v 0.465569 -1.478969 7.66702
v 0.439028 -1.495396 7.703591
v 0.43654 -1.522375 7.735054
v 0.367604 -1.511305 7.688368
v 0.3696 -1.52981 7.691129
v 0.370228 -1.519587 7.706708
v 0.372743 -1.538338 7.70731
v 0.398109 -1.508024 7.721114
v 0.381654 -1.511988 7.726197
v 0.383075 -1.491679 7.709772
v 0.382857 -1.502585 7.664122
v 0.369982 -1.506576 7.712395
v 0.37236 -1.517919 7.724011
v 0.362384 -1.531067 7.616234
v 0.386519 -1.484845 7.622876
v 0.464886 -1.470878 7.639548
v 0.4589 -1.466422 7.640259
v 0.46136 -1.467816 7.65994
v 0.45428 -1.477164 7.66814
v 0.422874 -1.492007 7.688861
v 0.442007 -1.489465 7.681836
v 0.400924 -1.494521 7.703128
v 0.370638 -1.495451 7.715621
v 0.371103 -1.491023 7.71245
v 0.396879 -1.517264 7.72997
v 0.383786 -1.49034 7.668824
v 0.374082 -1.493729 7.680987
v 0.3696 -1.49679 7.651167
v 0.404669 -1.473884 7.629189
v 0.443811 -1.469293 7.638101
v 0.436623 -1.482413 7.666064
v 0.376105 -1.486485 7.704086
v 0.37359 -1.484599 7.697907
v 0.367632 -1.497911 7.694218
v 0.36826 -1.501655 7.703376
v 0.370146 -1.506412 7.634765
v 0.369736 -1.492308 7.640478
v 0.42394 -1.468418 7.646821
v 0.3778 -1.487251 7.68681
v 0.400815 -1.490121 7.687492
v 0.369654 -1.495423 7.687139
v 0.370119 -1.479515 7.645837
v 0.386027 -1.465138 7.634847
v 0.450727 -1.466258 7.652997
v 0.37318 -1.47495 7.664122
v 0.393572 -1.482249 7.664642
v 0.380807 -1.472217 7.662455
v 0.375039 -1.467926 7.641954
v 0.389882 -1.464782 7.651904
v 0.373973 -1.469183 7.660515
v 0.373618 -1.464454 7.507964
v 0.37247 -1.435125 7.519607
v 0.373235 -1.45322 7.520593
v 0.369518 -1.447371 7.542323
v 0.368916 -1.435425 7.548309
v 0.368916 -1.42717 7.553201
v 0.366484 -1.433239 7.561376
v 0.383841 -1.432009 7.512993
v 0.373509 -1.501 7.576599
v 0.383622 -1.423563 7.518188
v 0.417079 -1.46429 7.50176
v 0.405106 -1.471588 7.497905
v 0.368971 -1.515487 7.580562
v 0.373208 -1.479624 7.567415
v 0.37154 -1.466258 7.573073
v 0.372743 -1.420583 7.5365
v 0.388077 -1.51606 7.605054
v 0.370748 -1.519724 7.589993
v 0.376215 -1.509938 7.593683
v 0.3699 -1.472081 7.585319
v 0.386765 -1.419572 7.539507
v 0.379057 -1.419517 7.554294
v 0.420086 -1.433895 7.516246
v 0.399995 -1.432665 7.513977
v 0.451793 -1.4644 7.506488
v 0.438126 -1.46224 7.504904
v 0.372716 -1.492225 7.591906
v 0.374192 -1.426515 7.568727
v 0.375477 -1.424601 7.565528
v 0.376406 -1.427963 7.570833
v 0.420222 -1.425695 7.520755
v 0.463601 -1.472709 7.53057
v 0.462672 -1.482221 7.52595
v 0.465104 -1.492062 7.531526
v 0.371978 -1.48408 7.608333
v 0.368643 -1.465794 7.593492
v 0.375039 -1.450541 7.582175
v 0.416423 -1.430287 7.552272
v 0.401389 -1.420747 7.531608
v 0.455784 -1.435644 7.520264
v 0.440176 -1.434742 7.518131
v 0.46669 -1.497228 7.566158
v 0.462672 -1.496161 7.547025
v 0.395157 -1.489355 7.615114
v 0.41317 -1.490367 7.615114
v 0.416122 -1.503542 7.609645
v 0.370146 -1.476454 7.611751
v 0.37862 -1.477465 7.62069
v 0.368424 -1.467106 7.607952
v 0.37154 -1.451717 7.588871
v 0.414537 -1.437038 7.563425
v 0.39666 -1.433922 7.566267
v 0.468357 -1.504745 7.581109
v 0.468111 -1.455707 7.557575
v 0.467045 -1.464481 7.543634
v 0.46412 -1.439006 7.527399
v 0.368752 -1.45609 7.605136
v 0.454636 -1.420638 7.551314
v 0.437853 -1.423535 7.547981
v 0.459856 -1.477766 7.562359
v 0.467865 -1.469757 7.579905
v 0.46669 -1.435863 7.543689
v 0.465569 -1.432829 7.536337
v 0.433179 -1.49198 7.617272
v 0.434573 -1.505155 7.61134
v 0.369518 -1.463525 7.616042
v 0.375203 -1.44819 7.610329
v 0.373891 -1.446468 7.598684
v 0.380615 -1.445895 7.599642
v 0.394829 -1.447562 7.5769
v 0.452504 -1.431271 7.562275
v 0.434682 -1.436574 7.565284
v 0.462617 -1.422387 7.534969
v 0.464093 -1.421211 7.54347
v 0.465952 -1.42143 7.553776
v 0.464694 -1.427389 7.558695
v 0.440149 -1.423316 7.526468
v 0.459747 -1.448135 7.575725
v 0.463355 -1.443899 7.570395
v 0.463082 -1.458496 7.578403
v 0.469478 -1.472354 7.594313
v 0.431866 -1.480827 7.622657
v 0.449524 -1.48132 7.624215
v 0.384223 -1.460436 7.621372
v 0.414783 -1.455407 7.595433
v 0.467756 -1.427827 7.56091
v 0.466444 -1.495342 7.597126
v 0.394173 -1.469211 7.621044
v 0.454472 -1.440674 7.575971
v 0.459802 -1.453165 7.586603
v 0.462481 -1.4767 7.618529
v 0.466417 -1.468828 7.609782
v 0.439383 -1.456391 7.597537
v 0.463847 -1.456445 7.603058
v 0.444713 -1.471206 7.621673
v 0.459036 -1.464017 7.610519
v 0.453406 -1.467516 7.615851
v 0.462152 -1.470905 7.484074
v 0.46166 -1.456035 7.476283
v 0.461168 -1.463935 7.472677
v 0.462945 -1.460381 7.465185
v 0.462563 -1.456364 7.456631
v 0.463164 -1.443845 7.490661
v 0.463847 -1.435535 7.502196
v 0.463929 -1.426925 7.49725
v 0.463957 -1.418697 7.491318
v 0.467209 -1.41047 7.47489
v 0.456248 -1.443845 7.448513
v 0.464339 -1.40555 7.496073
v 0.467401 -1.399782 7.489157
v 0.452312 -1.457293 7.503207
v 0.461114 -1.432883 7.421506
v 0.452695 -1.435234 7.512283
v 0.461332 -1.437011 7.412952
v 0.459829 -1.40995 7.461714
v 0.453706 -1.409513 7.449115
v 0.447857 -1.422715 7.391547
v 0.458681 -1.431872 7.401499
v 0.464585 -1.403472 7.436213
v 0.454882 -1.396666 7.453023
v 0.457615 -1.409431 7.501213
v 0.450508 -1.403172 7.495172
v 0.416259 -1.445074 7.504738
v 0.436322 -1.446168 7.507145
v 0.385617 -1.469757 7.491044
v 0.390428 -1.473338 7.490524
v 0.432413 -1.426706 7.389471
v 0.466089 -1.391582 7.440722
v 0.459911 -1.390762 7.475272
v 0.452012 -1.394644 7.48033
v 0.436404 -1.435917 7.511108
v 0.37277 -1.455789 7.46975
v 0.371212 -1.459124 7.458381
v 0.37534 -1.463279 7.483282
v 0.376105 -1.469238 7.480903
v 0.36796 -1.465739 7.46833
v 0.463656 -1.407682 7.408414
v 0.461196 -1.408966 7.403084
v 0.45469 -1.408666 7.400267
v 0.464995 -1.403499 7.416258
v 0.467236 -1.392375 7.427902
v 0.467975 -1.388493 7.429133
v 0.418637 -1.405796 7.491263
v 0.434955 -1.415527 7.503755
v 0.380588 -1.442861 7.500994
v 0.396168 -1.444118 7.50299
v 0.36878 -1.439635 7.430827
v 0.37042 -1.448164 7.434408
v 0.364461 -1.451717 7.438317
v 0.441187 -1.407982 7.399886
v 0.423147 -1.406944 7.39964
v 0.466799 -1.397923 7.412868
v 0.464339 -1.399782 7.407292
v 0.465651 -1.401805 7.411284
v 0.421698 -1.396447 7.4709
v 0.450126 -1.424601 7.509276
v 0.380096 -1.430806 7.505532
v 0.367987 -1.432747 7.41552
v 0.371322 -1.439307 7.475846
v 0.367358 -1.415417 7.46453
v 0.369982 -1.421704 7.482515
v 0.425279 -1.397295 7.403575
v 0.397863 -1.406588 7.496702
v 0.381381 -1.411208 7.501184
v 0.399694 -1.400438 7.483118
v 0.382829 -1.395518 7.484729
v 0.370092 -1.428073 7.440886
v 0.367604 -1.410798 7.439957
v 0.367386 -1.398033 7.4715
v 0.368014 -1.400465 7.480848
v 0.36714 -1.404484 7.468712
v 0.371814 -1.425667 7.497357
v 0.370939 -1.41118 7.495281
v 0.378729 -1.428264 7.388815
v 0.403111 -1.405659 7.39718
v 0.401662 -1.41457 7.393461
v 0.468002 -1.389887 7.421889
v 0.465378 -1.380867 7.427931
v 0.451793 -1.383464 7.431374
v 0.440695 -1.392429 7.463628
v 0.417516 -1.395491 7.449661
v 0.372251 -1.405522 7.496538
v 0.370392 -1.398826 7.49077
v 0.370857 -1.395463 7.487409
v 0.373672 -1.425039 7.502797
v 0.369381 -1.39899 7.463738
v 0.367058 -1.421977 7.429214
v 0.366866 -1.402816 7.427602
v 0.38682 -1.393796 7.399421
v 0.465897 -1.388329 7.417216
v 0.460622 -1.388138 7.415848
v 0.451246 -1.385787 7.422982
v 0.437689 -1.393113 7.445451
v 0.375859 -1.39098 7.478936
v 0.366374 -1.398388 7.437826
v 0.3699 -1.415007 7.4106
v 0.373727 -1.413121 7.400351
v 0.424814 -1.390324 7.414947
v 0.440094 -1.388083 7.431182
v 0.376488 -1.391035 7.463081
v 0.398874 -1.391746 7.462426
v 0.369518 -1.393851 7.419046
v 0.373782 -1.391609 7.408631
v 0.37247 -1.383874 7.434491
v 0.391522 -1.382781 7.411556
v 0.382064 -1.382042 7.43214
v 0.387148 -1.380839 7.42711
v 0.375231 -1.390051 7.279697
v 0.378593 -1.388138 7.287434
v 0.377609 -1.37581 7.283525
v 0.378811 -1.382042 7.298887
v 0.369928 -1.398279 7.296236
v 0.375367 -1.390324 7.316024
v 0.377226 -1.365177 7.296126
v 0.376351 -1.35203 7.310311
v 0.373509 -1.355228 7.318075
v 0.380205 -1.402652 7.339424
v 0.375969 -1.342627 7.31474
v 0.37083 -1.350034 7.331496
v 0.387832 -1.353615 7.28593
v 0.376324 -1.343419 7.299843
v 0.40322 -1.381332 7.273247
v 0.373372 -1.418178 7.357134
v 0.37452 -1.368594 7.33803
v 0.377007 -1.375427 7.348826
v 0.37862 -1.389122 7.344015
v 0.375039 -1.422032 7.36867
v 0.37534 -1.418779 7.375886
v 0.369791 -1.381414 7.360962
v 0.371513 -1.395928 7.356862
v 0.382939 -1.339456 7.304379
v 0.389827 -1.338472 7.317993
v 0.388925 -1.341697 7.326794
v 0.403986 -1.357114 7.285166
v 0.369299 -1.387236 7.371868
v 0.386738 -1.347711 7.339586
v 0.380069 -1.347165 7.339424
v 0.382228 -1.34424 7.333764
v 0.424213 -1.349542 7.293802
v 0.467647 -1.385678 7.303669
v 0.373836 -1.355119 7.344234
v 0.420332 -1.344868 7.325618
v 0.402236 -1.343693 7.32581
v 0.423366 -1.340468 7.307934
v 0.459747 -1.356758 7.293366
v 0.442445 -1.36679 7.284509
v 0.399831 -1.424984 7.381298
v 0.377636 -1.393359 7.392806
v 0.371677 -1.39437 7.389171
v 0.367358 -1.382234 7.381598
v 0.368807 -1.36556 7.368014
v 0.404041 -1.344431 7.295552
v 0.444522 -1.349679 7.295853
v 0.460212 -1.348914 7.298532
v 0.471501 -1.365942 7.333109
v 0.471036 -1.375783 7.318157
v 0.470353 -1.356731 7.315479
v 0.466635 -1.367501 7.296179
v 0.409945 -1.396693 7.392833
v 0.392205 -1.399482 7.391111
v 0.442445 -1.338171 7.315313
v 0.458927 -1.340577 7.310311
v 0.458626 -1.336012 7.322803
v 0.465679 -1.384147 7.332917
v 0.465214 -1.369742 7.339504
v 0.468221 -1.345907 7.307688
v 0.434081 -1.420912 7.385318
v 0.449087 -1.420501 7.387093
v 0.370584 -1.388521 7.391248
v 0.372032 -1.362417 7.376406
v 0.37411 -1.366052 7.380696
v 0.383403 -1.367337 7.380068
v 0.396606 -1.35356 7.34623
v 0.417379 -1.364029 7.357517
v 0.397344 -1.362745 7.357271
v 0.455046 -1.341834 7.33535
v 0.469943 -1.336859 7.325046
v 0.471364 -1.353041 7.338138
v 0.459419 -1.365013 7.348222
v 0.466362 -1.36802 7.360278
v 0.466827 -1.379336 7.355359
v 0.467565 -1.406643 7.359897
v 0.4308 -1.399728 7.394965
v 0.431976 -1.410196 7.390538
v 0.383977 -1.374991 7.385535
v 0.381435 -1.361979 7.364761
v 0.466034 -1.340139 7.337482
v 0.463519 -1.343119 7.341391
v 0.471747 -1.340959 7.334503
v 0.468412 -1.386006 7.368014
v 0.465159 -1.411289 7.37042
v 0.410409 -1.384585 7.388869
v 0.453843 -1.352959 7.349427
v 0.435885 -1.353478 7.347487
v 0.440258 -1.363538 7.359486
v 0.461442 -1.393632 7.390784
v 0.46535 -1.384147 7.38209
v 0.457205 -1.399399 7.395457
v 0.462754 -1.366489 7.376187
v 0.429215 -1.390926 7.393735
v 0.444768 -1.393741 7.395758
v 0.443675 -1.389396 7.392998
v 0.444823 -1.380265 7.388431
v 0.458872 -1.378735 7.388405
v 0.453652 -1.389887 7.393516
v 0.453269 -1.394042 7.396032
v 0.465159 -1.381277 7.261548
v 0.465077 -1.377724 7.256518
v 0.465897 -1.375564 7.266222
v 0.465897 -1.371163 7.240611
v 0.466772 -1.359984 7.235745
v 0.462972 -1.382589 7.268873
v 0.465815 -1.353287 7.25846
v 0.466881 -1.354709 7.274176
v 0.470216 -1.329561 7.248838
v 0.450618 -1.354052 7.210106
v 0.460813 -1.363482 7.207782
v 0.452886 -1.362116 7.213768
v 0.467373 -1.326719 7.269585
v 0.470407 -1.32106 7.262941
v 0.463492 -1.369414 7.27393
v 0.45551 -1.362826 7.278002
v 0.464148 -1.344103 7.196684
v 0.458271 -1.346645 7.202945
v 0.458134 -1.35725 7.188977
v 0.453515 -1.359383 7.197203
v 0.455729 -1.354052 7.280982
v 0.440285 -1.383956 7.270787
v 0.455128 -1.336914 7.217567
v 0.455073 -1.34905 7.166344
v 0.460895 -1.336504 7.17378
v 0.467592 -1.314582 7.211882
v 0.464285 -1.314801 7.239544
v 0.458572 -1.311931 7.226835
v 0.452148 -1.335274 7.278141
v 0.452586 -1.32557 7.275352
v 0.460294 -1.314746 7.268054
v 0.439356 -1.362963 7.276528
v 0.403603 -1.383983 7.267071
v 0.387968 -1.378079 7.266332
v 0.433425 -1.343748 7.164868
v 0.468904 -1.310564 7.200594
v 0.469205 -1.302965 7.216393
v 0.465159 -1.308815 7.252884
v 0.463875 -1.310591 7.256245
v 0.462945 -1.306901 7.250942
v 0.419129 -1.352631 7.277075
v 0.375832 -1.367747 7.245175
v 0.374465 -1.372148 7.232957
v 0.379303 -1.380949 7.256165
v 0.377937 -1.378461 7.249685
v 0.370556 -1.380539 7.241293
v 0.400678 -1.344568 7.162874
v 0.467373 -1.315812 7.185751
v 0.468494 -1.313024 7.192967
v 0.465815 -1.325243 7.186134
v 0.470353 -1.302938 7.204038
v 0.440477 -1.316659 7.268408
v 0.421643 -1.320978 7.27065
v 0.437962 -1.334153 7.27721
v 0.383595 -1.3593 7.27065
v 0.371759 -1.351319 7.205897
v 0.444194 -1.315511 7.17725
v 0.470872 -1.301818 7.197533
v 0.370365 -1.330026 7.239655
v 0.374137 -1.345852 7.262859
v 0.470599 -1.292852 7.206223
v 0.384415 -1.331474 7.274121
v 0.40087 -1.324313 7.272864
v 0.385836 -1.309142 7.262368
v 0.402701 -1.312997 7.263133
v 0.377007 -1.35613 7.268627
v 0.373098 -1.338554 7.216228
v 0.370611 -1.321306 7.215218
v 0.372743 -1.323684 7.264255
v 0.370884 -1.324286 7.253293
v 0.370392 -1.314555 7.246514
v 0.373317 -1.351045 7.17714
v 0.38928 -1.314746 7.172085
v 0.404751 -1.324778 7.169543
v 0.469697 -1.296214 7.193787
v 0.46166 -1.298783 7.186107
v 0.457888 -1.29318 7.218688
v 0.424705 -1.308842 7.240994
v 0.44239 -1.308514 7.232712
v 0.387175 -1.30425 7.249165
v 0.373399 -1.316496 7.265702
v 0.373864 -1.312368 7.262724
v 0.383677 -1.344048 7.275188
v 0.37482 -1.344404 7.268791
v 0.372114 -1.318218 7.236156
v 0.369873 -1.314446 7.203326
v 0.40743 -1.305261 7.177824
v 0.470626 -1.294082 7.19991
v 0.454253 -1.288369 7.201905
v 0.442363 -1.299275 7.221969
v 0.424432 -1.291785 7.218471
v 0.372907 -1.327866 7.185915
v 0.376406 -1.31614 7.180038
v 0.427821 -1.290063 7.195509
v 0.379495 -1.307311 7.236894
v 0.401908 -1.307831 7.238944
v 0.380725 -1.307038 7.228722
v 0.398027 -1.297991 7.219673
v 0.375477 -1.290938 7.212128
v 0.394556 -1.289791 7.189552
v 0.373481 -1.298674 7.197724
v 0.3778 -1.298619 7.187528
v 0.34161 -2.325583 9.370063
v 0.351341 -2.336899 9.343083
v 0.34161 -2.386675 9.423392
v 0.815362 -2.113034 9.318319
v 0.81517 -2.077637 9.4803
v 0.833785 -2.162044 9.47486
v 0.815362 -2.133426 9.479507
v 0.902557 -2.233823 9.372468
v 0.901054 -2.207938 9.399447
v 0.815553 -2.212886 9.290794
v 0.749268 -2.247627 9.299186
v 0.728549 -2.233823 9.372468
v 0.815553 -2.254652 9.453678
v 0.796884 -2.222507 9.462042
v 0.867925 -2.220293 9.452583
v 0.134473 -2.432213 9.437248
v 0.115066 -2.429781 9.43684
v 0.09801 -2.426664 9.433887
v 0.308153 -2.141353 9.188949
v 0.308536 -2.096661 9.229785
v 0.299843 -2.052572 9.254741
v 0.308153 -2.198344 9.243833
v 0.4712 -2.035652 9.029072
v 0.471993 -2.074795 9.103393
v 0.464613 -1.493018 7.709169
v 0.457916 -1.461721 7.647367
v 0.381107 -1.418889 7.504355
v 0.373426 -1.308077 7.253183
v 0.399503 -1.427198 7.388077
v 0.375777 -1.410333 7.383404
v 0.466581 -1.391063 7.349618
v 0.466909 -1.08976 7.463437
v 0.370092 -1.175398 7.744703
v 0.390128 -0.902687 7.157569
v 0.378347 -1.159161 7.704522
v 0.447748 -0.96941 7.207563
v 0.426728 -1.013061 7.367768
v 0.486644 -0.975122 7.264009
v 0.477787 -1.09509 7.54388
v 0.490635 -1.080084 7.532509
v 0.378483 -1.220253 7.835398
v 0.33177 -1.604049 7.769768
v 0.260838 -1.542547 7.614404
v 0.345272 -1.396311 7.278387
v 0.260401 -1.416128 7.296973
v 0.277457 -2.375468 9.316078
v 0.340024 -1.433704 7.3942
v 0.342758 -1.417467 7.345546
v 0.214234 -1.449584 7.348608
v 0.347076 -1.458277 7.451628
v 0.469724 -1.527677 7.605519
v 0.486616 -1.484654 7.526961
v 0.347377 -1.377724 7.219509
v 0.367249 -1.107008 7.58849
v 0.364652 -0.999149 7.375532
v 0.356288 -0.975204 7.33803
v 0.327041 -0.935296 7.275352
v 0.356562 -0.928162 7.248481
v 0.331524 -0.867918 7.134719
v 0.48227 -1.024131 7.350138
v 0.524091 -0.99297 7.510533
v 0.482325 -1.047229 7.400377
v 0.491345 -1.050044 7.449358
v 0.492356 -1.12226 7.664533
v 0.543498 -1.057096 7.734317
v 0.484785 -1.151399 7.690036
v 0.607596 -1.084294 7.932376
v 0.50873 -1.183243 7.809814
v 0.646875 -1.103728 8.036548
v 0.642311 -1.160036 8.052457
v 0.021611 -2.355732 9.3099
v 1.121721 -1.491816 8.481462
v 0.929044 -1.037115 8.161163
v 0.574249 1.874252 6.071974
v 0.702719 1.781316 6.335036
v 0.815253 1.678021 6.026627
v 1.314781 1.012768 5.883808
v 1.698686 -0.465562 5.315453
v 1.72889 -0.402202 5.356535
v 0.984696 -2.686419 9.354619
v 0.970264 -2.701808 9.462369
v 0.835808 -2.744449 9.224592
v 1.041113 -2.276464 7.912508
v 1.34072 -2.158682 6.169284
v 1.568167 -1.932138 6.360949
v 1.029852 -2.30921 5.950174
v 0.998636 -2.292099 6.474576
v 0.938146 -1.092576 9.740027
v 0.972997 -1.224681 9.79311
v 0.848545 -0.901019 9.626398
v 0.183865 -0.909957 9.809864
v 0.121298 -1.042855 9.918791
v 0.292381 -0.783292 9.674071
v 0.666775 -0.230545 8.29715
v 0.54451 -0.05733 8.141291
v 0.255945 -0.109127 8.52763
v 0.235581 0.142482 8.219768
v 0.965453 -2.67923 9.518458
v 0.8 -2.687376 9.590238
v 1.100154 -2.60111 9.46155
v 0.983165 -2.189679 9.855432
v 0.825585 -2.49079 9.77682
v 0.786443 -2.266679 9.896706
v 0.75848 -2.033384 9.988219
v 0.940333 -1.993448 9.934837
v 1.107535 -1.938371 9.843842
v 0.227982 -2.413544 9.814185
v 0.715784 -1.705622 10.021076
v 1.066342 -1.618645 9.861115
v 0.150682 -1.51904 10.088427
v 1.748133 -1.268961 5.423531
v 1.613021 -1.608039 5.336938
v 1.915936 -0.982119 5.598578
v 1.63724 -1.660165 6.617751
v 1.65405 -1.329397 6.899701
v 1.270663 -2.174618 8.376172
v 1.163952 -2.407667 8.497372
v 1.372674 -1.868232 8.269762
v 1.82721 -0.062168 5.817495
v 1.822235 -0.253095 5.677573
v 1.83746 0.244301 5.990573
v 1.668072 -0.346988 6.861379
v 1.869277 -0.645393 6.658315
v 1.435761 -0.134083 7.053783
v 1.288239 -1.542547 8.360265
v 1.227476 -1.329233 8.287036
v 1.397739 -1.632312 8.4936
v 1.76847 0.378894 6.245162
v 1.665639 0.588545 6.450877
v 1.343864 0.615195 6.969649
v 1.285014 0.462781 7.082812
v 1.340584 0.857866 6.947865
v 1.280203 1.197654 6.300103
v 1.176443 1.311146 6.468071
v 1.325824 1.078123 6.867147
v 1.120054 -0.840912 8.660855
v 1.068857 -0.736715 8.518118
v 1.11527 -0.854005 8.504478
v 1.229881 -1.072103 8.771996
v 1.006508 -0.613958 8.510574
v 0.687002 -2.534879 8.19421
v 0.508784 -2.661545 8.481025
v 0.729779 -2.278432 6.689996
v 0.8972 -2.137689 6.841535
v 0.779664 -2.148978 5.225852
v 0.385371 -2.23355 5.211091
v 0.482188 -0.10653 8.289497
v 0.460102 1.737445 6.956556
v 0.645153 1.729082 6.804826
v 0.466061 -2.783263 9.487982
v 0.446025 -2.036281 10.033785
v 0.391986 -1.720081 10.090559
v 0.672269 1.521617 7.298831
v 0.537048 1.496087 7.409615
v 0.534068 1.578772 7.193541
v 0.837147 1.463942 7.114628
v 0.803526 1.487367 7.438235
v 1.334324 -1.977813 7.03804
v 1.396837 -0.40529 7.315506
v 1.529626 -0.68899 7.237604
v 1.468999 -0.768805 7.446489
v 1.246391 -0.463867 7.60847
v 1.235731 -0.174865 7.453569
v 1.224469 0.348634 7.237194
v 1.177619 0.190179 7.3614
v 1.173136 0.409179 7.421834
v 0.252364 -2.24 7.028116
v 0.505449 -2.270587 7.227079
v 0.25231 1.613869 7.185123
v 1.300048 -2.08242 7.424103
v 0.884189 -2.200175 7.18649
v 0.621728 0.310722 7.761075
v 0.59844 0.147811 7.865054
v 0.570996 0.528218 7.703402
v 0.135047 0.671421 7.798087
v 0.255726 0.507608 7.837775
v 1.339901 -1.856505 7.733332
v 1.337331 -1.653851 7.992021
v 1.088784 -0.681665 8.061587
v 1.039664 -0.469662 7.936944
v 1.097776 -0.999805 8.12254
v 0.878749 -0.269796 8.090998
v 0.834195 -0.063889 7.927459
v 1.009378 -0.552702 8.28731
v 0.273985 -2.377108 7.508402
v 0.277758 -2.481059 7.836819
v 0.512502 -2.359778 7.500912
v 0.64119 1.287856 7.682901
v 0.523572 1.134349 7.691483
v 0.196958 0.98393 7.543171
v 0.22667 1.233681 7.482872
v 0.338302 1.155041 7.540381
v 1.092993 -2.607451 8.837598
v 0.880499 -2.686337 8.826555
v 0.952442 -0.642769 9.301509
v 0.790351 -0.565933 9.169457
v 1.083945 -0.78239 9.43695
v 0.160276 -0.586733 9.398736
v 0.306595 -0.517743 9.256463
v 1.250081 -2.554833 9.088305
v 1.215914 -2.525121 9.221092
v 1.344411 -2.452905 9.022702
v 1.439341 -1.973904 9.334091
v 1.401921 -1.738231 9.226259
v 1.507485 -2.089937 9.107848
v 1.334215 -1.620039 9.429788
v 1.262245 -1.301298 9.489675
v 0.266359 -2.809504 8.988645
v 0.505039 -2.791463 8.99865
v 0.534998 -0.524439 9.183784
v 1.020476 -2.677399 9.044461
v 1.290946 -2.044973 9.646053
v 0.243891 -2.79622 9.471663
v 0.341664 -2.257412 9.935575
v 0.3819 0.822086 7.624598
v 0.703894 -0.435303 8.824696
v 0.482325 -0.381921 8.854844
v 1.052839 -0.302461 7.775481
v 1.100756 -0.173444 7.623286
v 0.859861 0.109545 7.789558
v 1.322789 -2.357591 8.793918
v 1.40583 -1.888103 8.566197
v 1.218155 -0.998602 8.931489
v 1.163597 -0.85395 8.957046
v 1.015856 -2.509759 8.493628
v 1.45853 -2.110274 8.872365
v 1.371799 -1.568897 8.853259
v 1.251994 -0.986957 9.264581
v 0.894548 -1.355282 9.893044
v 1.008394 1.449756 6.696199
v 0.875442 1.525334 6.882016
v 0.900043 1.597714 6.674088
v 1.054753 1.407415 6.59162
v 0.473223 -1.205684 9.767169
v 0.440832 -1.268989 9.802787
v 0.474863 -1.133741 9.726441
v 0.950091 -0.507739 8.360073
v 1.159032 -1.003085 9.538603
v 0.376187 -1.234302 9.79248
v 1.094196 -0.710365 8.987415
v 0.840044 -2.298058 7.495936
v 1.178794 -1.126333 8.21933
v 0.324717 0.222242 8.054043
v 1.083289 1.274928 7.041592
v 1.215203 1.141866 6.976592
v 0.830286 0.776903 7.784993
v 0.858222 0.60489 7.741096
v 0.915869 0.980158 7.821019
v 0.924178 0.856828 7.814542
v 1.126668 1.209053 7.336362
v 1.058989 1.220861 7.394063
v 1.187896 1.198967 7.266032
v 1.031109 1.170511 7.55402
v 1.003665 1.121611 7.594039
v 1.068365 1.206975 7.518706
v 1.015118 1.199895 7.5002
v 1.20334 0.767036 7.569438
v 1.257215 0.800054 7.498425
v 1.148918 0.748066 7.625992
v 1.162148 1.180188 7.257885
v 1.199951 1.155041 7.224401
v 1.009105 1.064128 7.636624
v 1.124017 1.214547 7.403057
v 1.066752 1.130905 7.609017
v 1.284823 0.85967 7.429461
v 1.291383 0.926611 7.378756
v 1.291328 0.966245 7.320179
v 1.283838 1.032694 7.310092
v 1.272632 1.029169 7.258159
v 1.218811 1.16417 7.275216
v 1.193035 1.17423 7.260155
v 1.263311 1.123689 7.293393
v 1.089986 1.086132 7.64067
v 1.112455 1.039637 7.650237
v 1.19708 1.177319 7.383814
v 1.181527 1.164963 7.43624
v 1.222365 1.163295 7.345217
v 1.132053 1.144518 7.553092
v 1.139215 1.102888 7.570751
v 1.11978 1.183359 7.516082
v 1.129019 1.060575 7.580808
v 1.155369 0.894657 7.618611
v 1.156763 0.871014 7.606065
v 1.285916 0.753287 7.416121
v 1.293952 0.909363 7.234597
v 1.223103 1.131123 7.16435
v 1.010335 1.179532 7.692085
v 1.06063 1.348374 7.297165
v 0.96794 1.429993 7.432987
v 0.97655 1.269515 7.689188
v 0.985407 1.318798 7.622657
v 1.128554 0.664724 7.642748
v 1.095207 0.792947 7.70365
v 1.075444 0.862431 7.727974
v 1.212442 1.140554 7.202014
v 1.059509 1.216788 7.452339
v 1.005524 1.356574 7.527781
v 0.627004 1.05262 7.760311
v 1.028184 0.94271 7.683775
v 1.068748 0.891514 7.685033
v 1.130413 0.993442 7.637884
v 1.143643 0.955066 7.621454
v 1.154248 0.798824 7.642009
v 1.164089 0.828591 7.621947
v 1.22589 0.565966 7.470078
v 1.06883 0.544647 7.624598
v 1.246364 1.070005 7.316298
v 1.227449 0.865738 7.53303
v 1.21698 0.903432 7.41399
v 1.223431 0.939567 7.369544
v 1.171879 1.125575 7.322967
v 1.06637 1.026352 7.538167
v 1.097093 1.126805 7.49181
v 1.10491 0.873556 7.578267
v 1.085339 0.924643 7.595022
v 1.498656 0.105799 6.874501
v 1.412937 -1.952037 5.370475
v 1.879992 -1.619001 5.962393
v 1.788642 -0.057357 6.341433
v 0.754161 -2.405617 5.952635
v 1.041468 0.708131 7.725159
v 1.124673 0.859916 7.675439
v 1.13331 0.887606 7.664287
v 1.146458 0.861392 7.649716
v 1.140062 0.914474 7.649007
v 0.224429 -2.629509 9.621589
v 1.180434 -1.245619 8.329678
v 1.189099 -1.046982 8.223402
v 1.244696 -1.474431 8.417008
v 1.147633 -2.490325 9.383047
v 0.792319 -2.63391 9.614591
v 1.303328 -2.272473 8.960819
v 1.285779 -2.212995 8.849433
v 1.259839 -2.377135 9.169569
v 0.619213 -2.640963 9.629163
v 1.298189 -1.912485 8.598425
v 1.309041 -2.373418 9.364403
v 1.854079 -0.551555 5.624681
v 1.557342 -1.080931 7.336607
v 1.390687 -1.350991 7.92027
v 1.37128 -1.017462 7.819215
v 2.001874 -0.934859 6.165183
v 0.852317 1.674222 6.534219
v 1.247238 1.248468 6.520251
v 1.078971 1.368382 6.207058
v 0.778051 1.659407 6.761228
v 0.873037 1.653858 6.573607
v 0.886321 1.633385 6.627155
v 0.378483 -2.258615 5.060044
v 1.208615 -1.995826 5.199256
v 0.447966 -2.405589 5.601421
v 1.828659 -1.223259 5.308237
v 1.518391 0.746097 5.834525
v 1.043108 -0.606278 7.919641
v 1.168435 1.20222 7.356588
v 1.304093 0.861337 7.151366
v 0.609127 -0.719467 9.55391
v 0.534915 -1.074645 9.699409
v 0.357627 -0.853868 9.876123
v 0.53333 -0.772551 9.770094
v 0.782206 -0.892518 9.771544
v 0.693371 -0.923133 9.842967
v 0.675467 -1.077379 9.98811
v 0.610658 -1.337215 10.074566
v 0.560227 -1.217437 10.052673
v 0.497222 -1.30086 10.096298
v 0.341582 -1.26508 10.108462
v 0.323925 -1.168728 10.070824
v 0.438864 -0.967276 9.877079
v 0.385043 -1.035776 9.940521
v 0.506297 -0.891508 9.856798
v 0.55476 -0.894351 9.770423
v 0.581055 -0.92234 9.688722
v 0.618339 -0.988297 9.739973
v 0.618448 -1.036104 9.867702
v 0.539753 -1.163999 9.943419
v 0.463738 -1.25852 9.930462
v 0.345026 -1.223451 9.940275
v 0.591005 -1.066554 9.738688
v 0.41861 -1.29389 9.876641
v 1.219549 -1.105204 8.572349
v 1.008121 0.086748 7.642337
v 1.061641 0.132396 7.542295
v 1.237508 -0.915042 8.055901
v 1.155342 -0.700142 7.901246
v 1.044885 -0.525095 8.102641
v 1.00618 -0.152917 7.787263
v 1.537661 0.754872 6.65345
v 1.037587 -0.895252 8.071481
v 1.054753 -0.845777 8.045514
v 1.063609 -0.832247 8.047618
v 1.079736 -0.953337 8.199978
v 1.114204 -0.908099 8.150639
v 1.028321 -2.511619 9.497412
v 1.179368 -2.386565 9.300498
v 0.515918 -2.510142 7.991911
v -0.469252 -1.040013 7.328543
v -0.473297 -1.040833 7.323843
v -0.474856 -1.035038 7.306786
v -0.467776 -1.042308 7.32283
v -0.46384 -1.021015 7.299241
v -0.458483 -1.020168 7.287133
v -0.464851 -1.046982 7.321137
v -0.470181 -1.018254 7.277812
v -0.451512 -1.043512 7.338356
v -0.456241 -1.050618 7.322449
v -0.462446 -1.046245 7.331359
v -0.454355 -1.04865 7.31187
v -0.424616 -1.01052 7.365991
v -0.433144 -1.016259 7.362847
v -0.441891 -1.024569 7.359158
v -0.389656 -0.998328 7.368233
v -0.402093 -1.002127 7.368642
v -0.465125 -1.042063 7.301975
v -0.456077 -1.042254 7.298805
v -0.4177 -1.030254 7.350821
v -0.435385 -1.031594 7.352516
v -0.373119 -0.97504 7.327669
v -0.375551 -0.983786 7.33688
v -0.376891 -0.99565 7.3418
v -0.37618 -0.991604 7.359431
v -0.474391 -1.018665 7.267782
v -0.472314 -1.015083 7.263516
v -0.441043 -1.046765 7.313838
v -0.422894 -1.045151 7.314795
v -0.438611 -1.046819 7.329226
v -0.383123 -1.021726 7.351286
v -0.385036 -1.012733 7.35749
v -0.371615 -0.964598 7.308726
v -0.375278 -0.982447 7.313784
v -0.388453 -0.956589 7.263107
v -0.40868 -0.953774 7.249302
v -0.395642 -0.938522 7.240009
v -0.425736 -0.980096 7.257338
v -0.422347 -0.969163 7.257721
v -0.47081 -1.013662 7.259006
v -0.398649 -1.027001 7.350574
v -0.371451 -0.957683 7.29588
v -0.37033 -1.018063 7.308945
v -0.372353 -1.0021 7.317528
v -0.372955 -1.024897 7.328187
v -0.377793 -1.011367 7.349673
v -0.38438 -1.042773 7.333054
v -0.400207 -1.043101 7.334037
v -0.384517 -1.047092 7.3251
v -0.385802 -1.048896 7.308563
v -0.376973 -1.022191 7.347704
v -0.373829 -1.011394 7.296836
v -0.370576 -1.005681 7.286122
v -0.372216 -0.991003 7.295196
v -0.37085 -1.032058 7.313784
v -0.372599 -1.034573 7.323733
v -0.390585 -0.97575 7.253293
v -0.464086 -1.020223 7.258814
v -0.454765 -1.023585 7.257694
v -0.457854 -1.027029 7.267479
v -0.42467 -1.033179 7.294048
v -0.444105 -1.032496 7.29342
v -0.421117 -1.023858 7.28112
v -0.40417 -1.041243 7.299323
v -0.387141 -1.042363 7.296072
v -0.374786 -1.030145 7.339123
v -0.37238 -1.02856 7.295689
v -0.408051 -0.983431 7.252227
v -0.453125 -0.996497 7.247417
v -0.474145 -1.010766 7.2481
v -0.471439 -1.005435 7.241921
v -0.468514 -1.004642 7.247089
v -0.469252 -1.003221 7.240965
v -0.460232 -1.016095 7.253429
v -0.371068 -1.039493 7.300062
v -0.371315 -1.043485 7.307578
v -0.369347 -1.012487 7.275763
v -0.372462 -0.992342 7.265565
v -0.373939 -0.978156 7.272564
v -0.426884 -1.003002 7.249904
v -0.439923 -1.001691 7.250588
v -0.444652 -1.012706 7.249439
v -0.397774 -1.023421 7.279453
v -0.378695 -1.022354 7.278113
v -0.388754 -0.994802 7.245449
v -0.377929 -1.023066 7.27065
v -0.409719 -1.010383 7.247472
v -0.390148 -1.021426 7.253402
v -0.376754 -0.993545 7.253158
v -0.381209 -0.992151 7.247691
v -0.376836 -1.012788 7.253103
v -0.381811 -1.003658 7.247908
v -0.379815 -1.026127 7.388022
v -0.379679 -1.013772 7.385124
v -0.372845 -1.0302 7.405051
v -0.379077 -1.021562 7.397262
v -0.37823 -1.002483 7.37616
v -0.377465 -1.042063 7.379521
v -0.376317 -1.055948 7.372498
v -0.376371 -1.049114 7.367056
v -0.373064 -1.048485 7.397234
v -0.375934 -1.065515 7.368451
v -0.376289 -1.053926 7.359103
v -0.370795 -1.073032 7.385152
v -0.372872 -1.069697 7.375504
v -0.387797 -1.03676 7.35738
v -0.404361 -1.016068 7.366292
v -0.372872 -1.056522 7.453323
v -0.376973 -1.069014 7.415603
v -0.374431 -1.065515 7.403331
v -0.369182 -1.078553 7.439492
v -0.371151 -1.066827 7.44627
v -0.37044 -1.078991 7.454062
v -0.375114 -1.057179 7.468411
v -0.369811 -1.074071 7.428175
v -0.375661 -1.059255 7.430418
v -0.375797 -1.07951 7.410655
v -0.390722 -1.066172 7.363641
v -0.38889 -1.075109 7.375831
v -0.42262 -1.032332 7.36252
v -0.429153 -1.017872 7.368259
v -0.386704 -1.080631 7.388841
v -0.388262 -1.077979 7.38242
v -0.403869 -1.044686 7.357107
v -0.427486 -1.045753 7.360006
v -0.384189 -1.060349 7.475709
v -0.420297 -1.072157 7.377389
v -0.402831 -1.071884 7.371868
v -0.404662 -1.066526 7.364241
v -0.438501 -1.034354 7.363613
v -0.458264 -1.041434 7.362438
v -0.410812 -1.076285 7.466197
v -0.393783 -1.078007 7.464886
v -0.399058 -1.062235 7.474124
v -0.377601 -1.08976 7.458352
v -0.370768 -1.089377 7.455292
v -0.368089 -1.08577 7.443866
v -0.368772 -1.08987 7.421125
v -0.460587 -1.049908 7.362192
v -0.47204 -1.069561 7.397618
v -0.47204 -1.063247 7.378619
v -0.472231 -1.072977 7.382281
v -0.471329 -1.076039 7.391795
v -0.469443 -1.059611 7.370502
v -0.469307 -1.063656 7.368806
v -0.469853 -1.056248 7.369817
v -0.413026 -1.087191 7.461224
v -0.367597 -1.094352 7.433233
v -0.441809 -1.073333 7.368562
v -0.458592 -1.075929 7.368916
v -0.458892 -1.063629 7.363997
v -0.443066 -1.062864 7.363285
v -0.462583 -1.068713 7.410573
v -0.465863 -1.067483 7.40609
v -0.465261 -1.071884 7.402236
v -0.432543 -1.070626 7.472812
v -0.443995 -1.077979 7.471637
v -0.371998 -1.098206 7.424349
v -0.383369 -1.09766 7.430443
v -0.396926 -1.082462 7.404504
v -0.417345 -1.083064 7.412923
v -0.45266 -1.084075 7.386737
v -0.465043 -1.081177 7.376789
v -0.466355 -1.08238 7.417789
v -0.463539 -1.069095 7.415549
v -0.423468 -1.080713 7.465924
v -0.448806 -1.087546 7.466964
v -0.432515 -1.08782 7.464612
v -0.391624 -1.092931 7.455374
v -0.373993 -1.094653 7.452065
v -0.377929 -1.09766 7.439165
v -0.465999 -1.084102 7.381763
v -0.467967 -1.087137 7.431292
v -0.411386 -1.088503 7.435337
v -0.453808 -1.084458 7.399284
v -0.43585 -1.082654 7.398382
v -0.465316 -1.088093 7.444304
v -0.461407 -1.088175 7.457149
v -0.45717 -1.087847 7.464585
v -0.462719 -1.095336 7.427219
v -0.444734 -1.091701 7.460594
v -0.44364 -1.092576 7.455511
v -0.453098 -1.097086 7.429706
v -0.431203 -1.092056 7.435802
v -0.458838 -1.096238 7.444493
v -0.453234 -1.091701 7.461005
v -0.383095 -1.055483 7.356807
v -0.376098 -1.07869 7.382391
v -0.464113 -1.128356 7.573865
v -0.463321 -1.13314 7.559133
v -0.463457 -1.13333 7.567742
v -0.463102 -1.132565 7.549758
v -0.464004 -1.147326 7.542432
v -0.467639 -1.141722 7.525048
v -0.464305 -1.158505 7.536363
v -0.464113 -1.156756 7.546805
v -0.451977 -1.122916 7.584363
v -0.464633 -1.130133 7.583541
v -0.460833 -1.142679 7.56982
v -0.45266 -1.150743 7.5693
v -0.418356 -1.113596 7.584527
v -0.435631 -1.117039 7.584992
v -0.415842 -1.138825 7.571406
v -0.451403 -1.119691 7.50821
v -0.452223 -1.101296 7.518051
v -0.448287 -1.104138 7.514143
v -0.455613 -1.102525 7.523871
v -0.468131 -1.156811 7.514907
v -0.457799 -1.104712 7.509986
v -0.464988 -1.117969 7.493722
v -0.454847 -1.132374 7.501021
v -0.450474 -1.159435 7.534013
v -0.460205 -1.16214 7.526306
v -0.459959 -1.160364 7.521932
v -0.399742 -1.116165 7.580671
v -0.384872 -1.114333 7.578839
v -0.454382 -1.084622 7.473549
v -0.438283 -1.085715 7.474042
v -0.466054 -1.126634 7.48902
v -0.459084 -1.128247 7.494487
v -0.462118 -1.154897 7.513294
v -0.458045 -1.156073 7.516901
v -0.366039 -1.089788 7.54637
v -0.369948 -1.096867 7.561265
v -0.3729 -1.10217 7.573128
v -0.375305 -1.110534 7.570751
v -0.465207 -1.102033 7.483145
v -0.467967 -1.120101 7.478961
v -0.438037 -1.152109 7.525813
v -0.419887 -1.149239 7.526114
v -0.435604 -1.157712 7.540709
v -0.380553 -1.137267 7.567442
v -0.382658 -1.125404 7.573347
v -0.39791 -1.126688 7.575342
v -0.367952 -1.079947 7.52081
v -0.367324 -1.080904 7.525485
v -0.370194 -1.084676 7.526306
v -0.371096 -1.09315 7.528138
v -0.369893 -1.089323 7.536854
v -0.457963 -1.094243 7.470544
v -0.464387 -1.096484 7.472703
v -0.450091 -1.155608 7.559352
v -0.416525 -1.15569 7.555115
v -0.380061 -1.148692 7.561483
v -0.367952 -1.073524 7.507008
v -0.371287 -1.121194 7.547845
v -0.369975 -1.137704 7.539288
v -0.368198 -1.134014 7.530187
v -0.428825 -1.094653 7.469177
v -0.449025 -1.091674 7.470763
v -0.398457 -1.156674 7.531608
v -0.381674 -1.15938 7.52994
v -0.381346 -1.158505 7.544045
v -0.382795 -1.156729 7.52133
v -0.370986 -1.105997 7.52081
v -0.370822 -1.11939 7.513239
v -0.367624 -1.113213 7.502744
v -0.367351 -1.145193 7.514387
v -0.368007 -1.150578 7.522423
v -0.369702 -1.153886 7.531745
v -0.371779 -1.146041 7.552217
v -0.370905 -1.154187 7.540027
v -0.373201 -1.062645 7.48484
v -0.373775 -1.073141 7.482981
v -0.386649 -1.071993 7.474699
v -0.383041 -1.082708 7.468822
v -0.373255 -1.094189 7.471828
v -0.46794 -1.11376 7.475164
v -0.465343 -1.124229 7.472484
v -0.451758 -1.125076 7.47672
v -0.437681 -1.137896 7.501514
v -0.419176 -1.136884 7.501295
v -0.373775 -1.160064 7.529367
v -0.373638 -1.150524 7.555389
v -0.369347 -1.138825 7.509905
v -0.37003 -1.127836 7.502169
v -0.403951 -1.090526 7.467427
v -0.465863 -1.111299 7.4709
v -0.460587 -1.110397 7.46986
v -0.457225 -1.118215 7.472237
v -0.440633 -1.126907 7.488776
v -0.421281 -1.124338 7.490197
v -0.375825 -1.155499 7.514088
v -0.36951 -1.102198 7.479536
v -0.442 -1.104029 7.46904
v -0.376453 -1.143636 7.503536
v -0.394767 -1.130297 7.496376
v -0.369839 -1.112393 7.474507
v -0.385719 -1.101377 7.46136
v -0.396926 -1.125568 7.486369
v -0.372435 -1.127153 7.479127
v -0.390339 -1.117641 7.467017
v -0.377219 -1.122889 7.469369
v -0.38151 -1.111245 7.461934
v -0.381073 -1.155772 7.551835
v -0.374786 -1.133741 7.604014
v -0.373583 -1.128028 7.588134
v -0.371068 -1.140355 7.621728
v -0.374376 -1.111218 7.590486
v -0.372435 -1.156264 7.574111
v -0.372982 -1.142378 7.580808
v -0.369483 -1.164984 7.598413
v -0.374923 -1.148993 7.645427
v -0.368882 -1.177448 7.593519
v -0.366449 -1.1886 7.600598
v -0.371943 -1.182067 7.582832
v -0.383806 -1.153448 7.56736
v -0.373474 -1.154651 7.661225
v -0.375251 -1.164573 7.565638
v -0.417919 -1.127153 7.582421
v -0.369073 -1.17138 7.621208
v -0.369237 -1.191415 7.58972
v -0.374759 -1.172719 7.568398
v -0.378667 -1.154897 7.692932
v -0.39012 -1.158587 7.697252
v -0.377902 -1.154952 7.683995
v -0.371615 -1.167607 7.65338
v -0.369866 -1.180509 7.645507
v -0.385802 -1.187835 7.581737
v -0.384927 -1.192973 7.590402
v -0.420051 -1.154569 7.57097
v -0.399632 -1.140273 7.574303
v -0.451403 -1.127891 7.586631
v -0.419094 -1.161539 7.695421
v -0.370385 -1.185374 7.656632
v -0.374157 -1.198577 7.600489
v -0.383205 -1.197238 7.603907
v -0.465835 -1.143854 7.606147
v -0.464223 -1.160009 7.582066
v -0.4663 -1.164929 7.595542
v -0.371943 -1.189639 7.669808
v -0.375032 -1.1763 7.677216
v -0.384981 -1.178486 7.684323
v -0.368964 -1.193684 7.651824
v -0.375005 -1.192564 7.627359
v -0.416388 -1.183844 7.592316
v -0.39884 -1.186304 7.586987
v -0.418548 -1.178951 7.578184
v -0.453317 -1.140547 7.581164
v -0.456897 -1.124611 7.590676
v -0.412753 -1.190814 7.678802
v -0.428552 -1.183243 7.684159
v -0.449544 -1.191224 7.683995
v -0.434429 -1.163617 7.695421
v -0.450856 -1.167853 7.694627
v -0.395122 -1.191115 7.678281
v -0.369264 -1.20183 7.664642
v -0.368909 -1.196363 7.637772
v -0.370576 -1.202349 7.63646
v -0.371506 -1.196718 7.632689
v -0.396626 -1.191798 7.60437
v -0.414502 -1.187616 7.604781
v -0.440497 -1.164737 7.569738
v -0.456214 -1.166405 7.57157
v -0.467065 -1.155252 7.611588
v -0.454601 -1.189584 7.584527
v -0.454902 -1.177284 7.574276
v -0.436615 -1.185621 7.592864
v -0.45348 -1.189119 7.593163
v -0.460123 -1.175015 7.628123
v -0.467858 -1.178978 7.639796
v -0.465562 -1.170286 7.583569
v -0.369483 -1.2091 7.659641
v -0.377519 -1.209018 7.668824
v -0.375169 -1.215087 7.644416
v -0.373857 -1.20757 7.63534
v -0.384489 -1.215852 7.64458
v -0.395122 -1.192482 7.628644
v -0.434647 -1.189311 7.605684
v -0.45143 -1.192755 7.606419
v -0.462583 -1.176191 7.574878
v -0.465453 -1.19147 7.590758
v -0.459713 -1.189338 7.62129
v -0.468241 -1.180291 7.61011
v -0.469498 -1.188135 7.65114
v -0.431832 -1.202458 7.676942
v -0.44949 -1.203305 7.678338
v -0.392608 -1.206887 7.670246
v -0.378503 -1.215168 7.660049
v -0.46712 -1.191415 7.597892
v -0.468268 -1.183379 7.597374
v -0.464769 -1.173074 7.681015
v -0.411359 -1.206777 7.66404
v -0.459767 -1.194067 7.632278
v -0.441043 -1.193028 7.630911
v -0.462446 -1.202158 7.67112
v -0.466765 -1.196937 7.660515
v -0.463813 -1.204154 7.645726
v -0.449107 -1.204618 7.65368
v -0.445854 -1.20634 7.661553
v -0.46015 -1.205984 7.782068
v -0.460205 -1.205602 7.782643
v -0.46015 -1.205301 7.78196
v -0.462747 -1.20757 7.784283
v -0.460724 -1.204727 7.781276
v -0.463157 -1.220854 7.794861
v -0.467858 -1.21905 7.807106
v -0.460806 -1.211205 7.780318
v -0.460123 -1.207269 7.781603
v -0.464332 -1.211889 7.760448
v -0.462391 -1.203606 7.775344
v -0.460314 -1.222631 7.799698
v -0.46302 -1.228262 7.773541
v -0.464195 -1.241764 7.76791
v -0.463594 -1.232635 7.790188
v -0.453836 -1.197757 7.739619
v -0.458619 -1.205165 7.749952
v -0.464578 -1.253026 7.762415
v -0.464195 -1.254283 7.780402
v -0.468842 -1.248461 7.744265
v -0.452715 -1.246111 7.792647
v -0.461927 -1.190404 7.724613
v -0.464086 -1.191388 7.736995
v -0.41934 -1.211752 7.804346
v -0.43298 -1.212408 7.805274
v -0.43749 -1.216426 7.804209
v -0.468377 -1.188053 7.727264
v -0.46179 -1.182313 7.721251
v -0.460423 -1.179716 7.716057
v -0.45717 -1.223041 7.727372
v -0.462227 -1.229464 7.738307
v -0.461899 -1.259449 7.767827
v -0.46261 -1.176874 7.706929
v -0.45676 -1.174305 7.705288
v -0.448014 -1.177174 7.695995
v -0.45892 -1.233564 7.722017
v -0.463567 -1.240972 7.732731
v -0.451594 -1.259121 7.745661
v -0.452223 -1.259149 7.784009
v -0.416498 -1.244525 7.789093
v -0.40007 -1.220854 7.798551
v -0.395013 -1.208499 7.805411
v -0.405837 -1.208964 7.804455
v -0.46384 -1.199069 7.708485
v -0.466109 -1.213145 7.703347
v -0.466929 -1.228808 7.70958
v -0.458319 -1.259859 7.739592
v -0.369483 -1.185101 7.764767
v -0.372736 -1.191278 7.77499
v -0.371861 -1.195706 7.770589
v -0.374267 -1.195762 7.780702
v -0.375524 -1.197265 7.787154
v -0.375442 -1.20336 7.786799
v -0.45154 -1.190513 7.690062
v -0.455011 -1.204154 7.684241
v -0.438283 -1.253764 7.748394
v -0.420133 -1.250374 7.749978
v -0.436971 -1.256279 7.757224
v -0.380799 -1.24428 7.78494
v -0.396407 -1.244471 7.787125
v -0.380772 -1.191962 7.736231
v -0.381455 -1.183243 7.740904
v -0.378394 -1.185402 7.746453
v -0.38643 -1.173594 7.694928
v -0.400288 -1.174851 7.695529
v -0.423386 -1.20224 7.684104
v -0.457799 -1.215387 7.679128
v -0.465535 -1.236735 7.705206
v -0.435686 -1.259422 7.77816
v -0.370139 -1.184801 7.721278
v -0.376344 -1.179798 7.734235
v -0.36757 -1.231023 7.7435
v -0.370194 -1.23914 7.761897
v -0.372708 -1.227032 7.776248
v -0.443995 -1.214048 7.67902
v -0.467229 -1.232963 7.699765
v -0.398703 -1.256579 7.755692
v -0.38192 -1.261691 7.752522
v -0.381619 -1.258712 7.76925
v -0.383041 -1.260078 7.743172
v -0.382822 -1.218804 7.72084
v -0.373583 -1.22479 7.731419
v -0.370959 -1.248707 7.767062
v -0.369948 -1.25207 7.756047
v -0.374267 -1.176273 7.702172
v -0.386485 -1.199943 7.680059
v -0.40335 -1.200791 7.681781
v -0.458865 -1.225173 7.67798
v -0.464605 -1.226376 7.680415
v -0.467831 -1.228343 7.689051
v -0.461325 -1.238895 7.692142
v -0.450692 -1.236926 7.693862
v -0.441016 -1.236544 7.717315
v -0.40089 -1.25319 7.740851
v -0.38438 -1.254584 7.73079
v -0.374267 -1.263358 7.746288
v -0.396872 -1.258001 7.7757
v -0.383751 -1.230503 7.714826
v -0.369565 -1.213009 7.70783
v -0.369811 -1.199178 7.714362
v -0.460861 -1.234111 7.679785
v -0.454874 -1.237801 7.710344
v -0.376071 -1.259285 7.735519
v -0.368308 -1.254776 7.733633
v -0.367597 -1.244307 7.737433
v -0.37003 -1.225692 7.702006
v -0.373611 -1.203305 7.687492
v -0.435003 -1.231241 7.697252
v -0.377765 -1.245946 7.724558
v -0.36962 -1.240671 7.730874
v -0.385993 -1.222002 7.673389
v -0.405154 -1.219979 7.67615
v -0.39884 -1.233783 7.710399
v -0.380772 -1.237856 7.697115
v -0.386075 -1.23709 7.691731
v -0.371889 -1.231023 7.689215
v -0.381783 -1.232061 7.67727
v -0.464551 -1.270875 7.911304
v -0.410703 -1.294902 7.975402
v -0.3565 -1.246576 7.894547
v -0.399113 -1.525519 7.604206
v -0.421144 -1.525928 7.603551
v -0.447494 -1.530138 7.612761
v -0.442875 -1.527896 7.605956
v -0.430165 -1.528607 7.612435
v -0.416908 -1.476235 7.49211
v -0.411031 -1.4767 7.492575
v -0.405755 -1.475607 7.491345
v -0.397118 -1.475497 7.491071
v -0.416525 -1.476836 7.495883
v -0.406493 -1.476946 7.493449
v -0.406329 -1.476372 7.495472
v -0.371123 -1.479023 7.504466
v -0.370003 -1.492116 7.532482
v -0.365164 -1.50305 7.553721
v -0.258371 -1.500781 7.523435
v -0.377219 -1.475087 7.492028
v -0.379187 -1.544106 7.649417
v -0.36962 -1.549108 7.656415
v -0.361201 -1.547003 7.647202
v -0.368089 -1.540853 7.637663
v -0.487566 -1.624303 7.819408
v -0.428634 -1.597379 7.761539
v -0.387688 -1.580022 7.727372
v -0.408079 -1.578464 7.72423
v -0.454683 -1.578328 7.722425
v -0.449025 -1.527787 7.606038
v -0.390503 -1.527541 7.606966
v -0.389164 -1.525737 7.603961
v -0.430411 -1.477875 7.495062
v -0.449052 -1.478094 7.498587
v -0.390804 -1.476017 7.491373
v -0.453016 -1.531942 7.614484
v -0.453262 -1.532379 7.619077
v -0.374075 -1.472162 7.481804
v -0.387414 -1.527514 7.608963
v -0.372955 -1.524343 7.598303
v -0.37864 -1.522949 7.597263
v -0.411577 -1.340194 7.12928
v -0.367488 -1.323657 7.048645
v -0.281604 -1.304715 6.881414
v -0.483602 -1.254366 6.861051
v -0.415459 -1.428346 7.388567
v -0.403268 -1.428838 7.387449
v -0.427677 -1.428647 7.388431
v -0.387879 -1.429002 7.386219
v -0.443804 -1.42851 7.387476
v -0.421992 -1.385869 7.267972
v -0.435686 -1.386416 7.269038
v -0.408325 -1.386881 7.266277
v -0.451868 -1.385924 7.269638
v -0.42508 -1.387509 7.268027
v -0.388043 -1.388056 7.263708
v -0.457225 -1.535113 7.629928
v -0.455585 -1.534866 7.625609
v -0.459521 -1.436027 7.406965
v -0.458319 -1.434523 7.402346
v -0.460314 -1.438432 7.411011
v -0.457006 -1.4322 7.39718
v -0.459603 -1.439936 7.414291
v -0.462555 -1.564032 7.694382
v -0.3606 -1.364795 7.192203
v -0.327744 -1.364548 7.165333
v -0.465999 -1.407518 7.338356
v -0.468432 -1.39981 7.313264
v -0.467147 -1.394671 7.301646
v -0.466081 -1.393632 7.297082
v -0.464059 -1.389915 7.288828
v -0.468596 -1.386853 7.276774
v -0.424616 -1.388056 7.26953
v -0.406603 -1.388821 7.268355
v -0.430438 -1.426132 7.38261
v -0.404553 -1.426405 7.381134
v -0.374403 -1.420912 7.362575
v -0.375005 -1.422551 7.367029
v -0.373802 -1.419681 7.35842
v -0.374021 -1.423645 7.370201
v -0.460013 -1.423754 7.379001
v -0.268758 -2.077282 9.298147
v -0.19676 -2.067688 9.298147
v -0.138429 -2.020755 9.277591
v -0.127332 -2.102757 9.383538
v -0.293522 -2.109836 9.328597
v -0.281249 -2.134793 9.387173
v -0.263345 -2.184923 9.468519
v -0.43421 -2.044098 9.201384
v -0.39105 -2.040326 9.214724
v -0.334878 -2.034914 9.223935
v -0.348955 -2.060361 9.247087
v -0.356636 -2.070776 9.251297
v -0.368444 -2.088926 9.275269
v -0.361884 -2.108087 9.294949
v -0.051234 -2.397007 9.713022
v -0.100845 -2.417371 9.706899
v -0.529004 -2.02491 9.15888
v -0.339716 -2.158327 9.334475
v -0.340673 -2.245686 9.371373
v -0.342833 -2.413489 9.500117
v -0.430465 -2.502024 9.643512
v -0.419723 -2.508065 9.682055
v -0.396954 -2.49776 9.685386
v -0.452114 -2.525586 9.692575
v -0.204523 -2.538979 9.593736
v -0.305002 -2.552892 9.611997
v -0.397692 -2.550706 9.59789
v -0.578287 -2.564045 9.620333
v -0.730947 -2.54748 9.604315
v -0.649574 -2.550651 9.60016
v -0.795455 -2.529822 9.574903
v -0.85529 -2.51088 9.538057
v -0.92685 -2.498634 9.520836
v -0.974575 -2.473296 9.469777
v -1.031949 -2.450472 9.439382
v -1.063984 -2.414911 9.383347
v -1.109386 -2.3858 9.347567
v -1.130378 -2.346904 9.292378
v -1.165366 -2.31987 9.251843
v -1.176464 -2.284965 9.196055
v -1.23094 -2.233905 9.109406
v -1.205082 -2.259736 9.153797
v -1.223533 -2.19859 9.054382
v -1.209647 -2.163438 8.999223
v -1.21935 -2.129189 8.952019
v -1.198085 -2.090511 8.89784
v -1.204153 -1.99148 8.797853
v -1.202567 -2.044426 8.848886
v -1.176409 -1.860496 8.693546
v -1.17783 -1.933341 8.745835
v -1.137649 -1.693267 8.588913
v -1.144018 -1.78746 8.641749
v -1.105231 -1.61613 8.538618
v -1.070982 -1.541919 8.488323
v -1.073332 -1.331365 8.39815
v -1.071966 -1.43712 8.442456
v -1.049279 -1.259723 8.358816
v -1.039684 -1.180618 8.32328
v -1.001936 -1.066964 8.269736
v -0.999039 -0.983431 8.215586
v -1.001007 -1.007048 8.251368
v -0.96386 -0.933383 8.217527
v -0.945 -0.921656 8.199076
v -0.925811 -0.917665 8.209352
v -0.924745 -0.956781 8.15086
v -0.844137 -0.964953 8.175323
v -0.853431 -1.051219 8.140635
v -0.821833 -1.106981 8.13629
v -0.819837 -1.208007 8.125247
v -0.831317 -1.282 8.138859
v -0.914303 -1.304387 8.176062
v -0.924964 -1.360749 8.203477
v -1.074972 -1.503842 8.320657
v -1.00672 -1.447097 8.282965
v -1.102744 -1.581444 8.381039
v -1.222166 -1.812525 8.526291
v -1.264041 -1.94698 8.633959
v -1.230093 -1.862929 8.598233
v -1.211642 -1.837809 8.623792
v -1.297225 -2.074302 8.747149
v -1.292606 -2.150564 8.910415
v -1.316632 -2.232183 8.971533
v -1.291321 -2.248064 9.064934
v -1.298701 -2.308144 9.134417
v -1.252124 -2.308445 9.210186
v -1.276205 -2.333127 9.209147
v -1.248106 -2.352753 9.2783
v -1.192345 -2.346002 9.334666
v -1.14298 -2.396023 9.446708
v -1.097797 -2.411549 9.490905
v -1.027739 -2.407039 9.507879
v -0.975012 -2.452632 9.566157
v -0.885111 -2.456267 9.562765
v -0.731412 -2.520885 9.637115
v -0.736578 -2.530041 9.657806
v -0.644709 -2.531107 9.65051
v -0.337502 -2.483957 9.69777
v -0.270616 -2.435384 9.670218
v -0.208431 -2.417808 9.675985
v -0.156251 -2.423849 9.694599
v -0.58031 -1.180536 7.978027
v -0.639707 -1.13221 8.069868
v -0.670375 -1.086754 8.095534
v -0.637821 -1.119336 8.041196
v -0.702247 -1.061087 8.136755
v -0.757188 -1.005845 8.175104
v -0.708534 -1.055101 8.13957
v -0.734309 -1.212572 8.142413
v -0.71646 -1.338445 8.193799
v -0.101638 -2.487592 9.52204
v -0.045849 -2.467829 9.504737
v -0.15524 -2.482836 9.507879
v -0.228522 -2.496748 9.51526
v -0.03497 -2.421389 9.432601
v -0.890304 -1.068905 8.225533
v -0.708151 -1.349843 8.171796
v -0.746391 -1.210385 8.191449
v -0.758008 -1.273198 8.196562
v -0.766454 -1.092248 8.187815
v -0.631151 -1.420884 8.059099
v -0.645228 -1.244006 8.097393
v -0.91608 -1.177366 8.248413
v -0.945109 -1.131499 8.256421
v -0.705828 -1.54006 8.181935
v -0.709818 -1.439689 8.174747
v -0.763694 -1.446113 8.205772
v -0.817377 -1.261281 8.21523
v -0.596601 -1.636385 8.083754
v -0.757434 -1.546866 8.221518
v -0.74978 -1.636139 8.252842
v -0.814972 -1.437503 8.243193
v -0.606223 -1.794129 8.200552
v -0.522171 -1.821955 8.145666
v -1.134424 -2.017557 8.794601
v -1.07254 -2.049155 8.796433
v -0.930403 -2.002633 8.735806
v -0.893666 -2.046039 8.79236
v -0.798353 -2.065063 8.813899
v -0.955851 -2.106502 8.845962
v -1.033862 -2.119622 8.874062
v -0.903425 -2.162318 8.884311
v -1.043538 -1.669459 8.533096
v -0.884428 -1.92115 8.605696
v -0.751202 -1.966196 8.667798
v -0.708834 -1.916038 8.511613
v -0.663624 -2.023844 8.713063
v -0.594934 -1.966333 8.575737
v -1.021398 -1.895565 8.653367
v -0.555955 -2.535262 9.553527
v -0.626286 -2.521294 9.532153
v -0.694238 -2.50268 9.51075
v -0.606988 -2.405863 9.489047
v -0.67617 -2.392306 9.431481
v -0.477589 -2.531271 9.559706
v -0.474145 -2.47633 9.52715
v -0.472013 -2.437407 9.498805
v -0.396188 -2.413407 9.420959
v -1.153804 -2.244456 9.121214
v -1.145029 -2.216658 9.06652
v -1.096758 -2.253722 9.088441
v -1.072868 -2.240794 9.037818
v -1.032741 -2.293138 9.104569
v -1.009098 -2.276546 9.054245
v -1.131991 -2.303634 9.224537
v -1.07981 -2.297183 9.186953
v -1.057041 -2.324435 9.230714
v -1.143417 -2.132934 8.932226
v -1.013198 -2.15983 8.916127
v -1.067647 -2.171502 8.965437
v -1.00702 -2.201842 8.95844
v -1.17906 -2.191811 9.035057
v -0.953473 -2.464331 9.433831
v -0.898997 -2.484885 9.469887
v -0.838288 -2.500165 9.500856
v -0.830771 -2.45583 9.448784
v -0.882378 -2.436013 9.404505
v -0.917939 -2.417399 9.354729
v -0.768176 -2.504183 9.507745
v -0.757352 -2.447848 9.462889
v -1.065488 -2.360243 9.303393
v -1.01932 -2.356061 9.259906
v -0.95924 -2.355487 9.215842
v -0.972415 -2.413626 9.349289
v -0.94243 -2.392415 9.299322
v -0.747785 -1.742687 8.367781
v -0.549286 -1.909888 8.389294
v -0.929419 -1.570455 8.417311
v -0.306752 -2.519709 9.537184
v -0.317002 -2.482726 9.49118
v -0.243966 -2.472449 9.485273
v -0.441071 -0.864856 4.061261
v -0.430575 -0.783401 3.926943
v -0.526462 -0.68776 4.028051
v -0.556584 -0.791875 4.223652
v -0.292893 -0.823692 3.872549
v -0.146028 -0.739503 3.803556
v -0.510827 -0.548712 3.934186
v -0.591572 -0.543901 4.200993
v -0.409883 -0.637273 3.827392
v -0.275318 -0.567272 3.734976
v -0.139741 -0.568119 3.709829
v -0.496067 -0.403923 3.939325
v -0.394658 -0.471658 3.80517
v -0.479694 -0.269604 4.098546
v -0.554042 -0.264794 4.338537
v -0.324519 -0.334031 3.828704
v -0.131814 -0.244922 3.771193
v -0.374431 -0.110029 4.208728
v -0.259409 -0.102129 4.062027
v -0.449052 -0.936444 4.308934
v -0.453535 -1.006584 4.653698
v -0.463567 -0.104809 4.745266
v -0.507192 -0.135314 4.55218
v -0.370604 -0.021713 4.654463
v -0.603763 -0.912691 4.742069
v -0.614177 -0.431695 4.752893
v -0.650121 -0.668435 4.784846
v -0.313039 -1.152191 5.501734
v -0.312574 -1.090089 5.038424
v -0.530945 -0.283573 5.340982
v -0.538079 -0.23377 5.043206
v -0.363196 -0.050578 4.963829
v -0.354094 -0.120197 5.298861
v -0.184104 -0.044892 5.302906
v -0.642221 -0.702492 5.468933
v -0.645392 -0.633638 5.11094
v -0.659278 -0.811063 5.133901
v -0.299208 -1.225064 6.295375
v -0.308364 -1.192153 5.922596
v -0.442793 -0.267582 5.636491
v -0.433991 -0.385938 5.948042
v -0.584 -1.100584 5.892856
v -0.543874 -1.139918 6.243276
v -0.537396 -0.51039 6.00476
v -0.610186 -0.85231 6.159142
v -0.628472 -0.774408 5.82288
v -0.623088 -0.945026 5.856884
v -0.286169 -1.261882 6.603621
v -0.428251 -0.51572 6.256806
v -0.4256 -0.641429 6.546411
v -0.527829 -0.694074 6.626991
v -0.574269 -0.862861 6.712601
v -0.580365 -1.016341 6.756007
v -0.263181 -1.395053 7.220328
v -0.425982 -0.763038 6.811112
v -0.425572 -0.862424 7.028964
v -0.23869 -0.756341 6.970633
v -0.286142 -0.682075 6.770521
v -0.554479 -0.898369 7.169979
v -0.573531 -1.026428 7.269612
v -0.573285 -1.194968 7.300227
v -0.572656 -1.109031 7.041264
v -0.507028 -1.338773 7.227572
v -0.1375 -1.508981 7.373098
v -0.194847 -1.501163 7.448048
v -0.138429 -1.535686 7.438727
v -0.139222 -1.602053 7.592535
v -0.329494 -1.010082 7.409944
v -0.240084 -1.041926 7.489212
v -0.248066 -0.934749 7.317829
v -0.56022 -0.971295 7.38313
v -0.518781 -0.989608 7.33494
v -0.580255 -1.108184 7.53333
v -0.590779 -1.173184 7.760886
v -0.560575 -1.379801 7.544891
v -0.558415 -1.525491 7.796063
v -0.530125 -1.403937 7.45961
v -0.579271 -1.035038 7.575887
v -0.587389 -1.053816 7.673636
v -0.39187 -1.781173 8.025861
v -0.277614 -1.663883 7.86418
v -0.264138 -1.109332 7.664067
v -0.240467 -1.178186 7.780373
v -0.340181 -1.121304 7.635531
v -0.122084 -1.162824 7.762115
v -0.238799 -1.06833 7.579496
v -0.531218 -1.062399 7.575533
v -0.563718 -1.043785 7.625198
v -0.574706 -1.05767 7.692085
v -0.593458 -1.055237 7.735383
v -0.612127 -1.295011 7.963374
v -0.612318 -1.109031 7.838021
v -0.605102 -1.077296 7.775563
v -0.606769 -1.072813 7.806451
v -0.636345 -1.099929 7.956405
v -0.119788 -1.235915 7.899332
v -0.238472 -1.266037 7.960478
v -0.188204 -1.959718 8.416845
v -0.378394 -1.99107 8.594898
v -0.480022 -1.967645 8.446748
v -0.501861 -1.981394 8.549469
v -0.571864 -2.007416 8.656181
v -0.195721 -2.022368 8.720198
v -0.094011 -2.035734 8.762539
v -0.295435 -2.038002 8.720827
v -0.536712 -2.051068 8.752096
v -0.544612 -2.119513 8.843964
v -0.667396 -2.129681 8.857469
v -0.738738 -2.149471 8.871217
v -0.740952 -2.093217 8.822562
v -0.811063 -2.169123 8.886661
v -0.094121 -2.101827 9.007778
v -0.229178 -2.116451 8.964618
v -0.218436 -2.21991 9.139391
v -0.097128 -2.205177 9.137013
v -0.317658 -2.22196 9.054738
v -0.391104 -2.194872 8.946223
v -0.404006 -2.313201 9.093881
v -0.541687 -2.225049 8.94182
v -0.539364 -2.285566 9.007477
v -0.790262 -2.32162 9.084613
v -0.729717 -2.294532 9.004853
v -0.769707 -2.253613 8.937967
v -0.852392 -2.382575 9.388268
v -0.817733 -2.404005 9.401168
v -0.777853 -2.373746 9.397286
v -0.722747 -2.387631 9.390262
v -0.719495 -2.357373 9.357598
v -0.669145 -2.319187 9.237083
v -0.708151 -2.320745 9.271223
v -0.700579 -2.337446 9.311105
v -0.899625 -2.392661 9.320915
v -0.776294 -2.320636 9.244244
v -0.73841 -2.313037 9.244544
v -0.886095 -2.341738 9.188976
v -0.879918 -2.340371 9.255042
v -0.886997 -2.36355 9.254248
v -0.895252 -2.362238 9.281255
v -0.84001 -2.32859 9.140183
v -0.880355 -2.326486 9.1272
v -0.663706 -2.310631 9.157924
v -0.682156 -2.055988 8.762456
v -1.042636 -2.039096 9.216008
v -1.006091 -1.990168 9.212919
v -0.963231 -2.080042 9.270349
v -1.039438 -1.88988 9.144447
v -1.061032 -1.801701 9.043859
v -1.103646 -1.783223 8.915689
v -0.821751 -1.607821 8.680181
v -0.818799 -1.69529 8.903964
v -0.877211 -1.670907 8.860968
v -0.809095 -1.740199 9.008926
v -0.924335 -1.707617 8.983397
v -0.903124 -1.803067 9.126434
v -0.886177 -1.907729 9.182442
v -0.840693 -1.844369 9.142234
v -0.76465 -1.950917 9.170526
v -0.732314 -2.171064 9.262093
v -0.82719 -2.1545 9.280354
v -0.979905 -1.6998 8.932308
v -1.030719 -1.675828 8.755868
v -1.003767 -1.640868 8.696471
v -0.599854 -1.425804 8.249834
v -0.71523 -1.502722 8.419415
v -0.737098 -1.42564 8.305133
v -0.594469 -1.551376 8.432616
v -0.712688 -1.566519 8.534245
v -0.65403 -1.635784 8.631882
v -0.59302 -1.68042 8.671871
v -0.650886 -1.68903 8.74704
v -0.582305 -1.760071 8.8394
v -0.702875 -1.721967 8.872885
v -0.568447 -1.815668 8.938951
v -0.557978 -1.878919 9.024069
v -0.553441 -1.947145 9.094236
v -0.57867 -2.016819 9.152866
v -0.548302 -2.071022 9.181568
v -0.582907 -2.130911 9.211033
v -0.447002 -2.264628 9.293911
v -0.44826 -2.191729 9.254031
v -0.470619 -1.381004 8.138066
v -0.60871 -1.302364 8.121585
v -0.467667 -1.521391 8.331699
v -0.467448 -1.564907 8.392791
v -0.470482 -1.686707 8.576011
v -0.443859 -1.857025 8.911152
v -0.439021 -1.917843 9.007368
v -0.348709 -1.427936 8.176169
v -0.332364 -1.659509 8.487778
v -0.333894 -1.715981 8.540942
v -0.333402 -1.78817 8.663972
v -0.393537 -1.858173 8.843174
v -0.324027 -1.922708 9.012479
v -0.419586 -1.98861 9.082563
v -0.451594 -1.970925 9.075021
v -0.445198 -1.948129 9.055833
v -0.402667 -1.999845 9.113888
v -0.412971 -2.02316 9.154561
v -0.233579 -1.357879 8.091599
v -0.227729 -1.426706 8.155724
v -0.19635 -1.611101 8.411598
v -0.195093 -1.694333 8.540806
v -0.196377 -1.767178 8.66501
v -0.186838 -1.870063 8.904019
v -0.254325 -1.880532 8.826471
v -0.166064 -1.939819 8.944501
v -0.149418 -1.965759 9.150981
v -0.320993 -2.01209 9.177003
v -0.10325 -1.489273 8.305788
v -0.093656 -1.564551 8.436362
v -0.090595 -1.648822 8.55983
v -0.091633 -1.783031 8.803374
v -0.531081 -2.352972 9.333599
v -0.302515 -2.12785 8.869442
v -0.309239 -2.30675 9.215899
v -0.109619 -2.280728 9.196572
v -0.34942 -2.35166 9.255724
v -0.373201 -2.368907 9.283934
v -0.362076 -2.364889 9.288006
v -0.385528 -2.386648 9.320589
v -0.384161 -2.383121 9.313234
v -0.385856 -2.39083 9.325835
v -0.381592 -2.37719 9.307878
v -0.36183 -2.415129 9.374516
v -0.373064 -2.400506 9.355904
v -0.231228 -2.424778 9.391548
v -0.24536 -2.420569 9.385041
v -0.294561 -2.417152 9.380476
v -0.240959 -2.415157 9.380531
v -0.280101 -2.402556 9.357762
v -0.300055 -2.401435 9.364377
v -0.336354 -2.407202 9.37788
v -0.306123 -2.436203 9.413169
v -0.042132 -2.290405 9.195835
v -0.063261 -2.312545 9.229977
v -0.04287 -2.335451 9.271605
v -0.029968 -2.402036 9.394279
v -0.070559 -2.417918 9.419153
v -0.222918 -2.310085 9.225493
v -0.22926 -2.303416 9.224401
v -0.692215 -2.010614 9.171618
v -0.718838 -1.857189 9.104896
v -0.708287 -1.90177 9.130153
v -0.767821 -1.587867 8.609221
v -0.712552 -1.382124 8.239503
v -0.588428 -1.245318 8.044641
v -0.068864 -2.219281 9.577583
v -0.754919 -1.057725 8.16201
v -0.804312 -1.359191 8.206839
v -0.123778 -2.29445 9.614319
v -1.205246 -1.915273 8.856074
v -1.173894 -1.808015 8.758739
v -1.108949 -1.697722 8.647463
v -0.983212 -1.539513 8.462055
v -0.933793 -1.484545 8.40121
v -0.478655 -2.44167 9.422078
v -0.656353 -2.414391 9.395265
v -1.065132 -2.139767 9.258375
v -1.193602 -2.106556 9.116021
v -0.820165 -2.344526 9.408848
v -0.7787 -2.263043 9.332588
v -0.788075 -1.464728 8.380546
v -0.21357 -2.248474 9.549755
v -0.832056 -1.078936 8.210256
v -0.903643 -0.925018 8.212141
v -0.869312 -1.339593 8.257817
v -0.917256 -1.257481 8.269241
v -0.891234 -1.725603 8.458555
v -0.946694 -0.989554 8.235648
v -0.777005 -2.442627 9.496809
v -1.193848 -2.223327 9.091611
v -1.089077 -2.375386 9.326575
v -0.302761 -2.53734 9.57698
v -0.815519 -2.272528 9.265865
v -0.376973 -2.388998 9.397478
v -0.376043 -2.379349 9.41888
v -0.374212 -2.369673 9.438177
v -0.389164 -2.351824 9.408932
v -0.390776 -2.36355 9.38239
v -0.380389 -2.342913 9.450534
v -0.387141 -2.346138 9.378071
v -0.372927 -2.318559 9.454907
v -0.375961 -2.318722 9.436646
v -0.386758 -2.389845 9.328543
v -0.387469 -2.388096 9.336824
v -0.376563 -2.34458 9.345954
v -0.367242 -2.315005 9.416475
v -0.341575 -2.310467 9.417213
v -0.350185 -2.307024 9.436237
v -0.341575 -2.305274 9.452638
v -0.322469 -2.327306 9.370446
v -0.32307 -2.318668 9.394773
v -0.323972 -2.312408 9.416448
v -0.324792 -2.308554 9.435226
v -0.36019 -2.349227 9.318865
v -0.322933 -2.348817 9.31966
v -0.308556 -2.362402 9.296861
v -0.313968 -2.340672 9.344504
v -0.301258 -2.330722 9.399092
v -0.295381 -2.348024 9.375555
v -0.297212 -2.343268 9.430253
v -0.302761 -2.329382 9.44504
v -0.310223 -2.318559 9.454907
v -0.30615 -2.38878 9.398024
v -0.301258 -2.373827 9.416666
v -0.303608 -2.364425 9.43632
v -0.298333 -2.371122 9.314274
v -0.299481 -2.366693 9.305307
v -0.293167 -2.371613 9.36126
v -0.292893 -2.378939 9.33327
v -0.297021 -2.374894 9.323076
v -0.341575 -2.375823 9.443837
v -0.332965 -2.365026 9.459882
v -0.325339 -2.354886 9.469887
v -0.365629 -2.363769 9.455207
v -0.357812 -2.354886 9.469887
v -0.316455 -2.320035 9.468985
v -0.324929 -2.312463 9.469558
v -0.35885 -2.323862 9.477949
v -0.350295 -2.322741 9.480656
v -0.350021 -2.311096 9.472073
v -0.317166 -2.339906 9.474315
v -0.333238 -2.34551 9.479425
v -0.787037 -1.911884 9.409341
v -0.777142 -1.938179 9.423718
v -0.76886 -1.967317 9.436646
v -0.814179 -1.87419 9.375585
v -0.841841 -1.919401 9.356889
v -0.852037 -1.947527 9.351995
v -0.860674 -1.976966 9.348769
v -0.841787 -1.911857 9.409341
v -0.851982 -1.938179 9.423692
v -0.860538 -1.967289 9.436646
v -0.825632 -1.897178 9.404966
v -0.814562 -1.936785 9.435092
v -0.801524 -1.96636 9.450096
v -0.8639 -1.942798 9.387884
v -0.875134 -1.9721 9.392803
v -0.786982 -1.919428 9.356889
v -0.771074 -1.947445 9.359294
v -0.756997 -1.97579 9.36845
v -0.765197 -1.942798 9.387884
v -0.803519 -1.949987 9.340844
v -0.788895 -1.979262 9.337562
v -0.730647 -2.123339 9.39961
v -0.72928 -2.175301 9.389306
v -0.734993 -2.119185 9.365935
v -0.732834 -2.097454 9.385015
v -0.733763 -2.074658 9.402863
v -0.7503 -2.138291 9.333462
v -0.779055 -2.159584 9.312033
v -0.779438 -2.113663 9.322721
v -0.879781 -2.115549 9.338082
v -0.849604 -2.071979 9.328762
v -0.851217 -2.113663 9.322721
v -0.744423 -2.024965 9.430853
v -0.746938 -1.998888 9.411529
v -0.7383 -2.076106 9.435855
v -0.889566 -2.025839 9.400431
v -0.882897 -2.001184 9.382963
v -0.896509 -2.074658 9.402863
v -0.8923 -2.073591 9.370253
v -0.880218 -2.028026 9.357133
v -0.846297 -2.023379 9.467753
v -0.829678 -1.994897 9.461905
v -0.814945 -2.022723 9.471417
v -0.849276 -2.077664 9.476172
v -0.876801 -2.076926 9.461768
v -0.885466 -2.024965 9.430853
v -0.74404 -2.027643 9.370526
v -0.772987 -2.004737 9.339367
v -0.78321 -2.02942 9.332179
v -0.84668 -2.02942 9.332179
v -0.735457 -2.127795 9.433723
v -0.734063 -2.182353 9.423692
v -0.74281 -2.102839 9.450206
v -0.895662 -2.119185 9.365935
v -0.890113 -2.140478 9.346172
v -0.880792 -2.187875 9.450915
v -0.86554 -2.104534 9.470898
v -0.881503 -2.249649 9.434159
v -0.897575 -2.30973 9.379411
v -0.89107 -2.192385 9.332479
v -0.881612 -2.217915 9.31053
v -0.889621 -2.355432 9.371731
v -0.896072 -2.327934 9.290357
v -0.897712 -2.288928 9.311459
v -0.749671 -2.189405 9.319822
v -0.85231 -2.309402 9.252034
v -0.743521 -2.274496 9.279696
v -0.749534 -2.249649 9.434159
v -0.749343 -2.282041 9.422544
v -0.749206 -2.315223 9.408302
v -0.704652 -2.319351 9.311157
v -0.721599 -2.282915 9.309273
v -0.868218 -2.319898 9.415683
v -0.815519 -2.356553 9.409425
v -0.815519 -2.321374 9.427408
v -0.779274 -2.191018 9.465978
v -0.895197 -2.127768 9.433723
v -0.798025 -1.896522 9.363666
v -0.851873 -2.159584 9.312033
v -0.852228 -2.214006 9.295222
v -0.120525 -2.33884 9.687327
v -0.119405 -2.358739 9.647885
v -0.118311 -2.376233 9.60948
v -0.146793 -2.359997 9.650672
v -0.146766 -2.37801 9.611693
v -0.146875 -2.294832 9.767007
v -0.146848 -2.317356 9.730298
v -0.122111 -2.295598 9.76173
v -0.122958 -2.25487 9.817519
v -0.101938 -2.262387 9.793303
v -0.134602 -2.23601 9.84168
v -0.146985 -2.193096 9.840588
v -0.134247 -2.198098 9.850456
v -0.100736 -2.220375 9.816809
v -0.110603 -2.207118 9.830476
v -0.122603 -2.194463 9.817136
v -0.101774 -2.206981 9.791279
v -0.14693 -2.18864 9.803798
v -0.146957 -2.190198 9.824434
v -0.146875 -2.190717 9.748474
v -0.146821 -2.200339 9.678144
v -0.118257 -2.218653 9.601882
v -0.106941 -2.215509 9.636241
v -0.121263 -2.198727 9.710807
v -0.195147 -2.33731 9.679482
v -0.193671 -2.31823 9.713979
v -0.192714 -2.29896 9.744976
v -0.199083 -2.372379 9.605024
v -0.197115 -2.355732 9.642281
v -0.215784 -2.35032 9.626837
v -0.192332 -2.26266 9.792702
v -0.199521 -2.267526 9.775014
v -0.204987 -2.274414 9.752521
v -0.204659 -2.288765 9.73817
v -0.20958 -2.284883 9.723791
v -0.213871 -2.297129 9.693041
v -0.209088 -2.309183 9.700693
v -0.215894 -2.280209 9.694436
v -0.218381 -2.309429 9.664422
v -0.222836 -2.321429 9.637171
v -0.227046 -2.332854 9.61052
v -0.230709 -2.343405 9.583541
v -0.226035 -2.303907 9.635283
v -0.201106 -2.230653 9.789613
v -0.193698 -2.220758 9.816041
v -0.192086 -2.204931 9.775043
v -0.199138 -2.212065 9.739754
v -0.199138 -2.213241 9.75826
v -0.199657 -2.212749 9.716848
v -0.204823 -2.220785 9.702553
v -0.204359 -2.22084 9.721795
v -0.227866 -2.277203 9.602181
v -0.223602 -2.269084 9.627712
v -0.216522 -2.245495 9.634545
v -0.222836 -2.259053 9.581627
v -0.217616 -2.253668 9.652778
v -0.213625 -2.24011 9.65636
v -0.21081 -2.233933 9.624598
v -0.212641 -2.235983 9.644714
v -0.193753 -2.208867 9.69971
v -0.205999 -2.222753 9.68096
v -0.207365 -2.295872 9.302576
v -0.216058 -2.293111 9.345079
v -0.22229 -2.290842 9.384823
v -0.213762 -2.275781 9.423173
v -0.21983 -2.273786 9.459115
v -0.21163 -2.258615 9.494733
v -0.209142 -2.242734 9.561592
v -0.238909 -2.307953 9.519552
v -0.236421 -2.300409 9.548991
v -0.235847 -2.298222 9.489101
v -0.23746 -2.305712 9.456056
v -0.239073 -2.313282 9.421177
v -0.240658 -2.320745 9.384494
v -0.242298 -2.327961 9.3462
v -0.243747 -2.33392 9.311677
v -0.212504 -2.297402 9.20819
v -0.208459 -2.303033 9.258293
v -0.220103 -2.310577 9.244326
v -0.22669 -2.313419 9.263324
v -0.248257 -2.345045 9.291148
v -0.245824 -2.338922 9.456767
v -0.25233 -2.359478 9.301837
v -0.253259 -2.366311 9.307631
v -0.258589 -2.377573 9.31996
v -0.252685 -2.378693 9.333735
v -0.248612 -2.371039 9.391437
v -0.244622 -2.374566 9.426753
v -0.230736 -2.396324 9.467454
v -0.232185 -2.404387 9.433012
v -0.241013 -2.341492 9.522803
v -0.238362 -2.333264 9.55238
v -0.227729 -2.37965 9.530487
v -0.200505 -2.385992 9.570557
v -0.229315 -2.388232 9.499707
v -0.219037 -2.428387 9.398215
v -0.223629 -2.425407 9.395292
v -0.074987 -2.307078 9.265429
v -0.08603 -2.295653 9.304132
v -0.048692 -2.336517 9.288825
v -0.049648 -2.332991 9.31217
v -0.091961 -2.244265 9.529912
v -0.090048 -2.260966 9.460482
v -0.090977 -2.252437 9.495772
v -0.066486 -2.273458 9.522749
v -0.088107 -2.279034 9.384604
v -0.089091 -2.269959 9.423336
v -0.063862 -2.305656 9.345408
v -0.052737 -2.319925 9.384439
v -0.047926 -2.334548 9.346335
v -0.055963 -2.305055 9.456056
v -0.051316 -2.320472 9.420903
v -0.054815 -2.305985 9.488637
v -0.059188 -2.291553 9.549128
v -0.064464 -2.276164 9.577036
v -0.0684 -2.266105 9.552981
v -0.043744 -2.349336 9.381708
v -0.037649 -2.352234 9.298666
v -0.048336 -2.352671 9.458705
v -0.050277 -2.345865 9.491425
v -0.058669 -2.32285 9.58078
v -0.057138 -2.340808 9.553555
v -0.059953 -2.350676 9.555169
v -0.057575 -2.35863 9.525648
v -0.051234 -2.386784 9.399911
v -0.048801 -2.369536 9.425879
v -0.037266 -2.374019 9.346228
v -0.073511 -2.405207 9.470815
v -0.089501 -2.423111 9.434461
v -0.081575 -2.422099 9.426397
v -0.061402 -2.401489 9.427463
v -0.091934 -2.396324 9.537538
v -0.090923 -2.405672 9.505174
v -0.084445 -2.382246 9.568398
v -0.089255 -2.220539 9.703017
v -0.087971 -2.222562 9.68137
v -0.085893 -2.226853 9.655783
v -0.082969 -2.233796 9.624844
v -0.065912 -2.276819 9.602511
v -0.071926 -2.261786 9.627548
v -0.082395 -2.236174 9.672785
v -0.07906 -2.254652 9.686862
v -0.084445 -2.23765 9.715564
v -0.088408 -2.23109 9.75118
v -0.095105 -2.212886 9.758914
v -0.089802 -2.220539 9.722341
v -0.17533 -2.21868 9.601828
v -0.186756 -2.215591 9.636104
v -0.171121 -2.192932 9.797373
v -0.171476 -2.194654 9.816809
v -0.062468 -2.298167 9.605736
v -0.183831 -2.212913 9.835888
v -0.08931 -2.274059 9.753203
v -0.089529 -2.288409 9.738771
v -0.085183 -2.296062 9.7154
v -0.084964 -2.3088 9.701159
v -0.082121 -2.312244 9.686836
v -0.094777 -2.267198 9.775725
v -0.101501 -2.248091 9.807158
v -0.06911 -2.311835 9.636295
v -0.06676 -2.331679 9.610628
v -0.093246 -2.318613 9.706242
v -0.192851 -2.248392 9.806475
v -0.182492 -2.258314 9.806941
v -0.159394 -2.236092 9.841493
v -0.159121 -2.253258 9.822848
v -0.171749 -2.295707 9.761513
v -0.113009 -2.294368 9.261656
v -0.096308 -2.299616 9.227925
v -0.146684 -2.284227 9.30282
v -0.180906 -2.298578 9.22686
v -0.130092 -2.276847 9.343713
v -0.146711 -2.266706 9.383921
v -0.117573 -2.226306 9.566567
v -0.131295 -2.2397 9.49722
v -0.146739 -2.230188 9.532617
v -0.192988 -2.274168 9.384277
v -0.162456 -2.248611 9.461084
v -0.175986 -2.226333 9.566539
v -0.146739 -2.404551 9.541829
v -0.146739 -2.414555 9.508646
v -0.193152 -2.426391 9.442662
v -0.146657 -2.431776 9.439519
v -0.158602 -2.433552 9.433176
v -0.162483 -2.422236 9.477429
v -0.208869 -2.229505 9.685715
v -0.072691 -2.2845 9.663193
v -0.315034 -2.202225 9.123648
v -0.326295 -2.203346 9.116867
v -0.337584 -2.201897 9.123893
v -0.331134 -2.210398 9.129333
v -0.326295 -2.194216 9.118181
v -0.282151 -2.16896 9.215297
v -0.284229 -2.182709 9.193076
v -0.353438 -2.178061 9.154917
v -0.357866 -2.164422 9.174761
v -0.359424 -2.146737 9.194607
v -0.359424 -2.19121 9.237437
v -0.36593 -2.191647 9.20461
v -0.304128 -2.204713 9.149314
v -0.311535 -2.214689 9.190779
v -0.335862 -2.213951 9.157186
v -0.308091 -2.188011 9.135729
v -0.359643 -2.171474 9.263406
v -0.358604 -2.145753 9.287762
v -0.358905 -2.099777 9.232874
v -0.326295 -2.117599 9.207343
v -0.283135 -2.122902 9.260235
v -0.293932 -2.147311 9.286421
v -0.292975 -2.172076 9.263461
v -0.311399 -2.171447 9.151883
v -0.465097 -2.080179 8.982658
v -0.453836 -2.0813 8.97588
v -0.442547 -2.079851 8.98293
v -0.453836 -2.07217 8.977192
v -0.497816 -2.046367 9.074827
v -0.493443 -2.050112 9.042629
v -0.480951 -2.054184 9.015486
v -0.42672 -2.055988 9.0139
v -0.453808 -2.016846 9.045526
v -0.420844 -2.067551 9.097106
v -0.422265 -2.081163 9.071766
v -0.426884 -2.086958 9.045089
v -0.48076 -2.087422 9.044735
v -0.453836 -2.093053 9.0174
v -0.453836 -2.061401 8.990475
v -0.485379 -2.081737 9.071439
v -0.421035 -2.04295 9.124958
v -0.463047 -1.557417 7.714116
v -0.463375 -1.540716 7.713952
v -0.464086 -1.533226 7.726526
v -0.464195 -1.52232 7.712642
v -0.467967 -1.512808 7.696404
v -0.457799 -1.546893 7.668523
v -0.462145 -1.554711 7.66795
v -0.454628 -1.546866 7.663575
v -0.464496 -1.521227 7.723028
v -0.464578 -1.510676 7.717397
v -0.468842 -1.500207 7.701843
v -0.456624 -1.528689 7.651767
v -0.418739 -1.559467 7.719227
v -0.45717 -1.504635 7.67164
v -0.461899 -1.510457 7.725789
v -0.458154 -1.515514 7.622903
v -0.453945 -1.52191 7.617436
v -0.465343 -1.498758 7.659257
v -0.463594 -1.511824 7.652287
v -0.463567 -1.496626 7.688587
v -0.45072 -1.500344 7.718763
v -0.451594 -1.494139 7.710726
v -0.452223 -1.522676 7.736341
v -0.416498 -1.536233 7.728878
v -0.436561 -1.537463 7.731173
v -0.433964 -1.512972 7.616316
v -0.466109 -1.493346 7.648241
v -0.466929 -1.487551 7.664067
v -0.452223 -1.490258 7.705234
v -0.453317 -1.487224 7.699492
v -0.373091 -1.548807 7.693315
v -0.361502 -1.564606 7.69031
v -0.358358 -1.55739 7.674291
v -0.458537 -1.499442 7.625063
v -0.464578 -1.487852 7.636023
v -0.468241 -1.482194 7.652944
v -0.437681 -1.502285 7.712284
v -0.380799 -1.533309 7.725898
v -0.396407 -1.534839 7.727482
v -0.401655 -1.512726 7.614812
v -0.386676 -1.515951 7.611862
v -0.441399 -1.48572 7.627986
v -0.423386 -1.486321 7.627277
v -0.465535 -1.478969 7.66702
v -0.438993 -1.495396 7.703591
v -0.436506 -1.522375 7.735054
v -0.36757 -1.511305 7.688368
v -0.369565 -1.52981 7.691129
v -0.370194 -1.519587 7.706708
v -0.372708 -1.538338 7.70731
v -0.398074 -1.508024 7.721114
v -0.381619 -1.511988 7.726197
v -0.383041 -1.491679 7.709772
v -0.382822 -1.502585 7.664122
v -0.369948 -1.506576 7.712395
v -0.372326 -1.517919 7.724011
v -0.362349 -1.531067 7.616234
v -0.386485 -1.484845 7.622876
v -0.464851 -1.470878 7.639548
v -0.458865 -1.466422 7.640259
v -0.461325 -1.467816 7.65994
v -0.454246 -1.477164 7.66814
v -0.422839 -1.492007 7.688861
v -0.441973 -1.489465 7.681836
v -0.40089 -1.494521 7.703128
v -0.370604 -1.495451 7.715621
v -0.371068 -1.491023 7.71245
v -0.396844 -1.517264 7.72997
v -0.383751 -1.49034 7.668824
v -0.374048 -1.493729 7.680987
v -0.369565 -1.49679 7.651167
v -0.404635 -1.473884 7.629189
v -0.443777 -1.469293 7.638101
v -0.436588 -1.482413 7.666064
v -0.376071 -1.486485 7.704086
v -0.373556 -1.484599 7.697907
v -0.367597 -1.497911 7.694218
v -0.368226 -1.501655 7.703376
v -0.370112 -1.506412 7.634765
v -0.369702 -1.492308 7.640478
v -0.423905 -1.468418 7.646821
v -0.377765 -1.487251 7.68681
v -0.400781 -1.490121 7.687492
v -0.36962 -1.495423 7.687139
v -0.370084 -1.479515 7.645837
v -0.385993 -1.465138 7.634847
v -0.450692 -1.466258 7.652997
v -0.373146 -1.47495 7.664122
v -0.393537 -1.482249 7.664642
v -0.380772 -1.472217 7.662455
v -0.375005 -1.467926 7.641954
v -0.389847 -1.464782 7.651904
v -0.373939 -1.469183 7.660515
v -0.373583 -1.464454 7.507964
v -0.372435 -1.435125 7.519607
v -0.373201 -1.45322 7.520593
v -0.369483 -1.447371 7.542323
v -0.368882 -1.435425 7.548309
v -0.368882 -1.42717 7.553201
v -0.366449 -1.433239 7.561376
v -0.383806 -1.432009 7.512993
v -0.373474 -1.501 7.576599
v -0.383587 -1.423563 7.518188
v -0.417044 -1.46429 7.50176
v -0.405072 -1.471588 7.497905
v -0.368936 -1.515487 7.580562
v -0.373173 -1.479624 7.567415
v -0.371506 -1.466258 7.573073
v -0.372708 -1.420583 7.5365
v -0.388043 -1.51606 7.605054
v -0.370713 -1.519724 7.589993
v -0.37618 -1.509938 7.593683
v -0.369866 -1.472081 7.585319
v -0.386731 -1.419572 7.539507
v -0.379023 -1.419517 7.554294
v -0.420051 -1.433895 7.516246
v -0.39996 -1.432665 7.513977
v -0.451758 -1.4644 7.506488
v -0.438091 -1.46224 7.504904
v -0.372681 -1.492225 7.591906
v -0.374157 -1.426515 7.568727
v -0.375442 -1.424601 7.565528
v -0.376371 -1.427963 7.570833
v -0.420188 -1.425695 7.520755
v -0.463567 -1.472709 7.53057
v -0.462637 -1.482221 7.52595
v -0.46507 -1.492062 7.531526
v -0.371943 -1.48408 7.608333
v -0.368608 -1.465794 7.593492
v -0.375005 -1.450541 7.582175
v -0.416388 -1.430287 7.552272
v -0.401354 -1.420747 7.531608
v -0.455749 -1.435644 7.520264
v -0.440141 -1.434742 7.518131
v -0.466655 -1.497228 7.566158
v -0.462637 -1.496161 7.547025
v -0.395122 -1.489355 7.615114
v -0.413135 -1.490367 7.615114
v -0.416088 -1.503542 7.609645
v -0.370112 -1.476454 7.611751
v -0.378585 -1.477465 7.62069
v -0.36839 -1.467106 7.607952
v -0.371506 -1.451717 7.588871
v -0.414502 -1.437038 7.563425
v -0.396626 -1.433922 7.566267
v -0.468323 -1.504745 7.581109
v -0.468077 -1.455707 7.557575
v -0.467011 -1.464481 7.543634
v -0.464086 -1.439006 7.527399
v -0.368718 -1.45609 7.605136
v -0.454601 -1.420638 7.551314
v -0.437818 -1.423535 7.547981
v -0.459822 -1.477766 7.562359
v -0.467831 -1.469757 7.579905
v -0.466655 -1.435863 7.543689
v -0.465535 -1.432829 7.536337
v -0.433144 -1.49198 7.617272
v -0.434538 -1.505155 7.61134
v -0.369483 -1.463525 7.616042
v -0.375169 -1.44819 7.610329
v -0.373857 -1.446468 7.598684
v -0.380581 -1.445895 7.599642
v -0.394794 -1.447562 7.5769
v -0.452469 -1.431271 7.562275
v -0.434647 -1.436574 7.565284
v -0.462583 -1.422387 7.534969
v -0.464059 -1.421211 7.54347
v -0.465917 -1.42143 7.553776
v -0.46466 -1.427389 7.558695
v -0.440114 -1.423316 7.526468
v -0.459713 -1.448135 7.575725
v -0.463321 -1.443899 7.570395
v -0.463047 -1.458496 7.578403
v -0.469443 -1.472354 7.594313
v -0.431832 -1.480827 7.622657
v -0.44949 -1.48132 7.624215
v -0.384189 -1.460436 7.621372
v -0.414748 -1.455407 7.595433
v -0.467721 -1.427827 7.56091
v -0.466409 -1.495342 7.597126
v -0.394138 -1.469211 7.621044
v -0.454437 -1.440674 7.575971
v -0.459767 -1.453165 7.586603
v -0.462446 -1.4767 7.618529
v -0.466382 -1.468828 7.609782
v -0.439349 -1.456391 7.597537
v -0.463813 -1.456445 7.603058
v -0.444679 -1.471206 7.621673
v -0.459002 -1.464017 7.610519
v -0.453371 -1.467516 7.615851
v -0.462118 -1.470905 7.484074
v -0.461626 -1.456035 7.476283
v -0.461134 -1.463935 7.472677
v -0.462911 -1.460381 7.465185
v -0.462528 -1.456364 7.456631
v -0.463129 -1.443845 7.490661
v -0.463813 -1.435535 7.502196
v -0.463895 -1.426925 7.49725
v -0.463922 -1.418697 7.491318
v -0.467175 -1.41047 7.47489
v -0.456214 -1.443845 7.448513
v -0.464305 -1.40555 7.496073
v -0.467366 -1.399782 7.489157
v -0.452278 -1.457293 7.503207
v -0.461079 -1.432883 7.421506
v -0.45266 -1.435234 7.512283
v -0.461298 -1.437011 7.412952
v -0.459795 -1.40995 7.461714
v -0.453672 -1.409513 7.449115
v -0.447822 -1.422715 7.391547
v -0.458647 -1.431872 7.401499
v -0.464551 -1.403472 7.436213
v -0.454847 -1.396666 7.453023
v -0.457581 -1.409431 7.501213
v -0.450474 -1.403172 7.495172
v -0.416224 -1.445074 7.504738
v -0.436287 -1.446168 7.507145
v -0.385583 -1.469757 7.491044
v -0.390394 -1.473338 7.490524
v -0.432379 -1.426706 7.389471
v -0.466054 -1.391582 7.440722
v -0.459877 -1.390762 7.475272
v -0.451977 -1.394644 7.48033
v -0.436369 -1.435917 7.511108
v -0.372736 -1.455789 7.46975
v -0.371178 -1.459124 7.458381
v -0.375305 -1.463279 7.483282
v -0.376071 -1.469238 7.480903
v -0.367925 -1.465739 7.46833
v -0.463621 -1.407682 7.408414
v -0.461161 -1.408966 7.403084
v -0.454656 -1.408666 7.400267
v -0.464961 -1.403499 7.416258
v -0.467202 -1.392375 7.427902
v -0.46794 -1.388493 7.429133
v -0.418602 -1.405796 7.491263
v -0.434921 -1.415527 7.503755
v -0.380553 -1.442861 7.500994
v -0.396134 -1.444118 7.50299
v -0.368745 -1.439635 7.430827
v -0.370385 -1.448164 7.434408
v -0.364426 -1.451717 7.438317
v -0.441153 -1.407982 7.399886
v -0.423112 -1.406944 7.39964
v -0.466765 -1.397923 7.412868
v -0.464305 -1.399782 7.407292
v -0.465617 -1.401805 7.411284
v -0.421664 -1.396447 7.4709
v -0.450091 -1.424601 7.509276
v -0.380061 -1.430806 7.505532
v -0.367952 -1.432747 7.41552
v -0.371287 -1.439307 7.475846
v -0.367324 -1.415417 7.46453
v -0.369948 -1.421704 7.482515
v -0.425244 -1.397295 7.403575
v -0.397828 -1.406588 7.496702
v -0.381346 -1.411208 7.501184
v -0.39966 -1.400438 7.483118
v -0.382795 -1.395518 7.484729
v -0.370057 -1.428073 7.440886
v -0.36757 -1.410798 7.439957
v -0.367351 -1.398033 7.4715
v -0.36798 -1.400465 7.480848
v -0.367105 -1.404484 7.468712
v -0.371779 -1.425667 7.497357
v -0.370905 -1.41118 7.495281
v -0.378695 -1.428264 7.388815
v -0.403077 -1.405659 7.39718
v -0.401628 -1.41457 7.393461
v -0.467967 -1.389887 7.421889
v -0.465343 -1.380867 7.427931
v -0.451758 -1.383464 7.431374
v -0.440661 -1.392429 7.463628
v -0.417482 -1.395491 7.449661
v -0.372216 -1.405522 7.496538
v -0.370358 -1.398826 7.49077
v -0.370822 -1.395463 7.487409
v -0.373638 -1.425039 7.502797
v -0.369347 -1.39899 7.463738
v -0.367023 -1.421977 7.429214
v -0.366832 -1.402816 7.427602
v -0.386786 -1.393796 7.399421
v -0.465863 -1.388329 7.417216
v -0.460587 -1.388138 7.415848
v -0.451212 -1.385787 7.422982
v -0.437654 -1.393113 7.445451
v -0.375825 -1.39098 7.478936
v -0.36634 -1.398388 7.437826
v -0.369866 -1.415007 7.4106
v -0.373693 -1.413121 7.400351
v -0.42478 -1.390324 7.414947
v -0.440059 -1.388083 7.431182
v -0.376453 -1.391035 7.463081
v -0.39884 -1.391746 7.462426
v -0.369483 -1.393851 7.419046
v -0.373747 -1.391609 7.408631
v -0.372435 -1.383874 7.434491
v -0.391487 -1.382781 7.411556
v -0.382029 -1.382042 7.43214
v -0.387113 -1.380839 7.42711
v -0.375196 -1.390051 7.279697
v -0.378558 -1.388138 7.287434
v -0.377574 -1.37581 7.283525
v -0.378777 -1.382042 7.298887
v -0.369893 -1.398279 7.296236
v -0.375333 -1.390324 7.316024
v -0.377191 -1.365177 7.296126
v -0.376317 -1.35203 7.310311
v -0.373474 -1.355228 7.318075
v -0.380171 -1.402652 7.339424
v -0.375934 -1.342627 7.31474
v -0.370795 -1.350034 7.331496
v -0.387797 -1.353615 7.28593
v -0.376289 -1.343419 7.299843
v -0.403186 -1.381332 7.273247
v -0.373337 -1.418178 7.357134
v -0.374485 -1.368594 7.33803
v -0.376973 -1.375427 7.348826
v -0.378585 -1.389122 7.344015
v -0.375005 -1.422032 7.36867
v -0.375305 -1.418779 7.375886
v -0.369756 -1.381414 7.360962
v -0.371479 -1.395928 7.356862
v -0.382904 -1.339456 7.304379
v -0.389792 -1.338472 7.317993
v -0.38889 -1.341697 7.326794
v -0.403951 -1.357114 7.285166
v -0.369264 -1.387236 7.371868
v -0.386704 -1.347711 7.339586
v -0.380034 -1.347165 7.339424
v -0.382193 -1.34424 7.333764
v -0.424178 -1.349542 7.293802
v -0.467612 -1.385678 7.303669
v -0.373802 -1.355119 7.344234
v -0.420297 -1.344868 7.325618
v -0.402202 -1.343693 7.32581
v -0.423331 -1.340468 7.307934
v -0.459713 -1.356758 7.293366
v -0.44241 -1.36679 7.284509
v -0.399796 -1.424984 7.381298
v -0.377601 -1.393359 7.392806
v -0.371643 -1.39437 7.389171
v -0.367324 -1.382234 7.381598
v -0.368772 -1.36556 7.368014
v -0.404006 -1.344431 7.295552
v -0.444487 -1.349679 7.295853
v -0.460177 -1.348914 7.298532
v -0.471466 -1.365942 7.333109
v -0.471001 -1.375783 7.318157
v -0.470318 -1.356731 7.315479
v -0.466601 -1.367501 7.296179
v -0.40991 -1.396693 7.392833
v -0.39217 -1.399482 7.391111
v -0.44241 -1.338171 7.315313
v -0.458892 -1.340577 7.310311
v -0.458592 -1.336012 7.322803
v -0.465644 -1.384147 7.332917
v -0.465179 -1.369742 7.339504
v -0.468186 -1.345907 7.307688
v -0.434046 -1.420912 7.385318
v -0.449052 -1.420501 7.387093
v -0.370549 -1.388521 7.391248
v -0.371998 -1.362417 7.376406
v -0.374075 -1.366052 7.380696
v -0.383369 -1.367337 7.380068
v -0.396571 -1.35356 7.34623
v -0.417345 -1.364029 7.357517
v -0.397309 -1.362745 7.357271
v -0.455011 -1.341834 7.33535
v -0.469908 -1.336859 7.325046
v -0.471329 -1.353041 7.338138
v -0.459384 -1.365013 7.348222
v -0.466327 -1.36802 7.360278
v -0.466792 -1.379336 7.355359
v -0.46753 -1.406643 7.359897
v -0.430766 -1.399728 7.394965
v -0.431941 -1.410196 7.390538
v -0.383943 -1.374991 7.385535
v -0.381401 -1.361979 7.364761
v -0.465999 -1.340139 7.337482
v -0.463485 -1.343119 7.341391
v -0.471712 -1.340959 7.334503
v -0.468377 -1.386006 7.368014
v -0.465125 -1.411289 7.37042
v -0.410375 -1.384585 7.388869
v -0.453808 -1.352959 7.349427
v -0.43585 -1.353478 7.347487
v -0.440223 -1.363538 7.359486
v -0.461407 -1.393632 7.390784
v -0.465316 -1.384147 7.38209
v -0.45717 -1.399399 7.395457
v -0.462719 -1.366489 7.376187
v -0.42918 -1.390926 7.393735
v -0.444734 -1.393741 7.395758
v -0.44364 -1.389396 7.392998
v -0.444788 -1.380265 7.388431
v -0.458838 -1.378735 7.388405
v -0.453617 -1.389887 7.393516
v -0.453234 -1.394042 7.396032
v -0.465125 -1.381277 7.261548
v -0.465043 -1.377724 7.256518
v -0.465863 -1.375564 7.266222
v -0.465863 -1.371163 7.240611
v -0.466737 -1.359984 7.235745
v -0.462938 -1.382589 7.268873
v -0.465781 -1.353287 7.25846
v -0.466847 -1.354709 7.274176
v -0.470181 -1.329561 7.248838
v -0.450583 -1.354052 7.210106
v -0.460779 -1.363482 7.207782
v -0.452852 -1.362116 7.213768
v -0.467339 -1.326719 7.269585
v -0.470373 -1.32106 7.262941
v -0.463457 -1.369414 7.27393
v -0.455476 -1.362826 7.278002
v -0.464113 -1.344103 7.196684
v -0.458236 -1.346645 7.202945
v -0.4581 -1.35725 7.188977
v -0.45348 -1.359383 7.197203
v -0.455694 -1.354052 7.280982
v -0.440251 -1.383956 7.270787
v -0.455093 -1.336914 7.217567
v -0.455038 -1.34905 7.166344
v -0.460861 -1.336504 7.17378
v -0.467557 -1.314582 7.211882
v -0.46425 -1.314801 7.239544
v -0.458537 -1.311931 7.226835
v -0.452114 -1.335274 7.278141
v -0.452551 -1.32557 7.275352
v -0.460259 -1.314746 7.268054
v -0.439321 -1.362963 7.276528
v -0.403569 -1.383983 7.267071
v -0.387934 -1.378079 7.266332
v -0.43339 -1.343748 7.164868
v -0.468869 -1.310564 7.200594
v -0.46917 -1.302965 7.216393
v -0.465125 -1.308815 7.252884
v -0.46384 -1.310591 7.256245
v -0.462911 -1.306901 7.250942
v -0.419094 -1.352631 7.277075
v -0.375797 -1.367747 7.245175
v -0.374431 -1.372148 7.232957
v -0.379269 -1.380949 7.256165
v -0.377902 -1.378461 7.249685
v -0.370522 -1.380539 7.241293
v -0.400644 -1.344568 7.162874
v -0.467339 -1.315812 7.185751
v -0.468459 -1.313024 7.192967
v -0.465781 -1.325243 7.186134
v -0.470318 -1.302938 7.204038
v -0.440442 -1.316659 7.268408
v -0.421609 -1.320978 7.27065
v -0.437927 -1.334153 7.27721
v -0.38356 -1.3593 7.27065
v -0.371725 -1.351319 7.205897
v -0.444159 -1.315511 7.17725
v -0.470837 -1.301818 7.197533
v -0.37033 -1.330026 7.239655
v -0.374103 -1.345852 7.262859
v -0.470564 -1.292852 7.206223
v -0.38438 -1.331474 7.274121
v -0.400835 -1.324313 7.272864
v -0.385802 -1.309142 7.262368
v -0.402667 -1.312997 7.263133
v -0.376973 -1.35613 7.268627
v -0.373064 -1.338554 7.216228
v -0.370576 -1.321306 7.215218
v -0.372708 -1.323684 7.264255
v -0.37085 -1.324286 7.253293
v -0.370358 -1.314555 7.246514
v -0.373283 -1.351045 7.17714
v -0.389246 -1.314746 7.172085
v -0.404717 -1.324778 7.169543
v -0.469662 -1.296214 7.193787
v -0.461626 -1.298783 7.186107
v -0.457854 -1.29318 7.218688
v -0.42467 -1.308842 7.240994
v -0.442355 -1.308514 7.232712
v -0.387141 -1.30425 7.249165
v -0.373365 -1.316496 7.265702
v -0.373829 -1.312368 7.262724
v -0.383642 -1.344048 7.275188
v -0.374786 -1.344404 7.268791
v -0.37208 -1.318218 7.236156
v -0.369839 -1.314446 7.203326
v -0.407395 -1.305261 7.177824
v -0.470591 -1.294082 7.19991
v -0.454218 -1.288369 7.201905
v -0.442328 -1.299275 7.221969
v -0.424397 -1.291785 7.218471
v -0.372872 -1.327866 7.185915
v -0.376371 -1.31614 7.180038
v -0.427786 -1.290063 7.195509
v -0.37946 -1.307311 7.236894
v -0.401874 -1.307831 7.238944
v -0.38069 -1.307038 7.228722
v -0.397992 -1.297991 7.219673
v -0.375442 -1.290938 7.212128
v -0.394521 -1.289791 7.189552
v -0.373447 -1.298674 7.197724
v -0.377765 -1.298619 7.187528
v -0.351306 -2.336899 9.343083
v -0.341575 -2.386675 9.423392
v -0.815327 -2.113034 9.318319
v -0.815136 -2.077637 9.4803
v -0.83375 -2.162044 9.47486
v -0.815327 -2.133426 9.479507
v -0.902523 -2.233823 9.372468
v -0.901019 -2.207938 9.399447
v -0.815519 -2.212886 9.290794
v -0.728515 -2.233823 9.372468
v -0.815519 -2.254652 9.453678
v -0.796849 -2.222507 9.462042
v -0.86789 -2.220293 9.452583
v -0.134438 -2.432213 9.437248
v -0.115031 -2.429781 9.43684
v -0.097975 -2.426664 9.433887
v -0.308118 -2.141353 9.188949
v -0.308501 -2.096661 9.229785
v -0.299809 -2.052572 9.254741
v -0.308118 -2.198344 9.243833
v -0.471165 -2.035652 9.029072
v -0.471958 -2.074795 9.103393
v -0.464578 -1.493018 7.709169
v -0.457881 -1.461721 7.647367
v -0.381073 -1.418889 7.504355
v -0.373392 -1.308077 7.253183
v -0.399468 -1.427198 7.388077
v -0.375743 -1.410333 7.383404
v -0.466546 -1.391063 7.349618
v -0.29806 -1.20757 7.844089
v -0.466874 -1.08976 7.463437
v -0.474145 -1.025444 7.285793
v -0.370057 -1.175398 7.744703
v -0.378312 -1.159161 7.704522
v -0.44979 -0.966129 7.208957
v -0.42888 -1.012788 7.367522
v -0.467011 -1.043593 7.34858
v -0.487675 -1.011421 7.24214
v -0.477753 -1.111573 7.53527
v -0.4906 -1.110233 7.516438
v -0.331735 -1.604049 7.769768
v -0.260803 -1.542547 7.614404
v -0.345238 -1.396311 7.278387
v -0.260366 -1.416128 7.296973
v -0.277422 -2.375468 9.31605
v -0.33999 -1.433704 7.3942
v -0.342723 -1.417467 7.345546
v -0.214199 -1.449584 7.348608
v -0.347042 -1.458277 7.451628
v -0.469689 -1.527677 7.605519
v -0.486582 -1.484654 7.526961
v -0.347343 -1.377724 7.219509
v -0.367214 -1.107008 7.58849
v -0.366804 -0.998902 7.375313
v -0.358386 -0.974958 7.337811
v -0.358604 -0.927916 7.248264
v -0.331352 -0.903671 7.211008
v -0.24074 -0.856766 7.097107
v -0.333457 -0.86759 7.13461
v -0.486937 -1.058627 7.366976
v -0.491311 -1.081642 7.432086
v -0.492322 -1.152137 7.649335
v -0.498062 -1.189065 7.719501
v -0.610131 -1.106926 7.91945
v -0.64952 -1.110561 8.031874
v -0.021577 -2.355732 9.3099
v -0.232567 -2.286906 9.195863
v -0.955933 -1.024186 8.115789
v -0.95596 -1.255732 8.166657
v -0.573668 1.874635 6.071619
v -0.701946 1.78159 6.334874
v -1.746786 -1.11447 5.1418
v -0.814781 1.678568 6.026136
v -0.959651 1.514263 5.987541
v -1.320295 1.09384 6.057951
v -1.698651 -0.465562 5.315453
v -1.728855 -0.402202 5.356535
v -1.591092 -1.691162 4.99417
v -0.984661 -2.686419 9.354619
v -0.970229 -2.701808 9.462369
v -0.835773 -2.744449 9.224592
v -0.818771 -2.738244 9.393077
v -1.041078 -2.276819 7.912042
v -1.122205 -2.228739 8.13197
v -1.340686 -2.159092 6.16666
v -1.680666 -1.892559 5.871835
v -1.029817 -2.308718 5.956981
v -0.941774 -1.09192 9.73948
v -0.976734 -1.224025 9.792536
v -0.851955 -0.900445 9.625908
v -0.124981 -1.042774 9.918738
v -0.295736 -0.783073 9.673907
v -0.668927 -0.229862 8.29674
v -0.546498 -0.056756 8.140991
v -0.244321 0.015953 8.364528
v -0.965418 -2.67923 9.518458
v -0.799966 -2.687376 9.590238
v -0.98313 -2.189679 9.855432
v -0.786408 -2.266679 9.896706
v -1.1075 -1.938371 9.843842
v -0.227948 -2.413544 9.814185
v -0.113063 -2.388943 9.811094
v -0.918923 -1.814411 9.960774
v -0.738328 -1.845654 10.021184
v -1.070408 -1.617934 9.86046
v -0.179293 -1.666753 10.10674
v -0.13627 -1.35736 10.060792
v -1.748099 -1.268961 5.423531
v -1.612987 -1.608395 5.338605
v -1.848305 -1.353779 5.497469
v -1.915902 -0.982173 5.598852
v -1.637205 -1.658552 6.621087
v -1.654015 -1.334891 6.89284
v -1.270629 -2.174618 8.376172
v -1.163917 -2.407667 8.497372
v -1.827832 -0.061702 5.817359
v -1.822857 -0.251948 5.676617
v -1.837973 0.242278 5.996916
v -1.669459 -0.339306 6.862555
v -1.870773 -0.632545 6.666161
v -1.690424 -0.045029 6.7041
v -1.288205 -1.542056 8.360482
v -1.227441 -1.324887 8.288813
v -1.319885 -1.809081 8.462958
v -1.769036 0.372907 6.251914
v -1.824825 0.046813 6.103847
v -1.344704 0.616453 6.96861
v -1.310318 0.368233 7.060808
v -1.341205 0.858768 6.947071
v -1.280223 1.19771 6.30251
v -1.523468 1.024494 6.336595
v -1.326281 1.080884 6.863867
v -1.122862 -0.840829 8.660064
v -1.071501 -0.736879 8.517326
v -1.117996 -0.854633 8.50355
v -1.232908 -1.071283 8.771258
v -1.009098 -0.613795 8.509891
v -0.50875 -2.661545 8.481025
v -0.729745 -2.279279 6.68729
v -0.897165 -2.141626 6.831941
v -1.117914 -2.068726 5.273113
v -0.779629 -2.150072 5.231565
v -0.385337 -2.234698 5.217215
v -0.402612 0.055287 8.167805
v -0.460123 1.737746 6.956282
v -0.645119 1.729518 6.804443
v -0.639406 -2.741141 9.56673
v -0.466027 -2.783263 9.487982
v -0.625411 -2.495437 9.807324
v -0.476168 -2.48371 9.810767
v -0.445991 -2.036281 10.033785
v -0.396216 -1.719808 10.090311
v -0.672671 1.522054 7.298422
v -0.537505 1.496443 7.409316
v -0.837495 1.464489 7.11411
v -0.804038 1.487914 7.437769
v -1.495205 -1.710187 7.117991
v -1.398552 -0.414502 7.31179
v -1.353697 -0.583207 7.513267
v -1.331885 -0.180988 7.260181
v -1.225637 0.346229 7.237714
v -1.178951 0.181487 7.363011
v -1.174359 0.409945 7.42115
v -0.505415 -2.280974 7.205486
v -0.252603 1.61406 7.184959
v -1.184554 -2.135776 7.18433
v -0.623224 0.312826 7.760256
v -0.6001 0.149916 7.864398
v -0.572328 0.528601 7.703046
v -0.255337 0.61607 7.746535
v -0.253751 0.391029 7.947629
v -1.339866 -1.85246 7.737979
v -1.337296 -1.644885 8.000385
v -1.091154 -0.684426 8.060164
v -1.041816 -0.473161 7.935686
v -1.156346 -0.906295 8.146539
v -0.880847 -0.264574 8.090532
v -0.836019 -0.057002 7.926446
v -1.011749 -0.549641 8.287008
v -0.273951 -2.37708 7.508484
v -0.641975 1.288294 7.682518
v -0.524467 1.134704 7.691156
v -0.777005 1.39107 7.64056
v -0.14406 1.197955 7.484813
v -0.353547 1.034689 7.569603
v -1.092958 -2.607451 8.837598
v -0.880464 -2.686337 8.826555
v -0.955468 -0.642112 9.300936
v -0.793269 -0.565386 9.168994
v -1.087191 -0.781652 9.436293
v -0.30954 -0.517524 9.256299
v -1.250046 -2.554833 9.088305
v -1.215879 -2.525121 9.221092
v -1.344376 -2.452905 9.022702
v -1.439307 -1.973904 9.334091
v -1.31655 -1.830948 9.540161
v -1.401887 -1.738231 9.226259
v -1.507451 -2.089937 9.107848
v -1.271012 -1.506548 9.590456
v -1.265873 -1.300424 9.488912
v -0.266325 -2.809504 8.988645
v -0.505005 -2.791463 8.99865
v -0.537915 -0.524057 9.18348
v -1.020441 -2.677399 9.044461
v -0.243856 -2.79622 9.471663
v -0.081165 -2.259544 5.208632
v -0.389437 1.550234 7.292819
v -0.446811 0.969252 7.65595
v -0.289449 1.38779 7.439682
v -0.548712 -0.313394 8.639316
v -0.706538 -0.434812 8.824286
v -0.484914 -0.381592 8.854545
v -0.645365 0.696842 7.723409
v -0.722501 0.917783 7.782971
v -0.231255 0.814596 7.625855
v -1.054772 -0.304756 7.774634
v -1.102498 -0.175658 7.622549
v -0.861522 0.117089 7.787863
v -0.906158 0.270787 7.698672
v -1.322755 -2.357591 8.793918
v -1.405795 -1.888103 8.566197
v -1.386689 -2.064954 8.702375
v -1.221236 -0.997782 8.930778
v -1.166569 -0.853158 8.956363
v -0.629292 -0.477835 9.014119
v -1.458495 -2.110274 8.872365
v -1.346262 -1.487469 9.105962
v -0.89845 -1.354681 9.892496
v -1.008606 1.450384 6.695572
v -0.875571 1.525935 6.881496
v -0.900035 1.598097 6.673732
v -1.055019 1.408181 6.590856
v -0.47696 -1.205383 9.766897
v -0.444624 -1.268688 9.802513
v -0.478491 -1.133413 9.726142
v -0.952516 -0.506481 8.359553
v -0.379925 -1.234029 9.792262
v -1.097113 -0.7096 8.986786
v -1.186741 -0.824976 9.294185
v -0.84001 -2.304481 7.485221
v -1.083692 1.275666 7.040936
v -1.21566 1.142713 6.975883
v -1.088585 1.307673 7.192119
v -1.14872 1.222747 7.126793
v -0.859499 0.605464 7.740575
v -0.916928 0.980759 7.820474
v -1.127289 1.209818 7.335705
v -1.059665 1.221571 7.393434
v -1.031894 1.171195 7.553393
v -1.004506 1.122295 7.593437
v -1.069096 1.207686 7.518078
v -1.015849 1.20058 7.4996
v -1.204399 0.767856 7.568727
v -1.258219 0.800902 7.497686
v -1.150032 0.74883 7.625308
v -1.162769 1.18098 7.257203
v -1.200572 1.155861 7.22369
v -1.039466 1.00741 7.669344
v -1.124693 1.215313 7.402373
v -1.067593 1.131643 7.608388
v -1.285772 0.860545 7.428695
v -1.292223 0.927486 7.377992
v -1.292114 0.96712 7.319413
v -1.28457 1.033569 7.309328
v -1.273362 1.030043 7.257421
v -1.219432 1.16499 7.274504
v -1.193656 1.175022 7.259443
v -1.263987 1.124535 7.292656
v -1.090881 1.08687 7.640015
v -1.113404 1.040403 7.649581
v -1.197757 1.178138 7.383102
v -1.182258 1.165756 7.435529
v -1.132838 1.145283 7.552435
v -1.140055 1.103653 7.570066
v -1.120538 1.184124 7.515427
v -1.235095 1.125001 7.333793
v -1.196636 1.129702 7.367413
v -1.114416 1.014408 7.58562
v -1.156373 0.895449 7.617929
v -1.157767 0.871806 7.605381
v -1.28692 0.754161 7.415355
v -1.282 0.843297 7.330512
v -1.223669 1.131971 7.163638
v -1.011175 1.180215 7.691483
v -1.083227 1.307729 7.399585
v -0.977336 1.270171 7.688614
v -0.986137 1.319481 7.622056
v -1.129722 0.665517 7.642091
v -1.09632 0.793686 7.702991
v -1.076558 0.863169 7.727319
v -1.213064 1.141374 7.201303
v -1.060185 1.217499 7.45171
v -1.117996 1.208971 7.461824
v -0.727804 1.083289 7.785212
v -1.029188 0.943394 7.683148
v -1.069806 0.892252 7.684405
v -1.144592 0.955858 7.62077
v -1.155362 0.799618 7.641326
v -1.165147 0.829384 7.621235
v -1.279348 0.607214 7.338274
v -1.227059 0.566814 7.469369
v -1.070107 0.545357 7.623941
v -1.228453 0.866586 7.53229
v -1.217874 0.904279 7.413279
v -1.150606 1.142413 7.346392
v -1.067265 1.027063 7.53754
v -1.103947 1.144298 7.448429
v -1.105914 0.874293 7.577611
v -1.207706 1.070797 7.303179
v -1.086344 0.925381 7.594367
v -1.499769 0.100798 6.874554
v -1.541809 0.338493 6.725092
v -1.412902 -1.954442 5.385838
v -1.877196 -0.284557 6.307949
v -0.504294 -2.442463 5.957555
v -0.201762 1.871683 6.617533
v -1.042691 0.708841 7.724558
v -1.125732 0.860681 7.674784
v -1.147517 0.862158 7.649061
v -1.141066 0.91524 7.64835
v -0.224395 -2.629509 9.621589
v -1.183352 -1.256361 8.32175
v -1.191798 -1.070462 8.209327
v -1.244662 -1.477083 8.415123
v -1.147599 -2.490325 9.383047
v -1.303293 -2.272473 8.960819
v -1.285745 -2.212995 8.849433
v -1.259805 -2.377135 9.169569
v -1.235806 -1.694716 8.530089
v -1.298154 -1.912485 8.598425
v -1.272624 -2.124105 8.750866
v -1.061196 -1.149239 8.145802
v -1.309006 -2.373418 9.364403
v -1.854045 -0.551555 5.624681
v -1.427389 -1.662489 8.343534
v -1.557308 -1.069561 7.345354
v -1.390653 -1.349378 7.921555
v -1.373706 -1.039357 7.803909
v -2.001839 -0.931387 6.175953
v -0.867071 -2.053829 4.971017
v -0.75563 1.719733 6.525007
v -1.07869 1.369448 6.204872
v -0.967577 1.511476 6.228571
v -0.872756 1.654267 6.573389
v -0.886177 1.633796 6.626854
v -0.378449 -2.258178 5.058187
v -0.882104 -2.124405 5.076198
v -1.53011 -1.806129 5.217899
v -1.761683 0.109981 5.629384
v -1.518466 0.749022 5.859781
v -1.098507 -0.818499 8.010609
v -1.045315 -0.642632 7.908216
v -1.106817 0.980814 7.673881
v -0.612373 -0.719029 9.553555
v -0.538489 -1.07429 9.699081
v -0.361146 -0.853622 9.875904
v -0.53674 -0.772195 9.769792
v -0.785725 -0.891972 9.771079
v -0.696944 -0.922667 9.842555
v -0.679204 -1.076914 9.9877
v -0.614641 -1.336804 10.074212
v -0.564128 -1.217055 10.052345
v -0.501178 -1.300532 10.095999
v -0.345539 -1.264862 10.108271
v -0.327771 -1.16851 10.070628
v -0.388726 -1.03553 9.940275
v -0.50987 -0.891152 9.856499
v -0.432133 -0.989773 9.816125
v -0.558279 -0.893968 9.770094
v -0.584519 -0.92193 9.688393
v -0.621885 -0.987859 9.739592
v -0.622104 -1.035695 9.867349
v -0.543546 -1.163644 9.94309
v -0.467585 -1.258219 9.93019
v -0.348873 -1.223205 9.940058
v -0.594606 -1.066144 9.738334
v -0.422456 -1.29359 9.876397
v -1.312504 -1.360038 8.615891
v -1.366407 -1.239824 8.17308
v -1.240015 -0.94992 8.036959
v -1.429877 -1.716473 8.775414
v -1.047146 -0.52146 8.102396
v -1.023311 -1.219296 8.155751
v -1.052723 -0.925947 8.146922
v -1.028286 -2.511619 9.497412
v -1.179334 -2.386565 9.300498
v -0.302843 -2.312572 9.17938
v -0.331571 -2.347368 9.433477
v -0.393783 -2.327907 9.407511
v -0.093137 -2.278897 9.175199
v -0.129491 -2.329519 9.438752
v -0.195502 -2.055496 8.702459
v -0.272366 -2.202936 8.929276
v -0.373337 -2.170463 8.951415
v 0.000755 -2.065692 8.738812
v -0.06583 -2.175793 8.930066
v -0.148761 -1.860223 8.362369
v -0.111724 -1.658498 7.925107
v -0.087397 -1.483479 7.340789
v -0.378394 -2.081464 9.271852
v -0.415623 -2.221823 9.420412
v -0.363661 -2.179921 9.437329
v -0.111123 -2.029256 9.282785
v -0.271737 -2.139849 9.441541
v -0.137199 -2.113554 9.455645
v -0.300328 -1.751352 8.782956
v -0.433609 -1.994268 9.023004
v -0.377027 -1.918553 9.052197
v -0.068646 -1.76439 8.770684
v -0.09054 -1.905105 9.042438
v -0.223438 -1.623237 8.451013
v -0.060172 -1.626381 8.437455
v -0.334824 -2.293766 9.506049
v -0.392881 -2.302513 9.474506
v -0.139933 -2.255417 9.557902
v -0.250416 -2.276328 9.524881
v -0.346687 -2.242871 9.505857
v -0.140069 -2.173579 9.538111
v -0.241178 -1.458796 7.327505
v -0.087315 -1.383655 6.662716
v -0.068318 -1.41405 6.658971
v -0.3366 -1.806839 8.395114
v -0.275536 -1.633679 7.943585
v -0.45348 -2.258205 9.222103
v -0.087315 -1.353971 6.668921
v -0.427513 -1.881844 8.742994
v -0.215019 -1.525354 8.047235
v -0.046368 -1.414187 6.658944
v -0.057439 -1.359929 7.344151
v -0.012502 -1.312696 6.686278
v 0.000373 -1.359929 7.340489
v 1.7e-05 -1.336012 6.672009
v 0.000181 -2.045137 9.282238
v -0.000393 -2.310522 9.453978
v -0.000502 -2.102893 9.468081
v 0.000892 -1.478148 7.969497
v -0.079497 -1.499769 8.047999
v -0.000557 -2.238497 9.567304
v 0.000509 -2.162673 8.950595
v 0.305392 -2.307543 9.182333
v 0.394993 -2.296746 9.201384
v 0.393408 -2.326212 9.406335
v 0.331469 -2.346084 9.432357
v 0.237877 -2.343077 9.424321
v 0.127558 -2.323096 9.433477
v 0.196466 -2.054321 8.704509
v 0.373755 -2.169178 8.952592
v 0.273903 -2.200339 8.931845
v 0.254852 -1.841499 8.375407
v 0.112415 -1.657733 7.92508
v 0.203136 -1.65079 7.935057
v 0.087541 -1.483451 7.340707
v 0.378319 -2.081846 9.271387
v 0.363559 -2.178198 9.435499
v 0.416204 -2.219391 9.41888
v 0.136277 -2.113663 9.45589
v 0.300472 -1.749411 8.785117
v 0.376324 -1.917433 9.054191
v 0.436732 -1.992573 9.024588
v 0.070102 -1.766057 8.769317
v 0.091559 -1.907346 9.040935
v 0.223582 -1.622636 8.45145
v 0.334394 -2.292646 9.50307
v 0.138491 -2.25487 9.549593
v 0.249576 -2.276081 9.521493
v 0.259991 -2.205861 9.515532
v 0.241212 -1.458796 7.327505
v 0.068352 -1.41405 6.658971
v 0.087349 -1.383655 6.662716
v 0.406719 -1.952119 8.714594
v 0.154891 -1.383519 7.339613
v 0.069418 -1.31912 6.675972
v 0.215218 -1.523085 8.047728
v 0.012536 -1.312122 6.687207
v -0.169098 -2.320116 9.306676
v -0.301039 -2.107076 8.818218
v -0.240877 -1.932467 8.537525
v -0.089146 -1.94094 8.536952
v -0.180879 -1.758212 8.168352
v 0.000482 -1.760071 8.166222
v -0.141081 -1.56775 7.64835
v 0.000482 -1.569471 7.64529
v -0.402338 -2.165434 9.356369
v -0.151713 -1.423645 7.012098
v -0.077803 -1.398853 6.66083
v -0.42806 -2.225678 9.090353
v -0.400042 -1.838875 8.580412
v -0.076764 -1.320732 7.011744
v -0.125719 -2.243172 9.028059
v -0.328482 -1.976119 9.171235
v -0.417263 -2.285321 9.451326
v -0.026059 -1.556187 8.226274
v -0.029613 -1.414078 7.6703
v -0.156524 -1.553727 8.253114
v 0.363532 -2.345756 9.32589
v 0.16946 -2.320609 9.305335
v 0.241157 -1.931291 8.539246
v 0.089727 -1.940584 8.537333
v 0.181487 -1.758185 8.172891
v 0.141224 -1.567093 7.646793
v 0.206744 -2.08335 9.376814
v 0.137097 -1.8216 8.920938
v 0.298203 -1.70092 8.622479
v 0.106483 -1.684657 8.617558
v 0.151748 -1.423645 7.012098
v 0.173233 -1.410196 6.995452
v 0.396633 -2.064708 8.837734
v 0.428477 -2.224885 9.0909
v 0.401334 -1.838055 8.581041
v 0.06622 -1.438132 7.002367
v 0.037355 -1.318874 7.014558
v 0.340926 -2.252547 9.06354
v 0.417106 -2.282806 9.449247
v 0.072698 -1.421622 7.685225
v 0.156176 -1.553836 8.25317
v 0.315451 -2.192686 9.483717
v -0.239428 -1.616404 8.328774
v -0.086276 -1.597789 8.327929
v -0.407368 -2.311671 9.439272
v -0.420024 -2.253914 9.447801
v -0.02431 -2.137908 8.871737
v -0.216276 -2.165679 8.842353
v 0.239709 -1.61367 8.329678
v 0.086803 -1.599047 8.327246
v 0.406938 -2.309839 9.437659
v 0.420386 -2.250961 9.445695
v 0.026914 -2.141626 8.874089
v 0.218197 -2.163411 8.845442
v -1.309115 -2.425461 -6.400345
v -1.115973 -2.329245 -6.425794
v -1.508872 -2.348489 -5.379066
v -1.605716 -2.254296 -5.471128
v -0.671961 -2.512493 -5.496713
v -0.702821 -2.403676 -5.377563
v -1.675226 -2.351714 -5.949636
v -1.641742 -2.258833 -6.109021
v -0.641975 -2.555625 -5.723557
v -0.95596 -2.465559 -5.280911
v -1.039083 -2.363823 -5.205469
v -1.335492 -2.291306 -5.196558
v -1.250921 -2.463592 -5.259755
v -0.963833 -2.484529 -6.367517
v -0.717472 -2.544336 -6.065641
v -1.141995 -2.193423 -5.082849
v -1.016997 -2.083349 -4.978844
v -1.27872 -2.01034 -4.968565
v -1.246411 -1.996509 -6.313205
v -1.039493 -2.019661 -6.345295
v -1.452509 -2.128204 -6.286554
v -1.649177 -2.016873 -5.373382
v -1.48244 -2.002659 -5.071615
v -0.638668 -2.188694 -5.33085
v -0.711486 -2.161634 -5.173981
v -0.631233 -2.331733 -5.545476
v -1.692201 -2.028955 -5.944661
v -1.692911 -2.135639 -5.780111
v -0.641675 -2.342311 -5.818433
v -0.771976 -2.139029 -6.174977
v -1.292742 -3.501189 -6.152727
v -1.435343 -3.343964 -6.113394
v -1.134315 -3.370669 -6.186594
v -1.439881 -3.416344 -5.432642
v -1.394178 -3.252122 -5.354576
v -1.507915 -3.276722 -5.57691
v -1.362088 -3.533006 -5.310048
v -1.576961 -3.455869 -5.833794
v -0.72764 -3.423834 -5.475693
v -0.688361 -3.290143 -5.610777
v -0.793843 -3.541506 -5.317758
v -1.011968 -3.399042 -5.249833
v -0.919879 -3.236979 -5.312945
v -0.994337 -3.503321 -6.13004
v -0.768914 -3.507175 -5.918503
v -1.310318 -2.813822 -6.267065
v -1.448354 -2.898502 -6.18151
v -1.495997 -2.661736 -5.472029
v -1.532133 -2.804419 -5.599871
v -1.425257 -2.783727 -5.378602
v -0.712688 -2.75314 -5.542059
v -0.763393 -2.690655 -5.456995
v -0.680926 -2.872398 -5.64273
v -1.634635 -2.720121 -5.905328
v -0.684562 -2.944342 -5.87742
v -1.014346 -2.720039 -5.347223
v -1.098097 -2.811443 -5.321366
v -0.924253 -2.819972 -5.367614
v -1.290801 -2.676632 -5.311388
v -0.979331 -2.855014 -6.265506
v -1.593033 -2.690327 -5.704068
v -1.180755 -3.006554 -5.297229
v -0.83457 -3.021313 -5.38385
v -1.659454 -2.54584 -5.921345
v -0.98898 -2.597638 -5.327325
v -1.621406 -2.514242 -5.679549
v -1.135818 -3.152544 -6.223249
v -1.468882 -3.024293 -5.473396
v -1.600686 -3.070269 -5.881192
v -0.755466 -3.154157 -5.997252
v -1.27861 -3.754082 -6.201628
v -1.563294 -3.747413 -5.836009
v -1.503077 -3.663525 -5.516475
v -1.31368 -3.659752 -5.205169
v -1.176983 -3.638679 -5.13257
v -1.008196 -3.638951 -5.115321
v -0.754782 -3.757198 -5.922794
v -1.395381 -3.896492 -6.173118
v -1.33541 -3.996233 -5.301191
v -1.399891 -3.973355 -5.198963
v -1.394999 -3.84494 -5.243573
v -1.267841 -4.059293 -5.391886
v -1.561408 -4.03461 -5.839426
v -1.577535 -4.026738 -5.695649
v -1.528962 -4.105596 -5.9662
v -0.84124 -4.080258 -6.126869
v -0.73625 -4.019084 -5.953955
v -0.651843 -4.156793 -5.70855
v -1.122752 -4.160975 -6.142915
v -1.323684 -4.15939 -6.096993
v -1.230448 -4.135773 -6.164207
v -1.013936 -4.143701 -6.168199
v -1.107582 -4.213374 -5.945508
v -1.415718 -4.212417 -5.872444
v -1.16132 -4.265992 -5.406702
v -1.476973 -4.255851 -5.540583
v -0.803109 -4.271924 -5.430099
v -0.818525 -4.270885 -5.173434
v -1.286346 -4.216108 -5.338175
v -1.373268 -4.243223 -5.42291
v -1.22479 -4.273154 -5.043105
v -1.334973 -4.25689 -5.136587
v -0.977554 -4.272745 -5.024162
v -1.115454 -4.273236 -4.874427
v -1.448245 -3.921284 -4.975918
v -1.28528 -3.866479 -4.900422
v -1.461365 -4.071512 -5.071778
v -1.499387 -4.080887 -4.976301
v -1.125103 -4.1879 -4.827031
v -1.134725 -4.238276 -4.789911
v -1.2211 -3.923443 -4.802676
v -1.097031 -3.826107 -4.936229
v -0.97821 -4.101414 -6.201082
v -1.436574 -4.228436 -5.068034
v -1.116274 -4.143099 -4.846984
v -1.147954 -4.086982 -4.771241
v -1.206066 -4.272826 -4.77433
v -1.347082 -4.276926 -4.843458
v -1.1157 -4.041307 -4.842338
v -0.888227 -3.816403 -4.958943
v -0.743002 -4.23628 -5.067979
v -0.708124 -4.205257 -5.004482
v -0.945136 -3.92358 -4.782121
v -1.034792 -4.089606 -4.71436
v -0.701919 -4.245027 -4.917888
v -0.779137 -3.925548 -4.853107
v -1.035475 -4.268616 -4.855785
v -0.757653 -4.149031 -5.109253
v -0.787146 -4.146652 -5.168869
v -0.80587 -4.083401 -5.191638
v -1.0302 -4.25063 -4.726769
v -0.755439 -4.268671 -4.834247
v -1.083528 -4.15037 -4.802758
v -1.063875 -4.154716 -4.750195
v -0.766481 -3.993445 -5.098977
v -0.727121 -4.009819 -4.996938
v -1.546948 -3.873832 -5.503491
v -1.545827 -3.808832 -5.589074
v -0.674229 -3.866315 -5.24863
v -0.624427 -3.872657 -5.483045
v -0.33917 1.372948 -7.241959
v 1.7e-05 1.672801 -7.266532
v 1.7e-05 0.934183 -7.216866
v -0.344828 1.354033 -7.473832
v -0.243009 1.043218 -7.352552
v 0.185943 1.579675 -7.294166
v 0.325455 1.218784 -7.352196
v 0.234078 1.054753 -7.300972
v 0.131767 0.968405 -7.383602
v -0.258152 1.031 -7.535306
v -0.205179 1.433519 -7.617034
v 1.7e-05 0.942847 -7.462925
v -0.325093 1.303164 -7.771771
v 1.7e-05 1.488624 -7.797931
v 0.336963 1.163351 -7.61113
v 0.205213 1.433519 -7.617034
v 0.19387 1.405995 -7.796072
v -0.255993 1.058607 -7.900379
v -0.168989 1.398505 -8.051234
v 1.7e-05 0.948643 -7.807852
v 0.310586 1.179806 -7.965296
v 0.260182 1.050926 -7.80818
v 0.169023 1.398505 -8.051234
v -0.291199 1.189865 -8.126759
v 1.7e-05 1.481518 -8.141409
v 1.7e-05 0.933991 -8.030654
v 0.291233 1.189865 -8.126759
v -0.269058 1.202548 -8.379051
v -0.227593 1.085312 -8.421609
v -0.139085 1.417639 -8.407124
v -0.131896 1.013862 -8.356581
v 0.269093 1.202548 -8.379051
v 0.234761 1.319838 -8.455968
v 0.13912 1.417639 -8.407124
v 0.131931 1.013862 -8.356581
v -0.248448 1.185874 -8.646922
v 1.7e-05 1.461127 -8.628528
v -0.12602 1.044147 -8.650064
v 0.248483 1.185874 -8.646922
v 0.124605 1.368301 -8.67382
v 0.126054 1.044147 -8.650064
v -0.118339 1.203203 -8.908536
v -0.12263 1.108465 -8.846923
v -0.189653 1.127926 -8.791163
v 1.7e-05 1.228761 -8.934859
v 0.989343 1.552477 6.629095
v 1.311965 1.987879 6.35171
v 1.275994 2.036588 6.39569
v 1.293952 2.048478 6.39796
v 1.114751 1.9726 6.637022
v 1.119534 2.041399 6.614306
v 1.116992 1.88688 6.654708
v 0.904225 1.718996 6.431827
v 1.236578 2.07513 6.467633
v 1.196042 2.043176 6.467496
v 1.204597 2.101806 6.535722
v 1.153674 2.073189 6.555293
v 1.178302 1.976837 6.53318
v 1.232697 2.019723 6.515824
v 1.136481 1.906069 6.521756
v 1.110979 1.828331 6.458641
v 1.136427 1.515986 6.587575
v 1.1692 1.468316 6.520962
v 1.116336 1.633167 6.636667
v 1.222775 1.871081 6.376721
v 1.280668 1.959507 6.405968
v 0.967749 1.621741 6.339191
v 1.083071 1.568986 6.341352
v 1.051609 1.901285 6.625597
v 1.004158 1.83716 6.617452
v 1.025423 1.765354 6.642189
v 1.130768 1.982139 6.449539
v 1.217253 1.900028 6.340994
v 1.267329 1.742421 6.327904
v 1.214684 1.64071 6.335965
v 1.279274 1.678595 6.335637
v 1.230428 1.541843 6.369942
v 1.313906 1.824257 6.323747
v 1.301278 1.68163 6.332657
v 1.183824 1.455823 6.448309
v 1.123334 1.759777 6.652985
v 1.112017 1.609495 6.432647
v 1.104364 1.681219 6.404328
v 1.103981 1.648255 6.49576
v 1.126942 1.548349 6.463396
v 1.14829 1.531347 6.421766
v 1.342907 1.851182 6.319374
v 1.365512 1.755787 6.353841
v 1.257188 2.118262 6.535559
v 1.171824 2.099156 6.622262
v 1.200497 2.067722 6.61614
v 1.336675 1.815457 6.37929
v 1.063172 1.69259 6.647464
v 1.037095 1.808021 6.371062
v -1.310126 1.989028 6.351655
v -1.302856 1.899016 6.330389
v -1.292059 2.049517 6.397987
v -1.274128 2.037572 6.395772
v -1.113623 1.972818 6.637404
v -1.094708 2.013738 6.604877
v -1.13169 2.053344 6.624614
v -1.123572 1.879035 6.656949
v -0.903315 1.718886 6.432318
v -1.234767 2.075922 6.467852
v -1.152082 2.073599 6.555704
v -0.931551 1.741436 6.559421
v -1.176901 1.977384 6.533399
v -1.109823 1.828769 6.458805
v -1.135271 1.906506 6.521973
v -1.136419 1.516313 6.587274
v -1.177912 1.502729 6.521345
v -1.158286 1.423789 6.515824
v -1.116165 1.633385 6.636558
v -1.279048 1.96049 6.405913
v -1.221318 1.871929 6.376693
v -1.050673 1.90134 6.626008
v -1.063137 1.826882 6.648858
v -1.024869 1.765327 6.64249
v -1.003358 1.837078 6.617888
v -1.129176 1.982631 6.449866
v -1.030828 1.91722 6.495595
v -1.266091 1.743459 6.327574
v -1.213747 1.641613 6.335637
v -1.229847 1.542718 6.369422
v -1.278228 1.679662 6.335201
v -1.31245 1.825433 6.323419
v -1.300232 1.68275 6.332166
v -1.340631 1.754939 6.324541
v -1.18368 1.45648 6.447789
v -1.111409 1.609987 6.43251
v -1.088968 1.722385 6.468125
v -1.154842 1.671708 6.364092
v -1.147872 1.531949 6.42144
v -1.341369 1.852467 6.319019
v -1.388438 1.936027 6.35242
v -1.325024 2.046866 6.420865
v -1.270465 2.111812 6.547038
v -1.227551 2.126708 6.577981
v -1.314008 1.645522 6.371282
v -1.303758 2.066601 6.49207
v -1.227933 2.062829 6.58998
v -1.185456 2.009172 6.607091
v -1.229573 1.534573 6.470804
v -1.151398 1.734139 6.595583
v -1.124201 1.695871 6.553052
v -1.035803 1.808377 6.371391
v -0.510062 -4.06118 -5.08017
v -0.60215 -4.018675 -5.089682
v -0.656244 -4.110462 -5.061966
v -0.503009 -4.229174 -5.37677
v -0.425873 -4.201512 -5.290231
v -0.407423 -4.234149 -5.244939
v -0.393291 -4.215233 -5.188167
v -0.457526 -4.020014 -5.276975
v -0.518945 -3.997463 -5.347989
v -0.502682 -4.251944 -5.064535
v -0.597148 -4.267086 -5.08531
v -0.403596 -4.11951 -5.143367
v -0.421718 -4.248526 -5.155038
v -0.593048 -4.277309 -5.19787
v -1.630453 -4.037918 -5.183656
v -1.668584 -4.096604 -5.202544
v -1.363073 -4.171417 -5.264838
v -1.584396 -3.943287 -5.306468
v -1.641168 -4.071567 -5.397654
v -1.673586 -4.085178 -5.293429
v -1.427334 -4.214632 -5.204185
v -1.470631 -4.182788 -5.135603
v -1.481893 -3.995468 -5.164632
v -1.613315 -4.22737 -5.171958
v -1.569881 -4.246777 -5.228757
v -1.604049 -4.194022 -5.091022
v -1.629961 -4.220564 -5.388143
v -1.47208 -4.089279 -5.134346
v -1.504471 -4.145723 -5.097227
v -0.876255 -4.029089 -4.661141
v -0.822379 -3.968791 -4.72759
v -0.922859 -4.100623 -4.6308
v -0.854087 -4.099557 -4.619101
v -0.873822 -4.259023 -4.640749
v -0.677564 -4.091766 -4.844005
v -0.699021 -4.032725 -4.797482
v -0.737562 -4.255524 -4.710396
v -0.914959 -4.170023 -4.608714
v -0.715886 -4.170543 -4.663628
v -1.409349 -4.027942 -4.734204
v -1.451689 -3.977947 -4.851495
v -1.222713 -4.224992 -4.647856
v -1.422906 -4.257902 -4.707526
v -1.325516 -4.26971 -4.730323
v -1.221592 -4.170187 -4.639437
v -1.265244 -4.029527 -4.681641
v -1.506576 -4.157149 -4.830365
v -1.493865 -4.16401 -4.777638
v -1.235669 0.924287 7.44474
v -1.225473 0.969881 7.470188
v -1.203688 0.911112 7.516328
v -1.146123 0.991064 7.576519
v -1.179825 1.003938 7.537348
v -1.134096 1.048411 7.562195
v -1.162386 1.107671 7.46729
v -1.193192 1.089658 7.418691
v -1.229737 1.025424 7.389443
v -1.222439 1.021459 7.442008
v -1.241792 0.96805 7.403739
v -1.235833 0.879132 7.416558
v -1.216398 0.858768 7.468248
v -1.174304 0.868881 7.544319
v -1.088366 1.059345 7.587096
v -1.097222 1.122924 7.52759
v -1.129449 1.14542 7.449332
v -1.158778 1.133174 7.399831
v -1.203497 1.078478 7.348114
v -1.147599 0.823152 7.549375
v -1.090662 0.892717 7.615223
v -1.201064 1.05776 7.288855
v -1.225856 0.987128 7.286969
v -1.206312 0.797048 7.356506
v -1.177256 0.766571 7.433836
v -1.011776 0.942191 7.642748
v -0.990128 1.026489 7.629492
v -0.985591 1.103626 7.587315
v -1.011667 1.181035 7.484813
v -1.068385 1.190466 7.367056
v -1.206258 0.974555 7.239108
v -1.124201 0.725897 7.456987
v -0.947405 0.971494 7.641845
v -1.049634 1.185737 7.299022
v -1.12401 1.094797 7.213004
v -1.163452 1.007437 7.193376
v -1.141421 0.736148 7.299079
v -1.059447 0.7025 7.482543
v -0.881093 1.05426 7.600106
v -0.911816 1.189071 7.450425
v -0.95361 1.206237 7.356917
v -1.03255 1.160042 7.232355
v -1.157084 0.848381 7.194006
v -1.063684 0.680058 7.367193
v -0.932945 0.756539 7.573429
v -0.838616 0.992623 7.602485
v -0.838534 1.124044 7.515562
v -0.932727 1.189864 7.286886
v -1.040422 1.075553 7.1509
v -1.063492 1.030043 7.135703
v -1.098507 0.930137 7.133024
v -1.114579 0.83116 7.167027
v -0.994146 0.665982 7.391221
v -0.942403 0.68763 7.478634
v -0.863408 0.784119 7.56993
v -0.821395 1.158594 7.404451
v -0.863216 1.17576 7.310914
v -0.968835 1.096984 7.155493
v -0.802426 0.819407 7.549156
v -0.75522 1.003173 7.520237
v -1.010191 0.853958 7.117908
v -1.01522 0.768265 7.164786
v -0.948881 0.71029 7.225523
v -0.900664 0.676642 7.342622
v -0.732615 1.049012 7.426236
v -0.7705 1.105621 7.314275
v -0.833532 1.09045 7.200428
v -0.879207 1.042043 7.14281
v -0.919661 0.970865 7.110391
v -0.948799 0.887769 7.10815
v -0.898231 0.725761 7.220055
v -0.819919 0.712723 7.382665
v -0.762983 0.782315 7.448513
v -0.721927 0.885118 7.461169
v -0.732724 1.052293 7.329198
v -0.850533 0.749268 7.220547
v -0.831126 0.728904 7.272209
v -0.773616 0.752986 7.369354
v -0.706074 0.902612 7.402947
v -0.803984 0.970947 7.165251
v -0.850479 0.867898 7.142126
v -0.807565 0.78002 7.226915
v -0.705991 0.904115 7.34437
v -0.712087 0.947959 7.303369
v -0.754482 0.954984 7.215382
v -0.770964 0.816702 7.238971
v -0.738656 0.824491 7.297356
v -0.719166 0.888644 7.293092
v -0.764131 0.877847 7.211936
v -1.205574 1.014189 7.491945
v 1.241498 0.936124 7.428997
v 1.229307 0.975839 7.462234
v 1.215176 0.908625 7.498806
v 1.164171 0.954765 7.568508
v 1.141948 1.010416 7.575314
v 1.176498 1.023592 7.534369
v 1.13793 1.080064 7.537211
v 1.164252 1.107534 7.467427
v 1.195085 1.089522 7.418855
v 1.210939 1.047537 7.450945
v 1.224114 1.044038 7.391903
v 1.243494 0.896407 7.393625
v 1.205281 0.856472 7.49498
v 1.160535 0.882658 7.565503
v 1.098979 1.004267 7.606092
v 1.090095 1.059262 7.587178
v 1.205417 1.078314 7.348251
v 1.243521 0.969444 7.345354
v 1.235184 0.858221 7.357517
v 1.092282 0.892635 7.615304
v 1.110569 1.170649 7.395868
v 1.168626 1.11814 7.316572
v 1.203012 1.057623 7.28902
v 1.178903 0.766434 7.43397
v 1.115817 0.781631 7.547789
v 0.99183 1.026462 7.629492
v 1.01356 1.181008 7.48484
v 1.208178 0.974391 7.23927
v 1.189345 0.792182 7.288581
v 1.051418 0.769359 7.574385
v 0.934292 1.062953 7.610412
v 1.002846 1.206073 7.38138
v 1.179641 0.960341 7.196604
v 1.128008 0.713488 7.343796
v 0.955366 0.814596 7.615933
v 0.88818 1.13577 7.53579
v 0.913737 1.189126 7.450398
v 1.00741 1.184589 7.26953
v 1.128199 0.995246 7.157434
v 1.100346 0.716631 7.27426
v 1.042261 0.67615 7.415029
v 0.934483 0.756566 7.573402
v 0.84029 0.992732 7.602403
v 0.934757 1.189892 7.286859
v 1.016895 1.115625 7.174708
v 1.065522 1.029988 7.135758
v 1.100482 0.930055 7.133106
v 1.116473 0.831079 7.16711
v 1.063199 0.736476 7.21232
v 0.823152 0.876973 7.590676
v 0.792456 1.067436 7.525211
v 0.944214 1.129592 7.186326
v 0.987948 0.682273 7.278687
v 0.948506 0.666146 7.36673
v 0.756976 1.00331 7.5201
v 0.771846 1.109038 7.421096
v 0.82553 1.146458 7.291041
v 0.92508 1.072137 7.144695
v 1.002326 0.900726 7.106266
v 0.959467 0.736449 7.190891
v 0.858413 0.695065 7.416642
v 0.772284 0.814733 7.506625
v 0.772475 1.105757 7.314139
v 0.964031 0.805495 7.136414
v 0.875251 0.699903 7.285766
v 0.821567 0.712832 7.382555
v 0.76463 0.782451 7.448349
v 0.723629 0.885282 7.460977
v 0.712368 0.986664 7.416149
v 0.782944 1.06041 7.228939
v 0.841001 1.007957 7.149643
v 0.889246 0.912671 7.117826
v 0.858221 0.766816 7.197341
v 0.707885 0.975785 7.354483
v 0.733251 1.013588 7.279697
v 0.858276 0.839853 7.149042
v 0.795927 0.766106 7.262396
v 0.736093 0.81077 7.350383
v 0.745988 0.961216 7.231645
v 0.777395 0.932816 7.188731
v 0.813448 0.842422 7.177606
v 0.77488 0.822988 7.230687
v 0.730955 0.841356 7.304764
v 0.727155 0.906985 7.268901
v 0.874349 -4.028735 -4.661496
v 0.905974 -3.967287 -4.717038
v 0.851853 -4.099119 -4.619511
v 0.920652 -4.100403 -4.631046
v 0.685198 -4.24746 -4.858929
v 0.678036 -4.246367 -4.812407
v 0.695448 -4.251697 -4.779688
v 0.75807 -3.967615 -4.789911
v 0.871205 -4.25864 -4.641105
v 0.968432 -4.268699 -4.706351
v 0.670629 -4.160539 -4.843622
v 0.736695 -4.028844 -4.733438
v 0.697416 -4.031905 -4.79833
v 1.30915 -2.425461 -6.400345
v 1.46427 -2.279033 -6.329933
v 1.131397 -2.454271 -6.421667
v 1.508906 -2.348489 -5.379066
v 1.427233 -2.273265 -5.240375
v 0.671995 -2.512493 -5.496713
v 0.702855 -2.403676 -5.377563
v 1.675261 -2.351714 -5.949636
v 1.688108 -2.246259 -5.789103
v 0.64201 -2.555625 -5.723557
v 0.955995 -2.465559 -5.280911
v 0.84901 -2.39851 -5.276263
v 1.330142 -2.377463 -5.244639
v 0.821075 -2.515034 -6.246017
v 0.717506 -2.544336 -6.065641
v 1.14203 -2.193423 -5.082849
v 1.141483 -2.339359 -5.189014
v 1.149328 -2.053774 -4.96422
v 1.273206 -2.140258 -6.359809
v 1.545507 -2.1305 -5.268201
v 1.482474 -2.002659 -5.071615
v 0.653955 -2.301857 -5.408862
v 0.71152 -2.161634 -5.173981
v 0.638703 -2.188694 -5.33085
v 0.631268 -2.331733 -5.545476
v 1.63877 -2.128505 -6.096829
v 0.805248 -2.276135 -6.206794
v 1.67414 -2.133972 -5.597001
v 1.292777 -3.501189 -6.152727
v 1.138367 -3.506273 -6.170685
v 1.415178 -3.612219 -6.099946
v 1.439915 -3.416344 -5.432642
v 1.454895 -3.264313 -5.457024
v 1.362123 -3.533006 -5.310048
v 1.576995 -3.455869 -5.833794
v 0.727675 -3.423834 -5.475693
v 0.717233 -3.264176 -5.504611
v 0.694546 -3.567747 -5.563407
v 1.012002 -3.399042 -5.249833
v 1.005278 -3.237607 -5.288838
v 0.768949 -3.507175 -5.918503
v 0.70619 -3.616319 -5.766935
v 1.310352 -2.813822 -6.267065
v 1.496032 -2.661736 -5.472029
v 1.425292 -2.783727 -5.378602
v 0.712723 -2.75314 -5.542059
v 1.63467 -2.720121 -5.905328
v 0.662866 -2.812619 -5.755838
v 1.01438 -2.720039 -5.347223
v 1.098132 -2.811443 -5.321366
v 0.924288 -2.819972 -5.367614
v 0.836464 -2.861465 -6.185474
v 1.593068 -2.690327 -5.704068
v 0.736722 -2.860125 -6.045797
v 1.180789 -3.006554 -5.297229
v 1.177154 -2.562486 -5.287388
v 0.817248 -2.618548 -5.393581
v 1.313742 -2.644816 -6.329551
v 1.504888 -2.498115 -5.43286
v 0.694518 -2.646893 -5.523937
v 0.6662 -2.667421 -5.624089
v 1.659489 -2.54584 -5.921345
v 1.566827 -2.588453 -6.155925
v 1.135852 -3.152544 -6.223249
v 1.44243 -3.11567 -6.146905
v 1.518938 -3.037851 -5.594377
v 0.713488 -3.045122 -5.527681
v 1.600721 -3.070269 -5.881192
v 0.689981 -3.145793 -5.853475
v 0.7555 -3.154157 -5.997252
v 1.278645 -3.754082 -6.201628
v 1.403834 -3.759303 -6.136792
v 0.98158 -3.763813 -6.178885
v 0.850267 -3.768624 -6.075045
v 1.570654 -3.715405 -5.714865
v 1.503467 -3.663798 -5.516202
v 1.31407 -3.660136 -5.204785
v 1.096355 -3.639662 -5.121827
v 0.786224 -3.680471 -5.252182
v 0.675029 -3.700234 -5.641582
v 1.395416 -3.896492 -6.173118
v 1.335336 -3.996535 -5.300919
v 1.395061 -3.845296 -5.243244
v 1.399598 -3.973874 -5.198445
v 1.561442 -4.03461 -5.839426
v 1.568248 -3.887691 -5.694064
v 1.577569 -4.026738 -5.695649
v 1.528997 -4.105596 -5.9662
v 0.736285 -4.019084 -5.953955
v 0.651877 -4.156793 -5.70855
v 1.122787 -4.160975 -6.142915
v 1.230483 -4.135773 -6.164207
v 1.323719 -4.15939 -6.096993
v 1.01397 -4.143701 -6.168199
v 1.107617 -4.213374 -5.945508
v 0.833648 -4.214823 -5.905984
v 1.124153 -4.261291 -5.568164
v 1.440134 -4.236991 -5.702892
v 1.47698 -4.256179 -5.540256
v 1.161082 -4.266102 -5.406565
v 0.802788 -4.271678 -5.430318
v 0.817549 -4.270366 -5.173981
v 1.373029 -4.243497 -5.422637
v 1.28608 -4.216382 -5.337902
v 1.333696 -4.257546 -5.135877
v 1.223157 -4.273509 -5.042777
v 0.975785 -4.272526 -5.024327
v 1.357449 -3.838079 -5.035971
v 1.374396 -3.879736 -4.941067
v 1.460279 -4.072523 -5.070795
v 1.498246 -4.082035 -4.975263
v 1.106414 -4.217639 -4.853681
v 1.132655 -4.238413 -4.789856
v 1.219631 -3.923826 -4.802293
v 1.096191 -3.826216 -4.93612
v 1.096246 -3.739349 -5.027061
v 1.269051 -4.089169 -6.197609
v 0.978245 -4.101414 -6.201082
v 1.114641 -4.143099 -4.84693
v 1.146103 -4.087146 -4.771132
v 1.344684 -4.277691 -4.842665
v 0.901874 -3.745308 -5.041055
v 0.741861 -4.235625 -5.068717
v 0.71972 -4.239315 -4.989995
v 0.847999 -3.916801 -4.799778
v 0.746508 -3.935607 -4.972529
v 0.766434 -3.84371 -5.163593
v 0.786005 -4.146106 -5.16947
v 0.805057 -4.082937 -5.192184
v 0.89966 -4.274192 -4.79043
v 1.081677 -4.150507 -4.802676
v 1.061668 -4.154825 -4.75014
v 0.76586 -3.992707 -5.099713
v 1.54742 -3.874242 -5.503053
v 1.365403 -4.222176 -5.345173
v 0.624926 -3.87211 -5.483646
v 0.711465 -4.267468 -5.189178
v 1.629969 -4.038465 -5.183082
v 1.613076 -3.984644 -5.234252
v 1.376173 -4.207279 -5.267627
v 1.641203 -4.072113 -5.397053
v 1.673293 -4.085807 -5.292747
v 1.426604 -4.214604 -5.204157
v 1.497782 -4.213075 -5.115048
v 1.530145 -4.193394 -5.087632
v 1.4857 -3.941156 -5.223427
v 1.48149 -3.995632 -5.164469
v 1.612338 -4.227861 -5.171466
v 1.629613 -4.221056 -5.387568
v 1.416162 -4.137332 -5.192158
v 1.470776 -4.139956 -5.130027
v 1.689256 -4.145997 -5.229058
v 1.569123 -4.151299 -5.07536
v 1.407771 -4.028735 -4.733438
v 1.450521 -3.978822 -4.850592
v 1.175049 -4.24429 -4.69591
v 1.220369 -4.225265 -4.647583
v 1.420618 -4.258749 -4.706734
v 1.45812 -4.26818 -4.818092
v 1.157856 -4.156165 -4.710779
v 1.263502 -4.029937 -4.681258
v 1.196753 -4.033326 -4.699435
v 1.422668 -4.169969 -4.658981
v 1.504888 -4.158133 -4.829354
v 1.492014 -4.165049 -4.776654
v 1.286845 -4.170871 -4.612486
v 0.509194 -4.060523 -5.080853
v 0.547653 -4.006949 -5.11226
v 0.709306 -4.106335 -5.095395
v 0.502552 -4.228545 -5.377509
v 0.406555 -4.233192 -5.245897
v 0.392314 -4.214277 -5.189178
v 0.467319 -4.007823 -5.217496
v 0.518952 -3.996835 -5.348699
v 0.501267 -4.251287 -5.065273
v 0.567033 -4.111254 -5.482445
v 0.611287 -4.209821 -5.034058
v 0.493997 -4.10669 -5.374393
v 0.420988 -4.158379 -5.286295
v 0.402783 -4.118581 -5.14435
v 0.420578 -4.247652 -5.155967
v 0.591934 -4.276926 -5.198389
v -1.763077 -1.54826 4.354582
v -1.858774 -1.772426 4.079302
v -1.717156 -1.472627 2.24093
v -1.846829 -1.737356 2.599387
v -2.00389 -1.776717 3.481426
v -1.521391 -1.890454 2.356853
v -0.766099 -2.169123 2.409908
v -1.417412 -2.233577 2.59977
v -1.261199 -2.408896 2.573857
v -1.570018 -2.254843 4.064433
v -0.439567 -2.418163 3.453463
v -0.614997 -2.323478 4.079548
v -1.727407 -2.207637 3.182994
v -1.754303 -2.130856 2.916461
v -0.487211 -2.452576 3.042716
v -0.707058 -2.244182 4.397988
v -0.993736 -2.461624 4.0702
v -1.175288 -2.308991 2.480676
v -1.0103 -2.489587 2.566504
v -1.720518 -2.218789 3.681155
v -1.601342 -2.044918 2.576563
v -1.636166 -2.065227 4.240709
v -0.812512 -2.169533 4.501776
v -1.352604 -2.566395 2.657307
v -1.225774 -2.808547 2.590339
v -1.550611 -2.537039 3.902041
v -1.651664 -2.71367 3.71893
v -0.585148 -2.623605 3.658194
v -0.551828 -2.814697 3.453901
v -1.630426 -2.50175 3.127944
v -1.562829 -2.695521 2.955165
v -0.514025 -2.698364 3.281341
v -0.984169 -2.732941 3.96674
v -1.009644 -2.858349 2.596789
v -0.873549 -2.700195 2.665261
v -1.668967 -2.51539 3.525516
v -0.635033 -2.716513 2.936906
v -1.653851 -2.920807 3.698621
v -1.465219 -2.902302 3.960672
v -0.670457 -2.958665 3.763676
v -0.602861 -2.967576 3.618095
v -0.554999 -2.9986 3.266034
v -0.854661 -2.837575 3.922076
v -0.986793 -2.906594 3.970785
v -1.265928 -2.899815 3.997217
v -1.117777 -2.961999 2.567898
v -0.771019 -3.034052 2.798241
v -1.490667 -2.831562 2.812646
v -1.324614 -3.02618 2.631613
v -1.285198 -3.630369 2.717633
v -1.213774 -3.77554 2.667338
v -1.361952 -3.754192 2.767791
v -1.452919 -3.539757 3.602132
v -1.408911 -3.386359 3.73268
v -1.533008 -3.418203 3.480141
v -1.379117 -3.677712 3.694412
v -1.542301 -3.576357 3.077047
v -1.500508 -3.73238 2.949398
v -0.684042 -3.605605 3.516604
v -0.632654 -3.627062 3.361648
v -0.759976 -3.588084 3.649721
v -1.007813 -3.554627 3.781333
v -0.905639 -3.422549 3.765015
v -0.912636 -3.701082 2.721132
v -0.780231 -3.574034 2.817839
v -1.569198 -3.563182 3.341175
v -1.301872 -3.332183 2.681279
v -1.458277 -3.127288 3.861422
v -0.700771 -3.191113 3.69381
v -0.590642 -3.325596 3.405656
v -1.533636 -3.271147 3.054988
v -1.549709 -3.125867 3.050998
v -1.486868 -3.128518 2.936523
v -0.623306 -3.231048 3.090277
v -0.967031 -3.278554 3.827665
v -1.265135 -3.133083 3.907753
v -1.1239 -3.403279 2.63544
v -1.011394 -3.278144 2.64189
v -1.601069 -3.274727 3.359953
v -1.617743 -3.051983 3.20087
v -1.302528 -3.913931 2.657881
v -1.042664 -3.932984 2.611523
v -0.817842 -3.94799 2.748903
v -1.528826 -3.923335 2.912634
v -1.637041 -3.859947 3.200351
v -1.566874 -3.809052 3.487385
v -1.191552 -3.796423 3.836795
v -0.671687 -3.857269 3.567665
v -0.663897 -3.898188 3.114495
v -0.726738 -3.928146 2.923731
v -1.219214 -4.029472 2.563606
v -1.408173 -4.074737 2.681826
v -1.550037 -4.099639 2.877837
v -1.517482 -4.188993 3.735549
v -1.474267 -4.016653 3.756379
v -1.511851 -4.259542 3.646633
v -1.565125 -4.264845 3.837588
v -0.632162 -4.025563 3.190238
v -0.60122 -4.170926 3.204725
v -1.13016 -4.338428 2.674118
v -1.344212 -4.358109 2.739282
v -0.895224 -4.363493 2.78124
v -0.793925 -4.404685 3.014235
v -1.093642 -4.43642 3.124773
v -1.453575 -4.409469 2.959703
v -1.582646 -4.448201 3.205052
v -1.170559 -4.462278 3.631544
v -1.462486 -4.45345 3.542681
v -1.457074 -4.453613 3.839774
v -0.968999 -4.463809 3.871044
v -1.104302 -4.458342 3.976635
v -1.42359 -4.007687 3.936809
v -1.351865 -4.035841 4.079548
v -1.580842 -4.28089 4.017227
v -1.560342 -4.185467 4.006512
v -1.126852 -4.424011 4.068505
v -1.218776 -4.459517 4.098845
v -1.10791 -4.10598 4.143756
v -1.22438 -3.983961 4.015368
v -1.513409 -4.358491 3.618369
v -1.550611 -4.424393 3.925685
v -1.101978 -4.290156 4.140285
v -1.164601 -4.282804 4.201922
v -1.327811 -4.465558 3.978248
v -1.414952 -4.466543 4.103083
v -0.971103 -3.98172 4.015039
v -0.844493 -3.981666 3.98787
v -0.673218 -4.423983 3.87345
v -0.677482 -4.425268 3.795985
v -0.638039 -4.383502 3.980735
v -1.046491 -4.28294 4.25413
v -0.654494 -4.4271 4.077798
v -0.73215 -4.088814 4.13151
v -0.662202 -4.072824 3.931179
v -0.659387 -4.012252 3.82444
v -1.073743 -4.38711 4.191617
v -0.640171 -4.341298 3.887582
v -0.643506 -4.278677 3.83387
v -0.87743 -4.465258 4.168165
v -1.09017 -4.342364 4.156466
v -0.632463 -4.175272 3.916473
v -1.686625 -4.022202 3.406586
v -1.640977 -4.003013 3.518791
v -1.581826 -4.024607 3.628592
v -1.722897 -4.413323 3.254554
v -1.621515 -4.460528 3.414431
v -0.600564 -4.029253 3.689437
v -0.483192 -4.423709 3.413255
v -0.485079 -4.292398 3.387643
v -0.457143 -4.241365 3.806892
v -0.484477 -4.315359 3.841524
v -0.438009 -4.455062 3.53019
v -0.384462 -4.429888 3.520103
v -0.393346 -4.452902 3.543583
v -0.353465 -4.400831 3.564303
v -0.335835 -4.412366 3.649148
v -0.434265 -4.132194 3.636683
v -0.44651 -4.139601 3.509963
v -0.437271 -4.443281 3.812276
v -0.406275 -4.457304 3.712289
v -0.538024 -4.437186 3.860876
v -0.359397 -4.442024 3.68829
v -0.380608 -4.456593 3.644118
v -0.417181 -4.37194 3.829087
v -0.544174 -4.364505 3.863035
v -0.879289 -4.201622 4.351411
v -0.779465 -4.268891 4.393014
v -0.682211 -4.453094 4.182131
v -0.870733 -4.441914 4.337608
v -0.640527 -4.28458 4.154662
v -0.722665 -4.201868 4.280315
v -0.674284 -4.214359 4.206869
v -1.012952 -4.34958 4.31257
v -1.474731 -4.204984 4.261155
v -1.529372 -4.293655 4.234586
v -1.204153 -4.39572 4.240244
v -1.486185 -4.443691 4.239069
v -1.522101 -4.4558 4.107784
v -1.389586 -4.462633 4.218978
v -1.277736 -4.357972 4.336651
v -1.250183 -4.217448 4.291714
v -1.351893 -4.407474 4.35081
v -1.787131 -4.22409 3.612273
v -1.821927 -4.293518 3.566134
v -1.770977 -4.255087 3.344182
v -1.59645 -4.456839 3.599482
v -1.592213 -4.424284 3.671424
v -1.62556 -4.387383 3.714475
v -1.795277 -4.427482 3.577751
v -1.771934 -4.432867 3.636464
v -1.825372 -4.379566 3.544814
v -1.727078 -4.448884 3.394914
v -1.707972 -4.225812 3.714913
v -1.743069 -4.400039 3.722074
v -1.68903 -4.457304 3.636218
v 1.763112 -1.54826 4.354582
v 1.582161 -1.734841 2.298795
v 1.846864 -1.737356 2.599387
v 2.003924 -1.776717 3.481426
v 1.347335 -2.032481 2.343569
v 1.641968 -1.882664 4.30016
v 1.949612 -1.885834 3.15413
v 0.766133 -2.169123 2.409908
v 1.417447 -2.233577 2.59977
v 1.261233 -2.408896 2.573857
v 1.482556 -2.328726 2.763418
v 1.570053 -2.254843 4.064433
v 0.500283 -2.365026 3.780952
v 0.393162 -2.344799 3.442312
v 0.665025 -2.432459 3.910706
v 1.727441 -2.207637 3.182994
v 1.811931 -2.140095 3.479923
v 1.685948 -2.206653 2.966045
v 0.438263 -2.380661 2.98485
v 0.522916 -2.561749 3.094596
v 0.707092 -2.244182 4.397988
v 1.204242 -2.323725 4.22029
v 1.020749 -2.358056 2.508502
v 0.83548 -2.412505 2.599578
v 0.665134 -2.453451 2.730891
v 0.812519 -2.169533 4.501776
v 1.352638 -2.566395 2.657307
v 1.337905 -2.767354 2.637162
v 1.225809 -2.808547 2.590339
v 1.438139 -2.728895 2.715282
v 1.550645 -2.537039 3.902041
v 1.651699 -2.71367 3.71893
v 1.40583 -2.723046 3.991231
v 0.585183 -2.623605 3.658194
v 0.551862 -2.814697 3.453901
v 1.630461 -2.50175 3.127944
v 1.614716 -2.694591 3.081284
v 0.582613 -2.852199 3.105255
v 0.984204 -2.732941 3.96674
v 0.873583 -2.700195 2.665261
v 0.74238 -2.715393 2.782934
v 1.653886 -2.920807 3.698621
v 1.465254 -2.902302 3.960672
v 0.602895 -2.967576 3.618095
v 0.670492 -2.958665 3.763676
v 1.525662 -2.900471 2.933161
v 0.854695 -2.837575 3.922076
v 1.265962 -2.899815 3.997217
v 1.010226 -3.053349 2.591241
v 0.771054 -3.034052 2.798241
v 1.324648 -3.02618 2.631613
v 1.661731 -2.973398 3.446575
v 1.364392 -2.957681 3.977974
v 1.285233 -3.630369 2.717633
v 1.452954 -3.539757 3.602132
v 1.379152 -3.677712 3.694412
v 1.542336 -3.576357 3.077047
v 1.569861 -3.719287 3.07896
v 1.500542 -3.73238 2.949398
v 0.684077 -3.605605 3.516604
v 0.609646 -3.482848 3.386494
v 0.760011 -3.588084 3.649721
v 1.007848 -3.554627 3.781333
v 1.316339 -3.527812 3.747112
v 1.131862 -3.679899 2.664359
v 0.912671 -3.701082 2.721132
v 0.798305 -3.694713 2.804035
v 0.654283 -3.676592 3.079234
v 1.301906 -3.332183 2.681279
v 1.218811 -3.232469 2.629126
v 1.516204 -3.258573 3.691515
v 0.715019 -3.30608 3.673474
v 1.533671 -3.271147 3.054988
v 1.486902 -3.128518 2.936523
v 1.549743 -3.125867 3.050998
v 0.593437 -3.353695 3.243319
v 0.967065 -3.278554 3.827665
v 1.03346 -3.150057 3.903325
v 1.353403 -3.241926 3.842945
v 1.011428 -3.278144 2.64189
v 0.774716 -3.408117 2.831233
v 1.601104 -3.274727 3.359953
v 1.170649 -3.538609 3.778873
v 1.465664 -3.055892 3.897612
v 0.572964 -3.133602 3.255893
v 0.766516 -3.115534 3.791174
v 1.302562 -3.913931 2.657881
v 1.042699 -3.932984 2.611523
v 0.817877 -3.94799 2.748903
v 1.52886 -3.923335 2.912634
v 1.637075 -3.859947 3.200351
v 1.567647 -3.809708 3.488013
v 1.414468 -3.830973 3.711797
v 1.191887 -3.796533 3.836904
v 0.900097 -3.815584 3.831765
v 0.663932 -3.898188 3.114495
v 1.219248 -4.029472 2.563606
v 1.408208 -4.074737 2.681826
v 1.517462 -4.189868 3.736424
v 1.474466 -4.017226 3.756953
v 1.511831 -4.260171 3.647261
v 1.564613 -4.265856 3.838571
v 1.620812 -4.175572 2.994417
v 0.70209 -4.170816 2.955876
v 0.601255 -4.170926 3.204725
v 1.130195 -4.338428 2.674118
v 1.272304 -4.319896 2.666902
v 1.100127 -4.412038 2.933353
v 0.793959 -4.404685 3.014235
v 1.127324 -4.450907 3.293505
v 1.582653 -4.448228 3.205079
v 0.739455 -4.457905 3.511111
v 0.767609 -4.458807 3.740005
v 1.170266 -4.462388 3.631654
v 1.456015 -4.454324 3.840512
v 0.967885 -4.4637 3.870881
v 1.423515 -4.008316 3.937411
v 1.446202 -4.049207 4.038465
v 1.547311 -4.168575 3.915544
v 1.559502 -4.186478 4.007606
v 1.579702 -4.281929 4.018374
v 1.125274 -4.423819 4.068341
v 1.216898 -4.459572 4.098928
v 1.107398 -4.106007 4.143756
v 1.224114 -3.984098 4.015477
v 1.510793 -4.408978 3.596037
v 1.624966 -4.381369 3.007838
v 1.683844 -4.352286 3.126276
v 1.133693 -4.22398 2.581592
v 1.115161 -4.341599 4.117187
v 1.16305 -4.282694 4.201868
v 1.27132 -4.466597 4.179235
v 1.413019 -4.467116 4.103738
v 1.116117 -4.233083 4.136731
v 0.956706 -4.046556 4.113197
v 0.672214 -4.423054 3.872548
v 0.658028 -4.423382 3.980297
v 1.044666 -4.283049 4.254239
v 0.652807 -4.426088 4.076733
v 0.659148 -4.103383 4.01012
v 0.659449 -4.01165 3.823811
v 0.642994 -4.277665 3.832859
v 1.026462 -4.430735 4.229939
v 0.6255 -4.339604 4.077115
v 0.877738 -4.463918 3.966685
v 0.875333 -4.464902 4.167755
v 0.632033 -4.174206 3.915462
v 1.687233 -4.022775 3.407105
v 1.621221 -4.460994 3.414895
v 0.600927 -4.028543 3.688727
v 0.614867 -3.936072 3.463905
v 0.483145 -4.423081 3.412654
v 0.485332 -4.29177 3.387042
v 0.456522 -4.240901 3.806427
v 0.429762 -4.313089 3.820476
v 0.594093 -4.226905 3.823456
v 0.384141 -4.429286 3.51953
v 0.392943 -4.452329 3.54301
v 0.363258 -4.430899 3.558535
v 0.335214 -4.411574 3.648354
v 0.434409 -4.131674 3.636164
v 0.4469 -4.139164 3.509553
v 0.436131 -4.442762 3.811757
v 0.51846 -4.452957 3.831192
v 0.382638 -4.441969 3.76067
v 0.412815 -4.353544 3.461828
v 0.536911 -4.436967 3.860657
v 0.353473 -4.303768 3.578461
v 0.379877 -4.455937 3.643516
v 0.489869 -4.462196 3.719751
v 0.583543 -4.362099 3.850161
v 0.877765 -4.201485 4.351274
v 0.861228 -4.277255 4.394572
v 0.675029 -4.437241 4.232728
v 0.868581 -4.44175 4.337444
v 0.661335 -4.354719 4.262302
v 0.721333 -4.201293 4.27977
v 0.673143 -4.213675 4.206187
v 1.011319 -4.349908 4.312762
v 1.473345 -4.205476 4.261673
v 1.391698 -4.137606 4.250794
v 1.527822 -4.294284 4.235243
v 1.416326 -4.272307 4.37101
v 1.484224 -4.444238 4.239614
v 1.52066 -4.456292 4.108358
v 1.195741 -4.34764 4.258613
v 1.275748 -4.357944 4.336624
v 1.321641 -4.205147 4.318473
v 1.248687 -4.217339 4.291632
v 1.786783 -4.224719 3.612875
v 1.821525 -4.294229 3.566845
v 1.745291 -4.110818 3.411697
v 1.667061 -4.062875 3.56228
v 1.558627 -4.419637 3.637694
v 1.815101 -4.282229 3.481972
v 1.624638 -4.387493 3.714639
v 1.794492 -4.428111 3.578407
v 1.824777 -4.380276 3.545524
v 1.761062 -4.416739 3.358751
v 1.707351 -4.226195 3.715323
v 1.720963 -4.435355 3.67916
v 1.741956 -4.400504 3.722566
v 1.687998 -4.457632 3.636573
v -1.105997 -0.89495 -7.02315
v -1.323028 -1.117695 -6.856603
v -1.406834 -0.603161 -6.991006
v -0.877649 -0.616636 -7.178981
v -1.942006 -1.210002 -4.801801
v -1.668256 -1.427526 -4.627082
v -1.984291 -0.880764 -4.40114
v -1.958324 -1.485993 -5.222689
v -2.21745 -0.244703 -4.59707
v -2.347997 0.07382 -5.003417
v -1.026017 -1.904995 -4.613114
v -1.795714 -1.813235 -5.312782
v -1.612167 -1.781938 -4.862947
v -0.92592 -1.564496 -6.586872
v -2.063642 -0.84288 -6.557626
v -2.232128 -0.492486 -6.319218
v -1.892094 -0.578942 -6.795895
v -1.812825 -1.67867 -6.289752
v -1.529044 -1.78191 -6.330235
v -1.524096 -1.32065 -6.698258
v -1.471041 -1.605633 -4.361178
v -1.187014 -0.257905 -7.148285
v -1.467133 -1.796999 -4.750851
v -2.160185 -1.333688 -6.006545
v -2.257303 -1.067865 -5.728695
v -1.942525 -1.705321 -5.542551
v -1.838301 -1.897998 -5.950455
v -0.861002 -1.998012 -4.756755
v -1.050372 -1.987571 -4.789747
v 1.106031 -0.89495 -7.02315
v 0.854149 -1.116438 -6.973949
v 1.406869 -0.603161 -6.991006
v 1.94204 -1.210002 -4.801801
v 1.668291 -1.427526 -4.627082
v 2.079257 -0.930785 -4.714087
v 2.07081 -1.259886 -5.155666
v 2.217485 -0.244703 -4.59707
v 2.348031 0.07382 -5.003417
v 1.026052 -1.904995 -4.613114
v 1.795749 -1.813235 -5.312782
v 1.612201 -1.781938 -4.862947
v 0.925955 -1.564496 -6.586872
v 2.063676 -0.84288 -6.557626
v 2.085106 -0.540075 -6.58947
v 1.81286 -1.67867 -6.289752
v 2.010922 -1.523194 -6.180171
v 1.853396 -1.814765 -6.098742
v 1.524131 -1.32065 -6.698258
v 1.706066 -0.255774 -6.943089
v 1.467167 -1.796999 -4.750851
v 2.16022 -1.333688 -6.006545
v 2.073462 -1.549298 -5.76371
v 2.257337 -1.067865 -5.728695
v 2.370254 -0.037758 -5.681927
v 1.323828 -1.638079 -6.489317
v 1.205445 -1.818237 -6.346772
v 0.96179 -1.866181 -6.34647
v 1.838335 -1.897998 -5.950455
v 0.861037 -1.998012 -4.756755
v 1.050407 -1.987571 -4.789747
v 0.536747 -2.144468 -5.71552
f 1282 1284 1283
f 1285 1283 1284
f 1363 1366 1368
f 1363 1368 1364
f 1407 1405 1398
f 1407 1416 1405
f 1418 1430 1417
f 1418 1417 1416
f 1219 1222 1631
f 1281 1631 1222
f 3600 3601 3602
f 3603 3602 3601
f 3683 3687 3681
f 3683 3684 3687
f 3727 3719 3726
f 3735 3736 3727
f 3544 3943 3546
f 3599 3546 3943
f 604 603 605
f 605 603 626
f 605 626 601
f 606 627 604
f 604 627 628
f 604 628 603
f 757 759 758
f 758 760 762
f 765 757 766
f 775 762 773
f 777 773 774
f 803 805 804
f 791 805 807
f 808 795 809
f 882 876 884
f 765 896 908
f 959 961 960
f 962 960 963
f 963 960 961
f 959 960 965
f 962 964 965
f 962 965 960
f 959 965 961
f 963 961 965
f 963 965 967
f 964 966 967
f 964 967 965
f 973 978 979
f 980 982 981
f 969 981 982
f 978 984 983
f 989 990 913
f 984 985 989
f 999 998 997
f 999 997 1000
f 980 1000 997
f 1005 1007 1006
f 1008 1006 1007
f 1008 1007 1009
f 999 1009 1007
f 999 1007 998
f 1019 1018 1020
f 1005 1020 1018
f 883 1022 1021
f 1029 1027 1028
f 883 1021 1043
f 1079 1078 1077
f 1083 1084 1082
f 1085 1087 1086
f 1088 1086 1087
f 1085 1086 1089
f 1089 1086 1090
f 1088 1090 1086
f 1089 1090 1091
f 1088 1091 1090
f 1094 1093 1092
f 1096 1095 1092
f 1098 1097 1099
f 1100 1099 1097
f 1103 1102 1104
f 1105 1104 1102
f 1083 1082 1106
f 1108 1107 1080
f 1106 1082 1112
f 1113 1112 1082
f 1096 1111 1114
f 1080 1107 1115
f 1108 1115 1107
f 1117 1116 1115
f 1121 1120 1119
f 1125 1123 1122
f 1126 1122 1124
f 1127 1131 1130
f 1127 1130 1128
f 1132 1131 1127
f 1132 1127 1129
f 1113 1134 1133
f 1138 1136 1135
f 1135 1137 1139
f 1106 1112 1113
f 1140 1105 1102
f 1101 1141 1102
f 1120 1143 1119
f 1118 1119 1143
f 1146 1145 1147
f 1148 1147 1145
f 1130 1148 1145
f 1130 1145 1149
f 1149 1145 1144
f 1132 1150 1130
f 1132 1130 1131
f 1132 1151 1150
f 1126 1152 1122
f 1125 1122 1153
f 1157 1155 1154
f 1157 1154 1156
f 1162 1161 1160
f 1168 1167 1169
f 1170 1169 1167
f 1171 1170 1167
f 1172 1171 1167
f 1173 1174 477
f 1175 1167 1166
f 1165 1164 1176
f 1177 1165 1176
f 1172 1176 1163
f 1163 1176 1164
f 1179 1182 1180
f 1179 1180 1181
f 1184 478 1183
f 1186 1185 1183
f 1189 1187 1188
f 1191 1190 1188
f 1193 1192 1191
f 1195 1194 1193
f 1197 1196 1195
f 1199 1198 1197
f 1201 1199 1200
f 1203 1202 1200
f 1205 1204 1203
f 1207 1205 1206
f 1209 1206 1208
f 1211 1208 1210
f 1213 1212 1210
f 1215 1213 1214
f 1218 1217 1216
f 1218 1216 1214
f 1220 1218 1219
f 1218 1220 1221
f 1219 1221 1220
f 1223 1222 1224
f 1223 1224 1219
f 1223 1219 1225
f 1229 1227 1228
f 1231 1228 1230
f 1233 1232 1230
f 1235 1233 1234
f 1239 1237 1238
f 1237 1239 1240
f 1238 1240 1239
f 1242 1238 1241
f 1247 1245 1244
f 1246 1245 1247
f 1249 1248 1247
f 1246 1247 1248
f 1249 1246 1248
f 1252 1251 1250
f 1249 1250 1251
f 1254 1253 1252
f 1256 1255 1254
f 1258 1255 1256
f 1258 1256 1257
f 1254 1255 1258
f 1179 1257 1182
f 1259 1181 1180
f 1259 1180 1182
f 1179 1181 1259
f 1260 1259 1261
f 1174 1262 1261
f 1263 1266 1265
f 1263 1265 1264
f 1268 1267 1265
f 1269 1271 1270
f 1269 1270 1272
f 1273 1272 1270
f 1270 1275 1273
f 479 1276 1277
f 1279 1278 1276
f 1286 1288 1281
f 1286 1281 1287
f 1217 1281 1288
f 1289 1291 1282
f 1289 1282 1290
f 1285 1284 1282
f 1285 1282 1292
f 1282 1293 1290
f 1289 1290 1293
f 1289 1295 1294
f 1289 1294 1291
f 1282 1291 1294
f 1282 1294 1296
f 1298 1297 1289
f 1301 1300 1209
f 1302 1303 1305
f 1306 1305 1303
f 1306 1303 1307
f 1311 1310 1309
f 1313 1310 1311
f 1299 1211 1314
f 1210 1314 1211
f 1302 1309 1303
f 1310 1312 1309
f 1303 1309 1312
f 1304 1303 1312
f 1315 1189 1316
f 1317 1316 1189
f 1318 1315 1316
f 1319 1316 1317
f 1186 1321 1322
f 1315 1322 1321
f 1323 1186 1322
f 1318 1322 1315
f 1324 1326 1328
f 1328 1326 1327
f 1324 1329 1199
f 1324 1328 1330
f 1331 1330 1328
f 1334 1333 1307
f 1324 1335 1203
f 1324 1203 1325
f 1334 1327 1333
f 1336 1340 1339
f 1195 1344 1345
f 1331 1345 1344
f 1336 1346 1340
f 1195 1347 1346
f 1340 1346 1347
f 1214 1217 1348
f 1294 1295 1349
f 1349 1295 1289
f 1298 1351 1297
f 1289 1297 1351
f 1349 1289 1351
f 1349 1351 1350
f 1214 1352 1215
f 1213 1215 1352
f 1294 1349 1308
f 1308 1349 1309
f 1311 1309 1349
f 1313 1311 1350
f 1311 1349 1350
f 1186 1353 1279
f 1226 1227 1269
f 1269 1227 1271
f 1270 1271 1227
f 1228 1275 1270
f 1228 1270 1229
f 1227 1229 1270
f 1359 1358 1357
f 1359 1357 1356
f 1360 1356 1361
f 1356 1357 1361
f 1360 1361 1362
f 1360 1362 481
f 1359 1363 1358
f 1358 1363 1357
f 1364 1361 1363
f 1357 1363 1361
f 1365 1362 1361
f 1365 1361 1364
f 482 481 1362
f 482 1362 1365
f 1367 1366 1363
f 1367 1363 1359
f 1366 1369 1368
f 1369 1364 1368
f 1367 1371 1366
f 1370 1372 1366
f 1364 1369 1366
f 1364 1366 1373
f 1372 1373 1366
f 1372 1374 1373
f 1364 1373 1374
f 1364 1374 1365
f 1365 1374 483
f 482 1365 483
f 1370 1366 1371
f 1375 1370 1371
f 484 1372 1375
f 1375 1372 1370
f 484 483 1372
f 1374 1372 483
f 1377 1376 1359
f 1360 1359 1356
f 1377 1359 1378
f 1360 1378 1359
f 1360 481 1378
f 485 1377 1378
f 485 1378 486
f 481 486 1378
f 1371 1380 1375
f 1381 1380 1379
f 1381 487 1382
f 1381 1382 1380
f 1375 1380 1382
f 487 488 1382
f 484 1382 488
f 484 1375 1382
f 1367 1359 1383
f 1379 1383 1384
f 1359 1384 1383
f 1379 1384 1376
f 1376 1384 1359
f 1367 1383 1371
f 1371 1383 1380
f 1379 1380 1383
f 1377 490 1376
f 1376 490 1385
f 485 490 1377
f 1381 1379 1387
f 1386 1381 1387
f 1388 1381 1386
f 492 491 1388
f 1388 491 1381
f 487 1381 491
f 1391 1389 1390
f 1391 1390 1379
f 1379 1376 1385
f 1391 1379 1385
f 1391 1385 490
f 1379 1390 1387
f 1386 1387 1390
f 1386 1390 1389
f 1392 1393 493
f 489 493 1393
f 489 1393 490
f 1388 1386 1394
f 1388 1394 1396
f 1395 1396 1394
f 1392 1397 1393
f 490 1393 1397
f 492 1388 495
f 494 495 1388
f 1395 494 1388
f 1395 1388 1396
f 1391 1399 1389
f 1398 1399 1392
f 1391 490 1397
f 1391 1397 1399
f 1392 1399 1397
f 1386 1389 1394
f 1398 1395 1394
f 1398 1394 1399
f 1389 1399 1394
f 1121 1400 1120
f 1392 496 1400
f 1120 1400 496
f 493 496 1392
f 497 1120 496
f 1395 1401 1403
f 1404 1403 1401
f 1404 1401 1402
f 1395 1403 498
f 1395 498 494
f 499 498 1404
f 1404 498 1403
f 1405 1402 1401
f 1405 1406 1398
f 1398 1392 1407
f 1392 1408 1407
f 1407 1408 1121
f 1121 1408 1400
f 1392 1400 1408
f 1405 1401 1406
f 1398 1406 1401
f 1398 1401 1395
f 1409 1143 1120
f 1409 1120 501
f 500 1409 501
f 497 501 1120
f 1411 1412 1413
f 1404 1402 1413
f 1412 502 499
f 499 1404 1413
f 499 1413 1412
f 1414 1411 1415
f 1405 1415 1402
f 1402 1415 1410
f 1411 1410 1415
f 1418 1419 1149
f 1417 1414 1415
f 1417 1415 1416
f 1405 1416 1415
f 1420 1422 1421
f 1095 1420 1421
f 1420 503 1422
f 1421 1422 503
f 1423 1421 503
f 1425 1424 1426
f 1427 504 1425
f 1425 504 1428
f 1412 1428 504
f 1412 504 502
f 505 504 1427
f 1101 1430 1431
f 1418 1432 1431
f 1418 1431 1430
f 1101 1431 1141
f 1430 1433 1417
f 1417 1433 1414
f 1414 1433 1429
f 1434 1433 1435
f 1436 1435 1433
f 1436 1433 1430
f 1439 1437 1101
f 508 507 1437
f 1439 508 1437
f 1438 1437 507
f 1438 507 506
f 505 1427 509
f 1443 510 509
f 1425 1440 509
f 1443 509 1441
f 1441 509 1440
f 1444 1445 1436
f 1430 1446 1447
f 1101 1446 1430
f 1282 1446 1293
f 1298 1289 1437
f 1101 1437 1446
f 1293 1446 1437
f 1293 1437 1289
f 1436 1430 1448
f 1436 1448 1449
f 1446 1450 1448
f 1446 1448 1447
f 1430 1447 1448
f 512 511 1454
f 1453 1456 1455
f 1350 1453 1455
f 1350 1455 1457
f 1313 1457 1455
f 1350 1457 1313
f 1312 1313 1458
f 1460 1461 1459
f 1462 1461 1463
f 1464 1463 1465
f 1462 1463 1466
f 1466 1463 1464
f 1464 1467 1468
f 1304 1468 1467
f 1469 1304 1467
f 1472 1471 530
f 1471 1473 530
f 1470 530 1473
f 1471 1474 1473
f 1474 1475 1473
f 1476 1470 1473
f 1476 1473 1477
f 1477 1473 1475
f 1478 1479 1477
f 1476 1477 1479
f 1480 1476 1479
f 1478 1481 1479
f 1481 1482 1479
f 1480 1479 1482
f 1334 1480 1482
f 1334 1482 1327
f 1328 1327 1482
f 1319 1317 1342
f 1340 1483 1339
f 1338 1339 1483
f 1338 1483 1484
f 1338 1484 1342
f 1485 1342 1484
f 1485 1486 1342
f 1319 1342 1486
f 1319 1486 1487
f 1488 1487 1486
f 1488 1486 1489
f 1483 1340 1490
f 1347 1490 1340
f 1347 1483 1490
f 1488 1491 1492
f 1493 1492 1491
f 1493 1495 1496
f 1493 1496 1494
f 1347 1496 1497
f 1478 1493 1481
f 1494 1481 1493
f 1478 1492 1493
f 1464 1469 1467
f 1480 1469 1476
f 1312 1466 1498
f 1464 1498 1466
f 1499 1500 1502
f 1504 1502 1503
f 1506 1509 1508
f 1511 1512 1510
f 1510 1512 1508
f 1511 1501 1512
f 1501 1513 1512
f 1501 1515 1514
f 1511 1500 1499
f 1511 1499 1501
f 1511 1510 1502
f 1511 1502 1500
f 1503 1502 1510
f 1503 1510 1508
f 1504 1503 1516
f 1506 1516 1503
f 1506 1503 1509
f 1508 1509 1503
f 1506 1507 1516
f 1518 1517 1505
f 1522 1521 1520
f 1522 1520 1519
f 1521 1523 1520
f 1523 1525 1526
f 1525 1527 1526
f 1528 1526 1527
f 1529 1530 1527
f 1528 1527 1530
f 1532 1531 1533
f 1535 1167 1534
f 1175 1533 1534
f 1175 1534 1167
f 1536 1537 1167
f 1536 1167 1535
f 1539 1519 1538
f 1520 1540 1538
f 1519 1520 1538
f 1540 1523 1541
f 1520 1523 1540
f 1542 1541 1523
f 1542 1523 1526
f 1530 1543 1528
f 1531 1543 1530
f 1536 1177 1176
f 1536 1176 1537
f 1167 1537 1176
f 1172 1167 1176
f 1079 1538 1078
f 1544 1538 1540
f 1544 1540 1541
f 1546 1545 1541
f 1542 1546 1541
f 1542 1547 1546
f 1549 1548 1547
f 1528 1547 1542
f 1528 1543 1547
f 1549 1547 1543
f 1552 1551 1553
f 1543 1553 1551
f 1550 1543 1551
f 1554 1550 1551
f 1166 1167 1555
f 1076 1077 1452
f 1452 1077 1451
f 515 1451 1077
f 515 1077 1078
f 515 1078 1538
f 515 1538 1556
f 1557 1556 1538
f 1557 1538 1544
f 1558 1541 1545
f 1557 1544 1541
f 1557 1541 1558
f 1559 1545 1546
f 1559 1546 1547
f 1559 1547 1560
f 1549 1560 1548
f 1548 1560 1547
f 1549 1561 1562
f 1549 1562 1560
f 1563 1561 1550
f 1550 1561 1543
f 1549 1543 1561
f 1563 1550 1564
f 1550 1565 1564
f 1564 1565 1161
f 516 1556 1557
f 1566 1557 1558
f 1559 1568 1545
f 1558 1545 1568
f 1558 1568 1567
f 1559 1560 1569
f 1569 1560 1570
f 1570 1560 1562
f 1570 1562 1561
f 521 1561 1563
f 521 1563 1564
f 522 521 1564
f 522 1564 1161
f 525 524 1161
f 1162 525 1161
f 523 1161 524
f 525 1162 526
f 516 515 1556
f 1566 517 516
f 1566 516 1557
f 1566 1558 517
f 1567 517 1558
f 1559 518 517
f 1559 517 1568
f 1567 1568 517
f 1559 1569 518
f 1569 1570 519
f 1569 519 518
f 1570 1561 520
f 1570 520 519
f 521 520 1561
f 522 1161 523
f 1318 1316 1487
f 1488 1571 1487
f 1319 1487 1316
f 1488 1492 1571
f 1571 1492 1477
f 1478 1477 1492
f 1463 1476 1469
f 1463 1469 1465
f 1464 1465 1469
f 1313 1461 1466
f 1313 1466 1458
f 1312 1458 1466
f 1462 1466 1461
f 1437 1351 1298
f 1312 1498 1464
f 1304 1312 1464
f 1304 1464 1468
f 1334 1307 1480
f 1480 1307 1469
f 1331 1481 1494
f 1347 1345 1496
f 1494 1496 1345
f 1331 1494 1345
f 1195 1345 1347
f 1455 1456 1459
f 1461 1455 1459
f 1453 1459 1456
f 1460 1470 1461
f 1461 1470 1572
f 1573 1474 1471
f 1574 1575 1472
f 1472 1575 1471
f 1474 1576 1577
f 1474 1577 1578
f 1578 1577 1579
f 1578 1581 1580
f 1474 1578 1580
f 1474 1580 1487
f 1323 1487 1580
f 1323 1580 1583
f 1583 1580 1584
f 1580 1582 1584
f 1585 1587 1586
f 1588 1586 1587
f 1588 1587 1589
f 1590 1589 1587
f 1591 1590 1587
f 1583 1591 1587
f 1323 1583 1587
f 527 1592 528
f 529 528 1592
f 529 1592 1593
f 534 1592 527
f 480 1280 1594
f 1280 1595 1594
f 1596 1598 1597
f 1599 1597 1598
f 1350 1351 1453
f 1453 1351 1438
f 1438 1351 1437
f 1313 1455 1461
f 1461 1572 1476
f 1463 1461 1476
f 1470 1476 1572
f 1477 1475 1474
f 1571 1477 1474
f 1318 1487 1322
f 1323 1322 1487
f 1474 1487 1571
f 1453 1438 1454
f 512 1454 1438
f 512 1438 506
f 1453 1454 1459
f 513 1460 1459
f 513 1459 511
f 511 1459 1454
f 513 530 1460
f 1460 530 1470
f 1596 1597 1600
f 1597 1602 1601
f 1597 1601 1603
f 1501 1514 1534
f 1501 1534 1604
f 1533 1604 1534
f 1512 1606 1605
f 1508 1512 1605
f 1530 1605 1531
f 1531 1605 1606
f 1530 1529 1508
f 1529 1527 1508
f 1506 1508 1507
f 1507 1508 1527
f 1521 1607 1523
f 1524 1523 1607
f 1505 1524 1607
f 1505 1525 1524
f 1524 1525 1523
f 1263 1264 1539
f 1263 1539 1077
f 1269 1539 1265
f 1265 1539 1264
f 1274 1519 1273
f 1274 1273 1275
f 1269 1272 1273
f 1269 1273 1539
f 1539 1273 1519
f 1505 1527 1525
f 1530 1508 1605
f 1501 1604 1531
f 1501 1531 1513
f 1512 1513 1531
f 1512 1531 1606
f 1533 1531 1604
f 1608 531 1609
f 526 1609 531
f 1265 1267 1269
f 1268 1269 1267
f 526 1162 1609
f 1612 1611 1504
f 1612 1504 1517
f 1518 1613 1517
f 1507 1517 1504
f 1505 1614 1613
f 1505 1613 1518
f 1607 1616 1615
f 1607 1615 1505
f 1505 1615 1614
f 1536 1617 1177
f 1178 1177 1617
f 1501 1499 1619
f 1244 1620 1499
f 1620 1619 1499
f 1621 1499 1502
f 1244 1499 1621
f 1622 1618 1623
f 1536 1514 1623
f 1536 1623 1617
f 1618 1617 1623
f 1514 1515 1623
f 1620 1622 1623
f 1501 1623 1515
f 1501 1619 1623
f 1620 1623 1619
f 1607 1521 1616
f 1522 1616 1521
f 1162 1624 1609
f 1608 1609 1624
f 1165 1624 1162
f 1178 1608 1624
f 1178 1624 1177
f 1165 1177 1624
f 480 479 1277
f 480 1277 1280
f 1225 1222 1223
f 1265 1283 1626
f 1285 1626 1283
f 1285 1268 1265
f 1285 1265 1626
f 1285 1625 1268
f 1268 1625 1281
f 1268 1281 1226
f 1225 1226 1281
f 1282 1627 1625
f 1282 1625 1292
f 1285 1292 1625
f 1281 1625 1287
f 1286 1287 1625
f 1286 1625 1627
f 1294 1627 1296
f 1282 1296 1627
f 1286 1627 1628
f 1217 1628 1627
f 1302 1301 1209
f 1302 1305 1301
f 1301 1305 1300
f 1205 1300 1305
f 1306 1205 1305
f 1210 1212 1629
f 1309 1629 1212
f 1308 1309 1212
f 1308 1212 1213
f 1210 1629 1314
f 1299 1314 1209
f 1302 1209 1314
f 1302 1314 1309
f 1309 1314 1629
f 1186 1320 1321
f 1315 1321 1320
f 1327 1326 1324
f 1327 1324 1325
f 1331 1197 1329
f 1331 1329 1330
f 1324 1330 1329
f 1205 1333 1332
f 1203 1332 1333
f 1306 1307 1333
f 1306 1333 1205
f 1203 1333 1327
f 1325 1203 1327
f 1191 1337 1338
f 1338 1337 1339
f 1336 1339 1337
f 1338 1342 1341
f 1191 1338 1341
f 1317 1341 1342
f 1195 1343 1344
f 1331 1344 1343
f 1331 1343 1197
f 1195 1346 1336
f 1217 1627 1630
f 1217 1630 1348
f 1214 1348 1630
f 1294 1630 1627
f 1355 1279 1353
f 1355 1353 1354
f 1186 1354 1353
f 1174 1173 1608
f 531 1608 477
f 477 1608 1173
f 479 478 1184
f 479 1184 1276
f 1279 1276 1184
f 1279 1184 1183
f 1268 1226 1269
f 1230 1610 1275
f 1230 1275 1231
f 1228 1231 1275
f 1225 1281 1222
f 1219 1631 1221
f 1218 1221 1631
f 1218 1631 1217
f 1217 1631 1281
f 1261 1262 1608
f 1174 1608 1262
f 1241 1611 1242
f 1238 1242 1611
f 1238 1611 1612
f 1238 1612 1240
f 1237 1240 1612
f 1237 1612 1236
f 1613 1236 1612
f 1613 1612 1517
f 1614 1236 1613
f 1616 1234 1615
f 1614 1615 1234
f 1614 1234 1236
f 1617 1257 1179
f 1178 1617 1179
f 1618 1257 1617
f 1254 1258 1257
f 1254 1257 1618
f 1620 1244 1249
f 1246 1249 1244
f 1246 1244 1245
f 1621 1243 1244
f 1621 1611 1241
f 1621 1241 1243
f 1622 1254 1618
f 1254 1622 1253
f 1252 1253 1622
f 1620 1249 1622
f 1252 1622 1249
f 1252 1249 1251
f 1234 1616 1235
f 1233 1235 1616
f 1522 1233 1616
f 1522 1610 1233
f 1233 1610 1232
f 1230 1232 1610
f 1261 1632 1260
f 1259 1260 1632
f 1608 1632 1261
f 1178 1179 1608
f 1608 1179 1632
f 1259 1632 1179
f 1206 1209 1300
f 1299 1209 1208
f 1205 1207 1300
f 1206 1300 1207
f 1299 1208 1211
f 1187 1189 1315
f 1317 1189 1188
f 1187 1315 1186
f 1315 1320 1186
f 1200 1633 1324
f 1200 1324 1201
f 1199 1201 1324
f 1197 1198 1329
f 1199 1329 1198
f 1203 1204 1332
f 1205 1332 1204
f 1200 1202 1633
f 1324 1633 1202
f 1324 1202 1335
f 1203 1335 1202
f 1193 1337 1192
f 1191 1192 1337
f 1336 1337 1193
f 1317 1188 1190
f 1317 1190 1341
f 1191 1341 1190
f 1195 1634 1343
f 1197 1343 1634
f 1197 1634 1196
f 1195 1196 1634
f 1193 1194 1336
f 1195 1336 1194
f 1214 1216 1217
f 1186 1635 1185
f 1183 1185 1635
f 1279 1183 1635
f 1186 1279 1635
f 1312 1310 1313
f 1469 1307 1303
f 1469 1303 1304
f 1331 1328 1481
f 1328 1482 1481
f 1507 1504 1516
f 1536 1535 1534
f 1536 1534 1514
f 1274 1275 1519
f 1522 1519 1610
f 1275 1610 1519
f 1217 1288 1286
f 1217 1286 1628
f 1402 1410 1413
f 1411 1413 1410
f 1505 1517 1527
f 1507 1527 1517
f 1542 1526 1528
f 514 532 1451
f 515 514 1451
f 1621 1502 1611
f 1611 1502 1504
f 1213 1352 1630
f 1308 1213 1630
f 1294 1308 1630
f 1214 1630 1352
f 1580 1646 1582
f 1584 1582 1646
f 1584 1646 1647
f 1647 1646 1580
f 1578 1647 1581
f 1580 1581 1647
f 1578 1579 1657
f 1647 1578 1657
f 1579 1577 1657
f 1576 1658 1577
f 1657 1577 1658
f 1576 1659 1658
f 1658 1670 1669
f 1658 1669 1673
f 1672 1658 1673
f 1672 1673 1669
f 1601 1841 1842
f 1601 1842 1843
f 1843 1842 1841
f 1843 1603 1601
f 1597 1603 1843
f 1597 1843 1600
f 1596 1600 1843
f 1596 1843 1598
f 1599 1598 1843
f 1844 1840 1845
f 1840 1849 1850
f 1585 1865 1864
f 1587 1585 1864
f 534 1868 1592
f 1869 1868 1887
f 1843 1841 1939
f 1574 1592 1937
f 1939 1575 1574
f 1171 1172 1976
f 1168 1169 1170
f 1159 1979 1163
f 1102 2006 2005
f 2005 1133 2007
f 1105 2000 1104
f 2012 1104 2000
f 1113 1082 2016
f 1113 2016 1134
f 1133 1134 2016
f 1082 1084 2016
f 2032 2031 2030
f 1081 1080 2039
f 1115 2056 2040
f 1096 1088 1111
f 1094 2105 2101
f 1108 1117 1115
f 1117 2101 2110
f 2109 1108 1080
f 1080 1081 1084
f 1083 1106 1084
f 1135 2206 1137
f 1126 2209 1158
f 1138 2210 1136
f 1135 1136 2210
f 1085 1088 1087
f 1088 2218 1111
f 1126 1124 2219
f 1126 2219 2209
f 1122 2219 1124
f 2224 2228 1111
f 1111 2217 2227
f 2239 2241 2240
f 1125 2250 2266
f 2305 2300 2304
f 1132 2314 1151
f 1150 1151 2314
f 1157 1156 2315
f 1154 2315 1156
f 1154 1155 2319
f 1157 2320 2319
f 1157 2319 1155
f 1146 1147 1148
f 1157 1125 2320
f 1125 1153 2339
f 1122 2339 1153
f 1126 2360 2359
f 1126 2359 1152
f 1122 1152 2359
f 1144 2383 1158
f 1126 1158 2360
f 2410 2403 2409
f 2418 2417 2415
f 2418 2415 2408
f 1130 2420 1128
f 1127 1128 2420
f 1127 2431 1129
f 1132 1129 2431
f 2440 2444 2443
f 1118 2445 2433
f 2443 2432 2442
f 1132 2432 2443
f 1142 2470 1143
f 1118 1143 2470
f 1118 2470 2445
f 1588 1585 1586
f 1869 1896 1879
f 1159 2521 1170
f 1159 1170 1979
f 1168 1170 2521
f 1125 2529 1123
f 1122 1123 2529
f 1076 1452 999
f 1441 999 1452
f 1452 1451 1443
f 1441 1452 1443
f 1451 532 1443
f 1443 532 510
f 1079 1077 1538
f 1539 1538 1077
f 1263 1077 1076
f 733 746 785
f 733 785 724
f 808 785 2532
f 746 2532 785
f 730 731 720
f 730 720 708
f 708 720 721
f 1017 1018 1028
f 1029 1028 2533
f 1019 2533 1028
f 1019 1028 1018
f 604 605 2534
f 883 2535 882
f 1411 2536 2534
f 604 2534 2536
f 606 604 2536
f 606 2536 614
f 636 614 2536
f 648 636 2536
f 689 580 2537
f 580 581 2537
f 689 2537 581
f 689 581 582
f 700 582 589
f 700 589 576
f 637 638 1414
f 637 1414 2538
f 1411 1414 2536
f 648 2536 1414
f 648 1414 640
f 1414 638 639
f 1414 639 640
f 695 831 683
f 662 677 1424
f 1426 1424 677
f 831 1426 677
f 831 677 683
f 674 675 677
f 674 677 662
f 882 2535 1027
f 882 1027 1440
f 1441 1440 1027
f 1027 1029 1005
f 1027 1005 1441
f 883 1043 1027
f 883 1027 2535
f 962 963 967
f 999 1000 980
f 969 980 981
f 1005 1006 1008
f 999 1008 1009
f 1029 2533 1019
f 1005 1029 1019
f 1005 1019 1020
f 758 762 2539
f 758 2539 1444
f 1444 2539 2540
f 777 2540 2539
f 777 2539 773
f 773 2539 775
f 775 2539 762
f 1005 1008 999
f 1005 999 1441
f 1076 999 2541
f 999 980 2541
f 962 1076 2541
f 962 2541 969
f 969 2541 980
f 892 1022 883
f 785 723 724
f 1439 1101 2542
f 1103 2542 1102
f 1101 1102 2542
f 2543 1098 2056
f 2056 1098 1100
f 1100 1098 1099
f 2543 2032 1098
f 1439 2543 508
f 1423 503 2543
f 508 2543 503
f 2300 2544 2304
f 2305 2304 2544
f 2545 2544 1409
f 1132 2544 2300
f 500 503 1420
f 500 1420 1409
f 1409 1420 2545
f 1852 1588 1851
f 1849 1851 1588
f 1849 1588 2546
f 1672 2546 1588
f 1672 1588 1590
f 1590 1588 1589
f 1175 1532 1533
f 1532 1552 1531
f 1531 1552 1543
f 1543 1552 1553
f 1554 1555 1550
f 1550 1555 1565
f 1168 1565 1555
f 1168 1555 1167
f 1162 1160 1163
f 1162 1163 1165
f 1165 1163 1164
f 1159 1163 1160
f 1161 1565 1159
f 1161 1159 1160
f 1168 2521 1159
f 1168 1159 1565
f 1125 2545 2547
f 1125 2547 2250
f 2250 2547 2239
f 2545 2548 2544
f 2305 2544 2548
f 2309 2305 2548
f 1157 2309 2548
f 1125 1157 2548
f 1125 2548 2545
f 1095 2105 1092
f 1094 1092 2105
f 2101 2105 2110
f 1117 2110 2105
f 1117 2105 1116
f 1115 1116 2105
f 1115 2105 2056
f 2543 2056 2105
f 2543 2105 1095
f 2543 1095 1421
f 2543 1421 1423
f 1095 2545 2549
f 1095 2549 1420
f 1420 2549 2545
f 2545 2550 2547
f 2239 2547 2550
f 2239 2550 2241
f 2240 2241 2550
f 2240 2550 2225
f 2224 2225 2550
f 2224 2550 2228
f 1111 2228 2550
f 1111 2550 1114
f 1096 1114 2550
f 1096 2550 1095
f 1095 2550 2545
f 2543 2542 2032
f 2032 2542 2031
f 2030 2031 2542
f 2030 2542 1103
f 1439 2542 2543
f 1133 1141 2551
f 1133 2551 1113
f 1106 1113 2551
f 1106 2551 2145
f 2145 2551 1431
f 1431 2551 1141
f 1102 1141 2006
f 2005 2006 1141
f 2005 1141 1133
f 1431 2552 2126
f 2145 1431 2126
f 2145 2126 2134
f 2126 2135 2134
f 2117 2125 2126
f 2126 1110 2117
f 1110 2126 2552
f 1432 2552 1431
f 2200 2552 1432
f 2193 2190 1110
f 2193 1110 2552
f 2192 2190 2193
f 2194 2193 2200
f 2200 2193 2552
f 2200 1432 1158
f 2200 1158 1139
f 1158 1135 1139
f 1138 1135 1158
f 1149 1144 1158
f 1149 1158 1432
f 1418 1149 1432
f 2403 2422 2409
f 2410 2409 2422
f 2410 2422 2408
f 2422 2418 2408
f 2418 2422 2417
f 2415 2417 2422
f 1118 2422 1119
f 1121 1119 2422
f 1121 2422 2403
f 1132 2443 2553
f 1132 2553 2544
f 1409 2544 2553
f 1409 2553 1143
f 1142 1143 2553
f 1142 2553 2454
f 2441 2454 2553
f 2440 2441 2553
f 2440 2553 2444
f 2443 2444 2553
f 1149 2403 2400
f 1130 1149 2400
f 1130 2400 2404
f 2399 2404 2400
f 2403 2402 2400
f 1407 1121 2403
f 1407 2403 1416
f 1418 1416 2403
f 1418 2403 1419
f 1149 1419 2403
f 791 792 2554
f 791 2554 1442
f 866 1442 2554
f 866 2554 864
f 864 2554 867
f 784 867 2554
f 784 2554 794
f 793 794 2554
f 792 793 2554
f 1425 1442 1440
f 866 871 1442
f 882 1440 1442
f 882 1442 876
f 871 876 1442
f 805 791 804
f 803 804 791
f 813 803 791
f 831 813 791
f 831 791 1426
f 1425 1426 1442
f 791 1442 1426
f 1425 509 1427
f 661 2555 664
f 583 664 2555
f 593 583 2555
f 591 593 2555
f 591 2555 2556
f 1424 2556 2555
f 662 1424 2555
f 662 2555 661
f 2556 2557 601
f 591 2556 601
f 591 601 590
f 605 601 2558
f 2557 2558 601
f 1424 1428 2557
f 1424 2557 2556
f 1424 1425 1428
f 2557 1428 1412
f 605 2558 2557
f 605 2557 2534
f 1411 2534 2557
f 1411 2557 2559
f 1411 2559 1412
f 2557 1412 2559
f 576 578 2560
f 700 576 2560
f 568 569 2560
f 568 2560 578
f 1429 1433 2560
f 2561 2560 1433
f 2561 1433 1434
f 569 572 2538
f 569 2538 2560
f 1429 2560 2538
f 1429 2538 1414
f 607 637 2538
f 595 607 2538
f 595 2538 594
f 575 594 2538
f 575 2538 572
f 700 2560 2562
f 700 2562 712
f 712 2562 709
f 709 2562 708
f 730 708 2562
f 730 2562 2563
f 2561 2563 2562
f 2561 2562 2560
f 730 2563 741
f 741 2563 745
f 2563 2532 746
f 2563 746 745
f 808 2532 2563
f 808 2563 2540
f 2561 2540 2563
f 1436 1445 1435
f 2561 1434 1435
f 1444 2561 1435
f 1444 1435 1445
f 808 2540 795
f 795 2540 777
f 1444 2540 2561
f 923 896 2564
f 2565 2564 896
f 1444 2565 896
f 758 1444 896
f 758 896 757
f 757 896 766
f 896 765 766
f 1444 1436 2565
f 2565 1436 1449
f 989 2566 2565
f 2565 2566 2564
f 923 2564 2566
f 923 2566 943
f 943 2566 950
f 2566 989 913
f 2566 913 950
f 2565 1449 1448
f 1263 2565 1448
f 1263 1448 2567
f 1450 2567 1448
f 1263 2568 2565
f 989 2565 2568
f 989 2568 984
f 984 2568 983
f 978 983 2568
f 978 2568 979
f 973 979 2568
f 973 2568 966
f 966 2568 967
f 962 967 2568
f 962 2568 1076
f 1263 1076 2568
f 1263 2567 1450
f 1263 1450 1266
f 1265 1266 1450
f 1265 1450 2569
f 1450 2570 2569
f 1265 2569 2570
f 1265 2570 1283
f 1282 1283 2570
f 1282 2570 1446
f 1446 2570 1450
f 2517 1954 2516
f 1953 1955 1954
f 1276 1954 2517
f 1276 1278 1954
f 1953 1954 1278
f 1355 1953 1278
f 1355 1278 1279
f 1587 1953 1355
f 1280 1898 1595
f 1898 1899 1595
f 2517 2518 1898
f 1280 1276 1898
f 1276 2517 1898
f 1280 1277 1276
f 1587 1355 1354
f 1323 1587 1354
f 1323 1354 1186
f 1869 2571 533
f 1869 533 1896
f 533 2571 534
f 1868 534 1887
f 1869 1887 534
f 1869 534 2571
f 480 1594 1896
f 480 1896 533
f 1573 1576 1474
f 1844 1845 2546
f 1844 2546 1576
f 1576 2546 1659
f 1658 1659 2546
f 1658 2546 1670
f 1669 1670 2546
f 1672 1669 2546
f 1849 2546 1850
f 1840 1850 2546
f 1840 2546 1845
f 1573 1599 1576
f 1844 1576 1599
f 1844 1599 1843
f 1601 1602 1841
f 1575 1939 1841
f 1575 1841 1471
f 1573 1471 1841
f 1573 1841 1599
f 1597 1599 1841
f 1597 1841 1602
f 529 1593 1472
f 1574 1472 1593
f 1574 1593 1592
f 529 1472 530
f 1197 1195 1193
f 1213 1210 2572
f 1214 1213 2572
f 2573 1226 1225
f 2573 1225 1219
f 1230 1228 1227
f 1230 1227 1226
f 1230 1226 2573
f 1203 1200 1205
f 2892 2889 1219
f 2892 1219 1218
f 2826 1183 478
f 1186 1183 2826
f 1187 1186 2835
f 1188 1187 2835
f 2894 1193 1191
f 1193 2894 2830
f 1197 1193 2830
f 1197 2830 2895
f 1199 1197 2895
f 1199 2895 2834
f 2702 1200 1199
f 2702 1199 2834
f 1200 2702 2832
f 1205 1200 2832
f 1205 2832 2833
f 1206 1205 2833
f 1208 1206 2833
f 2932 2933 2931
f 2933 2938 2931
f 2932 2953 2935
f 2932 2931 2953
f 2968 2966 2967
f 2965 2934 2977
f 2965 2968 2969
f 2991 2989 2992
f 2991 2992 2990
f 2912 2993 2990
f 2912 2990 2913
f 3060 3061 3051
f 3103 3101 3090
f 3105 3102 3101
f 3131 3132 3133
f 3119 3135 3133
f 3136 3114 3146
f 3022 3159 3161
f 3022 3161 3030
f 3112 3195 3192
f 3210 3212 3204
f 3093 3236 3224
f 3287 3288 3289
f 3290 3291 3288
f 3291 3289 3288
f 3287 3295 3288
f 3290 3288 3295
f 3290 3295 3294
f 3290 3294 3292
f 3287 3289 3295
f 3291 3295 3289
f 3291 3297 3295
f 3302 3309 3308
f 3310 3311 3312
f 3293 3312 3311
f 3308 3313 3314
f 3319 3241 3320
f 3314 3319 3315
f 3328 3329 3327
f 3310 3327 3329
f 3334 3335 3336
f 3337 3336 3335
f 3337 3338 3339
f 3328 3339 3338
f 3328 3327 3339
f 3211 3350 3351
f 3334 3357 3356
f 3211 3371 3350
f 3406 3405 3404
f 3410 3409 3411
f 3412 3413 3414
f 3415 3414 3413
f 3412 3416 3413
f 3416 3417 3413
f 3415 3413 3417
f 3416 3418 3417
f 3415 3417 3418
f 3421 3419 3420
f 3423 3419 3422
f 3425 3426 3424
f 3427 3424 3426
f 3430 3431 3429
f 3432 3429 3431
f 3410 3433 3409
f 3435 3407 3434
f 3433 3439 3409
f 3440 3409 3439
f 3423 3441 3438
f 3407 3442 3434
f 3435 3434 3442
f 3444 3442 3443
f 3448 3446 3447
f 3452 3449 3450
f 3453 3451 3449
f 3457 3458 3454
f 3457 3454 3455
f 3454 3458 3459
f 3454 3459 3456
f 3440 3460 3461
f 3465 3462 3463
f 3466 3464 3462
f 3433 3440 3439
f 3467 3429 3432
f 3447 3446 3469
f 3445 3469 3446
f 3472 3473 3471
f 3474 3471 3473
f 3471 3474 3457
f 3471 3457 3475
f 3475 3470 3471
f 3459 3458 3457
f 3459 3457 3476
f 3459 3476 3477
f 3453 3449 3478
f 3452 3479 3449
f 3483 3480 3481
f 3483 3482 3480
f 3488 3486 3487
f 3494 3495 3493
f 3496 3493 3495
f 3497 3493 3496
f 3498 3493 3497
f 3499 477 3500
f 3501 3492 3493
f 3491 3502 3490
f 3503 3502 3491
f 3498 3489 3502
f 3489 3490 3502
f 3505 3506 3508
f 3505 3507 3506
f 3511 3509 3510
f 3514 3513 3512
f 3516 3513 3515
f 3518 3516 3517
f 3520 3518 3519
f 3522 3520 3521
f 3524 3522 3523
f 3526 3525 3524
f 3528 3525 3527
f 3530 3528 3529
f 3532 3531 3530
f 3534 3533 3531
f 3536 3535 3533
f 3538 3535 3537
f 3540 3539 3538
f 3543 3539 3541
f 3543 3541 3542
f 3545 3544 3543
f 3546 3547 3544
f 3548 3547 3546
f 3548 3549 3544
f 3550 3549 3548
f 3552 3549 3551
f 3550 3551 3549
f 3558 3557 3556
f 3562 3561 3560
f 3560 3563 3562
f 3561 3562 3563
f 3567 3565 3566
f 3570 3567 3568
f 3569 3570 3568
f 3572 3570 3571
f 3569 3571 3570
f 3572 3571 3569
f 3575 3573 3574
f 3572 3574 3573
f 3577 3575 3576
f 3580 3505 3579
f 3577 3580 3578
f 3508 3506 3581
f 3505 3581 3507
f 3582 3583 3581
f 3500 3583 3584
f 3585 3586 3587
f 3585 3587 3588
f 3590 3591 3587
f 3590 3587 3589
f 479 3595 3594
f 3597 3594 3596
f 3601 3600 3604
f 3601 3604 3605
f 3606 3599 3607
f 3543 3607 3599
f 3608 3609 3600
f 3608 3600 3610
f 3603 3611 3600
f 3603 3600 3602
f 3600 3609 3612
f 3600 3612 3604
f 3608 3612 3609
f 3608 3613 3614
f 3608 3610 3613
f 3600 3615 3613
f 3600 3613 3610
f 3617 3608 3616
f 3619 3534 3618
f 3620 3623 3621
f 3624 3625 3621
f 3624 3621 3623
f 3628 3626 3627
f 3629 3626 3628
f 3631 3629 3628
f 3533 3632 3536
f 3535 3536 3632
f 3620 3621 3627
f 3621 3628 3627
f 3622 3628 3621
f 3633 3634 3514
f 3635 3514 3634
f 3635 3634 3636
f 3633 3636 3634
f 3637 3635 3636
f 3511 3640 3639
f 3633 3639 3640
f 3641 3633 3640
f 3641 3640 3511
f 3642 3646 3644
f 3646 3647 3644
f 3647 3645 3644
f 3642 3524 3648
f 3642 3649 3646
f 3650 3646 3649
f 3654 3652 3653
f 3624 3652 3625
f 3642 3643 3528
f 3642 3528 3655
f 3654 3653 3645
f 3654 3645 3647
f 3656 3660 3661
f 3520 3666 3665
f 3650 3665 3666
f 3656 3661 3667
f 3520 3667 3668
f 3661 3668 3667
f 3540 3542 3541
f 3613 3669 3614
f 3669 3608 3614
f 3617 3616 3670
f 3608 3670 3616
f 3669 3670 3608
f 3538 3671 3540
f 3613 3626 3669
f 3629 3669 3626
f 3631 3670 3629
f 3629 3670 3669
f 3511 3597 3672
f 3552 3592 3553
f 3554 3553 3592
f 3554 3592 3593
f 3678 3675 3676
f 3678 3676 3677
f 3675 3679 3676
f 3680 3679 3675
f 3680 3675 481
f 3682 3678 3677
f 3683 3681 3676
f 3681 3677 3676
f 3683 3679 3684
f 3676 3679 3683
f 3685 3684 3679
f 3685 3679 3680
f 482 3685 3680
f 482 3680 481
f 3686 3677 3681
f 3682 3677 3686
f 3686 3681 3687
f 3689 3682 3686
f 3688 3686 3690
f 3687 3690 3686
f 3684 3690 3687
f 3685 3690 3684
f 3691 3690 3685
f 3691 3685 483
f 482 483 3685
f 3688 3689 3686
f 3692 3689 3688
f 3693 3690 3691
f 3692 3688 3690
f 3693 3692 3690
f 484 3693 483
f 3693 3691 483
f 3695 486 3694
f 3675 3694 486
f 3675 486 481
f 485 486 3695
f 3689 3692 3697
f 3698 3696 3697
f 3693 3697 3692
f 484 488 3693
f 3695 3694 3675
f 3699 3695 3675
f 487 3698 488
f 3698 3697 488
f 3693 488 3697
f 3700 3701 3678
f 3700 3678 3682
f 3699 3675 3678
f 3699 3678 3701
f 3700 3682 3697
f 3700 3697 3696
f 3689 3697 3682
f 489 490 3703
f 485 3695 3703
f 485 3703 490
f 3702 489 3703
f 3698 3706 3696
f 3707 3704 3706
f 3704 3705 3706
f 3696 3706 3705
f 3699 3703 3695
f 492 3708 3706
f 492 3706 491
f 487 491 3706
f 487 3706 3698
f 3704 3709 3710
f 3700 3710 3701
f 3709 3701 3710
f 3709 3711 3701
f 3699 3701 3703
f 3701 3711 3703
f 3709 3702 3703
f 3709 3703 3711
f 3704 3710 3705
f 3700 3696 3705
f 3700 3705 3710
f 3702 3713 489
f 493 489 3713
f 493 3713 3712
f 3707 3714 3704
f 3715 3714 3707
f 3706 495 3707
f 494 3707 495
f 3715 3707 494
f 3712 3713 3716
f 3712 3716 3717
f 3702 3716 3713
f 3706 3708 495
f 492 495 3708
f 3715 3718 3714
f 3704 3714 3720
f 3704 3720 3709
f 3719 3720 3714
f 3709 3720 3721
f 3719 3717 3721
f 3719 3721 3720
f 3709 3721 3716
f 3709 3716 3702
f 3717 3716 3721
f 3718 3719 3714
f 3712 3722 496
f 3447 496 3722
f 493 3712 496
f 497 496 3447
f 3715 494 3723
f 3712 3717 3722
f 3448 3447 3722
f 494 498 3723
f 499 3724 3723
f 499 3723 498
f 3715 3723 3718
f 3724 3725 3723
f 3727 3717 3719
f 3448 3722 3717
f 3448 3717 3727
f 3718 3723 3719
f 3726 3719 3723
f 3726 3723 3725
f 3728 3447 3469
f 3728 501 3447
f 500 501 3728
f 497 3447 501
f 3730 3732 3731
f 3731 3732 502
f 3724 502 3732
f 499 502 3724
f 3724 3729 3730
f 3724 3730 3725
f 3735 3475 3737
f 3734 3727 3730
f 3734 3730 3733
f 3726 3725 3730
f 3726 3730 3727
f 3738 3739 3740
f 3422 3739 3738
f 3738 3740 503
f 3739 503 3740
f 3741 503 3739
f 3743 3742 505
f 3742 3744 505
f 3746 3745 3733
f 3748 3735 3747
f 3750 3749 3748
f 3735 3749 3751
f 3735 3748 3749
f 3750 3428 3749
f 3734 3733 3747
f 3733 3745 3747
f 3753 3748 3747
f 3753 3747 3752
f 3755 3428 3754
f 3755 3754 507
f 3617 507 3754
f 3755 507 508
f 3617 506 507
f 3334 3756 3757
f 3759 509 510
f 505 509 3759
f 3428 3612 3754
f 3617 3754 3612
f 3760 3759 3756
f 3757 3756 3759
f 3761 3753 3762
f 3761 3763 3753
f 3753 3763 3764
f 3605 3604 3765
f 3750 3748 3765
f 3604 3612 3765
f 3617 3612 3608
f 3750 3765 3612
f 3750 3612 3428
f 3753 3764 3766
f 3753 3766 3748
f 3764 3767 3766
f 3768 3766 3767
f 3605 3765 3766
f 3605 3766 3769
f 3748 3766 3765
f 514 3771 3770
f 512 3772 511
f 3774 3775 3773
f 3774 3773 3772
f 3631 3773 3775
f 3774 3670 3631
f 3774 3631 3775
f 3630 3776 3631
f 3781 3779 3780
f 3782 3781 3780
f 3782 3784 3783
f 3622 3783 3784
f 3785 3783 3622
f 3789 3786 3788
f 3788 3786 3790
f 3787 3790 3786
f 3792 3790 3791
f 3788 3790 3792
f 3793 3794 3791
f 3794 3792 3791
f 3794 3796 3795
f 3793 3796 3794
f 3797 3796 3793
f 3795 3796 3797
f 3654 3647 3797
f 3646 3797 3647
f 3637 3663 3635
f 3661 3660 3798
f 3659 3799 3798
f 3659 3798 3660
f 3799 3663 3800
f 3659 3663 3799
f 3637 3801 3663
f 3801 3800 3663
f 3637 3802 3801
f 3803 3804 3802
f 3804 3805 3802
f 3798 3806 3661
f 3668 3661 3806
f 3668 3806 3798
f 3804 3807 3808
f 3803 3807 3804
f 3807 3809 3811
f 3807 3811 3810
f 3668 3812 3811
f 3795 3813 3807
f 3795 3814 3813
f 3809 3807 3813
f 3809 3813 3814
f 3794 3795 3803
f 3794 3803 3815
f 3795 3807 3803
f 3782 3783 3785
f 3797 3793 3785
f 3630 3816 3780
f 3782 3780 3816
f 3817 3820 3818
f 3822 3821 3820
f 3824 3826 3827
f 3829 3828 3830
f 3828 3826 3830
f 3829 3830 3819
f 3819 3830 3831
f 3819 3832 3833
f 3829 3819 3817
f 3829 3817 3818
f 3829 3818 3820
f 3829 3820 3828
f 3821 3826 3828
f 3821 3828 3820
f 3822 3834 3821
f 3824 3827 3821
f 3824 3821 3834
f 3826 3821 3827
f 3824 3834 3825
f 3836 3823 3835
f 3839 3837 3838
f 3838 3837 3840
f 3840 3843 3842
f 3842 3843 3844
f 3845 3844 3843
f 3846 3844 3847
f 3845 3847 3844
f 3849 3850 3848
f 3852 3851 3493
f 3501 3493 3851
f 3501 3851 3850
f 3853 3493 3854
f 3853 3852 3493
f 3837 3839 3855
f 3856 3405 3855
f 3856 3855 3839
f 3837 3855 3857
f 3857 3858 3840
f 3837 3857 3840
f 3859 3840 3858
f 3859 3843 3840
f 3847 3845 3860
f 3848 3847 3860
f 3848 3860 3861
f 3853 3854 3502
f 3853 3502 3503
f 3493 3502 3854
f 3498 3502 3493
f 3857 3855 3862
f 3859 3858 3863
f 3859 3863 3864
f 3859 3864 3865
f 3845 3859 3865
f 3845 3865 3866
f 3845 3866 3860
f 3860 3866 3861
f 3869 3870 3868
f 3861 3868 3870
f 3867 3868 3861
f 3871 3868 3867
f 3492 3872 3493
f 3406 3770 3405
f 3770 3771 3405
f 514 3405 3771
f 514 3873 3405
f 3862 3855 3873
f 3862 3873 3874
f 3405 3873 3855
f 3857 3862 3874
f 3875 3858 3874
f 3857 3874 3858
f 3876 3863 3875
f 3864 3863 3876
f 3875 3863 3858
f 3865 3864 3876
f 3865 3876 3877
f 3866 3879 3878
f 3865 3877 3879
f 3865 3879 3866
f 3867 3861 3878
f 3866 3878 3861
f 3867 3878 3881
f 3494 3882 3881
f 3867 3881 3882
f 516 3874 514
f 3874 3873 514
f 3884 3875 3883
f 3875 3874 3883
f 3885 3876 3875
f 3877 3876 3885
f 3886 3877 3885
f 3880 3878 3879
f 3886 3879 3877
f 521 3878 3880
f 521 3881 3878
f 522 3487 3881
f 525 3487 523
f 3488 3487 525
f 516 514 515
f 3883 3874 516
f 3883 516 517
f 3884 3883 517
f 3885 3875 517
f 3885 517 518
f 3884 517 3875
f 518 519 3885
f 3886 3885 519
f 3886 520 3879
f 519 520 3886
f 3880 3879 520
f 521 3880 520
f 522 3881 521
f 522 523 3487
f 525 523 524
f 525 526 3488
f 3633 3887 3636
f 3803 3802 3636
f 3803 3636 3887
f 3637 3636 3802
f 3803 3887 3815
f 3781 3785 3793
f 3782 3785 3781
f 3631 3776 3780
f 3630 3780 3776
f 3617 3670 3774
f 3630 3628 3782
f 3630 3782 3816
f 3622 3782 3628
f 3622 3784 3782
f 3654 3797 3652
f 3797 3785 3652
f 3785 3625 3652
f 3797 3814 3795
f 3650 3809 3814
f 3668 3811 3666
f 3809 3666 3811
f 3650 3666 3809
f 3520 3668 3666
f 3772 3773 3779
f 3772 3779 3777
f 3777 3779 3888
f 3777 3888 3787
f 3779 3791 3888
f 3791 3790 3888
f 3787 3888 3790
f 3889 3788 3792
f 3892 3893 3891
f 3897 3894 3895
f 3892 3894 3897
f 3891 3894 3892
f 3887 3894 3891
f 3641 3898 3894
f 3641 3894 3887
f 3898 3899 3894
f 3899 3896 3894
f 3900 3901 3902
f 3903 3902 3901
f 3903 3904 3902
f 3905 3902 3904
f 3906 3902 3905
f 3898 3902 3906
f 3641 3907 3902
f 3641 3902 3898
f 3907 3900 3902
f 529 3908 527
f 529 527 528
f 3909 527 3908
f 3910 527 3909
f 480 3911 3598
f 3598 3911 3912
f 3617 3774 3772
f 3631 3780 3779
f 3631 3779 3773
f 3781 3793 3791
f 3781 3791 3779
f 3794 3815 3792
f 3887 3792 3815
f 3641 3887 3633
f 3617 3772 506
f 512 506 3772
f 3772 3777 3778
f 513 511 3778
f 511 3772 3778
f 530 513 3786
f 513 3778 3786
f 3777 3787 3786
f 3777 3786 3778
f 3819 3915 3851
f 3819 3851 3832
f 3850 3851 3915
f 3830 3916 3917
f 3826 3916 3830
f 3847 3848 3916
f 3848 3917 3916
f 3847 3826 3846
f 3846 3826 3844
f 3824 3825 3826
f 3825 3844 3826
f 3838 3840 3841
f 3842 3918 3840
f 3823 3918 3842
f 3823 3841 3918
f 3841 3840 3918
f 3856 3839 3593
f 3593 3839 3919
f 3585 3920 3586
f 3592 3920 3856
f 3587 3586 3920
f 3592 3856 3593
f 3823 3842 3844
f 3847 3916 3826
f 3819 3831 3848
f 3819 3848 3915
f 3830 3917 3848
f 3830 3848 3831
f 3850 3915 3848
f 526 531 3921
f 3587 3920 3552
f 3587 3552 3589
f 3592 3552 3920
f 3590 3589 3552
f 3590 3552 3922
f 3923 3593 3919
f 531 3924 3921
f 3488 526 3921
f 3926 3822 3925
f 3926 3835 3822
f 3836 3835 3927
f 3825 3822 3835
f 3823 3836 3927
f 3823 3927 3559
f 3841 3823 3928
f 3841 3928 3929
f 3823 3559 3928
f 3853 3503 3930
f 3504 3930 3503
f 3819 3932 3817
f 3933 3817 3932
f 3933 3820 3817
f 3934 3935 3931
f 3853 3930 3935
f 3853 3935 3832
f 3931 3935 3930
f 3832 3935 3833
f 3932 3935 3934
f 3819 3833 3935
f 3819 3935 3932
f 3841 3929 3936
f 3923 3919 3839
f 3488 3921 3937
f 3924 3937 3921
f 3491 3488 3937
f 3504 3503 3937
f 3504 3937 3924
f 3491 3937 3503
f 480 3598 3595
f 480 3595 479
f 3550 3548 3939
f 3587 3591 3601
f 3590 3601 3591
f 3603 3601 3590
f 3603 3590 3938
f 3599 3938 3590
f 3600 3611 3599
f 3600 3599 3606
f 3603 3938 3599
f 3603 3599 3611
f 3613 3615 3940
f 3600 3606 3940
f 3600 3940 3615
f 3606 3941 3940
f 3540 3940 3941
f 3620 3534 3619
f 3620 3619 3623
f 3619 3618 3623
f 3530 3623 3618
f 3624 3623 3530
f 3538 3626 3942
f 3535 3627 3626
f 3613 3942 3626
f 3535 3632 3627
f 3533 3534 3632
f 3620 3627 3632
f 3620 3632 3534
f 3511 3639 3638
f 3633 3638 3639
f 3645 3643 3642
f 3645 3642 3644
f 3650 3649 3648
f 3650 3648 3522
f 3642 3648 3649
f 3530 3651 3653
f 3528 3653 3651
f 3624 3530 3653
f 3624 3653 3652
f 3528 3645 3653
f 3643 3645 3528
f 3658 3659 3657
f 3659 3660 3657
f 3656 3657 3660
f 3659 3662 3663
f 3658 3662 3659
f 3635 3663 3662
f 3520 3665 3664
f 3650 3522 3664
f 3650 3664 3665
f 3520 3656 3667
f 3540 3613 3940
f 3674 3673 3672
f 3674 3672 3597
f 3511 3672 3673
f 3500 3924 3499
f 531 477 3924
f 477 3499 3924
f 479 3594 478
f 3597 3509 478
f 3597 478 3594
f 3590 3922 3551
f 3590 3551 3599
f 3552 3551 3922
f 3550 3599 3551
f 3555 3593 3923
f 3554 3593 3555
f 3550 3939 3546
f 3550 3546 3599
f 3548 3546 3939
f 3544 3545 3943
f 3543 3943 3545
f 3543 3599 3943
f 3583 3924 3584
f 3500 3584 3924
f 3561 3926 3925
f 3561 3563 3926
f 3560 3926 3563
f 3927 3835 3926
f 3559 3927 3560
f 3559 3560 3557
f 3927 3926 3560
f 3557 3929 3559
f 3929 3928 3559
f 3504 3505 3930
f 3931 3930 3505
f 3577 3931 3505
f 3577 3505 3580
f 3933 3932 3567
f 3932 3572 3567
f 3569 3568 3567
f 3569 3567 3572
f 3933 3566 3565
f 3933 3567 3566
f 3925 3564 3561
f 3933 3565 3564
f 3933 3564 3925
f 3577 3944 3931
f 3934 3931 3944
f 3577 3576 3944
f 3575 3944 3576
f 3932 3934 3572
f 3934 3944 3572
f 3575 3574 3572
f 3575 3572 3944
f 3557 3558 3929
f 3556 3929 3558
f 3936 3929 3556
f 3555 3923 3936
f 3555 3936 3556
f 3923 3839 3936
f 3583 3582 3924
f 3581 3924 3582
f 3504 3924 3581
f 3504 3581 3505
f 3531 3618 3534
f 3530 3618 3532
f 3531 3532 3618
f 3535 3626 3537
f 3538 3537 3626
f 3512 3633 3514
f 3635 3513 3514
f 3512 3511 3633
f 3633 3511 3638
f 3525 3526 3642
f 3525 3642 3945
f 3524 3642 3526
f 3522 3648 3523
f 3524 3523 3648
f 3528 3651 3529
f 3530 3529 3651
f 3525 3945 3527
f 3642 3655 3527
f 3642 3527 3945
f 3528 3527 3655
f 3518 3517 3657
f 3516 3657 3517
f 3658 3657 3516
f 3656 3518 3657
f 3635 3662 3515
f 3635 3515 3513
f 3658 3516 3515
f 3658 3515 3662
f 3520 3664 3946
f 3522 3946 3664
f 3522 3521 3946
f 3520 3946 3521
f 3518 3656 3519
f 3520 3519 3656
f 3539 3540 3541
f 3511 3510 3947
f 3509 3947 3510
f 3597 3947 3509
f 3511 3947 3597
f 3630 3631 3628
f 3785 3622 3621
f 3785 3621 3625
f 3650 3814 3646
f 3646 3814 3797
f 3825 3834 3822
f 3853 3832 3851
f 3853 3851 3852
f 3839 3838 3936
f 3841 3936 3838
f 3543 3542 3606
f 3543 3606 3607
f 3540 3941 3606
f 3540 3606 3542
f 3724 3732 3729
f 3730 3729 3732
f 3823 3844 3835
f 3825 3835 3844
f 3859 3845 3843
f 514 3770 532
f 3933 3925 3820
f 3925 3822 3820
f 3538 3942 3671
f 3540 3671 3942
f 3540 3942 3613
f 3894 3896 3958
f 3899 3959 3958
f 3899 3958 3896
f 3959 3894 3958
f 3897 3895 3959
f 3894 3959 3895
f 3892 3897 3969
f 3892 3969 3893
f 3959 3969 3897
f 3893 3969 3891
f 3889 3891 3970
f 3891 3969 3970
f 3889 3970 3971
f 3970 3981 3982
f 3970 3985 3981
f 3984 3981 3985
f 3984 3985 3970
f 3913 4156 4155
f 4161 4160 4158
f 4163 4161 4162
f 3900 4173 4174
f 3907 4173 3900
f 3910 3909 4177
f 4178 4195 4177
f 3909 4246 4175
f 3890 4245 4175
f 3890 4175 4246
f 4248 4245 3890
f 4248 3913 4155
f 4248 4155 4245
f 4248 4154 3913
f 4156 4158 4157
f 3909 4175 4177
f 3890 4246 3909
f 3890 3789 4248
f 3497 4282 3498
f 3494 3496 3495
f 3485 3489 4285
f 3429 4311 4312
f 4311 4313 3460
f 3432 3431 4306
f 3440 4322 3409
f 3440 3461 4322
f 3460 4322 3461
f 3409 4322 3411
f 4338 4336 4337
f 3408 4345 3407
f 3442 4346 4362
f 3423 3438 3415
f 3421 4407 4411
f 3435 3442 3444
f 3444 4416 4407
f 4415 3407 3435
f 3407 3411 3408
f 3410 3411 3433
f 3462 3464 4512
f 3453 3484 4515
f 3465 3463 4516
f 3462 4516 3463
f 3412 3414 3415
f 3415 3438 4524
f 3453 4515 4525
f 3453 4525 3451
f 3449 3451 4525
f 4530 3438 4534
f 3438 4533 4523
f 4545 4546 4547
f 3452 4572 4556
f 4611 4610 4606
f 3459 3477 4620
f 3476 4620 3477
f 3483 4621 3482
f 3480 3482 4621
f 3480 4625 3481
f 3483 3481 4625
f 3483 4625 4626
f 3472 3474 3473
f 3483 4626 3452
f 3452 4645 3479
f 3449 3479 4645
f 3453 3478 4665
f 3453 4665 4666
f 3449 4665 3478
f 4680 3470 4689
f 3470 3484 4689
f 3453 4666 3484
f 4716 4715 4709
f 4724 4714 4721
f 4724 4721 4723
f 3457 3455 4726
f 3454 4726 3455
f 3454 3456 4737
f 3459 4737 3456
f 4746 4749 4750
f 3445 4739 4751
f 4749 4748 4738
f 3459 4749 4738
f 3468 3469 4776
f 3445 4776 3469
f 3445 4751 4776
f 3903 3901 3900
f 4178 4187 4204
f 3485 4285 3496
f 3485 3496 4825
f 3494 4825 3496
f 3452 3450 4833
f 3449 4833 3450
f 3406 4836 3770
f 3334 3757 4836
f 3759 3770 4836
f 3759 4836 3757
f 3759 510 532
f 3759 532 3770
f 3404 3405 3920
f 3856 3920 3405
f 3585 3404 3920
f 3063 3053 3113
f 3063 3113 3074
f 3136 4837 3113
f 3074 3113 4837
f 2899 4838 2901
f 2904 2901 4838
f 3060 3036 3049
f 3060 3049 3061
f 3036 3050 3049
f 3348 3357 3349
f 3334 4839 3357
f 3349 3357 4839
f 3211 3210 4840
f 3730 2932 4841
f 2935 2934 4841
f 2935 4841 2932
f 2965 4841 2934
f 3017 4842 2909
f 2909 4842 2910
f 3017 2911 2910
f 3017 2910 4842
f 2911 3027 2917
f 3027 4843 2917
f 2905 2917 4843
f 2966 4844 3733
f 2966 3733 2967
f 3730 4841 3733
f 2965 2969 3733
f 2965 3733 4841
f 2968 2967 3733
f 2968 3733 2969
f 3159 3022 3010
f 2991 3742 3004
f 3159 3010 3004
f 3159 3004 3742
f 2997 2991 3004
f 3210 3356 4840
f 3210 3756 3356
f 3334 3356 3756
f 3356 3371 3211
f 3356 3211 4840
f 3290 3292 3297
f 3290 3297 3291
f 3296 3297 3292
f 3328 3310 3329
f 3293 3311 3310
f 3334 3337 3335
f 3328 3338 3337
f 3334 3349 4839
f 3086 3761 4845
f 3086 4845 3090
f 3761 4846 4845
f 3105 4845 4846
f 3105 3101 4845
f 3101 3103 4845
f 3103 3090 4845
f 3328 3337 4836
f 3334 4836 3337
f 3406 3328 4836
f 3406 3404 3328
f 3293 3328 3404
f 3293 3310 3328
f 3220 3211 3351
f 3113 3053 3052
f 3755 4847 3428
f 3430 3429 4847
f 3428 4847 3429
f 4848 4362 3425
f 4362 3427 3425
f 3427 3426 3425
f 4848 3425 4338
f 3741 4848 503
f 3755 508 503
f 3755 503 4848
f 4606 4610 4849
f 4611 4849 4610
f 4850 3728 4849
f 3459 4606 4849
f 500 3728 3738
f 500 3738 503
f 3728 4850 3738
f 4163 4162 3903
f 4161 4851 3903
f 4161 3903 4162
f 3984 3905 3903
f 3984 3903 4851
f 3905 3904 3903
f 3501 3850 3849
f 3849 3848 3869
f 3848 3861 3869
f 3861 3870 3869
f 3871 3867 3872
f 3867 3882 3872
f 3494 3493 3872
f 3494 3872 3882
f 3488 3490 3486
f 3491 3490 3488
f 3485 3486 3490
f 3485 3490 3489
f 3487 3486 3485
f 3487 3485 3881
f 3494 3485 4825
f 3494 3881 3485
f 3452 4852 4850
f 3452 4556 4852
f 4556 4545 4852
f 4850 4849 4853
f 4611 4853 4849
f 4615 4853 4611
f 3483 4853 4615
f 4853 3483 3452
f 4853 3452 4850
f 3422 3419 4411
f 3421 4411 3419
f 4407 4416 4411
f 3444 3443 4411
f 3444 4411 4416
f 3442 4362 4411
f 3442 4411 3443
f 4848 3422 4411
f 4848 4411 4362
f 4848 3741 3739
f 4848 3739 3422
f 3422 3738 4854
f 3422 4854 4850
f 3738 4850 4854
f 4850 4852 4855
f 4545 4547 4855
f 4545 4855 4852
f 4546 4531 4855
f 4546 4855 4547
f 4530 4534 4855
f 4530 4855 4531
f 3438 4855 4534
f 4855 3438 3441
f 3423 3422 4855
f 3423 4855 3441
f 3422 4850 4855
f 4848 4338 4847
f 4338 4337 4847
f 4336 3430 4847
f 4336 4847 4337
f 3755 4848 4847
f 3460 3440 4856
f 3460 4856 3428
f 3433 4451 4856
f 3433 4856 3440
f 4451 3749 4856
f 3749 3428 4856
f 3429 4312 3428
f 4311 3460 3428
f 4311 3428 4312
f 3749 4432 4857
f 4451 4440 4432
f 4451 4432 3749
f 4440 4441 4432
f 4432 4431 4423
f 3437 4432 4423
f 3437 4857 4432
f 3751 3749 4857
f 4506 3751 4857
f 3437 4496 4499
f 3437 4499 4857
f 4498 4499 4496
f 4500 4506 4499
f 4506 4857 4499
f 4506 3484 3751
f 4506 3466 3484
f 3466 3462 3484
f 3465 3484 3462
f 3475 3751 3484
f 3475 3484 3470
f 3735 3751 3475
f 4709 4715 4728
f 4716 4714 4728
f 4716 4728 4715
f 4714 4724 4728
f 4724 4723 4728
f 4721 4728 4723
f 3445 3446 4728
f 3448 4709 4728
f 3448 4728 3446
f 4858 4749 3459
f 4858 3459 4849
f 3728 3469 4858
f 3728 4858 4849
f 3468 4760 4858
f 3468 4858 3469
f 4747 4858 4760
f 4746 4750 4858
f 4746 4858 4747
f 4749 4858 4750
f 3475 4706 4709
f 3457 4706 3475
f 4706 3457 4710
f 4705 4706 4710
f 4709 4706 4708
f 3727 3736 4709
f 3735 3737 4709
f 3735 4709 3736
f 3475 4709 3737
f 3448 3727 4709
f 3119 4859 3120
f 3119 3758 4859
f 3194 3192 4859
f 3194 4859 3758
f 3192 3195 4859
f 3112 3122 4859
f 3112 4859 3195
f 3121 4859 3122
f 3120 4859 3121
f 3760 3756 3758
f 3194 3758 3199
f 3210 3758 3756
f 3210 3204 3758
f 3199 3758 3204
f 3133 3132 3119
f 3131 3119 3132
f 3141 3119 3131
f 3159 3742 3119
f 3159 3119 3141
f 3743 3760 3742
f 3119 3742 3760
f 3119 3760 3758
f 3760 3743 505
f 3760 505 3759
f 2990 2993 4860
f 2912 4860 2993
f 2921 4860 2912
f 2919 4861 4860
f 2919 4860 2921
f 3742 4860 4861
f 2991 2990 4860
f 2991 4860 3742
f 3742 4861 3744
f 2919 2918 2938
f 2919 2938 4861
f 2918 2929 2938
f 2933 4862 2938
f 4863 4861 2938
f 4863 2938 4862
f 4863 504 4861
f 3744 4861 504
f 3731 504 4864
f 502 504 3731
f 3744 504 505
f 4863 4864 504
f 2933 4863 4862
f 2933 2932 4863
f 3730 4865 4863
f 3730 4863 2932
f 3730 3731 4864
f 3730 4864 4865
f 4863 4865 4864
f 2905 4843 2898
f 3027 4866 2898
f 3027 2898 4843
f 3746 2898 4866
f 2899 2898 3746
f 3746 4866 3745
f 2899 3746 4844
f 2899 4844 4838
f 3746 3733 4844
f 2936 4844 2966
f 2923 2922 4844
f 2923 4844 2936
f 2904 4838 4844
f 2904 4844 2922
f 4866 3036 3745
f 3027 3035 3036
f 3027 3036 4866
f 3035 3042 3036
f 3042 3037 3036
f 3060 4867 3036
f 3747 3745 3036
f 3747 3036 4867
f 3060 3069 4867
f 3069 3073 4867
f 3074 4837 4867
f 3074 4867 3073
f 3136 4846 4867
f 3136 4867 4837
f 3747 4867 4846
f 3753 3752 3762
f 3761 3762 3752
f 3761 3752 3747
f 3136 3123 4846
f 3123 3105 4846
f 3761 3747 4846
f 3251 4868 3224
f 3761 3224 4868
f 3086 3085 3224
f 3086 3224 3761
f 3085 3094 3224
f 3093 3224 3094
f 3761 4868 3764
f 3761 3764 3763
f 4868 3768 3764
f 3768 3767 3764
f 3251 4869 4868
f 3251 3271 4869
f 3271 3278 4869
f 3241 3319 4869
f 3241 4869 3278
f 4868 4869 3766
f 4868 3766 3768
f 3585 4870 3766
f 3769 3766 4870
f 3296 3292 3303
f 3585 3766 3292
f 4869 3292 3766
f 3319 3314 3292
f 3319 3292 4869
f 3314 3313 3292
f 3308 3309 3292
f 3308 3292 3313
f 3302 3303 3292
f 3302 3292 3309
f 3293 3404 3292
f 3585 3292 3404
f 3585 3769 4870
f 3585 3588 3769
f 3587 4871 3769
f 3587 3769 3588
f 3769 4871 3605
f 3587 3601 3605
f 3587 3605 4871
f 4821 4820 4260
f 4260 4261 3674
f 3594 4821 4260
f 3594 4260 3596
f 3674 3596 4260
f 3674 3597 3596
f 3598 3912 4206
f 3912 4207 4206
f 4821 4206 4822
f 3598 4206 3594
f 3594 4206 4821
f 3598 3594 3595
f 3907 3673 3674
f 3641 3511 3673
f 3641 3673 3907
f 4178 4204 533
f 4178 533 4872
f 533 534 3910
f 533 3910 4872
f 527 3910 534
f 4177 4195 3910
f 4178 4872 3910
f 4178 3910 4195
f 480 533 4204
f 480 4204 3911
f 3889 3792 3891
f 3887 3891 3792
f 3889 4851 4158
f 3889 3971 4851
f 3970 3982 4851
f 3970 4851 3971
f 3981 4851 3982
f 3984 4851 3981
f 4161 4158 4851
f 3913 3914 4156
f 3889 4158 4156
f 3913 4154 4873
f 4248 4873 4154
f 3789 3788 4873
f 3789 4873 4248
f 3889 4156 4873
f 3889 4873 3788
f 3914 3913 4873
f 3914 4873 4156
f 529 3789 3908
f 3890 3909 3908
f 3890 3908 3789
f 3789 530 3786
f 529 530 3789
f 3522 3518 3520
f 3543 3538 3539
f 3549 4874 3544
f 4875 4874 3552
f 4875 3552 3553
f 4875 3553 3555
f 3555 3556 4875
f 3528 3530 3525
f 5190 5129 3543
f 5190 3543 3544
f 3544 4874 5190
f 3538 3543 5129
f 3538 5129 5128
f 5127 478 3509
f 3511 5127 3509
f 3512 4953 3511
f 3513 4953 3512
f 5191 3516 3518
f 3518 5131 5191
f 3522 5192 5131
f 3522 5131 3518
f 3524 5134 5192
f 3524 5192 3522
f 5000 5134 3524
f 5000 3524 3525
f 3525 5132 5000
f 3530 5133 5132
f 3530 5132 3525
f 3531 5137 5133
f 3531 5133 3530
f 3533 5137 3531
f 3535 5135 3533
f 3538 5135 3535
f 1222 1219 1224
f 2892 1218 1214
f 3548 3544 3547
f 3555 3553 3554
f 3579 3577 3578
f 3580 3579 3578
f 3581 3506 3507
f 4874 3549 3552
f 1768 1770 1769
f 1768 1769 1767
f 1766 1767 1769
f 1773 1772 1771
f 1775 1773 1774
f 1773 1771 1774
f 1776 1778 1780
f 1779 1776 1780
f 1778 1781 1780
f 1779 1780 1782
f 1781 1782 1780
f 1783 1781 1784
f 1777 1784 1781
f 1777 1781 1778
f 1787 1788 1786
f 1786 1788 1789
f 1785 1789 1783
f 1793 1795 1794
f 1790 1794 1795
f 1796 1792 1797
f 1798 1797 1792
f 1798 1792 1799
f 1791 1799 1792
f 1798 1799 1791
f 1798 1791 1800
f 1801 1800 1791
f 1801 1791 1802
f 1790 1805 1804
f 1790 1795 1805
f 1805 1795 1806
f 1807 1806 1795
f 1807 1795 1793
f 1811 1813 1812
f 1815 1814 1812
f 1815 1812 1816
f 1798 1812 1809
f 1810 1809 1811
f 1811 1809 1813
f 1812 1813 1809
f 1807 1817 1806
f 1808 1806 1817
f 1808 1817 1818
f 1820 1819 1818
f 1820 1818 1817
f 1803 1821 1822
f 1818 1822 1821
f 1822 1823 1819
f 1818 1819 1823
f 1812 1814 1825
f 1822 1825 1826
f 1815 1826 1825
f 1815 1825 1814
f 1824 1819 1833
f 1820 1833 1819
f 1807 1835 1817
f 1834 1836 1832
f 1838 1837 1846
f 1830 1847 1846
f 1830 1846 1837
f 1834 1848 1836
f 1830 1836 1848
f 1830 1848 1847
f 1856 1857 1855
f 1856 1855 1847
f 1854 1855 1857
f 1807 1793 1859
f 1856 1862 1860
f 1863 1857 1587
f 1873 1870 1872
f 1873 1872 1874
f 1871 1874 1872
f 1880 1871 1881
f 1884 1885 1883
f 1873 1883 1885
f 1888 1889 1882
f 1880 1888 1882
f 1873 1882 1889
f 1886 1881 1878
f 1890 1891 1892
f 1893 1892 1891
f 1873 1893 1891
f 1873 1889 1893
f 1894 1888 1895
f 1898 1897 1899
f 1595 1899 1897
f 1888 1900 1897
f 1595 1897 1594
f 1594 1897 1900
f 1893 1902 1901
f 1901 1768 1903
f 1893 1901 1903
f 1768 1890 1903
f 1904 1789 1905
f 1906 1905 1789
f 1906 1789 1788
f 1906 1788 1907
f 1787 1907 1788
f 1787 1884 1907
f 1911 1912 1910
f 1913 1789 1912
f 1789 1913 1914
f 1782 1914 1913
f 1779 1782 1913
f 1782 1789 1914
f 1904 1915 1789
f 1824 1916 1819
f 1822 1819 1916
f 1822 1916 1825
f 1786 1825 1916
f 1787 1786 1916
f 1787 1916 1824
f 1917 1783 1784
f 1917 1784 1918
f 1810 1811 1917
f 1812 1785 1811
f 1884 1919 1908
f 1909 1908 1919
f 1884 1890 1919
f 1918 1920 1917
f 1810 1917 1920
f 1920 1918 1784
f 1778 1784 1777
f 1921 1923 1922
f 1925 1924 1923
f 1775 1926 1773
f 1923 1773 1922
f 1921 1922 1773
f 1921 1773 1926
f 1913 1921 1775
f 1779 1775 1927
f 1921 1926 1775
f 1909 1919 1928
f 1890 1929 1928
f 1890 1928 1919
f 1890 1768 1929
f 1928 1929 1768
f 1928 1768 1767
f 1928 1767 1766
f 1928 1766 1930
f 1773 1923 1930
f 1810 1920 1931
f 1796 1931 1920
f 1796 1920 1932
f 1774 1934 1933
f 1774 1933 1776
f 1920 1933 1934
f 1766 1769 1794
f 1793 1794 1769
f 1793 1769 1770
f 1766 1794 1790
f 1766 1790 1791
f 1935 1766 1791
f 1935 1791 1792
f 1871 1942 1876
f 1870 1787 1943
f 1870 1945 1944
f 1871 1947 1946
f 1871 1946 1941
f 1824 1948 1945
f 1787 1824 1945
f 1787 1945 1943
f 1824 1833 1948
f 1945 1948 1833
f 1832 1945 1833
f 1945 1831 1949
f 1947 1949 1831
f 1947 1831 1830
f 1832 1831 1945
f 1901 1951 1950
f 1950 1770 1901
f 1768 1901 1770
f 1856 1860 1952
f 1856 1952 1857
f 1587 1857 1952
f 1587 1952 1953
f 1954 1955 1952
f 1951 1954 1952
f 1951 1952 1956
f 1860 1956 1952
f 1953 1952 1955
f 1793 1770 1861
f 1950 1860 1861
f 1950 1861 1770
f 1766 1772 1930
f 1773 1930 1772
f 1775 1774 1776
f 1775 1776 1927
f 1779 1927 1776
f 1781 1783 1782
f 1782 1783 1789
f 1785 1825 1789
f 1786 1789 1825
f 1791 1790 1802
f 1801 1802 1790
f 1801 1790 1804
f 1798 1809 1796
f 1798 1796 1797
f 1810 1931 1796
f 1810 1796 1809
f 1803 1800 1804
f 1808 1804 1806
f 1805 1806 1804
f 1801 1804 1800
f 1803 1798 1800
f 1812 1798 1816
f 1815 1816 1798
f 1815 1798 1957
f 1803 1957 1798
f 1808 1818 1821
f 1815 1957 1822
f 1815 1822 1826
f 1818 1823 1822
f 1803 1822 1957
f 1830 1831 1836
f 1832 1836 1831
f 1832 1833 1835
f 1834 1832 1835
f 1820 1817 1835
f 1820 1835 1833
f 1830 1837 1829
f 1834 1858 1848
f 1847 1848 1862
f 1856 1847 1862
f 1860 1862 1859
f 1858 1859 1862
f 1858 1862 1848
f 1793 1861 1859
f 1860 1859 1861
f 1863 1854 1857
f 1787 1870 1885
f 1787 1885 1884
f 1873 1885 1870
f 1871 1876 1881
f 1873 1874 1882
f 1880 1882 1874
f 1880 1874 1871
f 1873 1891 1883
f 1884 1883 1891
f 1884 1891 1890
f 1880 1881 1895
f 1880 1895 1888
f 1886 1894 1895
f 1886 1895 1881
f 1890 1892 1893
f 1890 1893 1903
f 1894 1594 1900
f 1894 1900 1888
f 1888 1897 1902
f 1888 1902 1889
f 1893 1889 1902
f 1904 1905 1906
f 1904 1906 1910
f 1909 1906 1908
f 1884 1908 1906
f 1884 1906 1907
f 1904 1910 1915
f 1789 1915 1910
f 1789 1910 1912
f 1812 1825 1785
f 1785 1783 1811
f 1917 1811 1783
f 1779 1913 1775
f 1911 1923 1912
f 1913 1912 1923
f 1913 1923 1921
f 1911 1958 1923
f 1925 1923 1958
f 1925 1958 1928
f 1909 1928 1958
f 1923 1924 1930
f 1925 1928 1930
f 1925 1930 1924
f 1920 1792 1932
f 1796 1932 1792
f 1771 1772 1935
f 1935 1772 1766
f 1871 1941 1942
f 1870 1944 1872
f 1871 1872 1944
f 1830 1829 1946
f 1947 1830 1946
f 1871 1944 1947
f 1947 1944 1949
f 1945 1949 1944
f 1901 1902 1951
f 1897 1951 1902
f 1950 1951 1956
f 1950 1956 1860
f 1803 1804 1821
f 1808 1821 1804
f 1854 1846 1855
f 1847 1855 1846
f 1838 1846 1854
f 1858 1835 1859
f 1807 1859 1835
f 1834 1835 1858
f 1911 1910 1906
f 1911 1906 1958
f 1909 1958 1906
f 1920 1784 1933
f 1776 1933 1784
f 1776 1784 1778
f 1935 1792 1771
f 1774 1771 1934
f 1920 1934 1771
f 1920 1771 1792
f 1870 1943 1945
f 1954 1951 2516
f 2517 2516 1951
f 2517 1951 2518
f 1898 2518 1951
f 1898 1951 1897
f 4080 4079 4081
f 4080 4081 4082
f 4078 4081 4079
f 4085 4083 4084
f 4087 4086 4085
f 4085 4086 4083
f 4088 4092 4090
f 4091 4092 4088
f 4090 4092 4093
f 4091 4094 4092
f 4093 4092 4094
f 4095 4096 4093
f 4089 4090 4093
f 4089 4093 4096
f 4099 4098 4100
f 4098 4101 4100
f 4097 4095 4101
f 4105 4106 4107
f 4102 4107 4106
f 4108 4109 4104
f 4110 4111 4104
f 4110 4104 4109
f 4103 4104 4111
f 4110 4112 4103
f 4110 4103 4111
f 4113 4103 4112
f 4113 4114 4103
f 4102 4116 4117
f 4102 4117 4107
f 4117 4118 4107
f 4119 4105 4107
f 4119 4107 4118
f 4123 4124 4125
f 4127 4128 4124
f 4127 4124 4126
f 4110 4121 4124
f 4122 4123 4121
f 4123 4125 4121
f 4124 4121 4125
f 4119 4118 4129
f 4120 4130 4129
f 4120 4129 4118
f 4132 4129 4130
f 4115 4134 4133
f 4131 4130 4133
f 4131 4133 4134
f 4134 4135 4130
f 4134 4130 4136
f 4131 4136 4130
f 4124 4137 4126
f 4134 4138 4137
f 4127 4126 4137
f 4127 4137 4138
f 4132 4130 4145
f 4119 4129 4147
f 4149 4148 4143
f 4146 4144 4148
f 4149 4150 4159
f 4149 4159 4148
f 4159 4150 4165
f 4164 4165 4150
f 4166 4159 4165
f 4166 4165 4167
f 4164 4167 4165
f 4119 4169 4105
f 4166 4170 4172
f 4182 4180 4181
f 4182 4181 4179
f 4188 4189 4180
f 4192 4191 4193
f 4182 4193 4191
f 4196 4190 4197
f 4188 4190 4196
f 4182 4197 4190
f 4194 4186 4189
f 4198 4200 4199
f 4201 4199 4200
f 4182 4199 4201
f 4182 4201 4197
f 4202 4203 4196
f 4206 4207 4205
f 3912 4205 4207
f 4196 4205 4208
f 3912 3911 4205
f 3911 4208 4205
f 4201 4209 4210
f 4209 4211 4080
f 4201 4211 4209
f 4080 4211 4198
f 4212 4213 4101
f 4214 4100 4101
f 4214 4101 4213
f 4214 4215 4100
f 4099 4100 4215
f 4099 4215 4192
f 4219 4218 4220
f 4221 4220 4101
f 4101 4222 4221
f 4094 4221 4222
f 4091 4221 4094
f 4094 4222 4101
f 4212 4101 4223
f 4130 4135 4225
f 4130 4225 4224
f 4134 4137 4225
f 4134 4225 4135
f 4098 4225 4137
f 4099 4224 4225
f 4099 4225 4098
f 4226 4227 4096
f 4226 4096 4095
f 4122 4226 4123
f 4124 4123 4097
f 4192 4216 4228
f 4217 4228 4216
f 4192 4228 4198
f 4227 4226 4229
f 4122 4229 4226
f 4229 4096 4227
f 4090 4089 4096
f 4230 4231 4232
f 4234 4232 4233
f 4087 4085 4235
f 4232 4231 4085
f 4230 4235 4085
f 4230 4085 4231
f 4221 4087 4230
f 4091 4236 4087
f 4230 4087 4235
f 4217 4237 4228
f 4198 4237 4238
f 4198 4228 4237
f 4198 4238 4080
f 4237 4080 4238
f 4237 4079 4080
f 4237 4078 4079
f 4237 4239 4078
f 4085 4239 4232
f 4122 4240 4229
f 4108 4241 4229
f 4108 4229 4240
f 4086 4088 4242
f 4086 4242 4243
f 4229 4243 4242
f 4078 4106 4081
f 4105 4082 4081
f 4105 4081 4106
f 4078 4102 4106
f 4078 4103 4102
f 4244 4104 4103
f 4244 4103 4078
f 4179 4251 4099
f 4179 4252 4253
f 4224 4253 4256
f 4099 4253 4224
f 4224 4256 4145
f 4253 4145 4256
f 4144 4145 4253
f 4130 4224 4145
f 4253 4252 4144
f 4255 4144 4252
f 4143 4144 4255
f 4209 4257 4258
f 4257 4209 4082
f 4080 4082 4209
f 4166 4167 4259
f 4166 4259 4170
f 3907 3674 4259
f 3907 4259 4167
f 4260 4259 4261
f 4258 4262 4259
f 4258 4259 4260
f 4170 4259 4262
f 3674 4261 4259
f 4105 4171 4082
f 4257 4082 4171
f 4257 4171 4170
f 4078 4239 4084
f 4085 4084 4239
f 4087 4236 4088
f 4087 4088 4086
f 4091 4088 4236
f 4093 4094 4095
f 4094 4101 4095
f 4097 4101 4137
f 4098 4137 4101
f 4103 4114 4102
f 4113 4116 4102
f 4113 4102 4114
f 4110 4108 4121
f 4110 4109 4108
f 4122 4121 4108
f 4122 4108 4240
f 4115 4116 4112
f 4120 4118 4116
f 4117 4116 4118
f 4113 4112 4116
f 4115 4112 4110
f 4124 4128 4110
f 4127 4263 4110
f 4127 4110 4128
f 4115 4110 4263
f 4120 4133 4130
f 4127 4138 4134
f 4127 4134 4263
f 4131 4134 4136
f 4115 4263 4134
f 4143 4148 4144
f 4144 4147 4145
f 4146 4147 4144
f 4132 4145 4147
f 4132 4147 4129
f 4143 4142 4150
f 4149 4143 4150
f 4146 4148 4168
f 4159 4172 4148
f 4166 4172 4159
f 4170 4169 4172
f 4168 4148 4172
f 4168 4172 4169
f 4105 4169 4171
f 4170 4171 4169
f 4099 4192 4193
f 4099 4193 4179
f 4182 4179 4193
f 4180 4189 4184
f 4182 4190 4180
f 4188 4180 4190
f 4182 4191 4199
f 4192 4198 4199
f 4192 4199 4191
f 4188 4196 4203
f 4188 4203 4189
f 4194 4189 4203
f 4194 4203 4202
f 4198 4201 4200
f 4198 4211 4201
f 4202 4196 4208
f 4202 4208 3911
f 4196 4197 4210
f 4196 4210 4205
f 4201 4210 4197
f 4212 4218 4214
f 4212 4214 4213
f 4217 4216 4214
f 4192 4214 4216
f 4192 4215 4214
f 4212 4223 4218
f 4101 4220 4218
f 4101 4218 4223
f 4124 4097 4137
f 4097 4123 4095
f 4226 4095 4123
f 4091 4087 4221
f 4219 4220 4232
f 4221 4230 4232
f 4221 4232 4220
f 4219 4232 4264
f 4234 4237 4264
f 4234 4264 4232
f 4217 4264 4237
f 4232 4239 4233
f 4234 4233 4239
f 4234 4239 4237
f 4229 4241 4104
f 4108 4104 4241
f 4083 4244 4084
f 4244 4078 4084
f 4179 4181 4252
f 4180 4184 4181
f 4184 4252 4181
f 4143 4255 4142
f 4184 4255 4252
f 4209 4258 4210
f 4205 4210 4258
f 4257 4170 4262
f 4257 4262 4258
f 4115 4133 4116
f 4120 4116 4133
f 4151 4164 4150
f 4168 4169 4147
f 4119 4147 4169
f 4146 4168 4147
f 4219 4264 4214
f 4219 4214 4218
f 4217 4214 4264
f 4229 4242 4096
f 4088 4090 4096
f 4088 4096 4242
f 4244 4083 4104
f 4086 4243 4083
f 4229 4104 4083
f 4229 4083 4243
f 4099 4251 4253
f 4179 4253 4251
f 4260 4820 4258
f 4821 4258 4820
f 4821 4822 4258
f 4206 4205 4258
f 4206 4258 4822
f 4001 4008 3998
f 4005 3998 4008
f 4002 4011 4005
f 4007 4011 4012
f 4001 4005 4008
f 4002 4005 4001
f 3998 4016 4014
f 4015 4014 4016
f 4013 3998 4014
f 4018 4017 4014
f 4018 4014 4015
f 4013 4014 4017
f 4018 4004 4017
f 4004 4003 4017
f 4002 4013 4017
f 4002 4017 4003
f 4021 4022 4019
f 4026 4021 4024
f 4026 4024 4025
f 4029 4027 4028
f 4000 4031 4015
f 4030 4032 4023
f 4033 4012 4034
f 4004 4034 4012
f 4033 4037 4036
f 4033 4036 4035
f 4040 4039 4038
f 4009 4007 4039
f 4030 4000 4040
f 4030 4040 4032
f 4043 4038 4007
f 4043 4041 4038
f 4043 4042 4041
f 4033 4035 4043
f 4030 4023 4044
f 4030 4044 4031
f 4044 4015 4031
f 4044 4045 4015
f 4046 4045 4044
f 4018 4015 4045
f 4046 4018 4045
f 4047 4018 4046
f 4004 4018 4047
f 4047 4037 4004
f 4020 4019 4048
f 4020 4048 4049
f 4051 4027 4052
f 4051 4036 4027
f 4042 4054 4041
f 3668 3798 4059
f 3812 4060 3811
f 3810 3811 4060
f 4025 4024 4062
f 3807 3810 4060
f 3807 4060 4063
f 3948 4063 4060
f 3948 4060 4061
f 3948 3807 4063
f 4064 3808 3948
f 3948 3808 3807
f 3804 4068 3805
f 4069 4068 3804
f 3802 3805 4068
f 4064 4069 3808
f 4069 3804 3808
f 4067 3802 4068
f 3800 4067 4066
f 4056 4070 4055
f 3801 3802 3800
f 3800 3802 4067
f 3799 3800 4071
f 4072 4071 3800
f 3799 4071 3798
f 4070 4071 4072
f 3798 4071 4059
f 4070 4059 4071
f 4056 4059 4070
f 4049 4048 4073
f 4043 4054 4042
f 4074 4053 4054
f 4074 4054 4043
f 3998 3999 4016
f 4000 4015 4016
f 4000 4016 3999
f 4002 4003 4011
f 4004 4012 4003
f 4012 4011 4003
f 4005 4006 4009
f 4009 4006 4007
f 4005 4009 3999
f 4005 3999 3998
f 4010 4000 3999
f 4010 3999 4009
f 4005 4011 4006
f 4007 4006 4011
f 4001 3998 4075
f 4013 4075 3998
f 4013 4002 4075
f 4001 4075 4002
f 4021 4019 4024
f 4020 4024 4019
f 4076 4052 4027
f 4030 4031 4000
f 4033 4034 4004
f 4033 4004 4037
f 4038 4039 4007
f 4009 4039 4000
f 4009 4000 4010
f 4040 4000 4039
f 4043 4007 4033
f 4033 4007 4012
f 4022 4021 4044
f 4022 4044 4023
f 4019 4022 4050
f 4019 4050 4048
f 4023 4032 4050
f 4023 4050 4022
f 4074 4035 4036
f 4051 4074 4036
f 3668 4059 4060
f 3668 4060 3812
f 4056 4060 4059
f 4061 4060 4056
f 4052 4076 4057
f 4077 4058 4076
f 4058 4057 4076
f 4020 4062 4024
f 4048 4050 4032
f 4074 4043 4035
f 4809 4076 4027
f 4029 4809 4027
f 4029 4028 4809
f 4810 4040 4041
f 4040 4038 4041
f 4810 4032 4040
f 4026 4046 4044
f 4026 4044 4021
f 4047 4046 4028
f 4074 4052 4057
f 4051 4052 4074
f 4812 4053 4811
f 4056 4055 4813
f 4074 4057 4814
f 4813 4055 4814
f 4061 4056 4813
f 4061 4813 4058
f 3948 4061 4058
f 3948 4058 4077
f 3948 4077 4815
f 4809 4025 4076
f 4815 4076 4025
f 4077 4076 4815
f 3948 4815 4064
f 4062 4064 4815
f 4069 4064 4062
f 4068 4062 4816
f 4069 4062 4068
f 4020 4816 4062
f 4067 4068 4066
f 4068 4816 4066
f 4065 4066 4816
f 4072 3800 4817
f 3800 4066 4817
f 4065 4817 4066
f 4811 4818 4073
f 4817 4065 4818
f 4070 4072 4055
f 4072 4817 4055
f 4812 4811 4073
f 4812 4073 4048
f 4810 4812 4032
f 4812 4048 4032
f 4026 4025 4809
f 4026 4809 4046
f 4809 4028 4046
f 4028 4027 4036
f 4047 4028 4036
f 4047 4036 4037
f 4810 4041 4812
f 4041 4054 4812
f 4053 4812 4054
f 4074 4814 4819
f 4074 4819 4053
f 4055 4819 4814
f 4813 4814 4057
f 4058 4813 4057
f 4062 4815 4025
f 4020 4049 4816
f 4065 4816 4049
f 4073 4818 4049
f 4065 4049 4818
f 4817 4818 4055
f 4811 4053 4818
f 4053 4819 4818
f 4055 4818 4819
f 1690 1687 1697
f 1694 1697 1687
f 1691 1694 1700
f 1696 1701 1700
f 1690 1697 1694
f 1691 1690 1694
f 1687 1703 1705
f 1704 1705 1703
f 1702 1703 1687
f 1707 1704 1703
f 1707 1703 1706
f 1702 1706 1703
f 1707 1706 1693
f 1693 1706 1692
f 1691 1692 1706
f 1691 1706 1702
f 1710 1708 1711
f 1715 1714 1713
f 1715 1713 1710
f 1718 1717 1716
f 1689 1704 1720
f 1719 1712 1721
f 1722 1723 1701
f 1693 1701 1723
f 1722 1724 1725
f 1722 1725 1726
f 1729 1727 1728
f 1698 1728 1696
f 1719 1729 1689
f 1719 1721 1729
f 1732 1696 1727
f 1732 1727 1730
f 1732 1730 1731
f 1722 1732 1724
f 1719 1733 1712
f 1719 1720 1733
f 1733 1720 1704
f 1733 1704 1734
f 1735 1733 1734
f 1707 1734 1704
f 1735 1734 1707
f 1736 1735 1707
f 1693 1736 1707
f 1736 1693 1726
f 1709 1738 1737
f 1709 1737 1708
f 1740 1741 1716
f 1740 1716 1725
f 1731 1730 1743
f 1347 1748 1483
f 1497 1496 1749
f 1495 1749 1496
f 1714 1751 1713
f 1493 1752 1749
f 1493 1749 1495
f 1636 1750 1749
f 1636 1749 1752
f 1636 1752 1493
f 1488 1636 1491
f 1636 1493 1491
f 1488 1489 1756
f 1757 1488 1756
f 1486 1756 1489
f 1757 1756 1486
f 1755 1757 1486
f 1745 1744 1758
f 1485 1484 1486
f 1755 1486 1484
f 1760 1755 1484
f 1760 1484 1759
f 1484 1483 1759
f 1758 1760 1759
f 1483 1748 1759
f 1758 1759 1748
f 1745 1758 1748
f 1738 1761 1737
f 1732 1731 1743
f 1762 1732 1743
f 1762 1743 1742
f 1687 1705 1688
f 1689 1688 1705
f 1689 1705 1704
f 1691 1700 1692
f 1693 1692 1701
f 1701 1692 1700
f 1694 1698 1695
f 1698 1696 1695
f 1694 1687 1688
f 1694 1688 1698
f 1699 1698 1688
f 1699 1688 1689
f 1694 1695 1700
f 1696 1700 1695
f 1690 1763 1687
f 1702 1687 1763
f 1702 1763 1691
f 1690 1691 1763
f 1710 1713 1708
f 1709 1708 1713
f 1764 1716 1741
f 1719 1689 1720
f 1722 1726 1693
f 1722 1693 1723
f 1727 1696 1728
f 1698 1699 1689
f 1698 1689 1728
f 1729 1728 1689
f 1732 1722 1696
f 1722 1701 1696
f 1711 1712 1733
f 1711 1733 1710
f 1708 1737 1739
f 1708 1739 1711
f 1712 1711 1739
f 1712 1739 1721
f 1762 1725 1724
f 1740 1725 1762
f 1347 1497 1749
f 1347 1749 1748
f 1745 1748 1749
f 1750 1745 1749
f 1741 1746 1764
f 1765 1764 1747
f 1747 1764 1746
f 1709 1713 1751
f 1737 1721 1739
f 1762 1724 1732
f 2504 1716 1764
f 1718 1716 2504
f 1718 2504 1717
f 2505 1730 1729
f 1729 1730 1727
f 2505 1729 1721
f 1715 1710 1733
f 1715 1733 1735
f 1736 1717 1735
f 1762 1746 1741
f 1740 1762 1741
f 2507 2506 1742
f 1745 2508 1744
f 1762 2509 1746
f 2508 2509 1744
f 1750 2508 1745
f 1750 1747 2508
f 1636 1765 1747
f 1636 1747 1750
f 1636 2510 1765
f 2504 1764 1714
f 2510 1714 1764
f 1765 2510 1764
f 1488 2511 1636
f 1636 2511 2510
f 1751 2510 2511
f 1757 1751 2511
f 1488 1757 2511
f 1709 1751 2512
f 1755 1754 1757
f 1757 1754 1751
f 2512 1751 1754
f 1753 2512 1754
f 1760 2513 1755
f 1755 2513 1754
f 1753 1754 2513
f 2506 1761 2514
f 2513 2514 1753
f 1758 1744 1760
f 1760 1744 2513
f 2507 1737 1761
f 2507 1761 2506
f 2505 1721 2507
f 2507 1721 1737
f 1715 2504 1714
f 1715 1735 2504
f 2504 1735 1717
f 1717 1725 1716
f 1736 1726 1725
f 1736 1725 1717
f 2505 2507 1730
f 1730 2507 1743
f 1742 1743 2507
f 1762 1742 2515
f 1762 2515 2509
f 1744 2509 2515
f 2508 1746 2509
f 1747 1746 2508
f 1751 1714 2510
f 1709 2512 1738
f 1753 1738 2512
f 1761 1738 2514
f 1753 2514 1738
f 2513 1744 2514
f 2506 2514 1742
f 1742 2514 2515
f 1744 2515 2514
f 2000 1105 1140
f 2003 2002 2001
f 2004 2003 2001
f 1140 2004 2001
f 2000 1140 2001
f 1140 1102 2005
f 1140 2005 2007
f 1140 2007 1133
f 2003 2008 2002
f 2009 2008 2003
f 2010 2009 2003
f 2010 2003 2004
f 2002 2000 2001
f 1140 1133 2011
f 2013 2004 1140
f 2009 2014 2008
f 2014 2002 2008
f 2011 1133 2016
f 2011 2016 2015
f 1140 2011 2018
f 1140 2018 2013
f 2013 2018 2017
f 2010 2004 2019
f 2013 2019 2004
f 2020 2014 2009
f 2020 2009 2021
f 2023 2012 2024
f 2002 2024 2000
f 2012 2000 2024
f 2016 1084 2025
f 2025 1084 1081
f 2026 2017 2018
f 2029 2028 2021
f 2016 2033 2015
f 2015 2033 2018
f 2011 2015 2018
f 2034 2026 2018
f 2034 2018 2033
f 2027 2017 2026
f 2021 2036 2020
f 2020 2036 2014
f 2023 2038 2012
f 2012 2038 1104
f 1103 1104 2038
f 2030 1098 2032
f 2025 1081 2039
f 2040 2039 1080
f 2040 1080 1115
f 2025 2042 2041
f 2016 2025 2041
f 2016 2041 2033
f 2034 2035 2026
f 2043 2017 2027
f 2010 2019 2021
f 2019 2029 2021
f 2029 2044 2028
f 2021 2028 2044
f 2021 2044 2036
f 2022 2014 2045
f 2023 2045 2036
f 2014 2036 2045
f 2023 2024 2045
f 2022 2045 2024
f 2022 2024 2002
f 2048 2046 2047
f 2048 2047 2049
f 2030 2049 2047
f 2043 2027 2026
f 2035 2043 2026
f 2051 2050 2052
f 1103 2038 2049
f 1103 2049 2030
f 2037 2048 2049
f 2037 2049 2038
f 2046 2053 1097
f 2030 2047 1098
f 1098 2047 1097
f 2046 1097 2047
f 2040 2057 2039
f 2025 2039 2042
f 2034 2033 2058
f 2059 2058 2033
f 2034 2058 2035
f 2060 2043 2035
f 2061 2043 2060
f 2019 2063 2044
f 2019 2044 2029
f 2062 2036 2044
f 2062 2044 2063
f 2036 2064 2050
f 2052 2050 2064
f 2051 2065 2054
f 2051 2052 2066
f 2051 2066 2065
f 2036 2050 2067
f 2023 2036 2067
f 2051 2067 2050
f 2037 2038 2067
f 2037 2067 2051
f 2023 2067 2038
f 2037 2055 2048
f 2046 2069 2068
f 2046 2068 2053
f 1097 2053 1100
f 1100 2053 2070
f 2057 2071 2039
f 2042 2039 2071
f 2059 2033 2041
f 2059 2041 2072
f 2042 2072 2041
f 2060 2035 2058
f 2013 2061 2073
f 2013 2073 2063
f 2062 2063 2073
f 2052 2074 2066
f 2052 2075 2074
f 2051 2054 2055
f 2055 2054 2048
f 2076 2077 2066
f 2076 2066 2075
f 2065 2066 2054
f 2054 2066 2077
f 2053 2068 2070
f 2070 2079 2078
f 1100 2070 2078
f 1100 2078 2056
f 2040 2056 2078
f 2040 2078 2057
f 2057 2078 2079
f 2042 2080 2072
f 2081 2052 2064
f 2081 2064 2082
f 2062 2082 2064
f 2062 2064 2036
f 2081 2082 2068
f 2037 2051 2055
f 2076 2075 2081
f 2076 2081 2083
f 2069 2083 2081
f 2081 2068 2069
f 2070 2084 2079
f 2085 2071 2057
f 2062 2073 2080
f 2080 2073 2072
f 2059 2072 2073
f 2059 2073 2086
f 2061 2086 2073
f 2087 2068 2088
f 2062 2088 2082
f 2068 2082 2088
f 2070 2068 2087
f 2042 2071 2080
f 2085 2080 2071
f 2087 2088 2089
f 2089 2088 2080
f 2062 2080 2088
f 2070 2087 2084
f 2090 2079 2084
f 2085 2057 2090
f 2090 2057 2079
f 2089 2080 2091
f 2085 2091 2080
f 2087 2092 2090
f 2087 2090 2084
f 2089 2091 2090
f 2085 2090 2091
f 2093 1092 1093
f 2093 1096 1092
f 2094 2095 2096
f 1093 2096 2095
f 2093 1093 2095
f 2094 2096 2097
f 2099 2098 2097
f 2099 2097 2096
f 2100 2095 2094
f 2093 2095 2100
f 2102 2100 2094
f 2093 1088 1096
f 2103 2104 1088
f 1088 2104 1089
f 1088 1089 1091
f 2103 1089 2104
f 1094 2106 2096
f 1093 1094 2096
f 2107 2096 2106
f 2109 1117 1108
f 1117 2111 2101
f 2101 2106 1094
f 2112 2107 2106
f 2107 2099 2096
f 2097 2113 2108
f 2097 2114 2113
f 2093 2100 2116
f 2093 2116 1088
f 2103 1088 2116
f 2117 1110 2118
f 1110 1109 2118
f 2103 2118 1109
f 2103 1109 1089
f 1085 1089 1109
f 2101 2119 2106
f 2112 2106 2119
f 2120 2122 2121
f 2114 2121 2122
f 2123 2115 2116
f 2102 2116 2100
f 2124 2126 2125
f 2117 2124 2125
f 1117 2119 2111
f 2101 2111 2119
f 2112 2119 2127
f 2127 2119 1117
f 2129 2099 2107
f 2114 2130 2113
f 2108 2113 2131
f 2113 2130 2131
f 2132 2117 2133
f 2115 2133 2116
f 2103 2116 2133
f 2103 2133 2118
f 2117 2118 2133
f 2134 2135 2124
f 2124 2135 2126
f 2127 1117 2109
f 2127 2109 2136
f 2137 2136 2109
f 2137 2109 2138
f 1080 2138 2109
f 2140 2139 2127
f 2127 2139 2141
f 2112 2127 2141
f 2112 2141 2128
f 2112 2128 2107
f 2129 2107 2142
f 2128 2142 2107
f 2114 2122 2120
f 2143 2130 2144
f 2114 2144 2130
f 2102 2108 2131
f 2102 2131 2116
f 2123 2116 2131
f 2123 2133 2115
f 2117 2147 2124
f 2148 2146 2147
f 2140 2127 2136
f 2130 2151 2131
f 2150 2131 2151
f 2132 2148 2147
f 2132 2147 2117
f 2153 2152 2146
f 2146 2152 2147
f 2124 2147 2152
f 2134 2124 2152
f 2146 2155 2154
f 2148 2155 2146
f 2137 2138 2157
f 2137 2157 2156
f 1106 2157 1084
f 1080 1084 2157
f 1080 2157 2138
f 2140 2158 2139
f 2128 2149 2160
f 2161 2160 2149
f 2161 2149 2159
f 2129 2162 2120
f 2120 2162 2144
f 2120 2144 2114
f 2143 2144 2162
f 2150 2151 2163
f 2163 2151 2164
f 2143 2164 2151
f 2143 2151 2130
f 2150 2167 2166
f 2150 2166 2165
f 2132 2133 2169
f 2123 2169 2133
f 2132 2155 2148
f 2146 2171 2172
f 2153 2146 2172
f 2170 2172 2171
f 2145 2134 2152
f 2173 2152 2153
f 2137 2156 2174
f 2175 2174 2156
f 2149 2158 2159
f 2176 2161 2159
f 2158 2176 2159
f 2177 2162 2161
f 2129 2161 2162
f 2150 2163 2167
f 2168 2167 2163
f 2167 2154 2166
f 2165 2166 2155
f 2154 2155 2166
f 2168 2178 2167
f 2167 2178 2154
f 2173 2153 2172
f 2173 2179 2152
f 2145 2152 2179
f 1106 2145 2179
f 1106 2179 2157
f 2156 2157 2179
f 2156 2179 2173
f 2137 2180 2136
f 2140 2136 2180
f 2140 2180 2176
f 2181 2163 2164
f 2181 2164 2143
f 2181 2143 2182
f 2181 2170 2171
f 2181 2182 2172
f 2181 2172 2170
f 2183 2173 2184
f 2175 2156 2173
f 2137 2177 2180
f 2176 2180 2177
f 2176 2177 2161
f 2177 2185 2143
f 2177 2143 2162
f 2186 2182 2143
f 2186 2143 2185
f 2181 2171 2163
f 2186 2173 2172
f 2186 2172 2182
f 2175 2187 2174
f 2175 2173 2183
f 2186 2185 2174
f 2186 2174 2187
f 2177 2137 2174
f 2177 2174 2185
f 2188 2184 2186
f 2186 2187 2189
f 2186 2189 2188
f 2191 2190 2192
f 2191 2192 2193
f 2191 2193 2194
f 2191 2195 2190
f 2196 2195 2197
f 2198 2197 2195
f 2199 2198 2195
f 2191 2199 2195
f 2191 2194 2200
f 2198 2201 2197
f 2201 2198 2202
f 2202 2198 2199
f 2190 2195 2203
f 2203 2195 2196
f 2205 2203 2197
f 2203 2196 2197
f 2190 1109 1110
f 2204 1139 2206
f 2204 2206 1135
f 1139 1137 2206
f 2199 2191 2207
f 2208 2207 2191
f 2204 1135 2210
f 2211 2208 2204
f 2200 1139 2204
f 2200 2204 2191
f 2208 2191 2204
f 2212 2207 2208
f 2202 2199 2207
f 2201 2214 2213
f 2201 2213 2197
f 2190 2203 2216
f 2190 2216 1109
f 1085 1109 2216
f 1085 2216 2215
f 2217 2218 1088
f 2217 1111 2218
f 2220 2212 2208
f 2220 2208 2211
f 2202 2221 2214
f 2222 2214 2221
f 2205 2223 2203
f 2203 2223 2216
f 2215 2216 2223
f 2226 1111 2227
f 2229 1158 2230
f 2231 2230 1158
f 2211 2210 2232
f 2229 2232 2210
f 2229 2210 1158
f 1138 1158 2210
f 2204 2210 2211
f 2211 2233 2220
f 2234 2220 2233
f 2197 2213 2236
f 2235 2236 2214
f 2214 2236 2213
f 1085 2215 2238
f 1085 2238 1088
f 2217 1088 2238
f 2217 2238 2237
f 2226 2227 2217
f 2239 2240 2225
f 2209 2219 1158
f 2231 1158 2219
f 2231 2219 2242
f 2244 2246 2229
f 2244 2229 2245
f 2231 2245 2229
f 2231 2229 2230
f 2229 2246 2211
f 2229 2211 2232
f 2234 2233 2211
f 2244 2234 2211
f 2244 2211 2246
f 2222 2221 2202
f 2207 2222 2202
f 2247 2235 2214
f 2205 2248 2223
f 2236 2215 2223
f 2197 2236 2223
f 2197 2223 2248
f 2249 2237 2238
f 2224 2251 2225
f 2253 2252 2225
f 2253 2225 2251
f 2237 2253 2251
f 2226 2251 1111
f 2224 1111 2251
f 2254 2242 2243
f 2235 2255 2236
f 2236 2255 2215
f 2256 2215 2255
f 2235 2257 2255
f 2258 2256 2255
f 2258 2255 2257
f 2217 2237 2251
f 2217 2251 2226
f 2252 2259 2225
f 2239 2225 2259
f 2260 2259 2252
f 2261 2263 2262
f 2253 2262 2252
f 2252 2262 2263
f 2237 2264 2253
f 2262 2253 2265
f 2243 1122 2268
f 2243 2268 2267
f 2231 2244 2245
f 2244 2269 2234
f 2234 2270 2220
f 2273 2247 2272
f 2212 2273 2272
f 2212 2272 2207
f 2207 2272 2222
f 2222 2272 2214
f 2247 2214 2272
f 2247 2258 2235
f 2235 2258 2257
f 2275 2274 2276
f 2258 2276 2256
f 2256 2276 2274
f 2249 2238 2215
f 2237 2249 2264
f 2253 2264 2249
f 2253 2249 2277
f 2261 2278 2263
f 2260 2252 2263
f 2250 2239 2279
f 2280 2250 2279
f 2260 2280 2279
f 2260 2279 2259
f 2239 2259 2279
f 2254 2243 2267
f 2283 2282 2244
f 2244 2282 2270
f 2244 2270 2269
f 2234 2269 2270
f 2271 2220 2284
f 2270 2284 2220
f 2271 2285 2220
f 2212 2220 2285
f 2212 2285 2273
f 2258 2286 2276
f 2253 2256 2274
f 2253 2274 2265
f 2262 2265 2274
f 2262 2274 2275
f 2261 2262 2276
f 2262 2275 2276
f 2260 2287 2280
f 2250 2288 2289
f 2280 2288 2250
f 2250 2289 2266
f 1125 2266 2289
f 1125 2289 2268
f 2267 2268 2289
f 2267 2289 2288
f 2231 2242 2284
f 2290 2284 2242
f 2290 2242 2254
f 2283 2284 2270
f 2283 2270 2282
f 2273 2285 2291
f 2271 2291 2285
f 2292 2258 2293
f 2247 2293 2258
f 2273 2293 2247
f 2253 2277 2256
f 2261 2292 2278
f 2263 2278 2292
f 2292 2260 2263
f 2288 2280 2294
f 2295 2288 2294
f 2295 2281 2288
f 2267 2288 2281
f 2273 2291 2284
f 2273 2284 2290
f 2271 2284 2291
f 2296 2292 2293
f 2296 2280 2287
f 2296 2287 2292
f 2292 2287 2260
f 2290 2254 2267
f 2297 2290 2267
f 2281 2297 2267
f 2296 2293 2298
f 2299 2298 2293
f 2299 2293 2273
f 2296 2294 2280
f 2299 2273 2290
f 2297 2295 2299
f 2297 2299 2290
f 2302 2300 2301
f 2303 2302 2301
f 2303 2301 2300
f 2305 2303 2300
f 2302 1132 2300
f 2303 2306 2302
f 2307 2306 2308
f 2308 2306 2305
f 2305 2306 2303
f 2310 2307 2308
f 2311 2310 2308
f 2312 2302 2306
f 2313 2312 2306
f 2302 2314 1132
f 2309 1157 2315
f 1154 2309 2315
f 2308 2305 2316
f 2317 2316 2305
f 2317 2305 2318
f 2309 2318 2305
f 2320 1154 2319
f 2321 2317 2318
f 2321 2318 2322
f 2309 2322 2318
f 2311 2308 2316
f 2313 2310 2323
f 2324 2323 2310
f 2325 2324 2310
f 1150 2302 2326
f 2312 2326 2302
f 1154 2322 2309
f 2327 2321 2322
f 2328 2330 2329
f 2331 1150 2326
f 2332 1146 1148
f 2311 2316 2333
f 2317 2333 2316
f 2325 2335 2324
f 2324 2335 2323
f 2334 2336 2335
f 1150 2337 2338
f 1130 1150 2338
f 2341 2342 2327
f 2321 2343 2317
f 2328 2329 2311
f 2328 2311 2333
f 2328 2334 2335
f 2328 2335 2330
f 2325 2330 2335
f 2331 2344 2335
f 2336 2331 2335
f 2312 2323 2335
f 2312 2335 2344
f 2331 2326 2344
f 2312 2344 2326
f 2331 2345 2337
f 2331 2337 1150
f 2346 2337 2345
f 2349 2347 2348
f 1144 2332 2348
f 2349 2348 2350
f 1148 2350 2348
f 2332 1148 2348
f 2334 2353 2336
f 2337 2349 2350
f 2337 2350 2338
f 1130 2338 2350
f 1148 1130 2350
f 2347 2357 2356
f 2347 2356 2348
f 1144 2348 2356
f 2342 2341 2361
f 2340 2361 2341
f 2343 2321 2362
f 2363 2362 2321
f 2363 2321 2327
f 2343 2362 2363
f 2364 2343 2363
f 2328 2333 2365
f 2366 2334 2365
f 2366 2365 2367
f 2317 2367 2365
f 2317 2365 2333
f 2328 2365 2334
f 2355 2353 2368
f 2355 2369 2354
f 2355 2354 2353
f 2336 2353 2331
f 2331 2353 2345
f 2346 2345 2353
f 2354 2346 2353
f 2346 2358 2337
f 2337 2358 2349
f 2370 2357 2347
f 2357 2371 2372
f 2373 2357 2372
f 2360 2375 2351
f 2360 2351 2376
f 2342 2361 2340
f 2363 2327 2342
f 2364 2363 2377
f 2364 2367 2378
f 2317 2378 2367
f 2355 2368 2369
f 2380 2379 2369
f 2368 2380 2369
f 2358 2354 2349
f 2349 2354 2369
f 2370 2349 2381
f 2369 2381 2349
f 2382 2373 2372
f 2340 2352 2377
f 2351 2384 2352
f 2363 2342 2377
f 2384 2366 2367
f 2384 2367 2364
f 2385 2368 2353
f 2385 2353 2386
f 2334 2386 2353
f 2372 2386 2387
f 2366 2387 2386
f 2366 2386 2334
f 2385 2386 2372
f 2385 2371 2380
f 2370 2380 2357
f 2371 2357 2380
f 2385 2372 2371
f 2384 2364 2352
f 2364 2377 2352
f 2391 2372 2387
f 2391 2382 2372
f 2360 2393 2392
f 2360 2392 2375
f 2351 2375 2392
f 2351 2392 2384
f 2394 2392 2393
f 2384 2387 2366
f 2391 2389 2382
f 2384 2392 2387
f 2391 2387 2392
f 2391 2392 2395
f 2394 2395 2392
f 2388 2389 2396
f 2391 2396 2389
f 2391 2395 2396
f 2397 2396 2394
f 2394 2396 2395
f 2390 2398 2360
f 2397 2398 2390
f 2388 2397 2390
f 2401 2399 2400
f 1130 2404 2401
f 2401 2404 2399
f 2405 2406 2400
f 2403 2405 2402
f 2400 2402 2405
f 2408 2403 2410
f 2407 2412 2405
f 2401 2400 2413
f 1130 2401 2413
f 2414 2413 2406
f 2406 2413 2400
f 2408 2415 2416
f 2419 2414 2406
f 2407 2405 2403
f 2407 2403 2421
f 2408 2421 2403
f 2423 2422 1118
f 2423 2415 2422
f 2424 2407 2421
f 2424 2421 2415
f 2415 2421 2416
f 2408 2416 2421
f 2426 2425 2407
f 2427 2411 2428
f 2406 2411 2427
f 2428 2411 2429
f 2414 2430 2420
f 2414 2420 2413
f 1130 2413 2420
f 2434 2424 2415
f 2426 2407 2424
f 2436 2438 2437
f 2429 2437 2438
f 2419 2430 2414
f 2439 1127 2430
f 2440 2443 2442
f 2434 2415 2448
f 2434 2448 2447
f 2446 2447 2448
f 2446 2448 2423
f 2415 2423 2448
f 2434 2449 2435
f 2434 2435 2424
f 2428 2429 2450
f 2427 2428 2452
f 2451 2452 2428
f 2451 2428 2450
f 2432 2431 2453
f 2440 2442 2432
f 2446 2423 2455
f 1118 2433 2455
f 1118 2455 2423
f 2446 2434 2447
f 2449 2434 2456
f 2446 2456 2434
f 2407 2425 2436
f 2429 2438 2436
f 2429 2436 2425
f 2439 2430 2452
f 2427 2452 2430
f 2427 2430 2419
f 2439 2453 1127
f 2457 2440 2458
f 2459 2435 2449
f 2451 2461 2452
f 2462 2461 2463
f 2451 2463 2461
f 2460 2461 2462
f 2458 2440 2464
f 2453 2464 2440
f 2432 2453 2440
f 2457 2465 2440
f 2441 2440 2465
f 2454 2441 2465
f 2466 2465 2457
f 2457 2467 2468
f 2445 2471 2472
f 2474 2473 2446
f 2475 2435 2459
f 2429 2426 2477
f 2429 2477 2450
f 2476 2451 2450
f 2476 2450 2477
f 2478 2462 2463
f 2478 2463 2476
f 2451 2476 2463
f 2479 2467 2460
f 2479 2460 2480
f 2460 2462 2480
f 2439 2452 2461
f 2481 2461 2460
f 2481 2453 2461
f 2439 2461 2453
f 2460 2482 2458
f 2460 2458 2481
f 2453 2481 2458
f 2453 2458 2464
f 2469 2483 2468
f 2457 2468 2483
f 2466 2457 2483
f 1142 2454 2465
f 2466 2484 2465
f 2471 2485 2472
f 2455 2472 2485
f 2474 2446 2455
f 2459 2487 2475
f 2426 2475 2488
f 2426 2488 2477
f 2476 2477 2488
f 2489 2476 2488
f 2478 2480 2462
f 2467 2479 2480
f 2467 2480 2468
f 2469 2468 2480
f 2484 2490 2465
f 1142 2465 2490
f 1142 2490 2470
f 2445 2470 2490
f 2445 2490 2471
f 2491 2471 2490
f 2491 2490 2484
f 2487 2474 2488
f 2492 2488 2474
f 2455 2492 2474
f 2459 2486 2487
f 2473 2487 2486
f 2493 2478 2476
f 2493 2476 2494
f 2493 2494 2495
f 2493 2495 2483
f 2495 2466 2483
f 2475 2487 2488
f 2489 2488 2492
f 2489 2496 2476
f 2476 2496 2494
f 2495 2494 2496
f 2497 2495 2496
f 2493 2483 2469
f 2478 2493 2469
f 2497 2484 2466
f 2497 2466 2495
f 2455 2485 2492
f 2471 2498 2485
f 2500 2491 2499
f 2497 2499 2484
f 2500 2471 2491
f 2489 2492 2496
f 2498 2496 2485
f 2492 2485 2496
f 2498 2500 2499
f 2496 2498 2499
f 2496 2499 2497
f 2021 2009 2525
f 2010 2525 2009
f 2022 2002 2014
f 2010 2021 2525
f 2013 2063 2019
f 2013 2017 2061
f 2061 2017 2043
f 2059 2526 2058
f 2081 2075 2052
f 2066 2074 2075
f 2087 2089 2092
f 2089 2090 2092
f 2054 2077 2048
f 2048 2077 2046
f 2046 2077 2076
f 2046 2076 2069
f 2076 2083 2069
f 2061 2060 2086
f 2059 2086 2060
f 2059 2060 2526
f 2058 2526 2060
f 2097 2098 2114
f 2114 2098 2121
f 2099 2121 2098
f 2102 2094 2108
f 2099 2120 2121
f 2129 2120 2099
f 2129 2142 2128
f 2129 2128 2161
f 2161 2128 2160
f 2140 2176 2158
f 2150 2165 2155
f 2150 2155 2132
f 2168 2163 2178
f 2171 2178 2163
f 2175 2183 2187
f 2188 2189 2184
f 2183 2184 2189
f 2183 2189 2187
f 2097 2108 2094
f 2146 2154 2178
f 2146 2178 2171
f 2139 2158 2141
f 2128 2141 2158
f 2149 2128 2158
f 2150 2132 2169
f 2150 2169 2131
f 2123 2131 2169
f 2186 2184 2173
f 2205 2197 2248
f 2201 2202 2214
f 2231 2284 2244
f 2283 2244 2284
f 2249 2527 2256
f 2249 2256 2277
f 2292 2286 2258
f 2286 2292 2261
f 2276 2286 2261
f 2299 2294 2296
f 2299 2296 2298
f 2281 2295 2297
f 2295 2294 2299
f 2249 2215 2527
f 2256 2527 2215
f 2313 2323 2312
f 2329 2330 2311
f 2325 2310 2311
f 2325 2311 2330
f 2364 2378 2317
f 2364 2317 2343
f 2342 2340 2377
f 2354 2358 2346
f 2385 2380 2368
f 2380 2370 2381
f 2380 2381 2379
f 2369 2379 2381
f 2397 2394 2360
f 2397 2360 2398
f 2394 2393 2360
f 2388 2396 2397
f 2313 2306 2310
f 2307 2310 2306
f 1144 1145 2332
f 2332 1145 1146
f 2370 2347 2349
f 2411 2412 2429
f 2429 2412 2437
f 2407 2437 2412
f 2427 2419 2406
f 2407 2436 2437
f 2429 2425 2426
f 2426 2424 2435
f 2426 2435 2475
f 2474 2487 2473
f 2478 2528 2480
f 2469 2480 2528
f 2469 2528 2478
f 2498 2471 2500
f 2411 2406 2412
f 2405 2412 2406
f 2457 2458 2467
f 2460 2467 2482
f 2458 2482 2467
f 2473 2486 2456
f 2446 2473 2456
f 2459 2449 2456
f 2459 2456 2486
f 2491 2484 2499
f 1125 2268 2529
f 2320 2322 1154
f 2341 2327 2322
f 2320 1125 2530
f 2320 2530 2322
f 2341 2322 2530
f 2340 2341 2530
f 1125 2339 2530
f 2340 2530 2339
f 2340 2339 2352
f 2360 2376 2359
f 1158 2388 2390
f 1158 2390 2360
f 2388 2383 2389
f 2382 2389 2383
f 2382 2383 2374
f 1158 2383 2388
f 2382 2374 1144
f 2382 1144 2373
f 2373 1144 2531
f 1144 2356 2531
f 2373 2531 2356
f 2373 2356 2357
f 4306 3467 3432
f 4309 4307 4308
f 4310 4307 4309
f 3467 4307 4310
f 4306 4307 3467
f 3467 4311 3429
f 3467 4313 4311
f 3467 3460 4313
f 4309 4308 4314
f 4315 4309 4314
f 4316 4310 4309
f 4316 4309 4315
f 4308 4307 4306
f 3467 4317 3460
f 4319 3467 4310
f 4315 4314 4320
f 4320 4314 4308
f 4317 4321 4322
f 4317 4322 3460
f 3467 4319 4324
f 3467 4324 4317
f 4319 4323 4324
f 4316 4325 4310
f 4319 4310 4325
f 4326 4315 4320
f 4326 4327 4315
f 4329 4330 4318
f 4308 4306 4330
f 4318 4330 4306
f 4322 4331 3411
f 4331 3408 3411
f 4332 4324 4323
f 4335 4327 4334
f 4322 4321 4339
f 4321 4324 4339
f 4317 4324 4321
f 4340 4339 4324
f 4340 4324 4332
f 4333 4332 4323
f 4327 4326 4342
f 4326 4320 4342
f 4329 4318 4344
f 4318 3431 4344
f 3430 4344 3431
f 4336 4338 3425
f 4331 4345 3408
f 4346 3407 4345
f 4346 3442 3407
f 4331 4347 4348
f 4322 4339 4347
f 4322 4347 4331
f 4340 4332 4341
f 4349 4333 4323
f 4316 4327 4325
f 4325 4327 4335
f 4335 4334 4350
f 4327 4342 4350
f 4327 4350 4334
f 4328 4351 4320
f 4329 4342 4351
f 4320 4351 4342
f 4329 4351 4330
f 4328 4308 4330
f 4328 4330 4351
f 4354 4353 4352
f 4354 4355 4353
f 4336 4353 4355
f 4349 4332 4333
f 4341 4332 4349
f 4357 4358 4356
f 3430 4336 4355
f 3430 4355 4344
f 4343 4344 4355
f 4343 4355 4354
f 4352 3424 4359
f 4336 3425 4353
f 3425 3424 4353
f 4352 4353 3424
f 4346 4345 4363
f 4331 4348 4345
f 4340 4364 4339
f 4365 4339 4364
f 4340 4341 4364
f 4366 4341 4349
f 4367 4366 4349
f 4325 4335 4350
f 4325 4350 4369
f 4368 4369 4350
f 4368 4350 4342
f 4342 4356 4370
f 4358 4370 4356
f 4357 4360 4371
f 4357 4371 4372
f 4357 4372 4358
f 4342 4373 4356
f 4329 4373 4342
f 4357 4356 4373
f 4343 4357 4373
f 4343 4373 4344
f 4329 4344 4373
f 4343 4354 4361
f 4352 4359 4374
f 4352 4374 4375
f 3424 3427 4359
f 3427 4376 4359
f 4363 4345 4377
f 4348 4377 4345
f 4365 4378 4347
f 4365 4347 4339
f 4348 4347 4378
f 4366 4364 4341
f 4319 4369 4379
f 4319 4379 4367
f 4368 4379 4369
f 4358 4372 4380
f 4358 4380 4381
f 4357 4361 4360
f 4361 4354 4360
f 4382 4381 4372
f 4382 4372 4383
f 4371 4360 4372
f 4360 4383 4372
f 4359 4376 4374
f 4376 4384 4385
f 3427 4362 4384
f 3427 4384 4376
f 4346 4363 4384
f 4346 4384 4362
f 4363 4385 4384
f 4348 4378 4386
f 4387 4388 4370
f 4387 4370 4358
f 4368 4342 4370
f 4368 4370 4388
f 4387 4374 4388
f 4343 4361 4357
f 4382 4389 4387
f 4382 4387 4381
f 4375 4387 4389
f 4387 4375 4374
f 4376 4385 4390
f 4391 4363 4377
f 4368 4386 4379
f 4386 4378 4379
f 4365 4392 4379
f 4365 4379 4378
f 4367 4379 4392
f 4393 4394 4374
f 4368 4388 4394
f 4374 4394 4388
f 4376 4393 4374
f 4348 4386 4377
f 4391 4377 4386
f 4393 4395 4394
f 4395 4386 4394
f 4368 4394 4386
f 4376 4390 4393
f 4396 4390 4385
f 4391 4396 4363
f 4396 4385 4363
f 4395 4397 4386
f 4391 4386 4397
f 4393 4390 4396
f 4393 4396 4398
f 4395 4396 4397
f 4391 4397 4396
f 4399 3420 3419
f 4399 3419 3423
f 4400 4402 4401
f 3420 4401 4402
f 4399 4401 3420
f 4400 4403 4402
f 4405 4402 4403
f 4405 4403 4404
f 4406 4400 4401
f 4399 4406 4401
f 4408 4400 4406
f 4399 3423 3415
f 4409 3415 4410
f 3415 3418 3416
f 3415 3416 4410
f 4409 4410 3416
f 3421 4402 4412
f 3420 4402 3421
f 4413 4412 4402
f 4415 3435 3444
f 3444 4407 4417
f 4407 3421 4412
f 4418 4412 4413
f 4413 4402 4405
f 4403 4414 4419
f 4403 4419 4420
f 4399 3415 4422
f 4399 4422 4406
f 4409 4422 3415
f 4423 4424 3437
f 3437 4424 3436
f 4409 3416 3436
f 4409 3436 4424
f 3412 3436 3416
f 4407 4412 4425
f 4418 4425 4412
f 4426 4427 4428
f 4420 4428 4427
f 4429 4422 4421
f 4408 4406 4422
f 4430 4431 4432
f 4423 4431 4430
f 3444 4417 4425
f 4407 4425 4417
f 4418 4433 4425
f 4433 3444 4425
f 4435 4413 4405
f 4420 4419 4436
f 4414 4437 4419
f 4419 4437 4436
f 4438 4439 4423
f 4421 4422 4439
f 4409 4424 4439
f 4409 4439 4422
f 4423 4439 4424
f 4440 4430 4441
f 4430 4432 4441
f 4433 4442 4415
f 4433 4415 3444
f 4443 4444 4415
f 4443 4415 4442
f 3407 4415 4444
f 4446 4433 4445
f 4433 4447 4445
f 4418 4434 4447
f 4418 4447 4433
f 4418 4413 4434
f 4435 4448 4413
f 4434 4413 4448
f 4420 4426 4428
f 4449 4450 4436
f 4420 4436 4450
f 4408 4422 4437
f 4408 4437 4414
f 4429 4437 4422
f 4429 4421 4439
f 4423 4430 4453
f 4454 4453 4452
f 4446 4442 4433
f 4436 4437 4457
f 4456 4457 4437
f 4438 4423 4453
f 4438 4453 4454
f 4459 4452 4458
f 4452 4453 4458
f 4430 4458 4453
f 4440 4458 4430
f 4452 4460 4461
f 4454 4452 4461
f 4443 4462 4463
f 4443 4463 4444
f 3433 3411 4463
f 3407 4444 4463
f 3407 4463 3411
f 4446 4445 4464
f 4434 4466 4455
f 4467 4455 4466
f 4467 4465 4455
f 4435 4426 4468
f 4426 4420 4450
f 4426 4450 4468
f 4449 4468 4450
f 4456 4469 4457
f 4469 4470 4457
f 4449 4436 4457
f 4449 4457 4470
f 4456 4472 4473
f 4456 4471 4472
f 4438 4475 4439
f 4429 4439 4475
f 4438 4454 4461
f 4452 4478 4477
f 4459 4478 4452
f 4476 4477 4478
f 4451 4458 4440
f 4479 4459 4458
f 4443 4480 4462
f 4481 4462 4480
f 4455 4465 4464
f 4482 4465 4467
f 4464 4465 4482
f 4483 4467 4468
f 4435 4468 4467
f 4456 4473 4469
f 4474 4469 4473
f 4473 4472 4460
f 4471 4461 4472
f 4460 4472 4461
f 4474 4473 4484
f 4473 4460 4484
f 4479 4478 4459
f 4479 4458 4485
f 4451 4485 4458
f 3433 4463 4485
f 3433 4485 4451
f 4462 4479 4485
f 4462 4485 4463
f 4443 4442 4486
f 4446 4482 4486
f 4446 4486 4442
f 4487 4449 4470
f 4487 4470 4469
f 4487 4488 4449
f 4487 4477 4476
f 4487 4476 4478
f 4487 4478 4488
f 4489 4490 4479
f 4481 4479 4462
f 4443 4486 4483
f 4482 4467 4483
f 4482 4483 4486
f 4483 4468 4449
f 4483 4449 4491
f 4492 4491 4449
f 4492 4449 4488
f 4487 4469 4477
f 4492 4488 4478
f 4492 4478 4479
f 4481 4480 4493
f 4481 4489 4479
f 4492 4493 4480
f 4492 4480 4491
f 4483 4491 4480
f 4483 4480 4443
f 4494 4492 4490
f 4492 4494 4495
f 4492 4495 4493
f 4497 4498 4496
f 4497 4499 4498
f 4497 4500 4499
f 4497 4496 4501
f 4502 4503 4501
f 4504 4501 4503
f 4505 4501 4504
f 4497 4501 4505
f 4497 4506 4500
f 4504 4503 4507
f 4507 4508 4504
f 4508 4505 4504
f 4496 4509 4501
f 4509 4502 4501
f 4511 4503 4509
f 4509 4503 4502
f 4496 3437 3436
f 4510 4512 3466
f 4510 3462 4512
f 3466 4512 3464
f 4505 4513 4497
f 4514 4497 4513
f 4510 4516 3462
f 4517 4510 4514
f 4506 4497 4510
f 4506 4510 3466
f 4514 4510 4497
f 4518 4514 4513
f 4508 4513 4505
f 4507 4503 4519
f 4507 4519 4520
f 4496 3436 4522
f 4496 4522 4509
f 3412 4521 4522
f 3412 4522 3436
f 4523 3415 4524
f 4523 4524 3438
f 4526 4517 4514
f 4526 4514 4518
f 4508 4520 4527
f 4528 4527 4520
f 4511 4509 4529
f 4509 4522 4529
f 4521 4529 4522
f 4532 4533 3438
f 4535 4536 3484
f 4537 3484 4536
f 4517 4538 4516
f 4535 3484 4516
f 4535 4516 4538
f 3465 4516 3484
f 4510 4517 4516
f 4517 4526 4539
f 4540 4539 4526
f 4503 4542 4519
f 4541 4520 4542
f 4520 4519 4542
f 3412 3415 4544
f 3412 4544 4521
f 4523 4543 4544
f 4523 4544 3415
f 4532 4523 4533
f 4545 4531 4546
f 4515 3484 4525
f 4537 4548 4525
f 4537 4525 3484
f 4550 4551 4535
f 4550 4535 4552
f 4537 4535 4551
f 4537 4536 4535
f 4535 4538 4517
f 4535 4517 4552
f 4540 4517 4539
f 4550 4552 4517
f 4550 4517 4540
f 4528 4508 4527
f 4513 4508 4528
f 4553 4520 4541
f 4511 4529 4554
f 4542 4529 4521
f 4503 4554 4529
f 4503 4529 4542
f 4555 4544 4543
f 4530 4531 4557
f 4559 4557 4531
f 4559 4531 4558
f 4543 4557 4559
f 4532 3438 4557
f 4530 4557 3438
f 4560 4549 4548
f 4541 4542 4561
f 4542 4521 4561
f 4562 4561 4521
f 4541 4561 4563
f 4564 4563 4561
f 4564 4561 4562
f 4523 4532 4557
f 4523 4557 4543
f 4558 4531 4565
f 4545 4565 4531
f 4566 4558 4565
f 4567 4568 4569
f 4559 4558 4568
f 4558 4569 4568
f 4543 4559 4570
f 4568 4571 4559
f 4549 4573 4574
f 4549 4574 3449
f 4537 4551 4550
f 4550 4540 4575
f 4540 4526 4576
f 4579 4578 4553
f 4518 4513 4578
f 4518 4578 4579
f 4513 4528 4578
f 4528 4520 4578
f 4553 4578 4520
f 4553 4541 4564
f 4541 4563 4564
f 4581 4582 4580
f 4564 4562 4582
f 4562 4580 4582
f 4555 4521 4544
f 4543 4570 4555
f 4559 4583 4555
f 4559 4555 4570
f 4567 4569 4584
f 4566 4569 4558
f 4556 4585 4545
f 4586 4585 4556
f 4566 4565 4585
f 4566 4585 4586
f 4545 4585 4565
f 4560 4573 4549
f 4589 4550 4588
f 4550 4575 4576
f 4550 4576 4588
f 4540 4576 4575
f 4577 4590 4526
f 4576 4526 4590
f 4577 4526 4591
f 4518 4579 4591
f 4518 4591 4526
f 4564 4582 4592
f 4559 4571 4580
f 4559 4580 4562
f 4568 4581 4580
f 4568 4580 4571
f 4567 4582 4568
f 4568 4582 4581
f 4566 4586 4593
f 4556 4595 4594
f 4586 4556 4594
f 4556 4572 4595
f 3452 4574 4595
f 3452 4595 4572
f 4573 4594 4595
f 4573 4595 4574
f 4537 4590 4548
f 4596 4560 4548
f 4596 4548 4590
f 4589 4588 4576
f 4589 4576 4590
f 4579 4597 4591
f 4577 4591 4597
f 4598 4599 4564
f 4553 4564 4599
f 4579 4553 4599
f 4559 4562 4583
f 4567 4584 4598
f 4569 4598 4584
f 4598 4569 4566
f 4594 4600 4586
f 4601 4600 4594
f 4601 4594 4587
f 4573 4587 4594
f 4579 4596 4590
f 4579 4590 4597
f 4577 4597 4590
f 4602 4599 4598
f 4602 4598 4593
f 4602 4593 4586
f 4598 4566 4593
f 4596 4573 4560
f 4603 4573 4596
f 4587 4573 4603
f 4602 4604 4599
f 4605 4579 4599
f 4605 4599 4604
f 4602 4586 4600
f 4605 4596 4579
f 4603 4596 4605
f 4603 4605 4601
f 4608 4607 4606
f 4609 4606 4607
f 4609 4607 4608
f 4611 4606 4609
f 4608 4606 3459
f 4609 4608 4612
f 4613 4614 4612
f 4614 4611 4612
f 4611 4609 4612
f 4616 4614 4613
f 4617 4614 4616
f 4618 4612 4608
f 4619 4612 4618
f 4608 3459 4620
f 4615 4621 3483
f 3480 4621 4615
f 4614 4622 4611
f 4623 4624 4611
f 4623 4611 4622
f 4615 4611 4624
f 4626 4625 3480
f 4627 4628 4624
f 4627 4624 4623
f 4615 4624 4628
f 4617 4622 4614
f 4619 4629 4616
f 4630 4616 4629
f 4631 4616 4630
f 3476 4632 4608
f 4618 4608 4632
f 3480 4615 4628
f 4633 4628 4627
f 4634 4635 4636
f 4637 4632 3476
f 4638 3474 3472
f 4617 4639 4622
f 4623 4622 4639
f 4631 4630 4641
f 4630 4629 4641
f 4640 4641 4642
f 3476 4644 4643
f 3457 4644 3476
f 4647 4633 4648
f 4627 4623 4649
f 4634 4617 4635
f 4634 4639 4617
f 4634 4636 4641
f 4634 4641 4640
f 4631 4641 4636
f 4637 4641 4650
f 4642 4641 4637
f 4618 4650 4641
f 4618 4641 4629
f 4637 4650 4632
f 4618 4632 4650
f 4637 3476 4643
f 4637 4643 4651
f 4652 4651 4643
f 4655 4654 4653
f 3470 4654 4638
f 4655 4656 4654
f 3474 4654 4656
f 4638 4654 3474
f 4640 4642 4659
f 4643 4644 4656
f 4643 4656 4655
f 3457 4656 4644
f 3474 4656 3457
f 4653 4654 4662
f 4653 4662 4663
f 3470 4662 4654
f 4648 4667 4647
f 4646 4647 4667
f 4649 4668 4627
f 4669 4627 4668
f 4669 4633 4627
f 4649 4669 4668
f 4670 4669 4649
f 4634 4671 4639
f 4672 4673 4671
f 4672 4671 4640
f 4623 4639 4671
f 4623 4671 4673
f 4634 4640 4671
f 4661 4674 4659
f 4661 4659 4660
f 4661 4660 4675
f 4642 4637 4659
f 4637 4651 4659
f 4652 4659 4651
f 4660 4659 4652
f 4652 4643 4664
f 4643 4655 4664
f 4676 4653 4663
f 4663 4678 4677
f 4679 4678 4663
f 4666 4657 4681
f 4666 4682 4657
f 4648 4646 4667
f 4669 4648 4633
f 4670 4683 4669
f 4670 4684 4673
f 4623 4673 4684
f 4661 4675 4674
f 4686 4675 4685
f 4674 4675 4686
f 4664 4655 4660
f 4655 4675 4660
f 4676 4687 4655
f 4675 4655 4687
f 4688 4678 4679
f 4646 4683 4658
f 4657 4658 4690
f 4669 4683 4648
f 4690 4670 4673
f 4690 4673 4672
f 4691 4692 4659
f 4691 4659 4674
f 4640 4659 4692
f 4678 4693 4692
f 4672 4640 4692
f 4672 4692 4693
f 4691 4678 4692
f 4691 4686 4677
f 4676 4663 4686
f 4677 4686 4663
f 4691 4677 4678
f 4690 4658 4670
f 4670 4658 4683
f 4697 4693 4678
f 4697 4678 4688
f 4666 4681 4698
f 4666 4698 4699
f 4657 4690 4698
f 4657 4698 4681
f 4700 4699 4698
f 4690 4672 4693
f 4697 4688 4695
f 4690 4693 4698
f 4697 4701 4698
f 4697 4698 4693
f 4700 4698 4701
f 4694 4702 4695
f 4697 4695 4702
f 4697 4702 4701
f 4703 4700 4702
f 4700 4701 4702
f 4666 4704 4696
f 4703 4696 4704
f 4694 4696 4703
f 4707 4706 4705
f 3457 4707 4710
f 4707 4705 4710
f 4711 4706 4712
f 4709 4708 4711
f 4706 4711 4708
f 4714 4716 4709
f 4713 4711 4718
f 4707 4719 4706
f 3457 4719 4707
f 4720 4712 4719
f 4712 4706 4719
f 4714 4722 4721
f 4725 4712 4720
f 4713 4709 4711
f 4713 4727 4709
f 4714 4709 4727
f 4729 3445 4728
f 4729 4728 4721
f 4730 4721 4727
f 4730 4727 4713
f 4721 4722 4727
f 4714 4727 4722
f 4732 4713 4731
f 4733 4734 4717
f 4712 4733 4717
f 4734 4735 4717
f 4720 4719 4726
f 4720 4726 4736
f 3457 4726 4719
f 4740 4721 4730
f 4732 4730 4713
f 4742 4743 4744
f 4735 4744 4743
f 4725 4720 4736
f 4745 4736 3454
f 4746 4748 4749
f 4740 4753 4754
f 4740 4754 4721
f 4752 4729 4754
f 4752 4754 4753
f 4721 4754 4729
f 4740 4730 4741
f 4740 4741 4755
f 4734 4756 4735
f 4733 4758 4734
f 4757 4756 4734
f 4757 4734 4758
f 4738 4759 4737
f 4746 4738 4748
f 4752 4761 4729
f 3445 4729 4761
f 3445 4761 4739
f 4752 4753 4740
f 4755 4762 4740
f 4752 4740 4762
f 4713 4742 4731
f 4735 4742 4744
f 4735 4731 4742
f 4745 4758 4736
f 4733 4725 4736
f 4733 4736 4758
f 4745 3454 4759
f 4763 4764 4746
f 4765 4755 4741
f 4757 4758 4767
f 4768 4769 4767
f 4757 4767 4769
f 4766 4768 4767
f 4764 4770 4746
f 4759 4746 4770
f 4738 4746 4759
f 4763 4746 4771
f 4747 4771 4746
f 4760 4771 4747
f 4772 4763 4771
f 4763 4774 4773
f 4751 4778 4777
f 4780 4752 4779
f 4781 4765 4741
f 4735 4783 4732
f 4735 4756 4783
f 4782 4783 4756
f 4782 4756 4757
f 4784 4782 4769
f 4784 4769 4768
f 4757 4769 4782
f 4785 4766 4773
f 4785 4786 4766
f 4766 4786 4768
f 4745 4767 4758
f 4787 4766 4767
f 4787 4767 4759
f 4745 4759 4767
f 4766 4787 4764
f 4766 4764 4788
f 4759 4764 4787
f 4759 4770 4764
f 4775 4774 4789
f 4763 4789 4774
f 4772 4789 4763
f 3468 4771 4760
f 4772 4771 4790
f 4777 4778 4791
f 4761 4791 4778
f 4780 4761 4752
f 4765 4781 4793
f 4732 4783 4794
f 4732 4794 4781
f 4782 4794 4783
f 4795 4794 4782
f 4784 4768 4786
f 4773 4774 4786
f 4773 4786 4785
f 4775 4786 4774
f 4790 4771 4796
f 3468 4776 4796
f 3468 4796 4771
f 4751 4777 4796
f 4751 4796 4776
f 4797 4790 4796
f 4797 4796 4777
f 4793 4794 4780
f 4798 4780 4794
f 4761 4780 4798
f 4765 4793 4792
f 4779 4792 4793
f 4799 4800 4782
f 4799 4782 4784
f 4799 4801 4800
f 4799 4789 4801
f 4801 4789 4772
f 4781 4794 4793
f 4795 4798 4794
f 4795 4782 4802
f 4782 4800 4802
f 4801 4802 4800
f 4803 4802 4801
f 4799 4775 4789
f 4784 4775 4799
f 4803 4801 4772
f 4803 4772 4790
f 4761 4798 4791
f 4777 4791 4804
f 4806 4805 4797
f 4803 4790 4805
f 4806 4797 4777
f 4795 4802 4798
f 4804 4791 4802
f 4798 4802 4791
f 4804 4805 4806
f 4802 4803 4805
f 4802 4805 4804
f 4327 4829 4315
f 4316 4315 4829
f 4328 4320 4308
f 4316 4829 4327
f 4319 4325 4369
f 4319 4367 4323
f 4367 4349 4323
f 4365 4364 4830
f 4387 4358 4381
f 4372 4381 4380
f 4393 4398 4395
f 4395 4398 4396
f 4360 4354 4383
f 4354 4352 4383
f 4352 4382 4383
f 4352 4375 4382
f 4382 4375 4389
f 4367 4392 4366
f 4365 4830 4366
f 4365 4366 4392
f 4364 4366 4830
f 4403 4420 4404
f 4420 4427 4404
f 4405 4404 4427
f 4408 4414 4400
f 4405 4427 4426
f 4435 4405 4426
f 4435 4467 4434
f 4435 4434 4448
f 4467 4466 4434
f 4446 4464 4482
f 4456 4438 4461
f 4456 4461 4471
f 4474 4484 4469
f 4477 4469 4484
f 4481 4493 4489
f 4494 4490 4495
f 4489 4493 4495
f 4489 4495 4490
f 4403 4400 4414
f 4452 4484 4460
f 4452 4477 4484
f 4445 4447 4464
f 4434 4464 4447
f 4455 4464 4434
f 4456 4437 4475
f 4456 4475 4438
f 4429 4475 4437
f 4492 4479 4490
f 4511 4554 4503
f 4507 4520 4508
f 4537 4550 4590
f 4589 4590 4550
f 4555 4583 4562
f 4555 4562 4831
f 4598 4564 4592
f 4592 4567 4598
f 4582 4567 4592
f 4605 4604 4602
f 4605 4602 4600
f 4587 4603 4601
f 4601 4605 4600
f 4555 4831 4521
f 4562 4521 4831
f 4619 4618 4629
f 4635 4617 4636
f 4631 4636 4617
f 4631 4617 4616
f 4670 4649 4623
f 4670 4623 4684
f 4648 4683 4646
f 4660 4652 4664
f 4691 4674 4686
f 4686 4685 4687
f 4686 4687 4676
f 4675 4687 4685
f 4703 4704 4666
f 4703 4666 4700
f 4700 4666 4699
f 4694 4703 4702
f 4619 4616 4612
f 4613 4612 4616
f 3470 4638 3471
f 4638 3472 3471
f 4676 4655 4653
f 4717 4735 4718
f 4735 4743 4718
f 4713 4718 4743
f 4733 4712 4725
f 4713 4743 4742
f 4735 4732 4731
f 4732 4781 4741
f 4732 4741 4730
f 4780 4779 4793
f 4784 4786 4832
f 4775 4784 4832
f 4775 4832 4786
f 4804 4806 4777
f 4717 4718 4712
f 4711 4712 4718
f 4763 4773 4764
f 4766 4788 4773
f 4764 4773 4788
f 4779 4762 4792
f 4752 4762 4779
f 4765 4792 4762
f 4765 4762 4755
f 4797 4805 4790
f 3452 4833 4574
f 4626 3480 4628
f 4647 4628 4633
f 4626 4628 4834
f 4626 4834 3452
f 4647 4834 4628
f 4646 4834 4647
f 3452 4834 4645
f 4646 4658 4645
f 4646 4645 4834
f 4666 4665 4682
f 3484 4666 4696
f 3484 4696 4694
f 4694 4695 4689
f 4688 4680 4689
f 4688 4689 4695
f 3484 4694 4689
f 4688 4679 3470
f 4688 3470 4680
f 4679 4835 3470
f 3470 4835 4662
f 4679 4663 4662
f 4679 4662 4835
f 1150 2314 2302
f 1127 2420 2430
f 2432 1132 2431
f 1127 2453 2431
f 2243 2242 2219
f 2243 2219 1122
f 1122 2351 2339
f 2351 2352 2339
f 2351 2359 2376
f 1122 2359 2351
f 2374 2383 1144
f 3454 4736 4726
f 4738 4737 3459
f 3454 4737 4759
f 3449 4645 4657
f 4657 4645 4658
f 4657 4682 4665
f 3449 4657 4665
f 4318 4306 3431
f 4549 3449 4525
f 4549 4525 4548
f 4739 4761 4778
f 4739 4778 4751
f 3449 4574 4833
f 3476 4608 4620
f 2433 2445 2472
f 2433 2472 2455
f 1122 2529 2268
f 4139 4155 4156
f 4139 4156 4157
f 4139 4157 4153
f 4153 4160 4161
f 4153 4158 4160
f 4153 4161 4163
f 4153 4163 4152
f 4167 4174 4173
f 4167 4173 3907
f 4194 4187 4186
f 4202 3911 4204
f 4176 4175 4245
f 4247 4176 4245
f 4139 4247 4245
f 4139 4245 4155
f 4153 4157 4158
f 4176 4178 4177
f 4176 4177 4175
f 4167 4164 3900
f 4167 3900 4174
f 4164 3903 3900
f 4194 4202 4187
f 4202 4204 4187
f 1827 1840 1844
f 1827 1844 1843
f 1894 1896 1594
f 1592 1866 1937
f 1574 1937 1866
f 1574 1866 1936
f 1938 1936 1867
f 1939 1574 1936
f 1939 1936 1843
f 1592 1868 1866
f 1886 1879 1894
f 1894 1879 1896
f 1852 1851 1849
f 1840 1852 1849
f 1852 1853 1588
f 1854 1588 1853
f 1863 1587 1864
f 1863 1864 1865
f 1863 1865 1585
f 1863 1585 1854
f 1854 1585 1588
f 1838 1839 1828
f 1840 1839 1852
f 1838 1853 1852
f 1838 1852 1839
f 1838 1854 1853
f 1867 1869 1877
f 1867 1877 1875
f 1875 1878 1881
f 1886 1878 1879
f 1867 1936 1866
f 1827 1843 1938
f 1938 1843 1936
f 1938 1867 1940
f 1867 1875 1940
f 1941 1940 1875
f 1941 1876 1942
f 1875 1876 1941
f 1827 1938 1828
f 1941 1828 1940
f 1938 1940 1828
f 1828 1941 1946
f 1827 1828 1839
f 1827 1839 1840
f 1828 1829 1837
f 1838 1828 1837
f 1867 1866 1868
f 1867 1868 1869
f 1875 1881 1876
f 1875 1877 1879
f 1875 1879 1878
f 1869 1879 1877
f 1828 1946 1829
f 4151 4141 4152
f 4151 4152 4163
f 4151 4163 4164
f 4164 4163 3903
f 4176 4183 4185
f 4176 4185 4178
f 4183 4189 4186
f 4247 4249 4176
f 4176 4249 4183
f 4250 4183 4249
f 4183 4250 4184
f 4141 4254 4140
f 4139 4140 4249
f 4139 4249 4247
f 4254 4250 4249
f 4254 4249 4140
f 4254 4255 4184
f 4254 4184 4250
f 4139 4153 4152
f 4139 4152 4140
f 4141 4140 4152
f 4141 4150 4142
f 4151 4150 4141
f 4183 4184 4189
f 4183 4186 4187
f 4183 4187 4185
f 4178 4185 4187
f 4141 4142 4255
f 4141 4255 4254
f 4266 4265 4267
f 4265 4268 4267
f 4269 4265 4266
f 4269 4266 4267
f 4271 4278 4277
f 4265 4277 4279
f 4265 4279 4268
f 4278 4279 4277
f 4272 4279 4278
f 4267 4268 4279
f 4265 4280 4277
f 4271 4277 4280
f 4267 4272 4269
f 4267 4279 4272
f 4282 4276 4281
f 4276 4275 4281
f 4283 4274 4282
f 4282 4274 4276
f 4283 4284 4274
f 4270 4285 4287
f 4285 4286 4287
f 4265 4269 4280
f 4272 4288 4269
f 4271 4280 4269
f 4271 4269 4288
f 4272 4276 4273
f 4276 4274 4273
f 4290 4291 4289
f 4292 4290 4289
f 4292 4291 4290
f 4296 4299 4300
f 4295 4289 4301
f 4300 4301 4302
f 4301 4289 4302
f 4291 4302 4289
f 4291 4292 4296
f 4292 4303 4296
f 4291 4296 4302
f 4300 4302 4296
f 4295 4301 4294
f 4301 4304 4294
f 4293 4294 4304
f 4298 3871 4305
f 3871 3872 4305
f 4298 4297 3871
f 4297 3868 3871
f 3869 3868 4297
f 3849 3869 4293
f 3501 3849 4293
f 4289 4303 4292
f 4295 4303 4289
f 4296 4303 4295
f 4298 4299 4296
f 4298 4296 4297
f 4274 4823 4288
f 4274 4288 4273
f 4270 4271 4288
f 4270 4288 4823
f 4272 4273 4288
f 4274 4284 4823
f 4283 4824 4823
f 4283 4823 4284
f 4285 4823 4824
f 4270 4823 4285
f 4270 4287 4826
f 4282 4287 4286
f 4826 4287 4281
f 4826 4281 4275
f 4282 4281 4287
f 4271 4826 4278
f 4270 4826 4271
f 4826 4275 4276
f 4826 4276 4278
f 4272 4278 4276
f 4297 4296 4827
f 4296 4295 4827
f 4295 4294 4827
f 4293 4297 4827
f 4293 4827 4294
f 4293 3869 4297
f 4828 4305 4293
f 3492 4293 4305
f 3501 4293 3492
f 4828 4298 4305
f 3492 4305 3872
f 4828 4301 4300
f 4293 4304 4301
f 4293 4301 4828
f 4828 4300 4299
f 4828 4299 4298
f 4282 3489 3498
f 4283 4282 3497
f 4283 3497 3496
f 4286 4285 3489
f 4285 4824 3496
f 4283 3496 4824
f 4282 4286 3489
f 1960 1961 1959
f 1959 1961 1962
f 1963 1960 1959
f 1963 1961 1960
f 1965 1971 1972
f 1959 1962 1973
f 1959 1973 1971
f 1972 1971 1973
f 1966 1972 1973
f 1961 1973 1962
f 1959 1971 1974
f 1965 1974 1971
f 1961 1963 1966
f 1961 1966 1973
f 1976 1975 1970
f 1970 1975 1969
f 1977 1976 1968
f 1976 1970 1968
f 1977 1968 1978
f 1964 1981 1979
f 1979 1981 1980
f 1959 1974 1963
f 1966 1963 1982
f 1965 1982 1963
f 1965 1963 1974
f 1966 1967 1970
f 1970 1967 1968
f 1984 1983 1985
f 1986 1983 1984
f 1986 1984 1985
f 1990 1994 1993
f 1989 1995 1983
f 1994 1996 1995
f 1995 1996 1983
f 1985 1983 1996
f 1985 1990 1986
f 1986 1990 1997
f 1985 1996 1990
f 1994 1990 1996
f 1989 1988 1995
f 1995 1988 1998
f 1987 1998 1988
f 1992 1999 1554
f 1554 1999 1555
f 1992 1554 1991
f 1991 1554 1551
f 1552 1991 1551
f 1532 1987 1552
f 1175 1987 1532
f 1983 1986 1997
f 1989 1983 1997
f 1990 1989 1997
f 1992 1991 1990
f 1992 1990 1993
f 1968 1967 1982
f 1968 1982 2519
f 1964 2519 1982
f 1964 1982 1965
f 1966 1982 1967
f 1968 2519 1978
f 1977 1978 2519
f 1977 2519 2520
f 1979 2520 2519
f 1964 1979 2519
f 1964 2522 1981
f 1976 1980 1981
f 2522 1969 1975
f 2522 1975 1981
f 1976 1981 1975
f 1965 1972 2522
f 1964 1965 2522
f 2522 1972 1970
f 2522 1970 1969
f 1966 1970 1972
f 1991 2523 1990
f 1990 2523 1989
f 1989 2523 1988
f 1987 1988 2523
f 1987 2523 1991
f 1987 1991 1552
f 2524 1987 1999
f 1166 1999 1987
f 1175 1166 1987
f 2524 1999 1992
f 1166 1555 1999
f 2524 1994 1995
f 1987 2524 1995
f 1987 1995 1998
f 2524 1992 1993
f 2524 1993 1994
f 1976 1172 1163
f 1977 1170 1171
f 1977 1171 1976
f 1980 1163 1979
f 1979 1170 2520
f 1977 2520 1170
f 1976 1163 1980
f 571 569 568
f 569 570 572
f 574 569 571
f 574 571 568
f 573 575 572
f 576 568 578
f 577 568 576
f 577 574 568
f 577 579 574
f 579 586 585
f 579 585 574
f 577 596 579
f 577 576 596
f 597 596 598
f 576 598 596
f 586 608 585
f 579 596 586
f 607 595 594
f 615 617 616
f 597 598 616
f 618 619 616
f 618 616 617
f 597 616 619
f 629 607 594
f 575 629 594
f 573 608 631
f 608 596 631
f 631 596 597
f 586 596 608
f 618 633 619
f 598 587 616
f 615 616 609
f 639 638 637
f 607 639 637
f 630 641 629
f 573 631 642
f 573 642 630
f 632 642 631
f 624 617 625
f 615 625 617
f 618 617 644
f 624 644 617
f 610 643 644
f 610 644 624
f 606 614 647
f 647 614 636
f 647 636 642
f 641 642 636
f 629 641 607
f 631 597 619
f 632 631 619
f 632 619 650
f 651 650 619
f 649 651 619
f 649 610 651
f 632 647 642
f 630 642 641
f 651 654 653
f 651 653 650
f 632 650 653
f 649 633 643
f 649 643 610
f 654 645 635
f 651 610 645
f 651 645 654
f 652 647 655
f 654 635 657
f 652 656 628
f 632 653 655
f 632 655 647
f 652 655 658
f 653 658 655
f 654 657 653
f 652 658 657
f 653 657 658
f 657 656 659
f 652 659 656
f 570 569 585
f 574 585 569
f 570 585 572
f 573 572 608
f 608 572 585
f 630 629 575
f 573 630 575
f 648 640 639
f 648 639 636
f 641 636 639
f 641 639 607
f 649 619 633
f 633 644 643
f 618 644 633
f 652 657 659
f 576 588 598
f 598 588 587
f 669 666 667
f 671 666 672
f 669 672 666
f 670 669 667
f 685 678 679
f 671 679 666
f 686 669 670
f 685 684 678
f 687 691 669
f 687 669 697
f 669 686 698
f 669 698 697
f 696 697 698
f 696 690 697
f 687 697 690
f 687 690 691
f 693 698 692
f 673 692 698
f 673 698 686
f 696 698 693
f 709 711 710
f 712 709 710
f 711 712 710
f 680 684 706
f 714 680 706
f 717 716 715
f 717 715 718
f 696 718 715
f 716 719 715
f 720 722 721
f 708 721 722
f 714 705 680
f 714 706 725
f 685 679 727
f 679 690 727
f 728 727 690
f 728 690 696
f 696 715 728
f 729 728 715
f 729 715 719
f 717 711 716
f 716 711 719
f 696 693 718
f 700 717 718
f 700 718 707
f 693 707 718
f 711 700 712
f 694 704 736
f 737 736 704
f 726 738 725
f 714 725 738
f 737 738 726
f 728 726 727
f 685 727 726
f 685 726 725
f 729 719 739
f 719 711 740
f 709 708 740
f 709 740 711
f 694 737 735
f 714 738 705
f 704 705 738
f 704 738 737
f 742 735 726
f 742 726 728
f 743 744 728
f 743 728 729
f 743 722 744
f 744 722 730
f 737 726 735
f 713 735 742
f 748 728 744
f 740 708 729
f 743 729 708
f 743 708 722
f 748 744 730
f 748 730 741
f 748 751 728
f 742 728 752
f 751 752 728
f 748 741 745
f 742 752 734
f 713 742 734
f 751 750 734
f 751 734 752
f 748 745 753
f 753 745 746
f 751 748 753
f 751 753 750
f 753 746 747
f 753 747 750
f 671 672 669
f 686 670 755
f 673 686 755
f 673 755 670
f 690 679 756
f 690 756 691
f 669 691 756
f 671 669 756
f 671 756 679
f 725 706 684
f 685 725 684
f 694 736 737
f 717 700 711
f 729 739 740
f 719 740 739
f 763 761 764
f 763 762 761
f 772 762 779
f 780 763 764
f 761 780 764
f 782 781 763
f 780 782 763
f 772 779 778
f 787 778 788
f 779 788 778
f 789 790 776
f 796 777 778
f 796 778 787
f 776 779 762
f 780 797 782
f 761 799 780
f 780 799 797
f 798 797 799
f 779 776 790
f 782 797 790
f 768 799 810
f 761 810 799
f 798 799 811
f 771 811 799
f 771 799 768
f 821 820 819
f 798 821 819
f 822 819 820
f 826 827 816
f 828 815 816
f 828 816 827
f 828 830 815
f 796 787 837
f 779 790 839
f 798 840 839
f 798 839 797
f 790 797 839
f 822 820 841
f 815 842 812
f 815 812 829
f 824 843 816
f 816 843 826
f 825 844 824
f 824 844 843
f 847 809 846
f 796 837 836
f 809 836 846
f 838 848 837
f 839 850 849
f 779 839 849
f 779 849 838
f 822 841 851
f 828 841 820
f 828 820 830
f 815 830 820
f 815 820 821
f 828 827 841
f 808 853 818
f 817 818 853
f 847 853 808
f 837 848 836
f 847 846 836
f 847 836 848
f 854 819 822
f 798 819 840
f 839 840 819
f 839 819 855
f 844 855 819
f 854 844 819
f 815 821 842
f 854 843 844
f 825 852 856
f 835 856 852
f 857 834 845
f 850 817 853
f 850 853 849
f 838 849 853
f 838 853 848
f 847 848 853
f 859 858 844
f 844 858 855
f 839 855 858
f 839 858 850
f 854 851 826
f 854 826 843
f 859 844 825
f 850 858 845
f 859 825 856
f 857 835 834
f 850 845 817
f 857 845 860
f 858 860 845
f 858 861 860
f 857 860 862
f 857 862 835
f 763 781 762
f 776 762 782
f 782 762 781
f 761 767 810
f 768 810 767
f 789 776 782
f 789 782 790
f 787 788 837
f 838 837 788
f 779 838 788
f 847 808 809
f 812 842 821
f 812 821 863
f 854 822 851
f 851 827 826
f 841 827 851
f 859 856 858
f 858 856 861
f 835 862 860
f 835 860 856
f 861 856 860
f 812 863 800
f 771 800 811
f 798 811 800
f 798 800 821
f 821 800 863
f 777 836 795
f 796 836 777
f 873 870 872
f 868 872 870
f 875 877 868
f 873 872 880
f 874 880 872
f 868 881 874
f 873 879 870
f 881 887 874
f 888 874 887
f 868 877 881
f 888 894 874
f 903 879 873
f 888 887 905
f 881 905 887
f 904 905 906
f 915 899 902
f 917 916 886
f 917 886 918
f 903 918 886
f 903 886 879
f 895 873 894
f 895 894 919
f 920 919 904
f 904 919 905
f 888 905 919
f 888 919 894
f 875 905 881
f 889 906 905
f 889 905 890
f 875 890 905
f 897 922 921
f 897 921 907
f 889 907 921
f 917 893 916
f 886 916 893
f 917 902 893
f 925 924 921
f 904 906 921
f 904 921 926
f 927 926 921
f 927 921 924
f 898 930 897
f 931 899 915
f 917 934 933
f 935 933 934
f 903 895 936
f 920 936 919
f 895 919 936
f 920 904 926
f 920 926 937
f 938 937 926
f 938 926 927
f 925 939 924
f 924 940 927
f 897 930 922
f 898 928 941
f 898 941 942
f 909 944 910
f 945 911 910
f 945 910 944
f 932 946 899
f 899 946 914
f 909 914 946
f 932 899 931
f 931 933 947
f 947 933 935
f 935 903 936
f 924 939 930
f 927 940 948
f 924 948 940
f 924 930 949
f 924 949 948
f 948 949 942
f 943 928 929
f 932 947 946
f 909 946 951
f 917 933 931
f 941 937 938
f 952 953 937
f 941 952 937
f 920 937 953
f 948 942 941
f 941 928 952
f 943 950 955
f 945 954 911
f 947 935 946
f 936 951 946
f 935 936 946
f 936 920 953
f 956 953 952
f 948 941 938
f 956 952 928
f 956 928 943
f 909 951 944
f 956 957 953
f 957 958 951
f 957 951 953
f 936 953 951
f 945 944 951
f 945 951 958
f 956 955 957
f 957 955 958
f 875 881 877
f 874 894 880
f 873 880 894
f 903 873 895
f 935 934 917
f 935 917 903
f 903 917 918
f 932 931 947
f 925 922 930
f 925 930 939
f 948 938 927
f 954 945 958
f 954 958 955
f 868 874 872
f 898 942 949
f 898 949 930
f 917 931 902
f 915 902 931
f 889 921 906
f 925 921 922
f 956 943 955
f 966 971 974
f 976 966 974
f 974 971 988
f 975 988 971
f 992 986 987
f 992 987 993
f 976 993 987
f 976 987 966
f 995 975 977
f 1003 1002 992
f 986 992 1002
f 994 974 1012
f 1013 1012 1014
f 974 1014 1012
f 975 1014 988
f 974 988 1014
f 1011 1002 1024
f 1025 1003 992
f 976 1004 993
f 994 1012 1004
f 995 1026 975
f 975 1026 1014
f 1013 1014 1026
f 996 1013 1026
f 996 1026 995
f 1011 1024 1033
f 1011 1033 1010
f 1023 1010 1033
f 1025 1034 1002
f 1025 1002 1003
f 1037 1036 1035
f 1036 1038 1035
f 1015 1031 1041
f 1042 1041 1031
f 1046 1024 1047
f 1047 1024 1048
f 1002 1048 1024
f 1025 1049 1034
f 1002 1034 1049
f 1050 1049 1025
f 1051 992 1013
f 993 1004 1012
f 993 1012 992
f 1013 992 1012
f 1013 1035 1052
f 1053 1052 1038
f 1038 1052 1035
f 1037 1041 1036
f 1036 1054 1038
f 1013 1055 1035
f 1037 1035 1055
f 996 1055 1013
f 1015 1037 1055
f 1015 1055 997
f 996 997 1055
f 1040 1039 1056
f 1046 1033 1024
f 1002 1049 1048
f 992 1051 1060
f 1050 1060 1051
f 1038 1054 1061
f 1053 1038 1061
f 1036 1041 1042
f 1036 1062 1054
f 1042 1063 1062
f 1036 1042 1062
f 1057 1064 1056
f 1057 1056 1039
f 1046 1023 1033
f 1047 1048 1049
f 1047 1049 1059
f 1050 1051 1066
f 1067 1052 1053
f 1067 1056 1052
f 1051 1013 1052
f 1015 1041 1037
f 1063 1068 1067
f 1063 1067 1062
f 1040 1067 1068
f 1067 1040 1056
f 1069 1044 1045
f 1069 1045 1070
f 1023 1070 1045
f 1050 1066 1046
f 1046 1066 1023
f 1064 1071 1056
f 1056 1071 1052
f 1051 1052 1071
f 1067 1061 1062
f 1064 1072 1071
f 1066 1051 1071
f 1066 1071 1070
f 1073 1070 1071
f 1073 1071 1072
f 1065 1074 1057
f 1064 1057 1074
f 1069 1065 1044
f 1066 1070 1023
f 1069 1070 1073
f 1069 1073 1075
f 1073 1074 1075
f 1069 1074 1065
f 976 974 994
f 976 994 1004
f 1050 1025 992
f 1050 992 1060
f 1046 1047 1059
f 1067 1053 1061
f 1054 1062 1061
f 1073 1072 1064
f 1073 1064 1074
f 1069 1075 1074
f 1031 1030 1063
f 1042 1031 1063
f 1063 1030 1040
f 1063 1040 1068
f 1046 1059 1049
f 1050 1046 1049
f 2900 2897 2898
f 2903 2900 2898
f 2903 2897 2900
f 2902 2901 2904
f 2906 2905 2898
f 2906 2898 2907
f 2906 2907 2903
f 2898 2897 2907
f 2903 2907 2897
f 2906 2903 2908
f 2908 2903 2914
f 2908 2914 2915
f 2906 2908 2924
f 2906 2924 2926
f 2906 2926 2905
f 2925 2926 2924
f 2925 2905 2926
f 2908 2915 2924
f 2936 2922 2923
f 2943 2944 2945
f 2946 2945 2944
f 2946 2944 2925
f 2954 2922 2936
f 2904 2922 2954
f 2956 2954 2955
f 2914 2902 2958
f 2914 2958 2924
f 2957 2925 2924
f 2957 2924 2958
f 2915 2914 2924
f 2961 2925 2960
f 2946 2925 2961
f 2925 2944 2916
f 2943 2937 2944
f 2936 2966 2968
f 2955 2954 2970
f 2902 2956 2955
f 2902 2955 2958
f 2959 2958 2955
f 2951 2952 2945
f 2943 2945 2952
f 2946 2972 2945
f 2951 2945 2972
f 2951 2972 2971
f 2976 2978 2965
f 2970 2965 2978
f 2954 2936 2970
f 2957 2960 2925
f 2957 2958 2960
f 2959 2979 2960
f 2959 2960 2958
f 2980 2960 2979
f 2963 2960 2980
f 2951 2971 2963
f 2970 2978 2955
f 2976 2955 2978
f 2959 2955 2976
f 2973 2982 2979
f 2980 2979 2982
f 2963 2971 2961
f 2980 2982 2973
f 2980 2973 2963
f 2981 2983 2976
f 2973 2979 2984
f 2981 2953 2986
f 2959 2976 2983
f 2959 2983 2979
f 2981 2984 2983
f 2984 2979 2983
f 2973 2984 2987
f 2985 2973 2987
f 2981 2987 2984
f 2981 2986 2985
f 2987 2988 2985
f 2981 2985 2988
f 2899 2914 2898
f 2903 2898 2914
f 2899 2901 2914
f 2914 2901 2902
f 2956 2904 2954
f 2902 2904 2956
f 2970 2936 2968
f 2970 2968 2965
f 2963 2961 2960
f 2961 2971 2972
f 2946 2961 2972
f 2981 2988 2987
f 2925 2916 2917
f 2925 2917 2905
f 2998 2996 2995
f 3000 3001 2995
f 2998 2995 3001
f 2999 2996 2998
f 3013 3006 3005
f 3000 2995 3006
f 3014 2999 2998
f 3013 3005 3011
f 3015 2998 3019
f 3015 3024 2998
f 2998 3024 3025
f 2998 3025 3014
f 3023 3025 3024
f 3023 3024 3018
f 3015 3019 3018
f 3015 3018 3024
f 3021 3020 3025
f 3002 3014 3025
f 3002 3025 3020
f 3023 3021 3025
f 3037 3038 3036
f 3039 3036 3038
f 3037 3040 3041
f 3042 3040 3037
f 3041 3040 3042
f 3007 3034 3011
f 3044 3034 3007
f 3047 3048 3045
f 3047 3045 3046
f 3023 3045 3048
f 3049 3050 3051
f 3036 3051 3050
f 3039 3051 3036
f 3044 3007 3033
f 3044 3054 3034
f 3013 3056 3006
f 3006 3056 3018
f 3057 3023 3018
f 3057 3018 3056
f 3023 3057 3045
f 3058 3046 3045
f 3058 3045 3057
f 3047 3046 3041
f 3046 3059 3041
f 3023 3048 3021
f 3035 3027 3048
f 3035 3048 3047
f 3021 3048 3027
f 3041 3042 3035
f 3031 3066 3032
f 3065 3032 3066
f 3055 3054 3067
f 3044 3067 3054
f 3065 3055 3067
f 3057 3056 3055
f 3013 3054 3055
f 3013 3055 3056
f 3058 3059 3046
f 3058 3068 3059
f 3059 3038 3041
f 3037 3041 3038
f 3044 3033 3067
f 3032 3065 3067
f 3032 3067 3033
f 3070 3057 3055
f 3070 3055 3065
f 3071 3058 3057
f 3071 3057 3072
f 3060 3051 3072
f 3071 3072 3051
f 3043 3070 3065
f 3076 3060 3057
f 3060 3072 3057
f 3038 3058 3039
f 3071 3051 3039
f 3071 3039 3058
f 3076 3069 3060
f 3076 3057 3079
f 3070 3080 3057
f 3079 3057 3080
f 3076 3073 3069
f 3070 3064 3080
f 3043 3064 3070
f 3079 3080 3064
f 3079 3064 3078
f 3076 3081 3073
f 3081 3074 3073
f 3079 3078 3081
f 3079 3081 3076
f 3081 3078 3075
f 3081 3075 3074
f 3000 2998 3001
f 3014 3083 2999
f 3002 2999 3083
f 3002 3083 3014
f 3018 3019 3084
f 3018 3084 3006
f 2998 3084 3019
f 3000 3006 3084
f 3000 3084 2998
f 3054 3011 3034
f 3013 3011 3054
f 3031 3065 3066
f 3047 3041 3035
f 3058 3038 3068
f 3059 3068 3038
f 3091 3092 3089
f 3091 3089 3090
f 3100 3107 3090
f 3108 3092 3091
f 3089 3092 3108
f 3110 3091 3109
f 3108 3091 3110
f 3100 3106 3107
f 3115 3116 3106
f 3107 3106 3116
f 3117 3104 3118
f 3124 3115 3106
f 3124 3106 3105
f 3104 3090 3107
f 3108 3110 3125
f 3089 3108 3127
f 3108 3125 3127
f 3126 3127 3125
f 3107 3118 3104
f 3110 3118 3125
f 3096 3138 3127
f 3089 3127 3138
f 3126 3139 3127
f 3099 3127 3139
f 3099 3096 3127
f 3149 3147 3148
f 3126 3147 3149
f 3150 3148 3147
f 3154 3144 3155
f 3156 3155 3144
f 3156 3144 3143
f 3156 3143 3158
f 3124 3165 3115
f 3107 3167 3118
f 3126 3125 3167
f 3126 3167 3168
f 3118 3167 3125
f 3150 3169 3148
f 3143 3157 3140
f 3143 3140 3170
f 3152 3144 3171
f 3144 3154 3171
f 3153 3152 3172
f 3152 3171 3172
f 3175 3174 3137
f 3124 3164 3165
f 3137 3174 3164
f 3166 3165 3176
f 3167 3177 3178
f 3107 3166 3177
f 3107 3177 3167
f 3150 3179 3169
f 3156 3158 3148
f 3156 3148 3169
f 3143 3149 3148
f 3143 3148 3158
f 3156 3169 3155
f 3136 3146 3181
f 3145 3181 3146
f 3175 3136 3181
f 3165 3164 3176
f 3175 3176 3164
f 3175 3164 3174
f 3182 3150 3147
f 3126 3168 3147
f 3167 3183 3147
f 3167 3147 3168
f 3172 3147 3183
f 3182 3147 3172
f 3143 3170 3149
f 3182 3172 3171
f 3153 3184 3180
f 3163 3180 3184
f 3185 3173 3162
f 3178 3177 3181
f 3178 3181 3145
f 3166 3176 3181
f 3166 3181 3177
f 3175 3181 3176
f 3187 3172 3186
f 3172 3183 3186
f 3167 3178 3186
f 3167 3186 3183
f 3182 3171 3154
f 3182 3154 3179
f 3187 3153 3172
f 3178 3173 3186
f 3187 3184 3153
f 3185 3162 3163
f 3178 3145 3173
f 3185 3188 3173
f 3186 3173 3188
f 3186 3188 3189
f 3185 3190 3188
f 3185 3163 3190
f 3091 3090 3109
f 3104 3110 3090
f 3110 3109 3090
f 3089 3138 3095
f 3096 3095 3138
f 3117 3118 3110
f 3117 3110 3104
f 3115 3165 3116
f 3166 3116 3165
f 3107 3116 3166
f 3175 3137 3136
f 3140 3191 3149
f 3140 3149 3170
f 3182 3179 3150
f 3179 3154 3155
f 3169 3179 3155
f 3187 3186 3184
f 3186 3189 3184
f 3163 3184 3188
f 3163 3188 3190
f 3189 3188 3184
f 3140 3128 3191
f 3099 3139 3128
f 3126 3149 3128
f 3126 3128 3139
f 3149 3191 3128
f 3105 3123 3164
f 3124 3105 3164
f 3201 3200 3198
f 3196 3198 3200
f 3203 3196 3205
f 3201 3208 3200
f 3202 3200 3208
f 3196 3202 3209
f 3201 3198 3207
f 3209 3202 3215
f 3216 3215 3202
f 3196 3209 3205
f 3216 3202 3222
f 3231 3201 3207
f 3216 3233 3215
f 3209 3215 3233
f 3232 3234 3233
f 3243 3230 3227
f 3245 3246 3214
f 3245 3214 3244
f 3231 3207 3214
f 3231 3214 3246
f 3223 3222 3201
f 3223 3247 3222
f 3248 3232 3247
f 3232 3233 3247
f 3216 3222 3247
f 3216 3247 3233
f 3203 3209 3233
f 3217 3233 3234
f 3217 3218 3233
f 3203 3233 3218
f 3225 3235 3249
f 3225 3249 3250
f 3217 3249 3235
f 3245 3244 3221
f 3214 3221 3244
f 3245 3221 3230
f 3253 3249 3252
f 3232 3249 3234
f 3232 3254 3249
f 3255 3252 3249
f 3255 3249 3254
f 3226 3225 3258
f 3259 3243 3227
f 3245 3261 3262
f 3263 3262 3261
f 3231 3264 3223
f 3248 3247 3264
f 3223 3264 3247
f 3248 3265 3254
f 3248 3254 3232
f 3266 3255 3254
f 3266 3254 3265
f 3253 3252 3267
f 3252 3255 3268
f 3225 3250 3258
f 3226 3270 3269
f 3226 3269 3256
f 3237 3238 3272
f 3273 3272 3238
f 3273 3238 3239
f 3260 3227 3274
f 3227 3242 3274
f 3237 3274 3242
f 3260 3259 3227
f 3259 3275 3261
f 3275 3263 3261
f 3263 3264 3231
f 3252 3258 3267
f 3255 3276 3268
f 3252 3268 3276
f 3252 3276 3277
f 3252 3277 3258
f 3276 3270 3277
f 3271 3257 3256
f 3260 3274 3275
f 3237 3279 3274
f 3245 3259 3261
f 3269 3266 3265
f 3280 3265 3281
f 3269 3265 3280
f 3248 3281 3265
f 3276 3269 3270
f 3269 3280 3256
f 3271 3283 3278
f 3273 3239 3282
f 3275 3274 3263
f 3264 3274 3279
f 3263 3274 3264
f 3264 3281 3248
f 3284 3280 3281
f 3276 3266 3269
f 3284 3271 3256
f 3284 3256 3280
f 3237 3272 3279
f 3284 3281 3285
f 3285 3281 3279
f 3285 3279 3286
f 3264 3279 3281
f 3273 3286 3279
f 3273 3279 3272
f 3284 3285 3283
f 3285 3286 3283
f 3203 3205 3209
f 3202 3208 3222
f 3201 3222 3208
f 3231 3223 3201
f 3263 3231 3245
f 3263 3245 3262
f 3231 3246 3245
f 3260 3275 3259
f 3253 3267 3258
f 3253 3258 3250
f 3276 3255 3266
f 3282 3283 3286
f 3282 3286 3273
f 3196 3200 3202
f 3226 3277 3270
f 3226 3258 3277
f 3245 3230 3259
f 3243 3259 3230
f 3217 3234 3249
f 3253 3250 3249
f 3284 3283 3271
f 3296 3304 3300
f 3306 3304 3296
f 3304 3318 3300
f 3305 3300 3318
f 3322 3323 3317
f 3322 3317 3316
f 3306 3296 3317
f 3306 3317 3323
f 3325 3307 3305
f 3332 3322 3331
f 3316 3331 3322
f 3324 3342 3304
f 3343 3344 3342
f 3304 3342 3344
f 3305 3318 3344
f 3304 3344 3318
f 3341 3353 3331
f 3354 3322 3332
f 3306 3323 3333
f 3324 3333 3342
f 3325 3305 3355
f 3305 3344 3355
f 3343 3355 3344
f 3326 3355 3343
f 3325 3355 3312
f 3325 3312 3307
f 3326 3312 3355
f 3341 3340 3361
f 3341 3361 3353
f 3352 3361 3340
f 3354 3332 3331
f 3354 3331 3362
f 3365 3363 3364
f 3364 3363 3366
f 3345 3369 3359
f 3370 3359 3369
f 3374 3375 3353
f 3375 3376 3353
f 3331 3353 3376
f 3354 3362 3377
f 3331 3377 3362
f 3378 3354 3377
f 3379 3343 3322
f 3323 3322 3342
f 3323 3342 3333
f 3343 3342 3322
f 3343 3380 3363
f 3381 3366 3380
f 3366 3363 3380
f 3365 3364 3369
f 3364 3366 3382
f 3343 3363 3383
f 3365 3383 3363
f 3326 3343 3383
f 3345 3346 3383
f 3345 3383 3365
f 3326 3383 3346
f 3368 3384 3367
f 3374 3353 3361
f 3331 3376 3377
f 3322 3388 3379
f 3378 3379 3388
f 3366 3389 3382
f 3381 3389 3366
f 3364 3370 3369
f 3364 3382 3390
f 3370 3390 3391
f 3364 3390 3370
f 3385 3367 3384
f 3385 3384 3392
f 3374 3361 3352
f 3375 3387 3377
f 3375 3377 3376
f 3378 3394 3379
f 3395 3381 3380
f 3395 3380 3384
f 3379 3380 3343
f 3345 3365 3369
f 3391 3390 3395
f 3391 3395 3396
f 3368 3396 3395
f 3395 3384 3368
f 3397 3398 3373
f 3397 3373 3372
f 3352 3373 3398
f 3378 3374 3394
f 3374 3352 3394
f 3392 3384 3399
f 3384 3380 3399
f 3379 3399 3380
f 3395 3390 3389
f 3392 3399 3400
f 3394 3398 3399
f 3394 3399 3379
f 3401 3400 3399
f 3401 3399 3398
f 3393 3385 3402
f 3392 3402 3385
f 3397 3372 3393
f 3394 3352 3398
f 3397 3401 3398
f 3397 3403 3401
f 3401 3403 3402
f 3397 3393 3402
f 3306 3324 3304
f 3306 3333 3324
f 3378 3388 3322
f 3378 3322 3354
f 3374 3387 3375
f 3395 3389 3381
f 3382 3389 3390
f 3401 3402 3392
f 3401 3392 3400
f 3397 3402 3403
f 3359 3391 3358
f 3370 3391 3359
f 3391 3396 3368
f 3391 3368 3358
f 3374 3377 3387
f 3378 3377 3374
f 3294 3295 3297
f 3294 3297 3296
f 3293 3292 3298
f 3294 3299 3292
f 3300 3301 3299
f 3292 3299 3301
f 3294 3296 3299
f 3296 3300 3299
f 3292 3301 3298
f 3307 3293 3301
f 3307 3301 3300
f 3293 3298 3301
f 3307 3300 3305
f 3308 3314 3315
f 3316 3317 3302
f 3296 3302 3317
f 3296 3303 3302
f 3321 3320 3241
f 3321 3319 3320
f 3308 3315 3319
f 3302 3308 3316
f 3307 3312 3293
f 3312 3327 3310
f 3321 3241 3240
f 3331 3316 3330
f 3316 3308 3330
f 3308 3319 3330
f 3321 3340 3330
f 3321 3330 3319
f 3341 3331 3330
f 3341 3330 3340
f 3345 3327 3346
f 3312 3326 3327
f 3326 3346 3327
f 3347 3348 3349
f 3336 3349 3334
f 3240 3220 3351
f 3321 3240 3340
f 3352 3340 3240
f 3356 3357 3347
f 3347 3357 3348
f 3336 3337 3358
f 3359 3358 3360
f 3337 3339 3360
f 3337 3360 3358
f 3345 3359 3360
f 3327 3345 3360
f 3327 3360 3339
f 3349 3358 3347
f 3368 3367 3347
f 3368 3347 3358
f 3336 3358 3349
f 3372 3373 3351
f 3352 3240 3351
f 3352 3351 3373
f 3350 3372 3351
f 3385 3386 3347
f 3385 3347 3367
f 3356 3347 3386
f 3393 3386 3385
f 3371 3356 3386
f 3350 3371 3386
f 3350 3386 3372
f 3393 3372 3386
f 3112 3192 3193
f 3193 3192 3197
f 3196 3197 3192
f 3196 3192 3198
f 3203 3197 3196
f 3112 3193 3197
f 3206 3097 3111
f 3198 3192 3194
f 3198 3194 3207
f 3211 3212 3210
f 3204 3212 3211
f 3214 3207 3213
f 3207 3194 3213
f 3199 3204 3213
f 3199 3213 3194
f 3206 3111 3218
f 3206 3218 3217
f 3112 3197 3218
f 3112 3218 3111
f 3203 3218 3197
f 3206 3098 3097
f 3219 3093 3098
f 3221 3214 3213
f 3226 3224 3225
f 3211 3229 3228
f 3227 3228 3229
f 3221 3213 3228
f 3221 3228 3227
f 3204 3211 3228
f 3204 3228 3213
f 3219 3098 3235
f 3206 3217 3235
f 3206 3235 3098
f 3219 3224 3236
f 3219 3236 3093
f 3219 3235 3224
f 3225 3224 3235
f 3220 3238 3237
f 3241 3238 3240
f 3239 3238 3241
f 3220 3240 3238
f 3227 3229 3242
f 3220 3237 3229
f 3220 3229 3211
f 3237 3242 3229
f 3221 3227 3230
f 3226 3251 3224
f 3257 3251 3256
f 3226 3256 3251
f 3271 3251 3257
f 3278 3239 3241
f 3278 3283 3282
f 3278 3282 3239
f 3085 3086 3087
f 3089 3086 3088
f 3089 3087 3086
f 3089 3088 3090
f 3086 3090 3088
f 3093 3094 3085
f 3089 3095 3085
f 3089 3085 3087
f 3093 3085 3095
f 3093 3095 3096
f 3098 3093 3099
f 3100 3101 3102
f 3100 3090 3101
f 3100 3105 3106
f 3100 3102 3105
f 3098 3111 3097
f 3113 3052 3114
f 3028 3114 3052
f 3093 3096 3099
f 3122 3120 3121
f 3128 3129 3130
f 3112 3111 3130
f 3112 3130 3129
f 3098 3099 3130
f 3098 3130 3111
f 3131 3133 3134
f 3134 3133 3135
f 3134 3135 3119
f 3136 3137 3123
f 3099 3128 3130
f 3120 3142 3119
f 3143 3144 3142
f 3143 3142 3129
f 3120 3129 3142
f 3122 3129 3120
f 3128 3143 3129
f 3145 3114 3028
f 3145 3146 3114
f 3136 3113 3114
f 3112 3129 3122
f 3153 3151 3152
f 3131 3134 3151
f 3144 3151 3142
f 3152 3151 3144
f 3134 3119 3151
f 3119 3142 3151
f 3128 3157 3143
f 3160 3159 3141
f 3162 3161 3159
f 3163 3162 3160
f 3162 3159 3160
f 3162 3030 3161
f 3128 3140 3157
f 3145 3028 3173
f 3028 3030 3173
f 3162 3173 3030
f 3131 3151 3141
f 3153 3180 3151
f 3163 3160 3151
f 3163 3151 3180
f 3160 3141 3151
f 3137 3164 3123
f 3734 3747 3735
f 3734 3735 3727
f 2989 2990 2992
f 2995 2996 2994
f 2991 2997 2994
f 2991 2994 2989
f 2995 2994 2997
f 3002 2994 2996
f 2989 2994 3002
f 3002 2996 2999
f 2989 3003 2913
f 2989 2913 2990
f 2909 2913 3003
f 3005 3006 2997
f 2995 2997 3006
f 3009 3007 3008
f 3004 3010 3008
f 3009 3008 3010
f 3011 3005 3012
f 3005 2997 3012
f 2989 3002 3003
f 2909 3003 3016
f 3004 3008 2997
f 3007 3011 3008
f 3011 3012 3008
f 2997 3008 3012
f 3021 3016 3020
f 3016 3003 3020
f 3002 3020 3003
f 3027 2911 3026
f 3017 3026 2911
f 2909 3016 3026
f 2909 3026 3017
f 3022 3030 3029
f 3022 3029 3010
f 3028 3029 3030
f 3031 3032 3010
f 3010 3032 3009
f 3009 3032 3033
f 3009 3033 3007
f 3021 3026 3016
f 3021 3027 3026
f 3043 3029 3028
f 3031 3010 3029
f 3049 3051 3061
f 3028 3052 3062
f 3053 3062 3052
f 3043 3028 3062
f 3043 3062 3064
f 3053 3064 3062
f 3063 3064 3053
f 3031 3029 3065
f 3043 3065 3029
f 3063 3074 3075
f 3063 3077 3064
f 3078 3064 3077
f 3078 3082 3075
f 3075 3082 3063
f 3078 3063 3082
f 3078 3077 3063
f 2909 2910 2916
f 2916 2910 2917
f 2911 2917 2910
f 2920 2919 2921
f 2912 2913 2909
f 2912 2909 2928
f 2919 2930 2918
f 2930 2929 2918
f 2927 2928 2937
f 2909 2916 2937
f 2909 2937 2928
f 2930 2938 2929
f 2920 2940 2919
f 2941 2939 2940
f 2921 2942 2940
f 2921 2940 2920
f 2941 2940 2942
f 2941 2942 2947
f 2912 2928 2942
f 2912 2942 2921
f 2927 2947 2942
f 2927 2942 2928
f 2949 2950 2940
f 2949 2940 2948
f 2930 2940 2950
f 2948 2940 2939
f 2919 2940 2930
f 2941 2952 2951
f 2941 2951 2939
f 2916 2944 2937
f 2943 2962 2941
f 2943 2941 2927
f 2927 2941 2947
f 2948 2939 2963
f 2939 2951 2963
f 2949 2948 2963
f 2934 2935 2964
f 2953 2964 2935
f 2950 2949 2973
f 2949 2963 2973
f 2950 2974 2975
f 2931 2938 2975
f 2930 2950 2975
f 2930 2975 2938
f 2974 2931 2975
f 2953 2931 2974
f 2934 2976 2977
f 2976 2965 2977
f 2981 2976 2964
f 2981 2964 2953
f 2934 2964 2976
f 2937 2943 2927
f 2941 2962 2952
f 2943 2952 2962
f 2950 2973 2974
f 2985 2974 2973
f 2974 2985 2953
f 2985 2986 2953
f 784 865 864
f 865 869 864
f 868 864 869
f 868 870 864
f 875 868 869
f 784 869 865
f 878 783 769
f 870 879 866
f 870 866 864
f 883 882 884
f 876 883 884
f 886 885 879
f 879 885 866
f 871 866 885
f 871 885 876
f 878 889 890
f 878 890 783
f 784 783 890
f 784 890 869
f 875 869 890
f 878 769 770
f 891 770 765
f 893 885 886
f 898 897 896
f 883 900 901
f 899 901 900
f 893 899 900
f 893 900 885
f 876 885 900
f 876 900 883
f 891 907 770
f 878 770 907
f 878 907 889
f 891 896 907
f 897 907 896
f 899 914 901
f 893 902 899
f 898 896 923
f 929 928 923
f 898 923 928
f 943 929 923
f 950 913 911
f 950 954 955
f 950 911 954
f 761 760 758
f 761 758 759
f 761 762 760
f 761 759 757
f 761 757 767
f 765 767 757
f 765 768 767
f 770 771 765
f 772 774 773
f 772 773 762
f 772 778 777
f 772 777 774
f 770 769 783
f 785 786 723
f 701 723 786
f 765 771 768
f 794 793 792
f 800 802 801
f 784 801 802
f 784 802 783
f 770 783 802
f 770 802 771
f 803 806 805
f 806 791 807
f 806 807 805
f 771 802 800
f 792 791 814
f 815 814 816
f 815 801 814
f 792 814 801
f 794 792 801
f 800 801 815
f 817 701 786
f 808 818 786
f 817 786 818
f 808 786 785
f 784 794 801
f 825 824 823
f 803 823 806
f 816 814 823
f 824 816 823
f 806 823 791
f 791 823 814
f 800 815 829
f 832 813 831
f 695 833 831
f 834 831 833
f 835 832 834
f 834 832 831
f 695 703 833
f 834 833 703
f 800 829 812
f 817 845 701
f 701 845 703
f 834 703 845
f 803 813 823
f 825 823 852
f 835 852 823
f 835 823 832
f 832 823 813
f 809 795 836
f 784 864 867
f 891 765 908
f 891 908 896
f 892 909 910
f 913 912 910
f 911 913 910
f 892 910 912
f 892 883 901
f 892 901 909
f 909 901 914
f 1023 912 1010
f 1044 1022 1045
f 1023 1045 1022
f 1023 1022 912
f 969 968 962
f 964 962 970
f 971 970 972
f 962 972 970
f 964 970 966
f 966 970 971
f 962 968 972
f 977 971 972
f 977 972 969
f 969 972 968
f 977 975 971
f 978 985 984
f 986 966 987
f 973 966 986
f 991 913 990
f 991 990 989
f 978 989 985
f 973 986 978
f 977 969 982
f 982 980 997
f 991 912 913
f 1002 1001 986
f 986 1001 978
f 996 995 982
f 977 982 995
f 978 1001 989
f 991 989 1001
f 991 1001 1010
f 1011 1010 1001
f 1011 1001 1002
f 998 1015 997
f 982 997 996
f 1016 1018 1017
f 1007 1005 1018
f 912 1022 892
f 991 1010 912
f 1027 1016 1028
f 1016 1017 1028
f 1031 1032 1030
f 1007 1030 1032
f 1015 1032 1031
f 998 1007 1032
f 998 1032 1015
f 1018 1016 1030
f 1040 1030 1016
f 1040 1016 1039
f 1007 1018 1030
f 1021 1022 1044
f 1057 1039 1016
f 1057 1016 1058
f 1027 1058 1016
f 1065 1057 1058
f 1043 1058 1027
f 1021 1044 1058
f 1021 1058 1043
f 1065 1058 1044
f 662 661 663
f 662 663 660
f 660 663 661
f 583 661 664
f 666 665 667
f 662 660 665
f 662 665 668
f 666 668 665
f 673 667 665
f 660 673 665
f 673 670 667
f 583 584 661
f 660 661 584
f 660 584 676
f 580 676 584
f 674 662 668
f 678 668 679
f 666 679 668
f 682 681 680
f 682 677 681
f 684 674 678
f 678 674 668
f 660 676 673
f 580 688 676
f 677 675 681
f 680 681 684
f 684 681 674
f 675 674 681
f 693 692 688
f 688 692 676
f 673 676 692
f 694 677 682
f 695 683 677
f 695 677 694
f 700 688 699
f 700 699 582
f 689 582 699
f 580 689 699
f 580 699 688
f 695 694 702
f 695 702 703
f 701 703 702
f 694 682 704
f 682 680 705
f 682 705 704
f 693 688 707
f 700 707 688
f 713 701 702
f 730 722 731
f 720 731 722
f 701 732 723
f 724 723 732
f 713 732 701
f 713 734 732
f 724 732 734
f 733 724 734
f 694 735 702
f 713 702 735
f 733 747 746
f 733 734 749
f 750 749 734
f 750 747 754
f 733 754 747
f 750 754 733
f 750 733 749
f 580 587 581
f 587 588 581
f 582 581 588
f 582 588 589
f 592 593 591
f 583 600 580
f 583 580 584
f 591 590 602
f 602 590 601
f 599 609 600
f 580 600 609
f 580 609 587
f 592 591 611
f 612 611 610
f 593 592 611
f 593 611 613
f 612 613 611
f 612 620 613
f 583 593 613
f 583 613 600
f 599 600 613
f 599 613 620
f 622 621 611
f 622 611 623
f 602 623 611
f 621 610 611
f 591 602 611
f 612 610 624
f 612 624 625
f 602 601 626
f 587 609 616
f 615 599 612
f 615 612 634
f 599 620 612
f 622 610 621
f 635 622 623
f 635 645 622
f 622 645 610
f 635 623 626
f 646 635 626
f 602 626 623
f 646 626 603
f 628 646 603
f 652 628 627
f 652 627 647
f 606 647 627
f 609 599 615
f 612 625 634
f 615 634 625
f 646 656 657
f 646 657 635
f 628 656 646
f 589 588 576
f 1642 1641 1637
f 1637 1641 1638
f 1639 1638 1641
f 1639 1641 1640
f 1639 1640 1643
f 1642 1644 1641
f 1642 1637 1584
f 1642 1584 1648
f 1584 1647 1648
f 1647 1649 1648
f 1644 1648 1649
f 1640 1641 1650
f 1650 1641 1644
f 1651 1652 1650
f 1653 1661 1654
f 1662 1661 1653
f 1662 1663 1661
f 1662 1666 1667
f 1662 1667 1663
f 1661 1663 1667
f 1661 1667 1668
f 1672 1671 1658
f 1662 1590 1666
f 1668 1667 1674
f 1639 1675 1674
f 1637 1638 1639
f 1639 1677 1675
f 1678 1675 1677
f 1652 1656 1681
f 1679 1680 1681
f 1656 1679 1681
f 1683 1681 1682
f 1643 1645 1684
f 1683 1682 1684
f 1645 1683 1684
f 1645 1652 1683
f 1665 1676 1685
f 1675 1686 1676
f 1676 1686 1685
f 1679 1685 1686
f 1679 1686 1680
f 1681 1680 1686
f 1675 1678 1686
f 1643 1684 1678
f 1686 1678 1684
f 1682 1686 1684
f 1643 1678 1677
f 1639 1643 1677
f 1640 1645 1643
f 1637 1583 1584
f 1642 1648 1644
f 1650 1652 1645
f 1640 1650 1645
f 1651 1654 1655
f 1651 1655 1652
f 1652 1655 1656
f 1647 1657 1649
f 1665 1656 1655
f 1665 1655 1664
f 1661 1664 1655
f 1661 1655 1654
f 1661 1668 1664
f 1665 1664 1668
f 1653 1660 1671
f 1662 1653 1671
f 1658 1671 1660
f 1672 1590 1671
f 1662 1671 1590
f 1674 1675 1665
f 1668 1674 1665
f 1676 1665 1675
f 1679 1656 1665
f 1652 1681 1683
f 1679 1665 1685
f 1681 1686 1682
f 1651 1650 1644
f 1651 1644 1654
f 2501 1654 1644
f 1653 1654 2501
f 1644 1649 2502
f 1644 2502 2501
f 1657 2502 1649
f 1639 1674 2503
f 1666 2503 1667
f 1674 1667 2503
f 1637 1639 2503
f 1637 2503 1666
f 1666 1590 1591
f 1657 1660 2502
f 2501 2502 1660
f 1653 2501 1660
f 1658 1660 1657
f 1666 1591 1583
f 1637 1666 1583
f 3953 3949 3952
f 3949 3950 3952
f 3951 3952 3950
f 3953 3952 3955
f 3953 3899 3949
f 3953 3959 3899
f 3955 3960 3959
f 3951 3961 3952
f 3961 3955 3952
f 3962 3961 3963
f 3964 3963 3956
f 3965 3966 3973
f 3967 3973 3966
f 3974 3965 3973
f 3975 3973 3967
f 3975 3967 3976
f 3974 3973 3979
f 3974 3979 3978
f 3975 3980 3979
f 3975 3979 3973
f 3984 3970 3983
f 3974 3978 3905
f 3986 3980 3987
f 3949 3951 3950
f 3951 3987 3989
f 3990 3989 3987
f 3968 3964 3992
f 3992 3995 3994
f 3995 3993 3994
f 3954 3993 3956
f 3995 3956 3993
f 3977 3996 3988
f 3987 3988 3997
f 3988 3996 3997
f 3992 3997 3996
f 3992 3993 3997
f 3987 3997 3990
f 3993 3990 3997
f 3954 3990 3993
f 3954 3989 3990
f 3951 3989 3954
f 3951 3954 3957
f 3954 3956 3957
f 3949 3899 3898
f 3953 3955 3959
f 3961 3957 3963
f 3951 3957 3961
f 3956 3963 3957
f 3962 3963 3968
f 3962 3968 3967
f 3964 3968 3963
f 3959 3960 3969
f 3977 3976 3968
f 3967 3968 3976
f 3975 3976 3980
f 3977 3980 3976
f 3965 3983 3972
f 3974 3983 3965
f 3970 3972 3983
f 3984 3983 3905
f 3974 3905 3983
f 3980 3977 3987
f 3988 3987 3977
f 3986 3987 3951
f 3977 3968 3992
f 3977 3992 3991
f 3995 3964 3956
f 3992 3964 3995
f 3977 3991 3996
f 3992 3996 3991
f 3992 3994 3993
f 3962 3966 3955
f 3962 3955 3961
f 3965 3955 3966
f 3962 3967 3966
f 3955 3965 4807
f 3955 4807 3960
f 3969 3960 4807
f 3986 4808 3980
f 3978 3979 4808
f 3980 4808 3979
f 3949 3978 4808
f 3949 4808 3951
f 3986 3951 4808
f 3978 3906 3905
f 3969 4807 3972
f 3965 3972 4807
f 3970 3969 3972
f 3978 3898 3906
f 3949 3898 3978
f 5198 5201 5202
f 5204 5286 5285
f 5205 5288 5287
f 5198 5232 5293
f 5232 5212 5217
f 5232 5217 5293
f 5231 5290 5294
f 5238 5236 5294
f 5200 5199 5292
f 5281 5240 5197
f 5244 5221 5197
f 5206 5230 5289
f 5230 5195 5289
f 5230 5193 5195
f 5281 5194 5195
f 5214 5215 5212
f 5299 5235 5294
f 5295 5196 5292
f 5292 5206 5296
f 5301 5246 5247
f 5303 5203 5255
f 5305 5256 5257
f 5286 5204 5256
f 5286 5256 5305
f 5288 5205 5258
f 5312 5273 5311
f 5305 5268 5255
f 5268 5276 5315
f 5312 5277 5273
f 5316 5238 5258
f 5290 5234 5316
f 5312 5278 5237
f 5317 5280 5238
f 5317 5238 5294
f 5267 5216 5209
f 5251 5240 5281
f 5239 5241 5307
f 5196 5295 5318
f 5239 5259 5264
f 5261 5247 5259
f 5301 5247 5261
f 5250 5302 5301
f 5268 5310 5266
f 5262 5272 5322
f 5259 5314 5264
f 5285 5217 5323
f 5300 5218 5324
f 5195 5220 5325
f 5207 5297 5326
f 5202 5201 5327
f 5282 5198 5328
f 5268 5305 5329
f 5218 5268 5321
f 5218 5321 5330
f 5269 5248 5331
f 5319 5261 5332
f 5201 5252 5333
f 5252 5253 5334
f 5281 5197 5194
f 5282 5199 5200
f 5203 5201 5198
f 5203 5198 5284
f 5198 5283 5284
f 5283 5203 5284
f 5286 5203 5285
f 5288 5204 5287
f 5207 5208 5289
f 5209 5206 5210
f 5211 5209 5210
f 5220 5195 5194
f 5194 5197 5221
f 5194 5221 5222
f 5220 5219 5223
f 5211 5222 5221
f 5220 5223 5207
f 5221 5224 5211
f 5290 5226 5291
f 5291 5227 5290
f 5290 5205 5225
f 5229 5204 5285
f 5285 5203 5228
f 5228 5203 5283
f 5292 5193 5230
f 5231 5226 5290
f 5228 5283 5293
f 5283 5198 5293
f 5282 5232 5198
f 5233 5229 5285
f 5285 5228 5217
f 5217 5228 5293
f 5214 5212 5232
f 5232 5282 5214
f 5282 5200 5213
f 5282 5213 5214
f 5213 5200 5292
f 5292 5230 5206
f 5290 5227 5234
f 5290 5225 5294
f 5294 5236 5231
f 5294 5235 5237
f 5225 5205 5287
f 5287 5204 5229
f 5287 5229 5233
f 5206 5214 5296
f 5207 5195 5297
f 5239 5209 5241
f 5209 5211 5241
f 5242 5243 5298
f 5237 5235 5299
f 5299 5243 5242
f 5197 5240 5244
f 5241 5211 5224
f 5224 5221 5241
f 5221 5244 5241
f 5295 5202 5245
f 5216 5214 5206
f 5216 5206 5209
f 5195 5207 5289
f 5195 5193 5196
f 5196 5281 5195
f 5206 5289 5210
f 5289 5208 5210
f 5218 5217 5212
f 5212 5215 5218
f 5243 5233 5300
f 5300 5217 5218
f 5294 5225 5287
f 5294 5287 5299
f 5287 5233 5243
f 5287 5243 5299
f 5222 5219 5220
f 5220 5194 5222
f 5223 5219 5222
f 5210 5208 5207
f 5207 5223 5222
f 5207 5222 5210
f 5222 5211 5210
f 5196 5193 5292
f 5199 5202 5295
f 5199 5295 5292
f 5296 5214 5213
f 5213 5292 5296
f 5301 5248 5249
f 5302 5250 5251
f 5203 5303 5304
f 5303 5252 5201
f 5303 5201 5304
f 5201 5203 5304
f 5255 5203 5305
f 5203 5286 5305
f 5257 5256 5306
f 5258 5306 5288
f 5306 5256 5288
f 5256 5204 5288
f 5307 5259 5239
f 5263 5264 5265
f 5310 5268 5218
f 5249 5248 5269
f 5270 5251 5271
f 5251 5250 5271
f 5269 5261 5260
f 5270 5271 5262
f 5271 5272 5262
f 5273 5258 5311
f 5258 5274 5311
f 5311 5275 5312
f 5276 5252 5303
f 5253 5252 5276
f 5253 5276 5313
f 5312 5275 5238
f 5276 5303 5315
f 5303 5255 5315
f 5255 5268 5315
f 5238 5278 5312
f 5305 5257 5279
f 5263 5276 5268
f 5263 5268 5309
f 5265 5253 5313
f 5265 5313 5263
f 5313 5276 5263
f 5259 5247 5314
f 5314 5253 5265
f 5238 5274 5258
f 5234 5238 5316
f 5258 5205 5290
f 5258 5290 5316
f 5237 5280 5317
f 5237 5277 5312
f 5237 5317 5294
f 5306 5258 5273
f 5279 5257 5306
f 5273 5277 5306
f 5254 5253 5314
f 5254 5314 5318
f 5314 5247 5318
f 5247 5246 5318
f 5239 5267 5209
f 5319 5248 5261
f 5196 5246 5302
f 5196 5302 5281
f 5302 5251 5281
f 5241 5262 5307
f 5216 5267 5308
f 5216 5308 5214
f 5308 5266 5215
f 5308 5215 5214
f 5215 5266 5310
f 5215 5310 5218
f 5242 5320 5299
f 5320 5237 5299
f 5244 5240 5251
f 5244 5251 5270
f 5244 5270 5241
f 5270 5262 5241
f 5295 5245 5318
f 5245 5254 5318
f 5318 5246 5196
f 5267 5239 5264
f 5261 5248 5301
f 5302 5246 5301
f 5301 5249 5250
f 5262 5260 5261
f 5262 5261 5307
f 5261 5259 5307
f 5308 5267 5264
f 5264 5263 5308
f 5263 5266 5308
f 5266 5263 5309
f 5309 5268 5266
f 5321 5279 5242
f 5242 5279 5306
f 5242 5306 5320
f 5306 5277 5237
f 5306 5237 5320
f 5250 5249 5269
f 5250 5269 5271
f 5272 5271 5322
f 5271 5269 5260
f 5271 5260 5322
f 5260 5262 5322
f 5314 5265 5264
f 5217 5300 5323
f 5300 5233 5285
f 5300 5285 5323
f 5218 5298 5324
f 5298 5243 5300
f 5298 5300 5324
f 5220 5297 5325
f 5297 5195 5325
f 5297 5220 5326
f 5220 5207 5326
f 5201 5245 5327
f 5245 5202 5327
f 5198 5202 5199
f 5198 5199 5328
f 5199 5282 5328
f 5305 5279 5321
f 5305 5321 5329
f 5321 5268 5329
f 5321 5242 5298
f 5321 5298 5330
f 5298 5218 5330
f 5248 5319 5331
f 5319 5269 5331
f 5261 5269 5332
f 5269 5319 5332
f 5252 5254 5245
f 5252 5245 5333
f 5245 5201 5333
f 5253 5254 5334
f 5254 5252 5334
f 3 1 2
f 8 5 7
f 15 16 12
f 17 12 16
f 20 21 22
f 33 13 32
f 40 17 39
f 13 12 32
f 17 32 12
f 49 48 32
f 25 24 50
f 53 52 20
f 38 35 18
f 38 18 19
f 37 18 35
f 4 56 6
f 29 27 30
f 55 54 57
f 18 15 57
f 18 57 54
f 14 58 12
f 55 57 12
f 55 12 58
f 15 12 57
f 11 3 45
f 3 46 45
f 31 18 60
f 18 54 60
f 31 61 18
f 61 19 18
f 61 62 38
f 61 38 19
f 47 64 9
f 8 7 64
f 51 9 64
f 2 65 3
f 3 65 46
f 59 50 65
f 46 65 50
f 46 50 45
f 63 38 62
f 53 38 63
f 35 38 53
f 35 53 66
f 53 20 66
f 36 35 66
f 36 66 39
f 20 22 39
f 20 39 66
f 63 68 67
f 63 67 53
f 8 67 68
f 47 67 8
f 53 67 69
f 53 69 52
f 47 69 67
f 70 71 69
f 20 52 69
f 20 69 71
f 72 71 70
f 44 21 71
f 44 71 72
f 21 20 71
f 23 21 44
f 23 44 73
f 51 75 9
f 76 9 75
f 10 9 76
f 10 77 78
f 80 77 79
f 81 82 77
f 81 77 80
f 78 77 82
f 81 34 82
f 44 78 82
f 44 74 73
f 23 73 74
f 23 43 21
f 22 21 43
f 43 49 39
f 43 39 22
f 49 40 39
f 40 32 17
f 49 32 40
f 10 76 77
f 42 26 83
f 28 27 84
f 29 84 27
f 15 18 16
f 17 16 18
f 17 18 36
f 37 35 36
f 37 36 18
f 39 17 36
f 72 70 9
f 72 9 10
f 44 10 78
f 70 69 9
f 47 9 69
f 44 72 10
f 8 6 5
f 47 8 64
f 44 34 74
f 44 82 34
f 85 24 26
f 85 50 24
f 45 50 85
f 97 93 96
f 98 96 93
f 98 93 94
f 100 102 101
f 104 105 103
f 26 106 103
f 31 60 109
f 31 109 30
f 30 109 110
f 94 33 32
f 94 32 111
f 112 111 32
f 34 113 114
f 112 118 111
f 98 94 111
f 98 111 118
f 121 119 84
f 41 84 119
f 42 41 119
f 42 119 120
f 23 122 43
f 43 122 123
f 89 130 124
f 49 131 112
f 49 112 48
f 32 48 112
f 104 132 105
f 98 97 96
f 87 129 138
f 88 138 129
f 30 110 29
f 136 95 93
f 136 93 139
f 99 139 93
f 99 93 97
f 141 140 104
f 91 126 86
f 92 86 126
f 92 126 127
f 54 135 60
f 136 60 135
f 136 139 142
f 136 142 60
f 99 142 139
f 142 99 143
f 143 99 144
f 99 115 145
f 99 145 144
f 143 144 145
f 143 145 146
f 146 147 134
f 128 148 149
f 86 150 151
f 92 150 86
f 92 127 150
f 141 150 140
f 104 140 150
f 104 150 132
f 127 132 150
f 127 126 132
f 146 145 147
f 134 147 145
f 115 134 145
f 115 116 134
f 134 116 133
f 100 133 116
f 116 117 152
f 100 116 152
f 117 102 152
f 100 152 102
f 123 102 131
f 43 123 131
f 43 131 49
f 146 134 153
f 137 153 148
f 149 148 153
f 134 133 154
f 134 154 153
f 149 153 154
f 100 154 133
f 100 155 154
f 156 154 155
f 124 156 155
f 124 155 157
f 101 157 155
f 101 155 100
f 101 124 157
f 101 125 124
f 122 74 114
f 34 114 74
f 23 74 122
f 90 89 128
f 128 89 158
f 81 80 160
f 81 160 113
f 159 161 162
f 160 162 161
f 113 160 161
f 113 161 163
f 159 163 161
f 125 163 159
f 122 114 101
f 101 114 125
f 102 123 122
f 102 122 101
f 117 131 102
f 117 112 131
f 98 118 112
f 98 112 117
f 158 164 165
f 159 165 164
f 124 159 164
f 89 124 164
f 89 164 158
f 103 106 166
f 42 120 166
f 42 166 26
f 26 166 106
f 108 84 107
f 29 107 84
f 98 99 97
f 98 117 167
f 98 167 99
f 115 99 167
f 116 115 167
f 116 167 117
f 156 89 154
f 90 154 89
f 81 113 34
f 125 159 124
f 90 128 154
f 149 154 128
f 124 130 156
f 156 130 89
f 88 137 148
f 125 114 113
f 125 113 163
f 85 26 103
f 85 103 105
f 85 105 132
f 45 85 132
f 45 132 126
f 178 180 179
f 1 3 183
f 1 183 4
f 184 5 6
f 184 6 56
f 184 7 5
f 171 172 3
f 171 3 185
f 191 192 193
f 194 195 196
f 197 198 199
f 197 199 200
f 175 176 202
f 203 189 204
f 205 172 171
f 205 171 206
f 205 206 169
f 205 169 170
f 170 56 207
f 170 207 183
f 185 11 45
f 171 179 173
f 209 191 210
f 209 210 187
f 211 51 64
f 211 64 7
f 211 7 184
f 201 170 177
f 203 200 212
f 173 179 213
f 180 185 45
f 205 183 3
f 205 3 172
f 205 170 183
f 184 56 170
f 184 170 201
f 3 11 185
f 175 202 76
f 175 76 75
f 175 75 51
f 175 51 211
f 175 211 177
f 56 4 183
f 56 183 207
f 171 180 178
f 171 178 179
f 171 185 180
f 211 184 201
f 211 201 177
f 216 189 203
f 208 206 192
f 208 190 189
f 208 189 206
f 187 210 191
f 187 191 193
f 217 216 203
f 217 203 212
f 217 212 200
f 217 200 199
f 217 199 216
f 190 204 189
f 209 192 191
f 218 196 195
f 218 188 196
f 196 188 219
f 196 219 194
f 219 182 174
f 174 182 181
f 174 181 220
f 174 220 168
f 168 220 181
f 168 181 214
f 168 214 186
f 79 168 186
f 79 186 80
f 198 195 194
f 198 194 221
f 222 198 221
f 222 221 194
f 222 174 175
f 174 168 176
f 174 176 175
f 168 202 176
f 77 76 202
f 77 202 168
f 77 168 79
f 223 169 189
f 223 189 170
f 223 170 169
f 193 171 173
f 193 192 171
f 222 194 219
f 222 219 174
f 222 175 177
f 222 177 199
f 222 199 198
f 224 182 219
f 224 219 188
f 216 170 189
f 216 225 170
f 206 171 192
f 206 189 169
f 215 187 193
f 215 193 173
f 226 170 225
f 226 225 216
f 226 216 199
f 226 199 177
f 226 177 170
f 45 126 180
f 235 238 237
f 239 179 180
f 239 240 179
f 86 243 242
f 86 244 243
f 86 87 244
f 232 245 242
f 160 186 246
f 160 80 186
f 253 254 255
f 256 231 229
f 259 232 243
f 259 243 229
f 259 229 230
f 260 229 244
f 245 126 91
f 240 232 233
f 262 248 251
f 148 128 263
f 148 264 88
f 148 263 237
f 148 237 264
f 266 258 250
f 213 179 240
f 213 240 233
f 213 233 267
f 126 245 239
f 126 239 180
f 243 232 242
f 243 244 229
f 88 260 138
f 88 256 229
f 88 229 260
f 88 257 256
f 242 245 91
f 242 91 86
f 214 241 246
f 214 181 241
f 214 246 186
f 235 158 236
f 235 263 128
f 235 128 158
f 235 237 263
f 138 244 87
f 138 260 244
f 232 240 239
f 232 239 245
f 264 257 88
f 264 265 257
f 264 237 265
f 268 188 249
f 267 247 187
f 250 269 270
f 261 251 271
f 261 271 250
f 247 251 248
f 266 250 270
f 266 270 253
f 261 250 258
f 274 253 255
f 274 266 253
f 252 268 249
f 275 252 234
f 275 268 252
f 275 181 268
f 241 275 234
f 241 234 228
f 241 181 275
f 276 241 228
f 276 228 227
f 276 246 241
f 162 276 227
f 162 227 159
f 162 160 246
f 162 246 276
f 277 255 252
f 277 252 273
f 277 274 255
f 255 254 252
f 254 238 234
f 228 238 235
f 228 234 238
f 228 235 236
f 227 228 236
f 165 236 158
f 165 159 227
f 165 227 236
f 230 231 250
f 230 229 231
f 233 232 251
f 254 234 252
f 254 265 237
f 254 253 265
f 254 237 238
f 278 268 181
f 278 224 188
f 278 188 268
f 278 181 182
f 278 182 224
f 231 269 250
f 231 270 269
f 231 256 257
f 231 257 270
f 271 232 259
f 271 251 232
f 271 230 250
f 271 259 230
f 267 233 251
f 267 251 247
f 265 270 257
f 265 253 270
f 247 248 187
f 213 267 173
f 267 215 173
f 267 187 215
f 248 272 209
f 248 209 187
f 286 287 288
f 286 289 290
f 297 288 287
f 301 303 304
f 301 304 302
f 303 305 306
f 303 306 304
f 308 290 289
f 313 314 279
f 302 304 299
f 302 299 298
f 283 312 320
f 305 321 322
f 324 197 312
f 313 325 315
f 307 295 326
f 307 326 327
f 294 295 307
f 314 316 279
f 208 192 330
f 340 339 341
f 328 337 336
f 328 336 335
f 342 344 337
f 294 335 334
f 294 334 333
f 350 279 280
f 350 280 351
f 350 352 353
f 350 353 279
f 353 313 279
f 353 325 313
f 354 294 307
f 354 307 352
f 354 352 350
f 354 350 351
f 354 351 296
f 354 296 294
f 203 312 200
f 315 320 312
f 307 327 322
f 307 322 321
f 190 208 204
f 209 356 330
f 209 330 192
f 197 200 312
f 197 324 198
f 358 203 204
f 358 204 314
f 358 315 203
f 208 330 318
f 209 293 292
f 209 292 319
f 315 312 203
f 360 283 282
f 360 282 311
f 360 324 283
f 353 315 325
f 353 352 361
f 353 361 320
f 353 320 315
f 362 283 320
f 362 320 361
f 363 282 283
f 363 283 362
f 363 362 364
f 363 364 282
f 364 281 282
f 323 281 364
f 323 364 365
f 323 365 366
f 323 366 284
f 307 321 367
f 305 367 321
f 303 368 305
f 301 368 303
f 301 302 369
f 301 369 368
f 302 368 369
f 302 298 370
f 302 370 368
f 298 371 370
f 372 292 291
f 310 311 282
f 310 282 281
f 359 310 281
f 359 281 323
f 359 323 284
f 359 284 357
f 285 357 284
f 345 343 288
f 345 288 297
f 374 362 361
f 374 367 305
f 374 305 375
f 374 375 362
f 375 305 368
f 375 364 362
f 376 365 364
f 376 364 375
f 376 375 368
f 376 368 370
f 374 361 352
f 374 352 307
f 374 307 367
f 286 288 377
f 286 377 378
f 286 378 289
f 288 379 380
f 288 380 377
f 342 329 381
f 342 379 288
f 291 292 293
f 310 218 195
f 314 204 208
f 314 208 316
f 356 317 318
f 356 318 330
f 356 209 319
f 356 319 317
f 324 312 283
f 358 314 313
f 358 313 315
f 359 357 188
f 359 188 218
f 359 218 310
f 360 311 310
f 360 310 195
f 360 195 198
f 360 198 324
f 345 297 382
f 339 340 383
f 345 344 343
f 344 342 343
f 342 337 329
f 337 328 329
f 328 335 296
f 335 294 296
f 294 333 295
f 333 326 295
f 326 332 327
f 332 355 322
f 332 322 327
f 355 373 305
f 355 305 322
f 373 306 305
f 306 346 304
f 347 348 304
f 348 299 304
f 348 349 298
f 348 298 299
f 349 300 298
f 345 382 340
f 345 340 341
f 345 341 339
f 345 339 344
f 344 339 338
f 344 338 337
f 326 333 331
f 326 331 332
f 373 355 332
f 347 304 384
f 347 384 348
f 391 285 284
f 286 393 287
f 297 287 393
f 300 399 398
f 403 396 404
f 308 394 286
f 308 309 405
f 406 407 390
f 385 409 386
f 398 399 400
f 415 402 416
f 417 392 391
f 419 386 408
f 403 420 396
f 403 421 420
f 385 387 410
f 261 425 251
f 423 430 435
f 423 436 430
f 437 432 438
f 437 435 432
f 439 438 432
f 439 432 382
f 396 428 436
f 396 440 428
f 262 444 248
f 385 386 445
f 445 386 419
f 446 404 396
f 446 385 445
f 446 445 404
f 446 447 385
f 446 396 397
f 446 397 447
f 266 422 258
f 408 406 414
f 415 448 421
f 415 421 403
f 272 248 444
f 261 258 450
f 262 251 425
f 274 418 266
f 451 249 188
f 451 188 357
f 452 409 258
f 452 258 422
f 261 412 425
f 261 453 412
f 261 410 453
f 444 413 395
f 444 262 413
f 418 422 266
f 407 389 388
f 407 388 390
f 277 407 274
f 455 445 419
f 455 419 408
f 455 456 445
f 455 414 456
f 455 408 414
f 457 414 406
f 457 456 414
f 457 406 390
f 458 390 388
f 458 388 389
f 458 389 459
f 460 459 389
f 460 389 417
f 460 417 391
f 460 366 365
f 460 391 284
f 460 284 366
f 415 403 404
f 415 404 461
f 415 461 462
f 415 462 402
f 401 402 462
f 401 463 400
f 401 462 464
f 401 464 463
f 400 463 464
f 398 400 464
f 398 464 465
f 398 465 466
f 300 466 465
f 300 398 466
f 300 371 298
f 300 465 370
f 300 370 371
f 467 405 309
f 454 417 389
f 454 392 417
f 454 451 392
f 392 285 391
f 392 357 285
f 382 393 438
f 382 438 439
f 382 297 393
f 437 438 393
f 461 456 457
f 461 457 390
f 468 461 390
f 468 390 458
f 468 462 461
f 468 464 462
f 468 458 459
f 465 468 459
f 465 459 460
f 465 464 468
f 469 465 460
f 469 376 370
f 469 370 465
f 469 460 365
f 469 365 376
f 456 404 445
f 456 461 404
f 286 470 393
f 393 471 472
f 393 470 471
f 437 473 424
f 437 393 472
f 395 272 444
f 389 474 273
f 385 450 258
f 385 258 409
f 385 261 450
f 385 410 261
f 262 412 411
f 262 425 412
f 262 411 413
f 274 406 418
f 274 407 406
f 451 357 392
f 452 408 386
f 452 386 409
f 452 422 408
f 418 408 422
f 418 406 408
f 454 252 249
f 454 249 451
f 454 273 252
f 454 389 273
f 407 474 389
f 407 277 273
f 407 273 474
f 395 291 293
f 308 286 290
f 272 293 209
f 395 467 372
f 395 372 291
f 467 309 372
f 272 395 293
f 383 340 434
f 437 424 435
f 435 424 423
f 423 397 436
f 436 397 396
f 440 396 420
f 421 448 449
f 449 448 415
f 449 415 416
f 402 401 441
f 441 401 400
f 441 400 442
f 442 400 399
f 442 399 443
f 443 399 300
f 443 300 349
f 382 434 340
f 382 432 433
f 382 433 434
f 432 435 431
f 430 431 435
f 430 436 429
f 428 429 436
f 428 440 427
f 420 427 440
f 420 421 426
f 449 426 421
f 441 442 475
f 442 443 476
f 442 476 475
f 349 476 443
f 2574 475 476
f 433 561 434
f 2574 476 349
f 2574 535 2575
f 2574 349 535
f 2576 2574 2575
f 2576 475 2574
f 441 2577 402
f 420 2578 427
f 427 2578 2579
f 2579 2578 420
f 2579 420 426
f 2580 2581 2582
f 2584 2587 2586
f 536 2592 2591
f 536 2591 2593
f 536 2593 537
f 538 2597 539
f 2598 2581 2580
f 2598 2582 2581
f 2598 2599 2582
f 2598 2580 2600
f 2601 2603 2602
f 2601 2605 2604
f 2601 2604 2603
f 2601 2606 2605
f 2605 2608 2604
f 2605 2606 2609
f 2609 2608 2605
f 543 2610 560
f 2636 2638 2637
f 2636 2637 2640
f 2641 2896 2583
f 2643 2587 2644
f 2647 2596 2594
f 2647 2595 2597
f 2647 2594 2595
f 2603 1256 2602
f 2603 1182 1256
f 2603 2604 2651
f 2652 2604 2608
f 2584 2585 2644
f 2584 2644 2587
f 2653 2655 2654
f 2614 2658 2585
f 2614 2615 2658
f 2659 2660 2623
f 2659 2623 2622
f 2659 2661 2660
f 2659 2662 2661
f 2659 2624 2663
f 2659 2622 2624
f 2664 2666 2665
f 2664 2630 2631
f 2658 2670 2741
f 2658 2741 2671
f 547 2676 2675
f 547 546 2676
f 2677 2583 2670
f 2682 2683 2673
f 2685 2686 549
f 2685 549 548
f 2685 2687 2583
f 2685 2583 2686
f 2685 2667 2687
f 2658 2644 2585
f 550 2691 551
f 550 2692 2691
f 550 2690 2692
f 2693 2711 2694
f 2698 553 552
f 2700 2580 2693
f 2700 2701 2580
f 2706 2703 2704
f 2708 2709 2650
f 2711 2693 2580
f 2711 2580 2582
f 2711 2582 2694
f 2697 2695 2590
f 537 2698 552
f 537 2593 2698
f 2712 2703 2606
f 2609 2703 2706
f 2609 2606 2703
f 2609 2706 2707
f 2708 2713 554
f 2708 2650 2713
f 555 2686 2896
f 555 2896 2641
f 555 549 2686
f 555 2641 2642
f 555 2642 554
f 2667 563 2643
f 565 564 2646
f 2647 538 2596
f 2647 2597 538
f 2648 556 545
f 2713 557 554
f 2714 2607 1182
f 2714 1182 2603
f 2714 541 2607
f 2714 2603 2651
f 2714 2651 541
f 2652 541 2651
f 2652 2651 2604
f 2652 542 541
f 2652 543 542
f 2610 543 2652
f 2668 2644 2671
f 2655 2669 544
f 2654 2655 544
f 2694 2582 2650
f 2694 2650 2709
f 2596 2717 2716
f 2582 2599 2650
f 2675 558 547
f 2658 2677 2670
f 2658 2678 2677
f 2720 2673 2683
f 2672 2674 2675
f 2672 2675 2676
f 2617 2721 2693
f 2722 1237 2625
f 2722 2627 1241
f 2722 2625 2627
f 2723 2639 2724
f 2709 2642 2694
f 2583 2616 2617
f 2583 2617 2725
f 2583 2725 2642
f 2583 2642 2641
f 2596 2636 2594
f 2596 2716 2636
f 538 2717 2596
f 538 559 2717
f 2708 554 2642
f 2708 2642 2709
f 2716 2710 2696
f 2725 2617 2693
f 2725 2694 2642
f 559 553 2698
f 559 2698 2699
f 2716 559 2699
f 2716 2717 559
f 2716 2699 2710
f 2700 2693 2721
f 2700 2721 2702
f 2726 1243 1241
f 2726 2705 1244
f 2726 1244 1243
f 2726 1241 2705
f 2707 2704 2639
f 2707 2639 2723
f 2707 2706 2704
f 2707 2723 2728
f 2696 2710 2699
f 2729 2608 2609
f 2729 2609 2589
f 560 2592 536
f 2730 2732 2731
f 2636 2716 2639
f 2636 2640 2594
f 2594 2640 2737
f 2594 2682 2595
f 2594 2737 2684
f 2594 2684 2682
f 2738 2590 2707
f 2738 2697 2590
f 2738 2707 2697
f 2589 2590 2588
f 2589 2609 2707
f 2589 2707 2590
f 2740 2723 2724
f 2740 2696 2695
f 2740 2716 2696
f 2740 2724 2639
f 2740 2639 2716
f 2697 2707 2728
f 2697 2740 2695
f 2697 2728 2723
f 2697 2723 2740
f 546 539 2597
f 2595 2672 2676
f 2595 2673 2672
f 2677 2616 2583
f 2677 2678 2618
f 2677 2618 2616
f 2640 2637 2638
f 2640 2684 2737
f 2743 546 2597
f 2743 2676 546
f 2743 2595 2676
f 2743 2597 2595
f 2741 2668 2671
f 2741 2687 2668
f 2682 2673 2595
f 2744 2745 2635
f 2746 2689 2674
f 2746 2674 2747
f 2746 2749 2748
f 2753 2756 2755
f 2753 2754 2764
f 2767 2769 2768
f 2770 2761 2771
f 2770 2771 2752
f 2775 2763 2776
f 2775 2777 2770
f 2778 2764 2779
f 2772 2761 2770
f 2772 2768 2769
f 2784 2758 2757
f 2744 2786 2745
f 2762 2754 2787
f 2788 2789 2751
f 2788 2744 2656
f 2790 2791 2787
f 2788 2653 2657
f 2788 2657 2789
f 2788 2656 2653
f 2750 2788 2751
f 2750 2744 2788
f 2750 2752 2744
f 2753 2790 2787
f 2753 2787 2754
f 2753 2755 2790
f 2793 2794 2749
f 2784 2765 2758
f 2784 2766 2765
f 2767 2766 2785
f 2767 2785 2772
f 2767 2772 2769
f 2761 2795 2786
f 2761 2786 2744
f 2761 2752 2760
f 2761 2744 2752
f 2772 2795 2761
f 2772 2786 2795
f 2760 2771 2761
f 2760 2752 2771
f 2762 2764 2754
f 2762 2773 2764
f 2762 2774 2773
f 2750 2751 2763
f 2688 2654 2689
f 2688 2653 2654
f 2688 2657 2653
f 551 2654 544
f 551 2691 2654
f 2692 2689 2654
f 2692 2654 2691
f 2796 2755 2756
f 2780 2796 2756
f 2780 2763 2796
f 2797 2787 2791
f 2797 2751 2789
f 2797 2791 2790
f 2797 2657 2688
f 2797 2688 2787
f 2797 2789 2657
f 2796 2797 2790
f 2796 2790 2755
f 2796 2751 2797
f 2796 2763 2751
f 2715 2674 2689
f 2715 2675 2674
f 2798 2688 2689
f 550 558 2675
f 550 2675 2715
f 550 2715 2690
f 2690 2689 2692
f 2690 2715 2689
f 2798 2689 2746
f 2798 2762 2787
f 2798 2787 2688
f 2798 2746 2748
f 2798 2748 2762
f 2801 2774 2802
f 2749 2762 2748
f 2799 2749 2794
f 2799 2794 2800
f 2799 2762 2749
f 2799 2774 2762
f 2792 2759 2793
f 2792 2757 2759
f 2759 2803 2793
f 2804 2803 2759
f 2804 2793 2803
f 2664 2784 2805
f 2664 2805 2666
f 2772 2807 2768
f 2765 2809 2758
f 2765 2810 2809
f 2765 2766 2810
f 2767 2810 2766
f 2767 2768 2810
f 2777 2811 2772
f 2781 2812 2779
f 2776 2778 2813
f 2801 2802 2781
f 2779 2813 2778
f 2807 2810 2768
f 2807 2772 2810
f 2808 2758 2804
f 2814 2782 2783
f 2814 2783 2804
f 2781 2802 2815
f 2816 2624 2622
f 2614 2585 2818
f 2614 2613 2615
f 2614 2818 2613
f 2623 2819 2622
f 2816 2622 2819
f 2816 2819 2628
f 2643 2586 2587
f 2643 2820 2586
f 563 566 2820
f 563 2820 2643
f 2649 535 556
f 2649 2575 535
f 2649 556 2648
f 2720 2672 2673
f 2720 2674 2672
f 2821 2806 2792
f 2821 2749 2746
f 2821 2793 2749
f 2821 2792 2793
f 2800 2793 2822
f 2823 2822 2793
f 2823 2793 2824
f 2823 2800 2822
f 2823 2825 2802
f 2823 2802 2800
f 2823 2824 2782
f 2823 2782 2825
f 2814 2802 2782
f 2814 2815 2802
f 1241 1238 2722
f 2722 1238 1237
f 2598 2831 2599
f 2835 2650 2599
f 2835 1186 2650
f 2835 2599 2831
f 2615 2839 2658
f 2615 2660 2661
f 2615 2661 2839
f 2615 2623 2660
f 2834 2701 2700
f 2834 2700 2702
f 2830 2600 2580
f 2830 2580 2701
f 2713 2650 1186
f 2713 1186 2826
f 2840 2678 2658
f 2840 2661 2841
f 2840 2839 2661
f 2840 2658 2839
f 2833 2721 2617
f 2833 2616 2836
f 2833 2617 2616
f 2832 2721 2833
f 2832 2702 2721
f 2829 2618 2678
f 2829 2678 2840
f 2615 2842 2623
f 2615 2613 2842
f 432 431 430
f 2649 2843 2575
f 2844 2634 2733
f 2844 2633 2634
f 2845 441 475
f 2845 2633 2577
f 2845 2577 441
f 2845 2634 2633
f 2732 2649 2846
f 2732 2847 2843
f 2732 2843 2649
f 2849 567 561
f 2849 561 433
f 432 2849 433
f 2849 432 2645
f 2645 432 430
f 2645 2850 2584
f 2850 2817 2584
f 566 565 2851
f 566 2851 2820
f 2851 565 2646
f 2645 2820 2851
f 2645 2851 2646
f 2820 2584 2586
f 2820 2645 2584
f 2584 2612 2585
f 2584 2817 2612
f 2611 2818 2585
f 2611 2585 2612
f 2611 2613 2818
f 2620 2579 426
f 564 567 2849
f 564 2849 2646
f 2849 2645 2646
f 430 2817 2850
f 430 2850 2645
f 2612 2817 430
f 2612 430 429
f 428 2852 2612
f 428 2612 429
f 2612 2852 2611
f 2611 2852 2613
f 2613 2852 428
f 2613 428 427
f 2579 2838 2613
f 2579 2613 427
f 2838 2579 2620
f 2619 2620 426
f 2619 449 2621
f 2619 426 449
f 2853 449 416
f 2853 416 402
f 2853 402 2577
f 2842 2613 2838
f 2842 2838 2620
f 2842 2620 2623
f 2777 2772 2770
f 2781 2779 2764
f 2781 2764 2773
f 2781 2773 2774
f 2781 2774 2801
f 2855 2763 2775
f 2855 2750 2763
f 2855 2770 2752
f 2855 2752 2750
f 2855 2775 2770
f 2778 2753 2764
f 2778 2780 2756
f 2778 2756 2753
f 2808 2757 2758
f 2808 2804 2759
f 2808 2759 2757
f 2824 2804 2783
f 2824 2783 2782
f 2824 2793 2804
f 2763 2780 2778
f 2763 2778 2776
f 2800 2802 2774
f 2800 2774 2799
f 2825 2782 2802
f 2632 2664 2631
f 2632 2631 2630
f 2632 2784 2664
f 2632 2635 2745
f 2757 2792 2806
f 2757 2806 2805
f 2784 2757 2805
f 2856 2766 2784
f 2856 2784 2632
f 2856 2785 2766
f 2856 2632 2772
f 2856 2772 2785
f 2632 2786 2772
f 2632 2745 2786
f 2800 2794 2793
f 2666 2805 2806
f 2666 2806 2720
f 2720 2747 2674
f 2720 2821 2746
f 2720 2746 2747
f 2720 2806 2821
f 2679 2854 2680
f 2718 2680 2854
f 2590 2696 2699
f 2590 2695 2696
f 2590 2699 2857
f 2593 2857 2699
f 2593 2699 2698
f 2860 2591 2859
f 2860 2861 2590
f 2860 2862 2861
f 2862 2863 2589
f 2863 2865 2864
f 2866 2864 2865
f 2867 2868 2592
f 2704 2727 2627
f 2881 2704 2627
f 2881 2636 2639
f 2881 2639 2704
f 2881 2638 2636
f 2881 2640 2638
f 2720 2683 2682
f 2883 2882 2666
f 2883 2666 2720
f 2883 2720 2882
f 2829 2840 2828
f 2840 2841 2885
f 2840 2885 2884
f 2661 2885 2841
f 2829 2828 2827
f 2893 2828 2884
f 2679 2885 2854
f 2679 2884 2885
f 2705 2704 2703
f 2705 2727 2704
f 2627 2705 1241
f 2627 2727 2705
f 2881 2627 2625
f 2881 2625 2626
f 2881 2626 2640
f 2618 2836 2616
f 2718 2885 2661
f 2718 2854 2885
f 2718 2661 2662
f 2662 2659 2663
f 2663 2719 2718
f 2662 2663 2718
f 2703 1247 1244
f 2703 1244 2705
f 2703 2837 1247
f 1250 2712 2606
f 1250 2703 2712
f 1250 2837 2703
f 2601 1250 2606
f 2601 2602 1250
f 2681 2640 2626
f 2681 2626 2742
f 2681 2684 2640
f 2886 2681 2679
f 2886 2682 2684
f 2886 2684 2681
f 2886 2679 2680
f 2886 2680 2682
f 2887 2682 2680
f 2887 2680 2718
f 2887 2720 2682
f 2887 2719 2882
f 2887 2882 2720
f 2887 2718 2719
f 2591 2592 2859
f 2860 2590 2857
f 2860 2857 2593
f 2860 2593 2591
f 2588 2862 2589
f 2588 2590 2861
f 2588 2861 2862
f 2864 2608 2729
f 2864 2589 2863
f 2864 2729 2589
f 2652 2864 2866
f 2652 2608 2864
f 2867 2592 560
f 2867 560 2610
f 2867 2652 2866
f 2867 2610 2652
f 2869 2871 2859
f 2869 2859 2592
f 2869 2592 2870
f 2872 2860 2859
f 2872 2859 2871
f 2872 2862 2860
f 2875 2863 2862
f 2876 2865 2863
f 2877 2866 2865
f 2877 2868 2867
f 2877 2867 2866
f 2868 2870 2592
f 2846 2731 2732
f 2846 2649 2731
f 2845 2576 2575
f 2845 475 2576
f 2666 2719 2663
f 2666 2882 2719
f 2666 2663 2665
f 2664 2663 2624
f 2664 2665 2663
f 2664 2624 2630
f 2816 2630 2624
f 2888 2632 2630
f 2888 2635 2632
f 2888 2628 2629
f 2577 2633 2853
f 2888 2816 2628
f 2888 2630 2816
f 449 2853 2621
f 2628 2621 2853
f 2628 2853 2633
f 2628 2633 2629
f 2844 2629 2633
f 2844 2888 2629
f 2844 2635 2888
f 2744 2844 2733
f 2744 2733 2730
f 2744 2635 2844
f 2744 2730 2731
f 2744 2731 2656
f 2731 2653 2656
f 2731 2655 2653
f 2731 2649 2655
f 2648 2655 2649
f 2648 2669 2655
f 2648 544 2669
f 2648 545 544
f 2623 2620 2619
f 2623 2619 2621
f 2623 2621 2819
f 2628 2819 2621
f 2607 541 540
f 2667 548 562
f 2667 2685 548
f 563 2667 562
f 540 477 2607
f 2713 2826 557
f 2809 2804 2758
f 2809 2814 2804
f 2809 2815 2814
f 2809 2812 2781
f 2809 2781 2815
f 2809 2779 2812
f 2809 2813 2779
f 2809 2776 2813
f 2809 2777 2775
f 2809 2775 2776
f 2809 2772 2811
f 2809 2811 2777
f 2809 2810 2772
f 2891 2890 2889
f 2828 2893 2892
f 2681 2742 2573
f 2828 2892 1214
f 2889 2681 2573
f 2681 2889 2679
f 2679 2889 2890
f 2679 2890 2891
f 2893 2891 2889
f 2893 2889 2892
f 2893 2679 2891
f 2679 2893 2884
f 2840 2884 2828
f 2826 478 557
f 1188 2835 2831
f 1191 1188 2831
f 1191 2831 2598
f 2894 1191 2598
f 2894 2598 2600
f 2830 2894 2600
f 2895 2830 2701
f 2834 2895 2701
f 1208 2833 2836
f 1210 1208 2836
f 1210 2836 2618
f 2572 1210 2618
f 2572 2618 2829
f 1214 2572 2829
f 1214 2829 2827
f 1214 2827 2828
f 2671 2644 2658
f 2694 2725 2693
f 2686 2583 2896
f 2583 2741 2670
f 2741 2583 2687
f 2667 2668 2687
f 2644 2668 2643
f 2667 2643 2668
f 335 4878 334
f 4878 333 334
f 339 434 561
f 339 383 434
f 4876 349 348
f 4876 4877 535
f 4876 535 349
f 4879 384 304
f 4879 304 4880
f 4879 4877 4876
f 4879 4876 348
f 4879 348 384
f 346 306 4881
f 346 4880 304
f 331 333 4882
f 333 4883 4882
f 4883 332 331
f 4883 331 4882
f 337 4884 336
f 4884 335 336
f 4885 4887 4888
f 4885 4888 4886
f 4889 555 4890
f 4891 4892 4893
f 536 537 4898
f 538 539 4901
f 4902 4885 4886
f 4902 4886 4888
f 4902 4888 4903
f 4904 3579 4905
f 4904 4905 4906
f 540 4905 4907
f 540 4907 4908
f 540 541 4905
f 4909 4906 4905
f 4909 4905 4910
f 4909 4911 4906
f 542 543 4912
f 543 4913 4912
f 4914 4915 4916
f 4914 4916 4917
f 4931 4924 4932
f 4936 4881 4937
f 4939 4940 4941
f 4939 4943 4940
f 4945 4946 4891
f 4900 4899 4901
f 4953 4903 4888
f 4905 3579 4955
f 4905 4955 4956
f 4910 4905 4957
f 4918 4891 4946
f 4918 4963 4919
f 4964 4925 4926
f 4964 4966 4925
f 4967 4968 4969
f 562 4970 4945
f 4972 4946 5046
f 4972 5046 4889
f 547 4976 4977
f 547 4977 546
f 4978 4972 4889
f 4983 4974 4984
f 4986 548 549
f 4986 549 4889
f 4986 4970 562
f 4972 4918 4946
f 4987 4988 4959
f 4987 4959 4989
f 550 551 4990
f 4992 4993 5010
f 4998 4992 4885
f 4998 4885 4999
f 5001 5002 5003
f 5007 4954 5008
f 5010 4885 4992
f 5010 4993 4887
f 5010 4887 4885
f 4996 4896 4994
f 537 552 553
f 537 553 4997
f 537 4997 4898
f 4911 5002 4906
f 4911 5005 5002
f 5007 554 5011
f 5007 5011 4954
f 555 4889 549
f 555 554 4944
f 563 562 4945
f 565 4949 5012
f 4900 4901 539
f 4900 539 4950
f 4951 545 556
f 5011 554 557
f 4905 4956 4907
f 4905 541 4957
f 542 4910 4957
f 542 4957 541
f 542 4912 4958
f 542 4958 4910
f 4970 4946 4945
f 5013 544 4971
f 5014 4991 4988
f 5013 5015 544
f 5013 4960 4988
f 5013 4988 4990
f 5013 4990 5015
f 4993 5008 4954
f 4993 4954 4887
f 5016 4901 4899
f 5016 5017 5018
f 4887 4954 4953
f 4887 4953 4888
f 5019 5014 5020
f 547 5021 4976
f 4976 5021 5014
f 4963 4918 4972
f 4963 4972 4978
f 4963 4978 4979
f 4963 4979 4919
f 5024 4984 4974
f 4973 4974 4977
f 4973 4977 4976
f 4973 4976 4975
f 4921 4992 5026
f 5027 5028 5001
f 5027 5001 4930
f 5029 5030 4942
f 5008 4993 4944
f 4890 4921 4920
f 4890 555 4944
f 4890 4944 4921
f 5016 4899 5017
f 538 5018 559
f 5016 5018 538
f 5016 538 4901
f 5007 5008 4944
f 5007 4944 554
f 5031 4995 5009
f 5031 5018 5017
f 4921 4944 4993
f 4995 5031 5017
f 559 4997 553
f 5031 4997 559
f 5031 559 5018
f 5031 5009 4997
f 4998 5000 5026
f 4998 5026 4992
f 5032 5001 5028
f 5032 5028 3565
f 5032 3565 3567
f 5032 3567 5004
f 5032 5004 5001
f 5033 5003 5002
f 5033 5002 5005
f 5006 5029 4942
f 5006 4942 5033
f 5006 5033 5005
f 4995 4997 5009
f 5034 4909 4910
f 5034 4895 4911
f 5034 4911 4909
f 560 536 4897
f 560 4913 543
f 5035 5036 5037
f 4939 4942 5017
f 4939 5017 4899
f 4939 4899 4943
f 4899 5042 4943
f 4899 4900 4983
f 4899 4983 4985
f 4899 4985 5042
f 5006 4896 4996
f 4895 5005 4911
f 4895 4894 4896
f 4895 4896 5006
f 4895 5006 5005
f 5044 5030 5029
f 5044 4994 4995
f 5044 4995 5017
f 5044 5017 4942
f 5044 4942 5030
f 5045 5006 4996
f 5045 4996 4994
f 5045 4994 5044
f 5045 5044 5029
f 5045 5029 5006
f 4900 4977 4974
f 4978 4889 4890
f 4978 4890 4920
f 4978 4920 4979
f 4943 4941 4940
f 4943 5042 4985
f 4950 539 546
f 4950 546 4977
f 4950 4977 4900
f 4986 4889 5046
f 4986 5046 4946
f 4986 4946 4970
f 4983 4900 4974
f 5047 4938 5048
f 5047 5049 4961
f 5047 5048 5050
f 5047 5050 5049
f 5020 5051 4975
f 5020 4975 5019
f 5055 5057 5058
f 5053 5065 5054
f 5055 5066 5056
f 5069 5070 5071
f 5072 5073 5063
f 5072 5053 5073
f 5079 5080 5066
f 5074 5072 5063
f 5074 5071 5070
f 5082 5083 5072
f 5087 5059 5060
f 5050 5048 5089
f 5056 5064 5052
f 5049 5091 4962
f 5092 5090 4989
f 5092 4989 5093
f 5049 4962 4959
f 5049 4959 4961
f 5053 5054 5091
f 5053 5091 5049
f 5053 5049 5050
f 5055 5056 5090
f 5055 5090 5092
f 5055 5092 5057
f 5095 5020 5096
f 5087 5060 5067
f 5087 5067 5068
f 5087 5068 5088
f 5069 5088 5068
f 5063 5050 5089
f 5063 5089 5097
f 5063 5062 5053
f 5063 5053 5050
f 5074 5063 5097
f 5074 5097 5089
f 5062 5063 5073
f 5062 5073 5053
f 5056 5066 5075
f 5056 5075 5076
f 5056 5076 5064
f 4959 4988 4960
f 4959 4962 4989
f 5015 4990 551
f 5015 551 544
f 4988 4991 550
f 4988 550 4990
f 5098 5058 5057
f 5098 5054 5065
f 5099 5081 5058
f 5099 5058 5098
f 5099 5098 5065
f 5099 5065 5078
f 4962 5093 4989
f 4962 5092 5093
f 5098 5057 5092
f 5098 5092 4962
f 5098 4962 5091
f 5098 5091 5054
f 5019 4975 4976
f 5019 4976 5014
f 4988 4987 4989
f 4988 4989 5100
f 4988 5100 5020
f 4988 5020 5014
f 550 547 558
f 550 5021 547
f 550 5014 5021
f 550 4991 5014
f 5100 4989 5090
f 5100 5090 5056
f 5100 5056 5052
f 5100 5052 5020
f 5052 5096 5020
f 5101 5102 5096
f 5101 5096 5052
f 5101 5052 5064
f 5101 5064 5076
f 5094 5095 5061
f 5094 5061 5059
f 5061 5095 5104
f 5105 5061 5104
f 5105 5104 5095
f 4967 5106 4934
f 4967 4969 5107
f 4967 5107 5106
f 5077 5083 5078
f 5077 5072 5083
f 5079 5081 5080
f 5067 5060 5110
f 5067 5110 5068
f 5069 5068 5070
f 5082 5111 5083
f 5080 5112 5084
f 5078 5113 5081
f 5076 5084 5103
f 5083 5111 5078
f 5080 5081 5113
f 5074 5070 5068
f 5074 5068 5115
f 5109 5105 5060
f 5114 5105 5086
f 5114 5086 5085
f 5084 5116 5103
f 5117 5118 4927
f 5117 4927 4925
f 4966 5117 4925
f 4918 4916 4892
f 4918 4892 4891
f 4918 4919 4916
f 4925 5120 4926
f 4925 4927 4932
f 4925 4932 5120
f 4927 5118 4931
f 4927 4931 4932
f 4945 4893 5121
f 4945 4891 4893
f 4877 4952 4951
f 5121 563 4945
f 5122 556 535
f 5122 535 4877
f 5122 4877 4951
f 5122 4951 556
f 5024 4974 4973
f 5024 4973 4975
f 5024 4975 5025
f 5123 5094 5108
f 5123 5020 5095
f 5123 5095 5094
f 5102 5124 5095
f 5124 5125 5095
f 5124 5102 5103
f 5124 5103 5126
f 5124 5126 5085
f 5124 5085 5125
f 5114 5085 5103
f 5114 5103 5116
f 4929 4982 3556
f 4982 5138 5189
f 4982 5189 3556
f 4908 4907 3500
f 4953 4954 3511
f 4919 5142 4964
f 4919 4964 4926
f 5134 4998 4999
f 5134 5000 4998
f 5131 4999 4885
f 5011 5127 3511
f 5011 3511 4954
f 5143 5144 4964
f 5143 4964 5142
f 5143 5142 4919
f 5143 4919 4979
f 5137 4921 5026
f 5137 5026 5133
f 5137 5136 4920
f 5137 4920 4921
f 5132 5133 5026
f 5132 5026 5000
f 5141 4979 4920
f 4919 4926 5120
f 4919 5120 5145
f 4919 5145 4916
f 339 5146 338
f 5146 337 338
f 5147 4952 4877
f 4936 4937 5038
f 5148 5149 4880
f 5148 4880 346
f 5148 346 4881
f 5148 4881 4936
f 5037 4952 5147
f 5037 5147 5150
f 567 5152 339
f 339 561 567
f 339 5152 5153
f 339 5153 5146
f 5153 337 5146
f 4949 564 5012
f 4947 5119 5154
f 5119 4915 5154
f 566 5121 4949
f 566 4949 565
f 4949 5121 4893
f 4949 4893 4947
f 4949 4947 4948
f 5119 4947 4893
f 5119 4893 4892
f 5119 4892 4915
f 4916 4915 4892
f 4923 332 4883
f 332 4923 5155
f 564 4949 5152
f 564 5152 567
f 5153 5152 4948
f 5152 4949 4948
f 4947 337 5153
f 4947 5153 4948
f 4884 337 4947
f 4884 4947 5154
f 5154 4915 335
f 335 4884 5154
f 335 4915 4914
f 335 4914 4878
f 4914 4917 333
f 4914 333 4878
f 4883 333 5140
f 5140 333 4917
f 5140 4923 4883
f 4922 5155 4923
f 4922 4924 332
f 4922 332 5155
f 5156 373 332
f 5156 4881 306
f 5156 306 373
f 5140 4917 4916
f 5140 4916 5145
f 5140 5145 5120
f 5140 5120 4923
f 4922 4923 4932
f 4922 4932 4924
f 5082 5072 5074
f 5080 5075 5066
f 5080 5084 5076
f 5080 5076 5075
f 5077 5078 5065
f 5077 5065 5053
f 5077 5053 5072
f 5079 5066 5055
f 5079 5055 5058
f 5079 5058 5081
f 5109 5060 5059
f 5109 5059 5061
f 5109 5061 5105
f 5125 5085 5086
f 5125 5086 5105
f 5125 5105 5095
f 5078 5081 5099
f 5159 5076 5103
f 5159 5103 5102
f 5159 5102 5101
f 5159 5101 5076
f 5126 5103 5085
f 4935 4933 4934
f 4935 4934 5106
f 5059 5107 5108
f 5059 5108 5094
f 5087 5106 5107
f 5087 5107 5059
f 5069 4935 5106
f 5069 5106 5087
f 5069 5087 5088
f 5069 5071 4935
f 4938 4935 5071
f 4938 5071 5089
f 4938 5089 5048
f 5102 5095 5096
f 4969 5025 5108
f 4969 5108 5107
f 5025 4975 5051
f 5025 5051 5020
f 5025 5020 5123
f 5025 5123 5108
f 5157 4980 4981
f 5157 4981 5158
f 4981 5022 5023
f 4896 4997 4995
f 4896 4995 4994
f 4896 5160 4997
f 4898 4997 5160
f 5163 4896 5164
f 5163 5164 5165
f 5165 4895 5166
f 5166 5167 5168
f 5169 5168 5167
f 4897 5171 5170
f 5033 5184 5003
f 4942 5184 5033
f 4942 4939 4941
f 4983 4984 4981
f 5024 4981 4984
f 5024 5025 4969
f 5130 5129 5185
f 5130 5185 4979
f 5130 4979 5141
f 5143 5186 5158
f 5143 5158 5144
f 5144 4965 4964
f 5128 5129 5130
f 5157 5158 5186
f 5001 5003 5187
f 4930 5001 5187
f 4930 5187 5003
f 4930 5003 5184
f 4942 4928 4930
f 4942 4930 5184
f 4942 4941 4929
f 4942 4929 4928
f 5136 5135 5130
f 5136 5130 5141
f 5136 5141 4920
f 4981 5144 5158
f 4981 5023 4965
f 4981 4965 5144
f 4964 4965 5023
f 4966 4964 5023
f 5001 5004 3567
f 5001 3567 3570
f 5001 3570 5139
f 3573 4906 5002
f 3573 5002 5001
f 3573 5001 5139
f 3573 4904 4906
f 3573 3579 4904
f 4982 4929 4941
f 4982 4941 4943
f 4982 4943 4985
f 5188 4980 4982
f 5188 4982 4985
f 5188 4985 4983
f 5188 4983 4981
f 5188 4981 4980
f 5022 4981 5024
f 5022 5024 4969
f 5022 4969 5023
f 5089 5071 5074
f 536 4898 5162
f 536 5162 4897
f 5163 4898 5160
f 5163 5160 4896
f 5163 5162 4898
f 4894 4895 5165
f 4894 5165 5164
f 4894 5164 4896
f 5034 4910 5167
f 5034 5167 5166
f 5034 5166 4895
f 5167 4910 4958
f 5170 4912 4913
f 5170 5169 5167
f 5170 5167 4958
f 5170 4958 4912
f 4897 5170 4913
f 4897 4913 560
f 5162 5172 4897
f 5175 5173 5162
f 5175 5162 5163
f 5175 5163 5165
f 5178 5165 5166
f 5179 5166 5168
f 5180 5168 5169
f 5180 5170 5171
f 5180 5169 5170
f 5171 4897 5172
f 5037 5036 4952
f 4879 4880 5149
f 4968 4966 5023
f 4968 5023 4969
f 4967 5117 4966
f 4967 4966 4968
f 4967 4934 5117
f 5117 4934 4933
f 5117 4933 5118
f 4933 4935 4938
f 5156 4937 4881
f 4933 4931 5118
f 5156 332 4924
f 4931 5156 4924
f 4931 4937 5156
f 4937 4931 4933
f 4937 4933 4938
f 5047 5035 5038
f 5047 5038 4937
f 5047 4937 4938
f 5047 4961 5036
f 5047 5036 5035
f 5036 4961 4959
f 5036 4959 4960
f 5036 4960 4952
f 4951 4952 4960
f 4951 4960 5013
f 4951 5013 4971
f 4951 4971 544
f 4951 544 545
f 5120 4932 4923
f 562 548 4986
f 564 565 5012
f 566 563 5121
f 540 4908 3500
f 540 3500 477
f 5011 557 5127
f 5110 5060 5105
f 5110 5105 5114
f 5110 5114 5116
f 5110 5116 5084
f 5110 5084 5112
f 5110 5112 5080
f 5110 5080 5113
f 5110 5113 5078
f 5110 5078 5111
f 5110 5111 5082
f 5110 5082 5074
f 5110 5074 5115
f 5110 5115 5068
f 4982 4980 5138
f 5190 5186 5129
f 4980 4874 5189
f 4980 5189 5138
f 4980 5157 4874
f 5190 4874 5157
f 5157 5186 5190
f 5143 5129 5186
f 5143 4979 5129
f 5127 557 478
f 3513 4903 4953
f 3516 4902 4903
f 3516 4903 3513
f 5191 4885 4902
f 5191 4902 3516
f 5131 4885 5191
f 5192 4999 5131
f 5134 4999 5192
f 3533 5136 5137
f 5135 5136 3533
f 3538 5130 5135
f 5128 5130 3538
f 4993 4992 4921
f 2732 2848 2847
f 5037 5150 5151
f 5129 4979 5185
f 5337 5347 5346
f 5350 5346 5345
f 5350 5351 5352
f 5335 5353 5354
f 5335 5354 5336
f 5335 5355 5353
f 5340 5358 5359
f 5340 5339 5360
f 5340 5360 5358
f 5341 5361 5342
f 5341 5362 5361
f 5343 5360 5339
f 5343 5363 5360
f 5350 5345 5344
f 5350 5344 5359
f 5350 5352 5357
f 5350 5357 5338
f 5350 5338 5337
f 5350 5337 5346
f 5354 5364 5348
f 5354 5348 5336
f 5355 5335 5342
f 5355 5342 5361
f 5341 5338 5356
f 5349 5363 5343
f 5349 5348 5364
f 5349 5364 5363
f 5340 5359 5344
f 5353 5355 6454
f 6447 5356 5338
f 6447 5338 5357
f 5359 5358 5360
f 6462 5361 5362
f 5359 5360 5363
f 6463 6464 5351
f 6463 5351 5350
f 6463 5350 5359
f 6463 5359 25
f 6458 5357 5352
f 28 41 5364
f 28 5364 5354
f 28 5354 5353
f 6462 6454 5355
f 6462 5355 5361
f 6462 5362 5341
f 6462 5341 5356
f 6462 5356 6447
f 5363 5364 41
f 5345 5346 5347
f 5368 5369 5370
f 5371 5369 5368
f 5372 5366 5365
f 5368 5370 5372
f 5382 5383 5384
f 5382 5384 5393
f 5395 5388 5383
f 5395 5383 5382
f 5376 5377 5369
f 5376 5369 5371
f 5396 5369 5377
f 5396 5391 5384
f 5373 5379 5374
f 5376 5375 5373
f 5376 5373 5374
f 5376 5374 5377
f 5397 5377 5374
f 5397 5385 5392
f 5347 5390 5345
f 5386 5339 5340
f 5386 5340 5344
f 5386 5344 5390
f 5380 5335 5336
f 5380 5381 5335
f 5337 5338 5382
f 5386 5385 5387
f 5398 5341 5342
f 5398 5342 5388
f 5398 5388 5341
f 5343 5339 5386
f 5343 5386 5387
f 5343 5387 5389
f 5399 5344 5345
f 5399 5345 5390
f 5399 5390 5344
f 5347 5337 5382
f 5347 5382 5393
f 5394 5380 5336
f 5394 5336 5348
f 5381 5388 5342
f 5381 5342 5335
f 5400 5341 5388
f 5400 5388 5395
f 5400 5395 5382
f 5400 5382 5338
f 5400 5338 5341
f 5349 5343 5389
f 5349 5389 5394
f 5349 5394 5348
f 5380 5401 5367
f 5380 5367 5365
f 5380 5365 5366
f 5402 5370 5369
f 5402 5384 5383
f 5397 5387 5385
f 5397 5374 5379
f 5397 5389 5387
f 5396 5390 5391
f 5396 5377 5397
f 5396 5397 5392
f 5396 5392 5390
f 5396 5384 5402
f 5396 5402 5369
f 5401 5378 5367
f 5401 5380 5394
f 5403 5381 5380
f 5403 5380 5366
f 5403 5366 5372
f 5403 5388 5381
f 5402 5383 5388
f 5402 5388 5403
f 5402 5403 5372
f 5402 5372 5370
f 5404 5394 5389
f 5404 5389 5397
f 5404 5397 5379
f 5404 5379 5378
f 5404 5378 5401
f 5404 5401 5394
f 5347 5391 5390
f 5347 5393 5384
f 5347 5384 5391
f 5386 5390 5392
f 5386 5392 5385
f 5405 5365 5367
f 5378 5405 5367
f 5405 5372 5365
f 5406 5372 5405
f 5406 5407 5368
f 5406 5368 5372
f 5407 5371 5368
f 5408 5371 5407
f 5409 5376 5371
f 5409 5371 5408
f 5410 5376 5409
f 5410 5375 5376
f 5411 5379 5373
f 5411 5378 5379
f 5413 5414 5415
f 5417 5412 5419
f 5421 5420 5378
f 5423 5424 5425
f 5423 5426 5420
f 5427 5423 5420
f 5427 5420 5422
f 5427 5428 5424
f 5427 5424 5423
f 5427 5429 5430
f 5427 5430 5428
f 5427 5422 5431
f 5427 5431 5432
f 5427 5432 5429
f 5429 5433 5434
f 5429 5434 5430
f 5429 5435 5436
f 5429 5432 5437
f 5429 5437 5438
f 5429 5438 5435
f 5409 5439 5440
f 5409 5415 5414
f 5409 5414 5441
f 5409 5441 5442
f 5409 5442 5439
f 5444 5438 5443
f 5409 5440 5445
f 5409 5445 5446
f 5412 5405 5423
f 5412 5423 5425
f 5412 5425 5424
f 5433 5429 5436
f 5417 5419 5428
f 5417 5428 5430
f 5417 5430 5418
f 5447 5378 5420
f 5447 5420 5426
f 5447 5426 5423
f 5447 5423 5405
f 5447 5405 5378
f 5412 5424 5428
f 5412 5428 5419
f 5421 5422 5420
f 5449 5443 5438
f 5449 5444 5443
f 5451 5438 5444
f 5435 5448 5436
f 5452 5448 5435
f 5452 5435 5438
f 5452 5438 5451
f 5433 5413 5416
f 5433 5436 5414
f 5433 5414 5413
f 5448 5441 5414
f 5448 5414 5436
f 5448 5442 5441
f 5453 5450 5449
f 5457 5454 5446
f 5457 5446 5445
f 5453 5457 5445
f 5453 5449 5458
f 5459 5455 5456
f 5462 5455 5463
f 5462 5463 5464
f 5462 5456 5455
f 5465 5438 5461
f 5459 5456 5462
f 5466 5455 5459
f 5437 5461 5438
f 5437 5432 5455
f 5461 5437 5455
f 5461 5455 5466
f 5467 5449 5438
f 5467 5438 5468
f 5467 5468 5449
f 5458 5449 5468
f 5458 5468 5438
f 5458 5438 5465
f 5469 5462 5464
f 5469 5454 5460
f 5469 5460 5470
f 5469 5470 5462
f 5460 5459 5462
f 5460 5462 5470
f 5471 5472 5418
f 5471 5415 5407
f 5473 5375 5454
f 5474 5373 5473
f 5474 5422 5421
f 5474 5421 5373
f 5406 5405 5412
f 5406 5412 5417
f 5406 5417 5418
f 5406 5418 5472
f 5406 5472 5471
f 5406 5471 5407
f 5408 5407 5415
f 5408 5415 5409
f 5410 5409 5446
f 5410 5446 5454
f 5410 5454 5375
f 5375 5473 5373
f 5411 5373 5421
f 5411 5421 5378
f 12 5475 14
f 12 13 5475
f 13 33 5476
f 55 5477 54
f 14 13 5478
f 5476 5478 13
f 5477 55 14
f 5477 14 5479
f 14 5475 13
f 14 55 58
f 93 95 94
f 33 5480 5476
f 33 94 95
f 33 95 5480
f 5477 135 54
f 5477 136 135
f 5481 5477 5482
f 5481 95 136
f 5481 136 5477
f 5483 5481 5482
f 5483 5482 5477
f 14 5478 5484
f 14 5484 5479
f 5477 5479 5484
f 5477 5484 5486
f 5485 5478 5476
f 5478 5487 5484
f 5485 5476 5488
f 5485 5488 5487
f 5485 5487 5478
f 5483 5489 5481
f 5483 5477 5486
f 5481 5489 95
f 5476 5480 5490
f 5490 5480 95
f 5490 95 5489
f 5490 5491 5488
f 5490 5488 5476
f 5490 5489 5491
f 5487 5492 5484
f 5487 5488 5493
f 5492 5494 5486
f 5492 5486 5484
f 5489 5495 5491
f 5489 5496 5495
f 5491 5497 5488
f 5483 5496 5489
f 5483 5486 5494
f 5498 5492 5487
f 5498 5500 5494
f 5498 5494 5492
f 5493 5488 5499
f 5501 5495 5496
f 5501 5483 5494
f 5501 5494 5500
f 5501 5496 5483
f 5495 5501 5491
f 5497 5499 5488
f 5497 5491 5501
f 5493 5499 5504
f 5498 5487 5502
f 5487 5493 5504
f 5487 5504 5502
f 5500 5498 5503
f 5500 5503 5505
f 5498 5502 5503
f 5497 5508 5504
f 5497 5504 5499
f 5500 5505 5509
f 5500 5509 5501
f 5501 5509 5506
f 5501 5506 5507
f 5501 5507 5508
f 5501 5508 5497
f 5512 5505 5503
f 5512 5503 5510
f 5502 5510 5503
f 5511 5510 5502
f 5511 5502 5504
f 5515 5513 5505
f 5515 5505 5512
f 5508 5511 5504
f 5509 5513 5506
f 5513 5507 5506
f 5514 5511 5508
f 5505 5513 5509
f 5514 5508 5507
f 5514 5507 5513
f 5516 5517 5518
f 5516 5519 5517
f 5518 5517 5519
f 5510 5511 5516
f 5512 5510 5518
f 5510 5516 5518
f 5514 5519 5516
f 5514 5516 5511
f 5512 5518 5519
f 5512 5519 5515
f 5515 5519 5513
f 5513 5519 5514
f 5523 5521 5522
f 5521 5529 5528
f 5521 5528 5522
f 5523 5522 5528
f 5531 5530 5528
f 5531 5528 5529
f 5538 5520 5536
f 5545 5543 5544
f 5525 5543 5524
f 5526 5524 5543
f 5526 5543 5545
f 5521 5546 5529
f 5531 5529 5546
f 5521 5547 5546
f 5546 5547 5548
f 5546 5548 5549
f 5551 5549 5548
f 5551 5548 5550
f 5521 5552 5548
f 5521 5548 5547
f 5551 5550 5553
f 5548 5553 5550
f 5526 5545 5555
f 5538 5555 5545
f 5548 5552 5561
f 5521 5561 5552
f 5546 5544 5543
f 5531 5546 5543
f 5525 5531 5543
f 5562 5548 5561
f 5530 5563 5528
f 5531 5563 5530
f 5525 5564 5531
f 5562 5553 5548
f 5531 5564 5565
f 5531 5565 5563
f 5533 5563 5565
f 5525 5565 5564
f 5525 5524 5565
f 5538 5545 5567
f 5546 5542 5541
f 5546 5541 5568
f 5527 5568 5541
f 2848 5520 5545
f 5545 5520 5567
f 5538 5567 5520
f 5537 5536 2733
f 5537 2733 2634
f 5520 2733 5536
f 5551 5554 5549
f 5546 5549 5554
f 5546 5554 5542
f 5537 2634 5554
f 5527 2848 5545
f 5527 5545 5568
f 5546 5568 5545
f 5546 5545 5544
f 5554 2634 2845
f 5542 5554 2845
f 2732 2730 5520
f 2732 5520 2848
f 2733 5520 2730
f 2843 5527 2575
f 2575 5527 5541
f 2575 5541 2845
f 2845 5541 5542
f 2843 2847 2848
f 2843 2848 5527
f 5569 5571 5572
f 5573 5574 5575
f 5578 5569 5572
f 5578 5572 5571
f 5584 5585 5586
f 5584 5037 5587
f 5590 5591 5592
f 5590 5592 5593
f 5590 5574 5573
f 5590 5573 5576
f 5590 5576 5591
f 5594 5569 5578
f 5594 5578 5579
f 5569 5594 5595
f 5596 5569 5597
f 5596 5597 5598
f 5596 5598 5599
f 5596 5600 5570
f 5596 5570 5569
f 5601 5599 5598
f 5601 5602 5596
f 5601 5596 5599
f 5603 5586 5585
f 5608 5600 5596
f 5608 5596 5602
f 5608 5570 5600
f 5151 5577 5580
f 5590 5593 5595
f 5590 5595 5594
f 5590 5594 5579
f 5590 5579 5574
f 5579 5575 5574
f 5608 5609 5570
f 5569 5570 5609
f 5569 5610 5571
f 5578 5571 5610
f 5612 5578 5611
f 5612 5579 5578
f 5601 5598 5613
f 5601 5613 5602
f 5609 5610 5569
f 5614 5578 5610
f 5614 5611 5578
f 5611 5615 5612
f 5615 5579 5612
f 5615 5616 5575
f 5615 5575 5579
f 5573 5575 5616
f 5617 5603 5585
f 5617 5598 5603
f 5591 5587 5592
f 5149 5597 5569
f 5149 5569 5595
f 5149 5595 5620
f 5149 5620 5577
f 5037 5151 5592
f 5037 5592 5587
f 5592 5151 5580
f 5038 5584 5586
f 5038 5586 4936
f 5038 5037 5584
f 5598 4936 5586
f 5598 5586 5603
f 5592 5580 5577
f 5592 5577 5620
f 5592 5620 5595
f 5592 5595 5593
f 5148 4936 5598
f 5148 5598 5597
f 5148 5597 5149
f 5037 5038 5035
f 5577 5147 4877
f 5149 5577 4877
f 5149 4877 4879
f 5151 5150 5147
f 5151 5147 5577
f 5473 5454 5622
f 5473 5622 5621
f 5622 5454 5469
f 5622 5469 5464
f 5622 5464 5623
f 5473 5621 5628
f 5473 5628 5629
f 5474 5473 5629
f 5455 5432 5631
f 5624 5422 5629
f 5624 5629 5628
f 5624 5628 5625
f 5628 5626 5625
f 5628 5627 5626
f 5621 5622 5623
f 5621 5632 5628
f 5633 5626 5627
f 5633 5630 5631
f 5633 5631 5625
f 5633 5625 5626
f 5624 5625 5631
f 5634 5624 5631
f 5634 5631 5432
f 5634 5432 5431
f 5634 5431 5422
f 5634 5422 5624
f 5463 5455 5464
f 5623 5464 5455
f 5623 5455 5631
f 5474 5629 5422
f 5631 5621 5623
f 5631 5630 5621
f 5633 5632 5621
f 5633 5621 5630
f 5633 5627 5628
f 5633 5628 5632
f 5433 5637 5434
f 5638 5471 5418
f 5638 5418 5639
f 5638 5639 5640
f 5638 5640 5635
f 5638 5635 5643
f 5638 5415 5471
f 5644 5645 5641
f 5644 5641 5642
f 5644 5642 5646
f 5416 5413 5637
f 5416 5637 5433
f 5641 5637 5413
f 5641 5413 5648
f 5641 5648 5642
f 5649 5642 5648
f 5635 5640 5636
f 5635 5636 5648
f 5645 5644 5647
f 5645 5647 5430
f 5645 5430 5434
f 5645 5434 5637
f 5645 5637 5641
f 5644 5646 5636
f 5639 5418 5430
f 5639 5430 5647
f 5639 5647 5644
f 5639 5644 5640
f 5638 5413 5415
f 5638 5643 5648
f 5638 5648 5413
f 5635 5648 5643
f 5644 5636 5640
f 5646 5642 5649
f 5646 5649 5648
f 5646 5648 5636
f 5650 5651 5652
f 5650 5652 5653
f 5457 5651 5454
f 5453 5458 5651
f 5453 5651 5457
f 5460 5454 5651
f 5651 5458 5652
f 5651 5656 5460
f 5651 5655 5656
f 5657 5654 5466
f 5461 5466 5654
f 5461 5654 5465
f 5654 5653 5652
f 5654 5652 5658
f 5654 5650 5653
f 5460 5655 5459
f 5656 5655 5460
f 5465 5652 5458
f 5465 5654 5658
f 5465 5658 5652
f 5659 5651 5650
f 5659 5650 5654
f 5659 5654 5657
f 5659 5657 5466
f 5659 5466 5459
f 5659 5459 5655
f 5659 5655 5651
f 5660 5439 5661
f 5439 5660 5440
f 5439 5442 5661
f 5445 5440 5660
f 5663 5452 5664
f 5449 5450 5444
f 5444 5450 5665
f 5444 5665 5662
f 5660 5661 5442
f 5666 5445 5660
f 5666 5660 5450
f 5451 5444 5662
f 5452 5451 5664
f 5452 5663 5448
f 5660 5663 5664
f 5442 5448 5663
f 5442 5663 5667
f 5453 5445 5450
f 5666 5450 5445
f 5668 5660 5442
f 5668 5442 5667
f 5668 5667 5663
f 5668 5663 5660
f 5665 5660 5664
f 5665 5664 5451
f 5665 5451 5662
f 5665 5450 5660
f 5843 5845 5846
f 5848 5847 5849
f 5850 5844 5980
f 5853 5847 5848
f 5853 5848 5849
f 5843 5846 5844
f 5854 5850 5855
f 5854 5843 5844
f 5854 5844 5850
f 5854 5855 5853
f 5985 5851 5849
f 5985 5967 5852
f 5985 5852 5851
f 5851 5846 5845
f 5851 5852 5846
f 5851 5845 5843
f 5987 5846 5852
f 5987 5852 5967
f 5853 5850 5981
f 5855 5850 5853
f 5849 5851 5843
f 5849 5843 5854
f 5849 5854 5853
f 5871 5872 5860
f 5871 5866 5872
f 5874 5856 5858
f 5874 5857 5856
f 5875 5860 5859
f 5877 5878 5879
f 5877 5861 5862
f 5877 5880 5861
f 5877 5879 5880
f 5865 5861 5880
f 5871 5878 5867
f 5871 5867 5866
f 5871 5875 5876
f 5871 5876 5873
f 5871 5860 5875
f 5874 5858 5869
f 5874 5869 5882
f 5881 5863 5857
f 5883 5859 5864
f 5883 5875 5859
f 5870 5882 5869
f 5877 5862 5867
f 5877 5867 5878
f 6491 5874 6492
f 6491 5857 5874
f 6475 5876 5875
f 5878 5880 5879
f 6493 5863 5881
f 6493 5881 6482
f 6493 5864 5863
f 5878 6496 5865
f 5878 5865 5880
f 6494 5871 5873
f 6494 5873 6495
f 6494 104 5878
f 6494 5878 5871
f 6492 5874 5882
f 6492 5882 121
f 6493 5883 5864
f 6493 6475 5875
f 6493 5875 5883
f 5870 5865 6496
f 5870 121 5882
f 5872 5868 5860
f 5861 5867 5862
f 5889 5887 5888
f 5890 5886 5884
f 5894 5889 5888
f 5910 5894 5888
f 5910 5895 5894
f 5910 5900 5905
f 5891 5896 5897
f 5891 5897 5893
f 5891 5892 5896
f 5894 5892 5891
f 5894 5895 5892
f 5906 5892 5895
f 5911 5872 5866
f 5911 5868 5872
f 5912 5904 5911
f 5912 5861 5901
f 5912 5911 5867
f 5912 5867 5861
f 5913 5898 5858
f 5913 5858 5856
f 5913 5856 5857
f 5913 5857 5898
f 5914 5859 5860
f 5915 5901 5861
f 5915 5916 5901
f 5915 5861 5916
f 5917 5902 5863
f 5917 5863 5864
f 5903 5916 5861
f 5903 5861 5865
f 5903 5901 5916
f 5911 5866 5867
f 5911 5914 5860
f 5911 5860 5868
f 5911 5899 5914
f 5911 5900 5899
f 5898 5907 5869
f 5898 5869 5858
f 5918 5898 5857
f 5918 5857 5863
f 5918 5902 5898
f 5918 5863 5902
f 5908 5917 5864
f 5908 5864 5859
f 5908 5902 5917
f 5908 5914 5899
f 5908 5859 5914
f 5909 5903 5865
f 5909 5865 5870
f 5909 5870 5869
f 5909 5869 5907
f 5898 5884 5885
f 5898 5885 5919
f 5898 5920 5884
f 5910 5921 5899
f 5910 5888 5887
f 5910 5887 5921
f 5910 5899 5900
f 5922 5906 5901
f 5922 5892 5906
f 5922 5901 5903
f 5922 5924 5892
f 5922 5903 5924
f 5910 5905 5904
f 5910 5906 5895
f 5910 5904 5906
f 5919 5907 5898
f 5923 5920 5898
f 5923 5884 5920
f 5923 5890 5884
f 5923 5898 5902
f 5921 5923 5902
f 5921 5902 5908
f 5921 5887 5890
f 5921 5890 5923
f 5921 5908 5899
f 5925 5924 5903
f 5925 5903 5909
f 5925 5896 5892
f 5925 5892 5924
f 5925 5919 5885
f 5925 5885 5896
f 5925 5909 5907
f 5925 5907 5919
f 5911 5904 5905
f 5911 5905 5900
f 5912 5901 5906
f 5912 5906 5904
f 5926 5884 5886
f 5926 5886 5927
f 5926 5885 5884
f 5928 5885 5926
f 5928 5929 5885
f 5927 5886 5890
f 5930 5890 5887
f 5930 5887 5931
f 5931 5887 5889
f 5932 5931 5889
f 5932 5889 5894
f 5932 5894 5933
f 5933 5894 5891
f 5933 5891 5934
f 5935 5893 5897
f 5929 5897 5896
f 5929 5896 5885
f 5926 5927 5936
f 5937 5938 5939
f 5940 5941 5942
f 5940 5943 5936
f 5944 5945 5897
f 5946 5947 5948
f 5946 5929 5949
f 5950 5951 5929
f 5950 5929 5946
f 5950 5945 5951
f 5950 5946 5948
f 5952 5953 5954
f 5952 5954 5955
f 5952 5950 5948
f 5952 5948 5953
f 5952 5956 5945
f 5952 5945 5950
f 5952 5955 5957
f 5952 5957 5956
f 5955 5958 5959
f 5955 5954 5958
f 5955 5960 5961
f 5955 5962 5957
f 5955 5961 5962
f 5963 5939 5938
f 5963 5965 5939
f 5963 5964 5966
f 5963 5966 5965
f 5968 5967 5961
f 5963 5970 5969
f 5963 5969 5964
f 5963 5971 5970
f 5972 5946 5926
f 5972 5947 5946
f 5972 5948 5947
f 5972 5926 5936
f 5972 5936 5948
f 5959 5960 5955
f 5940 5953 5948
f 5940 5948 5943
f 5940 5954 5953
f 5940 5942 5954
f 5973 5929 5928
f 5973 5949 5929
f 5973 5946 5949
f 5973 5928 5926
f 5973 5926 5946
f 5936 5943 5948
f 5944 5951 5945
f 5944 5929 5951
f 5974 5967 5968
f 5976 5961 5960
f 5976 5968 5961
f 5937 5960 5959
f 5937 5939 5960
f 5960 5939 5965
f 5960 5965 5966
f 5844 5974 5975
f 5970 5933 5977
f 5970 5971 5933
f 5978 5957 5979
f 5844 5970 5980
f 5844 5969 5970
f 5844 5846 5974
f 5850 5977 5981
f 5850 5980 5970
f 5850 5970 5977
f 5978 5984 5983
f 5853 5978 5979
f 5853 5979 5847
f 5849 5847 5979
f 5962 5979 5957
f 5962 5961 5967
f 5985 5962 5967
f 5985 5849 5979
f 5985 5979 5962
f 5986 5967 5974
f 5986 5987 5967
f 5986 5974 5987
f 5987 5974 5846
f 5988 5984 5978
f 5988 5977 5982
f 5988 5981 5977
f 5988 5978 5981
f 5853 5981 5978
f 5989 5942 5941
f 5989 5931 5938
f 5958 5990 5959
f 5991 5935 5897
f 5991 5893 5935
f 5978 5992 5957
f 5956 5957 5992
f 5991 5897 5945
f 5890 5940 5936
f 5890 5936 5927
f 5890 5930 5941
f 5890 5941 5940
f 5930 5931 5989
f 5930 5989 5941
f 5932 5963 5938
f 5932 5938 5931
f 5932 5933 5971
f 5932 5971 5963
f 5933 5934 5982
f 5933 5982 5977
f 5891 5982 5934
f 5929 5944 5897
f 5959 5990 5995
f 5994 5996 5989
f 5994 5997 5996
f 6001 6002 5994
f 6001 5989 5938
f 6001 5994 5989
f 6003 6000 5998
f 5937 5959 5995
f 6005 5995 5998
f 6005 5998 6006
f 6006 5998 5999
f 6006 5999 6000
f 5993 5997 5994
f 6002 5993 5994
f 6002 6006 5993
f 6000 5999 5998
f 5958 5995 5990
f 5998 5958 5954
f 5998 5954 6004
f 5998 5995 5958
f 6003 5993 6000
f 5954 5942 5989
f 5996 5954 5989
f 5996 6004 5954
f 5996 5997 5998
f 5996 5998 6004
f 6001 5937 5995
f 6001 5995 6005
f 6001 5938 5937
f 6001 6005 6006
f 6001 6006 6002
f 6007 5997 5993
f 6007 6003 5998
f 6007 5998 5997
f 6007 5993 6003
f 6008 6000 5993
f 6008 6006 6000
f 6008 5993 6006
f 6009 6010 5964
f 5964 6010 5966
f 5969 6009 5964
f 5974 6015 5975
f 5974 5968 6015
f 6015 5968 6011
f 6015 6011 6012
f 6009 5966 6010
f 6016 5969 6017
f 6016 6009 5969
f 6016 6017 6015
f 6012 6011 5968
f 5968 6013 6012
f 5976 6013 5968
f 5976 5960 6014
f 5976 6014 6013
f 6018 6014 6009
f 6018 6013 6014
f 6018 6009 6013
f 5966 6019 6014
f 5966 6014 5960
f 5844 5975 6015
f 5844 6015 5969
f 6017 5969 6015
f 6020 6019 5966
f 6020 5966 6009
f 6020 6014 6019
f 6020 6009 6014
f 6021 6009 6016
f 6021 6012 6013
f 6021 6013 6009
f 6021 6016 6015
f 6021 6015 6012
f 5891 5893 5982
f 5988 6024 5984
f 6023 5988 5982
f 6023 6024 5988
f 6023 6029 6028
f 6023 5982 6029
f 5991 6029 5982
f 5991 5982 5893
f 5978 6030 5992
f 5978 6032 6030
f 6025 6033 6031
f 6025 6031 5945
f 6025 6034 6033
f 6034 6025 6026
f 6034 6026 6027
f 6022 6024 6023
f 6022 6028 6029
f 6022 6029 6034
f 6022 6023 6028
f 6022 6034 6035
f 6036 6027 6026
f 6036 6026 6025
f 6036 6025 6030
f 6037 6030 6025
f 6037 5956 5992
f 6037 5992 6030
f 6037 6025 5945
f 6037 5945 5956
f 5983 5984 6024
f 5983 6024 5978
f 6024 6032 5978
f 5991 5945 6031
f 5991 6031 6029
f 6029 6031 6033
f 6029 6033 6034
f 6032 6024 6022
f 6032 6022 6030
f 6036 6030 6022
f 6036 6022 6035
f 6036 6035 6034
f 6036 6034 6027
f 6038 329 328
f 6038 328 296
f 6040 208 318
f 6040 280 279
f 6040 279 316
f 6040 316 208
f 280 6040 6041
f 280 6042 351
f 6042 6039 6038
f 6042 6038 296
f 6042 296 351
f 6043 6040 318
f 381 329 6038
f 381 6038 6039
f 6042 280 6041
f 6044 319 292
f 378 379 6049
f 6049 379 6053
f 6047 6049 6053
f 6047 6054 6049
f 6055 6056 6046
f 6055 6046 6045
f 6045 6050 6051
f 6043 318 6045
f 6043 6045 6058
f 6043 6058 6040
f 6059 381 6039
f 6059 6039 6047
f 6059 6047 381
f 378 377 379
f 378 6048 289
f 6042 6041 6051
f 6042 6051 6050
f 6052 308 289
f 6052 289 6048
f 6052 309 308
f 379 6060 6053
f 379 377 380
f 342 381 6047
f 342 6047 6053
f 342 6053 6060
f 342 6060 379
f 317 319 6055
f 317 6055 6045
f 317 6045 318
f 6044 292 6056
f 6044 6056 6055
f 6044 6055 319
f 6045 6041 6040
f 6045 6040 6058
f 6045 6051 6041
f 6057 6039 6042
f 6057 6042 6050
f 6057 6047 6039
f 6052 372 309
f 6052 292 372
f 6061 6045 6046
f 6065 6048 378
f 6065 378 6049
f 6065 6066 6048
f 6069 6052 6048
f 6069 6048 6066
f 6054 6065 6049
f 6047 6063 6070
f 6047 6070 6054
f 6061 6046 6056
f 6061 6056 6071
f 6061 6071 6062
f 6072 6056 292
f 6072 6071 6056
f 6061 6067 6050
f 6061 6050 6045
f 6061 6062 6068
f 6061 6068 6067
f 6073 6063 6047
f 6073 6047 6057
f 6073 6057 6050
f 6073 6050 6067
f 6073 6067 6064
f 6073 6064 6063
f 6074 6072 292
f 6074 292 6052
f 6074 6052 6069
f 6064 6076 6063
f 6065 6077 6078
f 6065 6078 6066
f 6069 6066 6079
f 6080 6065 6054
f 6080 6054 6070
f 6080 6070 6081
f 6083 6062 6071
f 6071 6072 6084
f 6085 6068 6062
f 6079 6072 6074
f 6079 6074 6069
f 6079 6084 6072
f 6070 6063 6076
f 6070 6076 6082
f 6080 6077 6065
f 6076 6064 6075
f 6086 6062 6083
f 6083 6071 6084
f 6085 6062 6086
f 6082 6081 6070
f 6087 6088 6089
f 6090 6091 6092
f 6090 6092 6093
f 6091 6090 6093
f 6087 6089 6095
f 6087 6095 6094
f 6091 6105 6076
f 6096 6097 6107
f 6108 6109 6110
f 6107 6097 6111
f 6091 6113 6105
f 6114 6104 6115
f 6114 6088 6087
f 6114 6087 6104
f 6114 6084 6102
f 6114 6102 6101
f 6114 6101 6088
f 6108 6104 6087
f 6108 6087 6094
f 6108 6110 6104
f 6116 6108 6094
f 6116 6094 6103
f 6116 6103 6092
f 6116 6092 6091
f 6102 6111 6097
f 6102 6084 6111
f 6091 6099 6100
f 6091 6093 6099
f 6113 6091 6100
f 6113 6100 6112
f 6098 6096 6100
f 6098 6100 6099
f 6106 6112 6100
f 6106 6100 6096
f 6076 6075 6091
f 6078 6077 6106
f 6078 6106 6096
f 6078 6096 6107
f 6078 6107 6066
f 6068 6110 6109
f 6068 6109 6108
f 6068 6108 6117
f 6068 6117 6067
f 6079 6066 6107
f 6079 6107 6111
f 6086 6083 6115
f 6086 6115 6104
f 6083 6084 6114
f 6083 6114 6115
f 6085 6086 6104
f 6085 6104 6110
f 6085 6110 6068
f 6116 6064 6067
f 6116 6067 6117
f 6116 6117 6108
f 6116 6091 6075
f 6116 6075 6064
f 6079 6111 6084
f 6082 6076 6105
f 6082 6105 6113
f 6082 6113 6112
f 6082 6112 6081
f 6112 6080 6081
f 6106 6077 6080
f 6106 6080 6112
f 6118 6089 6088
f 6118 6088 6119
f 6119 6088 6101
f 6119 6101 6102
f 6119 6102 6120
f 6089 6121 6095
f 6121 6094 6095
f 6121 6122 6094
f 6122 6103 6094
f 6122 6123 6092
f 6122 6092 6103
f 6123 6093 6092
f 6124 6099 6093
f 6124 6093 6123
f 6125 6096 6098
f 6125 6098 6099
f 6125 6097 6096
f 6127 6102 6097
f 6127 6097 6126
f 6127 6120 6102
f 6118 6129 6089
f 6118 6119 6128
f 6089 6129 6130
f 6089 6130 6121
f 6129 6118 6128
f 6120 6127 6135
f 6120 6135 6136
f 6137 6139 6140
f 6137 6140 6136
f 6137 6136 6141
f 6137 6141 6142
f 6137 6142 6138
f 6141 6143 6142
f 6141 6144 6145
f 6144 6141 6147
f 6144 6147 6148
f 6134 6149 6132
f 6134 6132 6131
f 6134 6151 6152
f 6134 6152 6149
f 6153 6154 6148
f 6156 6149 6150
f 6156 6150 6155
f 6156 6124 6149
f 6138 6129 6128
f 6145 6144 6146
f 6143 6130 6142
f 6137 6128 6119
f 6137 6138 6128
f 6119 6120 6139
f 6119 6139 6137
f 6130 6129 6138
f 6130 6138 6142
f 6120 6136 6140
f 6120 6140 6139
f 6154 6153 6159
f 6154 6159 6160
f 6161 6148 6154
f 6161 6146 6144
f 6161 6144 6148
f 6162 6146 6161
f 6162 6161 6154
f 6145 6131 6133
f 6145 6133 6157
f 6145 6146 6134
f 6145 6134 6131
f 6158 6134 6146
f 6158 6151 6134
f 6159 6155 6150
f 6163 6164 6124
f 6163 6124 6156
f 6163 6156 6155
f 6165 6141 6166
f 6170 6164 6163
f 6170 6171 6172
f 6170 6172 6164
f 6153 6148 6173
f 6174 6165 6166
f 6174 6167 6165
f 6147 6165 6167
f 6147 6141 6165
f 6176 6148 6147
f 6176 6147 6167
f 6176 6167 6169
f 6177 6159 6153
f 6177 6153 6173
f 6177 6173 6159
f 6168 6159 6173
f 6178 6174 6175
f 6178 6172 6171
f 6178 6171 6170
f 6178 6170 6167
f 6178 6167 6174
f 6183 6182 6143
f 6183 6143 6141
f 6183 6141 6145
f 6182 6130 6143
f 6131 6132 6181
f 6184 6135 6125
f 6185 6136 6186
f 6185 6166 6141
f 6185 6141 6136
f 6186 6136 6135
f 6186 6135 6184
f 6121 6130 6122
f 6122 6130 6179
f 6122 6179 6180
f 6122 6180 6123
f 6123 6180 6181
f 6123 6181 6132
f 6123 6132 6149
f 6124 6123 6149
f 6124 6164 6099
f 6099 6164 6172
f 6125 6099 6172
f 6125 6172 6184
f 6097 6125 6135
f 6097 6135 6126
f 6127 6126 6135
f 6187 6184 6172
f 6175 6172 6178
f 6175 6187 6172
f 6190 6191 6189
f 6190 6189 6185
f 6190 6192 6191
f 6194 6195 6184
f 6194 6184 6187
f 6190 6185 6186
f 6192 6190 6193
f 6187 6175 6188
f 6187 6188 6190
f 6187 6190 6194
f 6199 6192 6193
f 6199 6197 6200
f 6199 6200 6192
f 6192 6200 6197
f 6192 6197 6189
f 6192 6189 6191
f 6197 6196 6166
f 6197 6166 6185
f 6197 6185 6189
f 6201 6196 6197
f 6174 6166 6196
f 6174 6196 6198
f 6174 6198 6202
f 6174 6202 6175
f 6186 6184 6195
f 6194 6186 6195
f 6194 6190 6186
f 6202 6198 6196
f 6202 6196 6201
f 6202 6201 6188
f 6202 6188 6175
f 6199 6188 6201
f 6199 6201 6197
f 6199 6193 6190
f 6199 6190 6188
f 6203 6163 6155
f 6159 6168 6203
f 6159 6203 6155
f 6173 6148 6206
f 6169 6207 6205
f 6208 6209 6170
f 6208 6170 6163
f 6208 6163 6203
f 6208 6203 6204
f 6208 6207 6209
f 6176 6169 6205
f 6176 6205 6206
f 6176 6206 6148
f 6206 6205 6204
f 6206 6204 6203
f 6168 6173 6206
f 6168 6206 6210
f 6167 6170 6207
f 6167 6207 6169
f 6209 6207 6170
f 6210 6206 6203
f 6210 6203 6168
f 6208 6204 6205
f 6208 6205 6207
f 6211 6150 6149
f 6152 6151 6149
f 6214 6215 6162
f 6214 6162 6216
f 6158 6146 6215
f 6154 6160 6213
f 6213 6160 6217
f 6211 6149 6151
f 6211 6151 6212
f 6211 6218 6150
f 6211 6212 6160
f 6211 6160 6218
f 6216 6213 6219
f 6154 6213 6216
f 6162 6154 6216
f 6162 6215 6146
f 6214 6216 6212
f 6158 6215 6151
f 6159 6150 6160
f 6218 6160 6150
f 6215 6212 6151
f 6215 6214 6212
f 6219 6160 6212
f 6219 6212 6216
f 6219 6213 6217
f 6219 6217 6160
f 6130 6222 6179
f 6157 6223 6145
f 6220 6180 6179
f 6222 6220 6179
f 6224 6223 6157
f 6181 6180 6220
f 6224 6157 6133
f 6225 6224 6133
f 6220 6222 6221
f 6229 6226 6228
f 6227 6224 6225
f 6227 6225 6231
f 6227 6226 6232
f 6227 6232 6223
f 6227 6223 6224
f 6183 6145 6223
f 6183 6229 6182
f 6226 6229 6183
f 6226 6183 6223
f 6226 6223 6232
f 6226 6220 6221
f 6226 6221 6228
f 6226 6227 6220
f 6182 6229 6222
f 6182 6222 6130
f 6229 6221 6222
f 6131 6181 6220
f 6131 6220 6230
f 6131 6230 6133
f 6229 6228 6221
f 6231 6230 6220
f 6231 6220 6227
f 6231 6225 6133
f 6231 6133 6230
f 6233 423 424
f 6233 397 423
f 453 6234 412
f 453 410 387
f 453 6235 6234
f 387 6235 453
f 387 385 6236
f 447 6236 385
f 447 397 6233
f 6234 6237 412
f 6238 6233 424
f 6238 424 473
f 6239 387 6236
f 6239 6235 387
f 411 412 6237
f 6240 395 413
f 6240 467 395
f 6233 6236 447
f 308 6251 6252
f 6254 6253 6245
f 6254 6245 6247
f 6241 6242 6255
f 6250 6243 6241
f 6234 6241 6237
f 6238 6244 6233
f 6238 473 6244
f 286 6245 470
f 286 6246 6245
f 286 394 6246
f 6239 6250 6235
f 6239 6248 6250
f 6239 6249 6248
f 6239 6236 6249
f 308 6246 394
f 308 405 6251
f 472 6253 6258
f 472 470 6245
f 472 6245 6253
f 472 471 470
f 437 6254 473
f 437 6258 6253
f 437 6253 6254
f 437 472 6258
f 411 6241 6255
f 411 6255 413
f 411 6237 6241
f 6240 6257 467
f 6240 6256 6257
f 6240 413 6255
f 6240 6255 6256
f 6250 6241 6234
f 6250 6234 6235
f 6249 6236 6233
f 6249 6233 6244
f 6251 405 467
f 6251 467 6257
f 6259 6260 6261
f 6259 6262 6260
f 6266 6245 6246
f 6266 6247 6245
f 6266 6246 6267
f 6268 6264 6269
f 6267 308 6252
f 6267 6246 308
f 6267 6252 6270
f 6254 6265 6263
f 6254 6247 6271
f 6254 6271 6265
f 6272 6273 6257
f 6272 6257 6256
f 6272 6259 6261
f 6259 6269 6262
f 6259 6268 6269
f 6270 6251 6257
f 6270 6257 6273
f 6270 6252 6251
f 6263 6274 6264
f 6263 6265 6275
f 6266 6276 6277
f 6266 6277 6247
f 6266 6267 6276
f 6279 6271 6247
f 6272 6282 6273
f 6272 6261 6281
f 6278 6262 6269
f 6265 6271 6279
f 6265 6280 6275
f 6279 6247 6277
f 6283 6261 6260
f 6283 6260 6262
f 6274 6263 6275
f 6283 6281 6261
f 6282 6272 6281
f 6278 6283 6262
f 6284 6269 6264
f 6284 6264 6274
f 6285 6275 6280
f 6280 6265 6279
f 6259 6241 6243
f 6259 6242 6241
f 6263 6244 473
f 6268 6250 6248
f 6254 6263 473
f 6259 6255 6242
f 6272 6256 6255
f 6272 6255 6259
f 6259 6243 6250
f 6259 6250 6268
f 6264 6249 6244
f 6264 6244 6263
f 6264 6268 6248
f 6264 6248 6249
f 6289 6290 6291
f 6296 6288 6287
f 6286 6289 6291
f 6305 6306 6307
f 6308 6300 6293
f 6311 6287 6303
f 6301 6297 6312
f 6301 6312 6302
f 6301 6286 6297
f 6297 6313 6312
f 6297 6298 6299
f 6297 6299 6313
f 6305 6301 6302
f 6305 6289 6286
f 6305 6286 6301
f 6305 6302 6306
f 6314 6305 6284
f 6314 6290 6289
f 6314 6289 6305
f 6314 6303 6287
f 6314 6287 6290
f 6314 6284 6303
f 6313 6299 6300
f 6313 6300 6308
f 6315 6296 6287
f 6315 6295 6288
f 6315 6288 6296
f 6309 6315 6287
f 6309 6287 6311
f 6309 6295 6315
f 6309 6311 6310
f 6294 6295 6292
f 6304 6292 6295
f 6304 6295 6309
f 6304 6309 6310
f 6303 6274 6275
f 6303 6275 6316
f 6276 6304 6277
f 6276 6292 6304
f 6276 6293 6292
f 6276 6267 6293
f 6278 6307 6306
f 6278 6305 6307
f 6278 6269 6305
f 6317 6293 6267
f 6317 6308 6293
f 6317 6267 6270
f 6317 6270 6308
f 6283 6302 6312
f 6283 6312 6281
f 6282 6312 6313
f 6282 6281 6312
f 6278 6302 6283
f 6278 6306 6302
f 6284 6305 6269
f 6284 6274 6303
f 6273 6308 6270
f 6273 6282 6313
f 6273 6313 6308
f 6311 6316 6275
f 6311 6275 6285
f 6311 6303 6316
f 6311 6285 6280
f 6280 6310 6311
f 6280 6279 6310
f 6318 6310 6279
f 6318 6279 6277
f 6318 6304 6310
f 6318 6277 6304
f 6319 6320 6297
f 6319 6297 6286
f 6320 6298 6297
f 6320 6321 6299
f 6320 6299 6298
f 6319 6291 6322
f 6319 6286 6291
f 6322 6291 6290
f 6322 6290 6323
f 6323 6290 6287
f 6323 6287 6324
f 6324 6287 6288
f 6324 6288 6325
f 6326 6325 6288
f 6326 6288 6295
f 6326 6295 6327
f 6327 6295 6294
f 6292 6327 6294
f 6293 6300 6328
f 6321 6328 6300
f 6321 6300 6299
f 6319 6329 6320
f 6319 6322 6330
f 6330 6329 6319
f 6330 6322 6335
f 6336 6321 6320
f 6336 6337 6328
f 6336 6328 6321
f 6340 6341 6320
f 6340 6320 6338
f 6340 6337 6341
f 6340 6338 6339
f 6342 6339 6343
f 6342 6340 6339
f 6342 6344 6337
f 6342 6337 6340
f 6342 6345 6344
f 6342 6343 6346
f 6342 6346 6345
f 6346 6348 6345
f 6346 6347 6348
f 6349 6332 6325
f 6351 6331 6332
f 6351 6332 6349
f 6351 6334 6331
f 6351 6352 6353
f 6351 6349 6350
f 6351 6350 6352
f 6354 6348 6355
f 6357 6350 6349
f 6357 6356 6350
f 6357 6349 6325
f 6339 6329 6330
f 6333 6346 6343
f 6333 6343 6358
f 6333 6347 6346
f 6359 6339 6335
f 6359 6343 6339
f 6359 6360 6343
f 6361 6338 6329
f 6361 6339 6338
f 6361 6329 6339
f 6338 6320 6329
f 6339 6330 6335
f 6355 6362 6354
f 6355 6363 6362
f 6347 6355 6348
f 6365 6347 6353
f 6365 6364 6355
f 6365 6355 6347
f 6333 6331 6334
f 6333 6334 6347
f 6359 6335 6360
f 6341 6337 6336
f 6341 6336 6320
f 6353 6347 6334
f 6353 6334 6351
f 6366 6362 6363
f 6366 6350 6356
f 6357 6367 6356
f 6357 6327 6367
f 6366 6370 6362
f 6371 6369 6368
f 6327 6373 6372
f 6375 6354 6362
f 6376 6369 6371
f 6377 6348 6354
f 6377 6368 6345
f 6377 6345 6348
f 6378 6377 6354
f 6378 6371 6368
f 6378 6368 6377
f 6370 6375 6362
f 6379 6374 6368
f 6379 6372 6373
f 6379 6368 6369
f 6376 6379 6369
f 6376 6372 6379
f 6381 6343 6360
f 6360 6335 6323
f 6382 6383 6328
f 6384 6385 6337
f 6344 6384 6337
f 6337 6382 6328
f 6322 6323 6335
f 6323 6324 6380
f 6324 6325 6332
f 6326 6357 6325
f 6326 6327 6357
f 6292 6382 6373
f 6292 6373 6327
f 6292 6293 6383
f 6292 6383 6382
f 6293 6328 6383
f 6386 6373 6382
f 6388 6379 6373
f 6388 6374 6379
f 6388 6386 6374
f 6388 6373 6386
f 6389 6384 6390
f 6389 6390 6391
f 6393 6382 6394
f 6393 6386 6382
f 6384 6398 6385
f 6398 6384 6389
f 6398 6389 6391
f 6398 6392 6400
f 6398 6391 6392
f 6386 6387 6374
f 6386 6400 6387
f 6386 6393 6400
f 6392 6401 6397
f 6392 6391 6401
f 6391 6384 6397
f 6391 6397 6401
f 6391 6390 6384
f 6402 6395 6397
f 6402 6397 6384
f 6402 6396 6395
f 6402 6344 6345
f 6402 6345 6396
f 6402 6384 6344
f 6387 6395 6396
f 6387 6397 6395
f 6403 6368 6374
f 6403 6396 6345
f 6403 6345 6368
f 6403 6387 6399
f 6403 6399 6396
f 6403 6374 6387
f 6337 6394 6382
f 6337 6385 6398
f 6337 6398 6394
f 6394 6398 6400
f 6393 6394 6400
f 6387 6396 6399
f 6392 6387 6400
f 6392 6397 6387
f 6367 6404 6356
f 6366 6404 6370
f 6366 6356 6404
f 6327 6372 6404
f 6327 6404 6367
f 6407 6378 6375
f 6407 6406 6378
f 6376 6371 6406
f 6376 6406 6408
f 6404 6405 6370
f 6409 6372 6410
f 6409 6404 6372
f 6409 6405 6404
f 6409 6410 6376
f 6378 6406 6371
f 6378 6354 6375
f 6370 6411 6375
f 6410 6372 6376
f 6411 6407 6375
f 6411 6370 6405
f 6411 6405 6407
f 6409 6407 6405
f 6409 6406 6407
f 6409 6408 6406
f 6409 6376 6408
f 6412 6350 6413
f 6412 6413 6415
f 6352 6350 6353
f 6416 6365 6417
f 6355 6418 6363
f 6355 6364 6418
f 6418 6419 6363
f 6418 6364 6419
f 6412 6414 6353
f 6412 6353 6350
f 6420 6350 6421
f 6420 6413 6350
f 6420 6415 6413
f 6420 6421 6363
f 6365 6416 6364
f 6365 6353 6417
f 6416 6414 6412
f 6416 6412 6415
f 6366 6363 6350
f 6421 6350 6363
f 6417 6353 6414
f 6417 6414 6416
f 6416 6415 6420
f 6416 6419 6364
f 6416 6420 6363
f 6416 6363 6419
f 6380 6324 6425
f 6323 6380 6424
f 6358 6343 6381
f 6358 6381 6426
f 6422 6380 6425
f 6422 6424 6380
f 6332 6425 6324
f 6360 6431 6381
f 6358 6426 6333
f 6431 6429 6381
f 6428 6333 6426
f 6422 6423 6427
f 6422 6427 6424
f 6431 6430 6429
f 6432 6422 6425
f 6433 6434 6428
f 6433 6428 6426
f 6433 6429 6434
f 6433 6435 6429
f 6433 6426 6381
f 6433 6381 6435
f 6429 6435 6381
f 6429 6423 6422
f 6429 6430 6423
f 6360 6424 6431
f 6360 6323 6424
f 6431 6424 6427
f 6331 6425 6332
f 6331 6432 6425
f 6331 6333 6432
f 6431 6427 6423
f 6431 6423 6430
f 6434 6429 6422
f 6434 6422 6432
f 6434 6432 6333
f 6434 6333 6428
f 6438 6436 6437
f 6439 6436 6438
f 6442 6440 6441
f 6 68 6444
f 8 68 6
f 63 6445 68
f 6445 6444 68
f 6446 50 59
f 6447 6440 6443
f 6448 6441 6440
f 6452 6450 6451
f 6452 6455 6453
f 59 65 6446
f 6456 6446 65
f 6439 6438 6457
f 61 6457 6438
f 31 6457 61
f 61 6438 6451
f 61 6451 62
f 6452 6451 6438
f 6442 6444 6440
f 6445 6440 6444
f 6452 6453 6450
f 6438 6437 6452
f 6437 6455 6452
f 6442 6441 4
f 31 30 6457
f 6439 6457 30
f 6439 30 6436
f 27 6436 30
f 28 6449 6437
f 28 6437 27
f 27 6437 6436
f 41 28 84
f 6458 6446 6456
f 6453 6459 6450
f 6460 6450 6459
f 6451 6450 6460
f 63 62 6451
f 63 6451 6445
f 6445 6460 6440
f 6451 6460 6445
f 6440 6460 6443
f 6460 6459 6443
f 6459 6461 6443
f 6447 6443 6461
f 4 2 1
f 6456 65 2
f 6454 6453 6449
f 6453 6455 6449
f 6437 6449 6455
f 6454 6449 5353
f 6448 6440 6447
f 25 5359 24
f 5359 26 24
f 6461 6459 6462
f 6453 6462 6459
f 42 83 5359
f 26 5359 83
f 6446 6463 50
f 6464 6463 6446
f 25 50 6463
f 5353 6449 28
f 6454 6462 6453
f 6447 6461 6462
f 6458 5352 5351
f 6448 6447 5357
f 6448 5357 6458
f 42 5359 5363
f 42 5363 41
f 6464 6446 5351
f 6458 5351 6446
f 6442 4 6
f 6442 6 6444
f 6456 2 6441
f 4 6441 2
f 6448 6458 6456
f 6448 6456 6441
f 6471 6470 6468
f 88 6472 153
f 88 153 137
f 146 153 6473
f 6473 153 6472
f 6474 141 104
f 6475 6471 6468
f 6476 6468 6469
f 6482 6480 6481
f 6465 6483 6477
f 6467 6484 6479
f 141 6474 150
f 6469 150 6474
f 6466 143 6465
f 6467 6465 143
f 6467 143 6484
f 143 146 6479
f 143 6479 6484
f 6466 6465 6477
f 88 6470 6472
f 6473 6472 6470
f 6471 6473 6470
f 6480 6483 6478
f 6481 6480 6478
f 6467 6479 6478
f 6467 6478 6465
f 6465 6478 6483
f 6470 87 6468
f 142 143 109
f 60 142 109
f 6466 110 109
f 6466 109 143
f 6466 29 110
f 107 29 6466
f 108 107 6477
f 107 6466 6477
f 121 84 108
f 6477 121 108
f 6481 6478 6486
f 6487 6481 6486
f 6488 6486 6478
f 6479 6488 6478
f 146 6489 6479
f 146 6473 6489
f 6479 6489 6473
f 6479 6473 6488
f 6471 6488 6473
f 6487 6486 6471
f 6488 6471 6486
f 6475 6487 6471
f 87 86 151
f 6469 151 150
f 6480 6490 6483
f 6477 6483 6490
f 6480 5881 6491
f 6480 6491 6490
f 6477 6490 6491
f 6492 6477 6491
f 6476 6475 6468
f 104 103 5878
f 6487 6493 6481
f 6482 6481 6493
f 120 5878 166
f 103 166 5878
f 6474 104 6494
f 6495 6474 6494
f 6477 6492 121
f 6482 5881 6480
f 6475 6493 6487
f 121 120 119
f 5881 5857 6491
f 6476 5876 6475
f 120 6496 5878
f 120 5870 6496
f 121 5870 120
f 6495 5873 6474
f 6485 6474 5873
f 88 129 6470
f 6470 129 87
f 6469 6468 151
f 87 151 6468
f 6476 6469 6474
f 6476 6474 6485
f 6476 6485 5876
f 6485 5873 5876
f 342 288 343
f 1182 2607 1259
f 1259 2607 1261
f 2742 1233 1230
f 1233 2742 2626
f 1233 2626 1234
f 2837 1250 1249
f 1252 1250 1254
f 1254 1250 2602
f 1254 2602 1256
f 1247 2837 1249
f 1257 1256 1182
f 1234 2626 2625
f 1234 2625 1236
f 1236 2625 1237
f 1261 2607 1174
f 2573 2742 1230
f 1174 2607 477
f 2889 2573 1219
f 4956 3508 3581
f 3581 3583 4907
f 3581 4907 4956
f 5189 4875 3556
f 3556 3557 4929
f 5139 3572 3573
f 3575 3577 3573
f 3577 3579 3573
f 5028 3564 3565
f 3570 3572 5139
f 3579 3505 4955
f 3505 3508 4956
f 3505 4956 4955
f 3557 4928 4929
f 3557 3560 4930
f 3557 4930 4928
f 3560 3561 5027
f 3560 5027 4930
f 3561 3564 5028
f 3561 5028 5027
f 3583 3500 4907
f 4874 4875 5189
f 5535 5532 5534
f 5540 5532 5539
f 5535 5539 5532
f 5557 5558 5556
f 5560 5556 5559
f 5558 5559 5556
f 5562 5561 5566
f 5566 5561 5521
f 5566 5521 5540
f 5540 5521 5523
f 5540 5523 5528
f 5540 5528 5532
f 5533 5532 5528
f 5533 5528 5563
f 5532 5533 5565
f 5532 5565 5524
f 5562 5566 5539
f 5535 5557 5539
f 5535 5534 5557
f 5557 5534 5526
f 5526 5534 5524
f 5532 5524 5534
f 5526 5555 5557
f 5538 5558 5557
f 5538 5557 5555
f 5538 5536 5558
f 5537 5558 5536
f 5537 5559 5558
f 5537 5554 5559
f 5551 5560 5559
f 5551 5559 5554
f 5551 5553 5556
f 5551 5556 5560
f 5557 5556 5539
f 5562 5539 5556
f 5562 5556 5553
f 5566 5540 5539
f 5581 5582 5583
f 5581 5588 5589
f 5581 5589 5582
f 5604 5605 5606
f 5609 5608 5588
f 5609 5588 5610
f 5614 5610 5588
f 5614 5588 5581
f 5614 5581 5611
f 5611 5581 5615
f 5615 5581 5616
f 5573 5616 5581
f 5573 5581 5583
f 5573 5583 5576
f 5591 5576 5618
f 5591 5618 5587
f 5584 5587 5585
f 5589 5608 5602
f 5605 5589 5606
f 5605 5582 5589
f 5583 5582 5605
f 5583 5605 5576
f 5619 5618 5576
f 5619 5576 5605
f 5619 5605 5604
f 5619 5604 5585
f 5619 5585 5587
f 5619 5587 5618
f 5607 5585 5604
f 5607 5617 5585
f 5607 5598 5617
f 5613 5598 5607
f 5613 5607 5604
f 5613 5604 5606
f 5613 5606 5589
f 5613 5589 5602
f 5589 5588 5608
f 2734 2739 2735
f 2872 2871 2873
f 2872 2873 2874
f 2872 2874 2862
f 2875 2862 2874
f 2876 2877 2865
f 2877 2878 2868
f 2868 2878 2870
f 2858 2869 2870
f 2858 2870 2736
f 2858 2871 2869
f 2873 2871 2858
f 2873 2858 2874
f 2879 2875 2874
f 2879 2734 2863
f 2879 2863 2875
f 2879 2858 2736
f 2879 2736 2734
f 2879 2874 2858
f 2734 2876 2863
f 2734 2735 2877
f 2734 2877 2876
f 2880 2877 2735
f 2880 2734 2878
f 2880 2878 2877
f 2880 2735 2739
f 2880 2739 2734
f 2734 2736 2870
f 2734 2870 2878
f 5039 5040 5043
f 5162 5173 5174
f 5162 5174 5172
f 5175 5176 5173
f 5175 5165 5177
f 5175 5177 5176
f 5178 5177 5165
f 5179 5168 5180
f 5180 5171 5181
f 5171 5172 5181
f 5161 5041 5172
f 5161 5172 5174
f 5161 5174 5173
f 5176 5161 5173
f 5176 5177 5161
f 5182 5177 5178
f 5182 5178 5166
f 5182 5166 5039
f 5182 5039 5041
f 5182 5041 5161
f 5182 5161 5177
f 5039 5166 5179
f 5039 5179 5180
f 5039 5180 5040
f 5183 5040 5180
f 5183 5180 5181
f 5183 5181 5039
f 5183 5039 5043
f 5183 5043 5040
f 5039 5181 5172
f 5039 5172 5041
f 5758 5670 5673
f 5758 5673 5675
f 5758 5675 5678
f 5758 5678 5670
f 5764 5760 5768
f 5671 5670 5669
f 5672 5673 5670
f 5672 5670 5671
f 5674 5673 5672
f 5675 5673 5674
f 5677 5678 5675
f 5677 5675 5676
f 5679 5678 5677
f 5679 5670 5678
f 5669 5670 5679
f 5681 5669 5680
f 5681 5671 5669
f 5682 5671 5681
f 5672 5671 5682
f 5683 5674 5672
f 5685 5675 5674
f 5685 5674 5684
f 5686 5675 5685
f 5686 5676 5675
f 5687 5676 5686
f 5677 5676 5687
f 5680 5669 5679
f 5680 5679 5677
f 5759 5760 5761
f 5761 5760 5762
f 5762 5760 5763
f 5763 5760 5764
f 5763 5764 5765
f 5765 5764 5766
f 5766 5764 5767
f 5767 5764 5768
f 5769 5768 5760
f 5769 5760 5759
f 5770 5759 5761
f 5771 5761 5772
f 5772 5761 5762
f 5762 5763 5773
f 5773 5763 5774
f 5774 5763 5765
f 5767 5768 5775
f 5775 5768 5769
f 5775 5769 5776
f 5776 5769 5759
f 5776 5759 5770
f 5688 5682 5681
f 5689 5682 5688
f 5689 5672 5682
f 5684 5674 5683
f 5686 5685 5684
f 5690 5677 5687
f 5691 5677 5690
f 5680 5677 5691
f 5693 5681 5680
f 5693 5680 5692
f 5688 5681 5693
f 5694 5672 5689
f 5695 5672 5694
f 5696 5683 5672
f 5696 5672 5695
f 5696 5684 5683
f 5697 5684 5696
f 5697 5686 5684
f 5698 5686 5697
f 5687 5686 5698
f 5699 5691 5690
f 5699 5690 5687
f 5692 5680 5691
f 5692 5691 5699
f 5700 5693 5692
f 5700 5688 5693
f 5694 5689 5688
f 5701 5695 5694
f 5701 5696 5695
f 5697 5696 5701
f 5702 5687 5698
f 5703 5687 5702
f 5704 5687 5703
f 5704 5699 5687
f 5692 5699 5704
f 5705 5700 5692
f 5706 5700 5705
f 5706 5688 5700
f 5697 5701 5707
f 5708 5698 5697
f 5709 5698 5708
f 5709 5702 5698
f 5710 5702 5709
f 5710 5703 5702
f 5704 5703 5710
f 5711 5692 5704
f 5705 5692 5711
f 5712 5706 5705
f 5713 5688 5706
f 5713 5706 5712
f 5694 5688 5713
f 5707 5701 5714
f 5715 5697 5707
f 5708 5697 5715
f 5716 5709 5708
f 5710 5709 5716
f 5718 5710 5717
f 5718 5704 5710
f 5719 5704 5718
f 5720 5711 5704
f 5720 5704 5719
f 5705 5711 5720
f 5721 5712 5705
f 5722 5712 5721
f 5722 5713 5712
f 5723 5713 5722
f 5723 5694 5713
f 5701 5694 5723
f 5715 5707 5714
f 5724 5708 5715
f 5725 5708 5724
f 5725 5716 5708
f 5726 5717 5710
f 5726 5718 5717
f 5719 5718 5726
f 5705 5720 5719
f 5727 5723 5722
f 5727 5701 5723
f 5714 5701 5727
f 5715 5714 5728
f 5725 5724 5715
f 5726 5710 5716
f 5726 5716 5725
f 5730 5705 5719
f 5730 5719 5729
f 5732 5721 5705
f 5732 5705 5731
f 5722 5721 5732
f 5728 5714 5727
f 5733 5715 5728
f 5734 5715 5733
f 5734 5725 5715
f 5735 5725 5734
f 5735 5726 5725
f 5736 5726 5735
f 5737 5719 5726
f 5737 5726 5736
f 5738 5719 5737
f 5738 5729 5719
f 5731 5730 5729
f 5731 5705 5730
f 5740 5732 5731
f 5740 5722 5732
f 5741 5722 5740
f 5741 5727 5722
f 5742 5727 5741
f 5742 5728 5727
f 5743 5734 5733
f 5735 5737 5736
f 5738 5737 5735
f 5739 5731 5729
f 5745 5739 5744
f 5745 5731 5739
f 5745 5740 5731
f 5746 5740 5745
f 5746 5741 5740
f 5747 5742 5741
f 5747 5728 5742
f 5747 5733 5728
f 5743 5733 5747
f 5748 5735 5734
f 5748 5738 5735
f 5749 5738 5748
f 5749 5729 5738
f 5744 5739 5729
f 5744 5729 5749
f 5750 5745 5744
f 5750 5746 5745
f 5751 5747 5741
f 5752 5747 5751
f 5752 5743 5747
f 5752 5734 5743
f 5753 5734 5752
f 5753 5748 5734
f 5750 5744 5749
f 5755 5746 5750
f 5755 5750 5754
f 5755 5741 5746
f 5755 5751 5741
f 5756 5751 5755
f 5756 5752 5751
f 5756 5753 5752
f 5756 5748 5753
f 5757 5748 5756
f 5757 5749 5748
f 5757 5750 5749
f 5754 5750 5757
f 5756 5755 5754
f 5756 5754 5757
f 5777 5770 5761
f 5777 5761 5771
f 5778 5772 5762
f 5778 5762 5773
f 5779 5766 5767
f 5779 5767 5780
f 5780 5767 5775
f 5780 5775 5781
f 5781 5775 5776
f 5777 5776 5770
f 5782 5777 5771
f 5782 5771 5783
f 5783 5771 5772
f 5778 5773 5784
f 5784 5773 5774
f 5774 5765 5785
f 5785 5765 5766
f 5785 5766 5779
f 5786 5781 5776
f 5786 5776 5777
f 5787 5777 5782
f 5783 5772 5788
f 5788 5772 5778
f 5778 5784 5789
f 5789 5784 5774
f 5790 5785 5779
f 5790 5779 5780
f 5790 5780 5781
f 5781 5786 5791
f 5791 5786 5777
f 5791 5777 5787
f 5792 5787 5782
f 5792 5782 5783
f 5793 5788 5778
f 5793 5778 5789
f 5789 5774 5794
f 5794 5774 5785
f 5794 5785 5795
f 5795 5785 5790
f 5796 5790 5781
f 5797 5781 5791
f 5798 5787 5792
f 5798 5792 5799
f 5799 5792 5783
f 5799 5783 5788
f 5799 5788 5800
f 5800 5788 5793
f 5801 5793 5789
f 5801 5789 5794
f 5801 5794 5795
f 5795 5790 5802
f 5802 5790 5796
f 5803 5796 5781
f 5803 5781 5804
f 5804 5781 5797
f 5804 5797 5805
f 5805 5797 5791
f 5805 5791 5806
f 5806 5791 5787
f 5807 5787 5798
f 5800 5793 5808
f 5808 5793 5801
f 5809 5801 5795
f 5802 5796 5810
f 5810 5796 5803
f 5810 5803 5804
f 5805 5806 5787
f 5805 5787 5807
f 5807 5798 5811
f 5811 5798 5799
f 5811 5799 5812
f 5812 5799 5800
f 5808 5801 5813
f 5813 5801 5809
f 5814 5809 5795
f 5814 5795 5815
f 5815 5795 5802
f 5815 5802 5810
f 5816 5810 5804
f 5817 5804 5805
f 5817 5805 5807
f 5818 5807 5811
f 5819 5812 5800
f 5819 5800 5820
f 5820 5800 5808
f 5820 5808 5813
f 5813 5809 5814
f 5821 5814 5815
f 5821 5815 5810
f 5816 5804 5817
f 5822 5817 5807
f 5822 5807 5818
f 5818 5811 5823
f 5823 5811 5812
f 5823 5812 5819
f 5823 5819 5824
f 5824 5819 5825
f 5825 5819 5820
f 5825 5820 5826
f 5826 5820 5813
f 5826 5813 5827
f 5827 5813 5814
f 5827 5814 5821
f 5828 5821 5810
f 5828 5810 5816
f 5828 5816 5829
f 5829 5816 5830
f 5830 5816 5817
f 5830 5817 5822
f 5830 5822 5818
f 5831 5818 5823
f 5826 5827 5832
f 5832 5827 5821
f 5832 5821 5833
f 5833 5821 5828
f 5834 5830 5818
f 5834 5818 5831
f 5831 5823 5835
f 5835 5823 5824
f 5824 5825 5836
f 5836 5825 5826
f 5836 5826 5832
f 5832 5833 5828
f 5832 5828 5837
f 5837 5828 5829
f 5837 5829 5838
f 5838 5829 5830
f 5838 5830 5834
f 5838 5834 5839
f 5839 5834 5831
f 5840 5831 5835
f 5840 5835 5824
f 5840 5824 5836
f 5840 5836 5841
f 5841 5836 5832
f 5841 5832 5842
f 5842 5832 5837
f 5842 5837 5838
f 5838 5839 5840
f 5840 5839 5831
f 5842 5838 5841
f 5838 5840 5841
f 5238 5280 5237
f 5231 5236 5238
f 5234 5227 5291
f 5311 5274 5238
f 5237 5278 5238
f 5238 5275 5311
f 5291 5226 5231
f 5291 5231 5238
f 5234 5291 5238
