v 0.0026 0.384173 -0.139009
v 0.0026 0.378657 -0.159468
v -0.335135 0.007513 -0.25555
v -0.350916 -0.008982 -0.25555
v -0.351116 0.010235 -0.25555
v -0.4603 0.053968 -0.102891
v 0.198802 -0.140373 -0.25555
v 0.04084 -0.098469 -0.085169
v 0.05521 -0.091974 -0.08141
v 0.096835 0.228703 0.034398
v -0.224971 0.213969 -0.241523
v -0.103699 0.352625 -0.25555
v -0.313869 0.131124 -0.044779
v -0.032394 -0.165021 -0.105267
v -0.033099 -0.180973 -0.108071
v 0.229845 -0.102934 -0.25555
v 0.07542 0.33684 -0.240042
v 0.059551 0.052213 0.181679
v 0.103026 0.118042 -0.25555
v 0.207376 -0.434921 -0.25555
v 0.205319 -0.418923 -0.25555
v 0.122578 -0.298291 -0.25555
v 0.155049 0.123567 0.164201
v -0.207 0.316909 -0.119043
v -0.042873 0.488383 0.098989
v -0.045491 0.486528 0.083098
v -0.058035 0.487972 0.093265
v -0.387349 0.00279 0.241719
v -0.113838 0.019026 0.253114
v 0.075722 -0.08246 -0.25555
v 0.080379 -0.063241 -0.25555
v -0.4603 -0.021976 0.065229
v -0.4603 -0.007105 0.071684
v -0.4603 -0.008917 0.055649
v 0.1473 0.15919 0.228388
v -0.243528 0.019026 0.253114
v 0.026466 -0.105085 -0.088764
v 0.012811 -0.097448 -0.084549
v -0.192223 0.025903 -0.25555
v -0.360199 -0.024454 0.04223
v 0.140398 -0.102766 -0.09887
v 0.299978 0.160921 -0.10739
v -0.087829 0.107817 -0.25555
v 0.216219 -0.279807 -0.12554
v -0.081781 0.463531 -0.200934
v -0.064962 0.463377 -0.209077
v -0.000336 0.235334 -0.25555
v -0.411694 0.118955 0.038057
v 0.243178 0.020975 0.004592
v 0.230812 0.02297 0.016004
v 0.196962 -0.05461 -0.25555
v 0.331774 0.011207 -0.050726
v 0.105154 -0.234718 -0.117544
v 0.060393 0.289358 0.13991
v 0.049245 -0.101174 -0.25555
v 0.0026 0.428775 0.060719
v 0.0026 0.413821 0.068243
v 0.147477 0.306479 -0.05912
v 0.280403 -0.363157 -0.140231
v -0.383104 -0.008309 0.171924
v -0.020387 0.455841 -0.192721
v -0.02682 0.494043 0.155197
v -0.264149 0.044353 0.248652
v 0.075251 0.027516 0.12114
v -0.25011 0.164087 0.227519
v -0.264373 0.181252 0.224499
v -0.053558 0.371636 0.190943
v -0.379609 -0.046342 -0.227474
v -0.035683 0.481185 0.057302
v -0.050721 0.482287 0.051206
v -0.18883 0.461892 -0.032732
v 0.4603 -0.489104 -0.172471
v 0.4603 -0.485274 -0.187703
v -0.067597 0.315759 0.200798
v 0.275948 -0.025335 -0.25555
v 0.227009 0.319549 -0.187477
v -0.207991 0.108214 0.237396
v -0.176221 -0.020823 0.075273
v -0.403249 -0.026954 0.019744
v -0.389542 -0.028372 0.011205
v 0.446261 -0.345992 -0.25555
v -0.4603 0.109712 -0.068943
v -0.053558 0.19602 0.221905
v -0.17493 -0.017023 0.107446
v -0.4603 0.047123 -0.24172
v 0.231685 -0.188697 -0.25555
v 0.247667 -0.191418 -0.25555
v 0.237319 -0.203897 -0.25555
v 0.191964 0.32439 -0.145109
v -0.4603 0.074707 0.195706
v -0.095676 0.076282 0.243013
v 0.233749 0.209714 -0.25555
v 0.256005 -0.376843 -0.142645
v -0.316548 0.032891 0.250667
v -0.016689 0.458602 -0.08384
v 0.001393 -0.092516 -0.25555
v 0.088997 0.277088 -0.25555
v 0.078478 -0.201637 -0.111742
v 0.373676 -0.127426 -0.25555
v -0.205596 -0.111729 -0.156441
v -0.336435 0.156167 0.22893
v -0.372999 0.145582 0.217621
v 0.4603 0.17606 -0.25555
v 0.4603 -0.467602 -0.227729
v 0.064286 -0.302607 -0.25555
v 0.446263 -0.407004 -0.166476
v 0.432236 -0.398916 -0.167293
v 0.167681 0.044123 0.135943
v 0.125562 0.057239 -0.25555
v -0.048646 -0.263731 -0.194678
v 0.120529 -0.406378 -0.190271
v 0.129103 -0.411104 -0.176713
v -0.236766 0.22413 0.159921
v 0.359788 -0.358149 -0.164644
v 0.36897 -0.371473 -0.164257
v -0.099722 -0.162729 -0.25555
v 0.232968 -0.458579 -0.157019
v 0.36339 -0.491609 -0.162909
v -0.371548 0.111901 -0.066514
v -0.356624 0.114918 -0.060947
v 0.044117 0.352885 -0.016164
v 0.227887 -0.096574 -0.161533
v 0.245348 -0.057458 -0.099634
v 0.108871 -0.383744 -0.25555
v -0.229527 -0.097711 -0.160826
v 0.286709 -0.153164 -0.179029
v -0.256931 0.183526 0.054959
v -0.4603 -0.024935 -0.199078
v -0.081637 0.291811 0.205016
v 0.236288 -0.403103 -0.25555
v 0.243974 -0.304181 -0.25555
v 0.054987 0.019712 0.231101
v 0.39253 -0.016704 -0.25555
v 0.388626 -0.329353 -0.25555
v 0.070857 0.198903 0.107629
v -0.039997 -0.142434 -0.25555
v -0.414382 -0.018816 0.092744
v 0.378223 -0.384767 -0.163531
v 0.176477 0.175177 -0.026705
v 0.172219 0.177942 -0.011003
v 0.016418 0.352251 -0.081353
v 0.030257 0.350493 -0.073094
v 0.0026 0.420572 -0.07759
v 0.109048 0.188289 0.047636
v 0.034555 0.343432 -0.227704
v -0.316563 -0.061309 -0.206348
v -0.330787 -0.057193 -0.213986
v 0.066738 0.201581 0.123078
v 0.389302 -0.076113 -0.205501
v 0.4603 0.099128 -0.228031
v 0.369352 -0.204825 -0.193634
v 0.362698 -0.21912 -0.189866
v 0.171399 -0.126663 -0.119897
v 0.164897 -0.140757 -0.112407
v 0.342425 0.162685 -0.097496
v 0.447345 -0.041605 -0.148109
v 0.040261 0.027733 0.251575
v 0.4603 -0.402732 -0.25555
v -0.278188 0.084265 0.241609
v 0.219032 0.246107 -0.11738
v 0.227476 0.25728 -0.125546
v 0.22811 -0.154473 -0.151481
v 0.248587 -0.234299 -0.25555
v -0.379262 0.104386 -0.25555
v -0.100146 -0.107615 -0.089979
v -0.11453 -0.114467 -0.092974
v -0.328279 -0.013131 0.137633
v 0.100853 0.334163 -0.180454
v 0.116818 0.332092 -0.178544
v 0.444093 0.308587 -0.209001
v 0.4603 0.3085 -0.20935
v 0.4603 0.308305 -0.224344
v -0.123755 0.172072 0.226124
v -0.109715 0.164091 0.227538
v -0.109715 0.180056 0.224722
v 0.402766 -0.246312 -0.25555
v 0.4603 0.159848 -0.25555
v -0.207 0.36193 0.009296
v 0.330864 0.084814 -0.047805
v -0.207 0.422224 0.168024
v 0.0026 0.426678 0.125411
v 0.0026 0.407278 0.135717
v -0.4603 0.048235 0.219545
v -0.4603 0.027203 0.219189
v 0.423481 0.00447 -0.088996
v 0.355743 -0.281029 -0.25555
v -0.292252 -0.036663 -0.01582
v -0.305931 -0.033694 -0.007721
v 0.393863 0.057622 -0.064213
v 0.390249 0.042219 -0.060676
v 0.056149 0.294198 0.176126
v 0.056207 0.278109 0.178118
v -0.371421 0.119475 0.023416
v -0.38647 0.117408 0.017753
v -0.4603 0.133579 0.153671
v 0.41726 0.111053 -0.077946
v 0.432259 0.116319 -0.080585
v -0.275082 0.148948 -0.193145
v -0.265917 0.157019 -0.203808
v 0.395731 0.148832 -0.17586
v 0.411784 0.148479 -0.178095
v -0.273784 0.184193 0.180821
v 0.339868 -0.400988 -0.152345
v -0.207 0.392992 0.135212
v 0.316906 -0.318646 -0.160385
v 0.073688 -0.030733 0.001118
v 0.245384 0.237438 -0.134145
v 0.250131 0.221923 -0.134354
v -0.133412 0.473737 -0.026051
v 0.306936 -0.207942 -0.176484
v 0.4603 0.012419 -0.119517
v 0.432221 -0.212325 -0.25555
v 0.432221 -0.228536 -0.25555
v -0.370042 -0.011801 0.147315
v -0.340109 0.145243 0.170705
v -0.361396 -0.048591 -0.166145
v -0.192961 0.440121 0.17886
v -0.432444 0.137971 0.182735
v -0.207 0.326549 -0.013177
v 0.446261 0.200377 -0.25555
v -0.068141 0.465191 -0.150682
v 0.446261 -0.173978 -0.25555
v 0.446522 0.252246 -0.19915
v 0.077751 -0.378938 -0.199661
v 0.067432 -0.371753 -0.209892
v -0.427877 0.1035 -0.25555
v -0.267456 0.196927 0.221741
v -0.261584 0.200001 0.206947
v -0.284057 0.0052 0.25555
v -0.300268 0.0052 0.25555
v -0.432239 -0.038222 -0.142065
v 0.446619 -0.101068 -0.25555
v -0.270878 -0.008942 0.167507
v 0.08323 0.03728 0.097198
v 0.166879 0.183287 0.019384
v 0.164425 0.181139 0.00698
v 0.432377 0.130594 -0.25555
v 0.39161 0.026177 -0.25555
v 0.377068 -0.287663 -0.18046
v 0.4603 -0.355069 -0.226954
v -0.091183 0.484117 0.065368
v 0.0026 0.403327 -0.004719
v 0.252437 0.036625 0.012433
v 0.433208 -0.135854 -0.25555
v -0.010471 -0.029803 0.004363
v -0.011129 -0.034815 -0.01104
v 0.205846 -0.061325 -0.121923
v -0.4603 -0.011294 -0.223384
v -0.4603 0.001548 -0.213491
v 0.098313 0.090362 -0.25555
v 0.338423 -0.072096 -0.183032
v 0.068302 0.252129 -0.25555
v 0.056381 0.325512 -0.25555
v 0.078398 -0.019973 0.082932
v -0.339654 0.112713 -0.241512
v 0.355045 0.246026 -0.25555
v -0.207 0.381426 -0.028908
v 0.446833 -0.067134 -0.25555
v 0.034551 0.34329 -0.25555
v 0.432498 0.04113 -0.067321
v -0.009745 0.273606 0.208225
v -0.30353 0.143769 0.034453
v 0.4603 0.233372 -0.210367
v 0.432758 -0.498794 -0.194734
v -0.324333 -0.056993 -0.135742
v 0.103714 0.202052 0.125721
v 0.330196 -0.123615 -0.198732
v 0.339269 -0.137049 -0.198815
v -0.067597 0.283829 0.20643
v -0.411666 0.103646 -0.227472
v 0.396323 0.053857 -0.25555
v -0.142216 0.463102 -0.227479
v -0.15851 0.463103 -0.227445
v -0.207 0.365364 -0.227471
v -0.207 0.349152 -0.227471
v -0.145423 -0.157585 -0.18535
v -0.4603 0.047297 -0.060522
v 0.0026 0.415896 -0.185367
v 0.444091 -0.499741 -0.25555
v 0.41171 -0.498136 -0.25555
v 0.029469 0.375022 0.140869
v 0.191216 -0.281496 -0.25555
v 0.185582 -0.266295 -0.25555
v -0.308374 0.002779 0.241721
v 0.199184 -0.390349 -0.144991
v -0.165934 0.469937 -0.053728
v -0.057819 -0.05395 -0.25555
v -0.054671 -0.232834 -0.117248
v 0.331162 0.256019 -0.178663
v 0.348174 0.256033 -0.184063
v -0.035296 -0.019669 0.085817
v -0.02159 -0.020673 0.077217
v 0.137415 0.336311 -0.051369
v -0.4603 0.098739 -0.027368
v -0.4603 0.097468 -0.043666
v -0.265914 0.143154 0.231231
v -0.296364 0.155449 0.097824
v 0.165808 -0.334136 -0.25555
v -0.198291 0.478537 0.172093
v 0.315274 -0.373828 -0.25555
v 0.214784 -0.143094 -0.25555
v 0.288391 0.159089 -0.037073
v -0.213664 0.245862 -0.183515
v -0.210202 0.260847 -0.178389
v 0.333318 0.021861 -0.25555
v -0.162375 0.485045 0.17094
v 0.4603 0.081758 -0.129559
v 0.013772 0.019026 0.253114
v 0.444094 -0.065217 -0.143834
v 0.4603 -0.418943 -0.227471
v 0.147986 -0.245652 -0.25555
v 0.209317 -0.449881 -0.169514
v -0.207 0.403875 -0.180402
v 0.423579 -0.353788 -0.174717
v 0.416843 -0.368191 -0.171553
v 0.289168 0.100587 -0.25555
v -0.332691 0.0052 0.25555
v -0.109715 0.29181 0.205012
v 0.255278 -0.0716 -0.179932
v -0.232979 -0.022382 0.061398
v 0.446261 -0.293253 -0.25555
v 0.101773 0.19771 0.10111
v 0.170253 0.036984 0.095425
v -0.275329 -0.076487 -0.201522
v -0.4603 0.02347 -0.045665
v -0.40201 -0.029091 -0.25555
v -0.142746 -0.160806 -0.25555
v -0.202889 0.440432 -0.080698
v 0.238741 -0.195992 -0.149822
v 0.147253 -0.226555 -0.11614
v -0.409872 -0.003235 0.205051
v 0.267322 0.175635 -0.25555
v -0.138155 0.036056 0.250114
v 0.149891 0.231746 -0.048842
v 0.164565 0.194145 0.080738
v -0.234956 0.200643 -0.083411
v -0.233642 0.203918 -0.067588
v 0.147676 0.18912 0.0524
v -0.324621 0.13727 0.071205
v 0.211911 -0.256537 -0.25555
v 0.104313 0.198592 0.025087
v 0.112347 0.19614 0.011222
v 0.445187 0.266952 -0.25555
v 0.0554 0.255775 0.197114
v -0.4603 0.012986 -0.115547
v -0.205541 0.224149 -0.25555
v -0.200335 0.240765 -0.25555
v -0.180086 -0.067953 -0.062235
v -0.385037 -0.014967 0.123787
v -0.214481 -0.106962 -0.182654
v -0.225466 -0.100777 -0.192847
v -0.212469 -0.108525 -0.198666
v -0.179913 0.044352 0.248649
v -0.196381 0.048192 0.247975
v -0.408197 -0.039804 -0.132268
v 0.316367 0.156199 -0.053186
v 0.302143 0.157573 -0.045524
v -0.164942 -0.030391 0.002726
v 0.259966 -0.022614 -0.25555
v 0.4603 0.038105 -0.141065
v 0.126758 0.299775 -0.029993
v 0.379421 0.09946 -0.25555
v 0.385055 0.084259 -0.25555
v -0.30848 -0.0642 -0.220099
v 0.173518 0.068969 0.117082
v -0.302625 0.129247 -0.228016
v 0.249137 0.304974 -0.148401
v -0.299872 0.149484 0.066149
v 0.015695 -0.328033 -0.133998
v -0.222031 0.068299 0.244422
v 0.088049 -0.386291 -0.213433
v -0.314305 -0.058883 -0.109583
v 0.285879 0.044294 -0.015198
v 0.27424 0.056642 -0.009018
v 0.157796 0.204411 0.139025
v -0.045291 0.475662 -0.006608
v -0.034004 -0.015739 0.117974
v 0.049574 0.366726 0.108069
v 0.143914 0.019226 -0.005093
v 0.133638 0.225882 -0.026712
v -0.4603 -0.002981 -0.031779
v 0.139488 0.186719 0.038616
v 0.341602 -0.36407 -0.25555
v 0.2029 0.012092 -0.045504
v 0.30699 0.012103 -0.25555
v 0.072075 0.299414 0.085946
v -0.22408 0.236003 0.074069
v -0.207 0.34788 -0.109452
v 0.280254 0.086962 -0.018804
v -0.4603 0.079553 0.214267
v -0.4603 -0.014236 0.12961
v -0.178806 0.356186 0.193658
v -0.193144 0.068784 -0.25555
v -0.132384 0.497617 0.154464
v -0.124279 0.5 0.1683
v 0.001928 -0.04552 -0.033424
v 0.001292 -0.054729 -0.046684
v -0.4603 0.103119 0.021324
v -0.264204 -0.037018 -0.016805
v -0.24661 0.181554 -0.120006
v -0.169576 0.207186 -0.25555
v 0.137949 -0.028359 0.010964
v 0.148088 -0.031486 -0.001293
v 0.111832 0.340668 -0.039754
v -0.260862 0.009108 -0.25555
v 0.033875 -0.022707 0.058893
v 0.162126 -0.16261 -0.25555
v 0.027722 -0.082758 -0.25555
v 0.197882 -0.097491 -0.25555
v -0.173615 0.234848 -0.25555
v 0.0026 0.418575 0.14201
v -0.219498 0.235326 -0.042074
v 0.444971 0.30818 -0.25555
v -0.149438 0.330831 -0.25555
v -0.254596 -0.000337 0.22298
v 0.4603 -0.196114 -0.25555
v 0.26825 -0.408546 -0.25555
v 0.0026 0.419843 -0.061395
v 0.062351 0.31044 -0.25555
v 0.243789 0.011932 -0.046605
v 0.263671 0.010698 -0.053608
v 0.38873 0.295038 -0.25555
v 0.057845 0.331146 0.15116
v 0.223419 -0.40431 -0.147478
v 0.212161 0.019313 -0.004664
v 0.412193 -0.190951 -0.25555
v -0.4603 -0.024119 -0.16685
v 0.336889 -0.391751 -0.25555
v 0.113513 -0.032551 -0.004206
v -0.150883 0.29844 -0.25555
v 0.4603 -0.268936 -0.25555
v 0.190157 -0.112946 -0.135657
v 0.070425 0.315332 0.088537
v -0.199795 0.458153 0.052236
v -0.334363 -0.054934 -0.161961
v -0.025957 0.245952 0.213094
v -0.017851 0.25978 0.210666
v 0.040135 -0.349009 -0.137711
v 0.052708 -0.359086 -0.139494
v 0.312617 -0.390813 -0.146346
v 0.367435 0.065146 -0.058466
v 0.067293 -0.352668 -0.138339
v 0.285443 0.16182 -0.102252
v 0.379199 -0.384714 -0.25555
v 0.343734 -0.489585 -0.227472
v 0.056417 0.042554 0.207844
v -0.150561 -0.151655 -0.137353
v -0.042897 0.497206 0.154554
v 0.082087 0.3536 0.046573
v 0.344027 -0.359011 -0.160947
v 0.119441 -0.168669 -0.105899
v -0.268224 -0.04922 -0.25555
v 0.209261 0.114194 -0.25555
v 0.0551 0.3789 0.18966
v 0.162337 0.174057 0.128581
v 0.368005 -0.072958 -0.187648
v 0.343299 -0.052988 -0.25555
v -0.4603 0.04539 -0.116648
v 0.1473 0.202337 0.220799
v 0.282833 0.270221 -0.25555
v 0.4603 0.3081 -0.25555
v 0.124656 0.023782 0.020582
v 0.104935 -0.37912 -0.143006
v 0.152922 0.266202 -0.25555
v -0.31885 0.133756 0.013155
v 0.432236 -0.143102 -0.212392
v 0.432237 -0.127137 -0.215208
v 0.417146 0.035641 -0.25555
v 0.27908 0.314447 -0.25555
v 0.319178 -0.06118 -0.25555
v 0.446263 -0.119261 -0.217218
v -0.432472 -0.007458 0.177792
v -0.4603 0.020613 0.108955
v 0.155125 0.199705 -0.049299
v 0.324923 0.165706 -0.25555
v 0.432218 -0.025692 -0.25555
v -0.058334 -0.116655 -0.093708
v -0.292228 0.060318 0.24584
v -0.366847 0.139588 0.175153
v -0.039153 -0.034225 -0.010082
v 0.430742 -0.002104 -0.126268
v -0.378901 0.113946 -0.02432
v -0.223862 -0.070788 -0.064476
v -0.108633 -0.191598 -0.124071
v -0.273916 0.171369 0.092316
v 0.297067 0.314472 -0.175598
v 0.348289 0.311266 -0.193754
v -0.275844 0.156889 -0.029172
v 0.0026 0.374752 0.108091
v 0.151574 -0.060296 -0.115869
v -0.028585 0.461297 -0.166455
v 0.4603 -0.443045 -0.17338
v 0.4603 -0.009475 -0.25555
v 0.110476 0.315722 -0.006634
v -0.192548 0.479901 0.131056
v 0.204681 0.322712 -0.155106
v 0.145625 0.329579 -0.146868
v -0.4603 0.095905 0.176634
v -0.4603 0.110328 0.187139
v -0.4603 0.095178 -0.076124
v 0.327518 0.06955 -0.043489
v -0.303395 0.130836 -0.14537
v -0.207 0.35024 0.020528
v -0.368109 -0.045337 -0.11808
v 0.027021 0.25023 0.21234
v -0.220313 0.23181 -0.057878
v 0.056452 0.212684 0.186073
v 0.189175 0.166021 -0.078559
v -0.059478 -0.006635 0.183254
v 0.131584 -0.411707 -0.14876
v 0.34844 -0.150483 -0.198773
v 0.016423 0.360755 0.015627
v -0.203632 -0.018837 0.092475
v -0.31024 -0.06385 -0.25555
v -0.4603 0.007747 0.07814
v -0.163942 0.191985 -0.25555
v -0.077703 -0.020426 0.07944
v 0.120101 0.011131 0.029638
v 0.090733 -0.005377 0.086896
v -0.00164 0.204476 0.220419
v 0.283477 -0.060943 -0.119502
v 0.295254 0.31334 -0.25555
v -0.444089 0.1035 -0.25555
v -0.4603 0.1035 -0.25555
v 0.401978 0.168331 -0.25555
v -0.260257 0.189248 0.128828
v -0.249816 0.188664 0.028287
v -0.165873 0.052336 0.247245
v -0.35675 0.025436 -0.25555
v -0.362384 0.040636 -0.25555
v -0.157156 0.49478 0.137471
v -0.209807 0.264084 -0.162517
v 0.4603 0.105089 -0.181548
v -0.242823 -0.090491 -0.154997
v -0.126729 -0.173414 -0.134919
v 0.280772 0.244432 -0.25555
v 0.098909 0.043658 0.133384
v 0.098183 0.036912 0.09508
v -0.194508 0.17974 0.22478
v -0.003426 -0.310645 -0.145029
v 0.207768 0.207113 -0.101739
v -0.4603 -0.023289 -0.25555
v 0.4603 0.127211 -0.205931
v 0.07865 0.264608 -0.25555
v -0.055559 0.478441 0.019378
v 0.010066 -0.158834 -0.104134
v 0.327625 0.311526 -0.25555
v -0.316868 0.136314 0.02904
v 0.375522 -0.070741 -0.175085
v 0.4603 -0.466871 -0.158514
v 0.17662 0.089013 0.106609
v 0.43292 -0.499106 -0.211486
v -0.399182 0.110194 -0.061908
v 0.090012 0.203582 0.053481
v -0.207 0.367078 0.163228
v 0.120522 0.330838 -0.210871
v 0.311977 0.286103 -0.176818
v 0.4603 -0.016892 -0.209745
v 0.4603 -0.025687 -0.227471
v 0.414687 -0.173963 -0.205624
v -0.096224 0.251662 -0.25555
v -0.207 0.300518 -0.25555
v -0.192599 0.308415 -0.25555
v 0.046576 0.132578 0.233095
v -0.207328 0.311251 0.096936
v -0.4603 0.087327 0.162878
v 0.390467 -0.415115 -0.25555
v 0.26415 -0.23714 -0.154838
v 0.030279 0.349383 -0.089325
v -0.446261 -0.017285 0.105485
v 0.2014 0.1642 -0.08905
v 0.4603 0.024968 -0.065749
v 0.432183 -0.303217 -0.184147
v -0.009486 -0.264368 -0.122798
v 0.4603 -0.4988 -0.16415
v 0.183301 -0.334946 -0.135257
v 0.346535 -0.007818 -0.25555
v -0.426024 -0.012946 -0.25555
v -0.4603 0.012035 0.095198
v -0.142693 -0.160746 -0.227473
v 0.418182 -0.378415 -0.25555
v 0.262645 -0.086017 -0.180788
v 0.351706 -0.491051 -0.241511
v 0.211314 -0.023898 -0.064938
v -0.128194 -0.106479 -0.089469
v 0.055446 0.376043 0.173706
v 0.199468 0.047226 0.072531
v 0.4603 0.031075 -0.241511
v 0.446261 0.283783 -0.25555
v 0.353552 -0.205737 -0.19012
v 0.0026 0.385255 0.082152
v -0.08769 -0.215932 -0.128377
v -0.277736 0.154053 -0.04502
v 0.050257 -0.143561 -0.25555
v -0.136392 -0.027443 0.017281
v 0.204548 0.086513 -0.25555
v -0.303488 0.111645 -0.25555
v -0.362425 0.052334 0.247239
v 0.146355 0.247488 -0.047269
v 0.187046 0.12112 0.080152
v -0.179913 0.219967 0.217681
v -0.267901 -0.078634 -0.159325
v 0.060223 -0.014172 0.12952
v 0.3915 0.124462 -0.075506
v 0.33182 0.213747 -0.171449
v 0.254129 0.317725 -0.169802
v 0.382677 -0.467359 -0.25555
v 0.370826 -0.478421 -0.25555
v -0.4603 -0.003216 -0.114996
v -0.037124 -0.028991 -0.25555
v 0.113151 -0.353652 -0.25555
v 0.128332 -0.026375 0.023863
v 0.358652 -0.261001 -0.181558
v 0.093214 -0.354985 -0.138777
v 0.332496 0.298239 -0.186555
v -0.032067 -0.009178 0.166125
v 0.000909 0.443051 0.05321
v 0.119313 -0.024917 0.037255
v 0.109531 0.001521 0.048807
v 0.070371 -0.098767 -0.085485
v 0.301048 0.044328 -0.024889
v -0.4603 0.121995 0.162844
v 0.110562 0.33522 -0.122825
v 0.306847 -0.481719 -0.205145
v -0.304729 -0.026374 0.023899
v 0.339873 -0.036221 -0.25555
v 0.418859 -0.006946 -0.25555
v -0.41984 -0.001585 0.215733
v -0.422116 -0.003952 0.200826
v -0.221919 -0.034482 -0.010761
v -0.229917 0.207519 -0.110165
v -0.10492 0.466766 -0.1189
v 0.4603 0.079365 -0.161893
v 0.352683 0.139583 -0.066527
v -0.361681 0.121018 0.235129
v 0.411639 -0.313038 -0.18077
v -0.206856 -0.028282 0.012047
v 0.04593 -0.31767 -0.132204
v -0.295093 0.134865 -0.171886
v 0.387592 0.257453 -0.193667
v 0.309393 0.166914 -0.154707
v 0.246614 -0.16841 -0.158736
v 0.35743 0.310305 -0.22484
v -0.015756 0.33084 0.198129
v -0.24396 -0.036495 -0.25555
v -0.292228 0.124176 0.234567
v 0.152587 -0.020008 -0.008864
v 0.016427 0.356066 -0.032824
v 0.304006 -0.343427 -0.25555
v 0.432239 -0.430839 -0.161618
v -0.345374 0.112545 -0.161498
v -0.271209 -0.003372 -0.25555
v -0.21783 0.23597 -0.10044
v -0.170577 0.0052 0.25555
v -0.178683 0.019026 0.253114
v -0.196971 0.447548 -0.107497
v 0.0617 0.219545 0.144062
v -0.215988 0.236545 -0.25555
v 0.194562 -0.168552 -0.12869
v -0.207 0.416174 0.183082
v -0.216053 -0.013757 0.133216
v 0.385913 0.163032 -0.095513
v -0.332437 -4.9e-05 0.224794
v 0.295853 -0.059276 -0.109919
v 0.4603 -0.451366 -0.227471
v -0.024603 0.272835 0.208357
v 0.362515 0.206694 -0.179146
v 0.081253 -0.381867 -0.25555
v 0.048416 -0.057799 -0.25555
v 0.4603 -0.041898 -0.25555
v 0.047196 0.348706 -0.059984
v 0.150587 -0.42376 -0.25555
v 0.411715 -0.498066 -0.227472
v -0.134039 0.483887 0.06363
v -0.207991 0.156108 0.228944
v -0.211053 -0.09054 -0.08048
v 0.134369 0.059025 0.220241
v -0.043678 0.029091 -0.25555
v -0.207 0.332941 -0.25555
v -0.070021 0.469496 -0.076387
v 0.060716 0.111005 -0.25555
v 0.041061 0.354951 0.193877
v 0.268609 0.175394 -0.025641
v -0.274098 -0.019461 0.087203
v -0.4603 -0.020131 0.081335
v -0.207 0.420349 0.070085
v 0.060395 0.207112 0.154383
v 0.4603 -0.101068 -0.241869
v -0.219214 0.228091 -0.204535
v -0.372841 -0.001755 0.214318
v 0.146585 -0.053112 -0.075028
v 0.149032 0.185104 0.19095
v 0.0026 0.372483 0.092039
v 0.035408 0.300386 -0.25555
v 0.419814 0.162149 -0.181482
v -0.288436 0.138591 -0.200217
v 0.4603 0.089715 -0.091461
v 0.221889 0.294343 -0.127967
v 0.397244 0.010976 -0.25555
v -0.178683 0.002787 0.24172
v 0.196153 0.230358 -0.25555
v -0.203825 0.443439 -0.010869
v -0.015509 -0.046913 -0.25555
v 0.058115 0.237535 0.165339
v -0.067134 0.132776 -0.25555
v 0.151132 0.180607 0.17544
v 0.130275 0.084919 -0.25555
v -0.006891 0.293416 -0.25555
v 0.295422 -0.33595 -0.150056
v -0.432238 -0.035921 -0.093472
v -0.30147 -0.037467 -0.25555
v -0.2215 0.2213 -0.25555
v -0.342677 0.11378 -0.145561
v 0.1473 0.2183 0.21797
v 0.252985 0.065966 0.00678
v 0.309308 -0.482004 -0.189124
v -0.11876 0.312465 -0.25555
v -0.240277 0.193938 -0.05667
v -0.059548 0.273899 -0.25555
v 0.075554 -0.333008 -0.25555
v -0.137794 0.19602 0.221904
v 0.186351 0.173198 -0.037998
v 0.096491 -0.047605 -0.043762
v 0.120214 -0.211376 -0.113449
v 0.414517 -0.001794 -0.124276
v -0.4603 0.069849 -0.002579
v -0.2907 0.152146 0.039744
v 0.4603 -0.0653 -0.14425
v 0.393562 0.182501 -0.25555
v 0.164157 -0.41489 -0.25555
v -0.019008 -0.012592 0.141503
v -0.3966 0.111447 -0.045953
v -0.207 0.381767 0.161484
v -0.158427 0.46292 -0.25555
v -0.170735 0.466529 -0.085612
v 0.10958 0.05996 -0.25555
v -0.4603 -0.039124 -0.206918
v -0.126791 -0.17443 -0.164852
v -0.256149 0.036788 -0.25555
v -0.188415 0.455872 -0.11845
v 0.074978 -0.025333 0.033046
v 0.4603 0.05602 -0.180061
v -0.275951 0.019026 0.253114
v 0.375777 0.124887 -0.071581
v -0.080915 0.480808 0.039445
v 0.17067 0.084561 0.121203
v 0.243698 0.164722 -0.086128
v -0.196208 0.456923 -0.006077
v 0.103924 -0.395046 -0.145859
v 0.17968 -0.438069 -0.25555
v 0.149717 0.119692 0.195938
v -0.160579 -0.016102 0.11493
v -0.4603 0.063389 -0.062485
v 0.151756 0.044621 0.138934
v -0.127266 0.214223 -0.25555
v -0.172798 0.492626 0.141143
v 0.432236 -0.382956 -0.170132
v 0.081229 -0.137915 -0.10006
v 0.152057 0.329447 -0.131987
v -0.065816 0.481547 0.04534
v 0.120866 0.21195 0.18172
v 0.062063 0.022332 0.172479
v 0.283276 0.102126 -0.023674
v 0.280239 -0.390803 -0.145141
v -0.117901 0.463295 -0.213435
v 0.4603 -0.001062 -0.213239
v -0.20787 0.27621 -0.241515
v 0.432476 -0.111149 -0.218004
v -0.266993 0.158422 -0.129991
v -0.329933 -0.05716 -0.194003
v 0.0543 0.0052 0.25555
v -0.264149 0.108211 0.23738
v 0.444094 0.009118 -0.062554
v -0.077371 0.463102 -0.227472
v -0.4603 -0.035067 -0.093519
v 0.368835 0.166392 -0.076754
v -0.116883 -0.011001 0.153411
v 0.119244 0.20121 0.121146
v 0.287197 -0.447166 -0.155033
v -0.030776 -0.004337 0.198158
v -0.292224 0.05617 -0.25555
v 0.148631 -0.422181 -0.193685
v -0.124834 -0.177268 -0.213434
v 0.005168 -0.024235 0.043888
v 0.326353 -0.485043 -0.161712
v -0.222031 0.03637 0.250058
v -0.207 0.339925 -0.211215
v -0.21448 0.261317 0.067601
v 0.446264 0.219891 -0.19344
v -0.010795 -0.019233 -0.25555
v 0.296866 0.23662 -0.161734
v 0.186798 0.036946 0.095432
v -0.17429 0.179506 -0.25555
v 0.4603 0.009 -0.06295
v 0.132636 0.323585 -0.04251
v 0.4084 -0.261513 -0.25555
v -0.103553 -0.17945 -0.25555
v -0.06502 -0.220535 -0.115092
v 0.3524 0.026227 -0.046421
v -0.4603 0.129453 0.124549
v -0.048392 0.0014110000000000025 -0.25555
v -0.412708 -0.037861 -0.100216
v -0.207 0.358006 0.052007
v -0.212571 -0.108755 -0.214776
v 0.018406 0.103968 -0.25555
v 0.033617 -0.345412 -0.208602
v 0.01082 -0.037155 -0.25555
v -0.080949 -0.031399 -0.0007179999999999999
v 0.4603 -0.185643 -0.220054
v 0.094995 0.215973 0.204496
v -0.079546 0.5 0.1683
v -0.126346 0.171342 -0.25555
v -0.102788 -0.201044 -0.241511
v -0.361694 0.111719 -0.092808
v 0.225295 0.182421 0.014448000000000003
v -0.179912 0.140141 0.231751
v -0.038853 0.298858 -0.25555
v 0.39118 -0.064241 -0.138293
v -0.292265 -0.06462 -0.073239
v -0.23074 0.089428 -0.25555
v 0.169824 0.2206 -0.25555
v 0.005666 0.0052 0.25555
v -0.099208 -0.103868 -0.25555
v -0.157145 0.488908 0.099632
v 0.255141 -0.292381 -0.25555
v 0.046464 -0.214123 -0.25555
v -0.206666 0.421716 -0.101284
v 0.37931 -0.142627 -0.25555
v 0.063418 -0.224976 -0.115858
v -0.4603 0.070172 0.135366
v 0.238818 0.004323 -0.089703
v 0.261696 -0.350464 -0.25555
v -0.207 0.338469 0.148662
v -0.088181 -0.00887 0.16834
v 0.014154 0.132838 0.233042
v -0.099692 -0.202854 -0.152659
v 0.208238 -0.1685 -0.137457
v 0.112342 -0.068684 -0.25555
v 0.280078 -0.418051 -0.149899
v -0.077371 0.46292 -0.25555
v 0.072575 0.343905 -0.070996
v 0.178856 0.034559 0.081502
v -0.390378 0.10494 -0.177989
v 0.07957 0.221727 -0.25555
v -0.113237 0.055177 -0.25555
v -0.165873 0.371636 0.190943
v 0.348253 -0.462057 -0.25555
v -0.11718 0.467362 -0.10831
v 0.228115 0.224915 -0.25555
v -0.084036 0.178378 -0.25555
v 0.25025 0.168627 -0.063788
v -0.200899 0.454564 0.036465
v -0.387362 0.104062 -0.241511
v 0.4603 -0.287309 -0.187835
v 0.183027 0.150352 0.082614
v -0.214022 0.265154 0.083339
v -0.432551 0.084343 0.241597
v 0.303197 -0.058459 -0.25555
v 0.187927 -0.047081 -0.040791
v -0.432872 0.110807 -0.053899
v 0.01034 -0.008197 0.172472
v -0.021901999999999998 -0.292409 -0.155942
v -0.167377 -0.07584 -0.069214
v 0.432247 0.196081 -0.188435
v -0.118174 -0.015294 0.1213
v 0.232717 -0.209971 -0.14424
v -0.214738 0.243771 -0.127236
v -0.236753 -0.044717 -0.032238
v 0.15189 0.066997 -0.25555
v 0.027021 0.331004 0.198099
v -0.029897 0.060851 0.245744
v 0.016427 0.346636 -0.214983
v 0.133261 0.103313 0.238246
v -0.011827 -0.218438 -0.25555
v -0.05966 0.031812 -0.25555
v 0.283534 0.115788 -0.25555
v 0.029915000000000004 0.36793 0.093355
v 0.216152 0.165175 -0.083661
v 0.131084 -0.200049 -0.25555
v -0.137725 -0.040343 -0.25555
v 0.0064659999999999995 0.190649 0.222856
v 0.121032 0.289047 -0.019272
v -0.164181 0.481392 0.051989
v -0.200387 0.28114 0.206898
v -0.404303 -0.030625 0.0011769999999999975
v 0.349179 -0.414259 -0.152306
v -0.304217 0.156456 0.139955
v 0.149985 0.070236 0.203029
v 0.446261 0.154761 -0.142375
v -0.4603 0.035859 -0.158466
v 0.166109 0.325025 -0.227472
v 0.003223 -0.03216 -0.003985999999999999
v 0.200755 0.015952 -0.25555
v -0.25846 -0.01455 0.126838
v -0.041284 -0.058504 -0.052093
v -0.255962 0.175826 -0.034943
v -0.034041 -0.280899 -0.25555
v -0.207 0.357258 -0.241511
v -0.179912 0.076282 0.243017
v -0.207 0.359776 -0.120465
v -0.143013 -0.003667 0.202589
v 0.280437 -0.068261 -0.161297
v -0.025479 0.365011 -0.25555
v 0.387836 -0.084935 -0.25555
v 0.110597 -0.293052 -0.127851
v 0.169619 -0.056554 -0.09482
v 0.390103 -0.345992 -0.25555
v -0.008034 -0.147877 -0.25555
v 0.00014400000000000003 0.358666 0.193217
v 0.062406 0.077228 0.242852
v 0.0015039999999999984 0.149571 -0.25555
v -0.261765 0.16176 -0.172004
v 0.097716 0.335664 -0.152591
v -0.369171 0.091698 -0.25555
v 0.384135 0.12714 -0.25555
v -0.109715 0.419531 0.182495
v -0.151834 0.219968 0.217686
v 0.227798 0.103114 0.025484
v 0.0026 0.415739 0.035902
v -0.283841 -0.071155 -0.137454
v 0.098756 0.333012 0.01212
v 0.435901 -0.498596 -0.178055
v -0.182796 0.081264 -0.25555
v -0.207 0.324835 -0.215014
v -0.418059 -0.035642 -0.070062
v -0.169108 0.462985 -0.155956
v 0.363951 0.310566 -0.197877
v -0.279784 0.18168 0.195923
v -0.4603 0.105503 -0.149887
v -0.33311 0.116273 -0.17145
v 0.186782 -0.440511 -0.181779
v 0.325732 -0.119262 -0.25555
v -0.209586 0.279415 0.029869
v 0.345921 -0.122831 -0.202952
v 0.0026 0.410939 -0.120711
v 0.213975 0.141874 -0.25555
v 0.080298 -0.052532 -0.04427
v 0.356123 0.192121 -0.174924
v -0.340054 -0.00491 0.194291
v -0.124715 -0.047143 -0.036043
v 0.35839 0.002364999999999999 -0.101151
v -0.202134 0.465935 0.131758
v -0.126146 0.434851 -0.25555
v 0.025009 0.28795 -0.25555
v 0.121769 -0.013322999999999998 -0.25555
v -0.046551 -0.084352 -0.25555
v 0.0551 0.362932 0.192461
v 0.112758 0.05262 0.183883
v -0.07329 0.0005190000000000004 0.228099
v 0.4603 -0.181357 -0.25555
v 0.049448 0.141407 -0.25555
v -0.053558 0.148125 0.230348
v 0.190635 -0.065283 -0.144382
v 0.029746 -0.342514 -0.25555
v 0.079417 0.176822 0.225285
v 0.175605 -0.265765 -0.123084
v 0.234447 -0.31734 -0.25555
v 0.094408 -0.222287 -0.25555
v -0.187996 -0.0139 0.13211
v 0.395555 -0.496783 -0.25555
v -0.427904 -0.040713 -0.25555
v 0.431788 0.192079 -0.25555
v 0.273186 0.103308 -0.25555
v 0.257987 -0.251173 -0.14956
v 0.193883 0.324872 -0.129018
v -0.047649 0.47407 -0.022568
v -0.20768 -0.079542 -0.25555
v 0.103326 0.029876 0.055099
v 0.188642 -0.18228 -0.122336
v -0.007927 0.481233 0.171614
v -0.264307 0.178723 0.081527
v -0.362425 0.084265 0.241609
v 0.4603 0.039181 -0.25555
v -0.25171 0.151184 -0.25555
v -0.4603 0.108664 -0.085121
v 0.030268 0.36161 0.044382
v -0.348192 -0.046488 -0.060718
v 0.04416 0.344809 -0.12964
v 0.278667 0.171414 -0.141488
v -0.009266999999999996 -0.306342 -0.201608
v -0.208987 0.276585 -0.043383
v 0.063267 0.231986 0.133787
v -0.21215 0.281304 0.145121
v 0.153736 0.184278 0.024667999999999995
v -0.055057 -0.182594 -0.25555
v 0.194953 0.123389 0.066183
v 0.389623 0.152484 -0.07999
v -0.189331 0.471466 0.057404
v 0.218367 0.277003 -0.25555
v -0.194565 -0.116883 -0.107541
v 0.336146 -0.031339 -0.130368
v 0.4225 -0.256671 -0.191749
v 0.303085 -0.300545 -0.25555
v -0.109715 0.339705 0.196566
v 0.002599999999999998 0.41465 -0.169203
v -0.37133 -0.016056 0.115199
v 0.277788 -0.111098 -0.25555
v -0.446261 0.122291 0.068264
v 0.103734 0.135344 0.232602
v 0.431458 -0.074288 -0.195187
v 0.013456000000000001 -0.083845 -0.075755
v 0.157897 -0.075003 -0.118426
v -0.039518 0.108213 0.237392
v 0.183465 -0.307296 -0.13037
v 0.0033450000000000008 0.063808 -0.25555
v -0.015397 0.195174 -0.25555
v -0.091408 -0.019361 0.088033
v 0.137638 -0.258131 -0.25555
v -0.016425 -0.003164 0.205606
v 0.239719 -0.462508 -0.25555
v -0.198377 0.441672 -0.197308
v -0.046328 0.399822 -0.25555
v 0.258652 -0.21682 -0.25555
v -0.4603 0.042671 0.234677
v -0.130954 -0.168663 -0.120028
v -0.4603 0.057781 0.009359
v 0.160382 0.226895 -0.060209
v -0.388712 0.030878 -0.25555
v 0.371792 0.268765 -0.192336
v -0.007164 -0.230026 -0.11672
v 0.337111 0.092423 -0.25555
v 0.1228 0.185882 -0.25555
v 0.0026000000000000007 0.409876 0.151577
v 0.156405 0.024313 0.023505
v -0.4603 -0.007039999999999999 -0.094995
v 0.432221 0.208482 -0.25555
v -0.113558 0.477596 0.011639
v 0.286192 -0.475884 -0.174064
v -0.092431 0.322223 -0.25555
v -0.043314 -0.095432 -0.083433
v -0.427898 0.141342 0.203269
v 0.302388 0.22651 -0.25555
v 0.209038 -0.36998 -0.25555
v -0.081637 0.227951 0.216278
v -0.254511 0.17248 -0.109137
v -0.150565 -0.1181 -0.25555
v -0.446261 0.10409 -0.198815
v 0.084456 0.272759 0.054713
v 0.398579 0.157535 -0.126749
v -0.302515 -0.066317 -0.241513
v 0.305798 -0.110797 -0.193382
v -0.317149 -0.022027 0.064724
v -0.250723 0.211865 0.204855
v -0.167855 -0.06067 -0.053882
v -0.205332 0.142067 -0.25555
v 0.264371 0.126461 -0.013611
v 0.194978 0.062201 0.076819
v -0.068217 0.458386 0.175644
v 0.316672 0.312446 -0.213843
v 0.030283 0.345293 -0.174386
v -0.130594 -0.009758 0.161989
v 0.084172 0.00732 -0.25555
v -0.22982 0.046546 -0.25555
v 0.318146 -0.260385 -0.25555
v 0.318258 -0.018299 -0.25555
v -0.040806 0.142534 -0.25555
v 0.045544 -0.171242 -0.25555
v 0.118457 -0.334578 -0.135161
v -0.050939 -0.023999 0.046116
v -0.207 0.381422 -0.216946
v 0.305459 -0.277465 -0.163931
v -0.393277 -0.041949 -0.138236
v -0.347214 0.134177 0.107519
v 0.298241 -0.015025 -0.118728
v -0.0005469999999999989 0.444798 0.004629
v 0.07605 -0.014652000000000002 0.126045
v 0.311928 -0.483313 -0.25555
v -0.065811 -0.244079 -0.227471
v -0.00015000000000000083 -0.315765 -0.25555
v -0.163761 0.447611 -0.25555
v 0.107559 -0.121186 -0.09535
v 0.114097 0.302994 -0.25555
v -0.192961 0.394982 0.186821
v 0.444092 -0.007015999999999998 -0.154116
v 0.4603 -0.255007 -0.193537
v -0.061973 0.466769 -0.118847
v -0.207 0.349329 -0.036297
v -0.123755 0.060318 0.245838
v 0.071311 0.135344 0.232603
v 0.014572 0.232127 0.215539
v 0.40575 0.109218 -0.25555
v 0.12453 -0.141967 -0.25555
v 0.046981 -0.280209 -0.125633
v -0.223882 0.216882 -0.193794
v 0.4603 0.053756 -0.127486
v -0.295374 0.083639 -0.25555
v -0.186789 0.00046999999999999993 0.227873
v 0.058117 0.209885 0.170192
v -0.352471 -0.05188 -0.25555
v -0.376464 0.060316 0.245828
v -0.247392 -0.086115 -0.105914
v -0.4603 -0.030769000000000005 -0.028817000000000002
v -0.143248 0.216944 -0.25555
v -0.4603 0.118737 0.149155
v 0.041061 0.338986 0.196689
v -0.006081999999999999 0.008448 -0.25555
v 0.12188 0.228764 -0.25555
v 0.130422 0.241668 -0.024905
v 0.173813 0.196436 0.093855
v 0.068392 -0.372662 -0.227702
v 0.257486 0.013414 -0.038061
v 0.4603 0.163971 -0.183831
v 0.03517 -0.019012 0.091078
v 0.253763 0.302248 -0.25555
v -0.4603 0.077756 -0.147011
v 0.403349 0.254247 -0.19573
v 0.155577 -0.041956 -0.25555
v 0.323596 0.169457 -0.059276
v -0.232901 0.214572 0.03789
v 0.344401 -0.192359 -0.190409
v 0.342634 -0.164865 -0.25555
v -0.06058 0.074694 -0.25555
v -0.207 0.357965 0.110458
v -0.165873 0.180056 0.224722
v -0.084147 -0.063708 -0.25555
v 0.355965 0.203145 -0.25555
v 0.150715 -0.362418 -0.140056
v -0.355617 -0.047512 -0.107979
v -0.059033 -0.13206 -0.098709
v 0.22391 -0.321355 -0.132847
v -0.342763 0.126616 0.033841
v 0.282407 0.240562 -0.155553
v 0.014609 0.275513 -0.25555
v -0.357445 0.109897 -0.151005
v -0.22838 0.247544 0.212812
v -0.409487 0.136428 0.172568
v -0.276674 -0.02656 0.0228
v -0.0005249999999999994 0.455848 0.094274
v -0.201908 0.437769 -0.15487
v -0.429264 0.114794 -0.004025999999999998
v -0.166291 0.405668 -0.25555
v 0.422429 -0.420558 -0.25555
v -0.416185 -6.199999999999999e-05 -0.25555
v 0.16226 -0.023054 -0.019181
v 0.0038580000000000003 -0.265508 -0.25555
v 0.356663 -0.32391 -0.25555
v 0.41175 -0.106643 -0.217209
v 0.362555 -0.004579999999999999 -0.25555
v -0.116173 0.497617 0.154464
v 0.109184 0.337744 -0.083363
v -0.109793 0.463102 -0.227472
v 0.230815 0.140163 0.015689
v 0.147579 0.192283 0.209373
v -0.250194 -0.088236 -0.227473
v 0.272438 -0.444475 -0.25555
v 0.406086 -0.424519 -0.160609
v -0.028839 0.459895 -0.227615
v 0.385262 -0.00098 -0.120018
v -0.207 0.406234 -0.04982
v -0.372618 -0.019954 0.083036
v 0.0026 0.381223 -0.25555
v -0.209675 0.26946 -0.075006
v 0.163158 0.036595 -0.25555
v -0.081637 0.132159 0.233159
v 0.088116 0.33536 -0.210245
v 0.4603 -0.319245 -0.182238
v -0.137794 0.323741 0.199386
v -0.180956 -0.004499 -0.25555
v -0.052522 0.471221 -0.054495
v -0.079641 -0.025547 0.031115
v 0.4603 -0.217541 -0.214436
v 0.133106 -0.071392 -0.097855
v -0.058139 0.0052 0.25555
v 0.131064 0.048302 0.159376
v 0.038132 0.091164 0.240395
v 0.117864 -0.325972 -0.25555
v -0.4603 -0.003353 0.103767
v 0.165251 -0.243646 -0.25555
v -0.122664 -0.00018400000000000014 -0.25555
v -0.121398 -0.024563 0.040843
v -0.400388 0.130329 0.131107
v -0.178934 0.299692 -0.25555
v 0.187043 -0.441459 -0.24151
v 0.286406 0.229231 -0.25555
v 0.401246 -0.202721 -0.199084
v -0.225737 0.214878 -0.136937
v 0.06769 0.334313 0.095919
v 0.03743 -0.175953 -0.107194
v 0.4603 -0.0794 -0.22455
v 0.149641 0.172405 0.187239
v 0.190332 0.284889 -0.100505
v 0.134023 0.02147 0.007554
v 0.228004 -0.017171 -0.25555
v -0.325787 0.120724 -0.124232
v 0.07845 0.235868 0.077428
v 0.384795 0.008147 -0.067871
v 0.4603 0.292529 -0.206569
v -0.4603 -0.03841 -0.174504
v 0.354013 0.04682 -0.25555
v -0.312641 -0.00751 0.177174
v -0.233613 -0.024015 -0.25555
v -0.081637 0.16409 0.227533
v 0.278709 -0.153979 -0.25555
v 0.08049 0.178846 -0.25555
v 0.317226 -0.217504 -0.25555
v 0.0551 0.2183 0.21797
v -0.271047 0.178208 0.123879
v 0.342907 -0.261873 -0.177796
v -0.252164 -0.0694 -0.063622
v -0.087791 -0.146668 -0.102
v -0.221642 0.247413 0.120637
v 0.4603 0.062684 -0.207338
v 0.149949 -0.39182 -0.25555
v 0.159722 -0.21037 -0.113307
v -0.344535 0.146617 0.188033
v 0.226408 0.175299 -0.025901
v -0.204289 0.439578 -0.026607
v -0.4603 0.009173 -0.227797
v 0.270094 0.161538 -0.10392
v 0.31349 -0.443107 -0.25555
v -0.167575 -0.139959 -0.227473
v -0.364941 0.033368 0.250584
v 0.268285 -0.030171 -0.101289
v -0.12402 0.398399 -0.25555
v -0.205116 0.424962 -0.227646
v -0.305646 -0.064289 -0.173747
v 0.078011 -0.320518 -0.132689
v -0.0078 0.336364 -0.25555
v 0.01185 0.070531 0.244028
v 0.102008 -0.052189 -0.069862
v 0.206418 0.320859 -0.213434
v -0.376543 -0.039437 -0.045037
v 0.363355 0.149983 -0.169397
v 0.256666 -0.320629 -0.136603
v 0.4603 0.12165 -0.097077
v -0.076531 -0.187946 -0.25555
v -0.355297 0.108776 -0.213306
v -0.256166 0.166847 -0.227478
v 0.22293 0.073003 0.036522
v -0.108055 0.471928 -0.046176
v -0.013557 0.109411 -0.25555
v -0.343917 -0.018216 0.098019
v -0.109715 0.451462 0.176868
v -0.095304 0.20878 -0.25555
v -0.039518 0.331722 0.197971
v 0.101074 -0.038282 -0.25555
v -0.207 0.38915 0.061022
v -0.123755 0.092247 0.240202
v 0.335271 0.178186 -0.25555
v 0.241099 -0.126126 -0.163353
v 0.284454 0.072907 -0.25555
v 0.077506 -0.176684 -0.25555
v -0.20704 0.300295 -0.065399
v 0.372977 -0.329584 -0.17237
v 0.343885 -0.489023 -0.188488
v -0.185546 0.478296 0.088872
v 0.002599999999999998 0.451461 0.176862
v 0.002599999999999998 0.37762 -0.191352
v -0.101828 0.464179 -0.177211
v -0.121943 -1.1000000000000159e-05 0.224892
v -0.034923 -0.256096 -0.121344
v 0.031403 -0.254283 -0.25555
v 0.433626 -0.319623 -0.25555
v -0.208973 0.308167 0.20213
v 0.002599999999999999 0.418393 -0.029005
v 0.082909 -0.107843 -0.090199
v 0.140248 0.313759 -0.25555
v 0.367323 -0.049575 -0.136013
v -0.022881 -0.024116 0.045001
v 0.0234 -0.011774 0.147873
v 0.100962 -0.280369 -0.25555
v -0.161181 0.063341 -0.25555
v -0.4603 0.058733999999999995 0.037422
v 0.107289 0.283479 0.004572
v 0.1473 0.079368 0.242481
v -0.3072 0.131455 -0.087109
v 0.182012 0.147317 -0.25555
v -0.205951 0.447238 0.107414
v -0.195869 0.450212 -0.091556
v -0.141407 0.131182 -0.25555
v -0.041837 -0.056671 -0.25555
v 0.4603 -0.278071 -0.242105
v -0.25011 0.132159 0.233157
v 0.094757 -0.390835 -0.227474
v 0.435199 0.15078 -0.086866
v -0.179401 -0.114134 -0.25555
v 0.195009 -0.210934 -0.25555
v 0.123811 0.209188 0.166019
v -0.333261 0.067415 -0.25555
v 0.273864 0.315228 -0.211632
v -0.151834 0.411548 0.183897
v -0.4603 0.056828 -0.018703
v 0.243065 0.022988 -0.25555
v -0.4603 0.076843 0.092997
v -0.241534 -0.004329 0.198447
v -0.370331 -0.044141 -0.102066
v -0.261326 0.173645 0.007542
v 0.270353 -0.2231 -0.160049
v -0.347755 -0.030811 0.0017169999999999998
v -0.207 0.303557 -0.178925
v -0.215603 0.253702 0.036106
v -0.4603 0.0052 0.25555
v 0.145407 -0.403855 -0.147356
v 0.273728 -0.224339 -0.25555
v -0.391839 -0.016467 -0.25555
v 0.236073 0.268488 -0.1335
v 0.387516 -0.495769 -0.215925
v 0.315199 0.043032 -0.032691
v -0.446261 0.139293 0.190751
v 0.419208 -0.144028 -0.25555
v 0.061568 0.36636 0.118969
v 0.287123 0.154729 -0.142676
v 0.228408 -0.457809 -0.194092
v -0.129107 0.299985 -0.25555
v 0.183957 -0.224341 -0.115741
v -0.166178 0.291267 0.205108
v 0.402524 0.262542 -0.25555
v -0.064993 -0.178037 -0.107564
v 0.4603 -0.070929 -0.17618
v -0.4603 0.075626 -0.222777
v 0.207934 0.02733 0.040614
v 0.337007 -0.473011 -0.159585
v -0.03444 0.283828 0.20642
v 0.16708 0.316475 -0.083168
v 0.068781 0.24176 0.107981
v -0.234269 -0.025746 0.029172
v 0.334951 -0.345579 -0.16089
v 0.006466000000000001 -0.020785 0.076105
v -0.334346 0.0683 0.244424
v -0.01735 0.03884900000000001 -0.25555
v -0.053558 0.403564 0.185301
v 0.123609 -0.099086 -0.25555
v 0.1473 0.127261 0.234024
v -0.023095 -0.188037 -0.25555
v 0.305149 0.097866 -0.25555
v 0.250539 -0.077975 -0.25555
v -0.207 0.37296 -0.190172
v 0.272964 -0.380865 -0.25555
v 0.177076 -0.364537 -0.25555
v 0.048528 0.184288 -0.25555
v -0.300867 -0.015394 0.120468
v 0.148778 0.328193 -0.174734
v 0.030622 -0.038435 -0.020143
v -0.180661 -0.128901 -0.168037
v -0.316454 -0.057404 -0.093583
v 0.066923 -0.010493 0.15687
v 0.205189 0.186841 0.039484
v -0.301182 0.163033 0.171544
v 0.002599999999999998 0.351294 -0.142109
v -0.09874 -0.080078 -0.072991
v -0.060467 -0.228867 -0.25555
v 0.4603 0.056902 -0.071354
v -0.044605 0.468035 -0.096525
v 0.022517 0.162724 0.227778
v 0.432239 -0.206955 -0.201089
v -0.207 0.343163 -0.066821
v 0.433575 -0.448794 -0.158562
v 0.101757 0.332976 -0.25555
v 0.4603 0.017873 -0.160473
v -0.245773 0.179283 -0.25555
v 0.265712 0.204272 -0.25555
v -0.060294 0.317806 -0.25555
v -0.051024 0.5 0.1683
v -0.129218 0.488276 0.09539
v 0.4603 -0.345656 -0.191905
v 0.359506 -0.01867 -0.139483
v -0.371604 -0.047187 -0.192267
v 0.0551 0.282161 0.206717
v -0.057707 0.188137 -0.25555
v 0.042671 -0.284684 -0.25555
v 0.062557 0.025243 -0.25555
v -0.072657 0.390064 -0.25555
v -0.203491 0.056304 -0.25555
v -0.075121 -0.012323 0.143724
v -0.081636 0.100231 0.238799
v -0.20717 0.319015 0.128415
v -0.090556 0.473904 -0.024306
v -0.111032 0.46519 -0.150703
v 0.221213 0.304937 -0.25555
v 0.377358 -0.298951 -0.25555
v -0.120823 -0.085946 -0.25555
v 0.062041 -0.256881 -0.121461
v 0.050193 0.346221 -0.087791
v -0.028595 -0.286485 -0.206134
v 0.4603 0.195886 -0.189546
v -0.108341 -0.02762 0.016178
v 0.246976 0.093386 0.007437
v -0.38397 0.119167 0.033674
v -0.384833 0.106257 -0.146072
v 0.00040500000000000085 0.443623 0.037016
v 0.088351 0.323498 0.036293
v 0.105191 0.034649 0.082371
v 0.292695 -0.088137 -0.192736
v 0.144 -0.1275 -0.09775
v 0.27026 -0.057061 -0.097652
v 0.122983 0.077228 0.242851
v -0.0678 -0.24056 -0.16486
v -0.4603 0.020172 0.173022
v 0.219609 0.126673 -0.25555
v 0.092567 -0.136524 -0.25555
v 0.134996 -0.27936 -0.125469
v -0.4603 0.026328 -0.200285
v 0.404142 -0.321675 -0.25555
v -0.109715 0.243916 0.213462
v 0.130062 0.191424 -0.015542
v 0.324561 0.165855 -0.16037
v 0.083252 0.050202 -0.25555
v 0.170924 0.264446 -0.078055
v -0.095676 0.379618 0.189528
v 0.2656 -0.037815 -0.25555
v 0.359536 -0.210467 -0.25555
v -0.229115 -0.010311 0.157831
v 0.20742 0.199956 -0.25555
v -0.222031 0.052336 0.247245
v -0.4603 0.027284 0.066585
v -0.207 0.378853 -0.099853
v 0.002599999999999998 0.360702 -0.008823
v -0.285967 0.150116 -0.018472
v -0.278439 0.148109 -0.135036
v -0.169443 0.250513 -0.25555
v -0.180035 -0.04738 -0.25555
v -0.365178 0.125585 0.071245
v -0.199771 -0.005819 0.18879
v -0.207 0.31673 -0.25555
v 0.4603 -0.435155 -0.25555
v -0.292546 0.161105 0.228058
v 0.117846 0.330977 -0.227472
v -0.385483 -0.031381 -0.25555
v 0.145005 -0.04633 -0.036497
v 0.141996 0.032858 0.072106
v 0.271253 0.275405 -0.155906
v 0.197901 -0.02183 -0.054165
v -0.093216 0.434208 -0.25555
v 0.18006 -0.009008 -0.25555
v -0.026757 0.0052 0.25555
v -0.411805 -0.010467 0.156996
v -0.032299 0.240776 -0.25555
v 0.183137 -0.362602 -0.140109
v -0.4603 0.038719 -0.074278
v 0.063366 -0.259725 -0.25555
v 0.123721 0.143001 -0.25555
v 0.4603 0.216588 -0.241511
v -0.028617 0.069251 -0.25555
v -0.198778 0.083985 -0.25555
v -0.151834 0.124177 0.234568
v 0.395558 -0.495586 -0.163598
v 0.337658 0.115379 -0.056208
v 0.0026 0.384836 0.172146
v -0.23534 0.219486 0.111559
v -0.327787 0.148139 0.160576
v 0.245782 -0.279194 -0.138739
v -0.346402 0.037915 -0.25555
v 0.085765 0.210584 0.174062
v 0.247483 0.172288 -0.124016
v 0.253893 -0.467137 -0.228165
v 0.227493 -0.066779 -0.152413
v 0.150633 -0.423671 -0.224465
v 0.368025 0.15658 -0.132126
v 0.4603 -0.245093 -0.22849
v -0.005332 0.440238 -0.227699
v -0.132384 0.486174 0.170738
v 0.326658 -0.089476 -0.25555
v 0.066444 -0.07079 -0.064602
v -0.145673 0.467501 -0.10603
v -0.193205 0.331636 0.197985
v -0.446723 0.0009550000000000001 0.230805
v 0.4603 -0.061397 -0.203002
v 0.4603 0.004971 -0.185808
v 0.221874 0.321991 -0.132844
v -0.300064 -0.064005 -0.115409
v -0.194751 0.46077 0.009634
v -0.4603 0.114835 -0.004302
v 0.319752 -0.179655 -0.185796
v 0.419825 0.295044 -0.20489
v -0.403645 -0.041499 -0.164328
v -0.016541 -0.246119 -0.25555
v -0.103922 -0.131549 -0.25555
v -0.009745 0.245953 0.2131
v -0.111719 0.49154 0.117106
v -0.060124 -0.009026 0.167233
v -0.302154 -0.019342 0.088312
v -0.148164 -0.021031 0.074171
v -0.021535 -0.293479 -0.179872
v 0.358727 0.074501 -0.25555
v 0.110612 0.259165 -0.25555
v 0.324003 0.208587 -0.25555
v 0.177187 -0.12245 -0.25555
v 0.139479 -0.343894 -0.25555
v 0.037149 -0.027397 -0.25555
v 0.0551 0.315038 0.200912
v -0.081637 0.052336 0.247245
v -0.039518 0.340694 -0.25555
v 0.294579 -0.398787 -0.25555
v 0.28147 -0.282623 -0.25555
v -0.134853 0.0731 -0.25555
v -0.446261 0.106533 -0.125592
v -0.080289 0.471568 -0.050335
v 0.075587 0.341522 -0.098811
v 0.15993 0.140461 0.142312
v 0.011436 -0.127155 -0.097445
v 0.075397 0.267579 0.080779
v 0.398203 -0.341787 -0.174117
v -0.43234 -0.029164 0.0014760000000000016
v 0.230612 0.31844 -0.227472
v -0.207411 0.289533 -0.112827
v 0.206052 0.083095 0.056556
v -0.040592 0.464096 -0.155929
v -0.096017 -0.03995 -0.022797
v -0.147088 -0.153088 -0.10316
v -0.207 0.420374 0.115448
v -0.180798 -0.045849 -0.033886
v 0.205228 0.159232 0.044369
v 0.01898 -0.280715 -0.125689
v -0.205132 0.4247 -0.25555
v -0.013183 0.467908 0.038403
v -0.00040200000000000023 0.436128 -0.086259
v -0.297003 -0.001371 0.216638
v 0.05726 -0.346762 -0.25555
v -0.4603 0.071077 -0.25555
v -0.20714 0.306346 0.024658
v -0.30264 0.129068 -0.25555
v 0.381501 -0.005729999999999999 -0.146848
v 0.057357 0.340891 -0.172893
v 0.4603 -0.291889 -0.214907
v 0.4603 -0.47235 -0.211863
v -0.011439 0.124176 0.234565
v -0.081637 0.435496 0.179679
v -0.100595 -0.002622 0.208917
v -0.395455 0.146115 0.230702
v 0.370798 -0.091835 -0.21394
v -0.4603 0.10652 0.053669
v 0.078617 0.060971 0.231452
v 0.446265 0.077415 -0.074648
v 0.289374 0.002033 -0.102762
v 0.405722 -0.037045 -0.25555
v 0.444092 0.148 -0.180703
v 0.10722 -0.186864 -0.109118
v -0.034062 0.204474 0.220409
v 0.06948 -0.021815 0.066874
v 0.119399 0.143237 0.231207
v 0.104915 0.050042 0.169488
v 0.095276 0.348353 0.016663
v 0.017486 0.14685 -0.25555
v -0.4603 0.003005 0.151726
v -0.207 0.399054 -0.137695
v -0.0046689999999999995 0.439101 -0.25555
v 0.4603 -0.378415 -0.213432
v -0.094481 -0.210055 -0.198051
v -0.229938 0.213875 -0.020129
v 0.095836 -0.390216 -0.159052
v -0.165648 0.373252 -0.25555
v 0.4603 0.275677 -0.25555
v 0.130066 0.04054 0.115381
v 0.115293 0.195729 0.089901
v 0.242144 0.06587 -0.25555
v 0.346538 0.147784 -0.25555
v -0.011439 0.411548 0.183902
v 0.300324 -0.171902 -0.25555
v 0.23177 -0.362879 -0.14017
v 0.0099 0.005726000000000003 -0.25555
v -0.038527 -0.029538 0.005453
v -0.0038480000000000007 0.446923 -0.044645
v 0.293144 0.090062 -0.028134
v 0.169915 0.01771 -0.013792
v 0.080544 -0.153792 -0.103263
v 0.306711 -0.067536 -0.157028
v -0.219569 0.190959 0.222792
v -0.126791 -0.079147 -0.072256
v -0.214767 0.240838 -0.213724
v 0.238728 -0.040048 -0.081833
v -0.4603 0.103647 0.22394
v 0.177413 0.195614 -0.072478
v -0.152786 -0.080503 -0.25555
v 0.4603 0.063164 -0.162475
v -0.4603 -0.009294 -0.143229
v -0.0016400000000000008 0.315085 0.200914
v -0.432473 -0.04024 -0.223137
v -0.420675 0.036321 -0.25555
v 0.148097 -0.0035649999999999987 -0.25555
v -0.207 0.412529 0.038557
v 0.154763 0.18044 -0.25555
v -0.128187 0.257104 -0.25555
v 0.172585 0.091956 -0.25555
v 0.145728 -0.419501 -0.150174
v 0.134832 -0.307017 -0.130317
v 0.182197 0.323022 -0.25555
v -0.170425 -0.0008700000000000001 0.219676
v 0.4603 0.071603 -0.25555
v 0.414049 -0.470247 -0.25555
v 0.31504 0.269034 -0.25555
v -0.263317 0.086591 -0.25555
v 0.21412 0.190116 -0.103807
v 0.26629 -0.470704 -0.198828
v 0.188132 0.191499 0.065905
v 0.0026 0.100229 0.238788
v 0.119336 0.189965 0.222971
v 0.4279 0.158965 -0.118558
v 0.410352 -0.105188 -0.25555
v 0.257667 -0.43802 -0.15343
v -0.222345 -0.054417 -0.25555
v -0.11665 -0.142228 -0.101126
v 0.204033 0.032232 0.06839
v 0.184352 0.327315 -0.102404
v -0.05383 0.365169 -0.25555
v 0.045342 0.362063 0.068295
v 0.012663 -0.326353 -0.161885
v 0.345866 0.15393 -0.066504
v -0.137663 -0.163867 -0.159105
v -0.313519 -0.010409 -0.25555
v -0.105763 -0.045786 -0.25555
v -0.123755 0.363654 0.192351
v 0.311703 0.039784 -0.25555
v -0.230403 -0.0147 0.125733
v -0.344475 -0.053108 -0.188093
v 0.23824 -0.246779 -0.25555
v 0.053241 0.211969 -0.25555
v 0.157413 -0.190291 -0.25555
v 0.014502 -0.20868 -0.25555
v 0.256045 0.14992 -0.25555
v -0.053558 0.227948 0.216263
v -0.025479 0.371634 0.190932
v -0.207991 0.07628 0.243008
v -0.4603 0.033001 -0.0038469999999999997
v -0.207 0.370545 -0.073038
v -0.267845 0.0052 0.25555
v 0.155572 -0.104528 -0.25555
v 0.144193 -0.316213 -0.25555
v -0.067597 0.076282 0.243013
v -0.037013 0.213096 -0.25555
v 0.363217 -0.381992 -0.25555
v -0.29195 0.141995 -0.06602
v -0.210045 0.114387 -0.25555
v 0.068079 -0.232045 -0.25555
v 0.241001 -0.375423 -0.25555
v -0.005948 -0.015863 0.116863
v -0.165895 0.035661 -0.25555
v 0.066239 -0.146282 -0.25555
v 0.397128 -0.244662 -0.191111
v 0.06434 0.267934 0.122196
v -0.120109 -0.021148 0.07306
v -0.287318 0.158292 0.071397
v 0.235036 -0.237713 -0.140593
v 0.370858 -0.135309 -0.206228
v 0.166 0.157418 0.120774
v 0.292722 -0.30571 -0.154382
v -0.017359 -0.298589 -0.241512
v -0.390171 -0.03884 -0.06958
v 0.018232 -0.027183 0.019212
v -0.155753 0.469247 -0.079881
v -0.025492 0.487558 0.121019
v -0.153965 0.479198 0.025933
v -0.332787 -0.026203 0.025005
v -0.01458 -0.082943 -0.075036
v -0.083016 -0.052516 -0.044246
v -0.209035 0.270528 -0.133433
v -0.36701 0.109278 -0.124645
v 0.351247 -0.442089 -0.154121
v 0.420641 -0.483628 -0.161498
v -0.017289 0.466969 0.006188
v -0.0018700000000000019 0.435647 -0.197282
v -0.151834 0.267863 0.209239
v 0.4603 0.159764 -0.227957
v -0.03001 -0.282753 -0.126073
v 0.0026 0.379633 0.140144
v -0.4603 0.058732 -0.201386
v 0.247069 0.151512 -0.0028319999999999942
v -0.417652 0.127523 0.110423
v -0.208055 0.287295 0.004051
v -0.193225 0.448919 -0.223916
v 0.0025999999999999964 0.367654 -0.098601
v -0.204825 0.463925 0.174664
v 0.40185 0.309074 -0.219182
v 0.0026 0.362906 -0.23135
v 0.26544 0.00437 -0.089382
v 0.117006 0.335153 -0.10795
v 0.43324 -0.254438 -0.25555
v -0.40356 0.019026 0.253109
v 0.115313 -0.403819 -0.241511
v 0.446262 -0.499408 -0.203208
v 0.101953 0.09057 0.240491
v -0.285261 0.140465 -0.241511
v 0.402989 0.237862 -0.25555
v 0.358398 -0.257227 -0.25555
v -0.225758 0.245002 0.163261
v 0.195232 0.273239 -0.25555
v 0.123528 -0.096738 -0.084251
v 0.446261 -0.003077 -0.131575
v 0.409572 0.196888 -0.186352
v -0.222007 -0.101392 -0.144513
v 0.285488 -0.131726 -0.182369
v -0.108036 0.472635 0.173127
v 0.246285 -0.064931 -0.142322
v 0.4603 -0.067134 -0.242083
v 0.41184 0.037366 -0.064035
v -0.432221 -0.020172 0.08134
v -0.4603 0.0974 0.095927
v -0.072538 -0.002796 0.207812
v -0.429545 0.117918 0.027973
v -0.207 0.335151 0.168855
v 0.291564 -0.125386 -0.25555
v 0.339551 0.0033159999999999986 -0.095557
v 0.262925 0.315803 -0.227472
v 0.056381 0.012313 0.213419
v 0.165572 -0.053311 -0.07642
v 0.282391 0.288035 -0.163909
v -0.137725 0.421086 -0.25555
v 0.070794 0.118545 0.235565
v -0.294053 -0.062332 -0.056572
v -0.33936 0.139849 0.231805
v 0.071719 -0.018154 0.098232
v 0.038889 0.162998 0.227734
v 0.4603 -0.313685 -0.19752
v -0.074289 0.467363 -0.10829
v 0.152407 0.067491 0.187218
v 0.264848 0.034776 0.002163
v 0.110105 0.267647 0.0024929999999999987
v 0.091471 -0.226152 -0.11605
v -0.219919 -0.024991 0.036678
v 0.085092 -0.035561 -0.25555
v -0.153923 0.465189 -0.150723
v -0.013668 -0.132676 -0.25555
v 0.02404 0.088767 -0.25555
v -0.066214 0.089895 -0.25555
v 0.4603 0.132064 -0.084653
v -0.194985 0.154547 -0.25555
v 0.312497 -0.418653 -0.149983
v 0.195306 0.206583 -0.091126
v -0.126028 0.463565 -0.199391
v -0.272123 0.156013 -0.087496
v 0.0026 0.36406 0.023426
v -0.172252 -0.134371 -0.14181
v -0.235792 -0.095685 -0.25555
v -0.299579 -0.011067 0.152574
v 0.187618 0.17901 -0.005169
v 0.37183 0.296411 -0.197264
v -0.187919 0.235064 0.215016
v 0.4603 -0.459472 -0.241511
v 0.4603 0.022958 -0.227465
v 0.331318 -0.076392 -0.207299
v 0.387497 -0.398035 -0.162659
v 0.147739 0.215553 0.201999
v -0.209863 0.288722 0.119212
v 0.056332 0.342261 -0.143461
v 0.372644 0.218514 -0.183673
v -0.0029019999999999983 0.439465 -0.134733
v 0.374706 -0.256712 -0.25555
v -0.207 0.338706 -0.155156
v -0.066325 -0.152192 -0.25555
v -0.4603 0.103658 -0.223128
v -0.010545 0.032853 0.250678
v -0.317035 0.122189 -0.199534
v -0.264279 -0.076954 -0.084733
v -0.348983 -0.042761 -0.028303
v 0.200041 -0.252108 -0.120637
v -0.252116 -0.086465 -0.181186
v 0.297507 0.194329 -0.154574
v -0.086822 -0.219385 -0.227472
v -0.119792 0.113259 -0.25555
v 0.133241 0.268212 -0.033597
v 0.151863 -0.168852 -0.105949
v 0.274163 -0.181323 -0.168985
v 0.299489 0.120473 -0.037414
v 0.189487 0.046353 -0.25555
v 0.035308 0.058366 -0.25555
v -0.109715 0.211985 0.21909
v -0.4603 -0.005061000000000001 -0.062949
v -0.400042 0.060915 -0.25555
v 0.4603 0.115451 -0.25555
v 0.110761 -0.265373 -0.122995
v -0.207 0.31937 -0.044795
v 0.179912 0.029614 0.053473
v -0.4603 0.062852 -0.173431
v 0.242369 0.317562 -0.214001
v 0.042557 -0.0017730000000000003 0.214285
v 0.1748 0.13172 0.103076
v 0.319568 -0.047879 -0.121597
v 0.288389 -0.477222 -0.215655
v -0.404229 0.124355 0.085787
v 0.162889 0.296975 -0.25555
v 0.4603 -0.159216 -0.210425
v -0.4603 0.093279 -0.108657
v 0.279629 -0.196861 -0.25555
v -0.205869 0.435875 0.016094
v 0.236399 -0.161016 -0.25555
v 0.110501 0.017079 -0.25555
v -0.046676 0.463866 -0.187774
v -0.06279 0.473507 -0.028461
v 0.174358 0.324846 -0.185819
v -0.063998 -0.021373 0.070834
v -0.25011 0.068301 0.244432
v 0.141821 0.19731 0.098966
v 0.04152 -0.351507 -0.182357
v 0.228924 -0.060053 -0.25555
v -0.020222 -0.074594 -0.25555
v 0.174537 0.24828 -0.25555
v 0.358504 -0.409673 -0.25555
v -0.191217 -0.023422 0.051677
v -0.158007 -0.007263 0.179123
v -0.228899 0.003665 -0.25555
v -0.097145 0.294543 -0.25555
v 0.150859 -0.132209 -0.25555
v 0.148906 -0.288533 -0.25555
v 0.204325 -0.39766 -0.25555
v 0.280661 0.002345 -0.25555
v -0.044482 -0.003002 0.206713
v 0.385949 0.084406 -0.067107
v 0.025992 0.245092 -0.25555
v 0.246858 0.09355 -0.25555
v -0.326992 -0.008636 0.169717
v 0.159066 -0.320986 -0.132758
v -0.109715 0.13216 0.233164
v -0.383554 0.13418 0.153247
v -0.125127 -0.176453 -0.18085
v 0.153468 0.151425 0.167334
v 0.159929 0.061886 0.156239
v -0.244013 0.182788 -0.177498
v -0.362903 0.107784 -0.182894
v 0.266824 0.172597 -0.041509
v -0.418645 -0.032198 -0.022875000000000006
v 0.125717 -0.03757 -0.017076
v -0.322916 0.128972 -0.018335999999999998
v -0.4603 -0.02534 0.032981
v -0.446263 -0.039217 -0.198809
v -0.427877 0.146 0.23072
v 0.071662 0.358957 0.076797
v -0.085864 -0.195954 -0.110719
v 0.291907 -0.464142 -0.25555
v 0.145357 0.333261 -0.079965
v -0.216641 0.236556 -0.157747
v -0.4603 0.023894 -0.25555
v 0.4603 -0.31757 -0.25555
v 0.0017459999999999997 0.419591 -0.242757
v 0.143361 0.220918 -0.038696
v 0.303736 0.005708 -0.081679
v 0.18167 -0.001581 -0.043026
v 0.047522 -0.321595 -0.25555
v -0.44672 0.029928 0.251177
v 0.4603 -0.439419 -0.197794
v -0.4603 0.030144 0.150773
v 0.081299 -0.106122 -0.25555
v -0.12578 -0.141818 -0.25555
v -0.37163 -0.047786 -0.241512
v 0.186432 -0.409618 -0.148456
v 0.168681 -0.220693 -0.25555
v 0.241136 0.120834 0.008273000000000003
v -0.414333 0.109808 -0.067662
v 0.018556 0.384774 0.188603
v -0.130028 0.342867 -0.25555
v -0.319854 0.048966 -0.25555
v 0.4603 0.135576 -0.170636
v -0.033929 -0.280933 -0.227413
v 0.060149 0.349012 -0.030263
v 0.08873 0.240979 0.049901
v 0.140153 -0.417799 -0.20679
v 0.040281 -0.047382 -0.036605
v -0.025479 0.397434 -0.25555
v 0.428062 -0.033903 -0.148403
v 0.432237 -0.238892 -0.195498
v 0.175346 -0.036688 -0.25555
v 0.432221 -0.402732 -0.25555
v 0.04004 0.071351 0.243882
v 0.418098 0.162019 -0.101252
v 0.417498 -0.053339 -0.25555
v -0.207 0.412488 0.097008
v 0.0026 0.16409 0.227533
v 0.09235 0.01979 0.078906
v 0.36418 -0.065755 -0.146926
v 0.251473 -0.024494 -0.092624
v -0.231793 -0.09469 -0.114338
v 0.366532 0.009394 -0.061249
v 0.225075 0.192719 -0.25555
v 0.377261 0.280096 -0.25555
v 0.027021 0.2183 0.217969
v 0.263291 0.260043 -0.148962
v 0.4603 0.027189 -0.130721
v -0.063587 -0.244931 -0.147517
v 0.360013 0.161782 -0.102682
v -0.178998 0.320262 0.199989
v 0.372196 -0.47684 -0.160297
v -0.028578 -0.223019 -0.25555
v -0.312518 0.158701 0.183736
v -0.155906 0.432503 -0.25555
v -0.204826 0.459185 0.147075
v -0.08832 0.486359 0.081914
v 0.243982 0.288505 -0.25555
v 0.231102 -0.055883 -0.090855
v -0.207 0.409003 -0.223064
v 0.4603 0.282438 -0.219867
v -0.247642 0.13503 -0.25555
v 0.213528 -0.094594 -0.153667
v -0.4603 0.108339 0.069882
v -0.146219 0.474698 -0.016012
v 0.375787 -0.211601 -0.25555
v -0.040446 -0.048939 -0.038941
v -0.124028 -0.03944 -0.021719
v -0.002177 0.321096 -0.25555
v -0.006527 0.468097 0.103139
v -0.233731 0.2269 0.14419
v -0.053558 0.45146 0.17686
v -0.322161 -0.058322 -0.151783
v 0.399757 -0.073967 -0.193259
v 0.0026 0.417692 -0.012783
v 0.4603 -0.351181 -0.176641
v 0.016428 0.346442 -0.231213
v 0.350964 -0.178081 -0.194418
v 0.240563 0.038522 0.023311
v -0.207887 0.281236 -0.086007
v 0.152534 -0.101489 -0.109546
v 0.021463 -0.017993 0.099677
v -0.03973 0.347687 0.195154
v -0.226833 0.224759 0.026833000000000003
v 0.332425 -0.317935 -0.165022
v 0.254266 -0.29291 -0.140393
v 0.002599999999999998 0.38171 -0.10668
v -0.207 0.346316 0.06324
v -0.179913 0.156108 0.228942
v 0.371947 0.200423 -0.25555
v 0.245714 -0.347742 -0.25555
v 0.062077 0.299816 0.127637
v -0.148073 -0.052823 -0.25555
v 0.056812 -0.201643 -0.25555
v -0.084956 0.22126 -0.25555
v 0.059796 0.153887 -0.25555
v 0.151089 0.055011 0.197569
v -0.097626 0.019026 0.253114
v 0.341714 -0.121983 -0.25555
v -0.334875 0.136789 0.097333
v 0.4603 0.185433 -0.201938
v -0.411161 -0.008146 0.173028
v 0.006510000000000002 -0.238605 -0.118219
v -0.107976 0.46593 -0.134799
v -0.104468 -0.016365 0.112708
v 0.082159 0.325673 0.051117
v -0.303442 -0.022963 0.056118
v -0.123755 0.411548 0.183899
v 0.086723 0.0634 0.24528
v -0.32905 0.127529 0.233982
v 0.071311 0.190649 0.222851
v -0.263599 -0.031681 -0.001509
v -0.227827 -0.005598 0.189884
v 0.064816 0.004513999999999999 0.162629
v 0.051113 -0.184517 -0.108693
v -0.20373 0.436926 -0.096504
v 0.118087 0.158202 -0.25555
v 0.353093 0.089702 -0.25555
v 0.031515 -0.012196 -0.25555
v -0.118871 0.070378 -0.25555
v -0.0023999999999999994 -0.163078 -0.25555
v -0.00413 0.164772 -0.25555
v 0.4603 0.096357 -0.122511
v -0.20741 0.307371 0.081196
v -0.137794 0.227949 0.21627
v 0.261288 -0.170326 -0.165354
v 0.002599999999999998 0.372471 -0.034277
v -0.257865 0.196586 0.160317
v -0.085068 -0.020827 -0.25555
v -0.005302 -0.01374 0.132922
v 0.291833 0.252026 -0.162075
v 0.215646 -0.437536 -0.153363
v 0.301379 0.013788 -0.03604
v -0.4603 -0.022342 -0.118465
v -0.218777 0.267096 0.195113
v 0.214253 -0.452728 -0.215862
v 0.4603 -0.159132 -0.242667
v -0.178921 0.349152 -0.25555
v 0.331837 -0.06419 -0.138145
v 0.4603 0.089804 -0.186951
v -0.4603 0.080592 -0.083199
v 0.167041 0.288828 -0.078275
v -0.067958 0.491875 0.119241
v 0.161317 0.122358 -0.25555
v 0.101185 0.203805 -0.25555
v 0.4279 -0.07924 -0.223431
v 0.081124 0.193528 0.077354
v 0.069215 0.28891 0.097958
v 0.346615 -0.386627 -0.156578
v 0.446261 0.031075 -0.25555
v 0.414736 0.153309 -0.150626
v -0.171907 -0.132634 -0.099087
v -0.208984 0.268173 -0.25555
v 0.0026 0.390802 0.022625
v 0.034676 -0.239748 -0.118482
v -0.007083000000000001 0.444106 -0.170985
v -0.446264 -0.032835 -0.053049
v -0.144279 0.017739 -0.25555
v -0.104731 0.153419 -0.25555
v -0.025479 0.148125 0.230351
v -0.390504 0.084264 0.241607
v -0.208837 0.269593 -0.205036
v 0.4603 0.240905 -0.25555
v -0.036092 0.170215 -0.25555
v -0.282477 0.02703 -0.25555
v 0.335048 -0.305988 -0.25555
v -0.207 0.400881 -0.008662
v -0.178083 0.108944 -0.25555
v 0.148209 0.238522 -0.25555
v 0.202707 0.172276 -0.25555
v 0.255841 -0.404496 -0.147511
v 0.13867 -0.058926 -0.25555
v -0.201058 -0.010456 0.156725
v 0.268826 0.202306 -0.141705
v -0.25026 -0.08837 -0.25555
v -0.366485 0.123556 0.055199
v -0.072705 -0.123663 -0.096388
v -0.009824 -0.026964 0.020311
v 0.162312 0.112637 0.139387
v -0.007949 0.476567 0.143936
v -0.389221 0.108911 -0.088126
v -0.4603 -0.039355 -0.223128
v 0.209349 -0.050194 -0.058645
v -0.349184 0.120539 -0.013215999999999999
v 0.091557 -0.335606 -0.25555
v -0.111739 -0.061953 -0.055958
v 0.0026 0.413709 0.100624
v -0.4603 0.0025800000000000007 0.030282
v -0.3082 0.12694 -0.177196
v -0.163496 0.471807 -0.037798
v 0.097924 -0.006160999999999999 0.07176
v -0.432934 0.133285 0.152014
v -0.411128 0.105865 -0.139632
v 0.306036 -0.466267 -0.158415
v -0.395208 0.141424 0.203005
v 0.04211 0.376671 0.16451
v -0.087741 -0.217338 -0.171784
v 0.078398 0.34803 -0.011011
v -0.356631 -0.001775 0.214177
v -0.446261 -0.008639 0.16975
v 0.312242 -0.072961 -0.187741
v -0.328638 -0.043825 -0.25555
v -0.195104 0.401841 -0.25555
v -0.44672 0.121269 0.23508
v 0.385753 -0.442796 -0.25555
v 0.446262 -0.499685 -0.231234
v 0.262242 0.162424 -0.018287999999999995
v 0.272723 -0.473058 -0.241511
v 0.09668 -0.032539 -0.004196
v 0.448504 -0.486999 -0.162022
v 0.136526 0.192512 0.071811
v 0.166728 -0.377017 -0.25555
v 0.042318 -0.35275 -0.227472
v -0.432327 0.054862 -0.25555
v -0.082307 -0.149471 -0.25555
v 0.202613 0.310708 -0.115795
v -0.4603 0.076226 -0.190036
v -0.434205 0.11232 -0.033179
v 0.030269 0.35926 0.023926
v 0.1416 0.332414 -0.100137
v 0.4603 -0.40947 -0.180621
v 0.0554 0.336555 0.182862
v 0.008347 -0.284966 -0.25555
v 0.141947 0.327761 -0.241511
v 0.329274 0.15436 -0.144871
v 0.095628 0.204475 0.220412
v 0.388339 0.309169 -0.241964
v -0.207 0.392224 0.173872
v 0.054664 0.038431 0.235443
v -0.446261 0.117073 0.019911
v 0.215541 0.258841 -0.25555
v 0.160577 0.034736 0.082614
v -0.114967 0.383027 -0.25555
v 0.199983 0.321901 -0.196914
v 0.434873 0.006812 -0.075686
v 0.405639 -0.132869 -0.25555
v 0.295821 -0.031911 -0.114702
v -0.101156 -0.202715 -0.224318
v -0.22223 -0.049681 -0.040008
v 0.082598 0.335763 -0.25555
v -0.070816 0.304301 -0.25555
v 0.219091 0.025086 0.02796
v 0.123595 -0.11635 -0.093359
v -0.046989 -0.265908 -0.21132
v 0.28055 -0.239742 -0.25555
v -0.1726 0.241962 0.213796
v 0.417174 -0.070176 -0.25555
v 0.364545 0.012095000000000002 -0.25555
v -0.362554 -0.0439 -0.06897
v 0.273198 -0.427774 -0.25555
v -0.03909 0.236176 0.214822
v 0.432245 0.243975 -0.196884
v -0.230847 0.22158 0.069239
v 0.213323 -0.103384 -0.25555
v -0.245858 0.179347 -0.224676
v -0.044963 0.463095 -0.22751
v 0.189548 0.076068 0.08366
v -0.109793 0.434841 -0.25555
v 0.19117 -0.210059 -0.119116
v 0.4328 0.057213 -0.070192
v 0.115029 -0.402769 -0.175325
v -0.207 0.39189 -0.169326
v -0.00113 0.045979 0.248365
v -0.098414 0.478251 0.017635
v 0.391498 -0.21591 -0.25555
v -0.300268 0.032854 0.250682
v 0.039181 -0.0712 -0.25555
v -0.241415 0.213805 0.138377
v 0.28908 0.057332 -0.25555
v 0.386847 -0.135151 -0.209035
v -0.065069 0.465932 -0.13476
v 0.095131 0.320541 0.02185
v 0.444094 0.164024 -0.089832
v -0.285885 -0.069623 -0.121438
v -0.324391 0.118197 -0.241514
v -0.170461 -0.136271 -0.157813
v 0.310799 -0.166146 -0.185309
v 0.283935 -0.292118 -0.153427
v -0.054969 -0.053205 -0.045202
v 0.102573 -0.279173 -0.125437
v -0.025479 0.387601 0.188123
v 0.287215 -0.055737 -0.25555
v -0.081637 0.323741 0.199384
v 0.171657 0.210431 -0.069291
v 0.309945 0.167941 -0.067889
v 0.357558 0.005157999999999999 -0.085203
v -0.094495 -0.076188 -0.25555
v 0.11131 -0.267889 -0.25555
v 0.186614 -0.06709 -0.25555
v -0.010684 0.222854 -0.25555
v -0.117839 0.269584 -0.25555
v 0.392641 0.225382 -0.25555
v -0.34263 -0.014155 0.130161
v -0.067597 0.060318 0.245838
v -0.205507 0.451846 0.122951
v -0.211563 0.261321 -0.0482
v -0.419772 0.019025 0.253106
v 0.446261 -0.362204 -0.25555
v -0.123755 0.443478 0.178269
v 0.218465 -0.314619 -0.25555
v 0.184773 0.018673 -0.25555
v 0.299292 -0.371107 -0.25555
v 0.050237 -0.070389 -0.064589
v 0.231421 -0.279416 -0.131159
v 0.283831 0.315073 -0.18494
v -0.284082 0.164668 0.103019
v -0.207 0.361889 0.067747
v -0.129306 -0.004998 0.194035
v 0.4603 -0.239043 -0.196361
v 0.019371 -0.312483 -0.131258
v -0.061415 -0.013471 0.135142
v -0.137794 0.132161 0.233169
v 0.209961 0.144265 0.040318
v 0.198078 -0.126839 -0.138315
v -0.165688 -0.123941 -0.25555
v 0.258611 0.0962 -0.003495999999999999
v -0.222031 0.116196 0.235986
v -0.214054 0.247283 -0.111424
v 0.345142 0.088367 -0.054612
v -0.01872 -0.173598 -0.106776
v -0.359556 -0.022721 0.058336
v -0.123144 0.471417 -0.052082
v -0.231119 0.210526 -0.035947
v 0.119221 0.111295 0.236837
v -0.018651 0.0028 0.241717
v -0.166115 0.464286 -0.140076
v 0.142528 -0.376191 -0.142525
v 0.361198 -0.288638 -0.177296
v -0.16975 0.488291 0.109808
v 0.134739 0.176435 -0.019576000000000003
v 0.407203 -0.064698 -0.140716
v -0.386437 -0.044461 -0.18632
v -0.4603 0.084467 0.07869
v -0.4603 0.064452 -0.03301
v 0.377611 -0.494734 -0.228717
v -0.384393 -0.012836 0.139845
v 0.146567 0.202396 0.127507
v -0.015297 0.467429 0.022337
v 0.33499 0.297084 -0.25555
v -0.012808 0.458475 -0.051651
v 0.030365 0.132708 0.233066
v 0.4603 0.153577 -0.196272
v 0.282169 0.169125 -0.25555
v -0.290041 0.16837 0.161046
v -0.011439 0.356906 -0.25555
v -0.207 0.339573 -0.08263
v 0.138773 0.053177 0.187188
v -0.246685 -0.021427 0.070003
v 0.086933 -0.121323 -0.25555
v 0.097392 0.133243 -0.25555
v 0.411384 0.094017 -0.25555
v 0.348268 -0.180066 -0.25555
v 0.056923 0.040444 -0.25555
v 0.136718 -0.21525 -0.25555
v -0.019302 -0.117475 -0.25555
v 0.352172 0.132583 -0.25555
v -0.051962 0.415023 -0.25555
v 0.049932 0.342634 -0.158351
v -0.089521 0.032853 0.250678
v 0.055891 -0.158762 -0.25555
v -0.008843 0.137091 -0.25555
v -0.191303 -0.016979 -0.25555
v -0.070927 0.062214000000000005 -0.25555
v 0.082323 0.288647 0.057128
v -0.2071 0.322897 0.144155
v 0.051801 -0.168566 -0.105882
v -0.123755 0.379617 0.189524
v 0.0551 0.250231 0.212345
v -0.274067 0.159852 -0.013332999999999998
v 0.081645 -0.016602 0.110955
v 0.0026 0.397556 -0.12986
v -0.25524 -0.0029619999999999994 0.206996
v -0.306714 0.168864 0.226689
v -0.288401 0.141221 -0.12426
v -0.135749 -0.025322 0.033341
v 0.062425 0.049436 0.165968
v -0.166605 0.30997 0.201804
v 0.114333 0.041187 0.119235
v -0.345299 0.136778 0.123405
v 0.4603 0.095161 -0.138678
v 0.4603 -0.021775 -0.194289
v 0.231503 -0.05886 -0.107667
v 0.002599999999999999 0.425076 0.167259
v 0.0026 0.366391 0.043788
v 0.133148 0.198362 -0.25555
v -0.219211 0.0052 0.25555
v -0.011439 0.40554 -0.25555
v 0.436294 0.294929 -0.25555
v -0.4603 0.009354 0.198331
v 0.270052 -0.100418 -0.181545
v 0.108532 0.210134 0.171357
v -0.4603 -0.007077 -0.25555
v 0.057034 0.28253 -0.25555
v 0.4603 0.024524 -0.187755
v 0.140622 0.097399 -0.25555
v -0.268996 0.169035 0.034156
v 0.320832 -0.002765 -0.130055
v -0.248301 0.178522 -0.135846
v -0.4603 -0.0008270000000000009 -0.00040000000000000105
v 0.197308 0.171385 -0.048275
v -0.162854 0.46289 -0.197901
v 0.31001 0.139999 -0.25555
v -0.053558 0.25988 0.210641
v -0.321155 -0.053877 -0.059097
v 0.10184 -0.021777 0.067044
v -0.364949 0.142379 0.191009
v -0.303172 0.002071 -0.25555
v -0.25011 0.100228 0.238787
v 0.178108 -0.165332 -0.25555
v 0.301993 0.22125 -0.161192
v -0.207756 -0.11196 -0.25555
v -0.03027 -0.117828 -0.09413
v -0.141445 -0.122004 -0.095911
v 0.039481 -0.12829 -0.097704
v -0.275149 0.113296 -0.25555
v 0.232177 0.320079 -0.156776
v 0.373776 -0.05572 -0.25555
v 0.358109 -0.449185 -0.25555
v -0.229631 0.219259 0.217797
v -0.207 0.331062 -0.184571
v -0.204165 0.193932 -0.25555
v -0.334346 0.10023 0.238794
v 0.445187 0.233419 -0.25555
v -0.4603 0.013939 -0.087484
v -0.4603 0.011079 -0.171672
v 0.019215 -0.181 -0.25555
v -0.4603 0.053017 0.107854
v 0.288024 -0.340705 -0.25555
v 0.374597 -0.170307 -0.25555
v -0.076449 -0.231092 -0.193503
v 0.200253 -0.154624 -0.134902
v 0.170521 -0.306455 -0.25555
v 0.010931 0.204932 -0.25555
v -0.156468 0.091022 -0.25555
v -0.217983 -0.019708 0.084985
v -0.053558 0.100229 0.238791
v 0.37157 -0.399076 -0.159819
v 0.363219 0.107383 -0.06461
v 0.059587 -0.0053040000000000006 0.19184
v -0.394503 0.106945 -0.119719
v 0.003203 -0.31875 -0.223377
v -0.24607 0.199076 0.075636
v 0.231592 0.165821 -0.25555
v -0.207 0.299082 -0.138305
v 0.08504 -0.252376 -0.120683
v 0.4603 0.0034150000000000014 -0.094888
v 0.056899 0.358407 0.154445
v 0.061414 -0.366608 -0.174706
v -0.4603 0.128056 0.20902
v -0.209775 0.272706 -0.025354
v 0.295267 0.313549 -0.227472
v 0.446261 0.138709 -0.25555
v 0.246461 0.197912 -0.127864
v 0.178383 -0.016633 -0.037065
v -0.207102 0.292409 -0.213434
v 0.044101 -0.013362 0.135935
v 0.149302 -0.050301 -0.059295
v -0.432178 -0.011998 0.145742
v 0.145574 0.327552 -0.2175
v 0.054719 0.060554 0.229326
v 0.432775 0.086727 -0.25555
v -0.354624 -0.051243 -0.227484
v -0.176752 0.277624 -0.25555
v -0.248541 0.175958 -0.208812
v -0.183949 -0.108085 -0.090293
v 0.31275 0.158006 -0.124209
v -0.411734 -0.041919 -0.227473
v 0.273664 -0.06493 -0.14236
v -0.326339 0.086107 -0.25555
v 0.446261 -0.459472 -0.25555
v 0.269291 -0.157486 -0.171177
v -0.083479 0.47036 0.173529
v 0.427652 -0.188334 -0.204113
v -0.4603 0.079703 0.177185
v 0.446261 0.159726 -0.114188
v 0.432274 -0.071026 -0.176643
v 0.205055 -0.407843 -0.148085
v 0.17748 -0.436571 -0.197123
v -0.423168 -0.0381 -0.126273
v 0.072201 0.255259 0.093357
v -0.41089 0.075101 -0.25555
v 0.319898 -0.375357 -0.151348
v 0.376057 0.160457 -0.110238
v -0.4603 0.075772 -0.206241
v 0.294427 0.167966 -0.148528
v 0.102028 0.339847 -0.067589
v 0.427912 -0.499075 -0.227707
v 0.187853 0.032014 0.067401
v 0.002599999999999999 0.389149 -0.203691
v 0.244839 -0.015914 -0.25555
v 0.446261 -0.11787 -0.25555
v -0.207 0.365853 -0.033415
v 0.418449 0.308705 -0.221148
v 0.4603 0.24979 -0.213006
v 0.4603 0.085458 -0.218563
v -0.096664 -0.183615 -0.108582
v -0.116117 0.464469 -0.168954
v -0.138155 0.00047599999999999986 0.227872
v -0.178883 -0.028433 0.011107
v -0.053052 -0.257333 -0.14813
v -0.204759 0.435781 -0.042431
v 0.205022 0.306551 -0.25555
v -0.144368 0.487442 0.089531
v -0.446261 0.111442 -0.044688
v 0.366782 -0.177211 -0.198021
v -0.138859 0.479899 0.031817
v 0.446251 0.014858 -0.25555
v 0.061515 -0.367667 -0.241511
v 0.0025999999999999964 0.368326 -0.115829
v 0.352641 -0.067715 -0.158144
v -0.03241 -0.0013109999999999997 -0.25555
v -0.147519 -0.019102 0.090255
v 0.158445 0.008915 -0.25555
v 0.224099 -0.32982 -0.25555
v -0.241088 0.076948 -0.25555
v 0.260887 -0.065495 -0.25555
v 0.071311 0.162994 0.227716
v -0.274026 -0.074027 -0.111299
v 0.016428 0.359102 -0.0005129999999999996
v -0.039518 0.411547 0.183894
v -0.15145 0.365426 -0.25555
v 0.325224 0.166639 -0.075158
v -0.432221 0.123199 0.076319
v 0.379177 0.149353 -0.172875
v -0.4603 0.087289 -0.25555
v 0.446261 -0.236642 -0.25555
v 0.432221 -0.354098 -0.25555
v -0.392738 0.104394 -0.194019
v -0.206452 0.419326 -0.175524
v -0.031594 0.461352 -0.182385
v -0.132091 -0.055544 -0.25555
v -0.088749 0.150698 -0.25555
v 0.080268 -0.305328 -0.25555
v -0.0005589999999999996 -0.24884 -0.25555
v 0.190519 0.245559 -0.25555
v 0.339761 -0.278308 -0.25555
v -0.171714 -0.005983 0.187685
v 0.111417 -0.154799 -0.103436
v -0.199183 0.439781 -0.25555
v 0.218572 -0.210111 -0.13632
v 0.183529 0.091187 0.092105
v -0.263664 -0.081358 -0.191354
v -0.207 0.408646 0.022817
v 0.282397 0.315678 -0.168803
v -0.207 0.35147 -0.093643
v -0.349146 0.131633 0.091625
v 0.329842 0.014029 -0.034879
v 0.277638 -0.30621 -0.148462
v 0.0595 0.305308 0.142671
v -0.060628 -0.250311 -0.241511
v 0.292898 0.28293 -0.25555
v -0.275951 0.0027820000000000006 0.24172
v 0.446263 -0.311214 -0.183373
v -0.208585 0.291845 0.076681
v -0.180425 0.465279 -0.059308
v 0.362849 -0.077727 -0.214714
v -0.123755 0.299793 0.203608
v 0.209407 -0.451005 -0.25555
v 0.033227 -0.024352 0.042778
v 0.066299 0.356338 0.049035
v 0.419885 0.02335 -0.062751
v -0.070648 0.477798 0.013485
v 0.279144 -0.473583 -0.159647
v -0.246092 0.211073 0.162236
v 0.446263 -0.39104 -0.169299
v -0.163119 0.465695 -0.124206
v -0.143657 -0.1595 -0.201351
v 0.386322 -0.30095 -0.179662
v -0.085061 -0.087141 -0.078072
v -0.323294 0.122536 -0.108316
v 0.167418 -0.279547 -0.125502
v -0.014859 -0.299271 -0.143053
v -0.229176 0.205953 -0.183054
v 0.033298 -0.271659 -0.124055
v 0.315838 -0.221476 -0.177118
v -0.123755 0.108212 0.237385
v -0.207991 0.124179 0.234579
v -0.395455 0.0004429999999999998 0.227877
v -0.390504 0.052334 0.247236
v -0.178921 0.432139 0.180268
v 0.13016 0.300804 -0.25555
v -0.137601 -0.127834 -0.25555
v -0.207 0.321831 0.029455
v -0.035942 -0.021481 0.06972
v 0.125353 0.178771 -0.006566000000000001
v -0.207 0.346275 0.12169
v -0.19654 0.467315 0.08425
v 0.013772 0.002807 0.241716
v 0.446263 -0.262943 -0.191865
v -0.02923 0.044899 0.248555
v 0.383921 -0.46582 -0.158323
v -0.092299 -0.191712 -0.25555
v 0.300213 -0.413988 -0.25555
v -0.067023 0.374863 -0.25555
v -0.100938 0.223981 -0.25555
v 0.206277 -0.241336 -0.25555
v 0.145113 -0.359095 -0.25555
v -0.033219 0.283657 -0.25555
v -0.040917 -0.099553 -0.25555
v 0.311592 -0.202303 -0.25555
v 0.247778 0.050669 -0.25555
v 0.18098 -0.051889 -0.25555
v 0.100042 -0.237488 -0.25555
v 0.176378 0.162518 -0.25555
v 0.130164 -0.157168 -0.25555
v 0.073936 0.236928 -0.25555
v -0.348972 -0.05113 -0.156045
v -0.277926 -0.033807 -0.008792
v -0.373906 -0.023492 0.050832999999999996
v 0.231934 -0.335223 -0.135318
v 0.152014 0.121617 0.180006
v 0.1473 0.0634 0.24528
v -0.151834 0.204003 0.220502
v -0.362829 -0.041489 -0.036639
v 0.346316 -0.33639 -0.25555
v 0.05221 0.012763 -0.25555
v -0.112317 0.012296 -0.25555
v 0.028753 0.116448 -0.25555
v 0.394482 0.13962 -0.25555
v 0.412082 -0.433038 -0.25555
v 0.344698 0.233546 -0.25555
v -0.102532 -0.009955 0.160878
v 0.155773 0.191943 0.149187
v -0.006457999999999999 -0.21407 -0.113942
v -0.008121 0.468126 0.086901
v -0.4603 0.066359 0.023115
v -0.371975 -0.018069 0.099126
v -0.257816 -0.012383 0.142891
v 0.0064659999999999995 0.301259 0.203352
v 0.005934 0.119077 0.235466
v -0.227565 0.214221 -0.07853
v 0.367734 -0.493482 -0.241511
v 0.146599 0.047478 0.154816
v -0.234014 0.21101 0.022114
v 0.142485 0.293731 -0.050438
v 0.0014890000000000007 0.432018 -0.020289
v 0.134668 -0.334662 -0.13523
v 0.114334 -0.085482 -0.077069
v -0.432234 -0.032837 -0.044927
v -0.207 0.406233 -0.106077
v 0.036742 -0.191902 -0.110016
v -0.309269 0.147201 0.09251
v 0.055446 0.215529 0.202001
v 0.202606 0.283053 -0.110935
v 0.038516 -0.113327 -0.25555
v 0.4603 0.137606 -0.193491
v -0.055866 0.102374 -0.25555
v 0.313655 0.196108 -0.25555
v -0.027985 0.486284 0.105051
v 0.215422 0.085533 0.043553
v 0.030266 0.34446 -0.206825
v 0.4603 0.148032 -0.087451
v 0.0026 0.37715 0.124124
v 0.163887 0.189095 0.052308
v -0.053558 0.180055 0.22472
v 0.126118 -0.409867 -0.205083
v -0.298935 -0.008785 0.168611
v 0.078541 0.336986 -0.197265
v -0.331997 0.11595 -0.1994
v -0.137794 0.403565 0.185307
v -0.361426 0.118421 -0.0028020000000000007
v -0.0008670000000000006 0.437432 -0.102411
v -0.270185 0.158799 -0.071644
v -0.109715 0.371634 0.19093
v -0.283147 -0.042887 -0.25555
v -0.210154 0.297824 0.189703
v -0.386621 0.132731 0.233075
v -0.4603 0.078878 -0.116101
v -0.286237 0.179289 0.210601
v 0.29469 -0.156701 -0.25555
v 0.338032 0.049542 -0.25555
v 0.199791 0.009349 -0.061176
v -0.107693 -0.025434 0.032228
v 0.290035 0.074874 -0.023388
v -0.069265 0.448881 -0.25555
v 0.4603 -0.386521 -0.227471
v -0.086548 0.468037 -0.097704
v 0.131288 0.030726 0.060123
v 0.427913 -0.006865 -0.153108
v -0.314237 0.155089 0.166134
v 0.216354 -0.057067 -0.09748
v 0.319865 -0.484958 -0.241511
v 0.072354 0.053903 0.191478
v 0.104314 0.226228 0.02023
v 0.209319 0.181988 0.011733
v 0.4603 0.068355 -0.120439
v 0.276015 0.006503 -0.077282
v -0.089521 0.0052 0.25555
v 0.183286 0.180821 -0.075548
v 0.4603 -0.03758 -0.190715
v 0.056415 -0.046849 -0.035239
v -0.140535 0.472694 0.173114
v 0.072896 0.042409 0.126013
v 0.19163 -0.062563 -0.128921
v -0.227184 -0.003138 0.205895
v 0.037753 0.351236 -0.047052
v 0.356081 -0.037608 -0.25555
v -0.162134 0.223402 -0.25555
v -0.265403 -0.053102 -0.044886
v -0.110828 0.408828 -0.25555
v 0.090369 0.205292 0.143973
v 0.190827 0.151078 0.068344
v -0.207203 0.291435 -0.168162
v -0.065505 -0.20131 -0.25555
v -0.207 0.364448 -0.163299
v 0.418647 -0.158255 -0.208759
v -0.4603 0.02633 0.038523
v -0.113546 -0.188904 -0.213432
v 0.432723 0.000598 -0.110944
v 0.131561 0.026059 0.033507
v 0.117411 0.2183 0.21797
v -0.4603 0.069216 -0.131505
v 0.056003 0.083325 -0.25555
v 0.056265 0.340054 -0.214081
v -0.174352 0.459885 -0.25555
v -0.151834 0.092248 0.240205
v -0.411464 0.11835 0.235602
v 0.308297 -0.138472 -0.189346
v 0.257727 0.259145 -0.25555
v 0.16122 0.097719 0.145638
v 0.276574 -0.209039 -0.165188
v -0.318518 0.126704 -0.076519
v -0.16642 -0.04204 -0.027437
v -0.012387 -0.049584 -0.039809
v 0.335077 -0.443225 -0.154349
v 0.364818 0.309888 -0.25555
v -0.418919 0.10487 -0.167653
v -0.4603 -0.028335 0.0006969999999999997
v -0.239188 -0.088776 -0.079362
v 0.416907 -0.16327 -0.25555
v 0.090726 -0.050762 -0.25555
v 0.357125 0.221926 -0.18046
v 0.198914 0.101714 -0.25555
v -0.039518 0.172071 0.226118
v -0.123755 0.267863 0.209238
v -0.4603 0.069058 0.244276
v 0.16507 -0.431041 -0.227472
v -0.207 0.381575 -0.25555
v -0.14626 0.019026 0.253114
v 0.322613 -0.485268 -0.206427
v 0.199723 -0.183254 -0.25555
v 0.011630999999999999 -0.0033190000000000008 0.204499
v -0.207 0.381343 0.087993
v -0.058628 0.231018 -0.25555
v 0.181092 0.190198 -0.25555
v 0.302276 -0.015577 -0.25555
v -0.261679 -0.02399 0.046399
v 0.177563 0.323896 -0.213698
v -0.207432 0.295583 -0.022769
v -0.056316 -0.07528 -0.068852
v 0.313018 0.123755 -0.045721
v -0.060304 -0.247812 -0.119845
v -0.018567 0.45877 -0.099942
v -0.4603 0.047299 0.178286
v 0.4603 -0.220431 -0.241511
v 0.304117 -0.10134 -0.25555
v -0.334346 0.052335 0.24724
v -0.390608 -0.035421 -0.021069
v 0.115742 0.235988 -0.001656
v 0.4603 -0.327729 -0.242916
v 0.347987 -0.0017339999999999999 -0.124285
v 0.0025999999999999994 0.397759 -0.227428
v -0.207 0.374134 -0.057229
v 0.107839 0.060945 0.231457
v -0.025479 0.084264 0.241606
v 0.078346 -0.038721 -0.021011
v 0.0026 0.401387 0.043441
v 0.4603 0.296575 -0.243975
v 0.267833 0.166293 -0.077102
v -0.009855 0.081042 -0.25555
v 0.069795 -0.372295 -0.155499
v 0.432221 -0.435155 -0.25555
v 0.4603 0.140987 -0.139949
v -0.234483 -0.096233 -0.219047
v -0.238648 -0.062491 -0.25555
v 0.4603 -0.468337 -0.19418
v 0.315015 -0.063022 -0.131539
v -0.211844 0.252222 -0.227474
v 0.40932 -0.304394 -0.25555
v -0.432547 0.02313 -0.25555
v 0.126988 0.206193 0.148939
v 0.263445 0.169102 -0.132959
v -0.183336 -0.092801 -0.081591
v -0.259942 -0.033774 -0.25555
v -0.31444 0.032472 -0.25555
v 0.202051 0.266171 -0.107499
v -0.092279 -0.167249 -0.10567
v 0.163388 0.030374 0.057892
v 0.133207 -0.23589 -0.117766
v 0.446261 -0.084265 -0.25555
v 0.268817 0.316332 -0.177633
v 0.056824 0.344171 -0.102867
v -0.117934 0.463929 -0.185349
v -0.018126 -0.29758 -0.212427
v 0.263628 -0.306525 -0.25555
v -0.105732 0.0004780000000000001 0.227871
v -0.039518 0.219966 0.217675
v -0.411665 0.141306 0.203037
v 0.312969 -0.360477 -0.151768
v -0.098288 0.490142 0.107914
v 0.405284 0.193841 -0.25555
v -0.207 0.351402 0.167706
v 0.329804 0.041678 -0.039761
v 0.220669 0.203126 -0.111008
v -0.140511 -0.072531 -0.066628
v -0.347497 0.110549 -0.227431
v -0.235884 -0.093593 -0.141376
v 0.139475 0.279001 -0.043976
v -0.018013 -0.15765 -0.103935
v 0.179741 -0.250922 -0.25555
v -0.240977 0.224624 0.202597
v 0.273114 0.229145 -0.14876
v -0.415025 -0.020683 0.076652
v -0.207 0.330139 0.002633
v 0.4603 0.227823 -0.195134
v 0.280384 0.185238 -0.25555
v 0.349188 -0.222947 -0.25555
v 0.256824 0.01628 -0.022118
v 0.371252 0.163472 -0.173699
v -0.207 0.407373 -0.164519
v 0.410572 -0.215914 -0.197742
v 0.087523 0.162995 0.227719
v 0.4603 -0.025687 -0.25555
v 0.212022 -0.01445 -0.25555
v 0.106596 -0.29557 -0.25555
v 0.105787 -0.010602 -0.25555
v 0.446263 -0.343147 -0.177757
v -0.228824 0.2293 0.100421
v -0.037578 0.464199 -0.14
v 0.397056 -0.06691 -0.153165
v 0.110269 -0.348355 -0.137606
v 0.254522 -0.155605 -0.164761
v -0.067597 0.427512 0.181079
v 0.062226 0.257462 0.13439
v 0.179072 -0.140622 -0.122913
v 0.223582 -0.376658 -0.142603
v -0.207 0.328805 -0.130057
v 0.179061 0.326169 -0.135456
v 0.079855 -0.169738 -0.106104
v 0.127866 0.338642 -0.038477
v 0.220095 0.11561 0.032364
v 0.135973 0.32894 -0.204511
v 0.296584 -0.263917 -0.16322
v 0.415805 0.253245 -0.25555
v 0.101354 -0.394203 -0.173764
v 0.118109 -0.051853 -0.068001
v -0.374117 0.110522 -0.082461
v 0.37167 -0.083719 -0.25555
v 0.238679 0.317635 -0.241511
v -0.2803 -0.0686 -0.06305
v -0.200414 -0.008186 0.172764
v -0.303424 -0.065373 -0.189769
v -0.109715 0.307775 0.202195
v -0.196016 0.248895 0.212575
v -0.117899 0.46298 -0.241511
v -0.4603 0.062548 0.149673
v 0.239712 -0.293218 -0.133051
v 0.178185 0.103962 0.100535
v -0.130842 -0.171811 -0.25555
v -0.446261 0.141928 0.206747
v -0.044793 -0.268766 -0.25555
v 0.0554 0.320577 0.185679
v -0.446261 -0.010915 0.153699
v -0.229617 0.177942 -0.25555
v -0.184635 0.467847 -0.000873
v -0.144945 -0.010803 0.154521
v -0.152093 0.397843 -0.25555
v 0.044111 0.356108 0.016098
v 0.3561 -0.233372 -0.185846
v 0.1517 0.199556 0.111622
v -0.178528 -0.097946 -0.25555
v -0.168654 -0.138134 -0.173816
v -0.222031 0.100229 0.238791
v -0.050191 -0.261597 -0.178682
v -0.21871 0.238851 -0.02627
v 0.076567 0.356274 0.06158
v -0.236929 0.192682 -0.18821
v -0.4603 0.057192 -0.047505
v 0.411731 0.176125 -0.182948
v 0.318312 0.009648 -0.059623
v -0.148851 -0.153635 -0.153352
v -0.133821 0.272305 -0.25555
v 0.04083 -0.198922 -0.25555
v 0.083363 0.292289 -0.25555
v 0.342745 0.077222 -0.25555
v -0.183717 0.124145 -0.25555
v -0.109556 -0.116348 -0.25555
v -0.242008 0.119829 -0.25555
v 0.2779 0.130989 -0.25555
v 0.088886 0.035001 -0.25555
v 0.042783 -0.042598 -0.25555
v 0.149938 -0.089327 -0.25555
v -0.035172 0.127333 -0.25555
v 0.129355 0.1278 -0.25555
v -0.034363 -0.157635 -0.25555
v 0.007027 -0.107717 -0.25555
v 0.242033 -0.176217 -0.25555
v 0.224211 -0.087733 -0.25555
v 0.212831 -0.299418 -0.25555
v -0.044487 0.314059 -0.25555
v -0.17269 0.497362 0.168771
v -0.106272 0.483338 0.059492
v -0.380671 -0.043516 -0.128164
v 0.226739 -0.223933 -0.138571
v -0.316505 -0.020215 0.080821
v -0.037507 0.470233 -0.048463
v -0.337545 0.117002 -0.11371
v 0.4603 0.094609 -0.202434
v 0.385602 0.005379 -0.083824
v 0.299295 0.313888 -0.191645
v -0.162515 -0.021812 0.066671
v -0.067597 0.299794 0.203614
v -0.220563 -0.026911 0.020593
v -0.114046 0.340145 -0.25555
v 0.104755 -0.209807 -0.25555
v 0.253412 0.035468 -0.25555
v 0.134877 -0.129487 -0.25555
v 0.324701 -0.318468 -0.25555
v -0.136693 0.158862 -0.25555
v -0.373911 0.076195 -0.25555
v 0.307973 0.254444 -0.25555
v -0.292228 0.092248 0.240209
v -0.023357 0.476335 0.172471
v 0.060663 -0.288774 -0.127134
v -0.411748 -0.042052 -0.25555
v -0.207 0.330744 0.058732
v -0.197806 0.463266 0.068528
v 0.401113 0.088446 -0.071174
v -0.120236 0.466468 -0.124206
v 0.239678 -0.461402 -0.171504
v 0.395729 0.309437 -0.204175
v -0.4603 0.016799 -0.0032960000000000003
v -0.4603 0.068265 0.079241
v -0.216021 0.26618 0.140752
v -0.4603 0.090426 -0.182215
v 0.411782 -0.006593999999999999 -0.151519
v -0.446261 0.124213 0.084361
v -0.334654 -0.039108 -0.021659
v -0.06529 -0.024787 0.038617
v -0.333002 0.139517 0.113203
v 0.007757999999999999 -0.016958 0.108274
v 0.097281 -0.108844 -0.25555
v 0.039101 0.128927 -0.25555
v 0.252492 0.078349 -0.25555
v 0.004265999999999999 0.020927 -0.25555
v -0.133012 -0.012663 -0.25555
v -0.129219 0.057899 -0.25555
v 0.373565 -0.369513 -0.25555
v 0.182973 -0.39025 -0.145004
v -0.19673 0.444564 -0.181442
v -0.089472 -0.013335 0.136252
v -0.351996 0.15169 0.229716
v -0.219697 0.229115 -0.132075
v 0.175277 -0.321074 -0.132805
v 0.344052 0.159865 -0.113377
v 0.0551 0.234266 0.21516
v -0.369398 -0.009557 0.163357
v -0.207 0.402644 -0.121886
v 0.008404 0.34493 0.195646
v 0.080456 0.304552 0.059648
v -0.020837 -0.221445 -0.11523
v 0.020258 -0.332601 -0.148868
v 0.022371 -0.199282 -0.111363
v -0.207 0.448104 0.177452
v -0.151834 0.379619 0.189535
v 0.170204 0.144555 0.111848
v 0.151119 0.082689 0.192712
v -0.348751 -0.025048 -0.25555
v 0.224505 -0.45691 -0.25555
v -0.417079 0.113876 -0.014679
v -0.00678 0.456937 0.013381
v -0.206164 0.425292 -0.08548
v -0.404171 -0.03651 -0.061745
v -0.109715 0.0683 0.244426
v -0.261071 0.166743 -0.082444
v -0.021521 0.476675 0.063775
v 0.09978 0.288682 0.017964
v -0.298291 -0.006382 0.184631
v -0.123755 0.156108 0.228944
v 0.351252 0.175464 -0.25555
v 0.317337 0.024583 -0.25555
v 0.137861 0.226042 -0.25555
v 0.032547 0.18701 -0.25555
v 0.058652 -0.287406 -0.25555
v -0.025856 -0.059393 -0.25555
v 0.179251 0.275961 -0.25555
v -0.244881 0.006386 -0.25555
v 0.22502 -0.372701 -0.25555
v 0.316194 -0.41671 -0.25555
v 0.326653 -0.162143 -0.25555
v -0.177662 0.336173 0.197186
v -0.011439 0.156107 0.22894
v -0.081637 0.371635 0.190935
v -0.284057 0.0004620000000000004 0.227874
v 0.38908 -0.480955 -0.160996
v 0.0025999999999999986 0.406182 -0.070123
v 0.068004 -0.372525 -0.25555
v -0.061159 0.46292 -0.25555
v 0.0026 0.3488 -0.25555
v -0.435983 0.089461 -0.25555
v 0.4603 -0.410838 -0.241511
v 0.446261 0.107345 -0.25555
v 0.446261 0.167954 -0.25555
v 0.107258 0.333813 -0.165565
v -0.404543 0.060315 0.245818
v -0.207 0.393074 0.01831
v 0.240674 -0.070359 -0.173005
v 0.446264 0.124133 -0.082953
v 0.0026 0.428062 0.093088
v 0.070511 0.0634 0.24528
v -0.125554 0.470115 -0.06806
v 0.390086 -0.425645 -0.158257
v -0.214986 0.257491 0.051856
v -0.068652 -0.048342 -0.037996
v 0.103108 -0.024993 0.036817
v -0.348386 0.076283 0.243021
v 0.182333 0.259746 -0.088569
v 0.4603 -0.5 -0.25555
v -0.272337 0.162867 0.0025009999999999998
v -0.095676 0.204002 0.220496
v -0.231043 -0.016767 0.109667
v 0.446375 -0.279093 -0.189014
v -0.094636 -0.028987 0.007628
v -0.446261 0.107339 -0.109401
v 0.4603 -0.127287 -0.216059
v -0.40356 0.002816 0.241715
v 0.151692 -0.423039 -0.164827
v 0.411856 0.164644 -0.086523
v 0.172389 -0.047885 -0.045343
v 0.412304 0.051136 -0.25555
v -0.007114 -0.190758 -0.25555
v 0.276709 0.129421 -0.023701
v 0.183937 -0.078304 -0.137426
v -0.284886 0.141633 -0.182507
v 0.4603 0.040936 -0.068547
v 0.0175 -0.331892 -0.25555
v 0.0026 0.419531 0.182492
v -0.282542 0.167959 0.118818
v 0.098209 -0.086947 -0.077862
v 0.0026 0.382189 0.156152
v 0.063206 0.204475 0.220414
v 0.339125 -0.090594 -0.206925
v 0.147602 0.148766 0.215977
v 0.150747 -0.374295 -0.25555
v 0.125585 0.043223 0.130727
v 0.2321 -0.008695 -0.082762
v 0.236302 0.180368 0.002726000000000002
v 0.129295 -0.41202 -0.241512
v 0.16045 0.184814 -0.052851
v -0.387433 0.129502 0.121402
v 0.378785 -0.078224 -0.217651
v 0.283509 -0.013841 -0.112076
v -0.340711 0.129017 0.049737
v 0.057341 0.054988 0.197497
v 0.058931 0.342645 0.1398
v 0.208792 0.044903 0.059488
v 0.002599999999999998 0.364277 -0.166915
v -0.4603 -0.023649 -0.150722
v 0.4603 0.006864 -0.148663
v 0.33827 -0.474733 -0.25555
v -0.4603 0.039384 -0.227577
v 0.154264 0.017053 -0.017379
v 0.446227 -0.069577 -0.168601
v 0.4603 -0.271029 -0.227779
v 0.029826 -0.054258 -0.046157
v 0.093373 0.188532 0.04892
v -0.050553 0.018731 0.253166
v 0.07288 0.015652 0.130707
v -0.085701 0.497617 0.154464
v 0.21722 -0.059617 -0.112259
v -0.402607 -0.025067 0.035833
v -0.207 0.300517 -0.227472
v -0.140145 -0.08974 -0.079984
v 0.0026 0.357772 -0.041113
v -0.076409 -0.23181 -0.25555
v 0.103209 -0.043357 -0.029878
v 0.446261 -0.144285 -0.25555
v 0.164299 -0.089716 -0.120928
v -0.4603 0.086764 0.122307
v 0.0026000000000000007 0.440344 0.134131
v -0.409601 0.120726 0.054295
v 0.014613 0.033407 -0.25555
v -0.4603 0.067312 0.051178
v -0.081275 0.049735 -0.25555
v -0.152747 -0.04666 -0.034821
v -0.235767 0.190298 0.222911
v 0.4603 0.130594 -0.227627
v -0.4603 0.098107 0.239175
v 0.398053 -0.273992 -0.25555
v -0.432328 0.053098 0.247096
v 0.4603 0.145957 -0.111756
v -0.279836 -0.075099 -0.25555
v -0.207 0.355987 0.193697
v 0.263623 -0.468971 -0.158849
v -0.351185 -0.049924 -0.140016
v -0.387616 -0.045064 -0.241512
v -0.005752000000000001 -0.198128 -0.111084
v 0.131307 0.284125 -0.25555
v -0.081637 0.25988 0.210642
v 0.048227 -0.021855 0.066383
v -0.053914 0.258698 -0.25555
v -0.048356 -0.016656 0.11049
v 0.104132 0.335393 -0.137706
v -0.151834 0.076282 0.243016
v 0.371922 -0.232438 -0.189253
v -0.4603 -0.037368 -0.142098
v 0.212385 0.007599000000000001 -0.071233
v 0.029901 0.315634 -0.25555
v 0.049662 -0.357453 -0.167309
v 0.382183 -0.029184 -0.25555
v -0.378179 0.04445 -0.25555
v 0.414398 0.224029 -0.191726
v -0.190383 -0.05986 -0.25555
v 0.371486 -0.195888 -0.25555
v -0.097626 0.002791 0.241719
v 0.380549 -0.032964 -0.141873
v -0.042446 0.00045199999999999993 0.227952
v -0.123755 0.459443 0.175454
v -0.310409 0.137167 0.23228
v 0.167746 -0.224243 -0.115751
v 0.009086 -0.323477 -0.181097
v 0.054727 0.002465 0.239577
v -0.22848 0.206662 -0.224167
v 0.028838 0.380939 0.176671
v 0.232829 0.252596 -0.25555
v 0.255029 -0.467294 -0.209981
v -0.204713 0.447411 0.063337
v 0.374291 -0.117977 -0.209897
v 0.320812 -0.030409 -0.125189
v 0.238882 0.173105 -0.038507
v -0.05307 0.467637 0.174008
v -0.183349 0.28865 0.205565
v 0.4603 0.276569 -0.203724
v 0.4603 -0.050004 -0.241511
v -0.261376 0.123482 -0.25555
v 0.197555 0.029649 0.053755
v 0.4603 0.233419 -0.240437
v 0.207033 0.323094 -0.139274
v -0.203493 0.00033100000000000013 0.227029
v -0.43116 0.10421 -0.191688
v 0.21537 -0.119784 -0.25555
v 4.299999999999877e-05 0.435077 -0.069826
v -0.348928 -0.045207 -0.044329
v -0.128017 0.468936 -0.084244
v 0.143383 -0.419021 -0.178148
v 0.405057 0.294653 -0.25555
v 0.4603 -0.169676 -0.222917
v 0.267775 -0.322277 -0.25555
v 0.152387 0.194718 0.164842
v 0.26997 0.301037 -0.25555
v 0.4603 -0.393479 -0.18338
v 0.059328 -0.032987 -0.006088
v 0.300078 0.062852 -0.027589
v -0.155092 -0.149551 -0.195591
v 0.363899 0.049791 -0.054645
v -0.210233 -0.077431 -0.070218
v -0.225044 0.232111 0.05836
v 0.093488 -0.179406 -0.25555
v 0.227831 0.319031 -0.20366
v -0.304092 0.044952 -0.25555
v -0.4603 0.062795 0.206703
v -0.156701 0.5 0.1683
v -0.444089 0.146 0.23072
v -0.053558 0.3488 -0.25555
v 0.447666 -0.327729 -0.25555
v 0.281484 0.167808 -0.068489
v -0.02894 -0.089034 -0.079454
v 0.40748 -0.218631 -0.25555
v 0.24973 0.206993 -0.25555
v 0.301244 -0.214783 -0.25555
v -0.246722 0.092149 -0.25555
v 0.082331 0.093083 -0.25555
v 0.316808 0.217454 -0.166571
v -0.022741 0.457043 -0.208716
v -0.376397 0.115711 -0.008400999999999999
v 0.398641 -0.17514 -0.203633
v -0.124398 0.493104 0.127087
v -0.390504 0.100229 0.238789
v 0.330959 -0.387441 -0.152449
v -0.242354 0.185529 -0.161606
v 0.115387 0.278327 -0.0085
v 0.009694 -0.010509 0.156439
v 0.331209 0.27021 -0.25555
v -0.4603 0.0024340000000000004 0.239576
v 0.4603 0.190986 -0.217169
v -0.103861 0.485446 0.075384
v -0.446263 -0.031664 -0.036878
v 0.447532 -0.440792 -0.160559
v 0.082049 0.341576 -0.083943
v -0.056898 -0.254286 -0.20495
v -0.179913 0.188037 0.223308
v 0.016431 0.346983 -0.19876
v 0.379486 0.176819 -0.177807
v 0.310452 -0.332814 -0.155865
v -0.163825 0.323359 -0.25555
v -0.232371 0.238155 0.200213
v -0.341928 0.119009 -0.05546
v -0.432221 -0.021957 0.065227
v 0.118906 0.340978 -0.02517
v -0.189097 0.427089 -0.25555
v -0.138607 0.46541 -0.145414
v 0.22351 0.230537 -0.11796
v -0.216455 -0.105331 -0.166646
v -0.207 0.415835 -0.191346
v 0.248169 -0.306919 -0.134972
v 0.22912 -0.251658 -0.134818
v 0.016926 -0.035115 -0.012129
v 0.432579 -0.109173 -0.25555
v 0.11223 -0.310771 -0.25555
v 0.266521 -0.080696 -0.25555
v -0.093463 0.123018 -0.25555
v 0.408623 0.222661 -0.25555
v 0.153731 -0.018766 -0.25555
v -0.090702 -0.005625999999999999 -0.25555
v 0.191328 -0.039409 -0.25555
v 0.200643 -0.226135 -0.25555
v -0.071959 -0.136991 -0.25555
v -0.106572 0.239182 -0.25555
v 0.208341 0.157075 -0.25555
v 0.020136 -0.223881 -0.25555
v 0.011851999999999998 0.162051 -0.25555
v 0.146256 0.082198 -0.25555
v 0.091758 0.148444 -0.25555
v 0.275027 0.017546 -0.25555
v 0.347459 0.104903 -0.25555
v 0.273075 -0.138778 -0.25555
v 0.388848 0.154821 -0.25555
v 0.143272 -0.273332 -0.25555
v 0.217545 -0.271738 -0.25555
v 0.436016 0.294835 -0.206093
v 0.11782 0.330787 -0.25555
v 0.015112 0.349587 -0.131943
v 0.05615 0.261326 0.181901
v -0.4603 0.100133 -0.011133
v -0.407857 -0.01397 -0.25555
v -0.361473 -0.028832 0.010126
v 0.309371 -0.235649 -0.172633
v 0.272381 -0.349156 -0.138672
v 0.3961 -0.430316 -0.25555
v -0.125314 0.370547 -0.25555
v 0.021167 -0.024674999999999996 -0.25555
v 0.058875 0.196768 -0.25555
v 0.151779 -0.17509 -0.25555
v 0.446251 -0.017575 -0.25555
v 0.072368 0.353574 0.033598
v 0.127181 -0.056607 -0.094837
v -0.12502 -0.177452 -0.241511
v -0.040499 0.478235 0.025375
v -0.011 0.458272 -0.035542
v 0.155195 0.327931 -0.159849
v -0.4603 0.044437 -0.14471
v -0.410457 -0.038864 -0.116239
v 0.383732 -0.273354 -0.184155
v -0.360151 0.108699 -0.166944
v 0.053843 -0.121122 -0.095432
v -0.207 0.416453 -0.004154
v -0.256528 -0.007824 0.174966
v 0.198832 0.184232 0.024801
v -0.246039 -0.01959 0.086097
v 0.022374 0.146599 0.230618
v -0.131588 -0.148416 -0.102305
v -0.207 0.300296 -0.194805
v -0.4603 0.041579 0.00991
v -0.174749 0.460783 -0.18709
v -0.097372 -0.057218 -0.050129
v -0.249263 -0.029471 0.005729999999999999
v -0.114946 -0.003842 0.201476
v 0.150879 -0.334764 -0.135197
v 0.220637 0.175455 -0.106129
v -0.248526 0.192111 0.044075
v -0.204273 -0.111122 -0.119176
v 0.154337 0.108663 0.17054
v 0.363856 0.255277 -0.188105
v 0.073288 0.211388 0.097578
v 0.403624 -0.497561 -0.241511
v 0.4603 -0.499911 -0.239339
v 0.272604 0.155984 -0.135574
v -0.179912 0.124177 0.234572
v -0.4603 0.022517 -0.073728
v -0.4603 0.04253 -0.200836
v 0.048358 -0.248316 -0.119965
v 0.027787 -0.12548 -0.25555
v -0.212979 0.24904 -0.167633
v 0.086362 -0.279086 -0.125385
v 0.293658 -0.355906 -0.25555
v -0.049201 0.286379 -0.25555
v -0.124505 0.085579 -0.25555
v -0.204923 -0.022507 0.060286
v -0.180082 -0.038414 -0.019498
v 0.402359 -0.069511 -0.168262
v -0.419592 -0.040996 -0.213323
v -0.277302 0.146738 -0.209051
v 0.199348 -0.362699 -0.140101
v 0.41809 0.00711 -0.073937
v 0.066606 0.278415 0.110035
v 0.0026 0.368354 0.05988
v 0.415905 0.094054 -0.074717
v 0.183629 -0.279642 -0.125507
v 0.233316 -0.138885 -0.157073
v -0.272017 -0.075629 -0.127306
v -0.20091 -0.116301 -0.241511
v 0.38891 -0.328546 -0.175176
v -0.207 0.356187 -0.136274
v 0.105843 -0.218767 -0.114734
v -0.003991999999999999 0.45657 0.045725
v -0.390475 -0.036641 -0.037234
v -0.207501 0.303491 0.065456
v 0.217752 0.100573 0.037951
v 0.243127 0.014775 -0.030658
v -0.126005 0.46292 -0.25555
v 0.064795 -0.193078 -0.110215
v -0.067597 0.140142 0.231756
v -0.315217 -0.016382 0.112991
v -0.356849 -0.050359 -0.198199
v -0.244966 0.184605 -0.104169
v -0.317022 0.121587 -0.25555
v -0.446261 0.126224 0.100447
v 0.282872 -0.194947 -0.170144
v -0.205872 0.422811 -0.159702
v 0.044107 0.354455 -2.8999999999999946e-05
v 0.301123 0.016664 -0.020088
v -0.412449 -0.012662 0.140947
v 0.005818 -0.022539 0.060002
v 0.359361 0.158941 -0.118629
v 0.157742 0.1968 0.095951
v -0.207 0.312191 -0.076412
v -0.357624 -0.017152 0.10661
v -0.4603 0.045392 0.12216
v -0.307784 -0.056821 -0.049947
v -0.22439 0.224453 -0.03109
v 0.371032 -0.49309 -0.177129
v -0.222031 0.13216 0.233166
v -0.095676 0.092246 0.240193
v 0.318369 0.223788 -0.25555
v 0.149827 -0.331414 -0.25555
v 0.216736 0.01323 -0.25555
v -0.044599 0.071972 -0.25555
v 0.0024249999999999996 0.10669 -0.25555
v -0.136805 -0.083225 -0.25555
v 0.069111 -0.032839 -0.25555
v 0.078538 0.022521 -0.25555
v -0.217632 -0.026737 -0.25555
v -0.068166 -0.06643 -0.25555
v -0.100017 0.1811 -0.25555
v 0.185805 0.217878 -0.25555
v 0.079347 -0.262447 -0.25555
v 0.015645 0.232612 -0.25555
v -0.176242 0.023181 -0.25555
v 0.0025999999999999986 0.400029 -0.162201
v 0.257205 0.10603 -0.25555
v 0.32378 -0.275586 -0.25555
v 0.446264 -0.199082 -0.203118
v -0.123755 0.235932 0.214863
v 0.317813 -0.483662 -0.175423
v -0.165271 0.266179 -0.25555
v -0.045361 -0.140535 -0.100722
v -0.083123 0.490987 0.113581
v -0.009745 0.301258 0.203348
v 0.198318 0.321311 -0.25555
v 0.241921 -0.418304 -0.25555
v 0.347347 -0.137184 -0.25555
v 0.117976 -0.083885 -0.25555
v -0.289736 -0.023875 0.047509
v -0.055368 -0.256479 -0.25555
v -0.207 0.331267 -0.055808
v -0.363747 -0.01889 -0.25555
v 0.418182 -0.394626 -0.25555
v 0.404142 -0.354098 -0.25555
v -0.060769 -0.011285 0.151193
v -0.220996 0.251396 0.136338
v -0.015095 0.479169 0.111836
v -0.344144 0.151257 0.21554
v -0.207 0.37742 0.130705
v -0.207 0.373578 0.056514
v -0.368754 -0.007162 0.179378
v -0.166556 0.478936 0.036142
v -0.067597 0.331724 0.197984
v -0.011439 0.140142 0.231754
v 0.133261 0.119278 0.235432
v -0.395454 0.10377 -0.227467
v -0.123755 0.331723 0.197974
v 0.04135 0.306583 0.202412
v 0.224474 -0.196173 -0.142125
v 0.143464 -0.016242 0.0017140000000000002
v 0.427892 -0.497914 -0.163977
v 0.002599999999999999 0.401832 -0.020861
v 0.008095 0.372578 0.19076
v 0.4603 0.046936 -0.211185
v 0.065469 -0.370071 -0.193888
v -0.03451 -0.212864 -0.113742
v 0.40826 0.159829 -0.11395
v -0.283297 -0.002728 0.208088
v -0.117528 -0.013198 0.137362
v 0.247817 -0.390626 -0.145054
v 0.381284 -0.099763 -0.25555
v -0.207 0.440799 0.134721
v -0.411751 0.110957 -0.051698
v -0.067597 0.219967 0.21768
v 0.0026 0.414359 0.084426
v -0.067278 -0.033878 -0.009069999999999998
v -0.120753 -0.022856 0.056951
v 0.088457 0.283332 0.043094
v 0.134818 0.045487 0.143858
v -0.036869 -0.275634 -0.138921
v -0.202346 -0.014892 0.124634
v 0.172649 0.329305 -0.091364
v 0.297015 0.162614 -0.25555
v -0.044948 0.46291 -0.25555
v 0.0064659999999999995 0.245954 0.213104
v -0.025479 0.381223 -0.25555
v 0.4603 -0.427049 -0.241511
v 0.0543 0.0634 0.24528
v 0.4603 0.055392 -0.25555
v 0.131089 0.0634 0.24528
v -0.4603 0.106116 -0.133687
v 0.185251 0.10615 0.08611
v 0.421731 0.106497 -0.25555
v 0.316305 -0.174623 -0.25555
v -0.276843 0.011829 -0.25555
v -0.153706 -0.037622 -0.25555
v 0.332175 -0.419431 -0.25555
v -0.039076 -0.185315 -0.25555
v -0.189351 0.139346 -0.25555
v 0.369994 0.044099 -0.25555
v -0.207 0.330703 0.117183
v -0.151834 0.427512 0.181078
v 0.367416 -0.44094 -0.153923
v -0.095676 0.411548 0.1839
v 0.4603 -0.111319 -0.218856
v -0.050097 0.47259 -0.038525
v 0.072191 0.337709 -0.212163
v -0.200097 0.446703 -0.053466
v -0.120734 0.472799 -0.03611
v 0.135816 -0.141138 -0.100884
v 0.071311 0.2183 0.21797
v 0.012679 -0.327329 -0.213407
v 0.273674 0.114257 -0.018837
v 0.312058 0.313346 -0.181664
v -0.264149 0.060318 0.245839
v 0.216948 -0.453977 -0.241511
v -0.296465 0.137266 -0.097776
v -0.4603 0.138002 0.182749
v -0.282642 0.143799 -0.166599
v 0.153533 0.216019 -0.05033
v -0.234391 0.223313 0.127283
v -0.01264 0.456902 0.175899
v 0.147183 0.030173 0.056984
v 0.4603 0.046489 -0.083778
v 0.176179 -0.043656 -0.030159
v 0.4603 -0.228536 -0.25555
v 0.4603 -0.467577 -0.25555
v 0.042236 -0.35285 -0.25555
v 0.427914 0.14822 -0.179699
v 0.333053 -0.067016 -0.154061
v 0.002599999999999991 0.354164 -0.089612
v -0.089604 0.467065 -0.113595
v -0.09138 -0.210962 -0.113395
v 0.352541 0.310766 -0.20939
v -0.26966 0.181682 0.139651
v 0.025554 0.079058 0.242532
v 0.12227 -0.407976 -0.227473
v 0.4603 0.108053 -0.165612
v 0.220094 0.142111 0.027689
v 0.285097 -0.101471 -0.187523
v -0.38549 0.131794 0.137329
v 0.352081 0.118999 -0.062655
v -0.334713 0.125442 -0.007797999999999999
v 0.166033 0.169974 -0.056204
v -0.336754 0.134079 0.081461
v -0.287891 0.147359 -0.034319
v -0.4603 -0.020655 -0.086235
v 0.37279 0.00106 -0.108433
v -0.4603 -0.010772 -0.191236
v 0.0026 0.376992 -0.223377
v 0.395652 -0.078658 -0.220161
v -0.338958 -0.055115 -0.227827
v 0.242419 0.29188 -0.141788
v 0.023004 -0.297006 -0.128536
v 0.136145 -0.400143 -0.25555
v 0.0026 0.389744 0.114064
v 0.087767 0.190636 0.222852
v -0.210181 0.272125 -0.0008789999999999996
v 0.085005 0.055642 0.201257
v -0.371658 0.019025 0.253104
v 0.061467 0.338672 0.124478
v 0.427933 0.136854 -0.083733
v 0.187101 -0.425375 -0.151221
v 0.185562 0.018321 -0.010613
v 0.280515 -0.475293 -0.25555
v -0.4603 0.005034 0.167463
v -0.446261 0.031275 -0.25555
v 0.170351 0.056785 0.126839
v 0.4603 -0.297694 -0.200283
v 0.116748 0.185945 0.034122
v -0.034862 0.019026 0.253114
v 0.081574 -0.067691 -0.061859
v 0.133261 0.165985 0.227193
v 0.245729 -0.060164 -0.115024
v 0.264345 0.0017239999999999998 -0.104697
v 0.4603 -0.033364 -0.149847
v 0.063781 0.034514 0.162243
v -0.085701 0.486174 0.170737
v 0.077757 0.013374 0.116219
v 0.203761 -0.064059 -0.13744
v 0.265489 -0.279902 -0.25555
v 0.305699 -0.001737 -0.124333
v -0.135773 0.115981 -0.25555
v -0.274742 -0.021308 0.07111
v 0.086124 0.163645 -0.25555
v 0.432708 0.153109 -0.151867
v -0.189154 -0.123545 -0.19426
v 0.022088 -0.067557 -0.25555
v -0.081637 0.35567 0.193753
v -0.123417 -0.178428 -0.19685
v 0.415765 -0.271071 -0.188572
v 0.148891 0.151967 0.197709
v -0.416498 0.103813 -0.21175
v 0.048842 -0.00714 0.179841
v 0.189015 0.186657 0.038398
v 0.035364 -0.2238 -0.115655
v -0.387612 -0.022616 0.05944599999999999
v -0.151834 0.172072 0.226126
v -0.073689 0.190858 -0.25555
v 0.316153 0.259729 -0.173786
v 0.432221 0.006736 -0.25555
v -0.220644 0.238998 0.031498
v -0.335028 0.11875 -0.097791
v -0.011604 0.265735 -0.25555
v -0.191862 -0.0251 0.035565
v 0.306374 -0.038056 -0.25555
v -0.207869 0.313644 0.186911
v 0.4603 0.049354 -0.152784
v -0.227317 0.002783 0.24172
v 0.095192 0.105331 0.237892
v -0.419506 0.104487 0.238044
v -0.207 0.346445 -0.179455
v 0.4603 -0.064178 -0.218973
v 0.220253 -0.425214 -0.25555
v -0.17888 0.453713 0.176458
v -0.4603 0.012033 -0.143609
v 0.4603 -0.344857 -0.239545
v -0.080966 -0.224501 -0.1457
v 0.354822 -0.238148 -0.25555
v 0.269843 -0.471993 -0.214593
v 0.156323 -0.126178 -0.1082
v 0.337077 0.311065 -0.23916
v 0.337484 -0.373232 -0.156733
v -0.068219 -0.240556 -0.18323
v -0.428264 0.130809 0.13444
v 0.446335 -0.45872 -0.157351
v 0.0025999999999999964 0.353124 -0.10579
v 0.209853 0.321293 -0.18162
v -0.057915 -0.0010529999999999997 0.218682
v 0.223945 0.055411 0.038352
v 0.209892 -0.45073 -0.198883
v -0.208959 -0.107426 -0.104103
v -0.282301 -0.059076 -0.25555
v -0.152867 0.300379 0.203494
v -0.083925 0.420465 -0.25555
v 0.23584 0.167238 -0.071791
v -0.4603 0.077884 -0.163517
v 0.4603 0.114799 -0.223003
v 0.060273 0.34236 -0.127504
v -0.061164 0.463129 -0.22502
v 0.394193 0.202389 -0.185004
v 0.013804 0.318375 -0.25555
v -0.049547 -0.197944 -0.25555
v 0.087619 -0.385202 -0.172211
v -0.4603 0.101427 0.005114
v 0.434249 0.161647 -0.103352
v -0.117899 0.448881 -0.25555
v 0.237429 0.303597 -0.25555
v -0.159472 0.486579 0.083706
v 0.036956 -0.347351 -0.167344
v 0.165038 0.057512 -0.25555
v 0.159476 0.20812 -0.25555
v 0.323032 0.130342 -0.25555
v 0.344165 -0.45645 -0.156658
v 0.0015300000000000001 -0.316986 -0.207349
v -0.419772 0.002823 0.241713
v -0.427877 0.075421 -0.25555
v -0.432221 0.121357 0.060212
v 0.446261 -0.309465 -0.25555
v 0.18271 -0.379738 -0.25555
v 0.230876 0.096271 -0.25555
v 0.3493 0.01914 -0.25555
v -0.039518 0.427514 0.181087
v -0.211816 0.252211 -0.25555
v 0.014572 0.204475 0.220415
v -0.4603 0.091708 0.047079
v 0.281467 -0.264431 -0.157386
v -0.180537 -0.130222 -0.22747
v 0.082582 0.246301 0.063926
v -0.262868 0.163806 -0.098286
v -0.215454 0.270189 0.15645
v 0.06656 0.33813 -0.25555
v -0.011439 0.092246 0.240197
v -0.207991 0.092247 0.240202
v -0.39681 -0.006997 0.180481
v -0.134146 0.463928 -0.185363
v -0.13979 -0.061457 -0.05481
v -0.195822 -0.071593 -0.065629
v -0.207 0.38962 -0.052433
v 0.277235 0.071799 -0.013927
v -0.105645 0.47334 -0.030207
v 0.189202 0.221335 -0.088309
v -0.335434 0.099527 -0.25555
v 0.256195 -0.349177 -0.137762
v -0.327635 -0.010926 0.153681
v 0.121445 0.338266 -0.053358
v -0.036587 -0.023193 0.053612
v 0.222959 0.172544 -0.0415
v -0.083457 0.46497 -0.155991
v -0.245782 0.220639 0.21756
v -0.031422 -0.006792 0.182147
v 0.069597 0.34651 -0.043197
v 0.208955 0.296004 -0.118336
v 0.366293 0.268158 -0.25555
v -0.104386 -0.19857 -0.192324
v -0.150097 -0.026082 0.025833
v 0.176155 -0.321656 -0.25555
v -0.288111 0.042231 -0.25555
v -0.383078 0.015677 -0.25555
v 0.406559 -0.17575 -0.25555
v -0.224186 0.031345 -0.25555
v -0.117951 0.027497 -0.25555
v 0.233638 -0.032372 -0.25555
v 0.116135 0.0018779999999999995 -0.25555
v -0.137614 0.201743 -0.25555
v -0.04644 0.157735 -0.25555
v 0.08314 -0.191885 -0.25555
v -0.225106 0.074227 -0.25555
v 0.087965 0.077882 -0.25555
v 0.106708 -0.053483 -0.25555
v 0.204436 -0.155574 -0.25555
v 0.414257 0.20746 -0.25555
v 0.32286 -0.232705 -0.25555
v 0.256173 -0.093176 -0.25555
v 0.06992 -0.317808 -0.25555
v 0.367931 -0.354312 -0.25555
v -0.336604 -0.053841 -0.145921
v -0.202037 0.451005 0.02069
v -0.196067 0.207976 -0.25555
v -0.432221 0.116302 0.011842
v 0.337248 0.027297 -0.040529
v 0.446264 0.172005 -0.184952
v 0.254487 0.157756 -0.125621
v 0.212764 -0.224021 -0.130355
v 0.190407 0.0034719999999999994 -0.25555
v -0.023904 0.096931 -0.25555
v 0.171665 0.134837 -0.25555
v 0.292738 -0.313025 -0.25555
v 0.08222 -0.149004 -0.25555
v 0.315385 -0.131742 -0.25555
v 0.34039 -0.234215 -0.181935
v 0.126972 -0.265486 -0.123032
v 0.4603 0.009881 -0.201258
v 0.341771 0.225449 -0.176632
v 0.43064 -0.043847 -0.25555
v -0.100866 -0.122656 -0.095984
v 0.380151 0.010906 -0.052586
v -0.291023 -0.027749 0.01535
v 0.159886 -0.182723 -0.108406
v -0.013922999999999998 -0.070517 -0.064645
v 0.220199 -0.109302 -0.155075
v 0.027166 -0.090949 -0.080778
v 0.075704 0.196219 0.092394
v -0.148062 -0.102083 -0.25555
v 0.0004540000000000004 0.331016 0.198097
v -0.207 0.361847 0.126198
v 0.016268 -0.041851 -0.02686
v 0.332738 -0.151267 -0.194572
v 0.432502 0.260358 -0.199816
v 0.4603 -0.427208 -0.208457
v -0.228471 -0.007983 0.173862
v 0.101783 0.333165 -0.227472
v -0.4603 0.028237 0.094648
v -0.4603 0.04253199999999999 0.037972
v -0.4603 0.037766 -0.102341
v -0.260276 -0.080309 -0.117154
v 0.157775 0.17674 0.143927
v 0.022109 -0.015981 0.11575
v 0.246515 -0.464091 -0.185955
v 0.205357 -0.198455 -0.25555
v 0.111533 0.216284 -0.25555
v 0.361599 0.187944 -0.25555
v 0.15097 0.109878 -0.25555
v -0.095415 -0.033307 -0.25555
v -0.042758 -0.01379 -0.25555
v 0.119816 -0.169647 -0.25555
v -0.240118 0.16409 -0.25555
v -0.070678 -0.080998 -0.073735
v -0.218232 0.23118 -0.188651
v -0.444093 -0.039863 -0.25555
v 0.312253 0.190509 -0.160121
v -0.180381 0.492204 0.155465
v 0.118393 0.262518 -0.010461
v 0.4603 -0.361633 -0.189033
v 0.4603 -0.175191 -0.207662
v 0.094386 -0.292956 -0.12785
v 0.134504 -0.362322 -0.140056
v 0.215723 -0.335133 -0.135286
v 0.296286 -0.418562 -0.149954
v -0.073058 0.476091 -0.002455
v 0.159394 -0.265672 -0.123067
v -0.292228 0.076283 0.243024
v 0.199676 -0.30739 -0.130379
v -0.207 0.320498 -0.103234
v -0.343195 -0.049991 -0.097862
v 0.045635 -0.030367 0.0021849999999999994
v -0.347134 -0.027389 0.017550999999999994
v -0.00010300000000000023 0.429221 -0.21206
v -0.400039 0.105419 -0.151629
v 0.262478 -0.142784 -0.170688
v 0.092849 -0.194248 -0.110443
v -0.4603 -0.033071 -0.061157
v 0.364933 -0.413372 -0.156027
v -0.059129 0.497617 0.154464
v 0.407511 -0.355007 -0.172935
v -0.194839 -0.118295 -0.146244
v -0.4603 -0.0269 0.016845
v -0.388736 -0.043736 -0.170289
v 0.345475 -0.289488 -0.17344
v 0.359101 0.152747 -0.154
v -0.4603 0.1134 -0.02045
v 0.206027 -0.005369999999999999 -0.063872
v -0.370664 0.134234 0.143415
v -0.25421 -0.08505 -0.165173
v -0.165969 0.38946 -0.25555
v 0.267923 -0.195391 -0.163886
v -0.029812 0.4655 -0.090398
v -0.0010959999999999998 0.456475 0.078085
v -0.207 0.318242 0.013645
v 0.0026 0.362335 0.007306
v 0.023748 -0.167393 -0.105667
v 0.156405 0.311833 -0.25555
v 0.149017 0.057814 0.213401
v -0.207 0.306817 -0.163045
v -0.428088 -0.01778 0.101339
v -0.151834 0.108212 0.237385
v -0.081637 0.275847 0.207836
v -0.080243 0.24894 -0.25555
v -0.083227 -0.10659 -0.25555
v 0.004154 -0.22116 -0.25555
v -0.033331 0.041571 -0.25555
v 0.0005839999999999999 0.192452 -0.25555
v 0.136941 0.268924 -0.25555
v -0.166815 0.078542 -0.25555
v 0.374708 0.071779 -0.25555
v -0.250476 -0.040665 -0.024618
v -0.036204 -0.071872 -0.25555
v 0.132005 -0.24293 -0.25555
v 0.02312 0.131649 -0.25555
v 0.278597 -0.396066 -0.25555
v -0.207 0.387158 -0.126682
v -0.207 0.308624 -0.241511
v 0.4603 -0.394626 -0.241511
v 0.4603 0.022969 -0.25555
v -0.335252 -0.046996 -0.035809
v -0.207 0.41813 -0.11709
v 0.0551 0.331002 0.19809
v -0.145589 -0.013048 0.138479
v 0.163444 0.127557 0.133149
v -0.207 0.396916 0.092501
v 0.371581 -0.49379 -0.213698
v -0.096706 -0.04772 -0.037008
v 0.062333 -0.023354 0.052405
v 0.008278 -0.321751 -0.146972
v 0.376004 -0.190529 -0.1974
v -0.088826 -0.011143 0.152302
v -0.017311 -0.141723 -0.100996
v 0.170645 0.183903 0.103637
v -0.123755 0.251898 0.212052
v -0.095676 0.395583 0.186714
v 0.142369 0.328512 -0.189621
v 0.08656 0.348223 0.0029949999999999994
v 0.198335 0.321491 -0.227472
v -0.331499 -0.022856 0.057228
v -0.404007 -0.03752 -0.077924
v -0.163103 0.339554 -0.25555
v -0.130765 -0.171736 -0.227471
v -0.324382 0.118448 -0.213492
v -0.207 0.307475 -0.033781
v -0.446261 0.105812 -0.141787
v 0.446263 -0.231011 -0.197488
v -0.193952 0.19602 0.221902
v -0.095676 0.219968 0.217684
v -0.174433 0.460061 -0.227499
v -0.060656 0.485722 0.077426
v 0.32927 0.161032 -0.106825
v -0.395455 0.103606 -0.25555
v 0.062483 -0.091817 -0.25555
v -0.123681 -0.175173 -0.107085
v 0.036012 -0.347657 -0.241511
v -0.039518 0.156106 0.228934
v -0.27281 -0.015527 0.11936
v -0.007868999999999998 -0.245975 -0.119536
v -0.042878 0.476926 0.009393
v 0.301908 0.153601 -0.149228
v 0.320172 0.096619 -0.044785
v -0.078996 -0.023888 0.047228
v 0.0023950000000000004 0.430712 0.012094
v 0.095147 0.27806 0.029301
v -0.203958 0.453506 0.080117
v 0.382358 0.069019 -0.063478
v -0.095676 0.156108 0.228944
v -0.11654 0.486853 0.085388
v -0.130049 0.002789 0.241719
v -0.00244 0.002803 0.241717
v 0.103734 0.162995 0.227717
v -0.207 0.341047 -0.241511
v -0.411666 0.146 0.23072
v 0.4603 0.259466 -0.25555
v -0.324585 0.002779 0.241721
v -0.101688 0.46298 -0.241511
v 0.4603 0.192271 -0.25555
v -0.00164 0.25978 0.210666
v 0.4603 -0.451366 -0.25555
v -0.444089 0.0052 0.25555
v -0.011439 0.373117 -0.25555
v 0.266795 0.272583 -0.25555
v 0.328169 -0.486137 -0.191222
v -0.284585 -0.007667 0.17607
v -0.095676 0.108213 0.237391
v 0.233526 -0.274459 -0.25555
v 0.361377 -0.29623 -0.25555
v 0.263759 0.047948 -0.25555
v 0.355689 -0.080998 -0.25555
v 0.297674 0.198829 -0.25555
v -0.249594 -0.021294 -0.25555
v 0.257094 -0.136057 -0.25555
v 0.258014 -0.178938 -0.25555
v 0.400116 0.124419 -0.25555
v 0.296642 -0.0003759999999999996 -0.25555
v 0.358615 -0.167586 -0.25555
v 0.360679 0.230825 -0.25555
v -0.160261 0.02046 -0.25555
v -0.120712 0.156141 -0.25555
v -0.082195 0.092616 -0.25555
v 0.081411 0.135964 -0.25555
v 0.052321 0.25485 -0.25555
v 0.046576 0.027964000000000003 -0.25555
v 0.208118 -0.327099 -0.25555
v 0.133845 -0.328693 -0.25555
v -0.035283 -0.114754 -0.25555
v 0.047385 -0.257004 -0.25555
v 0.040021 0.086046 -0.25555
v -0.087718 0.349904 -0.25555
v 0.013581 -0.165799 -0.25555
v 0.139591 -0.101807 -0.25555
v -0.175322 -0.0197 -0.25555
v -0.164054 -0.050102 -0.25555
v -0.231661 0.132309 -0.25555
v -0.028506 0.311338 -0.25555
v 0.244096 0.222194 -0.25555
v -0.297538 -0.01313 -0.25555
v 0.32113 0.095144 -0.25555
v 0.376549 -0.013983 -0.25555
v -0.222031 0.148124 0.230347
v 0.236664 0.22618 -0.126397
v 0.073156 0.208852 0.164229
v -0.210435 0.262335 -0.106614
v -0.231358 0.204322 -0.125993
v 0.041061 0.290144 0.205312
v -0.137794 0.339706 0.196569
v 0.041061 0.226283 0.216565
v -0.221634 -0.103581 -0.25555
v -0.03982 -0.041153 -0.024736
v -0.188085 0.453098 -0.192178
v 0.001633 0.424292 -0.11157
v -0.020299 -0.016841 0.109386
v 0.222193 -0.168417 -0.145706
v -0.141314 0.478057 0.015861
v -0.175575 -0.018955 0.091363
v 0.132991 -0.013509 0.01517
v -0.180771 0.459631 -0.145207
v 0.291165 0.007479 -0.071597
v -0.194894 0.0027860000000000003 0.24172
v 0.232028 -0.053075 -0.074916
v -0.264149 0.076283 0.243022
v -0.207 0.389191 0.0025710000000000004
v 0.125146 0.335736 -0.081369
v 0.046347 0.104926 0.237963
v -0.044664 -0.1248 -0.096807
v -0.4603 0.112332 0.102238
v 0.4603 0.092768 -0.171013
v -0.207 0.400377 -0.196231
v 0.168916 0.328791 -0.107131
v -0.4603 0.103906 -0.206919
v 0.084919 0.336454 -0.182371
v -0.023005000000000005 0.459771 -0.134449
v 0.125389 0.206411 -0.011499
v -0.143148 0.468529 -0.09005
v 0.256163 0.019066 -0.006162
v -0.4603 0.01775 -0.214041
v 0.112264 -0.401623 -0.203381
v 0.243832 0.135931 0.0030190000000000017
v 0.415427 -0.437694 -0.15921
v -0.028053 0.320436 0.199964
v -0.19089 0.459116 -0.04857
v -0.418459 -0.030887 -0.006718000000000003
v -0.216054 0.27704 0.207624
v -0.207246 0.315133 0.112676
v 0.0632 0.283875 0.124914
v -0.01311 0.485066 0.15674
v -0.28184 0.148751 -0.076742
v -0.028538 -0.28685 -0.241511
v 0.399196 -0.050669 -0.142082
v 0.028048 -0.0006080000000000003 0.221421
v -0.226472 0.217616 -0.062715
v -0.137794 0.435495 0.179672
v -0.105114 -0.018316 0.096628
v 0.267266 0.141593 -0.018654999999999998
v -0.245697 0.180068 -0.19339
v -0.262875 0.170431 -0.008272000000000002
v -0.368109 -0.004741 0.195394
v -0.029046999999999996 0.459756 -0.25555
v 0.197004 0.138384 0.060375
v -0.208627 -0.054711 -0.04725
v 0.242984 0.140318 -0.25555
v -0.4603 0.015846 -0.031359
v -0.4603 0.037768 0.136467
v 0.403693 -0.120326 -0.213946
v -0.273126 -0.077624 -0.217542
v -0.293459 -0.052327 -0.043831
v 0.31056 -0.401509 -0.25555
v 0.348157 -0.422152 -0.25555
v 0.334127 -0.263107 -0.25555
v -0.137794 0.052336 0.247245
v 0.095568 0.04774 0.156445
v 0.347026 -0.077113 -0.211244
v -0.065889 -0.244144 -0.25555
v 0.4603 0.063498 -0.241511
v 0.4603 -0.125975 -0.25555
v 0.157823 -0.427415 -0.241512
v -0.432222 0.107719 -0.101305
v -0.217956 0.242388 -0.010467999999999998
v -0.236487 0.203832 -0.009219
v -0.4603 0.089121 0.138344
v 0.379756 0.282296 -0.196437
v 0.156718 0.242617 -0.058751
v 0.4603 -0.032774 -0.206195
v -0.262808 0.182063 0.097317
v -0.366458 0.115031 -0.03465
v 0.1476 0.132804 0.218796
v -0.31446 0.125497 -0.134797
v -0.328623 0.132239 0.039433
v -0.21346 0.269444 0.098958
v -0.276976 0.164765 0.060729
v 0.099926 -0.134918 -0.099327
v -0.291471 0.164937 0.145267
v -0.328824 0.156458 0.214627
v 0.170736 -0.076716 -0.128163
v 0.219966 0.169674 0.022912
v -0.361714 0.129887 0.1017
v 0.171625 0.182791 -0.064406
v 0.343886 -0.017936 -0.135255
v 0.0025999999999999986 0.385734 -0.043556
v 0.0026 0.398171 0.072399
v 0.0026 0.441017 0.164464
v 0.019696000000000005 -0.263039 -0.122564
v -0.393917 0.11852 0.235576
v -0.033018 -0.280422 -0.153877
v -0.307349 0.138316 0.0027710000000000018
v -0.4603 -0.035909 -0.109708
v -0.4603 -0.025278 -0.215217
v 0.166004 -0.430347 -0.166103
v 0.0026 0.36374 -0.183023
v -0.207 0.427287 0.152744
v 0.205906 0.01485 -0.029943
v -0.278784 0.145357 -0.227644
v 0.16875 -0.050603 -0.060755
v 0.432429 0.085565 -0.075175
v 0.069347 -0.336978 -0.135567
v 0.102454 0.213492 0.190496
v -0.4603 0.109237 0.208902
v 0.4603 -0.229092 -0.227357
v -0.209152 0.284118 0.045198
v -0.376464 0.044353 0.248651
v 0.4603 0.036096 -0.095964
v -0.038862 -0.230322 -0.116805
v 0.435588 -0.486235 -0.25555
v 0.446856 -0.074978 -0.199159
v 0.055735 0.030485 0.218193
v 0.108364 -0.399646 -0.25555
v 0.256197 0.290828 -0.150117
v 0.159506 -0.411094 -0.148656
v 0.213565 -0.421035 -0.150419
v -0.085256 0.469101 -0.081927
v 0.129459 -0.046872 -0.039582
v -0.4603 0.062972 -0.241511
v 0.322731 -0.471684 -0.25555
v 0.099647 0.058609 0.21811
v 0.383412 0.138505 -0.075949
v 0.164766 0.059141 0.14144
v 0.43615 0.308309 -0.242433
v 0.391052 -0.0035229999999999997 -0.134472
v 0.253895 -0.068901 -0.164458
v 0.4603 0.129166 -0.129515
v -0.19323 0.379476 0.189555
v 0.4603 -0.301359 -0.227471
v 0.100544 0.186019 0.0346
v 0.4603 -0.499156 -0.180357
v 0.069751 0.346271 0.085786
v 0.164777 0.015031 -0.028781
v -0.058486 0.03197 0.250833
v 0.258408 -0.011553 -0.09911
v -0.4603 -0.005154 0.192678
v 0.308879 -0.070272 -0.172195
v 0.430345 -0.269717 -0.25555
v 0.0543 0.021165 0.252737
v 0.250473 -0.451305 -0.25555
v 0.044529 0.372122 0.138476
v 0.070453 0.029915 0.136051
v 0.1473 0.186372 0.22361
v 0.166009 0.022226 0.011634
v 0.313714 0.312877 -0.196973
v 0.26933 -0.059765 -0.112702
v 0.004265 -0.319795 -0.241511
v -0.100937 0.497713 0.155019
v -0.346898 -0.053265 -0.241511
v 0.4603 -0.0071 -0.15445
v 0.136333 0.038171 0.101975
v 0.219067 -0.062503 -0.128566
v 0.368272 -0.068524 -0.162366
v 0.102072 0.003969 0.061988
v 0.088833 -0.076597 -0.069843
v -0.062707 -0.017574 0.103006
v -0.4603 0.143222 0.214749
v 0.4603 0.111236 -0.109501
v -0.308801 0.120515 0.235214
v 0.395649 -0.106323 -0.215361
v 0.400005 -0.117668 -0.25555
v -0.085988 0.022054 -0.25555
v -0.052073 0.172936 -0.25555
v -0.0974 -0.2071 -0.25555
v -0.276208 0.150616 -0.119175
v -0.033765 0.433352 -0.25555
v 0.375768 -0.494564 -0.25555
v 0.374708 0.309694 -0.226861
v -0.051748 -0.18816 -0.109356
v 0.302015 -0.479959 -0.174791
v 0.098024 0.305109 -0.25555
v -0.126808 0.490639 0.111247
v -0.221572 -0.10347 -0.227474
v 0.094222 -0.320611 -0.132705
v 0.159558 -0.23803 -0.118136
v 0.221449 0.040911 -0.25555
v -0.243528 0.002783 0.24172
v -0.28043 0.15873 0.029068
v -0.173002 -0.010639 0.155625
v -0.07288 -0.09411 -0.25555
v 0.275836 -0.267422 -0.25555
v -0.228905 0.217296 -0.004317
v 0.143675 -0.182628 -0.108398
v 0.304394 -0.180289 -0.180645
v 0.29663 0.163684 -0.09177
v 0.419912 0.208921 -0.189684
v 0.271909 0.017289 -0.016267
v -0.432238 -0.039672 -0.190691
v -0.19066 0.179946 -0.25555
v -0.446261 0.128317 0.116523
v 0.367212 0.233717 -0.185154
v 0.418231 -0.406731 -0.164927
v 0.427384 -0.319095 -0.181062
v 0.147593 0.100872 0.224427
v 0.060507 0.247001 0.146655
v -0.23888 0.188976 -0.208859
v 0.34753 0.010103999999999998 -0.056878
v 0.035739 -0.009184 0.165629
v 0.159937 0.161569 0.138637
v 0.198526 0.062362 -0.25555
v 0.416109 0.078085 -0.071932
v 0.182855 0.183807 0.022084
v -0.180612 -0.126875 -0.111491
v -0.196576 0.257739 -0.25555
v 0.336183 -0.048072 -0.127414
v -0.207 0.426865 0.088126
v 0.065671 -0.016247 0.113694
v -0.136423 0.358197 -0.25555
v -0.394085 0.121471 0.059764
v -0.108921 -0.192073 -0.14434
v 0.157204 0.093439 0.160915
v 0.322512 0.028453 -0.033868
v -0.013251999999999995 -0.059519 -0.052754
v 0.382071 -0.271271 -0.25555
v -0.034462 0.461498 -0.19844
v 0.4603 0.159199 -0.211678
v -0.31621 0.064817 -0.25555
v -0.376572 -0.035615 -0.012869
v 0.172045 -0.433667 -0.182085
v 0.016428 0.347904 -0.166318
v 0.328822 -0.193097 -0.185906
v 0.227219 0.188467 -0.113249
v -0.093679 0.407494 -0.25555
v -0.432234 -0.038827 -0.15828
v 0.120956 0.193801 -0.002327000000000001
v 0.016419 0.353425 -0.065174
v -0.149455 -0.02445 0.041955
v -0.087084 -0.130869 -0.098423
v 0.288577 -0.376945 -0.142669
v -0.277471 -0.075197 -0.185501
v 0.262912 0.315632 -0.25555
v -0.250286 0.201082 0.133662
v 0.047761 -0.08503 -0.25555
v -0.111093 0.479405 0.027672
v 0.4603 0.208482 -0.227471
v 0.4603 -0.430999 -0.16253
v 0.446261 -0.151197 -0.211621
v 0.310671 -0.159422 -0.25555
v 0.343554 -0.207746 -0.25555
v -0.031379 0.197895 -0.25555
v 0.055304 -0.362672 -0.204123
v -0.186866 0.464715 -0.016889
v -0.418583 0.068301 0.24443
v 0.414681 0.157234 -0.128608
v 0.241386 0.318065 -0.19482
v -0.390006 -0.03984 -0.08576
v -0.4603 0.021164 0.252727
v -0.337089 0.123203 -0.023677
v -0.177511 -0.024334 0.043067
v 0.324142 0.255619 -0.25555
v 0.095952 -0.026642 0.022364
v -0.179913 0.204002 0.220491
v -0.161214 -0.144985 -0.241512
v 0.063118 0.346347 -0.058057
v -0.4603 0.061592 -0.117198
v -0.285872 -0.012244 0.143998
v -0.046641 0.467065 -0.113588
v -0.224651 -0.082979 -0.075133
v 0.25426 0.166033 -0.25555
v 0.0551 0.190649 0.222853
v 0.203821 0.068077 0.062239
v -0.00025699999999999985 0.46249 0.146278
v 0.316913 0.081387 -0.040293
v -0.001693 0.438534 -0.118564
v -0.091511 0.279342 -0.25555
v 0.214672 -0.385181 -0.25555
v 0.251571 0.121231 -0.25555
v 0.413114 -0.233832 -0.25555
v 0.131196 0.042038 -0.25555
v 0.043814 0.156608 -0.25555
v 0.052098 -0.229324 -0.25555
v 0.226051 -0.173496 -0.25555
v 0.116944 -0.28309 -0.25555
v 0.139384 -0.04273 -0.25555
v -0.071197 0.464552 -0.16659
v -0.121943 0.032853 0.250678
v -0.264149 0.124177 0.234573
v -0.251435 0.064468 -0.25555
v 0.39966 0.110474 -0.074757
v -0.378651 0.060692 -0.25555
v -0.207088 0.329594 0.184084
v 0.111477 0.207346 0.155661
v -0.348374 -0.035677 -0.013734
v -0.4603 0.032048 -0.031909
v -0.4603 0.034906 -0.186529
v 0.286109 0.157549 -0.126744
v -0.204131 0.235075 0.215017
v 0.4603 -0.340173 -0.207161
v 0.016423 0.364936 0.052132
v -0.410516 -0.005693 0.18904
v -0.406954 0.107319 -0.109344
v 0.0064659999999999995 0.2183 0.217971
v -0.279698 0.186461 0.223586
v -0.015536 0.053444 0.24705
v 0.4603 -0.092371 -0.25555
v -0.309945 -0.061723 -0.141683
v 0.266574 -0.264848 -0.150996
v 0.184602 -0.126787 -0.129303
v -0.4603 0.05397 0.135916
v -0.4603 0.025377 0.01046
v -0.4603 0.043486 0.066035
v -0.4603 0.063501 0.177735
v -0.4603 0.082561 0.022565
v 0.054522 -0.106161 -0.089224
v -0.370686 -0.013965 0.131262
v 0.4603 0.148 -0.18105
v -0.386969 -0.020788 0.075542
v 0.059985 -0.028854 0.009574
v -0.210629 0.257608 -0.194268
v 0.446264 0.26864 -0.202012
v 0.314353 -0.330947 -0.25555
v -0.39906 0.018399 -0.25555
v -0.021952 0.253256 -0.25555
v 0.172474 -0.150131 -0.25555
v 0.102915 -0.124045 -0.25555
v 0.091647 -0.093643 -0.25555
v -0.171529 0.050862 -0.25555
v -0.038044 0.013890000000000003 -0.25555
v 0.01174 -0.080036 -0.25555
v -0.14612 0.103501 -0.25555
v 0.203627 0.129395 -0.25555
v 0.090838 0.191325 -0.25555
v 0.292849 -0.070938 -0.25555
v 0.285375 0.030025 -0.25555
v -0.207544 0.285942 -0.128638
v 0.210419 0.113123 0.045131
v 0.277425 0.255987 -0.155788
v 0.184344 0.299663 -0.097559
v 0.215559 -0.362788 -0.14014
v 0.278047 0.2137 -0.14863
v 0.14228 0.050278 0.170913
v 0.354599 -0.302887 -0.173268
v -0.34838 0.000468 0.22795
v 0.118785 -0.279266 -0.125457
v 0.207699 -0.321262 -0.13283
v -0.416709 0.115781 0.006182000000000001
v -0.053558 0.116194 0.235976
v -0.109715 0.435497 0.179683
v -0.136704 -0.166212 -0.241511
v 0.073296 0.238993 0.092659
v -0.157004 0.464551 -0.166626
v -0.4603 0.104687 -0.174506
v 0.046292 -0.296168 -0.128402
v 0.4603 -0.383096 -0.17093
v -0.242821 -0.009099 0.166403
v 0.158903 -0.348636 -0.137644
v 0.208963 0.323685 -0.123188
v 0.15406 0.207141 0.154562
v -0.408607 0.104107 -0.19732
v -0.15887 0.475732 -0.005928
v -0.207 0.413429 -0.074463
v -0.019863 -0.295497 -0.19587
v 0.352485 -0.10861 -0.207133
v -0.037233 -0.024893 0.037503
v -0.301511 -0.017427 0.104397
v -0.302746 0.136286 -0.055359
v -0.341002 -0.05132 -0.11387
v -0.332152 -0.05606 -0.177982
v -0.058463 -0.252169 -0.188954
v 0.002599999999999999 0.403771 -0.210691
v 0.432296 -0.466745 -0.158495
v -0.154562 -0.096099 -0.083794
v -0.227513 -0.099273 -0.176836
v 0.203093 0.024633 0.025379
v -0.311998 -0.005066 0.193187
v 0.180775 0.324598 -0.170934
v 0.210735 0.234969 -0.109018
v -0.019381 0.477399 0.079828
v 0.030286999999999994 0.347487 -0.121692
v 0.403863 0.023765 -0.060269
v -0.081637 0.0683 0.244426
v -0.4603 0.092092 0.064384
v 0.070625 0.27298 0.0953
v 0.347998 0.178851 -0.170375
v 0.146233 0.298692 -0.25555
v 0.097217 0.304535 0.020181
v 0.368154 0.129862 -0.25555
v 0.331255 -0.37655 -0.25555
v -0.068975 0.218538 -0.25555
v -0.125537 -0.113626 -0.25555
v -0.206364 -0.057139 -0.25555
v 0.164079 -0.006286 -0.25555
v -0.11611 -0.058266 -0.25555
v 0.390578 -0.173029 -0.25555
v 0.007921 -0.206698 -0.112635
v -0.222422 -0.041236 -0.025507
v 0.240081 -0.332541 -0.25555
v 0.053019 -0.272205 -0.25555
v 0.249508 -0.27718 -0.25555
v -0.204412 0.099186 -0.25555
v 0.235478 -0.118135 -0.25555
v 0.079459 -0.02036 -0.25555
v -0.340768 0.022714 -0.25555
v 0.061636 0.068124 -0.25555
v 0.406671 0.066337 -0.25555
v -0.08794 -0.13427 -0.25555
v -0.137896 0.390017 -0.25555
v 0.319404 0.006836 -0.075551
v -0.046418 -0.010245 0.158661
v -0.207 0.368083 -0.147287
v -0.207 0.355059 -0.077834
v -0.015252 -0.096468 -0.083948
v -0.446261 0.120439 0.052159
v -0.207 0.365364 -0.25555
v -0.42543 -0.03723 -0.110244
v -0.075468 0.474469 -0.018404
v -0.207 0.373537 0.114965
v -0.207 0.428101 0.043064
v -0.207 0.315172 0.054225
v 0.432333 0.243297 -0.25555
v 0.049736 -0.216414 -0.114343
v 0.271399 -0.320275 -0.143358
v 0.319532 0.311984 -0.241511
v -0.179913 0.092247 0.240203
v -0.02891 -0.265521 -0.25555
v 0.05249 -0.152618 -0.103056
v -0.446261 0.109204 -0.077033
v 0.412936 0.002317 -0.101119
v 0.295182 0.172125 -0.04391
v 0.24341 -0.251466 -0.142472
v -0.332759 0.032837 0.250676
v -0.347433 0.110428 -0.25555
v 0.289728 0.30125 -0.169757
v 0.191652 -0.293525 -0.127893
v 0.016429 0.35754 -0.016669
v -0.084387 -0.07464 -0.067773
v 0.327783 -0.486692 -0.25555
v -0.165873 0.148124 0.230345
v -0.102798 -0.200666 -0.208321
v -0.004011 -0.009323 0.165016
v -0.002932 -0.134444 -0.099247
v 0.0024550000000000006 0.441771 0.101741
v 0.326604 0.229078 -0.172203
v 0.446263 -0.246984 -0.194717
v -0.435262 -0.026268 -0.25555
v 0.320825 -0.276826 -0.169057
v -0.131879 -0.014206 0.12989
v 0.216315 -0.182349 -0.139861
v 0.299387 -0.124943 -0.188733
v 0.174148 0.32398 -0.241511
v -0.200239 0.44096 -0.139064
v 0.387196 -0.495061 -0.177476
v -0.446261 -0.026191 0.02492
v 0.222528 0.319034 -0.241511
v 0.019523 -0.023479 0.051394
v -0.247329 -0.023191 0.0539
v 0.403833 -0.230311 -0.194559
v -0.202882 0.469385 0.159524
v -0.29015 -0.066206 -0.089233
v -0.433176 0.105144 -0.159942
v 0.085724 0.345638 -0.025273
v 0.087523 0.135343 0.232596
v 0.006466 0.273607 0.20823
v -0.009745 0.19065 0.222858
v 0.0026000000000000003 0.397434 -0.25555
v -0.093582 0.46292 -0.25555
v 0.021877 0.0052 0.25555
v 0.4603 -0.402732 -0.227471
v 0.432221 -0.370309 -0.25555
v -0.23633 0.197407 -0.099237
v -0.413738 -0.016871 0.108825
v 0.147708 0.060554 0.229326
v 0.35195 -0.351591 -0.25555
v 0.252269 -0.405824 -0.25555
v 0.377581 0.185222 -0.25555
v 0.188566 0.089235 -0.25555
v 0.268473 0.075628 -0.25555
v 0.161206 -0.119729 -0.25555
v 0.326764 0.079943 -0.25555
v 0.222258 -0.244057 -0.25555
v 0.334239 -0.02102 -0.25555
v 0.371026 0.243305 -0.25555
v 0.357695 -0.124705 -0.25555
v 0.374485 -0.412394 -0.25555
v 0.094519 0.0198 -0.25555
v 0.115103 -0.197328 -0.25555
v -0.10289 0.067657 -0.25555
v 0.087045 0.120763 -0.25555
v -0.012525 0.308617 -0.25555
v -0.043567 0.271178 -0.25555
v -0.020111 0.167493 -0.25555
v -0.049312 0.044292 -0.25555
v -0.053105 -0.02627 -0.25555
v 0.126593 0.256444 -0.25555
v 0.071872 -0.161483 -0.25555
v -0.039885 0.099653 -0.25555
v 0.181789 -0.336857 -0.25555
v -0.024936 -0.102274 -0.25555
v 0.175235 -0.278775 -0.25555
v 0.031626 0.229891 -0.25555
v 0.025881 0.0030050000000000033 -0.25555
v 0.034387 0.101247 -0.25555
v -0.0013679999999999986 0.036128 -0.25555
v 0.007947 -0.150598 -0.25555
v 0.05313 -0.030118 -0.25555
v -0.157388 0.133903 -0.25555
v 0.110389 -0.225008 -0.25555
v -0.212918 0.0009440000000000004 -0.25555
v 0.160397 0.165239 -0.25555
v -0.122553 0.241903 -0.25555
v 0.2065 0.242838 -0.25555
v -0.148993 -0.009942 -0.25555
v -0.142327 0.174063 -0.25555
v 0.249619 -0.035094 -0.25555
v 0.201786 0.215157 -0.25555
v 0.202595 -0.069811 -0.25555
v -0.109444 0.125739 -0.25555
v 0.262728 -0.151258 -0.25555
v 0.295611 -0.199582 -0.25555
v 0.270425 0.231952 -0.25555
v 0.339984 0.205866 -0.25555
v 0.39518 -0.387435 -0.25555
v -0.016066 0.35849 0.193249
v 0.302962 -0.24979 -0.167969
v -0.362425 0.100229 0.23879
v -0.123755 0.283829 0.206427
v 0.058796 0.278901 0.152194
v -0.067597 0.251897 0.212046
v -0.039518 0.140142 0.231756
v -0.081637 0.148125 0.230349
v -0.067597 0.395581 0.186706
v 0.427912 -0.065066 -0.142877
v -0.373907 0.117573 0.007509
v 0.248913 -0.113355 -0.169569
v 0.129998 0.283994 -0.031798
v -0.222651 0.219872 -0.177908
v 0.332206 0.151561 -0.160567
v -0.183677 0.481849 0.104578
v 0.125901 0.19788 0.10197
v -0.346493 -0.025304 0.033615
v 0.00817 0.333576 -0.25555
v -0.03465 -0.017756 0.101902
v -0.427877 0.0052 0.25555
v 0.4603 -0.001359 -0.241517
v 0.4603 -0.207118 -0.202019
v 0.227854 0.290148 -0.25555
v -0.123755 0.395582 0.186711
v -0.109715 0.35567 0.193753
v -0.137794 0.10023 0.238795
v 0.0026 0.416386 0.019704
v -0.279523 0.087036 -0.25555
v -0.207 0.32682 0.101444
v -0.207 0.396998 -0.024401
v 0.055891 0.227926 0.191565
v -0.180975 0.473829 0.030775
v -0.027449 0.466179 -0.074374
v -0.189926 -0.019837 0.083875
v -0.057969 0.476701 0.003441
v -0.200048 0.438863 -0.213186
v -0.118323 0.474302 -0.02015
v -0.409169 0.112169 -0.03574
v -0.191696 -0.088491 -0.25555
v -0.227086 0.176815 0.225289
v 0.041061 0.274178 0.208121
v 0.25334 -0.183145 -0.159413
v 0.4603 -0.09536 -0.221709
v 0.168773 0.129615 0.117978
v 0.106531 -0.202816 -0.111926
v -0.396512 0.135016 0.162953
v -0.137794 0.211986 0.219094
v -0.244109 -0.013543 0.134312
v 0.050544 0.340636 -0.25555
v 0.352736 0.061398 -0.052749
v -0.151834 0.363652 0.192341
v 0.342262 -0.488108 -0.162279
v 0.397223 0.308846 -0.25555
v -0.150333 0.463295 -0.213448
v -0.257553 -0.084833 -0.241511
v -0.0010069999999999975 0.44545 -0.011563
v 0.180725 -0.16846 -0.119316
v 0.020818 -0.019903 0.083592
v 0.082376 0.200861 0.118866
v -0.255884 -0.005439 0.190988
v -0.073184 -0.005327 0.191813
v -0.019949 0.491945 0.169729
v -0.182516 -0.127094 -0.152033
v 0.30431 -0.432433 -0.152407
v 0.360342 -0.455308 -0.156435
v -0.4603 0.125443 0.192999
v -0.156914 -0.147709 -0.179587
v -0.066569 -0.029292 0.006463
v -0.207 0.373619 -0.0019360000000000002
v -0.067597 0.204003 0.220498
v -0.007686999999999999 -0.305913 -0.130121
v 0.157027 0.330856 -0.095406
v -0.053558 0.307777 0.202211
v -0.272958 0.151266 -0.177242
v -0.432551 -0.030483 -0.014722000000000004
v 0.220492 0.179724 -0.0007979999999999988
v -0.085744 0.488629 0.097757
v 0.408152 -0.285006 -0.185309
v -0.134459 -0.021942 0.065561
v 0.00045500000000000054 0.427862 -0.160058
v 0.35385 0.297951 -0.25555
v -0.232503 0.233359 0.172548
v -0.159361 -0.142671 -0.10125
v 0.177403 0.223265 -0.077357
v 0.251977 0.171432 -0.047915
v 0.101043 0.337234 -0.109858
v 0.18894 0.1361 0.074251
v 0.283954 0.153012 -0.25555
v -0.211748 0.285356 0.160812
v -0.164548 0.307164 -0.25555
v -0.269928 -0.077057 -0.143318
v -0.4603 0.02061 -0.129853
v -0.157363 -0.004834 0.195139
v -0.207 0.305013 -0.10803
v -0.211827 0.292453 0.204907
v -0.057001 -0.088205 -0.078614
v -0.419772 0.103539 -0.241511
v -0.287191 -0.0006510000000000005 -0.25555
v -0.056676 0.387342 -0.25555
v 0.107517 -0.338451 -0.25555
v 0.329414 -0.290787 -0.25555
v 0.315496 0.110345 -0.25555
v 0.402877 -0.0042250000000000005 -0.25555
v 0.25581 0.081085 0.0016550000000000002
v 0.031281 -0.032708 -0.004992
v -0.278188 0.052336 0.247246
v 0.240693 0.159223 -0.117233
v -0.207 0.318939 -0.173808
v 0.4603 -0.058109 -0.25555
v 0.4603 0.09924 -0.25555
v 0.446261 -0.44326 -0.25555
v -0.162472 0.019026 0.253114
v -0.211106 0.019026 0.253114
v -0.194458 -0.041448 -0.026347
v 0.123221 0.331729 -0.163656
v -0.207 0.38492 -0.201116
v -0.387604 0.105566 -0.162029
v -0.4603 0.10687 -0.117494
v 0.277652 -0.473775 -0.187681
v -0.294945 -0.069222 -0.25555
v 0.228769 0.016064 -0.023244
v 0.100521 0.24129 0.02487
v -0.26742 0.155181 -0.25555
v -0.165873 0.41953 0.182492
v -0.354404 -0.006071 0.186839
v -0.217865 -0.10262 -0.116768
v -0.078351 -0.022168 0.063334
v -0.207 0.32296 -0.028986
v -0.347431 0.110989 -0.199306
v 0.02361 -0.337218 -0.241512
v 0.4603 0.117413 -0.192078
v 0.261473 0.111327 -0.008575
v 0.062556 0.104795 0.237988
v 0.087942 -0.386446 -0.241511
v -0.254358 0.178952 -0.019119
v -0.034034 -0.238282 -0.25555
v -0.208989 0.268176 -0.227482
v -0.368756 0.136849 0.159294
v 0.139894 0.236671 -0.037068
v -0.381467 0.112606 -0.040264
v -0.314008 0.162921 0.213487
v -0.326602 0.134706 0.055328
v -0.247278 0.195586 0.059853
v -0.316916 0.123661 -0.150708
v 0.214925 0.184594 0.026719
v -0.315839 0.151961 0.150308
v 0.285093 -0.073835 -0.192464
v -0.228436 0.206647 -0.25555
v -0.346962 0.115576 -0.087291
v 0.083464 0.011142 0.101227
v 0.4603 0.033607 -0.156635
v -0.212745 0.254303 -0.079815
v -0.4603 -0.025389 -0.231359
v 0.0025999999999999994 0.397364 0.161856
v -0.138365 -0.04257 -0.028559
v 0.177179 0.18135 0.089049
v 0.366335 -0.343871 -0.168552
v -0.320331 -0.0363 -0.014603999999999999
v 0.027052 0.346917 0.195296
v -0.4603 -0.0013330000000000009 0.119794
v -0.30925 0.135939 -0.013091
v 0.4603 0.055514 -0.227483
v -0.067105 -0.240272 -0.132469
v 0.245333 -0.448247 -0.155241
v 0.099077 -0.108474 -0.09021
v -0.007301 -0.28884 -0.25555
v -0.4603 -0.024685 -0.18296
v 0.0026 0.349576 -0.190712
v 0.033987 -0.25571 -0.121234
v 0.0026 0.370384 0.075964
v 0.160633 0.174708 -0.029406
v -0.432402 -0.035 -0.077281
v -0.009594 0.446397 -0.241901
v 0.044819 -0.353221 -0.152473
v 0.03019 0.372485 0.125046
v -0.432457 0.11409 0.236349
v -0.418308 -0.026165 0.025136
v -0.213523 0.25723 -0.005685999999999998
v -0.108036 0.495347 0.140905
v -0.040703 -0.270755 -0.123944
v 0.289375 -0.045512 -0.109364
v -0.050553 0.002794 0.241718
v -0.364073 0.0052 0.25555
v 0.432548 -0.182123 -0.25555
v -0.446261 -0.0040279999999999995 0.200137
v 0.182939 -0.031776 -0.038875
v -0.025607 0.447814 0.1775
v -0.217954 0.254104 0.094092
v 0.192668 -0.428928 -0.25555
v 0.091603 -0.370631 -0.141528
v -0.4603 -0.016183 -0.02256
v 0.09581 -0.374732 -0.25555
v -0.082699 0.470257 -0.066312
v 0.066398 0.320391 0.103414
v 0.122318 -0.049323 -0.053529
v -0.4603 0.054866 -0.25555
v 0.432707 0.159764 -0.25555
v 0.40552 0.151018 -0.163641
v -0.309731 0.125136 -0.241512
v 0.083904 0.205846 0.067868
v -0.37913 0.14229 0.203448
v 0.404165 -0.020025 -0.148223
v 0.4603 0.052249 -0.098474
v 0.192525 0.168685 -0.063392
v 0.083247 0.058342 0.216652
v 0.362936 -0.0026 -0.129022
v 0.4603 -0.487053 -0.217345
v 0.231944 0.283612 -0.133402
v -0.184032 0.460477 -0.09128
v 0.056461 0.361692 0.079409
v -0.206575 0.417459 -0.241778
v 0.446607 0.092793 -0.077386
v 0.209004 -0.079645 -0.153595
v 0.4603 0.153627 -0.149119
v -0.207 0.312419 -0.205568
v -0.387839 0.127406 0.105956
v 0.110573 0.215919 0.204134
v 0.108526 0.055213 0.198648
v 0.433961 0.308497 -0.222319
v 0.365325 -0.068782 -0.25555
v 0.188615 -0.440625 -0.153873
v 0.303805 0.001024 -0.108471
v 0.416695 -0.277167 -0.25555
v 0.239503 0.007032 -0.074407
v -0.4603 0.116917 0.133726
v 0.120324 0.174699 0.22566
v 0.246022 -0.464586 -0.241511
v -0.067597 0.044353 0.248652
v -0.067996 0.33128 -0.25555
v -0.0025049999999999994 -0.0020880000000000004 0.212379
v 0.060266 0.353919 0.12928
v 0.1503 0.134248 0.188778
v 0.380091 -0.148617 -0.205535
v 0.141579 -0.036549 -0.014374
v -0.168659 0.471133 0.173397
v -0.4603 0.025024 0.18769
v -0.207 0.361881 -0.179423
v 0.419868 0.15061 -0.085237
v 0.147276 0.026461 0.035735
v 0.405368 -0.076435 -0.207376
v 0.181466 -0.058319 -0.104462
v 0.060755 0.037634 0.176979
v 0.4603 -0.043593 -0.161256
v 0.102302 0.190657 0.061168
v 0.0025999999999999986 0.381112 -0.091356
v 0.179763 0.015737 -0.025276
v -0.100937 0.486728 0.170641
v 0.147601 0.177146 0.21098
v 0.4603 -0.262889 -0.241511
v 0.037387 -0.310361 -0.25555
v 0.333768 0.283344 -0.184287
v 0.08755 0.041744 0.122425
v 0.176344 0.053737 0.113383
v 0.420632 -0.484976 -0.25555
v 0.147508 0.039912 0.111808
v 0.298782 -0.440324 -0.25555
v 0.421351 0.294389 -0.25555
v 0.4603 -0.144285 -0.241511
v 0.230842 -0.064109 -0.137458
v -0.207 0.40667 0.170503
v 0.352118 -0.490916 -0.215504
v 0.4603 0.0006230000000000012 -0.110857
v 0.02649 0.032529 0.250729
v 0.375501 0.152201 -0.07633
v 0.2874 -0.064158 -0.137953
v 0.207351 -0.05271 -0.07258
v 0.327437 -0.073662 -0.191798
v 0.124758 -0.083104 -0.087703
v -0.356612 -0.038411 -0.25555
v 0.07226 -0.060503 -0.054287
v 0.113043 0.014737 0.040505
v -0.158309 0.176784 -0.25555
v -0.207 0.350199 0.078979
v -0.075402 -0.208268 -0.112907
v -0.251688 -0.058462 -0.051667
v 0.159913 0.269213 -0.067154
v 0.114604 0.328322 -0.015961
v 0.435164 -0.067569 -0.157158
v 0.381262 0.013697 -0.25555
v 0.155864 0.191569 0.066176
v 0.115511 -0.054621 -0.083761
v 0.194158 0.255119 -0.098647
v 0.446261 0.002040000000000001 -0.102876
v -0.38766 -0.044853 -0.215998
v 0.368042 -0.112225 -0.25555
v -0.192961 0.36397 0.19229
v 0.096887 0.201013 0.039158
v -0.109793 0.46292 -0.25555
v 0.03726 0.21469 -0.25555
v -0.074877 -0.233204 -0.209499
v 0.117166 0.201083 -0.25555
v 0.203404 -0.354779 -0.25555
v -0.25153 0.19746 0.117909
v -0.348386 0.108212 0.237383
v 0.4603 0.079316 -0.103543
v 0.394885 -0.496154 -0.191706
v 0.046932 -0.025228 0.034163
v -0.4603 0.130034 0.233532
v -0.4603 0.016255 0.142156
v 0.263864 -0.418374 -0.149928
v 0.154652 -0.061647 -0.25555
v 0.158722 -0.379017 -0.143007
v 0.078666 0.339598 -0.126653
v -0.342082 0.082237 -0.25555
v 0.4603 -0.31757 -0.227471
v 0.191924 -0.095641 -0.139852
v 0.354907 -0.091268 -0.210666
v 0.386634 0.026815 -0.057147
v 0.329458 0.158126 -0.123302
v -0.111626 -0.151724 -0.25555
v 0.05835 0.011303999999999998 0.196316
v 0.182433 0.021315 0.006656
v 0.16756 0.073526 -0.25555
v 0.259494 0.163753 -0.09128
v -0.105732 0.036448 0.250045
v -0.416346 -0.014763 0.125016
v -0.207 0.396936 -0.212239
v -0.446261 -0.013154 0.137643
v 0.180668 0.166371 0.0843
v 0.419648 -0.497815 -0.177935
v -0.161805 0.483936 0.067823
v 0.183793 -0.251987 -0.12065
v -0.321968 0.120266 -0.182554
v 0.044115 0.342337 -0.198642
v 0.4603 -0.009475 -0.227471
v 0.326231 -0.165468 -0.190228
v 0.26363 -0.115255 -0.176099
v 0.213097 0.070503 0.049166
v -0.128662 -0.0024440000000000004 0.210031
v 0.033812 -0.006254 0.185853
v -0.446261 -0.021062 0.073283
v 0.446261 -0.394626 -0.25555
v -0.07472 -0.008347 -0.25555
v 0.095329 -0.265168 -0.25555
v 0.395403 0.096739 -0.25555
v -0.341986 -0.011998 0.146216
v -0.263752 0.159291 -0.187903
v -0.207 0.338446 -0.02419
v 0.4603 0.105683 -0.09427
v 0.095892 0.032353 0.069291
v 0.268399 -0.069913 -0.170561
v -0.153765 -0.082587 -0.074872
v 0.393085 0.242306 -0.191872
v 0.196648 -0.196078 -0.125227
v -0.057316 0.468776 -0.08649
v 0.394542 -0.217068 -0.195617
v -0.203485 0.458117 0.095651
v 0.144671 0.174225 -0.032197
v 0.318445 -0.06579 -0.14714
v -0.194087 -0.120673 -0.22747
v -0.218753 0.232539 -0.116257
v -0.4603 0.051108 -0.187079
v 0.011203 0.086484 0.241221
v -0.225712 -0.096425 -0.084127
v 0.143839 -0.154981 -0.103495
v 0.4603 -0.362204 -0.241511
v -0.126348 0.464969 -0.156012
v 0.056152 0.310166 0.173275
v 0.328434 -0.017079 -0.130388
v 0.4603 -0.303282 -0.185065
v -0.207 0.396957 0.03405
v 0.382223 -0.342879 -0.171618
v 0.204515 0.179276 -0.003511
v 0.396564 0.280845 -0.25555
v 0.302697 0.135689 -0.041996
v 0.166169 0.099753 0.130335
v -0.306241 0.095669 -0.25555
v 0.124025 0.31581 -0.25555
v 0.273995 -0.18166 -0.25555
v 0.29204 0.21403 -0.25555
v -0.138646 0.002538 -0.25555
v 0.166951 0.107157 -0.25555
v -0.079323 0.206059 -0.25555
v -0.142439 -0.068024 -0.25555
v 0.193168 -0.125172 -0.25555
v 0.331366 -0.134463 -0.25555
v 0.382992 -0.314152 -0.25555
v -0.2411 0.219824 0.174937
v 0.027816 -0.077839 -0.071224
v -0.0024400000000000003 0.019026 0.253114
v -0.308374 0.046679 0.248238
v 0.12545 -0.184848 -0.25555
v 0.00047300000000000033 -0.049635 -0.25555
v 0.328605 -0.005819 -0.25555
v 0.238462 0.237395 -0.25555
v 0.030261 0.354432 -0.024532
v -0.261555 0.160784 -0.241514
v 0.05962 0.26295 0.14942
v 0.387197 -0.092049 -0.216693
v 0.088274 0.350994 0.031817
v 0.4603 0.164 -0.09025
v 0.4603 0.143182 -0.208712
v -0.151834 0.235931 0.214859
v -0.376897 0.105443 -0.190736
v -0.222031 0.084263 0.241601
v 0.224337 -0.293635 -0.127927
v -0.203643 -0.113389 -0.172454
v 0.040249 0.328113 -0.25555
v -0.026106 -0.045097 -0.032429
v -0.4603 0.07303 -0.019254
v 0.0026 0.3876 0.18812
v -0.010448000000000004 0.448169 -0.202976
v -0.168977 -0.102628 -0.087315
v 0.0554 0.271744 0.194299
v -0.4603 0.019657 -0.157916
v -0.4603 0.119603 0.044096
v -0.039492 -0.274899 -0.241511
v 0.4603 -0.076619 -0.208579
v 0.404804 -0.483469 -0.25555
v 0.366313 0.215624 -0.25555
v -0.131059 0.143661 -0.25555
v 0.210991 -0.213656 -0.25555
v -0.155547 0.04814 -0.25555
v -0.063453 -0.038749 -0.25555
v 0.114182 -0.154446 -0.25555
v 0.356886 0.160263 -0.25555
v 0.4603 0.025874 -0.20391
v 0.4603 -0.39907 -0.168164
v -0.205305 0.426336 -0.143889
v -0.189886 0.268977 0.209042
v -0.306267 0.100229 0.238789
v -0.403559 0.143641 0.216881
v 0.228492 -0.458125 -0.2103
v 0.239794 -0.376754 -0.142604
v -0.289287 -0.0707 -0.195649
v -0.177925 0.459697 -0.20295
v -0.403469 0.089514 -0.25555
v -0.326513 -0.055617 -0.119737
v 0.102246 -0.334482 -0.135157
v 0.287404 0.018106 -0.011572
v 0.24823 -0.463962 -0.157971
v 0.446265 0.203931 -0.190598
v -0.174056 -0.135087 -0.241511
v -0.264801 -0.044364 -0.031244
v 0.4603 -0.454759 -0.203037
v -0.223421 0.227904 -0.015279999999999997
v 0.075184 0.309934 0.07401
v 0.427918 0.28111 -0.203118
v 0.016432 0.350272 -0.113749
v 0.079053 0.344069 -0.056136
v 0.280669 0.170873 -0.051024
v 0.095786 0.342876 -0.040428
v -0.362425 0.068299 0.244423
v -0.207 0.37526 -0.115661
v 0.202568 0.22386 -0.100492
v -0.397455 -0.009365 0.164457
v -0.005047 -0.182172 -0.108305
v -0.207 0.322199 -0.157928
v 0.30076 0.010968 -0.051992
v 0.386785 -0.24359 -0.25555
v 0.075777 0.151165 -0.25555
v 0.159254 -0.276053 -0.25555
v 0.104978 0.274366 -0.25555
v 0.282502 -0.083418 -0.25555
v 0.291929 -0.028057 -0.25555
v 0.333845 -0.248429 -0.177701
v -0.071908 -0.172408 -0.25555
v -0.28716 -0.016506 0.111882
v 0.320907 -0.389029 -0.25555
v 0.225242 0.111472 -0.25555
v -0.111396 -0.030585 -0.25555
v 0.127402 -0.028524 -0.25555
v 0.062446 -0.216844 -0.25555
v 0.043676 -0.128695 -0.25555
v -0.176866 -0.022619 0.059174
v 0.29645 -0.390898 -0.145145
v -0.099433 -0.093442 -0.082142
v -0.265786 -0.080004 -0.175339
v -0.039518 0.373117 -0.25555
v 0.207371 -0.376567 -0.142573
v -0.4603 -0.0395 -0.239339
v -0.081181 -0.178879 -0.107765
v 0.226747 -0.124097 -0.156091
v -0.074253 0.464003 -0.182501
v 0.307121 0.205877 -0.160658
v -0.207283 0.293119 -0.097018
v -0.207 0.389109 0.119472
v -0.055644 -0.063632 -0.057597
v 0.370418 -0.301959 -0.176688
v -0.123755 0.188037 0.22331
v 0.065843 0.340198 -0.156426
v 0.038585 0.146469 0.230644
v -0.053558 0.0683 0.244426
v 0.041061 0.210318 0.219382
v -0.137794 0.0683 0.244426
v -0.278188 0.132159 0.233161
v -0.418182 0.122299 0.068263
v 0.002599999999999999 0.405454 -0.053928
v -0.178212 0.315887 -0.25555
v -0.446264 -0.038451 -0.166393
v 0.379449 -0.493791 -0.163292
v 0.086198 -0.30674 -0.130252
v -0.330855 -0.021079 0.073329
v 0.168755 -0.432673 -0.210218
v 0.065484 -0.17713 -0.107387
v 0.004527 -0.025884 0.027773
v 0.31471 -0.124325 -0.193989
v -0.376689 0.109152 -0.098408
v 0.432842 -0.152798 -0.25555
v -0.076412 -0.016494 0.111597
v 0.002599999999999999 0.3886 -0.011495
v -0.011439 0.172073 0.226127
v 0.153565 0.093758 0.176868
v 0.080698 0.262206 0.066432
v -0.243465 -0.011355 0.150362
v 0.139198 -0.058492 -0.105555
v 0.359474 -0.063071 -0.131647
v -0.11413 0.48915 0.101254
v 0.094538 -0.020156 0.081427
v -0.017851 0.232126 0.21553
v -0.427877 0.032851 0.250667
v 0.025122 -0.135599 -0.099492
v 0.383844 0.110831 -0.071218
v -0.025479 0.116194 0.235975
v 0.432237 -0.335057 -0.178545
v -0.359776 0.132353 0.117602
v -0.039879 0.469398 -0.064478
v 0.126101 0.033435 0.075241
v 0.119525 -0.227326 -0.116265
v -0.122044 -0.026247 0.024732
v -0.4603 0.127293 0.108482
v -0.304086 -0.024656 0.040008
v 0.389358 -0.161889 -0.20465
v 0.049047 -0.232362 -0.117171
v -0.4603 0.096292 -0.059849
v 0.355746 -0.400021 -0.156427
v -0.33941 -0.00239 0.210292
v 0.147452 0.334148 -0.063914
v -0.446261 0.114107 -0.012375
v -0.047064 -0.012463 0.142615
v -0.207 0.340022 0.196512
v -0.150357 0.463928 -0.185376
v -0.017851 0.204474 0.220408
v 0.432221 -0.337887 -0.25555
v 0.4603 0.208482 -0.25555
v -0.227317 0.019026 0.253114
v -0.207 0.373469 -0.241511
v -0.25974 0.002782 0.24172
v 0.298871 0.267859 -0.25555
v 0.0026 0.441064 0.117936
v 0.022154 -0.335498 -0.202848
v -0.01281 0.480128 0.127857
v 0.138861 0.006511 0.0036020000000000028
v 0.138782 0.183161 -0.25555
v 0.237431 0.038189 -0.25555
v -0.298458 0.029751 -0.25555
v 0.390689 0.069058 -0.25555
v 0.395291 -0.145348 -0.25555
v -0.235454 0.061747 -0.25555
v 0.272043 -0.337984 -0.25555
v 0.319067 -0.303267 -0.25555
v 0.297451 -0.285344 -0.25555
v 0.227892 -0.259258 -0.25555
v -0.108524 0.082858 -0.25555
v 0.100153 0.004599 -0.25555
v -0.065182 0.2891 -0.25555
v -0.067943 0.417744 -0.25555
v 0.122689 -0.056204 -0.25555
v -0.065293 0.047013 -0.25555
v 0.076697 0.108284 -0.25555
v -0.016318 0.238055 -0.25555
v 0.041862 0.00028400000000000127 -0.25555
v -0.052185 -0.069151 -0.25555
v 0.017374 -0.095237 -0.25555
v -0.016429 -0.004031999999999999 -0.25555
v 0.035196 -0.183721 -0.25555
v 0.016564999999999996 0.189731 -0.25555
v 0.002313 -0.135397 -0.25555
v -0.014477 0.152292 -0.25555
v -0.072768 0.147977 -0.25555
v 0.104867 0.03228 -0.25555
v -0.196016 -0.044659 -0.25555
v -0.194064 0.111665 -0.25555
v -0.18751 0.053583 -0.25555
v -0.064262 0.246219 -0.25555
v 0.166031 0.150038 -0.25555
v 0.133957 -0.086606 -0.25555
v 0.226163 0.068591 -0.25555
v 0.015422 -0.251561 -0.25555
v 0.173394 -0.193012 -0.25555
v -0.10197 0.024776 -0.25555
v 0.103946 0.075161 -0.25555
v -0.226027 0.117108 -0.25555
v 0.220418 -0.158295 -0.25555
v 0.124641 0.10012 -0.25555
v 0.181901 -0.09477 -0.25555
v 0.134068 0.155481 -0.25555
v 0.153843 0.223321 -0.25555
v 0.196041 -0.011729 -0.25555
v -0.067246 -0.109311 -0.25555
v -0.196937 -0.001778 -0.25555
v 0.095551 0.219006 -0.25555
v 0.212943 -0.057331 -0.25555
v -0.10381 0.110538 -0.25555
v -0.112206 0.254383 -0.25555
v 0.202484 -0.311898 -0.25555
v 0.168903 0.263481 -0.25555
v 0.387008 0.240583 -0.25555
v -0.415041 0.02112 -0.25555
v 0.396212 -0.18823 -0.25555
v 0.296531 -0.242463 -0.25555
v 0.299515 0.113067 -0.25555
v 0.301356 0.027304 -0.25555
v 0.401734 -0.445517 -0.25555
v 0.33435 0.221067 -0.25555
v -0.007806 0.344753 0.195675
v -0.041855 -0.270969 -0.168412
v -0.221203 -0.029798 0.004654
v 0.074336 -0.027539 0.016998
v -0.081637 0.196019 0.221901
v -0.081637 0.419531 0.182495
v 0.061 -0.075674 -0.25555
v 0.007215000000000002 -0.222651 -0.115429
v -0.038122 0.479663 0.041348
v 0.4603 0.243789 -0.197946
v 0.424284 -0.284761 -0.186897
v 0.23491 0.025692 0.031451
v 0.030579 0.272726 -0.25555
v -0.137794 0.275845 0.207826
v -0.329567 -0.017286 0.105504
v -0.116237 -0.008714 0.169447
v -0.116191 -0.185271 -0.170594
v -0.09399 -0.026425 0.023623
v -0.334317 -0.050652 -0.067994
v -0.071122 -0.237954 -0.241511
v 0.286367 -0.319826 -0.149567
v -0.053558 0.435495 0.179673
v -0.25267 0.175376 -0.093293
v 0.131038 0.203149 0.132098
v -0.207 0.424244 -0.031114
v -0.118819 -0.017279 0.105224
v -0.165873 0.10023 0.238795
v -0.109715 0.148126 0.230354
v -0.095676 0.315757 0.200785
v -0.081637 0.084264 0.241603
v -0.172358 -0.008339 0.171659
v -0.297647 -0.003914 0.20064
v -0.207 0.369736 -0.017676
v -0.207 0.393033 0.076761
v -0.207 0.354123 0.036268
v 0.061352 -0.272827 -0.124301
v 0.338378 0.168293 -0.065829
v -0.386325 -0.018964 0.091638
v -0.316479 0.0052 0.25555
v -0.12136 0.48259 0.053611
v -0.261526 -0.082641 -0.20739
v 0.214453 0.319737 -0.25555
v -0.411309 -0.041575 -0.1994
v -0.204075 0.431024 -0.186493
v 0.166087 0.324835 -0.25555
v -0.4603 0.1406 0.198751
v -0.053558 0.291812 0.205026
v 0.15923 -0.293327 -0.127923
v 0.4603 -0.2654 -0.205978
v 0.196458 0.325451 -0.113023
v 0.387721 0.295837 -0.200473
v 0.149015 0.212752 0.186083
v 0.311878 -0.263317 -0.168561
v -0.188635 -0.01597 0.11604
v -0.010961 -0.304345 -0.185609
v 0.126808 -0.293142 -0.127882
v -0.4603 0.052063 0.079791
v -0.4603 0.046343 -0.088585
v -0.4603 0.074936 0.036871
v 0.024885 -0.337116 -0.163734
v 0.270999 0.315085 -0.241511
v -0.137794 0.35567 0.193749
v -0.150867 0.465929 -0.13482
v -0.446261 0.103571 -0.231233
v -0.37253 -0.042837 -0.086058
v 0.4603 -0.058696 -0.186817
v 0.446263 -0.215053 -0.20034
v 0.254947 0.317164 -0.185983
v 0.136903 0.210103 -0.028492
v -0.206401 0.453645 0.162229
v 0.014964 0.363023 0.033859
v -0.207439 -0.095752 -0.25555
v -0.156418 0.477418 0.010008
v -0.151834 0.140142 0.231754
v 0.316932 0.15251 -0.155218
v -0.216613 0.262178 0.125054
v 0.067527 -0.129409 -0.098052
v -0.207 0.377502 0.013803
v -0.081637 0.243915 0.21346
v -0.053558 0.164089 0.22753
v -0.192961 0.424157 0.181678
v -0.304293 -0.060821 -0.083422
v 0.097533 0.262192 0.026998
v -0.137794 0.451461 0.176866
v -0.210889 0.177477 0.225176
v 0.0026000000000000007 0.430091 0.028364
v -0.379637 -0.046501 -0.25555
v -0.207 0.409827 -0.090269
v -0.112423 -0.073442 -0.067374
v -0.381624 0.1367 0.169144
v 0.065836 0.338399 -0.227061
v -0.231688 -0.01871 0.093586
v -0.135822 0.472288 -0.042016
v -0.264929 -0.08147 -0.25555
v 0.186826 -0.15456 -0.125819
v -0.225142 0.213904 -0.209679
v -0.212834 -0.001914 0.213336
v 0.336477 0.24074 -0.177618
v -0.446261 -0.024533 0.041046
v -0.208323 0.295712 0.092422
v -0.092877 -0.212137 -0.214048
v -0.388256 -0.024277 0.043333
v 0.096199 0.208302 0.160997
v -0.168298 0.468176 -0.06967
v -0.109691 -0.036346 -0.014871
v -0.144057 -0.137506 -0.099872
v -0.207 0.43201 0.058824
v 0.041061 0.258213 0.210937
v -0.067597 0.363654 0.192351
v -0.053558 0.323741 0.19939
v 0.095628 0.149169 0.230156
v 0.347681 0.150696 -0.165322
v -0.085476 0.46298 -0.241511
v 0.311862 0.156104 -0.25555
v 0.29523 0.178727 -0.25555
v -0.27347 0.189136 0.20886
v 0.4603 0.067158 -0.136606
v 0.234495 0.27536 -0.25555
v 0.256036 0.177149 -0.015559
v 0.132786 0.33005 -0.176636
v 0.151699 -0.1965 -0.110849
v -0.305773 0.128841 -0.161281
v -0.248619 -0.026734 0.021695
v 0.190376 0.323215 -0.183923
v -0.4603 0.018706 0.052829
v -0.4603 0.069219 0.107303
v -0.207 0.332394 -0.114247
v 0.0018800000000000002 0.442397 0.085552
v -0.008924 0.449699 -0.109297
v -0.404311 -0.035326 -0.045578
v 0.02017 -0.021746 0.067499
v 0.374495 -0.260051 -0.184858
v 0.35997 0.011893 -0.046638
v 0.303284 0.07807 -0.032165
v -0.115999 0.183821 -0.25555
v -0.255228 -0.006093 -0.25555
v -0.028729 -0.172836 -0.25555
v 0.289056 -0.1415 -0.25555
v 0.321939 -0.189824 -0.25555
v 0.142352 -0.230451 -0.25555
v 0.096249 -0.308049 -0.25555
v 0.230654 -0.387902 -0.25555
v 0.129132 -0.356373 -0.25555
v -0.007001999999999998 0.051329 -0.25555
v -0.050233 0.087173 -0.25555
v 0.357806 0.117382 -0.25555
v 0.152811 0.024116 -0.25555
v 0.338841 -0.235426 -0.25555
v -0.093352 0.365104 -0.25555
v 0.121843 -0.029005 0.009242
v 0.1473 0.111296 0.236839
v -0.176923 -0.081815 -0.25555
v 0.0025999999999999994 0.413408 -0.15304
v 0.308125 0.029831 -0.026488
v 0.201352 0.110719 0.058353
v -0.077995 -0.228959 -0.177507
v -0.25011 0.148123 0.230336
v -0.278188 0.0683 0.244429
v 0.4603 0.267572 -0.241511
v 0.4603 -0.418943 -0.25555
v 0.446261 -0.033792 -0.25555
v -0.016204 0.069395 0.244232
v -0.049746 0.466195 -0.129476
v -0.223057 -0.059446 -0.052922
v -0.148788 -0.155401 -0.241511
v -0.188504 0.451977 -0.25555
v -0.138155 0.0052 0.25555
v 0.022755 -0.013882 0.131813
v -0.207804 0.279328 -0.157399
v 0.301888 -0.152617 -0.184693
v 0.24778 -0.140877 -0.164118
v -0.03788 -0.026791 0.021416
v 0.308831 -0.073659 -0.25555
v -0.123473 0.284785 -0.25555
v 0.389949 0.15148 -0.160949
v 0.094416 0.345607 -0.011589
v 0.382477 0.157875 -0.124898
v -0.164928 -0.141719 -0.205823
v -0.4603 0.092468 -0.124938
v 0.418587 0.078886 -0.25555
v -0.135224 -0.163963 -0.105113
v 0.127167 0.257443 -0.023113
v -0.4603 0.097794 0.19742
v -0.181814 0.485486 0.120266
v 0.355051 -0.136226 -0.202753
v 0.233888 0.173838 -0.115324
v -0.207 0.303885 -0.04959
v 0.397486 0.073033 -0.067699
v 0.356048 0.269478 -0.188542
v 0.341727 0.073072 -0.050451
v -0.105759 -0.02028 0.080549
v 0.432223 0.175875 -0.25555
v -0.011741 -0.304431 -0.25555
v -0.424389 0.135469 0.166262
v -0.269146 0.155825 -0.145846
v 0.259096 0.233244 -0.141717
v 0.172361 -0.434584 -0.241511
v 0.285315 -0.222647 -0.166267
v -0.279583 0.174693 0.150395
v -0.221545 0.257152 0.182615
v 0.070858 0.226552 0.102763
v 0.159959 0.189234 0.133752
v 0.323351 -0.304461 -0.164855
v 0.048653 -0.357803 -0.241513
v -0.267413 0.172213 0.049972
v 0.4603 0.111041 -0.149681
v -0.257618 0.172756 -0.050772
v 0.136064 0.331284 -0.133891
v -0.403563 0.103565 -0.241512
v 0.249692 0.108484 0.002193
v -0.207484 0.284313 -0.227474
v -0.306771 0.164079 0.199032
v 0.24712 -0.209742 -0.151667
v -0.150296 0.46298 -0.241526
v -0.401767 0.109141 -0.077872
v -0.016605 -0.12598 -0.097193
v -0.044523 -0.225932 -0.25555
v -0.292544 0.14928 0.023895
v -0.4603 -0.016285 0.113528
v -0.242159 0.197842 0.017344
v -0.334032 -0.032989 -0.006615000000000001
v -0.4603 -0.018569 -0.054004
v -0.100813 0.476519 0.0016950000000000003
v -0.232382 0.199566 -0.241511
v 0.0554 0.35251 0.180066
v -0.305843 0.153275 0.124157
v -0.309589 0.12934 -0.102997
v -0.212145 0.257803 -0.064014
v -0.354775 0.111221 -0.135087
v -0.327671 0.124523 -0.050079
v -0.309274 0.125599 -0.213717
v -0.098072 -0.203668 -0.126234
v 0.4603 -0.026562000000000002 -0.178833
v -0.021827 0.456041 -0.241675
v -0.012893 0.452567 -0.144817
v 0.297035 0.28685 -0.170671
v 0.394184 -0.38374 -0.166193
v 0.4603 -0.377548 -0.186162
v 0.214947 0.156974 0.031575
v -0.291645 -0.031435 -0.0004869999999999996
v -0.032782 0.472217 -0.016493
v 0.148332 0.181412 0.008449
v -0.4603 -0.036675 -0.125901
v 0.0026 0.350032 -0.174507
v 0.0026 0.394695 0.145939
v -0.137741 -0.03585 -0.013902
v 0.383491 -0.439922 -0.15469
v 0.413379 -0.46946 -0.158955
v -0.4603 0.031275 -0.241511
v 0.4603 0.175875 -0.227473
v 0.002599999999999999 0.37103 -0.050324
v 0.0025999999999999994 0.363 -0.21524
v 0.0026 0.387519 0.0981
v -0.237435 0.211884 0.080286
v -0.184714 -0.002111 0.212119
v 0.300405 0.070767 -0.25555
v 0.163516 0.039645 0.110299
v 0.07052 0.0909 0.240441
v -0.446263 -0.034857 -0.085411
v 0.2197 0.167891 -0.068226
v 0.192053 0.176496 0.061731
v -0.341663 0.142312 0.154981
v -0.179341 -0.032567 -0.004396
v -0.081415 0.002791 0.241719
v 0.029788 0.002832 0.241826
v -0.212999 0.260837 0.01011
v -0.418169 -0.028609 0.00933
v -0.387609 0.018877 0.253132
v -0.034602 0.002823 0.241866
v -0.446261 0.07632 0.243004
v -0.35207 0.147034 0.202381
v -0.446423 -0.014901 -0.25555
v -0.070652 -0.235521 -0.117684
v 0.4603 0.07165 -0.227831
v -0.351778 0.052902 -0.25555
v -0.191382 -0.119692 -0.122882
v -0.014457999999999999 -0.279425 -0.125435
v 0.343718 -0.489676 -0.25555
v 0.388577 -0.019799 -0.145727
v -0.395718 -0.002138 0.212197
v -0.34459 0.124601 0.018188
v 0.118065 -0.387909 -0.144563
v -0.446263 -0.029202 -0.006659000000000003
v 0.228041 -0.427437 -0.151581
v 0.290586 -0.462694 -0.157769
v 0.122546 -0.391793 -0.25555
v -0.4603 -0.009758000000000001 0.161722
v -0.097787 0.469794 -0.072222
v -0.4603 0.058319 0.232125
v 0.188758 -0.394785 -0.25555
v -0.22246 0.243503 0.104928
v 0.300318 -0.074736 -0.197959
v 0.4603 0.107345 -0.241511
v -0.207 0.411692 0.155193
v 0.4603 0.131662 -0.25555
v 0.114877 0.0634 0.24528
v 0.070654 0.211545 0.179488
v 0.050083 -0.015989 0.115497
v -0.4603 0.103813 0.143835
v 0.170498 0.17256 -0.0414
v 0.078113 0.203474 0.133724
v -0.173116 0.464997 -0.101574
v -0.289375 0.120748 -0.25555
v 0.276686 -0.45954 -0.25555
v 0.288585 0.004718 -0.087362
v 0.327042 0.126522 -0.053359
v 0.065539 0.020062999999999998 0.156523
v -0.207 0.401841 -0.241511
v 0.446264 0.108165 -0.080155
v 0.054728 -0.343535 -0.136736
v -0.180167 0.397286 -0.25555
v -0.20762 0.313962 0.156947
v 0.133609 0.150614 0.229904
v 0.112351 0.223125 0.006505
v -0.226858 -0.097967 -0.129428
v 0.087523 0.2183 0.21797
v 0.172929 -0.401975 -0.147078
v -0.092608 0.495 0.138803
v -0.32199 -0.059911 -0.226543
v 0.432968 -0.451366 -0.25555
v 0.041321 0.364671 0.083271
v -0.234314 0.198036 -0.157
v 0.113648 -0.047087 -0.0408
v 0.202837 -0.446788 -0.15498
v -0.0152 0.427677 -0.25555
v -0.064389 0.494235 0.134174
v 0.082367 -0.381197 -0.157451
v -0.371145 0.133929 0.232855
v 0.0719 -0.046 -0.03455
v -0.00272 -0.00449 0.19705
v -0.446261 0.134577 0.160196
v -0.4603 0.078461 -0.241928
v 0.432221 0.039181 -0.25555
v 0.231428 -0.459438 -0.241936
v 0.165074 -0.038252 -0.019658
v -0.4603 0.024607 0.203134
v -0.065987 0.018581 0.253192
v -0.446899 -0.0015589999999999998 0.21559
v 0.4603 0.031391 -0.080654
v 0.148377 0.07245 0.2182
v -0.4603 0.003321 -0.184992
v 0.446728 -0.104082 -0.219855
v 0.311184 0.312556 -0.228244
v 0.415074 -0.074189 -0.194739
v 0.179182 -0.060908 -0.119446
v 0.240299 0.194853 -0.25555
v 0.162117 0.07395 0.147
v 0.432751 -0.17416 -0.206949
v -0.207 0.35851 -0.19528
v 0.405996 -0.004128 -0.137595
v -0.432512 0.104631 -0.176483
v 0.17575 0.013147 -0.039765
v -0.215714 0.171734 -0.25555
v 0.057595 0.371207 0.146234
v -0.220665 0.225698 -0.147892
v -0.376515 0.125105 0.081361
v 0.4603 -0.285148 -0.25555
v 0.078607 -0.0017790000000000004 0.116641
v -0.446889 0.016151 -0.25555
v 0.4603 -0.049332 -0.147049
v 0.344961 0.285745 -0.25555
v 0.244409 0.319299 -0.147973
v 0.327273 0.312375 -0.187174
v -0.147427 0.486839 0.170623
v 0.252043 0.005595 -0.082617
v 0.35022 -0.023741 -0.25555
v 0.182972 0.051913 0.100004
v 0.446261 -0.475683 -0.25555
v -0.010725000000000002 0.442259 0.178479
v 0.055251 0.045818 0.222421
v -0.402901 0.128325 0.116481
v 0.4603 -0.47419 -0.173537
v -0.164379 0.435495 0.179676
v 0.083333 0.044208 0.136528
v -0.188116 0.032098 0.250811
v 0.447731 0.152203 -0.156964
v 0.03298 -0.327995 -0.25555
v -0.138217 0.406225 -0.25555
v 0.150747 0.149483 0.183197
v -0.207 0.387917 0.188066
v 0.134764 0.194175 0.222231
v 0.013115 0.288259 0.205636
v 0.402929 -0.134835 -0.211241
v 0.4603 -0.499701 -0.209846
v 0.354046 -0.49103 -0.20096
v -0.044491 0.487068 0.170581
v 0.157909 -0.048253 -0.047605
v 0.247608 0.05032 0.014418
v 0.421537 0.308464 -0.241511
v 0.098118 0.052587 0.183984
v 0.4603 0.01075 -0.134055
v 0.4603 -0.196171 -0.230105
v 0.397568 0.138446 -0.079269
v 0.383581 -0.358981 -0.25555
v 0.066103 0.349642 0.099444
v -0.403951 -0.040898 -0.148005
v -0.082084 0.334703 -0.25555
v 0.061413 0.314209 0.129109
v 0.224556 0.273423 -0.126273
v 0.404231 -0.059054 -0.25555
v 0.270248 -0.06249 -0.128538
v 0.0025999999999999994 0.393619 -0.084144
v -0.409718 0.106497 -0.125297
v 0.117082 0.190359 0.059407
v 0.101594 -0.395182 -0.215591
v 0.296203 -0.479365 -0.227474
v 0.329788 0.0014539999999999996 -0.105852
v 0.240815 0.009507 -0.060382
v 0.264026 -0.044312 -0.096418
v 0.215237 -0.067947 -0.1594
v 0.34252 -0.074513 -0.196349
v -0.200605 0.444832 -0.067464
v 0.041505 0.041577 0.249141
v -0.404148 0.113384 -0.020267
v 0.214904 -0.038966 -0.064976
v -0.175684 0.219805 -0.25555
v 0.095282 -0.065649 -0.059949
v 0.205561 -0.055464 -0.088728
v 0.4603 -0.130339 -0.242282
v 0.095583 0.339827 -0.08098
v 0.318552 -0.456117 -0.25555
v -0.317795 -0.035047 -0.25555
v 0.157047 0.150712 0.15131
v 0.107538 0.0391 0.107357
v 0.399843 0.00301 -0.097203
v 0.224322 0.154354 -0.25555
v 0.179216 0.236094 -0.081376
v 0.115818 0.026156 0.033963
v 0.448043 -0.249766 -0.25555
v 0.035981 -0.295809 -0.25555
v 0.103198 0.195102 0.086234
v 0.135995 -0.114247 -0.092947
v 0.165729 0.028239 0.045742
v 0.040942 0.043165 -0.25555
v -0.294887 -0.069065 -0.227474
v -0.401585 0.116322 0.011994
v -0.192961 0.341047 -0.25555
v -0.411648 0.032843 0.250665
v 0.295135 0.169326 -0.059878
v -0.250231 -0.083776 -0.090126
v 0.066861 -0.145232 -0.101739
v 0.056578 0.356297 0.036061
v 0.400925 -0.160549 -0.25555
v 0.219386 -0.3575 -0.25555
v 0.093089 0.251584 0.038423
v 0.177308 -0.091354 -0.130461
v 0.026816 0.371041 0.191051
v 0.141543 0.054517 -0.25555
v 0.4603 0.10976 -0.131631
v 0.00010799999999999872 0.429049 -0.176223
v 0.218142 0.013036 -0.040446
v 0.41625 -0.067001 -0.15397
v -0.4603 0.055877 0.192042
v -0.4603 0.052061 -0.159017
v 0.061151 0.005863 0.180193
v 0.119235 0.12731 0.234017
v -0.352173 0.094925 -0.25555
v 0.267086 0.16911 -0.061154
v 0.401315 0.007598 -0.071329
v -0.4603 0.007268 -0.045115
v 0.04121 0.000967 0.230753
v -0.418666 -0.027391 -0.25555
v -0.277731 0.154622 0.229205
v 0.264928 -0.334504 -0.138032
v -0.207 0.393595 -0.228103
v 0.068992 0.338786 -0.184289
v -0.054282 -0.044322 -0.03165899999999999
v 0.176351 0.146668 0.096997
v -0.12621 0.478696 0.021715
v 0.4603 -0.15369 -0.225665
v 0.270609 -0.471456 -0.173265
v -0.236494 0.233724 0.215252
v 0.431146 -0.303602 -0.25555
v -0.181843 0.456531 -0.24148
v 0.127628 -0.154892 -0.103457
v -0.23607 0.108212 0.237384
v 0.177414 0.167984 -0.067577
v 0.142266 0.205184 0.143612
v -0.011439 0.389328 -0.25555
v 0.4603 0.224694 -0.25555
v -0.152675 0.161583 -0.25555
v 0.142463 0.011636 -0.25555
v 0.129163 0.008782 0.016397
v -0.251634 0.032853 0.250678
v 0.246445 0.023733 0.02023
v -0.123755 0.315758 0.20079
v 0.210965 0.174475 -0.030765
v -0.268976 0.071399 -0.25555
v -0.160416 -0.143846 -0.147586
v 0.055409 0.287874 0.191035
v 0.444093 -0.0794 -0.224192
v 0.009377 -0.174779 -0.10698
v 0.213664 0.029927 0.055555
v 0.053401 -0.360911 -0.188121
v 0.351694 -0.004484 -0.139826
v 0.000941 -0.315328 -0.159923
v -0.053558 0.243914 0.213452
v 0.408876 0.23914 -0.193721
v -0.372449 0.107152 -0.156495
v -0.073412 -0.139347 -0.100429
v -0.42217 0.10707 -0.114932
v -0.135958 -0.165847 -0.175104
v 0.227223 0.16081 -0.108353
v -0.192293 0.467437 0.041266
v -0.214675 -0.107737 -0.241511
v 0.355504 0.16416 -0.16983
v -0.432221 -0.023677 0.049107
v -0.21101 0.220618 0.217564
v 0.446261 -0.220431 -0.25555
v 0.198252 0.021942 0.010143
v 0.007138 0.13437 -0.25555
v 0.380119 -0.427595 -0.25555
v 0.241224 0.108751 -0.25555
v 0.244905 -0.062774 -0.25555
v 0.230765 -0.145815 -0.25555
v 0.298483 -0.086139 -0.25555
v 0.19685 -0.296697 -0.25555
v 0.259855 -0.264701 -0.25555
v -0.125423 -0.056259 -0.04939
v 0.318797 0.297929 -0.25555
v -0.321517 -0.051673 -0.04304
v -0.107908 -0.171492 -0.106407
v 0.4603 0.018641 -0.089322
v -0.227994 0.233194 0.116136
v 0.057973 0.351448 -0.007872
v 0.103835 -0.166926 -0.25555
v 0.26468 0.005066 -0.25555
v 0.060631 -0.026119 0.02554
v -0.20886 0.287981 0.060939
v -0.4603 0.112061 -0.036606
v 0.320521 -0.43252 -0.152459
v 0.328407 -0.061436 -0.122541
v -0.397777 -0.039898 -0.106193
v -0.230602 0.203056 -0.198941
v 0.079289 0.341113 0.056526
v 0.154061 0.052257 0.181872
v 0.278579 -0.117063 -0.182104
v 0.201906 -0.447931 -0.241511
v -0.272335 -0.078173 -0.241511
v 0.014572 0.176822 0.225288
v 0.362408 -0.097024 -0.25555
v -0.4603 0.004408 -0.129303
v -0.4603 0.044439 0.094098
v -0.4603 0.046346 0.150223
v -0.4603 0.040626 -0.018153
v 0.30975 0.108521 -0.041245
v -0.419366 0.105415 -0.151457
v 0.4603 -0.329659 -0.194662
v 0.314488 0.162214 -0.100275
v 0.381146 -0.245754 -0.188623
v -0.155016 -0.150211 -0.25555
v -0.069896 0.26142 -0.25555
v -0.03057 -0.087073 -0.25555
v 0.215815 0.056112 -0.25555
v -0.213839 0.043825 -0.25555
v -0.123585 0.042698 -0.25555
v 0.096472 0.176124 -0.25555
v 0.4603 -0.339059 -0.224406
v -0.281734 -0.07254 -0.153468
v 0.016430000000000004 0.369037 0.084314
v 0.12648 -0.348445 -0.13764
v 0.40348 -0.396931 -0.165135
v 0.4603 0.051478 -0.195623
v -0.278304 -0.070486 -0.079027
v -0.109715 0.259881 0.210647
v 0.199355 0.095729 0.064194
v -0.4603 0.08954 -0.231096
v -0.049667 0.463479 -0.203702
v 0.322298 -0.207306 -0.181623
v -0.235725 0.148485 -0.25555
v 0.333734 -0.48696 -0.176018
v 0.193225 0.181627 0.009815
v -0.105942 -0.196446 -0.176328
v -0.070579 0.489473 0.103424
v 0.094226 -0.162343 -0.104842
v 0.094606 0.337353 -0.124736
v -0.165044 0.256087 0.211307
v 0.296155 -0.362894 -0.145488
v 0.064904 0.21678 0.12841
v -0.34504 0.124896 0.234441
v 0.174949 -0.376385 -0.142518
v -0.06668 -0.242695 -0.199226
v -0.275386 -0.023081 0.055009
v -0.397808 0.103868 -0.209408
v -0.277303 -0.029162 0.006777
v 0.23963 -0.404405 -0.147486
v -0.207338 0.288178 -0.184042
v 0.247934 -0.084814 -0.174079
v -0.101886 -0.007599 0.176905
v 0.37666 0.228104 -0.25555
v 0.408511 -0.019426 -0.25555
v 0.212134 0.227637 -0.25555
v -0.075641 0.034534 -0.25555
v 0.260395 -0.278888 -0.145751
v 0.10678 -0.397959 -0.188572
v 0.030259 0.345831 -0.15812
v 0.03818 0.171809 -0.25555
v 0.057843 -0.002438 -0.25555
v -0.207 0.327677 -0.071617
v -0.207 0.314653 -0.002164
v -0.208354 0.28372 -0.011759
v -0.311354 -0.002558 0.20919
v 0.418182 -0.329781 -0.25555
v 0.4603 -0.017581 -0.241511
v -0.214765 -0.009263 0.1653
v -0.18306 0.470624 0.015021
v 0.36376 -0.316258 -0.172945
v 0.112569 0.294159 -0.006425
v 0.260821 0.287654 -0.25555
v 0.224473 -0.455783 -0.17054
v 0.4603 0.179928 -0.18669
v -0.105732 0.0052 0.25555
v -0.115204 -0.167536 -0.25555
v -0.362709 -0.042782 -0.052798
v -0.219274 -0.023309 0.052789
v -0.148716 0.347026 -0.25555
v 0.198984 -0.224053 -0.121816
v 0.104958 0.25698 0.013562
v -0.178335 0.468012 -0.043466
v 0.094693 -0.023325 0.052576
v 0.022145 0.118947 0.235488
v -0.207 0.41454 -0.132899
v -0.004657 -0.011561 0.148973
v -0.19658 0.297874 0.203935
v -0.286516 -0.014405 0.127944
v -0.403466 -0.042649 -0.213548
v 0.402962 -0.497154 -0.205726
v 0.208132 -0.265974 -0.123081
v -0.095316 -0.033595 -0.0079
v 0.240121 -0.321452 -0.132842
v -0.00022799999999999882 -0.076937 -0.07048
v -0.419721 0.132087 0.23317
v -0.193041 -0.120184 -0.162245
v 0.154151 0.037324 0.097271
v 0.207535 -0.348913 -0.13771
v -0.4603 0.12522 0.092404
v -0.11895 0.484666 0.069507
v -0.378422 -0.044542 -0.144186
v 0.188776 0.308206 -0.25555
v 0.273735 0.186856 -0.141618
v 0.271618 0.315678 -0.195583
v 0.149422 0.274066 -0.055787
v -0.109817 0.463565 -0.199377
v -0.193206 0.292002 -0.25555
v -0.354115 0.116675 -0.045028
v -0.332049 0.115535 -0.227476
v 0.387418 0.162707 -0.176944
v 0.038889 0.190651 0.222862
v -0.009745 0.218302 0.217979
v -0.154366 0.000473 0.227872
v 0.0551 0.162994 0.227714
v -0.018651 0.019026 0.253114
v -0.025479 0.3488 -0.25555
v 0.446261 -0.378415 -0.25555
v 0.016418 0.381064 0.164554
v -0.06761 0.470739 -0.060404
v 0.109798 0.331949 -0.241511
v -0.050293 -0.022281 0.062223
v 0.319987 -0.346148 -0.25555
v -0.404694 0.0336 -0.25555
v 0.331478 0.107624 -0.25555
v -0.319153 0.004792 -0.25555
v 0.372867 0.157542 -0.25555
v 0.281581 -0.040536 -0.25555
v 0.309751 -0.116541 -0.25555
v 0.35287 -0.394472 -0.25555
v 0.284231 -0.411267 -0.25555
v 0.406448 -0.417837 -0.25555
v -0.109333 0.367826 -0.25555
v -0.100129 -0.060987 -0.25555
v 0.120737 -0.212529 -0.25555
v -0.069087 -0.023548 -0.25555
v 0.045655 0.070845 -0.25555
v -0.086797 0.307022 -0.25555
v 0.055082 0.126206 -0.25555
v 0.128212 -0.313492 -0.25555
v -0.050344 -0.154914 -0.25555
v 0.067382 0.29501 -0.25555
v 0.005186 -0.021954 -0.25555
v -0.021143 -0.031712 -0.25555
v 0.03991 -0.156041 -0.25555
v 0.016454 -0.052356 -0.25555
v 0.16684 -0.13493 -0.25555
v -0.052994 0.215817 -0.25555
v 0.169712 -0.021487 -0.25555
v 0.107628 -0.096364 -0.25555
v 0.187646 0.132116 -0.25555
v 0.156604 0.094677 -0.25555
v -0.151754 0.118702 -0.25555
v -0.128298 0.015016999999999999 -0.25555
v -0.098176 0.095337 -0.25555
v 0.078427 -0.219565 -0.25555
v 0.16776 -0.177811 -0.25555
v -0.150834 0.075821 -0.25555
v 0.190296 -0.238615 -0.25555
v -0.017238 0.280936 -0.25555
v 0.070952 -0.118602 -0.25555
v 0.085204 0.206526 -0.25555
v 0.139702 0.14028 -0.25555
v 0.047607 0.22717 -0.25555
v 0.232717 0.010509 -0.25555
v -0.083004 0.377584 -0.25555
v 0.256982 -0.378144 -0.25555
v 0.287104 -0.297824 -0.25555
v 0.261919 0.13371 -0.25555
v 0.312624 -0.003098 -0.25555
v 0.370804 -0.240869 -0.25555
v 0.363329 -0.139906 -0.25555
v 0.261807 -0.108377 -0.25555
v 0.302165 -0.257664 -0.25555
v -0.292806 0.17707 0.225255
v -0.4603 0.117904 0.027974
v -0.302798 -0.021185 0.072219
v -0.042635 -0.082037 -0.074328
v 0.02032 -0.333652 -0.186847
v 0.038119 -0.159999 -0.104397
v 0.041061 0.323019 0.199495
v -0.193952 0.100231 0.238801
v -0.081637 0.211985 0.219089
v 0.159861 -0.154751 -0.105957
v 0.11862 -0.30692 -0.130322
v 0.387087 -0.482959 -0.25555
v -0.043613 0.464092 -0.171856
v 0.179769 0.118912 0.09447
v -0.207 0.39434 -0.095061
v 0.432236 -0.222926 -0.19831
v 0.4603 0.250186 -0.242258
v 0.054567 0.118688 0.235546
v -0.01115 0.468266 0.054482
v 0.151043 -0.307112 -0.130321
v 0.427891 -0.499121 -0.25555
v -0.039518 0.379618 0.189533
v -0.135104 -0.023654 0.049453
v 0.322018 0.20212 -0.165834
v -0.04771 -0.014611 0.126559
v 0.050424 -0.200461 -0.111546
v -0.35913 -0.049507 -0.182172
v 0.287423 0.225149 -0.15525
v -0.292228 0.108214 0.237397
v -0.250692 0.172832 -0.241514
v -0.123755 0.427513 0.181082
v -0.011439 0.108211 0.237378
v -0.080401 0.465667 -0.140086
v -0.109715 0.084264 0.241603
v -0.207 0.420336 0.011585
v 0.0026 0.359201 -0.024964
v -0.207648 0.288413 -0.054388
v 0.005804000000000003 -0.254551 -0.121051
v -0.00514 0.447501 -0.060794
v 0.081761 0.337804 -0.154502
v 0.346958 -0.219986 -0.186085
v -0.180924 0.261959 -0.25555
v 0.149031 0.004307 -0.008838
v -0.214067 0.253627 -0.021484
v -0.314573 -0.014281 0.129053
v -0.207 0.376458 -0.174343
v 0.299077 -0.291594 -0.159193
v -0.023024 -0.292791 -0.25555
v -0.173646 -0.01291 0.139586
v -0.189281 -0.017935 0.099961
v -0.141896 0.489765 0.105383
v -0.169751 -0.117447 -0.093843
v 0.4603 -0.415032 -0.165333
v 0.175441 -0.293427 -0.127904
v -0.4603 0.050157 0.023666
v -0.4603 0.062545 -0.089135
v 0.07934 0.350841 0.018291
v -0.08163 -0.22561 -0.241511
v 0.220904 -0.237852 -0.132652
v -0.081637 0.403564 0.185298
v -0.183388 0.457224 -0.161024
v 0.332865 0.008368 -0.066649
v -0.23607 0.140141 0.231751
v 0.18335 -0.439516 -0.211944
v -0.253466 0.170686 -0.182693
v 0.286803 0.267434 -0.162407
v -0.151537 0.481107 0.041848
v 0.137423 0.308643 -0.046589
v 0.06128 0.273409 0.137145
v 0.05502 -0.362818 -0.25555
v 0.15886 0.125544 0.148569
v 0.408745 -0.089057 -0.25555
v -0.171957 0.485502 0.093991
v -0.345205 -0.021921 0.065835
v -0.221875 -0.087371 -0.25555
v 0.230403 -0.182225 -0.14788
v -0.137794 0.371636 0.190942
v -0.165873 0.084264 0.241608
v -0.053558 0.275847 0.207839
v -0.320307 0.076282 0.243015
v 0.255668 -0.12808 -0.170188
v 0.380565 -0.066351 -0.150362
v -0.207 0.416412 0.054296
v -0.207 0.385226 0.103733
v -0.207 0.334627 0.074472
v -0.207 0.404681 0.12398
v -0.081637 0.180054 0.224715
v -0.399387 -0.015948 0.11631
v -0.025479 0.41953 0.182491
v -0.053558 0.132159 0.233159
v -0.193952 0.148125 0.230347
v -0.257172 -0.010163 0.158937
v 0.0026 0.348935 -0.223128
v -0.4603 0.146 0.23072
v -0.355048 -0.008459 0.170818
v -0.123292 0.465666 -0.140106
v -0.219945 0.242759 0.047251
v -0.4603 0.081758 -0.067029
v 0.16162 0.327744 -0.144967
v -0.288119 -0.068026 -0.105214
v -0.123755 0.219967 0.21768
v -0.311226 0.080243 -0.25555
v -0.268291 0.161635 -0.055796
v -0.040256 0.490234 0.11488
v 0.417215 0.269395 -0.25555
v -0.26039 -0.020461 0.078607
v 0.059974 -0.304728 -0.129924
v 0.4603 0.071768 -0.176214
v -0.357813 -0.046192 -0.091972
v 0.0026 0.381308 0.050134
v -0.081637 0.339706 0.196572
v -0.151834 0.156107 0.228942
v -0.123755 0.124177 0.234573
v -0.003365 -0.006938 0.181038
v 0.40184 0.162409 -0.09929
v 0.395608 -0.3142 -0.178657
v -0.058833 -0.004178 0.199265
v -0.297519 0.132963 -0.187801
v 0.211726 0.291791 -0.25555
v -0.36084 -0.026055 0.026104
v 0.086326 0.299221 0.045509
v -0.401318 -0.021627 0.068046
v -0.144301 -0.00849 0.170554
v -0.203485 0.434507 -0.170671
v -0.033805 -0.196922 -0.110885
v -0.186789 0.0052 0.25555
v 0.048874 -0.020033 0.082478
v -0.187139 0.490124 0.170053
v 0.0771 -0.233536 -0.11738
v -0.363226 0.107342 -0.199239
v -0.4603 0.009175 0.01101
v -0.4603 0.030141 -0.088034
v -0.187338 -0.125155 -0.213429
v -0.161224 -0.01806 0.09885
v -0.26959 -0.00408 0.199537
v -0.004793 0.467948 0.119256
v -0.103235 0.474873 -0.014249
v -0.137794 0.29181 0.205014
v -0.207 0.436148 0.119191
v 0.4603 -0.281597 -0.203006
v 0.153137 0.284025 -0.25555
v -0.207 0.365812 0.025035
v -0.207 0.385308 -0.013169000000000004
v -0.368947 0.121471 0.039312
v -0.147961 0.189264 -0.25555
v 0.160285 -0.076848 -0.25555
v 0.132227 0.241243 -0.25555
v -0.199698 0.126866 -0.25555
v -0.15934 -0.022421 -0.25555
v 0.021056 -0.266762 -0.25555
v -0.009763 0.179973 -0.25555
v 0.010011 0.247813 -0.25555
v -0.11519 -0.101147 -0.25555
v 0.187423 -0.352058 -0.25555
v 0.16511 0.192919 -0.25555
v 0.169601 -0.263574 -0.25555
v 0.094631 0.261887 -0.25555
v -0.111285 0.211502 -0.25555
v 0.090615 -0.292848 -0.25555
v -0.094383 0.165899 -0.25555
v 0.180171 0.233079 -0.25555
v 0.387705 -0.286472 -0.25555
v 0.10866 0.102841 -0.25555
v -0.083116 0.135497 -0.25555
v 0.194089 -0.168053 -0.25555
v 0.111421 -0.025803 -0.25555
v -0.00332 -0.120196 -0.25555
v 0.093599 0.062681 -0.25555
v -0.045519 0.114854 -0.25555
v -0.027697 0.02637 -0.25555
v -0.061612 -0.124512 -0.25555
v -0.078513 -0.078909 -0.25555
v 0.373788 0.114661 -0.25555
v -0.214759 0.086706 -0.25555
v 0.120848 0.029558 -0.25555
v 0.089695 -0.249967 -0.25555
v -0.202571 0.013423 -0.25555
v -0.227979 -0.039216 -0.25555
v -0.250515 0.021587 -0.25555
v 0.364361 0.0593 -0.25555
v 0.22329 -0.044852 -0.25555
v -0.00148 -0.205959 -0.25555
v -0.012747 -0.175557 -0.25555
v 0.284343 -0.16918 -0.25555
v -0.138534 0.244625 -0.25555
v 0.290897 -0.227262 -0.25555
v 0.345618 0.190665 -0.25555
v 0.337921 -0.192545 -0.25555
v 0.208229 -0.085012 -0.25555
v -0.035981 0.412301 -0.25555
v -0.069886 -0.193258 -0.110249
v 0.4603 0.266162 -0.216153
v 0.335302 -0.178904 -0.190318
v -0.039518 0.076282 0.243013
v -0.23607 0.060318 0.245838
v -0.103823 -0.014349 0.128781
v 0.235912 0.090681 0.018972
v 0.025793 -0.120043 -0.094979
v 0.058553 0.339392 -0.241511
v 0.304061 -0.481356 -0.241512
v -0.234913 -0.028106 0.013147
v 0.0026 0.39156 0.006431
v -0.165873 0.19602 0.221905
v -0.158278 0.468156 -0.095858
v -0.419772 0.089461 -0.25555
v 0.4603 0.184165 -0.241511
v 0.4603 -0.394626 -0.213432
v 0.446261 0.047286 -0.25555
v 0.377394 0.24558 -0.189446
v -0.052248 -0.028024 0.013952
v -0.427877 0.00045600000000000046 0.227875
v -0.223343 0.221517 -0.105292
v -0.376464 0.092246 0.240197
v -0.292162 0.019026 0.253114
v 0.324883 0.146447 -0.25555
v -0.00023500000000000083 0.467179 0.174084
v -0.4603 0.121351 0.060213
v -0.030253 -0.284453 -0.190137
v 0.258125 0.063148 -0.25555
v -0.15842 -0.065303 -0.25555
v 0.008979000000000003 0.048608 -0.25555
v 0.345395 -0.293508 -0.25555
v -0.038965 0.056772 -0.25555
v 0.040978 0.285162 -0.25555
v 0.1363 -0.4161 -0.25555
v 0.411787 0.281373 -0.201532
v -0.241808 0.190803 -0.072502
v -0.078505 0.482809 0.05535
v 0.192405 -0.140712 -0.132137
v -0.205554 0.264876 0.209761
v 0.110424 0.332521 -0.193434
v 0.269616 0.15874 -0.11988
v 0.030261 0.357584 0.007801
v 0.108228 0.183532 0.020543
v 0.21447 0.319928 -0.227473
v 0.4603 -0.233524 -0.211603
v 0.110473 0.34337 -0.011534
v -0.245393 -0.017681 0.102182
v 0.370972 0.080498 -0.062291
v 0.018876 -0.02512 0.035279
v -0.007238999999999999 -0.019791 0.084705
v -0.154811 -0.147195 -0.116137
v -0.220323 0.192613 -0.25555
v 0.382659 -0.17623 -0.201151
v 0.349507 -0.247619 -0.181805
v -0.258281 0.166758 -0.140827
v -0.259039 0.192893 0.144578
v 0.279093 0.31463 -0.227473
v 0.4603 0.217403 -0.207582
v -0.220412 0.255402 0.152035
v 0.22932 0.040534 0.03481
v -0.024837 -0.031957 -0.0028739999999999994
v 0.145338 -0.073236 -0.108331
v -0.311092 0.14434 0.076658
v -0.092054 -0.021256 0.071945
v -0.181508 -0.054919 -0.047304
v -0.239567 0.204727 0.048911
v -0.252837 0.193894 0.102149
v 0.017582 -0.030137 0.003283
v 0.149803 0.186952 -0.040827
v -0.4603 0.101825 0.128277
v -0.14049 0.4953 0.14062
v -0.284064 0.152918 -0.002621
v -0.211865 0.287579 0.17726
v 0.290807 -0.0006399999999999999 -0.118016
v -0.372587 0.131717 0.127516
v -0.379262 0.10455 -0.227481
v 0.252511 0.123602 -0.0029349999999999992
v -0.267521 0.192115 0.194081
v 0.279033 -0.236733 -0.161252
v 0.091378 -0.12168 -0.095543
v 0.281629 0.14607 -0.030188
v -0.13411 0.46298 -0.241511
v -0.081448 -0.204214 -0.25555
v -0.384045 0.111278 -0.056207
v -0.411411 0.13399 0.156664
v 0.026193 0.063106 0.245332
v -0.083687 -0.062653 -0.056893
v 0.164899 0.186535 0.118557
v -0.301681 0.146595 0.0503
v -0.32835 0.119105 -0.140157
v 0.432224 -0.076175 -0.25555
v 0.4603 0.123338 -0.160241
v 0.13516 -0.251722 -0.120592
v 0.325914 -0.332121 -0.160688
v -0.302676 0.159704 0.155748
v -0.320888 0.124577 -0.092415
v 0.228455 0.307358 -0.135051
v -0.252788 0.182109 -0.0033100000000000004
v 0.329859 -0.290268 -0.169217
v 0.201409 0.191844 -0.093917
v -0.213387 0.250799 -0.095613
v 0.0025999999999999986 0.364986 -0.150789
v 0.312731 0.238967 -0.25555
v 0.418432 0.167397 -0.25555
v -0.3192 0.1459 0.118751
v -0.4603 0.013605 0.126027
v -0.265859 0.175425 0.065758
v -0.015929 -0.110868 -0.091363
v -0.049947 -0.241201 -0.25555
v -0.319688 -0.030937 0.0006440000000000005
v -0.13113 0.4753 -0.010114
v -0.12345 -0.033266 -0.006781
v 0.375592 -0.357165 -0.167939
v -0.28612 0.143684 -0.108439
v -0.382067 0.107067 -0.130118
v -0.311541 0.133513 -0.028955
v 0.0026 0.428712 0.07689
v -0.010116 0.450557 -0.125442
v -0.019151999999999995 0.466539 -0.00991
v -0.4603 -0.005303 0.087731
v -0.246367 0.187836 -0.030002
v -0.013092 -0.262338 -0.25555
v 0.317244 -0.45485 -0.156391
v -0.153209 -0.151394 -0.211495
v -0.23781 -0.064404 -0.058258
v -0.4603 -0.010652 0.039606
v 0.002599999999999998 0.369896 -0.066395
v 0.084418 -0.350039 -0.25555
v 0.103857 0.191228 0.222743
v -0.18542 -0.00467 0.196242
v -0.164523 -0.027247 0.018502
v 0.0025999999999999994 0.40554 -0.241511
v -0.292951 -0.043688 -0.030273
v 0.4603 0.138709 -0.241511
v -0.036986 0.461391 -0.241511
v 0.0026 0.392265 0.129984
v -0.203546 0.432788 -0.24159
v 0.196244 0.161587 0.057473
v -0.343422 0.139505 0.13927
v -0.4603 -0.006165 -0.078965
v 0.242776 -0.219164 -0.25555
v -0.089233 -0.215159 -0.155789
v 0.063237 -0.03955 -0.022688
v -0.236351 0.215696 0.095829
v 0.170249 0.0002499999999999998 -0.031913
v 0.02934 -0.342085 -0.227346
v -0.053558 0.355671 0.193758
v -0.139292 0.287371 -0.25555
v -0.193258 -0.03007 0.0037689999999999998
v 0.056134 0.245378 0.18495
v 0.119457 0.09531 0.239655
v 0.217911 0.321074 -0.163974
v -0.41797 -0.034569 -0.05388
v 0.4603 -0.041898 -0.227736
v -0.219443 0.0004900000000000001 0.228005
v -0.4603 0.0010280000000000003 -0.241511
v 0.295668 0.042186 -0.25555
v -0.332349 -0.05704 -0.242191
v 0.4603 -0.435155 -0.227804
v -0.362855 0.064339 -0.25555
v -0.0032539999999999995 -0.290556 -0.127414
v -0.18436 -0.125272 -0.136031
v 0.27322 0.013825 -0.035716
v 0.353993 -0.477137 -0.25555
v -0.197633 -0.098594 -0.08544
v 0.064459 -0.060159 -0.25555
v -0.396166 -0.004582 0.196499
v 0.030846 -0.323301 -0.133196
v -0.061096 0.435259 -0.25555
v 0.43262 -0.366985 -0.172919
v -0.179346 0.403028 0.185404
v 0.117656 -0.403535 -0.147338
v 0.075735 0.223844 0.087427
v -0.4603 0.073897 0.229175
v 0.131437 -0.032424 -0.002908
v 0.137156 -0.382457 -0.25555
v -0.19836 0.473806 0.144989
v 0.272603 -0.431818 -0.152312
v -0.2215 0.234954 0.015934000000000004
v -0.389686 -0.032631 -0.004536000000000003
v 0.057261 -0.364362 -0.220127
v 0.286945 0.059693 -0.018614
v -0.330682 0.129862 0.02353
v -0.40737 0.138859 0.188033
v 0.392633 -0.286867 -0.183032
v 0.446261 0.078513 -0.25555
v 0.12361 0.061 0.231603
v -0.207 0.437687 0.16503
v 0.040637 -0.061503 -0.055014
v 0.177297 -0.063667 -0.135309
v 0.393034 -0.453216 -0.156085
v 0.4603 -0.01609 -0.167128
v -0.4603 0.084898 0.106474
v 0.012701 0.321356 0.199805
v 0.446566 0.123027 -0.25555
v 0.280925 -0.167544 -0.174245
v 0.078084 0.076925 0.242907
v -0.213095 0.272967 0.114233
v -0.024875 0.305315 0.202633
v 0.150311 0.176777 -0.017812000000000005
v -0.27966 0.144551 -0.25555
v 0.315644 0.067178 -0.25555
v 0.074167 0.051244 0.17616
v 0.323646 0.141765 -0.054408
v 0.083823 0.213294 0.189351
v 0.343903 0.153397 -0.150338
v 0.36057 0.153347 -0.071809
v 0.1473 0.143226 0.231209
v -0.240959 -0.090351 -0.126986
v 0.18072 0.193867 0.079415
v 0.241122 0.16572 0.0004390000000000021
v -0.100468 0.468702 -0.087527
v -0.232827 0.201143 -0.141821
v 0.245094 -0.00983 -0.091245
v -0.179817 0.414603 -0.25555
v -0.418994 -0.040009 -0.166357
v -0.19335 0.372794 -0.25555
v 0.008304999999999998 -0.00030000000000000035 0.223367
v -0.245976 0.178805 0.224931
v 0.093314 -0.03774 -0.018404
v -0.209693 0.292136 0.134322
v 0.407591 0.023456 -0.25555
v 0.396058 -0.147542 -0.208125
v -0.040411 0.443478 0.178272
v 0.079663 -0.379989 -0.184375
v -0.356227 0.018583 0.253193
v -0.371918 0.002859 0.242164
v -0.065984 0.00287 0.242162
v 0.136268 -0.196862 -0.110879
v -0.081415 0.019026 0.253114
v 0.37292 0.309643 -0.241511
v -0.446719 -0.039659 -0.230438
v -0.446261 0.045111 0.248506
v -0.44672 0.078388 -0.25555
v -0.4603 0.114071 0.236355
v 0.446264 0.1401 -0.085754
v 0.446733 0.033803 -0.067006
v -0.247583 -0.089368 -0.212335
v -0.045206 -0.2448 -0.119365
v 0.174536 -0.434147 -0.152748
v -0.446748 -0.006373 0.184949
v 0.212138 0.184416 -0.25555
v -0.207 0.32755 0.043709
v 0.41936 0.05031 -0.067456
v 0.157798 0.077091 0.161393
v 0.446263 -0.167155 -0.208765
v 0.190954 -0.413698 -0.25555
v 0.4603 -0.055684 -0.170667
v -0.02675 0.0006159999999999999 0.2289
v -0.207856 0.290878 0.019861
v -0.4603 0.012308 0.213354
v 0.23916 -0.28966 -0.25555
v 0.430106 -0.197199 -0.25555
v -0.291679 0.045289 0.248491
v -0.432221 0.103875 -0.206918
v 0.190867 0.013887 -0.035572
v 0.294726 -0.069221 -0.166622
v -0.108067 0.5 0.1683
v 0.378283 0.204419 -0.182354
v 0.34826 0.28369 -0.188915
v 0.079026 -0.3622 -0.140049
v -0.378985 0.12286 0.065497
v 0.399594 0.153545 -0.149391
v 0.4603 -0.293253 -0.241511
v -0.4603 0.033993 -0.213387
v -0.417374 0.084264 0.241607
v 0.447257 -0.499123 -0.188084
v 0.333656 -0.06566 -0.25555
v 0.446264 -0.026745 -0.150692
v 0.207929 0.169498 -0.058872
v -0.4603 -0.015612 -0.007458000000000001
v -0.150547 0.347688 0.19516
v 0.4603 0.074969 -0.088206
v -0.432221 0.109734 -0.068945
v -0.04082 0.188037 0.223306
v -0.275703 -0.02976 -0.25555
v -0.431197 0.0012040000000000002 -0.25555
v -0.212515 0.251408 -0.152763
v 0.149996 0.096867 0.197673
v 0.366201 -0.026463 -0.25555
v 0.4603 0.027782 -0.115694
v 0.323549 0.055336 -0.039135
v 0.264554 0.245763 -0.25555
v 0.186737 0.063225 0.090893
v 0.4603 -0.073838 -0.192608
v 0.17228 -0.028766 -0.028765
v 0.0026 0.435496 0.179678
v 0.256581 -0.332213 -0.25555
v 0.4603 -0.371826 -0.199993
v 0.318425 0.299802 -0.181702
v 0.053228 0.364127 0.093804
v 0.058098 -0.080124 -0.072768
v 0.360247 -0.491706 -0.18738
v 0.262013 0.304428 -0.155959
v -0.207 0.334856 -0.039999
v 0.080356 0.046752 0.150929
v 0.055501 -0.012043 0.14547
v -0.05099 0.495302 0.140637
v -0.148996 0.449646 -0.25555
v 0.141291 0.331398 -0.119939
v 0.373995 -0.018525 -0.142951
v 0.436856 0.150438 -0.166972
v -0.207 0.332941 -0.227471
v 0.317062 -0.102609 -0.198541
v 0.12425 0.204474 0.220412
v 0.318098 -0.00012300000000000033 -0.114834
v 0.055833 0.36208 0.168761
v 0.086228 0.022778 0.092499
v -0.375083 0.12717 0.095951
v 0.125368 0.215989 0.204516
v 0.399804 -0.001502 -0.122711
v -0.330647 0.151575 0.18911
v 0.026749 0.282644 0.206626
v -0.207 0.354041 0.153169
v -0.051684 -0.259418 -0.162688
v 0.4603 -0.1666 -0.25555
v 0.4603 0.014843 -0.215148
v 0.068202 0.059134 0.221172
v -0.12575 -0.092364 -0.081714
v -0.416861 0.125625 0.095868
v -0.104619 0.395506 -0.25555
v -0.059129 0.486173 0.170735
v 0.241606 0.063204 0.017992
v -0.207072 0.294694 -0.152282
v -0.154371 0.467966 0.173954
v 0.429642 0.30832 -0.25555
v 0.123813 0.054265 0.193338
v 0.383574 -0.073782 -0.192257
v 0.447205 -0.0005399999999999997 -0.117222
v 0.161345 0.325749 -0.213702
v -0.122592 0.328334 -0.25555
v 0.419752 -0.134329 -0.213073
v 0.233142 -0.431978 -0.25555
v 0.41184 0.137 -0.081637
v 0.389546 -0.372234 -0.25555
v 0.063093 0.351172 0.113579
v -0.363008 -0.000964 -0.25555
v -0.4603 -0.011037 -0.157881
v -0.053558 0.332589 -0.25555
v 0.183375 -0.055802 -0.090316
v 0.064186 0.310291 0.115445
v -0.216065 0.236559 -0.227465
v -0.379266 0.146959 0.230567
v 0.389942 -0.056935 -0.25555
v 0.327814 -0.445046 -0.25555
v -0.207 0.420345 -0.046849
v -0.116627 -0.183666 -0.135539
v 0.361774 0.035904 -0.051498
v 0.244499 0.277682 -0.140683
v 0.108417 -0.399559 -0.227471
v 0.13492 -0.042033 -0.027188
v 0.124667 0.232967 -0.01503
v 0.114542 -0.010286 0.04235
v 0.4603 0.144546 -0.126042
v 0.281206 -0.475062 -0.203446
v 0.120519 0.045505 0.143904
v -0.184637 0.167026 -0.25555
v 0.095984 0.199977 0.113932
v -0.207 0.340701 -0.141069
v -0.150653 0.046367 0.248297
v 0.139998 0.183659 0.021124
v 0.341103 -0.069716 -0.169354
v 0.0026 0.40012 0.10448
v 0.12129 -0.069443 -0.086879
v 0.178472 0.289272 -0.09004
v 0.086341 0.217217 0.059893
v -0.193592 0.454562 -0.078356
v 0.257611 -0.061455 -0.122444
v 0.259319 -0.46899 -0.242783
v 0.365428 -0.104375 -0.210584
v 0.00020700000000000015 0.427473 -0.225969
v 0.4603 -0.485828 -0.23131
v -0.18939 0.222748 -0.25555
v -0.447564 0.132548 0.14639
v -0.083439 0.463268 -0.214844
v -0.4603 0.109432 0.172991
v 0.4603 -0.204219 -0.241511
v 0.04278 0.346636 -0.099601
v 0.300885 0.003363999999999999 -0.095082
v 0.407019 -0.458317 -0.25555
v -0.420641 0.11276 -0.028011
v 0.093782 0.039354 0.10888
v 0.263078 -0.45702 -0.25555
v 0.066908 0.033621 0.148847
v 0.002599999999999998 0.39079 -0.187303
v 0.21418 0.258924 -0.115967
v -0.109797 -0.193044 -0.228929
v 0.08852 0.341695 -0.06908
v 0.254921 0.206435 -0.134466
v 0.220746 -0.082329 -0.160103
v 0.148064 -0.112976 -0.103695
v 0.4603 -0.116861 -0.243969
v 0.174814 0.248759 -0.079319
v 0.433797 0.002967 -0.097648
v 0.250717 0.179088 -0.25555
v 0.130598 0.190419 0.059839
v 0.002599999999999999 0.395093 -0.097531
v 0.21728 -0.054231 -0.081546
v 0.356044 0.259442 -0.25555
v -0.4603 0.092467 -0.168947
v 0.216926 -0.06532 -0.144303
v -0.447947 0.105298 -0.155067
v 0.252518 -0.041506 -0.090209
v 0.0543 0.034301 0.250423
v 0.266855 0.008196 -0.067744
v 0.447995 -0.131077 -0.25555
v 0.4603 -0.244748 -0.25555
v 0.151339 0.164384 0.17684
v 0.305847 -0.429189 -0.25555
v -0.369078 -0.0342 -0.25555
v 0.204717 -0.035728 -0.057424
v 0.435559 -0.485218 -0.161706
v 0.116302 0.030095 0.056306
v 0.339563 0.31135 -0.208497
v 0.4603 0.085995 -0.231561
v -0.436125 -0.037305 -0.125873
v 0.04326 0.378644 0.177267
v 0.011625 -0.31046 -0.25555
v -0.367088 -0.048642 -0.229482
v 0.097073 0.193168 0.075332
v 0.11492 -0.107973 -0.089765
v 0.16894 0.024356 0.023635
v 0.338427 -0.488526 -0.216195
v 0.4603 0.294199 -0.231715
v 0.086904 -0.058098 -0.051409
v -0.187327 -0.125471 -0.241614
v -0.096004 0.480107 0.033558
v -0.121632 0.199022 -0.25555
v 0.247218 -0.435688 -0.25555
v -0.260078 0.107322 -0.25555
v -0.194006 0.475714 0.115463
v 0.4603 0.123027 -0.241816
v -0.174893 -0.065467 -0.25555
v 0.403206 0.308838 -0.237832
v 0.141318 0.042553 0.126877
v 0.002599999999999998 0.364442 -0.132626
v 0.025497 -0.283401 -0.25555
v 0.0010599999999999997 0.432695 -0.036481
v 0.172075 0.191522 0.066088
v 0.074454 -0.37599 -0.1704
v -0.156749 -0.12715 -0.097366
v 0.411212 -0.189875 -0.202424
v 0.257711 0.275489 -0.148329
v -0.207 0.379979 -0.1583
v 0.286209 0.299887 -0.25555
v -0.003337000000000001 0.472235 0.158862
v -0.06038 0.475053 -0.012505
v 0.16757 0.237819 -0.069798
v -0.287324 -0.07199 -0.241512
v -0.363653 -0.047623 -0.150119
v 0.32349 -0.08988 -0.202688
v -0.207598 0.29961 0.049715
v -0.098985 0.380305 -0.25555
v -0.446261 0.118682 0.036043
v 0.340797 0.16552 -0.081617
v -0.209444 -0.065279 -0.059516
v 0.446261 0.184165 -0.25555
v 0.116023 -0.240209 -0.25555
v -0.294184 0.139592 -0.081896
v -0.207 0.334586 0.132923
v 0.409506 -0.03867 -0.145625
v -0.194252 0.27494 -0.25555
v -0.064645 -0.023085 0.054726
v -0.188709 0.465657 0.174354
v 0.294787 -0.477762 -0.160447
v 0.086603 0.256869 0.052309
v 0.380813 -0.412377 -0.159133
v -0.411666 0.0052 0.25555
v 0.0784 0.208693 0.082396
v -0.4603 0.037129 0.249912
v -0.017716 -0.008059 0.173582
v 0.310795 -0.060361 -0.116115
v -0.194245 0.314838 0.200946
v 0.104465 -0.250667 -0.120366
v -0.208631 0.274096 -0.117625
v 0.403721 0.295377 -0.203055
v -0.4603 0.073375 -0.046545
v -0.286556 0.174468 0.18308
v 0.085103 0.338466 0.041605
v -0.419817 -0.041275 -0.241511
v -0.344435 0.117244 -0.071379
v 0.237411 -0.26544 -0.13685
v 0.01857 0.346012 -0.25555
v 0.054796 0.146339 0.230666
v 0.343815 0.310683 -0.25555
v -0.004074000000000001 0.440449 -0.1509
v 0.016424 0.354689 -0.049
v -0.414202 0.117304 0.022126
v -0.033178 0.482786 0.073239
v 0.0006730000000000001 0.454597 0.126651
v 0.308719 -0.315746 -0.25555
v 0.19328 0.116915 -0.25555
v 0.179139 0.033874 -0.25555
v 0.27882 0.088107 -0.25555
v 0.184885 0.26076 -0.25555
v 0.375628 0.028898 -0.25555
v 0.364138 -0.424874 -0.25555
v -0.101824 -0.19875 -0.11125
v 0.215311 0.308986 -0.12573
v -0.22115 0.228302 -0.073683
v 0.151115 0.209946 0.170255
v -0.113108 -0.086048 -0.077544
v -0.415669 -0.022459 0.060551
v 0.336173 -0.0036769999999999997 -0.135215
v 0.05675 -0.06033 -0.05367
v 0.205468 0.043632 -0.25555
v 0.12096 0.271645 -0.25555
v -0.209125 0.071505 -0.25555
v 0.281693 0.20155 -0.25555
v 0.381151 -0.228389 -0.25555
v 0.235367 -0.360222 -0.25555
v -0.187428 0.474832 0.073147
v 0.175457 -0.182387 -0.112905
v -0.152513 -0.134194 -0.25555
v -0.072017 -0.108581 -0.090483
v -0.067597 0.411548 0.183897
v -0.415298 0.129479 0.1248
v -0.084678 -0.221628 -0.203776
v 0.057351 0.299724 0.160933
v -0.077311 -0.228198 -0.130523
v 0.382833 0.230384 -0.187926
v -0.373891 -0.046393 -0.176237
v -0.146873 -0.017148 0.106335
v -0.205466 0.439709 0.031852
v 0.016425 0.348515 -0.150106
v -0.194665 0.446598 -0.241553
v -0.395536 -0.040984 -0.122212
v -0.397267 0.106097 -0.135671
v -0.207766 0.284827 -0.070197
v -0.190572 -0.021666 0.06778
v -0.264643 0.167458 -0.02411
v -0.386683 0.089973 -0.25555
v 0.230339 0.11818 0.020065
v 0.352981 -0.152385 -0.25555
v -0.102779 0.309744 -0.25555
v 0.085086 0.339362 -0.111769
v -0.212391 -0.104552 -0.088522
v 0.010754 -0.142891 -0.101279
v -0.4603 0.08681 -0.0018970000000000002
v 0.078175 -0.292864 -0.127823
v 0.4603 0.067226 -0.191776
v 0.166926 -0.362508 -0.140096
v -0.193952 0.116196 0.235986
v -0.334346 0.084265 0.241609
v -0.053558 0.339706 0.19657
v -0.4603 0.089744 -0.214809
v 0.446264 -0.327172 -0.180518
v -0.240148 0.205669 0.220201
v 0.4603 0.093964 -0.154845
v -0.238686 -0.093422 -0.187021
v -0.206213 -0.025857 0.028063
v -0.298088 0.152417 0.081993
v -7.79999999999993e-05 0.444189 0.020822
v 0.0026 0.377157 0.013872
v 0.264896 0.068835 -0.003839
v 0.3597 0.092043 -0.060723
v -0.432221 0.108666 -0.085121
v -0.418235 -0.040511 -0.182566
v 0.197304 0.080731 0.069998
v -0.07946 -0.226757 -0.161513
v 0.155953 0.138477 0.157902
v -0.00020899999999999912 -0.315034 -0.19135
v 0.309868 0.284398 -0.25555
v 0.177149 0.325748 -0.151549
v 0.432245 0.228008 -0.194081
v 0.133689 -0.051112 -0.063582
v -0.081636 0.116195 0.235979
v -0.3889 -0.025938 0.027219
v 0.048305 -0.299885 -0.25555
v -0.324585 0.019027 0.253116
v 0.333957 0.005573 -0.08258
v -0.134229 -0.167802 -0.191104
v 0.120841 0.056999 0.209038
v 0.054405 -0.116542 -0.25555
v -0.338824 -0.052706 -0.129874
v 0.4603 0.006747 -0.227478
v 0.4603 -0.354098 -0.25555
v -0.177489 0.332082 -0.25555
v 0.016355 0.358844 0.1932
v -0.095676 0.267864 0.209241
v -0.207234 0.302759 0.008849
v -0.293627 -0.068244 -0.163612
v -0.026054 -0.287622 -0.141021
v 0.016426 0.375981 0.132507
v -0.334924 -0.049331 -0.051848
v 0.154368 -0.425402 -0.208501
v 0.231606 -0.390529 -0.145058
v -0.4603 0.09418 -0.092402
v 0.4603 0.100131 -0.079039
v 0.295882 0.16652 -0.075827
v -0.273453 -0.017549 0.103288
v 0.237154 0.1703 -0.05438
v -0.115592 -0.006311 0.185466
v 0.328431 -0.359785 -0.156591
v -0.317713 -0.060479 -0.18388
v -0.095377 0.471078 -0.056243
v -0.011439 0.395583 0.186714
v 0.19034 0.312543 -0.105358
v -0.055881 0.46475 -0.161279
v 0.158044 0.32584 -0.241511
v -0.319432 0.12194 -0.16663
v 0.360151 -0.191488 -0.194148
v 0.200008 -0.279792 -0.125503
v 0.258563 0.021832 0.00963
v 0.055745 -0.017836 0.100976
v 0.41171 -0.496956 -0.163826
v 0.044121 0.342741 -0.182436
v 0.142434 0.321394 -0.055255
v -0.074119 -0.155241 -0.103542
v -0.262277 -0.078687 -0.101148
v -0.344561 -0.020114 0.081932
v -0.266865 -0.065375 -0.25555
v 0.008688 -0.190723 -0.109828
v 0.199512 -0.33504 -0.135267
v 0.4603 -0.270978 -0.190757
v 0.367172 -0.462627 -0.25555
v -0.315861 -0.018332 0.09691
v -0.212227 0.248906 0.212576
v -0.116173 0.486174 0.170741
v 0.063206 0.176822 0.225287
v -0.113838 0.00279 0.241719
v 0.264192 -0.36306 -0.140237
v 0.4603 -0.109764 -0.25555
v 0.4603 0.200377 -0.241511
v -0.13411 0.448881 -0.25555
v -0.4603 -0.0395 -0.25555
v 0.4603 -0.301359 -0.25555
v 0.4603 -0.483789 -0.25555
v 0.4603 -0.378415 -0.241511
v -0.332143 -0.024553 0.041119
v -0.395654 -0.044004 -0.25555
v 0.24896 -0.334827 -0.13525
v 0.371724 -0.28375 -0.25555
v 0.144416 0.16796 -0.25555
v 0.288136 -0.098619 -0.25555
v 0.223179 -0.286939 -0.25555
v 0.307799 -0.272865 -0.25555
v 0.105899 0.231485 -0.25555
v -0.0615 0.117575 -0.25555
v 0.071063 0.123485 -0.25555
v 0.021279 0.217411 -0.25555
v -0.009875 -0.062114 -0.25555
v 0.030483 -0.211401 -0.25555
v 0.19593 -0.253816 -0.25555
v 0.020247 0.01820600000000001 -0.25555
v 0.073016 0.279809 -0.25555
v -0.058739 -0.011069 -0.25555
v -0.076561 0.077415 -0.25555
v -0.026665 0.225575 -0.25555
v -0.0004479999999999993 -0.006752999999999999 -0.25555
v -0.054835 0.30158 -0.25555
v -0.062309 0.402543 -0.25555
v 0.03634 0.257571 -0.25555
v 0.026801 -0.039875999999999995 -0.25555
v -0.208205 0.028624 -0.25555
v 0.145225 -0.117008 -0.25555
v 0.215704 -0.185975 -0.25555
v 0.109469 -0.182127 -0.25555
v 0.179028 -0.208213 -0.25555
v -0.096336 0.009575 -0.25555
v -0.139566 0.045419 -0.25555
v -0.097256 0.052456 -0.25555
v -0.154627 0.005259 -0.25555
v 0.23559 0.123952 -0.25555
v 0.147065 -0.20277 -0.25555
v 0.118896 -0.126766 -0.25555
v 0.069223 0.209247 -0.25555
v 0.145336 0.125079 -0.25555
v -0.101049 -0.018106 -0.25555
v 0.098201 -0.151725 -0.25555
v 0.263648 -0.194139 -0.25555
v 0.146145 -0.159889 -0.25555
v -0.037933 0.255977 -0.25555
v -0.11968 0.355346 -0.25555
v 0.351029 -0.308709 -0.25555
v 0.347236 -0.379271 -0.25555
v 0.387928 0.197702 -0.25555
v 0.335968 -0.348869 -0.25555
v 0.277677 -0.353185 -0.25555
v -0.109715 0.052336 0.247245
v 0.16709 -0.334854 -0.13523
v 0.4603 -0.419931 -0.193005
v -0.123771 0.4806 0.037704
v -0.119321 -0.183216 -0.25555
v -0.153321 0.470454 -0.063899
v 0.016431 0.347395 -0.182541
v 0.399382 -0.438886 -0.157227
v 0.358322 -0.427644 -0.1521
v 0.407545 0.004972 -0.086063
v -0.289092 -0.022146 0.063615
v -0.14168 0.464747 -0.161341
v 0.29801 -0.194421 -0.17592
v -0.053149 0.480314 0.035299
v -0.242178 -0.006706 0.182424
v -0.364613 0.000494 0.228103
v 0.072529 0.323058 -0.25555
v -0.355692 -0.010744 0.154782
v -0.081637 0.387601 0.188124
v -0.207 0.408564 0.139719
v -0.207 0.33851 0.090211
v 0.296283 0.105257 -0.03283
v 0.21783 -0.452862 -0.156044
v -0.006593999999999998 -0.017878 0.10079
v 0.150092 0.021867 0.00966
v 0.28009 -0.333908 -0.144558
v 0.414241 -0.340615 -0.176167
v 0.002339999999999999 0.417142 -0.201528
v -0.032713 -0.011428 0.150083
v 0.056151 0.326133 0.170468
v 0.021682 -0.21524 -0.114131
v 0.0026000000000000003 0.41217 -0.136876
v -0.4603 -0.031988 -0.044982
v 0.075723 -0.265444 -0.122968
v -0.20675 0.428145 -0.015381
v -0.074475 -0.010101 0.159769
v -0.095676 0.427514 0.181091
v -0.137794 0.180054 0.224714
v -0.23607 0.092246 0.240195
v 0.067812 0.30484 0.100615
v -0.046067 -0.156444 -0.103758
v 0.206947 -0.237934 -0.124405
v 0.180167 0.063335 -0.25555
v 0.288263 -0.404684 -0.147535
v -0.240949 0.185801 -0.241513
v 0.431907 0.276249 -0.25555
v 0.240737 0.252965 -0.133813
v -0.4603 0.053014 -0.130954
v -0.4603 0.059688 0.065485
v -0.4603 0.043483 -0.172773
v -0.4603 0.035861 0.080341
v 0.4603 0.161193 -0.106216
v -0.039518 0.092247 0.240199
v -0.178092 0.462208 -0.129351
v 0.4603 -0.45163 -0.187131
v 0.120095 0.333312 -0.135797
v -0.137794 0.243914 0.21345
v 0.072246 0.339845 -0.141537
v -0.095676 0.299792 0.203601
v 0.078818 0.278111 0.068939
v 0.094711 -0.390906 -0.25555
v -0.252807 -0.081609 -0.074268
v 0.432237 -0.414881 -0.164472
v 0.354846 -0.478044 -0.160504
v 0.110826 -0.023488 0.050993
v -0.343273 -0.016188 0.114091
v 0.041536 -0.084831 -0.076431
v -0.187352 -0.011649 0.148151
v -0.306267 0.068301 0.244433
v -0.25638 0.169605 -0.124981
v -0.03877 -0.275241 -0.200403
v -0.087676 -0.176174 -0.25555
v -0.166804 -0.139943 -0.189819
v 0.254965 0.160539 -0.109658
v 0.171576 0.159489 0.105693
v -0.207 0.369654 0.099226
v -0.207 0.385267 0.045282
v -0.207 0.404722 0.065529
v -0.054932 0.469918 -0.070473
v -0.262324 -0.025634 0.030284
v -0.109715 0.100229 0.23879
v 0.126644 -0.320792 -0.132766
v 0.311436 0.312373 -0.25555
v 0.014131000000000001 -0.071422 -0.065362
v 0.009049 -0.012736 0.140394
v 0.117991 0.304852 -0.017337
v 0.095628 0.121518 0.235039
v 0.175933 -0.210468 -0.113299
v -0.249876 -0.034196 -0.009766
v 0.324789 -0.234983 -0.177598
v -0.207 0.410951 -0.148708
v 0.263912 0.217754 -0.141806
v -0.316479 0.000458 0.227875
v -0.385681 -0.017015 0.107719
v -0.272166 -0.013401 0.135419
v 0.341842 -0.164681 -0.194528
v -0.4603 0.123219 0.076316
v -0.077345 0.466469 -0.124185
v -0.023659 0.47605 0.047717
v 0.123375 0.325981 -0.029404
v -0.278188 0.116196 0.235987
v -0.270652 0.165934 0.018331
v 0.057574 0.268455 0.16453
v -0.049001 -0.018668 0.094417
v -0.307926 0.152944 0.229495
v -0.4603 0.104233 -0.190711
v -0.207087 0.292412 -0.241511
v -0.055302 -0.256422 -0.227471
v -0.168933 0.47659 0.020279
v 0.4603 -0.223083 -0.199202
v -0.095676 0.347687 0.195158
v -0.067597 0.156107 0.228938
v -0.095676 0.235933 0.21487
v -0.165873 0.116194 0.235977
v -0.137794 0.3876 0.188119
v 0.107892 0.317971 -0.25555
v 0.194518 -0.444597 -0.227472
v -0.340698 -0.007346 0.178277
v 0.250623 0.273717 -0.25555
v 0.446263 -0.135223 -0.214386
v -0.373262 -0.021761 0.066939
v -0.149127 0.483112 0.057753
v -0.313285 -0.009873 0.161148
v -0.202986 -0.016901 0.108557
v 0.227546 0.020201 0.00036899999999999954
v -0.320969 0.142981 0.102907
v -0.4603 0.071125 0.163429
v -0.4603 0.03395499999999999 0.024216
v -0.4603 0.031095 -0.059972
v -0.256201 0.203539 0.19207
v -0.207 0.38603 -0.068242
v 0.446263 -0.183119 -0.205941
v 0.344747 0.012939 -0.041161
v -0.095676 0.172073 0.226128
v -0.251593 0.173258 -0.166797
v -0.0148 0.458512 -0.06774
v 0.143183 -0.26558 -0.123046
v 0.123368 -0.407321 -0.162029
v 0.241661 -0.462715 -0.202034
v 0.066172 -0.161179 -0.104572
v -0.207 0.381302 0.146444
v 0.044558 -0.004399000000000001 0.197848
v 0.401037 0.081538 -0.25555
v 0.15454 -0.303734 -0.25555
v 0.155461 -0.346615 -0.25555
v -0.085877 0.264141 -0.25555
v 0.106819 0.188604 -0.25555
v -0.024015 -0.145155 -0.25555
v 0.206389 0.000751 -0.25555
v -0.018159 0.323817 -0.25555
v 0.06635 0.095804 -0.25555
v -0.126457 -0.070745 -0.25555
v -0.163022 0.149104 -0.25555
v 0.186503 -0.309176 -0.25555
v -0.1329 0.229424 -0.25555
v 0.197771 -0.339578 -0.25555
v 0.304926 -0.386308 -0.25555
v 0.400814 -0.402636 -0.25555
v -0.130139 0.10078 -0.25555
v 0.070143 0.166366 -0.25555
v 0.306878 -0.229984 -0.25555
v 0.142575 0.253723 -0.25555
v 0.10774 0.145723 -0.25555
v 0.198691 -0.382459 -0.25555
v 0.033467 0.144128 -0.25555
v 0.069 -0.274926 -0.25555
v -0.088861 -0.091389 -0.25555
v 0.222481 0.240116 -0.25555
v 0.262616 -0.393345 -0.25555
v 0.09544 -0.023081 -0.25555
v -0.008954 -0.104995 -0.25555
v 0.013693 0.076288 -0.25555
v -0.167736 0.121423 -0.25555
v -0.0738 -0.051229 -0.25555
v -0.034251 0.084452 -0.25555
v -0.177162 0.066063 -0.25555
v 0.127291 -0.270611 -0.25555
v -0.220393 0.101907 -0.25555
v -0.051264 -0.112032 -0.25555
v 0.25146 -0.120856 -0.25555
v -0.070007 0.019333 -0.25555
v 0.276868 -0.068217 -0.25555
v 0.135909 0.069718 -0.25555
v 0.176267 -0.079569 -0.25555
v 0.234558 -0.075254 -0.25555
v 0.084061 -0.234766 -0.25555
v -0.20165 -0.029458 -0.25555
v -0.324787 0.019993 -0.25555
v 0.338952 0.00666 -0.25555
v 0.13775 -0.016044 -0.25555
v 0.068191 0.010042 -0.25555
v -0.223266 -0.011536 -0.25555
v 0.201675 -0.02693 -0.25555
v -0.074609 0.233739 -0.25555
v -0.186589 0.010702 -0.25555
v -0.062421 0.160456 -0.25555
v 0.022198999999999997 0.17453 -0.25555
v -0.04736 0.200616 -0.25555
v 0.029563 -0.16852 -0.25555
v 0.06727 0.052923 -0.25555
v 0.348379 0.062021 -0.25555
v 0.239272 -0.047573 -0.25555
v -0.261782 0.051989 -0.25555
v -0.127378 -0.027864 -0.25555
v 0.128323 -0.071405 -0.25555
v -0.030458 0.155014 -0.25555
v -0.115078 0.14094 -0.25555
v 0.149129 0.195641 -0.25555
v 0.289977 -0.184381 -0.25555
v 0.192359 0.159796 -0.25555
v -0.08967 0.193579 -0.25555
v -0.01919 0.124612 -0.25555
v 0.378501 0.142341 -0.25555
v 0.246746 -0.148537 -0.25555
v -0.055978 -0.139713 -0.25555
v 0.220529 0.083792 -0.25555
v 0.041751 -0.241803 -0.25555
v 0.352061 -0.109504 -0.25555
v 0.197073 0.187477 -0.25555
v 0.067159 -0.189164 -0.25555
v 0.084283 0.249407 -0.25555
v 0.188455 -0.152852 -0.25555
v 0.101883 -0.32325 -0.25555
v -0.09535 0.463755 -0.192065
v 0.0038600000000000006 -0.317123 -0.132077
v -0.159295 -0.01189 0.147059
v 0.087782 -0.018419 0.09606
v -0.302203 -0.062476 -0.099413
v 0.214038 -0.154592 -0.143433
v 0.022677 0.19065 0.222857
v -0.243336 0.187669 -0.088334
v 0.167582 -0.251899 -0.120604
v -0.325704 -0.003746 0.201742
v -0.017941 0.454681 -0.176738
v -0.137794 0.148125 0.230352
v -0.090763 -0.017406 0.104113
v -0.294493 0.146557 0.008034
v 0.418182 -0.362204 -0.25555
v 0.4603 -0.033792 -0.241511
v 0.4603 0.047286 -0.241511
v 0.0026000000000000003 0.365011 -0.25555
v 0.4603 -0.07616 -0.25555
v 0.161454 0.30368 -0.074957
v 0.406437 -0.257882 -0.189933
v 0.334235 0.100087 -0.052066
v -0.143657 -0.006146 0.186582
v 0.371865 0.191102 -0.178657
v 0.192952 0.108399 0.072022
v -0.012655999999999999 -0.302348 -0.169611
v -0.4603 0.110878 -0.052774
v 0.430206 0.227226 -0.25555
v -0.208415 0.272832 -0.189157
v -0.009632 0.46815 0.070761
v -0.207 0.431503 0.10366
v -0.207991 0.060318 0.245836
v -0.179913 0.172073 0.226131
v 0.139203 0.329788 -0.161751
v -0.381475 0.120981 0.049589
v -0.162472 0.002787 0.24172
v -0.086889 -0.004017 0.200371
v 0.056648 0.346235 -0.07292
v 0.290229 -0.278033 -0.158405
v 0.09216 -0.210193 -0.11329
v 0.341825 0.120103 -0.25555
v 0.270314 -0.010135 -0.25555
v 0.063477 -0.017639 -0.25555
v 0.147177 0.039316 -0.25555
v -0.281557 -0.015851 -0.25555
v -0.017461 -0.203237 -0.25555
v 0.293881 0.128267 -0.25555
v 0.401846 -0.20343 -0.25555
v 0.353902 -0.195266 -0.25555
v -0.00164 0.232126 0.215532
v -0.210829 0.276442 0.072154
v -0.09214 -0.213267 -0.241511
v 0.176871 -0.112844 -0.126368
v 0.043413 -0.353281 -0.19836
v 0.092786 0.29393 0.031614
v 0.167418 0.114681 0.124138
v -0.259312 0.169717 -0.066606
v -0.261035 -0.022262 0.062506
v -0.390326 -0.037768 -0.053405
v 0.078507 -0.02322 0.053483
v -0.207 0.390747 -0.110869
v -0.221557 -0.071163 -0.25555
v 0.373438 -0.162911 -0.201767
v -0.157963 0.239068 -0.25555
v -0.023182 0.488555 0.137033
v 0.283024 0.198273 -0.148411
v -0.240824 0.201255 0.033125
v -0.287075 -0.071815 -0.21167
v 0.371177 0.006665999999999999 -0.076539
v 0.136489 0.252431 -0.035393
v 0.030258 0.363582 0.060472
v 0.209932 0.171875 0.035441
v -0.266029 -0.063333 -0.057445
v -0.330837 -0.052711 -0.08773
v -0.228472 0.242719 0.185155
v -0.041953 -0.069891 -0.063611
v -0.065935 -0.026599 0.02252
v -0.207536 0.291999 -0.038579
v -0.213477 -0.004505 0.197347
v -0.207 0.324088 -0.087425
v 0.211785 -0.126829 -0.146969
v -0.244753 -0.015668 0.118254
v 0.248698 0.007788 -0.25555
v 0.010986 -0.0057870000000000005 0.188489
v -0.239204 0.19101 -0.130892
v -0.008533 -0.023312 0.052504
v 0.104055 0.333107 -0.208329
v 0.4603 0.044814 -0.168347
v -0.133814 -0.020151 0.081659
v 0.294114 -0.23623 -0.167181
v -0.126006 0.463102 -0.227473
v 0.288348 -0.477374 -0.241511
v 0.4603 -0.308188 -0.21277
v 0.4603 -0.005953 -0.197783
v -0.355308 0.108505 -0.241513
v -0.27246 0.174763 0.108101
v 0.143466 -0.419889 -0.241511
v -0.167127 -0.050693 -0.041128
v 0.332211 0.179203 -0.165473
v 0.35205 -0.275255 -0.177556
v 0.241051 -0.223737 -0.146182
v -0.363935 0.116681 -0.018724
v 0.313224 -0.016088 -0.124819
v 0.419807 -0.092943 -0.220389
v 0.4603 0.201439 -0.204777
v -0.2927 0.136822 -0.155975
v -0.092701 -0.022965 0.05584
v -0.243649 0.206373 0.1069
v 0.30649 0.248161 -0.16781
v 0.1892 0.193684 -0.083436
v -0.346455 -0.053066 -0.21362
v -0.024175 -0.028164 0.012867
v -0.295283 0.133755 -0.214291
v 0.068772 0.214082 0.112906
v 0.0026 0.446557 0.149236
v 0.01252 0.054586 0.246837
v -0.268351 0.185242 0.155408
v 0.108254 0.211179 0.015674
v 0.030253 0.355968 -0.008363
v 0.16762 0.199033 0.10861
v -0.070011 -0.069074 -0.062784
v 0.363929 0.282926 -0.192993
v 0.166053 0.197637 -0.06108
v -0.333424 -0.028727 0.009003999999999998
v -0.088146 0.475482 -0.008352
v 0.031934 -0.028985 0.010758
v 0.012109 -0.111949 -0.091801
v -0.216087 0.272174 0.179966
v -0.122689 -0.028811 0.008749
v 0.218721 0.042658 0.046886
v -0.289875 0.144636 -0.050164
v 0.277573 -0.087124 -0.187018
v -0.218768 0.228932 -0.241511
v -0.067941 -0.040564 -0.023806999999999995
v -0.251254 0.185344 0.012485
v 0.057165 0.225089 0.175675
v 0.307945 -0.305145 -0.159925
v 0.275082 0.160732 -0.028003
v 0.218873 -0.007044 -0.073578
v -0.275422 0.168036 0.076522
v 0.004371 0.262981 -0.25555
v 0.357172 -0.330541 -0.169029
v 0.009065 0.290716 -0.25555
v -0.338707 0.131564 0.065596
v -0.030984 -0.133262 -0.098928
v 0.4603 0.169511 -0.199069
v 0.428058 0.054812 -0.25555
v -0.143766 0.476337 -7.10000000000001e-05
v 0.351665 -0.048913 -0.132015
v -0.075821 0.484963 0.071747
v 0.400797 -0.369374 -0.169572
v -0.207 0.358091 -0.006454
v -0.316178 0.128896 -0.060629
v -0.110408 -0.04321 -0.029612
v 0.0026 0.429443 0.044562
v -0.364304 0.110439 -0.108714
v 0.047121 -0.040412 -0.023679
v -0.14273 -0.15777 -0.118022
v -0.432237 -0.009753 0.161797
v -0.009587999999999996 0.457682 -0.019457
v 0.255347 0.13866 -0.008061999999999996
v -0.317436 0.148908 0.134525
v -0.175917 0.470238 -0.027592
v 0.201061 -0.446855 -0.185871
v 0.068835 0.0022869999999999995 0.147147
v 0.157815 0.049472 0.166349
v -0.022894 -0.292809 -0.227487
v -0.238852 0.197146 -0.040844
v -0.4603 0.014243 0.228566
v -0.204169 0.433733 -0.112324
v 0.002599999999999997 0.368662 -0.082491
v -0.21526 0.246363 -0.053062
v 0.057311 0.027375999999999998 0.202437
v -0.4603 -0.023667 0.049106
v -0.151293 -0.032927 -0.005646
v -0.4603 -0.037893 -0.158301
v 0.119393 -0.372076 -0.141796
v -0.154941 -0.150126 -0.227471
v 0.005478000000000002 -0.270506 -0.123906
v -0.30115 0.132856 -0.129471
v -0.4603 0.0006869999999999992 0.13578
v -0.052869 0.492749 0.12482
v 0.0025999999999999994 0.363427 -0.199136
v 0.0026 0.383231 0.066173
v 0.154454 -0.057509 -0.100161
v 0.104846 -0.075106 -0.068999
v -0.4603 -0.013758 0.00754
v -0.171069 -0.00349 0.203691
v -0.179058 0.386993 0.188233
v -0.163803 -0.02521 0.034447
v -0.306694 -0.039889 -0.022544
v 0.097911 -0.358788 -0.25555
v -0.4603 0.029321 0.122629
v 0.341569 0.15614 -0.134675
v 0.367735 0.138963 -0.071565
v -0.446264 -0.033898 -0.069227
v -0.023281 0.466266 -0.042134
v 0.133261 0.135244 0.232617
v -0.355999 0.137785 0.149343
v -0.4603 -0.019577 -0.070143
v 0.032474 -0.343115 -0.150725
v 0.232606 -0.231578 -0.25555
v 0.4603 -0.0001420000000000002 -0.16891
v -0.377781 0.119546 0.23539
v 0.193559 -0.003563 -0.053611
v 0.395385 0.17613 -0.18064
v -0.348922 0.032626 0.250721
v 0.224567 -0.456796 -0.227689
v -0.208675 -0.04507 -0.032804
v 0.002599999999999999 0.384377 -0.059526
v 0.042545 0.341948 -0.241511
v -0.193726 -0.034777 -0.011536
v 0.4603 0.127265 -0.112076
v 0.301641 0.31342 -0.207479
v 0.018256 -0.138346 -0.25555
v -0.077233 0.435002 -0.25555
v -0.432471 0.125191 0.092408
v -0.165746 0.227734 0.216312
v -0.231832 0.218158 0.053663
v -0.166215 0.461906 -0.21354
v -0.151674 0.316029 0.200736
v 0.264514 -0.237338 -0.25555
v 0.069726 -0.356685 -0.25555
v 0.4603 -0.442548 -0.2137
v 0.436669 -0.076897 -0.209999
v 0.28704 0.012473 -0.043488
v -0.16376 -0.092024 -0.25555
v -0.168186 -0.088717 -0.079028
v -0.410328 0.0488 -0.25555
v -0.185426 0.455313 -0.176668
v -0.284862 0.071724 -0.25555
v 0.446263 -0.375076 -0.172123
v 0.077199 0.251669 0.078244
v -0.432025 -0.027216 0.017223
v -0.404516 0.114794 -0.004465
v 0.418431 -0.248771 -0.25555
v 0.12283 -0.375669 -0.25555
v -0.44647 0.047123 -0.25555
v -0.217227 0.245933 0.005335000000000002
v 0.303019 -0.447977 -0.15519
v 0.383951 -0.115374 -0.25555
v 0.307393 -0.467748 -0.25555
v 0.214548 0.177136 -0.015573
v 0.344137 -0.250347 -0.25555
v -0.179143 0.36498 -0.25555
v -0.375806 -0.030341 0.0027039999999999963
v 0.429828 0.100972 -0.077628
v 0.074601 -0.377236 -0.241511
v -0.218601 0.250299 0.078756
v 0.279197 0.03171 -0.008348
v -0.346741 0.122575 0.002667000000000001
v -0.036861 0.461669 -0.21404
v -0.207 0.443336 0.150296
v 0.071822 0.329387 0.081517
v -0.207 0.432138 0.180262
v 0.418386 -0.069712 -0.169336
v 0.08624 0.091025 0.24042
v -0.207 0.355491 -0.213126
v -0.039518 0.299794 0.203614
v -0.210208 0.284159 0.103638
v 0.123938 0.183513 0.020423
v 0.141493 0.179046 -0.005072000000000003
v 0.079417 0.215901 0.204137
v -0.020964 0.459273 -0.118296
v 0.214137 0.162467 -0.098928
v 0.235906 0.152808 0.008036
v -0.209141 0.30076 0.165141
v 0.046873 -0.023576 0.050305
v -0.27634 0.129312 -0.25555
v -0.17455 -0.131995 -0.126569
v 0.241599 0.176152 -0.021355
v 0.4603 0.138633 -0.155354
v -0.112876 0.469372 -0.078136
v 0.418496 -0.498296 -0.205665
v -0.095667 0.492577 0.123726
v 0.016431 0.371232 0.100402
v 0.035024 -0.306741 -0.130251
v -0.417967 -0.033474 -0.038363
v -0.012766 0.065769 -0.25555
v 0.227544 0.215528 -0.118232
v -0.4603 0.114459 0.118386
v -0.4603 0.119001 0.221632
v 0.017268 -0.331595 -0.228532
v 0.088233 -0.028963 0.008299
v -0.241336 -0.001852 0.213741
v -0.207877 0.303459 0.123907
v 0.420233 0.150605 -0.25555
v -0.446695 0.136883 0.175481
v -0.227839 0.209202 -0.168006
v 0.12747 -0.181661 -0.108195
v 0.435197 0.161525 -0.18254
v 0.417551 -0.298328 -0.183956
v -0.446264 -0.039537 -0.215019
v 0.05539 0.24067 0.200243
v -0.435188 0.1437 0.217336
v 0.446723 0.283822 -0.204689
v -0.435188 0.1035 -0.24197
v 0.435192 -0.499462 -0.24197
v 0.427934 0.164272 -0.088565
v -0.039729 0.447562 -0.25555
v 0.436013 0.023046 -0.064425
v 0.201383 -0.43105 -0.152208
v 0.418964 -0.292394 -0.25555
v 0.391744 -0.071643 -0.180327
v 0.189859 0.269832 -0.097408
v 0.241449 -0.098987 -0.168316
v 0.409108 0.061732 -0.067886
v 0.0026 0.410076 0.170425
v 0.4603 0.282879 -0.242032
v -0.211814 0.268786 0.040667
v -0.4603 0.0076 0.183122
v 0.304271 0.055596 -0.25555
v 0.393794 -0.496578 -0.229842
v 0.177689 -0.406102 -0.25555
v 0.102658 0.31915 0.007008
v 0.057267 -0.327755 -0.133998
v 0.246763 0.317039 -0.228594
v 0.297528 -0.072036 -0.18222
v -0.210966 0.157268 -0.25555
v -0.207 0.339349 0.032591
v 0.087371 -0.044516 -0.031816
v 0.148321 0.200325 0.196471
v -0.128708 -0.172073 -0.149944
v 0.077136 -0.377065 -0.142674
v 0.371262 0.163773 -0.09153
v 0.080617 0.024681 0.106501
v -0.404543 0.076282 0.243018
v -0.419029 0.045901 0.248372
v -0.042968 0.0052 0.25555
v -0.348902 0.0052 0.25555
v 0.418893 -0.229787 -0.196174
v -0.081637 0.451462 0.176871
v -0.4603 0.006428 -0.101905
v -0.4603 0.016151 -0.242139
v 0.44689 -0.189099 -0.25555
v -0.221398 0.16301 0.227727
v -0.446895 0.091206 0.24039
v 0.071605 0.350365 0.0022979999999999997
v 0.435983 -0.051331 -0.14588
v 0.325953 0.271353 -0.179414
v -0.4603 0.088884 0.227197
v -0.165635 0.346878 0.195299
v 0.16781 0.071111 0.130903
v -0.403099 0.108152 -0.094043
v 0.376171 -0.453061 -0.156045
v -0.382509 -0.003608 0.202867
v -0.025957 0.190649 0.222851
v -0.048804 -0.219136 -0.114858
v -0.348317 0.068371 -0.25555
v -0.265139 0.162804 0.227757
v 0.4603 -0.041665 -0.176205
v -0.446261 0.0010280000000000003 -0.25555
v -0.211686 0.255279 -0.138228
v -0.358736 0.147754 0.216833
v 0.148526 0.106422 0.209224
v -0.124279 0.495519 0.141949
v 0.133172 -0.221059 -0.115174
v 0.403715 0.269062 -0.198379
v -0.325708 -0.058995 -0.25555
v 0.337217 0.054953 -0.045387
v 0.273223 0.258012 -0.25555
v 0.190808 0.049595 0.086119
v -0.187263 0.485586 0.143894
v 0.214885 0.320444 -0.196242
v 0.229284 0.011274 -0.050311
v 0.028732 0.018315 0.253237
v 0.304523 0.300143 -0.176172
v -0.164401 0.403566 0.185308
v 0.268005 0.316963 -0.161454
v -0.132004 0.466984 -0.115031
v -0.155805 0.491106 0.114339
v 0.039991 -0.011421 0.150146
v -0.194894 0.019026 0.253114
v 0.1533 0.3304 -0.111176
v 0.202073 -0.113116 -0.25555
v -0.020177999999999998 -0.254192 -0.120988
v 0.292098 -0.066717 -0.152204
v -0.207 0.316728 -0.22747
v 0.187973 0.165443 0.07076
v 0.4603 -0.257865 -0.220961
v -0.148542 0.273981 -0.25555
v 0.134381 0.213926 0.192958
v -0.4603 0.048124 0.204744
v -0.207 0.361111 -0.047433
v 0.27156 0.144932 -0.25555
v -0.4603 0.054883 -0.229143
v 0.387346 0.269298 -0.25555
v -0.207 0.361532 0.178461
v -0.056929 -0.252304 -0.134795
v -0.027149 0.462279 0.174952
v 0.344231 0.0009779999999999995 -0.108877
v 0.385303 0.309485 -0.216589
v 0.055749 0.057763 0.21339
v -0.433109 -0.016081 0.115052
v -0.124341 0.414607 -0.25555
v -0.369711 0.106091 -0.214102
v 0.098995 0.017936 0.065264
v -0.034937 0.498028 0.168652
v 0.275966 -0.14354 -0.176389
v 0.4603 0.153332 -0.242428
v -0.207 0.313319 -0.134852
v 0.420002 -0.033776 -0.25555
v -0.16287 0.456221 0.176029
v 0.253357 -0.197565 -0.156882
v 0.108372 0.076316 0.243003
v 0.4603 0.015849 -0.105291
v 0.173192 0.0418 0.122631
v -0.114226 -0.128226 -0.097817
v 0.167955 0.325216 -0.200708
v -0.401746 0.126327 0.101685
v 0.262142 -0.469187 -0.184925
v 0.193598 -0.035746 -0.047995
v -0.207 0.39448 -0.038725
v 0.403871 0.151064 -0.082796
v 0.321158 0.181599 -0.25555
v 0.177387 0.296285 -0.25555
v -0.377445 0.000477 -0.25555
v -0.391013 -0.042882 -0.154261
v 0.156778 -0.231883 -0.25555
v -0.297217 0.132355 -0.242529
v 0.060013 0.327062 0.135634
v 0.447287 0.063189 -0.072174
v 0.376701 -0.340525 -0.25555
v 0.213083 0.272572 -0.117506
v 0.447297 0.092929 -0.25555
v -0.403615 0.10441 -0.183762
v -0.214375 0.242674 -0.199397
v 0.147578 0.163135 0.214495
v 0.395726 -0.006187 -0.149315
v 0.337809 -0.434632 -0.25555
v 0.4603 0.060846 -0.085236
v 0.435458 -0.004726 -0.140996
v 0.329525 -0.0487 -0.25555
v 0.386221 -0.043015 -0.25555
v 0.375202 0.038264 -0.056122
v 0.091406 -0.097671 -0.084614
v 0.032031 0.106113 0.23775
v 0.121008 0.221439 -0.007281
v 0.109939 0.205555 0.220218
v 0.447358 0.157253 -0.128284
v 0.420724 0.187927 -0.186094
v -0.207 0.418164 -0.060976
v 0.0026 0.404299 0.027333
v -0.119903 -0.128827 -0.25555
v 0.145803 -0.389836 -0.144914
v -0.207 0.334322 -0.168691
v 0.270847 -0.011564000000000001 -0.106009
v -0.154366 0.032853 0.250678
v 0.155699 0.186696 0.038523
v 0.118481 0.33578 -0.093872
v 0.404048 0.211994 -0.188377
v -0.207838 0.198781 0.221416
v 0.151633 -0.040098 -0.023676
v -0.235423 0.03044 0.251103
v 0.040261 0.055418 0.246693
v 0.352905 -0.072838 -0.186952
v 0.090431 0.224895 0.048796
v -0.38414 -0.045198 -0.202351
v 8.3e-05 0.132159 0.233159
v -0.193057 0.456381 -0.064401
v 0.367917 -0.493136 -0.200146
v -0.383571 -0.04155 -0.098135
v -0.34894 0.111233 -0.175027
v -0.446261 0.130538 0.132582
v -0.093582 0.463134 -0.224508
v -0.4603 0.106708 0.15925
v -0.040679 -0.212485 -0.25555
v -0.200805 -0.116131 -0.213433
v 0.030262999999999998 0.348387 -0.105505
v -0.4603 0.091572 0.033166
v -0.169782 0.4334 -0.25555
v 0.4603 -0.364634 -0.215278
v 0.067991 0.361255 0.090004
v 0.258663 -0.063856 -0.136093
v -0.097533 -0.205754 -0.166059
v 0.4603 0.058148 -0.111036
v 0.088644 -0.077467 -0.25555
v 0.226412 -0.412811 -0.25555
v 0.276666 0.002987 -0.097359
v 0.270927 -0.445255 -0.154663
v 0.199238 0.018541 -0.009277
v 0.257835 -0.058472 -0.105282
v -0.112204 -0.190134 -0.199823
v 0.10423 0.340556 -0.054071
v 0.240703 0.186889 -0.122108
v 0.197458 -0.07987 -0.146242
v 0.4603 0.037906 -0.197389
v 0.276757 -0.310304 -0.25555
v 0.115397 -0.403681 -0.216498
v 0.026901 -0.046054 -0.034301
v 0.432236 -0.159071 -0.209593
v 0.369609 0.154262 -0.145459
v 0.361665 -0.121966 -0.206717
v -0.265712 0.031053 0.250995
v -0.323867 -0.022888 -0.25555
v 0.298183 0.158641 -0.120646
v 0.394638 0.000674 -0.110371
v 0.158065 -0.010426 -0.0167
v 0.255364 0.191792 -0.25555
v -0.435442 0.106875 -0.117494
v -0.207 0.395086 -0.25555
v 0.100864 0.041349 0.120204
v 0.338378 0.143848 -0.061548
v 0.448298 0.007009 -0.074481
v -0.247699 -0.087389 -0.139489
v -0.336487 0.15144 0.201254
v 0.118085 0.049595 0.166678
v 0.09124 0.202957 0.130732
v 0.002599999999999999 0.40691 -0.086318
v 0.195875 -0.051438 -0.065654
v -0.019619 -0.233037 -0.25555
v 0.218688 0.169554 -0.25555
v -0.4603 0.091267 -0.155577
v 0.240041 -0.067605 -0.157042
v -0.072415 0.497904 0.156129
v -0.072415 0.487837 0.170442
v -0.4603 0.011099 -0.018846
v 0.275688 -0.043747 -0.102939
v -0.040188 0.052444 0.247226
v 0.435669 -0.418943 -0.25555
v 0.044634 0.374172 0.151654
v 0.278595 0.009287 -0.061521
v 0.075421 0.048937 0.163104
v 0.00031000000000000125 0.426757 -0.25555
v 0.4603 -0.499823 -0.223128
v -0.207897 -0.109835 -0.143504
v 0.252304 -0.466726 -0.25555
v -0.163896 0.278403 0.207381
v 0.446261 -0.262889 -0.25555
v -0.434025 0.105632 -0.146767
v 0.0025999999999999986 0.390264 -0.171084
v 0.28836 -0.448403 -0.25555
v 0.420851 -0.082828 -0.25555
v -0.343512 -0.03964 -0.25555
v 0.405428 0.155604 -0.137797
v -0.205537 0.423 -0.214679
v 0.241781 0.318915 -0.165603
v 0.225301 -0.038463 -0.072908
v -0.064957 0.358339 -0.25555
v -0.138253 0.309295 -0.25555
v 0.111527 0.032214 0.068247
v 0.058414 0.358019 0.141509
v 0.341672 0.31101 -0.221342
v 0.4603 0.092946 -0.242557
v -0.446262 -0.037246 -0.13399
v -0.432483 -0.005135 0.193119
v 0.20476 -0.059004 -0.108734
v -0.028849 0.356415 0.193621
v 0.448083 -0.067353 -0.155974
v -0.446261 0.112739 -0.028529
v 0.4603 -0.10881 -0.231528
v 0.199049 0.173642 -0.035678
v 0.003573 -0.300364 -0.25555
v 0.4603 0.104733 -0.194441
v 0.04253 0.00315 0.243641
v 0.088274 -0.386191 -0.198339
v 0.166584 0.276278 -0.07556
v -0.35924 -0.050417 -0.243556
v -0.391049 0.139681 0.190995
v 0.229937 0.064646 0.029913
v 0.302638 -0.131702 -0.25555
v 0.124602 0.00028499999999999966 0.024713
v -0.235767 -0.095639 -0.231698
v 0.0026 0.417243 0.116883
v 0.06561 0.256005 0.118029
v 0.421861 -0.460239 -0.25555
v -0.4603 0.091563 -0.243613
v 0.147541 0.073008 0.231547
v 0.321575 -0.114404 -0.197794
v -0.448432 0.016886 0.25348
v -0.018123 -0.0012170000000000002 0.217943
v 0.238723 0.303895 -0.141433
v 0.33832 0.244381 -0.25555
v -0.230332 0.234699 0.157694
v 0.017773 0.306659 0.202389
v 0.156709 0.032183 0.068369
v 0.126522 0.036836 0.094282
v 0.176295 0.026125 0.03363
v 0.446261 -0.474862 -0.159872
v -0.030372 0.259434 0.210719
v 0.045571 0.370917 0.191067
v 0.204646 0.281478 -0.25555
v 0.327821 -0.486505 -0.22251
v 0.419854 0.02112 -0.25555
v 0.124902 0.193336 0.076284
v 0.300475 -0.480334 -0.215787
v 0.4603 -0.18195 -0.231946
v 0.421113 -0.131729 -0.25555
v -0.175695 0.196075 -0.25555
v 0.142742 -0.091233 -0.102891
v 0.314938 0.004787 -0.086954
v -0.267386 0.15528 -0.23207
v -0.4603 -0.002245 -0.200212
v 0.153204 0.168705 0.165401
v 0.191092 0.232937 -0.092059
v 0.448858 0.30821 -0.243872
v 0.115808 -0.129778 -0.098068
v 0.085928 -0.049001 -0.051903
v -0.27213 0.039509 -0.25555
v -0.31377 -0.048028 -0.25555
v 0.308003 -0.08901 -0.197962
v -0.259818 0.176899 0.023352
v 0.135194 0.179576 0.224804
v -0.411666 0.0004629999999999999 0.227874
v 0.320685 -0.404873 -0.147554
v 0.215395 -0.390436 -0.14504
v -0.030766 -0.28339 -0.170205
v 0.336061 0.194583 -0.169376
v -0.4603 0.011508 -0.061225
v 0.0024469999999999995 0.421299 -0.093784
v -0.320307 0.060317 0.245834
v 0.032435 -0.055077 -0.25555
v 0.02904 -0.0032180000000000004 0.205452
v 0.112157 -0.026614 0.022807
v -0.236691 -0.079499 -0.25555
v 0.105813 -0.009428999999999998 0.05732
v 0.181108 -0.052522 -0.071857
v 0.06916 0.341704 -0.113692
v 0.078367 0.307934 -0.25555
v 0.0006499999999999998 0.433369 -0.052673
v 0.446097 -0.295149 -0.186172
v 0.253705 0.174239 -0.032042
v -0.207484 0.319191 0.171657
v 0.137411 -0.415328 -0.163448
v -0.207 0.408605 0.081268
v -0.117756 -0.183156 -0.154598
v -0.240757 -0.091961 -0.171009
v -0.4603 0.04825 -0.03246
v -0.236567 0.192621 -0.227473
v -0.4603 0.027281 -0.172222
v 0.392159 0.160115 -0.112089
v 0.432221 -0.386521 -0.25555
v -0.192961 0.357258 -0.25555
v 0.161095 -0.361816 -0.25555
v 0.136829 0.026837 -0.25555
v 0.297877 -0.062028 -0.125766
v 0.361439 0.283625 -0.25555
v -0.207 0.354082 0.094719
v 0.194463 -0.444722 -0.25555
v -0.23607 0.124177 0.234568
v 0.206267 -0.107461 -0.146993
v -0.435983 0.132173 0.233155
v -0.4603 0.053093 0.247094
v -0.011768 -0.041319 -0.025876
v 0.258569 0.049501 0.004724
v -0.007861 0.375403 0.190264
v 0.143019 -0.293237 -0.127893
v -0.163185 -0.107924 -0.25555
v 0.319416 -0.346314 -0.156313
v 0.030269 0.34484 -0.190591
v -0.256129 0.208349 0.219728
v 0.241199 0.156431 -0.25555
v 0.380806 -0.070327 -0.25555
v -0.09266 0.466194 -0.129492
v 0.134773 0.200466 0.116553
v -0.15994 -0.014065 0.131007
v 0.419794 -0.498743 -0.241511
v 0.41186 0.009704 -0.059197
v 0.172572 0.309977 -0.25555
v 0.368851 -0.397193 -0.25555
v 0.183742 -0.180533 -0.25555
v 0.009788 -0.236361 -0.25555
v -0.00505 0.207653 -0.25555
v 0.384944 -0.157828 -0.25555
v 0.183959 0.323467 -0.198809
v 0.134494 -0.414433 -0.191976
v -0.376464 0.076281 0.243012
v 0.251348 -0.362943 -0.25555
v 0.340682 -0.321189 -0.25555
v 0.4603 0.006758 -0.25555
v -0.206414 0.442625 0.09188
v 0.445431 -0.050483 -0.25555
v -0.2063 0.432008 0.0003570000000000001
v 0.309198 0.170688 -0.051929
v -0.018975 -0.294448 -0.128133
v -0.210148 0.260147 -0.241513
v 0.152232 -0.140708 -0.102288
v 0.379772 0.309938 -0.201357
v -0.266511 -0.074884 -0.06881
v -0.4603 0.036812 -0.130404
v 0.09218 0.334385 -0.242546
v 0.385256 -0.20382 -0.196653
v -0.112553 -0.186784 -0.109126
v 0.093537 -0.178296 -0.107638
v -0.179912 0.060316 0.245828
v 0.154368 0.320714 -0.069788
v 0.271248 0.020089 -0.0003129999999999999
v 0.369967 0.023503 -0.051937
v 0.322051 0.052263 -0.25555
v -0.386627 0.110022 -0.072162
v 0.175769 -0.238122 -0.118159
v -0.030591 0.484485 0.089152
v -0.339633 0.112952 -0.213383
v 0.180098 0.18907 0.052215
v -0.167609 0.491177 0.125616
v -0.093594 0.482068 0.049469
v 0.417534 -0.052672 -0.144098
v -0.080285 -0.027788 0.015072
v -0.278168 0.178146 0.166171
v 0.055719 -0.0002630000000000002 0.223627
v 0.367849 -0.274342 -0.181064
v 0.124065 0.273241 -0.021215
v -0.031688 -0.149077 -0.102421
v -0.4603 -0.022995 -0.1346
v -0.14224 0.463564 -0.199404
v -0.351637 0.118559 -0.029118
v 0.195067 0.034594 0.081688
v -0.184737 -0.123135 -0.096266
v 0.038818 -0.14403 -0.101527
v 0.102357 0.27283 0.015756
v 0.062729 -0.240929 -0.118658
v -0.164974 -0.00722 -0.25555
v -0.153595 0.204465 -0.25555
v 0.119928 0.07244 -0.25555
v 0.215924 -0.452897 -0.184008
v 0.403687 -0.289193 -0.25555
v -0.085476 0.448881 -0.25555
v -0.411666 0.1035 -0.25555
v 0.231998 0.241721 -0.126066
v 0.06611 0.343826 -0.085862
v 0.343843 -0.062359 -0.127407
v -0.375198 0.106218 -0.172444
v -0.279607 -0.07388 -0.169483
v 0.267795 0.08397 -0.008872
v -0.158691 -0.145809 -0.163586
v -0.235423 0.0052 0.25555
v -0.137794 0.307775 0.202196
v -0.256103 0.166788 -0.25555
v -0.4603 0.084146 -0.034428
v -0.019426000000000002 -0.189547 -0.109599
v -0.399078 0.117899 0.027932
v 0.0551 0.346969 0.195283
v 0.215887 -0.307483 -0.130398
v -0.076329 -0.231742 -0.227471
v -0.218628 -0.021545 0.068891
v -0.446261 0.103788 -0.215024
v 0.310521 -0.481615 -0.16109
v -0.178785 -0.130676 -0.184041
v -0.229759 -0.012529 0.141785
v -0.165692 -0.035345 -0.012691
v 0.427914 0.308748 -0.207986
v -0.0054329999999999995 0.456767 0.029536
v -0.042254 0.468659 -0.080497
v -0.050101 -0.262639 -0.241511
v 0.247653 -0.418275 -0.149946
v 0.192115 0.026734 0.037121
v 0.010849 -0.325402 -0.197096
v 0.301565 -0.319273 -0.155184
v -0.025479 0.13216 0.233167
v 0.044109 0.360293 0.052718
v 0.418182 -0.345992 -0.25555
v -0.308374 0.019027 0.253116
v -0.203 0.0052 0.25555
v 0.0026 0.3488 -0.239339
v -0.130049 0.019026 0.253114
v -0.236369 -0.091156 -0.095148
v -0.00251 0.077939 0.242721
v 0.286184 -0.254943 -0.25555
v 0.182821 -0.137651 -0.25555
v 0.346427 -0.094303 -0.25555
v 0.322971 0.009382 -0.25555
v 0.064509 0.181567 -0.25555
v 0.061525 -0.173963 -0.25555
v -0.004241 -0.077315 -0.25555
v -0.022063 0.011169 -0.25555
v -0.005161 -0.034434 -0.25555
v -0.091622 0.037255 -0.25555
v -0.079434 -0.036028 -0.25555
v 0.047496 -0.014917 -0.25555
v -0.173369 0.136624 -0.25555
v 0.217656 -0.029651 -0.25555
v 0.155683 0.137559 -0.25555
v 0.231797 0.05339 -0.25555
v 0.087854 -0.164205 -0.25555
v -0.1452 0.06062 -0.25555
v -0.106683 -0.002905 -0.25555
v 0.186726 0.174997 -0.25555
v 0.259046 0.020267 -0.25555
v -0.068055 0.175657 -0.25555
v 0.152699 -0.217971 -0.25555
v -0.086909 0.064936 -0.25555
v 0.076586 -0.133803 -0.25555
v 0.140511 -0.144688 -0.25555
v 0.063589 0.224448 -0.25555
v 0.113373 0.130522 -0.25555
v -0.088638 0.392785 -0.25555
v 0.201564 -0.269017 -0.25555
v 0.074634 -0.290127 -0.25555
v -0.098065 0.337424 -0.25555
v 0.313433 -0.288066 -0.25555
v -0.330421 0.035194 -0.25555
v 0.298372 -0.328226 -0.25555
v 0.183257 -0.196237 -0.116091
v 0.287169 0.313927 -0.241511
v -0.1926 0.3478 0.19514
v -0.219342 0.206922 0.219972
v -0.017071 -0.005642 0.189599
v 0.447008 0.250186 -0.25555
v 0.023059 -0.183341 -0.108493
v 0.187567 0.011215 -0.050693
v -0.2215 0.262 0.21026
v 0.191324 -0.34882 -0.137696
v -0.06197 0.463726 -0.193147
v -0.446263 -0.038871 -0.1826
v -0.36588 -0.046482 -0.134099
v -0.095676 0.124175 0.234558
v -0.053558 0.3876 0.188122
v -0.045773 -0.00791 0.17469
v 0.030783 0.176824 0.225299
v 0.335752 -0.488178 -0.241511
v 0.055394 0.304188 0.188871
v 0.386408 0.002551 -0.099766
v -0.288448 -0.020332 0.079712
v 0.239957 -0.349098 -0.137751
v 0.4603 -0.425443 -0.177759
v 0.162983 -0.429521 -0.195401
v -0.083326 0.478912 0.023526
v 0.181186 0.326784 -0.118294
v -0.109715 0.32374 0.199379
v 0.173239 0.116771 0.109153
v -0.210991 0.258791 -0.122423
v -0.109715 0.275846 0.207831
v -0.404543 0.092247 0.240199
v 0.446264 0.187961 -0.187816
v -0.201685 -0.115045 -0.188461
v 0.403702 0.162457 -0.17955
v 0.059092 0.222322 0.15984
v -0.330095 0.122525 -0.065969
v -0.4603 0.110288 0.086093
v 0.002599999999999999 0.396324 -0.113696
v -0.194174 -0.12081 -0.25555
v -0.232331 0.207195 -0.051766
v 0.079417 0.14917 0.230162
v -0.017851 0.28743 0.205779
v 0.0026 0.350623 -0.158306
v 0.0004360000000000019 -0.06516 -0.05936
v 0.118836 -0.243281 -0.11905
v 0.30444 -0.376819 -0.146007
v -0.362706 -0.038748 -0.020662
v 0.0019330000000000011 0.431363 -0.004097
v -0.253555 -0.056121 -0.25555
v 0.167254 -0.307198 -0.13038
v -0.4603 0.07589 0.064934
v 0.342159 -0.428863 -0.151821
v 0.317251 -0.151977 -0.189829
v 0.4603 -0.335211 -0.179431
v 0.063253 -0.008251000000000001 0.1725
v -0.067597 0.235932 0.214865
v -0.219247 0.24652 0.063005
v 0.238483 0.105752 0.013581
v -0.400032 -0.017922 0.100232
v -0.126106 -0.067128 -0.061399
v 0.110433 -0.320703 -0.132729
v -0.156719 -0.002268 0.211133
v -0.300223 -0.013261 0.136525
v -0.281039 0.171296 0.134611
v -0.087535 -0.006475 0.18436
v -0.283941 -0.00523 0.192084
v 0.0013439999999999993 0.456904 0.161644
v -0.109715 0.403566 0.185309
v -0.212279 0.207967 -0.25555
v -0.131628 0.486019 0.079519
v -0.398099 -0.011636 0.148418
v 0.03026 0.370038 0.108776
v -0.008773000000000003 0.446094 -0.186985
v -0.207 0.404763 0.007078
v -0.207 0.40084 0.049789
v -0.207 0.369695 0.040775
v -0.207 0.350158 0.13743
v -0.207 0.322937 0.085704
v 0.034522 -0.020893 0.074989
v 0.288061 0.182868 -0.148072
v 0.138782 0.20813 0.159892
v -0.401357 -0.042299 -0.180361
v -0.23607 0.07628 0.243004
v -0.167635 -0.140035 -0.25555
v -0.397685 -0.0013469999999999997 -0.25555
v -0.328696 -0.054251 -0.103731
v -0.207 0.395468 -0.153515
v -0.323803 0.146162 0.230697
v -0.033359 -0.013612 0.134033
v -0.271522 -0.011213 0.151469
v 0.020183000000000003 -0.247177 -0.119755
v -0.025479 0.100229 0.238789
v -0.4603 0.107727 -0.101305
v -0.025479 0.403566 0.185308
v 0.316381 0.012435 -0.04377
v 0.264028 -0.390712 -0.145109
v -0.262969 -0.027929 0.014249
v -0.16187 -0.019973 0.082765
v -0.023529 -0.02577 0.028887
v -0.346727 -0.052134 -0.172069
v -0.242509 0.210071 0.122639
v 0.375262 -0.06369 -0.135276
v -0.29039 0.099065 -0.25555
v 0.432348 -0.271007 -0.189832
v -0.317793 -0.023761 0.048619
v -0.29038 -0.025522 0.031395
v -0.193952 0.084265 0.241611
v 0.041061 0.242249 0.213753
v -0.103822 -0.156046 -0.10366
v -0.307822 -0.063028 -0.157702
v 0.215031 -0.251783 -0.126801
v -0.4603 0.116271 0.011845
v 0.300474 -0.222112 -0.171985
v -0.35698 -0.015092 0.122678
v 0.242466 0.01756 -0.014702
v -0.4603 0.038722 0.164529
v -0.4603 0.034907999999999995 0.052279
v 0.129637 0.331463 -0.148771
v 0.136129 0.056081 0.203722
v -0.207 0.371673 -0.131478
v -0.186064 -0.007111 0.180229
v -0.193402 0.450706 -0.150067
v -0.207991 0.140142 0.231756
v 0.36367 0.177784 -0.174382
v 0.268216 0.244599 -0.148837
v -0.306388 -0.059181 -0.06743
v -0.198763 0.450068 -0.037663
v -0.207 0.377461 0.072254
v 0.310783 0.082665 -0.25555
v 0.350332 0.218346 -0.25555
v 0.088774 -0.207086 -0.25555
v 0.182932 0.104435 -0.25555
v 0.211102 0.028431 -0.25555
v 0.008868 -0.193479 -0.25555
v -0.107492 0.282063 -0.25555
v -0.04563 -0.127233 -0.25555
v 0.340905 0.162985 -0.25555
v 0.192137 -0.324377 -0.25555
v 0.165919 -0.092049 -0.25555
v -0.075529 0.276621 -0.25555
v 0.127514 0.213563 -0.25555
v 0.283311 -0.368386 -0.25555
v 0.268361 -0.166459 -0.25555
v 0.141432 -0.187569 -0.25555
v 0.325621 -0.361349 -0.25555
v 0.164888 -0.291254 -0.25555
v 0.337 -0.149664 -0.25555
v -0.077482 0.120296 -0.25555
v 0.050369 0.098526 -0.25555
v 0.019326 0.061087 -0.25555
v 0.132116 -0.000844000000000001 -0.25555
v 0.008059 0.091489 -0.25555
v 0.113262 -0.111565 -0.25555
v 0.077618 0.065403 -0.25555
v 0.369074 0.08698 -0.25555
v 0.030594 0.030685 -0.25555
v -0.172449 0.093743 -0.25555
v 0.267552 0.118509 -0.25555
v -0.056898 -0.096831 -0.25555
v 0.385976 0.041378 -0.25555
v 0.240192 -0.090455 -0.25555
v -0.09059 0.236461 -0.25555
v 0.174426 0.006193 -0.25555
v -0.292825 0.01455 -0.25555
v -0.104842 -0.088667 -0.25555
v -0.054946 0.059493 -0.25555
v 0.073825 -0.005159 -0.25555
v 0.112453 0.173403 -0.25555
v -0.03149 -0.044192 -0.25555
v -0.093574 -0.119069 -0.25555
v -0.207284 -0.014257 -0.25555
v -0.064373 0.004132 -0.25555
v 0.286295 -0.012856 -0.25555
v -0.181876 0.038382 -0.25555
v 0.115214 0.044759 -0.25555
v -0.169688 -0.034901 -0.25555
v -0.219472 0.059026 -0.25555
v -0.234533 0.018866 -0.25555
v 0.042894 0.199489 -0.25555
v -0.042646 0.228297 -0.25555
v -0.133932 0.030218 -0.25555
v 0.072904 0.037722 -0.25555
v -0.211998 -0.041938 -0.25555
v 0.343666 0.034341 -0.25555
v 0.218577 -0.072532 -0.25555
v 0.041973 0.24237 -0.25555
v -0.018381 -0.160356 -0.25555
v 0.271234 -0.053016 -0.25555
v 0.170633 -0.064368 -0.25555
v -0.110365 0.16862 -0.25555
v -0.025745 0.182694 -0.25555
v -0.168656 0.164305 -0.25555
v -0.121744 -0.043065 -0.25555
v 0.276059 0.216751 -0.25555
v -0.051153 0.130055 -0.25555
v -0.125426 0.12846 -0.25555
v 0.06543 0.138686 -0.25555
v 0.327573 -0.205025 -0.25555
v -0.105651 0.196301 -0.25555
v -0.029538 0.112132 -0.25555
v 0.100265 0.246686 -0.25555
v 0.175458 0.205399 -0.25555
v 0.073713 -0.247246 -0.25555
v 0.027833 0.159329 -0.25555
v 0.392419 -0.258791 -0.25555
v 0.036117 -0.226602 -0.25555
v 0.160174 -0.318935 -0.25555
v 0.121657 -0.25541 -0.25555
v 0.229733 -0.345021 -0.25555
v 0.257903 -0.421025 -0.25555
v 0.132925 -0.285812 -0.25555
v 0.351753 0.237171 -0.181708
v 0.208239 0.098109 0.050845
v -0.095676 0.363652 0.192337
v -0.053558 0.084264 0.241606
v -0.109715 0.227951 0.216277
v -0.067597 0.108213 0.237392
v -0.095676 0.060318 0.245838
v -0.165873 0.211986 0.219093
v -0.137794 0.116195 0.23598
v -0.137794 0.084265 0.241609
v 0.4603 -0.143255 -0.213259
v -0.077878 0.47295 -0.034363
v 0.270085 -0.072758 -0.186432
v -0.214121 -0.00695 0.181334
v 0.191816 -0.265861 -0.12309
v -0.081637 0.307775 0.202199
v -0.109715 0.19602 0.221905
v 0.215428 0.022089 0.01097
v -0.075766 -0.014484 0.127671
v -0.049647 -0.02055 0.078328
v -0.067597 0.172072 0.226121
v 0.4603 -0.084265 -0.241511
v 0.4603 -0.337887 -0.25555
v -0.207 0.324835 -0.241511
v 0.4603 -0.386521 -0.25555
v 0.396773 -0.411299 -0.161761
v -0.205084 0.443547 0.047598
v 0.047669 -0.264265 -0.122787
v -0.292162 0.002781 0.241721
v -0.137794 0.164089 0.227532
v -0.320307 0.108211 0.237382
v 0.133893 0.328672 -0.25555
v 0.4603 0.029067 -0.172194
v -0.138232 0.470936 -0.05799
v -0.098772 0.464749 -0.1613
v 0.0026 0.377705 0.032178
v 0.00388 -0.028426 0.011775
v 0.008403 -0.014874 0.124338
v -0.319122 0.105513 -0.25555
v -0.081641 -0.03692 -0.015945
v -0.201702 -0.012696 0.140682
v -0.002574 0.456522 0.061942
v 0.348591 0.103673 -0.058688
v -0.136449 0.481848 0.047729
v 0.09455 -0.265306 -0.122963
v -0.163161 -0.023536 0.050565
v 0.122257 -0.408001 -0.25555
v -0.446261 0.110265 -0.060857
v -0.236147 -0.037627 -0.017673
v -0.264149 0.092246 0.240193
v -0.306267 0.084266 0.241615
v -0.095676 0.459444 0.175462
v -0.25011 0.052336 0.247245
v -0.006408 0.448136 -0.076943
v 0.327642 0.163846 -0.090942
v 0.246747 0.316863 -0.25555
v -0.358912 -0.020955 0.074438
v 0.267441 -0.123578 -0.25555
v 0.21007 -0.170774 -0.25555
v -0.245801 0.049268 -0.25555
v 0.296754 0.24171 -0.25555
v -0.329501 -0.007687 -0.25555
v -0.131171 -0.098426 -0.25555
v -0.236374 0.104628 -0.25555
v -0.239247 -0.008815 -0.25555
v 0.342523 -0.406951 -0.25555
v 0.389769 0.111939 -0.25555
v 0.193057 -0.367259 -0.25555
v 0.197993 0.144595 -0.25555
v -0.003209 0.121891 -0.25555
v 0.158556 0.251002 -0.25555
v 0.23651 0.081071 -0.25555
v 0.062668 0.267329 -0.25555
v 0.037037 -0.269484 -0.25555
v -0.04471 -0.170114 -0.25555
v 0.383215 0.170022 -0.25555
v 0.398275 0.210182 -0.25555
v -0.144168 0.259825 -0.25555
v 0.398569 0.22715 -0.190139
v 0.091692 0.336039 0.026578
v 0.046313 0.312807 -0.25555
v -0.326348 -0.006223 0.185734
v 0.38784 -0.231415 -0.192143
v -0.207 0.335984 -0.098439
v 0.102852 0.343123 -0.02584
v -0.176598 0.480198 0.062344
v 0.091313 0.336024 -0.167479
v -0.086251 -0.219518 -0.187778
v -0.297888 -0.065604 -0.131565
v -0.14626 0.002789 0.241719
v 0.4603 -0.411104 -0.206602
v -0.233626 -0.024108 0.045288
v 0.077789 -0.217587 -0.114559
v -0.003623 -0.150283 -0.102627
v 0.164771 0.326351 -0.172834
v 0.331347 -0.220761 -0.181782
v 0.002599999999999999 0.404729 -0.037727
v -0.131239 -0.01204 0.145953
v 0.142691 -0.348539 -0.137646
v 0.183267 0.208468 -0.080433
v 0.147598 0.116842 0.221609
v 0.287449 -0.349242 -0.144649
v 0.210499 -0.196262 -0.13391
v 0.4603 0.211853 -0.192353
v 0.094474 0.334691 -0.195348
v -0.207 0.311064 -0.017973
v 0.268982 -0.292563 -0.147182
v -0.282233 0.155806 0.013224
v 0.134989 0.112599 -0.25555
v 0.323891 -0.033499 -0.25555
v -0.027586 0.268457 -0.25555
v -0.077058 -0.01848 0.095521
v 0.206391 0.320581 -0.241511
v 0.417975 0.183596 -0.25555
v -0.259104 -0.016645 0.110777
v -0.207156 0.296708 -0.081209
v -0.261696 0.195234 0.179279
v -0.119465 -0.019229 0.089143
v -0.207 0.397934 -0.079255
v -0.216693 -0.015838 0.117148
v -0.132524 -0.016229 0.113819
v -0.007885 -0.021593 0.068609
v -0.207 0.366953 -0.088846
v 0.357609 -0.163845 -0.198406
v -0.294695 0.158563 0.113643
v 0.153084 0.258342 -0.057255
v -0.374551 -0.025203 0.034727999999999995
v 0.076948 0.29402 0.071459
v 0.40369 -0.092669 -0.218782
v -0.154175 -0.066411 -0.060409
v 0.24947 -0.237471 -0.14797
v -0.398444 0.132545 0.147048
v -0.107047 -0.023772 0.048341
v -0.25092 0.178351 -0.077457
v -0.359146 0.11322 -0.076867
v -0.322776 0.140084 0.087059
v 0.32137 0.244399 -0.173015
v 0.287783 -0.250334 -0.162305
v 0.22536 -0.021718 -0.075862
v 0.418237 -0.390765 -0.167749
v 0.286389 0.117307 -0.028413
v 0.32732 -0.262634 -0.17343
v -0.228698 0.210838 -0.094343
v 0.164296 -0.062041 -0.125764
v 0.157964 0.110642 0.15487
v -0.28898 0.155177 0.055577
v 0.203534 0.125725 0.052638
v 0.115324 0.286837 -0.25555
v -0.210053 0.265911 -0.090811
v -0.314918 0.138939 0.044918
v 0.304768 0.272632 -0.171427
v -0.148586 0.497618 0.15447
v 0.4603 -0.387928 -0.198601
v -0.211355 0.254415 -0.210145
v 0.155104 0.172058 -0.044414
v -0.001567 -0.104047 -0.088201
v -0.245876 0.215832 0.189904
v -0.213831 0.28229 0.192454
v 0.139666 0.189152 -0.02838600000000001
v 0.04628 -0.027428 0.018113999999999998
v -0.27415 0.153325 -0.103339
v -0.027609 -0.064666 -0.058202
v 0.4603 -0.201591 -0.217242
v -0.340093 0.115341 -0.129633
v -0.371239 0.105593 -0.241525
v 0.207756 0.177159 -0.09643
v -0.04811 0.484358 0.067182
v -0.349527 0.114033 -0.103235
v 0.338913 -0.303709 -0.169255
v 0.167644 -0.168562 -0.109537
v 0.353187 -0.372384 -0.160672
v -0.070982 -0.216561 -0.25555
v -0.142216 0.46292 -0.25555
v -0.216934 0.239429 -0.084654
v 0.4603 -0.249455 -0.208752
v 0.341499 -0.331355 -0.165084
v -0.00597 0.250534 -0.25555
v -0.053557 -0.037438 -0.017031999999999995
v 0.003457 0.305895 -0.25555
v -0.02807 0.47464 0.015503
v 0.068208 -0.114114 -0.092723
v -0.025715 0.460823 -0.150473
v 0.4603 -0.010863 -0.182342
v -0.4603 0.017783999999999998 0.024747
v -0.053086 0.46298 -0.241529
v 0.054342 0.09104 0.240413
v -0.319076 -0.027544 0.01645
v -0.247829 0.184636 -0.045802
v 0.432397 0.070395 -0.25555
v -0.071388 -0.094311 -0.082895
v -0.043952 -0.109737 -0.090955
v -0.0732 0.487166 0.087593
v -0.139079 -0.05127 -0.04222
v -0.207 0.342035 -0.008381
v 0.0026 0.415092 0.052101
v -0.325243 0.126622 -0.034203
v 0.384841 -0.370457 -0.167183
v 0.0012190000000000005 0.425486 -0.127732
v -0.089452 0.00048200000000000006 0.227886
v 0.286609 0.314507 -0.201641
v 0.446288 0.004829 -0.086955
v 0.096336 0.177143 0.225226
v 0.044238 0.351392 -0.032253
v -0.116034 0.475907 -0.004237
v -0.148493 0.473171 -0.031972
v -0.279059 -0.048257 -0.037755
v 0.0025999999999999986 0.37386 -0.018186
v -0.4603 -0.018213 0.097432
v -0.395453 0.032778 0.250689
v -0.198597 0.444214 -0.123267
v -0.298804 0.135014 -0.113589
v -0.4603 -0.021467 -0.102342
v -0.086324 -0.115591 -0.093313
v -0.254232 0.190316 0.086437
v -0.195081 -0.060313 -0.054133
v -0.395634 -0.04386 -0.227582
v -0.236665 -0.05409 -0.045926
v -0.202333 0.462468 0.111252
v -0.379271 0.107937 -0.11427
v -0.4603 -0.012033000000000002 0.145671
v 0.002599999999999999 0.356495 -0.057274
v -0.329401 0.145219 0.144814
v 0.320078 -0.104179 -0.25555
v -0.298452 0.14133 -0.023758
v -0.244973 0.191081 -0.0142
v -0.4603 -0.012146 0.023562
v 0.085902 -0.320529 -0.25555
v 0.180477 -0.437343 -0.167307
v -0.136995 -0.030735 0.001538
v 0.12514 0.188296 0.04765
v -0.292872 0.172289 0.19772
v -0.307193 -0.047463 -0.036723
v -0.4603 0.036815 0.108404
v 0.200648 0.174228 0.048344
v 0.34771 0.007323999999999999 -0.072698
v -0.193863 0.163939 0.227563
v -0.192505 -0.027088 0.01949
v 0.226972 -0.216377 -0.25555
v -0.290594 0.138873 -0.139982
v -0.0019259999999999991 -0.312962 -0.175532
v 0.4603 0.0953 -0.106502
v -0.173675 0.472223 -0.011725
v -0.320738 0.131357 -0.0026349999999999985
v 0.199782 -0.446742 -0.212495
v -0.235289 0.207297 0.006418
v -0.021294 0.466411 -0.02599
v 0.022815 -0.110278 -0.25555
v -0.4603 0.003998 0.046214
v -0.418182 -0.024508 0.041043
v -0.354366 0.140541 0.165205
v -0.059158 0.467687 -0.103136
v 0.4603 -0.048956 -0.213396
v -0.270815 0.153693 -0.161594
v -0.20763 -0.032249 -0.003412
v -0.229713 0.225439 0.084702
v 0.303319 -0.045991 -0.115449
v -0.011629 -0.304373 -0.227792
v -0.340536 0.002805 0.241869
v 0.417595 -0.205959 -0.25555
v 0.254221 -0.2495 -0.25555
v -0.130864 0.467878 -0.100171
v 0.219632 -0.140843 -0.149182
v -0.196301 -0.085239 -0.076347
v 0.074745 -0.04804 -0.25555
v -0.394346 0.046079 -0.25555
v 0.027791 -0.338665 -0.135857
v 0.446264 -0.359108 -0.174918
v 0.131803 -0.395743 -0.145945
v 0.4603 0.223696 -0.222948
v 0.08253 -0.366053 -0.25555
v -0.446463 -0.027832 0.009143
v -0.17184 0.461849 -0.171536
v -0.207481 0.284788 -0.199533
v -0.136284 -0.166299 -0.213634
v 0.404807 -0.482909 -0.161314
v -0.222477 0.231367 0.0005290000000000021
v 0.389657 -0.130147 -0.25555
v 0.328494 -0.247906 -0.25555
v 0.133539 0.328915 -0.227694
v 0.29414 0.031193 -0.018367
v 0.418985 0.252564 -0.197304
v -0.358968 0.120494 0.013087
v 0.034194 -0.141321 -0.25555
v -0.249705 0.176023 -0.151369
v 0.399673 -0.271765 -0.186676
v -0.217226 0.258184 0.109354
v 0.07655 0.328808 0.066481
v -0.4603 -0.017723000000000003 -0.038256
v 0.142263 -0.055766 -0.090311
v 0.107901 0.24124 0.010955
v -0.207 0.371952 0.190881
v 0.420949 -0.07684 -0.209484
v 0.059925 -0.331264 -0.25555
v -0.219796 0.259557 0.167181
v 0.408707 -0.452088 -0.155974
v 0.230297 -0.443129 -0.154316
v 0.106424 -0.363353 -0.140242
v -0.060131 -0.163325 -0.104997
v -0.418595 -0.036499 -0.085728
v 0.4603 -0.004307999999999999 -0.138481
v 0.300026 0.156328 -0.13389
v 0.295506 -0.166749 -0.179965
v 0.157207 0.042116 0.124444
v -0.207 0.369462 -0.206002
v -0.033666 0.326146 -0.25555
v 0.075077 0.206123 0.148874
v 0.140285 0.024004 0.021693
v 0.116534 0.181106 0.006835
v 0.288256 -0.43179 -0.152304
v 0.35347 0.167285 -0.071663
v -0.034567 0.4644 -0.124072
v 0.4603 0.125905 -0.144812
v 0.228967 0.163605 -0.09248
v 0.225291 0.154965 0.019307
v 0.4603 0.255481 -0.227557
v -0.4603 0.078169 0.149484
v 0.363716 -0.182344 -0.25555
v 0.163647 -0.399294 -0.25555
v -0.179138 0.381092 -0.25555
v -0.4603 0.054295 -0.075162
v -0.264334 0.139267 -0.25555
v -0.212574 0.277257 0.129429
v 0.085982 0.198222 0.103936
v -0.101864 0.467696 -0.103007
v 0.411337 -0.497564 -0.191852
v -0.317917 -0.061243 -0.241512
v -0.235481 0.195565 -0.172323
v -0.220733 0.144307 -0.25555
v -0.022983 0.05405 -0.25555
v 0.370501 -0.439804 -0.25555
v -0.212498 0.264364 0.025236
v 0.386597 -0.200438 -0.25555
v -0.001004 0.433403 -0.241568
v -0.354862 0.124753 0.04497
v 0.05739 -0.36304 -0.154249
v -0.046914 -0.264046 -0.136493
v -0.0155 0.451964 -0.228096
v -0.35589 0.136758 0.23235
v 0.404946 -0.370309 -0.25555
v -0.059622 -0.250399 -0.173603
v -0.235423 0.000466 0.227873
v 0.414583 0.136197 -0.25555
v 0.148504 0.138348 0.20359
v -0.249535 0.204346 0.148752
v 0.22581 -0.131178 -0.25555
v 0.120903 -0.19543 -0.110613
v 0.027333 0.344512 -0.241963
v 0.381018 0.309298 -0.25555
v 0.0026 0.399417 0.088276
v -0.038141 0.471992 0.173239
v 0.402309 -0.299849 -0.182117
v 0.182218 0.323209 -0.228388
v -0.380036 0.000535 0.228326
v 0.073445 0.00027699999999999904 0.131801
v -0.405048 -0.032948 -0.014053
v 0.13372 0.088133 0.240935
v -0.446261 0.062972 -0.25555
v -0.435983 0.0028150000000000002 0.241715
v 0.050565 0.340769 -0.228392
v 0.435973 -0.093151 -0.221401
v 0.32651 0.311674 -0.226881
v 0.4603 0.136903 -0.099285
v -0.255598 0.167944 -0.197704
v -0.207761 0.308253 0.139421
v 0.0594 0.023938999999999995 0.187567
v -0.236613 -0.09488 -0.203033
v 0.173301 -0.418647 -0.150018
v 0.418329 0.236974 -0.25555
v 0.0026 0.373974 -0.242005
v 0.084671 0.231274 0.061526
v -0.4603 -0.014322 -0.242008
v 0.234438 -0.111368 -0.162544
v 0.4603 -0.474817 -0.24201
v -0.4603 0.092265 -0.140273
v -0.221746 0.222268 -0.162794
v 0.4603 -0.150389 -0.25555
v -0.09729 -0.14638 -0.25555
v 0.279741 0.045226 -0.25555
v 0.178269 -0.422227 -0.25555
v 0.106377 0.330766 -0.002197
v 0.372022 -0.040565 -0.25555
v 0.32622 0.284614 -0.25555
v -0.43337 -0.039914 -0.206904
v -0.200619 0.169747 -0.25555
v -0.207 0.333728 0.018442
v 0.337276 0.135706 -0.25555
v 0.013563 0.259205 0.210756
v -0.351098 0.129166 0.075722
v -0.162717 -0.141224 -0.128969
v 0.063238 0.325325 0.117434
v 0.384818 0.154179 -0.14591
v 0.446855 -0.278071 -0.25555
v -0.207744 0.29482 0.034522
v 0.029662 0.37735 0.155862
v -0.44687 -0.030459 -0.021767
v -0.379243 0.0052 0.25555
v -0.073309 0.0052 0.25555
v 0.235951 -0.446983 -0.25555
v -0.067597 0.443478 0.178271
v -0.4603 0.021564 -0.101791
v 0.446261 -0.204219 -0.25555
v -0.446261 0.106089 0.237769
v 0.154037 0.078642 0.17713
v 0.395446 -0.033216 -0.14448
v 0.057972 0.353074 0.008258
v 0.308915 0.124914 -0.25555
v -0.150546 0.251897 0.212046
v 0.164908 0.084825 0.13653
v -0.38246 -0.005923 0.187946
v 0.0278 -0.066797 -0.060933
v -0.048184 -0.204292 -0.112206
v -0.4603 -0.002842 0.207586
v -0.358115 0.079842 -0.25555
v -0.215527 0.240294 -0.14305
v 0.151446 0.106719 0.186372
v 0.06359 -0.019693 0.085651
v 0.313617 0.066142 -0.035876
v -0.4603 0.094424 0.212069
v 0.045736 -0.355307 -0.213066
v -0.433605 0.06835 0.244408
v 0.254444 0.234674 -0.25555
v -0.193742 0.482867 0.157148
v 0.4464 -0.072395 -0.184392
v 0.433644 -0.009455 -0.25555
v -0.02472 0.217599 0.218103
v 0.366949 -0.26954 -0.25555
v 0.30539 0.008315 -0.067042
v 0.433537 0.115682 -0.25555
v 0.4603 -0.459255 -0.172825
v 0.41779 -0.203179 -0.200722
v 0.03646 -0.015026 0.12323
v -0.26367 -0.081912 -0.228236
v 0.4603 -0.285907 -0.22855
v 0.187535 -0.109971 -0.25555
v 0.408653 -0.071866 -0.181528
v -0.142274 0.435242 -0.25555
v -0.164767 0.3245 0.199244
v 0.242549 0.211044 -0.127633
v -0.207 0.327802 -0.200452
v -0.174518 -0.134484 -0.21457
v 0.269161 0.290046 -0.157336
v 0.320641 -0.068436 -0.16208
v 0.184277 0.179126 0.075169
v 0.231144 0.177955 -0.010978
v -0.193768 0.40957 0.184251
v 0.088467 -0.024726 0.039186
v 0.089041 0.034899 0.083761
v -0.164246 0.387601 0.188126
v -0.301962 0.130006 -0.201616
v -0.4603 0.039675 0.192592
v -0.207 0.346752 -0.051012
v 0.4603 0.175276 -0.212692
v -0.124279 0.473995 0.172885
v -0.290344 -0.027736 -0.25555
v -0.207711 0.281851 -0.142838
v -0.4603 0.050154 -0.215142
v 0.429284 0.071402 -0.072359
v 0.068883 0.214109 0.193932
v 0.381374 0.255784 -0.25555
v -0.207 0.345566 0.181279
v -0.142628 -0.103647 -0.088123
v -0.4603 0.038655 -0.25555
v 0.431058 -0.167444 -0.25555
v 0.107536 -0.096629 -0.083917
v 0.213687 0.05589 0.050975
v 0.34205 -0.448718 -0.25555
v 0.270936 -0.208727 -0.25555
v -0.130668 0.464394 -0.171081
v -0.446261 -0.015307 0.121575
v -0.147224 0.46667 -0.120611
v 0.236959 -0.003537 -0.25555
v 0.361704 -0.492541 -0.226492
v 0.270468 -0.129948 -0.176536
v 0.297716 0.147976 -0.25555
v 0.4603 0.167954 -0.241511
v 0.447178 0.153332 -0.25555
v 0.261746 -0.209434 -0.158648
v 0.093921 -0.147944 -0.102236
v 0.0294 -0.341346 -0.178338
v 0.029343 0.365547 0.074932
v 0.013269 0.038647 0.249655
v 0.395915 0.165139 -0.083617
v 0.151956 0.327009 -0.202608
v -0.389121 0.125532 0.091546
v 0.255084 -0.466601 -0.172424
v -0.139515 0.37377 -0.25555
v -0.081741 0.49323 0.12789
v -0.207 0.408686 -0.03561
v -0.267845 0.0007840000000000003 0.229832
v 0.310077 0.172217 -0.25555
v -0.038516 0.387593 -0.25555
v -0.367097 0.012956 -0.25555
v 0.391724 -0.456018 -0.25555
v -0.418238 -0.039544 -0.150129
v 0.089082 0.008992 0.088026
v -0.4603 -0.005123 -0.171122
v -0.207 0.309149 -0.148737
v -0.026757 0.030846 0.251031
v 0.372644 -0.326632 -0.25555
v 0.390125 0.097824 -0.070516
v 0.029246 0.351731 -0.058728
v 0.002599999999999999 0.375209 -0.207506
v 0.080822 -0.347663 -0.13748
v -0.418065 0.10439 -0.183835
v -0.38735 0.144119 0.216804
v -0.189232 -0.074258 -0.25555
v 0.05715 0.284694 0.16531
v 0.348798 -0.066324 -0.25555
v -0.290338 0.136775 -0.228529
v 0.359168 -0.00016100000000000006 -0.115322
v 0.323126 -0.075502 -0.25555
v -0.024413 0.433678 0.179998
v -0.041651 0.315758 0.200792
v 0.376728 -0.0033159999999999995 -0.13308
v 0.249544 0.264226 -0.141457
v 0.194565 0.076176 -0.25555
v 0.038356 0.118816 0.235511
v 0.121413 0.24671 -0.012412
v 0.4603 0.158372 -0.122181
v 0.103734 0.2183 0.21797
v -0.072568 -0.23452 -0.151609
v 0.143754 -0.02907 -0.25555
v 0.064115 -0.106032 -0.25555
v 0.227283 0.008708 -0.064939
v -0.205231 0.432075 -0.058206
v -0.4603 0.07406 0.011077
v -0.003333 0.468013 0.133467
v 0.168321 -0.013201 -0.027542
v 0.0026 0.405081 0.010996
v -0.127264 -0.155999 -0.25555
v 0.251459 0.165149 -0.009365999999999994
v 0.175284 0.0476 -0.25555
v 0.293464 0.145819 -0.038113
v -0.174396 0.463895 -0.115708
v -0.207 0.387655 -0.24268
v -0.207 0.352597 -0.152083
v 0.433972 -0.019614 -0.151336
v 0.028744 0.203316 0.22062
v -0.037919 -0.27637 -0.214551
v -0.151834 0.060318 0.245839
v 0.176555 -0.235063 -0.25555
v 0.120649 -0.04301 -0.029156
v 0.294173 -0.111449 -0.25555
v 0.127887 0.313337 -0.033948
v 0.413016 0.282929 -0.25555
v 0.222975 0.128278 0.026726
v 0.160398 -0.045383 -0.033445
v -0.34716 0.046444 0.248283
v 0.08335 -0.033745 -0.008757
v 0.043841 -0.035055 -0.011023
v -0.210103 0.04488 0.248559
v 0.172673 0.301627 -0.086477
v 0.357857 -0.075133 -0.199958
v -0.421138 0.139348 0.191053
v -0.391494 0.114211 -0.014114
v 0.173745 0.171257 0.098258
v -0.182512 0.462649 -0.075168
v 0.4603 -0.029681 -0.163439
v 0.1008 0.0634 0.24528
v 0.44753 -0.499614 -0.217221
v 0.330463 -0.459601 -0.157217
v -0.166551 0.419721 -0.25555
v -0.404184 0.122412 0.069491
v 0.378776 -0.494377 -0.191313
v -0.33965 0.113537 -0.185314
v 0.085354 0.313237 0.045411
v 0.4603 -0.485568 -0.203406
v -0.200435 0.438073 -0.229018
v 0.072079 -0.080353 -0.073114
v 0.42127 0.124927 -0.080855
v 0.267194 -0.471328 -0.22881
v 0.321828 -0.431911 -0.25555
v -0.207682 -0.111842 -0.227473
v 0.04412499999999999 0.345643 -0.11345
v 0.234222 -0.166937 -0.152559
v 0.4603 0.066161 -0.098987
v -0.4603 0.104791 0.037506
v 0.4603 -0.356127 -0.204281
v 0.179399 0.06439 0.104989
v 0.064751 0.363583 0.103318
v 0.168263 -0.103012 -0.121652
v 0.245054 -0.062581 -0.128687
v 0.31698 0.177463 -0.159603
v -0.094352 -0.208614 -0.141217
v 0.242659 0.26237 -0.25555
v 0.101994 -0.081163 -0.25555
v 0.290972 -0.114013 -0.187483
v 0.4603 0.070538 -0.07377
v 0.220306 -0.400382 -0.25555
v 0.114026 0.036968 0.095317
v 0.227717 0.31987 -0.173662
v -0.4603 0.086809 0.189036
v 0.4603 0.085422 -0.25555
v 0.22336 0.170202 -0.055108
v -0.047311 0.436023 -0.25555
v 0.387713 0.271037 -0.196053
v 0.002599999999999999 0.402522 -0.194528
v 0.043048 0.344212 -0.146528
v 0.404624 0.049061 -0.0649
v -0.113704 -0.189059 -0.241511
v 0.416303 -0.408248 -0.25555
v 0.260196 -0.45371 -0.156154
v 0.105146 0.337438 -0.096744
v -0.114592 -0.187355 -0.186591
v 0.084449 0.05281 0.185102
v 0.115578 0.337924 -0.068467
v -0.181304 0.457171 -0.215993
v -0.433716 0.129083 0.121986
v 0.023061 -0.00749 0.177473
v 0.162243 0.210651 -0.059388
v 0.271123 -0.295103 -0.25555
v 0.4603 0.04014 -0.126377
v 0.059657 -0.024724 0.039087
v 0.255856 0.316494 -0.215815
v 0.015612 -0.05026 -0.040699
v 0.412095 -0.146379 -0.210192
v 0.4603 0.031074 -0.216512
v 0.387621 -0.119964 -0.211857
v -0.034785 0.493819 0.144162
v -0.023923 0.1774 0.225186
v -0.211418 0.262973 -0.034705
v -0.127233 -0.118995 -0.094688
v -0.25974 0.019026 0.253114
v -0.026956 0.422422 -0.25555
v -0.4603 0.065562 -0.157883
v 0.094576 0.214064 0.04184
v 0.108528 0.103148 0.238271
v 0.276252 0.000614 -0.110989
v 0.188784 0.324211 -0.158234
v 0.330937 0.155033 -0.060206
v -0.005164 -0.275527 -0.25555
v -0.4603 0.067285 -0.104979
v -0.258332 -0.082058 -0.133153
v -0.321372 0.156682 0.197446
v 0.111713 0.047503 0.154992
v -0.137977 -0.162475 -0.129718
v 0.112378 0.043646 0.133336
v 0.106304 0.01511 0.052139
v -0.419839 0.108981 -0.079897
v 0.374041 0.002376 -0.25555
v -0.195361 0.415241 -0.25555
v 0.146037 -0.239703 -0.118428
v -0.166823 0.293959 -0.25555
v -0.446261 0.104869 -0.16835
v 0.4603 0.100064 -0.214668
v -0.4603 0.024424 -0.017603
v 0.002431 0.416425 -0.215034
v 0.082826 0.344523 -0.043309
v 0.4603 0.067877 -0.14996
v -0.053558 0.052336 0.247245
v -0.335901 -0.028671 -0.25555
v -0.4603 0.075792 -0.176698
v 0.446261 -0.427049 -0.25555
v 0.401486 -0.497175 -0.218973
v -0.200605 -0.114061 -0.133247
v -0.173687 0.269596 0.208936
v 0.067065 -0.052829 -0.044821
v 0.148461 0.16673 0.199147
v 0.4603 -0.249766 -0.243293
v 0.418068 -0.328211 -0.178756
v 0.077245 -0.378858 -0.215221
v 0.238443 -0.461927 -0.231002
v 0.112809 0.058816 0.219387
v 0.209544 0.017074 -0.017429
v 0.102446 0.204362 0.138676
v -0.4603 0.13552 0.166729
v 0.108712 0.150859 0.22986
v 0.215349 0.284924 -0.121483
v -0.210706 0.267635 -0.013242
v -0.378079 -0.04112 -0.074248
v 0.128667 0.333935 -0.101987
v 0.013813 -0.328645 -0.243354
v 0.058796 0.31818 0.145251
v 0.436343 -0.092882 -0.25555
v -0.207 0.412337 -0.207175
v -0.237494 0.168949 0.226671
v 0.40052 0.187837 -0.183535
v 0.170024 -0.388328 -0.144662
v 0.207738 0.269356 -0.25555
v -0.07737 0.362383 -0.25555
v -0.150161 0.314635 -0.25555
v 0.369727 -0.464231 -0.158029
v 0.057399 0.345537 0.15242
v 0.434136 -0.241432 -0.25555
v 0.124569 0.028311 0.04639
v -0.424888 0.012597 -0.25555
v 0.32817 0.311998 -0.202226
v 0.083644 0.116523 0.235919
v 0.395182 -0.029433 -0.25555
v 0.172154 0.01993 -0.001181
v 0.4603 0.296499 -0.218934
v -0.446262 -0.036522 -0.117794
v 0.196452 -0.057283 -0.098933
v -0.039518 0.363653 0.192346
v 0.4603 -0.068081 -0.160221
v -0.432221 0.113393 -0.020449
v -0.149844 0.45605 0.176057
v 0.4603 -0.121725 -0.231286
v -0.218832 0.228929 -0.217418
v 0.129355 -0.411911 -0.217418
v 0.022473 -0.317466 -0.25555
v -0.4603 0.074256 0.119173
v 0.056348 0.340663 -0.185951
v 0.421113 0.155252 -0.139597
v 0.009567 -0.28937 -0.127206
v 0.065158 0.047237 0.153604
v 0.093245 -0.389199 -0.18688
v -0.422261 0.120481 0.052154
v -0.394584 0.137584 0.178843
v 0.4603 0.072917 -0.215069
v 0.177249 0.181178 0.007102
v -0.17658 0.447256 -0.25555
v 0.014535 0.333847 0.197601
v -0.114632 0.422974 -0.25555
v 0.448321 0.16193 -0.10174
v 0.275674 0.011456 -0.049261
v 0.347298 -0.036967 -0.132932
v 0.23334 0.07561 0.024361
v 0.063488 -0.316794 -0.132071
v 0.305038 -0.144221 -0.25555
v 0.018971 0.000862 0.230245
v 0.226329 -0.069039 -0.16557
v -0.032509 -0.243775 -0.119188
v -0.387354 0.104253 -0.217648
v 0.123361 -0.011733 0.028734
v -0.228713 -0.099633 -0.241513
v 0.282728 -0.436997 -0.25555
v 0.0026 0.427417 0.109251
v -0.027027 0.447211 -0.25555
v -0.196031 0.225436 0.216712
v 0.064917 0.244553 0.123473
v 0.432221 -0.467577 -0.25555
v -0.4603 0.132187 0.221022
v 0.002599999999999998 0.393641 -0.068196
v 0.148879 -0.008136 -0.006395
v 0.254303 -0.066654 -0.151989
v 0.263173 0.192032 -0.136905
v 0.184791 0.176839 -0.017311
v 0.147586 0.084906 0.227248
v 0.4603 0.131283 -0.182534
v -0.448434 -0.039733 -0.243682
v -0.448433 0.1035 -0.243683
v 0.448434 -0.499768 -0.243683
v 0.4603 0.018644 -0.076687
v -0.185683 0.477738 0.17223
v -0.4603 0.014852 0.241804
v -0.010545 0.00044899999999999985 0.227876
v 0.0026 0.397211 0.174442
v -0.422565 -0.006279 0.18546
v -0.027003 -0.253093 -0.25555
v 0.340311 0.256795 -0.25555
v -0.22646 0.241046 0.147556
v 0.272055 0.163689 -0.091694
v 0.02731 0.2986 0.203815
v -0.196311 -0.001334 0.216867
v -0.039518 0.267863 0.209239
v 0.344267 0.299861 -0.190506
v 0.039098 0.38146 0.189212
v 0.448715 -0.498894 -0.175672
v 0.415947 0.009263999999999998 -0.25555
v 0.131213 0.19519 0.086892
v -0.306296 0.057236 -0.25555
v 0.3477 0.310619 -0.232638
v 0.150175 0.294358 -0.060231
v 0.4603 -0.173978 -0.241511
v 0.415986 -0.120389 -0.25555
v 0.448663 0.296296 -0.25555
v 0.012042 0.156107 0.22894
v 0.057049 0.247495 0.172722
v -0.187954 0.193941 -0.25555
v 0.313966 -0.483491 -0.215196
v 0.224999 0.180277 -0.25555
v 0.133524 -0.09179 -0.094562
v -0.134919 0.49208 0.120552
v -0.282882 0.143486 0.231158
v 0.153347 0.028312 0.046387
v -0.268122 0.154791 -0.219713
v -0.4603 0.010126 -0.199735
v 0.327456 0.003737 -0.092954
v 0.420667 0.00013000000000000002 -0.113708
v 0.15401 0.179517 0.159448
v 0.199875 0.295311 -0.25555
v 0.0025999999999999986 0.390111 -0.154827
v 0.148228 0.034725 0.082602
v 0.352288 0.04927 -0.050479
v 0.198323 0.239482 -0.099616
v 0.34101 -0.111562 -0.20376
v -0.067235 0.5 0.1683
v 0.0026 0.421554 0.155465
v -0.207 0.398203 0.146362
v 0.446261 0.308277 -0.231842
v -0.207 0.420559 0.142446
v 0.448872 0.149983 -0.169548
v -0.105874 0.463249 -0.215849
v 0.351963 0.157246 -0.128261
v 0.259503 -0.056042 -0.091859
v 0.13615 0.20732 0.21991
v -0.357084 -0.045731 -0.079764
v -0.026988 -0.210898 -0.25555
v 0.119605 -0.141037 -0.100909
v -0.36241 -0.049521 -0.218241
v -0.189603 0.234952 -0.25555
v -0.420219 0.106272 -0.131505
v 0.043246 0.016085 0.253627
v 0.054585 0.050585 0.236336
v 0.200174 -0.048901 -0.051256
v 0.058978 0.369133 0.13473
v -0.341326 -0.05465 -0.25555
v 0.235163 0.320366 -0.141986
v 0.091211 -0.050084 -0.057954
v 0.002599999999999999 0.352219 -0.121976
v 0.212731 0.128155 0.039519
v 0.165752 0.328281 -0.123022
v -0.220283 0.233713 0.215252
v -0.336055 0.050395 -0.25555
v 0.136144 0.211034 0.176377
v 0.368838 0.310037 -0.213325
v 0.375889 0.09728 -0.066725
v -0.4603 0.090033 -0.198532
v 0.302507 0.298842 -0.25555
v -0.07645 0.319502 -0.25555
v -0.164751 0.496542 0.15466
v -0.085771 -0.100952 -0.086569
v -0.27853 -0.040205 -0.023692
v 0.383207 -0.050167 -0.139379
v -0.32132 0.16194 0.227923
v -0.207 0.344291 -0.125261
v 0.4603 -0.450669 -0.159073
v 0.269107 0.159523 -0.25555
v -0.390504 0.068298 0.244414
v 0.0025999999999999986 0.401275 -0.178365
v 0.142917 0.263245 -0.045619
v -0.051585 -0.025657 0.030002
v -0.129951 -0.007415 0.178018
v -0.207 0.377498 0.175647
v 0.36517 -0.225668 -0.25555
v 0.065314 0.294349 0.112723
v 0.241112 -0.133336 -0.25555
v 0.245582 -0.054621 -0.083674
v 0.187274 0.024024 0.021888
v 0.337871 -0.206555 -0.18609
v 0.16791 -0.196591 -0.110879
v 0.0551 0.266196 0.209529
v 0.255237 -0.099253 -0.175066
v 0.396972 -0.071543 -0.25555
v 0.102584 0.345839 0.002412
v -0.207 0.358649 -0.062025
v -0.391601 0.123449 0.075661
v 0.346964 0.205496 -0.174726
v -0.140622 0.469661 -0.074076
v -0.181852 0.304547 0.202763
v 0.446264 0.235862 -0.196221
v -0.222625 -0.099044 -0.099825
v -0.095676 0.140142 0.231755
v 0.19116 -0.376477 -0.142542
v -0.044728 -0.26871 -0.227472
v 0.227083 0.02571 -0.25555
v 0.308022 0.211309 -0.25555
v 0.012772 0.119169 -0.25555
v 0.367233 0.172743 -0.25555
v 0.196444 0.297793 -0.108182
v 0.4603 0.260601 -0.200925
v -0.285683 0.161455 0.08721
v 0.294802 0.085386 -0.25555
v -0.107465 -0.194292 -0.160333
v -0.357879 0.135027 0.133479
v -0.40346 0.132234 0.233161
v -0.4603 0.029188 -0.116097
v 0.0025999999999999994 0.419115 -0.0452
v -0.165873 0.16409 0.227537
v 0.053669 0.348839 -0.045122
v -0.207332 0.299171 -0.00696
v -0.353405 -0.048749 -0.123991
v 0.395924 0.01021 -0.056265
v -0.394697 0.075881 -0.25555
v 0.40483 0.152099 -0.25555
v 0.22237 -0.001971 -0.25555
v 0.327685 0.037062 -0.25555
v 0.057955 0.239649 -0.25555
v 0.163047 -0.205492 -0.25555
v -0.179003 0.151825 -0.25555
v 0.119007 0.115321 -0.25555
v 0.270202 -0.252221 -0.25555
v 0.228813 -0.30214 -0.25555
v 0.326541 -0.40423 -0.25555
v 0.057334 -0.0028270000000000005 0.207702
v -0.028276 -0.076079 -0.069731
v -0.279773 0.151382 -0.06088
v -0.208004 0.276074 -0.173279
v -0.297941 -0.05329 -0.25555
v -0.0652 0.472079 -0.044429
v 0.0026 0.349206 -0.206919
v 0.113671 0.333523 -0.150679
v 0.158359 0.326642 -0.187719
v -0.331993 0.115369 -0.25555
v 0.172486 0.185914 0.034366
v 0.107082 -0.049519 -0.054699
v -0.176868 -0.132398 -0.200046
v -0.193731 0.46408 0.025471
v -0.319951 -0.059442 -0.167858
v 0.162308 0.201724 0.123688
v 0.304474 -0.40478 -0.147536
v -0.205568 -0.024226 0.044179
v 0.323712 -0.137803 -0.194319
v -0.103177 -0.012181 0.144833
v 0.002574 -0.037917 -0.019127
v -0.0554 0.490318 0.109095
v 0.36701 -0.311431 -0.25555
v 0.005297 0.220133 -0.25555
v 0.291628 -0.208551 -0.171183
v -0.4603 -0.0002620000000000001 0.223591
v 0.4603 -0.212325 -0.25555
v 0.446261 0.216588 -0.25555
v -0.05974 -0.147871 -0.102218
v -0.165873 0.068301 0.244434
v -0.413354 0.131646 0.140748
v -0.330939 0.117557 -0.156085
v -0.155347 -0.110483 -0.09123
v -0.225402 0.22102 -0.046902
v -0.181243 0.25547 0.211421
v -0.435991 -0.040159 -0.241511
v -0.208237 0.277663 -0.101816
v -0.096 -0.207899 -0.182055
v -0.209324 0.273022 -0.059195
v -0.082342 -0.043727 -0.030641
v 0.016428 0.37355 0.116466
v 0.192153 -0.443243 -0.198851
v -0.08102 -0.223245 -0.115539
v 0.251867 -0.26519 -0.144185
v -0.040338 -0.273127 -0.184407
v -0.232334 -0.020583 0.077496
v -0.313929 -0.012109 0.145105
v 0.296182 -0.479458 -0.25555
v 0.190262 0.322208 -0.241511
v 0.051413 -0.009822 0.161539
v 0.411786 0.309043 -0.206373
v -0.137794 0.41953 0.182488
v -0.134122 0.463295 -0.213435
v 0.4603 0.080561 -0.145726
v -0.236586 0.228899 0.187589
v -0.304961 0.13385 -0.071233
v 0.404142 -0.337887 -0.25555
v -0.154366 0.0052 0.25555
v -0.069265 0.46298 -0.241511
v -0.010545 0.0052 0.25555
v -0.251634 0.0052 0.25555
v 0.276859 0.285292 -0.25555
v -0.203353 0.447297 0.004869
v 0.079417 0.204474 0.22041
v 0.382294 0.212903 -0.25555
v -0.022872 0.296137 -0.25555
v 0.019438 0.303174 -0.25555
v -0.014588 -0.089795 -0.25555
v 0.177299 0.119636 -0.25555
v 0.269393 0.032747 -0.25555
v -0.372731 0.028157 -0.25555
v -0.446261 0.115547 0.003772000000000001
v 0.112936 0.251819 0.000427
v 6.500000000000017e-05 0.455225 0.110463
v -0.207478 0.284314 -0.25555
v -0.312989 0.141608 0.060791
v -0.251748 0.192977 0.222436
v -0.25011 0.116193 0.235972
v -0.007666 0.448874 -0.093156
v -0.00164 0.287431 0.205781
v -0.225932 0.228431 0.042597
v -0.199205 -0.113116 -0.092472
v 0.446267 -0.001359 -0.25555
v 0.104437 -0.02905 0.008762
v 0.035814 -0.017059 0.107159
v 0.064107 -0.209025 -0.113046
v 0.379641 -0.315276 -0.176067
v -0.109715 0.116195 0.235981
v -0.067597 0.379618 0.189533
v -0.446263 -0.035727 -0.101601
v -0.276009 -0.072364 -0.095296
v 0.131091 -0.053834 -0.079351
v -0.190942 0.453342 -0.134262
v -0.020945 -0.018793 0.093306
v 0.339536 -0.079629 -0.25555
v -0.215409 -0.011505 0.149257
v 0.102409 -0.306826 -0.130306
v -0.193301 -0.104622 -0.25555
v -0.363229 0.106781 -0.25555
v 0.365268 -0.246737 -0.185503
v -0.020131 -0.205496 -0.112416
v -0.398743 -0.013845 0.132371
v -0.345849 -0.023653 0.049729
v -0.251619 -0.072216 -0.25555
v -0.328923 -0.015229 0.121571
v -0.4603 0.049203 -0.004397
v -0.4603 0.039672 -0.046216
v 0.4603 0.116098 -0.081846
v -0.008064999999999998 0.457104 -0.002778
v -0.320307 0.092245 0.240191
v 0.215083 0.21937 -0.10977
v 0.4603 0.040272 -0.183909
v -0.039518 0.124178 0.234577
v 0.352395 -0.490272 -0.174746
v 0.151207 -0.279454 -0.125481
v 0.378783 0.053644 -0.059786
v 0.362352 -0.385752 -0.16037
v -0.062061 -0.01555 0.119078
v -0.086924 -0.219472 -0.25555
v 0.147134 0.194655 0.083882
v 0.109493 -0.398954 -0.160574
v 0.223932 0.027756 0.043199
v 0.432289 -0.059974 -0.25555
v -0.211319 0.272611 0.056409
v -0.258346 0.180187 0.039158
v -0.086513 0.464366 -0.1719
v 0.292445 0.209738 -0.154938
v -0.291466 -0.069499 -0.17963
v 0.160458 -0.111639 -0.114058
v -0.207 0.424218 0.027325
v -0.207 0.342434 0.0475
v -0.207 0.36573 0.141937
v -0.174233 0.482799 0.07817
v -0.108682 0.481326 0.043587
v -0.223379 -0.102209 -0.208859
v 0.0025999999999999986 0.382941 -0.122844
v 0.149986 0.326719 -0.25555
v -0.137794 0.25988 0.210641
v 0.4034 -0.496687 -0.177743
v -0.186708 -0.009414 0.164195
v -0.264901 0.161085 -0.114137
v -0.10124 -0.005165 0.192919
v 0.079167 -0.18569 -0.108909
v -0.139705 -0.144883 -0.25555
v 0.313303 -0.193824 -0.181275
v -0.207476 0.324064 0.199324
v -0.446261 -0.019208 0.089388
v 0.2306 0.3183 -0.25555
v 0.413432 0.308534 -0.25555
v 0.372407 0.295563 -0.25555
v 0.090306 0.321502 -0.25555
v -0.067597 0.092248 0.240205
v -0.193952 0.068299 0.244422
v -0.165873 0.132158 0.233154
v 0.430496 0.260099 -0.25555
v -0.446263 -0.037873 -0.150191
v -0.224529 0.218192 -0.121114
v -0.446261 -0.022821 0.057167
v 0.031787 -0.343562 -0.192601
v -0.110466 0.470597 -0.062151
v 0.191488 -0.321168 -0.132817
v 0.315747 -0.075634 -0.202854
v -0.123755 0.347688 0.195162
v 0.016426999999999997 0.351214 -0.097545
v 0.024437 -0.151441 -0.102861
v 0.13155 0.335982 -0.066478
v -0.095676 0.443479 0.178275
v -0.095676 0.283828 0.20642
v 0.085655 -0.021662 0.06795
v 0.294615 -0.478496 -0.195006
v -0.276029 -0.024767 0.038899
v 0.247981 -0.362968 -0.140215
v -0.0021629999999999987 0.445952 -0.027725
v -0.180599 -0.130301 -0.25555
v -0.14673 0.485215 0.073647
v 0.333266 -0.415513 -0.149477
v -0.179912 0.108213 0.237393
v -0.053558 0.211984 0.219082
v -0.211106 0.002786 0.24172
v -0.382907 -0.042401 -0.112147
v 0.142855 -0.320887 -0.132775
v 0.19198 -0.238214 -0.118182
v -0.4603 0.060641 0.093547
v -0.4603 0.05111 0.051728
v -0.4603 0.018704 -0.185979
v -0.4603 0.028235 -0.14416
v 0.071175 -0.012611 0.14137
v -0.207 0.383569 -0.142491
v -0.067597 0.267863 0.209236
v -0.25011 0.084264 0.241609
v 0.171643 0.031982 0.067215
v -0.330211 -0.019229 0.089421
v -0.23774 0.194192 -0.115063
v -0.045127 -0.005487 0.190706
v 0.1473 0.095332 0.239659
v 0.040156 -0.113046 -0.092228
v 0.311573 0.165142 -0.083773
v -0.32051 -0.055068 -0.075251
v -0.147169 -0.155648 -0.16935
v -0.207 0.381385 0.029543
v -0.207 0.400798 0.10824
v -0.207 0.319055 0.069965
v -0.207 0.365771 0.083486
v -0.207 0.342393 0.105951
v -0.063352 -0.019551 0.086929
v -0.318436 -0.02541 0.032505
v 0.315289 0.01525 -0.027843
v -0.383748 -0.010595 0.155888
v 0.260078 0.219473 -0.25555
v -0.024824 0.139813 -0.25555
v 0.282391 -0.325504 -0.25555
v 0.217768 0.212436 -0.25555
v 0.02496 0.045886 -0.25555
v 0.126482 0.014357 -0.25555
v -0.277764 0.05471 -0.25555
v 0.214895 0.098993 -0.25555
v 0.262839 0.090829 -0.25555
v 0.401957 0.038656 -0.25555
v 0.168792 0.021394 -0.25555
v 0.291008 0.014824 -0.25555
v -0.240167 0.034067 -0.25555
v 0.025769 -0.239082 -0.25555
v 0.16419 0.235801 -0.25555
v 0.36344 0.102181 -0.25555
v 0.272155 -0.095897 -0.25555
v 0.332287 -0.177344 -0.25555
v 0.397132 -0.231111 -0.25555
v 0.221338 -0.201176 -0.25555
v 0.024204 0.330811 -0.25555
v -0.113126 0.297264 -0.25555
v 0.223746 -0.349004 -0.13774
v -0.095676 0.251898 0.212055
v -0.151772 0.381635 -0.25555
v 0.311619 0.232797 -0.167262
v -0.251072 -0.049066 -0.03847
v -0.295768 -0.06692 -0.147583
v -0.019653 -0.01475 0.125449
v -0.207 0.315679 -0.189688
v 0.272216 -0.376932 -0.142682
v -0.158651 -0.009568 0.16309
v -0.123755 0.204003 0.220497
v -0.067597 0.347689 0.195169
v -0.101688 0.448881 -0.25555
v -0.207 0.349152 -0.25555
v 0.4603 -0.309465 -0.241511
v 0.0026 0.389328 -0.241511
v 0.4603 0.014864 -0.241511
v -0.192961 0.324835 -0.25555
v -0.039518 0.356906 -0.25555
v 0.4603 -0.370309 -0.25555
v -0.046772 -0.172388 -0.106603
v 0.388292 0.215205 -0.186314
v -0.068237 0.479613 0.029413
v 0.262787 -0.306611 -0.141975
v -0.301203 -0.066461 -0.20579
v 0.306495 0.09329 -0.036743
v -0.191096 -0.12186 -0.178251
v -0.085736 0.477154 0.007591
v 0.359714 -0.492305 -0.25555
v -0.287804 -0.018456 0.095802
v -0.039518 0.395582 0.186711
v -0.123755 0.140144 0.231764
v -0.193952 0.13216 0.233167
v -0.197453 0.453495 -0.021873
v -0.400676 -0.01982 0.084145
v -0.207 0.435932 0.074553
v -0.121943 0.0052 0.25555
v -0.340796 0.019026 0.253114
v -0.025801 0.475529 0.031657
v 0.0551 0.298127 0.203903
v -0.135552 0.466193 -0.129513
v -0.067597 0.188037 0.22331
v -0.067597 0.124177 0.234567
v -0.123755 0.076282 0.243013
v 0.4603 -0.324143 -0.209906
v -0.348386 0.092247 0.240203
v -0.109715 0.3876 0.188122
v 0.347936 -0.065041 -0.142862
v -0.446261 0.108231 -0.093215
v 0.036053 -0.207845 -0.112867
v -0.207 0.388418 -0.185287
v -0.073829 -0.007756 0.175797
v -0.018362 -0.010382 0.15755
v 0.25238 -0.163738 -0.25555
v 0.072793 -0.204365 -0.25555
v -0.063341 0.203338 -0.25555
v 0.135798 -0.172369 -0.25555
v 0.150049 0.152759 -0.25555
v 0.024849 -0.196201 -0.25555
v -0.021031 0.210374 -0.25555
v 0.044735 0.113727 -0.25555
v 0.102106 0.160923 -0.25555
v -0.078402 0.163178 -0.25555
v 0.332398 0.064743 -0.25555
v 0.380342 0.056579 -0.25555
v -0.13198 0.186542 -0.25555
v -0.266496 0.024308 -0.25555
v 0.144304 -0.074127 -0.25555
v -0.162102 0.106223 -0.25555
v -0.215679 0.129587 -0.25555
v 0.129243 -0.114286 -0.25555
v -0.114158 0.098059 -0.25555
v -0.149913 0.03294 -0.25555
v 0.171553 -0.10725 -0.25555
v -0.092543 0.080136 -0.25555
v -0.062532 -0.081631 -0.25555
v 0.029674 0.073567 -0.25555
v 0.245826 -0.105655 -0.25555
v 0.305958 -0.187102 -0.25555
v 0.384833 -0.399915 -0.25555
v 0.26733 -0.365664 -0.25555
v 0.357583 -0.366792 -0.25555
v 0.033356 -0.097958 -0.25555
v 0.291817 -0.270144 -0.25555
v 0.33608 -0.106783 -0.25555
v -0.054026 0.016612000000000002 -0.25555
v 0.099233 0.04748 -0.25555
v -0.089781 -0.048507 -0.25555
v -0.170608 0.00798 -0.25555
v 0.036228 0.015484000000000003 -0.25555
v 0.015533 -0.009474999999999999 -0.25555
v -0.218552 0.016144 -0.25555
v -0.185669 -0.032179 -0.25555
v 0.117055 -0.041003 -0.25555
v -0.197857 0.041104 -0.25555
v 0.051289 0.055644 -0.25555
v -0.11703 -0.015384 -0.25555
v 0.089806 -0.00788 -0.25555
v 0.207309 -0.042131 -0.25555
v -0.047471 -0.041471 -0.25555
v 0.185694 -0.024208 -0.25555
v -0.143359 -0.025143 -0.25555
v -0.080354 0.006853 -0.25555
v -0.011716 0.023648000000000002 -0.25555
v 0.195121 0.031152 -0.25555
v 0.126371 -0.227729 -0.25555
v -0.029649 -0.129954 -0.25555
v -0.308806 0.017272 -0.25555
v 0.057732 -0.244525 -0.25555
v 0.105676 -0.252689 -0.25555
v 0.243874 -0.26198 -0.25555
v -0.110476 -0.073467 -0.25555
v -0.099097 0.138219 -0.25555
v -0.04828 0.243498 -0.25555
v -0.081163 0.291821 -0.25555
v -0.041726 0.185415 -0.25555
v 0.071984 0.080603 -0.25555
v 0.180869 -0.293976 -0.25555
v 0.006217999999999999 0.177251 -0.25555
v -0.147041 0.146383 -0.25555
v 0.026913 0.20221 -0.25555
v 0.170744 0.177718 -0.25555
v 0.099122 -0.194606 -0.25555
v 0.15362 -0.260853 -0.25555
v 0.143495 0.210842 -0.25555
v -0.101858 0.266862 -0.25555
v -0.056787 0.145255 -0.25555
v -0.078291 0.405264 -0.25555
v -0.116919 0.226702 -0.25555
v 0.213752 -0.3423 -0.25555
v 0.054162 0.169087 -0.25555
v 0.123498 -0.341172 -0.25555
v 0.207198 -0.284217 -0.25555
v 0.359647 0.03162 -0.25555
v 0.192248 -0.082291 -0.25555
v 0.156492 -0.14741 -0.25555
v 0.116246 0.243965 -0.25555
v 0.051178 -0.186442 -0.25555
v -0.18843 0.096464 -0.25555
v 0.084981 -0.277648 -0.25555
v 0.246635 -0.390623 -0.25555
v 0.114294 0.08764 -0.25555
v 0.171442 -0.349336 -0.25555
v 0.191439 0.202678 -0.25555
v 0.089917 0.234206 -0.25555
v 0.003234 -0.178278 -0.25555
v -0.077593 -0.12179 -0.25555
v 0.255253 -0.050295 -0.25555
v 0.074856 0.194046 -0.25555
v -0.071848 0.105095 -0.25555
v 0.138559 -0.301012 -0.25555
v 0.092679 0.105563 -0.25555
v -0.108412 0.324945 -0.25555
v 0.128434 0.170682 -0.25555
v 0.393339 -0.301672 -0.25555
v 0.288945 -0.383587 -0.25555
v 0.285263 -0.212061 -0.25555
v 0.36252 0.145062 -0.25555
v 0.329637 0.193386 -0.25555
v 0.333207 -0.220225 -0.25555
v 0.312512 -0.245185 -0.25555
v 0.30964 -0.358628 -0.25555
v 0.321019 -0.146942 -0.25555
v 0.368963 -0.155106 -0.25555
v -0.261518 0.185642 0.113074
v -0.153456 -0.05571 -0.048253
v -0.395455 0.0052 0.25555
v -0.236534 0.192603 -0.25555
v -0.401963 -0.023393 0.051944
v -0.285228 -0.010017 0.160042
v -0.356336 -0.012966 0.138736
v -0.119596 -0.159731 -0.104315
v -0.270234 -0.006545 0.183527
v -0.362092 -0.0329 -0.005554000000000001
v -0.376672 -0.038194 -0.028874
v -0.090118 -0.01542 0.120189
v -0.095676 0.188037 0.223311
v -0.095676 0.331722 0.197973
v -0.053558 0.419529 0.182486
v 0.090719 0.267454 0.040734
v 0.020888 -0.231222 -0.116976
v -0.14881 -0.022737 0.058063
v 0.152671 0.136518 0.173656
v 0.046994 0.176823 0.225293
v -0.376164 -0.045515 -0.16021
v -0.312167 -0.060394 -0.125581
v -0.108175 -0.194988 -0.25555
v 0.254312 0.248732 -0.141597
v 0.446263 -0.422968 -0.16366
v -0.278188 0.100229 0.238793
v -0.095716 0.465411 -0.145393
v 0.223201 -0.265603 -0.129049
v 0.101524 -0.395296 -0.241511
v 0.427936 0.009352 -0.061256
v 0.081762 0.336062 -0.225143
v -0.22721 0.237112 0.131847
v -0.151834 0.188038 0.223312
v 0.002599999999999998 0.355296 -0.07344
v 0.4603 -0.191148 -0.204807
v -0.358268 -0.019126 0.090532
v -0.092967 0.472439 -0.040269
v -0.266443 0.16452 -0.03995
v 0.073747 0.283498 0.083365
v -0.052825 0.465412 -0.145372
v 0.088181 0.337561 -0.139618
v -0.204277 -0.020707 0.076384
v 0.175113 -0.348721 -0.137707
v -0.4603 0.054924 0.163979
v -0.004341 -0.16623 -0.105447
v -0.150911 0.471777 -0.047923
v -0.207 0.315781 -0.060603
v 0.303348 0.312907 -0.241511
v 0.254834 0.316296 -0.241511
v 0.386441 -0.069033 -0.165231
v -0.341341 -0.009689 0.162249
v 0.244291 0.078295 0.012714
v 0.161448 0.331302 -0.079815
v 0.413166 -0.243491 -0.193161
v 0.378582 -0.218135 -0.192984
v 0.330334 -0.333668 -0.25555
v -0.140486 0.0883 -0.25555
v 0.006106 -0.064835 -0.25555
v -0.107603 0.039976 -0.25555
v -0.026777 -0.016511 -0.25555
v 0.216625 -0.228857 -0.25555
v 0.189375 -0.195733 -0.25555
v 0.108549 -0.139246 -0.25555
v 0.125865 0.329801 -0.241511
v 0.007112000000000001 -0.018909 0.092193
v -0.174285 -0.015029 0.12352
v 0.35622 0.076722 -0.056727
v 0.126385 0.330433 -0.191525
v -0.207 0.308602 -0.092221
v 0.270714 0.09911 -0.013881
v 0.275211 -0.278501 -0.152321
v -0.106404 -0.022056 0.064449
v 0.126534 0.333203 -0.12092
v -0.217337 -0.017804 0.101071
v -0.133169 -0.01819 0.097738
v -0.0008849999999999995 -0.090014 -0.080117
v -0.247974 -0.024879 0.037785
v -0.259745 -0.018586 0.094697
v 0.075377 0.338294 -0.169396
v -0.146234 -0.015154 0.12242
v 0.225363 0.088062 0.031002
v -0.001842 0.061989 0.245543
v 0.164724 0.142492 0.126962
v -0.022239 -0.022393 0.06111
v -0.368994 0.113414 -0.050577
v 0.163717 0.253512 -0.068499
v -0.375193 -0.0272 0.018656
v 0.36422 -0.149589 -0.202377
v -0.369712 0.108176 -0.140552
v -0.388978 0.115776 0.001822
v 0.171812 0.101835 0.115285
v 0.191091 0.093418 0.077944
v -0.396573 0.119615 0.043855
v -0.093343 -0.024675 0.039728
v -0.207 0.382448 -0.084049
v -0.207 0.363362 -0.104655
v -0.00918 -0.025007 0.036387
v 0.255587 -0.223459 -0.153349
v -0.213791 0.244355 -0.241513
v 0.318317 -0.249154 -0.173116
v 0.323526 0.111881 -0.049089
v 0.181537 0.133875 0.088495
v -0.058943 0.46418 -0.177189
v 0.27278 -0.250797 -0.156181
v 0.157685 -0.426528 -0.179455
v 0.391958 -0.189484 -0.200142
v -0.025477 -0.037729 -0.018002
v -0.278674 0.161714 0.044906
v -0.307494 0.150154 0.108343
v 0.066731 0.22934 0.118182
v -0.069332 -0.057887 -0.051082
v -0.224954 0.252344 0.197715
v 0.339946 0.164959 -0.165376
v 0.053191 -0.136759 -0.099776
v 0.336375 -0.276076 -0.173543
v -0.207 0.412567 -0.019883
v -0.00224 -0.118932 -0.094587
v 0.411749 -0.07899 -0.222058
v 0.060798 0.359057 0.064026
v -0.250855 0.207092 0.177198
v -0.339494 0.121056 -0.039564
v 0.225369 0.005921000000000001 -0.080793
v -0.332544 0.120591 -0.081877
v -0.293058 0.161713 0.129459
v 0.03258 -0.025996 0.026663
v -0.299778 0.17054 0.212149
v 0.178496 0.314462 -0.094479
v -0.222186 0.224863 -0.089488
v 0.149955 0.197542 0.180601
v -0.249325 0.181452 -0.061627
v 0.195309 0.178935 -0.086228
v -0.098076 -0.068174 -0.06203
v 0.314372 -0.290993 -0.164532
v -0.063277 0.483613 0.061568
v 0.28167 0.173709 -0.035094
v 0.371983 0.003853 -0.092485
v 0.172671 -0.154549 -0.11589
v -0.305408 0.140998 0.018614
v -0.166417 0.461545 -0.241511
v 0.348025 -0.317121 -0.169255
v -0.052897 -0.031765 -0.0018909999999999992
v -0.054641 -0.213303 -0.25555
v 0.046713 0.27003 -0.25555
v 0.4603 0.239378 -0.225393
v 0.232431 -0.307425 -0.13041
v -0.015498 0.45362 -0.160746
v 0.204751 -0.21018 -0.12791
v 0.350569 -0.34476 -0.165031
v -0.029617 -0.103063 -0.08755
v -0.363255 0.106891 -0.227266
v -0.305374 -0.028881 0.007895
v 0.356133 0.297123 -0.193423
v -0.283945 0.14617 -0.092606
v 0.391494 -0.356147 -0.170709
v 0.4603 -0.367139 -0.173785
v -0.017134 0.478159 0.095825
v -0.101451 0.487687 0.091258
v -0.111059 -0.05176 -0.04337
v -0.4603 0.099487 0.112277
v -0.178815 0.477195 0.04654
v 0.0008270000000000005 0.426675 -0.143895
v -0.108962 -0.031084 0.000399
v -0.235588 -0.031982 -0.002534
v -0.216081 0.24288 -0.068874
v -0.35216 0.11259 -0.119163
v -0.402758 0.104885 -0.167602
v -0.255543 0.186914 0.070699
v 0.202529 -0.182364 -0.13143
v -0.128662 0.476957 0.005785
v -0.00132 0.278191 -0.25555
v 0.020347 0.260226 -0.25555
v -0.030493 0.473388 -0.000547
v -0.300554 0.138785 -0.039554
v 0.014785000000000001 -0.060246 -0.053636
v -0.026893 -0.053917 -0.046172
v 0.208095 -0.293558 -0.127921
v -0.279667 -0.05762 -0.050956
v -0.237655 0.200489 -0.025032
v -0.161272 0.473748 -0.02177
v -0.204739 0.429982 -0.128016
v -0.0577 -0.101987 -0.086992
v -0.025318 0.466263 -0.058266
v -0.152077 -0.038937 -0.020634
v -0.4603 -0.034105 -0.077336
v 0.179723 -0.437976 -0.227576
v -0.4603 -0.038819 -0.19071
v -0.238389 -0.075917 -0.069522
v -0.403685 -0.042899 -0.241511
v -0.195284 0.471448 0.099876
v 0.0025999999999999994 0.375387 -0.002144
v -0.312007 0.127389 -0.118893
v -0.33116 0.142336 0.129061
v -0.316923 0.121847 -0.227479
v -0.214645 0.249996 -0.037167
v -0.244793 0.202777 0.091251
v 0.0025999999999999986 0.387078 -0.027518
v -0.150617 -0.028635 0.00985
v 0.289524 0.132364 -0.033145
v -0.164186 0.355602 -0.25555
v -0.042977 0.032702 0.250704
v -0.195108 -0.049588 -0.040204
v -0.320927 -0.043012 -0.029349
v -0.296392 0.143948 -0.007713
v 0.0026000000000000003 0.417179 0.003429
v 0.051247 0.297518 -0.25555
v -0.243558 0.194433 0.001714
v 0.00137 0.442784 0.069257
v -0.178157 -0.025968 0.026951
v -0.391696 0.107865 -0.103946
v -0.043603 -0.268419 -0.151569
v -0.195171 0.447431 -0.165745
v 0.374137 -0.426477 -0.155472
v 0.0025999999999999994 0.409613 -0.104744
v 0.42789 0.175636 -0.184567
v -0.427898 0.103616 -0.227707
v -0.419772 0.143637 0.216881
v 0.149027 0.085232 0.20857
v 0.446264 0.04897 -0.069662
v 0.060782 -0.131229 -0.25555
v -0.432238 -0.033972 -0.061098
v -0.035133 0.471163 -0.032453
v -0.101211 -0.138161 -0.100169
v -0.4603 0.005699 0.062118
v -0.238447 0.208283 0.064687
v -0.208103 -0.037848 -0.018369
v -0.171149 0.474419 0.00461
v -0.280644 0.145861 -0.150689
v 0.356677 0.164508 -0.08731
v 0.0025999999999999986 0.377788 -0.175399
v -0.227916 0.220848 0.011175000000000001
v 0.4603 -0.44326 -0.241511
v -0.33256 0.127661 0.007822000000000003
v 0.099288 0.289237 -0.25555
v 0.205981 -0.140737 -0.140996
v 0.286784 0.015284 -0.027524
v 0.165054 -0.431077 -0.25555
v -0.223355 0.239539 0.089555
v 0.058764 -0.045319 -0.25555
v 0.043064 -0.333306 -0.134947
v -0.25983 0.164438 -0.156466
v 0.090418 -0.386216 -0.144306
v -0.432221 -0.025335 0.03298
v 0.321396 -0.470198 -0.159086
v 0.221925 -0.441254 -0.25555
v 0.272052 -0.404584 -0.147559
v -0.446472 0.060715 0.245746
v 0.149929 -0.407938 -0.25555
v 0.374399 0.152027 -0.158018
v 0.093761 0.077228 0.242851
v 0.044648 -0.337221 -0.25555
v 0.162344 0.046797 0.151015
v 0.421255 0.1508 -0.165145
v 0.023929 -0.153319 -0.25555
v 0.166375 -0.059315 -0.110353
v 0.160016 -0.427044 -0.151505
v 0.390429 -0.25901 -0.187644
v -0.210457 0.280291 0.087897
v 0.01219 -0.123092 -0.25555
v 0.194823 -0.443815 -0.168227
v -0.216454 0.249626 0.020638
v 0.340905 0.270015 -0.184208
v 0.398335 -0.469103 -0.25555
v 0.282665 -0.071123 -0.177109
v 0.4603 -0.370786 -0.227746
v 0.242724 -0.432974 -0.152565
v 0.332856 -0.001041 -0.120077
v 0.214548 0.010291 -0.055884
v 0.069917 0.056602 0.206744
v 0.086961 0.191 0.063018
v -0.240971 0.187969 -0.146176
v 0.289183 -0.18085 -0.175068
v 0.241462 0.16193 -0.101806
v -0.071636 0.468348 -0.092866
v 0.181722 0.170693 -0.052185
v 0.063262 0.204337 0.13867
v -0.357128 0.122543 0.029072
v 0.314427 0.155262 -0.139961
v -0.025105 -0.268115 -0.12344
v -0.18222 -0.079565 -0.072519
v 0.238254 -0.024594 -0.08425
v 0.046829 0.369426 0.123235
v -0.031553 0.464709 -0.108147
v 0.132169 0.181201 0.007301
v 0.204509 0.166953 -0.073379
v 0.183968 -0.049704 -0.05568
v 0.446606 0.062899 -0.25555
v 0.4603 0.156 -0.13565
v 0.074273 0.34405 0.071012
v -0.169969 0.032507 0.250739
v 0.116557 0.208826 0.0018789999999999996
v -0.208075 0.299583 0.108167
v 0.196148 0.189156 0.05274
v 0.230273 0.167997 0.011367000000000006
v 0.090966 0.195669 0.089421
v -0.067543 0.473289 0.173007
v -0.432236 -0.039292 -0.174484
v -0.192961 0.38833 -0.25555
v 0.088771 0.050295 0.170939
v 0.167428 0.171885 0.114074
v 0.4603 -0.236642 -0.241511
v 0.281889 -0.028868 -0.108614
v -0.432552 -0.0027029999999999997 0.208428
v 0.210964 0.071602 -0.25555
v -0.226967 0.211578 -0.152761
v 0.4603 -0.137542 -0.227612
v 0.418956 0.26778 -0.199963
v 0.135652 -0.168756 -0.105947
v 0.415947 0.120815 -0.25555
v -0.356487 0.002779 0.241721
v -0.404197 -0.034237 -0.029399
v -0.209373 0.296677 0.149454
v -0.250023 -0.087883 -0.1972
v 0.432529 -0.285113 -0.25555
v 0.219578 0.321554 -0.148058
v -0.418586 0.06178 -0.25555
v -0.352286 0.127061 0.059955
v 0.058266 0.039769 0.19199
v 0.081147 0.221047 0.072431
v 0.396576 -0.098415 -0.25555
v 0.041493 0.358557 0.03437
v 0.234218 -0.083107 -0.16741
v -0.207 0.343185 -0.195335
v -0.209885 0.27576 0.015
v 0.302287 -0.349637 -0.150082
v 0.145267 0.201218 -0.037708
v 0.274107 0.060427 -0.25555
v 0.385651 -0.495764 -0.242756
v -0.115602 0.468331 -0.093139
v 0.105574 0.304465 0.003951
v 0.064822 -0.368211 -0.141086
v -0.446823 0.104446 -0.183582
v -0.050554 -0.259318 -0.121941
v 0.026749 0.266681 0.209453
v -0.217271 0.234274 -0.172767
v 0.333136 -0.46042 -0.25555
v -0.167435 -0.136907 -0.114072
v 0.01642 0.378468 0.148538
v 0.4603 -0.212325 -0.228684
v -0.006663 -0.309309 -0.242128
v -0.432848 -0.031701 -0.029826000000000002
v 0.0026 0.39563 0.057459
v 0.090807 0.308868 0.033209
v 0.4603 0.145225 -0.223718
v -0.4603 0.016809 0.157945
v 0.155761 0.064674 0.17159
v 0.109555 -0.368433 -0.25555
v -0.4603 0.024282 -0.228114
v 0.350471 0.271688 -0.25555
v -0.207 0.344738 0.006471
v -0.265575 -0.018573 -0.25555
v -0.277992 0.170585 0.226388
v -0.4603 -0.007409000000000001 0.177762
v 0.110682 -0.037613 -0.018117
v 0.301851 0.179925 -0.153884
v -0.14049 0.5 0.1683
v 0.143511 -0.210284 -0.11325
v 0.357718 -0.052572 -0.25555
v -0.207023 0.310336 0.039171
v -0.40386 0.045516 0.248429
v 0.4603 0.022375 -0.144968
v -0.362438 0.12775 0.085841
v -0.225769 0.159708 -0.25555
v 0.026898 0.047279 0.248132
v 0.033392 -0.286391 -0.126692
v 0.39842 -0.469451 -0.158939
v -0.207 0.354361 -0.022232
v 0.062369 0.353879 0.022508
v 0.241131 -0.15308 -0.158656
v -0.146225 0.492879 0.125652
v -0.209532 0.266522 -0.147798
v 0.381656 -0.18498 -0.25555
v -0.2998 0.166176 0.186037
v 0.447417 -0.159132 -0.25555
v -0.00766 0.095754 -0.25555
v 0.303008 -0.06494 -0.142261
v -0.151834 0.331723 0.197979
v 0.233895 0.201482 -0.120238
v -0.433274 0.098966 0.239021
v 0.290854 0.255348 -0.25555
v 0.275191 0.302507 -0.162734
v -0.054432 0.449676 -0.25555
v 0.323511 -0.070942 -0.176427
v -0.213053 -0.106113 -0.13185
v 0.078034 0.039725 0.110874
v -0.151834 0.395583 0.186717
v -0.4603 -0.029585 -0.014057
v 0.084358 -0.00363 0.101667
v 0.419562 -0.315059 -0.25555
v -0.4603 0.009134 -0.25555
v -0.180622 0.371933 0.190887
v -0.4603 0.083583 0.241731
v 0.228343 0.138555 -0.25555
v -0.113811 -0.099811 -0.086082
v -0.257787 0.165253 -0.212923
v 0.191972 0.322416 -0.211106
v -0.432221 -0.014199 0.129605
v 0.4603 0.014631 -0.174775
v 0.4603 -0.403551 -0.194035
v -0.073336 0.03107 0.250992
v -0.207 0.301419 -0.123843
v -0.207 0.37703 -0.042875
v 0.093228 0.061146 0.23236
v 0.434105 0.212022 -0.191389
v 0.016423 0.366935 0.068229
v 0.373396 -0.075589 -0.20259
v 0.247029 0.249214 -0.25555
v -0.397178 -0.043169 -0.196116
v 0.179321 0.039489 0.10959
v -0.374523 0.129297 0.111604
v -0.4603 -0.010087 -0.127843
v 0.418818 -0.11999 -0.215456
v 0.25615 -0.00674 -0.25555
v 0.028967 0.234267 0.215163
v -0.077287 0.495455 0.141561
v 0.041956 0.342392 -0.215227
v 0.060392 0.232817 0.149859
v 0.209444 -0.450913 -0.229452
v -0.268946 -0.0015419999999999998 0.215536
v -0.180216 0.417303 0.182889
v -0.335059 0.114512 0.236276
v -0.4603 0.003455 -0.157366
v -0.4603 0.08749 -0.018225
v -0.095018 0.04606 0.248351
v -0.159523 0.467207 -0.110257
v 0.362297 -0.339111 -0.25555
v -0.403512 0.106453 0.237695
v 0.086034 -0.334389 -0.135144
v 0.367379 -0.005207 -0.143859
v 0.35414 -0.435298 -0.25555
v 0.420317 -0.422719 -0.162248
v 0.421243 -0.004319 -0.138553
v -0.207 0.401516 -0.063446
v 0.064404 0.337377 0.109614
v -0.058698 -0.166654 -0.25555
v -0.119598 -0.179959 -0.121939
v -0.011439 0.427513 0.181086
v -0.064592 -0.245369 -0.213201
v -0.207 0.326689 -0.144274
v -0.271987 0.099275 -0.25555
v 0.018807 0.100582 0.23873
v -0.040875 0.458104 0.17569
v -0.4603 0.021594 0.081923
v -0.207 0.402046 0.185575
v 0.433613 0.145457 -0.25555
v -0.281581 -0.074234 -0.228589
v -0.085201 -0.001723 0.214398
v 0.312353 -0.089643 -0.25555
v -0.379745 0.030642 0.25106
v -0.010379999999999999 -0.304184 -0.155661
v 0.422059 -0.456988 -0.156785
v 0.092034 -0.240159 -0.118546
v 0.419838 -0.020586 -0.15005
v 0.166813 -0.050671 -0.25555
v -0.434564 0.039355 -0.25555
v -0.4603 0.007439 -0.074844
v -0.4603 0.068493 -0.075747
v -0.377937 -0.019354 -0.25555
v 0.184662 -0.223414 -0.25555
v 0.02165 -0.00944 0.164
v -0.352641 -0.00392 0.200742
v -0.300268 0.0008500000000000002 0.230252
v 0.261388 -0.435605 -0.25555
v 0.347838 -0.26667 -0.25555
v 0.13837 -0.04876 -0.050425
v 0.167283 0.283519 -0.25555
v 0.287353 0.314188 -0.215764
v 0.105464 -0.170811 -0.106288
v -0.23607 0.044353 0.248652
v -0.348386 0.060317 0.245831
v -0.124984 0.046449 0.248282
v -0.203 0.032853 0.250678
v -0.4603 0.064255 -0.214408
v -0.006891999999999998 -0.3089 -0.215287
v -0.205934 0.427475 -0.071534
v 0.178331 0.275413 -0.087418
v 0.356734 -0.070466 -0.173587
v -0.394005 0.112775 -0.030035
v 0.4603 0.145755 -0.25555
v -0.207 0.348278 -0.165489
v 0.155757 -0.055066 -0.086358
v -0.419462 0.123935 0.082162
v 0.188305 -0.014676 -0.046813
v 0.4603 -0.0018299999999999987 -0.124671
v -0.187397 0.457365 -0.104538
v -0.146879 0.230484 -0.25555
v -0.375161 0.105988 0.237776
v -0.4603 0.122887 0.176888
v 0.407824 -0.381423 -0.168346
v 0.251271 -0.204936 -0.25555
v 0.082106 -0.088235 -0.078857
v 0.382296 0.165712 -0.080488
v -0.4603 -0.0066170000000000005 -0.046749
v 0.40769 0.122788 -0.078424
v 0.280543 -0.475186 -0.227472
v 0.303345 -0.452696 -0.25555
v -0.322276 0.045427 0.248453
v 0.175207 -0.391493 -0.25555
v 0.108675 -0.063214 -0.075177
v -0.365501 0.144584 0.20509
v 0.362528 0.126649 -0.067734
v -0.152513 0.419019 -0.25555
v 0.200085 0.257749 -0.25555
v 0.201866 0.147559 0.05113
v 0.181781 0.076222 0.09809
v 0.138466 0.028309 0.046323
v 0.232618 -0.061471 -0.122597
v -0.267597 0.188013 0.168992
v 0.4603 0.044477 -0.113423
v 0.180778 0.07775 -0.25555
v 0.072146 0.347797 -0.023396
v -0.062055 -0.204526 -0.112298
v -0.082407 -0.163342 -0.25555
v 0.253967 0.166345 -0.076951
v -0.290832 0.136338 -0.25555
v 0.308533 -0.033926 -0.119825
v -0.365553 0.148889 0.230217
v 0.09636 -0.065963 -0.25555
v 0.434218 0.100503 -0.25555
v 0.095773 0.007361 0.073846
v 0.4603 0.084165 -0.076229
v 0.022736 -0.336271 -0.216658
v 0.240565 0.318586 -0.178638
v 0.135243 -0.368769 -0.25555
v 0.4603 -0.459211 -0.216108
v 0.352666 0.005057 -0.25555
v -0.4603 0.098259 0.079316
v 0.311426 0.144204 -0.048467
v 0.194271 -0.054103 -0.08091
v 0.1473 0.172781 0.225999
v 0.0008519999999999997 0.17824 0.225042
v 0.39572 0.281785 -0.199307
v -0.232025 0.200407 -0.212399
v 0.069029 0.015683999999999997 0.143935
v 0.206399 0.250571 -0.108254
v 0.148309 0.122895 0.209258
v 0.030274 0.346505 -0.141922
v -0.207 0.327715 0.157265
v 0.378075 -0.454222 -0.25555
v 0.4603 -0.048043 -0.19966
v -0.119235 -0.183132 -0.227472
v -0.353959 0.142764 0.178778
v 0.391884 0.309166 -0.228669
v -0.015395 0.315131 0.200902
v 0.222554 0.319328 -0.216359
v 0.421113 -0.220431 -0.25555
v 0.194183 0.016315 -0.021862
v 0.275437 -0.458035 -0.15694
v 0.091542 0.339377 -0.096899
v 0.072696 -0.280456 -0.125648
v -0.155875 0.252643 -0.25555
v -0.23783 -0.048783 -0.25555
v -0.009824000000000001 0.446995 -0.216633
v 0.150005 0.326879 -0.230455
v -0.190633 0.451021 -0.208052
v 0.043433 0.348121 -0.076022
v -0.432221 0.127267 0.108486
v 0.396849 0.25009 -0.25555
v 0.315868 -0.047906 -0.25555
v 0.017708 -0.331078 -0.173678
v 0.129722 -0.380885 -0.143348
v 0.253743 -0.315954 -0.25555
v -0.112885 -0.00166 0.214802
v -0.194489 0.453479 0.176504
v 0.255776 0.316743 -0.202168
v 0.4603 -0.278314 -0.216246
v -0.207753 0.278874 -0.21497
v 0.405361 -0.160773 -0.20699
v 0.4603 0.039181 -0.227471
v 0.295655 -0.140499 -0.184681
v -0.402333 -0.038512 -0.091409
v -0.4603 0.033718 0.177202
v 0.379216 -0.105654 -0.21295
v 0.420153 -0.176492 -0.25555
v -0.038006 0.492311 0.131023
v -0.025479 0.164089 0.227528
v 0.4603 0.084308 -0.116197
v -0.128895 -0.131911 -0.098589
v -0.278188 0.03637 0.250058
v -0.309061 -0.024635 -0.25555
v -0.341086 -0.054261 -0.201198
v 0.257119 0.151547 -0.011968999999999997
v 0.047495 -0.053986 -0.046024
v 0.231265 0.013598 -0.037106
v 0.245978 0.178743 -0.0066199999999999965
v 0.4603 0.192271 -0.230655
v -0.4603 0.060639 -0.145261
v 0.159426 0.002463 -0.020604
v 0.1343 0.294105 -0.03968
v 0.100551 0.213634 0.029717
v -0.144089 -0.001487 0.215886
v 0.252611 0.002873 -0.098097
v 0.196796 0.322999 -0.169039
v 0.341068 0.130672 -0.060366
v -0.4603 0.086123 -0.050976
v 0.109349 0.199644 0.112107
v 0.002599999999999999 0.388979 -0.217183
v 0.4603 -0.058917 -0.23139
v -0.018495 -0.277541 -0.25555
v -0.4603 0.079545 -0.099376
v -0.256268 -0.083564 -0.149162
v -0.326148 0.151183 0.176414
v 0.125884 0.051476 0.177503
v -0.139293 -0.16179 -0.143108
v 0.294488 -0.044397 -0.25555
v -0.323523 -0.00166 0.21485
v 0.300827 0.260357 -0.167602
v -0.418182 0.108238 -0.093216
v -0.006193 -0.233639 -0.25555
v 0.386896 -0.001504 -0.25555
v -0.207 0.408597 -0.25555
v 0.151371 -0.251805 -0.120588
v -0.161099 0.281844 -0.25555
v -0.4603 0.064098 0.220037
v 0.4603 0.111034 -0.206981
v -0.138789 -0.111736 -0.25555
v -0.4603 -0.0018679999999999999 -0.015539
v 0.0025999999999999994 0.413832 -0.228158
v -0.4603 0.08953 0.011175
v 0.419993 0.065454 -0.25555
v 0.208574 -0.131276 -0.25555
v 0.435674 -0.254892 -0.192883
v 0.446261 -0.410838 -0.25555
v 0.4603 -0.020232 -0.152149
v 0.253545 0.008343 -0.066997
v 0.210431 0.171782 -0.045982
v 0.231462 -0.414768 -0.149303
v 0.028554 0.35354 -0.037706
v 0.0025999999999999994 0.413645 -0.25555
v -0.207 0.380467 -0.230206
v -0.163015 0.463287 -0.18137
v 0.042411 0.343453 -0.169276
v 0.253785 -0.466711 -0.196764
v 0.108722 0.119312 0.235427
v 0.4603 -0.499511 -0.196565
v 0.0026 0.390454 0.035901
v 0.297456 -0.100524 -0.192287
v 0.380997 -0.494837 -0.204395
v -0.024322 0.335575 -0.25555
v 0.264958 -0.470732 -0.25555
v 0.421767 0.236132 -0.194681
v 0.023172 -0.005051000000000001 0.193692
v -0.151834 0.283827 0.206415
v 0.268613 0.191336 -0.25555
v 0.128293 0.217748 -0.017718
v -0.20899 0.303912 0.178002
v 0.40491 -0.327431 -0.17755
v 0.081303 -0.381795 -0.227471
v -0.059919 -0.249627 -0.159326
v 0.241784 -0.462922 -0.218244
v 0.115508 0.204012 0.13667
v 0.4603 -0.436564 -0.184894
v 0.002535 0.031073 0.250991
v 0.4603 0.054593 -0.140664
v -0.4603 0.131683 0.140606
v 0.118894 -0.359083 -0.139518
v 0.202281 -0.092113 -0.147227
v 0.119082 0.158894 0.22844
v -0.073642 -0.168225 -0.105838
v 0.268744 0.046262 -0.003018
v 0.241689 -0.179783 -0.154241
v 0.4603 0.117604 -0.12104
v -0.082205 -0.224675 -0.216339
v 0.078225 -0.122091 -0.095766
v -0.376396 -0.040598 -0.061206
v -0.308616 0.126368 -0.190331
v 0.4603 0.27559 -0.231091
v 0.057354 0.315682 0.158078
v 0.23137 -0.458734 -0.181325
v 0.423519 -0.09573 -0.25555
v -0.4603 0.092784 0.150944
v 0.306797 0.184921 -0.25555
v -0.204663 0.427652 -0.202442
v -0.23607 0.156106 0.228935
v 0.387741 0.190184 -0.181808
v 0.120604 0.038973 0.106463
v 0.15895 -0.395212 -0.145868
v 0.287105 0.140302 -0.25555
v -0.143355 0.464281 -0.174318
v 0.153995 0.050488 -0.25555
v -0.25416 0.077257 -0.25555
v -0.058576 0.001085 0.231552
v 0.227336 0.264441 -0.25555
v 0.102711 0.045825 0.145685
v -0.071736 0.347182 -0.25555
v -0.4603 0.035983 0.209532
v -0.135774 0.322107 -0.25555
v 0.056253 0.346579 0.165365
v 0.223073 0.018073 -0.01169
v 0.309357 0.054617 -0.031553
v 0.078764 0.104643 0.238011
v 0.4603 0.078513 -0.242201
v -0.20679 0.181195 -0.25555
v 0.07927 0.317451 0.060766
v 0.159245 0.01967 -0.002686
v -0.339766 -0.015658 -0.25555
v 0.198152 -0.418668 -0.150021
v 0.116099 0.0016989999999999996 0.03761
v -0.165111 -0.076427 -0.25555
v 0.135731 0.333881 -0.088652
v 0.024665 -0.302169 -0.25555
v -0.367906 0.052383 -0.25555
v -0.4603 0.007732 0.110511
v 0.091474 0.34249 -0.052757
v 0.19312 -0.06002 -0.114348
v 0.156467 -0.034599 -0.01068
v -0.4603 0.085819 0.202377
v -0.024016 0.344577 0.195705
v 0.42143 -0.072245 -0.183621
v -0.4603 0.013434 0.037344
v 0.436175 -0.351059 -0.175952
v 0.07247 -0.249328 -0.120131
v 0.408091 -0.386521 -0.25555
v 0.324402 0.189474 -0.164461
v 0.097866 0.21139 0.178578
v -0.042278 0.423606 -0.25555
v -0.241343 0.215782 0.151162
v -0.198496 -0.11741 -0.200771
v 0.05934 0.130525 0.233457
v 0.118951 0.317224 -0.020978
v -0.42432 0.111712 -0.041488
v -0.151834 0.443479 0.178272
v 0.182724 -0.102944 -0.132253
v -0.221536 0.2213 -0.227482
v 0.136346 -0.416013 -0.227472
v -0.0954 0.475243 0.172668
v -0.4603 0.080118 0.052745
v 0.407513 -0.149463 -0.25555
v -0.4603 0.061594 0.12161
v 0.057705 -0.313691 -0.25555
v 0.060314 0.339758 -0.198182
v 0.432811 0.156183 -0.134271
v -0.051553 0.463238 -0.216443
v 0.007665 -0.301912 -0.129418
v -0.448187 -0.027655 -0.25555
v 0.317773 0.160041 -0.112532
v 0.066703 0.151158 0.229811
v 0.058685 -0.021059 0.073835
v -0.4603 0.082042 -0.132468
v -0.4603 0.063939 -0.186244
v 0.068364 0.045095 0.141345
v 0.098612 -0.393046 -0.201685
v -0.421207 0.104005 -0.199803
v -0.432221 0.119579 0.044099
v 0.420773 0.21852 -0.25555
v 0.160256 0.086043 0.150879
v -0.200803 -0.068706 -0.25555
v 0.160052 -0.029931 -0.25555
v -0.285045 0.140832 -0.217402
v -0.379698 0.139292 0.185031
v 0.4603 0.078432 -0.203491
v 0.157504 0.179292 -0.0036570000000000014
v 0.4603 0.006208 -0.078919
v 0.167913 0.326445 -0.160408
v -0.102037 0.420606 -0.25555
v 0.070853 -0.034771 -0.011396
v -0.205574 0.453483 0.135643
v 0.118245 0.214148 0.194049
v -0.181256 0.487837 0.132827
v 0.352962 -0.465592 -0.158271
v -0.031764 0.485828 0.170807
v -0.0234 0.410045 -0.25555
v 0.4603 -0.482835 -0.161337
v 0.176679 0.159076 0.093993
v -0.4603 -0.0030910000000000004 0.014559
v 0.234376 0.053015 0.027151
v 0.359443 -0.035426 -0.1365
v 0.072883 -0.308314 -0.130534
v 0.07478 -0.095171 -0.25555
v 0.204282 -0.066809 -0.152998
v -0.021543 -0.237399 -0.11802
v -0.381955 0.104686 -0.20612
v 0.398625 -0.047619 -0.25555
v -0.242995 -0.091966 -0.241511
v -0.163759 0.359275 0.193112
v 0.049862 0.079314 0.242479
v 0.289865 -0.426468 -0.25555
v -0.012747 0.469427 0.173688
v 0.0026 0.404871 0.119828
v -0.406332 0.007972 -0.25555
v 0.118938 -0.255794 -0.12128
v 0.4603 -0.349889 -0.215351
v -0.015076999999999997 0.45153 -0.25555
v -0.19562 0.212933 0.218917
v -0.207 0.308622 -0.21769
v 0.067992 0.262484 0.10737
v 0.041584 0.366649 0.098199
v 0.417716 -0.448239 -0.25555
v 0.372605 -0.0011729999999999998 -0.120925
v 0.002599999999999998 0.383278 -0.075516
v 0.421196 -0.019414 -0.25555
v 0.266655 -0.067129 -0.154798
v 0.254476 0.185385 -0.130525
v 0.108729 0.179716 0.224776
v 0.083974 0.2077 0.157747
v 0.448419 0.159709 -0.18283
v 0.368118 0.255628 -0.25555
v 0.056441 0.343574 -0.115503
v 0.197432 0.176729 -0.017869
v 0.4603 0.120369 -0.176139
v 0.421043 -0.261146 -0.25555
v 0.069485 -0.372804 -0.182214
v 0.014301 0.346757 -0.243672
v -0.170577 0.001172 0.232152
v -0.186544 0.439472 -0.25555
v 0.055354 0.227979 0.204196
v 0.01429 0.383516 0.176771
v 0.419806 0.196103 -0.25555
v 0.135432 0.075089 0.243231
v -0.4603 0.1035 -0.239339
v -0.448432 0.134312 0.232778
v -0.448433 0.144009 0.219021
v 0.203979 0.055594 0.064203
v -0.448432 0.003188 0.243854
v -0.448432 0.091632 -0.25555
v -0.435983 0.019024 0.253103
v 0.050756 0.202337 0.220794
v 0.448449 0.296889 -0.207039
v 0.448415 -0.091105 -0.222205
v -0.175331 0.484869 0.170975
v 0.4603 0.150265 -0.099883
v 0.448431 0.020772 -0.064756
v -0.420533 0.137377 0.1786
v 0.448448 0.152332 -0.087949
v -0.4603 0.026709 0.237496
v -0.249017 -0.085835 -0.11841
v -0.030131 -0.0018190000000000005 0.21416
v 0.0026 0.360609 -0.243741
v 0.4603 -0.488091 -0.243706
v -0.4603 -0.027696 -0.243746
v -0.227351 -0.001096 0.218326
v 0.069569 -0.344091 -0.25555
v 0.037886 -0.072415 -0.065958
v 0.135991 0.061379 0.23386
v 0.0026000000000000003 0.403565 0.185306
v -0.13136 -0.17083 -0.202977
v -0.022409 0.080196 -0.25555
v 0.4603 -0.055717 -0.157891
v -0.214538 0.275338 0.16789
v 0.436671 -0.286896 -0.187256
v -0.03957 -0.253484 -0.25555
v 0.328716 0.236268 -0.25555
v 0.282232 0.164998 -0.084438
v 0.027021 0.315039 0.200918
v -0.127531 0.382915 -0.25555
v 0.129066 0.185508 0.031713
v 0.279251 -0.127845 -0.25555
v 0.147549 0.204808 0.208491
v -0.199127 -0.003315 0.204794
v 0.405894 0.180242 -0.25555
v 0.287336 0.159686 -0.114456
v 0.448502 -0.488012 -0.25555
v -0.040287 0.251896 0.212042
v -0.351525 0.110238 -0.1875
v 0.338298 -0.488319 -0.20369
v 0.419955 -0.498514 -0.21808
v 0.444091 -0.498544 -0.164065
v 0.067129 0.216286 0.206369
v 0.158744 0.082373 -0.25555
v 0.16876 0.22254 -0.068377
v 0.432202 0.022947 -0.25555
v 0.112882 0.192738 0.072975
v -0.300359 0.068213 -0.25555
v 0.448707 -0.053827 -0.145996
v 0.354317 0.310309 -0.243206
v 0.029286 0.359001 0.193169
v 0.15626 0.284939 -0.065678
v 0.066362 0.061357 0.233704
v 0.096329 0.054747 0.196128
v -0.436709 0.135713 0.168119
v 0.097877 -0.346335 -0.25555
v 0.4603 -0.189099 -0.24214
v -0.161631 -0.144473 -0.217508
v -0.208004 0.284594 -0.028586
v 0.429562 -0.122592 -0.25555
v 0.0026 0.148125 0.230348
v 0.4603 0.291889 -0.25555
v -0.182862 0.206247 -0.25555
v 0.058238 0.252914 0.161584
v 0.311969 -0.483125 -0.227472
v 0.237233 0.178012 -0.25555
v 0.151536 -0.087965 -0.111055
v 0.290833 0.00966 -0.059362
v 0.133978 -0.001636 0.011621
v -0.102013 -0.199643 -0.137311
v -0.295293 0.142936 0.231254
v 0.10935 0.028013 0.044401
v -0.112199 0.493461 0.129362
v -0.11349 -0.139454 -0.25555
v 0.422858 -0.214839 -0.199124
v -0.160511 0.244642 0.213317
v -0.272988 0.150134 -0.241848
v 0.448707 -0.077384 -0.212875
v -0.4603 -0.012311 -0.207419
v 0.316738 0.002647 -0.099051
v 0.408307 0.00019499999999999997 -0.113056
v 0.155722 0.164303 0.15412
v 0.421312 0.062294 -0.069814
v 0.058568 0.291265 0.151992
v 0.189598 0.28844 -0.25555
v 0.0025999999999999994 0.39879 -0.146029
v 0.055071 -0.362751 -0.232182
v 0.314305 -0.443035 -0.154302
v 0.329479 0.11981 -0.25555
v 0.136809 0.035541 0.087229
v 0.344709 0.040591 -0.046045
v 0.328954 0.311722 -0.214786
v 0.186335 0.244078 -0.089719
v -0.423583 -0.040454 -0.199432
v 0.001375 0.075971 -0.25555
v 0.162558 0.026165 0.034018
v 0.331309 -0.10408 -0.20247
v 0.017451 -0.0016240000000000004 0.215223
v 0.359968 0.007564999999999998 -0.071511
v -0.4603 0.105095 -0.162196
v -0.247881 0.109008 -0.25555
v -0.423067 -0.008613 0.169932
v -0.091856 0.5 0.1683
v -0.419127 -0.03897 -0.137866
v 0.0026 0.430499 0.147011
v -0.207 0.396259 0.158515
v 0.055342 0.365775 0.180489
v 0.4603 0.30817 -0.239339
v 0.032328 -0.012873 0.139477
v -0.207 0.425024 0.130985
v -0.310198 -0.063724 -0.232267
v 0.4603 0.150807 -0.165084
v 0.083881 -0.026268 0.02463
v -0.041923 0.06442 0.245112
v 0.0013820000000000002 0.452897 0.138791
v -0.215833 -0.105273 -0.154387
v 0.308721 -0.026015 -0.25555
v -0.096249 0.463393 -0.208247
v 0.4603 -0.033942 -0.218403
v 0.355437 0.155232 -0.139847
v 0.281177 -0.058047 -0.103143
v -0.4603 0.025697 0.134339
v 0.4603 0.20783 -0.215233
v 0.117368 0.034943 0.083703
v 0.131089 0.2183 0.21797
v 0.0003349999999999983 0.427547 -0.188371
v -0.345344 -0.048472 -0.081866
v 0.323051 0.288487 -0.181421
v -0.033442 -0.200516 -0.25555
v 0.389466 0.156144 -0.134776
v -0.029551 0.228654 0.216154
v 0.231935 0.295652 -0.135492
v 0.149715 0.160289 0.188803
v -0.203947 0.187377 0.22343
v 0.12779 -0.127464 -0.097509
v 0.4603 -0.138182 -0.25555
v -0.369309 -0.047935 -0.208297
v -0.185096 0.246294 -0.25555
v -0.028389 -0.286907 -0.218328
v 0.210784 -0.408013 -0.25555
v -0.432221 0.106189 -0.133691
v 0.038089 0.0052 0.25555
v -0.407003 -0.001414 0.216763
v 0.233873 0.128421 0.014468
v 0.0543 0.047437 0.248106
v 0.05457 0.025965 0.241545
v 0.405107 0.099619 -0.073904
v -0.384657 -0.001287 0.217211
v -0.225051 0.248381 0.174935
v 0.4603 -0.256842 -0.25555
v 0.008628 -0.32388 -0.25555
v 0.218825 -0.051433 -0.065652
v 0.056452 0.373256 0.157768
v 0.129847 -0.105344 -0.088775
v -0.363704 -0.049495 -0.25555
v 0.253886 0.31832 -0.153603
v 0.337745 0.311796 -0.190574
v 0.080773 -0.047918 -0.045741
f 3 4 5
f 25 26 27
f 32 33 34
f 79 885 80
f 86 87 88
f 170 171 172
f 173 174 175
f 1014 183 184
f 193 194 1378
f 218 1299 1031
f 984 235 236
f 892 245 246
f 1208 248 249
f 267 8517 268
f 5016 4299 270
f 6227 8120 9790
f 7851 8726 88
f 963 876 316
f 317 4846 6278
f 1544 322 9487
f 269 2729 129
f 886 4728 203
f 2978 183 9505
f 863 1044 348
f 350 351 352
f 373 374 9551
f 8440 388 900
f 390 2978 9505
f 923 393 1434
f 394 395 1139
f 396 2541 397
f 4600 4251 253
f 410 6081 8415
f 1101 420 421
f 425 5317 7091
f 3355 20 21
f 431 5164 8005
f 1209 443 9742
f 450 3364 7784
f 1026 220 962
f 2215 6457 400
f 7651 1625 2758
f 461 9814 2585
f 8716 2847 468
f 7735 292 8976
f 1994 1119 477
f 5769 1551 480
f 9173 378 7474
f 985 4659 9326
f 5530 491 2347
f 494 6473 9611
f 9206 5860 496
f 3523 478 4965
f 352 8633 804
f 115 8615 138
f 7921 2402 3914
f 511 4992 268
f 8710 92 1861
f 7939 514 1040
f 82 975 500
f 364 146 5126
f 348 5773 7828
f 3416 5875 3979
f 521 3835 5208
f 5966 395 6327
f 3982 9243 66
f 1442 529 530
f 531 5779 9261
f 534 125 2624
f 1187 171 9709
f 3866 4740 415
f 1810 5883 429
f 4846 230 7362
f 280 4611 4456
f 538 1382 8203
f 539 4892 7849
f 543 4333 9506
f 6511 4861 3222
f 6354 544 7686
f 8250 537 7112
f 5999 4412 5128
f 187 2425 5047
f 68 9843 4486
f 212 7872 5961
f 2676 8143 5420
f 8714 2550 453
f 520 5456 4735
f 311 4947 7029
f 3926 6507 466
f 1729 3748 5218
f 6934 9222 2588
f 7295 8651 354
f 558 559 4527
f 560 5155 2523
f 4835 174 2796
f 562 1414 563
f 1856 8060 6016
f 510 1574 1293
f 2023 8173 2304
f 6514 566 7929
f 1373 569 9447
f 515 1405 9115
f 571 6875 7779
f 574 5084 6789
f 9748 575 2027
f 3052 578 1133
f 579 1167 9594
f 8476 485 6750
f 6223 477 9073
f 6742 582 2207
f 583 2449 8085
f 2083 9470 5962
f 1584 7304 6147
f 592 5039 8197
f 2347 491 6621
f 593 8930 5620
f 578 5079 5985
f 594 5488 7896
f 3133 1511 597
f 599 334 3758
f 9734 3874 443
f 5531 600 8994
f 2548 9409 31
f 338 7059 382
f 9276 6090 4454
f 316 4804 1325
f 462 7920 2527
f 5270 1416 8388
f 3651 385 5513
f 609 1025 6943
f 611 8860 4950
f 5969 4392 614
f 2904 4594 543
f 8130 564 2158
f 4008 408 4766
f 8030 3952 4941
f 618 612 8338
f 9701 524 7177
f 5890 621 2970
f 626 4160 5173
f 4981 2699 5856
f 331 628 629
f 4810 9055 630
f 1551 9033 480
f 3680 631 8655
f 5820 6739 7842
f 9186 322 5238
f 7264 632 3273
f 567 5475 3056
f 267 9803 7179
f 7680 3650 1081
f 3274 4476 1816
f 8659 576 6322
f 1019 640 8209
f 6352 283 2627
f 1155 6697 3493
f 1943 2649 642
f 3050 6490 192
f 6637 5337 2321
f 6200 4010 453
f 1566 644 9435
f 3647 645 2601
f 4900 8938 7818
f 3856 8757 608
f 2463 4333 543
f 5643 654 655
f 3731 2281 7976
f 4711 2222 2008
f 1933 1269 656
f 8225 360 9545
f 657 5386 982
f 1902 7789 9032
f 658 347 346
f 837 2248 659
f 555 6528 8630
f 3222 661 7733
f 6006 448 8232
f 1727 665 104
f 530 8569 2928
f 3573 2889 6988
f 4977 2094 7455
f 6147 2471 4482
f 1734 2549 667
f 1756 5267 7219
f 5105 603 2273
f 651 8530 930
f 6721 3131 8414
f 669 4814 2084
f 7325 312 6774
f 3902 7446 397
f 62 3722 6675
f 8229 466 6040
f 671 6648 9447
f 3092 7267 673
f 5546 8918 6488
f 675 4892 6946
f 1995 245 7650
f 3545 534 9492
f 382 6069 9737
f 433 4639 6864
f 4556 6245 676
f 4944 2712 7589
f 6281 677 8276
f 4007 678 5687
f 8746 679 5244
f 8060 1382 538
f 6489 7212 1287
f 7397 282 283
f 683 9027 1808
f 7948 439 4376
f 9167 5386 657
f 4317 8506 7520
f 6061 618 8338
f 4146 9848 6976
f 218 5001 9761
f 1861 92 5153
f 4293 602 9492
f 3628 679 7637
f 6427 433 4396
f 8758 7423 684
f 6080 7986 104
f 166 9285 585
f 685 32 4533
f 688 4245 7161
f 5726 6229 4545
f 4914 5600 686
f 7420 583 445
f 4903 689 8312
f 934 267 268
f 2274 691 1694
f 5809 653 7787
f 8897 6211 7862
f 652 4943 9242
f 693 6886 5367
f 2925 7694 694
f 7423 3325 684
f 8582 3940 6894
f 667 2549 8462
f 6545 4201 9604
f 7829 68 4486
f 8745 588 1728
f 697 4497 7854
f 8575 227 66
f 8513 6303 1216
f 4271 3698 5660
f 4597 370 1612
f 3941 601 9675
f 7833 391 4520
f 9056 506 6782
f 1047 587 9704
f 3479 625 9043
f 8781 616 6416
f 1923 7900 9585
f 32 8656 4533
f 5223 401 9769
f 570 8645 3556
f 163 1605 6812
f 6795 490 9146
f 8146 4567 9419
f 92 3672 2986
f 4739 274 9521
f 5975 922 264
f 7652 4569 2286
f 3321 6109 3841
f 3968 196 9385
f 707 8870 4787
f 4168 7792 708
f 3216 3776 57
f 8597 4111 5264
f 8503 711 2482
f 658 712 6743
f 1731 714 9739
f 715 6263 4306
f 5844 3297 9670
f 676 7876 2973
f 557 6977 5043
f 2322 5761 6673
f 6119 584 1422
f 4557 1750 5527
f 900 388 8988
f 590 6310 1110
f 520 3406 3981
f 673 7267 2304
f 6625 581 7952
f 9 3993 620
f 2992 482 8168
f 3895 8764 686
f 5949 472 7156
f 6511 3222 7733
f 337 5744 718
f 588 6627 9460
f 4762 2989 6538
f 611 4950 9238
f 658 6743 8991
f 3456 7840 720
f 309 4480 7159
f 5512 3956 3737
f 8739 721 4682
f 453 4010 1389
f 722 9690 7162
f 6931 723 2893
f 8277 4323 9580
f 725 9323 481
f 4905 7614 290
f 9246 641 8196
f 4673 6334 8354
f 4777 5359 2918
f 495 5885 6973
f 6259 2730 637
f 3005 8917 650
f 334 4341 1823
f 583 8757 2449
f 478 6456 4583
f 1951 609 9302
f 5729 631 7756
f 566 2291 498
f 728 5167 9755
f 8108 519 9411
f 7084 1682 8349
f 3363 7153 8376
f 6185 7339 9486
f 8735 1947 731
f 555 8448 733
f 3536 6761 315
f 7270 444 8808
f 7449 8902 3907
f 3069 2296 355
f 7952 581 9604
f 619 8251 3843
f 334 1823 3261
f 174 6521 175
f 9170 574 6986
f 3207 5642 8024
f 2085 3921 7957
f 1999 737 3783
f 4996 5968 9153
f 6576 7371 305
f 8633 2591 3862
f 740 656 9376
f 4195 7587 5706
f 4461 1682 8195
f 6196 5243 4025
f 5335 741 8226
f 8594 661 7654
f 4973 2532 8325
f 5731 743 9470
f 5623 8970 684
f 1301 4433 6044
f 8516 3346 1787
f 6750 485 971
f 8024 5642 3858
f 4749 363 6530
f 3788 3109 8390
f 728 309 7159
f 4926 683 7232
f 7937 632 848
f 3087 6677 527
f 747 7926 3377
f 7300 119 2664
f 458 3944 6435
f 1540 9133 5134
f 7673 8719 739
f 3775 4690 7710
f 8762 702 748
f 6635 600 3233
f 7249 750 4391
f 6621 491 9038
f 5955 1793 9846
f 624 7196 8384
f 5558 590 8454
f 6247 726 8139
f 5091 7355 9518
f 4816 6401 70
f 707 2212 3039
f 622 1094 7076
f 5387 7951 635
f 5876 638 6887
f 753 5615 9348
f 535 9495 6933
f 4314 7058 9181
f 7662 4075 630
f 682 7191 9757
f 3889 6430 8129
f 2961 6883 9220
f 7418 1470 4088
f 501 3952 8030
f 6001 5192 7071
f 3685 8999 480
f 8362 472 9808
f 4557 5527 7287
f 1118 1286 504
f 9161 554 4402
f 6297 8606 5116
f 6811 4867 3391
f 329 5020 7014
f 9368 456 549
f 3446 755 6136
f 6973 756 9650
f 9597 1134 647
f 6015 5032 9579
f 720 5836 9723
f 3993 7794 620
f 1023 5052 182
f 4698 1638 5757
f 4645 1090 598
f 3545 7237 534
f 2006 639 5635
f 535 6933 6055
f 3747 6004 9575
f 575 9654 2027
f 214 2153 3994
f 4353 3349 360
f 703 5487 7376
f 852 7640 434
f 5519 7514 398
f 420 9516 421
f 8811 2462 7860
f 5235 462 2527
f 168 2821 169
f 696 6723 8062
f 342 9182 6728
f 1716 8674 7215
f 3792 761 2208
f 1095 682 4361
f 4968 670 7282
f 552 1669 264
f 950 416 6945
f 7956 3762 9427
f 5825 3216 57
f 3884 704 9308
f 3905 4594 9235
f 7323 516 401
f 6746 704 8382
f 1174 536 7674
f 2663 8590 6274
f 229 1615 743
f 652 4300 3236
f 314 5878 9602
f 413 461 8380
f 3254 763 7754
f 735 5721 5109
f 661 7349 1603
f 4268 499 3793
f 4423 7841 9151
f 4786 3452 301
f 8551 1718 765
f 6165 2820 4999
f 7652 597 4569
f 6931 9864 723
f 515 5828 579
f 668 6448 4336
f 5549 3414 1585
f 6074 554 8239
f 202 7309 6186
f 713 8530 651
f 1790 7537 8728
f 739 8719 5696
f 767 7286 4339
f 7730 1945 9399
f 1079 6192 9610
f 701 5678 2352
f 6052 7263 2234
f 372 8914 1460
f 8614 3622 441
f 80 6856 8979
f 9453 957 131
f 7503 3921 2085
f 365 551 746
f 848 632 2746
f 5242 364 9817
f 2045 9812 733
f 7510 505 9305
f 4450 8271 692
f 147 770 9472
f 584 7148 7752
f 3128 98 8641
f 4923 228 5786
f 4204 635 9378
f 6778 7442 718
f 348 3419 9171
f 6452 6061 7226
f 6246 4120 7707
f 642 9260 8188
f 515 579 9334
f 2939 771 7165
f 9644 5330 8357
f 723 8510 5130
f 506 8532 412
f 7317 1592 587
f 5519 398 8190
f 2225 8576 772
f 674 4847 7657
f 4316 6822 9117
f 1273 4964 296
f 502 3763 6790
f 770 147 146
f 484 7293 9327
f 7698 4644 4140
f 4560 6227 9559
f 5342 7900 1923
f 477 3701 7804
f 2254 1730 138
f 517 8703 7725
f 757 315 7753
f 2985 7872 9437
f 3816 5256 7925
f 724 9248 5937
f 5066 775 8588
f 680 4547 9165
f 6153 8433 2368
f 199 7976 9286
f 7342 947 682
f 5812 8489 525
f 9310 2189 415
f 8243 356 5912
f 7883 5836 6802
f 6643 3008 539
f 7759 727 5797
f 3575 973 588
f 9131 5117 6926
f 4541 697 7854
f 734 7786 6007
f 9021 692 706
f 3715 1347 650
f 2557 716 624
f 2410 9668 5474
f 112 6525 2078
f 4167 4762 6348
f 8105 529 5
f 4842 5659 503
f 388 7697 2362
f 2269 237 9336
f 4201 7952 9604
f 370 1404 6642
f 6354 7686 2210
f 9252 4353 360
f 4921 2219 8087
f 6229 8750 7692
f 2385 7964 5893
f 2215 400 6695
f 8437 187 5841
f 1033 5251 2805
f 6924 730 7931
f 584 3543 1422
f 3521 4095 6735
f 6834 4637 9416
f 5886 779 7922
f 1795 8692 780
f 7521 677 6281
f 418 143 2959
f 9044 487 8370
f 8112 4579 134
f 670 4311 7282
f 6339 4894 2913
f 143 2813 7119
f 1062 6235 355
f 8371 454 6125
f 1574 9147 3804
f 328 9366 5219
f 8768 1358 5297
f 6114 2894 244
f 689 3510 7037
f 8960 2659 556
f 679 8742 5244
f 5398 627 9682
f 9247 395 394
f 964 8996 568
f 283 5673 2627
f 5828 1167 579
f 7284 357 356
f 8639 769 3854
f 3710 8463 2961
f 5891 548 465
f 784 6696 8989
f 8067 711 9471
f 8737 7498 764
f 7451 645 9443
f 3011 709 9216
f 1553 763 389
f 3342 627 8373
f 215 5069 7863
f 5378 785 3171
f 4315 9363 786
f 727 3867 5025
f 489 5060 3297
f 196 3968 9853
f 4488 2910 7405
f 9768 461 2585
f 3891 5379 8324
f 8555 134 1393
f 789 8465 6273
f 790 6358 5486
f 982 5386 9002
f 6841 8713 781
f 8645 685 4533
f 4772 705 5681
f 5503 708 9062
f 9164 747 4516
f 504 7415 8486
f 2011 7347 9135
f 5560 379 4745
f 8195 1682 7084
f 27 5381 8520
f 485 2123 6706
f 513 8966 2252
f 5314 9134 7862
f 5004 750 1173
f 3496 8481 8013
f 5821 115 7810
f 1235 644 9599
f 5203 355 9810
f 691 7902 9372
f 3942 4972 6788
f 6185 5615 753
f 7139 431 8005
f 9382 620 7046
f 4173 6549 5664
f 4935 5825 9099
f 416 950 9763
f 5545 791 1122
f 3958 7245 5692
f 8591 7823 740
f 1138 5173 577
f 516 4474 793
f 5330 5146 8357
f 4057 6197 7302
f 8663 546 3552
f 745 7427 6135
f 8383 793 3878
f 274 898 275
f 680 6466 4547
f 115 138 7810
f 582 5395 8457
f 277 2695 753
f 8782 6601 4197
f 9143 2450 754
f 9191 6462 8169
f 8709 7402 2245
f 6723 696 9640
f 6064 8248 9575
f 7966 2395 9854
f 777 8518 2439
f 651 930 7073
f 1793 8202 9846
f 450 114 9040
f 773 794 9713
f 8959 6264 2136
f 5585 795 8157
f 761 1278 2208
f 5157 725 6019
f 5616 759 8426
f 9831 1731 6018
f 6670 741 8059
f 566 7076 9562
f 9493 1440 215
f 2511 247 9596
f 4240 9612 6089
f 9128 672 730
f 436 2068 9837
f 1205 215 9433
f 4292 8294 430
f 1779 517 4329
f 3854 769 1409
f 536 6971 9271
f 5725 5140 6757
f 8915 6392 797
f 633 3703 6257
f 489 693 5060
f 2006 4929 639
f 9539 1274 371
f 2382 757 107
f 614 4392 7910
f 5761 3586 8998
f 3474 6704 766
f 1317 6302 450
f 768 1137 9303
f 794 9644 8357
f 4641 7079 4058
f 4479 7993 494
f 253 6404 419
f 1951 7825 609
f 4577 6985 9512
f 190 1684 8212
f 7777 5798 713
f 708 6753 9062
f 465 548 9030
f 654 5643 700
f 7714 6965 9427
f 8513 1216 7512
f 7624 2842 6507
f 383 8810 6384
f 3947 4556 676
f 8028 2428 751
f 7808 57 9233
f 6626 559 5862
f 7002 1662 9434
f 240 5365 9673
f 9135 1312 8174
f 8228 396 397
f 252 544 6608
f 2895 1898 8194
f 7674 536 9271
f 614 4631 9319
f 467 471 768
f 6520 4940 799
f 5019 1871 8247
f 143 7119 7220
f 419 6404 7229
f 789 6273 9295
f 7626 319 582
f 710 8588 4094
f 310 2818 4147
f 6636 5303 9341
f 161 6434 1296
f 792 9300 323
f 3214 553 1836
f 774 4920 7075
f 7362 230 5731
f 1995 6722 245
f 1919 3979 8362
f 436 1468 437
f 2556 7365 333
f 593 8501 6741
f 1662 6142 9434
f 9670 3297 6071
f 7539 5732 475
f 7873 1605 163
f 6614 519 9279
f 9089 3437 5839
f 5444 4847 674
f 4425 796 9692
f 7547 6386 383
f 1823 4341 380
f 7739 5449 8445
f 5529 608 607
f 9243 1416 5270
f 7339 295 9486
f 8983 4568 746
f 1007 5772 517
f 4831 778 9542
f 6914 8942 549
f 7989 9842 4460
f 435 1890 3458
f 3811 744 604
f 508 571 9023
f 2245 7402 649
f 2680 7833 4520
f 730 672 9139
f 6818 4625 1953
f 141 142 569
f 5451 563 1172
f 6570 707 3039
f 5915 1597 634
f 3598 783 7887
f 7276 1844 782
f 7871 9201 4022
f 5956 4873 6961
f 7895 4212 193
f 5297 4606 192
f 163 1013 6832
f 4841 3581 7235
f 4976 8502 532
f 5625 3703 633
f 1404 9360 786
f 308 8094 9544
f 717 6243 8728
f 5309 738 1598
f 4788 8047 8802
f 3044 7689 525
f 764 9137 6431
f 5242 8753 364
f 354 6642 8164
f 1080 505 3226
f 2780 6321 4074
f 7266 5566 8958
f 9327 1015 535
f 9107 5963 3334
f 7334 8962 2133
f 7408 4099 8653
f 6480 663 9497
f 7704 310 4147
f 749 1540 8619
f 4985 8511 8053
f 662 7241 2300
f 698 6207 3434
f 714 459 9739
f 7661 6637 2321
f 7973 6714 768
f 3536 315 314
f 5290 7172 9775
f 8324 1724 140
f 1679 125 9822
f 6646 700 9695
f 9456 4875 5448
f 314 4717 6414
f 425 8277 9580
f 4723 800 3879
f 522 7404 8940
f 6756 3905 8065
f 5880 749 8619
f 752 7266 8958
f 9546 800 4427
f 2188 8634 1
f 8900 7511 1591
f 702 8561 748
f 1122 791 1948
f 1726 601 6828
f 793 7594 6065
f 6410 5131 312
f 3646 2633 6217
f 3057 6382 3897
f 7739 8445 599
f 6155 3521 4237
f 9240 3435 6107
f 6716 7852 9119
f 7214 5728 628
f 8261 4644 9595
f 154 9029 2652
f 5615 500 1958
f 4311 6629 258
f 573 636 3882
f 2740 4264 9652
f 9677 1315 2297
f 8473 7689 5470
f 9078 737 1813
f 4658 8992 7755
f 551 365 9396
f 7846 3494 473
f 513 2252 8934
f 8573 1970 767
f 4855 7257 5537
f 4075 9117 630
f 1301 8193 378
f 8267 673 9747
f 6412 9586 3833
f 754 2450 3220
f 731 8781 6416
f 4393 9508 381
f 4647 1717 541
f 161 5206 6094
f 7960 1894 145
f 576 6389 8935
f 8014 5316 212
f 8722 5690 362
f 7435 352 9609
f 8394 2966 706
f 404 3427 7094
f 7542 5359 6533
f 5651 752 84
f 766 6284 6025
f 9260 162 8188
f 6090 234 538
f 7872 212 9437
f 1768 8461 8176
f 136 6602 7538
f 2302 3616 641
f 511 3489 6483
f 9209 6783 7978
f 740 7823 656
f 32 685 33
f 653 5729 9020
f 1418 326 1295
f 170 172 8404
f 5249 3062 9259
f 8881 6243 717
f 7375 4007 5687
f 3914 3709 9182
f 8569 8105 3440
f 4708 1162 5770
f 744 2255 4715
f 7883 6833 5836
f 2442 4057 9048
f 5808 1582 541
f 4013 8568 7991
f 5762 4658 1198
f 7305 756 531
f 6386 2432 4152
f 1661 299 4137
f 6489 1287 2836
f 3421 374 5890
f 8103 4921 3224
f 6732 5968 4996
f 687 3678 7919
f 5616 497 759
f 9654 550 7189
f 3709 4876 9536
f 470 858 9450
f 6413 7715 709
f 140 1724 8351
f 1417 6697 556
f 1886 3383 7792
f 647 7108 8348
f 6911 773 9713
f 3891 8324 235
f 703 7571 5487
f 6303 770 146
f 172 171 8304
f 2755 4360 5028
f 7307 1847 6169
f 7480 565 4231
f 8873 7603 6346
f 278 8444 8210
f 6528 555 733
f 777 4823 1051
f 9183 3720 565
f 7644 8608 4623
f 8762 1207 702
f 3743 4661 8498
f 3270 201 9144
f 4091 5816 7769
f 8880 2989 4762
f 8862 6204 2065
f 1933 328 1269
f 4582 822 308
f 7881 510 1293
f 3715 7908 9342
f 6836 8329 9774
f 9133 6934 5134
f 668 2814 7883
f 3605 1659 8220
f 5620 8930 5014
f 385 8718 4805
f 4249 2430 721
f 8916 8128 6434
f 7718 3707 168
f 46 774 6083
f 2906 796 4425
f 7013 3356 5180
f 9120 776 6935
f 4626 2653 6295
f 5860 9484 496
f 4342 732 9369
f 4548 7292 8947
f 8525 3267 5316
f 1615 8236 743
f 771 2939 3828
f 9180 3821 6864
f 529 4082 5
f 4991 6139 495
f 8930 6239 896
f 3116 162 9260
f 5809 2135 653
f 3942 5358 4972
f 7793 1649 9064
f 776 9383 6935
f 512 4878 2036
f 519 4711 2008
f 8166 9297 456
f 7317 792 842
f 3767 758 8091
f 4679 5603 8699
f 623 1665 8965
f 5357 8598 4939
f 7923 776 9120
f 9021 6932 692
f 779 5092 6850
f 597 5110 7505
f 4753 993 7400
f 8509 235 984
f 419 5485 9097
f 762 4444 7978
f 1188 427 4369
f 4698 5757 784
f 2922 8598 5357
f 368 6260 1631
f 704 3884 9770
f 1023 182 411
f 3896 1066 603
f 437 261 666
f 6202 316 8477
f 659 969 9060
f 3558 8666 6288
f 4476 8541 798
f 8940 7404 2268
f 4233 507 6746
f 6969 514 7939
f 3456 720 7906
f 9439 5092 779
f 3439 2977 781
f 476 4968 3476
f 7920 6412 1024
f 429 2026 9245
f 7298 3478 4510
f 586 454 9813
f 7222 2708 669
f 9013 5452 7316
f 5593 3200 329
f 3754 6849 4380
f 8748 4558 6337
f 3681 3199 8367
f 608 5872 6324
f 1844 2473 8313
f 513 6511 8966
f 575 3820 72
f 5634 509 8692
f 1591 7511 9114
f 3874 42 443
f 8714 596 2550
f 646 2936 3848
f 2936 646 9777
f 328 5219 6075
f 6427 386 433
f 524 523 9706
f 657 982 9308
f 6765 1380 617
f 3034 4085 8875
f 5908 9643 140
f 9200 237 8041
f 9863 487 6122
f 354 9363 5182
f 5553 1944 7820
f 8153 8528 528
f 6284 8745 1728
f 5463 680 4395
f 778 4218 9487
f 7340 8599 2914
f 6441 740 8147
f 6816 2696 8290
f 3628 6011 275
f 2924 8137 9159
f 2920 5383 623
f 3483 1001 38
f 589 1542 343
f 693 489 6886
f 6037 2526 481
f 1091 5247 6318
f 626 2514 457
f 7045 4510 190
f 8484 2513 7816
f 2361 6979 9272
f 7856 3284 9124
f 5555 574 6789
f 7954 3866 415
f 9197 4460 5226
f 9164 7926 747
f 627 4305 8373
f 1168 8852 311
f 8525 416 6085
f 2718 5645 9711
f 6019 725 9787
f 8897 5639 6211
f 3210 777 7711
f 683 2024 6748
f 7744 964 568
f 550 8441 3367
f 8671 3066 6770
f 7247 3435 9240
f 602 3545 9492
f 633 8552 8262
f 5685 4784 736
f 8448 2045 733
f 3819 341 4489
f 5173 4160 577
f 3238 3744 7040
f 6146 1255 8482
f 2951 670 6626
f 5257 995 278
f 6698 742 1564
f 6809 3544 4340
f 4902 4259 659
f 7309 202 9399
f 7871 4022 663
f 612 618 7224
f 2548 31 7877
f 5500 7271 4782
f 326 5269 3052
f 7276 782 2962
f 90 390 9598
f 3438 7540 4176
f 624 8668 7196
f 8561 1461 748
f 7265 4218 778
f 7786 3127 6333
f 6894 3940 9819
f 9335 1073 8058
f 8621 258 5799
f 304 3100 532
f 8515 1716 7215
f 6950 557 7764
f 602 7333 4670
f 640 6968 8209
f 6857 197 196
f 8968 7769 38
f 6605 4487 4162
f 6615 1335 372
f 759 6984 8426
f 8944 6031 715
f 2155 1649 7793
f 4892 675 7849
f 6760 9026 5745
f 7562 238 6204
f 5709 7928 9558
f 1313 8369 666
f 7444 1313 666
f 2621 9269 6890
f 4406 9166 2217
f 7058 528 9181
f 5831 2542 9794
f 7284 4108 357
f 7901 4393 381
f 8852 1008 311
f 5608 8761 816
f 6011 787 275
f 571 508 9176
f 6114 244 9766
f 8541 5080 798
f 9485 3283 634
f 7335 5296 2093
f 5939 643 3857
f 2209 542 7984
f 5104 507 8071
f 6208 506 9056
f 755 5675 6136
f 7557 362 363
f 5269 578 3052
f 7341 194 5243
f 277 753 7933
f 8052 9214 787
f 3998 1979 7767
f 598 1090 3796
f 8980 4992 511
f 89 2955 496
f 310 3491 5867
f 8977 120 119
f 717 9578 6039
f 2871 2500 9160
f 4247 724 7959
f 8082 5026 570
f 3000 9240 8364
f 5805 698 9838
f 2994 5779 6966
f 514 6969 7210
f 2532 734 1070
f 6616 162 7875
f 3712 249 8391
f 4374 710 7912
f 718 9022 7801
f 769 6457 5763
f 4464 4485 6037
f 454 586 6125
f 207 7329 3677
f 5154 8021 9637
f 599 4341 334
f 6865 660 4888
f 2385 5633 7964
f 2083 5731 9470
f 6195 648 9519
f 392 2808 6952
f 317 6940 7871
f 787 9214 6868
f 4819 5292 1896
f 168 3707 7700
f 668 4336 6858
f 6698 8610 742
f 5415 494 9221
f 500 6296 1958
f 1141 6701 765
f 6858 4336 9539
f 5515 3178 4162
f 2803 4799 9357
f 516 5662 4474
f 8691 631 3680
f 645 7451 2601
f 27 3606 7805
f 371 224 8274
f 5792 553 732
f 1084 3510 689
f 8615 2254 138
f 5248 1555 758
f 724 4721 6967
f 563 8746 4691
f 6276 80 8979
f 1188 6786 427
f 5643 655 6983
f 238 699 4481
f 4251 259 6821
f 8484 671 2513
f 270 9107 3334
f 742 6249 5625
f 669 2708 9130
f 749 9133 1540
f 8557 774 3381
f 3642 4078 5960
f 7404 4868 5765
f 739 7209 6590
f 6385 7690 2618
f 9169 2283 4511
f 4939 8598 613
f 7955 237 9200
f 6760 3606 9026
f 391 5026 8082
f 8422 5805 7182
f 6386 4152 383
f 6992 8429 761
f 5311 988 9052
f 4634 7717 789
f 8574 7763 4344
f 3941 7621 601
f 634 3283 9392
f 4738 4315 786
f 5728 9194 628
f 7900 4639 9585
f 3759 7865 9825
f 5390 2564 6668
f 6561 4616 287
f 6846 3957 8297
f 8662 141 569
f 6933 7236 6055
f 4568 8021 746
f 6612 4273 540
f 2324 8581 3342
f 8922 773 6911
f 238 5930 699
f 45 4676 7413
f 706 692 1180
f 8600 3139 4518
f 5145 9194 5728
f 3507 4584 6366
f 1649 5827 9064
f 3842 2327 9368
f 439 442 5117
f 6950 289 9153
f 9128 750 5004
f 7311 613 6710
f 5593 329 9552
f 37 3483 38
f 507 2460 8071
f 4268 9379 499
f 4814 31 30
f 4715 2255 8431
f 635 4204 4496
f 179 501 4997
f 636 5633 9538
f 1795 780 9718
f 410 6674 2515
f 711 7210 5229
f 393 6563 4776
f 4134 3140 784
f 6979 2361 2608
f 505 4915 9225
f 495 6973 9650
f 4940 7298 799
f 9504 5856 6991
f 4062 8931 1965
f 270 5391 3197
f 664 9827 521
f 7101 3926 466
f 1099 5918 335
f 6481 7461 4845
f 4137 299 8035
f 2906 7607 796
f 1138 577 9417
f 6218 8449 1883
f 6425 721 8925
f 2235 8079 9321
f 3532 98 6650
f 5066 8588 710
f 66 65 5927
f 3554 4151 677
f 5271 6340 3425
f 6013 2528 7049
f 530 2928 9593
f 351 6258 7979
f 8121 8593 5976
f 771 9848 7165
f 2382 6842 757
f 228 6517 5786
f 712 658 346
f 8755 7435 3328
f 228 7261 1043
f 134 4579 1393
f 3535 448 6006
f 7293 3610 9327
f 70 6401 760
f 7290 458 6435
f 7246 664 521
f 374 6263 9551
f 7724 6381 4169
f 5751 7921 342
f 7964 5633 636
f 568 1288 8990
f 7412 576 8935
f 862 6636 9341
f 4884 758 9555
f 5399 701 4190
f 3419 7876 9171
f 3733 2016 690
f 712 346 7471
f 650 6450 9322
f 5107 139 722
f 705 6347 7550
f 182 181 411
f 4976 532 9262
f 7723 626 7043
f 5338 7454 8674
f 503 178 9241
f 5116 197 6857
f 9856 6115 8272
f 7629 2100 4836
f 2958 7958 9512
f 2682 3931 748
f 9159 8137 6975
f 184 183 9577
f 187 6801 5841
f 7485 5712 370
f 2882 9066 8023
f 393 1363 6216
f 7893 4961 621
f 49 6512 7517
f 8526 220 1026
f 4033 9047 6842
f 4765 287 1271
f 322 7936 6066
f 709 7715 9216
f 8785 4584 3507
f 8634 6144 1
f 5026 7821 570
f 164 853 7778
f 6566 7538 5688
f 7255 6263 715
f 590 152 151
f 6137 3177 7612
f 3782 775 7825
f 6924 7931 9389
f 7437 687 657
f 2342 524 9706
f 8592 292 5758
f 6337 4558 9156
f 363 4537 6530
f 6295 2653 7216
f 2230 585 8074
f 714 1731 9831
f 201 3270 695
f 790 5487 8952
f 783 9432 2525
f 1957 3703 5625
f 3479 7508 625
f 6972 587 1047
f 195 1094 622
f 9026 760 5745
f 9029 4902 2652
f 6100 688 7161
f 9038 6194 1973
f 9633 371 5212
f 7556 6587 4083
f 358 6785 9089
f 8565 2925 694
f 3666 9145 6586
f 389 763 8962
f 3128 8584 98
f 4273 6612 9625
f 6488 8918 772
f 550 3367 7189
f 554 2883 4489
f 6652 359 9304
f 7759 5797 368
f 736 109 7577
f 735 1639 5721
f 6817 8766 4110
f 2513 671 8114
f 278 8210 6415
f 7008 62 448
f 842 792 323
f 612 3692 8338
f 2307 359 4193
f 3764 7763 548
f 4882 1396 641
f 5292 6312 243
f 8997 782 7426
f 472 6769 9808
f 6706 1197 8893
f 2621 8609 541
f 1727 9123 665
f 567 3056 5319
f 2478 4212 7895
f 6908 2023 2304
f 429 8582 2026
f 927 487 9044
f 3375 7337 6831
f 8519 7254 396
f 3551 1720 512
f 198 3109 696
f 520 4735 4143
f 193 5661 9168
f 585 2230 8235
f 756 8435 531
f 6518 9324 7732
f 662 8095 5632
f 7642 230 284
f 549 456 6036
f 455 3498 3888
f 7237 1745 6258
f 1931 5114 762
f 6951 1561 8031
f 9026 70 760
f 7998 503 9241
f 7972 145 9307
f 5262 762 7978
f 621 1298 9581
f 9771 2499 7193
f 4784 7324 736
f 596 6603 9195
f 8653 4099 2661
f 795 6487 8157
f 9071 6773 7855
f 8918 7663 772
f 504 1286 8678
f 8514 5009 5796
f 7938 8637 4498
f 181 9811 411
f 4433 8420 7152
f 2217 9166 722
f 392 6952 9666
f 1313 7444 5907
f 6180 7246 2594
f 274 7917 1060
f 3201 403 647
f 214 8706 2153
f 5177 2277 8418
f 5311 4234 8512
f 8573 767 6494
f 6542 755 1093
f 9812 4462 5101
f 9754 6841 781
f 4271 5660 4840
f 638 9131 6926
f 6493 3706 8432
f 687 9167 657
f 2119 7544 3102
f 4263 8780 509
f 8899 6405 214
f 2068 436 9744
f 287 4616 8828
f 6247 4602 726
f 4007 8814 678
f 652 9242 6655
f 700 1087 9695
f 7655 617 3122
f 6745 527 5027
f 8751 745 760
f 488 593 3287
f 2255 744 9392
f 6240 164 914
f 7236 8478 3899
f 7890 828 99
f 5284 508 2506
f 104 665 9416
f 2177 594 1627
f 678 875 4171
f 7436 201 695
f 7212 527 6745
f 5812 525 9741
f 788 2830 7459
f 615 5998 9834
f 766 558 4527
f 2592 7451 9443
f 3300 3810 4407
f 6459 797 116
f 603 8685 6005
f 2716 8861 6344
f 797 6392 5420
f 725 481 8393
f 2734 8799 6364
f 5976 8593 8124
f 3598 9432 783
f 705 4772 8855
f 665 6834 9416
f 655 4314 9181
f 734 2532 9031
f 5064 7017 7916
f 7062 1557 9840
f 5616 2655 6272
f 7346 5963 9107
f 4369 427 8109
f 5652 9310 3209
f 7424 8670 3425
f 244 2894 4701
f 4931 4055 9484
f 4543 9155 902
f 7438 9015 6189
f 1791 8864 7393
f 7407 780 3432
f 553 7300 5022
f 3462 799 9797
f 218 8167 9714
f 544 5674 6608
f 359 75 1400
f 333 3965 9362
f 625 8704 7800
f 4585 6350 703
f 9844 1410 410
f 4194 701 5399
f 3512 8196 9605
f 473 5814 6803
f 5487 790 7376
f 9379 8279 622
f 6316 293 795
f 225 3930 5889
f 6571 4788 7541
f 9862 6979 606
f 5535 4335 1697
f 765 5450 8407
f 3733 690 6956
f 7430 5531 1765
f 4886 4207 2916
f 4305 699 8373
f 4956 6161 5509
f 639 4929 6716
f 5518 1416 9243
f 667 6634 5967
f 357 8146 9419
f 7474 8539 4377
f 249 248 9785
f 469 522 6153
f 6509 883 4523
f 5118 3546 7932
f 542 2209 5079
f 2248 6616 9126
f 3486 644 1566
f 698 3434 8281
f 6153 522 8433
f 663 4729 9497
f 8170 4911 735
f 4929 502 6716
f 425 7091 8277
f 372 7488 4630
f 5750 512 2036
f 9076 775 5066
f 9361 4645 598
f 4522 7938 264
f 581 7242 3184
f 8435 7765 531
f 794 773 7114
f 9000 3867 727
f 3106 5070 6822
f 3781 6624 9095
f 7058 2556 333
f 800 4723 6891
f 7843 338 382
f 6274 8590 691
f 6442 8042 2593
f 7048 3709 9536
f 4311 258 7282
f 9768 1542 589
f 752 6231 8972
f 8730 4886 2916
f 8735 731 7491
f 4990 498 8205
f 5080 288 798
f 4462 660 180
f 1574 510 7234
f 4907 9183 565
f 764 7498 9137
f 642 8188 9552
f 5741 694 9097
f 202 7730 9399
f 291 292 8592
f 600 4289 8994
f 400 8691 6695
f 501 6970 4997
f 3463 7434 9106
f 7326 2906 4425
f 528 8528 7295
f 580 3598 7887
f 4245 688 7635
f 638 6926 8332
f 4990 499 498
f 4708 6795 7902
f 2584 7808 9233
f 88 87 9381
f 6247 8139 9510
f 2205 589 6433
f 7323 401 2515
f 556 2659 7892
f 791 2227 8732
f 3341 6950 7764
f 594 4666 9111
f 2664 119 7748
f 6661 788 856
f 1028 4321 8668
f 9827 664 4383
f 737 6903 1813
f 277 8605 2695
f 391 8082 4520
f 2913 1832 68
f 6556 3571 417
f 7329 6434 161
f 2376 9017 4499
f 8604 1016 726
f 5167 728 9729
f 6661 8622 788
f 623 8965 6443
f 5553 2891 1944
f 2188 1 9792
f 713 651 1124
f 3274 6206 5039
f 5650 8511 8053
f 6591 4663 8825
f 4316 9117 6819
f 5773 9093 7828
f 8427 1125 6326
f 7406 5315 7062
f 7225 1992 1722
f 1276 7441 8672
f 3852 6583 3447
f 1194 6547 3326
f 4809 3780 7217
f 2040 7163 9592
f 3157 9130 4184
f 8824 5241 1754
f 3481 3902 7775
f 2567 4680 6731
f 5954 7101 3926
f 8272 9192 6115
f 6192 1079 9628
f 7419 5455 6617
f 3404 8125 5932
f 8587 6406 2810
f 4474 5662 4192
f 8494 6540 7380
f 1341 5024 9034
f 3436 4118 7093
f 8777 4106 6265
f 3753 9499 5308
f 4819 1896 5768
f 9704 3950 1047
f 1801 5630 8760
f 4835 8760 2796
f 1886 7792 4168
f 9576 5204 3665
f 7039 4404 5086
f 3271 2327 6070
f 4872 8411 2066
f 4872 2066 8283
f 2940 9424 7239
f 5760 5160 9584
f 4746 2202 6595
f 6597 1987 3036
f 5459 4582 8558
f 2934 5957 9718
f 6377 8825 4663
f 5479 7378 4616
f 3174 6885 2617
f 3174 2617 4279
f 7873 1605 8839
f 9263 7945 4802
f 3663 1252 6604
f 7533 8851 2732
f 9330 2654 6067
f 8052 2237 9214
f 1772 4198 6596
f 4571 6596 5701
f 7319 8663 5523
f 5248 6527 1555
f 4866 9618 2900
f 4864 8681 5350
f 9172 7148 7752
f 8040 9774 4651
f 6541 3438 7540
f 5324 2716 8861
f 6408 7480 4231
f 2560 5601 3581
f 8703 7725 3845
f 2919 5542 377
f 7494 3414 5549
f 8233 4704 4143
f 5380 8478 7085
f 8134 6268 3359
f 4546 7716 9060
f 4546 9060 969
f 4503 8796 1989
f 5289 8712 7245
f 7909 117 4366
f 5091 9157 7355
f 2073 3381 7798
f 4375 9674 1536
f 1818 8664 3699
f 8284 1665 8965
f 1592 7317 2305
f 5317 4514 7091
f 5647 9663 4596
f 4331 8178 2476
f 8492 252 2423
f 4769 2800 6584
f 2180 4761 2901
f 7380 2703 3240
f 2477 6502 9277
f 3728 3243 9613
f 9668 2410 6117
f 5213 5717 9771
f 6840 3081 7885
f 4130 8591 7823
f 5446 7026 9791
f 6927 8941 1692
f 5668 4170 7593
f 4002 6381 7724
f 5246 4643 2983
f 6298 2983 9734
f 6232 7640 852
f 8628 1773 5552
f 7970 3398 2031
f 5864 2209 7984
f 5365 9673 3977
f 6990 7788 1449
f 2687 8514 6730
f 1781 8618 8374
f 8365 3187 8924
f 2085 3262 7503
f 2534 9318 3352
f 4500 5943 6892
f 5471 4657 9496
f 2487 8333 3927
f 1560 9172 7148
f 9596 5152 2511
f 6954 3980 9499
f 1998 5022 7300
f 3726 8334 9804
f 7223 2559 9533
f 3780 7217 862
f 5869 4273 9625
f 4051 6838 4544
f 1340 6210 4896
f 9477 5057 3002
f 9477 3002 3924
f 7734 8972 4126
f 4998 1007 5772
f 8542 964 4109
f 5435 7513 1744
f 4678 1897 8535
f 6032 2520 3555
f 4477 2516 8733
f 1742 5247 6318
f 3468 5494 8567
f 6376 1961 3504
f 7444 5907 3175
f 9225 6021 4243
f 7617 6440 5711
f 2111 8263 4430
f 3049 4641 4058
f 5840 9520 1822
f 7714 6965 3883
f 4428 9549 3627
f 6604 1252 8720
f 7536 2848 8874
f 2901 4761 5400
f 5363 3443 7583
f 1546 7539 5732
f 7999 9795 6651
f 4878 3978 2201
f 2584 5627 9233
f 8207 3377 5067
f 5294 7162 9690
f 4947 7029 7390
f 8838 5693 4536
f 6574 3159 7585
f 3668 7578 5666
f 4686 5455 8151
f 4686 8151 1863
f 6665 9234 4065
f 9182 7048 3709
f 4039 9118 4880
f 6758 3690 9061
f 9730 6738 5781
f 6998 2910 7904
f 4906 5314 9134
f 2216 5979 9508
f 1312 8174 3395
f 5899 5054 6395
f 5813 9001 5033
f 2196 5847 8479
f 5953 3900 8016
f 6776 9237 5343
f 6439 2292 8132
f 6823 3816 9553
f 5148 8109 2242
f 6437 1762 4554
f 7275 1778 7019
f 3594 7965 8547
f 5335 4499 7773
f 6931 5136 9864
f 8135 4664 6577
f 9304 6693 5334
f 4044 1471 8758
f 6510 1723 2474
f 1644 9003 2831
f 5727 9033 1551
f 3871 7858 3755
f 3147 2140 8532
f 8152 1841 8469
f 3749 3181 5817
f 7932 5118 9189
f 7243 8742 5244
f 3095 6251 8675
f 1435 3557 7622
f 4646 7522 900
f 4646 900 8988
f 8765 4974 3625
f 6647 1518 8640
f 5965 9155 902
f 1556 9267 4551
f 9694 7960 6191
f 3291 8744 2579
f 3025 8379 1588
f 9561 5589 7143
f 9659 4694 6248
f 1759 2097 4023
f 7227 9420 6048
f 3789 1694 2274
f 6625 7952 3185
f 5410 8555 1393
f 9150 6825 4770
f 6558 2172 4177
f 67 5855 8307
f 7496 6305 1547
f 7065 9851 3229
f 8094 6726 2080
f 1231 7602 6599
f 6348 7599 3657
f 2539 9015 5804
f 6741 1621 8501
f 6233 3049 9428
f 5273 8971 3707
f 7566 4748 8836
f 4082 1442 529
f 7955 9200 3650
f 6897 8489 5812
f 2650 6224 4813
f 4449 1681 6327
f 4205 7432 2552
f 4821 8636 1651
f 2947 7232 6881
f 2519 4289 855
f 4816 3065 8767
f 2793 5536 6640
f 4627 3919 8626
f 1216 6290 7512
f 5754 4479 7993
f 5754 8459 4983
f 8637 7938 4522
f 1648 6120 4050
f 2764 6369 7385
f 8803 4756 5498
f 8736 2237 8052
f 2272 9676 2889
f 6888 4937 5861
f 1493 5090 7884
f 1454 6980 8083
f 9316 2383 8147
f 3834 5170 8300
f 7974 7153 3363
f 5019 9264 7844
f 2936 6492 9777
f 1105 2529 9630
f 1105 7987 7123
f 2476 8178 4525
f 1741 9557 8062
f 3784 5948 7841
f 8997 3908 7426
f 8124 9339 1452
f 8124 1452 8593
f 2267 5561 8282
f 3550 2400 7998
f 3748 2859 4509
f 5190 8229 6040
f 7220 7119 9105
f 1343 9174 3946
f 7262 5233 9284
f 3737 9284 6372
f 8270 5136 937
f 9390 1220 4483
f 3010 9566 6634
f 3541 5914 9826
f 6510 1190 1799
f 4538 8943 6405
f 1644 5795 3082
f 4912 5820 9054
f 6279 7848 2103
f 2697 8040 4651
f 9081 4217 6139
f 6863 1873 4877
f 4145 3632 4490
f 5877 6826 4759
f 9035 2210 5741
f 6361 4820 9063
f 4760 3963 8822
f 2548 1709 7877
f 4792 5688 6566
f 1371 8840 6539
f 1837 5254 8371
f 1837 8371 2941
f 3300 3810 9760
f 7133 3747 6004
f 2932 2613 7812
f 2176 9291 1481
f 8076 222 9265
f 8076 9265 4701
f 7606 6552 3959
f 7606 3959 5404
f 9467 2809 1977
f 4835 1801 8760
f 4508 7096 2850
f 2895 1002 9773
f 2814 7883 6833
f 1841 6777 3724
f 9685 4428 3627
f 9749 3252 1196
f 5435 1744 7628
f 4024 8659 6322
f 4076 9453 957
f 6219 5251 2805
f 8834 6166 4186
f 4165 2732 8851
f 1413 7627 2668
f 1413 2668 7523
f 2437 4806 9679
f 5127 8345 2287
f 7414 9188 3877
f 7414 1813 9078
f 3453 2618 9699
f 3453 9699 1026
f 7299 8792 5910
f 5865 7991 4013
f 3986 8996 964
f 3986 964 8542
f 1314 8165 9019
f 4274 3705 6984
f 1487 4395 5463
f 1367 4095 6735
f 3237 5666 7578
f 6141 4959 9590
f 4441 7920 2527
f 4720 9830 7187
f 9029 4902 4259
f 1527 7959 4247
f 5653 4744 8140
f 6198 9821 2897
f 5061 9087 2259
f 9116 2259 4345
f 2574 9361 1319
f 7221 5597 6456
f 3205 9460 4364
f 9410 3234 8041
f 6138 2952 9807
f 1434 4079 8867
f 8777 4106 975
f 929 7987 7123
f 3137 8018 2685
f 3137 2685 5750
f 8696 6684 4826
f 3146 5328 7845
f 3380 9689 978
f 9428 4058 3049
f 8625 2227 4677
f 7095 4993 3911
f 4743 5522 7357
f 4743 3253 9413
f 7719 8485 2566
f 6690 8961 3525
f 8344 9002 982
f 4590 3884 9770
f 3720 9183 6896
f 6877 4291 5781
f 4373 7768 4550
f 6872 9175 5049
f 7077 9034 3384
f 5699 2848 7536
f 8425 2130 7760
f 6267 8984 2074
f 9385 604 5200
f 2908 6439 8132
f 4523 883 7699
f 3621 8764 7281
f 6555 4190 2048
f 6971 2536 3638
f 8246 3497 9717
f 2093 1721 5296
f 9320 6009 1356
f 8392 7201 4087
f 5893 3070 7898
f 2126 3602 6497
f 2965 4752 8709
f 8224 1484 3322
f 8906 4836 7429
f 8740 3330 4916
f 6419 9792 4960
f 3953 5826 4936
f 4538 6405 8899
f 4822 1232 8690
f 4656 5323 6343
f 4080 8451 7958
f 8176 1768 9373
f 5519 4608 8190
f 3196 1323 6808
f 3351 9582 6867
f 5151 8048 9600
f 7865 1457 9431
f 6454 3483 4581
f 9724 8023 5897
f 2850 5253 3770
f 5898 7757 5152
f 7359 1516 4716
f 5607 8611 4026
f 4113 9068 3524
f 4855 7452 5537
f 1754 8711 7552
f 6562 1433 3154
f 1619 6585 3929
f 6349 2250 8849
f 3729 4998 1007
f 6623 7725 4702
f 3045 8852 1008
f 8838 6166 2420
f 5631 6179 7407
f 6694 2559 9533
f 6818 4625 9541
f 20 9136 3355
f 9103 5578 6840
f 5272 5115 8148
f 4144 5840 9520
f 8293 5509 4956
f 8954 4782 6367
f 7672 6365 3961
f 4713 9707 1827
f 4713 5941 2907
f 8531 8074 2230
f 5870 1721 4265
f 2005 5648 7797
f 4932 1405 9115
f 4478 5449 7739
f 1959 7167 9367
f 3608 7328 4629
f 6240 8488 2737
f 2549 1734 3880
f 3475 7614 4905
f 6418 4074 4815
f 5646 7321 9603
f 2488 7299 8792
f 4084 4749 6530
f 3040 4653 3326
f 8850 5672 2562
f 7256 2098 6305
f 3204 1837 5254
f 9397 8389 4441
f 9397 4441 2527
f 2241 6943 1025
f 9347 1756 7219
f 9829 3002 3924
f 7928 9036 5534
f 6135 7427 2081
f 4847 8632 6391
f 3500 9524 7021
f 2911 2380 9439
f 5204 7399 1029
f 7542 3954 6533
f 2984 9041 1030
f 2984 5521 8500
f 5892 9714 8167
f 5439 7252 4378
f 9733 3939 5811
f 9563 3646 4922
f 4494 5251 1033
f 1329 7681 3401
f 3170 1394 7618
f 4812 4272 8770
f 2448 336 7756
f 9020 7756 5729
f 1831 8642 2399
f 1371 3156 6539
f 8257 4031 9223
f 8257 5158 4139
f 4324 5425 4890
f 4706 1491 6843
f 9144 6010 3327
f 7102 1448 9826
f 5242 9817 1040
f 9337 6157 5346
f 5344 2207 3281
f 1680 8200 4128
f 2138 7670 5591
f 1642 8704 7800
f 2381 7957 1945
f 5007 6685 9004
f 2902 2540 6708
f 2902 6708 8894
f 6929 1715 1045
f 4785 1622 6565
f 5789 9090 2849
f 6748 3730 2024
f 2358 8984 2074
f 2358 2074 9396
f 5193 7963 2948
f 3319 2289 9617
f 3834 8300 1049
f 5448 1280 9456
f 7260 6394 1050
f 4526 9622 2531
f 2125 6301 8447
f 8738 6613 3868
f 8712 7245 5692
f 6653 5405 7379
f 39 5694 6363
f 7576 4776 4006
f 8812 6345 5517
f 8812 7368 3870
f 3347 9823 7723
f 3347 7723 9450
f 6593 1981 3447
f 6599 2710 7602
f 2700 8787 4768
f 6607 3448 8783
f 8595 4694 3863
f 5528 1575 4863
f 6491 3845 8703
f 8976 1259 6696
f 4318 7917 1060
f 4519 5272 1877
f 9025 5807 4125
f 8963 3986 5401
f 6158 2912 7415
f 7484 5924 6266
f 5163 8097 6017
f 7749 6513 2459
f 2214 3323 6713
f 2214 6713 4561
f 242 8142 9096
f 4258 8607 6770
f 5165 2187 1066
f 9425 6775 5114
f 6852 1817 8546
f 7420 2499 7193
f 2061 8469 6495
f 4809 6023 9102
f 5184 4452 8314
f 6893 3836 2258
f 6333 7786 6007
f 8099 8731 2338
f 5282 2355 8413
f 2856 7046 9382
f 9125 3860 1072
f 4655 7761 6215
f 9311 8058 5879
f 4488 7904 2910
f 1847 6169 9344
f 8171 9515 5900
f 9457 6990 4856
f 3332 7506 992
f 4970 7924 3946
f 5550 6485 7264
f 4540 7807 9258
f 5407 7719 8485
f 7623 2921 4687
f 6388 9362 4517
f 4141 7443 1079
f 6474 8301 3351
f 2614 9837 8038
f 2614 8038 1528
f 9178 7802 5894
f 1578 5894 8206
f 3470 4174 7384
f 6374 2734 8799
f 2262 5646 9603
f 2262 6421 7658
f 5921 1176 9196
f 3731 2694 3885
f 9468 307 2503
f 3797 9400 5989
f 2988 9807 6138
f 6590 5295 8713
f 5863 8677 2956
f 6689 1413 7627
f 4910 1443 9686
f 7118 2518 5108
f 3673 8067 9471
f 7675 7105 9587
f 6937 1978 8443
f 5077 8033 9138
f 3373 8466 4328
f 3088 4328 9275
f 6806 9076 3533
f 5861 2456 6888
f 5702 6542 9377
f 9442 1410 3172
f 5106 7076 1094
f 3702 6891 4723
f 9579 5032 2039
f 423 6417 9559
f 1550 6358 1096
f 8818 7558 3659
f 4790 1986 2799
f 6595 8853 2202
f 3514 4989 8131
f 8571 8131 2576
f 4521 8056 4358
f 9655 8169 6462
f 8032 3930 5889
f 3611 5011 3269
f 3138 4632 9127
f 4651 6836 9774
f 6010 9144 3270
f 2590 6882 7925
f 3584 6878 2917
f 5105 8583 8044
f 3389 7669 1104
f 2942 9298 4587
f 9478 2529 1105
f 1762 3378 8265
f 9198 5743 6968
f 2929 7692 7061
f 7591 5663 4503
f 3032 1849 8829
f 6163 7923 4844
f 5356 3874 42
f 6829 5774 1109
f 7944 9152 5073
f 7709 5558 8454
f 210 8643 6400
f 6242 3178 7549
f 2931 6659 1401
f 7550 6347 8878
f 8800 5498 4756
f 4231 6408 8702
f 8630 3487 3190
f 3339 8925 1114
f 3339 1114 8483
f 946 3568 4765
f 7561 3869 4792
f 3653 5397 4612
f 7532 4200 4807
f 3085 6389 4035
f 9547 3518 6787
f 2912 7415 8486
f 4630 4046 7488
f 7911 6317 8527
f 4120 5023 9009
f 9068 3524 7343
f 3022 1224 8752
f 9208 1993 7947
f 4344 3764 7763
f 4019 5545 2629
f 8916 1864 8128
f 9063 4820 1123
f 1427 4002 6381
f 1807 5647 9745
f 7140 9847 3601
f 5279 8427 1125
f 8553 6685 4284
f 4897 8322 4248
f 1802 7745 3282
f 5392 5047 3479
f 8969 2564 4135
f 2826 5825 4935
f 8341 4121 4742
f 1535 2775 5429
f 2346 3136 5641
f 4731 8309 1130
f 4731 1130 8570
f 7081 5923 8175
f 9393 2684 5185
f 7638 5461 4534
f 9123 3635 1727
f 9671 7487 1133
f 2597 8299 5166
f 3266 8160 5142
f 7022 9374 1422
f 5830 2351 1135
f 5565 4368 5000
f 8112 8521 1136
f 9317 2432 4152
f 3849 8231 3740
f 7905 1963 6835
f 3403 8862 2065
f 3403 2065 9417
f 2886 9306 5125
f 4449 5966 6327
f 4642 8261 9595
f 6244 5383 4505
f 6611 5450 9824
f 7075 3632 4920
f 4015 7760 8425
f 2133 5017 4334
f 7038 8271 4450
f 3314 4428 9549
f 1745 6258 9204
f 8045 4257 5346
f 8011 6041 6137
f 2025 3306 6702
f 107 6450 3881
f 7639 2829 6175
f 2991 3904 6862
f 9509 1822 5840
f 3289 7422 1148
f 3289 9680 8123
f 7023 3420 1149
f 5552 7283 1773
f 4845 8763 3996
f 3144 1232 6453
f 6628 9719 7982
f 2204 4144 9520
f 2113 6782 5035
f 6688 5554 4994
f 8145 6201 1153
f 5255 6654 3958
f 3129 4209 1154
f 8771 6275 7619
f 8923 3493 1155
f 2531 3248 9622
f 7231 573 2370
f 6703 8773 4507
f 7429 5293 3198
f 4869 5980 4253
f 6582 8817 1158
f 6582 4793 5694
f 7859 3066 6807
f 6155 4095 3521
f 6687 2756 1160
f 808 7308 2840
f 5199 7776 9230
f 6085 2572 8525
f 7200 5770 1162
f 4483 8590 2663
f 5071 2505 8010
f 2934 4384 5076
f 8248 6064 1164
f 9494 4020 2164
f 5065 9582 4335
f 3229 1851 7065
f 1617 3152 3661
f 4948 7840 2350
f 4501 1534 6791
f 9828 5814 6803
f 7851 8726 4614
f 7851 4614 8953
f 7377 6370 8951
f 6568 3851 8831
f 1630 8964 3218
f 7659 3916 6800
f 2009 5793 8529
f 9448 6028 6827
f 6170 5451 2280
f 5559 3172 1410
f 4696 6294 2554
f 6774 3372 7325
f 3672 2986 8707
f 4587 8034 9298
f 4548 7292 1175
f 4874 4224 6497
f 5162 2770 1176
f 5162 1176 9196
f 3302 6044 9325
f 3302 9325 8003
f 4100 8584 5543
f 6418 2780 4074
f 6714 7973 1963
f 9010 1963 7905
f 3333 7038 8271
f 3888 9788 3498
f 9426 8399 4484
f 6094 2603 7034
f 8348 5560 4745
f 3692 9775 7172
f 5698 6589 3444
f 6580 2641 4791
f 3344 5804 2387
f 9057 2724 7777
f 6177 9210 5881
f 9002 1315 8344
f 3111 7268 5266
f 5232 7422 7107
f 6906 9709 1187
f 223 8475 4817
f 8654 6786 4692
f 3913 4692 9188
f 7562 6204 3241
f 7562 3241 8793
f 5652 3209 7468
f 8898 2474 1723
f 4943 9242 3647
f 2804 1789 7580
f 7634 6499 1192
f 8770 5604 4812
f 1690 7171 4945
f 6567 8451 4080
f 4794 6346 3502
f 1606 7581 4491
f 8889 6548 3454
f 1054 7891 3745
f 3683 1863 4686
f 5858 4233 6746
f 2123 6706 2855
f 7738 2855 9016
f 4125 5807 9007
f 4860 7755 8992
f 2056 4971 7830
f 8733 7830 4477
f 3477 7018 9114
f 8436 6223 7803
f 7899 4883 1201
f 6859 9129 387
f 9506 7164 2725
f 2312 2725 9642
f 5093 5884 3296
f 5742 9139 672
f 8455 6475 1204
f 8455 4928 3480
f 2223 5078 1205
f 2223 1205 9433
f 8057 6881 1206
f 6853 5294 9690
f 6054 8101 4832
f 6054 2318 8138
f 9281 2209 5864
f 5973 3712 1392
f 3094 3975 5749
f 2599 1444 9684
f 6852 1817 9387
f 8079 7040 9321
f 8672 6134 4635
f 8672 4635 7486
f 7822 2396 3796
f 9201 6940 7871
f 9193 7057 1213
f 9193 1213 7128
f 5185 4086 1214
f 5185 1214 7005
f 4851 3021 9564
f 4238 1659 9446
f 146 6303 2669
f 8753 4627 6678
f 9319 3863 1217
f 3791 1217 8332
f 9530 6537 1218
f 4220 1886 3383
f 1851 7065 5794
f 9332 1585 2447
f 8423 5224 1220
f 8510 2663 4397
f 3369 9484 4931
f 8227 6927 1692
f 3972 8902 7449
f 2066 5421 9556
f 4982 8004 9140
f 6816 3010 9566
f 5437 3022 1224
f 7424 6340 3425
f 197 5116 2825
f 197 2825 3303
f 2521 985 1226
f 8213 8915 6392
f 5453 3599 7303
f 7778 9042 5784
f 4325 5909 9783
f 7239 3885 9424
f 8944 6031 8331
f 3125 2467 7615
f 4900 8938 7647
f 3422 1367 5654
f 3155 7683 1231
f 7554 9266 2587
f 8928 6319 1232
f 8928 1232 3144
f 6424 1517 8665
f 8550 3728 3243
f 3161 4942 7601
f 6585 5491 1619
f 4275 4854 6869
f 8740 5855 4916
f 4664 3963 8822
f 6557 4081 8826
f 8701 6463 2560
f 8698 4885 5659
f 2791 1078 8772
f 8586 5630 1801
f 4200 1476 8887
f 8473 2797 4618
f 2207 5344 4529
f 4675 7875 6691
f 6202 8477 1241
f 6202 1241 4156
f 7373 6607 1242
f 4174 1242 7384
f 5035 2113 8537
f 1897 7729 4678
f 4359 9040 6752
f 9046 3536 6761
f 6001 5192 1245
f 8295 6451 9651
f 4523 7699 8631
f 4991 4217 6139
f 7963 9333 7000
f 2854 1547 9726
f 3785 6793 1248
f 9121 6093 7141
f 45 4676 6611
f 45 6611 9824
f 9695 6646 5457
f 2125 3084 6301
f 5947 9224 1251
f 3798 9662 2778
f 1135 4781 5667
f 2040 6145 9592
f 5410 1393 9280
f 4507 8743 3818
f 3719 1952 7771
f 9534 3375 5655
f 3203 9088 7710
f 242 1892 9096
f 9555 4884 7794
f 4367 7046 8077
f 2398 4570 1257
f 9357 7026 2803
f 6169 4404 8017
f 5599 1857 3842
f 4979 7501 4043
f 1059 4043 3428
f 9351 3887 1260
f 7651 4975 3499
f 4948 2350 5676
f 6564 7610 1008
f 6563 4776 4006
f 4009 8949 6546
f 4866 2900 1263
f 6515 3495 2524
f 5415 9221 1264
f 8571 5425 7903
f 3883 9109 8352
f 3351 1670 6867
f 2191 5822 7824
f 9083 5034 2387
f 7382 1961 3468
f 4789 6342 8882
f 5896 4877 6863
f 9816 1500 5603
f 3717 3249 7070
f 3717 7070 2372
f 7598 6594 4613
f 5496 4185 6560
f 5360 946 3568
f 1784 6350 7374
f 8743 3818 5972
f 3400 6335 321
f 5580 4964 1273
f 2134 7250 5283
f 3713 9633 5212
f 2473 7099 8313
f 7024 2845 4440
f 6042 3303 8183
f 2930 6141 8119
f 967 4241 4879
f 1834 8493 6367
f 1834 6367 9350
f 4831 9542 2598
f 9021 4859 6932
f 5264 4111 3424
f 3969 9593 2928
f 5765 9358 1280
f 5765 1692 4868
f 9277 2477 1281
f 8061 6978 5879
f 3973 8605 7238
f 7127 2749 2216
f 5508 8084 6693
f 3889 9195 8129
f 2896 9051 5901
f 3988 3145 3739
f 8901 7468 5652
f 8594 5412 1990
f 5340 8678 7072
f 9462 7072 3935
f 4337 3732 5806
f 3755 9098 7858
f 4203 2660 7751
f 3547 4244 1751
f 8979 6856 3053
f 6338 1642 8704
f 2272 4417 3079
f 8502 5394 2520
f 5614 3343 1291
f 5614 2830 7459
f 184 1014 9716
f 4387 5145 9194
f 7055 7881 1293
f 7055 1293 9568
f 6379 9381 8080
f 7545 4571 5701
f 7027 9349 1295
f 7027 7487 3440
f 3803 6151 6057
f 7182 9838 5805
f 8267 9747 5434
f 3856 2449 8757
f 8705 3138 4961
f 3462 2620 9797
f 2009 5001 9761
f 8279 3259 9379
f 4750 7890 2053
f 4073 5250 3441
f 8420 4433 1301
f 4377 9173 7474
f 9742 5749 3975
f 2283 7914 9169
f 7325 3372 1303
f 3500 6526 9524
f 1838 6039 9578
f 3012 8294 4292
f 9503 6619 3864
f 6475 2076 7403
f 884 4297 5431
f 5384 1651 8020
f 8158 6433 5622
f 8072 4800 4161
f 6428 8527 7911
f 3858 5708 9403
f 2293 4480 2880
f 5993 1457 4610
f 7177 9701 5374
f 9239 5973 3712
f 5317 4514 8453
f 8620 6740 5768
f 1245 8612 5378
f 3639 5378 3171
f 4854 6869 1313
f 5596 1313 8369
f 1959 8165 6630
f 58 6630 7296
f 5881 5008 4029
f 6843 4029 2297
f 7705 8969 1316
f 7705 1708 5422
f 5802 7789 1317
f 5802 1317 7259
f 2758 6411 8957
f 4260 4938 7481
f 2833 9361 1319
f 2833 1319 6252
f 4951 4182 1320
f 7942 3562 5740
f 8587 6406 4210
f 2098 7496 6305
f 838 8199 3179
f 6592 4779 8796
f 5916 6808 1323
f 2860 3762 7956
f 3239 9835 1324
f 4944 1324 5700
f 7531 5063 8477
f 5468 4304 9795
f 8806 5516 3455
f 2715 7587 5706
f 4318 7917 1327
f 6478 1535 5429
f 8809 5510 1328
f 8809 7544 6387
f 7244 2029 1329
f 4176 5671 6543
f 7372 8859 1330
f 6375 3059 1606
f 6510 1723 8545
f 6453 4822 1232
f 4317 7520 6644
f 8960 3592 2659
f 6736 3527 4307
f 8228 2882 9066
f 100 4599 5440
f 4265 2093 1721
f 4889 6615 1335
f 3146 2221 5328
f 8685 6005 1336
f 8685 6775 7967
f 4565 9690 1724
f 5046 2130 3280
f 3768 5006 2161
f 2497 1871 9493
f 6144 2326 8424
f 5051 7445 3909
f 4669 6210 1340
f 165 8436 7826
f 2367 4827 3749
f 2367 3749 3181
f 2378 8922 6911
f 8070 3790 3890
f 3548 9174 1343
f 3548 1343 7353
f 1516 7359 3195
f 6192 1701 5458
f 2638 4136 6941
f 6150 2290 560
f 8939 3143 5406
f 3420 6518 9324
f 3925 8441 3005
f 3925 3005 8917
f 8923 3493 7291
f 8649 3860 7229
f 7913 5198 2876
f 1074 9515 5977
f 4325 4589 7338
f 9254 6929 7941
f 9535 6217 1351
f 6103 5153 9772
f 2717 7918 6047
f 8843 5481 1790
f 7126 2289 9187
f 2886 7125 9306
f 3390 8673 2320
f 9261 8387 5779
f 8773 5365 3977
f 8273 4717 6414
f 9658 6009 1356
f 991 3774 4561
f 3131 9843 1357
f 8913 3539 7028
f 4606 5297 1358
f 4915 4243 9225
f 7389 3340 1359
f 3852 1981 3447
f 4452 8314 9592
f 105 2801 7398
f 7569 6653 5405
f 1397 6587 7556
f 4759 3376 8856
f 8104 4301 4671
f 6363 39 8823
f 1053 5362 7579
f 3587 8518 2768
f 7467 8780 4263
f 3641 6275 1365
f 1481 2111 4430
f 7977 6896 1366
f 833 6168 7479
f 1230 3422 8929
f 6304 1487 4395
f 2314 7648 1368
f 2314 4559 8081
f 4225 1875 3389
f 2803 9791 7026
f 5739 6383 3643
f 1673 1736 5514
f 7676 3156 1371
f 5670 1371 7567
f 7641 3098 1372
f 4843 6421 9441
f 6648 9447 1373
f 841 3006 6096
f 2611 6777 9845
f 6270 7853 2938
f 7434 5418 1375
f 4634 1375 7717
f 6739 5820 9054
f 1170 2490 7746
f 8973 8331 5714
f 918 5714 7460
f 7341 194 1378
f 48 2898 8321
f 3071 1807 7332
f 5036 1646 9057
f 919 6765 4893
f 4229 4893 3619
f 2089 7693 1381
f 2089 9234 4065
f 7151 4720 9830
f 968 7007 8251
f 1041 4128 8200
f 8660 2018 4469
f 6099 3362 1384
f 6099 1384 5239
f 7092 6076 3835
f 3696 1560 7148
f 1265 8693 7969
f 3231 5103 5895
f 2247 5389 3365
f 2247 3365 4963
f 9577 184 5143
f 8936 5351 2673
f 3956 3737 6372
f 6603 8714 596
f 2759 7555 4004
f 5504 9111 6282
f 9503 3522 6524
f 9503 6524 5801
f 8391 3712 1392
f 5148 8683 2242
f 321 5280 9205
f 8005 9205 3827
f 4595 1942 6444
f 9782 8020 5384
f 6069 6871 9175
f 6069 9175 5049
f 4063 7218 6709
f 4063 6709 9005
f 1775 4164 4773
f 5692 7577 3958
f 8978 4478 1398
f 2506 9023 508
f 4226 7470 8775
f 6498 3330 5628
f 7590 2099 5471
f 1783 6589 5698
f 7600 5705 3928
f 3454 7891 8889
f 5609 2445 4707
f 5609 4707 4034
f 4194 8710 1403
f 7604 2562 5672
f 7666 9360 5712
f 1780 5712 7485
f 3495 2524 7519
f 8682 3990 6436
f 8987 7736 1406
f 6671 4646 3572
f 4703 9088 7820
f 5719 6262 1971
f 5824 4363 7837
f 9065 6741 4045
f 912 4276 7866
f 2215 5763 6457
f 9377 5702 6674
f 9377 6674 2515
f 2930 6141 1411
f 7585 4774 6574
f 9208 1993 1412
f 3286 8001 2363
f 9740 6689 1413
f 5838 1413 7523
f 6011 3628 7637
f 6988 7637 3573
f 8266 4967 1415
f 2589 5127 9679
f 9018 5518 2190
f 9018 2190 4343
f 2041 9445 7892
f 2041 7892 8956
f 6118 3183 9349
f 1832 4894 2913
f 9245 5928 2893
f 8160 5194 2846
f 2049 5441 8397
f 2049 8397 7186
f 7527 8916 1864
f 5583 7764 9498
f 6815 3543 1422
f 6815 1422 9374
f 8741 7327 1423
f 9646 3912 2517
f 6536 2641 4791
f 6201 8717 1153
f 8558 5459 1425
f 2405 3626 5926
f 8706 7473 4648
f 60 3416 8022
f 7790 4002 4763
f 6357 1619 8788
f 5388 4504 6250
f 7216 4672 2653
f 1958 5615 9348
f 3496 5649 8013
f 7687 1252 3663
f 2801 6553 7398
f 19 5680 8495
f 3040 8790 3326
f 2240 7408 1980
f 2240 1980 5287
f 7942 5740 1433
f 9801 2587 7554
f 5691 4079 1434
f 4751 7579 1053
f 3095 6501 8652
f 5629 6622 7643
f 3148 8177 4131
f 7908 5055 9342
f 4567 9419 2568
f 7656 2255 6264
f 4356 2857 1438
f 6918 9726 2854
f 8924 1888 3262
f 1201 5331 5098
f 9084 2196 5847
f 5803 2497 1338
f 2121 8920 6190
f 2674 3022 9037
f 6575 4082 7401
f 8026 5868 2737
f 3792 9606 5913
f 5123 6873 3252
f 5749 3094 3464
f 1209 6461 4516
f 9541 6526 2943
f 9531 2025 3306
f 7096 953 9661
f 6098 8335 9213
f 3752 6707 1447
f 3752 1447 2554
f 8004 7102 1448
f 5632 7241 662
f 3267 6115 9192
f 1161 3794 5753
f 7950 2991 9444
f 5041 4375 9674
f 2979 7765 9247
f 8310 2509 4891
f 7836 9339 1452
f 8813 1452 7370
f 9382 2856 3844
f 6454 9724 4581
f 9220 2961 7874
f 848 7874 6980
f 9537 6877 7233
f 6181 1868 8464
f 3001 8524 1456
f 3636 7971 4222
f 4873 9431 1457
f 4873 1457 5993
f 1349 7646 9289
f 1349 9289 6813
f 9206 8422 1459
f 2033 6207 3434
f 7702 8914 1460
f 8589 5617 4138
f 3459 8561 1461
f 8512 5413 4234
f 3542 7160 4731
f 9314 6247 4602
f 3910 5376 8643
f 6483 4528 3489
f 4640 9198 5743
f 170 4421 8404
f 7028 3539 1465
f 8107 5924 3913
f 5817 3181 9732
f 3037 8720 7608
f 7572 4085 1467
f 823 5670 7567
f 4142 3634 8000
f 4142 9225 6021
f 5568 9261 8387
f 4710 2617 9049
f 1364 6423 3186
f 5542 7491 377
f 2722 6325 1471
f 6398 7423 3325
f 7659 3916 8910
f 3691 5651 84
f 7217 862 1473
f 1374 4041 2611
f 2702 6588 1474
f 3674 5468 4304
f 4655 6215 1475
f 5674 7603 6608
f 4807 4200 1476
f 8471 3646 4572
f 4577 8047 1477
f 6609 7369 4003
f 3152 3661 1478
f 8871 7244 1329
f 6362 7222 2708
f 4764 7379 5405
f 5524 9735 3199
f 6417 4560 9559
f 4060 2111 1481
f 9315 1481 2176
f 5460 1218 9530
f 4671 1594 4301
f 3571 5474 1483
f 7544 8884 2119
f 5511 8224 1484
f 993 4754 7400
f 7385 5501 1485
f 7385 1485 2764
f 3601 9847 1486
f 929 3232 7987
f 8929 6304 1487
f 7625 1487 8504
f 2609 7330 1488
f 2609 1488 7228
f 7956 2860 3333
f 4246 2783 1765
f 9009 4120 1490
f 37 5715 8694
f 6447 4706 1491
f 6447 1491 8931
f 1244 8585 3119
f 1244 3119 4564
f 4277 5090 1493
f 3718 1493 5074
f 1221 9436 5752
f 3594 7726 8547
f 4296 8961 4678
f 2654 7011 9330
f 2467 7615 1496
f 3371 4530 8078
f 6307 8995 5530
f 4970 2646 7924
f 808 2840 5436
f 6744 8538 2831
f 6768 447 5759
f 8900 3078 1591
f 5656 9816 1500
f 7281 3895 8764
f 5773 9093 1501
f 6708 1501 2540
f 7847 6682 1502
f 2519 9395 3735
f 9256 3295 1503
f 6789 8318 5869
f 1877 5272 5115
f 1659 6234 5281
f 3122 7655 5536
f 7352 2155 2788
f 7230 418 2959
f 3548 2570 9174
f 6480 5409 1507
f 9353 1507 2811
f 954 3611 3269
f 5184 9142 1826
f 6848 2031 7970
f 5139 7177 5374
f 1658 5408 8485
f 8006 9250 6160
f 4401 3133 1511
f 5909 7934 4325
f 8127 4408 9320
f 3814 7039 5157
f 9523 6315 1513
f 9523 1513 2175
f 5657 4856 9457
f 7231 4562 2370
f 2593 4637 1515
f 8173 7135 2023
f 2447 7069 1516
f 2447 5549 1585
f 6942 8665 1517
f 4829 2650 8907
f 2613 7812 1518
f 9454 3084 4531
f 8118 4624 1519
f 6051 5135 9408
f 4591 9464 1520
f 9297 2373 8166
f 4092 6162 4608
f 7439 9418 1686
f 2277 5177 7003
f 5905 1926 9141
f 1342 9110 7032
f 9412 4414 6297
f 5782 8241 1524
f 5782 4424 3323
f 5398 7012 1525
f 3675 5988 1138
f 3463 9106 6901
f 9691 1840 5800
f 6900 7959 1527
f 2656 8641 4697
f 83 8676 1528
f 6957 4735 4143
f 8029 9629 1529
f 254 1529 8667
f 999 4918 8280
f 5263 6808 3196
f 5197 9190 1531
f 6035 9494 2164
f 921 7693 1532
f 7993 8459 5754
f 5318 3570 1533
f 1939 8847 5668
f 184 6779 5959
f 184 5959 5143
f 6152 4089 8686
f 6152 8686 7489
f 8237 3855 5132
f 9653 5132 2204
f 7766 5997 1537
f 9290 5724 7704
f 1747 4908 9554
f 7344 9554 4492
f 7838 9098 3755
f 6778 2140 7442
f 8320 2662 3385
f 9693 5933 6148
f 7243 5925 6855
f 3897 2338 8099
f 6132 1878 9558
f 2585 6919 9768
f 5441 9796 3840
f 323 5064 9300
f 9161 1964 6128
f 4446 6128 9753
f 1283 5508 8470
f 8568 3644 7991
f 5470 8473 4618
f 4066 2173 4953
f 9328 2854 1547
f 9328 1547 5606
f 3927 2487 1548
f 8724 3235 4946
f 2427 6340 7424
f 3519 8729 5442
f 8819 6358 1550
f 8819 4180 1936
f 2756 6687 8446
f 1059 8446 4043
f 7667 2959 5556
f 9074 2157 6807
f 3952 4941 8754
f 5353 1752 2568
f 7108 8348 5560
f 9479 3822 5853
f 2355 3767 8091
f 451 9359 1527
f 6070 3271 8055
f 4469 9274 2018
f 65 5927 8289
f 4964 9565 5580
f 4544 2890 2622
f 4544 2622 7743
f 6743 8991 6050
f 2940 9615 4903
f 6111 1858 1560
f 6111 1560 8452
f 8015 2905 5943
f 3352 4378 2534
f 8223 6733 2101
f 8978 6101 1398
f 7258 2688 6837
f 3485 3156 7676
f 3349 6698 1564
f 4924 8262 8552
f 9302 7314 1565
f 4294 3357 8684
f 870 5524 9735
f 870 9735 5902
f 8534 5940 1567
f 7829 5433 4486
f 4801 8299 2597
f 9207 2031 3398
f 8829 1849 5492
f 7565 8717 2118
f 1237 6464 7477
f 6465 5600 686
f 8882 6342 4746
f 1022 4746 2202
f 561 3035 4797
f 8854 7537 3954
f 3039 2212 5495
f 6430 9401 8129
f 2962 7234 2844
f 8997 3784 3908
f 2454 6469 8679
f 3085 1800 6389
f 891 2565 7965
f 9445 6308 2041
f 9482 5457 7464
f 4295 7464 6798
f 9178 5894 1578
f 6627 4364 9460
f 4611 4456 1579
f 9154 6088 8106
f 2368 8433 6271
f 9271 2738 7674
f 9331 2232 6138
f 6841 5295 8713
f 6875 5310 3086
f 6875 3086 7779
f 2943 6526 9524
f 9386 5213 6702
f 1337 3336 9184
f 7847 5068 5846
f 4555 9332 1585
f 7367 1585 3414
f 6013 7049 1586
f 5188 1586 7213
f 9623 7050 1587
f 5632 2845 8095
f 9211 3850 1588
f 8458 5589 2064
f 9137 1988 4502
f 8215 4366 4633
f 2930 4774 4070
f 7225 2592 8602
f 7018 9114 1591
f 9469 1591 3078
f 2953 2305 1592
f 5300 6740 8620
f 8474 4017 6306
f 8426 3705 6984
f 2981 8747 1594
f 2981 9576 4431
f 7360 9011 1595
f 6681 1595 8093
f 5303 7853 1596
f 9451 5522 8092
f 4844 7923 1597
f 1108 8243 356
f 2698 9495 1598
f 2698 1598 8697
f 7675 7105 1599
f 7566 4300 3236
f 1115 5477 8816
f 6561 7378 4616
f 4227 2481 1601
f 4227 1601 8661
f 5865 6922 1602
f 8491 7299 2488
f 2445 4707 4250
f 8970 5755 3076
f 2424 435 7502
f 8913 6230 3539
f 4159 6812 1605
f 4755 1605 8839
f 7394 5507 1606
f 7394 1606 6375
f 6373 7546 1607
f 8493 4782 6367
f 5699 7536 1608
f 7272 3037 8720
f 4290 6995 8442
f 3948 7262 2260
f 4886 4207 7458
f 5526 4272 4812
f 67 8307 5539
f 67 5539 7417
f 899 7295 8651
f 7509 3415 5525
f 8604 3080 1613
f 5352 1613 8259
f 8460 2580 1614
f 7736 1614 8987
f 36 8236 8559
f 3350 3866 7954
f 8802 4788 7541
f 6364 3667 8799
f 3026 1166 5483
f 6564 3045 1008
f 8650 4837 1618
f 2253 7617 6440
f 7582 5491 1619
f 7582 1619 6357
f 5473 6384 1620
f 4163 7270 8808
f 8554 6167 1621
f 8554 4045 6763
f 7941 3670 8798
f 3240 5665 2703
f 8837 3960 1623
f 7605 1623 6573
f 6556 1328 5510
f 8202 4949 3955
f 6411 2758 1625
f 377 8735 7491
f 7576 4006 1626
f 3654 1975 6371
f 3470 4174 1627
f 7392 9111 5504
f 9148 4939 5357
f 1848 8946 6941
f 3112 4062 9677
f 6490 4590 9770
f 4281 3218 1630
f 7731 4998 3729
f 8476 6260 1631
f 8476 1631 6750
f 3465 6429 5576
f 7744 4109 964
f 934 268 4992
f 4042 7103 6078
f 5230 9788 3888
f 8975 2783 4246
f 3011 709 7358
f 9025 5564 1061
f 3836 2258 9231
f 7163 5000 4368
f 2790 6669 1637
f 925 3596 7912
f 7650 4698 1638
f 5776 6736 4307
f 8938 7647 6393
f 2372 4911 8170
f 5621 9466 1640
f 7302 9048 4057
f 6496 9118 4880
f 7657 6391 4847
f 6734 7800 1642
f 3053 5637 8979
f 8968 7769 4091
f 7446 3481 3902
f 3583 3082 1644
f 8538 1644 2831
f 7431 6963 1645
f 6183 4014 1495
f 1379 8981 5823
f 8416 5308 7110
f 2542 8174 3395
f 6175 9104 2829
f 1436 6314 7888
f 2812 7888 9257
f 8607 5827 1649
f 2788 1649 2155
f 4604 9444 3529
f 6621 1973 9038
f 8269 5384 1651
f 9534 1651 4821
f 7010 9235 1652
f 8088 5057 5723
f 1251 6986 9170
f 4382 7949 9224
f 2941 9698 5462
f 4377 6292 8539
f 9364 8069 1655
f 1310 2301 6254
f 3714 6771 1656
f 6876 1656 5919
f 6225 8221 1657
f 8097 1768 8461
f 5958 6289 1658
f 9215 5073 7944
f 8181 6234 1659
f 8181 1659 4238
f 5835 9681 6781
f 141 3272 8662
f 3356 4437 6172
f 2781 4877 5896
f 1725 7288 4858
f 8549 2310 7351
f 872 8505 5610
f 1894 5610 7364
f 5922 1858 3824
f 4426 9516 5215
f 3699 9591 7060
f 5227 9440 3006
f 213 3957 8297
f 7139 3827 8005
f 8895 5075 1667
f 3397 4222 7971
f 6448 4336 8921
f 7660 5742 3296
f 3820 9526 5975
f 8372 5975 922
f 7015 5859 1670
f 7015 9141 8172
f 7030 9406 1671
f 8122 3788 9640
f 2661 7981 1672
f 9449 4800 8072
f 9355 6854 1673
f 8039 1673 1736
f 4284 6685 9855
f 8365 5767 3187
f 7192 9791 1675
f 9394 1675 6203
f 41 5239 9860
f 8386 4470 1162
f 1074 3839 7913
f 5157 9323 725
f 7051 2696 8290
f 9295 3875 2929
f 7136 9822 1679
f 9275 5122 4328
f 4977 2535 9461
f 8086 5344 4529
f 1233 2935 1681
f 7665 9617 2289
f 1446 4461 1682
f 7124 1682 8349
f 1179 7635 1683
f 4610 3354 1457
f 5952 8212 1684
f 260 2378 6911
f 3556 8645 1685
f 6211 5314 7862
f 2150 9418 1686
f 5901 1686 9051
f 9338 1518 6647
f 3370 2934 9573
f 6196 3461 1688
f 48 1688 9635
f 5119 7233 9429
f 833 6022 7479
f 997 7671 9738
f 997 6343 8723
f 2103 6279 1691
f 941 7001 8123
f 1280 8227 1692
f 1280 1692 5765
f 132 3801 1693
f 3726 7223 9804
f 6048 7227 1694
f 6795 9372 7902
f 9272 4112 1695
f 1421 1695 5583
f 943 7005 1696
f 6333 8049 6007
f 1079 9610 1697
f 1079 8301 4141
f 7289 1199 6683
f 7528 3146 2221
f 2769 7951 1699
f 7490 2936 6492
f 254 1529 8029
f 6614 2187 9279
f 1344 4684 1701
f 1344 7419 5347
f 1156 4562 1702
f 5355 8773 3977
f 1076 2088 6485
f 7864 9165 4547
f 1914 5343 1704
f 2784 8016 4705
f 243 6312 1705
f 7255 9551 6263
f 1264 2998 1706
f 2794 7320 3620
f 9343 5646 1707
f 4247 6650 3532
f 1316 7705 1708
f 2730 1708 6259
f 1236 6557 1709
f 1236 1709 2548
f 3417 2610 8081
f 5578 3693 7524
f 7589 2712 6535
f 4183 4770 6825
f 7554 9801 6559
f 4181 3664 7551
f 6356 8803 3656
f 4952 4175 6562
f 4541 6297 8606
f 9712 2469 4593
f 2238 8383 3878
f 9584 3878 7997
f 6431 8515 3520
f 6431 3520 839
f 2834 6101 9799
f 2834 9799 4484
f 9522 2218 4734
f 9522 4734 4030
f 9022 7747 6667
f 9022 6667 5014
f 9527 5627 7649
f 1971 7649 6262
f 4285 1969 9228
f 5759 8002 447
f 3328 8511 5650
f 804 3862 8633
f 6482 7492 3945
f 5432 3945 7465
f 5379 4565 1724
f 5379 1724 8324
f 5743 6968 9423
f 6184 9423 4858
f 7411 1125 6326
f 8533 5384 8269
f 6336 9720 7986
f 5175 2287 8345
f 6025 6284 1728
f 6025 8230 4619
f 6012 9528 7211
f 6012 6159 9803
f 7753 3881 5369
f 7753 9380 315
f 8429 6992 4859
f 8429 4859 6209
f 6870 4907 9183
f 5906 7935 4883
f 2920 5383 8933
f 7700 8971 3707
f 7061 7692 8750
f 9566 5967 6634
f 6194 5042 1735
f 4960 9053 6419
f 5679 6341 3903
f 5679 2906 7326
f 3120 8440 6067
f 4089 2522 6152
f 4659 9326 1738
f 4659 1738 9404
f 9701 5374 1739
f 8355 4871 6907
f 2407 8111 1740
f 3983 2080 8974
f 5038 8062 1741
f 9085 3599 5453
f 5371 8589 1742
f 2667 7289 6683
f 2960 2431 1743
f 6293 5328 2221
f 5424 3465 6429
f 7301 4524 6619
f 4848 9204 2359
f 324 3919 4627
f 6676 8625 1746
f 9246 3512 8196
f 1068 4492 7344
f 1068 7344 4827
f 4796 5498 8800
f 3324 6546 4009
f 4214 882 7312
f 9480 2625 2452
f 9199 4557 1750
f 3872 3480 4928
f 5904 1943 1751
f 7915 3873 2094
f 6409 5353 1752
f 7754 9090 2849
f 8833 6214 1753
f 6201 1753 8145
f 8805 7552 1754
f 5480 1754 8824
f 5618 7618 1755
f 8905 4812 5604
f 5848 9347 1756
f 6810 5029 3533
f 1018 5467 7878
f 1018 2928 8569
f 9506 543 3379
f 9583 8206 1578
f 2262 7658 6182
f 7447 5801 2606
f 6003 3182 1760
f 6003 4330 4540
f 2953 2305 1761
f 7356 1761 7188
f 890 6437 5261
f 6435 9478 2529
f 9436 1494 1763
f 3934 9456 4875
f 2939 7165 5268
f 132 7310 1693
f 5275 2783 1765
f 855 8994 4289
f 664 7869 6180
f 664 6180 7246
f 4321 8668 6063
f 1583 3361 2943
f 6028 7020 1768
f 6028 1768 9373
f 1257 4064 3553
f 8635 4852 6308
f 3516 5954 1770
f 4460 5277 9197
f 6296 9491 1771
f 6296 1771 7495
f 1294 5703 8885
f 1294 8080 1013
f 3459 6232 1773
f 3459 1773 8561
f 3961 2714 1774
f 3961 4786 7672
f 4757 4164 1775
f 4757 1775 3445
f 46 45 7413
f 46 5375 9624
f 3247 966 1777
f 8504 1777 7625
f 3592 8096 8507
f 9645 4055 6272
f 6171 5465 1779
f 6171 1779 4329
f 7666 5712 1780
f 4965 3697 159
f 1544 9487 4218
f 1544 4218 8374
f 6664 3930 5301
f 8657 8092 5522
f 5321 6589 1783
f 5321 1783 6572
f 8566 7374 1784
f 8566 5360 4177
f 1986 4790 8721
f 4799 6203 2803
f 5473 7270 1786
f 7679 3744 3238
f 78 2728 4667
f 8934 7345 2252
f 6633 8447 5640
f 4295 2354 6798
f 7678 2804 1789
f 6579 4187 7573
f 6243 8728 1790
f 6243 1790 5481
f 6364 2734 1791
f 1477 7369 4577
f 6531 8879 1792
f 6531 1792 7548
f 3955 8202 1793
f 6551 5097 3401
f 2563 5513 3651
f 6652 5334 9304
f 5634 3370 1795
f 5634 1795 8692
f 3622 441 5756
f 4995 3890 6917
f 7588 6361 1797
f 6751 9063 1123
f 8715 2761 1798
f 3956 5320 6372
f 939 6620 7695
f 939 7695 6505
f 8679 3085 1800
f 1575 5537 7257
f 7416 8467 1801
f 7416 1801 8586
f 4340 3544 1802
f 479 4897 9641
f 8697 1598 5309
f 3331 2525 783
f 5230 6269 1804
f 5230 1804 9788
f 9143 2450 6776
f 3812 5154 6953
f 6522 5582 1806
f 2215 9162 6695
f 843 7332 4596
f 2345 4596 9663
f 5265 4287 1808
f 5265 1808 4643
f 9202 4937 6888
f 3718 4277 1493
f 4436 6059 1810
f 4436 1810 5883
f 5824 4363 1811
f 9013 3937 7316
f 8656 5314 4906
f 2005 9656 5648
f 7996 6903 1813
f 3877 1813 7414
f 1031 2677 6905
f 9108 4624 2615
f 1595 9011 4412
f 1595 4412 5128
f 1308 3858 5708
f 9550 2604 6317
f 5111 7142 1817
f 5111 3306 9531
f 4274 8945 1818
f 4274 2037 6984
f 3510 4215 9226
f 8027 5162 2770
f 5056 6944 1820
f 4398 6848 7970
f 3400 6335 1821
f 2982 1821 7636
f 6079 9509 1822
f 6079 1822 7946
f 9217 3261 1823
f 9217 4876 7772
f 5112 3694 1824
f 4424 6087 9786
f 2489 7410 6815
f 2489 6815 3543
f 9621 7906 1826
f 6277 4452 5237
f 6178 3936 1827
f 2553 9138 5077
f 492 7425 9543
f 6442 4637 2593
f 2571 8936 7518
f 1388 7518 9236
f 30 3609 9660
f 8199 5493 3179
f 4069 2399 7054
f 1467 9780 7990
f 9861 4894 1832
f 2019 6969 7210
f 9568 3804 5124
f 5091 7909 9157
f 7029 8154 1834
f 7029 1834 7390
f 1142 8159 9850
f 6876 3714 1656
f 860 3214 1836
f 6265 9499 3753
f 4603 3204 1837
f 1438 9698 5462
f 414 9578 1838
f 5423 3897 2338
f 8428 7401 1839
f 5619 9754 1086
f 9818 3995 1840
f 9818 6882 4416
f 9845 8152 1841
f 9845 1841 6777
f 7816 8484 1842
f 5332 2015 6948
f 10 5252 1843
f 10 1843 7067
f 1447 9616 1844
f 1447 6294 2554
f 1333 7100 1845
f 4307 8163 3527
f 8237 5132 9653
f 1012 8104 4301
f 6949 7307 1847
f 5977 1847 8150
f 992 9513 1848
f 992 1848 8946
f 1107 9345 1849
f 1107 1849 9639
f 9514 158 4534
f 8214 3184 6545
f 1165 9667 1851
f 1165 1851 3277
f 1587 3208 1852
f 2292 3387 8328
f 1525 7012 1853
f 7044 6052 2234
f 1500 6641 1854
f 1500 8699 5603
f 1344 5347 1855
f 1344 8381 3077
f 1382 7151 4542
f 1382 4542 8060
f 1258 7504 4709
f 1258 6759 9658
f 1213 3824 1858
f 1213 1858 6111
f 1091 7366 1859
f 9717 1859 5917
f 3478 7298 4940
f 6679 9805 2103
f 1403 8710 1861
f 1987 7122 3036
f 7961 2543 8648
f 4566 6997 1307
f 3981 3406 1863
f 9305 1863 3683
f 1421 4016 1864
f 8054 6151 3803
f 5198 2876 9252
f 7016 5989 3797
f 1387 6268 8134
f 9540 6023 7953
f 6163 7923 9120
f 3141 2300 1448
f 1455 6181 1868
f 1455 2808 7405
f 118 6451 1869
f 4693 1869 2812
f 874 7121 1870
f 874 8412 6656
f 9264 5019 1871
f 1338 1871 2497
f 6007 8049 1872
f 8325 7081 9696
f 942 2112 9648
f 5885 4137 8035
f 3003 3624 9049
f 241 6760 5745
f 1104 3389 1875
f 5416 6506 3638
f 8452 1560 3696
f 8306 9420 6048
f 8288 4519 1877
f 1215 1877 4413
f 8304 6132 1878
f 1187 2950 6906
f 974 7934 1879
f 5377 3670 7941
f 122 9213 6098
f 7985 4675 1240
f 1521 4061 1881
f 5734 1881 6484
f 209 7818 1882
f 6758 4039 4880
f 1401 2931 1883
f 1401 1883 8449
f 7775 3902 9067
f 2831 5274 6744
f 6764 4912 1885
f 7806 2902 8894
f 1218 6537 1886
f 1218 1886 4220
f 2442 9048 1887
f 8572 6198 4742
f 8365 8924 1888
f 9608 2085 7957
f 2948 7963 9333
f 8012 4829 2650
f 265 3458 1890
f 8914 3985 7702
f 6036 549 6914
f 3292 4442 9010
f 1255 3203 1892
f 1255 2453 6146
f 1355 7456 1893
f 1355 3515 8191
f 872 145 1894
f 872 1894 5610
f 1110 6310 1895
f 3910 5710 1463
f 5195 9657 1896
f 243 1896 5292
f 1152 6237 1897
f 7762 1897 8535
f 9773 2895 1898
f 41 6099 5239
f 1103 7481 4260
f 1103 8583 6313
f 1235 6253 1900
f 1235 1900 9599
f 2451 9122 1901
f 3343 9152 1291
f 7782 9032 1902
f 3011 5802 7259
f 1441 2674 1903
f 5401 7720 8963
f 6105 9105 7440
f 3272 3368 8662
f 2124 4475 1905
f 8629 2743 5951
f 816 5608 1906
f 5629 8483 3339
f 8563 7690 6385
f 1116 3503 5704
f 832 7278 1908
f 832 1908 5996
f 8286 423 7031
f 54 3721 5586
f 3237 7578 3669
f 6591 7595 4663
f 2700 8866 1911
f 826 1911 4665
f 2412 7564 1912
f 3340 8784 1359
f 3959 5404 8859
f 951 7599 5482
f 888 1704 1914
f 5147 3554 4151
f 2932 5071 2505
f 4517 2176 9315
f 7836 1452 8813
f 4578 3178 7549
f 2363 3286 1917
f 2196 2757 9084
f 1375 6715 1918
f 1375 1918 5418
f 1426 6769 9808
f 1426 4648 7473
f 4815 6418 8909
f 3614 5555 574
f 1368 8919 1921
f 1368 1921 5613
f 5713 2768 8904
f 4833 3729 7731
f 1381 6187 1923
f 1381 1923 8179
f 1042 5520 1924
f 7507 8704 6338
f 916 5548 1925
f 7470 1925 4226
f 1522 2827 1926
f 1522 1926 9294
f 1699 7490 1927
f 5387 4496 635
f 955 3298 1928
f 6328 3949 8912
f 2425 5047 5392
f 9055 3083 5718
f 1285 2512 1930
f 1285 1930 6402
f 1336 8685 6775
f 7457 5262 2256
f 5543 8584 3128
f 3552 5523 8663
f 3577 5429 9072
f 7732 4040 9324
f 1431 7395 6550
f 8786 4789 6342
f 1474 2702 1935
f 7557 8722 362
f 1479 3058 1936
f 4184 7379 6653
f 2901 2180 7391
f 5363 2764 6369
f 7589 4944 5700
f 4183 3666 9145
f 911 3038 1939
f 8708 6593 1056
f 307 9468 1940
f 3847 7854 4541
f 3795 6160 5336
f 3795 5336 8622
f 7630 4682 8739
f 7630 8739 1755
f 1288 2538 8090
f 1288 8090 8990
f 3915 6195 7834
f 141 8926 3272
f 9012 7730 1945
f 9012 1945 2381
f 6355 4172 5479
f 801 7574 8814
f 2999 1260 6472
f 4119 8781 6179
f 4905 4122 7750
f 289 3341 6950
f 5131 6410 1949
f 6912 1949 3805
f 7893 4632 3138
f 7893 3138 4961
f 7314 9302 1951
f 8305 8588 4094
f 9855 6685 5007
f 9855 5007 7907
f 6504 5345 9309
f 6504 7857 5581
f 8378 6024 1954
f 8378 1954 2964
f 3597 6286 1955
f 9091 1955 6855
f 7331 8776 1956
f 5339 2594 6180
f 6249 9642 1957
f 6249 1957 5625
f 9491 6296 1958
f 5573 1958 9348
f 9758 6630 1959
f 9758 1959 7167
f 8520 5381 1960
f 5621 6792 9466
f 8567 3468 1961
f 5495 4574 3504
f 8877 3059 6375
f 4493 3502 7543
f 9710 7973 5298
f 1179 5298 9784
f 9186 6128 1964
f 3091 6177 5881
f 6049 4396 6427
f 3721 3112 1629
f 7784 3364 1966
f 8615 4728 2254
f 5140 5725 1967
f 9752 2324 3342
f 3327 9144 1968
f 9836 8004 1448
f 3892 9228 1969
f 4605 8531 4051
f 8991 2595 7286
f 5559 6170 2280
f 8142 5719 1971
f 919 2584 7808
f 8909 3337 1972
f 7493 1972 4371
f 5257 4282 1973
f 5257 1973 7475
f 6420 5029 3533
f 9232 2456 6888
f 8801 3654 1975
f 6369 7583 5363
f 7592 5677 1976
f 3655 6594 4613
f 5607 8611 4208
f 2551 3612 9467
f 5730 7277 1978
f 5730 2995 9378
f 6639 3998 1979
f 6639 7886 5394
f 1432 5287 2954
f 7882 9036 263
f 6585 3929 8844
f 1359 8844 3852
f 3236 7566 1982
f 7209 8713 6590
f 1136 8521 6383
f 2432 8948 6386
f 5660 3698 1984
f 9293 7023 3420
f 4009 5496 8797
f 8867 4775 4079
f 7684 8721 1986
f 6549 1986 5664
f 2562 8850 7387
f 1403 5950 1861
f 7498 9137 1988
f 4626 3211 6295
f 4760 3963 1989
f 838 6592 3179
f 7654 8594 1990
f 4838 8638 7523
f 6097 6479 1991
f 7095 9684 1444
f 9665 1722 1992
f 1144 4257 8045
f 5661 7947 1993
f 6645 1993 5970
f 3917 5307 1994
f 3917 7826 3477
f 1259 7501 8989
f 1259 8989 6696
f 2537 8021 4568
f 5588 3580 1489
f 3722 6675 1997
f 6154 3951 7469
f 814 7748 2664
f 6766 4700 7832
f 4355 3783 1999
f 4673 5940 8354
f 7022 1422 6119
f 7227 7120 9420
f 3284 6861 2001
f 1811 3937 7809
f 4302 6610 2002
f 4302 9762 611
f 7806 3418 5326
f 9050 3082 3583
f 9670 6071 2004
f 8341 2826 4121
f 7861 5834 2005
f 9601 2005 7797
f 4525 1741 9557
f 930 6309 8530
f 71 5426 6773
f 3931 6773 7855
f 1856 8108 9411
f 4542 7007 968
f 5138 9761 2009
f 7074 3879 800
f 3530 5354 2010
f 1379 6236 5823
f 6173 7347 2011
f 2380 5092 9439
f 8118 4624 2012
f 4403 2223 9391
f 9859 586 2013
f 8007 2941 5462
f 7085 5850 2014
f 7085 8536 5380
f 1842 5332 9402
f 8261 4140 4644
f 9352 3733 2016
f 4729 4022 663
f 4387 7156 5949
f 5094 2680 7833
f 4349 6928 5099
f 1383 5099 7211
f 8421 6969 2019
f 7144 2019 8264
f 9502 7111 2020
f 5923 5118 1131
f 1561 2905 5943
f 1561 5943 6892
f 2235 7943 9430
f 8106 4806 6088
f 8356 6908 2023
f 2835 3093 9720
f 1656 9473 8144
f 1656 8144 5919
f 1445 6077 8184
f 1445 8184 3361
f 4811 9819 6894
f 6931 5928 2893
f 3202 1648 6120
f 3202 6120 9748
f 338 4482 2028
f 338 2028 6104
f 7931 9389 2029
f 1203 2029 2861
f 806 5854 2030
f 6664 8032 3930
f 1568 6839 2031
f 1568 2031 9346
f 116 6459 9404
f 116 7990 4512
f 4036 4857 2033
f 4036 2033 6207
f 9631 1762 8265
f 2301 8432 6254
f 860 3214 9612
f 2321 7160 5337
f 976 4878 2036
f 5249 2685 9259
f 1818 4274 2037
f 1818 9591 3699
f 7425 9543 6390
f 4033 2968 5045
f 7342 5032 2039
f 3578 2039 2679
f 1135 5667 2040
f 9490 4368 5565
f 7645 8956 2041
f 8635 2041 6308
f 1396 4882 4216
f 1396 4216 9005
f 5123 8562 2043
f 4419 8133 2528
f 4255 6142 2044
f 422 7961 8648
f 7904 8448 5187
f 1073 5187 9335
f 9852 6112 2046
f 132 2046 3801
f 1688 3461 2047
f 1688 6162 9635
f 7192 1675 8292
f 9574 2942 8198
f 842 323 2049
f 8689 2049 7186
f 1214 6029 2050
f 1214 9736 4086
f 1221 6974 2051
f 3594 9287 7965
f 8922 773 2052
f 5232 9787 7107
f 3850 7890 2053
f 1300 9619 2547
f 6713 2946 9407
f 9193 4383 7128
f 6662 1747 2055
f 813 8213 8915
f 868 7830 2056
f 4075 6819 9117
f 17 7291 2057
f 2531 7972 9307
f 1352 2717 6359
f 8434 5481 1029
f 50 5292 4819
f 7631 5317 425
f 4367 8077 6129
f 9841 5239 1384
f 3007 6495 2061
f 6458 8152 1374
f 1294 5703 2062
f 3322 3870 1484
f 1726 8533 2063
f 1726 2063 6828
f 5207 8458 2064
f 8621 2064 5799
f 1138 8253 2065
f 1138 2065 9417
f 977 8411 2066
f 977 2066 5421
f 9668 5474 2067
f 1145 9354 6091
f 5304 9744 2068
f 8676 2614 1528
f 223 8465 2069
f 7894 5305 1106
f 387 9129 7868
f 2974 6829 8579
f 2715 5706 2071
f 4080 2958 7958
f 5547 6432 2072
f 2281 3885 3731
f 5843 7798 2073
f 1147 6862 2991
f 1047 5992 2074
f 1047 2074 6267
f 943 7005 8327
f 3388 4490 3127
f 5424 9039 2076
f 1305 2076 6475
f 9110 7032 2077
f 260 5952 1684
f 111 112 2078
f 5402 2662 8320
f 8779 5563 2079
f 2346 2637 3136
f 1740 3983 2080
f 9544 2080 8094
f 5030 8756 2081
f 9061 5276 3690
f 1883 6218 2082
f 7945 2082 6658
f 7362 5731 2083
f 2574 7221 1319
f 408 3329 2084
f 408 2084 3922
f 1888 3262 2085
f 1888 2085 9608
f 1241 4156 9218
f 5910 6922 7299
f 8231 5190 2087
f 1633 4435 8980
f 5550 6485 2088
f 6307 8932 1497
f 6925 4065 2089
f 921 2089 7693
f 6909 3387 2090
f 5944 9715 2469
f 8734 3985 7702
f 3117 3497 8246
f 255 2623 5453
f 4111 8508 3424
f 1334 4265 2093
f 2689 2093 7335
f 4528 7455 2094
f 1463 2094 3873
f 2365 7720 2095
f 5564 6649 1061
f 895 1884 2096
f 4680 2096 9003
f 905 4023 2097
f 6248 9441 2741
f 1611 7256 2098
f 5539 8759 7417
f 4012 6569 2099
f 858 3347 9450
f 74 7629 2100
f 8740 5628 3330
f 1562 6733 2101
f 7713 4286 3423
f 7668 5356 8695
f 5246 6298 2983
f 941 1691 2103
f 9028 2103 6679
f 1115 5477 2104
f 5689 2104 6554
f 1261 4536 2105
f 1261 2105 3962
f 4795 7587 4195
f 3032 2419 1849
f 47 4763 2107
f 8522 7273 2250
f 2699 4981 2108
f 4797 2108 8854
f 3453 2618 7690
f 4800 5397 4161
f 4538 8899 2110
f 5562 8603 3130
f 1618 4060 2111
f 7617 4685 5711
f 1268 4549 7831
f 5656 3213 9816
f 981 8537 2113
f 5408 2267 8282
f 1667 5245 2114
f 1667 2114 6176
f 6285 4558 8748
f 81 4736 2982
f 1233 2935 2116
f 4027 5548 916
f 957 131 8497
f 6543 7540 4176
f 893 3466 2118
f 8833 6201 1753
f 8890 3102 2119
f 300 2119 6544
f 1453 6000 2120
f 1453 2120 6213
f 44 8920 2121
f 9068 4598 7343
f 7813 1280 5448
f 4112 2361 9272
f 7738 2855 2123
f 297 8476 6260
f 3191 7530 2124
f 803 2124 1905
f 4531 3084 2125
f 6633 2125 8447
f 4123 3602 2126
f 4856 7788 6990
f 6612 9625 2127
f 2779 7879 6811
f 1364 3186 2128
f 3845 8616 2919
f 1435 4881 2129
f 1435 2129 7622
f 1502 5046 2130
f 9395 2130 7760
f 432 7251 2131
f 432 2131 3987
f 7258 1276 2132
f 1036 2132 6222
f 1377 5017 2133
f 4306 2133 7334
f 7525 675 3676
f 77 2690 3415
f 4553 653 2135
f 867 7431 6963
f 179 4997 2136
f 6632 7656 1437
f 14 15 2137
f 2626 2137 8937
f 40 8601 2138
f 40 7740 5637
f 1230 3250 2139
f 6304 8658 5095
f 1539 9070 2140
f 1539 2140 3147
f 3196 5263 2141
f 5859 8240 1670
f 1425 8558 2142
f 5076 5957 2934
f 1710 926 2143
f 8083 2383 9316
f 3518 9452 2144
f 4504 7055 9568
f 7311 6710 2145
f 5414 9032 6752
f 824 5590 2146
f 824 6981 5568
f 7772 5777 4550
f 1395 2402 3914
f 8048 9600 6866
f 7504 8438 1258
f 1357 6230 2149
f 4486 9299 5433
f 1284 1686 2150
f 2244 8681 5350
f 4602 7339 2151
f 7238 2695 8605
f 1297 6923 2152
f 3582 2152 8085
f 349 3994 2153
f 8600 7473 3139
f 8514 2687 2154
f 5285 4831 2598
f 8767 7793 2155
f 1505 2155 7352
f 3363 9756 6193
f 7995 5168 3000
f 5556 6523 2157
f 1552 3066 8671
f 5428 8130 2158
f 835 3077 9767
f 5418 1918 6756
f 3995 8353 1840
f 332 8442 2160
f 2633 4922 3646
f 1338 5803 2161
f 1338 2161 6186
f 5460 1218 2162
f 903 3637 3227
f 3182 8939 5406
f 7736 8988 1406
f 7521 6035 2164
f 1914 2164 5343
f 3325 684 5623
f 8544 3076 4899
f 1830 8136 5504
f 5493 2759 7555
f 19 8495 7395
f 4167 3657 6348
f 1081 4537 2168
f 3234 2278 9410
f 7930 2931 6659
f 8724 5705 4946
f 3659 5241 2170
f 7584 6587 1397
f 6373 1607 8493
f 4165 5478 2732
f 1711 5684 2172
f 6535 8835 136
f 1546 8886 2173
f 1546 7999 5732
f 8237 3855 9607
f 6360 4759 8856
f 1733 978 8211
f 1733 4683 6445
f 1915 5938 2176
f 1915 2176 4517
f 2243 3666 6586
f 7373 4174 1242
f 8472 3155 7683
f 8708 6599 2710
f 7573 3159 6574
f 1158 3668 7322
f 6356 7391 2180
f 7568 2180 4761
f 1038 4706 6447
f 6665 5638 9234
f 833 9429 2182
f 833 2182 6168
f 1932 1178 2183
f 4697 6527 2656
f 1601 2481 2184
f 5594 6502 2782
f 8456 4243 4915
f 6904 9697 4233
f 1408 488 2186
f 5780 7721 6624
f 3896 1066 2187
f 1700 2187 6614
f 935 7440 2188
f 935 6419 7811
f 5652 9310 2189
f 1285 6895 2512
f 1416 5518 2190
f 1416 6492 9777
f 1409 3854 2191
f 1409 2191 7852
f 3218 4281 5540
f 1170 4722 2490
f 9190 3747 7133
f 18 9209 2871
f 8050 6831 2194
f 1868 2194 8464
f 8250 7112 2195
f 7187 8203 9830
f 4718 8479 2196
f 1063 2196 2757
f 307 1940 2197
f 307 8552 4924
f 6704 1458 7796
f 558 3759 9825
f 123 1876 2199
f 9398 2887 3841
f 3951 7469 6725
f 9821 6725 2897
f 9296 3978 3113
f 9296 3113 4372
f 4493 1022 2202
f 4493 2202 7543
f 6983 7363 4315
f 6983 4315 9363
f 3637 3227 5286
f 3637 5286 1151
f 8158 6433 4459
f 2963 4459 8647
f 3307 1388 6921
f 5094 9244 2017
f 6916 4213 8457
f 6916 8457 5395
f 8278 2518 4910
f 9542 3971 2598
f 6962 9281 2209
f 6962 2209 5079
f 9097 5485 2210
f 9097 2210 5741
f 8610 6698 7646
f 3205 7097 8230
f 5680 8870 4787
f 5680 4787 8495
f 9000 3867 2213
f 9000 2213 5012
f 6212 4561 2214
f 2578 9158 7001
f 6522 2997 7897
f 9132 7897 5763
f 9656 5648 2216
f 6797 2216 5979
f 5978 9517 2217
f 5978 2217 4406
f 4256 6830 2218
f 7315 2218 4734
f 6657 8087 2219
f 8019 3394 4304
f 8369 5596 2220
f 9744 2220 5304
f 1335 4889 8696
f 1335 8696 6684
f 6452 7226 2222
f 3940 8059 9819
f 9641 479 2223
f 9641 2223 4403
f 7675 1599 5469
f 3 5469 6575
f 8688 6426 2225
f 3697 7663 159
f 6609 4003 2226
f 5682 7271 2558
f 5541 4677 2990
f 3475 4122 4905
f 4879 4241 8596
f 3684 5312 8339
f 3701 7804 2229
f 7313 6755 3588
f 4913 6149 2230
f 4913 2230 9469
f 8694 5715 2231
f 3993 3072 7794
f 5110 7505 2232
f 7934 2952 1879
f 9414 606 7147
f 3369 5860 9484
f 8121 3645 4422
f 8121 4422 9249
f 6324 9430 2235
f 6324 2235 847
f 1557 7062 7406
f 1557 7406 2903
f 7056 4310 2237
f 8149 2522 4089
f 346 7471 3460
f 6081 3460 9769
f 4496 8774 2239
f 1927 7644 3848
f 1026 9636 6638
f 1026 6638 8526
f 5649 8013 2241
f 3096 9347 7219
f 4607 9313 2242
f 4607 2242 7240
f 8866 2700 4768
f 1057 4768 6586
f 4933 8681 2244
f 9620 3145 3988
f 832 5996 4752
f 832 4752 6387
f 8892 3652 2246
f 4750 7274 5250
f 6226 7701 2247
f 6226 2247 4492
f 2131 3987 5746
f 2131 5746 9126
f 6531 7609 2249
f 6531 2249 7548
f 4769 8849 2250
f 3563 2250 7273
f 7559 8797 2251
f 5501 2251 8949
f 8544 4899 2252
f 8544 2252 7345
f 1365 4837 8650
f 7619 4026 8771
f 886 4728 3534
f 6396 3534 9104
f 3283 7656 2255
f 3283 2255 9392
f 4513 8499 2256
f 4513 2256 5262
f 5823 6236 2257
f 7832 2257 9101
f 9365 7870 2258
f 7357 3253 4743
f 7827 9087 2259
f 9059 2259 4345
f 9772 3948 2260
f 8385 7122 5950
f 1495 4296 9292
f 1495 9292 4014
f 9343 6182 2262
f 9343 2262 5646
f 4464 4485 2263
f 7016 5330 3797
f 586 9813 6015
f 586 6015 9859
f 5301 3206 2265
f 3391 2926 4376
f 4853 3846 2266
f 4268 2266 3793
f 8234 981 2267
f 8234 2267 5561
f 5150 8940 2268
f 5150 2268 6824
f 9370 8089 2269
f 9370 5102 5842
f 9269 3911 7095
f 208 6097 6479
f 9479 5853 8141
f 5994 4388 3266
f 9458 5018 2272
f 1979 7886 6639
f 4975 3499 8044
f 1260 6982 3887
f 4397 2663 6274
f 1419 5194 8160
f 1426 6769 2275
f 3139 2275 9288
f 891 6308 9445
f 8096 2659 3592
f 9759 6026 2277
f 3229 2277 8418
f 2168 3234 2278
f 6530 4987 4084
f 8414 6721 2279
f 7168 2279 3838
f 1172 5451 2280
f 9504 3172 6991
f 1228 2072 9286
f 8390 9286 199
f 7318 5569 2282
f 6245 5873 676
f 7106 7914 2283
f 42 2283 9627
f 1567 8534 6188
f 4850 5433 9299
f 902 9683 2285
f 9267 7246 2594
f 1279 3906 2286
f 8026 4506 5264
f 1727 3635 3268
f 7986 3268 6336
f 4977 2094 7915
f 126 7009 9461
f 6942 7665 2289
f 1048 2289 9187
f 1345 8043 2290
f 6519 5954 3516
f 90 9598 8205
f 5260 3991 2571
f 1587 3387 2292
f 1587 2292 7050
f 8036 2880 2293
f 1000 9600 5151
f 285 1833 2294
f 285 7216 4672
f 6774 3372 8540
f 7841 3908 3784
f 231 8107 9810
f 2923 7155 5050
f 1491 6843 2297
f 4062 2297 9677
f 9207 3398 2298
f 1757 8488 3969
f 440 2996 2299
f 440 2299 7448
f 1867 3141 2300
f 1867 2300 6935
f 1655 2034 2301
f 1655 2301 9364
f 979 1302 2302
f 7482 9246 1746
f 3699 8664 8219
f 5227 6096 3006
f 552 8173 2304
f 6884 9747 5434
f 8689 1761 2305
f 842 2305 7317
f 1248 8115 2306
f 8210 4049 6415
f 3444 4193 2307
f 8490 8084 5508
f 3025 9766 2308
f 3984 6331 688
f 6003 3182 8064
f 9258 4840 6762
f 1662 8549 2310
f 1662 2310 6142
f 4817 8475 2311
f 263 2311 9036
f 8258 2725 2312
f 5100 7154 4312
f 1816 4674 2313
f 1816 6206 3274
f 1249 7648 2314
f 6611 2610 5450
f 1250 4531 2315
f 2613 6329 2932
f 7350 3106 5070
f 6800 3938 7659
f 1866 9540 2317
f 9224 6999 7949
f 1207 7529 2318
f 4832 2318 6054
f 1369 4849 2319
f 1369 2319 5636
f 7472 8673 2320
f 4710 3861 1469
f 860 2035 2321
f 860 2321 7661
f 7737 6673 2322
f 1895 2322 6310
f 3690 5276 2323
f 1641 2323 5584
f 1967 9752 2324
f 3575 2324 7280
f 9793 2030 5011
f 6858 2814 668
f 1904 1660 2326
f 8634 2326 6144
f 8776 3271 2327
f 1857 2327 3842
f 4007 7375 2328
f 801 6355 7574
f 1472 7500 2329
f 7731 8967 4833
f 1569 4071 2330
f 1569 5289 7553
f 957 2117 2331
f 957 2331 4076
f 2988 1581 9572
f 3449 4751 7579
f 5321 6589 8876
f 3455 8723 5516
f 6328 8912 5458
f 955 2639 7815
f 2091 5617 2335
f 2091 2335 3117
f 6729 3137 5750
f 7820 9082 4703
f 1321 8759 2337
f 8907 3404 4829
f 1541 8731 2338
f 1541 2338 9091
f 1108 2102 2339
f 1108 4844 8243
f 6827 6028 9373
f 4092 9635 6162
f 7102 8004 9140
f 5313 7526 4063
f 1509 5139 2342
f 5942 2342 9706
f 5316 3267 2343
f 213 2343 8297
f 2115 81 2344
f 5461 7242 4534
f 843 4596 2345
f 8117 9634 2957
f 3021 4851 2346
f 313 2346 2637
f 1776 5530 2347
f 7413 5375 46
f 1910 4576 2348
f 1910 2348 880
f 8841 5681 2349
f 1976 2349 5677
f 105 7398 2350
f 3456 2350 7840
f 9500 7272 2351
f 1466 2351 5830
f 1785 5678 2352
f 1785 6203 4799
f 8039 1673 9355
f 186 5739 3643
f 1788 4838 2354
f 1788 2354 4295
f 451 5282 2355
f 451 2355 9359
f 1504 5845 2356
f 5115 9502 7111
f 3465 5424 9039
f 866 3200 329
f 551 9396 2358
f 3233 2358 8984
f 1745 9204 2359
f 4670 3919 7333
f 8628 5552 2360
f 7477 4563 6464
f 2122 2608 2361
f 2122 2361 486
f 2163 7697 2362
f 2163 2362 4090
f 1063 1917 2363
f 4718 3772 9301
f 2697 4651 7497
f 52 6520 3886
f 1635 2095 2365
f 7358 4828 709
f 54 1909 2366
f 9790 2366 6227
f 1068 4827 2367
f 6495 7354 8469
f 4741 6271 2368
f 460 2368 8560
f 229 1615 2369
f 7642 2811 9353
f 1156 4562 2370
f 6255 3882 4717
f 4907 9149 2371
f 8700 3124 4098
f 286 4911 2372
f 5426 2372 3717
f 1520 2868 2373
f 1520 2373 4509
f 5293 1157 7337
f 318 4205 7432
f 20 9136 2375
f 20 2375 7249
f 6878 4499 2376
f 406 4134 4938
f 3062 5249 2377
f 6187 5342 1923
f 1684 260 2378
f 7268 2378 8922
f 545 4237 2379
f 8751 7427 745
f 5278 2911 2380
f 1028 3859 8668
f 9608 7957 2381
f 4580 2381 9012
f 106 107 2382
f 5570 4620 2038
f 2143 4870 2383
f 6441 2383 8147
f 9727 783 7887
f 4985 9764 8053
f 239 5893 2385
f 239 4681 2145
f 1340 4669 2386
f 1340 4115 9024
f 1184 9083 2387
f 1184 2724 7777
f 3522 6524 8613
f 956 7628 4524
f 862 6291 2389
f 862 2389 9341
f 1084 3510 4215
f 5341 2694 3885
f 6887 3295 9256
f 7641 4371 3098
f 5376 8454 7709
f 6700 4203 7751
f 1238 6468 2393
f 7623 4228 2533
f 77 2134 2394
f 6251 8761 3095
f 2843 7214 2395
f 28 2395 7966
f 1090 3796 2396
f 8443 2822 6937
f 4888 9311 2397
f 9455 3356 6172
f 1072 4570 2398
f 7761 2398 2915
f 1036 6222 2399
f 9507 2399 4069
f 1510 3550 2400
f 1510 9250 8006
f 291 292 2401
f 6491 7633 8703
f 2147 6872 2402
f 2147 2402 1395
f 6463 8701 7248
f 4096 3487 3190
f 1246 9081 2404
f 1246 2404 6220
f 822 3626 2405
f 5072 8334 3726
f 1075 6323 2406
f 4123 9513 1848
f 3983 1740 2407
f 9820 8263 4685
f 1869 2812 2408
f 8295 6955 4267
f 1226 5791 2409
f 6459 2409 797
f 1483 5474 2410
f 6544 3743 4661
f 7396 6161 5509
f 1362 4301 6360
f 1234 1912 2412
f 7601 5675 6136
f 6352 2627 5502
f 4755 4159 1605
f 1478 6532 2414
f 4950 6847 9238
f 3103 4169 2415
f 8564 5503 708
f 946 5360 2416
f 7561 6566 4792
f 7600 5705 4946
f 2987 4198 8885
f 6214 7535 3865
f 4156 5736 9218
f 2106 51 2419
f 6571 7591 5663
f 4186 6166 2420
f 6573 5693 7605
f 6597 7387 2421
f 4778 4188 8786
f 7393 8864 6380
f 5333 3507 6366
f 7394 8492 2423
f 8873 6608 7603
f 216 7502 2424
f 8913 6158 5445
f 399 1929 2425
f 4636 2516 8733
f 2138 40 2426
f 2888 4909 6276
f 7343 4598 9037
f 4024 3519 6322
f 8911 5186 4434
f 3900 4705 8016
f 1265 9700 2429
f 7178 4151 5147
f 917 4249 2430
f 7621 2430 5720
f 3123 2575 8903
f 1222 5421 9556
f 1136 7279 2432
f 1136 2432 9317
f 3659 8818 2433
f 6578 5405 7569
f 7386 3031 6368
f 4573 5497 1975
f 805 8472 2435
f 4181 8789 7551
f 3650 7955 2436
f 8886 5470 4618
f 5475 3056 2437
f 8266 2589 4313
f 6107 9240 8364
f 4161 3653 5397
f 3587 8518 2439
f 8640 6301 3084
f 375 5009 2440
f 375 5285 2154
f 3207 5642 8599
f 1020 4815 1920
f 1128 1887 2442
f 7655 6640 5536
f 1016 5572 2443
f 1016 8139 726
f 996 6481 2444
f 7516 3144 6453
f 894 4250 2445
f 5432 6482 3945
f 3175 8578 2446
f 1566 7185 5902
f 835 7069 2447
f 5428 2447 9332
f 337 336 2448
f 7787 9020 653
f 2152 9219 2449
f 2152 2449 8085
f 1164 3220 2450
f 4020 2450 6776
f 1109 1901 2451
f 1109 6677 5774
f 5585 9480 2452
f 58 8377 6630
f 1892 1255 2453
f 1892 2453 7450
f 1058 6469 2454
f 5368 7712 3518
f 6072 9390 2455
f 1676 8077 6129
f 1974 9112 2456
f 1974 2456 3004
f 7732 6518 8987
f 3577 2775 5429
f 1178 1932 2458
f 7409 2780 6321
f 297 6260 2459
f 7738 9001 5033
f 1196 9697 2460
f 1196 2460 9749
f 1181 8474 2461
f 4484 2603 9426
f 55 8811 2462
f 6282 4666 9111
f 4594 543 2463
f 2159 2463 3995
f 1713 4952 2464
f 8878 2464 6347
f 1476 8471 2465
f 1476 2465 8887
f 25 26 7302
f 8520 5621 6792
f 1229 4530 2467
f 1229 2467 8973
f 872 145 2468
f 872 3009 8505
f 1714 5944 2469
f 7975 2469 9712
f 1654 5844 2470
f 1654 6292 9229
f 338 7059 2471
f 338 2471 4482
f 5983 2551 2472
f 83 8770 4272
f 3713 7099 2473
f 7276 2473 1844
f 1190 6510 2474
f 3640 2474 8898
f 1155 7718 2475
f 1155 3248 8923
f 1741 4525 2476
f 3599 2476 7303
f 8550 1281 2477
f 1925 2477 4226
f 2001 6712 2478
f 2001 2478 6861
f 1506 143 7220
f 8577 2570 95
f 6667 5014 5620
f 9045 6167 3258
f 8775 2184 2481
f 2810 3330 4916
f 3374 8503 2482
f 2601 9242 3647
f 1254 3348 2483
f 7771 5781 6738
f 1519 6051 2484
f 2534 3779 9318
f 1771 9491 2485
f 1771 4986 4320
f 928 4923 2486
f 6186 7844 9264
f 4945 8333 2487
f 1193 5701 7545
f 7586 8491 2488
f 1189 6588 5697
f 384 7410 2489
f 384 9159 5258
f 1376 4722 2490
f 1376 2490 4825
f 389 1553 2491
f 3421 2491 5890
f 7327 6826 2492
f 8557 7798 3381
f 7082 240 9156
f 1537 5724 7766
f 1703 7864 9165
f 3273 7937 632
f 9397 8298 2495
f 9796 4720 7187
f 1074 7042 2496
f 1074 8150 5977
f 1440 9493 2497
f 1440 2497 4348
f 1876 2199 2498
f 1876 2498 6106
f 5717 9771 2499
f 4116 2499 7420
f 18 2871 2500
f 9190 8218 5197
f 9481 6728 2501
f 10 4324 5252
f 4347 3075 2502
f 8057 6853 1206
f 4924 307 2503
f 1085 9400 8225
f 1664 7089 2504
f 1664 6113 5172
f 1915 5419 2505
f 1915 2505 5938
f 1562 3773 2506
f 7713 6720 1717
f 5040 8171 6961
f 2198 3759 558
f 9474 8270 2508
f 1845 6767 1333
f 5171 6033 2509
f 8066 2935 1681
f 64 9276 2510
f 3831 2510 9632
f 2850 3770 5898
f 953 3321 9661
f 5863 7954 9722
f 5863 4904 2956
f 9519 8114 2513
f 9519 2513 7816
f 8302 133 2927
f 9664 7044 6052
f 346 3460 6081
f 346 6081 8415
f 8437 4636 7819
f 8437 7819 5841
f 7396 3912 6029
f 7396 6029 6161
f 9686 4910 2518
f 9686 2518 7919
f 5068 5846 6989
f 5918 8056 4358
f 4014 2261 8068
f 1645 8068 9262
f 7785 1341 9034
f 3853 5791 2409
f 2237 7056 3353
f 2237 3353 9214
f 5931 4725 9459
f 5931 8229 5190
f 7861 2005 9601
f 7861 4932 9115
f 4824 5380 8217
f 1803 8217 3331
f 4485 6037 2526
f 4485 2526 6102
f 8298 9397 2527
f 8298 2527 5235
f 9831 6018 2528
f 9831 2528 6013
f 3944 6435 2529
f 3944 2529 2485
f 3664 7551 2530
f 8805 5480 1754
f 4898 7972 2531
f 4898 2531 3248
f 5281 9031 2532
f 5281 2532 4973
f 2921 7623 2533
f 4103 8675 5525
f 8480 3779 2534
f 8480 5439 3629
f 3489 8517 7455
f 3489 7455 4528
f 6506 3638 2536
f 8198 9298 2942
f 7758 1996 2537
f 7758 3900 3089
f 210 6400 8523
f 7515 6700 3054
f 6763 8554 2539
f 5037 7438 3014
f 358 6785 7350
f 358 7350 5070
f 246 8519 7254
f 8999 4601 3685
f 7454 1647 2542
f 7454 2542 5338
f 9756 6193 2543
f 9756 2543 5939
f 8117 5158 2544
f 9058 5354 3530
f 4393 9508 5979
f 8008 5090 4277
f 9079 3947 2546
f 1199 6449 7289
f 3441 5250 2547
f 3441 2547 9465
f 3451 9409 2548
f 3451 2548 1236
f 605 8462 3475
f 605 3475 4122
f 4155 596 2550
f 7534 8567 4574
f 4887 3612 2551
f 4887 2551 2472
f 5372 7432 2552
f 1394 3590 3170
f 6178 5941 7253
f 6951 2905 1561
f 9077 4696 2554
f 9077 2554 5004
f 4739 9521 8148
f 9189 7111 2020
f 4314 7058 2556
f 8556 4974 7703
f 3639 716 2557
f 3639 2557 9746
f 3501 8954 2558
f 3501 6365 8726
f 9804 7223 2559
f 5137 2559 6694
f 4841 3581 2560
f 1237 7530 3191
f 5491 7582 2561
f 6581 2561 4777
f 6606 7387 2562
f 6606 2562 8872
f 7575 3651 2563
f 4657 9823 3347
f 6467 8669 2564
f 6467 2564 8969
f 7275 7019 2565
f 2051 9287 1221
f 6688 3600 2566
f 6688 2566 9765
f 5521 6686 2567
f 9073 7803 6223
f 5912 9419 2568
f 5113 2568 8993
f 5080 288 2569
f 4365 2569 6999
f 2479 8577 4936
f 2479 4936 3953
f 9463 8063 2571
f 9463 2571 7518
f 9230 6085 2572
f 9230 2572 3794
f 1690 997 8156
f 1690 8156 5472
f 4110 8161 2574
f 9388 2574 7221
f 9202 3123 2575
f 6856 3907 8902
f 7903 8571 2576
f 2501 5121 6728
f 7636 1821 2577
f 5365 4507 8773
f 6212 9158 2578
f 5302 4408 9320
f 9488 3291 2579
f 4049 2579 9509
f 6994 8460 2580
f 6994 2580 9293
f 1386 3231 5103
f 1386 7015 5859
f 871 7129 9820
f 4969 3414 7367
f 9647 5851 2583
f 8162 2583 5928
f 9527 7053 2584
f 9527 2584 5627
f 172 8304 6132
f 172 6132 9814
f 9405 747 4516
f 5265 2983 4643
f 9728 6889 2587
f 9728 2587 3467
f 6148 3385 5134
f 2265 2926 5301
f 2437 9679 2589
f 2437 2589 1132
f 7050 2292 8132
f 5183 4416 9818
f 7979 8633 2591
f 1144 9665 4257
f 1590 9443 2592
f 1590 2592 6672
f 73 8180 2593
f 73 2593 5179
f 1956 5339 2594
f 3271 4551 8055
f 6050 8991 2595
f 7767 4339 1979
f 1393 9280 2596
f 1393 2596 8883
f 1568 4801 2597
f 1568 2597 9346
f 1278 3971 2598
f 7483 2598 5285
f 5447 8350 2599
f 979 3094 1302
f 4605 4051 6838
f 2282 5873 8580
f 452 7451 2601
f 452 2601 5984
f 1839 7401 2602
f 3906 9754 5619
f 2461 6915 2603
f 2461 2603 7034
f 2313 4674 2604
f 7293 5329 3610
f 1761 8689 2605
f 1761 5240 7188
f 8255 5801 2606
f 330 9248 1204
f 3984 688 7635
f 8287 5799 7143
f 606 6979 2608
f 606 4875 9414
f 1373 7330 2609
f 8187 9689 978
f 2314 1249 2610
f 2314 2610 8081
f 9365 7870 2611
f 980 2611 4041
f 825 131 2612
f 825 8224 3322
f 9454 1518 2613
f 1250 2613 6329
f 2068 9837 2614
f 2068 2614 1610
f 2012 4624 2615
f 8322 5892 1126
f 2299 7448 2616
f 7259 9216 3011
f 1469 4710 2617
f 1469 2617 6885
f 9741 7727 2618
f 729 2618 6385
f 1689 833 2619
f 3970 8073 4733
f 3901 3462 2620
f 1298 5990 9581
f 3911 9269 2621
f 1582 2621 541
f 1558 2890 2622
f 1558 2622 7462
f 7303 5453 2623
f 7006 9042 5784
f 1679 125 2624
f 1679 5122 9275
f 1749 4214 2625
f 1749 2625 8445
f 14 2137 2626
f 14 2626 7313
f 1168 8154 2627
f 1168 2627 5673
f 9012 4580 7770
f 3431 5279 2236
f 7527 5003 2629
f 1122 2629 5545
f 137 1685 2630
f 7461 8763 4845
f 219 7807 2631
f 5407 3550 6289
f 4817 223 8465
f 6715 7717 1375
f 332 2160 2633
f 7109 9535 1351
f 3928 8888 2634
f 1401 2634 8449
f 5871 3876 2635
f 1101 3126 420
f 2341 1223 2636
f 2341 2636 5454
f 2079 313 2637
f 7489 6478 1535
f 1175 4548 2638
f 6150 8043 2290
f 2334 955 2639
f 7443 4918 4141
f 493 3061 2640
f 5411 6626 559
f 1183 7381 2641
f 1183 8490 8084
f 3962 1261 2642
f 22 3026 5483
f 3445 4757 2643
f 945 2643 5683
f 1893 7456 2644
f 1893 2644 7880
f 5331 5098 2645
f 1439 2645 5852
f 1497 8932 2646
f 9038 5042 6194
f 818 2148 2647
f 5599 8942 3842
f 4631 614 2648
f 1058 5368 2454
f 2288 1943 2649
f 3531 4978 5598
f 1517 4813 2650
f 1517 2650 8012
f 8344 3884 2651
f 1629 5586 3721
f 3987 5746 2652
f 153 2652 154
f 1549 4626 2653
f 4018 2653 4672
f 24 7011 2654
f 8440 2654 6067
f 965 7428 2655
f 965 2655 89
f 1555 6527 2656
f 8091 5382 2355
f 293 795 2657
f 8664 3427 8219
f 6241 9850 8159
f 3125 4015 7615
f 2276 7892 2659
f 2276 2659 8096
f 1061 6649 2660
f 4125 4860 7755
f 9449 1672 2661
f 5622 2661 8653
f 2078 5402 2662
f 2078 8619 6525
f 1220 4483 2663
f 1220 2663 8510
f 1998 7300 2664
f 9101 4700 7832
f 7263 4422 2665
f 6851 4487 99
f 8646 3389 7669
f 1494 6927 1763
f 819 1698 2667
f 4138 5371 8589
f 1990 5412 2668
f 6455 8638 3868
f 1216 8626 2669
f 1216 2669 6303
f 318 6446 2670
f 318 2670 2374
f 1726 8533 2671
f 9675 5315 7062
f 1141 6701 2672
f 1141 3632 7075
f 3988 5351 2673
f 830 2896 8315
f 2121 1441 2674
f 4598 2674 9037
f 551 2358 2675
f 551 8983 746
f 327 8143 2676
f 327 4028 4972
f 1299 1031 2677
f 4268 4853 2266
f 4609 7354 2678
f 897 4104 9490
f 1480 3578 2679
f 7421 4560 191
f 6769 2275 2680
f 2017 2680 5094
f 8896 5760 2681
f 3508 2681 9254
f 1461 748 2682
f 5413 9118 6496
f 1051 5640 2683
f 7711 3579 4126
f 1131 9393 2684
f 8731 4086 8099
f 2036 5750 2685
f 9212 2685 5249
f 152 2922 2686
f 5558 3472 7709
f 1781 7265 2687
f 1781 2687 3142
f 1276 8596 2688
f 1276 2688 7258
f 1334 2093 2689
f 7348 8511 3328
f 2134 77 2690
f 2134 2690 5283
f 7953 6023 2691
f 6458 8543 5735
f 6782 2113 9086
f 4638 3754 7889
f 9011 1815 2693
f 2377 2693 449
f 2390 5341 2694
f 2390 2694 7940
f 6185 753 2695
f 2151 2695 7238
f 695 7436 2696
f 9106 2696 7051
f 52 7497 2697
f 6279 4087 8392
f 447 9495 2698
f 447 5296 8002
f 1572 2108 2699
f 7691 6991 3172
f 826 1911 2700
f 826 2700 6351
f 9125 3860 2701
f 6354 5485 2210
f 1021 1935 2702
f 7531 4158 5910
f 6560 7380 2703
f 4775 2703 5665
f 1467 7054 2704
f 1467 2704 7572
f 1879 2952 2705
f 3670 4785 8798
f 876 7560 2706
f 6657 9569 8087
f 1397 7584 2707
f 5685 8815 736
f 4184 9130 2708
f 1479 2708 6362
f 3667 4779 2709
f 7541 5663 6571
f 1056 8708 2710
f 7597 6347 705
f 1431 7395 2711
f 7382 6376 1961
f 136 6535 2712
f 136 5484 6602
f 4766 8811 7860
f 6558 5684 2172
f 87 86 2714
f 6379 3649 4571
f 16 2071 2715
f 7563 6572 1326
f 4798 5324 2716
f 8497 2716 6344
f 817 6359 2717
f 8564 4168 708
f 306 9711 2718
f 306 2979 5171
f 3003 5444 2719
f 241 7306 5745
f 1062 6235 2720
f 5445 7415 6158
f 6711 1632 2721
f 866 2721 2357
f 1042 5520 2722
f 6319 8690 1232
f 1159 4719 2723
f 3247 2723 9113
f 2387 1184 2724
f 2387 2724 3344
f 1957 7164 2725
f 1957 2725 9642
f 5266 6397 2726
f 6679 2726 9028
f 486 2122 2727
f 3255 3834 5170
f 1472 7500 2728
f 4281 8910 5540
f 74 7629 2729
f 8126 4275 6869
f 1316 1708 2730
f 5718 4810 9055
f 6382 1838 2731
f 3665 7399 5204
f 958 7533 2732
f 4186 2732 5478
f 7388 3041 8568
f 1283 4747 8470
f 1082 6374 2734
f 7393 2734 1791
f 4753 6199 2735
f 7279 8948 2432
f 4192 4474 5288
f 4942 7592 3161
f 914 8026 2737
f 914 2737 6240
f 1580 4741 2738
f 3000 3939 8364
f 8918 5546 2739
f 159 3523 4965
f 970 4264 2740
f 9669 2740 7000
f 4843 9441 2741
f 1083 4032 9256
f 5269 326 2742
f 961 2742 6188
f 1905 8629 2743
f 5602 2743 8700
f 988 434 2744
f 7699 6220 8631
f 1796 4995 2745
f 8113 9853 3968
f 1921 632 2746
f 1921 2746 5613
f 7325 1303 9560
f 117 4633 4366
f 1662 8549 2748
f 1662 2748 7002
f 1613 3989 2749
f 1613 2749 8259
f 2150 1284 2750
f 2900 6436 8682
f 983 7935 2751
f 4291 9730 5781
f 2034 2301 8432
f 8265 6108 3378
f 2496 9323 2753
f 9344 4404 6169
f 998 2340 2754
f 6484 7439 1881
f 3972 5028 2755
f 1743 3576 2960
f 6171 3618 2756
f 1059 2756 8446
f 1917 1063 2757
f 6513 5813 9001
f 3499 7651 2758
f 1899 2758 8957
f 2166 4004 2759
f 2166 2759 1830
f 6552 951 2760
f 2435 8789 4181
f 1545 7685 2761
f 1545 2761 5736
f 1096 1550 2762
f 8711 5241 1754
f 8825 6591 2763
f 1169 4573 5497
f 1937 845 2764
f 1937 2764 1485
f 1620 444 2765
f 8810 4152 383
f 285 1833 2766
f 8468 5388 1428
f 6840 9103 2767
f 1011 4851 9564
f 7632 8904 2768
f 1364 2768 3587
f 101 1699 2769
f 7490 8439 6492
f 8655 1176 2770
f 867 2770 8027
f 8659 576 2771
f 1004 7452 5571
f 155 1867 2772
f 155 3607 7668
f 2185 6904 2773
f 7510 3683 9305
f 60 4648 8706
f 5612 6405 8943
f 6671 3572 2775
f 2457 2775 3577
f 909 4808 2776
f 3204 6287 5254
f 2181 7741 2777
f 2181 5638 3219
f 1020 9662 2778
f 1020 2778 2441
f 3585 1596 2779
f 369 2779 7879
f 2458 7409 2780
f 8778 2780 6418
f 217 6865 2781
f 217 9455 3356
f 4253 5594 2782
f 846 8061 6799
f 1634 8975 2783
f 1634 6462 9191
f 888 1704 2784
f 9109 6965 3883
f 9587 7105 8264
f 6045 3183 9349
f 3829 6137 8011
f 8275 5141 6818
f 1130 8309 2787
f 4025 6845 5243
f 6261 7352 2788
f 1065 8607 4258
f 1933 328 2789
f 1933 2789 827
f 925 3596 2790
f 6806 9112 1974
f 5551 8772 2791
f 4060 7620 1481
f 1719 2480 2792
f 1719 2792 3411
f 69 6197 2793
f 69 2793 6486
f 1264 9221 2794
f 1264 2794 7320
f 1190 2474 2795
f 5409 4839 1507
f 173 174 2796
f 3339 7643 5629
f 5704 3503 2797
f 1239 7539 475
f 305 7371 2798
f 305 8491 7586
f 5664 1986 2799
f 1097 7543 3502
f 3059 1606 7581
f 1330 5404 8859
f 1360 6277 2801
f 7687 4077 3663
f 3568 1784 2802
f 7571 2802 703
f 1675 6203 2803
f 1675 2803 9791
f 5696 7580 2804
f 405 4943 652
f 4949 3955 2805
f 1624 2805 6219
f 2410 6117 2806
f 3743 2806 8498
f 8724 3235 2807
f 1111 7549 6242
f 1868 1455 2808
f 8050 2808 6952
f 4704 9467 2809
f 9767 7069 835
f 1399 7616 2810
f 1399 2810 6406
f 9310 3209 2811
f 2369 2811 7642
f 1436 4693 2812
f 1436 2812 7888
f 418 143 2813
f 4690 8347 6820
f 2325 6858 2814
f 2325 2814 5587
f 2492 840 2815
f 8208 3855 9607
f 6628 9719 2816
f 2162 2816 1218
f 226 523 2817
f 5722 3398 2298
f 3574 4147 2818
f 158 4967 9514
f 1758 5903 2819
f 1758 4312 5100
f 103 177 2820
f 103 2820 6165
f 7700 168 2821
f 913 2920 8933
f 2396 8443 2822
f 6938 2907 4713
f 4563 8698 2823
f 2360 7476 5552
f 3815 7124 2824
f 5395 9213 6916
f 1714 5944 2825
f 8606 2825 5116
f 2004 8341 2826
f 3216 2826 5825
f 5905 1926 2827
f 9667 3229 1851
f 8658 6883 2828
f 7647 2828 8463
f 1146 7639 2829
f 6395 2829 5054
f 1291 6920 2830
f 1291 2830 5614
f 2096 9003 2831
f 2096 2831 5274
f 618 7224 2832
f 618 6452 6061
f 8774 6252 2833
f 972 4645 7277
f 1398 9367 2834
f 1398 2834 6101
f 8356 3093 2835
f 5175 6336 3268
f 2186 5780 2836
f 3732 2836 1287
f 1755 3604 2837
f 1755 2837 7630
f 1603 661 7733
f 4250 6692 894
f 5657 4856 6323
f 7231 9731 573
f 1376 4825 2840
f 9054 2840 5436
f 4320 1771 7495
f 7110 3753 5308
f 471 6507 2842
f 8311 9197 5226
f 28 2395 2843
f 28 8895 8009
f 1574 7234 2844
f 1574 2844 9147
f 1852 5632 2845
f 1852 2845 6909
f 3266 8160 2846
f 859 9177 8419
f 271 8716 2847
f 271 4084 4749
f 1324 5700 2848
f 6656 2848 5699
f 3254 7754 2849
f 9473 3730 2024
f 953 7096 2850
f 953 2850 5898
f 198 696 2851
f 4276 3260 7866
f 1342 9110 2852
f 3797 5146 5330
f 5184 8314 2853
f 954 4332 3611
f 2200 6918 2854
f 2200 2854 5995
f 1197 6706 2855
f 7466 2855 9016
f 2455 6796 2856
f 8077 2856 7046
f 1654 9229 2857
f 5052 2857 4356
f 1928 6328 3949
f 8562 3252 5123
f 1729 3748 2859
f 7211 6159 6012
f 7038 3333 2860
f 5916 2860 3762
f 7244 2029 2861
f 9415 6847 4950
f 1543 2195 2862
f 4457 6143 7916
f 5922 9172 2863
f 4426 9014 8137
f 9185 6876 5919
f 815 4278 2502
f 1668 7660 2865
f 9616 6707 1447
f 5777 4550 7768
f 6733 3773 1562
f 5178 1657 7020
f 1171 3282 7745
f 9297 2373 2868
f 3292 4591 7742
f 1064 2054 2869
f 5782 2869 8241
f 9168 5661 7947
f 5891 3764 548
f 446 9209 2871
f 446 2871 7003
f 423 7031 2872
f 423 9579 6417
f 1592 5300 2873
f 1592 2873 587
f 5810 7445 2874
f 2 9121 7141
f 1565 7314 2875
f 3357 9313 4607
f 1349 9252 2876
f 1349 2876 6813
f 847 6324 5872
f 9227 3809 5228
f 8069 5973 2878
f 85 5056 8075
f 9586 379 2879
f 5159 3822 5853
f 1309 8036 2880
f 1309 8308 5956
f 1272 8046 2881
f 4451 6990 1449
f 1845 7100 2882
f 9474 6213 8270
f 3819 4489 2883
f 4446 9161 6128
f 8010 2505 5938
f 6939 3312 1425
f 5165 1066 7967
f 64 3831 2510
f 811 7125 2886
f 9809 2886 3837
f 2199 9398 2887
f 2199 2887 2498
f 6508 2426 3338
f 6508 3338 3996
f 5018 2272 2889
f 6494 2889 3573
f 165 166 9285
f 4669 9285 6210
f 8114 3915 6195
f 8114 6195 9519
f 6662 1747 5575
f 813 3853 8915
f 4397 8510 5130
f 3807 5130 8155
f 9265 4701 2894
f 6024 7989 1954
f 5253 3770 2895
f 5253 2895 8194
f 2673 830 7929
f 2673 7929 6514
f 9811 181 2897
f 9811 2897 6725
f 8985 48 2898
f 5661 6645 1993
f 8832 1320 4182
f 8832 4182 2762
f 7453 9618 2900
f 7453 2900 6436
f 845 8951 6370
f 845 6370 4166
f 4357 7806 2902
f 9075 2902 2540
f 3431 2236 6256
f 3431 6256 7261
f 1758 5100 6140
f 1758 6140 5102
f 2553 5077 9283
f 2553 9283 5882
f 3903 5679 2906
f 3903 2906 7607
f 8033 9138 2907
f 3932 2907 6938
f 6823 7975 2908
f 6823 2908 6062
f 3374 6320 2909
f 3374 2909 4322
f 4733 8073 2910
f 4733 2910 7405
f 2747 8098 4633
f 2747 4633 117
f 6283 3458 2912
f 6283 2912 8486
f 2742 6188 9080
f 2742 9080 6339
f 4649 6321 2914
f 4649 2914 7340
f 3564 5658 2915
f 3564 6215 4173
f 8687 3558 2916
f 8687 2916 4207
f 1103 7481 5644
f 1103 5644 6313
f 2561 4777 8842
f 2561 8842 7582
f 6491 3845 2919
f 6491 2919 4221
f 8506 913 2920
f 8506 6443 7520
f 5595 2533 2921
f 899 8528 7295
f 8947 152 2922
f 8947 7696 4548
f 3913 4692 8654
f 231 8654 7155
f 7752 584 6749
f 2863 9014 831
f 4600 7694 2925
f 8727 3383 4220
f 7948 4376 2926
f 7948 2926 2265
f 5988 3675 2927
f 7994 7044 2234
f 7878 3969 2928
f 7878 2928 1018
f 6273 9295 2929
f 2069 9532 7894
f 9638 4070 2930
f 9638 2930 8119
f 2246 7930 9263
f 4073 9263 4802
f 5419 6329 2932
f 5419 2932 2505
f 1258 9658 2933
f 1258 2933 8438
f 1795 9718 2934
f 1795 2934 3370
f 2509 4891 2935
f 2509 2935 8066
f 1927 7490 2936
f 1927 2936 3848
f 330 3864 2937
f 330 2937 1204
f 1596 7853 2938
f 1596 2938 9451
f 132 7310 2939
f 9852 2939 3828
f 5031 7239 2940
f 11 2940 9615
f 2013 8007 2941
f 6125 2941 8371
f 2048 6555 2942
f 2048 2942 9574
f 1445 9541 2943
f 1445 2943 3361
f 2744 434 2944
f 2744 2944 3621
f 1633 2087 2945
f 4992 7103 934
f 1766 9407 2946
f 1766 2946 3894
f 1206 6881 2947
f 9517 8207 5978
f 1048 1889 2948
f 1048 2948 9187
f 8269 4622 2949
f 1306 8464 2194
f 1878 1187 2950
f 1878 5709 9558
f 3354 1457 7865
f 1683 4311 6629
f 2232 6138 2952
f 2232 2952 6879
f 7356 1761 2953
f 1311 5300 8620
f 1980 5287 2954
f 1980 2954 5534
f 965 89 2955
f 4036 2955 1459
f 3695 8677 2956
f 5838 9740 1413
f 1037 7346 5963
f 9223 5158 8257
f 2071 16 2958
f 2071 6985 409
f 1506 143 2959
f 1506 2959 7667
f 977 5421 2960
f 6293 2960 3576
f 2828 8463 2961
f 2828 2961 6883
f 112 7234 2962
f 112 2962 7276
f 4255 8647 2963
f 4566 8158 1307
f 1770 3516 2964
f 7624 5277 9197
f 7098 8709 2965
f 9453 5996 4076
f 2440 8394 2966
f 6209 9021 4859
f 3920 469 2967
f 8560 6153 2368
f 2038 4620 2968
f 9290 7766 5724
f 8162 2583 9647
f 3997 3527 7773
f 4941 8030 2970
f 2491 2970 5890
f 276 2384 2971
f 4269 2971 6460
f 441 8614 2972
f 9797 6056 799
f 3947 676 2973
f 7828 3419 348
f 387 2070 2974
f 387 2974 7459
f 1242 7384 2975
f 3448 8851 7533
f 3934 1763 2976
f 3369 6974 2051
f 2602 1839 2977
f 2602 2977 4748
f 90 390 2978
f 5260 8063 2571
f 8435 7765 2979
f 2718 2979 306
f 1814 5439 7252
f 5611 4500 8346
f 1482 8747 2981
f 1482 2981 6047
f 1253 4736 2982
f 3400 2982 1821
f 2586 5265 2983
f 2586 2983 9734
f 1643 8500 2984
f 4091 2984 9041
f 2082 8725 2985
f 2082 2985 6658
f 1351 8707 2986
f 1351 2986 7109
f 1195 6548 2987
f 1195 2987 2417
f 820 2332 2988
f 7677 2988 9807
f 250 8880 2989
f 250 4784 8870
f 2227 8732 2990
f 2227 2990 4677
f 4604 9444 2991
f 61 2991 3904
f 2478 6712 2992
f 2478 2992 4212
f 560 9459 2993
f 560 2993 6150
f 1469 3861 2994
f 1469 9779 6885
f 1978 5730 2995
f 1978 7433 6937
f 1966 203 2996
f 1966 2996 3364
f 1806 6522 2997
f 1806 7940 2694
f 5415 1264 2998
f 882 2998 7312
f 9351 1260 2999
f 5631 4119 6179
f 1580 3939 3000
f 1580 3000 7995
f 1292 9705 3001
f 9716 6779 184
f 1918 6715 3002
f 8065 3002 5057
f 241 1874 3003
f 241 3003 2719
f 6420 1974 3004
f 1092 8008 9278
f 1347 650 3005
f 9342 4050 5055
f 1488 9440 3006
f 1488 3006 7330
f 110 2061 3007
f 110 4048 2691
f 1114 6643 3008
f 5720 3941 7621
f 2468 872 3009
f 6315 7260 1050
f 2636 5454 3010
f 7526 3010 6634
f 205 7358 3011
f 205 3011 5802
f 414 8294 3012
f 5423 9091 2338
f 1125 5279 3013
f 1125 3013 9004
f 5452 9013 3014
f 7748 6189 4351
f 4533 8656 3015
f 1685 3015 2630
f 6487 4479 3016
f 2657 3016 404
f 2356 1504 3017
f 9696 3017 7081
f 6399 4559 3018
f 8769 5613 2746
f 7329 3677 3019
f 9426 4056 8399
f 4599 100 3020
f 4052 3020 125
f 313 2346 3021
f 3704 3021 8288
f 1903 8752 3022
f 1903 3022 2674
f 4109 6190 3023
f 5576 7513 6429
f 7650 1638 5776
f 892 8519 246
f 9561 1588 3025
f 232 3025 2308
f 2642 22 3026
f 4948 6610 7840
f 2333 1326 3027
f 7590 6569 2099
f 7550 705 5681
f 4796 4196 1748
f 1672 2109 3029
f 1672 3029 7981
f 1569 4071 3030
f 6577 3030 8135
f 6377 7386 3031
f 5479 4535 6355
f 51 2419 3032
f 5698 7381 3444
f 1277 9350 3033
f 3501 4614 8726
f 1738 2032 3034
f 6602 5688 7538
f 2412 7564 3035
f 8857 6542 755
f 936 5233 3036
f 7682 3036 6597
f 1608 3561 3037
f 6351 3037 7608
f 1533 911 3038
f 7606 6584 5404
f 869 9750 3039
f 869 3039 6570
f 3657 4653 3040
f 2167 3040 6550
f 1794 6652 5334
f 8718 4013 4805
f 1935 1021 3042
f 8722 4953 5690
f 4945 9738 3043
f 4197 3648 6601
f 8489 525 3044
f 2436 3044 6600
f 1792 7613 3045
f 1792 3045 4654
f 6352 283 7397
f 4755 3642 8839
f 9709 6906 3047
f 170 7351 4421
f 7291 3493 5464
f 6503 4570 1072
f 1339 6233 3049
f 8424 3049 4641
f 9770 6490 3050
f 8456 4606 1358
f 1462 3542 3051
f 1462 3051 3386
f 7487 1133 3052
f 1295 3052 326
f 8902 6856 3053
f 1289 3053 3528
f 2392 7515 3054
f 6477 8992 4658
f 59 6330 3055
f 5385 7715 9216
f 4806 2437 3056
f 2022 3056 5319
f 9736 4086 8099
f 6161 5476 4956
f 6362 1479 3058
f 7376 5486 790
f 1330 7372 3059
f 1330 3059 7581
f 407 6380 3060
f 407 5500 2226
f 476 4968 3061
f 9682 8037 627
f 449 2377 3062
f 5574 3062 9259
f 1162 4708 3063
f 1162 3063 6072
f 2676 5420 6392
f 4028 3598 580
f 6401 4816 3065
f 545 3615 4237
f 2157 1552 3066
f 2157 3066 6807
f 6644 497 3067
f 7708 9645 4055
f 8684 7290 3068
f 890 3068 5261
f 5340 8678 6235
f 802 4094 710
f 239 5893 3070
f 7311 4939 613
f 1124 651 3071
f 1124 3071 5306
f 2231 8694 3072
f 7319 9006 4105
f 1984 7476 3073
f 9008 3073 6422
f 5609 4034 3074
f 233 8901 3640
f 1337 3336 3075
f 1337 3075 4347
f 5623 8970 3076
f 2165 3076 8544
f 2158 835 3077
f 4684 3077 1344
f 1499 4988 3078
f 4913 3078 9469
f 8736 4417 3079
f 1290 5394 2520
f 1016 8604 3080
f 1016 3080 5572
f 2218 9522 3081
f 2218 4628 6830
f 2003 9050 3082
f 9024 3082 5795
f 1929 6476 3083
f 7499 4930 6467
f 1518 8640 3084
f 1518 3084 9454
f 7712 4035 3085
f 2454 3085 8679
f 3911 4993 3086
f 1582 3086 7779
f 5774 6677 3087
f 5012 8623 2213
f 3373 4328 3088
f 3892 5083 6880
f 2428 23 3089
f 2428 3089 8028
f 4996 290 3090
f 1019 3090 5726
f 6724 5386 9002
f 4261 7936 6066
f 960 280 3092
f 9154 5529 607
f 2023 7135 3093
f 2023 3093 8356
f 2599 3464 3094
f 2599 3094 979
f 816 8652 3095
f 816 3095 8761
f 6516 7219 3096
f 1429 5649 4865
f 4554 3974 3097
f 1655 3097 8069
f 7321 1372 3098
f 1972 3098 4371
f 2462 7860 3099
f 9145 6825 4183
f 303 304 3100
f 303 3100 9226
f 7658 6421 3101
f 2097 3101 3517
f 649 2245 3102
f 649 3102 8890
f 817 2415 3103
f 817 3103 6359
f 8949 6546 3104
f 1485 3104 1937
f 1787 8516 3105
f 1787 3105 6238
f 1501 2540 3106
f 1501 4316 9093
f 8942 6914 3107
f 2647 3107 5259
f 1567 2284 3108
f 1567 7996 6903
f 199 198 3109
f 199 3109 8390
f 1428 8468 3110
f 1428 7412 8935
f 6397 5266 3111
f 185 3111 2052
f 1965 8450 3112
f 1965 3112 4062
f 2201 3978 3113
f 5627 3113 6794
f 3890 3790 3114
f 2745 9853 8113
f 2388 956 3115
f 5571 4113 1004
f 1240 4675 3116
f 1240 3116 4978
f 920 2091 3117
f 5366 4293 602
f 6134 3409 4552
f 2228 5312 3684
f 1492 9538 3119
f 1492 3119 4564
f 900 7522 3120
f 900 3120 8440
f 53 1707 3121
f 53 7447 6182
f 1380 617 3122
f 7352 3122 1505
f 1222 8903 3123
f 6669 4937 2790
f 2371 1941 3124
f 6661 5336 8622
f 918 2658 3125
f 918 8973 5714
f 2635 1101 3126
f 3711 7517 49
f 2672 4490 3127
f 2672 3127 5790
f 4697 8641 3128
f 1932 3128 5543
f 6499 4209 3129
f 952 5607 4208
f 1331 5562 3130
f 1331 4044 4660
f 9472 6721 3131
f 5544 3131 1357
f 1035 400 3132
f 4830 3132 6618
f 2092 4401 3133
f 2092 8508 255
f 2754 2340 6827
f 5443 4723 3702
f 1751 3547 3135
f 1751 3135 9163
f 1129 5641 3136
f 4621 3136 6478
f 5332 8018 3137
f 121 3137 6729
f 1950 8705 3138
f 1950 3138 9127
f 1426 2275 3139
f 1426 3139 7473
f 4938 4134 3140
f 7735 6696 8976
f 2772 1867 3141
f 2772 8408 6804
f 1099 335 3142
f 6730 3142 2687
f 1243 8939 3143
f 6237 7729 1897
f 2444 8928 3144
f 2444 3144 996
f 2244 9620 3145
f 2244 7846 5350
f 1698 7528 3146
f 3742 3146 7845
f 412 2692 3147
f 412 3147 8532
f 4693 4131 3148
f 8612 6001 1245
f 2134 2394 3149
f 2134 3149 7250
f 5551 1238 6468
f 4060 4837 1618
f 8471 1476 3151
f 5811 3151 9733
f 6532 1478 3152
f 298 7609 3438
f 7535 8470 3153
f 893 6536 3466
f 4952 6562 3154
f 1112 7568 2180
f 7554 9266 3155
f 805 3155 8472
f 1563 3485 3156
f 5737 4576 1910
f 1709 7877 3157
f 4081 6653 7569
f 7584 2707 3158
f 1361 6578 2433
f 6579 7573 3159
f 1191 5695 645
f 6561 287 3160
f 1115 5689 2104
f 5677 7592 3161
f 850 6598 3340
f 5678 701 3162
f 3393 7604 5672
f 7605 5693 3163
f 1430 6553 4077
f 5669 1797 3164
f 8522 6349 2250
f 7576 1626 3165
f 39 6582 5694
f 4960 9792 3166
f 8444 7141 6093
f 8715 1798 3167
f 963 7560 876
f 7400 4754 6345
f 9355 3745 6854
f 1345 2290 3169
f 1345 3169 4874
f 5618 7618 3170
f 1942 3170 6444
f 716 3639 3171
f 716 3171 3859
f 2280 9504 3172
f 2280 3172 5559
f 8527 6428 3173
f 3701 3173 6755
f 1960 5381 3174
f 5133 9306 3535
f 1566 2446 3175
f 1566 3175 9435
f 2319 4849 3176
f 2319 3176 5446
f 4153 7612 3177
f 130 8202 4949
f 1916 4578 3178
f 1916 3178 4162
f 1322 5493 3179
f 1322 4779 3667
f 6398 3325 5390
f 1924 4724 7507
f 2678 9732 3181
f 2678 3181 7354
f 1346 8064 3182
f 1346 3182 5406
f 2785 4471 3183
f 2785 3183 4
f 1850 8214 3184
f 1850 3184 7242
f 907 5201 3185
f 907 8555 134
f 1470 6423 3186
f 1470 3186 4088
f 2751 5767 3187
f 2751 4883 7935
f 1640 2466 3188
f 4744 3188 5653
f 2769 101 3189
f 6964 9391 102
f 204 4679 3190
f 9812 6528 733
f 803 2124 3191
f 7478 8698 5659
f 60 2774 3192
f 60 3192 8022
f 5584 1641 3193
f 883 9052 7699
f 74 2100 3194
f 4917 6253 1235
f 2809 1977 3195
f 2809 3195 9767
f 873 2141 3196
f 3883 4958 7714
f 5016 270 3197
f 5784 8337 7006
f 1157 5293 3198
f 1157 3682 9268
f 1480 5524 3199
f 8768 3199 3681
f 2357 866 3200
f 7716 4127 9060
f 402 403 3201
f 3692 3201 9775
f 922 9748 3202
f 4522 6314 8637
f 4703 9088 3203
f 242 3203 1892
f 909 6287 3204
f 4202 7256 1611
f 1202 4364 3205
f 6249 5370 742
f 224 225 3206
f 224 3206 5933
f 2778 8599 3207
f 2778 3207 3798
f 3933 1587 3208
f 1039 3208 7241
f 1507 4839 3209
f 1507 3209 2811
f 865 1922 5713
f 865 4126 7734
f 1988 7498 3211
f 1988 7355 4502
f 904 2665 3212
f 904 9211 5589
f 2112 9648 3213
f 2112 3213 5656
f 732 553 3214
f 732 4240 9369
f 7458 1034 3215
f 1610 8676 2614
f 2004 2826 3216
f 2004 3216 7962
f 4270 9033 3217
f 808 3217 7653
f 1170 5540 3218
f 1170 3218 7746
f 1038 2181 3219
f 5252 4890 4324
f 2862 1543 6143
f 8250 6064 9575
f 1653 4382 3221
f 6291 3780 862
f 959 4861 3222
f 7654 3222 661
f 1314 8945 3223
f 1314 3223 9019
f 4922 8103 3224
f 2160 4290 8442
f 7798 5843 3225
f 2815 3225 9273
f 1468 6660 3226
f 1468 3226 3634
f 1846 5286 3227
f 1846 8104 1012
f 4967 1415 3228
f 2818 3228 310
f 9759 2277 3229
f 2827 3229 910
f 6627 3750 3230
f 5725 9178 6757
f 9725 5895 3231
f 2429 3231 9700
f 1486 3601 3232
f 1486 4320 2841
f 2675 2358 3233
f 5531 3233 600
f 1081 2168 3234
f 9200 3234 8041
f 1548 3927 3235
f 8807 3235 4946
f 8795 1982 3236
f 405 3236 652
f 880 1910 3237
f 8830 3237 5666
f 2806 8498 3238
f 2806 3238 8185
f 985 7688 3239
f 3384 3239 9835
f 1045 1715 3240
f 1045 3240 5665
f 1189 5697 3241
f 8862 3241 6204
f 1366 2182 6168
f 3720 4231 565
f 1281 8550 3243
f 4326 5180 2397
f 1647 6396 3244
f 9651 4267 8295
f 916 1925 7470
f 6424 4813 1517
f 471 2842 3246
f 5149 3246 4245
f 1159 2723 3247
f 8504 3247 1777
f 2475 1155 3248
f 2475 3248 9622
f 2318 7529 3249
f 2318 3249 8138
f 209 7818 4900
f 5819 4239 7817
f 1384 7287 3251
f 1384 3251 9841
f 2858 1196 3252
f 2858 3252 8562
f 2258 6893 3253
f 2258 3253 3396
f 1046 2849 3254
f 1046 4334 5785
f 486 2727 3255
f 4112 6977 5043
f 63 5291 7666
f 9470 4308 5962
f 2375 2786 3257
f 5345 3257 9309
f 1266 6167 3258
f 1266 5804 2539
f 1299 4853 3259
f 6898 3259 8279
f 2851 639 3260
f 2851 3260 4276
f 1017 334 3261
f 1017 8223 9751
f 1439 7503 3262
f 1439 5331 2645
f 1247 5733 3263
f 1247 5995 3777
f 1420 2495 3264
f 1420 3264 7186
f 1342 2852 3265
f 8201 7041 5981
f 859 2846 3266
f 859 3266 4388
f 2572 8525 3267
f 2572 3267 9192
f 2287 5175 3268
f 2287 3268 3635
f 7906 1826 9142
f 6833 5587 2814
f 1526 6010 3270
f 1526 6901 9687
f 1956 4551 3271
f 1956 3271 8776
f 6781 8926 3272
f 1660 3272 3368
f 1703 2494 3273
f 6485 3273 7264
f 592 5039 3274
f 592 8541 6228
f 927 487 3275
f 3857 8430 643
f 1197 526 3276
f 7466 5006 3768
f 5794 1851 3277
f 7367 4555 1585
f 1668 2865 3278
f 1668 3278 6058
f 3703 6257 3279
f 533 3279 9691
f 1142 8159 3280
f 7927 3280 5046
f 6742 2207 3281
f 9528 8200 1041
f 2867 1171 3282
f 5783 8479 4718
f 1437 9485 3283
f 1437 3283 7656
f 1811 3937 3284
f 1811 3284 7856
f 3773 2506 5284
f 7768 5107 4373
f 7749 1917 3286
f 6754 3286 8001
f 1408 488 3287
f 9095 7837 4363
f 6810 3533 9076
f 1025 7825 609
f 941 8123 3289
f 9028 3289 7422
f 4369 8109 3290
f 3783 9785 248
f 1663 7982 3291
f 8115 3291 9488
f 149 2868 3292
f 149 3292 4442
f 2279 6721 3293
f 2279 3293 3838
f 3803 6057 3294
f 367 7182 5169
f 2127 9625 3295
f 2127 3295 6887
f 1203 5884 3296
f 7931 9139 730
f 2470 5844 3297
f 2470 3297 489
f 2043 8562 3298
f 7049 5837 1586
f 1658 9215 3299
f 1658 3299 5408
f 8218 9760 3300
f 2500 3300 9160
f 3796 7822 9340
f 6817 5934 8766
f 4433 6044 3302
f 2872 3302 7031
f 4440 6042 3303
f 5944 3303 2825
f 5124 3804 7980
f 1833 9588 2294
f 8303 4514 3305
f 5964 9438 3787
f 1817 5111 3306
f 1817 3306 8546
f 9236 1388 3307
f 1534 5094 7833
f 8075 4398 6848
f 9281 5166 6962
f 9300 792 5174
f 108 9143 754
f 1514 5657 3310
f 6703 3310 1702
f 3819 5751 3311
f 7843 9737 382
f 2884 6939 3312
f 3823 9092 8263
f 1453 8182 3313
f 1453 4472 6213
f 7213 4428 3314
f 35 5916 2860
f 7092 6076 3315
f 123 3315 2199
f 1664 7089 3316
f 1664 9483 5172
f 5977 9515 3317
f 5167 4445 9729
f 9632 3831 6092
f 2193 4444 18
f 8401 6030 7126
f 9809 4449 5966
f 64 2885 3320
f 64 6936 9276
f 2511 953 3321
f 2511 3321 247
f 7873 8496 5325
f 7873 5325 8839
f 6014 4424 3323
f 6014 3323 2214
f 4196 1748 7598
f 4196 7598 6594
f 6668 5390 3325
f 6668 3325 5623
f 7570 6534 5364
f 7570 5364 8790
f 9623 889 3327
f 8317 3327 1968
f 9609 5650 3328
f 9609 3328 7435
f 5489 7222 3329
f 8950 7374 6350
f 7616 2810 3330
f 7616 3330 6498
f 6280 1803 3331
f 6280 9727 2384
f 2839 7506 9731
f 2839 9731 7231
f 1804 8911 5186
f 1804 5186 6116
f 9634 5963 3334
f 5391 3334 270
f 7457 2256 3335
f 8548 3887 6982
f 7304 9184 3336
f 2471 8509 7059
f 4100 4726 3337
f 4100 3337 8778
f 8897 4909 3338
f 8897 3338 5639
f 6425 8925 3339
f 6425 3339 7643
f 1234 1912 4575
f 1234 4575 6598
f 7750 289 3341
f 9498 3341 7764
f 8037 627 3342
f 8037 3342 8581
f 8579 1901 3343
f 8579 3343 5614
f 9015 5804 3344
f 9057 7781 2724
f 1123 6753 9062
f 1123 9062 6751
f 7850 637 6259
f 9100 3938 6800
f 9496 858 3347
f 9496 3347 4657
f 8644 3970 3348
f 8644 3348 1254
f 1085 8225 9545
f 4924 9545 8262
f 7336 3866 3350
f 7336 3350 2203
f 8240 1670 3351
f 8240 3351 9525
f 5974 7433 3352
f 9270 3352 4378
f 2522 9371 4439
f 2522 4439 5563
f 9489 1179 3354
f 9489 3354 7865
f 3177 130 7088
f 3177 6041 6137
f 2397 5180 3356
f 2397 3356 217
f 1565 9313 3357
f 1565 3357 5349
f 7636 2577 3358
f 6285 3358 4558
f 592 8197 3359
f 592 3359 6228
f 1673 6854 3360
f 1673 3360 5514
f 1767 9386 3361
f 6063 3361 1583
f 153 154 3362
f 153 3362 8627
f 4102 7974 3363
f 547 3363 6193
f 2299 2996 3364
f 2299 6302 2616
f 1387 7953 3365
f 1387 3365 4963
f 2009 6082 3366
f 2009 3366 8529
f 3005 1347 3367
f 3005 3367 8441
f 2326 8424 3368
f 2326 3368 1660
f 8204 5860 3369
f 76 3369 6974
f 949 1687 3370
f 949 3370 9573
f 1229 4530 3371
f 9657 5768 1896
f 1953 4625 3372
f 7857 3372 8540
f 990 3088 3373
f 8580 6245 5873
f 452 6320 3374
f 452 3374 2482
f 2194 1306 3375
f 2194 3375 6831
f 6826 4759 3376
f 1423 3376 9646
f 851 6300 3377
f 9405 3377 747
f 1105 8238 3378
f 1105 3378 7123
f 2904 543 3379
f 5842 6140 5102
f 1733 6445 3380
f 1733 3380 978
f 46 774 3381
f 46 3381 9624
f 9566 5967 3382
f 1678 3875 7051
f 2925 8727 3383
f 2925 3383 8565
f 985 2521 3384
f 985 3384 3239
f 1540 2662 3385
f 1540 3385 5134
f 398 7514 3386
f 398 9510 3992
f 1852 6909 3387
f 1852 3387 1587
f 943 2075 3388
f 943 6333 8049
f 1369 4225 3389
f 1369 3389 8646
f 824 2320 3390
f 824 3390 5590
f 1782 2926 3391
f 1782 8092 8657
f 6430 1753 8145
f 869 5255 6570
f 4790 8853 3393
f 821 3393 7604
f 2219 8019 3394
f 5732 3394 7999
f 1647 2542 3395
f 1647 3395 4267
f 9365 2258 3396
f 980 6270 4862
f 2843 7214 3397
f 8895 6176 1667
f 2817 5722 3398
f 2817 3398 5942
f 2340 998 3399
f 9373 4689 8176
f 1253 2982 3400
f 9280 5280 2596
f 2029 1329 3401
f 2029 3401 9389
f 5320 4662 3402
f 1798 7685 2761
f 305 7586 3403
f 305 3403 6576
f 2337 8907 3404
f 5606 3404 8125
f 347 658 3405
f 3893 3405 1970
f 881 520 3406
f 5347 6617 7419
f 1521 8190 3407
f 1521 3407 4061
f 2660 6649 3408
f 2660 3408 7751
f 4635 6134 3409
f 1211 8053 9764
f 1843 6174 3410
f 1843 7983 7067
f 8639 7774 3411
f 1035 4830 3132
f 2751 983 3412
f 2751 3412 5767
f 2057 17 3413
f 8649 6404 7229
f 2582 4969 3414
f 2582 3414 7494
f 1612 4597 3415
f 1612 3415 7509
f 4648 60 3416
f 1919 3416 3979
f 1718 7315 3417
f 1718 3417 2610
f 2622 7462 3418
f 2622 3418 7743
f 2973 7876 3419
f 2973 3419 6164
f 2580 6518 3420
f 2580 3420 9293
f 389 2491 3421
f 389 7334 8962
f 3250 1230 3422
f 4239 3422 5654
f 1717 4647 3423
f 1717 3423 7713
f 2286 7652 3424
f 2286 4506 1279
f 3055 6330 3425
f 3055 3425 5271
f 167 8545 3426
f 167 4538 2110
f 2657 404 3427
f 2657 3427 293
f 5465 1059 3428
f 2401 8976 292
f 1206 2947 3429
f 5294 9517 7162
f 3964 8624 3430
f 221 5550 2088
f 1043 2628 3431
f 1043 3431 7261
f 616 7418 3432
f 616 6179 8781
f 1842 9402 3433
f 1842 3433 8484
f 2461 8474 3434
f 2461 3434 8281
f 1862 7247 3435
f 8072 3435 9688
f 1538 4118 3436
f 1538 3436 8536
f 2192 595 3437
f 5540 3916 8910
f 2249 7609 3438
f 2249 3438 6541
f 4748 2977 3439
f 1982 3439 7209
f 4001 7487 3440
f 1018 3440 8569
f 426 9465 3441
f 4802 3441 4073
f 1053 5362 3442
f 8719 7580 5696
f 5497 7583 3443
f 6368 3851 8831
f 1183 2307 3444
f 1183 3444 7381
f 945 2643 3445
f 7553 8712 5289
f 1093 755 3446
f 1093 7323 2515
f 8855 6583 3447
f 1056 3447 6593
f 1242 2975 3448
f 1242 3448 6607
f 820 2332 3449
f 6565 5691 4079
f 2989 250 3450
f 2989 8845 6538
f 838 9409 3451
f 838 4760 6592
f 7 301 3452
f 6609 5682 2226
f 9636 1026 3453
f 3029 3453 7690
f 8888 4955 3454
f 1195 3454 6548
f 1326 7563 3455
f 1326 3455 3027
f 105 2350 3456
f 6277 9621 4452
f 5201 7033 3457
f 2765 3457 8810
f 2424 2912 3458
f 2424 3458 435
f 852 6232 3459
f 8512 3459 1461
f 2238 8383 3460
f 2238 3460 7471
f 4025 6196 3461
f 1130 3461 8570
f 2364 3901 3462
f 2364 6520 52
f 9687 6901 3463
f 5418 3463 7434
f 1444 2599 3464
f 4993 5310 3086
f 2721 2357 3465
f 2721 3465 5576
f 4791 6536 3466
f 7565 3466 2118
f 1231 7602 3467
f 9266 3467 2587
f 1267 5494 3468
f 4778 3468 7382
f 6199 7402 3469
f 5511 3469 7098
f 7392 1627 3470
f 1390 6378 8955
f 4578 7549 8891
f 5472 7171 1690
f 2686 5762 3472
f 2686 3472 5558
f 1759 4023 3473
f 6182 9672 7447
f 1458 2211 3474
f 1458 3474 6704
f 2549 7614 3475
f 2549 3475 8462
f 1853 7012 3476
f 1853 8621 2064
f 165 166 3477
f 165 3477 7826
f 1186 1860 3478
f 5266 8487 7268
f 1127 7508 3479
f 1127 3479 5392
f 1750 3872 3480
f 7783 6221 4259
f 1643 8500 3481
f 1643 3481 5438
f 1880 122 3482
f 7251 3482 6691
f 8 6454 3483
f 8 3483 37
f 3091 135 3484
f 3091 3484 6177
f 7258 6837 3485
f 1036 9507 2399
f 2776 4808 3486
f 8326 5902 870
f 2403 1113 3487
f 2403 7479 6168
f 3024 1333 3488
f 3024 8519 892
f 268 8517 3489
f 268 3489 511
f 223 2069 3490
f 223 3999 8475
f 1828 6390 3491
f 1828 3491 6834
f 1930 6402 3492
f 7627 5412 2668
f 1417 6697 3493
f 1417 3493 5464
f 579 9334 3494
f 579 3494 473
f 5572 6515 3495
f 8682 3495 7519
f 6 458 3496
f 5573 4865 7933
f 6318 1091 3497
f 2335 3497 3117
f 2440 5009 3498
f 2440 3498 8394
f 1899 2758 3499
f 1899 8583 1103
f 9560 1303 3500
f 2747 3500 8098
f 1277 8954 3501
f 1277 3501 4614
f 1962 4493 3502
f 1962 3502 4794
f 1907 1116 3503
f 1907 3503 4154
f 2212 5495 3504
f 7722 3504 6376
f 4663 6377 3505
f 1600 8816 5477
f 2328 801 3506
f 8952 3506 610
f 2422 4617 3507
f 2422 3507 8785
f 1350 2681 3508
f 1350 7338 5547
f 2567 6731 3509
f 2567 3509 4298
f 303 7037 3510
f 303 3510 9226
f 9626 6334 3511
f 8534 8354 5940
f 4677 5541 3512
f 1746 3512 9246
f 2718 5645 3513
f 2718 8435 2979
f 2998 1706 3514
f 2998 3514 7312
f 1893 1355 3515
f 1893 9047 7880
f 809 2964 3516
f 809 8927 7776
f 905 2097 3517
f 8595 3517 4694
f 1117 2144 3518
f 1117 3518 7712
f 2427 1120 3519
f 2427 3519 8729
f 1716 8515 3520
f 6850 7922 779
f 2379 4237 3521
f 7427 8756 2081
f 6619 9503 3522
f 956 3522 2388
f 2739 159 3523
f 7664 6456 5597
f 8659 4024 3524
f 1004 3524 4113
f 7697 6690 3525
f 24 4296 9292
f 4046 7488 3526
f 9833 6684 4826
f 2969 8163 3527
f 2969 3527 3997
f 1642 4219 3528
f 1642 3528 6734
f 1650 4604 3529
f 9832 6415 278
f 1379 6236 3530
f 4319 3530 9058
f 2288 2649 3531
f 2288 7009 126
f 1527 4247 3532
f 1527 7294 9359
f 1974 6806 3533
f 1974 3533 6420
f 6175 9104 3534
f 2254 3534 4728
f 1353 8401 3535
f 1353 3535 448
f 1492 9046 3536
f 6414 3536 314
f 8268 5870 3537
f 100 3537 5440
f 7884 2545 3538
f 5834 7839 2005
f 7484 1465 3539
f 2149 3539 6230
f 4021 7782 3540
f 2145 3540 6710
f 4919 5914 3541
f 1223 3541 9140
f 294 3051 3542
f 294 5337 295
f 2924 2489 3543
f 6749 3543 584
f 3282 5783 3544
f 3282 3544 1802
f 4670 602 3545
f 1745 3545 7237
f 1131 2684 3546
f 1131 3546 5118
f 2538 8090 3547
f 2538 3547 3135
f 4235 7353 3548
f 95 3548 2570
f 4935 9099 3549
f 1128 3549 2442
f 2631 5407 3550
f 2631 3550 7998
f 2336 1407 3551
f 2336 3551 512
f 7409 5299 3552
f 1178 3552 5523
f 1769 4064 3553
f 7269 4852 1576
f 1914 888 3554
f 1914 7521 2164
f 1290 2520 3555
f 8736 4310 2237
f 137 1685 3556
f 4518 9288 3139
f 2533 4228 3557
f 8675 6501 3095
f 129 269 3558
f 129 3558 8666
f 6533 5359 3559
f 561 7564 3035
f 6554 3869 3560
f 823 7572 2704
f 5699 1608 3561
f 874 3561 9500
f 1320 7942 3562
f 5687 3562 678
f 1006 7273 3563
f 1006 5668 7593
f 464 5658 3564
f 6549 3564 4173
f 7559 2251 3565
f 923 6563 393
f 7557 363 3566
f 1474 5697 6588
f 4636 8733 3567
f 399 6476 1929
f 1271 2802 3568
f 1271 3568 4765
f 1008 311 3569
f 1008 3569 7610
f 2435 8472 3570
f 2435 3570 2760
f 1328 8884 3571
f 1328 3571 6556
f 1535 2775 3572
f 8686 7522 4089
f 562 6494 3573
f 562 3573 1414
f 158 2818 3574
f 158 7638 4534
f 1967 973 3575
f 1967 3575 2324
f 2755 1743 3576
f 2755 3576 9094
f 827 6780 3577
f 827 3577 2457
f 7342 2039 3578
f 1095 5524 870
f 2683 7711 3579
f 7266 8972 752
f 1996 5588 3580
f 6666 7430 8983
f 1854 7235 3581
f 1854 8699 1500
f 1297 2152 3582
f 4498 8177 4131
f 8538 1644 3583
f 1498 3583 6764
f 1529 9629 3584
f 6670 3584 741
f 369 2779 3585
f 6612 3585 540
f 2322 5761 3586
f 2322 3586 6310
f 834 2439 3587
f 834 6423 8780
f 2626 7707 3588
f 2626 3588 7313
f 4358 4521 8169
f 1099 6730 3142
f 2552 5372 3590
f 8636 8020 1651
f 7470 8775 3591
f 5577 6406 4210
f 1332 8507 3592
f 1332 3592 4927
f 8459 4983 3593
f 1532 3593 5574
f 1221 9287 3594
f 1221 3594 5752
f 5591 2138 8601
f 1042 7507 1924
f 1637 2790 3596
f 3935 3596 9462
f 3012 414 3597
f 3012 3597 6286
f 3064 4028 3598
f 3064 3598 9432
f 1741 5038 3599
f 1741 3599 2476
f 4994 6688 3600
f 1760 4330 6003
f 929 3232 3601
f 9806 8257 4031
f 1848 5533 3602
f 1848 3602 4123
f 3008 539 3603
f 3941 3603 9675
f 7618 1755 3604
f 1034 5526 3215
f 6830 8220 3605
f 273 3605 9031
f 26 7780 3606
f 26 3606 27
f 2772 155 3607
f 4511 9627 2283
f 5016 7328 3608
f 853 3608 164
f 6282 5504 8136
f 3922 4814 2084
f 1015 9327 3610
f 8900 3610 5329
f 2030 5854 3611
f 2030 3611 5011
f 4208 952 3612
f 1977 3612 9467
f 7728 6299 3613
f 894 3613 6482
f 1020 1920 3614
f 1020 3614 9662
f 3065 545 3615
f 3065 7793 8767
f 1302 2302 3616
f 3975 7914 7106
f 8993 2568 5353
f 179 3952 501
f 1160 2756 3618
f 8986 7746 2490
f 6261 4893 3619
f 7450 9096 1892
f 3219 8908 3620
f 3219 6665 5638
f 2404 2744 3621
f 4549 3621 7281
f 189 8614 3622
f 4995 3622 1796
f 6521 174 3623
f 1192 4209 6499
f 4710 9049 3624
f 7472 5444 674
f 2315 1250 3625
f 7703 3625 4974
f 2142 8360 3626
f 2142 3626 8558
f 4918 8280 3627
f 2639 3627 7815
f 898 275 3628
f 4093 8742 7243
f 1814 5439 3629
f 1814 3629 9108
f 1542 343 3630
f 4966 5534 7928
f 4846 317 3631
f 6480 3631 663
f 2672 4490 3632
f 2672 3632 1141
f 103 6165 3633
f 5723 3633 6332
f 437 261 3634
f 437 3634 1468
f 1415 9123 3635
f 4313 3635 2287
f 1292 9705 3636
f 3936 7180 1827
f 6628 1151 3637
f 2162 3637 903
f 460 8560 3638
f 460 3638 6971
f 1245 5378 3639
f 1245 3639 9746
f 2795 2474 3640
f 7468 3640 8901
f 3150 1365 3641
f 6468 8586 2393
f 3046 4755 3642
f 3046 3642 6344
f 1370 6341 3643
f 4579 8521 8112
f 2418 2733 3644
f 2418 5736 1545
f 2665 4422 3645
f 7370 8593 1452
f 2465 9563 3646
f 2465 3646 8471
f 1191 645 3647
f 7678 3647 4943
f 3043 4197 3648
f 7671 3648 6567
f 2714 87 3649
f 2714 8782 1774
f 915 2436 3650
f 915 3650 7680
f 8718 385 3651
f 1794 3651 7575
f 1111 2169 3652
f 1111 3652 6242
f 2438 256 3653
f 2438 7532 4807
f 3165 8817 3654
f 3165 3654 1626
f 2736 812 3655
f 2736 3655 4613
f 8878 43 3656
f 1713 3656 6356
f 2167 4167 3657
f 2167 3657 3040
f 252 8492 3658
f 9035 6361 4820
f 1361 2170 3659
f 1361 3659 2433
f 2331 2117 3660
f 8858 6543 4494
f 1166 5483 3661
f 8860 3661 1478
f 2172 4177 3662
f 2172 8835 1711
f 8837 6604 3663
f 1430 3663 4077
f 1712 4181 3664
f 8805 3664 5480
f 12 7399 3665
f 4956 3665 8293
f 8874 2243 3666
f 1938 3666 4183
f 1616 6364 3667
f 1616 3667 2709
f 8821 7578 3668
f 2179 3668 1158
f 1910 5737 3669
f 1910 3669 3237
f 1879 2705 3670
f 1879 3670 5377
f 2717 817 3671
f 2717 3671 7918
f 849 92 3672
f 4587 3672 8034
f 1599 2224 3673
f 1599 3673 9471
f 1021 4158 3674
f 1021 3674 5468
f 8253 1138 3675
f 133 3675 2927
f 5580 9565 3676
f 3149 3676 7525
f 208 207 3677
f 8051 3677 6890
f 5104 1443 3678
f 1088 3678 687
f 2135 5809 3679
f 7431 6183 1645
f 1176 5921 3680
f 1176 3680 8655
f 4243 6021 3681
f 1358 3681 8768
f 8661 4869 3682
f 3198 3682 1157
f 2773 7510 3683
f 2773 3683 1196
f 1722 5592 3684
f 1722 3684 8339
f 1884 4601 3685
f 5274 7791 6744
f 1011 2767 3686
f 1011 3686 9446
f 9105 7220 3687
f 935 3687 7811
f 377 8735 3688
f 8592 6411 5758
f 837 4127 3689
f 6616 3689 162
f 4880 6758 3690
f 1641 3690 2323
f 5567 84 3691
f 78 7500 2728
f 402 612 3692
f 402 3692 3201
f 2143 926 3693
f 6441 8591 740
f 2504 5112 3694
f 7132 9774 8329
f 1087 2956 3695
f 1087 3695 700
f 1876 6106 3696
f 1876 3696 8452
f 1780 3256 3697
f 8688 3697 7663
f 7476 1984 3698
f 2823 4885 8698
f 1140 8219 3699
f 1140 3699 7060
f 1165 7799 3700
f 1165 9332 3277
f 1119 477 3701
f 1119 3701 3173
f 1686 7439 3702
f 1686 3702 9051
f 533 3279 3703
f 533 3703 1957
f 313 3021 3704
f 8779 4318 1327
f 1593 3223 3705
f 7428 3705 8426
f 6254 8432 3706
f 4871 7346 9107
f 2475 5273 3707
f 2475 3707 7718
f 2646 7795 3708
f 2646 3708 7924
f 1395 3914 3709
f 1395 3709 4876
f 5721 1639 3710
f 1454 7874 6980
f 2635 3876 3711
f 2635 3711 7517
f 1208 249 3712
f 1208 3712 9239
f 5402 9633 3713
f 111 3713 2473
f 9850 1142 3714
f 5785 3714 6771
f 9322 650 3715
f 1146 6395 2829
f 1235 644 3716
f 1235 3716 8126
f 71 5426 3717
f 7529 3717 3249
f 7968 1809 3718
f 885 3718 5074
f 884 4297 3719
f 4622 5747 2671
f 1366 3242 3720
f 1366 3720 6896
f 8450 3112 3721
f 1909 3721 54
f 6154 1997 3722
f 970 3722 4264
f 8501 1621 3723
f 2480 3723 1719
f 4609 1841 3724
f 897 5565 9490
f 2148 818 3725
f 2148 3725 7307
f 5268 5072 3726
f 1764 3726 7223
f 337 2448 3727
f 8532 3727 506
f 5548 8550 3728
f 4891 3728 9613
f 1922 4833 3729
f 6623 3729 1007
f 2849 5789 3730
f 2849 3730 1046
f 1806 5582 3731
f 1806 3731 2694
f 6239 4337 3732
f 2186 3732 2836
f 4327 9352 3733
f 3192 3733 8022
f 3225 5843 3734
f 3855 8342 5132
f 7760 9395 3735
f 986 4289 600
f 2056 4971 3736
f 6819 9093 4316
f 1609 5512 3737
f 1609 7262 3948
f 325 5267 3738
f 3973 8259 5352
f 5351 3988 3739
f 1829 4501 9236
f 1137 3849 3740
f 1137 3740 9303
f 5242 6157 9337
f 324 4848 2359
f 1698 3146 3742
f 9069 3742 7819
f 2410 2806 3743
f 2410 3743 1483
f 1786 7679 3744
f 7943 9321 2235
f 3168 1054 3745
f 3168 3745 2353
f 1078 6388 9362
f 4687 8153 2921
f 8248 9575 3747
f 1531 3747 9190
f 2373 8166 3748
f 2373 3748 4509
f 1341 2892 3749
f 1341 3749 5817
f 1578 9583 3750
f 1578 3750 3230
f 6114 2894 9842
f 2308 6331 232
f 672 6707 3752
f 672 3752 9128
f 8777 6265 3753
f 2841 3753 7110
f 2692 4638 3754
f 5561 3754 4380
f 1539 3871 3755
f 1539 3755 9070
f 2896 830 3756
f 2896 5778 9051
f 6732 1019 3757
f 1725 3757 4858
f 1017 334 3758
f 6156 8978 6101
f 9431 7865 3759
f 2507 3759 2198
f 971 485 3760
f 7827 5775 9087
f 5792 119 8977
f 482 6712 2992
f 1323 5916 3762
f 7714 3762 9427
f 1184 9083 3763
f 1184 5798 7777
f 2870 4344 3764
f 2870 3764 1121
f 856 6661 9149
f 5098 7899 1201
f 1631 6750 3766
f 1631 7759 368
f 8413 2355 3767
f 4367 5788 1256
f 9016 7466 3768
f 5803 3768 2161
f 3189 101 3769
f 3189 3769 7116
f 1002 2895 3770
f 1002 7757 490
f 9185 7927 3771
f 815 4347 2502
f 2363 1063 3772
f 9253 6017 5163
f 2866 6733 3773
f 2866 3773 3285
f 1356 8330 3774
f 1356 5302 9320
f 1944 7820 9088
f 5835 6820 9681
f 7962 3216 3776
f 6794 9233 5627
f 2200 5995 3777
f 2200 3777 8402
f 2391 1503 3778
f 2391 4371 7641
f 9378 2995 3779
f 2484 3779 8480
f 3221 6291 3780
f 9102 3780 4809
f 465 9030 3781
f 465 7856 9124
f 5050 8305 3782
f 1951 3782 7825
f 128 9785 3783
f 128 3783 737
f 2844 8997 3784
f 2844 3784 9147
f 9121 1248 3785
f 6394 4370 3009
f 5896 6863 3786
f 180 5101 4462
f 384 5964 3787
f 384 3787 5258
f 1671 9783 3788
f 1671 3788 8122
f 2846 5194 3789
f 9177 7227 7120
f 4414 6857 3790
f 1523 3790 8070
f 9319 1217 3791
f 442 3791 5117
f 9649 761 3792
f 810 3792 5913
f 1561 8031 3793
f 1561 3793 6892
f 9192 2572 3794
f 1449 3794 5753
f 6920 8622 3795
f 5958 8006 1510
f 1212 598 3796
f 1212 3796 9340
f 4405 9400 3797
f 3265 3797 5146
f 5947 8336 3798
f 288 6958 798
f 279 5538 3799
f 279 9743 2835
f 9784 4610 3800
f 1000 8036 2293
f 5177 2046 3801
f 446 6783 9209
f 7660 1668 3802
f 4394 6448 668
f 6002 8054 3803
f 367 3803 3294
f 1293 1574 3804
f 1293 3804 9568
f 2294 424 3805
f 2294 3805 9588
f 9165 680 3806
f 2494 7937 3273
f 6059 8155 3807
f 1419 9356 5194
f 4398 1509 3808
f 6996 3808 1310
f 2877 4116 3809
f 2877 3809 9227
f 9294 4407 3810
f 2581 8276 5895
f 6805 744 3811
f 8095 7024 2845
f 3309 108 3812
f 3309 3812 6953
f 8404 4421 3813
f 413 6034 2205
f 6019 5157 3814
f 9680 8127 4408
f 319 2824 3815
f 4543 9683 902
f 6062 6823 3816
f 2590 3816 7925
f 6799 9282 3817
f 1073 3817 5187
f 8046 5972 3818
f 1514 6703 3310
f 144 2883 3819
f 144 3819 3311
f 73 9526 3820
f 73 3820 72
f 1815 9180 3821
f 8193 6044 1301
f 2879 9479 3822
f 2879 3822 1554
f 2884 9092 3823
f 9291 4430 1481
f 9483 5922 3824
f 8241 7057 2869
f 6921 3307 9244
f 8524 8025 5145
f 9274 2018 3826
f 1556 5965 6987
f 1666 7139 3827
f 1666 3827 9692
f 157 6976 8417
f 5220 6112 9851
f 1010 8011 3829
f 9531 6091 5111
f 4377 9173 3830
f 8007 7131 2013
f 2885 64 3831
f 9425 3831 6092
f 4450 9421 3832
f 1143 3832 459
f 1024 6412 3833
f 6130 4514 8453
f 2727 3255 3834
f 6824 3834 1049
f 1385 7092 3835
f 9827 3835 521
f 1069 9231 3836
f 1069 3836 9857
f 5125 2886 3837
f 1139 5966 395
f 1089 7168 3838
f 8421 3838 5866
f 2876 6813 3839
f 2876 3839 7913
f 9567 8203 7187
f 1543 4457 6143
f 247 3321 3841
f 247 3841 2887
f 549 9368 3842
f 549 3842 8942
f 7226 619 3843
f 2008 9411 519
f 3313 8182 3844
f 5224 9390 1220
f 7632 8904 4702
f 7632 4702 8616
f 6905 2980 9703
f 6905 9703 2677
f 2197 1940 5256
f 2197 5256 5013
f 4623 7644 3848
f 4623 3848 5546
f 4591 9464 3849
f 4591 3849 7742
f 8379 1588 3850
f 8379 3850 2053
f 4783 7377 3851
f 4783 3851 6368
f 7389 1359 3852
f 7389 3852 6583
f 8617 5791 3853
f 8617 3853 6662
f 7774 8639 3854
f 1719 9045 3723
f 3225 9273 6910
f 3225 6910 3734
f 9219 960 3856
f 9219 3856 2449
f 7288 2748 7002
f 7288 7002 8430
f 8749 1308 3858
f 8749 3858 15
f 2380 1028 6173
f 2380 6173 5092
f 6503 8649 3860
f 6503 3860 1072
f 5568 1354 3861
f 5568 3861 8387
f 3118 2228 5312
f 3118 5312 8186
f 4631 9319 3863
f 4631 3863 7463
f 7301 6619 3864
f 7301 3864 2937
f 7383 5361 3865
f 7383 3865 4747
f 8559 4740 3866
f 8559 3866 7336
f 7721 6489 3867
f 7721 3867 5025
f 5566 6613 3868
f 5566 3868 6455
f 5689 8804 3869
f 5689 3869 6554
f 8496 5325 3870
f 8496 3870 7368
f 4638 1539 3871
f 4638 3871 7889
f 9199 1750 3872
f 6900 3872 5937
f 3135 8523 6400
f 3135 6400 9163
f 8695 5356 3874
f 6298 3874 9734
f 7061 1678 3875
f 7061 3875 2929
f 1705 6312 7297
f 1705 7297 6860
f 7996 1813 3877
f 4850 6266 7484
f 1715 8494 6065
f 1715 6065 7997
f 9448 3134 3879
f 8221 3879 7074
f 3090 5726 3880
f 3090 7614 290
f 9322 6450 3881
f 1146 3881 7639
f 2370 6255 3882
f 2370 3882 573
f 8693 8352 3883
f 8693 3883 4958
f 982 8344 3884
f 982 3884 9308
f 2072 7239 3885
f 2072 3885 2281
f 4940 6520 3886
f 1860 9805 6679
f 3335 8548 3887
f 4532 3887 8222
f 1634 455 3888
f 1634 3888 8975
f 1753 6430 3889
f 1753 3889 6214
f 2745 3114 3890
f 2745 3890 4995
f 3336 3075 3891
f 3336 8509 7304
f 990 5083 3892
f 7318 3892 1969
f 347 3405 3893
f 9844 5559 1410
f 8330 6759 3894
f 991 3894 2946
f 1854 6641 3895
f 1854 3895 7235
f 1700 2187 3896
f 8029 6313 5644
f 1838 5423 3897
f 1838 3897 6382
f 2898 8985 3898
f 2898 8176 4689
f 9776 484 3899
f 836 3899 8478
f 2537 7758 3900
f 9637 3900 5953
f 1298 2620 3901
f 4961 3901 8705
f 2541 397 3902
f 2541 3902 9067
f 1736 8039 3903
f 1736 3903 7607
f 2347 1776 3904
f 2347 3904 61
f 1652 8065 3905
f 1652 3905 9235
f 1839 1279 3906
f 1839 3906 8375
f 2575 8903 3907
f 2575 3907 5888
f 2295 931 3908
f 2295 3908 7426
f 1050 6394 3909
f 9523 5403 2175
f 1110 5710 3910
f 8454 3910 5376
f 1582 2621 3911
f 1582 3911 3086
f 3376 9646 3912
f 3376 3912 8856
f 231 8107 3913
f 231 3913 8654
f 342 9182 3914
f 342 3914 7921
f 141 142 3915
f 141 3915 8926
f 3437 2192 3916
f 3437 3916 6800
f 1200 5307 3917
f 1200 9114 7511
f 8737 764 3918
f 59 5385 7715
f 2359 324 3919
f 2359 3919 4670
f 1104 2967 3920
f 1104 3920 7669
f 526 4495 3921
f 526 3921 5764
f 55 3609 3922
f 55 3922 8811
f 2081 6135 3923
f 2081 3923 1027
f 6332 9477 3924
f 1432 7882 2954
f 492 7425 3925
f 492 3925 8441
f 1770 5954 3926
f 7624 3926 6507
f 2807 8891 3927
f 2807 3927 3235
f 1401 2634 3928
f 1401 3928 6659
f 8788 1619 3929
f 1006 3929 7593
f 3206 225 3930
f 3206 3930 5301
f 71 6773 3931
f 8762 3931 748
f 2822 6938 3932
f 2822 3932 6937
f 1039 3208 3933
f 7145 8317 1968
f 9414 4875 3934
f 76 3934 2976
f 1637 3596 3935
f 8283 3935 4872
f 1292 7180 3936
f 1292 8359 3001
f 2001 7316 3937
f 2001 3937 3284
f 3346 1787 3938
f 3346 3938 9100
f 2738 5811 3939
f 2738 3939 1580
f 2832 7224 3940
f 2832 3940 8059
f 3008 5720 3941
f 3008 3941 3603
f 1211 6788 3942
f 4635 3942 7486
f 7330 1373 6648
f 841 4642 6096
f 8245 2485 3944
f 6 3944 458
f 1723 7465 3945
f 1723 3945 8898
f 7864 1343 3946
f 1076 3946 4970
f 483 2973 3947
f 483 3947 9079
f 332 8442 3948
f 332 7109 9535
f 2858 9708 3949
f 2858 3949 1928
f 6267 1047 3950
f 1496 4530 2467
f 1997 6154 3951
f 8140 9821 6198
f 3617 179 3952
f 3617 3952 8754
f 3687 2479 3953
f 3687 3953 7811
f 1790 8843 3954
f 1790 3954 7537
f 1033 2805 3955
f 6551 3955 1793
f 7560 5512 3956
f 3167 3956 5320
f 2985 8725 3957
f 2985 3957 9437
f 109 5255 3958
f 109 3958 7577
f 951 6552 3959
f 951 3959 1913
f 826 4665 3960
f 7608 6604 8720
f 86 6365 3961
f 86 3961 2714
f 22 2642 3962
f 7613 6564 3045
f 1107 1989 3963
f 1107 8135 9639
f 221 3430 3964
f 6307 3964 8995
f 7365 333 3965
f 29 4517 1915
f 1273 296 3966
f 7250 8576 5283
f 9572 5295 3967
f 2332 4751 3449
f 604 9385 3968
f 604 4715 744
f 2737 8488 3969
f 2737 3969 5868
f 1689 8073 3970
f 1689 3970 7233
f 2208 1278 3971
f 4910 3971 8278
f 1743 2755 3972
f 1743 3972 7449
f 325 8605 3973
f 325 3973 3738
f 1392 3097 3974
f 8683 7240 2242
f 1302 7914 3975
f 1302 3975 3094
f 6326 8427 3976
f 2671 3976 1726
f 1355 5355 3977
f 1355 3977 8191
f 976 4878 3978
f 6681 3978 9296
f 331 5875 3979
f 331 3979 629
f 2257 9101 3980
f 2257 3980 5210
f 1080 1863 3981
f 1080 6660 3226
f 4923 2486 3982
f 227 3982 66
f 871 2407 3983
f 4969 3983 8974
f 232 2607 3984
f 232 3984 6331
f 7512 8734 3985
f 1890 3985 265
f 3408 8996 3986
f 3408 3986 8963
f 6663 432 3987
f 153 3987 2652
f 830 2673 3988
f 830 3988 9620
f 3080 1613 3989
f 6515 7797 2524
f 7519 8682 3990
f 6438 4864 5350
f 2291 90 3991
f 2291 6514 566
f 8139 9510 3992
f 4866 7080 3407
f 8 9 3993
f 8694 3993 3072
f 996 349 3994
f 7516 8899 2110
f 1102 2159 3995
f 9687 3995 1526
f 1150 4845 3996
f 1150 3996 6508
f 206 2969 3997
f 4811 5335 741
f 303 7037 3998
f 303 3998 304
f 3490 4640 3999
f 3490 3999 223
f 2735 6199 4000
f 8948 4000 5466
f 1018 3440 4001
f 1018 4001 5467
f 3345 7724 4002
f 3345 4002 7790
f 407 2226 4003
f 8864 4003 5490
f 1390 8955 4004
f 1390 4004 2166
f 1830 2759 4005
f 9660 4005 30
f 1262 6563 4006
f 1262 4006 4615
f 801 2328 4007
f 801 4007 8814
f 3329 8950 4008
f 3329 4008 408
f 2251 8797 4009
f 2251 4009 8949
f 936 1389 4010
f 936 7682 3036
f 8877 5505 4011
f 1194 4011 5364
f 858 2099 4012
f 4980 5323 9339
f 3041 8718 4013
f 3041 4013 8568
f 1645 8068 4014
f 1645 4014 6183
f 2658 3125 4015
f 2658 4015 8425
f 7527 1864 4016
f 1122 4016 1948
f 1181 8474 4017
f 6915 9367 2834
f 1549 2653 4018
f 7424 8729 2427
f 1991 6479 4019
f 1991 4019 6676
f 1164 9494 4020
f 1164 4020 2450
f 2145 3540 4021
f 2145 4021 4681
f 2016 4729 4022
f 6403 4022 9201
f 1391 3473 4023
f 7257 4863 1575
f 1120 3519 4024
f 7343 4024 3524
f 1130 3461 4025
f 1130 4025 2787
f 2253 1003 4026
f 2253 4026 7619
f 1233 2116 4027
f 7665 8665 6942
f 2676 327 4028
f 2676 4028 3064
f 1315 5008 4029
f 1315 4029 2297
f 1710 926 4030
f 1710 6399 3018
f 2752 6493 4031
f 6108 4031 9806
f 2741 1083 4032
f 5624 4032 638
f 4620 2968 4033
f 2382 4033 6842
f 3492 1402 4034
f 3492 4034 6402
f 1117 7712 4035
f 1117 4035 6250
f 965 4857 4036
f 965 4036 2955
f 2440 375 4037
f 2440 4037 2966
f 5391 3334 4038
f 2345 4038 7036
f 9071 7855 4039
f 1882 4039 6758
f 2789 4895 4040
f 2789 9366 328
f 1473 5735 4041
f 4862 4041 980
f 934 7103 4042
f 8400 4042 2859
f 1259 3428 4043
f 1259 4043 7501
f 3130 1331 4044
f 4822 6325 8690
f 1621 8554 4045
f 1621 4045 6741
f 1118 3526 4046
f 8486 4046 6283
f 1604 770 4047
f 7502 4047 435
f 3007 110 4048
f 5389 4048 3365
f 9488 2579 4049
f 2306 4049 8210
f 3367 7189 4050
f 3367 4050 1347
f 2890 4544 4051
f 6027 8074 585
f 350 351 4052
f 350 4052 3020
f 2059 7631 4053
f 2059 4053 1311
f 1190 2795 4054
f 1190 4054 7695
f 1778 4931 4055
f 1778 4055 7708
f 3019 160 4056
f 8609 4647 541
f 2793 6197 4057
f 2793 4057 6640
f 978 8187 4058
f 978 4058 9428
f 1684 2378 4059
f 1684 4059 190
f 91 4837 4060
f 91 4060 7620
f 7453 9618 4061
f 2150 4061 9418
f 1491 2297 4062
f 1491 4062 8931
f 938 7526 4063
f 938 4063 7218
f 2398 1257 4064
f 2398 4064 2915
f 2794 6665 4065
f 2794 4065 9221
f 5690 4953 4066
f 915 6600 2436
f 4661 428 4067
f 7547 4067 383
f 6581 2561 4068
f 1912 4068 4575
f 2704 7054 4069
f 2704 5670 823
f 7585 4774 4070
f 1590 4070 6672
f 1424 5492 4071
f 1424 7565 3466
f 7595 1600 4072
f 2348 6539 4576
f 2246 9263 4073
f 2246 7274 8892
f 2914 2441 4074
f 2914 4074 6321
f 868 2056 4075
f 868 4075 7662
f 1908 7611 4076
f 1908 4076 5996
f 2801 1360 4077
f 2801 4077 6553
f 825 5960 4078
f 825 4078 3322
f 1622 6565 4079
f 1622 4079 4775
f 16 2958 4080
f 8806 4080 6567
f 1709 3157 4081
f 1709 4081 6557
f 3 5 4082
f 3 4082 6575
f 2530 8845 4083
f 2530 5480 3664
f 2847 271 4084
f 7802 9511 4987
f 7990 1467 4085
f 2032 4085 3034
f 2684 8731 4086
f 2684 4086 5185
f 2697 8040 4087
f 2697 4087 5579
f 616 7418 4088
f 616 4088 6416
f 3120 7522 4089
f 3120 4089 8149
f 8460 1614 4090
f 1346 4090 2163
f 1643 8968 4091
f 1643 4091 2984
f 998 3399 4092
f 998 4092 5734
f 898 8742 4093
f 4739 4093 2555
f 3069 802 4094
f 3069 4094 2296
f 1777 7625 4095
f 1777 4095 6155
f 1113 3487 4096
f 6463 5601 2560
f 8628 1773 6232
f 7477 5600 6465
f 2743 8700 4098
f 2743 4098 5951
f 2240 7408 4099
f 7981 4099 2661
f 829 4726 4100
f 829 4100 8584
f 2365 7720 8752
f 2365 4828 1635
f 547 3363 4102
f 8433 6470 522
f 5595 4834 4103
f 899 7509 8651
f 2678 897 4104
f 2678 4104 9732
f 5523 7319 4105
f 2183 6527 4697
f 82 975 4106
f 7661 4106 5982
f 6102 8393 4107
f 185 6397 3111
f 302 357 4108
f 9027 4643 1808
f 1632 7744 4109
f 1632 4109 3023
f 6278 8766 4110
f 9388 4110 2574
f 255 8508 4111
f 255 6705 2623
f 486 2361 4112
f 486 4112 6977
f 3115 5571 4113
f 3115 4113 6311
f 1407 2336 4114
f 1407 4114 5553
f 2386 1340 4115
f 2386 4115 3509
f 1067 2499 4116
f 1067 4116 3809
f 816 1906 4117
f 816 4117 8652
f 4908 1538 4118
f 2055 4118 2525
f 2999 861 4119
f 2999 4119 5430
f 3588 7707 4120
f 3588 4120 5023
f 4935 2826 4121
f 1128 8572 1887
f 2990 8732 4122
f 2990 4122 605
f 1075 2406 4123
f 1075 4123 2126
f 961 3511 4124
f 961 5269 2742
f 1061 9025 4125
f 1061 4125 4860
f 3210 865 4126
f 3210 4126 7711
f 3200 5593 4127
f 3200 4127 7716
f 2535 4699 4128
f 2535 4128 9461
f 1576 8547 4129
f 1576 4129 4852
f 7524 8591 4130
f 1129 4621 3136
f 8637 4498 4131
f 1436 4131 4693
f 1812 3538 4132
f 4906 4132 9134
f 1494 2666 4133
f 7726 4849 3176
f 2376 406 4134
f 5757 4134 784
f 320 2165 4135
f 320 7705 5422
f 1628 7696 4136
f 1628 8946 6631
f 1873 4877 4137
f 1873 4137 5885
f 819 5371 4138
f 7528 4889 8696
f 2544 5158 4139
f 5354 7140 8416
f 4983 7698 4140
f 9402 4140 8261
f 999 4918 4141
f 9525 6474 3351
f 8578 5189 4142
f 261 4142 3634
f 881 520 4143
f 9422 4143 4704
f 1151 5286 4144
f 8744 4144 5840
f 4920 3632 4145
f 840 7327 2492
f 822 308 4146
f 822 4146 2405
f 2493 3574 4147
f 5724 4147 7704
f 2344 2115 4148
f 7361 6625 3185
f 3132 6618 4149
f 3132 8691 400
f 137 3556 4150
f 7461 4150 5605
f 2429 7178 4151
f 2429 9725 3231
f 3457 8810 4152
f 3457 4152 9317
f 130 3177 4153
f 130 4153 8869
f 729 6385 4154
f 729 7689 525
f 7534 2550 4155
f 1573 9401 4515
f 2761 5736 4156
f 2761 4156 8715
f 8802 1616 4157
f 1477 4157 5490
f 2702 1021 4158
f 2702 8792 6588
f 2413 340 4159
f 2413 8953 3033
f 7723 626 4160
f 4586 4160 577
f 256 3653 4161
f 6107 9688 3435
f 99 5515 4162
f 99 4162 4487
f 1786 7270 4163
f 6205 7943 9321
f 3158 1052 4164
f 3158 4164 2707
f 879 5478 4165
f 879 4584 7546
f 1937 845 4166
f 1937 4166 4756
f 19 2167 4167
f 19 8880 5680
f 3671 8564 4168
f 6537 4168 1886
f 719 2918 4169
f 719 4169 3103
f 1939 5668 4170
f 1939 4170 4771
f 3562 5740 4171
f 3562 4171 678
f 610 8828 4172
f 610 4172 3506
f 1475 6215 4173
f 8865 4173 5664
f 2177 7373 4174
f 2177 4174 1627
f 2464 5686 4175
f 2464 4175 4952
f 8871 5671 4176
f 298 4176 3438
f 2416 5360 4177
f 2416 4177 3662
f 282 283 4178
f 8846 7548 2249
f 3164 1797 4179
f 4491 5507 1606
f 1550 6353 4180
f 1550 4180 8819
f 805 2435 4181
f 805 4181 1712
f 2899 5738 4182
f 2899 4182 2762
f 908 1938 4183
f 908 4183 4770
f 1479 7379 4184
f 1479 4184 2708
f 1270 8848 4185
f 1270 4185 5496
f 958 2420 4186
f 958 4186 2732
f 1789 6579 4187
f 1789 8820 7580
f 8850 1571 4188
f 2421 4188 4778
f 3035 4797 4189
f 3035 4189 8857
f 2352 701 4190
f 2352 4190 9394
f 2763 8830 4191
f 6371 8817 3654
f 8794 5662 4192
f 812 4192 2736
f 1400 359 4193
f 1400 4193 8876
f 8872 1403 4194
f 3162 4194 701
f 2106 8863 4195
f 2106 4195 51
f 3028 4796 4196
f 3028 4196 8841
f 1193 3043 4197
f 1193 4197 7545
f 2417 8807 4198
f 2417 4198 2987
f 1174 7596 4199
f 1174 4199 536
f 1116 5704 4200
f 1116 4200 7532
f 444 6043 4201
f 444 4201 8808
f 909 7256 4202
f 909 4202 4808
f 8992 4860 4203
f 3054 4203 6700
f 8774 4496 4204
f 5730 4204 9378
f 2374 318 4205
f 7337 5655 3375
f 54 5586 4206
f 9790 4206 8120
f 2220 5304 4207
f 2220 4207 8687
f 1977 3612 4208
f 1977 7359 3195
f 3623 1192 4209
f 8467 4209 1154
f 6224 5577 4210
f 1321 7417 8759
f 309 4480 4211
f 309 4211 6949
f 194 193 4212
f 194 4212 8982
f 1240 7985 4213
f 5598 4529 8086
f 361 882 4214
f 8157 9480 5585
f 2390 1084 4215
f 9196 7988 5162
f 5914 4919 4216
f 2042 4216 4882
f 1246 9081 4217
f 5590 4217 2146
f 1781 8374 4218
f 1781 4218 7265
f 40 5637 4219
f 40 4219 8601
f 2816 1218 4220
f 2816 6191 9694
f 377 3688 4221
f 377 4221 2919
f 2114 9707 4222
f 2114 4222 6176
f 8581 2324 7280
f 5411 4527 559
f 3169 4874 4224
f 3169 4224 8927
f 5636 1369 4225
f 989 9574 2048
f 2184 8775 4226
f 2184 6502 5594
f 6498 7616 4227
f 994 4227 8661
f 2393 1238 4228
f 7622 4228 3557
f 919 4893 4229
f 919 7053 2584
f 6841 5295 4230
f 4569 7505 597
f 3242 8702 4231
f 3242 4231 3720
f 1984 5660 4232
f 9008 8101 4832
f 2460 9697 4233
f 2460 4233 507
f 9052 5311 4234
f 6496 4234 5413
f 95 3548 4235
f 6523 9074 2157
f 8934 513 4236
f 78 4236 3691
f 376 6155 4237
f 376 4237 3615
f 1011 9564 4238
f 1011 4238 9446
f 3250 3422 4239
f 3250 4239 209
f 3214 732 4240
f 3214 4240 9612
f 8119 967 4241
f 2688 4241 8596
f 1557 2903 4242
f 4892 4242 6946
f 1358 3681 4243
f 1358 4243 8456
f 1943 1751 4244
f 1943 4244 642
f 1179 7635 4245
f 1179 9710 5298
f 3580 8975 4246
f 3580 4246 6666
f 3121 6650 4247
f 3121 4247 724
f 1126 8322 4248
f 5001 5793 2009
f 1942 917 4249
f 1942 5618 3170
f 1603 6692 4250
f 1603 4250 7349
f 3413 253 4251
f 3413 5716 17
f 441 2972 4252
f 441 8959 5756
f 846 2782 4253
f 846 9666 392
f 1312 785 4254
f 1312 6451 9651
f 422 2963 4255
f 422 4255 7961
f 272 273 4256
f 6701 8551 765
f 4901 5346 4257
f 1992 4257 9665
f 2453 7450 4258
f 8671 4258 6770
f 969 6221 4259
f 969 4259 659
f 1899 1103 4260
f 1899 4260 8957
f 135 7936 4261
f 135 4261 148
f 1285 6402 4262
f 1285 4262 2189
f 5634 509 4263
f 1687 6647 9338
f 62 3722 4264
f 62 4264 7008
f 3537 5870 4265
f 3537 4265 5440
f 1716 3520 4266
f 5338 9794 2542
f 3244 1647 4267
f 3244 4267 6955
f 3259 9379 4268
f 3259 4268 4853
f 276 2971 4269
f 276 8697 5309
f 808 3217 4270
f 808 4270 7308
f 178 4885 4271
f 178 6762 9241
f 8676 83 4272
f 3215 4272 5526
f 7285 5869 4273
f 2389 4273 540
f 3223 3705 4274
f 3223 4274 8945
f 2729 74 4275
f 2729 4275 4854
f 198 2851 4276
f 4539 4276 912
f 1809 9232 4277
f 1809 4277 3718
f 2864 815 4278
f 2864 8057 9476
f 9049 2617 4279
f 7805 5381 27
f 3332 7898 4280
f 4818 4280 6902
f 6699 1630 4281
f 1472 4281 8910
f 4960 9053 4282
f 995 4282 5257
f 2543 6193 4283
f 2543 4283 8648
f 7184 1674 4284
f 113 4580 2381
f 5759 9228 4285
f 1499 4913 3078
f 2101 7713 4286
f 9751 4286 6156
f 2947 7232 4287
f 2947 6300 3429
f 1665 623 4288
f 7060 8216 1140
f 3735 2519 4289
f 3735 4289 986
f 3224 2160 4290
f 3224 8087 4921
f 983 9203 4291
f 983 4291 3412
f 8256 430 4292
f 4691 4292 3012
f 3117 920 4293
f 3117 4293 8246
f 345 8481 4294
f 345 5349 609
f 901 7464 4295
f 6633 4295 1788
f 3525 8961 4296
f 3525 4296 24
f 1254 5431 4297
f 1254 4297 2483
f 7804 477 9073
f 1030 5521 2984
f 7328 5016 4299
f 226 6907 523
f 3673 2224 4300
f 3673 6655 8067
f 2411 1594 4301
f 2411 4301 1362
f 1166 6610 4302
f 8860 4302 611
f 5739 1983 4303
f 2353 4303 3168
f 1325 4804 4304
f 1325 4304 3674
f 5398 627 4305
f 9501 4305 699
f 1377 2133 4306
f 5714 8944 8331
f 1333 8163 4307
f 1333 4307 3024
f 3256 63 4308
f 3256 4965 3697
f 3464 1444 4309
f 6461 9164 4516
f 3555 1290 4310
f 8110 9330 7011
f 2951 1683 4311
f 2951 4311 670
f 2819 1758 4312
f 7035 8206 5894
f 1415 8266 4313
f 1415 4313 3635
f 654 655 4314
f 8556 4314 2556
f 2203 7363 4315
f 2203 4315 4738
f 3106 1501 4316
f 3106 4316 6822
f 4927 6644 4317
f 169 4317 2821
f 4519 1060 4318
f 3704 4318 8779
f 1379 3530 4319
f 1379 5306 8981
f 3232 4986 4320
f 3232 4320 1486
f 1583 7021 4321
f 1583 4321 6063
f 1040 514 4322
f 6157 4322 2909
f 7517 9580 4323
f 9475 6975 420
f 2501 10 4324
f 2501 7903 5121
f 974 7934 4325
f 974 4325 7338
f 1281 3243 4326
f 6978 9311 5879
f 3192 3733 4327
f 3192 5612 2774
f 1859 5122 4328
f 1859 4328 8466
f 3618 6171 4329
f 3618 6717 8986
f 3600 1760 4330
f 7719 4330 219
f 7303 2476 4331
f 7006 5647 9663
f 2853 954 4332
f 9857 8285 3836
f 533 9691 4333
f 7164 4333 9506
f 8962 2133 4334
f 3254 4334 1046
f 3700 5535 4335
f 3700 4335 7799
f 1274 9539 4336
f 1274 4336 8921
f 896 6239 4337
f 9070 7838 3755
f 1870 7121 4338
f 9835 7077 3384
f 2595 7286 4339
f 2595 4339 7767
f 479 4897 4340
f 479 9433 2223
f 1098 380 4341
f 1098 6680 4989
f 482 3761 4342
f 482 4342 9369
f 3769 8247 4343
f 8439 4343 2190
f 339 8574 4344
f 339 6754 3286
f 127 3087 4345
f 127 4345 9059
f 3763 502 4346
f 8530 4346 6309
f 3771 815 4347
f 5046 6682 1502
f 5803 2497 4348
f 6772 9084 5813
f 1383 5099 4349
f 6742 7626 582
f 5031 8896 4350
f 11 4350 712
f 814 7748 4351
f 814 4351 7781
f 5165 2187 9279
f 6936 6016 234
f 1349 9252 4353
f 1349 4353 7646
f 7762 3679 5809
f 1152 5035 8537
f 248 3783 4355
f 248 7984 5864
f 1023 5052 4356
f 8402 6918 2200
f 1885 940 4357
f 5820 5053 7842
f 1099 3589 4358
f 1099 4358 5918
f 114 9040 4359
f 9046 4564 1492
f 9094 2755 4360
f 5047 9043 3479
f 870 1095 4361
f 870 4361 8326
f 5026 391 4362
f 1167 4362 9594
f 7856 1811 4363
f 3781 4363 9095
f 3750 6627 4364
f 8323 4364 1202
f 1866 6999 4365
f 8134 6228 3359
f 1589 8215 4366
f 1589 9157 7355
f 1071 5788 4367
f 1071 4367 6129
f 2040 8244 4368
f 2040 4368 7163
f 128 3290 4369
f 128 9078 737
f 3785 5051 4370
f 3785 4370 6793
f 3778 2391 4371
f 3778 4371 7493
f 591 693 4372
f 6794 4372 3113
f 139 5107 4373
f 139 4373 140
f 925 9112 4374
f 925 4374 7912
f 1450 7950 4375
f 1450 4375 7946
f 438 439 4376
f 438 6811 7879
f 281 3830 4377
f 281 4377 6292
f 2021 7252 4378
f 2021 4378 8015
f 79 2888 4379
f 79 5074 885
f 5073 6849 4380
f 8282 4380 5561
f 1139 3837 4381
f 6966 4381 9779
f 1251 9224 4382
f 1251 4382 9170
f 2054 9193 4383
f 7869 4383 664
f 1163 5936 4384
f 6939 4384 5076
f 5075 8895 8009
f 5934 6940 8766
f 222 8076 4386
f 8014 5961 212
f 8025 5145 4387
f 3825 4387 5949
f 9374 7022 4388
f 2271 4388 5994
f 5995 2854 9328
f 3263 7000 9669
f 856 3765 4390
f 856 6859 788
f 20 21 4391
f 20 4391 7249
f 463 7910 4392
f 463 9133 749
f 1092 9278 4393
f 1092 4393 7901
f 124 6448 4394
f 124 9238 6847
f 5095 6304 4395
f 3806 4395 680
f 1177 433 4396
f 9325 4396 8003
f 3807 5130 4397
f 9356 4397 6274
f 85 3808 4398
f 85 4398 8075
f 2820 4999 4399
f 8089 9336 2269
f 200 201 4400
f 4982 4400 5971
f 9085 2092 4401
f 8122 7030 1671
f 6177 9210 4402
f 1964 4402 9161
f 8118 2012 4403
f 102 4403 9391
f 2753 9344 4404
f 2753 4404 7039
f 3265 3797 4405
f 7041 8189 5981
f 508 9176 4406
f 508 4406 5284
f 1522 9294 4407
f 9160 4407 3300
f 8123 9680 4408
f 2578 4408 5302
f 1515 104 4409
f 1515 8180 2593
f 6057 3294 4410
f 1296 5206 161
f 8170 735 4411
f 1269 9376 656
f 7083 5999 4412
f 1815 4412 9011
f 1504 5845 4413
f 1504 4413 9502
f 1523 9412 4414
f 1523 4414 3790
f 9548 4508 7096
f 1880 6098 122
f 9179 889 4416
f 2590 4416 6882
f 9676 2272 4417
f 8052 4417 8736
f 2867 5178 4418
f 5783 9301 4718
f 810 3792 4419
f 810 4419 8133
f 5197 8218 9760
f 6035 6281 7521
f 2310 5196 4421
f 2310 4421 7351
f 2234 9249 4422
f 2234 4422 7263
f 5948 7841 4423
f 6912 5131 1949
f 1524 5782 4424
f 1524 4424 6087
f 3827 9692 4425
f 3827 4425 9205
f 831 9014 4426
f 5172 4426 9516
f 1094 5106 4427
f 1094 4427 9546
f 1586 7213 4428
f 1586 4428 9685
f 1010 5141 4429
f 9531 6077 2025
f 3823 8263 4430
f 3823 4430 9291
f 1352 2717 6047
f 8434 5204 1029
f 8360 3626 5926
f 1009 7407 780
f 2872 7152 4433
f 2872 4433 3302
f 2428 751 4434
f 2428 4434 8911
f 5931 4725 4435
f 2087 4435 1633
f 403 5883 4436
f 9597 7063 5142
f 306 9711 4437
f 306 6033 5171
f 1388 6921 4438
f 1388 9463 7518
f 3353 5156 4439
f 3353 4439 9371
f 1275 3303 4440
f 6909 4440 2845
f 1024 9802 4441
f 1024 4441 7920
f 1891 149 4442
f 5151 7905 1000
f 6048 8306 4443
f 906 4443 9146
f 3318 2193 4444
f 3318 4444 762
f 3317 5167 4445
f 8171 4445 6961
f 144 2883 4446
f 5211 4446 9753
f 1660 1904 4447
f 6781 4447 9681
f 1554 3305 4448
f 1554 4448 3822
f 3319 9809 4449
f 3319 4449 9617
f 1143 692 4450
f 1143 4450 3832
f 1272 2881 4451
f 1272 4451 431
f 1826 5184 4452
f 1826 4452 9621
f 615 9834 4453
f 8370 5968 9044
f 5181 537 4454
f 2510 4454 9276
f 3309 365 4455
f 3309 4455 7017
f 3799 5538 4456
f 3799 4456 8345
f 3840 5441 4457
f 3840 4457 1543
f 9387 1817 7142
f 8185 6117 2806
f 2205 6433 4459
f 2205 4459 6034
f 1954 5277 4460
f 1954 4460 7989
f 3841 9398 4461
f 3841 4461 6109
f 2045 9335 4462
f 2045 4462 9812
f 445 583 8085
f 9746 5192 1245
f 7016 2263 4464
f 5198 9375 7913
f 157 6976 4465
f 7065 9255 5794
f 987 3811 4466
f 9383 4466 776
f 5208 521 4467
f 2285 4467 6987
f 8419 9177 7120
f 9858 6106 3696
f 251 9274 4469
f 5218 4469 1729
f 1676 8386 4470
f 1676 4470 2455
f 8421 2019 7144
f 9861 6118 4894
f 3313 1453 4472
f 3313 4472 6133
f 9589 619 4473
f 518 5235 462
f 8494 6065 7594
f 8494 7594 6540
f 8702 6408 7248
f 8702 7248 1113
f 9403 5708 4476
f 9403 4476 798
f 9069 2516 6683
f 9069 6683 2667
f 9758 5449 4478
f 9758 4478 7167
f 8157 6473 9611
f 8157 9611 6487
f 2148 4211 5259
f 2148 5259 2647
f 133 4305 9501
f 133 9501 3675
f 8618 2028 4482
f 8618 4482 335
f 6072 9390 4483
f 6072 4483 3063
f 6915 2834 4484
f 6915 4484 2603
f 7814 6102 4485
f 7814 4485 2263
f 1357 2149 7068
f 1357 7068 9843
f 5348 6605 4487
f 5348 4487 3212
f 846 6799 9282
f 846 9282 392
f 10 7067 8239
f 10 9481 2501
f 2075 1423 8741
f 2075 8741 3388
f 3164 4179 6349
f 3164 6349 8522
f 5389 2247 4492
f 5389 4492 9329
f 4011 1962 6534
f 4011 6534 5364
f 5671 7681 4494
f 5671 4494 6543
f 5775 6718 4495
f 5775 4495 8893
f 9312 2239 4496
f 9312 4496 5387
f 8189 5981 4497
f 8189 4497 2503
f 1297 9529 5434
f 1297 5434 8267
f 8226 5335 4499
f 8226 4499 6878
f 9702 2021 4500
f 9702 4500 5611
f 9828 1829 4501
f 9828 4501 5814
f 1589 5886 4502
f 1589 4502 7355
f 1107 9345 4503
f 1107 4503 1989
f 1117 6250 4504
f 1117 4504 2144
f 3380 6445 4505
f 7228 4505 6244
f 3424 2286 4506
f 3424 4506 5264
f 2577 8743 4507
f 2577 4507 5365
f 432 7251 4508
f 5253 4508 2850
f 4042 6078 4509
f 4042 4509 2859
f 4059 8487 4510
f 4059 4510 190
f 2772 3607 4511
f 2772 4511 6804
f 8143 5420 4512
f 7054 9780 1467
f 1693 6783 4513
f 1693 4513 8499
f 3833 8303 4514
f 3833 4514 6130
f 869 3392 4515
f 869 4515 9750
f 2586 9405 4516
f 2586 4516 8366
f 3965 9362 4517
f 3965 4517 29
f 4150 5605 4518
f 4150 4518 7004
f 3704 8288 4519
f 3704 4519 4318
f 2275 2680 4520
f 2275 4520 9288
f 855 6989 4521
f 5275 9655 6462
f 922 264 4522
f 922 4522 3202
f 3390 8673 4523
f 3390 4523 8631
f 1744 7628 4524
f 1744 4524 8680
f 930 6309 4525
f 930 4525 8178
f 9307 2531 4526
f 2468 4526 7260
f 4223 5411 4527
f 6284 4527 766
f 1463 2094 4528
f 1463 4528 5710
f 4213 5598 4529
f 4213 4529 8457
f 3950 8078 4530
f 3950 4530 1496
f 9482 2315 4531
f 901 4531 2125
f 3335 6529 4532
f 3335 4532 3887
f 1685 3015 4533
f 1685 4533 8645
f 1850 7242 4534
f 1850 4534 9514
f 3031 1946 4535
f 3031 8831 6368
f 3163 5693 4536
f 3163 4536 8868
f 362 363 4537
f 362 7680 5690
f 3426 167 4538
f 3426 4538 8943
f 198 199 4539
f 198 4539 4276
f 219 7807 4540
f 219 4540 4330
f 1225 3847 4541
f 1225 4541 8606
f 1856 8060 4542
f 1856 4542 7007
f 319 3815 4543
f 319 4543 7626
f 863 6838 4544
f 863 4544 7743
f 1106 5305 4545
f 1106 4545 640
f 2076 9039 4546
f 2076 4546 7403
f 1343 7353 4547
f 1343 4547 7864
f 4136 7696 4548
f 4136 4548 2638
f 2404 3621 4549
f 2404 4549 9081
f 2147 5908 4550
f 2147 4550 7772
f 2594 1956 4551
f 2594 4551 9267
f 3118 8186 4552
f 3118 4552 6134
f 867 2135 4553
f 867 4553 2770
f 1655 3097 4554
f 1655 9631 2034
f 3277 9332 4555
f 3277 4555 1219
f 2546 3947 4556
f 6449 5247 1742
f 3251 7287 4557
f 5282 4557 9199
f 240 3358 4558
f 240 4558 9156
f 1368 2314 4559
f 1368 4559 5613
f 2679 6417 4560
f 2679 4560 7421
f 2946 6713 4561
f 2946 4561 991
f 3310 1702 4562
f 3310 4562 854
f 2360 1570 4563
f 2360 4563 2823
f 4359 1244 4564
f 4359 4564 5821
f 2502 4278 4565
f 2502 4565 5379
f 422 1862 4566
f 422 4566 2963
f 9090 8146 4567
f 1752 4567 2568
f 6666 8983 4568
f 1996 4568 2537
f 1086 5619 4569
f 1086 4569 7505
f 3048 6503 4570
f 3048 4570 7645
f 1772 6379 4571
f 1772 4571 6596
f 1174 1032 4572
f 1174 4572 7596
f 2763 1169 4573
f 2763 4573 4191
f 1961 3504 4574
f 1961 4574 8567
f 3340 6598 4575
f 3340 4575 8784
f 3156 1563 4576
f 3156 4576 6539
f 7 7369 4577
f 7 4577 9512
f 932 3471 4578
f 932 4578 1916
f 8883 1393 4579
f 1370 4579 8521
f 4284 8553 4580
f 4284 4580 113
f 1001 3483 4581
f 6471 8023 9066
f 9544 308 4582
f 1740 4582 5459
f 2083 94 4583
f 2083 4583 5962
f 4165 879 4584
f 4165 4584 6366
f 7376 703 4585
f 6362 5489 7222
f 1055 4160 4586
f 1055 5513 2563
f 6555 2942 4587
f 849 4587 3672
f 4114 648 4588
f 6729 4588 121
f 5547 7338 4589
f 1228 8390 9286
f 2651 3884 4590
f 5586 4590 4206
f 2868 1520 4591
f 2868 4591 3292
f 449 3062 4592
f 6187 7693 1381
f 9715 2469 4593
f 8328 6439 2292
f 2159 2463 4594
f 2159 4594 3905
f 917 1942 4595
f 6828 9782 2063
f 1807 5647 4596
f 1807 4596 7332
f 2690 3415 4597
f 6426 7485 8688
f 2121 44 4598
f 2121 4598 2674
f 7435 8755 4599
f 350 4599 3020
f 8727 2925 4600
f 259 4600 4251
f 7254 8999 4601
f 2541 4601 9067
f 1282 2151 4602
f 1282 4602 726
f 1438 9698 4603
f 9726 6305 1547
f 61 2991 4604
f 7475 4604 1650
f 2282 2600 4605
f 2282 4605 5569
f 3050 344 4606
f 3050 4606 192
f 8684 3357 4607
f 890 4607 7240
f 1521 8190 4608
f 5734 4608 4092
f 897 3724 4609
f 897 4609 2678
f 1179 3354 4610
f 1179 4610 9784
f 960 280 4611
f 960 4611 5529
f 1116 1907 4612
f 1116 4612 7532
f 1270 7598 4613
f 1270 4613 8848
f 3033 1277 4614
f 3033 4614 8953
f 1626 4006 4615
f 1626 8801 3654
f 4172 5479 4616
f 4172 4616 8828
f 1082 2422 4617
f 1082 8955 6374
f 1546 8886 4618
f 1546 4618 7539
f 2211 3474 4619
f 2211 7097 8610
f 2382 106 4620
f 2382 4620 4033
f 4130 1129 4621
f 4130 4621 9072
f 884 2949 4622
f 884 4622 5747
f 7664 8608 4623
f 2739 4623 5546
f 3629 1519 4624
f 3629 4624 9108
f 6526 9541 4625
f 1303 4625 3372
f 93 3211 4626
f 6330 8670 3425
f 2669 8626 4627
f 2669 4627 8753
f 3081 2218 4628
f 3081 4628 3686
f 2298 5722 4629
f 2298 8488 1757
f 6283 4046 4630
f 265 8914 3985
f 1058 2648 4631
f 1058 4631 7463
f 3876 9127 4632
f 7297 4632 6860
f 2911 8215 4633
f 2911 4633 8098
f 7434 1375 4634
f 864 9295 3875
f 1211 3409 4635
f 1211 4635 3942
f 399 8437 4636
f 399 4636 3567
f 1828 6442 4637
f 1828 4637 6834
f 3147 1539 4638
f 3147 4638 2692
f 7741 2777 4639
f 386 4639 433
f 3047 1464 4640
f 3047 4640 6906
f 3368 8424 4641
f 3368 4641 8662
f 3943 841 4642
f 3943 4642 3433
f 4108 9027 4643
f 4108 4643 5246
f 404 7094 4644
f 404 4644 7698
f 2833 972 4645
f 2833 4645 9361
f 1406 8988 4646
f 1406 4646 6671
f 4056 8609 4647
f 4056 4647 8399
f 1919 1426 4648
f 1919 4648 3416
f 2137 7340 4649
f 2137 4649 8937
f 4310 3555 4650
f 4310 4650 7056
f 1950 6836 4651
f 1950 4651 7497
f 7607 1736 4652
f 176 8725 3957
f 6547 3326 4653
f 1913 7599 951
f 7548 1792 4654
f 4178 5673 283
f 9125 7761 4655
f 97 5674 544
f 6569 4012 4656
f 3027 8723 3455
f 7575 2563 4657
f 75 4657 5471
f 3472 6477 4658
f 3472 4658 5762
f 1226 985 4659
f 6459 4659 9404
f 3613 6299 4660
f 5432 4660 1331
f 300 4067 4661
f 300 4661 6544
f 6372 5320 4662
f 1389 4662 453
f 1600 7595 4663
f 1600 4663 3505
f 945 6577 4664
f 945 4664 5683
f 1623 3960 4665
f 1623 5499 6573
f 2462 3099 4666
f 2462 4666 6282
f 1787 3938 4667
f 1787 4667 6238
f 7448 440 4668
f 3918 4668 764
f 165 9285 4669
f 165 4669 8436
f 1745 2359 4670
f 1745 4670 3545
f 8747 1594 4671
f 903 4671 3227
f 3110 8468 4672
f 3110 4672 4018
f 4355 1999 4673
f 7984 9721 542
f 1308 5708 4674
f 7911 9550 6317
f 3482 7985 4675
f 3482 4675 6691
f 3964 8995 4676
f 3964 4676 8624
f 1746 3512 4677
f 1746 4677 8625
f 1495 4296 4678
f 1495 4678 8535
f 5601 8699 4679
f 4096 4679 3190
f 895 2096 4680
f 6686 4680 2567
f 2385 239 4681
f 8585 5414 1244
f 173 175 4682
f 173 6425 7643
f 2175 1513 4683
f 2175 4683 1733
f 2158 564 4684
f 2158 4684 3077
f 2111 1618 4685
f 2111 4685 8263
f 1196 3683 4686
f 1196 9708 2858
f 1078 3746 4687
f 1078 4687 8772
f 3966 296 4688
f 6488 4688 646
f 8321 2898 4689
f 3399 4689 2340
f 418 2813 4690
f 8482 4690 7710
f 1172 4292 4691
f 1172 4691 563
f 7414 9188 4692
f 1188 4692 6786
f 118 1869 4693
f 118 4693 3148
f 1217 3863 4694
f 1217 4694 9659
f 1042 3595 4695
f 1042 4695 2722
f 5581 9077 4696
f 2295 4696 7426
f 1932 2183 4697
f 1932 4697 3128
f 1995 7650 4698
f 8989 4698 784
f 1041 4128 4699
f 6012 7179 9803
f 2664 1998 4700
f 2664 4700 814
f 1300 2547 4701
f 1300 4701 244
f 3845 7725 4702
f 3845 4702 8616
f 242 3203 4703
f 5719 4703 9082
f 1855 9422 4704
f 1855 4704 2809
f 3089 3900 4705
f 3089 4705 8028
f 3410 6174 4706
f 3410 4706 6843
f 1402 4034 4707
f 8594 7349 661
f 490 5770 4708
f 490 4708 6795
f 1857 7504 4709
f 1857 8776 2327
f 1354 3861 4710
f 1354 4710 3624
f 254 8667 4711
f 254 6614 1700
f 1468 6660 4712
f 1468 4712 436
f 2114 5245 4713
f 2114 4713 9707
f 5715 2231 4714
f 1490 6246 4120
f 3968 604 4715
f 3968 4715 8113
f 7494 5549 4716
f 1003 8611 4026
f 9602 314 4717
f 2644 4717 6255
f 1063 3772 4718
f 1063 4718 2196
f 4235 7353 4719
f 4235 9074 6523
f 2495 1420 4720
f 2495 4720 7151
f 3121 53 4721
f 3121 4721 724
f 2192 1170 4722
f 2192 4722 595
f 3134 5443 4723
f 3134 4723 3879
f 7508 625 4724
f 3180 4724 1924
f 2993 9459 4725
f 5761 4725 6673
f 1972 3337 4726
f 1972 4726 3098
f 82 500 4727
f 82 4727 6637
f 1966 8615 4728
f 1966 4728 203
f 9352 2016 4729
f 939 4729 6620
f 8664 1818 4730
f 293 4730 6316
f 1462 3542 4731
f 1462 4731 8570
f 3186 4088 4732
f 3186 4732 2128
f 8644 3970 4733
f 1455 4733 7405
f 3417 9570 4734
f 3417 4734 7315
f 1528 6957 4735
f 1528 4735 8038
f 2344 81 4736
f 2344 7361 6625
f 3633 220 4737
f 3633 4737 6332
f 36 8559 7336
f 5291 9360 7666
f 898 4093 4739
f 898 4739 274
f 2369 1615 4740
f 2369 8102 2811
f 460 2368 4741
f 460 9271 6971
f 2897 6198 4742
f 2897 4742 181
f 806 9413 4743
f 8657 4743 5522
f 1640 3188 4744
f 6675 4744 1997
f 1182 379 4745
f 1182 4745 5290
f 1571 6342 4746
f 1571 4746 6595
f 2733 2418 4747
f 2733 4747 1283
f 1982 7566 4748
f 1982 4748 3439
f 8793 271 4749
f 3566 4749 363
f 828 7274 4750
f 828 4750 7890
f 3967 2332 4751
f 7673 4751 1053
f 2245 8709 4752
f 2245 4752 6387
f 1983 2735 4753
f 1983 4753 4303
f 1484 5511 4754
f 1484 8812 3870
f 340 3046 4755
f 340 4755 4159
f 3104 8800 4756
f 3104 4756 1937
f 1052 4164 4757
f 8826 4757 2643
f 3103 6359 4758
f 3103 4758 719
f 2174 5877 4759
f 2174 4759 6360
f 3451 838 4760
f 3451 4760 8822
f 4171 875 4761
f 4171 4761 7568
f 681 6538 4762
f 681 4762 6348
f 1427 6357 4763
f 1427 4763 4002
f 4180 1936 4764
f 4180 8818 6353
f 3160 8804 4765
f 3160 4765 287
f 96 2713 4766
f 96 4766 4008
f 2328 7375 4767
f 8952 4767 790
f 2243 6586 4768
f 2243 4768 8787
f 3563 2250 4769
f 3563 4769 8847
f 1711 908 4770
f 1711 4770 5684
f 911 1939 4771
f 911 4771 2178
f 2349 5681 4772
f 2349 4772 8791
f 2707 4164 4773
f 2707 8815 1397
f 1411 8821 4774
f 1411 4774 2930
f 1985 2703 4775
f 1985 4775 8867
f 8823 7576 4776
f 1363 4776 393
f 3559 6581 4777
f 3559 4777 5359
f 1267 3468 4778
f 1267 4778 2421
f 3179 1322 4779
f 3179 4779 6592
f 1545 7685 4780
f 1545 4780 7383
f 2351 7272 4781
f 2351 4781 1135
f 1607 5500 4782
f 1607 4782 8493
f 3443 2434 4783
f 3443 8951 5363
f 3450 250 4784
f 3450 4784 5685
f 2705 3670 4785
f 2705 4785 7677
f 5322 301 4786
f 1774 4786 3961
f 2212 707 4787
f 7722 4787 8495
f 409 8047 4788
f 8863 4788 6571
f 1934 8882 4789
f 1934 4789 1431
f 821 8721 4790
f 821 4790 3393
f 8829 6580 4791
f 1424 4791 3466
f 3560 3869 4792
f 8875 4792 5688
f 1158 6582 4793
f 1158 4793 2179
f 844 5505 4794
f 844 8873 2423
f 51 4195 4795
f 51 8827 3032
f 43 3028 4796
f 43 4796 5498
f 1572 4189 4797
f 1572 4797 2108
f 2117 2716 4798
f 2117 4798 3660
f 464 9357 4799
f 7684 4799 1785
f 1672 2109 4800
f 1672 4800 9449
f 9671 8299 4801
f 4001 4801 5467
f 426 3441 4802
f 7872 6658 2985
f 2062 5703 4803
f 2062 4803 7368
f 876 316 4804
f 876 6657 2706
f 2798 1602 4805
f 2798 4805 385
f 2022 3056 4806
f 2022 4806 8106
f 3151 1476 4807
f 3151 4807 9733
f 644 3486 4808
f 644 4808 9599
f 2691 6023 4809
f 8543 4809 7217
f 2730 637 4810
f 2730 4810 5718
f 206 3997 4811
f 206 4811 6894
f 2837 8905 4812
f 2837 4812 5526
f 3245 6424 4813
f 5577 4813 6224
f 3609 3922 4814
f 3609 4814 30
f 2441 1020 4815
f 2441 4815 4074
f 69 6486 4816
f 69 4816 70
f 263 2632 4817
f 263 4817 2311
f 3332 4280 4818
f 3332 4818 7506
f 2059 50 4819
f 8620 4819 5768
f 944 1123 4820
f 5741 4820 9035
f 4205 2552 4821
f 5655 4821 9534
f 3130 6325 4822
f 3130 4822 8603
f 2439 5396 4823
f 2439 4823 777
f 1803 738 4824
f 1803 4824 8217
f 8986 2490 4825
f 1160 7308 6687
f 977 9833 4826
f 6293 4826 2221
f 2892 3749 4827
f 8617 5575 6662
f 4101 2365 4828
f 5271 6413 3055
f 1889 8012 4829
f 9333 5932 4389
f 3411 2792 4830
f 3411 4830 1035
f 2154 5285 4831
f 7265 4831 778
f 6422 9008 4832
f 1207 4832 2318
f 865 1922 4833
f 865 4833 7734
f 2533 3557 4834
f 2533 4834 5595
f 3623 174 4835
f 8467 4835 1801
f 2670 6446 4836
f 2670 4836 7429
f 3150 1365 4837
f 3150 4837 91
f 3868 8738 4838
f 3868 4838 8638
f 2795 4054 4839
f 2795 7468 3640
f 2309 9258 4840
f 2309 4840 257
f 1237 7530 4841
f 1237 6465 7477
f 7478 5659 4842
f 803 8629 1905
f 1083 2741 4843
f 7641 4843 1372
f 2339 1108 4844
f 2339 4844 6163
f 2444 1150 4845
f 2444 4845 6481
f 284 3631 4846
f 284 4846 230
f 2719 8632 4847
f 2719 4847 5444
f 3741 324 4848
f 8045 4848 1144
f 4133 7726 4849
f 8646 4849 1369
f 9800 6266 4850
f 3108 4850 5433
f 5641 2346 4851
f 2767 4851 1011
f 3553 8635 4852
f 3553 4852 7269
f 2677 1299 4853
f 2677 4853 3846
f 5596 1313 4854
f 269 4854 2729
f 5571 7452 4855
f 2388 8613 3522
f 1075 6323 4856
f 1075 4856 7788
f 1593 3705 7428
f 9019 6306 4017
f 2748 6184 4858
f 2748 4858 7288
f 1731 6932 4859
f 1731 4859 6992
f 2660 1061 4860
f 2660 4860 4203
f 84 5567 4861
f 84 8958 752
f 1473 4041 4862
f 6636 7853 5303
f 4023 1391 4863
f 4023 4863 905
f 3990 6438 4864
f 3990 4864 6436
f 3496 6 4865
f 3496 4865 5649
f 2443 1263 4866
f 2443 4866 3992
f 2779 1596 4867
f 2779 4867 6811
f 3920 469 4868
f 3920 8941 7669
f 5594 4253 4869
f 1601 4869 8661
f 1710 2143 4870
f 1710 4870 3018
f 1739 7346 4871
f 1739 4871 9701
f 7072 3935 4872
f 1286 4872 5626
f 1309 5956 4873
f 1309 4873 5993
f 3602 5533 4874
f 3602 4874 6497
f 2608 606 4875
f 2608 4875 5448
f 1823 9217 4876
f 1823 4876 380
f 1661 2781 4877
f 1661 4877 4137
f 1720 512 4878
f 1720 4878 2201
f 3684 2228 4879
f 3684 4879 5592
f 1641 6496 4880
f 1641 4880 3690
f 4117 8652 4881
f 4117 5629 8483
f 3616 9169 4882
f 3616 4882 641
f 3187 1201 4883
f 3187 4883 2751
f 3072 7794 4884
f 5248 4884 758
f 3698 2823 4885
f 3698 4885 4271
f 6500 8730 4886
f 1034 4886 7458
f 952 3612 4887
f 952 6499 3129
f 217 2397 4888
f 217 4888 6865
f 4138 6615 4889
f 4138 4889 819
f 3620 8908 4890
f 3620 4890 7320
f 2116 3728 4891
f 2116 4891 2935
f 1557 4242 4892
f 1557 4892 9840
f 1380 6765 4893
f 1380 4893 6261
f 1418 6339 4894
f 1418 4894 6118
f 827 2789 4895
f 827 4895 2457
f 2003 3082 9024
f 5326 7462 3418
f 1802 4340 4897
f 1802 4897 4248
f 17 5716 4898
f 17 8923 7291
f 8966 2252 4899
f 2838 6692 1603
f 3250 209 4900
f 3250 4900 2139
f 1992 4257 4901
f 1992 8602 7225
f 5746 2652 4902
f 2248 4902 659
f 9424 2940 4903
f 1084 4903 689
f 9722 5863 4904
f 2512 6689 1930
f 289 290 4905
f 289 4905 7750
f 1812 4132 4906
f 1812 4906 6784
f 1941 2371 4907
f 1941 4907 565
f 2055 4118 4908
f 2055 4908 1747
f 7740 6276 4909
f 2426 4909 3338
f 9606 1443 4910
f 2208 4910 3971
f 1639 735 4911
f 6393 4911 286
f 1498 6764 4912
f 5436 4912 9054
f 4285 1499 4913
f 4285 4913 6149
f 7640 4097 4914
f 2944 8764 3621
f 2185 8456 4915
f 7510 4915 505
f 8587 2810 4916
f 67 4916 5855
f 74 3194 4917
f 74 4917 4275
f 2639 7443 4918
f 2639 4918 3627
f 1223 3541 4919
f 9005 4919 4216
f 840 4145 4920
f 840 8557 2815
f 475 5732 4921
f 475 4921 8103
f 2160 2633 4922
f 2160 4922 3224
f 227 228 4923
f 227 4923 3982
f 1085 9545 4924
f 1085 4924 2503
f 4225 989 4925
f 4225 4925 1875
f 2024 683 4926
f 8144 9476 5919
f 8960 3592 4927
f 169 4927 4317
f 1204 9248 4928
f 1204 4928 8455
f 4346 502 4929
f 4346 4929 6309
f 3083 5718 4930
f 3083 4930 7499
f 2051 3369 4931
f 7275 4931 1778
f 9601 7861 4932
f 2524 4932 7519
f 1284 8681 4933
f 5901 8315 2896
f 24 3525 4934
f 24 4934 2654
f 1128 4121 4935
f 1128 4935 3549
f 2570 6874 4936
f 2570 4936 8577
f 3123 6669 4937
f 3123 4937 9202
f 1318 4260 4938
f 1318 4938 3140
f 3070 9148 4939
f 3070 4939 7311
f 1860 3478 4940
f 1860 4940 3886
f 2491 1553 4941
f 2491 4941 2970
f 6136 7601 4942
f 812 4942 7592
f 2804 405 4943
f 2804 4943 7678
f 3239 1324 4944
f 3239 4944 7688
f 1193 2487 4945
f 1193 4945 3043
f 2417 8807 4946
f 2417 4946 7600
f 3569 311 4947
f 3569 4947 8834
f 2642 3026 4948
f 2642 4948 5676
f 1624 2805 4949
f 8869 4949 130
f 1478 8860 4950
f 1478 4950 2414
f 5738 4182 4951
f 9801 6889 2587
f 1112 3154 4952
f 1112 4952 1713
f 3042 8722 4953
f 6651 4953 2173
f 1153 8717 4954
f 1153 6654 9571
f 2634 3360 4955
f 2634 4955 8888
f 12 3665 4956
f 12 4956 5476
f 5883 429 4957
f 402 4957 612
f 3196 873 4958
f 3196 4958 1323
f 2688 6837 4959
f 2688 4959 4241
f 995 4282 4960
f 995 4960 3166
f 1298 621 4961
f 1298 4961 3901
f 7760 4015 4962
f 986 6635 600
f 7701 2247 4963
f 2014 6268 5850
f 6960 296 4964
f 65 4964 9565
f 4308 3256 4965
f 4308 4965 478
f 1542 3630 4966
f 1542 6919 9768
f 2818 158 4967
f 2818 4967 3228
f 2640 3061 4968
f 2640 4968 670
f 871 2582 4969
f 871 4969 3983
f 2088 1076 4970
f 2088 8932 221
f 6164 3736 4971
f 483 4971 5833
f 580 4028 4972
f 580 4972 6788
f 9696 8325 4973
f 2356 6234 5845
f 2556 7365 4974
f 2556 4974 8556
f 1260 9815 4975
f 1260 4975 6472
f 2520 8502 4976
f 2520 4976 6032
f 126 7915 4977
f 126 4977 9461
f 2649 3531 4978
f 2649 9260 642
f 1551 5727 4979
f 1551 4979 6722
f 858 470 4980
f 858 4980 4012
f 1304 5856 4981
f 1304 8728 717
f 200 4400 4982
f 200 4982 2341
f 2015 4140 4983
f 2015 4983 3593
f 1448 9836 4984
f 1448 4984 2300
f 2971 5832 4985
f 2971 4985 6460
f 2485 1771 4986
f 2485 9630 2529
f 2278 2168 4987
f 2278 4987 7802
f 1015 3610 4988
f 8249 6768 447
f 7312 3514 4989
f 1749 4989 6680
f 3793 8031 4990
f 3793 4990 499
f 2146 4217 4991
f 7305 9650 756
f 1633 7103 4992
f 1633 4992 8980
f 1444 7095 4993
f 1444 4993 4309
f 1760 3600 4994
f 8939 4994 1243
f 189 3622 4995
f 189 4995 6917
f 1019 3090 4996
f 1019 4996 6732
f 4252 6970 4997
f 4252 8959 441
f 1630 7731 4998
f 1630 4998 8964
f 962 6165 4999
f 7727 5812 9741
f 1636 5565 5000
f 9231 5000 1069
f 1126 5793 5001
f 9714 5001 218
f 1409 769 5002
f 9119 7866 3260
f 208 207 5003
f 208 5003 6479
f 3752 2554 5004
f 3752 5004 9128
f 2538 1288 5005
f 8523 5005 7515
f 3276 7466 5006
f 5764 6727 1945
f 6738 7907 5007
f 1952 5007 9004
f 3091 6724 5008
f 3091 5008 5881
f 455 5796 5009
f 455 5009 3498
f 205 1902 5010
f 205 6747 7358
f 2325 9793 5011
f 2325 5011 5587
f 127 8623 5012
f 127 5815 9059
f 3279 6257 5013
f 5800 7925 6882
f 896 8930 5014
f 6778 7801 718
f 497 759 5015
f 7520 5015 6443
f 853 3197 5016
f 853 5016 3608
f 5785 4334 5017
f 1835 7460 6241
f 4339 9458 5018
f 4339 5018 767
f 4343 8247 5019
f 4343 5019 9018
f 866 329 5020
f 7744 8990 568
f 272 273 5021
f 5790 7786 3127
f 8252 6954 5022
f 1836 5022 553
f 6755 3588 5023
f 5816 5023 9009
f 5817 1341 5024
f 4338 5024 1870
f 262 727 5025
f 262 9030 548
f 1167 4362 5026
f 1167 5026 7821
f 6677 527 5027
f 2451 7858 9122
f 1289 3972 5028
f 1289 6734 3528
f 1756 9384 5029
f 1756 5029 6810
f 1027 2081 5030
f 7817 5654 4239
f 11 2940 5031
f 11 5031 4350
f 9813 6015 5032
f 947 5032 7342
f 9016 7738 5033
f 887 6772 4348
f 3258 1266 5034
f 7824 5034 9083
f 9056 6782 5035
f 4354 5035 1152
f 8981 1646 5036
f 1124 5036 713
f 6763 7438 5037
f 7809 9013 3937
f 9085 3599 5038
f 8122 6723 9640
f 484 6206 5039
f 484 5039 9776
f 2198 2507 5040
f 7796 6813 1458
f 7950 4375 5041
f 1147 5843 2073
f 3708 7795 5042
f 3708 5042 5826
f 1695 5583 5043
f 1695 5043 4112
f 1730 138 5044
f 5369 9380 7753
f 5997 7766 5045
f 3515 9047 1893
f 3771 6682 5046
f 3771 5046 7927
f 188 9043 5047
f 188 5047 187
f 966 376 5048
f 966 9113 3247
f 236 984 5049
f 9643 5049 6872
f 1951 3782 5050
f 1951 5050 7314
f 2874 3785 5051
f 2874 5051 7445
f 1654 5844 5052
f 1654 5052 2857
f 4357 1885 5053
f 4357 9075 2902
f 3244 6955 5054
f 9104 5054 2829
f 7888 9257 5055
f 1648 5055 4050
f 9239 6944 5056
f 2878 5056 85
f 1652 8088 5057
f 1652 5057 8065
f 1944 2891 5058
f 1944 5058 3775
f 5610 8505 5059
f 1663 5059 3291
f 591 693 5060
f 7962 6071 2004
f 9116 2259 5061
f 7868 5852 2645
f 1087 1577 5062
f 1087 5062 8368
f 1241 2086 5063
f 1241 5063 8477
f 4457 5441 5064
f 4457 5064 7916
f 7799 4335 5065
f 5905 6867 9141
f 6806 9076 5066
f 4374 5066 710
f 878 3377 5067
f 9176 5978 4406
f 9184 7847 5068
f 1584 5068 8056
f 1440 215 5069
f 1440 5069 7835
f 2316 358 5070
f 2316 5070 5857
f 7812 2932 5071
f 949 5936 9573
f 4146 2405 5072
f 4146 5072 9848
f 3299 4380 5073
f 3299 5073 9215
f 4379 79 5074
f 4379 5074 6844
f 3301 8009 5075
f 9340 5075 7822
f 1425 6939 5076
f 1425 5076 2142
f 857 8033 5077
f 9270 8015 4378
f 3189 7116 5078
f 3189 5078 6964
f 4124 578 5079
f 4124 9626 3511
f 4365 2569 5080
f 4365 6228 8134
f 3750 4364 5081
f 3750 5081 9583
f 1442 8428 5082
f 1442 5082 530
f 3088 990 5083
f 3088 5083 8268
f 1653 7285 5084
f 1653 9170 4382
f 2877 4116 5085
f 5872 8757 608
f 2933 8438 8017
f 2933 6009 9658
f 2395 9854 5087
f 2395 5087 9849
f 9168 193 7895
f 1121 5891 3764
f 463 749 5089
f 6787 9452 3518
f 9278 8008 5090
f 2545 5090 7884
f 3805 1949 5091
f 3805 5091 9518
f 2011 6173 5092
f 2011 5092 6850
f 124 3802 5093
f 124 5093 6847
f 3307 1534 5094
f 3307 5094 9244
f 3806 4395 5095
f 3806 5920 2494
f 1014 183 5096
f 1014 5096 7253
f 1793 6551 5097
f 1793 5097 5955
f 4390 9129 5098
f 4390 5098 7899
f 2018 8660 5099
f 2018 5099 6928
f 150 3379 5100
f 150 5100 7154
f 8405 6407 5101
f 3786 5101 180
f 5903 1758 5102
f 2269 5102 9370
f 2581 5895 5103
f 2581 5103 8172
f 1088 507 5104
f 1088 5104 3678
f 3896 603 5105
f 6313 5105 8583
f 5778 4427 5106
f 7929 9562 566
f 3285 7768 5107
f 5284 9166 4406
f 4261 148 5108
f 4261 5108 7118
f 4411 735 5109
f 9376 8147 740
f 1511 597 5110
f 9406 6879 5909
f 1145 6091 5111
f 1145 5111 7142
f 7089 2504 5112
f 1524 5112 6087
f 1437 9485 5113
f 1437 5113 8993
f 3318 762 5114
f 6092 5114 9425
f 4413 1877 5115
f 4413 5115 9502
f 4414 6857 5116
f 4414 5116 6297
f 438 439 5117
f 438 5117 9131
f 2020 9189 5118
f 2020 5118 5923
f 2182 9429 5119
f 9203 6877 4291
f 3314 35 5120
f 3314 5120 9549
f 2576 7903 5121
f 2576 5121 7048
f 2624 1679 5122
f 5917 5122 1859
f 810 6873 5123
f 810 5123 8133
f 1833 7980 5124
f 1833 5124 2766
f 4381 3837 5125
f 4381 6885 9779
f 147 146 5126
f 147 5126 3293
f 4313 2589 5127
f 4313 5127 2287
f 877 9678 5128
f 877 8093 5367
f 2997 1806 7940
f 9162 5921 6695
f 2893 8155 5130
f 2893 5130 723
f 4423 6912 5131
f 4423 5131 9151
f 9520 2204 5132
f 1536 5132 9674
f 1960 8100 5133
f 6792 6006 9466
f 2588 6934 5134
f 2588 5134 6148
f 6814 635 5135
f 2484 5135 6051
f 5851 2583 5136
f 2508 5136 8270
f 4432 1009 5137
f 4432 5137 2559
f 8279 6898 5138
f 9546 7074 800
f 3808 1310 5139
f 3808 5139 1509
f 468 6757 5140
f 9752 5140 1967
f 2786 3257 5141
f 2786 5141 1010
f 1134 9597 5142
f 1134 5994 8141
f 4438 8063 5143
f 4438 5143 2206
f 2884 1163 5144
f 2884 5144 3823
f 1456 8524 5145
f 1456 5145 5728
f 2852 3265 5146
f 2852 5146 572
f 888 3554 5147
f 9109 5147 8352
f 8391 8683 5148
f 3290 5148 8109
f 471 3246 5149
f 471 5149 768
f 1049 6824 5150
f 9798 7974 7153
f 1891 4442 5151
f 1891 5151 8048
f 4443 9596 5152
f 4443 5152 9146
f 2986 92 5153
f 2986 5153 7109
f 1805 3812 5154
f 1805 5953 9237
f 2290 6519 5155
f 2290 5155 560
f 1327 7917 5156
f 1327 5156 4439
f 2753 7039 5157
f 2753 5157 9323
f 2957 9223 5158
f 2957 5158 8117
f 4448 3822 5159
f 5964 7410 384
f 2681 9254 5160
f 2681 5160 5760
f 7131 2013 9859
f 3830 8420 9173
f 1819 7988 5162
f 1819 5162 8027
f 1412 9253 5163
f 8461 5163 8097
f 1272 431 5164
f 5972 6335 8743
f 3320 7967 5165
f 3320 5165 4352
f 3308 1820 5166
f 3308 5166 2597
f 156 9755 5167
f 156 5167 3317
f 2156 7995 5168
f 2156 5168 4283
f 7147 606 9862
f 2233 8422 9206
f 615 5998 5170
f 8370 9863 487
f 1451 2509 5171
f 1451 9247 395
f 831 9483 5172
f 831 5172 4426
f 5988 1138 5173
f 2514 5173 626
f 4455 9300 5174
f 9396 5992 2074
f 3799 8345 5175
f 3799 9743 279
f 3263 1247 5176
f 3263 5176 4389
f 446 7003 5177
f 446 5177 3801
f 1171 2867 5178
f 6225 5178 1657
f 72 73 5179
f 9654 5179 550
f 3243 4326 5180
f 3243 5180 9613
f 2510 4454 5181
f 2510 5181 9632
f 353 354 5182
f 9181 5182 655
f 889 3327 5183
f 889 5183 4416
f 954 2853 5184
f 954 5184 9142
f 1696 7005 5185
f 1696 5185 9393
f 3333 9839 5186
f 3333 5186 4434
f 2045 9335 5187
f 2045 5187 8448
f 3832 7213 5188
f 3832 5188 459
f 2446 8578 5189
f 8367 6021 3681
f 3740 8231 5190
f 3740 5190 6040
f 8180 73 9526
f 6080 7135 3093
f 4463 9746 5192
f 4463 5192 3582
f 1353 448 7008
f 1353 6030 8401
f 2274 3789 5194
f 2274 5194 9356
f 243 1896 5195
f 7255 5195 715
f 3813 4421 5196
f 6034 8647 4459
f 948 4420 5197
f 948 5197 1531
f 211 1865 5198
f 211 5198 9375
f 809 7776 5199
f 9763 6085 416
f 3811 987 5200
f 3811 5200 604
f 2765 3457 5201
f 2765 6043 444
f 3821 7083 5202
f 3821 5202 1177
f 1062 355 5203
f 5445 7028 8913
f 4431 8434 5204
f 4431 5204 9576
f 1909 2366 5205
f 1909 8450 3721
f 4410 1296 5206
f 4410 8281 698
f 1853 2064 5207
f 1853 5207 9664
f 2285 4467 5208
f 2285 7084 9683
f 4447 9681 5209
f 4447 6105 1904
f 8416 5308 5210
f 2010 6236 3530
f 144 4446 5211
f 7843 6104 338
f 1274 371 5212
f 1274 6058 8921
f 7196 9771 5213
f 1767 5213 9386
f 1691 941 7001
f 9786 6014 4424
f 420 9516 5215
f 420 5215 6975
f 9827 4383 7128
f 8409 6111 8452
f 6109 3321 9661
f 7124 8335 2824
f 251 4469 5218
f 6070 9368 2327
f 3249 7070 5219
f 3249 5219 8138
f 157 4465 5220
f 157 5220 6112
f 6089 4240 5221
f 2787 6845 4025
f 9858 3696 7148
f 8419 6119 7022
f 2515 401 5223
f 2515 5223 410
f 3313 3844 5224
f 3313 5224 6133
f 2498 8306 5225
f 2498 5225 6106
f 9842 4460 5226
f 6331 6100 688
f 1140 2303 5227
f 1140 5227 8216
f 9387 6852 5228
f 8185 7040 3238
f 2019 8264 5229
f 2019 5229 7210
f 1489 6269 5230
f 1489 5230 3888
f 2195 9567 5231
f 2195 5231 7112
f 4107 9787 5232
f 6397 5232 2726
f 2260 7262 5233
f 7122 5233 3036
f 4286 3423 5234
f 4286 5234 6156
f 4473 518 5235
f 4473 5235 9778
f 2343 8297 5236
f 2343 6115 3267
f 1360 6277 5237
f 1360 5237 6145
f 1544 9753 5238
f 1544 5238 322
f 2060 9860 5239
f 2060 5239 9841
f 2605 1761 5240
f 2605 8389 3264
f 7558 8711 5241
f 7558 5241 3659
f 6678 8753 5242
f 6678 5242 9337
f 2992 8168 8982
f 2992 8982 4212
f 6286 1955 5244
f 6286 5244 8746
f 2396 7822 9251
f 2396 9251 2822
f 1108 2102 7284
f 1108 7284 356
f 7366 1091 5247
f 7366 5247 2546
f 3072 4884 9006
f 3072 9006 2231
f 7360 2377 5249
f 7360 5249 9212
f 2053 4750 9619
f 2053 9619 1300
f 2331 3660 8858
f 2331 7611 4076
f 8908 4890 5252
f 1038 6174 4706
f 432 6663 9614
f 432 9614 4508
f 9757 7191 5254
f 9757 5254 6287
f 9571 6654 5255
f 9571 5255 869
f 3847 6823 9553
f 3847 9553 1940
f 9832 7475 5257
f 9832 5257 278
f 4323 3787 5258
f 4323 5258 9475
f 4480 4211 5259
f 4480 6866 2293
f 90 2978 5260
f 90 5260 3991
f 1762 6437 5261
f 1762 8238 3378
f 1931 7457 5262
f 1931 5262 762
f 999 1530 5263
f 999 9525 6474
f 914 8026 5264
f 914 5264 8597
f 9405 2586 5265
f 851 5265 4287
f 1186 2726 5266
f 1186 5266 8487
f 381 3738 5267
f 381 9384 7901
f 1764 3726 5268
f 8499 7310 1693
f 4124 578 5269
f 4124 5269 961
f 296 6960 5270
f 296 5270 8388
f 4101 1224 5271
f 4101 5271 6413
f 1060 4519 5272
f 9521 5272 8148
f 1513 8971 5273
f 1513 8316 6315
f 1884 3685 5274
f 1884 5274 2096
f 855 9655 5275
f 855 5275 8994
f 3923 1027 5276
f 3923 5276 6391
f 2964 1954 5277
f 2964 5277 1770
f 1028 2380 5278
f 1028 5278 4321
f 2628 3431 5279
f 2628 5279 3013
f 3400 321 5280
f 3400 5280 1253
f 3605 9031 5281
f 3605 5281 1659
f 3251 4557 5282
f 3251 5282 8413
f 2225 6426 5283
f 2225 5283 8576
f 3285 3773 5284
f 3285 5284 9166
f 4037 7483 5285
f 4037 5285 375
f 2204 1846 5286
f 2204 5286 4144
f 4737 1432 5287
f 8526 5287 2240
f 2736 4192 5288
f 2736 8848 4613
f 2330 4954 5289
f 2330 5289 1569
f 462 1182 5290
f 462 5290 518
f 36 7064 5291
f 36 5291 8236
f 49 50 5292
f 49 5292 6312
f 2670 2374 5293
f 2670 5293 7429
f 1206 3429 5294
f 1206 5294 6853
f 1581 4230 5295
f 1581 5295 9572
f 2698 447 5296
f 2698 5296 7335
f 191 192 5297
f 191 5297 7421
f 1963 7973 5298
f 1963 5298 6835
f 546 3552 5299
f 8937 5299 4649
f 2953 1592 5300
f 2953 5300 1311
f 1782 6664 5301
f 1782 5301 2926
f 6212 2578 5302
f 3774 5302 1356
f 3585 540 5303
f 3585 5303 1596
f 1610 2068 5304
f 7458 5304 4207
f 2929 7692 5305
f 2929 9532 6273
f 4319 1379 5306
f 4319 7332 843
f 1119 1994 5307
f 8527 5307 6317
f 3980 9499 5308
f 3980 5308 5210
f 1803 6280 5309
f 1803 5309 738
f 9164 7926 5310
f 4309 5310 4993
f 434 852 5311
f 434 5311 988
f 3862 8339 5312
f 3862 5312 8186
f 1223 2636 5313
f 1223 5313 4919
f 3015 6211 5314
f 3015 5314 8656
f 3976 8343 5315
f 3976 5315 8427
f 213 2343 5316
f 213 5316 212
f 4053 8453 5317
f 4053 5317 7631
f 911 1533 5318
f 911 5318 2178
f 4163 567 5319
f 4163 5319 6205
f 1798 3167 5320
f 1798 5320 3402
f 1326 2333 5321
f 1326 5321 6572
f 1774 4786 5322
f 6601 5322 8451
f 4012 4656 5323
f 4012 5323 4980
f 282 8861 5324
f 282 8846 4178
f 3322 4078 5325
f 3322 5325 3870
f 2003 7462 5326
f 2003 5326 9050
f 547 2156 5327
f 547 5327 6470
f 3576 9094 5328
f 3576 5328 6293
f 7511 8900 5329
f 2604 5329 2313
f 2263 7016 5330
f 2263 5330 9644
f 3262 1439 5331
f 3262 5331 8924
f 121 1842 5332
f 121 5332 3137
f 4617 6378 5333
f 4617 5333 3507
f 3041 1794 5334
f 3041 5334 7388
f 3997 7773 5335
f 3997 5335 4811
f 3124 6160 5336
f 3124 5336 2371
f 3542 7160 5337
f 3542 5337 294
f 1716 4266 5338
f 1716 5338 8674
f 3894 1766 5339
f 3894 7331 6759
f 802 3069 5340
f 9462 5340 7072
f 1084 4903 5341
f 1084 5341 2390
f 2693 449 5342
f 2693 9180 1815
f 4020 2164 5343
f 4020 5343 6776
f 1680 8200 5344
f 1680 5344 8086
f 2375 7249 5345
f 2375 5345 3257
f 2909 6157 5346
f 2909 5346 4901
f 9422 1855 5347
f 881 5347 6617
f 2665 3212 5348
f 2665 5348 3645
f 4294 345 5349
f 4294 5349 3357
f 3494 7846 5350
f 3494 5350 6438
f 1829 3739 5351
f 1829 7518 9236
f 7238 3973 5352
f 1282 8604 726
f 3617 8993 5353
f 3617 5353 8754
f 2544 4139 5354
f 2544 5354 9058
f 1156 1702 5355
f 7456 5355 1355
f 3607 7668 5356
f 9627 5356 42
f 1628 9148 5357
f 1628 5357 7696
f 327 4972 5358
f 8642 6222 2399
f 719 7542 5359
f 719 5359 2918
f 1784 3568 5360
f 1784 5360 8566
f 4780 7383 5361
f 9195 5361 3889
f 8823 6363 5362
f 1363 5362 7579
f 845 2764 5363
f 845 5363 8951
f 3326 8790 5364
f 3326 5364 1194
f 3358 240 5365
f 3358 5365 2577
f 920 4293 5366
f 8734 6290 7512
f 4372 9296 5367
f 4372 5367 693
f 2648 1058 5368
f 7910 9547 6787
f 7639 3881 5369
f 1730 5369 5044
f 3205 7097 5370
f 3205 5370 1202
f 2667 819 5371
f 2667 5371 7289
f 1394 3590 5372
f 8730 5372 6288
f 6635 3233 8984
f 4962 7615 4015
f 1310 5139 5374
f 1310 5374 6254
f 3904 1776 5375
f 3904 5375 6862
f 210 2392 5376
f 210 5376 8643
f 974 1879 5377
f 974 5377 3508
f 4254 8612 5378
f 4254 5378 785
f 3075 2502 5379
f 3075 5379 3891
f 3436 8217 5380
f 3436 5380 8536
f 4279 3174 5381
f 4279 5381 7805
f 2656 1555 5382
f 2656 5382 7294
f 4288 623 5383
f 4288 5383 6244
f 2063 8533 5384
f 2063 5384 9782
f 3918 59 5385
f 7448 5385 2616
f 148 9167 5386
f 148 5386 6724
f 1699 1927 5387
f 1699 5387 7951
f 2766 8468 5388
f 2766 8291 5124
f 3007 4048 5389
f 3007 5389 9329
f 3180 6398 5390
f 7508 8669 1127
f 2345 9663 5391
f 2345 5391 4038
f 1929 2425 5392
f 7499 5392 1127
f 3211 1988 5393
f 3211 5393 6295
f 3079 1290 5394
f 3079 5394 7886
f 319 2824 5395
f 319 5395 582
f 834 2439 5396
f 834 7467 8780
f 2109 4800 5397
f 2109 5397 8563
f 133 4305 5398
f 133 5398 8302
f 8710 4194 5399
f 849 6555 4587
f 875 4761 5400
f 6568 5400 3851
f 1441 1903 5401
f 8542 5401 3986
f 111 3713 5402
f 111 5402 2078
f 3909 1050 5403
f 3909 6233 7445
f 2800 6584 5404
f 2800 5404 1330
f 2433 4764 5405
f 2433 5405 6578
f 2163 1346 5406
f 2163 6690 7697
f 219 2631 5407
f 219 5407 7719
f 2566 8485 5408
f 2566 5408 9765
f 4054 4839 5409
f 6620 9497 4729
f 4736 1253 5410
f 4736 7361 2344
f 493 2640 5411
f 493 5411 4223
f 3492 7627 5412
f 3492 5412 1402
f 1461 2682 5413
f 1461 5413 8512
f 4681 4021 5414
f 4681 5414 8585
f 882 2998 5415
f 6473 5415 494
f 1104 2967 5416
f 1104 5416 1875
f 117 2747 5417
f 6410 5417 312
f 1102 3463 5418
f 1102 5418 6756
f 29 1915 5419
f 8765 5419 6329
f 116 4512 5420
f 116 5420 797
f 2431 2960 5421
f 2431 5421 1222
f 7345 320 5422
f 3105 5422 8516
f 414 3597 5423
f 414 5423 1838
f 1305 2076 5424
f 8680 5424 6429
f 1706 8571 5425
f 7320 5425 4890
f 286 2372 5426
f 286 5426 2007
f 8667 6670 5427
f 2222 5427 6452
f 835 2158 5428
f 835 5428 2447
f 4621 6478 5429
f 4621 5429 9072
f 6472 2999 5430
f 1947 5430 731
f 2949 884 5431
f 2949 8464 1306
f 3613 6482 5432
f 3613 5432 4660
f 2284 7829 5433
f 2284 5433 3108
f 4498 7938 5434
f 4498 5434 9529
f 6311 7628 5435
f 44 5435 8920
f 1498 4912 5436
f 1498 8538 3583
f 2427 1120 5437
f 2427 5437 6340
f 8968 1643 5438
f 1001 6471 4581
f 2534 8480 5439
f 2534 5439 4378
f 1334 4265 5440
f 7348 8755 3328
f 323 2049 5441
f 323 5441 5064
f 3110 4018 5442
f 7412 6322 576
f 2754 6484 5443
f 2754 5443 3134
f 3624 3003 5444
f 3624 5444 7472
f 1062 2720 5445
f 1062 5445 7028
f 1576 3176 5446
f 1576 5446 7269
f 979 2599 5447
f 7482 6676 1746
f 2122 7813 5448
f 2122 5448 2608
f 2625 8445 5449
f 2625 5449 2452
f 1718 765 5450
f 1718 5450 2610
f 562 563 5451
f 562 8573 6494
f 120 8977 5452
f 120 5452 3014
f 2092 9085 5453
f 2092 5453 255
f 200 2341 5454
f 7436 6816 2696
f 3949 8912 5455
f 3949 5455 9708
f 3981 520 5456
f 3981 6660 1080
f 7703 6646 5457
f 2315 5457 9482
f 9628 6192 5458
f 2334 5458 6328
f 3312 1425 5459
f 9092 8111 2407
f 8747 1482 5460
f 903 5460 2162
f 2115 4148 5461
f 8748 5461 7638
f 2857 1438 5462
f 2857 5462 9229
f 1159 3247 8504
f 1159 6466 4719
f 3048 1348 5464
f 3048 8956 7645
f 2401 3428 5465
f 2401 7633 291
f 649 8890 5466
f 649 5466 4000
f 1568 4801 5467
f 1568 5467 6839
f 3042 1021 5468
f 6651 5468 9795
f 2224 1599 5469
f 2224 5469 8836
f 3044 7689 5470
f 3044 5470 6600
f 1400 7590 5471
f 1400 5471 75
f 7836 2573 5472
f 932 5472 3471
f 7679 1786 5473
f 428 5473 6384
f 417 2067 5474
f 417 5474 3571
f 1132 2437 5475
f 1132 8214 1850
f 3057 6382 5476
f 3057 5476 2050
f 4072 1600 5477
f 4072 5477 8840
f 2171 879 5478
f 2171 8834 4947
f 1946 4535 5479
f 1946 5479 7378
f 4083 8824 5480
f 4083 5480 2530
f 2058 8434 5481
f 2058 5481 8843
f 8789 681 5482
f 2760 5482 951
f 1617 8879 5483
f 1617 5483 3661
f 2712 136 5484
f 2712 7688 4944
f 2701 6354 5485
f 7229 5485 419
f 8819 6358 5486
f 3058 5486 807
f 610 8952 5487
f 610 5487 7571
f 2177 1057 5488
f 2177 5488 594
f 8950 3329 5489
f 4585 5489 807
f 1791 4157 5490
f 1791 5490 8864
f 8784 6585 5491
f 4068 5491 2561
f 9639 1849 5492
f 3030 5492 4071
f 4005 2759 5493
f 4005 5493 8199
f 7682 1267 5494
f 4010 5494 6200
f 1573 4574 5495
f 1573 9750 4515
f 3324 4009 5496
f 3324 5496 1270
f 2434 1169 5497
f 2434 5497 3443
f 3656 8803 5498
f 3656 5498 43
f 4665 1623 5499
f 4665 8783 1911
f 3060 1607 5500
f 3060 5500 407
f 3565 2251 5501
f 3565 5501 1262
f 2413 3033 5502
f 2413 5502 6352
f 7724 3345 5503
f 2415 5503 8564
f 2166 1830 5504
f 2166 5504 7392
f 1962 4794 5505
f 1962 5505 4011
f 1431 4789 5506
f 1431 5506 2711
f 4179 4491 5507
f 7588 8492 3658
f 3153 8490 5508
f 3153 5508 8470
f 2411 8293 5509
f 2411 5509 1362
f 8869 6556 5510
f 7278 5510 8809
f 993 3469 5511
f 993 5511 4754
f 2706 7560 5512
f 9569 6995 4290
f 4586 1055 5513
f 4586 5513 7371
f 4652 1736 5514
f 8725 6218 2082
f 828 99 5515
f 828 8892 7274
f 997 8723 5516
f 997 5516 7671
f 8889 4803 5517
f 1054 5517 6345
f 3982 2486 5518
f 3982 5518 9243
f 2047 7514 5519
f 6162 5519 4608
f 1471 2722 5520
f 7423 5520 6398
f 4298 2567 5521
f 4298 5521 1030
f 2938 7357 5522
f 2938 5522 9451
f 2183 4105 5523
f 2183 5523 1178
f 3578 1095 5524
f 3578 5524 1480
f 77 3415 5525
f 77 6251 2394
f 3604 1034 5526
f 3604 5526 2837
f 154 9029 5527
f 154 5527 7287
f 905 4863 5528
f 8595 7463 3863
f 3856 960 5529
f 3856 5529 608
f 1497 491 5530
f 1497 5530 6307
f 2675 3233 5531
f 2675 5531 7430
f 2457 4895 5532
f 6671 5532 1406
f 1345 4874 5533
f 1345 9781 8043
f 3630 4966 5534
f 3630 5534 1980
f 564 8130 5535
f 564 9610 6192
f 1505 3122 5536
f 6486 5536 2793
f 1800 7452 5537
f 1800 5537 8679
f 280 4456 5538
f 7267 6908 2304
f 1611 2098 5539
f 1611 5539 8307
f 2192 1170 5540
f 2192 5540 3916
f 605 2990 5541
f 7218 9605 6709
f 2128 4732 5542
f 8616 5542 2919
f 8778 4100 5543
f 2458 5543 1932
f 7502 216 5544
f 1604 5544 3131
f 2227 8625 5545
f 2227 5545 791
f 646 3848 5546
f 646 5546 6488
f 1228 2072 5547
f 1228 5547 4589
f 2116 4027 5548
f 2116 5548 3728
f 1516 4716 5549
f 1516 5549 2447
f 3430 221 5550
f 7648 8919 1368
f 91 2791 5551
f 91 5551 3150
f 3073 7283 5552
f 3073 5552 7476
f 648 4114 5553
f 648 5553 2891
f 1243 4994 5554
f 6237 8537 1152
f 7493 3778 5555
f 1920 5555 3614
f 1552 2157 5556
f 7230 5556 2959
f 913 8933 5557
f 7700 5557 8971
f 152 590 5558
f 152 5558 2686
f 3893 9844 5559
f 3893 5559 6170
f 2879 379 5560
f 2879 5560 9479
f 9086 8234 5561
f 2692 5561 3754
f 167 8545 5562
f 167 5562 8603
f 1327 8779 5563
f 1327 5563 4439
f 1635 2095 5564
f 1635 5564 6747
f 3724 897 5565
f 3724 5565 1636
f 959 8958 5566
f 959 5566 6455
f 4236 513 5567
f 4236 5567 3691
f 2320 1354 5568
f 2320 5568 824
f 1969 7318 5569
f 1969 6149 4285
f 8917 3925 5570
f 106 5570 4620
f 2388 4855 5571
f 2388 5571 3115
f 1263 2443 5572
f 1263 5572 3495
f 9491 1958 5573
f 6 5573 4865
f 4592 1532 5574
f 4592 5574 3062
f 4827 7344 5575
f 4827 5575 2892
f 1632 3023 5576
f 1632 5576 2721
f 3245 4813 5577
f 3245 5577 3591
f 926 3693 5578
f 7885 5578 6840
f 52 2697 5579
f 52 5579 3886
f 3149 3676 5580
f 3149 5580 7250
f 2295 4696 5581
f 8540 5581 7857
f 4539 912 5582
f 4539 7976 199
f 4016 1421 5583
f 4016 5583 1948
f 883 6509 5584
f 883 5584 3193
f 58 2452 5585
f 58 6316 7296
f 2651 1629 5586
f 2651 5586 4590
f 3269 5011 5587
f 3269 5587 1508
f 6269 1489 5588
f 23 7758 3089
f 1588 9211 5589
f 1588 5589 9561
f 1246 4217 5590
f 1246 8631 6220
f 6319 7670 5591
f 4695 5591 3595
f 967 4879 5592
f 6672 7225 2592
f 8188 9552 5593
f 3689 5593 4127
f 1601 4869 5594
f 1601 5594 2184
f 899 8528 5595
f 899 5595 4103
f 269 4854 5596
f 8687 5596 2220
f 1319 7221 5597
f 1319 5597 6252
f 1240 4213 5598
f 1240 5598 4978
f 7504 1857 5599
f 818 5599 2647
f 4097 1570 5600
f 4097 5600 4914
f 4096 6463 5601
f 4096 5601 4679
f 1905 2743 5602
f 1905 5602 4475
f 204 4679 5603
f 8403 6407 5101
f 1192 7634 5604
f 1192 6521 3623
f 6481 7461 5605
f 349 8600 2153
f 2337 3404 5606
f 7496 5606 1547
f 3129 952 5607
f 8771 5607 4026
f 675 7849 5608
f 675 5608 7525
f 233 3074 5609
f 7492 5609 2445
f 1663 5059 5610
f 1663 5610 7364
f 9703 2980 5611
f 3846 5611 8346
f 4327 3192 5612
f 6505 5612 8943
f 3018 8769 5613
f 3018 5613 4559
f 2974 7459 5614
f 2974 5614 8579
f 4727 500 5615
f 9486 5615 6185
f 3067 497 5616
f 9645 5616 6272
f 1460 2091 5617
f 6615 5617 4138
f 4249 1942 5618
f 4249 8739 721
f 2286 3906 5619
f 2286 5619 4569
f 8501 593 5620
f 2480 5620 6667
f 2466 1640 5621
f 2466 5621 25
f 1307 2661 5622
f 1307 5622 8158
f 2165 3076 5623
f 2165 5623 6668
f 2741 4032 5624
f 2741 5624 6248
f 1564 633 5625
f 1564 5625 742
f 1118 3526 5626
f 1118 5626 1286
f 2201 7649 5627
f 2201 5627 3113
f 2100 3194 5628
f 8906 5628 6498
f 4881 6622 5629
f 4881 5629 4117
f 2393 8586 5630
f 2393 7622 4228
f 861 4119 5631
f 6694 5631 5137
f 3208 1852 5632
f 3208 5632 7241
f 3119 8585 5633
f 3119 5633 9538
f 1687 4263 5634
f 1687 5634 3370
f 2851 696 5635
f 2851 5635 639
f 989 4225 5636
f 989 7192 8292
f 3528 3053 5637
f 3528 5637 4219
f 2777 2181 5638
f 9585 8179 1923
f 3996 3338 5639
f 3996 5639 8763
f 1788 6633 5640
f 8738 5640 2683
f 2767 4851 5641
f 2767 5641 9103
f 15 3858 5642
f 7340 5642 8599
f 3695 700 5643
f 3695 7363 8677
f 2917 7481 5644
f 9629 5644 8029
f 299 8035 5645
f 299 5645 8358
f 829 7706 5646
f 829 5646 7321
f 4331 1227 5647
f 4331 5647 9745
f 2749 3989 5648
f 2749 5648 2216
f 3096 1429 5649
f 3096 5649 2241
f 4552 3409 5650
f 4552 5650 7078
f 2329 7500 5651
f 8967 7734 4833
f 4262 8901 5652
f 4262 5652 2189
f 1887 8572 5653
f 1887 5653 3188
f 6735 1367 5654
f 5030 5654 7817
f 4205 2374 5655
f 4205 5655 4821
f 1268 2112 5656
f 6641 5656 1500
f 854 3310 5657
f 854 5657 6323
f 4064 1769 5658
f 4064 5658 2915
f 178 503 5659
f 178 5659 4885
f 257 4840 5660
f 257 5660 4232
f 1378 6645 5661
f 1378 5661 193
f 3446 8794 5662
f 7323 5662 516
f 8796 4503 5663
f 2709 5663 7541
f 1097 2799 5664
f 1097 5664 8865
f 1622 4775 5665
f 8798 5665 1045
f 4191 8830 5666
f 7322 5666 3668
f 1252 7687 5667
f 1252 5667 4781
f 3563 1006 5668
f 3563 5668 8847
f 47 3164 5669
f 47 7790 4763
f 4069 2704 5670
f 7676 5670 1371
f 1329 7681 5671
f 1329 5671 8871
f 1571 6595 5672
f 1571 5672 8850
f 8852 1168 5673
f 4654 5673 4178
f 4655 97 5674
f 4655 5674 1475
f 2412 1234 5675
f 2412 8857 3035
f 1261 2642 5676
f 1261 8868 4536
f 850 3161 5677
f 8791 5677 2349
f 821 3162 5678
f 821 5678 8721
f 1370 6341 5679
f 1370 8883 4579
f 250 8870 5680
f 250 5680 8880
f 3028 7550 5681
f 3028 5681 8841
f 3452 6609 5682
f 7672 5682 2558
f 1236 6557 5683
f 1236 8822 3451
f 2713 6558 5684
f 7860 9150 3099
f 1397 7556 5685
f 1397 5685 8815
f 2710 7602 5686
f 2710 5686 7597
f 1320 3562 5687
f 1320 5687 8832
f 3034 8875 5688
f 3034 5688 6602
f 3160 1115 5689
f 3160 5689 8804
f 915 4066 5690
f 915 5690 7680
f 3449 820 5691
f 3449 5691 6216
f 1775 4773 5692
f 1775 5692 8712
f 2420 6573 5693
f 2420 5693 8838
f 8820 6363 5694
f 4187 5694 4793
f 3159 1191 5695
f 3159 5695 7585
f 405 2804 5696
f 8795 5696 739
f 8793 3241 5697
f 3566 5697 1474
f 4795 1783 5698
f 8827 5698 7381
f 874 3561 5699
f 874 5699 6656
f 8874 2848 5700
f 1938 5700 7589
f 2487 1548 5701
f 2487 5701 1193
f 1572 4189 5702
f 1572 7691 2699
f 2987 8885 5703
f 2987 5703 6548
f 1239 2797 5704
f 8887 5704 4200
f 6659 3928 5705
f 2169 5705 8724
f 409 2071 5706
f 8863 5706 4195
f 1012 2174 5707
f 1012 5707 1846
f 1816 4674 5708
f 1816 5708 4476
f 8475 2311 5709
f 2950 5709 1878
f 1895 1110 5710
f 7737 6483 511
f 2582 6440 5711
f 2582 5711 871
f 1404 9360 5712
f 1404 5712 370
f 8518 2768 5713
f 3210 5713 865
f 1377 7460 5714
f 1377 5714 8944
f 1490 4714 5715
f 1490 5715 6737
f 4251 6821 5716
f 4251 5716 3413
f 1067 2499 5717
f 8546 6702 3306
f 1316 2730 5718
f 1316 5718 4930
f 242 4703 5719
f 242 5719 8142
f 1114 3008 5720
f 1114 5720 8925
f 1454 3710 5721
f 9316 5721 5109
f 226 2817 5722
f 226 7328 4299
f 103 3633 5723
f 103 5723 8088
f 2493 1537 5724
f 2493 5724 4147
f 973 1967 5725
f 973 5725 3230
f 640 4545 5726
f 640 5726 1019
f 4270 9033 5727
f 4270 6687 7308
f 3397 7214 5728
f 3397 5728 7971
f 4553 653 5729
f 8655 5729 631
f 972 7277 5730
f 972 5730 4204
f 229 230 5731
f 229 5731 743
f 2219 3394 5732
f 2219 5732 4921
f 6154 7469 5733
f 970 9669 2740
f 1521 4608 5734
f 1521 5734 1881
f 1374 4041 5735
f 1374 5735 6458
f 3644 2418 5736
f 3644 5736 9218
f 1563 4576 5737
f 6837 9590 4959
f 1005 4951 5738
f 1005 7552 6559
f 2353 186 5739
f 2353 5739 4303
f 3154 1433 5740
f 7568 5740 4171
f 944 4820 5741
f 944 5741 694
f 6707 672 5742
f 2865 5742 7660
f 1464 4640 5743
f 6184 5743 9423
f 336 337 5744
f 6618 5744 7747
f 745 760 5745
f 745 5745 7306
f 2248 9126 5746
f 2248 5746 4902
f 3719 884 5747
f 3719 7411 1952
f 169 168 5748
f 169 8960 4927
f 1209 6461 5749
f 1209 5749 9742
f 2336 512 5750
f 2336 5750 6729
f 341 342 5751
f 341 5751 3819
f 1494 4133 5752
f 1494 5752 9436
f 2126 6497 5753
f 2126 7788 1075
f 7698 4983 5754
f 3016 5754 4479
f 4899 2838 5755
f 4899 5755 3076
f 1796 3622 5756
f 8431 6264 2255
f 2376 9017 5757
f 2376 5757 4134
f 8957 6411 5758
f 1318 7735 3140
f 1499 4285 5759
f 1499 5759 6768
f 7471 2238 5760
f 4350 5760 8896
f 2993 8998 5761
f 2993 5761 4725
f 613 8598 5762
f 613 5762 1198
f 5002 769 5763
f 5002 5763 9132
f 3276 526 5764
f 3276 5764 6727
f 2268 7404 5765
f 2268 5765 9358
f 263 2632 5766
f 263 5766 7882
f 1674 8365 5767
f 1674 5767 7907
f 3371 9657 5768
f 3371 5768 6740
f 246 245 5769
f 246 8999 7254
f 1002 490 5770
f 1002 5770 9773
f 7749 2459 5771
f 339 5771 8574
f 4329 517 5772
f 4329 6717 3618
f 6708 1501 5773
f 1044 5773 348
f 4345 9116 5774
f 4345 5774 3087
f 3760 8893 5775
f 3760 5775 7827
f 3024 892 5776
f 3024 5776 4307
f 474 2866 5777
f 9217 5777 7772
f 3756 5106 5778
f 3756 5778 2896
f 7765 531 5779
f 394 5779 6966
f 1408 2186 5780
f 1408 9095 7837
f 9537 6877 5781
f 2483 5781 7771
f 1064 2869 5782
f 1064 5782 3323
f 2867 9301 5783
f 2867 5783 3282
f 853 3197 5784
f 853 5784 7778
f 1835 3714 5785
f 1835 5785 5017
f 928 202 5786
f 928 5786 4923
f 1288 568 5787
f 1288 5787 5005
f 3767 1071 5788
f 3767 5788 758
f 6748 3730 5789
f 8146 5789 9090
f 272 5021 5790
f 272 6701 8551
f 2521 7785 5791
f 2521 5791 1226
f 4342 8977 5792
f 4342 5792 732
f 4248 1126 5793
f 4248 7745 1802
f 1219 3277 5794
f 6726 5794 9255
f 4115 9024 5795
f 9003 5795 1644
f 3589 9191 5796
f 3589 6730 1099
f 7763 8574 5797
f 262 5797 727
f 3763 4346 5798
f 3763 5798 1184
f 2607 258 5799
f 2607 5799 8287
f 3279 5013 5800
f 3279 5800 9691
f 9672 7447 5801
f 3473 5801 6524
f 1902 7789 5802
f 1902 5802 205
f 887 4348 5803
f 887 5803 3768
f 5034 1266 5804
f 5034 5804 2387
f 6207 698 5805
f 1459 5805 8422
f 1287 3732 5806
f 1287 6745 7212
f 3540 7782 5807
f 3540 5807 9007
f 1717 541 5808
f 1717 5808 6720
f 4354 7787 5809
f 4354 5809 7762
f 2 1 5810
f 2 5810 2874
f 1032 3151 5811
f 7674 5811 2738
f 4999 4399 5812
f 4999 5812 7727
f 2757 6513 5813
f 2757 5813 9084
f 4362 9594 5814
f 6791 5814 4501
f 5012 127 5815
f 5012 5815 3766
f 2229 5023 5816
f 9041 5816 4091
f 4338 5024 5817
f 4338 5817 9732
f 4360 5028 5818
f 4360 5818 188
f 209 1882 5819
f 209 5819 4239
f 1885 4912 5820
f 1885 5820 5053
f 114 115 5821
f 114 5821 4359
f 3854 7774 5822
f 3854 5822 2191
f 1646 8981 5823
f 1646 7832 6766
f 7809 1811 5824
f 13 9065 4045
f 56 57 5825
f 56 5825 9099
f 1735 3953 5826
f 1735 5826 5042
f 5048 9064 5827
f 7859 6770 3066
f 33 515 5828
f 33 5828 685
f 896 4337 5829
f 896 5829 7801
f 4104 9490 5830
f 4104 5830 8363
f 2011 6850 5831
f 2011 5831 9135
f 7887 580 5832
f 2384 5832 2971
f 1199 4477 5833
f 1199 9079 6449
f 1812 6784 5834
f 1812 5834 7839
f 8926 6781 5835
f 5058 5835 6820
f 2002 720 5836
f 9762 5836 6802
f 3298 2043 5837
f 7815 9685 3627
f 6798 2354 5838
f 5062 5838 9740
f 358 2316 5839
f 358 5839 9089
f 2579 8744 5840
f 2579 5840 9509
f 3742 7819 5841
f 3742 5841 7845
f 9235 7010 5842
f 2904 5842 6140
f 5041 3734 5843
f 5041 5843 1147
f 182 9670 5844
f 182 5844 5052
f 1215 4413 5845
f 1215 8181 4238
f 9395 2519 5846
f 1502 5846 7847
f 5069 7835 5847
f 6809 5847 8479
f 1025 3288 5848
f 1025 5848 2241
f 1013 163 5849
f 9381 5849 88
f 3359 6268 5850
f 3359 5850 8197
f 2508 5136 5851
f 6767 5851 2969
f 5061 9087 5852
f 5061 5852 7868
f 1825 5159 5853
f 1825 5853 2271
f 4332 3611 5854
f 6893 9413 3253
f 1900 8307 5855
f 1900 5855 6253
f 430 9504 5856
f 430 5856 1304
f 637 7850 5857
f 637 5857 7867
f 344 3050 5858
f 6904 5858 4233
f 873 2141 5859
f 873 5859 7969
f 2233 8204 5860
f 2233 5860 9206
f 2790 925 5861
f 2790 5861 4937
f 2951 6626 5862
f 2951 5862 9489
f 3350 7954 5863
f 3350 5863 8677
f 1208 248 5864
f 1208 6944 9239
f 4805 4013 5865
f 4805 5865 1602
f 3293 5126 5866
f 3293 5866 3838
f 3228 310 5867
f 3228 9123 1415
f 5082 6959 5868
f 5082 9593 530
f 5084 7285 5869
f 5084 5869 6789
f 5083 6880 5870
f 5083 5870 8268
f 1101 2635 5871
f 1101 5871 421
f 2877 5085 5872
f 2877 5872 847
f 7876 676 5873
f 2600 5873 2282
f 4814 31 5874
f 4814 5874 669
f 5087 331 5875
f 5087 6956 9854
f 2127 6887 5876
f 2127 5876 369
f 2492 6826 5877
f 9273 8208 6910
f 315 314 5878
f 315 5878 757
f 1073 8058 5879
f 6799 5879 8061
f 7881 510 5880
f 5089 5880 749
f 1185 9210 5881
f 1185 5881 4029
f 5096 2553 5882
f 9505 5882 390
f 402 403 5883
f 402 5883 4957
f 2861 9415 5884
f 2861 5884 1203
f 942 495 5885
f 942 5885 1873
f 839 7922 5886
f 839 5886 4502
f 1901 3343 5887
f 1901 5887 9122
f 7968 2575 5888
f 885 5888 80
f 1100 225 5889
f 1100 9793 2325
f 373 621 5890
f 373 5890 374
f 9124 465 5891
f 5088 5891 1121
f 2615 8167 5892
f 2615 5892 2012
f 4280 7898 5893
f 4280 5893 7964
f 2278 7802 5894
f 2278 5894 7035
f 677 9725 5895
f 677 5895 8276
f 180 3786 5896
f 6865 5896 2781
f 2882 9474 5897
f 2882 5897 8023
f 2511 5152 5898
f 2511 5898 953
f 6955 5054 5899
f 9257 7908 5055
f 5040 8171 5900
f 5040 5900 7796
f 1284 4933 5901
f 1284 5901 1686
f 3486 1566 5902
f 3486 5902 8326
f 2269 237 5903
f 2269 5903 5102
f 2288 126 5904
f 2288 5904 1943
f 910 2827 5905
f 910 5905 5065
f 7899 4883 5906
f 9149 6870 4907
f 3716 8126 5907
f 3716 9435 644
f 4373 140 5908
f 4373 5908 4550
f 1671 9406 5909
f 1671 5909 9783
f 5063 6922 5910
f 5063 5910 7531
f 18 2193 5911
f 18 5911 2500
f 5113 9485 5912
f 5113 5912 2568
f 1443 9606 5913
f 1443 5913 5104
f 6804 9826 5914
f 2042 5914 4216
f 4466 776 5915
f 6805 5915 634
f 5120 35 5916
f 5120 5916 6808
f 2624 5122 5917
f 8246 5917 9717
f 1584 8056 5918
f 1584 5918 6147
f 2864 9185 5919
f 2864 5919 9476
f 5095 3806 5920
f 5095 6883 8658
f 5129 9196 5921
f 5129 5921 9162
f 831 2863 5922
f 831 5922 9483
f 8254 2020 5923
f 3017 5923 7081
f 1465 7484 5924
f 1465 5924 8107
f 4093 2555 5925
f 4093 5925 7243
f 4432 2559 5926
f 4432 5926 8360
f 2903 4242 5927
f 8575 5927 66
f 2026 8162 5928
f 2026 5928 9245
f 983 9203 5929
f 983 5929 7935
f 468 8716 5930
f 468 9752 5140
f 2087 4435 5931
f 2087 5931 5190
f 4829 1889 5932
f 4829 5932 3404
f 3385 8320 5933
f 3385 5933 6148
f 3301 4385 5934
f 3301 5934 1212
f 28 7966 5935
f 28 5935 8009
f 5071 949 5936
f 5071 5936 8010
f 4928 9248 5937
f 4928 5937 3872
f 9291 2176 5938
f 5144 5938 8010
f 2044 3857 5939
f 7961 5939 2543
f 1999 4673 5940
f 1999 6903 737
f 1827 4713 5941
f 1827 5941 6178
f 1509 2342 5942
f 1509 7970 4398
f 2021 8015 5943
f 2021 5943 4500
f 1275 9715 5944
f 1275 5944 3303
f 2852 9110 5945
f 2852 5945 572
f 1144 2591 5946
f 1144 5946 4848
f 288 3798 5947
f 288 5947 2569
f 3304 4423 5948
f 9147 5948 3784
f 2017 472 5949
f 2017 5949 9244
f 1987 6606 5950
f 1987 5950 7122
f 2400 6930 5951
f 9250 5951 4098
f 2077 260 5952
f 8070 9789 3890
f 5154 1805 5953
f 5154 5953 9637
f 5155 6519 5954
f 5155 5954 7101
f 4391 21 5955
f 4391 7992 750
f 4445 6961 5956
f 4445 5956 9729
f 2142 8360 5957
f 2142 5957 5076
f 9215 1658 5958
f 933 5958 8006
f 2206 5143 5959
f 2206 5959 8025
f 131 825 5960
f 131 5960 8497
f 4386 6945 5961
f 4386 5961 426
f 478 4308 5962
f 478 5962 4583
f 2957 1037 5963
f 2957 5963 9634
f 4448 5159 5964
f 4448 5964 9438
f 6928 9155 5965
f 3826 5965 1556
f 3837 1139 5966
f 3837 5966 9809
f 1734 667 5967
f 8750 5967 3382
f 4453 9153 5968
f 4453 5968 8370
f 442 9222 5969
f 8116 5969 614
f 1412 1993 5970
f 1412 5970 5163
f 1968 7145 5971
f 1968 5971 4400
f 1272 8046 5972
f 1272 5972 5164
f 3097 1392 5973
f 3097 5973 8069
f 857 3932 5974
f 9270 5974 3352
f 1669 9526 5975
f 1669 5975 264
f 470 7043 5976
f 470 5976 8124
f 156 1847 5977
f 156 5977 3317
f 5067 9176 5978
f 5067 5978 8207
f 9278 4393 5979
f 2545 5979 6797
f 3682 4869 5980
f 3682 5980 9268
f 697 9412 5981
f 697 5981 4497
f 860 1836 5982
f 860 5982 7661
f 83 2472 5983
f 83 5983 1528
f 2482 452 5984
f 2482 8067 711
f 1133 578 5985
f 1133 8299 9671
f 3100 1819 5986
f 3100 5986 532
f 2784 9109 5987
f 2784 5987 4705
f 2514 5173 5988
f 9249 7994 2234
f 1865 211 5989
f 8225 5989 9400
f 2620 1298 5990
f 2620 6970 9797
f 4199 536 5991
f 8707 8034 3672
f 5174 8192 5992
f 5174 6972 792
f 3800 4610 5993
f 8036 5993 1309
f 5142 1134 5994
f 5142 5994 3266
f 5176 9328 5995
f 5176 5995 1247
f 2965 9453 5996
f 2965 5996 4752
f 3515 5045 5997
f 3515 5997 8191
f 3255 5170 5998
f 3255 6977 486
f 378 8193 5999
f 378 9678 7474
f 6454 2120 6000
f 9 8182 620
f 3148 8177 6001
f 3148 6001 8612
f 367 9862 6002
f 367 6002 3803
f 1077 4540 6003
f 1077 6003 8064
f 5181 9575 6004
f 5181 6004 9632
f 2273 603 6005
f 6982 6005 8548
f 5133 3535 6006
f 5133 6006 6792
f 1070 1872 6007
f 1070 6007 734
f 5015 759 6008
f 8965 6008 8284
f 5086 1512 6009
f 5086 6009 2933
f 5183 3327 6010
f 5183 6010 8406
f 924 787 6011
f 6988 6011 7637
f 1041 9528 6012
f 1041 6012 7179
f 5188 1586 6013
f 5188 6013 8410
f 5214 9786 6014
f 5214 6014 9158
f 2264 9859 6015
f 2264 6015 9579
f 8108 1856 6016
f 4352 6016 6936
f 3772 9253 6017
f 3772 6017 9301
f 4419 2528 6018
f 9649 6992 761
f 1148 3814 6019
f 1148 7107 7422
f 1205 215 6020
f 1205 7116 5078
f 5189 8367 6021
f 5189 6021 4142
f 2619 555 6022
f 2619 6022 833
f 2317 9540 6023
f 2317 6023 9102
f 950 8378 6024
f 950 6024 222
f 3474 766 6025
f 3474 6025 4619
f 1522 4407 6026
f 1522 6026 9759
f 2890 8074 6027
f 2890 6027 1558
f 1657 7020 6028
f 1657 6028 9448
f 2517 3912 6029
f 2517 6029 1214
f 5193 2948 6030
f 5193 6030 1353
f 5195 715 6031
f 5195 6031 9657
f 2261 8068 6032
f 2261 6032 8110
f 4437 306 6033
f 4437 7013 3356
f 3813 413 6034
f 3813 6034 5196
f 948 4420 6035
f 948 6035 9494
f 149 1891 6036
f 149 9297 2868
f 1677 481 6037
f 1677 6037 9375
f 891 2565 6038
f 891 6038 9445
f 2731 1838 6039
f 8881 6039 717
f 467 466 6040
f 467 9303 768
f 7088 3177 6041
f 3355 6041 9136
f 5200 9385 6042
f 7024 6042 4440
f 5201 3185 6043
f 5201 6043 2765
f 5202 9325 6044
f 5202 6044 8193
f 4 5 6045
f 4 6045 3183
f 2875 427 6046
f 2875 6046 1565
f 4431 2981 6047
f 4431 6047 1352
f 906 4443 6048
f 906 6048 1694
f 5205 1909 6049
f 7031 8003 3302
f 1559 2595 6050
f 1559 8312 689
f 8118 1519 6051
f 102 6051 9408
f 5207 8458 6052
f 5207 6052 9664
f 5228 9227 6053
f 5228 6053 1210
f 1149 7052 6054
f 1149 6054 8101
f 3899 484 6055
f 3899 6055 7236
f 2972 8398 6056
f 2972 7045 8614
f 1296 4410 6057
f 1296 8128 6434
f 5212 1274 6058
f 5212 7099 3713
f 1419 3807 6059
f 1419 6059 7063
f 1098 380 6060
f 1098 8131 4989
f 619 9589 6061
f 619 6061 7226
f 2590 3816 6062
f 9179 8132 7050
f 1767 3361 6063
f 1767 6063 8668
f 3220 1164 6064
f 3220 6064 2862
f 3878 7997 6065
f 3878 6065 793
f 7118 4261 6066
f 266 9487 778
f 1737 9330 6067
f 8149 6067 3120
f 3746 333 6068
f 3746 8153 4687
f 984 382 6069
f 984 6069 5049
f 251 9368 6070
f 251 6070 9274
f 5060 7962 6071
f 5060 6071 3297
f 4470 1162 6072
f 4470 6072 2455
f 4017 1181 6073
f 4017 8165 9019
f 4402 554 6074
f 4402 6074 9210
f 1269 328 6075
f 1269 6075 4411
f 7084 8195 6076
f 5208 6076 3835
f 4429 1445 6077
f 4429 6077 7137
f 1520 9464 6078
f 1520 6078 4509
f 1450 3529 6079
f 1450 6079 7946
f 4409 104 6080
f 4409 6080 7135
f 5223 9769 6081
f 5223 6081 410
f 5138 195 6082
f 5138 6082 2009
f 45 46 6083
f 45 6083 9824
f 498 499 6084
f 498 7076 566
f 5199 9763 6085
f 5199 6085 9230
f 1373 2609 6086
f 1373 6086 569
f 1824 5112 6087
f 7201 6087 9786
f 1579 9154 6088
f 9679 6088 4806
f 2787 5221 6089
f 2787 6089 8309
f 5231 538 6090
f 5231 6090 7112
f 3829 7137 6091
f 3829 6091 9354
f 3318 8319 6092
f 3318 6092 5114
f 1248 2306 6093
f 1248 6093 9121
f 160 161 6094
f 160 9426 4056
f 2055 2525 6095
f 2055 6095 813
f 2303 5227 6096
f 9595 6096 4642
f 2270 8350 6097
f 2270 6097 8051
f 4415 1880 6098
f 4415 6098 5217
f 1898 41 6099
f 1898 8627 8194
f 5226 3751 6100
f 5226 6100 8311
f 5234 6156 6101
f 5234 6101 9799
f 185 4107 6102
f 185 6102 2052
f 3948 332 6103
f 3948 6103 9772
f 5211 7843 6104
f 5211 6104 7195
f 5209 4447 6105
f 7119 6105 9105
f 4468 9858 6106
f 4468 6106 5225
f 256 9688 6107
f 256 6107 8364
f 2752 4031 6108
f 2752 6108 8265
f 1446 5217 6109
f 1446 6109 4461
f 3601 929 6110
f 3601 6110 7140
f 5216 8409 6111
f 5216 6111 1213
f 3828 9852 6112
f 3828 6112 157
f 2504 1664 6113
f 2504 7132 3694
f 2308 3751 6114
f 2308 6114 9766
f 5236 9856 6115
f 5236 6115 2343
f 9839 5186 6116
f 1180 6116 706
f 4458 1210 6117
f 4458 6117 9668
f 4471 3183 6118
f 4471 6118 9861
f 5222 2000 6119
f 5222 6119 584
f 2027 9748 6120
f 7189 6120 4050
f 9778 5235 8298
f 968 7151 4542
f 3275 487 6122
f 3275 7153 643
f 2312 150 6123
f 2312 6123 5081
f 2296 231 6124
f 2296 6124 4094
f 2013 586 6125
f 2013 6125 2941
f 1069 9857 6126
f 1069 7163 5000
f 1832 68 6127
f 7168 6127 2279
f 5238 9186 6128
f 5238 6128 9753
f 2060 1071 6129
f 2060 6129 9860
f 1024 3833 6130
f 1024 6130 9802
f 445 4463 6131
f 445 7193 7420
f 2585 6919 6132
f 2585 6132 9814
f 937 4472 6133
f 9864 7208 723
f 7441 8672 6134
f 7441 6134 3118
f 7306 745 6135
f 7306 6135 8632
f 8794 4942 6136
f 8794 6136 3446
f 2067 1145 9354
f 2067 9354 7612
f 1581 9331 6138
f 1581 6138 2988
f 942 7831 6139
f 942 6139 495
f 3379 5100 6140
f 3379 6140 2904
f 3669 5737 6141
f 3669 6141 1411
f 8647 4255 6142
f 5196 6142 2310
f 3220 2862 6143
f 3220 6143 754
f 5810 1339 6144
f 5810 6144 1
f 5667 7687 6145
f 5667 6145 2040
f 7230 8482 6146
f 1552 6146 8671
f 335 5918 6147
f 335 6147 4482
f 2265 2588 6148
f 2265 6148 9693
f 8531 2230 6149
f 5569 6149 1969
f 8998 2993 6150
f 1175 6150 8043
f 1864 8128 6151
f 1864 6151 1421
f 5563 2079 6152
f 5563 6152 2522
f 2967 8560 6153
f 2967 6153 469
f 970 3722 6154
f 970 6154 5733
f 966 1777 6155
f 966 6155 376
f 1017 3758 6156
f 1017 6156 9751
f 1040 5242 6157
f 1040 6157 4322
f 2424 216 6158
f 2424 6158 2912
f 2859 1729 6159
f 2859 6159 9803
f 4098 9250 6160
f 4098 6160 3124
f 2050 6029 6161
f 2050 6161 5476
f 2047 5519 6162
f 2047 6162 1688
f 155 7668 6163
f 155 6163 9120
f 483 2973 6164
f 483 6164 4971
f 220 3633 6165
f 220 6165 962
f 3569 8834 6166
f 3569 6166 7610
f 3723 9045 6167
f 3723 6167 1621
f 3242 2403 6168
f 3242 6168 1366
f 3725 8017 6169
f 3725 6169 7307
f 1970 3893 6170
f 1970 6170 8573
f 1059 5465 6171
f 1059 6171 2756
f 1661 299 6172
f 1661 6172 9455
f 3859 7347 6173
f 3859 6173 1028
f 5252 1843 6174
f 5252 6174 8908
f 2254 3534 6175
f 2254 6175 1730
f 3397 2843 6176
f 3397 6176 4222
f 1964 3484 6177
f 1964 6177 4402
f 1014 7253 6178
f 1014 6178 9716
f 3432 7407 6179
f 3432 6179 616
f 1766 7869 6180
f 1766 6180 5339
f 1254 8644 6181
f 1254 6181 5431
f 1759 9672 6182
f 1759 6182 7658
f 3679 7431 6183
f 8535 6183 1495
f 8549 2748 6184
f 1464 6184 5743
f 2151 2695 6185
f 2151 6185 7339
f 928 202 6186
f 928 6186 7844
f 449 4592 6187
f 449 6187 5342
f 2284 1567 6188
f 2284 6188 9080
f 3014 120 6189
f 3014 6189 7438
f 1441 2121 6190
f 8542 6190 4109
f 4220 8727 6191
f 4220 6191 2816
f 4684 564 6192
f 4684 6192 1701
f 2156 547 6193
f 2156 6193 4283
f 4282 9053 6194
f 4282 6194 1973
f 2891 648 6195
f 2891 6195 7834
f 48 1688 6196
f 48 7341 8985
f 26 7780 6197
f 26 6197 7302
f 5653 8572 6198
f 5653 6198 8140
f 993 3469 6199
f 993 6199 4753
f 2550 453 6200
f 2550 6200 7534
f 2118 8833 6201
f 2118 6201 8717
f 963 316 6202
f 8715 6202 4156
f 2352 9394 6203
f 2352 6203 1785
f 4481 238 6204
f 4481 6204 2065
f 1786 4163 6205
f 1786 6205 3744
f 2313 1816 6206
f 2313 7293 5329
f 1459 4036 6207
f 1459 6207 5805
f 3727 506 6208
f 3727 6208 2448
f 4037 2966 6209
f 4037 6209 7483
f 1558 6027 6210
f 1558 6210 4896
f 2630 3015 6211
f 2630 6211 5639
f 3774 4561 6212
f 3774 6212 5302
f 5897 9474 6213
f 5897 6213 2120
f 5361 3865 6214
f 5361 6214 3889
f 2915 7761 6215
f 2915 6215 3564
f 1434 393 6216
f 1434 6216 5691
f 4572 3646 6217
f 4572 6217 7596
f 5514 8449 6218
f 5514 6218 4652
f 1908 7278 6219
f 1908 6219 7611
f 2744 988 6220
f 2744 6220 2404
f 3480 7783 6221
f 3480 6221 8455
f 5358 8642 6222
f 7486 6222 2132
f 1994 477 6223
f 7826 6223 8436
f 1321 4210 6224
f 1321 8907 2337
f 8529 3366 6225
f 1171 6225 5178
f 1538 4908 6226
f 1538 6226 7701
f 191 8120 6227
f 191 6227 4560
f 5080 8541 6228
f 5080 6228 4365
f 3880 1734 6229
f 3880 6229 5726
f 5544 1357 6230
f 5544 6230 216
f 5651 2329 6231
f 5651 6231 752
f 4097 8628 6232
f 4097 6232 7640
f 5403 3909 6233
f 5403 6233 9428
f 4973 5281 6234
f 4973 6234 2356
f 3069 5340 6235
f 3069 6235 355
f 5210 2257 6236
f 5210 6236 2010
f 1243 5554 6237
f 1243 6237 7729
f 78 4236 6238
f 78 6238 4667
f 2186 3732 6239
f 2186 6239 488
f 3608 4629 6240
f 3608 6240 164
f 918 2658 6241
f 918 6241 7460
f 8892 3652 6242
f 5515 6242 3178
f 1029 8881 6243
f 1029 6243 5481
f 1488 9440 6244
f 1488 6244 7228
f 3373 8580 6245
f 3373 6245 8466
f 8663 546 6246
f 4714 6246 1490
f 3051 9314 6247
f 3051 6247 3386
f 3517 4694 6248
f 3517 6248 3101
f 1202 9642 6249
f 1202 6249 5370
f 1428 8935 6250
f 1428 6250 5388
f 5525 77 6251
f 5525 6251 8675
f 2239 8774 6252
f 2239 6252 8608
f 3194 4917 6253
f 3194 8740 5628
f 1739 3706 6254
f 1739 6254 5374
f 1156 2370 6255
f 7456 6255 2644
f 8575 7261 6256
f 2903 6256 7406
f 2197 5013 6257
f 2197 8552 307
f 4052 7237 6258
f 4052 6258 351
f 3346 7850 6259
f 3346 6259 8516
f 5771 368 6260
f 5771 6260 2459
f 1065 3619 6261
f 1065 6261 2788
f 3551 1720 6262
f 9082 6262 5719
f 3421 374 6263
f 7334 6263 4306
f 5756 8431 6264
f 5756 6264 8959
f 5982 4106 6265
f 5982 6265 8252
f 3877 9800 6266
f 3877 6266 9188
f 1496 3950 6267
f 1496 6267 5373
f 4963 2014 6268
f 4963 6268 1387
f 23 5588 6269
f 8911 6269 1804
f 3396 980 6270
f 7357 6270 2938
f 1580 7995 6271
f 1580 6271 4741
f 8242 4055 6272
f 89 6272 2655
f 2069 8465 6273
f 2069 6273 9532
f 2274 691 6274
f 2274 6274 9356
f 1154 8771 6275
f 7416 6275 3641
f 79 2888 6276
f 79 6276 80
f 105 9621 6277
f 105 6277 2801
f 94 4110 6278
f 94 7362 2083
f 5579 4087 6279
f 5579 6279 7848
f 276 5309 6280
f 276 6280 2384
f 4420 8276 6281
f 4420 6281 6035
f 55 2462 6282
f 55 6282 8136
f 265 3458 6283
f 265 6283 4630
f 4223 4527 6284
f 4223 6284 8745
f 81 2115 6285
f 7636 6285 3358
f 4691 8746 6286
f 4691 6286 3012
f 2776 909 6287
f 2776 6287 4361
f 2916 8730 6288
f 2916 6288 3558
f 1510 3550 6289
f 1510 6289 5958
f 5366 8734 6290
f 8626 6290 1216
f 1653 7285 6291
f 1653 6291 3221
f 2470 1654 6292
f 2470 6292 8539
f 977 2960 6293
f 977 6293 4826
f 1844 782 6294
f 1844 6294 1447
f 424 5393 6295
f 424 6295 7216
f 975 500 6296
f 975 6296 7495
f 697 9412 6297
f 697 6297 4541
f 2102 5246 6298
f 8695 6298 3874
f 684 8970 6299
f 684 6299 8758
f 4287 851 6300
f 4287 6300 2947
f 4823 5396 6301
f 4823 6301 8447
f 3364 2299 6302
f 3364 6302 450
f 4047 8513 6303
f 4047 6303 770
f 1230 8658 6304
f 1230 6304 8929
f 4603 7256 6305
f 4603 6305 9726
f 4857 1593 6306
f 4857 6306 2033
f 221 3964 6307
f 221 6307 8932
f 4129 4852 6308
f 4129 6308 891
f 2006 4525 6309
f 2006 6309 4929
f 151 590 6310
f 151 6310 3586
f 44 5435 6311
f 44 9068 4598
f 3711 49 6312
f 3711 6312 7297
f 3896 1700 6313
f 3896 6313 5105
f 3202 1648 6314
f 3202 6314 4522
f 4526 7260 6315
f 4526 6315 8316
f 5585 58 6316
f 5585 6316 795
f 1200 2604 6317
f 1200 6317 5307
f 8589 1742 6318
f 2335 6318 3497
f 4695 5591 6319
f 4695 6319 8690
f 4901 2909 6320
f 8602 7451 2592
f 5299 4649 6321
f 5299 6321 7409
f 5442 7412 6322
f 5442 6322 3519
f 2839 2406 6323
f 2839 6323 854
f 607 608 6324
f 607 6324 9430
f 4044 1471 6325
f 4044 6325 3130
f 2671 3976 6326
f 2671 6326 5747
f 1451 395 6327
f 8066 6327 1681
f 955 1928 6328
f 955 6328 2334
f 3625 1250 6329
f 3625 6329 8765
f 93 8737 6330
f 93 6330 8670
f 3751 2308 6331
f 3751 6331 6100
f 1432 4737 6332
f 1432 6332 3924
f 3388 943 6333
f 3388 6333 3127
f 542 9721 6334
f 542 6334 9626
f 5164 5972 6335
f 5164 6335 321
f 2835 9743 6336
f 2835 6336 9720
f 7638 8748 6337
f 3574 6337 2493
f 4219 1642 6338
f 4219 6338 8601
f 326 2742 6339
f 326 6339 1418
f 1224 5437 6340
f 1224 6340 5271
f 186 3643 6341
f 186 8039 9355
f 4188 1571 6342
f 4188 6342 8786
f 2573 5323 6343
f 2573 8156 5472
f 5960 3642 6344
f 5960 6344 8497
f 3168 7400 6345
f 3168 6345 1054
f 1097 8865 6346
f 1097 6346 3502
f 5686 7597 6347
f 5686 6347 2464
f 5482 7599 6348
f 5482 6348 681
f 4491 8849 6349
f 4491 6349 4179
f 2802 703 6350
f 2802 6350 1784
f 1608 3037 6351
f 1608 8787 7536
f 340 2413 6352
f 340 6352 7397
f 2762 1550 6353
f 2762 6353 2899
f 97 2701 6354
f 97 6354 544
f 3506 4172 6355
f 3506 6355 801
f 1112 1713 6356
f 1112 6356 2180
f 2107 4763 6357
f 2107 6357 8788
f 4767 1096 6358
f 4767 6358 790
f 2058 1352 6359
f 2058 6359 4758
f 1012 2174 6360
f 1012 6360 4301
f 3658 7588 6361
f 3658 6361 9035
f 807 3058 6362
f 807 6362 5489
f 3442 5362 6363
f 3442 6363 8820
f 4157 1616 6364
f 4157 6364 1791
f 2558 3501 6365
f 2558 6365 7672
f 2975 5333 6366
f 8851 6366 4165
f 1277 8954 6367
f 1277 6367 9350
f 2434 7386 6368
f 2434 6368 4783
f 4615 7385 6369
f 8801 6369 7583
f 2901 7391 6370
f 2901 6370 7377
f 4573 1975 6371
f 4573 6371 4191
f 1389 9284 6372
f 1389 6372 4662
f 879 2171 6373
f 879 6373 7546
f 4004 7555 6374
f 4004 6374 8955
f 5505 8877 6375
f 5505 6375 844
f 2711 5506 6376
f 2711 6376 7722
f 1946 3505 6377
f 1946 6377 3031
f 3470 7384 6378
f 3470 6378 1390
f 87 9381 6379
f 87 6379 3649
f 2422 8785 6380
f 2422 6380 7393
f 2918 4169 6381
f 8842 6381 1427
f 12 2731 6382
f 12 6382 5476
f 1983 5739 6383
f 1983 7279 2735
f 4067 383 6384
f 4067 6384 428
f 1907 8563 6385
f 1907 6385 4154
f 5466 7547 6386
f 5466 6386 8948
f 3102 2245 6387
f 3102 6387 7544
f 2791 1078 6388
f 2791 7620 91
f 2771 576 6389
f 2771 6389 1800
f 2038 7425 6390
f 9290 6390 7704
f 2323 7657 6391
f 2323 6391 5276
f 3064 8213 6392
f 3064 6392 2676
f 1639 4911 6393
f 8463 6393 7647
f 5051 4370 6394
f 5051 6394 3909
f 3715 7908 6395
f 3715 6395 1146
f 7454 1647 6396
f 886 6396 3534
f 4107 5232 6397
f 4107 6397 185
f 1924 3180 6398
f 1924 6398 5520
f 4030 1710 6399
f 4030 9570 4734
f 3873 9163 6400
f 3873 6400 8643
f 545 3065 6401
f 545 8751 2379
f 3074 4034 6402
f 3074 6402 4262
f 2016 690 6403
f 2016 6403 4022
f 3413 253 6404
f 3413 6404 2057
f 2774 214 6405
f 2774 6405 5612
f 3591 1399 6406
f 3591 6406 5577
f 5603 204 6407
f 5603 6407 9816
f 5602 7480 6408
f 5602 6408 4475
f 8754 5353 6409
f 1553 6409 763
f 117 7909 6410
f 117 6410 5417
f 3688 1625 6411
f 3688 6411 8592
f 379 1182 6412
f 379 6412 9586
f 4828 709 6413
f 4828 6413 4101
f 1492 9538 6414
f 1492 6414 3536
f 8260 4049 6415
f 3529 6415 1650
f 4732 4088 6416
f 4732 7491 5542
f 2039 9579 6417
f 2039 6417 2679
f 3337 8778 6418
f 3337 6418 8909
f 2188 935 6419
f 2188 6419 9792
f 1092 7901 6420
f 1092 6420 3004
f 1372 4843 6421
f 9603 6421 2262
f 1207 4832 6422
f 1207 6422 702
f 3587 1364 6423
f 3587 6423 834
f 916 3245 6424
f 916 6424 4027
f 4682 721 6425
f 4682 6425 173
f 2690 4597 6426
f 2690 6426 5283
f 1965 386 6427
f 1965 6427 8450
f 8749 7911 6428
f 14 6428 7313
f 1744 8680 6429
f 1744 6429 7513
f 4515 9401 6430
f 4515 6430 3392
f 4668 8515 6431
f 4668 6431 764
f 1350 5547 6432
f 8896 6432 5031
f 8653 5622 6433
f 343 6433 589
f 207 7329 6434
f 207 6434 8916
f 3068 7290 6435
f 3068 6435 9478
f 2750 7453 6436
f 2750 6436 4864
f 7240 890 6437
f 3974 6437 4554
f 1405 3990 6438
f 1405 9334 515
f 4593 9712 6439
f 4593 6439 8328
f 1003 2253 6440
f 7494 6440 2582
f 2143 2383 6441
f 2143 6441 3693
f 492 8042 6442
f 492 6442 9543
f 2920 623 6443
f 2920 6443 8506
f 3590 3170 6444
f 3590 6444 8636
f 5557 4683 6445
f 5557 6445 8933
f 7629 4836 6446
f 129 6446 8666
f 2181 1038 6447
f 2181 6447 7741
f 3802 8921 6448
f 3802 6448 124
f 2546 9079 6449
f 2546 6449 5247
f 106 107 6450
f 8917 6450 650
f 4254 1312 6451
f 4254 6451 118
f 2832 5427 6452
f 2832 6452 618
f 2110 7516 6453
f 2110 8603 167
f 9 6000 6454
f 9 6454 8
f 1990 8638 6455
f 1990 6455 7654
f 3523 7664 6456
f 3523 6456 478
f 1035 400 6457
f 1035 8639 3411
f 110 8543 6458
f 110 6458 2061
f 1226 4659 6459
f 1226 6459 2409
f 2689 7348 6460
f 2689 6460 4269
f 3464 4309 6461
f 3464 6461 5749
f 2783 1634 6462
f 2783 6462 5275
f 1113 4096 6463
f 1113 6463 7248
f 3191 1237 6464
f 3191 6464 7478
f 4841 7235 6465
f 4841 6465 1237
f 5463 680 6466
f 5463 6466 1159
f 1127 7499 6467
f 1127 6467 8669
f 3150 5551 6468
f 3150 6468 3641
f 7463 1058 6469
f 5528 6469 1575
f 8940 522 6470
f 4102 6470 547
f 5438 1001 6471
f 7446 6471 9066
f 1947 5430 6472
f 1947 7651 1625
f 882 361 6473
f 882 6473 5415
f 4141 999 6474
f 4141 6474 8301
f 2937 1305 6475
f 2937 6475 1204
f 3567 399 6476
f 7662 9055 630
f 2392 3054 6477
f 2392 7709 5376
f 2637 7489 6478
f 2637 6478 3136
f 2629 4019 6479
f 2629 6479 5003
f 9353 1507 6480
f 284 6480 3631
f 349 5605 6481
f 349 6481 996
f 2445 894 6482
f 2445 6482 7492
f 5710 1895 6483
f 5710 6483 4528
f 998 5734 6484
f 998 6484 2754
f 1703 3273 6485
f 1703 6485 1076
f 1505 5536 6486
f 1505 8767 2155
f 2657 3016 6487
f 2657 6487 795
f 3966 4688 6488
f 3966 6488 772
f 2213 7212 6489
f 2213 6489 3867
f 4206 8120 6490
f 4206 6490 4590
f 291 4221 6491
f 291 6491 7633
f 2190 1416 6492
f 2190 6492 8439
f 1037 3706 6493
f 9223 6493 4031
f 5018 2889 6494
f 5018 6494 767
f 1068 2367 6495
f 9329 6495 3007
f 3193 4234 6496
f 3193 6496 1641
f 1161 5753 6497
f 1161 6497 4224
f 994 4227 6498
f 994 6498 8906
f 4887 952 6499
f 4887 6499 7634
f 1034 3604 6500
f 1034 6500 4886
f 3557 4834 6501
f 3557 6501 1435
f 4226 2184 6502
f 4226 6502 2477
f 1348 3048 6503
f 1348 6503 8649
f 1173 5345 6504
f 9077 6504 5581
f 4327 5612 6505
f 4327 6505 939
f 1875 5416 6506
f 1875 6506 4925
f 467 466 6507
f 467 6507 471
f 2138 7670 6508
f 2138 6508 2426
f 674 7657 6509
f 674 8673 7472
f 3426 1799 6510
f 3426 6510 8545
f 5567 4861 6511
f 5567 6511 513
f 50 49 6512
f 7631 6512 425
f 1917 2757 6513
f 1917 6513 7749
f 3991 2291 6514
f 3991 8936 2571
f 3080 3989 6515
f 3080 6515 5572
f 1429 3096 6516
f 1429 6516 277
f 1043 7770 6517
f 1043 6517 228
f 1614 8987 6518
f 1614 6518 2580
f 3169 8927 6519
f 3169 6519 2290
f 3462 799 6520
f 3462 6520 2364
f 5604 8905 6521
f 5604 6521 1192
f 9132 7897 6522
f 912 6522 5582
f 95 4235 6523
f 95 7667 8577
f 1391 3473 6524
f 1391 6524 8613
f 5880 510 6525
f 5880 6525 8619
f 1303 4625 6526
f 1303 6526 3500
f 4105 5248 6527
f 4105 6527 2183
f 3190 204 6528
f 3190 6528 8630
f 2256 3335 6529
f 2256 6529 8499
f 2168 4537 6530
f 2168 6530 4987
f 1617 7609 6531
f 1617 6531 8879
f 8871 7244 6532
f 298 6532 3152
f 561 3559 6533
f 8854 6533 3954
f 4493 1022 6534
f 4493 6534 1962
f 1711 8835 6535
f 1711 6535 908
f 3153 8490 6536
f 3153 6536 893
f 3671 7918 6537
f 3671 6537 4168
f 2530 8845 6538
f 2530 6538 7551
f 4072 8840 6539
f 4072 6539 2348
f 8848 4185 6540
f 5288 6540 7594
f 5324 4798 6541
f 5324 8846 282
f 4189 5702 6542
f 4189 6542 8857
f 3660 7540 6543
f 3660 6543 8858
f 8884 2119 6544
f 1483 6544 3743
f 567 5475 6545
f 8808 6545 4201
f 1748 3324 6546
f 8800 6546 3104
f 1913 4653 6547
f 8859 6547 7372
f 4803 5703 6548
f 4803 6548 8889
f 464 3564 6549
f 7684 6549 1986
f 1934 1431 6550
f 1934 8790 7570
f 1033 3955 6551
f 1033 7681 4494
f 3570 2760 6552
f 3570 6552 1533
f 3163 1430 6553
f 3163 6553 8868
f 823 7567 6554
f 823 6554 3560
f 5399 849 6555
f 5399 6555 4190
f 4153 8869 6556
f 4153 6556 417
f 2643 5683 6557
f 2643 6557 8826
f 96 2713 6558
f 8566 6558 4177
f 1712 7554 6559
f 8805 6559 7552
f 1985 2703 6560
f 1985 8797 7559
f 1115 3160 6561
f 1115 6561 8816
f 3467 4175 6562
f 3467 6562 9728
f 3565 923 6563
f 3565 6563 1262
f 3962 7613 6564
f 3962 6564 2105
f 820 5691 6565
f 7677 6565 4785
f 2416 7561 6566
f 2416 6566 3662
f 5516 7671 6567
f 5516 6567 8806
f 875 5400 6568
f 8814 6568 7574
f 3027 4656 6569
f 3027 6569 2333
f 109 5255 6570
f 109 7324 736
f 2106 8863 6571
f 2106 6571 7591
f 2715 7563 6572
f 2715 6572 7587
f 958 5499 6573
f 958 6573 2420
f 2179 7573 6574
f 8821 6574 4774
f 2602 7401 6575
f 8836 6575 5469
f 4586 577 6576
f 4586 6576 7371
f 1569 7553 6577
f 1569 6577 3030
f 3158 1052 6578
f 3158 6578 1361
f 1191 3159 6579
f 7678 6579 1789
f 3032 8827 6580
f 3032 6580 8829
f 1912 7564 6581
f 1912 6581 4068
f 3165 39 6582
f 3165 6582 8817
f 4772 8791 6583
f 4772 6583 8855
f 8847 4769 6584
f 3038 6584 7606
f 1359 8844 6585
f 1359 6585 8784
f 5488 1057 6586
f 5488 6586 9145
f 8824 4083 6587
f 2170 6587 7584
f 2488 1189 6588
f 2488 6588 8792
f 4193 8876 6589
f 4193 6589 3444
f 7673 739 6590
f 3967 6590 5295
f 8830 2763 6591
f 880 6591 7595
f 1989 4760 6592
f 1989 6592 8796
f 4170 1981 6593
f 4170 6593 4771
f 1976 3655 6594
f 8841 6594 4196
f 3393 5672 6595
f 3393 6595 8853
f 8807 4198 6596
f 1548 6596 5701
f 1267 2421 6597
f 1267 6597 7682
f 3161 850 6598
f 3161 6598 7601
f 7683 1231 6599
f 2178 6599 8708
f 8886 5470 6600
f 4066 6600 915
f 1774 5322 6601
f 1774 6601 8782
f 1738 3034 6602
f 1738 6602 5484
f 7685 4780 6603
f 3402 6603 8714
f 3960 7608 6604
f 3960 6604 8837
f 1916 4162 6605
f 8813 6605 7370
f 1403 8872 6606
f 1403 6606 5950
f 1911 8783 6607
f 1911 6607 8866
f 2423 252 6608
f 2423 6608 8873
f 7 3452 6609
f 7 6609 7369
f 3026 1166 6610
f 3026 6610 4948
f 8624 4676 6611
f 1249 6611 2610
f 369 3585 6612
f 369 6612 2127
f 2683 3579 6613
f 2683 6613 8738
f 4711 254 6614
f 4711 6614 519
f 1460 5617 6615
f 1460 6615 372
f 837 3689 6616
f 837 6616 2248
f 3406 881 6617
f 8151 6617 5455
f 336 5744 6618
f 336 6618 4149
f 956 4524 6619
f 956 6619 3522
f 4054 7695 6620
f 4054 6620 5409
f 61 2347 6621
f 7475 6621 1973
f 2129 4881 6622
f 2129 8760 5630
f 1922 3729 6623
f 8904 6623 4702
f 9030 3781 6624
f 5025 6624 7721
f 4148 2344 6625
f 4148 6625 581
f 2640 670 6626
f 2640 6626 5411
f 973 3230 6627
f 973 6627 588
f 2162 3637 6628
f 2162 6628 2816
f 2607 258 6629
f 2607 6629 3984
f 1314 7296 6630
f 1314 6630 8165
f 992 3332 6631
f 992 6631 8946
f 179 3617 6632
f 179 6632 2136
f 901 2125 6633
f 901 6633 4295
f 938 7526 6634
f 938 6634 667
f 4962 5373 6635
f 4962 6635 986
f 1473 862 6636
f 1473 6636 4862
f 295 5337 6637
f 295 6637 4727
f 2240 4099 6638
f 2240 6638 8526
f 8502 5394 6639
f 304 6639 3998
f 2442 3549 6640
f 2442 6640 4057
f 1268 5656 6641
f 1268 7281 4549
f 1612 370 6642
f 8651 6642 354
f 8483 1114 6643
f 7849 6643 539
f 1332 4927 6644
f 1332 6644 3067
f 3898 8985 6645
f 3898 6645 5970
f 654 700 6646
f 8556 6646 7703
f 4263 7467 6647
f 4263 6647 1687
f 3943 671 6648
f 3943 6648 841
f 8963 3408 6649
f 2095 6649 5564
f 7706 98 6650
f 1707 6650 3121
f 3042 4953 6651
f 3042 6651 5468
f 7575 1794 6652
f 75 6652 359
f 3157 4184 6653
f 3157 6653 4081
f 4954 1153 6654
f 7245 6654 3958
f 4300 652 6655
f 4300 6655 3673
f 1324 2848 6656
f 1324 6656 9835
f 4804 876 6657
f 8019 6657 2219
f 4802 426 6658
f 4802 6658 7945
f 2169 7930 6659
f 2169 6659 5705
f 5456 4712 6660
f 5456 6660 3981
f 2371 5336 6661
f 2371 6661 9149
f 813 2055 6662
f 813 6662 3853
f 153 3987 6663
f 153 6663 8627
f 806 8032 6664
f 806 8657 4743
f 3620 2794 6665
f 3620 6665 3219
f 1996 4568 6666
f 1996 6666 3580
f 2792 2480 6667
f 2792 6667 7747
f 4135 2564 6668
f 4135 6668 2165
f 1222 3123 6669
f 1222 6669 9556
f 1529 3584 6670
f 1529 6670 8667
f 2457 5532 6671
f 2457 6671 2775
f 967 5592 6672
f 9638 6672 4070
f 4435 4725 6673
f 4435 6673 8980
f 1410 9442 6674
f 1410 6674 410
f 1640 4744 6675
f 1640 6675 9466
f 5447 7482 6676
f 5447 6676 1991
f 2451 1109 6677
f 2451 6677 5027
f 324 3741 6678
f 324 6678 4627
f 1186 1860 6679
f 1186 6679 2726
f 4341 1098 6680
f 4341 6680 599
f 7360 1595 6681
f 976 6681 3978
f 4347 1337 6682
f 4347 6682 3771
f 4477 2516 6683
f 4477 6683 1199
f 3526 9833 6684
f 3526 6684 7488
f 3013 9004 6685
f 3013 6685 8553
f 895 4680 6686
f 7775 8500 3481
f 5727 8446 6687
f 5727 6687 4270
f 981 9765 6688
f 981 6688 5554
f 4904 2512 6689
f 4904 6689 9740
f 5406 3143 6690
f 5406 6690 2163
f 2131 9126 6691
f 2131 6691 7251
f 5755 7728 6692
f 5755 6692 2838
f 7388 5334 6693
f 1283 6693 5508
f 8222 9533 6694
f 861 6694 5631
f 3680 8691 6695
f 3680 6695 5921
f 3140 784 6696
f 3140 6696 7735
f 5748 556 6697
f 7718 6697 1155
f 4353 3349 6698
f 4353 6698 7646
f 1472 4281 6699
f 1472 6699 2329
f 5005 5787 6700
f 5005 6700 7515
f 5790 2672 6701
f 5790 6701 272
f 5717 8546 6702
f 5717 6702 5213
f 3818 4507 6703
f 3818 6703 1514
f 558 2198 6704
f 558 6704 766
f 4111 255 6705
f 4111 6705 8597
f 3760 485 6706
f 3760 6706 8893
f 2865 5742 6707
f 2865 6707 9616
f 1044 5773 6708
f 1044 6708 8894
f 8196 9605 6709
f 1396 6709 9005
f 1198 613 6710
f 9007 6710 3540
f 866 2721 6711
f 866 6711 5020
f 3761 482 6712
f 3761 7316 5452
f 1064 3323 6713
f 1064 6713 9407
f 1137 768 6714
f 7742 9010 3292
f 5766 7717 6715
f 5766 9829 7882
f 3260 639 6716
f 3260 6716 9119
f 5772 4329 6717
f 8964 7746 3218
f 1439 5852 6718
f 1439 6718 7503
f 1948 791 6719
f 9498 6719 3341
f 2506 1562 6720
f 2506 6720 9023
f 147 3293 6721
f 147 6721 9472
f 5769 245 6722
f 5769 6722 1551
f 5038 8062 6723
f 5038 6723 366
f 135 3091 6724
f 135 6724 148
f 3777 9811 6725
f 3777 6725 7469
f 1219 5794 6726
f 8974 6726 2080
f 5006 7309 6727
f 5006 6727 3276
f 341 342 6728
f 341 6728 9481
f 4114 4588 6729
f 4114 6729 2336
f 5796 8514 6730
f 5796 6730 3589
f 4115 5795 6731
f 4115 6731 3509
f 1725 3757 6732
f 9044 6732 5968
f 474 2866 6733
f 474 6733 8223
f 5028 1289 6734
f 5028 6734 5818
f 5030 5654 6735
f 5030 6735 8756
f 1638 5776 6736
f 1638 9017 5757
f 37 38 6737
f 37 6737 5715
f 1952 7771 6738
f 1952 6738 5007
f 4722 595 6739
f 4722 6739 1376
f 8078 3371 6740
f 2873 6740 5300
f 3287 593 6741
f 3287 6741 9065
f 1383 3281 6742
f 1383 6742 4349
f 11 712 6743
f 11 6743 9615
f 3217 7791 6744
f 3217 6744 7653
f 5806 1287 6745
f 5806 9098 7838
f 7437 704 6746
f 1088 6746 507
f 5010 205 6747
f 9025 6747 5564
f 302 5789 6748
f 302 9027 4108
f 2924 3543 6749
f 2924 9014 8137
f 5815 971 6750
f 5815 6750 3766
f 5669 9063 6751
f 5669 7790 47
f 1244 4359 6752
f 1244 6752 5414
f 944 1123 6753
f 944 8565 694
f 4344 339 6754
f 4344 6754 2870
f 2229 5023 6755
f 2229 6755 3701
f 2159 1102 6756
f 2159 6756 3905
f 2847 9511 6757
f 2847 6757 468
f 5819 1882 6758
f 5819 6758 9061
f 4709 7331 6759
f 4709 6759 1258
f 7805 3606 6760
f 1874 6760 241
f 9380 315 6761
f 5044 7810 138
f 4271 178 6762
f 4271 6762 4840
f 13 5037 6763
f 13 6763 4045
f 940 1885 6764
f 9050 6764 3583
f 7808 919 6765
f 56 6765 617
f 814 7781 6766
f 814 6766 4700
f 2508 1845 6767
f 2508 6767 5851
f 4988 1015 6768
f 4988 6768 1499
f 2017 472 6769
f 2017 6769 2680
f 5827 7859 6770
f 5827 6770 8607
f 1046 3730 6771
f 1046 6771 5785
f 5033 887 6772
f 5033 6772 5813
f 2007 9071 6773
f 2007 6773 5426
f 931 8540 6774
f 931 6774 9151
f 1931 1336 6775
f 1931 6775 5114
f 1805 9143 6776
f 1805 6776 9237
f 7870 2611 6777
f 1636 6777 3724
f 9070 2140 6778
f 5829 6778 7801
f 3001 8524 6779
f 3001 6779 8359
f 1933 827 6780
f 1933 6780 656
f 1660 4447 6781
f 1660 6781 3272
f 412 506 6782
f 412 6782 9086
f 3801 1693 6783
f 3801 6783 446
f 34 32 6784
f 34 6784 5834
f 5053 7842 6785
f 9075 6785 7350
f 2875 427 6786
f 2875 6786 2923
f 463 5089 6787
f 463 6787 7910
f 5832 580 6788
f 9764 6788 1211
f 3778 1503 6789
f 3778 6789 5555
f 2191 7852 6790
f 2191 6790 7824
f 4362 391 6791
f 4362 6791 5814
f 1960 8520 6792
f 1960 6792 5133
f 5059 8505 6793
f 5059 8115 3291
f 591 3776 6794
f 591 6794 4372
f 906 9146 6795
f 906 6795 9372
f 3844 5224 6796
f 3844 6796 2856
f 3538 2545 6797
f 3538 7839 1812
f 5062 1577 6798
f 5062 6798 5838
f 1073 3817 6799
f 1073 6799 5879
f 5839 9100 6800
f 5839 6800 3437
f 188 187 6801
f 188 6801 4360
f 611 9762 6802
f 611 6802 9238
f 3145 3739 6803
f 3145 7846 2244
f 2042 5914 6804
f 2042 6804 4511
f 4466 5915 6805
f 4466 6805 3811
f 4374 5066 6806
f 4374 6806 9112
f 2723 9113 6807
f 2723 6807 9074
f 1530 5263 6808
f 1530 6808 5120
f 5069 5847 6809
f 5069 6809 7863
f 5848 3288 6810
f 5848 6810 1756
f 4376 438 6811
f 4376 6811 3391
f 5849 163 6812
f 7851 6812 8953
f 5900 7796 6813
f 5900 6813 3839
f 2484 5135 6814
f 2484 6814 3779
f 1825 7410 6815
f 1825 6815 9374
f 5454 7436 6816
f 5454 6816 3010
f 1212 5934 6817
f 1212 8161 598
f 3257 9309 6818
f 3257 6818 5141
f 2056 3736 6819
f 2056 6819 4075
f 3775 4690 6820
f 3775 6820 5058
f 145 7960 6821
f 145 6821 7972
f 5857 7867 6822
f 5857 6822 5070
f 1225 3847 6823
f 1225 6823 7975
f 2727 3834 6824
f 9358 6824 2268
f 3099 9150 6825
f 3099 6825 7896
f 1423 3376 6826
f 1423 6826 7327
f 3134 2754 6827
f 3134 6827 9448
f 917 4595 6828
f 7621 6828 601
f 2070 2974 6829
f 9116 6829 5774
f 273 3605 6830
f 273 6830 4256
f 1157 7337 6831
f 1157 6831 9268
f 1294 1013 6832
f 1294 6832 2062
f 1508 5587 6833
f 7906 9723 720
f 5867 3491 6834
f 5867 6834 665
f 1000 3800 6835
f 1000 6835 7905
f 9127 1950 6836
f 5871 6836 8329
f 1563 9590 6837
f 1563 6837 3485
f 2600 9171 6838
f 2600 6838 4605
f 7878 5467 6839
f 1757 9207 2298
f 3686 2767 6840
f 3686 6840 3081
f 1086 4230 6841
f 1086 6841 9754
f 5878 757 6842
f 7880 6842 9047
f 1185 3410 6843
f 1185 6843 4029
f 1493 5074 6844
f 1493 6844 7884
f 8168 8982 6845
f 5221 6845 2787
f 176 796 6846
f 176 6846 3957
f 5884 9415 6847
f 5884 6847 5093
f 3308 8075 6848
f 3308 9346 2597
f 7889 3754 6849
f 5887 9152 3343
f 4266 7922 6850
f 4266 9794 5338
f 9211 3850 6851
f 3212 6851 4487
f 3809 5228 6852
f 3809 6852 1067
f 4565 9690 6853
f 4565 6853 4278
f 4955 3360 6854
f 4955 7891 3454
f 1541 9091 6855
f 7932 6855 5925
f 5888 80 6856
f 5888 6856 3907
f 3114 3790 6857
f 3114 6857 196
f 1100 9539 6858
f 1100 6858 2325
f 4390 856 6859
f 4390 6859 9129
f 373 9551 6860
f 7893 6860 4632
f 7895 2478 6861
f 5088 9124 5891
f 2073 1147 6862
f 9624 6862 5375
f 3213 3786 6863
f 3213 6863 9648
f 1177 3821 6864
f 1177 6864 433
f 180 660 6865
f 180 6865 5896
f 5259 4480 6866
f 5259 6866 3107
f 5065 9582 6867
f 5065 6867 5905
f 275 274 6868
f 275 6868 787
f 5907 1313 6869
f 5907 6869 8126
f 5906 1732 6870
f 5906 6870 3765
f 3311 5751 6871
f 9737 6871 6069
f 5908 9643 6872
f 5908 6872 2147
f 5913 810 6873
f 5913 8071 5104
f 5826 3708 6874
f 5826 6874 4936
f 878 571 6875
f 7926 6875 5310
f 1142 3714 6876
f 1142 7927 3280
f 5119 7233 6877
f 5119 6877 9203
f 406 2376 6878
f 406 6878 2917
f 5110 9406 6879
f 5110 6879 2232
f 1721 5870 6880
f 1721 8002 5296
f 9476 8057 6881
f 4926 6881 7232
f 1840 5800 6882
f 1840 6882 9818
f 5920 5095 6883
f 5920 6883 9220
f 552 264 6884
f 552 6884 9747
f 5125 8100 6885
f 5125 6885 4381
f 877 5367 6886
f 877 7474 9678
f 4032 9256 6887
f 4032 6887 638
f 1809 9202 6888
f 1809 6888 9232
f 4951 1005 6889
f 4951 7942 1320
f 3019 3677 6890
f 8609 6890 2621
f 4427 5778 6891
f 4427 6891 800
f 2266 3793 6892
f 8346 6892 4500
f 8285 3836 6893
f 4332 6893 5854
f 2026 8162 6894
f 2026 6894 8582
f 2189 1285 6895
f 2189 6895 415
f 5929 1732 6896
f 5929 6896 7977
f 4399 5812 6897
f 9336 7955 237
f 1299 3259 6898
f 1299 6898 218
f 2390 4215 6899
f 2390 6899 7940
f 451 1527 6900
f 451 9199 5282
f 3270 695 6901
f 3270 6901 1526
f 573 636 6902
f 573 6902 4818
f 5940 1567 6903
f 5940 6903 1999
f 344 5858 6904
f 344 6904 2185
f 1814 2980 6905
f 1814 6905 9108
f 3999 2950 6906
f 3999 6906 4640
f 9107 4871 6907
f 4299 6907 226
f 5538 279 6908
f 5538 6908 7267
f 1275 4440 6909
f 1275 6909 2090
f 3855 8342 6910
f 3855 6910 8208
f 5945 260 6911
f 5945 6911 9713
f 3304 4423 6912
f 3304 9588 1833
f 2596 5280 6913
f 7326 6913 4425
f 1891 6036 6914
f 1891 6914 8048
f 1181 2461 6915
f 1181 6915 9367
f 122 9213 6916
f 122 7985 3482
f 5952 8212 6917
f 5952 9789 2077
f 4356 8361 6918
f 4356 6918 1023
f 4966 1542 6919
f 9558 6919 6132
f 933 7944 6920
f 933 6920 3795
f 2206 3825 6921
f 2206 6921 4438
f 2086 5865 6922
f 2086 6922 5063
f 3092 673 6923
f 3092 9219 960
f 7992 730 6924
f 5955 6924 5097
f 921 2089 6925
f 921 7993 8459
f 3791 5117 6926
f 3791 6926 8332
f 2666 8941 6927
f 2666 6927 1494
f 3826 5965 6928
f 3826 6928 2018
f 5160 9254 6929
f 7997 6929 1715
f 4842 503 6930
f 8629 6930 5951
f 2583 5136 6931
f 2583 6931 5928
f 9739 1731 6932
f 1143 6932 692
f 1598 738 6933
f 1598 6933 9495
f 5969 4392 6934
f 5969 6934 9222
f 662 2300 6935
f 662 6935 9383
f 3320 64 6936
f 3320 6936 4352
f 5974 7433 6937
f 5974 6937 3932
f 9251 2822 6938
f 5245 6938 4713
f 1163 2884 6939
f 1163 6939 4384
f 4385 5934 6940
f 4385 6940 9201
f 5533 1848 6941
f 9781 6941 2638
f 1048 2289 6942
f 8012 6942 1517
f 345 609 6943
f 345 8013 8481
f 5864 9281 6944
f 5864 6944 1208
f 222 4386 6945
f 222 6945 950
f 3676 9565 6946
f 3676 6946 675
f 5077 9283 6947
f 5077 6947 857
f 3593 2015 6948
f 3593 6948 5574
f 156 9755 6949
f 156 6949 1847
f 4453 9153 6950
f 4453 6950 9834
f 5882 9283 6951
f 5882 6951 390
f 5980 9268 6952
f 5980 6952 9666
f 365 746 6953
f 365 6953 3309
f 1998 5022 6954
f 9101 6954 3980
f 2408 8295 6955
f 2408 6955 5899
f 5875 5087 6956
f 5875 8022 3416
f 5983 1528 6957
f 5983 8233 2551
f 3798 288 6958
f 3798 6958 3207
f 8428 5082 6959
f 1279 6959 4506
f 65 66 6960
f 65 6960 4964
f 2507 5040 6961
f 2507 6961 4873
f 5985 5079 6962
f 5985 6962 5166
f 8027 867 6963
f 5986 9262 532
f 9408 102 6964
f 2769 6964 3189
f 5987 9109 6965
f 5987 6965 751
f 1139 4381 6966
f 1139 6966 394
f 2606 4721 6967
f 2606 6967 330
f 1106 9198 6968
f 1106 6968 640
f 5866 8421 6969
f 5866 6969 7939
f 5990 2620 6970
f 5990 6970 501
f 5991 536 6971
f 5991 6971 2536
f 5992 5174 6972
f 5992 6972 1047
f 3513 756 6973
f 3513 8035 5645
f 2976 76 6974
f 9436 6974 1221
f 5258 9475 6975
f 5258 6975 9159
f 308 4146 6976
f 308 6976 4465
f 5998 557 6977
f 5998 6977 3255
f 1281 4326 6978
f 1281 6978 9277
f 6002 9862 6979
f 6002 6979 9272
f 2746 848 6980
f 2746 6980 8769
f 2146 824 6981
f 7305 9261 531
f 2273 6005 6982
f 9815 6982 1260
f 5182 9363 6983
f 5182 6983 655
f 6008 2037 6984
f 6008 6984 759
f 2958 2071 6985
f 2958 6985 9512
f 3614 9662 6986
f 3614 6986 574
f 902 2285 6987
f 902 6987 5965
f 924 6011 6988
f 924 9676 4417
f 2519 855 6989
f 2519 6989 5846
f 2881 4451 6990
f 2881 6990 9457
f 2699 7691 6991
f 2699 6991 5856
f 6018 9649 6992
f 6018 6992 1731
f 2978 5260 6993
f 2978 6993 183
f 2309 1077 6994
f 2309 6994 9293
f 5512 2706 6995
f 5512 6995 1609
f 85 2878 6996
f 85 6996 3808
f 1862 4566 6997
f 1862 6997 3435
f 8073 2910 6998
f 2619 6998 555
f 2317 7949 6999
f 2317 6999 1866
f 4389 9333 7000
f 4389 7000 3263
f 5214 1691 7001
f 5214 7001 9158
f 3857 9434 7002
f 3857 7002 8430
f 6026 2277 7003
f 6026 9160 4407
f 3556 4150 7004
f 3556 7004 570
f 2517 8327 7005
f 2517 7005 1214
f 1227 9042 7006
f 1227 7006 5647
f 3843 8251 7007
f 9411 7007 1856
f 5193 1353 7008
f 5193 9652 7963
f 3531 2288 7009
f 3531 8086 5598
f 9370 5842 7010
f 177 8088 103
f 2261 8110 7011
f 9292 7011 24
f 476 3476 7012
f 9682 7012 5398
f 6033 4437 7013
f 9613 7013 5180
f 4244 3547 7014
f 4244 7014 329
f 5103 1386 7015
f 5103 7015 8172
f 211 5989 7016
f 211 7016 4464
f 108 7916 7017
f 108 7017 3309
f 9469 1591 7018
f 166 7018 3477
f 8096 8507 7019
f 6038 7019 2565
f 8097 1768 7020
f 4418 7020 5178
f 5278 4321 7021
f 5278 8098 2911
f 859 4388 7022
f 859 7022 8419
f 4232 257 7023
f 4232 8101 9008
f 5200 6042 7024
f 5200 7024 987
f 1239 475 7025
f 8887 7025 2465
f 7269 5446 7026
f 1769 7026 9357
f 8105 3440 7027
f 6045 7027 9349
f 5203 1465 7028
f 5203 7028 1062
f 1168 311 7029
f 1168 7029 8154
f 4401 1511 7030
f 4401 7030 366
f 5205 8003 7031
f 5205 7031 8286
f 1523 8201 7032
f 1523 7032 8070
f 907 134 7033
f 907 7033 5201
f 5206 6094 7034
f 5206 8281 4410
f 9410 2278 7035
f 2819 7035 4312
f 843 2345 7036
f 9058 7036 2544
f 1559 689 7037
f 1559 7767 2595
f 35 2860 7038
f 9421 7038 4450
f 1512 5086 7039
f 1512 7039 3814
f 6053 8185 7040
f 6053 7040 8079
f 3265 1342 7041
f 3265 7041 4405
f 1677 1074 7042
f 1677 7042 481
f 457 626 7043
f 457 7043 5976
f 2927 8302 7044
f 2927 7044 7994
f 6056 2972 7045
f 6056 7298 799
f 1256 4367 7046
f 1256 7046 620
f 3700 1165 7047
f 3700 8130 5535
f 6060 9536 7048
f 6060 7048 2576
f 2043 5837 7049
f 2043 8133 5123
f 889 9179 7050
f 889 7050 9623
f 864 3875 7051
f 864 7051 9106
f 4040 9324 7052
f 4040 9366 2789
f 4229 919 7053
f 8142 7053 1971
f 1831 2399 7054
f 1831 7054 9780
f 2144 4504 7055
f 2144 7055 9452
f 9371 3353 7056
f 1737 7056 4650
f 3824 1213 7057
f 3824 7057 3316
f 6068 528 7058
f 6068 7058 333
f 984 382 7059
f 984 7059 8509
f 1665 8216 7060
f 1665 7060 8284
f 3382 8750 7061
f 3382 7061 1678
f 3603 9840 7062
f 3603 7062 9675
f 4436 9597 7063
f 4436 7063 6059
f 4738 36 7064
f 4738 7064 786
f 5220 9851 7065
f 5220 7065 9255
f 5218 251 7066
f 5218 8166 3748
f 6074 7983 7067
f 6074 7067 8239
f 4486 9843 7068
f 4486 7068 9299
f 3195 1516 7069
f 3195 7069 9767
f 8170 2372 7070
f 6075 7070 5219
f 3582 5192 7071
f 3582 9529 1297
f 1286 4872 7072
f 1286 7072 8678
f 3071 1807 7073
f 3071 7073 651
f 6082 9546 7074
f 6082 7074 3366
f 6083 9824 7075
f 6083 7075 774
f 6084 498 7076
f 6084 7076 622
f 5024 1870 7077
f 5024 7077 9034
f 804 352 7078
f 8186 7078 4552
f 8187 4058 7079
f 6086 7079 569
f 3992 398 7080
f 3992 7080 4866
f 1872 1070 7081
f 1872 7081 8175
f 1537 9156 7082
f 1537 7082 5997
f 1815 3821 7083
f 1815 7083 4412
f 5208 2285 7084
f 5208 7084 6076
f 836 5850 7085
f 836 7085 8478
f 2503 1085 7086
f 2503 7086 8189
f 30 31 7087
f 30 7087 4005
f 3355 9846 7088
f 3355 7088 6041
f 1524 8241 7089
f 1524 7089 5112
f 5886 1589 7090
f 5886 7090 779
f 3305 4514 7091
f 3305 9438 4448
f 123 3315 7092
f 123 7092 8409
f 2525 3331 7093
f 2525 7093 4118
f 8219 3427 7094
f 2303 9595 6096
f 2270 9269 7095
f 2270 7095 9684
f 4415 9548 7096
f 4415 7096 9661
f 4619 2211 7097
f 4619 7097 8230
f 2612 2965 7098
f 8224 7098 5511
f 6058 3278 7099
f 6058 7099 5212
f 3488 1333 7100
f 3488 8228 396
f 2523 466 7101
f 2523 7101 5155
f 3541 9140 7102
f 3541 7102 9826
f 2945 1633 7103
f 2945 7103 6078
f 63 5291 7104
f 63 9470 4308
f 9471 1599 7105
f 5229 7105 8264
f 42 2283 7106
f 42 9742 443
f 6019 1148 7107
f 6019 7107 9787
f 1134 8141 7108
f 1134 7108 647
f 6103 332 7109
f 6103 7109 5153
f 1486 2841 7110
f 1486 7110 9847
f 8148 5115 7111
f 2555 7111 9189
f 4454 537 7112
f 4454 7112 6090
f 1597 634 7113
f 1597 8243 4844
f 2052 773 7114
f 7814 9644 2263
f 2624 5917 7115
f 2624 7115 534
f 8247 3769 7116
f 6020 7116 1205
f 1531 948 7117
f 1531 8248 3747
f 266 6066 7118
f 8278 7118 2518
f 5209 2813 7119
f 5209 7119 6105
f 4468 9420 7120
f 4468 7120 2000
f 1466 4338 7121
f 1466 9500 2351
f 2260 8385 7122
f 2260 7122 5233
f 6108 3378 7123
f 6108 7123 9806
f 1446 1682 7124
f 1446 7124 8335
f 3535 9306 7125
f 3535 7125 8401
f 3319 2289 7126
f 3319 7126 811
f 3738 381 7127
f 3738 8259 3973
f 5216 1213 7128
f 5216 7128 1385
f 2407 871 7129
f 2407 7129 9092
f 1132 1850 7130
f 1132 7130 2589
f 3830 5161 7131
f 3830 7131 281
f 6113 2504 7132
f 6113 7132 421
f 8319 6004 7133
f 2193 7133 5911
f 1536 5132 7134
f 1536 7946 4375
f 5191 4409 7135
f 5191 7135 8173
f 100 3537 7136
f 100 7136 9822
f 1010 4429 7137
f 1010 7137 3829
f 1306 2949 7138
f 1306 9534 3375
f 5236 9856 7139
f 5236 7139 1666
f 4139 6110 7140
f 4139 7140 5354
f 3166 8444 7141
f 3166 7141 8396
f 4458 8340 7142
f 4458 7142 9387
f 2064 5799 7143
f 2064 7143 5589
f 4471 2785 7144
f 4471 7144 1089
f 1039 3933 7145
f 9836 7145 5971
f 1215 1877 7146
f 1215 7146 4238
f 2233 5169 7147
f 2233 7147 8204
f 5222 9858 7148
f 5222 7148 584
f 1594 2411 7149
f 1594 7149 2981
f 1304 430 7150
f 1304 7150 717
f 6121 2495 7151
f 6121 7151 968
f 2264 5161 7152
f 2264 7152 8296
f 6122 9798 7153
f 6122 7153 3275
f 9583 8206 7154
f 6123 7154 150
f 6124 231 7155
f 8305 7155 5050
f 629 628 9194
f 629 8362 3979
f 2887 247 7157
f 2887 7157 2498
f 4202 1611 7158
f 4202 9599 4808
f 2880 4480 7159
f 2880 8308 1309
f 2035 2321 7160
f 8309 7160 4731
f 3246 4245 7161
f 3246 8311 2842
f 2217 9517 7162
f 2217 7162 722
f 6126 1069 7163
f 6126 7163 9592
f 533 1957 7164
f 533 7164 4333
f 5072 9848 7165
f 5072 7165 5268
f 224 371 7166
f 224 7166 5933
f 1398 4478 7167
f 1398 7167 9367
f 1832 9861 7168
f 1832 7168 6127
f 2012 4403 7169
f 2012 7169 5892
f 1229 3371 7170
f 1229 8331 8973
f 3471 5472 7171
f 8891 8333 3927
f 518 5290 7172
f 9589 8338 6061
f 2591 1144 7173
f 2591 7173 3862
f 181 182 7174
f 181 8341 4742
f 1629 2651 7175
f 1629 9677 3112
f 1579 6088 7176
f 1579 8345 4456
f 2342 5139 7177
f 2342 7177 524
f 1265 2429 7178
f 1265 8352 8693
f 4699 1041 7179
f 4699 7179 267
f 3636 1292 7180
f 3636 9707 4222
f 1009 4432 7181
f 1009 9718 780
f 3294 367 7182
f 3294 7182 9838
f 2438 256 7183
f 2438 9733 4807
f 113 4284 7184
f 113 7184 1888
f 2446 5189 7185
f 2446 7185 1566
f 2605 8689 7186
f 2605 7186 3264
f 3840 9567 7187
f 3840 7187 9796
f 6130 8453 7188
f 6130 7188 9802
f 2027 9654 7189
f 2027 7189 6120
f 437 436 7190
f 437 7190 666
f 947 454 7191
f 947 7191 682
f 5636 8395 7192
f 5636 7192 989
f 6131 445 7193
f 6131 7193 2557
f 5930 468 7194
f 5930 8373 699
f 2028 6104 7195
f 2028 8374 8618
f 1767 5213 7196
f 1767 7196 8668
f 809 5199 7197
f 809 7197 2964
f 1300 244 7198
f 1300 7198 2053
f 516 401 7199
f 516 7199 793
f 41 1898 7200
f 41 8386 9860
f 1824 4087 7201
f 1824 7201 6087
f 4589 1228 7202
f 4589 9783 4325
f 3290 5148 7203
f 3290 9785 128
f 6116 1804 7204
f 6116 7204 706
f 3423 5234 7205
f 3423 7205 4647
f 413 3813 7206
f 413 7206 461
f 1071 3767 7207
f 1071 7207 2060
f 6133 937 7208
f 6133 8423 5224
f 8795 739 7209
f 8795 7209 1982
f 8503 514 7210
f 8503 7210 711
f 8660 6159 7211
f 8660 7211 5099
f 8623 527 7212
f 8623 7212 2213
f 9421 3314 7213
f 9421 7213 3832
f 9849 2395 7214
f 9849 7214 628
f 2996 440 7215
f 2996 7215 203
f 2294 285 7216
f 2294 7216 424
f 5735 1473 7217
f 5735 7217 8543
f 605 8462 7218
f 605 7218 5541
f 325 6516 7219
f 325 7219 5267
f 2479 1506 7220
f 2479 7220 3687
f 4583 9388 7221
f 4583 7221 6456
f 2084 3329 7222
f 2084 7222 669
f 6529 4532 7223
f 6529 7223 1764
f 4957 612 7224
f 4957 8582 429
f 5592 1722 7225
f 5592 7225 6672
f 2008 2222 7226
f 2008 7226 3843
f 3789 1694 7227
f 3789 7227 9177
f 3380 4505 7228
f 3380 7228 9689
f 2701 5485 7229
f 2701 7229 3860
f 1552 5556 7230
f 1552 7230 6146
f 854 2839 7231
f 854 7231 4562
f 1808 4287 7232
f 1808 7232 683
f 3348 9537 7233
f 3348 7233 3970
f 6525 510 7234
f 6525 7234 112
f 686 3895 7235
f 686 7235 6465
f 738 6933 7236
f 738 7236 4824
f 125 4052 7237
f 125 7237 534
f 1282 5352 7238
f 1282 7238 2151
f 6432 5031 7239
f 6432 7239 2072
f 3974 8683 7240
f 3974 7240 6437
f 4984 2300 7241
f 4984 7241 1039
f 4148 581 7242
f 4148 7242 5461
f 1955 6855 7243
f 1955 7243 5244
f 2414 6532 7244
f 2414 7244 2861
f 4954 5289 7245
f 4954 7245 6654
f 4467 521 7246
f 4467 7246 9267
f 4283 5168 7247
f 4283 7247 8648
f 4475 8701 7248
f 4475 7248 6408
f 1173 5345 7249
f 1173 7249 750
f 1273 8576 7250
f 1273 7250 5580
f 9548 4508 7251
f 1880 7251 3482
f 2980 1814 7252
f 2980 9702 5611
f 2553 5096 7253
f 2553 7253 9138
f 2541 396 7254
f 2541 7254 4601
f 243 1705 7255
f 243 7255 5195
f 3204 909 7256
f 3204 7256 4603
f 1391 4863 7257
f 1391 7257 8613
f 1036 3485 7258
f 1036 7258 2132
f 6302 2616 7259
f 6302 7259 1317
f 3009 6394 7260
f 3009 7260 2468
f 227 8575 7261
f 227 7261 228
f 3737 1609 7262
f 3737 7262 9284
f 904 2665 7263
f 904 8458 5589
f 1921 632 7264
f 1921 7264 8919
f 2154 2687 7265
f 2154 7265 4831
f 6613 3579 7266
f 6613 7266 5566
f 280 5538 7267
f 280 7267 3092
f 4059 8487 7268
f 4059 7268 2378
f 1769 3553 7269
f 1769 7269 7026
f 1620 5473 7270
f 1620 7270 444
f 2226 5500 7271
f 2226 7271 5682
f 3561 3037 7272
f 3561 7272 9500
f 2107 8788 7273
f 2107 7273 8522
f 4073 2246 7274
f 4073 7274 5250
f 2051 4931 7275
f 2051 7275 9287
f 111 112 7276
f 111 7276 2473
f 8443 1978 7277
f 1090 7277 4645
f 1624 5510 7278
f 1624 7278 6219
f 6383 1983 7279
f 6383 7279 1136
f 4223 8745 7280
f 4223 7280 493
f 6641 1268 7281
f 6641 7281 3895
f 3476 4968 7282
f 3476 8621 1853
f 6422 702 7283
f 6422 7283 3073
f 5246 2102 7284
f 5246 7284 4108
f 2389 4273 7285
f 2389 7285 6291
f 1970 3405 7286
f 1970 7286 767
f 3362 1384 7287
f 3362 7287 154
f 927 8430 7288
f 927 7288 1725
f 1742 5371 7289
f 1742 7289 6449
f 4294 8684 7290
f 4294 7290 8481
f 1348 2057 7291
f 1348 7291 5464
f 3586 151 7292
f 3586 7292 8998
f 6206 484 7293
f 6206 7293 2313
f 3532 1527 7294
f 8641 7294 2656
f 353 354 7295
f 353 7295 528
f 4730 6316 7296
f 4730 8945 1818
f 3876 3711 7297
f 3876 7297 4632
f 7045 6056 7298
f 7045 7298 4510
f 1602 6922 7299
f 1602 7299 8491
f 5792 553 7300
f 5792 7300 119
f 1305 2937 7301
f 8680 7301 4524
f 2466 9048 7302
f 2466 7302 25
f 1227 2623 7303
f 1227 7303 4331
f 2471 6147 7304
f 2471 7304 8509
f 2146 6981 7305
f 2146 7305 4991
f 2719 8632 7306
f 2719 7306 241
f 4211 6949 7307
f 4211 7307 2148
f 4825 1160 7308
f 4825 7308 2840
f 2161 5006 7309
f 2161 7309 6186
f 5268 2939 7310
f 5268 7310 1764
f 239 2145 7311
f 239 7311 3070
f 1749 4989 7312
f 1749 7312 4214
f 3173 6428 7313
f 3173 7313 6755
f 2923 2875 7314
f 2923 7314 5050
f 8551 1718 7315
f 4256 7315 2218
f 6712 3761 7316
f 6712 7316 2001
f 6972 587 7317
f 6972 7317 792
f 990 3892 7318
f 8580 7318 2282
f 2231 4714 7319
f 2231 7319 9006
f 1706 1264 7320
f 1706 7320 5425
f 4726 3098 7321
f 4726 7321 829
f 4191 5666 7322
f 4191 7322 6371
f 3446 1093 7323
f 3446 7323 5662
f 6570 109 7324
f 6570 7324 707
f 5417 312 7325
f 5417 7325 9560
f 2596 6913 7326
f 2596 7326 8883
f 4145 8741 7327
f 4145 7327 840
f 5722 4629 7328
f 5722 7328 226
f 160 3019 7329
f 160 7329 161
f 841 6648 7330
f 841 7330 3006
f 5339 1956 7331
f 5339 7331 3894
f 5306 3071 7332
f 5306 7332 4319
f 5366 602 7333
f 5366 7333 6290
f 3421 6263 7334
f 3421 7334 389
f 4269 2689 7335
f 4269 8697 276
f 4738 36 7336
f 4738 7336 2203
f 2374 5655 7337
f 2374 7337 5293
f 3508 974 7338
f 3508 7338 1350
f 294 295 7339
f 9314 7339 4602
f 15 2137 7340
f 15 7340 5642
f 6196 48 7341
f 6196 7341 5243
f 1095 682 7342
f 1095 7342 3578
f 1120 4024 7343
f 1120 7343 9037
f 1747 9554 7344
f 1747 7344 5575
f 3105 8934 7345
f 3105 7345 5422
f 3706 1739 7346
f 3706 7346 1037
f 3171 3859 7347
f 3171 7347 785
f 1334 2689 7348
f 1334 7348 8755
f 4707 1402 7349
f 4707 7349 4250
f 2540 9075 7350
f 2540 7350 3106
f 3047 170 7351
f 3047 7351 1464
f 1380 6261 7352
f 1380 7352 3122
f 6466 4719 7353
f 6466 7353 4547
f 2367 6495 7354
f 2367 7354 3181
f 5393 9518 7355
f 5393 7355 1988
f 1311 4053 7356
f 1311 7356 2953
f 3396 6270 7357
f 3396 7357 3253
f 1635 4828 7358
f 1635 7358 6747
f 4208 8611 7359
f 4208 7359 1977
f 976 6681 7360
f 976 7360 9212
f 5410 4736 7361
f 5410 7361 8555
f 6278 94 7362
f 6278 7362 4846
f 5643 3695 7363
f 5643 7363 6983
f 2816 9694 7364
f 2816 7364 9719
f 29 3965 7365
f 8765 7365 4974
f 4556 2546 7366
f 8466 7366 1859
f 1219 4555 7367
f 8974 7367 4969
f 5517 8812 7368
f 5517 7368 4803
f 5490 1477 7369
f 5490 7369 4003
f 5348 3645 7370
f 5348 7370 6605
f 385 2798 7371
f 385 7371 5513
f 1194 6547 7372
f 8877 7372 3059
f 1057 2177 7373
f 8866 7373 6607
f 4008 96 7374
f 4008 7374 8950
f 8832 5687 7375
f 1096 7375 4767
f 807 4585 7376
f 807 7376 5486
f 5400 2901 7377
f 5400 7377 3851
f 3505 1946 7378
f 8816 7378 6561
f 1936 1479 7379
f 1936 7379 4764
f 4185 6540 7380
f 4185 7380 6560
f 6580 2641 7381
f 6580 7381 8827
f 5506 6376 7382
f 5506 8786 4789
f 2418 1545 7383
f 2418 7383 4747
f 5333 2975 7384
f 5333 7384 6378
f 1262 4615 7385
f 1262 7385 5501
f 1169 2434 7386
f 8825 7386 6377
f 1987 6606 7387
f 1987 7387 6597
f 1283 6693 7388
f 1283 7388 2733
f 850 3340 7389
f 8791 7389 6583
f 2171 4947 7390
f 2171 7390 6373
f 4166 6370 7391
f 4166 8803 4756
f 1390 3470 7392
f 1390 7392 2166
f 1082 2422 7393
f 1082 7393 2734
f 844 2423 7394
f 844 7394 6375
f 2167 19 7395
f 2167 7395 6550
f 1362 5509 7396
f 8856 7396 3912
f 3046 340 7397
f 3046 8861 6344
f 5676 2350 7398
f 8868 7398 6553
f 2731 12 7399
f 8881 7399 1029
f 4303 4753 7400
f 4303 7400 3168
f 1442 8428 7401
f 1442 7401 4082
f 4000 649 7402
f 4000 7402 6199
f 969 6221 7403
f 969 7403 4546
f 469 522 7404
f 469 7404 4868
f 392 2808 7405
f 392 7405 4488
f 2236 6256 7406
f 2236 7406 5315
f 5137 5631 7407
f 5137 7407 1009
f 3630 1980 7408
f 3630 7408 343
f 1178 3552 7409
f 1178 7409 2458
f 5159 1825 7410
f 5159 7410 5964
f 5747 3719 7411
f 5747 7411 6326
f 3110 5442 7412
f 3110 7412 1428
f 8995 4676 7413
f 1776 7413 5375
f 1188 4692 7414
f 1188 7414 9078
f 2720 504 7415
f 2720 7415 5445
f 1154 8467 7416
f 1154 7416 6275
f 4210 8587 7417
f 4210 7417 1321
f 509 1470 7418
f 509 7418 8692
f 1701 1344 7419
f 8912 7419 5455
f 5085 583 7420
f 5085 7420 4116
f 1480 2679 7421
f 1480 8768 3199
f 2726 5232 7422
f 2726 7422 9028
f 1471 8758 7423
f 1471 7423 5520
f 1549 8670 7424
f 1549 7424 8729
f 5570 2038 7425
f 5570 7425 3925
f 6294 4696 7426
f 6294 7426 782
f 2379 8756 7427
f 2379 7427 8751
f 4857 965 7428
f 4857 7428 1593
f 994 8906 7429
f 994 7429 3198
f 4246 6666 7430
f 4246 7430 1765
f 2135 3679 7431
f 2135 7431 867
f 6288 8666 7432
f 6288 7432 5372
f 2995 1978 7433
f 2995 9318 3779
f 864 4634 7434
f 864 7434 9106
f 350 352 7435
f 350 7435 4599
f 200 201 7436
f 200 7436 5454
f 1088 687 7437
f 1088 7437 6746
f 2539 6763 7438
f 2539 7438 9015
f 5443 6484 7439
f 5443 7439 3702
f 8634 2188 7440
f 1904 7440 6105
f 2228 3118 7441
f 8596 7441 1276
f 337 3727 7442
f 337 7442 718
f 2334 2639 7443
f 9628 7443 1079
f 261 666 7444
f 8578 7444 3175
f 1339 5810 7445
f 1339 7445 6233
f 5438 6471 7446
f 5438 7446 3481
f 4721 53 7447
f 4721 7447 2606
f 3918 5385 7448
f 3918 7448 4668
f 8903 3907 7449
f 2431 7449 1743
f 1065 3619 7450
f 1065 7450 4258
f 6320 8602 7451
f 6320 7451 452
f 2771 1800 7452
f 2771 7452 1004
f 2150 2750 7453
f 2150 7453 4061
f 886 8674 7454
f 886 7454 6396
f 2535 8517 7455
f 2535 7455 4977
f 1156 6255 7456
f 1156 7456 5355
f 1336 1931 7457
f 1336 8548 6005
f 1610 3215 7458
f 1610 7458 5304
f 6859 387 7459
f 6859 7459 788
f 5017 1377 7460
f 5017 7460 1835
f 137 4150 7461
f 137 7461 8763
f 4896 2003 7462
f 4896 7462 1558
f 5528 8595 7463
f 5528 7463 6469
f 1577 6798 7464
f 1577 7464 5457
f 1331 5562 7465
f 1331 7465 5432
f 1197 3276 7466
f 1197 7466 2855
f 8640 6647 7467
f 5396 7467 834
f 4839 2795 7468
f 4839 7468 3209
f 1247 3777 7469
f 1247 7469 5733
f 3245 3591 7470
f 3245 7470 916
f 4350 712 7471
f 4350 7471 5760
f 1354 2320 7472
f 1354 7472 3624
f 2153 8600 7473
f 2153 7473 8706
f 6886 8539 7474
f 6886 7474 877
f 61 6621 7475
f 61 7475 4604
f 2823 3698 7476
f 2823 7476 2360
f 1570 4563 7477
f 1570 7477 5600
f 803 3191 7478
f 803 7478 4842
f 3487 8630 7479
f 3487 7479 2403
f 1941 565 7480
f 1941 8700 3124
f 406 2917 7481
f 406 7481 4938
f 979 2302 7482
f 979 7482 5447
f 1278 2598 7483
f 1278 8429 761
f 2149 3539 7484
f 9299 7484 4850
f 4597 370 7485
f 4597 7485 6426
f 5358 3942 7486
f 5358 7486 6222
f 1295 7027 7487
f 1295 7487 3052
f 1335 372 7488
f 1335 7488 6684
f 2079 6152 7489
f 2079 7489 2637
f 101 1699 7490
f 101 7490 8439
f 6416 4732 7491
f 6416 7491 731
f 233 5609 7492
f 233 8898 3640
f 1920 5555 7493
f 8909 7493 1972
f 1003 6440 7494
f 1003 7494 4716
f 2841 4320 7495
f 8777 7495 975
f 2337 8759 7496
f 2337 7496 5606
f 8705 1950 7497
f 2364 7497 52
f 93 8737 7498
f 93 7498 3211
f 1929 3083 7499
f 1929 7499 5392
f 3691 78 7500
f 3691 7500 5651
f 6722 1995 7501
f 6722 7501 4979
f 1604 4047 7502
f 1604 7502 5544
f 4495 3921 7503
f 4495 7503 6718
f 818 5599 7504
f 818 7504 8438
f 9331 2232 7505
f 4230 7505 1086
f 2406 2839 7506
f 9513 7506 992
f 3595 6338 7507
f 3595 7507 1042
f 3180 4724 7508
f 3180 7508 8669
f 4103 899 7509
f 4103 7509 5525
f 2185 2773 7510
f 2185 7510 4915
f 2604 1200 7511
f 2604 7511 5329
f 1890 3985 7512
f 1890 7512 8513
f 8920 5435 7513
f 3023 7513 5576
f 1462 3386 7514
f 1462 7514 8570
f 210 2392 7515
f 210 7515 8523
f 996 3994 7516
f 996 7516 3144
f 3126 4323 7517
f 3126 7517 2635
f 5351 8936 7518
f 5351 7518 1829
f 1405 3990 7519
f 1405 7519 4932
f 497 5015 7520
f 497 7520 6644
f 3554 677 7521
f 3554 7521 1914
f 3572 4646 7522
f 3572 7522 8686
f 2354 4838 7523
f 2354 7523 5838
f 1129 4130 7524
f 9103 7524 5578
f 2394 3149 7525
f 8761 7525 5608
f 2636 3010 7526
f 2636 7526 5313
f 1122 2629 7527
f 1122 7527 4016
f 819 4889 7528
f 819 7528 1698
f 8762 1207 7529
f 71 7529 3717
f 2560 4841 7530
f 2560 7530 8701
f 3674 4158 7531
f 3674 7531 1325
f 3653 2438 7532
f 3653 7532 4612
f 5499 958 7533
f 8783 7533 3448
f 1573 4155 7534
f 1573 7534 4574
f 893 3153 7535
f 8833 7535 6214
f 2243 8874 7536
f 2243 7536 8787
f 2108 8854 7537
f 2108 7537 4981
f 3662 6566 7538
f 8835 7538 136
f 2797 4618 7539
f 2797 7539 1239
f 4798 6541 7540
f 4798 7540 3660
f 1616 8802 7541
f 1616 7541 2709
f 4758 719 7542
f 4758 8843 2058
f 2799 1097 7543
f 8853 7543 2202
f 1328 8884 7544
f 1328 7544 8809
f 3649 4571 7545
f 8782 7545 4197
f 3060 1607 7546
f 3060 8785 6380
f 300 4067 7547
f 8890 7547 5466
f 4178 8846 7548
f 4178 7548 4654
f 2807 1111 7549
f 2807 7549 8891
f 43 3028 7550
f 43 7550 8878
f 681 8789 7551
f 681 7551 6538
f 5738 8711 7552
f 5738 7552 1005
f 945 3445 7553
f 945 7553 6577
f 805 1712 7554
f 805 7554 3155
f 8799 6374 7555
f 1322 7555 5493
f 3450 5685 7556
f 3450 8845 2989
f 1474 1935 7557
f 1474 7557 3566
f 6353 8818 7558
f 6353 7558 2899
f 923 3565 7559
f 8867 7559 1985
f 3167 963 7560
f 3167 7560 3956
f 946 2416 7561
f 946 8804 4765
f 271 8793 7562
f 271 7562 8716
f 16 2715 7563
f 16 8806 4080
f 3559 6581 7564
f 3559 7564 561
f 4071 2330 7565
f 4071 7565 1424
f 2224 8836 7566
f 2224 7566 4300
f 2104 6554 7567
f 2104 8840 5477
f 3154 5740 7568
f 3154 7568 1112
f 8826 4081 7569
f 1052 7569 6578
f 1022 6534 7570
f 8882 7570 1934
f 1271 2802 7571
f 8828 7571 610
f 3560 823 7572
f 8875 7572 4085
f 4793 4187 7573
f 4793 7573 2179
f 8831 6568 7574
f 4535 7574 6355
f 75 4657 7575
f 75 7575 6652
f 39 3165 7576
f 39 7576 8823
f 8815 736 7577
f 4773 7577 5692
f 1411 8821 7578
f 1411 7578 3669
f 6216 1363 7579
f 6216 7579 3449
f 3442 8820 7580
f 3442 7580 8719
f 2800 1330 7581
f 8849 7581 4491
f 1427 6357 7582
f 1427 7582 8842
f 1975 5497 7583
f 1975 7583 8801
f 1361 2170 7584
f 1361 7584 3158
f 1590 4070 7585
f 1590 7585 5695
f 1189 2488 7586
f 8862 7586 3403
f 1783 6572 7587
f 1783 7587 4795
f 4179 5507 7588
f 4179 7588 1797
f 908 1938 7589
f 908 7589 6535
f 8876 1400 7590
f 2333 7590 6569
f 2419 2106 7591
f 9345 7591 4503
f 3655 1976 7592
f 3655 7592 812
f 8844 3929 7593
f 1981 7593 4170
f 4474 5288 7594
f 4474 7594 793
f 2348 4072 7595
f 2348 7595 880
f 1351 8707 7596
f 1351 7596 6217
f 1056 2710 7597
f 1056 8855 3447
f 3324 1270 7598
f 3324 7598 1748
f 4653 1913 7599
f 4653 7599 3657
f 1195 2417 7600
f 1195 8888 3454
f 1234 5675 7601
f 1234 7601 6598
f 4175 3467 7602
f 4175 7602 5686
f 1475 5674 7603
f 8865 7603 6346
f 3162 821 7604
f 8872 7604 2562
f 8837 1623 7605
f 1430 7605 3163
f 1533 3038 7606
f 1533 7606 6552
f 176 4652 7607
f 176 7607 796
f 826 6351 7608
f 826 7608 3960
f 3152 1617 7609
f 3152 7609 298
f 8838 6166 7610
f 2105 7610 6564
f 8858 2331 7611
f 5251 7611 6219
f 417 4153 7612
f 417 7612 2067
f 22 3962 7613
f 22 8879 5483
f 3880 3090 7614
f 3880 7614 2549
f 5373 1496 7615
f 5373 7615 4962
f 2481 4227 7616
f 2481 7616 1399
f 1618 8650 7617
f 1618 7617 4685
f 6500 3604 7618
f 6500 7618 1394
f 1365 6275 7619
f 1365 7619 8650
f 6388 2791 7620
f 6388 9315 4517
f 917 6828 7621
f 917 7621 2430
f 5630 2129 7622
f 5630 7622 2393
f 1238 4228 7623
f 8772 7623 4687
f 1770 5277 7624
f 1770 7624 3926
f 8929 1487 7625
f 1367 7625 4095
f 4349 6742 7626
f 4349 9155 6928
f 1930 3492 7627
f 1930 7627 6689
f 3115 956 7628
f 3115 7628 6311
f 129 6446 7629
f 129 7629 2729
f 175 4682 7630
f 8905 7630 2837
f 50 6512 7631
f 50 7631 2059
f 1364 2128 7632
f 1364 7632 2768
f 5465 2401 7633
f 5465 7633 1779
f 2472 4887 7634
f 2472 8770 83
f 6629 3984 7635
f 6629 7635 1683
f 81 6285 7636
f 81 7636 2982
f 1414 679 7637
f 1414 7637 3573
f 3574 6337 7638
f 3574 7638 158
f 1730 5369 7639
f 1730 7639 6175
f 2944 4914 7640
f 2944 7640 434
f 1083 2391 7641
f 1083 7641 4843
f 229 230 7642
f 229 7642 2369
f 2796 173 7643
f 2796 7643 6622
f 2239 9312 7644
f 2239 7644 8608
f 8635 2041 7645
f 1257 7645 4570
f 2211 8610 7646
f 2211 7646 9289
f 2139 2828 7647
f 2139 7647 4900
f 3430 8624 7648
f 3430 7648 8919
f 1720 2201 7649
f 1720 7649 6262
f 892 245 7650
f 892 7650 5776
f 6472 4975 7651
f 6472 7651 1947
f 3133 597 7652
f 3133 8508 2092
f 5436 1498 7653
f 5436 7653 808
f 959 6455 7654
f 959 7654 3222
f 3549 6640 7655
f 3549 7655 9099
f 2136 6632 7656
f 2136 7656 6264
f 5584 6509 7657
f 5584 7657 2323
f 2097 3101 7658
f 2097 7658 1759
f 4667 2728 7659
f 4667 7659 3938
f 5093 3802 7660
f 5093 7660 3296
f 82 4106 7661
f 82 7661 6637
f 3567 868 7662
f 3567 7662 6476
f 2225 8688 7663
f 2225 7663 772
f 2739 3523 7664
f 2739 7664 4623
f 1233 1681 7665
f 1233 7665 8665
f 3256 1780 7666
f 3256 7666 63
f 6523 95 7667
f 6523 7667 5556
f 2339 8695 7668
f 2339 7668 6163
f 2666 8646 7669
f 2666 7669 8941
f 1150 6508 7670
f 1150 8928 2444
f 3043 3648 7671
f 3043 7671 9738
f 3452 4786 7672
f 3452 7672 5682
f 3967 4751 7673
f 3967 7673 6590
f 1032 1174 7674
f 1032 7674 5811
f 3 4 7675
f 3 7675 5469
f 4069 9507 7676
f 4069 7676 5670
f 820 6565 7677
f 820 7677 2988
f 1191 3647 7678
f 1191 7678 6579
f 8498 3238 7679
f 428 7679 5473
f 4537 362 7680
f 4537 7680 1081
f 6551 1033 7681
f 6551 7681 3401
f 4010 936 7682
f 4010 7682 5494
f 2178 6599 7683
f 2178 7683 5318
f 464 6549 7684
f 464 7684 4799
f 3402 6603 7685
f 3402 7685 1798
f 252 3658 7686
f 252 7686 544
f 1360 4077 7687
f 1360 7687 6145
f 5484 2712 7688
f 9326 7688 985
f 4154 729 7689
f 4154 7689 8473
f 2109 3029 7690
f 2109 7690 8563
f 5702 1572 7691
f 5702 9442 6674
f 4545 5305 7692
f 4545 7692 6229
f 4592 6187 7693
f 4592 7693 1532
f 253 419 7694
f 253 7694 4600
f 1799 6505 7695
f 1799 7695 1190
f 2922 8947 7696
f 2922 7696 5357
f 4934 3525 7697
f 4934 7697 388
f 3016 5754 7698
f 3016 7698 404
f 988 9052 7699
f 988 7699 6220
f 913 5557 7700
f 913 7700 2821
f 8536 1538 7701
f 2014 7701 4963
f 2091 1460 7702
f 2091 7702 920
f 2315 5457 7703
f 2315 7703 3625
f 3491 6390 7704
f 3491 7704 310
f 4135 8969 7705
f 4135 7705 320
f 1707 6650 7706
f 1707 7706 5646
f 546 6246 7707
f 546 8937 5299
f 1332 3067 7708
f 1332 7708 8507
f 6477 3472 7709
f 6477 7709 2392
f 1255 3203 7710
f 1255 7710 8482
f 1051 2683 7711
f 1051 7711 777
f 2454 3085 7712
f 2454 7712 5368
f 1562 6720 7713
f 1562 7713 2101
f 1323 3762 7714
f 1323 7714 4958
f 3055 59 7715
f 3055 7715 6413
f 2357 3200 7716
f 9039 7716 4546
f 2632 5766 7717
f 2632 7717 789
f 5748 168 7718
f 5748 7718 6697
f 3600 4330 7719
f 3600 7719 2566
f 1903 8752 7720
f 1903 7720 5401
f 2836 6489 7721
f 2836 7721 5780
f 2212 4787 7722
f 2212 7722 3504
f 1055 4160 7723
f 1055 7723 9823
f 2415 5503 7724
f 2415 7724 4169
f 1007 517 7725
f 1007 7725 6623
f 5752 4133 7726
f 5752 7726 3594
f 962 4999 7727
f 9699 7727 2618
f 894 3613 7728
f 894 7728 6692
f 3143 1243 7729
f 3143 8961 6690
f 5786 6517 7730
f 5786 7730 202
f 6699 8967 7731
f 6699 7731 1630
f 4895 4040 7732
f 4895 7732 5532
f 2838 1603 7733
f 2838 8966 4899
f 6231 8967 7734
f 6231 7734 8972
f 5758 1318 7735
f 5758 7735 292
f 4090 2362 7736
f 4090 7736 1614
f 1895 6483 7737
f 1895 7737 2322
f 297 2123 7738
f 297 7738 9001
f 8978 4478 7739
f 3758 7739 599
f 2426 40 7740
f 2426 7740 4909
f 386 4639 7741
f 8931 7741 6447
f 1137 3849 7742
f 1137 7742 6714
f 1044 863 7743
f 1044 7743 8894
f 6711 8990 7744
f 6711 7744 1632
f 5793 8529 7745
f 5793 7745 4248
f 6717 8986 7746
f 6717 7746 8964
f 4830 6618 7747
f 4830 7747 2792
f 120 119 7748
f 120 7748 6189
f 339 5771 7749
f 339 7749 3286
f 6719 3341 7750
f 6719 8732 791
f 8996 3408 7751
f 5787 7751 6700
f 2863 6749 7752
f 2863 7752 9172
f 107 757 7753
f 107 7753 3881
f 6409 1752 7754
f 6409 7754 763
f 9007 4125 7755
f 1198 7755 4658
f 4149 631 7756
f 4149 7756 336
f 3770 5898 7757
f 3770 7757 1002
f 5588 23 7758
f 5588 7758 1996
f 9000 727 7759
f 3766 7759 1631
f 986 4962 7760
f 986 7760 3735
f 1072 9125 7761
f 1072 7761 2398
f 1152 4354 7762
f 1152 7762 1897
f 262 548 7763
f 262 7763 5797
f 5043 5583 7764
f 5043 7764 557
f 394 9247 7765
f 394 7765 5779
f 2968 5045 7766
f 2968 7766 9290
f 7037 3998 7767
f 7037 7767 1559
f 2866 3285 7768
f 2866 7768 5777
f 9009 5816 7769
f 6737 7769 38
f 2628 1043 7770
f 8553 7770 4580
f 4297 3719 7771
f 4297 7771 2483
f 1395 2147 7772
f 1395 7772 4876
f 6736 3527 7773
f 9017 7773 4499
f 1719 9045 7774
f 1719 7774 3411
f 895 6686 7775
f 895 7775 9067
f 4224 1161 7776
f 4224 7776 8927
f 5036 713 7777
f 5036 7777 9057
f 6705 9042 7778
f 6705 7778 8597
f 5808 1582 7779
f 5808 9023 6720
f 69 70 7780
f 69 7780 6197
f 3344 4351 7781
f 3344 7781 2724
f 5010 1902 7782
f 5010 7782 5807
f 1750 3480 7783
f 1750 7783 5527
f 114 450 7784
f 114 7784 115
f 2892 1341 7785
f 8617 7785 5791
f 5021 5790 7786
f 5021 7786 734
f 6208 9056 7787
f 6208 7787 9020
f 5753 1449 7788
f 5753 7788 2126
f 6752 9032 7789
f 6752 7789 9040
f 6751 3345 7790
f 6751 7790 5669
f 3685 5274 7791
f 3685 7791 480
f 6753 708 7792
f 6753 8565 944
f 3615 3065 7793
f 3615 7793 9064
f 1256 9555 7794
f 1256 7794 620
f 1497 2646 7795
f 1497 7795 491
f 2198 6704 7796
f 2198 7796 5040
f 3989 5648 7797
f 3989 7797 6515
f 2815 8557 7798
f 2815 7798 3225
f 910 5065 7799
f 910 9667 3229
f 9043 625 7800
f 5818 7800 6734
f 5014 896 7801
f 5014 7801 9022
f 6757 9178 7802
f 6757 7802 9511
f 3509 2386 7803
f 3509 7803 4298
f 1030 9041 7804
f 1030 7804 9073
f 1874 4279 7805
f 1874 7805 6760
f 940 4357 7806
f 940 7806 5326
f 6762 9258 7807
f 6762 7807 9241
f 56 6765 7808
f 56 7808 57
f 13 5037 7809
f 13 7809 5824
f 6761 9046 7810
f 6761 7810 5044
f 1735 3953 7811
f 9053 7811 6419
f 949 5071 7812
f 949 9338 1687
f 2727 2122 7813
f 2727 7813 6824
f 2052 7114 7814
f 2052 7814 6102
f 3298 955 7815
f 3298 7815 5837
f 121 1842 7816
f 121 7816 4588
f 1027 5030 7817
f 1027 9061 5276
f 2007 8938 7818
f 2007 7818 9071
f 2516 9069 7819
f 2516 7819 4636
f 1407 5553 7820
f 1407 7820 9082
f 5828 1167 7821
f 5828 7821 685
f 1667 5075 7822
f 1667 7822 5245
f 9072 4130 7823
f 6780 7823 656
f 3258 5034 7824
f 3258 7824 5822
f 3288 775 7825
f 3288 7825 1025
f 1994 3917 7826
f 1994 7826 6223
f 9059 2259 7827
f 971 7827 3760
f 6164 3419 7828
f 6164 7828 3736
f 2913 68 7829
f 2913 9080 6339
f 5833 4971 7830
f 5833 7830 4477
f 2112 1268 7831
f 2112 7831 942
f 5823 2257 7832
f 5823 7832 1646
f 6791 1534 7833
f 6791 7833 391
f 5058 2891 7834
f 5058 7834 5835
f 4348 1440 7835
f 4348 7835 6772
f 932 8813 7836
f 932 7836 5472
f 3287 1408 7837
f 3287 7837 9065
f 4337 5806 7838
f 4337 7838 5829
f 6797 3538 7839
f 6797 9656 2216
f 2002 6610 7840
f 2002 7840 720
f 931 9151 7841
f 931 7841 3908
f 9089 6785 7842
f 595 7842 6739
f 144 5211 7843
f 144 7843 3311
f 2486 928 7844
f 9018 7844 5019
f 6801 5841 7845
f 9094 7845 5328
f 6803 473 7846
f 6803 7846 3145
f 1337 6682 7847
f 1337 7847 9184
f 3886 5579 7848
f 3886 9805 1860
f 1906 6643 7849
f 1906 7849 5608
f 2316 5857 7850
f 9100 7850 3346
f 5849 6812 7851
f 5849 7851 88
f 502 6790 7852
f 502 7852 6716
f 4862 6270 7853
f 4862 7853 6636
f 1940 3847 7854
f 1940 7854 9468
f 9118 4039 7855
f 2682 7855 3931
f 3781 4363 7856
f 3781 7856 465
f 1953 3372 7857
f 9309 7857 6504
f 5027 9098 7858
f 5027 7858 2451
f 5048 5827 7859
f 5048 9113 966
f 2713 4766 7860
f 2713 7860 9150
f 34 9115 7861
f 34 7861 5834
f 4379 2888 7862
f 4379 7862 9134
f 4340 6809 7863
f 4340 7863 479
f 1076 1703 7864
f 1076 7864 3946
f 5862 9489 7865
f 5862 7865 9825
f 5002 9119 7866
f 5002 7866 9132
f 4810 637 7867
f 4810 7867 630
f 2070 387 7868
f 2070 7868 5061
f 2054 4383 7869
f 2054 9407 1064
f 1636 6777 7870
f 9231 7870 2258
f 3631 663 7871
f 3631 7871 317
f 426 6658 7872
f 426 7872 5961
f 6832 8496 7873
f 6832 7873 163
f 3710 1454 7874
f 3710 7874 2961
f 3116 162 7875
f 3116 7875 4675
f 2600 9171 7876
f 2600 7876 5873
f 5874 31 7877
f 9130 7877 3157
f 1757 6839 7878
f 1757 7878 3969
f 5876 369 7879
f 9131 7879 438
f 5878 9602 7880
f 5878 7880 6842
f 9452 7055 7881
f 5089 7881 5880
f 3924 9829 7882
f 3924 7882 1432
f 4394 668 7883
f 4394 7883 6802
f 4132 3538 7884
f 4132 7884 6844
f 926 5578 7885
f 926 7885 4030
f 2272 9458 7886
f 2272 7886 3079
f 2384 5832 7887
f 2384 7887 9727
f 1648 5055 7888
f 1648 7888 6314
f 5887 6849 7889
f 5887 7889 9122
f 6851 3850 7890
f 6851 7890 99
f 6854 4955 7891
f 6854 7891 3745
f 1417 556 7892
f 1417 7892 8956
f 373 621 7893
f 373 7893 6860
f 9198 1106 7894
f 3490 7894 2069
f 5088 9168 7895
f 5088 7895 6861
f 4666 3099 7896
f 4666 7896 594
f 2215 5763 7897
f 2215 7897 9162
f 6631 3332 7898
f 6631 9148 1628
f 3765 5906 7899
f 3765 7899 4390
f 6864 9180 7900
f 6864 7900 4639
f 5029 9384 7901
f 5029 7901 6420
f 3063 4708 7902
f 8590 7902 691
f 4324 2501 7903
f 4324 7903 5425
f 3817 5187 7904
f 3817 7904 4488
f 4442 5151 7905
f 4442 7905 9010
f 1508 9723 7906
f 1508 7906 9142
f 9730 6738 7907
f 3412 7907 5767
f 5899 6395 7908
f 5899 7908 9257
f 1949 5091 7909
f 1949 7909 6410
f 2648 9547 7910
f 2648 7910 614
f 1308 9550 7911
f 1308 7911 8749
f 9462 3596 7912
f 802 7912 710
f 1677 9375 7913
f 1677 7913 1074
f 3616 1302 7914
f 3616 7914 9169
f 5904 126 7915
f 9163 7915 3873
f 754 108 7916
f 754 7916 6143
f 6868 274 7917
f 6868 7917 5156
f 1482 6047 7918
f 1482 9530 5460
f 9167 687 7919
f 5108 7919 2518
f 1182 462 7920
f 1182 7920 6412
f 6871 9175 7921
f 6871 7921 5751
f 3520 839 7922
f 3520 7922 4266
f 5915 1597 7923
f 5915 7923 776
f 6874 3708 7924
f 9174 7924 3946
f 5013 5800 7925
f 5013 7925 5256
f 878 6875 7926
f 878 7926 3377
f 6876 1142 7927
f 6876 7927 9185
f 2311 5709 7928
f 2311 7928 9036
f 3756 9562 7929
f 3756 7929 830
f 3652 2246 7930
f 3652 7930 2169
f 1203 2029 7931
f 1203 7931 9139
f 1541 3546 7932
f 1541 7932 6855
f 1429 277 7933
f 1429 7933 4865
f 6879 2952 7934
f 6879 7934 5909
f 1732 5929 7935
f 1732 7935 5906
f 3484 135 7936
f 9186 7936 322
f 5920 9220 7937
f 5920 7937 2494
f 6884 5434 7938
f 6884 7938 264
f 5126 5866 7939
f 5126 9817 364
f 5129 2997 7940
f 5129 7940 6899
f 1045 6929 7941
f 1045 7941 8798
f 6889 1433 7942
f 6889 7942 4951
f 5319 2022 7943
f 5319 7943 6205
f 1291 9152 7944
f 1291 7944 6920
f 1883 2082 7945
f 1883 7945 2931
f 7134 1822 7946
f 7134 7946 1536
f 2870 9208 7947
f 2870 7947 1121
f 2588 2265 7948
f 2588 7948 9222
f 9102 2317 7949
f 3221 7949 4382
f 1147 2991 7950
f 1147 7950 5041
f 5135 9408 7951
f 5135 7951 635
f 6043 3185 7952
f 6043 7952 4201
f 4048 2691 7953
f 4048 7953 3365
f 6895 9722 7954
f 6895 7954 415
f 6897 8489 7955
f 6897 7955 9336
f 4434 3333 7956
f 4434 7956 751
f 5764 3921 7957
f 5764 7957 1945
f 5322 301 7958
f 5322 7958 8451
f 5937 724 7959
f 5937 7959 6900
f 259 6821 7960
f 259 7960 6191
f 2044 5939 7961
f 2044 7961 4255
f 591 3776 7962
f 591 7962 5060
f 2740 7000 7963
f 2740 7963 9652
f 6902 636 7964
f 6902 7964 4280
f 4129 8547 7965
f 4129 7965 891
f 6403 690 7966
f 6403 7966 5935
f 2885 3320 7967
f 9425 7967 6775
f 885 5888 7968
f 885 7968 3718
f 1386 5859 7969
f 9700 7969 1265
f 5942 1509 7970
f 5942 7970 3398
f 1456 5728 7971
f 1456 9705 3001
f 5716 6821 7972
f 5716 7972 4898
f 5149 9710 7973
f 5149 7973 768
f 5150 1049 7974
f 5150 7974 4102
f 1714 2469 7975
f 1714 7975 1225
f 5582 4539 7976
f 5582 7976 3731
f 2182 1366 7977
f 2182 7977 5119
f 4513 6783 7978
f 4513 7978 5262
f 5946 2591 7979
f 9204 7979 6258
f 3304 5948 7980
f 3304 7980 1833
f 6638 4099 7981
f 6638 7981 9636
f 1151 6628 7982
f 8744 7982 3291
f 3410 1185 7983
f 3410 7983 1843
f 4355 248 7984
f 4355 7984 9721
f 6916 4213 7985
f 6916 7985 122
f 1727 104 7986
f 1727 7986 3268
f 9630 1105 7987
f 4986 7987 3232
f 4215 6899 7988
f 4215 7988 9226
f 2894 9265 7989
f 2894 7989 9842
f 2032 4085 7990
f 2032 7990 116
f 2086 5865 7991
f 9218 7991 3644
f 5955 6924 7992
f 5955 7992 4391
f 6925 921 7993
f 6925 7993 494
f 5988 2514 7994
f 5988 7994 2927
f 5327 2156 7995
f 5327 7995 6271
f 3108 1567 7996
f 3108 9800 4850
f 5160 9584 7997
f 5160 7997 6929
f 6930 2400 7998
f 6930 7998 503
f 2173 1546 7999
f 2173 7999 6651
f 3226 3634 8000
f 3226 8000 505
f 1412 9208 8001
f 1412 8001 9253
f 9228 5759 8002
f 6880 8002 1721
f 6049 5205 8003
f 6049 8003 4396
f 5971 4982 8004
f 5971 8004 9836
f 321 5164 8005
f 321 8005 9205
f 3795 933 8006
f 3795 8006 6160
f 281 7131 8007
f 281 9229 6292
f 3004 1092 8008
f 9232 8008 4277
f 4385 3301 8009
f 4385 8009 5935
f 1163 5144 8010
f 1163 8010 5936
f 2786 1010 8011
f 9136 8011 6041
f 1048 6942 8012
f 1048 8012 1889
f 6943 345 8013
f 6943 8013 2241
f 6945 416 8014
f 6945 8014 5961
f 6947 9270 8015
f 6947 8015 2905
f 1704 2784 8016
f 1704 9237 5343
f 5086 2933 8017
f 5086 8017 4404
f 6948 5332 8018
f 6948 9259 5574
f 4804 6657 8019
f 4804 8019 4304
f 6444 4595 8020
f 6444 8020 8636
f 6953 746 8021
f 6953 8021 5154
f 6956 5875 8022
f 6956 8022 3733
f 4581 6471 8023
f 4581 8023 9724
f 6958 3207 8024
f 6958 9403 798
f 3825 2206 8025
f 3825 8025 4387
f 6959 5868 8026
f 6959 8026 4506
f 5986 6963 8027
f 5986 8027 1819
f 5987 751 8028
f 5987 8028 4705
f 1700 254 8029
f 1700 8029 6313
f 5990 9581 8030
f 5990 8030 501
f 390 9598 8031
f 390 8031 6951
f 2030 806 8032
f 2030 8032 5889
f 3932 857 8033
f 3932 8033 2907
f 5991 4199 8034
f 5991 8034 9298
f 6973 3513 8035
f 6973 8035 5885
f 3800 5993 8036
f 3800 8036 1000
f 3061 8581 8037
f 3061 8037 476
f 5456 4735 8038
f 5456 8038 4712
f 6341 3903 8039
f 6341 8039 186
f 1824 3694 8040
f 1824 8040 4087
f 5903 237 8041
f 5903 8041 2819
f 5179 2593 8042
f 5179 8042 550
f 2638 1175 8043
f 2638 8043 9781
f 2273 5105 8044
f 9815 8044 4975
f 9337 5346 8045
f 3741 8045 4848
f 1514 3818 8046
f 9457 8046 2881
f 6985 4577 8047
f 6985 8047 409
f 3107 6914 8048
f 3107 8048 6866
f 1696 9393 8049
f 1696 8049 943
f 1868 2808 8050
f 1868 8050 2194
f 208 6097 8051
f 208 8051 3677
f 924 4417 8052
f 924 8052 787
f 3409 5650 8053
f 3409 8053 1211
f 1421 1695 8054
f 1421 8054 6151
f 1556 3826 8055
f 1556 8055 4551
f 6989 5068 8056
f 6989 8056 4521
f 4278 2864 8057
f 4278 8057 6853
f 4888 660 8058
f 4888 8058 9311
f 5427 2832 8059
f 5427 8059 6670
f 234 6016 8060
f 234 8060 538
f 2782 846 8061
f 2782 9277 6502
f 5635 9557 8062
f 5635 8062 696
f 6993 5260 8063
f 9577 8063 5143
f 6994 8460 8064
f 6994 8064 1077
f 1918 3002 8065
f 1918 8065 6756
f 1451 6327 8066
f 1451 8066 2509
f 5984 2482 8067
f 5984 8067 6655
f 4976 9262 8068
f 4976 8068 6032
f 6996 9364 8069
f 6996 8069 2878
f 2077 7032 8070
f 2077 8070 9789
f 9749 2460 8071
f 6873 8071 5913
f 6997 9449 8072
f 6997 8072 3435
f 2619 1689 8073
f 2619 8073 6998
f 4051 8531 8074
f 4051 8074 2890
f 1820 5056 8075
f 1820 8075 3308
f 2547 9465 8076
f 2547 8076 4701
f 2455 1676 8077
f 2455 8077 2856
f 2873 6740 8078
f 9704 8078 3950
f 9227 6053 8079
f 847 8079 2235
f 1772 6379 8080
f 8885 8080 1294
f 9570 3417 8081
f 6399 8081 4559
f 9288 4520 8082
f 7004 8082 570
f 8769 6980 8083
f 4870 8083 2383
f 9304 6693 8084
f 2307 8084 1183
f 4463 3582 8085
f 4463 8085 445
f 7009 1680 8086
f 7009 8086 3531
f 4290 3224 8087
f 4290 8087 9569
f 7010 1652 8088
f 7010 8088 177
f 2820 4399 8089
f 2820 8089 177
f 7014 3547 8090
f 7014 8090 5020
f 1555 5382 8091
f 1555 8091 758
f 3391 1782 8092
f 3391 8092 4867
f 5128 877 8093
f 5128 8093 1595
f 9255 6726 8094
f 4465 8094 308
f 987 7024 8095
f 987 9383 4466
f 6038 2276 8096
f 6038 8096 7019
f 4418 7020 8097
f 4418 8097 6017
f 7021 5278 8098
f 7021 8098 3500
f 3057 9736 8099
f 3057 8099 3897
f 3174 1960 8100
f 3174 8100 6885
f 7023 1149 8101
f 7023 8101 4232
f 4740 415 8102
f 4740 8102 2369
f 7025 475 8103
f 7025 9563 2465
f 3227 1846 8104
f 3227 8104 4671
f 6045 7027 8105
f 6045 8105 5
f 607 9430 8106
f 607 8106 9154
f 5203 1465 8107
f 5203 8107 9810
f 9279 519 8108
f 4352 8108 6016
f 9313 2242 8109
f 6046 8109 427
f 3555 6032 8110
f 3555 8110 4650
f 5459 3312 8111
f 5459 8111 1740
f 9317 1136 8112
f 7033 8112 134
f 1796 2745 8113
f 8431 8113 4715
f 142 3915 8114
f 142 8114 671
f 6793 5059 8115
f 6793 8115 1248
f 442 5969 8116
f 442 8116 3791
f 7036 4038 8117
f 7036 8117 2544
f 102 4403 8118
f 102 8118 6051
f 4959 6141 8119
f 4959 8119 4241
f 192 191 8120
f 192 8120 6490
f 457 9249 8121
f 457 8121 5976
f 366 6723 8122
f 366 8122 7030
f 2578 7001 8123
f 2578 8123 4408
f 4980 9339 8124
f 4980 8124 470
f 4389 5932 8125
f 4389 8125 5176
f 4917 1235 8126
f 4917 8126 4275
f 3814 1512 8127
f 3814 8127 1148
f 6057 6151 8128
f 6057 8128 1296
f 596 4155 8129
f 596 8129 9195
f 7047 5428 8130
f 7047 8130 3700
f 6060 1098 8131
f 6060 8131 2576
f 6062 9179 8132
f 6062 8132 2908
f 7049 2528 8133
f 7049 8133 2043
f 1866 4365 8134
f 1866 8134 1387
f 3963 1107 8135
f 3963 8135 4664
f 3609 9660 8136
f 3609 8136 55
f 5215 6975 8137
f 5215 8137 4426
f 7052 6054 8138
f 7052 9366 4040
f 2443 1016 8139
f 2443 8139 3992
f 1997 3951 8140
f 1997 8140 4744
f 2271 5853 8141
f 2271 8141 5994
f 4229 7053 8142
f 4229 8142 9096
f 1831 4512 8143
f 1831 8143 8642
f 2024 9473 8144
f 2024 8144 4926
f 3392 6430 8145
f 3392 8145 1153
f 302 357 8146
f 302 8146 5789
f 5109 9376 8147
f 5109 8147 9316
f 2555 4739 8148
f 2555 8148 7111
f 1737 6067 8149
f 1737 9371 7056
f 2496 1074 8150
f 2496 9344 2753
f 3406 1863 8151
f 3406 8151 6617
f 2061 6458 8152
f 2061 8152 8469
f 6068 528 8153
f 6068 8153 3746
f 5502 2627 8154
f 5502 9350 3033
f 1810 6059 8155
f 9245 8155 2893
f 6343 997 8156
f 6343 8156 2573
f 361 6473 8157
f 361 8157 9480
f 2963 4566 8158
f 2963 8158 4459
f 2658 6241 8159
f 2658 8159 8425
f 7063 5142 8160
f 7063 8160 1419
f 6817 1212 8161
f 6817 8161 4110
f 206 9647 8162
f 206 8162 6894
f 6767 2969 8163
f 6767 8163 1333
f 1404 6642 8164
f 1404 8164 786
f 6073 1959 8165
f 6073 8165 4017
f 7066 456 8166
f 7066 8166 5218
f 1031 2615 8167
f 1031 8167 218
f 9369 482 8168
f 5221 8168 6845
f 3589 9191 8169
f 3589 8169 4358
f 6075 7070 8170
f 6075 8170 4411
f 3317 9515 8171
f 3317 8171 4445
f 1926 9294 8172
f 1926 8172 9141
f 1669 5191 8173
f 1669 8173 552
f 5831 9135 8174
f 5831 8174 2542
f 1131 5923 8175
f 1131 8175 9393
f 3898 2898 8176
f 3898 8176 8461
f 7071 6001 8177
f 7071 9529 3582
f 7073 930 8178
f 7073 9745 1807
f 5638 2777 8179
f 5638 8179 9234
f 4409 1515 8180
f 4409 8180 5191
f 5845 6234 8181
f 5845 8181 1215
f 6000 1453 8182
f 6000 8182 9
f 197 196 8183
f 197 8183 3303
f 2025 6077 8184
f 2025 9386 6702
f 1210 6053 8185
f 1210 8185 6117
f 804 7078 8186
f 804 8186 3862
f 6086 7079 8187
f 6086 8187 2609
f 3689 5593 8188
f 3689 8188 162
f 4405 7041 8189
f 4405 8189 7086
f 7080 398 8190
f 7080 8190 3407
f 7082 5997 8191
f 7082 9673 240
f 4455 365 8192
f 4455 8192 5174
f 7083 5999 8193
f 7083 8193 5202
f 6663 8627 8194
f 6663 8194 9614
f 3315 6076 8195
f 3315 9398 2199
f 1396 641 8196
f 1396 8196 6709
f 836 5850 8197
f 836 9776 3899
f 6506 4925 8198
f 6506 8198 2536
f 9409 838 8199
f 7087 8199 4005
f 3281 9528 8200
f 3281 8200 5344
f 1342 7041 8201
f 1342 8201 7032
f 7088 130 8202
f 7088 8202 9846
f 5231 9567 8203
f 5231 8203 538
f 76 3369 8204
f 76 9414 3934
f 2291 90 8205
f 2291 8205 498
f 4312 7154 8206
f 4312 8206 7035
f 6300 3377 8207
f 6300 8207 3429
f 5877 9273 8208
f 5877 8208 2174
f 3757 1019 8209
f 3757 9423 4858
f 6093 8444 8210
f 6093 8210 2306
f 2175 1733 8211
f 2175 8211 5403
f 189 190 8212
f 189 8212 6917
f 9432 3064 8213
f 6095 8213 813
f 5475 1132 8214
f 5475 8214 6545
f 9439 2911 8215
f 7090 8215 1589
f 4288 1665 8216
f 4288 9440 6244
f 7093 3436 8217
f 7093 8217 3331
f 2500 5911 8218
f 2500 8218 3300
f 2303 1140 8219
f 2303 8219 7094
f 4628 6830 8220
f 4628 9446 3686
f 3366 6225 8221
f 3366 8221 7074
f 861 6694 8222
f 9351 8222 3887
f 3261 1017 8223
f 3261 8223 474
f 2612 7098 8224
f 2612 8224 825
f 1865 5989 8225
f 1865 8225 360
f 3584 6878 8226
f 3584 8226 741
f 1763 6927 8227
f 1763 9456 3934
f 7100 3488 8228
f 7100 8228 2882
f 2523 466 8229
f 9459 8229 5931
f 1728 6025 8230
f 1728 9460 588
f 2945 2087 8231
f 9464 8231 3849
f 62 6675 8232
f 62 8232 448
f 6957 5983 8233
f 6957 8233 4143
f 2113 981 8234
f 2113 8234 9086
f 166 585 8235
f 166 8235 7018
f 7104 5291 8236
f 7104 8236 743
f 5707 9607 8237
f 5707 8237 9653
f 5261 1762 8238
f 5261 9478 3068
f 4489 554 8239
f 4489 9481 341
f 2141 5859 8240
f 2141 8240 9525
f 3316 7057 8241
f 3316 8241 7089
f 89 496 8242
f 89 8242 6272
f 7113 5912 8243
f 7113 8243 1597
f 1135 2040 8244
f 1135 8244 5830
f 6 5573 8245
f 6 8245 3944
f 9492 4293 8246
f 7115 8246 5917
f 6020 7116 8247
f 6020 8247 1871
f 7117 1164 8248
f 7117 8248 1531
f 1015 535 8249
f 1015 8249 6768
f 2862 2195 8250
f 2862 8250 6064
f 4473 9778 8251
f 4473 8251 619
f 1836 5982 8252
f 1836 8252 5022
f 4481 2065 8253
f 4481 9501 699
f 3017 1504 8254
f 3017 8254 5923
f 330 2606 8255
f 330 8255 3864
f 1172 2280 8256
f 1172 8256 4292
f 6110 4139 8257
f 6110 8257 9806
f 150 2312 8258
f 150 8258 3379
f 7127 3738 8259
f 7127 8259 2749
f 3529 6079 8260
f 3529 8260 6415
f 3433 9402 8261
f 3433 8261 4642
f 1564 633 8262
f 1564 8262 3349
f 7129 9820 8263
f 7129 8263 9092
f 2785 7144 8264
f 2785 8264 9587
f 2034 9631 8265
f 2034 8265 2752
f 9514 4967 8266
f 7130 8266 2589
f 6923 673 8267
f 6923 8267 1297
f 7136 3537 8268
f 7136 9275 1679
f 7138 1651 8269
f 7138 8269 2949
f 4472 937 8270
f 4472 8270 6213
f 1180 692 8271
f 9839 8271 3333
f 4451 9856 8272
f 4451 8272 1449
f 3882 4717 8273
f 3882 8273 636
f 225 224 8274
f 225 8274 1100
f 4429 1445 8275
f 4429 8275 5141
f 3810 2581 8276
f 3810 8276 4420
f 3787 4323 8277
f 3787 8277 9438
f 266 7118 8278
f 266 9542 778
f 195 622 8279
f 195 8279 5138
f 1530 999 8280
f 1530 9549 5120
f 7034 2461 8281
f 7034 8281 5206
f 3299 5408 8282
f 3299 8282 4380
f 1637 3935 8283
f 1637 9556 6669
f 2037 6008 8284
f 9591 8284 7060
f 4332 2853 8285
f 4332 8285 6893
f 2366 5205 8286
f 2366 9559 6227
f 232 3025 8287
f 232 8287 2607
f 7146 1877 8288
f 9564 8288 3021
f 4242 6946 8289
f 4242 8289 5927
f 1678 3382 8290
f 1678 8290 7051
f 5388 4504 8291
f 5388 8291 2766
f 2048 989 8292
f 2048 9394 4190
f 7149 2411 8293
f 9576 8293 3665
f 7150 430 8294
f 9578 8294 414
f 1869 2408 8295
f 1869 8295 6451
f 2872 423 8296
f 2872 8296 7152
f 1666 6846 8297
f 1666 8297 5236
f 6121 2495 8298
f 6121 8298 9778
f 5985 5166 8299
f 5985 8299 1133
f 6122 9863 8300
f 6122 8300 9798
f 1697 1079 8301
f 1697 9582 4335
f 1525 5398 8302
f 9664 8302 7044
f 1554 3305 8303
f 1554 9586 2879
f 1187 1878 8304
f 1187 8304 171
f 6124 7155 8305
f 6124 8305 4094
f 7157 2498 8306
f 9596 8306 4443
f 7158 1900 8307
f 7158 8307 1611
f 7159 728 8308
f 7159 8308 2880
f 2035 6089 8309
f 2035 8309 7160
f 6033 2509 8310
f 6033 8310 7013
f 7161 6100 8311
f 7161 8311 3246
f 6050 1559 8312
f 6050 9615 6743
f 3278 7099 8313
f 3278 9616 2865
f 6126 9857 8314
f 6126 8314 9592
f 4933 5901 8315
f 4933 9620 2244
f 5273 1513 8316
f 5273 9622 2475
f 3933 7145 8317
f 3933 9623 1587
f 1503 6789 8318
f 1503 8318 3295
f 2193 7133 8319
f 2193 8319 3318
f 9633 5402 8320
f 7166 8320 5933
f 3399 4689 8321
f 3399 9635 4092
f 9641 4897 8322
f 7169 8322 5892
f 5081 2312 8323
f 5081 8323 4364
f 236 235 8324
f 236 8324 140
f 1070 2532 8325
f 1070 8325 7081
f 2776 4361 8326
f 2776 8326 3486
f 2075 943 8327
f 2075 9646 1423
f 2090 3387 8328
f 2090 8328 4593
f 421 5871 8329
f 421 8329 7132
f 991 3894 8330
f 991 8330 3774
f 7170 1229 8331
f 7170 8331 6031
f 5624 638 8332
f 5624 9659 6248
f 7171 3471 8333
f 7171 8333 4945
f 2405 5072 8334
f 2405 8334 5926
f 5217 1446 8335
f 5217 8335 6098
f 1251 5947 8336
f 1251 8336 6986
f 3197 5391 8337
f 3197 8337 5784
f 7172 9589 8338
f 7172 8338 3692
f 9665 1722 8339
f 7173 8339 3862
f 1145 7142 8340
f 1145 8340 2067
f 7174 2004 8341
f 7174 8341 181
f 3734 6910 8342
f 3734 9674 5041
f 1726 601 8343
f 1726 8343 3976
f 7175 1315 8344
f 7175 8344 2651
f 7176 1579 8345
f 7176 8345 5127
f 2266 6892 8346
f 2266 8346 3846
f 2813 4690 8347
f 2813 8347 5209
f 3201 647 8348
f 3201 8348 4745
f 3815 7124 8349
f 3815 9683 4543
f 1991 6097 8350
f 1991 8350 5447
f 139 140 8351
f 139 8351 722
f 7178 5147 8352
f 7178 8352 1265
f 2463 3995 8353
f 2463 8353 4333
f 3511 6334 8354
f 3511 8354 8534
f 523 524 8355
f 523 8355 6907
f 279 2835 8356
f 279 8356 6908
f 572 5146 8357
f 572 8357 794
f 6172 4437 8358
f 6172 8358 299
f 3936 1292 8359
f 3936 9716 6178
f 7181 5957 8360
f 7181 8360 4432
f 1438 4603 8361
f 1438 8361 4356
f 7156 472 8362
f 7156 8362 629
f 1466 4338 8363
f 1466 8363 5830
f 7183 256 8364
f 7183 8364 3939
f 7184 1674 8365
f 7184 8365 1888
f 1209 443 8366
f 1209 8366 4516
f 7185 5189 8367
f 9735 8367 3199
f 2956 1087 8368
f 2956 8368 4904
f 9744 2220 8369
f 7190 8369 666
f 615 4453 8370
f 615 8370 9863
f 7191 5254 8371
f 7191 8371 454
f 3820 5975 8372
f 3820 8372 575
f 7194 5930 8373
f 7194 8373 3342
f 7195 1544 8374
f 7195 8374 2028
f 2977 781 8375
f 2977 8375 1839
f 643 7153 8376
f 643 9756 5939
f 2452 58 8377
f 2452 8377 5449
f 9763 950 8378
f 7197 8378 2964
f 7198 2053 8379
f 9766 8379 3025
f 2205 413 8380
f 2205 8380 589
f 1855 1344 8381
f 1855 9767 2809
f 5858 6746 8382
f 5858 8382 3050
f 9769 3460 8383
f 7199 8383 793
f 2557 624 8384
f 2557 8384 7193
f 1861 5950 8385
f 1861 9772 5153
f 7200 1162 8386
f 7200 8386 41
f 2994 5779 8387
f 2994 8387 3861
f 4688 296 8388
f 4688 9777 646
f 5240 2605 8389
f 9802 8389 4441
f 7202 1228 8390
f 7202 8390 3788
f 7203 249 8391
f 7203 8391 5148
f 1691 5214 8392
f 1691 8392 6279
f 2526 481 8393
f 2526 8393 6102
f 7204 706 8394
f 9788 8394 3498
f 2319 5636 8395
f 2319 8395 5446
f 2 1 8396
f 2 8396 7141
f 1420 7186 8397
f 1420 9796 4720
f 4252 6970 8398
f 4252 8398 2972
f 7205 4647 8399
f 9799 8399 4484
f 934 4042 8400
f 934 8400 267
f 811 7125 8401
f 811 8401 7126
f 1023 411 8402
f 1023 8402 6918
f 204 6528 8403
f 204 8403 6407
f 7206 3813 8404
f 9814 8404 172
f 3786 5101 8405
f 3786 8405 3213
f 1526 3995 8406
f 1526 8406 6010
f 1141 7075 8407
f 1141 8407 765
f 3141 2772 8408
f 3141 8408 1448
f 1385 7092 8409
f 1385 8409 5216
f 459 5188 8410
f 459 8410 714
f 5626 4872 8411
f 5626 9833 3526
f 1870 874 8412
f 1870 8412 7077
f 9841 3251 8413
f 7207 8413 3767
f 6127 2279 8414
f 6127 8414 68
f 347 346 8415
f 347 9844 3893
f 2010 5354 8416
f 2010 8416 5210
f 3828 157 8417
f 3828 8417 771
f 2046 5177 8418
f 2046 9851 6112
f 2000 7120 8419
f 2000 8419 6119
f 5161 3830 8420
f 5161 8420 7152
f 1089 7144 8421
f 1089 8421 3838
f 5169 2233 8422
f 5169 8422 7182
f 7208 6133 8423
f 7208 8423 723
f 1339 6144 8424
f 1339 8424 3049
f 3280 8159 8425
f 3280 8425 2130
f 2655 5616 8426
f 2655 8426 7428
f 2236 5315 8427
f 2236 8427 5279
f 1279 6959 8428
f 1279 8428 1839
f 7483 1278 8429
f 7483 8429 6209
f 3275 643 8430
f 3275 8430 927
f 1796 5756 8431
f 1796 8431 8113
f 2752 2034 8432
f 2752 8432 6493
f 5327 6271 8433
f 5327 8433 6470
f 1352 4431 8434
f 1352 8434 2058
f 3513 756 8435
f 3513 8435 2718
f 2386 7803 8436
f 2386 8436 4669
f 2425 399 8437
f 2425 8437 187
f 3725 8017 8438
f 3725 8438 818
f 3769 4343 8439
f 3769 8439 101
f 4934 388 8440
f 4934 8440 2654
f 8042 492 8441
f 8042 8441 550
f 1609 3948 8442
f 1609 8442 6995
f 1090 7277 8443
f 1090 8443 2396
f 995 278 8444
f 995 8444 3166
f 6680 1749 8445
f 6680 8445 599
f 4979 5727 8446
f 4979 8446 4043
f 1051 5640 8447
f 1051 8447 4823
f 6998 555 8448
f 6998 8448 7904
f 3360 5514 8449
f 3360 8449 2634
f 6049 6427 8450
f 6049 8450 1909
f 3648 6567 8451
f 3648 8451 6601
f 123 8409 8452
f 123 8452 1876
f 7356 7188 8453
f 7356 8453 4053
f 1110 590 8454
f 1110 8454 3910
f 7403 6475 8455
f 7403 8455 6221
f 344 2185 8456
f 344 8456 4606
f 2207 582 8457
f 2207 8457 4529
f 7263 904 8458
f 7263 8458 6052
f 1532 3593 8459
f 1532 8459 921
f 1346 8064 8460
f 1346 8460 4090
f 5970 5163 8461
f 5970 8461 3898
f 938 7218 8462
f 938 8462 667
f 1639 6393 8463
f 1639 8463 3710
f 5431 2949 8464
f 5431 8464 6181
f 2632 4817 8465
f 2632 8465 789
f 4556 7366 8466
f 4556 8466 6245
f 3623 4835 8467
f 3623 8467 4209
f 285 4672 8468
f 285 8468 2766
f 4609 1841 8469
f 4609 8469 7354
f 3865 7535 8470
f 3865 8470 4747
f 1032 3151 8471
f 1032 8471 4572
f 5318 3570 8472
f 5318 8472 7683
f 3503 4154 8473
f 3503 8473 2797
f 2033 6306 8474
f 2033 8474 3434
f 2950 5709 8475
f 2950 8475 3999
f 2123 297 8476
f 2123 8476 485
f 1325 316 8477
f 1325 8477 7531
f 4824 7236 8478
f 4824 8478 5380
f 3544 5783 8479
f 3544 8479 6809
f 1519 2484 8480
f 1519 8480 3629
f 458 3496 8481
f 458 8481 7290
f 418 4690 8482
f 418 8482 7230
f 1906 4117 8483
f 1906 8483 6643
f 3943 3433 8484
f 3943 8484 671
f 6289 1658 8485
f 6289 8485 5407
f 1118 504 8486
f 1118 8486 4046
f 3478 1186 8487
f 3478 8487 4510
f 4629 2298 8488
f 4629 8488 6240
f 2436 7955 8489
f 2436 8489 3044
f 2641 1183 8490
f 2641 8490 6536
f 2798 305 8491
f 2798 8491 1602
f 5507 7588 8492
f 5507 8492 7394
f 7390 1834 8493
f 7390 8493 6373
f 3240 7380 8494
f 3240 8494 1715
f 2711 7395 8495
f 2711 8495 7722
f 2062 6832 8496
f 2062 8496 7368
f 2117 2716 8497
f 2117 8497 957
f 428 7679 8498
f 428 8498 4661
f 1764 6529 8499
f 1764 8499 7310
f 6686 7775 8500
f 6686 8500 5521
f 2480 3723 8501
f 2480 8501 5620
f 304 6639 8502
f 304 8502 532
f 4322 3374 8503
f 4322 8503 514
f 5463 1159 8504
f 5463 8504 1487
f 4370 3009 8505
f 4370 8505 6793
f 2821 913 8506
f 2821 8506 4317
f 1778 7708 8507
f 1778 8507 7019
f 7652 3424 8508
f 7652 8508 3133
f 3891 3336 8509
f 3891 8509 235
f 8423 723 8510
f 8423 8510 1220
f 6460 4985 8511
f 6460 8511 7348
f 852 3459 8512
f 852 8512 5311
f 435 1890 8513
f 435 8513 4047
f 375 2154 8514
f 375 8514 5009
f 440 4668 8515
f 440 8515 7215
f 1708 5422 8516
f 1708 8516 6259
f 4699 2535 8517
f 4699 8517 267
f 3210 5713 8518
f 3210 8518 777
f 3488 396 8519
f 3488 8519 3024
f 25 27 8520
f 25 8520 5621
f 3643 6383 8521
f 3643 8521 1370
f 47 2107 8522
f 47 8522 3164
f 2538 3135 8523
f 2538 8523 5005
f 5959 8025 8524
f 5959 8524 6779
f 8014 5316 8525
f 8014 8525 416
f 4737 5287 8526
f 4737 8526 220
f 1119 5307 8527
f 1119 8527 3173
f 2921 8153 8528
f 2921 8528 5595
f 1171 6225 8529
f 1171 8529 7745
f 5798 4346 8530
f 5798 8530 713
f 5569 6149 8531
f 5569 8531 4605
f 7442 3727 8532
f 7442 8532 2140
f 4622 8269 8533
f 4622 8533 2671
f 961 6188 8534
f 961 8534 3511
f 3679 7762 8535
f 3679 8535 6183
f 2014 7085 8536
f 2014 8536 7701
f 5554 981 8537
f 5554 8537 6237
f 7653 1498 8538
f 7653 8538 6744
f 489 6886 8539
f 489 8539 2470
f 2295 931 8540
f 2295 8540 5581
f 3274 592 8541
f 3274 8541 4476
f 1441 6190 8542
f 1441 8542 5401
f 2691 110 8543
f 2691 8543 4809
f 320 7345 8544
f 320 8544 2165
f 7465 1723 8545
f 7465 8545 5562
f 1067 6852 8546
f 1067 8546 5717
f 3176 7726 8547
f 3176 8547 1576
f 7457 1336 8548
f 7457 8548 3335
f 1464 7351 8549
f 1464 8549 6184
f 1925 2477 8550
f 1925 8550 5548
f 4256 272 8551
f 4256 8551 7315
f 6257 633 8552
f 6257 8552 2197
f 2628 3013 8553
f 2628 8553 7770
f 1266 6167 8554
f 1266 8554 2539
f 3185 7361 8555
f 3185 8555 907
f 654 4314 8556
f 654 8556 6646
f 4920 840 8557
f 4920 8557 774
f 822 4582 8558
f 822 8558 3626
f 1615 4740 8559
f 1615 8559 8236
f 5416 2967 8560
f 5416 8560 3638
f 7283 702 8561
f 7283 8561 1773
f 1928 2858 8562
f 1928 8562 3298
f 4612 1907 8563
f 4612 8563 5397
f 817 2415 8564
f 817 8564 3671
f 7792 6753 8565
f 7792 8565 3383
f 96 6558 8566
f 96 8566 7374
f 6200 7534 8567
f 6200 8567 5494
f 2733 7388 8568
f 2733 8568 3644
f 529 8105 8569
f 529 8569 530
f 2047 7514 8570
f 2047 8570 3461
f 3514 8131 8571
f 3514 8571 1706
f 4121 4742 8572
f 4121 8572 1128
f 5451 562 8573
f 5451 8573 6170
f 368 5771 8574
f 368 8574 5797
f 2903 6256 8575
f 2903 8575 5927
f 3966 1273 8576
f 3966 8576 772
f 1506 2479 8577
f 1506 8577 7667
f 261 4142 8578
f 261 8578 7444
f 1109 1901 8579
f 1109 8579 6829
f 990 7318 8580
f 990 8580 3373
f 493 7280 8581
f 493 8581 3061
f 7224 3940 8582
f 7224 8582 4957
f 3499 1899 8583
f 3499 8583 8044
f 7706 829 8584
f 7706 8584 98
f 2385 4681 8585
f 2385 8585 5633
f 3641 6468 8586
f 3641 8586 7416
f 67 4916 8587
f 67 8587 7417
f 3782 8305 8588
f 3782 8588 775
f 2335 6318 8589
f 2335 8589 5617
f 3063 4483 8590
f 3063 8590 7902
f 3693 7524 8591
f 3693 8591 6441
f 4221 291 8592
f 4221 8592 3688
f 3645 8121 8593
f 3645 8593 7370
f 1402 7349 8594
f 1402 8594 5412
f 905 5528 8595
f 905 8595 3517
f 2228 7441 8596
f 2228 8596 4879
f 164 914 8597
f 164 8597 7778
f 2686 2922 8598
f 2686 8598 5762
f 2441 2778 8599
f 2441 8599 2914
f 5605 349 8600
f 5605 8600 4518
f 3595 5591 8601
f 3595 8601 6338
f 4901 1992 8602
f 4901 8602 6320
f 6453 2110 8603
f 6453 8603 4822
f 5352 1282 8604
f 5352 8604 1613
f 6516 325 8605
f 6516 8605 277
f 1714 1225 8606
f 1714 8606 2825
f 2788 1649 8607
f 2788 8607 1065
f 5597 6252 8608
f 5597 8608 7664
f 3019 4056 8609
f 3019 8609 6890
f 5370 7097 8610
f 5370 8610 742
f 4716 1003 8611
f 4716 8611 7359
f 118 3148 8612
f 118 8612 4254
f 4855 7257 8613
f 4855 8613 2388
f 190 189 8614
f 190 8614 7045
f 7784 1966 8615
f 7784 8615 115
f 2128 5542 8616
f 2128 8616 7632
f 2892 7785 8617
f 2892 8617 5575
f 3142 1781 8618
f 3142 8618 335
f 2662 1540 8619
f 2662 8619 2078
f 2059 1311 8620
f 2059 8620 4819
f 7282 258 8621
f 7282 8621 3476
f 2830 788 8622
f 2830 8622 6920
f 3087 527 8623
f 3087 8623 127
f 1249 6611 8624
f 1249 8624 7648
f 4019 5545 8625
f 4019 8625 6676
f 7333 6290 8626
f 7333 8626 3919
f 6099 1898 8627
f 6099 8627 3362
f 1570 4097 8628
f 1570 8628 2360
f 4842 803 8629
f 4842 8629 6930
f 6022 7479 8630
f 6022 8630 555
f 5590 3390 8631
f 5590 8631 1246
f 3923 6135 8632
f 3923 8632 6391
f 351 352 8633
f 351 8633 7979
f 1904 7440 8634
f 1904 8634 2326
f 1257 7645 8635
f 1257 8635 3553
f 2552 3590 8636
f 2552 8636 4821
f 1436 4131 8637
f 1436 8637 6314
f 2668 1990 8638
f 2668 8638 7523
f 6457 769 8639
f 6457 8639 1035
f 5396 7467 8640
f 5396 8640 6301
f 3532 7294 8641
f 3532 8641 98
f 327 8143 8642
f 327 8642 5358
f 1463 3910 8643
f 1463 8643 3873
f 1455 4733 8644
f 1455 8644 6181
f 7821 570 8645
f 7821 8645 685
f 4133 2666 8646
f 4133 8646 4849
f 5196 6034 8647
f 5196 8647 6142
f 1862 422 8648
f 1862 8648 7247
f 2057 1348 8649
f 2057 8649 6404
f 2253 7619 8650
f 2253 8650 7617
f 1612 7509 8651
f 1612 8651 6642
f 1435 4881 8652
f 1435 8652 6501
f 343 6433 8653
f 343 8653 7408
f 2923 6786 8654
f 2923 8654 7155
f 4553 5729 8655
f 4553 8655 2770
f 6784 32 8656
f 6784 8656 4906
f 6664 806 8657
f 6664 8657 1782
f 2139 2828 8658
f 2139 8658 1230
f 1004 3524 8659
f 1004 8659 2771
f 1729 4469 8660
f 1729 8660 6159
f 3198 3682 8661
f 3198 8661 994
f 7079 569 8662
f 7079 8662 4641
f 4714 6246 8663
f 4714 8663 7319
f 293 4730 8664
f 293 8664 3427
f 4027 6424 8665
f 4027 8665 1233
f 318 6446 8666
f 318 8666 7432
f 2222 4711 8667
f 2222 8667 5427
f 716 624 8668
f 716 8668 3859
f 5390 3180 8669
f 5390 8669 2564
f 4626 93 8670
f 4626 8670 1549
f 2453 6146 8671
f 2453 8671 4258
f 2132 1276 8672
f 2132 8672 7486
f 6509 674 8673
f 6509 8673 4523
f 203 886 8674
f 203 8674 7215
f 4834 4103 8675
f 4834 8675 6501
f 3215 4272 8676
f 3215 8676 1610
f 2203 3350 8677
f 2203 8677 7363
f 2720 6235 8678
f 2720 8678 504
f 1575 6469 8679
f 1575 8679 5537
f 1305 5424 8680
f 1305 8680 7301
f 2750 1284 8681
f 2750 8681 4864
f 1263 3495 8682
f 1263 8682 2900
f 1392 8391 8683
f 1392 8683 3974
f 890 3068 8684
f 890 8684 4607
f 1066 603 8685
f 1066 8685 7967
f 1535 3572 8686
f 1535 8686 7489
f 269 5596 8687
f 269 8687 3558
f 1780 3697 8688
f 1780 8688 7485
f 842 2305 8689
f 842 8689 2049
f 2722 4695 8690
f 2722 8690 6325
f 4149 3132 8691
f 4149 8691 631
f 3432 7418 8692
f 3432 8692 780
f 873 4958 8693
f 873 8693 7969
f 8 3993 8694
f 8 8694 37
f 2102 6298 8695
f 2102 8695 2339
f 2221 7528 8696
f 2221 8696 4826
f 7335 4269 8697
f 7335 8697 2698
f 6464 4563 8698
f 6464 8698 7478
f 3581 1854 8699
f 3581 8699 5601
f 7480 5602 8700
f 7480 8700 1941
f 2124 4475 8701
f 2124 8701 7530
f 2403 1113 8702
f 2403 8702 3242
f 1779 517 8703
f 1779 8703 7633
f 4724 7507 8704
f 4724 8704 625
f 2364 3901 8705
f 2364 8705 7497
f 2774 60 8706
f 2774 8706 214
f 4199 7596 8707
f 4199 8707 8034
f 4771 2178 8708
f 4771 8708 6593
f 3469 7402 8709
f 3469 8709 7098
f 849 5399 8710
f 849 8710 92
f 2899 5738 8711
f 2899 8711 7558
f 3445 7553 8712
f 3445 8712 1775
f 3439 7209 8713
f 3439 8713 781
f 4662 453 8714
f 4662 8714 3402
f 963 3167 8715
f 963 8715 6202
f 238 7562 8716
f 238 8716 5930
f 2330 4954 8717
f 2330 8717 7565
f 1794 3651 8718
f 1794 8718 3041
f 1053 7673 8719
f 1053 8719 3442
f 4781 1252 8720
f 4781 8720 7272
f 1785 7684 8721
f 1785 8721 5678
f 1935 7557 8722
f 1935 8722 3042
f 4656 6343 8723
f 4656 8723 3027
f 1111 2169 8724
f 1111 8724 2807
f 4652 176 8725
f 4652 8725 6218
f 86 6365 8726
f 86 8726 88
f 259 4600 8727
f 259 8727 6191
f 4981 1304 8728
f 4981 8728 7537
f 4018 1549 8729
f 4018 8729 5442
f 1394 5372 8730
f 1394 8730 6500
f 3546 1541 8731
f 3546 8731 2684
f 7750 6719 8732
f 7750 8732 4122
f 868 7830 8733
f 868 8733 3567
f 920 7702 8734
f 920 8734 5366
f 1625 1947 8735
f 1625 8735 3688
f 1290 3079 8736
f 1290 8736 4310
f 59 3918 8737
f 59 8737 6330
f 1788 4838 8738
f 1788 8738 5640
f 5618 1755 8739
f 5618 8739 4249
f 6253 3194 8740
f 6253 8740 5855
f 4490 3388 8741
f 4490 8741 4145
f 3628 679 8742
f 3628 8742 898
f 1821 2577 8743
f 1821 8743 6335
f 1151 4144 8744
f 1151 8744 7982
f 3575 588 8745
f 3575 8745 7280
f 1414 679 8746
f 1414 8746 563
f 903 4671 8747
f 903 8747 5460
f 2115 5461 8748
f 2115 8748 6285
f 14 15 8749
f 14 8749 6428
f 1734 6229 8750
f 1734 8750 5967
f 6401 760 8751
f 6401 8751 545
f 4101 2365 8752
f 4101 8752 1224
f 146 364 8753
f 146 8753 2669
f 1553 6409 8754
f 1553 8754 4941
f 5440 1334 8755
f 5440 8755 4599
f 3521 2379 8756
f 3521 8756 6735
f 5085 583 8757
f 5085 8757 5872
f 4660 6299 8758
f 4660 8758 4044
f 2098 5539 8759
f 2098 8759 7496
f 6622 2129 8760
f 6622 8760 2796
f 2394 6251 8761
f 2394 8761 7525
f 71 3931 8762
f 71 8762 7529
f 2630 137 8763
f 2630 8763 5639
f 4914 2944 8764
f 4914 8764 686
f 29 5419 8765
f 29 8765 7365
f 317 6278 8766
f 317 8766 6940
f 6486 4816 8767
f 6486 8767 1505
f 7421 5297 8768
f 7421 8768 1480
f 4870 3018 8769
f 4870 8769 8083
f 7634 5604 8770
f 7634 8770 2472
f 3129 1154 8771
f 3129 8771 5607
f 1238 7623 8772
f 1238 8772 5551
f 1702 5355 8773
f 1702 8773 6703
f 972 4204 8774
f 972 8774 2833
f 1399 3591 8775
f 1399 8775 2481
f 4709 1857 8776
f 4709 8776 7331
f 2841 3753 8777
f 2841 8777 7495
f 2458 5543 8778
f 2458 8778 2780
f 313 3704 8779
f 313 8779 2079
f 1470 6423 8780
f 1470 8780 509
f 5430 4119 8781
f 5430 8781 731
f 3649 7545 8782
f 3649 8782 2714
f 5499 7533 8783
f 5499 8783 4665
f 4068 4575 8784
f 4068 8784 5491
f 7546 3060 8785
f 7546 8785 4584
f 7382 5506 8786
f 7382 8786 4778
f 6351 1608 8787
f 6351 8787 2700
f 1006 3929 8788
f 1006 8788 7273
f 2760 2435 8789
f 2760 8789 5482
f 6550 3040 8790
f 6550 8790 1934
f 850 5677 8791
f 850 8791 7389
f 4158 5910 8792
f 4158 8792 2702
f 3566 4749 8793
f 3566 8793 5697
f 812 4942 8794
f 812 8794 4192
f 405 5696 8795
f 405 8795 3236
f 2709 4779 8796
f 2709 8796 5663
f 6560 1985 8797
f 6560 8797 5496
f 1622 4785 8798
f 1622 8798 5665
f 1322 7555 8799
f 1322 8799 3667
f 1748 4796 8800
f 1748 8800 6546
f 4615 1626 8801
f 4615 8801 6369
f 1477 8047 8802
f 1477 8802 4157
f 7391 6356 8803
f 7391 8803 4166
f 7561 946 8804
f 7561 8804 3869
f 1712 6559 8805
f 1712 8805 3664
f 7563 16 8806
f 7563 8806 3455
f 1548 3235 8807
f 1548 8807 6596
f 567 6545 8808
f 567 8808 4163
f 832 6387 8809
f 832 8809 7278
f 1620 6384 8810
f 1620 8810 2765
f 408 3922 8811
f 408 8811 4766
f 4754 1484 8812
f 4754 8812 6345
f 1916 6605 8813
f 1916 8813 932
f 875 6568 8814
f 875 8814 678
f 4773 7577 8815
f 4773 8815 2707
f 3505 1600 8816
f 3505 8816 7378
f 7322 6371 8817
f 7322 8817 1158
f 4764 2433 8818
f 4764 8818 4180
f 3058 5486 8819
f 3058 8819 1936
f 4187 5694 8820
f 4187 8820 1789
f 2179 3668 8821
f 2179 8821 6574
f 5683 1236 8822
f 5683 8822 4664
f 1363 5362 8823
f 1363 8823 4776
f 2170 5241 8824
f 2170 8824 6587
f 1169 2763 8825
f 1169 8825 7386
f 1052 7569 8826
f 1052 8826 4757
f 4795 51 8827
f 4795 8827 5698
f 1271 287 8828
f 1271 8828 7571
f 1424 4791 8829
f 1424 8829 5492
f 880 3237 8830
f 880 8830 6591
f 4535 7574 8831
f 4535 8831 3031
f 1096 7375 8832
f 1096 8832 2762
f 893 7535 8833
f 893 8833 2118
f 5478 4186 8834
f 5478 8834 2171
f 3662 7538 8835
f 3662 8835 2172
f 2602 6575 8836
f 2602 8836 4748
f 1430 3663 8837
f 1430 8837 7605
f 2105 4536 8838
f 2105 8838 7610
f 4078 5325 8839
f 4078 8839 3642
f 7567 2104 8840
f 7567 8840 1371
f 1976 6594 8841
f 1976 8841 2349
f 2918 4777 8842
f 2918 8842 6381
f 7542 4758 8843
f 7542 8843 3954
f 1981 3852 8844
f 1981 8844 7593
f 7556 3450 8845
f 7556 8845 4083
f 6541 2249 8846
f 6541 8846 5324
f 3038 1939 8847
f 3038 8847 6584
f 5288 2736 8848
f 5288 8848 6540
f 2800 4769 8849
f 2800 8849 7581
f 2421 7387 8850
f 2421 8850 4188
f 2975 3448 8851
f 2975 8851 6366
f 4654 5673 8852
f 4654 8852 3045
f 2799 4790 8853
f 2799 8853 7543
f 561 6533 8854
f 561 8854 4797
f 7597 1056 8855
f 7597 8855 705
f 1362 7396 8856
f 1362 8856 6360
f 5675 2412 8857
f 5675 8857 755
f 5251 7611 8858
f 5251 8858 4494
f 1913 3959 8859
f 1913 8859 6547
f 1166 4302 8860
f 1166 8860 3661
f 7397 282 8861
f 7397 8861 3046
f 1189 7586 8862
f 1189 8862 3241
f 409 4788 8863
f 409 8863 5706
f 407 6380 8864
f 407 8864 4003
f 1475 4173 8865
f 1475 8865 7603
f 1057 4768 8866
f 1057 8866 7373
f 923 7559 8867
f 923 8867 1434
f 5676 7398 8868
f 5676 8868 1261
f 1624 4949 8869
f 1624 8869 5510
f 7324 4784 8870
f 7324 8870 707
f 298 6532 8871
f 298 8871 4176
f 3162 7604 8872
f 3162 8872 4194
f 4794 844 8873
f 4794 8873 6346
f 1938 5700 8874
f 1938 8874 3666
f 3560 4792 8875
f 3560 8875 7572
f 2333 7590 8876
f 2333 8876 5321
f 1194 4011 8877
f 1194 8877 7372
f 1713 3656 8878
f 1713 8878 2464
f 7613 22 8879
f 7613 8879 1792
f 4167 4762 8880
f 4167 8880 19
f 2731 7399 8881
f 2731 8881 6039
f 1022 7570 8882
f 1022 8882 4746
f 5679 7326 8883
f 5679 8883 1370
f 1483 3571 8884
f 1483 8884 6544
f 1772 8080 8885
f 1772 8885 4198
f 4066 2173 8886
f 4066 8886 6600
f 1239 7025 8887
f 1239 8887 5704
f 7600 3928 8888
f 7600 8888 1195
f 1054 5517 8889
f 1054 8889 7891
f 300 2119 8890
f 300 8890 7547
f 3471 8333 8891
f 3471 8891 4578
f 5515 828 8892
f 5515 8892 6242
f 526 4495 8893
f 526 8893 1197
f 3418 7743 8894
f 3418 8894 7806
f 2843 6176 8895
f 2843 8895 28
f 1350 6432 8896
f 1350 8896 2681
f 2888 7862 8897
f 2888 8897 4909
f 7492 3945 8898
f 7492 8898 233
f 3994 214 8899
f 3994 8899 7516
f 4988 3610 8900
f 4988 8900 3078
f 3074 233 8901
f 3074 8901 4262
f 1289 3053 8902
f 1289 8902 3972
f 2431 1222 8903
f 2431 8903 7449
f 1922 6623 8904
f 1922 8904 5713
f 175 7630 8905
f 175 8905 6521
f 2100 4836 8906
f 2100 8906 5628
f 6224 2650 8907
f 6224 8907 1321
f 1038 6174 8908
f 1038 8908 3219
f 1920 7493 8909
f 1920 8909 4815
f 2728 7659 8910
f 2728 8910 1472
f 23 2428 8911
f 23 8911 6269
f 1701 7419 8912
f 1701 8912 5458
f 216 6158 8913
f 216 8913 6230
f 4630 372 8914
f 4630 8914 265
f 2409 797 8915
f 2409 8915 3853
f 5003 207 8916
f 5003 8916 7527
f 106 5570 8917
f 106 8917 6450
f 159 7663 8918
f 159 8918 2739
f 5550 3430 8919
f 5550 8919 7264
f 3023 6190 8920
f 3023 8920 7513
f 1668 3802 8921
f 1668 8921 6058
f 3111 2052 8922
f 3111 8922 7268
f 4898 17 8923
f 4898 8923 3248
f 1201 5331 8924
f 1201 8924 3187
f 2430 721 8925
f 2430 8925 5720
f 7834 5835 8926
f 7834 8926 3915
f 3516 809 8927
f 3516 8927 6519
f 7670 1150 8928
f 7670 8928 6319
f 1367 3422 8929
f 1367 8929 7625
f 488 593 8930
f 488 8930 6239
f 386 1965 8931
f 386 8931 7741
f 4970 2646 8932
f 4970 8932 2088
f 4505 6445 8933
f 4505 8933 5383
f 6238 4236 8934
f 6238 8934 3105
f 4035 6389 8935
f 4035 8935 6250
f 6514 3991 8936
f 6514 8936 2673
f 7707 546 8937
f 7707 8937 2626
f 286 2007 8938
f 286 8938 6393
f 1760 3182 8939
f 1760 8939 4994
f 4102 5150 8940
f 4102 8940 6470
f 4868 1692 8941
f 4868 8941 3920
f 2647 3107 8942
f 2647 8942 5599
f 1799 3426 8943
f 1799 8943 6505
f 4306 715 8944
f 4306 8944 1377
f 7296 1314 8945
f 7296 8945 4730
f 4136 6941 8946
f 4136 8946 1628
f 151 152 8947
f 151 8947 7292
f 2735 4000 8948
f 2735 8948 7279
f 1485 5501 8949
f 1485 8949 3104
f 4585 6350 8950
f 4585 8950 5489
f 4783 7377 8951
f 4783 8951 3443
f 2328 4767 8952
f 2328 8952 3506
f 4159 6812 8953
f 4159 8953 2413
f 7271 4782 8954
f 7271 8954 2558
f 4617 1082 8955
f 4617 8955 6378
f 5464 3048 8956
f 5464 8956 1417
f 1318 5758 8957
f 1318 8957 4260
f 4861 84 8958
f 4861 8958 959
f 4997 2136 8959
f 4997 8959 4252
f 5748 556 8960
f 5748 8960 169
f 7729 3143 8961
f 7729 8961 4678
f 3254 763 8962
f 3254 8962 4334
f 2095 7720 8963
f 2095 8963 6649
f 5772 6717 8964
f 5772 8964 4998
f 5015 6443 8965
f 5015 8965 6008
f 7733 2838 8966
f 7733 8966 6511
f 2329 6231 8967
f 2329 8967 6699
f 1001 5438 8968
f 1001 8968 38
f 4930 6467 8969
f 4930 8969 1316
f 7728 6299 8970
f 7728 8970 5755
f 4683 1513 8971
f 4683 8971 5557
f 3579 4126 8972
f 3579 8972 7266
f 3125 2467 8973
f 3125 8973 918
f 1219 7367 8974
f 1219 8974 6726
f 1489 3580 8975
f 1489 8975 3888
f 3428 1259 8976
f 3428 8976 2401
f 3761 4342 8977
f 3761 8977 5452
f 3758 7739 8978
f 3758 8978 6156
f 7740 6276 8979
f 7740 8979 5637
f 7737 6673 8980
f 7737 8980 511
f 1124 5036 8981
f 1124 8981 5306
f 5243 6845 8982
f 5243 8982 194
f 2675 551 8983
f 2675 8983 7430
f 5373 6635 8984
f 5373 8984 6267
f 1378 6645 8985
f 1378 8985 7341
f 1160 3618 8986
f 1160 8986 4825
f 5532 7732 8987
f 5532 8987 1406
f 2362 388 8988
f 2362 8988 7736
f 1995 7501 8989
f 1995 8989 4698
f 5020 8090 8990
f 5020 8990 6711
f 3405 658 8991
f 3405 8991 7286
f 3054 6477 8992
f 3054 8992 4203
f 6632 1437 8993
f 6632 8993 3617
f 1765 5275 8994
f 1765 8994 5531
f 1776 5530 8995
f 1776 8995 7413
f 5787 568 8996
f 5787 8996 7751
f 2962 782 8997
f 2962 8997 2844
f 1175 6150 8998
f 1175 8998 7292
f 5769 246 8999
f 5769 8999 480
f 3766 5012 9000
f 3766 9000 7759
f 2459 297 9001
f 2459 9001 6513
f 5008 6724 9002
f 5008 9002 1315
f 6731 4680 9003
f 6731 9003 5795
f 7411 1952 9004
f 7411 9004 1125
f 5313 4919 9005
f 5313 9005 4063
f 5248 4884 9006
f 5248 9006 4105
f 1198 7755 9007
f 1198 9007 6710
f 1984 4232 9008
f 1984 9008 3073
f 6737 7769 9009
f 6737 9009 1490
f 6714 7742 9010
f 6714 9010 1963
f 2377 2693 9011
f 2377 9011 7360
f 6517 7770 9012
f 6517 9012 7730
f 5037 3014 9013
f 5037 9013 7809
f 6749 2863 9014
f 6749 9014 2924
f 4351 3344 9015
f 4351 9015 6189
f 887 3768 9016
f 887 9016 5033
f 6736 1638 9017
f 6736 9017 7773
f 2486 7844 9018
f 2486 9018 5518
f 1593 3223 9019
f 1593 9019 6306
f 2448 6208 9020
f 2448 9020 7756
f 2966 706 9021
f 2966 9021 6209
f 5744 718 9022
f 5744 9022 7747
f 7779 5808 9023
f 7779 9023 571
f 4896 2003 9024
f 4896 9024 1340
f 5010 6747 9025
f 5010 9025 5807
f 7780 3606 9026
f 7780 9026 70
f 6748 302 9027
f 6748 9027 683
f 941 2103 9028
f 941 9028 3289
f 7783 4259 9029
f 7783 9029 5527
f 5025 262 9030
f 5025 9030 6624
f 5021 273 9031
f 5021 9031 734
f 4021 5414 9032
f 4021 9032 7782
f 7791 3217 9033
f 7791 9033 480
f 2521 7785 9034
f 2521 9034 3384
f 7686 2210 9035
f 7686 9035 3658
f 2954 5534 9036
f 2954 9036 7882
f 5437 1120 9037
f 5437 9037 3022
f 7795 5042 9038
f 7795 9038 491
f 2357 3465 9039
f 2357 9039 7716
f 1317 7789 9040
f 1317 9040 450
f 2229 7804 9041
f 2229 9041 5816
f 2623 1227 9042
f 2623 9042 6705
f 5818 188 9043
f 5818 9043 7800
f 1725 927 9044
f 1725 9044 6732
f 5822 3258 9045
f 5822 9045 7774
f 5821 7810 9046
f 5821 9046 4564
f 5045 3515 9047
f 5045 9047 4033
f 3188 2466 9048
f 3188 9048 1887
f 1874 4279 9049
f 1874 9049 3003
f 940 6764 9050
f 940 9050 5326
f 6891 3702 9051
f 6891 9051 5778
f 3193 883 9052
f 3193 9052 4234
f 1735 6194 9053
f 1735 9053 7811
f 1376 6739 9054
f 1376 9054 2840
f 6476 3083 9055
f 6476 9055 7662
f 4354 5035 9056
f 4354 9056 7787
f 6766 1646 9057
f 6766 9057 7781
f 843 7036 9058
f 843 9058 4319
f 971 5815 9059
f 971 9059 7827
f 837 659 9060
f 837 9060 4127
f 7817 5819 9061
f 7817 9061 1027
f 3345 6751 9062
f 3345 9062 5503
f 1797 5669 9063
f 1797 9063 6361
f 376 5048 9064
f 376 9064 3615
f 5824 13 9065
f 5824 9065 7837
f 397 8228 9066
f 397 9066 7446
f 1884 895 9067
f 1884 9067 4601
f 6311 44 9068
f 6311 9068 4113
f 1698 3742 9069
f 1698 9069 2667
f 5829 7838 9070
f 5829 9070 6778
f 1882 7818 9071
f 1882 9071 4039
f 6780 3577 9072
f 6780 9072 7823
f 4298 1030 9073
f 4298 9073 7803
f 4719 2723 9074
f 4719 9074 4235
f 5053 6785 9075
f 5053 9075 4357
f 3288 775 9076
f 3288 9076 6810
f 1173 6504 9077
f 1173 9077 5004
f 4369 128 9078
f 4369 9078 1188
f 5833 483 9079
f 5833 9079 1199
f 7829 2913 9080
f 7829 9080 2284
f 7831 6139 9081
f 7831 9081 4549
f 3551 1407 9082
f 3551 9082 6262
f 6790 7824 9083
f 6790 9083 3763
f 7835 6772 9084
f 7835 9084 5847
f 366 5038 9085
f 366 9085 4401
f 2692 412 9086
f 2692 9086 5561
f 6718 5775 9087
f 6718 9087 5852
f 3775 7710 9088
f 3775 9088 1944
f 595 7842 9089
f 595 9089 3437
f 1752 7754 9090
f 1752 9090 4567
f 3597 1955 9091
f 3597 9091 5423
f 3312 2884 9092
f 3312 9092 8111
f 3736 6819 9093
f 3736 9093 7828
f 6801 4360 9094
f 6801 9094 7845
f 5780 6624 9095
f 5780 9095 1408
f 3619 7450 9096
f 3619 9096 4229
f 7694 694 9097
f 7694 9097 419
f 6745 5806 9098
f 6745 9098 5027
f 617 56 9099
f 617 9099 7655
f 2316 5839 9100
f 2316 9100 7850
f 1998 4700 9101
f 1998 9101 6954
f 3221 3780 9102
f 3221 9102 7949
f 1129 7524 9103
f 1129 9103 5641
f 3244 5054 9104
f 3244 9104 6396
f 935 7440 9105
f 935 9105 3687
f 695 2696 9106
f 695 9106 6901
f 4299 270 9107
f 4299 9107 6907
f 1031 2615 9108
f 1031 9108 6905
f 888 2784 9109
f 888 9109 5147
f 260 2077 9110
f 260 9110 5945
f 1627 7392 9111
f 1627 9111 594
f 5861 925 9112
f 5861 9112 2456
f 7859 6807 9113
f 7859 9113 5048
f 3917 1200 9114
f 3917 9114 3477
f 33 515 9115
f 33 9115 34
f 2070 6829 9116
f 2070 9116 5061
f 7867 6822 9117
f 7867 9117 630
f 2682 5413 9118
f 2682 9118 7855
f 1409 5002 9119
f 1409 9119 7852
f 1867 155 9120
f 1867 9120 6935
f 2874 2 9121
f 2874 9121 3785
f 3871 7889 9122
f 3871 9122 7858
f 5867 3228 9123
f 5867 9123 665
f 6861 3284 9124
f 6861 9124 5088
f 97 2701 9125
f 97 9125 4655
f 7875 6691 9126
f 7875 9126 6616
f 5871 3876 9127
f 5871 9127 6836
f 7992 750 9128
f 7992 9128 730
f 2645 5098 9129
f 2645 9129 7868
f 5874 669 9130
f 5874 9130 7877
f 5876 638 9131
f 5876 9131 7879
f 912 7866 9132
f 912 9132 6522
f 4392 463 9133
f 4392 9133 6934
f 6844 4132 9134
f 6844 9134 4379
f 785 7347 9135
f 785 9135 1312
f 2786 8011 9136
f 2786 9136 2375
f 839 4502 9137
f 839 9137 6431
f 5941 7253 9138
f 5941 9138 2907
f 3296 5742 9139
f 3296 9139 1203
f 2341 1223 9140
f 2341 9140 4982
f 1670 6867 9141
f 1670 9141 7015
f 3269 1508 9142
f 3269 9142 954
f 3812 108 9143
f 3812 9143 1805
f 4400 201 9144
f 4400 9144 1968
f 7896 6825 9145
f 7896 9145 5488
f 7757 490 9146
f 7757 9146 5152
f 7980 3804 9147
f 7980 9147 5948
f 7898 3070 9148
f 7898 9148 6631
f 3765 856 9149
f 3765 9149 6870
f 5684 2713 9150
f 5684 9150 4770
f 312 6774 9151
f 312 9151 5131
f 6849 5073 9152
f 6849 9152 5887
f 290 289 9153
f 290 9153 4996
f 4611 1579 9154
f 4611 9154 5529
f 7626 4349 9155
f 7626 9155 4543
f 2493 1537 9156
f 2493 9156 6337
f 4366 1589 9157
f 4366 9157 7909
f 2214 6212 9158
f 2214 9158 6014
f 2489 2924 9159
f 2489 9159 384
f 7003 6026 9160
f 7003 9160 2871
f 2883 554 9161
f 2883 9161 4446
f 2997 5129 9162
f 2997 9162 7897
f 5904 1751 9163
f 5904 9163 7915
f 4309 6461 9164
f 4309 9164 5310
f 2494 3806 9165
f 2494 9165 1703
f 5107 3285 9166
f 5107 9166 722
f 5108 148 9167
f 5108 9167 7919
f 1121 5088 9168
f 1121 9168 7947
f 2042 4882 9169
f 2042 9169 4511
f 5084 1653 9170
f 5084 9170 574
f 863 348 9171
f 863 9171 6838
f 1858 5922 9172
f 1858 9172 1560
f 1301 378 9173
f 1301 9173 8420
f 6874 7924 9174
f 6874 9174 2570
f 2402 6872 9175
f 2402 9175 7921
f 878 571 9176
f 878 9176 5067
f 2846 859 9177
f 2846 9177 3789
f 3230 1578 9178
f 3230 9178 5725
f 2590 6062 9179
f 2590 9179 4416
f 5342 7900 9180
f 5342 9180 2693
f 353 528 9181
f 353 9181 5182
f 5121 7048 9182
f 5121 9182 6728
f 1732 6870 9183
f 1732 9183 6896
f 1584 7304 9184
f 1584 9184 5068
f 815 3771 9185
f 815 9185 2864
f 3484 7936 9186
f 3484 9186 1964
f 6030 2948 9187
f 6030 9187 7126
f 5924 6266 9188
f 5924 9188 3913
f 5925 2555 9189
f 5925 9189 7932
f 5911 7133 9190
f 5911 9190 8218
f 455 1634 9191
f 455 9191 5796
f 1449 3794 9192
f 1449 9192 8272
f 2869 7057 9193
f 2869 9193 2054
f 7156 629 9194
f 7156 9194 4387
f 4780 6603 9195
f 4780 9195 5361
f 6899 7988 9196
f 6899 9196 5129
f 2842 7624 9197
f 2842 9197 8311
f 3490 4640 9198
f 3490 9198 7894
f 6900 3872 9199
f 6900 9199 451
f 1081 3650 9200
f 1081 9200 3234
f 5935 6403 9201
f 5935 9201 4385
f 7968 2575 9202
f 7968 9202 1809
f 7977 5929 9203
f 7977 9203 5119
f 5946 4848 9204
f 5946 9204 7979
f 6913 5280 9205
f 6913 9205 4425
f 2955 496 9206
f 2955 9206 1459
f 6839 1757 9207
f 6839 9207 2031
f 6754 2870 9208
f 6754 9208 8001
f 4444 7978 9209
f 4444 9209 18
f 7983 1185 9210
f 7983 9210 6074
f 3212 904 9211
f 3212 9211 6851
f 2036 976 9212
f 2036 9212 2685
f 2824 8335 9213
f 2824 9213 5395
f 5156 3353 9214
f 5156 9214 6868
f 933 5958 9215
f 933 9215 7944
f 2616 5385 9216
f 2616 9216 7259
f 474 5777 9217
f 474 9217 3261
f 2086 1241 9218
f 2086 9218 7991
f 6923 3092 9219
f 6923 9219 2152
f 848 7937 9220
f 848 9220 7874
f 6925 494 9221
f 6925 9221 4065
f 439 442 9222
f 439 9222 7948
f 1037 6493 9223
f 1037 9223 2957
f 2569 5947 9224
f 2569 9224 6999
f 8000 4142 9225
f 8000 9225 505
f 1819 3100 9226
f 1819 9226 7988
f 847 2877 9227
f 847 9227 8079
f 6880 3892 9228
f 6880 9228 8002
f 8007 5462 9229
f 8007 9229 281
f 1161 3794 9230
f 1161 9230 7776
f 1636 7870 9231
f 1636 9231 5000
f 3004 8008 9232
f 3004 9232 2456
f 3776 57 9233
f 3776 9233 6794
f 1381 8179 9234
f 1381 9234 2089
f 2904 4594 9235
f 2904 9235 5842
f 1534 3307 9236
f 1534 9236 4501
f 8016 5953 9237
f 8016 9237 1704
f 4394 124 9238
f 4394 9238 6802
f 2878 5056 9239
f 2878 9239 5973
f 5168 7247 9240
f 5168 9240 3000
f 2631 7807 9241
f 2631 9241 7998
f 5984 6655 9242
f 5984 9242 2601
f 6960 66 9243
f 6960 9243 5270
f 3825 5949 9244
f 3825 9244 6921
f 1810 429 9245
f 1810 9245 8155
f 2302 641 9246
f 2302 9246 7482
f 5171 2979 9247
f 5171 9247 1451
f 6967 330 9248
f 6967 9248 724
f 2514 457 9249
f 2514 9249 7994
f 2400 5951 9250
f 2400 9250 1510
f 5245 7822 9251
f 5245 9251 6938
f 1865 5198 9252
f 1865 9252 360
f 2363 8001 9253
f 2363 9253 3772
f 5377 7941 9254
f 5377 9254 3508
f 4465 5220 9255
f 4465 9255 8094
f 2391 1503 9256
f 2391 9256 1083
f 2408 2812 9257
f 2408 9257 5899
f 1077 2309 9258
f 1077 9258 4540
f 8018 6948 9259
f 8018 9259 2685
f 4978 3116 9260
f 4978 9260 2649
f 6981 7305 9261
f 6981 9261 5568
f 6963 1645 9262
f 6963 9262 5986
f 2931 7930 9263
f 2931 9263 7945
f 1338 1871 9264
f 1338 9264 6186
f 6024 222 9265
f 6024 9265 7989
f 1231 3155 9266
f 1231 9266 3467
f 6987 4467 9267
f 6987 9267 1556
f 8050 6952 9268
f 8050 9268 6831
f 8051 2270 9269
f 8051 9269 6890
f 857 5974 9270
f 857 9270 6947
f 4741 460 9271
f 4741 9271 2738
f 8054 1695 9272
f 8054 9272 6002
f 2492 5877 9273
f 2492 9273 2815
f 8055 3826 9274
f 8055 9274 6070
f 8268 3088 9275
f 8268 9275 7136
f 234 6936 9276
f 234 9276 6090
f 8061 2782 9277
f 8061 9277 6978
f 2545 5979 9278
f 2545 9278 5090
f 4352 8108 9279
f 4352 9279 5165
f 1253 5280 9280
f 1253 9280 5410
f 1820 5166 9281
f 1820 9281 6944
f 4488 392 9282
f 4488 9282 3817
f 2905 6951 9283
f 2905 9283 6947
f 936 1389 9284
f 936 9284 5233
f 6027 585 9285
f 6027 9285 6210
f 2281 2072 9286
f 2281 9286 7976
f 2565 7275 9287
f 2565 9287 7965
f 7004 4518 9288
f 7004 9288 8082
f 1458 2211 9289
f 1458 9289 6813
f 2038 6390 9290
f 2038 9290 2968
f 5144 3823 9291
f 5144 9291 5938
f 2261 4014 9292
f 2261 9292 7011
f 257 2309 9293
f 257 9293 7023
f 2581 8172 9294
f 2581 9294 3810
f 4634 864 9295
f 4634 9295 789
f 8093 6681 9296
f 8093 9296 5367
f 6036 456 9297
f 6036 9297 149
f 2536 8198 9298
f 2536 9298 5991
f 2149 7484 9299
f 2149 9299 7068
f 7017 4455 9300
f 7017 9300 5064
f 4418 2867 9301
f 4418 9301 6017
f 5349 1565 9302
f 5349 9302 609
f 6040 467 9303
f 6040 9303 3740
f 2307 359 9304
f 2307 9304 8084
f 1080 1863 9305
f 1080 9305 505
f 8100 5133 9306
f 8100 9306 5125
f 2468 4526 9307
f 2468 9307 145
f 7437 704 9308
f 7437 9308 657
f 1953 6818 9309
f 1953 9309 7857
f 8102 2811 9310
f 8102 9310 415
f 4326 2397 9311
f 4326 9311 6978
f 1927 5387 9312
f 1927 9312 7644
f 6046 8109 9313
f 6046 9313 1565
f 294 3051 9314
f 294 9314 7339
f 7620 1481 9315
f 7620 9315 6388
f 1454 5721 9316
f 1454 9316 8083
f 7033 3457 9317
f 7033 9317 8112
f 7433 3352 9318
f 7433 9318 2995
f 8116 3791 9319
f 8116 9319 614
f 1512 8127 9320
f 1512 9320 6009
f 3744 7040 9321
f 3744 9321 6205
f 1146 3715 9322
f 1146 9322 3881
f 7042 2496 9323
f 7042 9323 481
f 1149 7052 9324
f 1149 9324 3420
f 1177 5202 9325
f 1177 9325 4396
f 5484 1738 9326
f 5484 9326 7688
f 6055 535 9327
f 6055 9327 484
f 8125 5176 9328
f 8125 9328 5606
f 1068 6495 9329
f 1068 9329 4492
f 4650 1737 9330
f 4650 9330 8110
f 4230 7505 9331
f 4230 9331 1581
f 7047 1165 9332
f 7047 9332 5428
f 1889 2948 9333
f 1889 9333 5932
f 6438 3494 9334
f 6438 9334 1405
f 660 8058 9335
f 660 9335 4462
f 4399 8089 9336
f 4399 9336 6897
f 3741 6678 9337
f 3741 9337 8045
f 7812 949 9338
f 7812 9338 1518
f 2573 7836 9339
f 2573 9339 5323
f 3301 1212 9340
f 3301 9340 5075
f 540 2389 9341
f 540 9341 5303
f 1347 3715 9342
f 1347 9342 4050
f 53 1707 9343
f 53 9343 6182
f 8150 1847 9344
f 8150 9344 2496
f 2419 7591 9345
f 2419 9345 1849
f 6848 2031 9346
f 6848 9346 3308
f 2241 3096 9347
f 2241 9347 5848
f 7933 753 9348
f 7933 9348 5573
f 1418 1295 9349
f 1418 9349 6118
f 8154 5502 9350
f 8154 9350 1834
f 861 2999 9351
f 861 9351 8222
f 939 4327 9352
f 939 9352 4729
f 284 6480 9353
f 284 9353 7642
f 6137 7612 9354
f 6137 9354 3829
f 2353 186 9355
f 2353 9355 3745
f 3807 1419 9356
f 3807 9356 4397
f 5658 1769 9357
f 5658 9357 464
f 7813 6824 9358
f 7813 9358 1280
f 5382 7294 9359
f 5382 9359 2355
f 7064 786 9360
f 7064 9360 5291
f 8161 2574 9361
f 8161 9361 598
f 3746 1078 9362
f 3746 9362 333
f 8164 354 9363
f 8164 9363 786
f 1310 2301 9364
f 1310 9364 6996
f 980 2611 9365
f 980 9365 3396
f 8138 5219 9366
f 8138 9366 7052
f 6073 1959 9367
f 6073 9367 1181
f 7066 456 9368
f 7066 9368 251
f 5221 8168 9369
f 5221 9369 4240
f 177 8089 9370
f 177 9370 7010
f 8149 1737 9371
f 8149 9371 2522
f 1694 691 9372
f 1694 9372 906
f 2340 4689 9373
f 2340 9373 6827
f 2271 1825 9374
f 2271 9374 4388
f 4464 211 9375
f 4464 9375 6037
f 4411 5109 9376
f 4411 9376 1269
f 1093 2515 9377
f 1093 9377 6542
f 6814 635 9378
f 6814 9378 3779
f 6084 499 9379
f 6084 9379 622
f 5044 5369 9380
f 5044 9380 6761
f 1013 8080 9381
f 1013 9381 5849
f 8182 620 9382
f 8182 9382 3844
f 8095 662 9383
f 8095 9383 987
f 5267 1756 9384
f 5267 9384 381
f 8183 6042 9385
f 8183 9385 196
f 8184 2025 9386
f 8184 9386 3361
f 1210 4458 9387
f 1210 9387 5228
f 94 4110 9388
f 94 9388 4583
f 5097 3401 9389
f 5097 9389 6924
f 6796 2455 9390
f 6796 9390 5224
f 5078 2223 9391
f 5078 9391 6964
f 6805 744 9392
f 6805 9392 634
f 1872 8049 9393
f 1872 9393 8175
f 8292 2048 9394
f 8292 9394 1675
f 1502 5846 9395
f 1502 9395 2130
f 8192 5992 9396
f 8192 9396 365
f 3264 2495 9397
f 3264 9397 8389
f 8195 4461 9398
f 8195 9398 3315
f 6727 7309 9399
f 6727 9399 1945
f 7086 4405 9400
f 7086 9400 1085
f 4155 1573 9401
f 4155 9401 8129
f 2015 5332 9402
f 2015 9402 4140
f 8024 3858 9403
f 8024 9403 6958
f 2032 116 9404
f 2032 9404 1738
f 851 5265 9405
f 851 9405 3377
f 1511 5110 9406
f 1511 9406 7030
f 7869 2054 9407
f 7869 9407 1766
f 2769 6964 9408
f 2769 9408 7951
f 7087 8199 9409
f 7087 9409 31
f 2819 7035 9410
f 2819 9410 8041
f 3843 2008 9411
f 3843 9411 7007
f 8201 1523 9412
f 8201 9412 5981
f 5854 6893 9413
f 5854 9413 806
f 8204 7147 9414
f 8204 9414 76
f 2414 2861 9415
f 2414 9415 4950
f 1515 104 9416
f 1515 9416 4637
f 6576 3403 9417
f 6576 9417 577
f 1881 7439 9418
f 1881 9418 4061
f 356 357 9419
f 356 9419 5912
f 5225 8306 9420
f 5225 9420 4468
f 35 7038 9421
f 35 9421 3314
f 881 4143 9422
f 881 9422 5347
f 8209 3757 9423
f 8209 9423 6968
f 5341 3885 9424
f 5341 9424 4903
f 2885 7967 9425
f 2885 9425 3831
f 6094 2603 9426
f 6094 9426 160
f 751 7956 9427
f 751 9427 6965
f 8211 978 9428
f 8211 9428 5403
f 1689 7233 9429
f 1689 9429 833
f 2022 7943 9430
f 2022 9430 8106
f 2507 4873 9431
f 2507 9431 3759
f 6095 8213 9432
f 6095 9432 2525
f 7863 479 9433
f 7863 9433 215
f 2044 6142 9434
f 2044 9434 3857
f 5907 3716 9435
f 5907 9435 3175
f 2976 6974 9436
f 2976 9436 1763
f 213 212 9437
f 213 9437 3957
f 7091 3305 9438
f 7091 9438 8277
f 7090 8215 9439
f 7090 9439 779
f 8216 5227 9440
f 8216 9440 4288
f 3101 6421 9441
f 3101 9441 6248
f 7691 5702 9442
f 7691 9442 3172
f 5695 1590 9443
f 5695 9443 645
f 1450 7950 9444
f 1450 9444 3529
f 2276 6038 9445
f 2276 9445 7892
f 8220 1659 9446
f 8220 9446 4628
f 142 671 9447
f 142 9447 569
f 8221 3879 9448
f 8221 9448 1657
f 1307 6997 9449
f 1307 9449 2661
f 7043 470 9450
f 7043 9450 7723
f 4867 8092 9451
f 4867 9451 1596
f 5089 6787 9452
f 5089 9452 7881
f 2612 131 9453
f 2612 9453 2965
f 1250 4531 9454
f 1250 9454 2613
f 2781 1661 9455
f 2781 9455 217
f 8227 1763 9456
f 8227 9456 1280
f 1514 8046 9457
f 1514 9457 5657
f 1979 4339 9458
f 1979 9458 7886
f 2523 8229 9459
f 2523 9459 560
f 8230 1728 9460
f 8230 9460 3205
f 1680 7009 9461
f 1680 9461 4128
f 802 5340 9462
f 802 9462 7912
f 4438 1388 9463
f 4438 9463 8063
f 2945 8231 9464
f 2945 9464 6078
f 4386 426 9465
f 4386 9465 8076
f 8232 6006 9466
f 8232 9466 6675
f 8233 2551 9467
f 8233 9467 4704
f 4497 7854 9468
f 4497 9468 2503
f 8235 7018 9469
f 8235 9469 2230
f 7104 743 9470
f 7104 9470 63
f 5229 711 9471
f 5229 9471 7105
f 1604 3131 9472
f 1604 9472 770
f 6771 1656 9473
f 6771 9473 3730
f 1845 2508 9474
f 1845 9474 2882
f 3126 4323 9475
f 3126 9475 420
f 4926 6881 9476
f 4926 9476 8144
f 5723 6332 9477
f 5723 9477 5057
f 8238 1105 9478
f 8238 9478 5261
f 7108 8141 9479
f 7108 9479 5560
f 4214 2625 9480
f 4214 9480 361
f 8239 10 9481
f 8239 9481 4489
f 901 4531 9482
f 901 9482 7464
f 3316 3824 9483
f 3316 9483 1664
f 8242 4055 9484
f 8242 9484 496
f 7113 5912 9485
f 7113 9485 634
f 4727 5615 9486
f 4727 9486 295
f 6066 266 9487
f 6066 9487 322
f 2306 4049 9488
f 2306 9488 8115
f 1683 1179 9489
f 1683 9489 2951
f 8244 4368 9490
f 8244 9490 5830
f 8245 5573 9491
f 8245 9491 2485
f 7115 534 9492
f 7115 9492 8246
f 6020 215 9493
f 6020 9493 1871
f 7117 948 9494
f 7117 9494 1164
f 8249 447 9495
f 8249 9495 535
f 2099 858 9496
f 2099 9496 5471
f 5409 6620 9497
f 5409 9497 6480
f 1948 5583 9498
f 1948 9498 6719
f 8252 6954 9499
f 8252 9499 6265
f 7121 1466 9500
f 7121 9500 874
f 8253 4481 9501
f 8253 9501 3675
f 8254 2020 9502
f 8254 9502 1504
f 8255 5801 9503
f 8255 9503 3864
f 8256 430 9504
f 8256 9504 2280
f 5096 5882 9505
f 5096 9505 183
f 8258 2725 9506
f 8258 9506 3379
f 3485 1036 9507
f 3485 9507 7676
f 7127 2216 9508
f 7127 9508 381
f 8260 4049 9509
f 8260 9509 6079
f 3386 6247 9510
f 3386 9510 398
f 4084 4987 9511
f 4084 9511 2847
f 301 7 9512
f 301 9512 7958
f 2406 4123 9513
f 2406 9513 7506
f 7130 1850 9514
f 7130 9514 8266
f 3839 5900 9515
f 3839 9515 1074
f 6113 5172 9516
f 6113 9516 421
f 3429 8207 9517
f 3429 9517 5294
f 424 5393 9518
f 424 9518 3805
f 4588 7816 9519
f 4588 9519 648
f 7134 1822 9520
f 7134 9520 5132
f 1060 274 9521
f 1060 9521 5272
f 7885 4030 9522
f 7885 9522 3081
f 1050 6315 9523
f 1050 9523 5403
f 1583 7021 9524
f 1583 9524 2943
f 5263 2141 9525
f 5263 9525 999
f 5191 8180 9526
f 5191 9526 1669
f 1971 7649 9527
f 1971 9527 7053
f 1383 3281 9528
f 1383 9528 7211
f 8177 4498 9529
f 8177 9529 7071
f 7918 6537 9530
f 7918 9530 1482
f 7137 6091 9531
f 7137 9531 6077
f 5305 7894 9532
f 5305 9532 2929
f 4532 8222 9533
f 4532 9533 7223
f 7138 1651 9534
f 7138 9534 1306
f 2633 332 9535
f 2633 9535 6217
f 380 4876 9536
f 380 9536 6060
f 2483 3348 9537
f 2483 9537 5781
f 8273 6414 9538
f 8273 9538 636
f 8274 1100 9539
f 8274 9539 371
f 1387 1866 9540
f 1387 9540 7953
f 8275 6818 9541
f 8275 9541 1445
f 8278 266 9542
f 8278 9542 3971
f 1828 6390 9543
f 1828 9543 6442
f 1740 2080 9544
f 1740 9544 4582
f 3349 360 9545
f 3349 9545 8262
f 195 1094 9546
f 195 9546 6082
f 5368 3518 9547
f 5368 9547 2648
f 1880 7251 9548
f 1880 9548 4415
f 8280 3627 9549
f 8280 9549 1530
f 4674 1308 9550
f 4674 9550 2604
f 1705 7255 9551
f 1705 9551 6860
f 4244 642 9552
f 4244 9552 329
f 5256 3816 9553
f 5256 9553 1940
f 6226 4908 9554
f 6226 9554 4492
f 5788 758 9555
f 5788 9555 1256
f 8283 2066 9556
f 8283 9556 1637
f 2006 5635 9557
f 2006 9557 4525
f 4966 7928 9558
f 4966 9558 6919
f 8286 2366 9559
f 8286 9559 423
f 2747 3500 9560
f 2747 9560 5417
f 8287 7143 9561
f 8287 9561 3025
f 5106 3756 9562
f 5106 9562 7076
f 8103 4922 9563
f 8103 9563 7025
f 7146 4238 9564
f 7146 9564 8288
f 8289 65 9565
f 8289 9565 6946
f 8290 6816 9566
f 8290 9566 3382
f 1543 3840 9567
f 1543 9567 2195
f 8291 4504 9568
f 8291 9568 5124
f 2706 6995 9569
f 2706 9569 6657
f 6399 8081 9570
f 6399 9570 4030
f 3392 869 9571
f 3392 9571 1153
f 2332 3967 9572
f 2332 9572 2988
f 4384 2934 9573
f 4384 9573 5936
f 4925 8198 9574
f 4925 9574 989
f 537 8250 9575
f 537 9575 5181
f 7149 8293 9576
f 7149 9576 2981
f 6993 183 9577
f 6993 9577 8063
f 7150 717 9578
f 7150 9578 8294
f 8296 2264 9579
f 8296 9579 423
f 6512 425 9580
f 6512 9580 7517
f 2970 8030 9581
f 2970 9581 621
f 8301 1697 9582
f 8301 9582 3351
f 6123 5081 9583
f 6123 9583 7154
f 2238 5760 9584
f 2238 9584 3878
f 2777 8179 9585
f 2777 9585 4639
f 8303 3833 9586
f 8303 9586 1554
f 4 7675 9587
f 4 9587 2785
f 6912 3304 9588
f 6912 9588 3805
f 518 7172 9589
f 518 9589 4473
f 5737 1563 9590
f 5737 9590 6141
f 2037 8284 9591
f 2037 9591 1818
f 5237 4452 9592
f 5237 9592 6145
f 5868 3969 9593
f 5868 9593 5082
f 473 5814 9594
f 473 9594 579
f 7094 2303 9595
f 7094 9595 4644
f 7157 8306 9596
f 7157 9596 247
f 403 647 9597
f 403 9597 4436
f 4990 8031 9598
f 4990 9598 8205
f 7158 1900 9599
f 7158 9599 4202
f 2293 1000 9600
f 2293 9600 6866
f 2524 4932 9601
f 2524 9601 7797
f 2644 4717 9602
f 2644 9602 7880
f 1372 6421 9603
f 1372 9603 7321
f 3184 581 9604
f 3184 9604 6545
f 5541 7218 9605
f 5541 9605 3512
f 2208 4910 9606
f 2208 9606 3792
f 2174 8208 9607
f 2174 9607 5707
f 113 2381 9608
f 113 9608 1888
f 7078 352 9609
f 7078 9609 5650
f 5535 564 9610
f 5535 9610 1697
f 4479 494 9611
f 4479 9611 6487
f 2035 6089 9612
f 2035 9612 860
f 8310 4891 9613
f 8310 9613 7013
f 5253 4508 9614
f 5253 9614 8194
f 8312 6050 9615
f 8312 9615 4903
f 8313 3278 9616
f 8313 9616 1844
f 1681 7665 9617
f 1681 9617 4449
f 3407 4061 9618
f 3407 9618 4866
f 5250 4750 9619
f 5250 9619 2547
f 8315 830 9620
f 8315 9620 4933
f 3456 7906 9621
f 3456 9621 105
f 8316 4526 9622
f 8316 9622 5273
f 8317 3933 9623
f 8317 9623 3327
f 2073 6862 9624
f 2073 9624 3381
f 8318 3295 9625
f 8318 9625 5869
f 5079 542 9626
f 5079 9626 4124
f 3607 5356 9627
f 3607 9627 4511
f 2334 5458 9628
f 2334 9628 7443
f 2917 3584 9629
f 2917 9629 5644
f 4986 7987 9630
f 4986 9630 2485
f 4554 1762 9631
f 4554 9631 1655
f 8319 6004 9632
f 8319 9632 6092
f 7166 371 9633
f 7166 9633 8320
f 4038 8117 9634
f 4038 9634 3334
f 8321 48 9635
f 8321 9635 3399
f 3029 3453 9636
f 3029 9636 7981
f 2537 3900 9637
f 2537 9637 8021
f 967 6672 9638
f 967 9638 8119
f 3030 5492 9639
f 3030 9639 8135
f 3109 3788 9640
f 3109 9640 696
f 7169 4403 9641
f 7169 9641 8322
f 8323 2312 9642
f 8323 9642 1202
f 236 5049 9643
f 236 9643 140
f 7114 794 9644
f 7114 9644 7814
f 3067 7708 9645
f 3067 9645 5616
f 8327 2517 9646
f 8327 9646 2075
f 2969 5851 9647
f 2969 9647 206
f 1873 6863 9648
f 1873 9648 942
f 4419 3792 9649
f 4419 9649 6018
f 4991 495 9650
f 4991 9650 7305
f 3395 4267 9651
f 3395 9651 1312
f 7008 4264 9652
f 7008 9652 5193
f 1846 2204 9653
f 1846 9653 5707
f 72 575 9654
f 72 9654 5179
f 4521 855 9655
f 4521 9655 8169
f 7839 2005 9656
f 7839 9656 6797
f 7170 3371 9657
f 7170 9657 6031
f 8330 1356 9658
f 8330 9658 6759
f 8332 1217 9659
f 8332 9659 5624
f 1830 8136 9660
f 1830 9660 4005
f 5217 4415 9661
f 5217 9661 6109
f 8336 6986 9662
f 8336 9662 3798
f 8337 7006 9663
f 8337 9663 5391
f 1525 1853 9664
f 1525 9664 8302
f 7173 1144 9665
f 7173 9665 8339
f 4253 846 9666
f 4253 9666 5980
f 7799 910 9667
f 7799 9667 1165
f 8340 2067 9668
f 8340 9668 4458
f 5733 970 9669
f 5733 9669 3263
f 7174 2004 9670
f 7174 9670 182
f 4001 7487 9671
f 4001 9671 4801
f 3473 1759 9672
f 3473 9672 5801
f 8191 7082 9673
f 8191 9673 3977
f 8342 3734 9674
f 8342 9674 5132
f 8343 5315 9675
f 8343 9675 601
f 6988 924 9676
f 6988 9676 2889
f 7175 1315 9677
f 7175 9677 1629
f 5999 5128 9678
f 5999 9678 378
f 7176 6088 9679
f 7176 9679 5127
f 1148 3289 9680
f 1148 9680 8127
f 8347 5209 9681
f 8347 9681 6820
f 476 8037 9682
f 476 9682 7012
f 8349 7084 9683
f 8349 9683 3815
f 8350 2599 9684
f 8350 9684 2270
f 5837 1586 9685
f 5837 9685 7815
f 3678 7919 9686
f 3678 9686 1443
f 1102 3995 9687
f 1102 9687 3463
f 4161 8072 9688
f 4161 9688 256
f 2609 7228 9689
f 2609 9689 8187
f 8351 722 9690
f 8351 9690 1724
f 8353 4333 9691
f 8353 9691 1840
f 6846 1666 9692
f 6846 9692 796
f 3206 2265 9693
f 3206 9693 5933
f 1894 7960 9694
f 1894 9694 7364
f 1577 5457 9695
f 1577 9695 1087
f 2356 4973 9696
f 2356 9696 3017
f 2773 6904 9697
f 2773 9697 1196
f 1837 2941 9698
f 1837 9698 4603
f 962 1026 9699
f 962 9699 7727
f 1386 3231 9700
f 1386 9700 7969
f 8355 524 9701
f 8355 9701 4871
f 7252 2021 9702
f 7252 9702 2980
f 3846 2677 9703
f 3846 9703 5611
f 2873 587 9704
f 2873 9704 8078
f 7971 3636 9705
f 7971 9705 1456
f 2817 5942 9706
f 2817 9706 523
f 7180 3636 9707
f 7180 9707 1827
f 4686 5455 9708
f 4686 9708 1196
f 170 171 9709
f 170 9709 3047
f 4245 1179 9710
f 4245 9710 5149
f 8358 4437 9711
f 8358 9711 5645
f 2908 6439 9712
f 2908 9712 7975
f 572 5945 9713
f 572 9713 794
f 1126 5892 9714
f 1126 9714 5001
f 2090 1275 9715
f 2090 9715 4593
f 8359 6779 9716
f 8359 9716 3936
f 1091 1859 9717
f 1091 9717 3497
f 7181 1009 9718
f 7181 9718 5957
f 1663 7364 9719
f 1663 9719 7982
f 6080 3093 9720
f 6080 9720 7986
f 4673 4355 9721
f 4673 9721 6334
f 2512 6895 9722
f 2512 9722 4904
f 6833 5836 9723
f 6833 9723 1508
f 2120 6454 9724
f 2120 9724 5897
f 4151 2429 9725
f 4151 9725 677
f 8361 4603 9726
f 8361 9726 6918
f 3331 783 9727
f 3331 9727 6280
f 1433 6889 9728
f 1433 9728 6562
f 8308 728 9729
f 8308 9729 5956
f 3412 7907 9730
f 3412 9730 4291
f 4818 7506 9731
f 4818 9731 573
f 8363 4104 9732
f 8363 9732 4338
f 7183 2438 9733
f 7183 9733 3939
f 8366 2586 9734
f 8366 9734 443
f 7185 8367 9735
f 7185 9735 5902
f 2050 1214 9736
f 2050 9736 3057
f 3311 7843 9737
f 3311 9737 6871
f 1690 997 9738
f 1690 9738 4945
f 1143 459 9739
f 1143 9739 6932
f 8368 4904 9740
f 8368 9740 5062
f 729 525 9741
f 729 9741 2618
f 7106 42 9742
f 7106 9742 3975
f 5175 3799 9743
f 5175 9743 6336
f 7190 8369 9744
f 7190 9744 436
f 8178 4331 9745
f 8178 9745 7073
f 6131 2557 9746
f 6131 9746 4463
f 2304 552 9747
f 2304 9747 673
f 8372 575 9748
f 8372 9748 922
f 6873 8071 9749
f 6873 9749 3252
f 5495 1573 9750
f 5495 9750 3039
f 2101 8223 9751
f 2101 9751 4286
f 7194 3342 9752
f 7194 9752 468
f 7195 5211 9753
f 7195 9753 1544
f 8375 3906 9754
f 8375 9754 781
f 309 6949 9755
f 309 9755 728
f 8376 3363 9756
f 8376 9756 643
f 4361 682 9757
f 4361 9757 6287
f 8377 6630 9758
f 8377 9758 5449
f 2827 1522 9759
f 2827 9759 3229
f 4420 5197 9760
f 4420 9760 3810
f 6898 218 9761
f 6898 9761 5138
f 2002 4302 9762
f 2002 9762 5836
f 7197 8378 9763
f 7197 9763 5199
f 5832 4985 9764
f 5832 9764 6788
f 2267 5408 9765
f 2267 9765 981
f 7198 8379 9766
f 7198 9766 244
f 8381 3077 9767
f 8381 9767 1855
f 8380 461 9768
f 8380 9768 589
f 7199 401 9769
f 7199 9769 8383
f 8382 3050 9770
f 8382 9770 704
f 8384 7196 9771
f 8384 9771 7193
f 8385 2260 9772
f 8385 9772 1861
f 7200 5770 9773
f 7200 9773 1898
f 3694 7132 9774
f 3694 9774 8040
f 4745 5290 9775
f 4745 9775 3201
f 8197 836 9776
f 8197 9776 5039
f 8388 1416 9777
f 8388 9777 4688
f 968 6121 9778
f 968 9778 8251
f 2994 1469 9779
f 2994 9779 6966
f 4512 1831 9780
f 4512 9780 7990
f 5533 1345 9781
f 5533 9781 6941
f 4595 8020 9782
f 4595 9782 6828
f 7202 3788 9783
f 7202 9783 4589
f 6835 3800 9784
f 6835 9784 5298
f 7203 3290 9785
f 7203 9785 249
f 8392 5214 9786
f 8392 9786 7201
f 8393 725 9787
f 8393 9787 4107
f 7204 1804 9788
f 7204 9788 8394
f 6917 5952 9789
f 6917 9789 3890
f 54 4206 9790
f 54 9790 2366
f 8395 7192 9791
f 8395 9791 5446
f 8396 1 9792
f 8396 9792 3166
f 5889 2030 9793
f 5889 9793 1100
f 6850 4266 9794
f 6850 9794 5831
f 3394 4304 9795
f 3394 9795 7999
f 8397 1420 9796
f 8397 9796 5441
f 8398 6056 9797
f 8398 9797 6970
f 1049 7974 9798
f 1049 9798 8300
f 7205 5234 9799
f 7205 9799 8399
f 7996 3877 9800
f 7996 9800 3108
f 1005 6889 9801
f 1005 9801 6559
f 5240 8389 9802
f 5240 9802 7188
f 8400 267 9803
f 8400 9803 2859
f 5926 2559 9804
f 5926 9804 8334
f 7848 3886 9805
f 7848 9805 2103
f 929 7123 9806
f 929 9806 6110
f 2705 2952 9807
f 2705 9807 7677
f 1919 1426 9808
f 1919 9808 8362
f 811 3319 9809
f 811 9809 2886
f 2296 231 9810
f 2296 9810 355
f 8402 3777 9811
f 8402 9811 411
f 8403 5101 9812
f 8403 9812 6528
f 947 454 9813
f 947 9813 5032
f 7206 461 9814
f 7206 9814 8404
f 2273 8044 9815
f 2273 9815 6982
f 8405 3213 9816
f 8405 9816 6407
f 7939 5126 9817
f 7939 9817 1040
f 8406 3995 9818
f 8406 9818 5183
f 741 8059 9819
f 741 9819 4811
f 5711 871 9820
f 5711 9820 4685
f 3951 8140 9821
f 3951 9821 6725
f 3020 125 9822
f 3020 9822 100
f 2563 4657 9823
f 2563 9823 1055
f 8407 5450 9824
f 8407 9824 7075
f 559 5862 9825
f 559 9825 558
f 8408 1448 9826
f 8408 9826 6804
f 1385 7128 9827
f 1385 9827 3835
f 3739 1829 9828
f 3739 9828 6803
f 6715 3002 9829
f 6715 9829 5766
f 1382 8203 9830
f 1382 9830 7151
f 8410 714 9831
f 8410 9831 6013
f 1650 7475 9832
f 1650 9832 6415
f 8411 977 9833
f 8411 9833 5626
f 557 6950 9834
f 557 9834 5998
f 8412 7077 9835
f 8412 9835 6656
f 1039 7145 9836
f 1039 9836 4984
f 4712 8038 9837
f 4712 9837 436
f 4410 698 9838
f 4410 9838 3294
f 1180 8271 9839
f 1180 9839 6116
f 539 3603 9840
f 539 9840 4892
f 7207 2060 9841
f 7207 9841 8413
f 3751 6114 9842
f 3751 9842 5226
f 8414 3131 9843
f 8414 9843 68
f 8415 410 9844
f 8415 9844 347
f 1374 2611 9845
f 1374 9845 8152
f 21 3355 9846
f 21 9846 5955
f 8416 7140 9847
f 8416 9847 7110
f 8417 6976 9848
f 8417 9848 771
f 331 5087 9849
f 331 9849 628
f 1835 3714 9850
f 1835 9850 6241
f 8418 3229 9851
f 8418 9851 2046
f 132 2046 9852
f 132 9852 2939
f 3114 2745 9853
f 3114 9853 196
f 690 6956 9854
f 690 9854 7966
f 1674 7907 9855
f 1674 9855 4284
f 431 7139 9856
f 431 9856 4451
f 2853 8314 9857
f 2853 9857 8285
f 2000 5222 9858
f 2000 9858 4468
f 5161 7131 9859
f 5161 9859 2264
f 1676 6129 9860
f 1676 9860 8386
f 1089 4471 9861
f 1089 9861 7168
f 5169 367 9862
f 5169 9862 7147
f 5170 8300 9863
f 5170 9863 615
f 937 7208 9864
f 937 9864 5136
