v 2.229345 -0.992723 -0.862826
v 2.5392 -0.727778 -0.750475
v 2.669281 -0.930664 -0.557166
v 2.514167 -1.077721 -0.706614
v 2.318787 -1.29409 -0.673863
v 2.960118 -0.941827 -0.284743
v 2.881063 -0.493146 -0.521968
v -2.033406 -0.91003 -0.96422
v -1.782298 -1.020581 -0.943381
v -2.462835 -1.3055 -0.966395
v -2.049879 -1.562369 -0.829319
v -1.200688 -1.577575 -0.799188
v -0.972089 -1.774507 -0.76857
v -0.063012 -1.583021 -0.865082
v -0.543078 -1.810473 -0.563825
v -1.108758 -1.770749 -0.473033
v -0.523838 -1.850065 -0.388007
v -2.267049 -1.753901 -0.662106
v -1.88316 -1.829718 -0.401567
v -2.941731 -1.787431 -0.442574
v -3.616627 -0.350374 -0.338492
v -3.570243 -0.060093 -0.344854
v -3.535416 0.191408 -0.338478
v -3.55232 0.219613 0.0
v 1.734568 -2.965876 -0.986396
v 1.802387 -3.089615 -0.961851
v 1.721745 -3.116887 -0.979111
v 2.247981 -3.342804 -1.127459
v 1.709173 -3.133145 -0.80794
v 1.900481 -3.131932 -0.728621
v 2.126553 -3.549679 -0.701005
v 1.857471 -2.950722 -0.669988
v 1.884318 -2.724404 -0.701999
v -2.837147 -1.791733 -0.921563
v -2.918293 -1.904184 -1.004659
v -3.23261 -1.834299 -1.087832
v -3.49052 -1.760417 -0.903104
v -3.078699 -2.553982 -1.046834
v -3.177824 -2.279173 -1.04758
v -3.327526 -2.075729 -1.005328
v -3.347304 -2.573628 -0.955211
v -3.030605 -2.311222 -0.88433
v 1.953911 -2.462233 -0.830594
v 1.98533 -2.221319 -0.893145
v 1.678986 -2.513137 -0.891745
v 1.648793 -2.280014 -0.929365
v 1.6249 -2.087301 -0.963391
v 1.60129 -2.267132 -0.787696
v 1.473886 -1.818947 -0.799576
v 1.756349 -2.446399 -0.705428
v 1.804927 -1.581954 -1.089198
v 1.818266 -2.313852 -0.968652
v 1.945206 -2.015769 -0.672724
v 1.966698 -1.22816 -1.153716
v 3.233975 2.059193 -0.072431
v 3.276333 1.863773 -0.294266
v 3.528445 1.060127 -0.489443
v 3.71636 2.343387 0.0
v 3.4583 2.151656 -0.102662
v 4.120842 0.627141 -0.185461
v 4.041657 1.039756 -0.496922
v 2.361089 1.76666 -0.202595
v 2.637461 1.01726 -0.581611
v 2.811504 0.469098 -0.657443
v 2.91987 0.084875 -0.64246
v 2.734183 0.038769 -0.86581
v 2.70696 0.393597 -0.849582
v 2.346081 -0.74535 -1.013296
v 0.737904 1.604213 -0.281713
v 0.316341 0.785311 -1.08626
v -0.559706 1.69418 -0.186107
v 0.034087 -0.225059 -1.542949
v -1.053434 -0.342553 -1.690245
v 1.644178 -0.857872 -1.208494
v 1.640095 -0.674556 -1.246804
v 1.504951 1.483493 -0.585976
v -1.683863 1.789041 -0.121501
v -1.744732 1.734849 -0.433807
v -2.030191 0.547622 -1.189762
v -2.079597 1.817785 -0.138375
v -2.298249 0.768333 -1.203884
v -2.292049 -0.933921 -1.128136
v -3.08565 1.65734 -0.784479
v -3.35851 1.810253 -0.380095
v -3.19641 0.797564 -0.985913
v -3.709741 1.351194 -0.211745
v -3.302419 -3.017921 -1.128514
v -3.107105 -2.947818 -1.092235
v -3.227676 -3.14166 -1.103969
v -3.316551 -3.168932 -1.121229
v -2.736599 -3.394849 -1.269577
v -2.631547 -3.559891 -1.33738
v -2.981824 -3.608887 -1.346959
v -3.091252 -3.340925 -1.235864
v -3.333954 -3.058673 -0.974748
v -3.19417 -3.348553 -1.007196
v -2.52472 -3.561609 -1.161535
v -2.944625 -3.282121 -0.817054
v -3.900566 1.002504 0.0
v -3.84447 0.498176 -0.053132
v -3.87514 1.480358 0.0
v -3.712832 1.794492 0.0
v -3.47843 1.975409 0.0
v -3.242148 2.021387 0.0
v -3.80184 1.012668 -0.115288
v -3.357009 1.781675 -0.071216
v -3.674766 0.517345 -6.3e-05
v -3.348274 1.767738 -8.5e-05
v -2.03574 -1.981182 -0.547873
v -2.120746 -2.045137 -0.411171
v -2.499138 -2.03809 -0.504529
v -2.571019 -1.995375 -0.58623
v -2.685663 -2.028649 -0.514928
v -2.065655 -2.124623 -0.36872
v -1.978016 -2.086834 -0.494327
v -2.552923 -2.142304 -0.454579
v -2.629199 -2.138983 -0.436227
v -2.583303 -2.089191 -0.577616
v 4.897808 1.946794 -0.628057
v 4.973133 1.992779 -0.533466
v 5.001903 1.914398 -0.486724
v 4.760921 1.881357 -0.61312
v 4.963546 1.783161 -0.553515
v 4.918466 2.084725 -0.532713
v 5.00244 2.105746 -0.468233
v 4.752337 1.723388 -0.591296
v 4.995978 2.148785 -0.344534
v 4.912303 2.162645 -9e-05
v 5.158322 1.23677 -0.418043
v 4.761601 1.363013 -0.57137
v 4.733657 1.227371 -0.592883
v 5.588763 1.573846 0.000686
v 5.730427 1.435668 -0.209848
v 5.710154 1.360653 -0.290072
v 5.672187 1.164767 -0.35408
v 5.931474 1.233483 -0.215613
v 5.92711 1.131195 0.001118
v 5.923808 1.025283 -0.153084
v 5.959462 1.157227 -0.187097
v 5.370709 0.980272 -0.337432
v 5.373646 0.885375 -0.20884
v 4.567896 1.149805 -0.642484
v 4.496191 1.024566 -0.579491
v 4.148883 1.759918 -0.573765
v 4.342351 2.581176 -0.140317
v 4.454962 2.523303 -0.000603
v 4.209941 2.600612 -0.337597
v 4.328606 2.563996 -0.343892
v 4.47609 2.606654 -0.692301
v 4.509555 2.719807 -0.819972
v 4.801436 2.750224 -0.858918
v 5.096148 2.75972 -0.774729
v 4.440713 2.398472 -0.629128
v 4.681847 2.551036 -0.886235
v 4.262798 2.490674 -0.818316
v 4.735139 2.645464 -0.95089
v 4.035753 2.399538 -0.343957
v 3.870548 2.292106 -0.368964
v 4.273005 2.310529 -0.762172
v 4.215419 2.350484 -0.885764
v 4.061989 2.231988 -1.178382
v 4.097362 2.3666 -1.239986
v 4.094116 2.426172 -1.381032
v 4.046673 2.341349 -1.45253
v 4.094112 1.889281 -0.578435
v 4.148927 2.388726 -1.376879
v 4.199317 2.304652 -1.17454
v 4.153175 2.084823 -0.799668
v 4.148865 2.148829 -0.986567
v 4.11268 2.195089 -1.366908
v 4.111934 2.234814 -1.399949
v 2.407309 -0.97498 0.805091
v 2.126237 -1.330172 0.721011
v 2.45706 -1.400958 0.539866
v 2.803736 -1.255869 0.438328
v 2.663024 -1.440487 0.478149
v 2.835437 -0.231101 0.57789
v 2.688131 -0.517509 0.672975
v -2.306662 -1.116976 0.961238
v -1.778934 -1.550199 0.776454
v -1.266738 -1.691944 0.557922
v -1.108758 -1.770749 0.473033
v -2.126375 -1.866497 0.502895
v -3.55012 -0.984868 0.675228
v -3.283698 -0.730967 0.793898
v 1.806371 -2.949735 0.984058
v 2.021366 -2.881725 0.945561
v 1.721745 -3.116887 0.979111
v 1.802387 -3.089615 0.961851
v 2.031262 -3.256709 1.111122
v 2.113587 -3.011851 0.851648
v 1.709173 -3.133145 0.80794
v 1.83279 -3.296508 0.865078
v 2.078928 -3.584991 0.917088
v 2.126553 -3.549679 0.701005
v 2.377814 -3.484109 0.800332
v 1.841282 -2.716008 0.708009
v -2.918293 -1.904184 1.004659
v -3.23261 -1.834299 1.087832
v -3.498521 -1.762078 0.762472
v -3.068444 -2.260195 1.03507
v -3.162498 -2.556375 1.058409
v -3.347304 -2.573628 0.955211
v -2.981187 -2.142718 0.858353
v -3.030605 -2.311222 0.88433
v -3.132772 -2.528669 0.848639
v 2.02453 -2.195334 0.811284
v 1.930747 -2.463535 0.894743
v 2.053108 -1.738285 0.824853
v 1.710406 -2.272223 0.954296
v 1.717145 -1.80953 1.004092
v 1.529305 -2.092083 0.887353
v 1.663494 -2.485963 0.790773
v 1.473886 -1.818947 0.799576
v 1.596751 -1.722028 0.684655
v 1.601721 -1.262359 1.14142
v 3.115383 1.49239 0.380228
v 3.98851 1.297806 0.539537
v 2.60743 -0.208248 0.974218
v 2.346081 -0.74535 1.013296
v 2.0817 0.283249 1.259461
v 1.859443 1.450393 0.632222
v 0.939271 0.379986 1.185872
v -0.406155 1.005088 0.971088
v -0.536767 -0.144454 1.682232
v -0.487217 -1.193519 1.504026
v -1.292756 1.656509 0.51403
v 1.644178 -0.857872 1.208494
v 1.63008 0.420236 1.172369
v -1.79513 0.033439 1.37116
v -1.683863 1.789041 0.121501
v -2.030191 0.547622 1.189762
v -2.296056 1.06281 1.171139
v -3.160225 -0.018852 1.113626
v -3.424258 0.158638 0.918279
v -3.223286 -3.00178 1.126176
v -3.316551 -3.168932 1.121229
v -3.227676 -3.14166 1.103969
v -2.975439 -3.308754 1.25324
v -2.856957 -3.449728 1.356844
v -2.729567 -3.602976 1.377236
v -2.787341 -3.278502 1.138621
v -3.330406 -3.18519 0.950058
v -3.19417 -3.348553 1.007196
v -2.922908 -3.637036 1.059206
v -3.256731 -3.032131 0.849693
v -2.52472 -3.561609 1.161535
v -3.67645 -0.551317 0.077574
v -3.72947 -0.869371 0.096946
v -3.699784 -0.759901 0.088664
v -3.697889 -0.951955 0.098793
v -3.733767 -1.141917 0.111139
v -3.743747 -1.367219 0.100951
v -3.823638 -1.557534 0.081533
v -3.828485 -1.786559 -0.114095
v -3.805841 -0.798961 0.099237
v -3.884588 -1.261469 0.148322
v -4.297769 -1.889903 0.177707
v -4.227645 -1.227895 0.069894
v -3.921874 -0.538502 -0.145307
v -4.252683 -1.437854 -0.14562
v -4.331331 -1.69259 -0.043593
v -3.86074 -0.188349 -0.024962
v -3.81743 0.150343 0.048629
v -3.84447 0.498176 0.053132
v -3.469715 1.961504 0.071141
v -3.660928 1.770041 0.115431
v -3.75063 -0.191863 0.063305
v -3.675638 1.471512 0.062201
v -3.357009 1.781675 0.071216
v -3.67251 0.16663 -0.048579
v -1.971059 -1.992958 0.500845
v -2.120746 -2.045137 0.411171
v -2.513608 -2.012858 0.558673
v -2.539874 -2.049824 0.460098
v -1.985123 -2.116661 0.394256
v -1.978016 -2.086834 0.494327
v -2.513187 -2.130859 0.49792
v -2.629199 -2.138983 0.436227
v -2.583303 -2.089191 0.577616
v 4.925499 1.917814 0.613413
v 5.001903 1.914398 0.486724
v 4.973133 1.992779 0.533466
v 4.963546 1.783161 0.553515
v 4.918466 2.084725 0.532713
v 5.00244 2.105746 0.468233
v 4.615408 1.639641 0.577768
v 4.761601 1.363013 0.57137
v 5.566339 1.498677 0.190905
v 5.672187 1.164767 0.35408
v 5.931474 1.233483 0.215613
v 5.85775 0.997026 0.236768
v 5.370709 0.980272 0.337432
v 4.359483 2.615839 0.596817
v 4.546655 2.709095 0.80378
v 4.59262 2.569879 0.790452
v 4.821336 2.621498 0.789636
v 4.801436 2.750224 0.858918
v 5.096148 2.75972 0.774729
v 4.382053 2.433474 0.798757
v 4.681847 2.551036 0.886235
v 4.497719 2.54748 0.937659
v 4.854957 2.660227 0.92431
v 4.615662 2.63387 0.977986
v 4.138687 2.474013 0.642311
v 4.088356 2.510913 0.453793
v 4.035753 2.399538 0.343957
v 4.753015 2.699695 0.973279
v 3.857922 2.141554 0.521067
v 4.215419 2.350484 0.885764
v 4.273005 2.310529 0.762172
v 4.097362 2.3666 1.239986
v 4.058311 2.293363 1.338054
v 4.094116 2.426172 1.381032
v 4.022592 2.123052 0.903284
v 4.036947 1.992167 1.072561
v 4.103303 2.038565 1.363737
v 3.966639 1.969285 0.549291
v 4.303193 2.347123 1.044413
v 4.211815 2.28249 1.039137
v 4.153175 2.084823 0.799668
v 4.11268 2.195089 1.366908
v 4.111934 2.234814 1.399949
v -3.507689 1.700214 0.0
v -0.956007 -1.825728 0.0
v -2.68493 1.262021 -1.11049
v -1.551526 1.400025 1.050193
v -2.734184 -1.717948 -0.749581
v 3.36004 0.16548699999999994 -0.412685
v 3.881998 1.764428 -0.476337
v 4.472349 2.325133 0.443764
v 5.528186 1.44018 -0.250666
v 0.760722 1.205036 0.700545
v 0.927497 -1.558489 0.0
v -2.684452 -1.891207 0.447388
v -2.187634 -0.375454 -1.406902
v 2.384638 -0.591919 -1.043058
v -2.47375 0.300945 1.316695
v 4.113935 2.334131 0.526471
v 3.189664 0.907503 0.500122
v 4.920855 0.812339 0.0003180000000000127
v 4.533113 1.989009 -0.578975
v 5.133171 1.715563 0.334258
v -1.479588 0.295746 1.440042
v -0.535144 -1.615983 0.920556
v 2.970902 -0.959664 0.0
v -2.955052 -1.49684 1.128812
v -3.557869 -1.325941 -0.37803
v -0.40615500000000004 1.005088 -0.971088
v -3.109047 1.789477 0.565323
v 2.811504 0.469098 0.657443
v 3.98851 1.297806 -0.539537
v 5.218821 1.803552 -0.199306
v 4.187258 2.590221 0.135844
v 4.38099 2.207701 -0.839016
v 5.573803 0.952578 0.243886
v 1.975941 0.827957 -1.018423
v -3.096267 -0.6681 -1.140081
v 1.451825 -1.576856 0.702758
v -0.752416 0.438132 1.467349
v 3.814876 1.968416 0.443
v -3.304804 -1.582192 0.643445
v -1.744732 1.734849 0.433807
v -1.610025 -1.711571 0.0
v 2.706963 -1.528854 0.0
v -0.969076 0.901205 -1.146223
v 4.022592 2.123052 -0.903284
v 2.637461 1.01726 0.581611
v -2.187634 -0.375454 1.406902
v 4.733657 1.227371 0.592883
v 3.189664 0.907503 -0.500122
v 5.127157 1.942759 0.211214
v 5.884856 1.062202 -0.24954499999999996
v 4.407729 2.53164 -0.486692
v 5.471928 1.345179 0.313899
v 0.960321 -0.308052 -1.243133
v -3.665774 -0.73408 0.446286
v -1.395501 -0.698702 -1.553257
v 0.939974 -0.894739 1.019809
v -3.476235 1.287798 0.704766
v 2.021591 -1.755289 -0.912093
v -1.017767 1.607824 -0.541965
v 3.342159 -0.384674 -0.201349
v 1.807583 1.756546 -0.177627
v -1.782298 -1.020581 0.943381
v 2.384638 -0.591919 1.043058
v -2.892162 -1.781087 0.0
v 4.00011 2.424158 -0.313254
v 4.120842 0.627141 0.185461
v 4.26732 2.121987 0.61494
v 4.982822 1.503071 -0.507606
v 4.982822 1.503071 0.507606
v 5.908842 1.388968 0.0010259999999999991
v 4.634996 2.369115 0.140117
v 5.373646 0.885375 0.20884
v 4.497719 2.54748 -0.937659
v 0.939271 0.379986 -1.185872
v -2.47375 0.300945 -1.316695
v 0.316341 0.785311 1.08626
v 1.604939 -1.556997 0.0
v -2.672899 1.90511 -0.067168
v 0.034087 -0.225059 1.542949
v -1.405685 0.573835 -1.352181
v -3.379131 0.767915 0.885996
v -0.977375 -1.793126 0.498747
v -2.591357 -1.510845 0.88547
v 1.966698 -1.22816 1.153716
v 2.723503 1.898839 0.0
v -3.650579 -1.142448 0.0
v 3.280681 0.510802 0.49943399999999993
v 3.559394 0.706516 -0.452535
v 5.233176 1.442459 0.362988
v 4.477781 1.687858 -0.597407
v 4.655453 0.758022 9.799999999998699e-05
v 4.440143 2.510529 0.269164
v 5.470775 1.009574 -0.355371
v 4.688114 2.046378 0.604518
v 4.04473 2.254459 0.744209
v 5.70463 0.849158 0.12813000000000002
v 5.959462 1.157227 0.187097
v 4.192789 2.411967 -0.668016
v 2.0817 0.283249 -1.259461
v 1.601721 -1.262359 -1.14142
v -1.576196 -1.696317 -0.358146
v 0.960321 -0.308052 1.243133
v 0.480235 -1.631521 0.401961
v 4.634996 2.369115 -0.140117
v -3.101125 -0.35476 1.162409
v -2.955052 -1.49684 -1.128812
v 0.223642 1.684075 -0.16074299999999997
v -3.556552 0.704883 -0.28063
v -1.929731 1.617188 0.80639
v -1.929731 1.617188 -0.80639
v -1.456655 -1.295527 0.89424
v 2.396607 -1.593239 -0.389972
v -3.271035 -1.609292 0.0
v 3.857922 2.141554 -0.521067
v 2.669281 -0.930664 0.557166
v 2.738132 1.687333 -0.295046
v -2.466779 -1.857679 0.570461
v 3.559394 0.706516 0.452535
v 2.993075 -0.708434 -0.342596
v 5.813217 1.415581 0.195261
v 1.804927 -1.581954 1.089198
v 4.152166 1.868775 1.225002
v 4.430999 1.535753 0.638888
v 1.83279 -3.296508 -0.865078
v 5.197562 0.922406 0.302473
v 4.440713 2.398472 0.629128
v 4.79841 1.473149 -0.570618
v 4.837331 2.235678 0.479332
v 4.063205 2.509679 -0.342987
v 5.757506 0.9579 -0.210732
v 4.314039 2.32946 -0.57751
v -2.566746 -1.211312 1.167101
v -1.551526 1.400025 -1.050193
v -2.71748 1.576797 0.875971
v -3.595973 -0.346391 0.426453
v 0.489819 -1.524947 -0.672392
v 0.760722 1.205036 -0.700545
v 2.013534 -0.662303 -1.191491
v -1.053434 -0.342553 1.690245
v -2.649338 -0.241719 -1.339644
v 2.399389 0.782091 0.915279
v -2.572286 0.835495 -1.252192
v -1.456655 -1.295527 -0.89424
v -3.601668 1.293049 0.0
v -4.229164 -1.473093 0.11156
v 2.361089 1.76666 0.202595
v -3.686518 -0.955181 -0.320349
v 1.348219 -1.282064 0.845204
v 4.152166 1.868775 -1.225002
v -0.559706 1.69418 0.18610700000000002
v -3.53391 -1.330455 0.568246
v 3.929251 0.411689 0.0
v -2.037371 -1.73636 0.656787
v 4.496191 1.024566 0.579491
v 3.4583 2.151656 0.102662
v 2.986408 -0.413503 0.428964
v 1.451825 -1.576856 -0.702758
v 5.378289 1.768448 0.00044099999999999695
v 5.397967 1.174238 -0.346802
v 4.063205 2.509679 0.342987
v 2.857666 -0.930625 -0.391195
v 2.141273 -1.234642 0.941254
v 4.38099 2.207701 0.839016
v 1.970051 -3.141862 -1.065178
v 5.397967 1.174238 0.346802
v 4.389484 2.190421 0.47332
v 4.59262 2.569879 -0.790452
v 4.561299 2.133066 -0.547248
v 4.146067 2.278102 -0.707372
v 5.851404 0.929008 -0.10536199999999998
v 4.871155 1.741238 0.592326
v 4.926194 1.859813 -0.582137
v -0.487217 -1.193519 -1.504026
v -1.79513 0.033438999999999997 -1.37116
v 0.939974 -0.894739 -1.019809
v -0.752416 0.438132 -1.467349
v -0.969076 0.901205 1.146223
v 4.00011 2.424158 0.313254
v 4.99671 0.81056 0.28077100000000005
v 0.737904 1.604213 0.281713
v -1.807421 0.657142 1.209422
v 2.396607 -1.593239 0.389972
v -3.582867 0.734419 -0.697787
v -0.07847000000000001 -1.688266 0.80023
v -2.986345 -2.93377 1.087679
v -4.107191 -1.83652 0.120149
v -3.536654 0.442277 0.322
v -3.053102 1.96881 -0.051104
v -2.937658 -1.002749 -1.219413
v 3.36004 0.165487 0.412685
v 4.141189 1.008775 -0.499342
v -3.008323 -1.759271 0.655672
v 4.314791 2.142163 -0.54065
v -0.894132 1.712652 -0.151911
v 2.396355 1.242239 -0.597722
v -2.042059 -1.312976 0.940911
v 3.377233 1.5878 -0.400781
v -3.137383 -2.776449 -0.844117
v -1.74779 -1.667608 -0.60634
v 4.068249 0.798926 0.400813
v 3.377233 1.5878 0.400781
v 2.835437 -0.23110100000000003 -0.57789
v 1.572979 -1.827591 -0.985823
v -2.709403 -1.879947 -0.508775
v 4.995978 2.148785 0.344534
v 5.783731 1.341471 -0.28459
v -3.042899 -3.193907 -1.207296
v 1.612396 -1.485728 1.099731
v 2.201939 -3.226457 0.996503
v 2.343303 -3.507846 -1.195262
v 2.126237 -1.330172 -0.721011
v 2.410367 -0.777999 0.841105
v 4.342998 2.664049 0.904347
v 4.312225 1.683392 0.639944
v 4.102304 2.29996 -1.025862
v 4.113935 2.334131 -0.526471
v 4.155551 2.388662 1.09196
v 5.421809 1.685349 0.123555
v 4.314039 2.32946 0.57751
v 4.359483 2.615839 -0.596817
v 4.328606 2.563996 0.343892
v 5.511556 0.863525 -0.17761299999999997
v 5.608974 1.317869 0.319719
v 5.757506 0.9579 0.21073200000000003
v 4.861611 2.001639 0.621913
v 4.825996 2.089176 -0.576083
v -0.11519 0.458427 1.346197
v -2.137524 1.753182 0.433142
v -3.476235 1.287798 -0.704766
v 1.63008 0.42023599999999994 -1.172369
v 2.519027 1.485931 0.422962
v -2.825835 0.755899 1.209042
v 0.544825 -1.133123 -1.096902
v -3.27979 -1.162072 -0.784602
v 0.544825 -1.133123 1.096902
v -0.221516 1.686349 -0.151403
v 3.737014 0.181837 -0.176819
v -2.870422 -3.601724 -0.843123
v -1.807421 0.657142 -1.209422
v 2.495354 0.250522 -1.132081
v 4.712067 0.770512 -0.333393
v -1.200688 -1.577575 0.799188
v 1.310865 -1.136322 -0.914838
v -4.111927 -1.333141 -0.26716
v -2.79063 0.46881 -1.224273
v -1.278903 1.192051 0.946843
v 1.807583 1.756546 0.177627
v -3.637643 -0.356271 0.0
v 2.803736 -1.255869 -0.438328
v -3.15021 -1.259588 1.001021
v 2.747937 0.712253 -0.615674
v -1.215563 1.757097 -0.133494
v 2.025468 -3.556842 -1.204841
v -1.552229 -1.555077 -0.735708
v -3.519716 1.685231 0.31713
v 2.61797 -1.235597 0.520238
v -2.223917 -1.541268 0.87926
v 4.522247 1.398278 -0.644892
v -2.981187 -2.142718 -0.858353
v 3.115383 1.49239 -0.380228
v 3.479418 1.97825 0.317478
v -3.339489 -2.328145 0.827572
v 3.886058 1.550141 0.50483
v 4.354411 2.102985 -0.80258
v 2.679445 0.687427 0.720573
v 4.359048 0.700414 0.166651
v 1.918641 -2.083654 1.001275
v -2.037371 -1.73636 -0.656787
v 5.158322 1.23677 0.418043
v 1.900481 -3.131932 0.728621
v 2.138771 -3.397683 1.214726
v 4.6248 2.708372 -0.989445
v 2.318787 -1.29409 0.673863
v 1.838895 -1.087204 1.201408
v 1.911792 -2.895773 -0.950117
v -2.946527 -2.939327 -0.986343
v -2.884711 -3.063896 0.993766
v 2.407309 -0.97498 -0.805091
v 2.036036 -1.57908 -0.967151
v 4.303193 2.347123 -1.044413
v 3.945464 2.1301 0.689536
v 4.533113 1.989009 0.578975
v 5.608974 1.317869 -0.319719
v 5.979357 1.325532 -0.125337
v 4.760921 1.881357 0.61312
v 4.148865 2.148829 0.986567
v 3.967085 2.280648 -0.537643
v 4.187258 2.590221 -0.135844
v 4.474625 2.465214 -0.75189
v 4.411541 2.663824 0.713132
v 5.511556 0.863525 0.177613
v 5.836005 0.945722 0.0010920000000000183
v 4.872539 2.159259 -0.542891
v 5.075994 1.900999 0.443793
v 5.075994 1.900999 -0.443793
v 1.660355 0.019397 1.246002
v -3.424258 0.158638 -0.918279
v -1.576196 -1.696317 0.358146
v 1.737623 -2.485017 0.918334
v 0.021051 -0.831931 1.511548
v -0.536767 -0.14445399999999997 -1.682232
v -1.395501 -0.698702 1.553257
v -3.716312 1.021474 0.057693
v 2.893096 -1.302168 0.332049
v 1.975941 0.827957 1.018423
v -3.569993 -0.731989 -0.649435
v 0.93066 -1.216516 -0.831196
v 3.528445 1.060127 0.489443
v -3.623861 0.911561 0.0
v -2.276341 -0.689823 1.268026
v 3.737014 0.181837 0.176819
v -1.996117 1.387891 1.064104
v 1.462507 1.745481 0.222394
v 0.289039 1.496446 -0.430055
v 2.108912 -0.357128 -1.259691
v 1.428883 -0.98669 1.133905
v -3.240554 -2.555467 -0.856262
v -1.802864 -0.282523 -1.401315
v -3.139394 -1.687482 -0.638546
v -2.930312 1.10358 -1.125876
v -3.529709 -0.065998 0.437217
v -0.626493 1.585426 0.443136
v -1.292756 1.656509 -0.51403
v 4.068249 0.798926 -0.400813
v -2.508885 -1.719933 0.721675
v 1.933899 -3.546253 -0.912438
v -3.327526 -2.075729 1.005328
v -0.953236 -1.545941 0.89918
v 4.036947 1.992167 -1.072561
v -3.742608 -0.729374 -0.149361
v 4.739441 2.299169 -0.369987
v -1.776785 -1.275107 0.914703
v -2.591357 -1.510845 -0.88547
v 2.649413 0.03153500000000001 1.024796
v 2.688131 -0.517509 -0.672975
v 3.009101 1.971604 -0.03422
v 2.347317 1.066114 -0.758763
v 2.910769 -0.638444 0.431191
v -3.734989 1.589433 0.295202
v 1.643403 -2.076583 0.689565
v -3.519086 1.70322 -0.066709
v -2.126375 -1.866497 -0.502895
v 4.354411 2.102985 0.80258
v -3.087335 -3.350463 0.831656
v 1.974215 -1.469208 1.068951
v -4.018866 -1.413191 0.154149
v 1.718315 -2.775468 -0.921796
v 4.104292 2.537976 -0.543437
v 4.79841 1.473149 0.570618
v 2.254361 -3.550931 1.235118
v 4.148883 1.759918 0.573765
v -2.649491 -3.404362 -1.100352
v 1.54175 -1.643613 -1.01419
v 2.229345 -0.992723 0.862826
v -3.053267 -2.764905 1.043008
v 1.960643 -2.71286 0.90089
v 2.111557 -1.376942 -0.89657
v 2.201939 -3.226457 -0.996503
v -3.141072 -2.785287 -1.032318
v 4.366867 1.131136 0.630581
v 5.247762 0.848549 -0.10854599999999998
v 4.430999 1.535753 -0.638888
v 5.672385 1.007694 -0.341778
v 3.967085 2.280648 0.537643
v 5.979357 1.325532 0.125337
v 4.061989 2.231988 1.178382
v 4.74405 2.179337 0.556057
v 4.43261 1.878873 -0.577888
v 4.35668 2.682996 -0.71905
v 4.084506 2.570978 0.218168
v 4.352603 2.524888 0.890532
v 4.656565 2.680542 -0.799684
v 4.369751 2.298204 -0.921894
v 5.06084 2.053335 0.309324
v 4.462368 2.725999 0.882675
v 5.580727 0.99933 0.34986700000000004
v 4.04473 2.254459 -0.744209
v 5.105589 1.864086 -0.347113
v 5.851404 0.929008 0.10536200000000003
v 4.852578 1.889721 0.605031
v 4.852578 1.889721 -0.605031
v 0.44655 -1.67295 0.0
v -3.306875 0.379713 0.98762
v -3.122061 -0.998702 1.065015
v -3.387254 -1.486027 -0.672861
v -3.695452 -0.193624 -0.101369
v 0.546875 -0.39094 -1.363244
v 1.570685 0.938327 -0.989108
v 0.539252 0.353984 1.254493
v -0.543078 -1.810473 0.563825
v 3.342159 -0.384674 0.201349
v 0.93066 -1.216516 0.831196
v -2.276341 -0.689823 -1.268026
v -3.112555 0.457376 -1.084816
v 2.616001 0.447717 0.960748
v 3.280681 0.510802 -0.499434
v -3.977657 -1.750845 -0.184909
v -2.703112 1.825435 -0.395127
v -2.070413 0.207766 1.335106
v 2.396355 1.242239 0.597722
v 0.223642 1.684075 0.160743
v -3.283698 -0.730967 -0.793898
v 5.233176 1.442459 -0.362988
v 4.99671 0.81056 -0.280771
v -1.552899 1.128654 1.15104
v -1.552899 1.128654 -1.15104
v -3.27808 1.432418 0.853958
v -0.626493 1.585426 -0.443136
v -3.082741 -3.598298 -1.054556
v -3.583763 -0.052271 0.0
v -0.953236 -1.545941 -0.89918
v -1.215563 1.757097 0.133494
v 1.328862 -1.352627 -0.758733
v 4.041657 1.039756 0.496922
v -1.776785 -1.275107 -0.914703
v 4.359048 0.700414 -0.166651
v 2.663024 -1.440487 -0.478149
v -3.335942 -1.365685 0.72459
v -1.552229 -1.555077 0.735708
v 2.13239 1.755821 -0.180271
v -2.734184 -1.717948 0.749581
v -2.508885 -1.719933 -0.721675
v 3.036361 1.913989 0.169838
v -3.519716 1.685231 -0.31713
v 2.690576 -0.368057 -0.819343
v -3.32033 -2.827513 -1.063914
v -3.008412 -2.89976 0.904635
v 4.342998 2.664049 -0.904347
v 1.90637 -2.282284 0.964887
v 2.743995 -0.129852 0.718277
v 1.857471 -2.950722 0.669988
v 2.059222 -3.230076 -0.674936
v -3.896204 -0.629183 0.077883
v 1.771416 -2.769024 0.9461
v 5.072165 2.04363 -0.209228
v 1.645819 -1.087442 1.173773
v 1.991892 -1.7484 0.65277
v 2.514167 -1.077721 0.706614
v -1.933565 -1.993029 -0.438902
v 1.880971 -2.733242 -0.8902
v 4.74325 1.05921 0.563421
v 4.312225 1.683392 -0.639944
v 3.945464 2.1301 -0.689536
v -3.120761 -2.15777 0.766432
v -3.120761 -2.15777 -0.766432
v 5.218821 1.803552 0.199306
v 1.805207 -1.268427 -1.165317
v 2.0796 -1.473377 -0.654997
v -2.944625 -3.282121 0.817054
v 5.800778 1.078596 -0.31945
v -2.856957 -3.449728 -1.356844
v 4.22473 2.624525 -0.491916
v 4.449011 1.260929 -0.647431
v 3.727093 2.308406 0.150049
v 4.235494 2.636171 0.803613
v 4.43261 1.878873 0.577888
v -2.147113 -1.903198 0.362462
v -3.042899 -3.193907 1.207296
v 2.110033 -3.148257 -1.068816
v -2.884711 -3.063896 -0.993766
v 5.763952 1.062109 0.338641
v 1.970051 -3.141862 1.065178
v 5.842092 1.427708 -0.130724
v 4.199317 2.304652 1.17454
v 4.32063 2.385528 0.682583
v 4.154566 2.19048 -1.129552
v 5.685194 1.452202 0.188749
v 4.209941 2.600612 0.337597
v 4.369751 2.298204 0.921894
v -3.821694 1.477989 -0.107631
v 4.752337 1.723388 0.591296
v 4.146067 2.278102 0.707372
v 5.934596 1.054796 0.07703900000000004
v 4.212974 2.303184 -0.587113
v 5.47963 1.11131 0.364188
v 5.47963 1.11131 -0.364188
v 5.449164 0.847535 -0.10390899999999999
v -3.817381 0.150348 -0.048728
v 4.748031 2.683805 -0.800044
v 4.674691 2.598833 0.808006
v 4.935561 2.016016 0.5857
v 4.788476 2.028047 -0.608619
v 4.982364 1.8733 0.53619
v 4.982364 1.8733 -0.53619
v 0.021051 -0.831931 -1.511548
v -1.407658 -1.236026 -1.11293
v -0.11519 0.458427 -1.346197
v -2.649338 -0.24171899999999996 1.339644
v -1.395728 -1.723811 0.0
v 0.546875 -0.39094 1.363244
v -0.533528 -0.58228 1.701405
v -0.535144 -1.615983 -0.920556
v 2.857666 -0.930625 0.391195
v -3.673607 -0.720796 0.0
v 1.289448 -1.546597 0.0
v 1.504951 1.483493 0.585976
v -3.672559 0.166625 0.048678
v 1.462507 1.745481 -0.222394
v -2.033406 -0.91003 0.96422
v 4.712067 0.770512 0.333393
v -3.675638 1.471512 -0.062201
v 2.399389 0.782091 -0.915279
v -2.070413 0.207766 -1.335106
v 3.199571 -0.15373900000000004 -0.38015
v -2.137524 1.753182 -0.433142
v -3.82037 -1.239135 -0.269807
v -4.070739 -0.947648 0.110554
v -0.221516 1.686349 0.151403
v -2.298249 0.768333 1.203884
v 2.495354 0.250522 1.132081
v -1.454529 0.875045 -1.238858
v -3.520188 0.140164 -0.618561
v -2.90708 -0.345582 -1.281557
v -3.169489 -2.110039 -1.076796
v -1.017767 1.607824 0.541965
v 3.886058 1.550141 -0.50483
v 3.758215 2.206683 0.323051
v 2.948387 0.783357 0.515058
v -3.15021 -1.259588 -1.001021
v -3.556552 0.704883 0.28063
v 3.06109 0.397226 -0.574193
v -3.709741 1.351194 0.211745
v -3.355398 -0.969157 0.766213
v -3.655148 1.190938 -0.573692
v 0.97453 -0.525273 -1.140353
v 2.60743 -0.208248 -0.974218
v -2.119856 -1.1288 -0.97096
v -1.407658 -1.236026 1.11293
v -3.184812 -2.768053 0.850127
v -2.64722 -1.84401 0.594347
v 5.241466 1.040469 -0.383965
v -1.74779 -1.667608 0.60634
v 4.175444 1.350332 0.613988
v 2.339597 1.807702 0.0
v -1.376186 -1.661988 -0.718954
v -3.314868 -1.599081 0.439626
v -0.422877 -1.7512 0.823423
v 3.955635 0.432417 0.197586
v -3.077669 1.871112 -0.217368
v 1.596751 -1.722028 -0.684655
v 2.534227 -1.617078 0.0
v 1.612396 -1.485728 -1.099731
v 3.058366 1.773346 0.297337
v 4.561299 2.133066 0.547248
v -3.26181 -2.821069 1.088218
v -3.211005 -1.850398 -0.700723
v 3.922437 1.972461 -0.483563
v 1.650318 -1.645881 1.053347
v -4.075028 -1.904403 -0.041324
v 2.486533 -1.274971 -0.627822
v 1.92973 -3.298418 0.689538
v 1.92973 -3.298418 -0.689538
v 4.079812 2.571649 -0.0009510000000000005
v 2.013095 -2.051912 -0.911043
v 2.736198 -0.346225 0.659345
v 1.981186 -3.441282 1.180532
v 2.024692 -1.074646 1.172465
v 2.0796 -1.473377 0.654997
v -3.519086 1.70322 0.066709
v -0.866132 1.75467 6.938893903907228e-18
v 4.017509 1.996169 0.731654
v 2.222082 -0.957342 -1.014137
v 5.421809 1.685349 -0.123555
v -3.047974 -2.109628 1.063497
v -2.888628 -3.200302 -1.210934
v 5.250485 1.123029 0.385234
v 4.154566 2.19048 1.129552
v 4.245225 2.008532 0.772641
v 4.245225 2.008532 -0.772641
v 4.477781 1.687858 0.597407
v 4.143794 2.01372 -1.201386
v -2.147113 -1.903198 -0.362462
v 5.103427 1.624404 0.434275
v 4.554459 2.511417 -0.850571
v 1.994078 -2.713047 -0.824553
v 1.756349 -2.446399 0.705428
v 4.452383 2.524558 0.130255
v 4.74405 2.179337 -0.556057
v -2.770335 -3.208138 1.031045
v 2.217369 -3.156093 -0.888927
v -3.330406 -3.18519 -0.950058
v -3.144012 -2.333635 -0.829994
v 4.102304 2.29996 1.025862
v 4.155551 2.388662 -1.09196
v 4.104292 2.537976 0.543437
v 5.77341 1.225861 -0.323025
v 5.783731 1.341471 0.28459
v 5.137075 0.824518 -0.144842
v -3.851206 1.007586 0.099831
v 1.911792 -2.895773 0.950117
v 4.212974 2.303184 0.587113
v 5.598282 1.094735 0.38699400000000006
v 4.07851 2.41181 -0.472193
v 5.961686 1.110978 -0.090324
v -3.805575 -0.190109 -0.101447
v 5.60337 0.852748 0.16233500000000003
v 5.580727 0.99933 -0.349867
v 4.418954 2.707401 -0.782531
v 4.47609 2.606654 0.692301
v 5.030289 1.827419 -0.440803
v 4.656565 2.680542 0.799684
v 4.674691 2.598833 -0.808006
v 4.852582 1.816115 0.603105
v 4.697607 1.768061 -0.576663
v 4.953739 1.95258 -0.592256
v 5.020077 1.97817 0.480978
v -0.910602 1.204118 0.83774
v 1.920432 -1.567396 0.0
v 1.210555 -1.460061 -0.576841
v -2.870422 -3.601724 0.843123
v -2.941731 -1.787431 0.442574
v -0.533528 -0.58228 -1.701405
v 0.539252 0.353984 -1.254493
v -0.09413500000000002 -1.769086 -0.556924
v -4.042715 -0.87671 -0.168968
v -1.996117 1.387891 -1.064104
v 2.327021 -3.352317 0.958234
v 1.958254 1.130271 0.861813
v -0.04157 -1.143825 1.395176
v 0.289039 1.496446 0.430055
v -1.802864 -0.282523 1.401315
v -3.339489 -2.328145 -0.827572
v -3.415655 -0.308965 0.671045
v 3.43895 -0.08257999999999999 0.257015
v 2.50049 -0.035029000000000005 1.170179
v 2.50049 -0.035029000000000005 -1.170179
v -3.077669 1.871112 0.217368
v -2.572286 0.835495 1.252192
v -1.454529 0.875045 1.238858
v -2.446375 -1.893261 -0.49411
v -1.837859 -0.540871 -1.295851
v -0.247999 1.565146 -0.389142
v 1.821946 1.618209 -0.403751
v 1.991892 -1.7484 -0.65277
v -3.522115 -1.366623 0.0
v -3.044646 0.224321 -1.164934
v -3.55012 -0.984868 -0.675228
v -3.422698 -2.070796 0.773898
v -3.544507 0.467147 0.0
v 3.47341 1.366149 0.454658
v -2.566746 -1.211312 -1.167101
v 5.011084 1.06677 -0.458562
v -3.655148 1.190938 0.573692
v -1.04607 1.509097 -0.76106
v 0.97453 -0.525273 1.140353
v -3.734989 1.589433 -0.295202
v 1.454817 -1.430228 -0.976569
v 1.19204 -1.330605 0.678707
v 1.926176 -3.28888 -1.093746
v -3.112555 0.457376 1.084816
v 2.13239 1.755821 0.180271
v 5.011084 1.06677 0.4585620000000001
v -2.337617 -1.334842 0.966761
v 1.337875 -0.945716 -1.021299
v 1.921881 -2.157616 -0.692678
v -3.36599 -1.48517 -0.888076
v 2.898733 0.271916 0.651298
v -3.890388 -1.750102 0.017611999999999996
v -1.777628 -1.473076 -0.845827
v -1.764045 -1.764987 0.406586
v -3.36599 -1.48517 0.888076
v 2.440236 -3.509564 -1.019417
v 3.955635 0.432417 -0.197586
v -1.266738 -1.691944 -0.557922
v 2.743995 -0.129852 -0.718277
v 4.389484 2.190421 -0.47332
v 2.406969 1.645328 -0.341479
v 5.04969 2.032731 7.100000000000162e-05
v 1.838895 -1.087204 -1.201408
v -3.843256 -0.981402 0.116282
v -1.091175 -1.70712 0.727242
v -3.030627 -3.493327 1.32265
v 4.416475 0.921264 0.458839
v 4.416475 0.921264 -0.458839
v -4.387148 -1.967814 0.045602
v 2.931756 -1.129655 0.0
v 2.61797 -1.235597 -0.520238
v 3.98291 1.987391 -0.639809
v 1.720031 -2.105568 0.971354
v 2.690576 -0.368057 0.819343
v 1.805207 -1.268427 1.165317
v -3.022819 -2.52224 0.979148
v 4.059885 1.86046 0.470087
v 1.921881 -2.157616 0.692678
v -2.641567 -2.003164 0.575611
v 2.486533 -1.274971 0.627822
v 4.560751 1.785154 0.562428
v 2.222082 -0.957342 1.014137
v 2.637655 -0.768176 -0.637039
v 3.727093 2.308406 -0.150049
v -2.106039 -2.019111 0.510759
v 2.141273 -1.234642 -0.941254
v 5.133171 1.715563 -0.334258
v -1.365948 1.769608 0.133901
v 3.036361 1.913989 -0.169838
v 5.647186 1.394606 0.257833
v 2.059222 -3.230076 0.674936
v -2.787341 -3.278502 -1.138621
v 4.084506 2.570978 -0.218168
v 4.560751 1.785154 -0.562428
v -2.892438 -1.95081 0.87812
v -2.892438 -1.95081 -0.87812
v -3.333954 -3.058673 0.974748
v 1.705953 -3.006628 0.83263
v 5.471928 1.345179 -0.313899
v 1.529305 -2.092083 -0.887353
v 4.303615 1.799914 0.610388
v 4.303615 1.799914 -0.610388
v 4.339601 2.592642 -0.258891
v -3.223246 -3.225388 -0.976573
v 5.213434 0.856784 0.0005650000000000273
v 1.741854 -3.114181 -0.700705
v 5.837875 1.141493 0.305184
v 1.926176 -3.28888 1.093746
v 2.021366 -2.881725 -0.945561
v -2.946527 -2.939327 0.986343
v 2.057496 -2.887282 0.844225
v 4.079122 2.264104 0.84501
v 4.079122 2.264104 -0.84501
v 4.837331 2.235678 -0.479332
v 5.598282 1.094735 -0.386994
v 4.169404 2.306276 1.284031
v 4.169404 2.306276 -1.284031
v -3.716312 1.021474 -0.057693
v -2.062725 -1.884246 -0.307336
v 5.470775 1.009574 0.355371
v 4.825996 2.089176 0.576083
v 4.07851 2.41181 0.472193
v 4.3427 2.112281 0.516692
v 4.289048 2.172969 0.858693
v 4.289048 2.172969 -0.858693
v 4.444739 2.475795 0.860515
v -3.765736 0.50707 0.106281
v 5.60337 0.852748 -0.16233499999999998
v -3.022819 -2.52224 -0.979148
v 4.748031 2.683805 0.800044
v 5.755282 1.004149 -0.307505
v 5.835498 1.43628 0.0009459999999999955
v 5.030289 1.827419 0.440803
v 4.138687 2.474013 -0.642311
v 4.423033 2.561337 0.603562
v 5.923808 1.025283 0.15308400000000003
v 4.520603 2.639162 -0.745542
v 4.755192 2.568818 0.876311
v 4.755192 2.568818 -0.876311
v 4.821325 2.691794 -0.791887
v -3.469715 1.961504 -0.071141
v 4.908019 1.796041 -0.587882
v 5.020077 1.97817 -0.480978
v 4.861611 2.001639 -0.621913
v 4.926194 1.859813 0.582137
v -3.695565 -0.19362 0.051497
v -1.061272 -1.141877 -1.49623
v 1.859443 1.450393 -0.632222
v 1.640095 -0.674556 1.246804
v -1.061272 -1.141877 1.49623
v -0.071941 -1.346991 -1.237379
v -1.278903 1.192051 -0.946843
v -3.314868 -1.599081 -0.439626
v 1.660355 0.01939699999999999 -1.246002
v 3.47341 1.366149 -0.454658
v -2.79063 0.46881 1.224273
v 0.912699 -1.455066 0.576185
v 0.912699 -1.455066 -0.576185
v 3.199571 -0.15373899999999996 0.38014999999999993
v 5.604888 1.546091 -0.113773
v -0.894132 1.712652 0.151911
v -1.405685 0.573835 1.352181
v 0.733818 1.740873 0.0
v -2.687022 0.076781 -1.290565
v -2.267049 -1.753901 0.662106
v 3.43895 -0.08258000000000007 -0.257015
v -1.479588 0.295746 -1.440042
v 0.857323 0.985001 0.874029
v 2.440236 -3.509564 1.019417
v 1.821946 1.618209 0.403751
v -1.837859 -0.540871 1.295851
v -3.582867 0.734419 0.697787
v 4.082988 2.175805 -1.45093
v -2.079597 1.817785 0.138375
v -1.980388 1.134038 1.143196
v -1.980388 1.134038 -1.143196
v -1.782928 -0.770786 -1.173619
v -3.695872 1.156978 -0.316829
v -3.08565 1.65734 0.784479
v -0.094135 -1.769086 0.556924
v -3.536654 0.442277 -0.322
v 3.61965 0.4720460000000001 0.391742
v -2.292049 -0.933921 1.128136
v -2.937658 -1.002749 1.219413
v -3.122061 -0.998702 -1.065015
v -2.256285 0.547326 1.238301
v -2.256285 0.547326 -1.238301
v -3.676599 -0.729578 -0.330724
v -3.527168 1.583508 -0.512679
v -3.281816 -2.305055 1.001878
v -1.338488 1.613735 0.725441
v 3.814876 1.968416 -0.443
v 2.452588 -0.244072 1.138797
v 2.452588 -0.244072 -1.138797
v 0.53915 0.148262 1.321014
v 0.53915 0.148262 -1.321014
v -4.201904 -1.668554 -0.214859
v -3.51684 0.149002 0.430359
v 1.700797 -2.794792 0.82425
v -2.649491 -3.404362 1.100352
v 4.175444 1.350332 -0.613988
v -3.873622 -0.759035 -0.197169
v -3.631179 -1.157838 0.50561
v -1.376186 -1.661988 0.718954
v -1.764045 -1.764987 -0.406586
v -2.161843 -1.325837 -0.957465
v 4.159229 1.949902 0.923197
v 2.183003 1.65407 -0.341767
v 2.482917 0.997637 0.702425
v 3.861841 0.560638 -0.311961
v 3.065544 -0.788768 0.0
v 5.137075 0.824518 0.14484200000000005
v -2.317557 -1.8742 -0.470587
v -0.179548 1.471301 -0.544513
v 2.406969 1.645328 0.341479
v 2.107985 -3.363571 -0.677007
v -3.697974 1.466697 0.433432
v 2.91987 0.084875 0.64246
v 2.327021 -3.352317 -0.958234
v -1.091175 -1.70712 -0.727242
v 1.645819 -1.087442 -1.173773
v 2.274533 -1.433487 0.567366
v 2.274533 -1.433487 -0.567366
v -4.154334 -1.677827 0.165852
v -3.357996 -1.811803 0.975625
v 1.310865 -1.136322 0.914838
v 2.5392 -0.727778 0.750475
v -2.922908 -3.637036 -1.059206
v 1.974215 -1.469208 -1.068951
v 1.705953 -3.006628 -0.83263
v 2.986408 -0.41350300000000006 -0.428964
v -3.357996 -1.811803 -0.975625
v 2.514162 0.988713 -0.674527
v 4.031515 1.968248 -0.91846
v 2.616001 0.447717 -0.960748
v 4.615408 1.639641 -0.577768
v 2.111557 -1.376942 0.89657
v 2.180012 -1.130557 -0.821812
v 1.740323 -1.67983 -0.664098
v -1.365948 1.769608 -0.133901
v -3.256731 -3.032131 -0.849693
v 2.047696 -2.050138 0.814712
v 1.572979 -1.827591 0.985823
v 1.717145 -1.80953 -1.004092
v 2.893096 -1.302168 -0.332049
v 3.233975 2.059193 0.072431
v 1.586321 -2.273752 0.880969
v -2.687162 -1.539807 0.988048
v -2.687162 -1.539807 -0.988048
v -0.972089 -1.774507 0.76857
v 2.670253 -1.108365 0.544018
v 5.103427 1.624404 -0.434275
v 3.828001 2.35254 0.233341
v -1.88316 -1.829718 0.401567
v 5.260653 1.184173 -0.352062
v 4.728809 0.878731 0.405801
v 4.728809 0.878731 -0.405801
v 4.304562 1.906537 0.572242
v 4.596478 1.512987 0.598982
v 4.344028 2.585635 0.470949
v 4.452383 2.524558 -0.130255
v -2.770335 -3.208138 -1.031045
v 2.217369 -3.156093 0.888927
v -3.413372 1.871604 0.142309
v -3.413372 1.871604 -0.142309
v -2.964215 -1.978727 0.776572
v -2.964215 -1.978727 -0.776572
v 4.129926 2.30877 1.402259
v 4.971394 2.146686 -0.224781
v -3.091252 -3.340925 1.235864
v -3.223246 -3.225388 0.976573
v -3.281816 -2.305055 -1.001878
v 4.304562 1.906537 -0.572242
v -3.121673 -3.120319 -1.136456
v 5.334328 1.402713 0.332639
v -3.240554 -2.555467 0.856262
v 1.839523 -3.405292 0.883488
v 1.839523 -3.405292 -0.883488
v 4.119993 2.063095 1.049178
v 4.119993 2.063095 -1.049178
v 4.382053 2.433474 -0.798757
v 2.057496 -2.887282 -0.844225
v 5.77341 1.225861 0.323025
v 5.469641 0.838722 0.0007980000000000209
v 1.663494 -2.485963 -0.790773
v 4.221814 1.660769 0.59409
v 4.863709 2.722151 -0.93666
v -3.053102 1.96881 0.051104
v 4.688114 2.046378 -0.604518
v -2.695135 -2.12165 0.508064
v 5.963117 1.307775 0.0010979999999999983
v -3.900964 -0.780883 0.091579
v 4.010847 2.270246 0.622149
v 4.010847 2.270246 -0.622149
v -3.686972 0.515966 0.053185
v 5.563253 1.235295 0.317238
v 5.563253 1.235295 -0.317238
v -3.805688 -0.190106 0.051472
v 4.194233 2.408334 1.008471
v 4.194233 2.408334 -1.008471
v -2.144393 -2.117408 -0.464489
v 4.229332 2.274522 0.672749
v 4.229332 2.274522 -0.672749
v -3.141072 -2.785287 1.032318
v -3.053267 -2.764905 -1.043008
v 4.117367 2.568514 -0.3845
v 5.741781 1.463956 0.124891
v 4.89385 2.220523 0.417713
v 4.203325 2.589186 0.219164
v -2.065655 -2.124623 0.36872
v 5.674999 0.950754 0.22796
v 5.674999 0.950754 -0.22796
v 4.138494 2.557838 0.652651
v 4.138494 2.557838 -0.652651
v 1.994078 -2.713047 0.824553
v 4.788476 2.028047 0.608619
v 4.462368 2.725999 -0.882675
v 5.78079 0.891286 0.0010590000000000252
v 4.520603 2.639162 0.745542
v 5.095375 1.961238 0.401516
v 4.6248 2.708372 0.989445
v 4.824747 1.946835 -0.626358
v 5.895899 1.18273 -0.164705
v -2.641567 -2.003164 -0.575611
v 4.871155 1.741238 -0.592326
v 4.964945 2.053575 -0.499903
v -3.86082 1.479723 0.062137
v 4.908019 1.796041 0.587882
v 4.729447 2.606204 0.807513
v 4.729447 2.606204 -0.807513
v 4.971872 1.924079 0.586026
v -3.65524 -0.194907 0.019208999999999997
v -3.811194 0.501935 -0.092033
v 5.01143 1.875569 -0.463205
v 3.136321 0.17123699999999997 -0.539896
v 2.738132 1.687333 0.295046
v 2.108912 -0.357128 1.259691
v -2.68493 1.262021 1.11049
v -3.581963 -1.413947 -0.104371
v -2.825835 0.755899 -1.209042
v 1.736425 -2.743683 -0.736866
v 0.005537 0.163519 1.472265
v 0.005537 0.163519 -1.472265
v 1.958254 1.130271 -0.861813
v -3.422698 -2.070796 -0.773898
v -3.096267 -0.6681 1.140081
v -1.04607 1.509097 0.76106
v -3.211005 -1.850398 0.700723
v 0.489819 -1.524947 0.672392
v 0.480235 -1.631521 -0.401961
v -0.524231 -1.399266 1.313019
v -0.524231 -1.399266 -1.313019
v 0.305671 1.298417 -0.629719
v -3.160225 -0.018852000000000008 -1.113626
v -1.376176 -0.948757 1.451608
v -1.376176 -0.948757 -1.451608
v -0.977375 -1.793126 -0.498747
v -0.247999 1.565146 0.389142
v 1.677597 -2.237953 0.696318
v -3.695872 1.156978 0.316829
v 3.06109 0.3972260000000001 0.574193
v 3.61965 0.472046 -0.391742
v -2.656867 -1.853045 0.0
v 0.550658 -0.633015 1.331311
v 0.550658 -0.633015 -1.331311
v -3.526766 -0.317542 -0.560837
v -3.087335 -3.350463 -0.831656
v -2.433366 0.078222 1.371269
v -2.433366 0.078222 -1.371269
v -3.569993 -0.731989 0.649435
v 1.497138 1.618935 -0.401108
v 4.95536 1.236724 0.50523
v 4.95536 1.236724 -0.50523
v -3.527168 1.583508 0.512679
v -1.338488 1.613735 -0.725441
v 3.881998 1.764428 0.476337
v 4.747988 2.300163 -0.00027599999999999847
v -2.837147 -1.791733 0.921563
v -3.570384 0.385564 0.52448
v -3.570384 0.385564 -0.52448
v 2.519027 1.485931 -0.422962
v -1.796156 0.452382 1.243643
v -1.796156 0.452382 -1.243643
v 1.454817 -1.430228 0.976569
v -2.430508 -0.822313 1.254486
v -2.430508 -0.822313 -1.254486
v 3.33521 -0.375755 0.0
v 3.861841 0.560638 0.311961
v -0.547248 1.742126 3.469446951953614e-18
v -3.557869 -1.325941 0.37803
v -3.53391 -1.330455 -0.568246
v 3.058366 1.773346 -0.297337
v 0.927775 0.195225 1.233043
v 0.927775 0.19522499999999995 -1.233043
v 2.301359 1.397721 0.546015
v -3.697974 1.466697 -0.433432
v -2.119856 -1.1288 0.97096
v -4.216296 -1.160854 -0.104034
v 4.126565 0.642027 0.0
v 1.219163 -1.218342 -0.823029
v 2.128139 1.788397 0.0
v 2.731512 0.219003 -0.891585
v -0.523838 -1.850065 0.388007
v 2.059844 -1.561331 0.858957
v 2.668936 0.206182 1.014371
v -4.309744 -1.743848 0.150329
v 1.599889 -1.595526 0.623185
v 2.024692 -1.074646 -1.172465
v -3.082741 -3.598298 1.054556
v 4.103303 2.038565 -1.363737
v 2.5704 0.738683 0.830405
v 2.515314 -1.507063 -0.483275
v 1.741854 -3.114181 0.700705
v 4.277227 1.077746 -0.550819
v -2.736599 -3.394849 1.269577
v -2.668957 -3.397513 -0.943626
v -2.697367 1.871291 -0.218796
v 4.031515 1.968248 0.91846
v 2.637655 -0.768176 0.637039
v 2.618307 -0.549092 -0.805491
v -2.503818 -1.909806 0.431456
v 2.180012 -1.130557 0.821812
v -1.227613 1.709095 0.276029
v -3.008323 -1.759271 -0.655672
v 2.0482 -1.581983 -0.555832
v 1.933899 -3.546253 0.912438
v 2.078928 -3.584991 -0.917088
v 2.247981 -3.342804 1.127459
v 2.138771 -3.397683 -1.214726
v 2.386465 -1.116066 -0.761367
v 4.235494 2.636171 -0.803613
v 3.870548 2.292106 0.368964
v 2.058189 -0.931238 1.163518
v -1.601625 -1.593321 0.605607
v -1.601625 -1.593321 -0.605607
v 4.440143 2.510529 -0.269164
v 2.993075 -0.708434 0.342596
v 2.670253 -1.108365 -0.544018
v -1.226563 -1.655159 0.687343
v -1.226563 -1.655159 -0.687343
v 1.864064 -2.469953 -0.935601
v 3.828001 2.35254 -0.233341
v 4.44385 2.449921 0.495432
v 2.113587 -3.011851 -0.851648
v 1.918641 -2.083654 -1.001275
v -4.273069 -1.798884 -0.099878
v 2.515314 -1.507063 0.483275
v 4.32063 2.385528 -0.682583
v 4.277227 1.077746 0.550819
v 1.524407 -1.125312 1.142248
v 1.524407 -1.125312 -1.142248
v 4.596478 1.512987 -0.598982
v -3.660928 1.770041 -0.115431
v -3.030627 -3.493327 -1.32265
v -3.144012 -2.333635 0.829994
v 2.679445 0.687427 -0.720573
v -3.063133 -1.440555 1.090926
v -3.063133 -1.440555 -1.090926
v 5.672385 1.007694 0.341778
v -2.144393 -2.117408 0.464489
v 4.342351 2.581176 0.140317
v -3.169489 -2.110039 1.076796
v -3.047974 -2.109628 -1.063497
v -2.042059 -1.312976 -0.940911
v 4.262798 2.490674 0.818316
v 5.004627 0.908637 0.34527300000000005
v 5.004627 0.908637 -0.345273
v 5.247762 0.848549 0.10854600000000003
v 4.211815 2.28249 -1.039137
v 5.105589 1.864086 0.347113
v 5.680007 1.510009 0.0007859999999999985
v -3.132772 -2.528669 -0.848639
v -2.749867 -3.295148 0.966073
v 2.235942 -3.243103 0.823955
v -3.008412 -2.89976 -0.904635
v 5.383208 1.619661 -0.202452
v 5.70463 0.849158 -0.12812999999999997
v -3.135041 -3.243787 1.189436
v -3.135041 -3.243787 -1.189436
v 4.221814 1.660769 -0.59409
v 1.544087 -2.080722 0.786432
v 1.544087 -2.080722 -0.786432
v -2.062725 -1.884246 0.307336
v -3.166971 -3.002766 0.812106
v -2.695135 -2.12165 -0.508064
v 1.886443 -3.191742 1.047318
v 1.886443 -3.191742 -1.047318
v 4.0247 2.187859 0.814219
v 4.0247 2.187859 -0.814219
v 4.017509 1.996169 -0.731654
v 4.152557 2.235471 1.217046
v 4.088356 2.510913 -0.453793
v 5.425783 1.264372 0.329687
v 4.307092 2.367482 0.877202
v 4.307092 2.367482 -0.877202
v 4.459682 1.778884 0.588185
v 4.554459 2.511417 0.850571
v 4.197609 2.164063 0.857433
v 4.197609 2.164063 -0.857433
v -3.932489 -0.556566 0.037354
v 4.117367 2.568514 0.3845
v -2.106039 -2.019111 -0.510759
v 4.228523 2.435029 1.098575
v 4.460582 2.622875 -0.957002
v 5.915025 1.382159 -0.13682
v 4.89385 2.220523 -0.417713
v 4.203325 2.589186 -0.219164
v -1.985123 -2.116661 -0.394256
v -3.078699 -2.553982 1.046834
v -3.162498 -2.556375 -1.058409
v 3.252224 2.026347 0.148215
v 4.112302 2.285832 0.5955
v 4.112302 2.285832 -0.5955
v 4.305411 2.059245 -0.539407
v 4.278045 1.97666 0.537351
v -2.03574 -1.981182 0.547873
v -3.302419 -3.017921 1.128514
v -3.223286 -3.00178 -1.126176
v -2.685663 -2.028649 0.514928
v 1.864064 -2.469953 0.935601
v -3.238225 2.005405 -0.075645
v 4.465268 2.695425 0.757267
v 5.095375 1.961238 -0.401516
v 5.690122 1.092917 -0.37085
v 4.484667 2.534451 -0.708888
v 5.847989 1.311569 0.261476
v 4.927885 2.15656 0.516579
v 1.734568 -2.965876 0.986396
v 1.806371 -2.949735 -0.984058
v 4.697607 1.768061 0.576663
v 5.884856 1.062202 0.249545
v 5.85775 0.997026 -0.236768
v 4.821325 2.691794 0.791887
v 4.821336 2.621498 -0.789636
v 4.697024 1.862575 -0.604048
v 5.908782 1.066916 0.0011210000000000152
v 4.148927 2.388726 1.376879
v 4.863709 2.722151 0.93666
v -2.539874 -2.049824 -0.460098
v 4.753015 2.699695 -0.973279
v -3.821694 1.477989 0.107631
v 4.197516 2.349135 -1.253043
v 5.434594 0.970412 0.330823
v 5.434594 0.970412 -0.330823
v -3.7505 -0.191867 -0.11323
v 4.991904 1.760829 0.510386
v 4.991904 1.760829 -0.510386
v 4.646703 2.728688 0.822295
v 4.646703 2.728688 -0.822295
v -3.828633 0.149083 0.0
v -3.765736 0.50707 -0.106281
v 5.01143 1.875569 0.463205
v 4.925394 1.955229 0.618837
v 4.971872 1.924079 -0.586026
v 1.570685 0.938327 0.989108
v -2.697367 1.871291 0.218796
v 2.815366 1.377583 -0.413399
v -0.910602 1.204118 -0.83774
v -3.27808 1.432418 -0.853958
v 2.013534 -0.662303 1.191491
v -1.120716 0.424016 1.45699
v -1.120716 0.424016 -1.45699
v -3.917882 -1.082831 -0.289171
v -1.489699 -0.024215 1.510987
v -1.489699 -0.024215 -1.510987
v 2.815366 1.377583 0.413399
v 4.856249 2.593812 0.867067
v 4.856249 2.593812 -0.867067
v 2.309358 -3.345468 -0.801508
v 4.83289 2.262727 0.283787
v 0.857323 0.985001 -0.874029
v 4.442912 2.343263 -0.53322
v 2.960118 -0.941827 0.284743
v 0.305671 1.298417 0.629719
v -3.166971 -3.002766 -0.812106
v -2.901159 -0.619504 -1.284058
v -1.782928 -0.770786 1.173619
v 1.677597 -2.237953 -0.696318
v -2.013663 0.810726 1.158827
v -2.013663 0.810726 -1.158827
v 4.380854 0.704574 -0.00013
v -3.044646 0.224321 1.164934
v 0.530629 -1.316423 0.929842
v 0.530629 -1.316423 -0.929842
v -1.001366 -1.335897 1.353338
v -1.001366 -1.335897 -1.353338
v -2.901159 -0.619504 1.284058
v -3.244771 1.19554 0.910945
v 3.590526 1.70109 0.411994
v 3.590526 1.70109 -0.411994
v 3.136321 0.17123700000000003 0.539896
v -2.223917 -1.541268 -0.87926
v -2.593513 -3.536154 0.94245
v -3.306875 0.379713 -0.98762
v -0.597781 1.48962 0.641047
v 1.497138 1.618935 0.401108
v 2.898733 0.271916 -0.651298
v -2.64722 -1.84401 -0.594347
v -2.050292 -0.755566 -1.114167
v -3.355398 -0.969157 -0.766213
v -3.35851 1.810253 0.380095
v 1.664159 -0.189659 1.266729
v 1.664159 -0.189659 -1.266729
v -3.27979 -1.162072 0.784602
v 1.941767 -1.759457 0.997454
v -1.403848 1.533059 0.902827
v -1.403848 1.533059 -0.902827
v -2.064786 0.018789 1.411866
v -2.064786 0.018789 -1.411866
v 3.758215 2.206683 -0.323051
v -1.936032 -1.829617 0.488916
v -1.936032 -1.829617 -0.488916
v -3.667859 -0.964867 0.464702
v 2.183003 1.65407 0.341767
v -4.029726 -1.043238 0.136305
v -3.120907 -1.707924 -0.431829
v -2.317557 -1.8742 0.470587
v -4.015306 -1.659952 0.130331
v 2.301359 1.397721 -0.546015
v -3.520188 0.140164 0.618561
v 2.348182 -1.624595 0.0
v 1.219163 -1.218342 0.823029
v -2.049879 -1.562369 0.829319
v 2.715712 1.828219 -0.167709
v 1.794465 1.787719 0.0
v 2.734183 0.038769 0.86581
v 2.649413 0.03153500000000001 -1.024796
v -0.11266600000000004 -1.806584 -0.383324
v 0.516872 -0.020712999999999995 1.356627
v 0.516872 -0.020712999999999995 -1.356627
v 2.910769 -0.638444 -0.431191
v -1.686329 -1.414405 0.869373
v 0.234527 1.730117 1.1102230246251566e-17
v 3.67471 0.338839 0.30784
v 3.67471 0.338839 -0.30784
v 5.177545 1.932323 0.00021400000000000585
v 2.347317 1.066114 0.758763
v -2.725776 -1.214862 1.190384
v -2.725776 -1.214862 -1.190384
v -0.812845 -1.785424 0.768511
v -0.812845 -1.785424 -0.768511
v -0.954897 1.677544 -0.293034
v 4.216374 0.852328 -0.405873
v -3.415655 -0.308965 -0.671045
v 2.45706 -1.400958 -0.539866
v 4.449011 1.260929 0.647431
v -3.526766 -0.317542 0.560837
v 2.70696 0.393597 0.849582
v 2.618307 -0.549092 0.805491
v 4.963526 0.797382 -0.14344
v 1.337875 -0.945716 1.021299
v 1.428883 -0.98669 -1.133905
v 2.0482 -1.581983 0.555832
v -3.07531 1.846 -0.363149
v 2.058189 -0.931238 -1.163518
v 4.143794 2.01372 1.201386
v 1.945206 -2.015769 0.672724
v -1.396332 1.723782 -0.267642
v -3.451965 -2.077314 0.931974
v -3.451965 -2.077314 -0.931974
v 2.386465 -1.116066 0.761367
v -2.890885 -3.415616 -0.819125
v -2.057387 1.841308 0.0
v 1.599889 -1.595526 -0.623185
v -3.335942 -1.365685 -0.72459
v 3.823349 2.141733 0.428356
v 2.292449 -0.871852 -0.8824
v -3.074557 -3.486847 0.843432
v 1.941325 -3.434803 0.701314
v 1.941325 -3.434803 -0.701314
v -3.684619 1.35069 0.501428
v -3.684619 1.35069 -0.501428
v -3.57817 0.837714 0.288502
v -3.57817 0.837714 -0.288502
v 4.474318 2.418432 -0.361347
v 4.024858 2.106568 1.208099
v 4.024858 2.106568 -1.208099
v -2.791754 -3.635993 -1.078555
v -4.073086 -1.649491 -0.238382
v -1.397474 -1.693815 0.570541
v -1.397474 -1.693815 -0.570541
v 4.192789 2.411967 0.668016
v -3.387254 -1.486027 0.672861
v 4.159229 1.949902 -0.923197
v -2.981824 -3.608887 1.346959
v 2.824356 -1.407256 0.355013
v 2.824356 -1.407256 -0.355013
v 5.216855 1.636645 -0.279797
v 2.025468 -3.556842 1.204841
v 1.981186 -3.441282 -1.180532
v 3.286426 -0.30074399999999996 0.276331
v 3.286426 -0.300744 -0.276331
v 4.474318 2.418432 0.361347
v 2.099566 -1.259996 1.055763
v -3.010917 -1.884498 1.08351
v -3.010917 -1.884498 -1.08351
v 1.90637 -2.282284 -0.964887
v 2.071448 -1.410118 -1.006192
v 4.046673 2.341349 1.45253
v 4.297891 0.911506 0.447987
v 1.49748 -1.283201 1.088258
v 1.49748 -1.283201 -1.088258
v 4.094112 1.889281 0.578435
v 1.941767 -1.759457 -0.997454
v 1.54175 -1.643613 1.01419
v 1.650318 -1.645881 -1.053347
v -2.048681 -2.165282 0.450843
v -2.048681 -2.165282 -0.450843
v 5.679621 0.8395 0.0009850000000000206
v -4.405365 -1.921443 0.192978
v -3.121673 -3.120319 1.136456
v 4.641547 1.285422 -0.622034
v -3.177824 -2.279173 1.04758
v -3.068444 -2.260195 -1.03507
v -1.686329 -1.414405 -0.869373
v 4.121121 1.614451 0.587188
v 4.121121 1.614451 -0.587188
v -3.18675 -3.457336 -1.025606
v 5.383208 1.619661 0.202452
v 2.001343 -2.847715 0.762517
v 2.001343 -2.847715 -0.762517
v 5.449164 0.847535 0.10390900000000003
v 1.898573 -3.068274 0.994338
v 1.898573 -3.068274 -0.994338
v 5.573803 0.952578 -0.24388599999999994
v -2.822497 -3.186549 1.120984
v -2.822497 -3.186549 -1.120984
v 2.170039 -3.134504 0.978866
v 2.170039 -3.134504 -0.978866
v 2.604217 0.728827 -0.769671
v 4.152557 2.235471 -1.217046
v 4.444739 2.475795 -0.860515
v 1.60129 -2.267132 0.787696
v 5.687035 1.499636 -0.110765
v 5.425783 1.264372 -0.329687
v 3.928869 2.223919 0.615683
v 3.928869 2.223919 -0.615683
v 1.818266 -2.313852 0.968652
v 5.299005 0.908991 -0.260177
v 4.459682 1.778884 -0.588185
v -3.235873 -2.335338 0.820588
v -3.235873 -2.335338 -0.820588
v 4.354196 2.711836 0.826545
v 4.296538 2.243779 0.925459
v 4.296538 2.243779 -0.925459
v 4.26732 2.121987 -0.61494
v 4.277169 2.652435 0.591369
v 4.715646 1.502195 0.584339
v 4.872539 2.159259 0.542891
v 4.228523 2.435029 -1.098575
v -2.503818 -1.909806 -0.431456
v -3.016419 -2.765091 0.966671
v -3.016419 -2.765091 -0.966671
v 3.252224 2.026347 -0.148215
v 4.043796 2.386524 0.400392
v 4.043796 2.386524 -0.400392
v 5.241466 1.040469 0.383965
v 5.886832 1.385674 0.172365
v 4.278045 1.97666 -0.537351
v 4.104864 2.298353 0.915735
v 4.104864 2.298353 -0.915735
v 5.681726 1.282503 0.333871
v 4.029016 2.519175 0.249385
v 4.029016 2.519175 -0.249385
v 4.273414 2.686575 -0.753674
v 4.404221 1.662433 0.61661
v 1.586321 -2.273752 -0.880969
v -3.238225 2.005405 0.075645
v 4.484667 2.534451 0.708888
v 5.847989 1.311569 -0.261476
v 5.837875 1.141493 -0.30518399999999996
v 5.097062 1.954206 -0.328795
v -2.060902 -2.031698 0.372079
v -2.060902 -2.031698 -0.372079
v 5.895899 1.18273 0.164705
v 4.574545 2.669863 -0.780363
v 4.305411 2.059245 0.539407
v -3.975337 -0.554961 -0.014407
v 4.824747 1.946835 0.626358
v 5.755282 1.004149 0.307505
v 4.935561 2.016016 -0.5857
v -2.571019 -1.995375 0.58623
v -3.740631 -0.558176 0.085478
v 5.934596 1.054796 -0.07703899999999997
v -3.32033 -2.827513 1.063914
v -3.26181 -2.821069 -1.088218
v 4.927885 2.15656 -0.516579
v 4.927282 1.486953 -0.526327
v -3.609021 1.745588 -0.133304
v 4.197516 2.349135 1.253043
v -3.88734 1.003866 -0.057635
v -3.703058 1.022838 -6.899999999999962e-05
v 1.718315 -2.775468 0.921796
v 1.771416 -2.769024 -0.9461
v 4.662221 2.556346 0.940618
v 4.662221 2.556346 -0.940618
v 5.480649 0.941387 0.316248
v -3.768245 1.475619 0.124295
v 4.332083 2.586481 0.194917
v 5.425352 1.035967 -0.34272
v 4.728931 2.721892 0.832625
v 4.728931 2.721892 -0.832625
v 5.058179 1.788186 0.417387
v 4.149438 2.34055 -1.353693
v 5.057495 2.002751 0.451974
v 4.936066 1.737668 0.557276
v 5.580223 1.04747 0.3726960000000001
v -2.667969 -2.036634 0.471396
v -2.667969 -2.036634 -0.471396
v -3.703099 0.163192 -0.084205
v -3.786822 0.153783 0.084233
v 4.751519 2.039658 0.634134
v 4.751519 2.039658 -0.634134
v 4.861618 1.854067 -0.618095
v 4.953739 1.95258 0.592256
v 4.991709 1.844295 -0.520761
v -2.715246 1.746763 0.604653
v -2.71748 1.576797 -0.875971
v -2.296056 1.06281 -1.171139
v -3.290393 -0.424259 -0.984153
v -3.709827 1.417763 0.0
v -0.04157 -1.143825 -1.395176
v -3.244771 1.19554 -0.910945
v 1.373216 -0.56462 1.106245
v 1.373216 -0.56462 -1.106245
v -2.092921 -1.839622 0.0
v 4.854957 2.660227 -0.92431
v 3.163181 1.209972 0.462438
v 3.163181 1.209972 -0.462438
v -3.698925 1.787941 0.06664
v -2.930312 1.10358 1.125876
v -3.661286 1.470876 -7.4e-05
v -3.290393 -0.424259 0.984153
v 0.921312 0.755659 0.99933
v 0.921312 0.755659 -0.99933
v -0.071941 -1.346991 1.237379
v -1.200768 0.978822 1.103391
v -1.200768 0.978822 -1.103391
v 2.881063 -0.493146 0.521968
v 2.736198 -0.346225 -0.659345
v -3.504525 0.405574 0.847066
v -3.504525 0.405574 -0.847066
v -3.300372 -2.795728 0.878984
v -3.300372 -2.795728 -0.878984
v 2.747937 0.712253 0.615674
v 2.948387 0.783357 -0.515058
v 3.479418 1.97825 -0.317478
v 5.321136 1.795562 -0.119606
v -1.402349 -1.127845 1.309055
v -1.402349 -1.127845 -1.309055
v 5.604888 1.546091 0.113773
v -3.470778 -0.078218 -0.546398
v -3.120907 -1.707924 0.431829
v -0.597781 1.48962 -0.641047
v 0.725959 1.478055 0.461804
v 0.725959 1.478055 -0.461804
v 3.276333 1.863773 0.294266
v -4.129295 -1.228786 0.120745
v -2.050292 -0.755566 1.114167
v -3.639586 -1.140102 -0.3338
v -3.678793 -0.926816 0.0
v -2.787011 0.264495 1.237352
v -2.787011 0.264495 -1.237352
v 0.956456 -1.070504 0.921063
v 0.956456 -1.070504 -0.921063
v -2.38292 -0.41745 1.375045
v -2.38292 -0.41745 -1.375045
v 4.059885 1.86046 -0.470087
v -0.422877 -1.7512 -0.823423
v 1.649027 0.224458 1.211969
v 1.649027 0.224458 -1.211969
v -3.395381 1.726325 0.55477
v -3.395381 1.726325 -0.55477
v -2.1584 0.381542 1.272962
v -2.1584 0.381542 -1.272962
v -0.179548 1.471301 0.544513
v 1.947264 -2.443232 0.732587
v 1.947264 -2.443232 -0.732587
v -3.566995 0.656967 0.0
v 4.66969 0.738163 0.188296
v -2.306662 -1.116976 -0.961238
v -1.582187 1.567542 0.982349
v -1.582187 1.567542 -0.982349
v 3.787342 2.396113 -0.001159
v 2.715712 1.828219 0.167709
v -3.188954 -1.408279 0.963611
v -3.188954 -1.408279 -0.963611
v 4.137657 1.944837 1.061024
v 4.137657 1.944837 -1.061024
v -0.112666 -1.806584 0.383324
v -4.192486 -1.953852 0.017312999999999995
v -3.18675 -3.457336 1.025606
v 3.731689 0.186391 0.0
v -2.161843 -1.325837 0.957465
v 2.136269 -0.187666 1.278057
v 2.136269 -0.187666 -1.278057
v -1.81092 0.287592 1.292257
v -1.81092 0.287592 -1.292257
v 4.74325 1.05921 -0.563421
v 0.542386 -0.188227 1.370375
v 0.542386 -0.18822700000000003 -1.370375
v -1.396332 1.723782 0.267642
v 1.867657 -0.920633 1.206933
v 1.867657 -0.920633 -1.206933
v 4.082988 2.175805 1.45093
v -2.547737 -1.833025 -0.609321
v 0.912989 -1.499314 0.419547
v 0.912989 -1.499314 -0.419547
v -0.228904 1.734267 6.476300976980079e-18
v 2.243492 -1.584783 0.431143
v 2.243492 -1.584783 -0.431143
v 2.790657 0.044324 0.717488
v 2.790657 0.044324 -0.717488
v -3.438226 -0.721479 0.728141
v -3.438226 -0.721479 -0.728141
v -3.11957 -3.183977 0.870739
v -3.11957 -3.183977 -0.870739
v 2.721135 -1.520418 0.362378
v 2.721135 -1.520418 -0.362378
v -3.777709 -1.051411 -0.240495
v 2.543372 -0.548031 0.937182
v 2.543372 -0.548031 -0.937182
v -1.227613 1.709095 -0.276029
v 2.266003 1.273253 0.663332
v 2.266003 1.273253 -0.663332
v -3.639696 -1.242349 0.05719
v -2.975439 -3.308754 -1.25324
v 4.522247 1.398278 0.644892
v 4.058311 2.293363 -1.338054
v -3.49052 -1.760417 0.903104
v -3.498521 -1.762078 -0.762472
v 2.031262 -3.256709 -1.111122
v 1.643403 -2.076583 -0.689565
v -2.845816 -3.273661 1.218321
v 1.776024 -2.980086 0.707575
v 1.776024 -2.980086 -0.707575
v -1.714432 1.747956 -0.247594
v -2.672899 1.90511 0.067168
v -2.740824 -3.597601 0.875006
v -2.740824 -3.597601 -0.875006
v 4.352603 2.524888 -0.890532
v 2.520417 -0.954785 0.739445
v 2.520417 -0.954785 -0.739445
v -3.27751 -1.177346 0.9153
v -3.27751 -1.177346 -0.9153
v 4.577573 2.389535 0.256196
v 4.577573 2.389535 -0.256196
v -0.972514 -1.822778 0.372649
v -0.972514 -1.822778 -0.372649
v 3.849352 0.664451 0.387198
v 3.849352 0.664451 -0.387198
v 2.14888 -3.221616 1.076203
v 5.216855 1.636645 0.279797
v 4.22473 2.624525 0.491916
v 4.329607 1.464801 -0.661485
v -2.765069 -1.561164 1.084313
v -2.765069 -1.561164 -1.084313
v -3.672431 1.044224 0.364991
v -3.672431 1.044224 -0.364991
v -3.470778 -0.078218 0.546398
v 4.735139 2.645464 0.95089
v 1.721211 -1.590185 0.601932
v 4.971394 2.146686 0.224781
v 5.803425 1.260787 0.210002
v 5.803425 1.260787 -0.210002
v 2.244147 -3.545557 0.732888
v 2.244147 -3.545557 -0.732888
v -3.107105 -2.947818 1.092235
v -2.986345 -2.93377 -1.087679
v 5.06084 2.053335 -0.309324
v -1.406693 -1.697325 0.450399
v -1.406693 -1.697325 -0.450399
v -3.066022 -1.953125 0.719516
v -3.066022 -1.953125 -0.719516
v 2.17745 -1.127765 0.974416
v 2.17745 -1.127765 -0.974416
v 4.277169 2.652435 -0.591369
v -2.631547 -3.559891 1.33738
v -2.729567 -3.602976 -1.377236
v 2.757946 -1.099958 0.471684
v 2.757946 -1.099958 -0.471684
v 2.549322 -1.335209 0.535156
v 2.549322 -1.335209 -0.535156
v 3.045715 -0.767786 0.261741
v 3.045715 -0.767786 -0.261741
v 1.328862 -1.352627 0.758733
v 1.348219 -1.282064 -0.845204
v -2.969687 -2.097941 0.982836
v -2.969687 -2.097941 -0.982836
v 4.744871 0.950945 0.4910820000000001
v 5.334328 1.402713 -0.332639
v 2.036036 -1.57908 0.967151
v 2.059844 -1.561331 -0.858957
v 5.197562 0.922406 -0.302473
v -4.424122 -1.831742 0.130839
v 3.378799 0.07373600000000001 0.355362
v 3.378799 0.07373599999999993 -0.355362
v 4.216374 0.852328 0.405873
v 4.047406 2.207209 1.015108
v 4.047406 2.207209 -1.015108
v 4.43302 2.024714 0.563794
v 4.43302 2.024714 -0.563794
v 2.343303 -3.507846 1.195262
v 2.254361 -3.550931 -1.235118
v -4.175757 -1.808223 -0.140659
v 1.5167 -1.45305 1.068516
v 1.5167 -1.45305 -1.068516
v -1.777628 -1.473076 0.845827
v -1.778934 -1.550199 -0.776454
v 2.013095 -2.051912 0.911043
v 2.047696 -2.050138 -0.814712
v 5.112563 0.840686 0.000480000000000029
v -1.366873 -1.340211 0.907567
v -1.366873 -1.340211 -0.907567
v 1.438439 -1.148029 1.098069
v 1.438439 -1.148029 -1.098069
v 5.568745 0.834653 -0.07138999999999998
v 3.823349 2.141733 -0.428356
v 4.399629 0.850459 -0.391855
v 5.566339 1.498677 -0.190905
v 4.697024 1.862575 0.604048
v 4.615662 2.63387 -0.977986
v 4.085564 1.288885 0.544406
v 4.085564 1.288885 -0.544406
v 1.6249 -2.087301 0.963391
v 1.720031 -2.105568 -0.971354
v 5.998088 1.231874 0.107334
v 5.998088 1.231874 -0.107334
v -3.251541 -2.56405 1.023627
v -3.251541 -2.56405 -1.023627
v -2.80326 -3.21358 0.942403
v -2.80326 -3.21358 -0.942403
v 3.961908 2.347745 0.374747
v 3.961908 2.347745 -0.374747
v 3.98291 1.987391 0.639809
v 2.187495 -3.161535 0.800285
v 2.187495 -3.161535 -0.800285
v 5.299005 0.908991 0.260177
v -2.547737 -1.833025 0.609321
v 1.798719 1.714447 0.259352
v 1.798719 1.714447 -0.259352
v 5.296963 1.322443 0.357984
v -2.04111 -2.075348 0.540201
v -2.04111 -2.075348 -0.540201
v -3.06981 -2.928755 0.845236
v -3.06981 -2.928755 -0.845236
v 4.44385 2.449921 -0.495432
v 4.715646 1.502195 -0.584339
v -3.978115 -0.82344 0.09928
v 3.989434 2.118832 0.765086
v 3.989434 2.118832 -0.765086
v -3.412068 -2.356105 0.865813
v -3.412068 -2.356105 -0.865813
v 4.12616 2.12093 1.17252
v 4.12616 2.12093 -1.17252
v 1.945632 -2.87671 0.703118
v 1.945632 -2.87671 -0.703118
v 4.460582 2.622875 0.957002
v 4.296769 2.260422 0.528796
v 4.296769 2.260422 -0.528796
v 5.152698 1.830661 -0.287042
v 1.880971 -2.733242 0.8902
v 1.960643 -2.71286 -0.90089
v -3.04661 -2.510881 0.900772
v -3.04661 -2.510881 -0.900772
v 5.681726 1.282503 -0.333871
v 4.991713 1.163096 0.504149
v 4.232341 1.903079 0.534362
v 4.232341 1.903079 -0.534362
v 4.273414 2.686575 0.753674
v 4.172143 2.303394 0.778972
v 4.172143 2.303394 -0.778972
v 4.222795 2.228178 0.952752
v 4.222795 2.228178 -0.952752
v -3.184143 -3.298048 1.156892
v -3.184143 -3.298048 -1.156892
v 5.710154 1.360653 0.290072
v 4.354196 2.711836 -0.826545
v 1.841888 -3.246003 1.014774
v 1.841888 -3.246003 -1.014774
v 4.121994 2.458034 0.570029
v 4.121994 2.458034 -0.570029
v 4.245861 2.375093 1.141312
v 4.245861 2.375093 -1.141312
v 3.247406 2.073333 0.0
v 4.38638 1.770868 0.596666
v 4.38638 1.770868 -0.596666
v 5.097062 1.954206 0.328795
v -1.933565 -1.993029 0.438902
v -1.971059 -1.992958 -0.500845
v 5.842092 1.427708 0.130724
v 5.813217 1.415581 -0.195261
v -3.227504 1.961738 -0.131029
v 5.250485 1.123029 -0.385234
v 1.678986 -2.513137 0.891745
v 1.737623 -2.485017 -0.918334
v 2.604217 0.728827 0.769671
v 2.5704 0.738683 -0.830405
v 4.520165 2.557971 0.762427
v 4.520165 2.557971 -0.762427
v -2.709403 -1.879947 0.508775
v -2.684452 -1.891207 -0.447388
v 4.290375 2.112337 0.80019
v 4.290375 2.112337 -0.80019
v 4.339601 2.592642 0.258891
v -3.380836 1.819691 0.123273
v 5.912147 1.117911 0.254197
v 5.912147 1.117911 -0.254197
v 4.862636 1.684144 0.570155
v -2.552923 -2.142304 0.454579
v -2.513187 -2.130859 -0.49792
v -3.88734 1.003866 0.057635
v 5.897758 1.009309 0.08058300000000004
v 5.897758 1.009309 -0.08058299999999999
v 1.735077 -3.022732 0.972751
v 1.735077 -3.022732 -0.972751
v -3.301857 -3.074776 1.114869
v -3.301857 -3.074776 -1.114869
v 5.480649 0.941387 -0.3162479999999999
v -3.768245 1.475619 -0.124295
v -3.714787 1.473248 0.107668
v 4.332083 2.586481 -0.194917
v 5.425352 1.035967 0.34272
v 4.574545 2.669863 0.780363
v 4.149438 2.34055 1.353693
v 5.057495 2.002751 -0.451974
v 4.936066 1.737668 -0.557276
v 5.580223 1.04747 -0.372696
v 4.101754 2.557092 0.265856
v 4.101754 2.557092 -0.265856
v 5.681086 1.054964 0.35586
v 4.737893 2.564648 0.830389
v 4.737893 2.564648 -0.830389
v -3.720269 0.512205 0.092064
v -3.720269 0.512205 -0.092064
v 4.140097 2.295949 -1.367196
v -2.688607 -2.101208 0.550465
v -2.688607 -2.101208 -0.550465
v -3.845923 -0.188822 -0.06918
v -3.640457 -0.195379 -0.024909
v 4.719171 2.751091 0.865965
v 4.719171 2.751091 -0.865965
v 4.798297 2.118191 0.591085
v 4.798297 2.118191 -0.591085
v 4.852582 1.816115 -0.603105
v 4.93795 2.181155 0.486939
v 4.93795 2.181155 -0.486939
v 4.861618 1.854067 0.618095
v 4.93588 2.051665 0.572853
v 4.93588 2.051665 -0.572853
v 4.991709 1.844295 0.520761
v 4.953403 1.907939 -0.605609
v -1.077209 -0.869649 1.633144
v -1.077209 -0.869649 -1.633144
v -2.348005 -1.869142 0.0
v 3.486028 -0.141683 0.0
v -0.15511399999999997 -1.828285 0.0
v -3.661331 0.167886 5.799999999999989e-05
v -1.714432 1.747956 0.247594
v 3.454971 2.169877 0.0
v -0.645496 0.179261 1.584316
v -0.645496 0.179261 -1.584316
v 0.010485999999999995 -0.502317 1.576297
v 0.010485999999999995 -0.502317 -1.576297
v 2.023441 0.529338 1.144399
v 2.023441 0.529338 -1.144399
v -2.417777 -1.553136 -0.887222
v 0.243473 1.134082 0.819993
v 0.243473 1.134082 -0.819993
v 3.747724 1.184933 0.518662
v 3.747724 1.184933 -0.518662
v -2.616467 -0.511373 1.344133
v -2.616467 -0.511373 -1.344133
v 3.321825 0.26669 0.46575
v 3.321825 0.26669 -0.46575
v -2.417777 -1.553136 0.887222
v -2.890885 -3.415616 0.819125
v -3.1103 -1.69172 0.0
v -2.90708 -0.345582 1.281557
v -3.101125 -0.35476 -1.162409
v 1.456656 1.785879 0.0
v -2.715246 1.746763 -0.604653
v 2.553871 1.284278 0.512335
v 2.553871 1.284278 -0.512335
v -3.251181 0.175063 1.053445
v -3.251181 0.175063 -1.053445
v -2.687022 0.07678100000000002 1.290565
v -0.952525 -1.440582 1.16865
v -0.952525 -1.440582 -1.16865
v 1.517126 1.334367 0.741076
v 1.517126 1.334367 -0.741076
v -2.205791 1.356023 1.081662
v -2.205791 1.356023 -1.081662
v -0.674657 1.333008 0.761059
v -0.674657 1.333008 -0.761059
v -3.569386 -0.761644 -0.035893
v -1.757573 -0.945337 1.075832
v -1.757573 -0.945337 -1.075832
v -3.458251 -0.12595 0.731712
v -3.458251 -0.12595 -0.731712
v -3.442151 1.105486 0.762934
v -3.442151 1.105486 -0.762934
v -1.799827 -1.753136 0.0
v -3.338742 1.598933 0.689636
v -3.338742 1.598933 -0.689636
v 2.896234 -1.31956 0.0
v 2.107985 -3.363571 0.677007
v 4.150297 1.820575 0.917046
v 4.150297 1.820575 -0.917046
v -1.733703 1.083864 1.181489
v -1.733703 1.083864 -1.181489
v -2.536112 0.656633 1.269661
v -2.536112 0.656633 -1.269661
v -2.703112 1.825435 0.395127
v -0.0723 -1.450245 1.087397
v -0.0723 -1.450245 -1.087397
v -3.442085 -1.48412 0.406377
v -3.442085 -1.48412 -0.406377
v 5.296963 1.322443 -0.357984
v -3.639586 -1.140102 0.3338
v -3.631179 -1.157838 -0.50561
v 4.636582 2.263383 0.471997
v 2.953029 -0.12768999999999997 0.520499
v 2.953029 -0.12769000000000003 -0.520499
v 1.210555 -1.460061 0.576841
v 1.19204 -1.330605 -0.678707
v 3.541188 1.849183 0.386366
v 3.541188 1.849183 -0.386366
v -0.954897 1.677544 0.293034
v -3.238094 -0.979377 0.961631
v -3.238094 -0.979377 -0.961631
v 0.538756 -1.408602 0.764911
v 0.538756 -1.408602 -0.764911
v 2.292449 -0.871852 0.8824
v 2.410367 -0.777999 -0.841105
v 0.950215 0.042751 1.256188
v 0.950215 0.042751 -1.256188
v 4.66969 0.738163 -0.188296
v 2.439827 -0.395385 1.131324
v 2.439827 -0.395385 -1.131324
v -1.950547 -0.275573 1.377028
v -1.950547 -0.275573 -1.377028
v -3.381262 -1.828189 0.697034
v -3.381262 -1.828189 -0.697034
v 4.636582 2.263383 -0.471997
v 3.086666 1.632991 0.338863
v 3.086666 1.632991 -0.338863
v -1.519339 -1.653776 0.501741
v -1.519339 -1.653776 -0.501741
v 5.072165 2.04363 0.209228
v -0.680046 -1.768325 0.81908
v -0.680046 -1.768325 -0.81908
v -3.599077 0.796217 0.0
v 4.317602 2.588926 -0.000745
v -1.179474 1.786649 0.0
v -3.03125 -3.09594 1.106355
v -3.03125 -3.09594 -1.106355
v 1.980621 -3.043895 0.964237
v 1.980621 -3.043895 -0.964237
v -4.333831 -1.548255 0.056938
v 2.790681 0.219187 0.718263
v 2.790681 0.219187 -0.718263
v -3.074557 -3.486847 -0.843432
v -0.267035 1.627058 0.26657700000000006
v -0.267035 1.627058 -0.266577
v -4.207566 -1.922824 0.155104
v 4.176065 2.636883 -0.618384
v 5.321136 1.795562 0.119606
v -3.253309 -2.137354 0.760713
v -3.253309 -2.137354 -0.760713
v -1.932916 0.232972 1.304589
v -1.932916 0.232972 -1.304589
v -3.392806 1.769365 0.0
v -1.465432 1.655336 0.722125
v -1.465432 1.655336 -0.722125
v -3.914006 -1.486854 0.149147
v -2.791754 -3.635993 1.078555
v -2.749867 -3.295148 -0.966073
v 4.744871 0.950945 -0.491082
v -3.608593 1.163581 0.0
v -3.319817 -1.365015 0.886015
v -3.319817 -1.365015 -0.886015
v 2.235942 -3.243103 -0.823955
v -2.027242 -1.813012 0.555232
v -2.027242 -1.813012 -0.555232
v -1.67651 1.826886 0.0
v -4.112449 -0.875765 0.016326
v 1.937009 -1.625419 1.026843
v 1.937009 -1.625419 -1.026843
v 4.105198 0.672581 0.300001
v 4.105198 0.672581 -0.300001
v -2.299356 -1.025449 1.044687
v -2.299356 -1.025449 -1.044687
v 1.635139 -0.965221 1.184968
v 1.635139 -0.965221 -1.184968
v 0.948819 -0.638568 1.102958
v 0.948819 -0.638568 -1.102958
v 2.197935 -3.583948 0.936437
v 2.197935 -3.583948 -0.936437
v -4.001496 -1.375703 -0.285641
v -3.389388 -2.305625 0.950348
v -3.389388 -2.305625 -0.950348
v -2.811581 -1.79821 0.712737
v -2.811581 -1.79821 -0.712737
v 3.053144 -0.609681 0.326931
v 3.053144 -0.609681 -0.326931
v 1.747671 -2.067518 0.638841
v 1.747671 -2.067518 -0.638841
v -3.676599 -0.729578 0.330724
v -3.665774 -0.73408 -0.446286
v 1.818846 -1.756976 1.023593
v 1.818846 -1.756976 -1.023593
v 5.127157 1.942759 -0.211214
v 2.847364 -1.103812 0.402301
v 2.847364 -1.103812 -0.402301
v 4.641547 1.285422 0.622034
v -2.603284 -2.176802 0.510638
v -2.603284 -2.176802 -0.510638
v -3.664355 0.932851 0.370749
v -3.664355 0.932851 -0.370749
v 2.710721 -0.830091 0.532493
v 2.710721 -0.830091 -0.532493
v -3.117476 -1.866892 1.108034
v -3.117476 -1.866892 -1.108034
v -3.949814 -0.963797 0.140806
v 5.323232 0.866039 0.0006600000000000278
v -3.09873 -3.539123 1.252987
v -3.09873 -3.539123 -1.252987
v 1.736425 -2.743683 0.736866
v 1.700797 -2.794792 -0.82425
v 4.176065 2.636883 0.618384
v 5.647186 1.394606 -0.257833
v 4.197644 2.394643 1.248646
v 4.197644 2.394643 -1.248646
v 4.141189 1.008775 0.499342
v 1.919391 -3.487078 1.110869
v 1.919391 -3.487078 -1.110869
v 1.963153 -1.588839 0.612861
v 1.963153 -1.588839 -0.612861
v 2.647368 -0.61155 0.669485
v 2.647368 -0.61155 -0.669485
v 3.700363 0.265794 0.240762
v 3.700363 0.265794 -0.240762
v -3.339637 -2.846837 0.966368
v -3.339637 -2.846837 -0.966368
v 3.745669 2.266001 0.24193
v 3.745669 2.266001 -0.24193
v -3.570243 -0.060093 0.344854
v -3.529709 -0.065998 -0.437217
v 3.118124 -0.703925 0.0
v -1.592146 -1.408592 0.838483
v -1.592146 -1.408592 -0.838483
v 4.399629 0.850459 0.391855
v 2.148553 -1.103067 1.06541
v 2.148553 -1.103067 -1.06541
v 5.961686 1.110978 0.09032400000000003
v 1.230116 -1.085439 0.894543
v 1.230116 -1.085439 -0.894543
v 1.98533 -2.221319 0.893145
v 2.02453 -2.195334 -0.811284
v 2.422296 -1.510915 0.494169
v 2.422296 -1.510915 -0.494169
v -2.031698 -1.097344 0.966701
v -2.031698 -1.097344 -0.966701
v 5.528186 1.44018 0.250666
v -2.699957 -3.390295 1.185593
v -2.699957 -3.390295 -1.185593
v 2.096552 1.678482 0.32681
v 2.096552 1.678482 -0.32681
v 4.333503 0.951176 -0.481517
v 5.373133 1.541142 -0.246712
v 2.281229 -3.33825 1.043475
v 2.281229 -3.33825 -1.043475
v 4.410844 2.500167 0.351972
v 4.410844 2.500167 -0.351972
v 2.354287 -1.193746 0.735189
v 2.354287 -1.193746 -0.735189
v 4.076852 1.746601 0.527436
v 4.076852 1.746601 -0.527436
v 2.042206 1.777154 0.0
v 4.247733 1.381058 0.649596
v 4.247733 1.381058 -0.649596
v 1.480629 -1.640132 0.953447
v 1.480629 -1.640132 -0.953447
v 4.12329 2.086854 1.295135
v 4.12329 2.086854 -1.295135
v 1.828658 -2.477348 0.67347
v 1.828658 -2.477348 -0.67347
v -1.305099 -1.70846 0.48423
v -1.305099 -1.70846 -0.48423
v 4.423033 2.561337 -0.603562
v 3.892378 2.149432 0.603589
v 3.892378 2.149432 -0.603589
v 4.15109 2.102939 0.889759
v 4.15109 2.102939 -0.889759
v 5.152698 1.830661 0.287042
v -2.928681 -3.072892 0.924772
v -2.928681 -3.072892 -0.924772
v 4.059714 2.194906 0.888152
v 4.059714 2.194906 -0.888152
v -2.629466 1.918204 0.0
v 2.07369 -3.020848 0.782654
v 2.07369 -3.020848 -0.782654
v 5.3569 0.85112 0.13832400000000003
v 5.3569 0.85112 -0.13832399999999997
v 4.404221 1.662433 -0.61661
v -3.007483 -2.270712 0.984279
v -3.007483 -2.270712 -0.984279
v 4.44076 2.490353 0.629287
v 5.797411 0.880032 -0.07230599999999998
v 5.223191 1.371491 0.388069
v 5.153735 0.831575 0.218348
v 5.153735 0.831575 -0.218348
v 4.679116 1.438434 -0.589658
v 5.579253 0.837796 0.0008960000000000148
v 4.460786 2.695616 0.949972
v 4.460786 2.695616 -0.949972
v 5.223571 0.974029 0.3621170000000001
v 5.223571 0.974029 -0.362117
v -3.227504 1.961738 0.131029
v 4.274886 2.22003 0.679075
v 4.274886 2.22003 -0.679075
v -2.12403 -2.137733 0.406853
v -2.12403 -2.137733 -0.406853
v 4.024214 2.527933 -0.000987
v 4.964945 2.053575 0.499903
v 5.764774 1.279824 0.308562
v 5.764774 1.279824 -0.308562
v -3.445903 1.923509 -0.123229
v 3.009101 1.971604 0.03422
v -1.978344 -2.023535 0.398257
v -1.978344 -2.023535 -0.398257
v 1.648793 -2.280014 0.929365
v 1.710406 -2.272223 -0.954296
v 4.560024 1.604023 0.589333
v 5.687035 1.499636 0.110765
v 5.741781 1.463956 -0.124891
v -3.910546 -0.601719 -0.163159
v 4.244622 2.554467 0.811726
v 4.244622 2.554467 -0.811726
v 5.941384 1.330818 0.178936
v 5.941384 1.330818 -0.178936
v 1.801127 -2.48469 0.938593
v 1.801127 -2.48469 -0.938593
v 4.101726 2.312318 1.438163
v 4.101726 2.312318 -1.438163
v -3.86082 1.479723 -0.062137
v 4.735445 2.749285 0.940329
v 4.735445 2.749285 -0.940329
v -2.499138 -2.03809 0.504529
v -2.513608 -2.012858 -0.558673
v 4.917973 1.68148 0.544201
v 4.917973 1.68148 -0.544201
v -3.609021 1.745588 0.133304
v -3.557104 1.72113 -0.11547
v 5.638369 0.904402 0.222548
v 5.638369 0.904402 -0.22254799999999997
v -3.040038 -2.780893 0.914614
v -3.040038 -2.780893 -0.914614
v -2.618068 -2.046419 0.441284
v -2.618068 -2.046419 -0.441284
v 4.281287 2.055751 0.787
v 4.281287 2.055751 -0.787
v 4.377095 1.871713 0.595743
v 4.377095 1.871713 -0.595743
v 1.972647 -2.728848 0.772496
v 1.972647 -2.728848 -0.772496
v -3.297886 -2.54902 0.861657
v -3.297886 -2.54902 -0.861657
v 4.763337 2.590834 0.929248
v 4.763337 2.590834 -0.929248
v 5.87863 0.986485 0.12829200000000002
v 5.87863 0.986485 -0.128292
v 5.388455 1.119419 0.351883
v 5.388455 1.119419 -0.351883
v -3.217306 -3.187686 1.075214
v -3.217306 -3.187686 -1.075214
v 1.811797 -3.135641 0.933096
v 1.811797 -3.135641 -0.933096
v -3.856649 0.496801 0.0
v -2.141621 -2.024301 0.470257
v -2.141621 -2.024301 -0.470257
v 4.418954 2.707401 0.782531
v 4.465268 2.695425 -0.757267
v 5.058179 1.788186 -0.417387
v -3.177108 -2.979305 1.139084
v -3.177108 -2.979305 -1.139084
v 4.829566 2.580797 0.821827
v 4.829566 2.580797 -0.821827
v -3.80184 1.012668 0.115288
v -3.752468 1.017751 -0.099865
v 4.538177 2.513353 0.776566
v 4.538177 2.513353 -0.776566
v 5.535184 0.98018 0.34125700000000003
v 5.535184 0.98018 -0.341257
v 5.849792 1.19348 0.181047
v 5.849792 1.19348 -0.18104699999999996
v 1.848272 -2.92726 0.996966
v 1.848272 -2.92726 -0.996966
v 4.077563 2.305187 0.510338
v 4.077563 2.305187 -0.510338
v 4.683344 2.554221 0.821927
v 4.683344 2.554221 -0.821927
v 4.211652 2.602538 0.264011
v 4.211652 2.602538 -0.264011
v -3.778908 -0.541975 0.064258
v 4.055262 2.505284 0.297282
v 4.055262 2.505284 -0.297282
v 5.030641 2.102197 -0.432329
v -4.351543 -1.947675 0.02502
v 5.800778 1.078596 0.31945
v 5.763952 1.062109 -0.338641
v -3.744907 0.158493 -0.097274
v -3.745007 0.158482 0.097274
v 2.514162 0.988713 0.674527
v 2.482917 0.997637 -0.702425
v 4.636909 2.750501 0.856859
v 4.636909 2.750501 -0.856859
v 4.983034 1.806343 0.505779
v 4.983034 1.806343 -0.505779
v -2.678971 -2.007694 0.558395
v -2.678971 -2.007694 -0.558395
v 4.816181 1.79786 0.604026
v 4.816181 1.79786 -0.604026
v 5.067202 2.027704 0.422291
v 4.141759 2.279958 1.29534
v 4.141759 2.279958 -1.29534
v 4.275405 2.319905 1.0464
v 4.275405 2.319905 -1.0464
v 4.881855 2.194544 0.530288
v 4.881855 2.194544 -0.530288
v 4.842883 2.021333 0.638025
v 4.842883 2.021333 -0.638025
v 4.953403 1.907939 0.605609
v 4.925499 1.917814 -0.613413
v 4.728963 2.036146 0.614307
v 4.728963 2.036146 -0.614307
v 1.678622 -0.410061 1.291177
v 1.678622 -0.410061 -1.291177
v -1.077307 0.165008 1.553393
v -1.077307 0.165008 -1.553393
v -3.028932 1.461517 -0.941324
v 2.854291 1.093951 0.49465
v 2.854291 1.093951 -0.49465
v -0.530369 -1.860806 0.0
v -0.505045 -0.913827 1.645612
v -0.505045 -0.913827 -1.645612
v 2.448969 0.529858 1.037335
v 2.448969 0.529858 -1.037335
v -3.365413 -0.113447 0.9524
v -3.365413 -0.113447 -0.9524
v 3.823137 0.853054 0.461519
v 3.823137 0.853054 -0.461519
v -3.028932 1.461517 0.941324
v 0.527724 -0.862854 1.253811
v 0.527724 -0.862854 -1.253811
v -2.172139 1.62301 0.805318
v -2.172139 1.62301 -0.805318
v 4.472349 2.325133 -0.443764
v -1.147922 0.807955 1.254191
v -1.147922 0.807955 -1.254191
v -0.192546 1.305535 0.70008
v -0.192546 1.305535 -0.70008
v -3.109047 1.789477 -0.565323
v -2.971546 0.032038000000000004 1.215971
v -2.971546 0.032038 -1.215971
v -3.19641 0.797564 0.985913
v -3.379131 0.767915 -0.885996
v -3.974499 -1.1696 0.164243
v -3.690685 1.60208 0.0
v 2.928787 -1.107467 0.312054
v 2.928787 -1.107467 -0.312054
v -1.198513 -1.456102 0.885435
v -1.198513 -1.456102 -0.885435
v -2.624856 -0.8882 1.261176
v -2.624856 -0.8882 -1.261176
v -3.683069 -1.591975 -0.115233
v 3.650974 1.46374 0.478617
v 3.650974 1.46374 -0.478617
v -3.492599 -1.180646 0.692282
v -3.492599 -1.180646 -0.692282
v -2.982676 -1.264649 1.133596
v -2.982676 -1.264649 -1.133596
v -2.033655 -0.526012 1.277639
v -2.033655 -0.526012 -1.277639
v -3.139394 -1.687482 0.638546
v -3.304804 -1.582192 -0.643445
v -4.445835 -2.015127 0.189702
v -1.386502 -1.718441 0.350823
v -1.386502 -1.718441 -0.350823
v 4.344028 2.585635 -0.470949
v 4.567896 1.149805 0.642484
v -2.41473 -0.108377 1.395384
v -2.41473 -0.108377 -1.395384
v -3.233333 -0.683782 1.015512
v -3.233333 -0.683782 -1.015512
v 1.582203 0.771083 1.06818
v 1.582203 0.771083 -1.06818
v 2.167167 -1.596326 0.0
v -1.721806 1.391264 1.113307
v -1.721806 1.391264 -1.113307
v -3.639878 1.015186 0.615203
v -3.639878 1.015186 -0.615203
v -0.526127 -1.495 1.167736
v -0.526127 -1.495 -1.167736
v 3.16616 0.021310000000000013 0.457261
v 3.16616 0.02130999999999995 -0.457261
v -2.90901 -3.084482 1.089147
v -2.90901 -3.084482 -1.089147
v 0.018085999999999998 0.0028649999999999995 1.523199
v 0.018085999999999998 0.0028650000000000064 -1.523199
v -3.512997 1.44805 0.611386
v -3.512997 1.44805 -0.611386
v 2.091539 -3.032437 0.947029
v 2.091539 -3.032437 -0.947029
v -3.417689 -1.494416 0.0
v 2.77568 1.53871 0.352829
v 2.77568 1.53871 -0.352829
v 2.071448 -1.410118 1.006192
v 2.099566 -1.259996 -1.055763
v 1.223415 -1.532658 0.434522
v 1.223415 -1.532658 -0.434522
v -3.631292 0.701013 0.420276
v -3.631292 0.701013 -0.420276
v -2.668957 -3.397513 0.943626
v -2.593513 -3.536154 -0.94245
v 0.23733 1.595746 0.288672
v 0.23733 1.595746 -0.288672
v 2.309358 -3.345468 0.801508
v 2.377814 -3.484109 -0.800332
v 4.366867 1.131136 -0.630581
v 4.963526 0.797382 0.14344
v -3.07531 1.846 0.363149
v -1.115594 1.39238 0.819623
v -1.115594 1.39238 -0.819623
v -3.686518 -0.955181 0.320349
v -3.667859 -0.964867 -0.464702
v 0.943855 -0.101127 1.274771
v 0.943855 -0.101127 -1.274771
v -2.021159 0.411979 1.234679
v -2.021159 0.411979 -1.234679
v 5.260653 1.184173 0.352062
v 4.127903 1.828359 1.090512
v 4.127903 1.828359 -1.090512
v 2.594499 -0.422948 0.981263
v 2.594499 -0.422948 -0.981263
v -1.35095 1.807009 0.0
v 2.731512 0.219003 0.891585
v 2.668936 0.206182 -1.014371
v 3.337545 1.748927 0.34021
v 3.337545 1.748927 -0.34021
v 4.189883 2.606916 -0.000863
v 2.189848 1.468992 0.517501
v 2.189848 1.468992 -0.517501
v 2.821376 -1.431534 0.0
v 4.319799 0.731007 0.291212
v 4.319799 0.731007 -0.291212
v 2.14179 -0.05530600000000001 1.295565
v 2.14179 -0.055305999999999994 -1.295565
v 2.545261 -1.5933 0.38631
v 2.545261 -1.5933 -0.38631
v 4.739441 2.299169 0.369987
v 4.83289 2.262727 -0.283787
v 0.922703 -1.296032 0.728307
v 0.922703 -1.296032 -0.728307
v -2.462835 -1.3055 0.966395
v -2.337617 -1.334842 -0.966761
v -1.417595 1.67618 0.529265
v -1.417595 1.67618 -0.529265
v 4.329607 1.464801 0.661485
v -0.063012 -1.583021 0.865082
v -0.07847000000000001 -1.688266 -0.80023
v 1.801794 -1.465464 1.129277
v 1.801794 -1.465464 -1.129277
v 2.245624 -0.864372 0.995778
v 2.245624 -0.864372 -0.995778
v -1.659758 -1.544361 0.788181
v -1.659758 -1.544361 -0.788181
v -3.25121 -0.948205 0.819868
v -3.25121 -0.948205 -0.819868
v -0.564074 -1.789401 0.803191
v -0.564074 -1.789401 -0.803191
v 4.17047 2.458441 1.241846
v 4.17047 2.458441 -1.241846
v -4.000019 -1.567512 -0.27535
v -3.988138 -0.962789 -0.223649
v 2.158585 -0.955809 1.113647
v 2.158585 -0.955809 -1.113647
v -3.294389 -3.166225 0.842823
v -3.294389 -3.166225 -0.842823
v -3.006867 -3.575464 0.830221
v -3.006867 -3.575464 -0.830221
v 1.740323 -1.67983 0.664098
v 1.721211 -1.590185 -0.601932
v 2.702577 -0.197406 0.795611
v 2.702577 -0.197406 -0.795611
v 3.514981 -0.121886 0.187589
v 3.514981 -0.12188600000000002 -0.187589
v 1.772999 -2.230292 0.64494
v 1.772999 -2.230292 -0.64494
v 2.002745 -3.52342 0.688103
v 2.002745 -3.52342 -0.688103
v 1.806407 -3.173343 0.834455
v 1.806407 -3.173343 -0.834455
v 2.740886 -1.339225 0.463604
v 2.740886 -1.339225 -0.463604
v -3.011987 -3.092 0.860973
v -3.011987 -3.092 -0.860973
v 2.753156 0.400829 0.713141
v 2.753156 0.400829 -0.713141
v -2.862576 -1.546894 1.117139
v -2.862576 -1.546894 -1.117139
v -3.535416 0.191408 0.338478
v -3.51684 0.149002 -0.430359
v -1.897394 0.037852 1.365798
v -1.897394 0.037852 -1.365798
v 1.536037 -0.985876 1.185597
v 1.536037 -0.985876 -1.185597
v -3.158524 -3.405872 1.197099
v -3.158524 -3.405872 -1.197099
v 1.998099 -3.039955 0.718855
v 1.998099 -3.039955 -0.718855
v -0.557624 1.641278 0.27146200000000004
v -0.557624 1.641278 -0.271462
v -2.520947 0.559036 1.273617
v -2.520947 0.559036 -1.273617
v 3.107533 -0.691019 0.264602
v 3.107533 -0.691019 -0.264602
v 4.560024 1.604023 -0.589333
v -3.701634 1.27265 0.270469
v -3.701634 1.27265 -0.270469
v 2.82554 -0.567578 0.552597
v 2.82554 -0.567578 -0.552597
v -1.480217 -1.6566 0.606638
v -1.480217 -1.6566 -0.606638
v -2.10017 1.78998 0.229245
v -2.10017 1.78998 -0.229245
v 1.865135 -3.353827 1.054981
v 1.865135 -3.353827 -1.054981
v 4.442912 2.343263 0.53322
v 5.156645 1.942902 0.119993
v 5.156645 1.942902 -0.11999299999999997
v -1.946306 -1.872735 0.344251
v -1.946306 -1.872735 -0.344251
v 2.021591 -1.755289 0.912093
v 2.053108 -1.738285 -0.824853
v -3.622326 1.005378 0.0
v 1.430817 -1.301205 1.024924
v 1.430817 -1.301205 -1.024924
v 3.889626 0.475277 0.247365
v 3.889626 0.475277 -0.247365
v 4.528082 2.467537 -0.000521
v 3.460196 2.103494 0.180368
v 3.460196 2.103494 -0.180368
v 5.373133 1.541142 0.246712
v -3.616627 -0.350374 0.338492
v -3.595973 -0.346391 -0.426453
v 2.158051 -1.209613 0.783941
v 2.158051 -1.209613 -0.783941
v 1.252961 -0.928825 1.001643
v 1.252961 -0.928825 -1.001643
v -2.58358 -3.514267 1.278598
v -2.58358 -3.514267 -1.278598
v 4.266263 2.421651 1.054799
v 4.266263 2.421651 -1.054799
v -2.446375 -1.893261 0.49411
v -2.466779 -1.857679 -0.570461
v -4.184154 -1.59808 0.151191
v 2.386827 -3.462222 1.13648
v 2.386827 -3.462222 -1.13648
v 2.510841 -1.158786 0.678057
v 2.510841 -1.158786 -0.678057
v 4.067576 1.572668 0.534997
v 4.067576 1.572668 -0.534997
v -2.888628 -3.200302 1.210934
v -2.845816 -3.273661 -1.218321
v 4.407729 2.53164 0.486692
v 1.483832 1.697594 0.288781
v 1.483832 1.697594 -0.288781
v 1.508714 -1.808578 0.934359
v 1.508714 -1.808578 -0.934359
v 5.030641 2.102197 0.432329
v 5.067202 2.027704 -0.422291
v 1.839224 -2.109267 0.998351
v 1.839224 -2.109267 -0.998351
v -3.406618 -0.343461 0.746456
v -3.406618 -0.343461 -0.746456
v 2.110033 -3.148257 1.068816
v 2.14888 -3.221616 -1.076203
v -2.614084 -1.905005 0.404925
v -2.614084 -1.905005 -0.404925
v -3.463753 -2.079892 0.844667
v -3.463753 -2.079892 -0.844667
v 4.991713 1.163096 -0.504149
v 4.474625 2.465214 0.75189
v 3.990744 2.205448 0.710795
v 3.990744 2.205448 -0.710795
v 3.922437 1.972461 0.483563
v 3.966639 1.969285 -0.549291
v 4.151183 2.579059 0.494606
v 4.151183 2.579059 -0.494606
v -3.040398 -2.156239 0.808208
v -3.040398 -2.156239 -0.808208
v 3.903911 2.241501 0.512468
v 3.903911 2.241501 -0.512468
v -4.233834 -1.166542 0.022074
v 4.44076 2.490353 -0.629287
v -2.176551 -1.873816 0.445782
v -2.176551 -1.873816 -0.445782
v 2.069379 1.727818 0.212746
v 2.069379 1.727818 -0.212746
v 4.133175 2.175231 1.259323
v 4.133175 2.175231 -1.259323
v 5.223191 1.371491 -0.388069
v 5.021254 0.951308 0.405567
v 5.021254 0.951308 -0.405567
v 5.963527 1.232407 0.0011210000000000046
v 5.26443 0.855571 0.181694
v 5.26443 0.855571 -0.18169399999999997
v 4.240116 1.770049 0.583946
v 4.240116 1.770049 -0.583946
v -3.666536 -1.140372 0.078261
v 3.641195 0.407454 0.362198
v 3.641195 0.407454 -0.362198
v 5.797411 0.880032 0.07230600000000001
v -2.043593 -0.875823 1.028879
v -2.043593 -0.875823 -1.028879
v 2.249663 -1.492705 0.53127
v 2.249663 -1.492705 -0.53127
v 4.679116 1.438434 0.589658
v 4.020299 2.141675 1.002365
v 4.020299 2.141675 -1.002365
v 5.580797 1.174135 0.351054
v 5.580797 1.174135 -0.351054
v 5.568745 0.834653 0.07139000000000001
v -1.709172 -1.283232 0.897427
v -1.709172 -1.283232 -0.897427
v 5.743997 1.482739 0.000851
v -3.445903 1.923509 0.123229
v -3.698925 1.787941 -0.06664
v 1.953911 -2.462233 0.830594
v 1.930747 -2.463535 -0.894743
v -2.749355 -3.272099 1.034148
v -2.749355 -3.272099 -1.034148
v 5.950684 1.082725 0.17564800000000003
v 5.950684 1.082725 -0.175648
v 2.236407 -3.220054 0.89203
v 2.236407 -3.220054 -0.89203
v -1.941442 -2.086904 0.433904
v -1.941442 -2.086904 -0.433904
v 4.193959 2.370476 0.616705
v 4.193959 2.370476 -0.616705
v 5.424281 1.721152 0.000496
v -1.089642 -1.757196 0.685154
v -1.089642 -1.757196 -0.685154
v 4.343217 2.589542 0.893106
v 4.343217 2.589542 -0.893106
v 4.616626 2.749486 0.939333
v 4.616626 2.749486 -0.939333
v 4.131949 2.050757 0.921856
v 4.131949 2.050757 -0.921856
v -3.380836 1.819691 -0.123273
v -3.342096 -1.533989 0.921628
v -3.342096 -1.533989 -0.921628
v 4.333503 0.951176 0.481517
v 4.297891 0.911506 -0.447987
v -3.037562 2.001526 0.0
v 4.862636 1.684144 -0.570155
v 4.927282 1.486953 0.526327
v -3.557104 1.72113 0.11547
v -2.527301 -2.106246 0.550735
v -2.527301 -2.106246 -0.550735
v 4.551484 1.841749 0.575191
v 4.551484 1.841749 -0.575191
v 5.871947 1.021428 0.0011020000000000218
v 4.35668 2.682996 0.71905
v 4.411541 2.663824 -0.713132
v -2.699966 -1.850397 0.57007
v -2.699966 -1.850397 -0.57007
v 4.827733 2.75439 0.905049
v 4.827733 2.75439 -0.905049
v -2.677875 -2.129439 0.4656
v -2.677875 -2.129439 -0.4656
v -3.196508 -2.788166 1.045431
v -3.196508 -2.788166 -1.045431
v -3.372066 -2.569159 0.904785
v -3.372066 -2.569159 -0.904785
v -3.714787 1.473248 -0.107668
v -3.851206 1.007586 -0.099831
v 1.655948 -2.520927 0.844269
v 1.655948 -2.520927 -0.844269
v -2.109684 -2.112345 0.503997
v -2.109684 -2.112345 -0.503997
v 3.988172 2.489642 -0.001008
v 5.730427 1.435668 0.209848
v 5.685194 1.452202 -0.188749
v 1.830669 -2.736121 0.903313
v 1.830669 -2.736121 -0.903313
v -3.752468 1.017751 0.099865
v -3.811194 0.501935 0.092033
v -3.686972 0.515966 -0.053185
v -3.169546 -3.135273 1.128247
v -3.169546 -3.135273 -1.128247
v -3.137383 -2.776449 0.844117
v -3.184812 -2.768053 -0.850127
v 5.379461 1.045817 0.349748
v 5.379461 1.045817 -0.349748
v 4.314791 2.142163 0.54065
v 4.3427 2.112281 -0.516692
v 1.855134 -3.083228 0.986129
v 1.855134 -3.083228 -0.986129
v -3.84599 -0.18882 0.019164
v -3.655175 -0.194909 -0.069044
v 5.546347 0.916044 0.246782
v 5.546347 0.916044 -0.24678199999999995
v 4.212058 2.27945 0.625927
v 4.212058 2.27945 -0.625927
v 4.354941 2.064161 0.778851
v 4.354941 2.064161 -0.778851
v 5.915025 1.382159 0.13682
v 5.886832 1.385674 -0.172365
v -3.818598 -0.52269 0.055572
v 4.811798 2.72868 0.815406
v 4.811798 2.72868 -0.815406
v 1.884318 -2.724404 0.701999
v 1.841282 -2.716008 -0.708009
v -3.703185 0.163182 0.084262
v -3.786736 0.153792 -0.084291
v 2.985371 1.982663 0.0
v 5.019836 1.739907 0.485562
v 5.019836 1.739907 -0.485562
v 4.883022 2.613658 0.893163
v 4.883022 2.613658 -0.893163
v 4.509555 2.719807 0.819972
v 4.546655 2.709095 -0.80378
v 5.690122 1.092917 0.37085000000000007
v 5.681086 1.054964 -0.35586
v 4.429895 2.495758 0.306894
v 4.429895 2.495758 -0.306894
v -2.65212 -2.09679 0.567258
v -2.65212 -2.09679 -0.567258
v 2.542439 0.999928 0.648592
v 2.542439 0.999928 -0.648592
v -3.207447 -2.103206 1.071366
v -3.207447 -2.103206 -1.071366
v 5.085813 1.888503 0.408327
v 5.085813 1.888503 -0.408327
v 5.748613 0.92049 0.20509900000000003
v 5.748613 0.92049 -0.205099
v 4.881574 2.094571 0.539949
v 4.881574 2.094571 -0.539949
v 4.140097 2.295949 1.367196
v 4.129926 2.30877 -1.402259
v 4.601515 2.533324 0.794193
v 4.601515 2.533324 -0.794193
v 4.100907 2.560626 0.302396
v 4.100907 2.560626 -0.302396
v 4.807794 2.143653 0.570393
v 4.807794 2.143653 -0.570393
v -4.321269 -1.963488 0.025072000000000004
v 4.025364 2.3593 0.402597
v 4.025364 2.3593 -0.402597
v 4.218457 2.356834 1.142444
v 4.218457 2.356834 -1.142444
v 5.840665 1.221942 0.187128
v 5.840665 1.221942 -0.18712799999999993
v 4.897808 1.946794 0.628057
v 4.925394 1.955229 -0.618837
v 4.944706 1.840663 0.575374
v 4.944706 1.840663 -0.575374
v 4.991746 2.009819 0.523206
v 4.991746 2.009819 -0.523206
v 4.742358 1.882232 0.62165
v 4.742358 1.882232 -0.62165
f 1012 3 1872
f 3 4 1872
f 2701 873 2306
f 3 1367 4
f 6 346 2501
f 1012 2662 2251
f 484 442 6
f 6 1914 346
f 1393 982 11
f 15 1798 937
f 15 2611 1798
f 987 2784 16
f 2784 1286 16
f 15 17 1286
f 17 15 1557
f 17 2474 1878
f 1521 11 591
f 11 1938 591
f 591 1938 522
f 1048 2673 2132
f 1134 2132 19
f 23 22 733
f 22 21 733
f 2045 26 27
f 27 29 2045
f 27 2408 29
f 1207 2668 2266
f 2631 1356 31
f 1035 30 32
f 30 2651 32
f 32 1986 33
f 755 1966 2651
f 755 1145 1966
f 2855 1270 32
f 2228 985 1896
f 34 1178 328
f 1178 34 35
f 429 2253 36
f 40 2874 1201
f 1161 36 40
f 1959 41 1201
f 1918 582 2337
f 582 42 2337
f 2337 42 1058
f 869 2173 1274
f 2199 945 1671
f 1982 2816 2398
f 1982 2231 2816
f 37 1589 2722
f 1696 2820 48
f 1411 1696 48
f 1862 48 1507
f 2025 2373 1723
f 2714 52 1955
f 2363 1955 52
f 2363 52 2025
f 2025 52 2373
f 2241 51 1633
f 2241 1633 1374
f 1626 1370 52
f 2188 2544 1658
f 50 1214 2855
f 2855 1214 1270
f 2396 1807 33
f 2629 2317 978
f 1807 2396 43
f 2237 53 1168
f 53 957 1168
f 1940 957 53
f 43 2289 1807
f 1158 2603 54
f 865 770 2603
f 2284 2617 885
f 352 61 2482
f 1776 2683 1539
f 63 2113 2473
f 844 64 1775
f 65 1526 1264
f 2089 59 2014
f 1486 2547 583
f 2547 2176 583
f 560 2272 986
f 2683 1776 1683
f 2164 1851 2
f 67 1659 2639
f 1331 67 2191
f 67 2639 2191
f 2191 1842 1331
f 66 1842 988
f 2478 1164 563
f 1851 2164 337
f 68 337 2164
f 68 2605 461
f 337 68 461
f 422 563 2588
f 2583 1077 956
f 397 70 1764
f 349 2124 2492
f 1751 496 2476
f 1494 73 378
f 1076 1285 2083
f 74 75 461
f 1077 76 956
f 75 2468 461
f 2224 74 461
f 75 74 2647
f 2287 1329 1794
f 1754 2690 2226
f 711 460 2120
f 1300 76 69
f 2540 1559 72
f 710 2093 1830
f 2470 624 73
f 78 1866 1587
f 1812 433 2204
f 2503 2118 734
f 78 2666 1866
f 1509 79 81
f 2201 826 2570
f 826 1804 2570
f 82 716 1528
f 81 465 1748
f 826 2655 1804
f 1315 82 964
f 2471 83 1747
f 552 2542 1488
f 1107 2660 1325
f 1771 1309 506
f 835 620 2129
f 2480 1749 2129
f 2716 1749 725
f 85 1269 717
f 643 85 1752
f 83 2471 2134
f 2493 83 1802
f 2222 1810 964
f 2237 2629 53
f 978 53 2629
f 1161 1816 36
f 1161 2793 1816
f 1025 34 328
f 2047 89 90
f 1908 1383 774
f 774 1383 1856
f 1383 94 1856
f 90 904 2047
f 90 2406 904
f 1033 2406 96
f 2649 1647 2005
f 1647 2649 2257
f 1203 2416 88
f 97 2692 675
f 1504 1975 521
f 2637 1846 98
f 1961 2327 98
f 2207 1961 1591
f 561 1591 2621
f 2555 1591 1869
f 97 2555 1607
f 93 1908 1157
f 1607 2692 97
f 41 1959 749
f 2814 1715 1439
f 2274 1773 2816
f 2398 2816 1773
f 1773 2834 2398
f 1781 2643 2129
f 467 1750 86
f 1107 2209 2660
f 105 1480 2818
f 2818 793 105
f 2817 824 1047
f 2791 106 664
f 1047 107 2830
f 106 108 664
f 108 324 664
f 2022 862 1194
f 862 84 1194
f 2214 1541 109
f 1541 2019 109
f 2411 110 895
f 1048 1703 2673
f 1835 2696 112
f 2696 2380 112
f 2808 2451 527
f 2451 113 527
f 1680 2720 1468
f 2720 2390 1468
f 2361 1703 1437
f 2019 115 109
f 2779 115 762
f 1468 2390 116
f 2390 117 116
f 2451 2067 113
f 118 2870 112
f 2380 2801 112
f 2801 118 112
f 2822 1973 1637
f 2353 1230 1637
f 116 117 2247
f 120 121 1483
f 1745 123 2899
f 2901 2079 1255
f 1255 1072 2901
f 122 805 2462
f 125 1072 1255
f 122 2453 927
f 127 2438 1435
f 1899 1701 2712
f 1181 391 2860
f 2797 2382 1717
f 2803 1218 1464
f 1302 130 450
f 1777 353 2671
f 130 1302 131
f 2343 130 1641
f 2300 332 1920
f 2825 332 1949
f 2767 1061 2366
f 133 529 134
f 136 1699 2371
f 2775 373 139
f 138 2402 1461
f 1995 134 2357
f 136 2895 1699
f 1957 1252 136
f 140 1473 141
f 854 2836 140
f 140 1668 2348
f 1828 965 2745
f 142 1828 143
f 143 2208 1186
f 1948 564 2586
f 143 2560 142
f 1343 1130 2560
f 128 1198 2592
f 148 147 1032
f 1032 2868 148
f 148 2304 2520
f 2413 1705 2864
f 2681 1306 427
f 152 151 2853
f 1604 1876 2488
f 1604 2488 1976
f 1454 2736 612
f 2488 1989 1501
f 897 154 2884
f 1068 1497 2062
f 2400 156 1756
f 2369 751 2786
f 2437 1685 157
f 595 156 1951
f 1469 1216 1756
f 157 388 2437
f 388 2823 1693
f 1694 2007 751
f 2007 1246 2346
f 2378 2788 2071
f 2378 2071 2810
f 1963 158 1371
f 388 157 2891
f 158 2734 1947
f 160 2001 159
f 1232 159 2001
f 161 538 162
f 367 2329 2761
f 161 162 1858
f 1858 164 1102
f 367 2761 652
f 516 1989 989
f 163 166 2375
f 163 2613 166
f 159 2351 1424
f 603 2694 696
f 167 1471 2893
f 2033 168 1054
f 1398 2003 169
f 1209 2790 1818
f 1818 2790 1613
f 894 1984 1209
f 2315 170 2742
f 170 2456 2742
f 2456 170 2065
f 171 2065 170
f 165 1998 144
f 2392 1613 168
f 2790 168 1613
f 1957 917 139
f 917 2775 139
f 134 2261 133
f 142 776 1641
f 2375 2882 1102
f 1102 2882 171
f 171 170 1102
f 1797 165 2308
f 839 330 2703
f 330 2308 2703
f 514 61 1953
f 61 514 647
f 158 1947 1539
f 2259 2820 670
f 2319 16 1878
f 2202 1194 84
f 108 2791 2202
f 2233 1353 1196
f 596 1009 2305
f 176 2634 1911
f 1911 2634 579
f 175 627 2243
f 1376 1847 176
f 2757 1839 2290
f 816 1502 1366
f 2661 2269 1348
f 181 182 2783
f 182 405 2783
f 1368 1133 181
f 2518 1900 2177
f 183 2213 1094
f 2084 1350 2719
f 1755 2132 1412
f 184 1299 1542
f 1843 185 946
f 846 1843 184
f 2509 1533 184
f 188 189 2044
f 191 2543 1657
f 188 2044 192
f 188 192 2407
f 2008 2407 193
f 193 2407 2632
f 1355 2265 1206
f 1355 1206 2630
f 195 194 2630
f 2187 913 1652
f 913 2427 1652
f 754 1985 2650
f 2854 1985 754
f 1020 2650 1965
f 2558 2136 1403
f 1895 2136 196
f 2227 1895 1098
f 1895 196 1098
f 347 2252 2640
f 199 2252 347
f 2252 199 2873
f 1119 203 1958
f 204 1024 1917
f 2336 205 204
f 2336 1005 205
f 1277 1902 2198
f 2198 961 1277
f 961 2198 585
f 1670 585 2198
f 1670 1205 585
f 1981 2230 1588
f 2792 1859 1154
f 212 1954 2709
f 213 2819 1662
f 2709 214 212
f 214 2709 359
f 1288 1662 663
f 215 663 214
f 215 214 1336
f 2288 752 208
f 622 757 2372
f 2826 2372 757
f 2713 211 1002
f 2372 1667 622
f 590 1534 2240
f 2258 213 197
f 2622 2236 215
f 2395 2854 1806
f 1806 2770 2395
f 2267 760 1891
f 2236 2622 1586
f 2622 760 1586
f 1806 207 2770
f 216 531 1004
f 2548 668 2217
f 359 2312 1915
f 2099 2481 218
f 361 2156 1305
f 2656 2279 714
f 746 1814 1265
f 947 1088 1620
f 634 861 2271
f 2574 1003 219
f 753 1841 1555
f 219 1122 2574
f 535 386 220
f 1489 2604 220
f 1489 220 386
f 221 2587 833
f 2582 2297 1099
f 2491 2123 224
f 2090 225 2539
f 2144 2533 345
f 1514 1778 851
f 1489 1078 228
f 2119 1484 941
f 229 2094 2526
f 2094 628 2526
f 221 1799 619
f 1266 2467 1489
f 1489 228 2223
f 931 2267 1891
f 2646 228 1078
f 2165 619 1799
f 1484 2119 333
f 503 819 1525
f 224 550 399
f 2484 942 558
f 2144 2600 1512
f 1512 2600 2161
f 2563 569 930
f 2533 651 345
f 1615 2634 176
f 625 1493 944
f 1778 2126 851
f 2215 231 1017
f 2597 1831 363
f 2203 432 1811
f 2215 1592 231
f 231 1103 2088
f 1104 233 1508
f 1508 832 232
f 2200 2569 722
f 2569 1803 722
f 1746 350 457
f 2494 234 2108
f 2114 2479 234
f 234 2479 428
f 1770 1549 235
f 2479 2128 1762
f 555 1760 2496
f 2236 1586 2628
f 2640 1567 347
f 1815 2792 1154
f 1993 206 1384
f 237 238 2046
f 1863 1344 242
f 237 2046 243
f 237 243 2405
f 2004 2405 244
f 244 2405 1200
f 1821 2648 244
f 2256 2648 1821
f 933 245 2620
f 1026 2273 246
f 2185 1897 1640
f 1897 2415 1640
f 1129 2295 2691
f 242 2295 1129
f 1845 1413 2636
f 2636 772 1845
f 1960 772 2326
f 2206 1868 1522
f 1614 245 241
f 1655 2537 2185
f 247 2691 2206
f 203 1714 1958
f 2273 2815 1772
f 1772 2815 2397
f 1772 2397 852
f 248 249 250
f 250 249 251
f 251 249 252
f 1855 253 254
f 2506 981 255
f 2435 256 249
f 249 256 252
f 993 257 252
f 252 257 253
f 257 2205 253
f 1544 259 468
f 468 1924 1335
f 2216 938 1327
f 2735 261 2189
f 2189 261 262
f 2189 262 1924
f 1327 1126 261
f 1934 872 2889
f 1479 265 2409
f 2409 265 99
f 102 101 1759
f 103 266 104
f 1470 267 1759
f 1759 267 266
f 268 2443 1227
f 820 2856 1261
f 2856 820 2063
f 1224 626 2828
f 2828 626 2050
f 626 269 2050
f 2050 269 2799
f 882 270 2035
f 626 1721 269
f 1721 1761 269
f 269 1761 882
f 102 24 267
f 270 882 108
f 267 24 108
f 2087 2069 271
f 271 2830 2087
f 2842 709 1739
f 1474 918 2442
f 2068 801 2857
f 2857 801 1262
f 1227 756 2851
f 268 1227 2851
f 263 260 1707
f 1261 248 2125
f 248 251 2751
f 829 1849 1268
f 2125 248 2751
f 720 2614 829
f 829 2506 255
f 829 255 981
f 1193 950 2349
f 1193 1530 950
f 2213 1445 1540
f 2213 183 1445
f 1412 2672 1702
f 2672 2360 1702
f 1968 853 1711
f 1350 275 2719
f 275 2389 2719
f 2379 275 1350
f 2360 276 1702
f 273 1389 2410
f 1972 277 1445
f 277 2778 2018
f 2379 278 275
f 275 2039 2389
f 2039 279 2389
f 1008 2869 1711
f 2869 280 1711
f 280 2800 1711
f 1636 1972 2821
f 2246 279 2039
f 1260 282 283
f 2080 2898 284
f 2078 2355 285
f 285 2355 286
f 2355 929 286
f 2711 2075 286
f 1950 417 2802
f 991 2179 2670
f 2151 2591 1875
f 1301 672 288
f 1565 2670 2197
f 370 1301 288
f 2759 2245 288
f 2684 1204 2294
f 132 1780 2365
f 1236 1061 2767
f 291 2370 1455
f 1036 2036 2425
f 291 1455 2894
f 2894 1455 1893
f 1956 291 1704
f 395 1472 293
f 293 2835 1686
f 293 2347 1967
f 2401 547 702
f 2877 419 702
f 2764 1638 419
f 502 2561 2341
f 1395 448 2347
f 2585 823 2282
f 2264 1378 1952
f 1372 2706 1064
f 2053 296 1248
f 298 2852 2070
f 2852 298 299
f 300 449 2724
f 1055 2421 1426
f 1067 2061 1496
f 1496 2061 2417
f 302 1426 1724
f 302 1055 1426
f 2861 303 2399
f 304 1724 1890
f 1724 304 302
f 1394 305 1611
f 2780 2010 339
f 2368 778 1242
f 1051 908 306
f 483 1684 306
f 307 1684 2436
f 1890 308 1250
f 2787 2446 698
f 2412 1672 2863
f 2729 2260 1883
f 2436 501 307
f 1430 306 2729
f 1242 778 2260
f 2377 2070 2787
f 2377 2809 2070
f 2070 2809 298
f 299 298 2809
f 2345 1250 698
f 501 2890 307
f 1595 309 2733
f 310 311 2000
f 2000 311 1231
f 310 1689 1228
f 313 314 312
f 2760 2328 315
f 1834 1605 317
f 316 317 1605
f 316 2760 315
f 309 1595 2727
f 309 318 2321
f 1347 315 1979
f 1632 2137 884
f 390 2350 486
f 1423 2350 311
f 792 2693 319
f 320 2457 2892
f 2002 2457 320
f 2032 1053 321
f 1208 1817 2789
f 1136 2789 1817
f 2314 2741 322
f 2741 2455 322
f 2455 2881 322
f 322 2881 323
f 1632 674 1997
f 2391 321 1136
f 1136 321 2789
f 2902 2465 1950
f 323 1197 1834
f 1834 317 322
f 1834 322 323
f 2307 1006 1305
f 361 1305 2727
f 2318 1877 182
f 251 248 250
f 2202 2035 108
f 2232 1195 515
f 1277 2515 1902
f 2035 270 108
f 106 2791 108
f 1602 632 2248
f 1308 1101 1770
f 2474 1878 325
f 705 1819 426
f 2122 1747 326
f 2122 326 1748
f 2090 225 2469
f 1766 569 930
f 1521 18 745
f 1521 745 2096
f 1264 2104 329
f 714 2085 2626
f 1519 839 330
f 1776 1121 1539
f 2151 1875 331
f 1444 1706 666
f 2148 1920 1664
f 799 2763 1044
f 1784 2119 333
f 2097 399 224
f 2623 931 400
f 1593 400 2551
f 1292 2084 2719
f 409 2565 1790
f 2514 1528 716
f 826 398 2655
f 2169 2575 337
f 2169 337 638
f 722 2654 338
f 811 2494 2108
f 1182 501 1962
f 1182 1962 1361
f 2507 586 2099
f 1853 941 222
f 1941 1141 2561
f 1923 1396 2348
f 2803 1218 342
f 1688 2394 1443
f 769 1648 1882
f 1732 896 2859
f 2469 462 1493
f 2139 1508 1104
f 405 1569 713
f 1877 1332 2474
f 435 2590 864
f 931 1839 1582
f 1873 707 573
f 1873 573 2210
f 2211 1816 842
f 436 2545 2146
f 70 2098 349
f 2540 2091 624
f 1530 2562 350
f 2209 1289 2676
f 2535 2152 1147
f 2477 833 221
f 2100 2482 352
f 2100 839 2508
f 1990 2242 353
f 1617 2300 726
f 1390 2183 354
f 1883 1430 2729
f 2351 1675 355
f 2351 355 1424
f 290 2762 915
f 290 915 2865
f 2588 422 1083
f 638 1532 2468
f 1568 2505 512
f 2512 1114 842
f 400 2550 1336
f 400 1891 931
f 500 550 360
f 2489 1490 952
f 584 2156 361
f 2682 2275 777
f 2030 934 515
f 2030 515 2807
f 2665 2088 363
f 1746 2486 457
f 812 424 364
f 2672 2132 1412
f 2584 1848 365
f 999 627 2500
f 349 810 366
f 1487 1767 1081
f 1419 1980 1163
f 1419 2138 165
f 2472 2112 368
f 1774 2871 588
f 1537 2522 369
f 2513 633 1788
f 1857 2759 2245
f 2599 1575 2310
f 57 1758 371
f 719 371 1775
f 2017 697 372
f 2325 769 343
f 1700 2426 2037
f 2048 2844 545
f 2520 2304 374
f 1906 692 1694
f 2294 1204 375
f 2356 1691 290
f 808 2093 710
f 1279 1837 334
f 571 2685 2238
f 817 2238 2565
f 2503 2118 809
f 9 2127 2756
f 2689 2225 379
f 2550 1836 334
f 2483 1760 730
f 2483 730 2133
f 2268 2623 957
f 2549 1158 54
f 2124 1487 2564
f 1587 2598 78
f 2657 2279 383
f 2536 827 1926
f 2298 2583 956
f 2297 1969 1099
f 2755 2126 385
f 519 655 1937
f 2574 2168 386
f 1850 386 535
f 2720 2084 1292
f 2147 436 2545
f 1371 2823 388
f 1371 388 1963
f 1510 414 589
f 1879 2481 441
f 1632 1136 891
f 1632 891 1997
f 126 2797 1977
f 1409 1884 2311
f 2381 896 392
f 794 1677 287
f 786 2366 1061
f 2850 2371 1699
f 2681 1306 394
f 2867 1875 1622
f 614 1726 395
f 614 2333 1651
f 1725 897 396
f 1951 1433 595
f 2527 1764 397
f 2527 553 2095
f 336 1538 2523
f 620 1771 835
f 1763 2097 399
f 1763 399 223
f 818 2551 400
f 818 400 2550
f 828 2487 2111
f 2665 551 363
f 225 2539 402
f 2475 942 226
f 2091 624 2470
f 2140 1509 1105
f 1517 1760 2496
f 2248 1101 2552
f 2518 2318 1877
f 325 1877 2474
f 2595 455 406
f 1094 648 1968
f 1623 668 407
f 2283 2616 1011
f 1144 1265 1814
f 1310 2547 1486
f 470 1790 409
f 348 2545 2147
f 841 351 1290
f 631 441 2481
f 57 371 411
f 57 411 2482
f 896 392 412
f 1882 412 2684
f 2658 685 413
f 2803 1669 691
f 2167 739 414
f 2561 1809 502
f 900 1875 415
f 2034 791 2433
f 1044 799 416
f 2424 2048 2844
f 2465 1950 417
f 451 2151 2591
f 1441 2845 795
f 2321 884 1964
f 919 2877 419
f 919 419 2764
f 2774 1460 420
f 2285 420 1956
f 155 1210 421
f 1360 1243 2196
f 2478 563 422
f 2478 2095 357
f 865 770 423
f 970 2678 736
f 1878 2319 2519
f 1878 2519 812
f 2567 1531 425
f 1829 813 2092
f 334 705 426
f 334 426 1836
f 2592 1306 427
f 2174 1876 2488
f 185 2715 1762
f 185 2524 2159
f 2641 2253 429
f 1568 2512 512
f 1784 333 943
f 1764 2098 70
f 1110 1808 431
f 1309 2553 506
f 363 2203 432
f 363 432 551
f 78 2204 433
f 78 433 828
f 2280 742 434
f 385 434 2126
f 2758 2291 1840
f 2268 931 2623
f 2107 1545 436
f 2107 436 1782
f 1121 1539 1947
f 1797 870 165
f 1348 2661 2250
f 2700 579 1009
f 1553 990 439
f 1553 439 1018
f 1546 1094 2695
f 1546 2695 2084
f 410 340 441
f 947 2271 634
f 1560 484 442
f 1160 2235 1621
f 1236 1061 2020
f 2006 2356 1691
f 2240 1534 444
f 2312 1313 1915
f 317 316 445
f 2314 1585 1983
f 1857 1575 2599
f 2015 1030 2393
f 2633 2408 447
f 2633 447 30
f 1967 2347 448
f 1967 2341 2747
f 2669 2338 449
f 2837 2350 390
f 1717 2797 450
f 1717 450 1302
f 2459 690 451
f 2075 1237 2711
f 147 2434 1235
f 775 1235 2730
f 1461 2402 453
f 1461 453 1060
f 153 1501 454
f 1377 454 2781
f 1314 1112 455
f 2101 1113 1516
f 1767 1081 729
f 1491 834 403
f 233 2121 1267
f 951 1760 555
f 733 571 2685
f 1308 1549 1770
f 2086 1819 705
f 1080 1751 496
f 1785 637 460
f 1785 460 2120
f 2617 885 461
f 1833 461 2224
f 225 2469 462
f 2475 2082 1079
f 2102 2523 463
f 2102 1505 512
f 1138 1340 464
f 1566 941 1853
f 326 1748 465
f 1269 2142 568
f 9 2127 466
f 1938 1364 522
f 845 1750 467
f 2659 2209 1289
f 1787 1544 468
f 1787 468 1335
f 857 408 469
f 2309 2739 570
f 1789 409 470
f 1874 2609 2160
f 2677 1313 1915
f 2689 2286 1793
f 652 1163 2573
f 2315 894 1984
f 1318 1838 473
f 1352 2158 838
f 741 1533 2509
f 2146 1319 2545
f 1328 389 475
f 2482 1880 411
f 180 1552 476
f 855 2213 1540
f 764 1919 477
f 2245 1575 1857
f 2014 2089 478
f 1786 584 2156
f 2152 2535 1088
f 2661 661 2250
f 49 2710 480
f 1593 480 2551
f 353 1777 886
f 353 1405 1617
f 1184 1664 482
f 2023 2404 2836
f 1692 501 2436
f 2433 1430 791
f 2251 1560 484
f 3 484 1367
f 173 2687 1166
f 881 1166 1333
f 1423 2350 486
f 1423 792 2693
f 1653 598 2188
f 2408 2009 447
f 1422 2571 488
f 2762 798 915
f 331 867 489
f 331 489 1988
f 2422 897 2884
f 1705 1478 2864
f 342 1218 491
f 1931 989 2838
f 1442 2846 492
f 2322 766 1419
f 453 2402 493
f 2878 493 1406
f 1735 1257 494
f 2381 2038 2798
f 2081 807 495
f 2453 2797 126
f 815 2145 2534
f 734 2534 2118
f 378 1494 641
f 809 2127 466
f 2226 2690 498
f 2485 1794 556
f 366 810 499
f 2490 1491 834
f 224 550 500
f 224 500 930
f 2823 1692 501
f 2823 501 1182
f 764 1919 2744
f 764 2744 975
f 1092 724 503
f 1092 503 2707
f 344 1091 1311
f 344 1826 230
f 864 2589 505
f 2528 1839 931
f 2497 2131 506
f 2497 506 1771
f 345 2144 2600
f 1332 1819 2086
f 202 868 2813
f 1993 2833 206
f 2205 669 1153
f 981 720 829
f 24 2642 510
f 2182 1602 632
f 2143 350 2562
f 1747 2493 83
f 358 1505 512
f 2525 2160 725
f 2103 1111 513
f 2535 1925 1088
f 2795 1572 514
f 143 1343 2560
f 1782 934 515
f 2515 515 1902
f 165 1613 892
f 165 892 1998
f 731 382 1571
f 1318 883 1090
f 63 2113 518
f 2027 2478 1164
f 2292 655 519
f 2105 580 648
f 2580 2176 520
f 1776 2157 1121
f 1994 2388 521
f 1994 521 1401
f 424 1364 522
f 1541 522 2214
f 2219 1317 523
f 2219 523 1927
f 217 2175 524
f 1757 963 631
f 1160 827 2153
f 849 2625 66
f 1029 49 2710
f 1955 1173 2714
f 1353 2808 527
f 20 2031 387
f 1237 2711 528
f 1237 528 1499
f 135 1995 2357
f 1700 909 2895
f 1203 88 2186
f 2406 2005 96
f 2602 1004 531
f 2602 531 871
f 2187 2543 1657
f 940 1403 2558
f 1966 1145 2212
f 1358 1619 1861
f 5 2306 534
f 2758 1354 1840
f 1011 1489 2604
f 1871 1348 438
f 1987 2785 536
f 2345 1672 698
f 446 1695 537
f 2599 1215 2310
f 160 1690 1229
f 1424 2694 696
f 2781 454 539
f 1421 1685 452
f 787 320 2892
f 1605 2760 316
f 2197 769 541
f 2782 1780 132
f 449 2669 542
f 2780 542 339
f 374 2520 543
f 1976 1501 2488
f 2867 2034 544
f 2303 2706 1372
f 141 2048 545
f 1397 1651 2333
f 375 2294 546
f 1422 1225 488
f 292 2401 547
f 292 547 1709
f 1744 283 804
f 2452 608 1459
f 2880 2462 549
f 124 1716 125
f 712 399 550
f 1558 2539 402
f 1867 2665 1485
f 1867 1485 950
f 2676 2209 1107
f 2553 2249 506
f 397 2527 553
f 2568 1532 376
f 1265 1144 554
f 1757 1495 2472
f 1085 2141 555
f 2116 2494 811
f 2162 630 1513
f 2162 1513 14
f 2510 960 557
f 2510 557 1594
f 1793 2484 558
f 715 1512 2161
f 2098 349 2492
f 2097 2491 224
f 1095 2272 560
f 2627 2085 383
f 1157 2621 561
f 1607 1869 2555
f 403 834 562
f 1096 1827 497
f 2578 1164 563
f 1556 1123 849
f 341 414 2167
f 2745 1186 2208
f 1942 1133 565
f 2502 651 2117
f 2678 1916 566
f 2647 1581 75
f 1327 938 567
f 1327 567 1126
f 398 2655 1792
f 1093 2495 463
f 327 1535 569
f 728 569 1766
f 1554 2309 570
f 2110 636 1092
f 21 1117 571
f 21 571 733
f 2501 2244 1174
f 2501 1174 999
f 2511 707 573
f 1815 573 2210
f 63 2473 1775
f 2445 2027 825
f 1571 382 1852
f 883 735 1090
f 1933 2228 576
f 1933 1619 1358
f 466 2281 577
f 1943 858 12
f 2202 1193 1530
f 2499 662 1750
f 438 761 1180
f 2250 816 661
f 519 1823 580
f 519 1552 1937
f 2343 1641 581
f 2343 581 1381
f 1025 1918 582
f 1903 2199 869
f 520 2176 583
f 1519 2508 839
f 2682 840 584
f 2682 584 1440
f 2815 2397 1981
f 2815 1981 2230
f 218 2099 586
f 1952 586 2702
f 1675 355 587
f 1443 587 1688
f 351 1774 588
f 2190 1577 2577
f 389 1328 589
f 2219 2585 1927
f 1939 1534 590
f 2288 590 752
f 18 1521 591
f 1680 2084 2720
f 2340 392 592
f 2571 889 2403
f 2632 193 593
f 2258 754 197
f 1881 532 1357
f 2667 2265 1206
f 1246 2346 595
f 1246 2788 2447
f 173 2305 596
f 1582 2757 1839
f 1004 759 597
f 2616 1489 1011
f 2428 1653 598
f 2396 1986 33
f 2388 521 1975
f 2538 783 1656
f 2537 1655 600
f 1974 2636 1413
f 2164 2 1872
f 2688 2306 534
f 1633 51 2218
f 957 1922 2268
f 167 2893 1398
f 789 1398 169
f 2725 2321 604
f 1417 1979 315
f 417 2802 605
f 867 1930 489
f 332 2825 2261
f 1664 1226 482
f 393 1434 607
f 2746 1957 917
f 2461 1245 608
f 2461 608 1708
f 320 2002 609
f 320 890 787
f 1963 158 2734
f 1442 1223 492
f 2183 354 2581
f 1032 2434 147
f 153 2736 612
f 1377 1210 421
f 1676 1999 2805
f 2338 2724 449
f 2843 1726 614
f 2843 919 2385
f 493 2402 615
f 493 2339 1406
f 549 2880 616
f 1218 901 491
f 2454 697 2017
f 2448 1062 1475
f 2055 2712 1452
f 1263 923 1476
f 2587 221 619
f 1266 1531 2467
f 2109 1283 2480
f 2109 2480 1749
f 812 364 621
f 812 2518 1877
f 1128 213 2819
f 1128 2819 1722
f 2092 2475 623
f 2092 623 813
f 72 2540 624
f 2093 2476 808
f 462 1493 625
f 2082 1284 1079
f 107 1224 626
f 107 626 1721
f 365 2584 1847
f 365 1847 2589
f 2477 2094 628
f 464 628 1566
f 2239 1295 629
f 2566 960 2150
f 1794 556 630
f 1794 630 1329
f 340 1757 631
f 340 631 441
f 1603 2249 632
f 1603 632 2182
f 369 2513 633
f 2101 2504 1113
f 1822 2626 634
f 1822 634 475
f 432 1811 635
f 2486 2121 457
f 570 2110 636
f 1969 1525 1099
f 2557 1785 637
f 2557 637 955
f 461 337 638
f 461 638 2468
f 2646 1078 639
f 1944 1580 1155
f 1671 945 640
f 905 1401 1994
f 497 1494 641
f 2645 2171 336
f 708 1860 2516
f 20 1353 527
f 326 465 643
f 2471 1488 2134
f 2685 733 2277
f 2128 1549 235
f 2652 1287 645
f 2158 645 838
f 382 1852 646
f 1081 1536 456
f 2220 1139 647
f 2586 1572 1948
f 406 2105 648
f 1177 1307 198
f 1207 2266 649
f 1207 649 2631
f 199 2873 650
f 1154 1588 1859
f 565 2502 651
f 2180 651 345
f 1606 2761 652
f 1339 652 472
f 1849 1268 653
f 1131 1474 918
f 1435 127 2592
f 901 2174 491
f 385 2292 655
f 385 2765 434
f 2096 745 656
f 1568 2641 429
f 219 1122 657
f 219 1555 2624
f 2662 1012 2270
f 1769 748 2625
f 1683 56 1018
f 2579 2175 524
f 518 2445 660
f 1854 660 1273
f 479 1768 661
f 479 2234 1620
f 578 2499 662
f 2541 1600 380
f 1410 1662 663
f 1410 663 214
f 2384 2791 664
f 824 1761 1721
f 2214 18 665
f 2214 665 109
f 390 486 666
f 390 666 1706
f 244 1845 667
f 244 1597 1821
f 2602 407 668
f 444 668 2217
f 257 2498 669
f 257 669 2205
f 1159 2259 670
f 2428 2827 598
f 2011 916 671
f 1243 671 2196
f 2798 2038 672
f 2798 672 1301
f 1618 2227 673
f 2301 940 532
f 2749 1997 674
f 2702 2307 1305
f 2296 2692 675
f 2296 675 1021
f 2710 480 2313
f 2241 1635 51
f 172 2163 677
f 2305 2687 173
f 1897 2415 2813
f 1039 750 2326
f 913 2427 2826
f 1985 2395 2854
f 534 2688 680
f 771 680 1922
f 2302 2718 681
f 1148 2777 2212
f 88 2416 2814
f 1898 1682 599
f 477 2521 683
f 2794 1378 2264
f 2334 800 684
f 1923 2342 727
f 581 1381 685
f 776 1884 2311
f 1060 1654 686
f 135 1044 2763
f 1962 1361 2733
f 1441 1222 795
f 393 2849 688
f 2746 1956 2285
f 312 906 689
f 312 689 313
f 417 2887 690
f 417 867 605
f 342 2803 691
f 1931 2394 1443
f 543 1906 692
f 543 2806 149
f 354 876 693
f 2433 2885 1430
f 1055 302 694
f 300 1394 1611
f 490 1705 925
f 2884 2432 154
f 355 1424 696
f 2324 2003 169
f 528 2711 697
f 2179 697 372
f 2863 2446 698
f 2863 698 1672
f 356 1388 699
f 2843 2423 1726
f 492 1223 700
f 2001 1042 160
f 1701 2242 1990
f 2414 1016 2860
f 615 2401 702
f 2754 702 419
f 2896 548 1708
f 2898 1257 284
f 2464 495 704
f 1251 704 122
f 1279 1557 705
f 1279 705 334
f 555 2496 973
f 555 973 1085
f 1567 2504 1113
f 1567 1113 2511
f 2147 2516 708
f 2147 708 348
f 653 1131 709
f 653 709 2842
f 376 1830 710
f 2226 2485 498
f 1273 2120 711
f 357 2527 2095
f 223 399 712
f 2567 1829 425
f 860 1109 713
f 860 713 2610
f 1316 2279 714
f 1316 714 2085
f 1793 558 715
f 1793 715 1551
f 336 2514 716
f 2102 2505 512
f 568 1269 717
f 1792 2495 1093
f 1340 2477 718
f 2026 1577 2638
f 411 371 719
f 1291 2104 329
f 872 1934 720
f 872 720 981
f 1346 828 721
f 1346 721 1583
f 2644 2200 722
f 2644 1537 369
f 2112 368 723
f 554 1324 1144
f 1562 1092 724
f 1562 724 831
f 1844 1573 725
f 2609 725 2160
f 391 1181 726
f 391 2743 129
f 1579 2342 727
f 1579 727 2167
f 327 569 728
f 2529 2139 1104
f 456 1081 729
f 2530 2140 1105
f 380 2541 730
f 2130 1517 2496
f 2653 955 731
f 2653 731 1571
f 1647 2257 732
f 1647 732 2192
f 24 23 733
f 24 733 2642
f 12 2503 734
f 1149 734 13
f 2184 883 735
f 2576 1017 2215
f 480 2313 736
f 480 736 932
f 2481 218 737
f 523 2264 1927
f 9 2293 738
f 9 2766 466
f 1510 414 739
f 2220 2586 1572
f 2635 1912 740
f 1848 2590 365
f 1612 474 741
f 1612 984 1859
f 2606 2280 742
f 855 1363 621
f 857 974 1330
f 990 1137 1548
f 648 406 744
f 648 853 1968
f 328 656 745
f 1527 1835 112
f 2359 1175 746
f 2359 746 1814
f 84 2202 747
f 2134 2542 1488
f 658 1769 748
f 2575 849 1123
f 87 95 749
f 2416 1715 2814
f 1681 1039 750
f 2387 2833 1993
f 1433 2786 751
f 2346 751 2007
f 1002 2713 1667
f 210 1667 622
f 177 1147 753
f 1003 2624 219
f 593 2650 754
f 1864 754 2258
f 30 2651 755
f 875 755 1145
f 1978 2851 756
f 2216 1707 938
f 2427 2826 757
f 1457 1722 1027
f 1198 991 758
f 1899 2242 1701
f 216 1004 759
f 2677 1944 1155
f 1333 2267 760
f 209 760 1171
f 1871 438 761
f 172 1590 677
f 19 1541 762
f 2673 2361 1703
f 1723 2428 2827
f 1723 2827 2373
f 370 1996 764
f 2521 764 477
f 2335 685 765
f 2016 1031 2394
f 2726 2322 766
f 1418 1980 367
f 2731 1384 767
f 2731 767 1195
f 2732 905 768
f 2732 768 1196
f 372 2325 769
f 2670 769 2197
f 54 2603 770
f 1584 1833 461
f 534 2758 771
f 534 771 680
f 667 1845 772
f 1597 772 2106
f 135 909 773
f 2866 1060 686
f 91 2705 774
f 91 774 92
f 147 1235 775
f 2520 1906 543
f 581 1884 776
f 581 776 1641
f 58 478 777
f 1813 1182 2823
f 536 2368 778
f 1672 1999 2805
f 605 2802 779
f 1930 2393 1706
f 2737 2084 780
f 2410 780 273
f 2704 1655 2185
f 2648 2004 244
f 2188 1658 782
f 2009 2668 1207
f 599 2538 783
f 1975 2637 1504
f 290 2865 784
f 290 1212 2356
f 2717 1657 2187
f 2667 2008 1206
f 133 2366 786
f 133 2021 529
f 1719 2892 787
f 1045 787 1420
f 449 542 788
f 449 788 300
f 167 1398 789
f 167 1660 1046
f 289 1780 790
f 2006 2824 910
f 544 2034 791
f 1883 791 1430
f 486 1423 792
f 2323 2002 609
f 2376 2818 793
f 2376 793 2769
f 2038 2452 794
f 2038 794 1677
f 418 1222 795
f 1041 2000 310
f 2804 615 2042
f 2285 2774 420
f 1989 539 797
f 1989 2351 516
f 488 2762 798
f 2403 2835 889
f 482 2763 799
f 2404 799 1729
f 545 2334 800
f 2764 1651 919
f 1479 263 801
f 1479 801 100
f 2447 2788 2071
f 2062 2418 1497
f 296 2053 803
f 2883 2431 301
f 548 1482 804
f 2461 2078 2879
f 549 2462 805
f 2888 1218 901
f 282 1260 806
f 1481 2448 1062
f 121 1483 807
f 1263 2449 1476
f 556 1080 1751
f 556 1751 2485
f 1779 1515 809
f 1779 809 2127
f 70 349 810
f 70 810 936
f 2101 2522 811
f 2101 811 1516
f 325 1878 812
f 325 812 1877
f 425 1829 813
f 2225 2484 379
f 225 402 814
f 225 814 462
f 734 2181 815
f 734 815 2534
f 1180 438 816
f 2243 2500 627
f 571 1117 817
f 571 817 2238
f 334 2551 818
f 334 818 2550
f 1099 1525 819
f 222 2119 941
f 2087 1261 820
f 2087 820 1224
f 1554 570 2110
f 956 1300 76
f 2292 385 822
f 1112 1788 633
f 1809 502 823
f 1809 823 589
f 2384 2817 824
f 2384 824 664
f 660 2445 825
f 660 825 357
f 2645 2201 826
f 2645 1538 336
f 1621 1160 827
f 1621 827 1095
f 2666 78 828
f 2666 828 1346
f 2229 1849 829
f 2229 829 2614
f 1978 756 830
f 1978 830 259
f 1838 473 831
f 1838 831 1562
f 233 1508 832
f 233 951 1267
f 718 2477 833
f 718 833 1334
f 729 2490 834
f 2140 834 562
f 1309 1771 835
f 2643 835 2129
f 463 2495 836
f 463 1505 2102
f 36 2253 2874
f 36 2874 40
f 227 1352 838
f 1276 838 645
f 352 2100 839
f 1953 839 2703
f 361 584 840
f 361 1595 2727
f 2472 368 841
f 340 841 410
f 1874 1114 842
f 1874 842 2211
f 510 1808 843
f 1308 2552 1101
f 719 1775 844
f 2104 844 1264
f 662 1750 845
f 1146 2659 1289
f 185 1843 2608
f 185 2608 2159
f 552 1601 847
f 2131 2532 506
f 376 710 848
f 376 2468 1532
f 748 2575 849
f 748 849 2625
f 8 9 2293
f 2756 1810 2222
f 2502 2117 851
f 434 851 2126
f 1974 1413 2833
f 1974 2833 2387
f 744 648 853
f 2232 2807 515
f 2023 2836 854
f 2723 965 1828
f 180 1363 855
f 180 855 476
f 1952 1378 856
f 1952 856 2702
f 62 408 857
f 62 857 743
f 577 1943 858
f 2178 1901 2519
f 1612 1319 2146
f 2515 1782 515
f 345 2610 860
f 345 860 2600
f 475 389 861
f 475 861 634
f 511 401 862
f 511 862 2022
f 49 1862 863
f 49 1593 480
f 365 2590 864
f 365 864 2589
f 1635 2603 865
f 970 1936 2678
f 746 1786 866
f 746 866 1265
f 690 417 867
f 690 2151 451
f 2415 2813 868
f 1446 1714 1026
f 642 2173 869
f 642 869 1903
f 1947 1121 870
f 437 2728 2322
f 2240 444 871
f 2709 2312 359
f 1820 2889 872
f 509 872 981
f 5 2306 873
f 1152 1574 2291
f 593 193 874
f 593 1020 2650
f 30 447 875
f 30 875 755
f 611 1022 876
f 2581 876 354
f 978 53 1940
f 1626 2714 52
f 177 753 878
f 177 1768 479
f 594 673 879
f 594 879 190
f 407 2283 880
f 1004 880 597
f 173 2757 881
f 173 881 1166
f 2799 269 882
f 2799 882 2035
f 517 575 883
f 517 883 1318
f 1979 1347 884
f 604 884 2321
f 1167 1905 885
f 2605 885 461
f 2782 1777 886
f 1949 2300 332
f 2336 204 1917
f 1119 2873 650
f 530 94 1856
f 2186 1656 2538
f 592 2571 889
f 975 2347 2744
f 609 320 890
f 1208 1983 1585
f 2847 1444 891
f 2391 891 1136
f 2848 1688 892
f 2392 892 1613
f 2364 446 1695
f 2802 1425 779
f 1818 1209 894
f 472 894 1339
f 2738 2411 895
f 2084 1755 780
f 343 1732 896
f 343 896 412
f 1661 2422 897
f 1661 897 396
f 1992 1038 898
f 1992 898 2771
f 213 197 899
f 2628 2316 1007
f 2681 394 900
f 146 1390 2183
f 2460 2888 901
f 1043 901 2174
f 1655 600 902
f 242 2772 1129
f 1658 1373 903
f 681 2777 1148
f 95 2047 904
f 1773 1504 2834
f 42 2732 905
f 42 905 1994
f 540 312 906
f 1228 906 1689
f 538 162 907
f 538 1229 1690
f 2010 1051 908
f 1242 908 2260
f 2357 135 909
f 1699 1894 2895
f 443 2824 910
f 1687 1455 2370
f 1941 1579 911
f 2748 2342 1668
f 2041 2829 912
f 2041 912 1256
f 187 679 913
f 187 913 2187
f 1988 339 914
f 1988 2350 2837
f 699 2060 1736
f 2423 1736 1049
f 539 2011 916
f 2430 1963 610
f 137 2746 917
f 2804 2043 615
f 2068 2857 918
f 2068 918 260
f 614 2843 919
f 614 919 1651
f 686 1654 920
f 686 2057 2866
f 2806 1066 2413
f 692 2007 1694
f 613 1064 922
f 1451 1248 2053
f 618 1263 923
f 2876 2414 701
f 803 2053 924
f 1258 1059 297
f 695 1705 925
f 695 925 802
f 2077 608 926
f 2077 1257 2898
f 126 2453 927
f 126 1165 1977
f 2462 2880 2079
f 119 2464 704
f 1481 2900 929
f 1481 929 617
f 2123 224 930
f 2123 930 2563
f 1840 1354 931
f 1840 931 2528
f 1837 334 2551
f 2594 2155 1329
f 2106 2620 933
f 2106 1868 1522
f 387 335 934
f 2107 934 1782
f 624 72 935
f 624 935 73
f 397 70 936
f 2568 1830 376
f 2601 1798 937
f 2601 937 459
f 260 1707 938
f 2367 1131 918
f 433 1812 939
f 2487 2122 1747
f 2698 2301 940
f 1098 940 196
f 628 1566 941
f 628 941 1484
f 623 2475 942
f 623 942 2484
f 2556 1784 943
f 2556 943 1287
f 230 1493 944
f 2644 2170 369
f 1589 2722 1982
f 1589 1982 2231
f 1576 1889 946
f 1576 946 1299
f 1925 2271 947
f 1925 947 1088
f 833 1334 948
f 833 948 2587
f 563 2578 949
f 563 949 2588
f 1217 1867 950
f 1217 950 2349
f 832 233 951
f 1803 2654 722
f 728 2489 952
f 2139 952 504
f 18 1142 953
f 18 2696 1835
f 641 378 954
f 2171 2514 336
f 2194 2653 955
f 2194 955 2557
f 1970 2298 956
f 1970 956 1300
f 2675 1922 957
f 2675 957 1940
f 409 348 958
f 409 958 1319
f 717 568 959
f 2115 1283 2480
f 629 2566 960
f 1844 2609 725
f 1588 1981 2721
f 1588 2721 1859
f 24 1110 962
f 24 962 510
f 524 217 963
f 1518 2507 586
f 10 1810 964
f 10 964 656
f 2348 2745 965
f 854 965 2723
f 380 1600 966
f 2130 2531 1101
f 382 1304 967
f 382 967 731
f 425 813 968
f 425 2467 1531
f 747 2499 969
f 2542 1601 552
f 2313 736 970
f 2313 970 1936
f 1915 359 2154
f 2286 1551 1793
f 1861 1619 972
f 1861 972 487
f 706 2496 973
f 2114 1511 234
f 469 857 974
f 1144 1543 1324
f 1996 764 975
f 1996 975 1686
f 179 455 2595
f 2292 1823 519
f 566 1945 977
f 2287 2690 1794
f 2289 1940 978
f 2289 978 1807
f 708 37 979
f 1594 2211 1874
f 351 1290 980
f 2638 2190 1577
f 254 2506 981
f 2205 1547 1153
f 738 1393 982
f 2766 2281 466
f 621 2132 983
f 621 983 855
f 741 1612 984
f 741 2210 1873
f 2699 1148 985
f 2699 985 2228
f 475 60 986
f 475 986 560
f 858 1369 987
f 858 2664 577
f 525 1769 988
f 525 988 65
f 491 1931 989
f 2488 989 1989
f 62 1553 990
f 62 990 1137
f 128 1198 991
f 128 991 1892
f 770 1337 992
f 770 992 1150
f 256 252 993
f 1978 1544 259
f 565 651 994
f 1368 2783 181
f 240 241 995
f 240 995 239
f 477 1185 996
f 477 2794 1378
f 143 1186 997
f 143 2299 1343
f 1924 262 998
f 258 2889 1820
f 346 2501 999
f 1502 999 2500
f 873 2701 1000
f 1912 1000 2635
f 2728 2322 1001
f 2728 1001 165
f 210 1667 1002
f 2362 1954 212
f 878 178 1003
f 878 1003 2624
f 407 2602 1004
f 407 1004 880
f 1438 2336 1005
f 1438 1005 678
f 2727 1305 1006
f 1964 1632 884
f 207 1806 1007
f 1171 1586 760
f 853 1711 1008
f 2807 2450 2030
f 174 596 1009
f 1911 1009 579
f 287 1459 1010
f 287 1010 893
f 1351 1904 1011
f 677 1011 2604
f 2 1872 1012
f 2 1012 2270
f 58 59 1013
f 58 1813 777
f 183 1445 1014
f 2737 2410 780
f 680 2688 1015
f 2549 2284 54
f 1990 2414 1016
f 1990 1016 353
f 735 2576 1017
f 1831 1017 231
f 659 55 1018
f 659 1018 1553
f 2294 790 1019
f 2294 1019 546
f 874 593 1020
f 2136 1020 1965
f 2705 91 1021
f 888 1656 2186
f 1235 2434 2886
f 2437 1693 388
f 927 1464 1023
f 1165 1023 413
f 198 1307 1024
f 198 1024 1917
f 35 34 1025
f 35 1025 1918
f 243 2046 1026
f 2618 1026 246
f 192 2044 1027
f 192 1027 1342
f 332 1920 1028
f 332 1028 606
f 47 46 1029
f 47 1029 2710
f 537 2015 1030
f 1215 2749 674
f 765 2016 1031
f 1409 2750 144
f 2051 1365 1032
f 2051 1032 2434
f 904 2406 1033
f 1504 1846 2637
f 684 800 2255
f 684 1941 911
f 2633 30 1035
f 29 1035 1159
f 2440 1460 1036
f 2440 1212 290
f 190 879 1037
f 190 1037 785
f 598 1992 1038
f 598 1038 2188
f 508 1681 1039
f 2537 1039 600
f 187 1244 1040
f 2543 1040 191
f 418 2000 1041
f 2328 1689 1928
f 700 2001 1042
f 2329 1690 1929
f 2460 901 1043
f 2076 1435 2438
f 920 686 2057
f 2424 2057 416
f 2262 2054 1719
f 2262 1719 2012
f 2263 1733 1471
f 2263 1471 2013
f 2420 2830 1047
f 2420 1047 2817
f 895 1703 1048
f 895 1755 2084
f 798 915 1049
f 798 2052 2403
f 2879 2461 1050
f 2459 2887 690
f 339 2010 1051
f 2429 1962 687
f 489 1930 1052
f 489 2837 1988
f 486 1673 1053
f 486 1053 666
f 355 1674 1054
f 355 1054 587
f 300 2724 1055
f 300 1055 694
f 2829 1740 1056
f 2829 1056 912
f 545 2844 1057
f 545 1057 800
f 38 2337 1058
f 38 1058 1234
f 924 803 1059
f 2446 2070 2787
f 2441 1461 1060
f 2441 1060 2866
f 393 786 1061
f 393 1061 2020
f 617 1481 1062
f 1399 1732 343
f 421 155 1063
f 2781 2011 539
f 294 2706 1064
f 294 1064 613
f 2401 292 1065
f 796 2774 2285
f 149 2806 1066
f 2029 1066 490
f 301 2061 1067
f 1724 2399 1890
f 154 2062 1068
f 1725 2400 156
f 2071 151 2853
f 802 1463 1259
f 103 2769 1070
f 103 1070 104
f 2899 1743 1071
f 2899 1071 123
f 1263 2901 1072
f 1263 1072 618
f 2897 1710 1073
f 1251 2462 122
f 2463 806 1074
f 281 1074 703
f 268 2443 1075
f 268 1075 2435
f 2476 496 1076
f 2476 1076 2083
f 1273 1854 1077
f 1273 1077 2120
f 2467 1489 1078
f 2225 1753 2689
f 226 2475 1079
f 2533 2117 651
f 14 815 2145
f 14 2145 1513
f 2564 1536 1081
f 2564 1081 1487
f 1545 642 1082
f 1545 1082 436
f 1800 422 1083
f 1800 1083 2166
f 583 520 1084
f 1758 1084 57
f 338 2654 1085
f 1297 2116 811
f 2593 2161 1086
f 2593 1086 971
f 2594 2162 1087
f 2594 1087 2155
f 479 2152 1088
f 479 1088 1620
f 2782 886 1089
f 2782 1089 132
f 473 1318 1090
f 2652 2158 645
f 952 1490 1091
f 952 1091 504
f 69 430 1092
f 69 1092 2708
f 1298 1792 1093
f 1298 1093 463
f 580 648 1094
f 580 1094 476
f 1926 2272 1095
f 1926 1095 827
f 403 1312 1096
f 2470 1494 73
f 333 1503 1097
f 333 1097 1484
f 2698 940 1098
f 2698 1098 2227
f 222 2582 1099
f 222 1099 819
f 944 625 1100
f 2170 2513 369
f 404 2130 1101
f 404 1101 1770
f 1606 1858 1102
f 1606 1339 652
f 1592 231 1103
f 1592 1103 2330
f 635 2529 1104
f 2121 1104 233
f 939 2530 1105
f 2122 1105 1748
f 954 1285 1106
f 954 1106 1528
f 847 1601 1888
f 2532 2249 506
f 350 457 1108
f 350 1108 1801
f 507 860 1109
f 507 1109 1278
f 23 24 1110
f 2643 1110 835
f 441 410 1111
f 441 1111 1879
f 179 2755 2221
f 179 2221 455
f 707 1275 1113
f 707 1113 2511
f 512 358 1114
f 512 1114 2512
f 832 232 1115
f 832 1115 2141
f 81 79 1116
f 81 1116 2142
f 470 817 1117
f 2566 2239 629
f 747 1802 1118
f 747 1118 969
f 1642 1958 1119
f 1642 1119 2873
f 227 838 1120
f 2597 2203 363
f 330 2157 1121
f 330 1121 870
f 948 657 1122
f 948 1122 1824
f 949 1556 1123
f 949 1123 1825
f 712 1322 1124
f 712 1124 1271
f 936 1323 1125
f 936 1125 1272
f 1375 261 1126
f 1934 1608 720
f 1889 2128 1127
f 2277 2642 733
f 1027 1864 1128
f 1027 1128 1722
f 247 2691 1129
f 2554 1129 1402
f 1953 1343 1130
f 1953 1130 2703
f 2615 2367 1492
f 2615 1492 2229
f 2509 184 1132
f 1319 2149 409
f 742 1942 1133
f 742 1133 2663
f 424 2132 1134
f 424 1134 522
f 1810 2596 1135
f 2293 1393 738
f 2137 1632 1136
f 2137 1136 1817
f 743 62 1137
f 2740 2298 1970
f 368 1774 2871
f 368 2871 723
f 2680 2220 1139
f 2680 1139 1564
f 346 1914 1140
f 346 1140 1913
f 448 1967 2341
f 448 2341 502
f 2738 18 1142
f 2738 2084 895
f 955 1783 1143
f 955 1143 637
f 469 1814 1144
f 469 1144 1543
f 31 2631 1145
f 1896 1145 2559
f 662 1303 1146
f 662 1146 2659
f 980 1520 1147
f 2190 1841 2577
f 2302 2699 1148
f 2302 1148 681
f 12 734 1149
f 1369 2784 987
f 423 770 1150
f 2678 1945 566
f 596 173 1151
f 596 1151 174
f 5 534 1152
f 5 1152 1574
f 2195 1547 1153
f 2195 1153 258
f 199 650 1154
f 199 1154 1815
f 471 2677 1155
f 471 1155 1551
f 535 1871 1156
f 535 1156 1850
f 732 93 1157
f 732 1157 2621
f 2218 51 1158
f 2218 1158 1627
f 2045 29 1159
f 25 1159 670
f 7 525 1160
f 1560 1160 2235
f 37 1589 1161
f 37 1161 2793
f 63 574 2872
f 63 2872 518
f 367 652 1163
f 367 1163 1980
f 67 2578 1164
f 67 1164 1659
f 927 126 1165
f 927 1165 1023
f 485 2687 1166
f 2548 1166 1921
f 1 1359 1167
f 1 1167 885
f 863 2237 1168
f 1593 2623 400
f 2184 735 2576
f 1852 1587 646
f 95 2619 1170
f 95 1170 2274
f 207 1007 1171
f 2288 1939 590
f 211 1954 1172
f 211 1172 871
f 526 47 1173
f 526 1173 1635
f 572 2244 1174
f 2635 1616 740
f 2014 2858 1175
f 2014 1175 478
f 2362 2024 1176
f 2362 1176 212
f 406 744 1177
f 406 1177 455
f 656 328 1178
f 656 1178 964
f 994 651 1179
f 2783 1179 405
f 579 2700 1180
f 579 1909 175
f 1016 2860 1181
f 1016 1181 726
f 777 1813 1182
f 777 1182 2275
f 983 2132 1183
f 1540 1183 2018
f 2148 1664 1184
f 2723 2023 854
f 823 1395 1185
f 823 1185 2282
f 564 1396 1186
f 564 1186 1948
f 2393 1030 1187
f 2393 1444 1706
f 287 1677 1188
f 2364 1188 446
f 544 2303 1189
f 544 1883 791
f 146 145 1190
f 2681 1190 427
f 1656 783 1191
f 1021 2773 675
f 1657 191 1192
f 532 2776 940
f 2768 267 1193
f 2768 1193 2349
f 2358 1382 1194
f 2358 1194 2022
f 1024 204 1195
f 1024 1195 2232
f 1025 582 1196
f 1025 1196 2233
f 2374 1834 1197
f 2054 2881 1045
f 127 2592 1198
f 127 1198 758
f 239 995 1199
f 239 1199 781
f 243 2405 1200
f 2618 1845 1413
f 39 1959 1201
f 39 1201 2874
f 1031 2394 1202
f 2750 1998 144
f 2406 1408 2832
f 89 2832 2047
f 412 2684 1204
f 2340 1971 592
f 206 1670 1205
f 206 1205 852
f 193 2008 1206
f 193 1206 1598
f 447 2009 1207
f 447 1207 1599
f 609 2323 1208
f 609 1208 890
f 169 2324 1209
f 169 1209 789
f 612 153 1210
f 612 1661 2422
f 1038 898 1211
f 2544 1373 1658
f 1036 2440 1212
f 1036 1212 2894
f 800 1946 1213
f 800 1213 2255
f 2820 48 1214
f 2820 1214 2259
f 537 2749 1215
f 537 1215 2599
f 151 2071 2810
f 151 2810 152
f 2796 1867 1217
f 2796 1217 1697
f 2466 2888 1218
f 2466 1218 1464
f 2811 1737 1219
f 2811 1219 2246
f 393 607 1220
f 393 1220 688
f 256 2435 1221
f 256 1221 2254
f 687 2429 1222
f 2733 1665 309
f 610 2430 1223
f 2734 1666 437
f 2063 820 1224
f 2063 1224 2828
f 546 375 1225
f 1691 2762 290
f 606 1028 1226
f 1995 2763 135
f 2841 1740 1227
f 2841 1227 1707
f 540 906 1228
f 1432 2693 319
f 907 538 1229
f 1679 2694 603
f 110 2411 1230
f 110 1230 2353
f 2845 795 1231
f 2845 1231 1988
f 2846 492 1232
f 2846 1232 1989
f 678 1897 1233
f 678 1233 1438
f 682 88 1234
f 682 1234 38
f 452 1421 1235
f 452 1235 2886
f 2824 2020 1236
f 790 2365 1780
f 451 2075 1237
f 451 1237 2591
f 354 1728 1238
f 354 1238 693
f 276 1702 1239
f 276 1239 1636
f 547 1709 1240
f 2877 2385 919
f 453 1060 1241
f 2878 2386 1057
f 305 2368 1242
f 2010 1242 908
f 1063 2369 1243
f 2011 1243 671
f 679 187 1244
f 679 1244 208
f 1050 2461 1245
f 2887 2465 417
f 150 2447 1246
f 150 1246 2007
f 615 702 2754
f 615 2339 493
f 922 613 1248
f 2028 1248 296
f 617 1734 1249
f 2875 1399 1732
f 304 1987 1250
f 304 1250 1890
f 119 704 1251
f 119 1251 1073
f 139 2037 1252
f 139 1252 1957
f 112 1527 1253
f 112 1253 2870
f 1071 2056 1254
f 1071 1254 2074
f 124 2079 1255
f 124 1255 125
f 101 2041 1256
f 101 1256 1759
f 926 2077 1257
f 926 1257 494
f 803 1059 1258
f 2431 2061 301
f 925 802 1259
f 2432 2062 154
f 2463 806 1260
f 1482 1744 804
f 1075 2856 1261
f 1075 1261 248
f 100 1720 1262
f 100 1262 801
f 121 1745 1263
f 121 1263 2901
f 2153 65 2536
f 2153 2536 827
f 217 1495 2546
f 217 2546 2175
f 386 1489 1266
f 386 1266 2168
f 457 2121 1267
f 457 1267 2483
f 1855 254 1268
f 1855 1268 2125
f 643 465 1269
f 643 1269 85
f 1865 32 1270
f 1865 2259 1159
f 550 360 1271
f 550 1271 712
f 810 499 1272
f 810 1272 936
f 357 660 1273
f 357 1273 711
f 2199 869 1274
f 2199 1274 945
f 1762 185 2524
f 2108 1516 811
f 1120 838 1276
f 1535 2563 569
f 2172 2515 1277
f 2172 1277 961
f 426 1109 1278
f 426 1278 1836
f 459 937 1279
f 459 1279 1837
f 226 1765 1280
f 226 1280 1079
f 496 1080 1281
f 496 1281 1076
f 637 460 1282
f 637 1282 1143
f 959 2115 1283
f 2495 1283 836
f 625 2082 1284
f 625 1284 1100
f 378 2083 1285
f 378 1285 954
f 1570 15 1286
f 13 1286 2784
f 2193 2652 1287
f 2193 1287 2556
f 213 899 1288
f 213 1288 1662
f 966 1600 1887
f 2531 2248 1101
f 410 841 1290
f 2103 1520 513
f 411 719 1291
f 411 1291 1880
f 387 2720 1292
f 387 1292 2719
f 813 2225 1293
f 813 1293 623
f 710 2226 1294
f 710 1294 808
f 2686 2278 1295
f 2686 1295 2239
f 1846 96 1296
f 1846 1296 98
f 338 1537 1297
f 338 1297 1791
f 398 1538 1298
f 398 1298 1792
f 377 1576 1299
f 377 1299 1542
f 2708 1970 1300
f 2708 1300 69
f 592 2798 1301
f 592 1996 889
f 129 1717 1302
f 129 2723 2023
f 578 662 1303
f 1530 1801 350
f 646 382 1304
f 2598 2204 78
f 586 1518 1305
f 586 1305 2702
f 128 2592 1306
f 128 1499 1892
f 744 1177 1307
f 744 1307 1024
f 510 2552 1308
f 510 1308 1549
f 1110 2553 1309
f 1110 1309 835
f 990 439 1310
f 990 1310 1548
f 504 1091 1311
f 504 1311 2569
f 562 403 1312
f 562 1312 2570
f 1935 2677 1313
f 1935 1313 2312
f 633 1795 1314
f 633 1314 1112
f 716 1796 1315
f 716 1315 82
f 383 2279 1316
f 383 1316 2085
f 2679 2219 1317
f 2679 1317 1563
f 71 1838 1318
f 71 1318 517
f 474 1612 1319
f 474 1319 1132
f 348 708 1320
f 2150 2510 960
f 1018 56 1321
f 1018 1321 439
f 223 712 1322
f 223 1322 229
f 397 936 1323
f 397 1323 553
f 723 2112 1324
f 1853 2582 222
f 969 1118 1325
f 969 1325 2660
f 179 822 1326
f 179 1326 1823
f 2735 2216 1327
f 2735 1327 261
f 60 475 1328
f 60 1328 739
f 1916 2155 1329
f 1916 1329 566
f 743 857 1330
f 2740 2309 384
f 66 1842 1331
f 1556 2578 949
f 713 405 1332
f 713 1332 1819
f 209 760 1333
f 1534 2217 444
f 657 948 1334
f 1555 2577 1841
f 2697 1787 1335
f 2697 1335 1639
f 359 214 1336
f 359 1336 2550
f 54 2284 1337
f 54 1337 770
f 245 1614 1338
f 245 1338 2620
f 1102 1606 1339
f 1102 1339 170
f 588 2444 2026
f 588 2026 2638
f 740 1574 1341
f 740 1341 1848
f 593 2632 1342
f 593 1342 754
f 514 2299 1343
f 514 1343 1953
f 240 1863 1344
f 240 1344 1907
f 675 97 1345
f 675 2207 2773
f 401 2666 1346
f 401 1346 862
f 316 2572 1347
f 316 1347 315
f 1156 1871 1348
f 1156 1348 2269
f 2270 2 1349
f 658 1349 748
f 2695 2084 1350
f 2695 1350 2379
f 677 1590 1351
f 677 1351 1011
f 735 2158 1352
f 735 1352 1017
f 642 1545 1353
f 642 1353 1903
f 771 2758 1354
f 771 2268 1922
f 194 1618 1355
f 194 1355 2630
f 649 576 1356
f 649 1356 2631
f 594 1881 1357
f 594 1357 1932
f 28 2718 1358
f 28 1358 533
f 601 4 1359
f 601 1359 1
f 2369 751 1360
f 2369 1360 1243
f 1595 2733 1361
f 2275 1361 1182
f 880 1832 1362
f 880 2616 2283
f 742 2663 1363
f 742 1363 2606
f 577 2664 1364
f 577 1364 2607
f 1190 2051 1365
f 1190 1365 1876
f 661 816 1366
f 661 2234 479
f 1000 2701 1367
f 1000 1910 572
f 565 994 1368
f 565 1368 1133
f 12 1149 1369
f 12 1369 858
f 2771 1992 1370
f 2771 1370 1626
f 1813 2823 1371
f 2276 1371 158
f 1622 2303 1372
f 2669 1372 2338
f 1211 2544 1373
f 1986 2651 32
f 877 1633 1374
f 877 1374 44
f 262 261 1375
f 262 1375 2439
f 174 176 1376
f 174 2290 1151
f 153 454 1377
f 153 1377 1210
f 683 477 1378
f 683 1378 856
f 759 216 1379
f 2646 1379 639
f 1150 423 1380
f 2647 1380 1581
f 1165 1977 1381
f 1165 2658 413
f 2769 793 1382
f 2769 1382 1070
f 93 1908 1383
f 93 2257 732
f 205 2731 1384
f 205 1384 1993
f 574 64 1385
f 574 1385 2872
f 347 199 1386
f 347 2511 1567
f 429 36 1387
f 429 2512 1568
f 1240 356 1388
f 1240 1388 1709
f 2352 273 1389
f 2352 1389 1636
f 900 146 1390
f 900 1728 415
f 887 201 1391
f 887 1391 1624
f 837 1643 1392
f 837 1392 1625
f 1135 2293 1393
f 1521 1393 11
f 694 300 1394
f 2785 2368 536
f 502 448 1395
f 502 1395 823
f 727 1923 1396
f 727 1396 564
f 1941 1141 1397
f 2255 1397 1651
f 2458 2893 1398
f 2458 1398 2003
f 1249 2875 1399
f 2017 2325 372
f 132 1663 1400
f 132 1400 2365
f 640 1671 1401
f 640 1401 2834
f 2772 1129 1402
f 1960 2106 772
f 2776 940 1403
f 1965 1403 2136
f 599 2327 1404
f 599 1404 1682
f 886 353 1405
f 886 1405 1949
f 1057 2878 1406
f 1946 1406 1638
f 781 1199 1407
f 781 1407 1640
f 530 94 1408
f 530 1408 1203
f 765 2750 1409
f 765 1409 1884
f 212 1176 1410
f 212 1410 214
f 1029 1696 1411
f 1029 1411 49
f 780 1755 1412
f 780 1412 1702
f 246 2618 1413
f 1772 1413 852
f 2812 1738 1414
f 2812 1414 2247
f 785 1037 1415
f 785 1415 1652
f 487 972 1416
f 487 1416 1653
f 2725 1041 1417
f 2725 1417 1979
f 2726 1042 1418
f 2726 1418 1980
f 1001 2322 1419
f 1001 1419 165
f 890 787 1420
f 1983 2741 2314
f 671 916 1421
f 2730 1421 1235
f 375 1204 1422
f 375 1422 1225
f 310 311 1423
f 310 1423 2693
f 160 159 1424
f 160 1424 2694
f 893 1010 1425
f 1695 2015 537
f 2883 2421 1426
f 2883 1426 301
f 1053 1673 1427
f 1053 1427 321
f 1054 1674 1428
f 1054 1428 168
f 756 830 1429
f 756 1429 1227
f 483 306 1430
f 483 1430 2885
f 109 665 1431
f 109 1973 115
f 540 1228 1432
f 540 1432 2612
f 396 1951 1433
f 396 1433 1870
f 786 393 1434
f 2021 2850 1699
f 1043 2076 1435
f 1043 1435 654
f 611 2051 1436
f 611 1436 1022
f 114 1703 1437
f 114 1437 1637
f 202 201 1438
f 202 1438 1233
f 38 1643 1439
f 38 1439 682
f 1175 746 1440
f 1175 1440 2682
f 2429 1222 1441
f 2429 1441 914
f 2430 1223 1442
f 2430 1442 797
f 2838 1931 1443
f 1675 1443 587
f 1187 2393 1444
f 1997 1444 891
f 272 1540 1445
f 272 1445 277
f 236 868 1446
f 236 2046 2831
f 87 1715 1447
f 2047 1447 2832
f 2450 2030 1448
f 2450 1448 2066
f 208 679 1449
f 208 1449 752
f 104 1070 1450
f 104 1450 2796
f 613 1248 1451
f 2805 2412 1672
f 2876 701 1452
f 618 1452 2055
f 135 2441 1453
f 135 1453 1044
f 149 2736 1454
f 149 2029 1066
f 910 443 1455
f 910 1455 1893
f 285 286 1456
f 2459 2075 451
f 186 1722 1457
f 186 2044 2839
f 25 670 1458
f 2045 1458 2840
f 794 2452 1459
f 794 1459 287
f 292 1709 1460
f 292 1460 2774
f 373 773 1461
f 373 1461 138
f 297 1059 1462
f 297 1462 299
f 1069 802 1463
f 1069 1463 152
f 2903 927 1464
f 2903 1464 2466
f 137 917 1465
f 2285 1465 796
f 314 2612 1466
f 2374 1466 1197
f 303 308 1467
f 303 1467 299
f 111 1680 1468
f 111 1468 2040
f 156 595 1469
f 156 1469 1756
f 1256 912 1470
f 1256 1470 1759
f 1046 167 1471
f 1046 1471 1733
f 1049 2423 1472
f 2835 1472 293
f 416 2424 1473
f 2836 1473 140
f 709 2442 1474
f 709 1474 1131
f 284 2448 1475
f 2381 2859 896
f 123 2449 1476
f 2382 2860 391
f 924 2053 1477
f 924 1477 1059
f 695 1705 1478
f 695 1478 802
f 264 2841 1479
f 264 1479 265
f 1262 2818 1480
f 1262 1480 2857
f 282 2080 1481
f 282 1481 2900
f 281 1744 1482
f 281 2896 703
f 928 120 1483
f 928 2464 2897
f 223 1763 2526
f 223 2526 229
f 551 2665 1485
f 1746 2143 350
f 2473 2113 1486
f 2473 1486 1758
f 349 2124 1487
f 349 1487 366
f 643 2471 1488
f 643 1488 1752
f 1832 2223 1489
f 1832 1489 1362
f 360 2489 1490
f 2090 1490 2469
f 499 2490 1491
f 2091 1491 2470
f 1131 2367 1492
f 1131 1492 653
f 344 2469 1493
f 344 1493 230
f 1096 2470 1494
f 1096 1494 497
f 554 2546 1495
f 2112 1495 2472
f 299 2417 1496
f 299 2861 303
f 152 2418 1497
f 1756 2862 2400
f 985 1148 2559
f 985 2559 1896
f 1306 394 1499
f 1306 1499 128
f 460 1282 1500
f 460 1500 711
f 2736 1976 1501
f 2736 1501 153
f 346 999 1502
f 346 1502 1913
f 943 333 1503
f 943 1503 1805
f 2619 1846 1504
f 2619 1504 1170
f 2109 358 1505
f 836 1505 463
f 1100 1284 1506
f 1100 1506 1788
f 1214 50 1507
f 1214 1507 48
f 504 2139 1508
f 504 1508 232
f 562 2140 1509
f 562 1509 79
f 1328 739 1510
f 1328 1510 589
f 973 2114 1511
f 973 1511 1085
f 558 715 1512
f 558 1512 1765
f 556 630 1513
f 556 1513 1080
f 1079 1778 1514
f 1079 1514 1280
f 1076 1779 1515
f 1076 1515 1281
f 1275 428 1516
f 1275 1516 1113
f 730 380 1517
f 730 1517 1760
f 524 2507 1518
f 524 1518 2579
f 520 2508 1519
f 520 1519 2580
f 1290 980 1520
f 1290 1520 2103
f 1135 2096 1521
f 1135 1521 1393
f 247 2206 1522
f 247 2554 1129
f 717 85 1523
f 717 2115 959
f 645 1287 1524
f 645 1524 1276
f 2707 1969 1525
f 2707 1525 503
f 844 64 1526
f 844 1526 1264
f 328 745 1527
f 2233 2808 1353
f 2756 1106 1528
f 2756 1528 82
f 960 1844 1529
f 960 1529 557
f 578 2202 1530
f 578 1530 1801
f 619 2587 1531
f 619 1531 2567
f 1083 2588 1532
f 1083 1532 2568
f 846 184 1533
f 2608 1873 2159
f 2674 2217 1534
f 2674 1534 1939
f 1120 1276 1535
f 1120 1535 1811
f 1304 967 1536
f 1304 1536 1812
f 722 2644 1537
f 722 1537 338
f 826 2645 1538
f 826 1538 398
f 1013 2683 2276
f 1013 2276 1371
f 983 1183 1540
f 983 1540 855
f 1134 19 1541
f 1134 1541 522
f 1132 184 1542
f 2149 2565 409
f 974 469 1543
f 2739 2297 1969
f 2254 1221 1544
f 2498 1544 1787
f 20 2107 1545
f 20 1545 1353
f 2737 1094 1546
f 2737 1546 2084
f 981 254 1547
f 981 1547 509
f 518 2113 1548
f 1854 2583 1077
f 1127 510 1549
f 1127 1549 2128
f 864 435 1550
f 864 1550 505
f 971 471 1551
f 971 1551 2593
f 580 519 1552
f 580 1552 476
f 408 62 1553
f 408 1553 659
f 384 2309 1554
f 384 1554 2110
f 657 219 1555
f 657 1555 2577
f 66 849 1556
f 66 1556 1331
f 937 15 1557
f 937 1557 1279
f 1124 2165 1558
f 1124 1558 2539
f 1125 2166 1559
f 1125 1559 2540
f 7 1160 1560
f 2662 1560 2251
f 655 1937 1561
f 2765 2280 434
f 430 1092 1562
f 430 1562 559
f 2752 513 1563
f 2752 1563 1317
f 2753 329 1564
f 2753 1564 1139
f 991 2671 1565
f 991 1565 2670
f 1138 723 1566
f 1138 1566 464
f 455 1314 1567
f 455 1567 2640
f 964 1315 1568
f 964 1568 2641
f 1179 651 1569
f 1179 1569 405
f 13 734 1570
f 13 1570 1286
f 517 575 1571
f 517 1571 2653
f 647 514 1572
f 647 1572 2220
f 1295 1781 1573
f 1295 1573 629
f 873 5 1574
f 873 1912 1000
f 683 2521 1575
f 683 1575 2310
f 458 644 1576
f 458 1576 377
f 718 1334 1577
f 718 1577 2026
f 2269 1156 1578
f 178 1578 1003
f 341 1941 1579
f 341 1579 2167
f 639 1944 1580
f 639 1580 1753
f 977 1945 1581
f 977 1581 1754
f 881 2757 1582
f 881 2267 1333
f 862 1346 1583
f 862 1583 84
f 1337 1833 1584
f 1337 2617 2284
f 1817 1208 1585
f 445 1585 317
f 1007 1171 1586
f 1007 1586 2628
f 1169 1852 1587
f 1169 1587 77
f 650 2230 1588
f 650 1588 1154
f 40 2231 1589
f 40 1589 1161
f 761 172 1590
f 2700 2305 1009
f 98 2192 1591
f 98 1591 1961
f 80 77 1592
f 80 1592 2330
f 863 49 1593
f 863 1593 2623
f 708 1320 1594
f 708 1594 979
f 840 361 1595
f 840 1595 1361
f 1 601 1596
f 1 2605 885
f 667 244 1597
f 667 1597 772
f 874 193 1598
f 2136 2630 195
f 875 447 1599
f 875 1599 1145
f 1146 2541 1600
f 1146 1600 1289
f 1325 2542 1601
f 1325 1601 1107
f 843 1808 1602
f 2552 1602 2248
f 431 1808 1603
f 2553 1603 2249
f 2304 1976 1604
f 2868 1604 1876
f 689 2760 1605
f 689 1605 313
f 161 2761 1606
f 161 1606 1858
f 1157 561 1607
f 1157 1607 1908
f 1126 567 1608
f 1126 1608 1934
f 181 1133 1609
f 2318 1900 2518
f 987 858 1610
f 2319 1901 2519
f 788 300 1611
f 788 2780 542
f 362 2146 1612
f 362 1612 200
f 2138 165 1613
f 2138 1613 1818
f 995 241 1614
f 2256 1614 1338
f 627 175 1615
f 627 1615 2584
f 1174 572 1616
f 1174 1616 2584
f 1016 353 1617
f 1016 1617 726
f 879 673 1618
f 2265 1618 1355
f 576 1933 1619
f 576 2266 649
f 714 2234 1620
f 714 1620 947
f 383 2235 1621
f 383 1621 1095
f 331 1875 1622
f 331 1622 1372
f 2283 407 1623
f 485 2548 1166
f 198 1885 1624
f 198 1624 887
f 35 1886 1625
f 35 1625 1392
f 44 2771 1626
f 44 1626 1374
f 680 1015 1627
f 680 1627 602
f 314 313 1628
f 314 2374 1466
f 996 477 2794
f 2282 1927 2585
f 216 531 1630
f 216 1630 1379
f 423 865 1631
f 423 1631 1380
f 1006 2727 1632
f 1006 1632 2307
f 381 2218 1633
f 381 1633 877
f 871 1172 1634
f 871 1634 531
f 676 526 1635
f 676 1635 865
f 277 2778 1636
f 277 1636 1972
f 115 2779 1637
f 115 1637 1973
f 2339 1406 1638
f 2754 1638 419
f 258 2697 1639
f 258 1639 998
f 2405 1407 2831
f 238 2831 2046
f 131 130 1641
f 131 1641 142
f 201 202 1642
f 201 1642 1391
f 39 1439 1643
f 39 1643 837
f 982 738 1644
f 2607 2281 577
f 1215 2310 1645
f 1215 1645 674
f 1409 2311 1646
f 1409 1646 144
f 96 2005 1647
f 96 1647 2192
f 541 769 1648
f 541 1648 289
f 1040 2331 1649
f 1040 1649 2395
f 1211 2332 1650
f 1211 1650 2396
f 1213 2764 1651
f 1213 1651 2255
f 2407 1415 2839
f 189 2839 2044
f 2408 1416 2840
f 26 2840 2045
f 1241 1060 1654
f 2386 2844 1057
f 242 1863 1655
f 242 1655 902
f 1021 2705 1656
f 1021 1656 1191
f 532 1881 1657
f 532 1657 1192
f 681 2718 1658
f 681 1658 903
f 1385 1162 1659
f 1385 1659 2639
f 789 167 1660
f 1984 2742 2315
f 1210 612 1661
f 1870 1661 396
f 1176 2819 1662
f 1176 1662 1410
f 1089 132 1663
f 1089 1663 2825
f 1028 1920 1664
f 1028 1664 1226
f 1222 2733 1665
f 1222 1665 418
f 1223 2734 1666
f 1223 1666 700
f 752 2713 1667
f 752 1667 1449
f 141 140 1668
f 141 1668 2748
f 413 1023 1669
f 2335 2016 765
f 1384 767 1670
f 1384 1670 206
f 905 768 1671
f 905 1671 1401
f 536 1999 1672
f 536 1672 2345
f 792 2457 1673
f 792 1673 486
f 696 2458 1674
f 696 1674 355
f 516 2351 1675
f 516 1675 1443
f 294 1189 1676
f 294 1676 2805
f 672 2038 1677
f 672 1677 288
f 2879 1050 1678
f 285 1678 1456
f 907 1229 1679
f 907 1679 2613
f 953 2084 1680
f 953 1680 111
f 678 508 1681
f 678 1681 1005
f 1234 1898 1682
f 1234 1682 1058
f 55 1018 1683
f 55 1683 2683
f 1051 306 1684
f 1051 1684 339
f 916 1421 1685
f 916 1685 539
f 889 2835 1686
f 889 1686 1996
f 443 1455 1687
f 2020 2849 393
f 1202 2394 1688
f 1998 1688 892
f 1041 310 1689
f 1041 1689 2328
f 1042 160 1690
f 1042 1690 2329
f 546 1225 1691
f 546 1691 2006
f 693 876 1692
f 2058 1692 2436
f 1022 876 1693
f 2059 1693 2437
f 1360 2196 1694
f 1360 1694 751
f 893 2364 1695
f 893 1695 2015
f 46 45 1696
f 46 1696 1029
f 104 266 1697
f 104 1697 2796
f 922 2338 1698
f 922 2028 1248
f 529 2021 1699
f 529 1699 1894
f 773 373 1700
f 773 1700 909
f 1452 2712 1701
f 1452 1701 701
f 273 780 1702
f 273 1702 1239
f 110 895 1703
f 110 1703 114
f 420 2036 1704
f 420 1704 1956
f 1066 2413 1705
f 1066 1705 490
f 1052 1930 1706
f 2837 1706 390
f 1429 2216 1707
f 1429 1707 1227
f 703 2896 1708
f 703 1708 608
f 2440 1460 1709
f 784 1709 2060
f 928 120 1710
f 928 1710 2897
f 274 440 1711
f 274 1711 2800
f 248 249 1712
f 248 1712 1075
f 917 1465 1713
f 917 1713 2775
f 868 1446 1714
f 868 1714 1958
f 749 87 1715
f 749 1715 1959
f 616 2880 1716
f 2460 2076 1043
f 391 2382 1717
f 391 1717 129
f 1382 793 1718
f 1382 1718 1194
f 1045 2054 1719
f 1045 1719 787
f 99 100 1720
f 99 1720 101
f 1047 107 1721
f 1047 1721 824
f 757 186 1722
f 757 1722 622
f 670 1458 1723
f 670 1723 2025
f 301 1426 1724
f 301 1724 1067
f 154 897 1725
f 154 1725 1068
f 1472 2423 1726
f 1472 1726 395
f 1470 2419 1727
f 1470 1727 2383
f 1390 900 1728
f 1390 1728 354
f 416 799 1729
f 416 1729 1473
f 1059 1477 1730
f 1059 1730 1462
f 802 1478 1731
f 802 1731 1069
f 1062 617 1732
f 1062 1732 2859
f 166 2263 1733
f 166 2882 2375
f 929 286 1734
f 929 1734 617
f 284 1475 1735
f 284 1735 1257
f 915 2865 1736
f 915 1736 1049
f 1448 335 1737
f 1448 1737 1219
f 113 2031 1738
f 113 1738 1414
f 271 2842 1739
f 271 1739 2064
f 264 2841 1740
f 264 1740 2829
f 1245 2072 1741
f 1245 1741 608
f 805 2073 1742
f 805 1742 122
f 704 122 1743
f 704 1743 495
f 1260 2463 1744
f 1260 1744 283
f 807 2899 1745
f 807 1745 121
f 551 2486 1746
f 551 1746 2143
f 2111 2487 1747
f 2111 1747 2493
f 1509 1105 1748
f 1509 1748 81
f 358 2109 1749
f 2525 1749 725
f 969 2499 1750
f 969 1750 86
f 808 2476 1751
f 808 1751 2485
f 552 1488 1752
f 2131 1752 85
f 1078 2467 1753
f 1078 1753 639
f 75 2468 1754
f 75 1754 1581
f 1048 895 1755
f 1048 1755 2132
f 152 2862 1756
f 152 1756 1216
f 217 963 1757
f 217 1757 1495
f 583 1084 1758
f 583 1758 1486
f 103 102 1759
f 103 1759 266
f 1267 951 1760
f 1267 1760 2483
f 664 824 1761
f 664 1761 324
f 428 2479 1762
f 428 1762 1275
f 1097 2097 1763
f 1097 1763 1484
f 1500 2098 1764
f 1500 1764 711
f 942 226 1765
f 942 1765 558
f 2489 728 1766
f 500 1766 930
f 2490 729 1767
f 366 1767 1487
f 878 177 1768
f 878 1768 178
f 7 525 1769
f 7 1769 658
f 706 404 1770
f 706 1770 235
f 1523 2497 1771
f 1523 1771 620
f 246 2273 1772
f 246 1772 1413
f 1170 2274 1773
f 1170 1773 1504
f 841 368 1774
f 841 1774 351
f 574 63 1775
f 574 1775 64
f 56 2157 1776
f 56 1776 1683
f 1565 2671 1777
f 1565 1777 481
f 1284 1079 1778
f 1284 1778 1506
f 1285 1076 1779
f 1285 1779 1106
f 541 2782 1780
f 541 1780 289
f 2278 2643 1781
f 2278 1781 1295
f 859 2515 1782
f 859 1782 436
f 731 955 1783
f 731 1783 967
f 503 2556 1784
f 503 1784 819
f 69 2557 1785
f 69 1785 76
f 1440 746 1786
f 1440 1786 584
f 669 2498 1787
f 669 1787 2697
f 2755 1506 1788
f 2755 1788 1112
f 348 409 1789
f 348 2150 1320
f 817 470 1790
f 817 1790 2565
f 1085 338 1791
f 1085 1791 1511
f 568 2655 1792
f 568 1792 959
f 379 2484 1793
f 379 1793 2689
f 498 2485 1794
f 498 1794 2690
f 369 2522 1795
f 369 1795 633
f 336 716 1796
f 336 1796 2523
f 330 2308 1797
f 330 1797 870
f 815 2611 1798
f 815 1798 14
f 229 221 1799
f 229 1799 1322
f 553 422 1800
f 553 1800 1323
f 1303 578 1801
f 2541 2133 730
f 84 747 1802
f 84 1802 2493
f 1115 232 1803
f 1115 1803 2654
f 1116 79 1804
f 1116 1804 2655
f 1287 1524 1805
f 1287 1805 943
f 2316 2854 1806
f 2316 1806 1007
f 2317 33 1807
f 2317 1807 978
f 962 1110 1808
f 962 1808 510
f 414 2561 1809
f 414 1809 589
f 850 8 1810
f 850 1810 1135
f 327 1535 1811
f 2529 1811 635
f 456 1536 1812
f 2530 1812 939
f 1013 1371 1813
f 1013 1813 58
f 408 469 1814
f 408 1814 2359
f 1386 573 1815
f 1386 1815 199
f 1387 842 1816
f 1387 1816 36
f 2572 2137 1817
f 445 1817 1585
f 2573 2138 1818
f 472 1818 894
f 1109 713 1819
f 1109 1819 426
f 2195 872 1820
f 2195 1820 258
f 1338 2256 1821
f 1338 1821 1597
f 560 2627 1822
f 560 1822 475
f 976 179 1823
f 2105 1823 580
f 1266 2168 1824
f 1266 1824 1531
f 638 2169 1825
f 638 1825 1532
f 1311 344 1826
f 1311 2200 2569
f 1312 1096 1827
f 1312 2201 2570
f 131 2723 1828
f 131 1828 142
f 1558 2567 1829
f 1558 1829 402
f 1559 2568 1830
f 1559 1830 72
f 1352 1017 1831
f 1352 1831 227
f 597 2223 1832
f 597 1832 880
f 992 2224 1833
f 992 1833 1337
f 313 1628 1834
f 313 1834 1605
f 745 18 1835
f 745 1835 1527
f 1086 1278 1836
f 1086 1836 2154
f 1087 459 1837
f 1087 1837 932
f 559 71 1838
f 559 1838 1562
f 505 2290 1839
f 505 1839 1550
f 435 2291 1840
f 435 1840 1550
f 1147 2190 1841
f 1147 1841 753
f 65 2191 1842
f 65 1842 988
f 1299 946 1843
f 1299 1843 184
f 629 1573 1844
f 629 1844 960
f 1200 2618 1845
f 1200 1845 244
f 1033 2619 1846
f 1033 1846 96
f 1615 176 1847
f 1615 1847 2584
f 1616 740 1848
f 1616 1848 2584
f 1492 653 1849
f 1492 1849 2229
f 1578 1156 1850
f 1578 2574 1003
f 1349 2 1851
f 1349 2575 748
f 575 1571 1852
f 575 1852 1169
f 723 1324 1853
f 723 1853 1566
f 518 1548 1854
f 518 1854 660
f 2751 253 1855
f 2751 1855 2125
f 888 530 1856
f 2705 1856 774
f 1188 2759 1857
f 1188 1857 446
f 163 162 1858
f 163 1858 164
f 200 1612 1859
f 200 1859 2721
f 37 708 1860
f 37 1860 2722
f 782 487 1861
f 2718 1861 1358
f 1411 48 1862
f 1411 1862 49
f 239 240 1863
f 239 2704 781
f 1342 1027 1864
f 1342 1864 754
f 1035 1159 1865
f 1035 1865 32
f 77 1587 1866
f 77 1866 80
f 2330 1103 1867
f 2330 1867 2796
f 933 2206 1868
f 933 1868 2106
f 561 1607 1869
f 561 1869 1591
f 1210 155 1870
f 1210 1870 1661
f 172 535 1871
f 172 1871 761
f 601 2164 1872
f 601 1872 4
f 1533 741 1873
f 1533 1873 2608
f 557 1594 1874
f 557 1874 2609
f 394 2591 1875
f 394 1875 900
f 427 654 1876
f 427 1876 1190
f 405 1332 1877
f 405 1877 182
f 1286 17 1878
f 1286 1878 16
f 1317 523 1879
f 1317 1879 2752
f 1139 647 1880
f 1139 1880 2753
f 190 594 1881
f 190 2717 785
f 343 769 1882
f 343 1882 412
f 1189 544 1883
f 1189 1883 1676
f 685 581 1884
f 685 1884 765
f 1177 198 1885
f 1177 1885 455
f 1178 35 1886
f 1178 1886 964
f 1289 1600 1887
f 1289 1887 2676
f 1107 1601 1888
f 1107 1888 2676
f 644 1127 1889
f 644 1889 1576
f 303 2399 1890
f 303 1890 308
f 1336 215 1891
f 1336 1891 400
f 528 1499 1892
f 528 2179 697
f 1212 2894 1893
f 1212 1893 2356
f 909 2895 1894
f 909 1894 2357
f 195 2227 1895
f 195 1895 2136
f 31 2228 1896
f 31 1896 1145
f 508 678 1897
f 508 1897 2185
f 88 1234 1898
f 88 1898 2186
f 127 2438 1899
f 127 1899 758
f 1609 2177 1900
f 1609 1900 2318
f 1610 2178 1901
f 1610 1901 2319
f 1195 767 1902
f 1195 1902 515
f 1196 768 1903
f 1196 1903 1353
f 485 2687 1904
f 485 1904 1623
f 1015 2688 1905
f 1015 1905 2549
f 775 2520 1906
f 2196 1906 1694
f 241 240 1907
f 241 1907 2206
f 92 774 1908
f 92 1908 1607
f 1180 816 1909
f 1180 1909 579
f 1367 484 1910
f 1367 1910 1000
f 174 1009 1911
f 174 1911 176
f 1574 873 1912
f 1574 1912 740
f 1366 1502 1913
f 2234 2656 714
f 442 6 1914
f 2235 2657 383
f 471 2677 1915
f 471 1915 971
f 736 2678 1916
f 736 1916 2155
f 887 201 1917
f 887 1917 198
f 1392 1643 1918
f 1392 1918 35
f 1185 2744 1919
f 1185 1919 477
f 726 2300 1920
f 2743 1920 2148
f 1333 2674 1921
f 1333 1921 1166
f 602 381 1922
f 602 1922 680
f 1668 2348 1923
f 1668 1923 2342
f 1639 1335 2517
f 1639 2517 998
f 513 1563 1925
f 513 1925 2535
f 329 1564 1926
f 329 1926 2536
f 1629 2282 1927
f 1629 1927 2264
f 906 1689 1928
f 906 1928 689
f 538 1690 1929
f 538 1929 161
f 605 867 1930
f 605 1930 779
f 342 491 1931
f 342 1931 691
f 673 594 1932
f 673 1932 2227
f 533 1358 1933
f 533 1933 2228
f 1375 1126 1934
f 1375 1934 2889
f 531 1630 1935
f 531 1935 1634
f 865 1631 1936
f 865 1936 676
f 180 1552 1937
f 180 1937 1561
f 982 11 1938
f 982 1938 1644
f 1171 207 1939
f 1171 1939 209
f 877 2289 1940
f 877 1940 2675
f 1034 684 1941
f 1034 1941 1397
f 434 742 1942
f 434 1942 851
f 466 577 1943
f 466 1943 809
f 1379 1630 1944
f 1379 1944 639
f 1380 1631 1945
f 1380 1945 1581
f 1057 800 1946
f 1057 1946 1406
f 437 2734 1947
f 437 1947 870
f 2795 1572 1948
f 997 1948 1186
f 1089 886 1949
f 1089 1949 2825
f 1459 2902 1950
f 1459 1950 1010
f 1725 156 1951
f 1725 1951 396
f 218 586 1952
f 218 1952 737
f 352 839 1953
f 352 1953 61
f 1002 210 1954
f 1002 1954 211
f 47 2363 1955
f 47 1955 1173
f 688 1220 1956
f 2370 1956 291
f 607 1220 1957
f 2371 1957 136
f 202 1642 1958
f 202 1958 868
f 1439 39 1959
f 1439 1959 1715
f 902 600 1960
f 902 1960 1402
f 1191 783 1961
f 1191 1961 2207
f 2890 501 1962
f 2890 1962 2429
f 2891 388 1963
f 2891 1963 2430
f 318 2321 1964
f 318 1964 1632
f 1192 191 1965
f 1192 1965 1403
f 903 1373 1966
f 903 1966 2212
f 395 293 1967
f 395 1967 2747
f 440 1094 1968
f 440 1968 1711
f 570 2739 1969
f 570 1969 636
f 384 2740 1970
f 384 1970 821
f 1204 2340 1971
f 1204 1971 1422
f 1014 1445 1972
f 1014 1972 2821
f 1431 109 1973
f 1431 1973 2822
f 750 2326 1974
f 750 1974 2387
f 1404 2327 1975
f 1404 1975 2388
f 374 2304 1976
f 374 1976 2320
f 450 2797 1977
f 450 1977 130
f 1221 2851 1978
f 1221 1978 1544
f 604 2725 1979
f 604 1979 884
f 766 2726 1980
f 766 1980 1419
f 585 961 1981
f 585 1981 2397
f 945 1274 1982
f 945 1982 2398
f 890 1208 1983
f 890 1983 1420
f 789 1209 1984
f 789 1984 1660
f 1649 2331 1985
f 1649 1985 2395
f 1650 2332 1986
f 1650 1986 2396
f 302 304 1987
f 302 1987 694
f 542 2669 1988
f 542 1988 339
f 454 1501 1989
f 454 1989 539
f 701 1701 1990
f 701 1990 2414
f 679 913 1991
f 679 1991 1449
f 763 598 1992
f 763 1992 1370
f 1005 205 1993
f 1005 1993 1681
f 1058 42 1994
f 1058 1994 1682
f 606 1226 1995
f 606 1995 134
f 1301 592 1996
f 1301 1996 370
f 1187 1444 1997
f 1187 1997 1030
f 1202 1688 1998
f 1202 1998 1031
f 778 2260 1999
f 778 1999 536
f 795 1231 2000
f 795 2000 418
f 492 1232 2001
f 492 2001 700
f 1673 2457 2002
f 1673 2002 1427
f 1674 2458 2003
f 1674 2003 1428
f 1407 2648 2004
f 1407 2004 2405
f 1408 2649 2005
f 1408 2005 2406
f 1019 546 2006
f 1019 2006 2824
f 921 150 2007
f 921 2007 692
f 1415 2667 2008
f 1415 2008 2407
f 1416 2668 2009
f 1416 2009 2408
f 305 2780 2010
f 305 2010 1242
f 1063 2781 2011
f 1063 2011 1243
f 1432 319 2012
f 1432 2012 2262
f 1679 603 2013
f 1679 2013 2263
f 55 2858 2014
f 55 2014 59
f 1425 893 2015
f 1425 2015 779
f 1669 413 2016
f 1669 2016 691
f 1249 2454 2017
f 1249 2017 1399
f 272 1540 2018
f 272 2018 277
f 762 1541 2019
f 762 2019 115
f 443 2849 2020
f 443 2020 2824
f 786 1434 2021
f 786 2021 133
f 1450 1070 2022
f 1450 2022 511
f 1184 129 2023
f 1184 2023 2404
f 622 1722 2024
f 622 2024 2362
f 45 670 2025
f 45 2025 46
f 1340 718 2026
f 1340 2026 2444
f 1659 1164 2027
f 1659 2027 1162
f 1698 922 2028
f 2724 2421 1055
f 1454 149 2029
f 1454 2422 612
f 335 934 2030
f 335 2030 1448
f 527 20 2031
f 527 2031 113
f 666 1053 2032
f 2847 2391 891
f 587 1054 2033
f 2848 2392 892
f 1728 415 2034
f 1728 2034 2433
f 1193 2383 2035
f 1193 2035 2202
f 1460 420 2036
f 1460 2036 1036
f 373 139 2037
f 373 2037 1700
f 494 2381 2038
f 494 2038 2452
f 278 275 2039
f 278 2039 2246
f 116 1468 2040
f 116 2040 2247
f 99 265 2041
f 99 2041 101
f 796 1465 2042
f 796 2042 1065
f 1713 1465 2043
f 1713 2043 138
f 1457 186 2044
f 1457 2044 1027
f 25 1458 2045
f 25 2045 1159
f 1446 236 2046
f 1446 2046 1026
f 87 1447 2047
f 87 2047 95
f 1473 2424 2048
f 1473 2048 141
f 793 105 2049
f 793 2049 1718
f 1727 2828 2050
f 1727 2050 2383
f 145 1190 2051
f 145 2051 611
f 1049 798 2052
f 1049 2052 1472
f 295 1451 2053
f 295 2053 1477
f 1466 2262 2054
f 1466 2054 1197
f 1072 125 2055
f 1072 2055 618
f 123 1476 2056
f 123 2056 1071
f 1044 1453 2057
f 1044 2057 416
f 693 1238 2058
f 693 2058 1692
f 1022 1436 2059
f 1022 2059 1693
f 1388 699 2060
f 1388 2060 1709
f 1258 2431 2061
f 1258 2061 2417
f 1259 2432 2062
f 1259 2062 2418
f 1056 2856 2063
f 1056 2063 2419
f 1480 105 2064
f 1480 2064 1739
f 1733 1046 2065
f 1733 2882 166
f 1219 1448 2066
f 1219 2066 2246
f 1414 113 2067
f 1414 2067 2247
f 263 801 2068
f 263 2068 260
f 1261 2087 2069
f 1261 2069 2125
f 1730 2446 2070
f 1730 2070 2852
f 1731 2447 2071
f 1731 2071 2853
f 1050 1245 2072
f 1050 2072 1678
f 549 805 2073
f 549 2073 616
f 1743 1071 2074
f 1743 2074 122
f 1456 286 2075
f 1456 2075 2459
f 1716 125 2076
f 1716 2076 2460
f 703 608 2077
f 703 2077 1074
f 804 2461 2078
f 804 2078 2900
f 1710 2462 2079
f 1710 2079 2901
f 806 2898 2080
f 806 2080 282
f 1483 928 2081
f 1483 2081 807
f 462 625 2082
f 462 2082 814
f 73 378 2083
f 73 2083 935
f 1142 953 2084
f 1142 2084 2738
f 1822 2627 2085
f 1822 2085 2626
f 1557 705 2086
f 1557 2086 17
f 107 1224 2087
f 107 2087 2830
f 1831 231 2088
f 1831 2088 363
f 58 59 2089
f 58 2089 478
f 360 1271 2090
f 360 2090 1490
f 499 1272 2091
f 499 2091 1491
f 402 814 2092
f 402 2092 1829
f 72 935 2093
f 72 2093 1830
f 221 2477 2094
f 221 2094 229
f 422 2478 2095
f 422 2095 553
f 10 656 2096
f 2596 2096 1135
f 1503 1097 2097
f 1503 2097 2491
f 1282 1500 2098
f 1282 2098 2492
f 631 2481 2099
f 631 2099 963
f 57 2482 2100
f 57 2100 1084
f 1795 2522 2101
f 1795 2101 2504
f 1796 2523 2102
f 1796 2102 2505
f 410 1111 2103
f 410 2103 1290
f 719 1291 2104
f 719 2104 844
f 2595 406 2105
f 976 2105 1823
f 1402 1960 2106
f 1402 2106 2554
f 387 20 2107
f 387 2107 934
f 428 234 2108
f 428 2108 1516
f 836 1283 2109
f 836 2109 1505
f 821 384 2110
f 821 2110 1092
f 721 828 2111
f 721 2111 2493
f 554 1495 2112
f 554 2112 1324
f 1310 1486 2113
f 1310 2113 1548
f 706 973 2114
f 706 2114 235
f 1523 717 2115
f 1523 2115 620
f 1791 1297 2116
f 1791 2116 2494
f 1514 851 2117
f 1514 2117 2533
f 1515 809 2118
f 1515 2118 2534
f 819 222 2119
f 819 2119 1784
f 76 1077 2120
f 76 2120 1785
f 635 2486 2121
f 635 2121 1104
f 939 2487 2122
f 939 2122 1105
f 1524 2491 2123
f 1524 2123 1276
f 1783 2492 2124
f 1783 2124 967
f 653 2069 2125
f 653 2125 1268
f 1506 1778 2126
f 1506 2126 2755
f 1106 1779 2127
f 1106 2127 2756
f 2715 1762 2128
f 946 2128 1889
f 2716 1749 2129
f 1573 2129 1781
f 380 1517 2130
f 380 2130 966
f 552 1752 2131
f 552 2131 847
f 364 424 2132
f 364 2132 621
f 1801 1303 2133
f 1801 2133 1108
f 1802 1118 2134
f 1802 2134 83
f 999 1174 2135
f 999 2135 627
f 874 1598 2136
f 874 2136 1020
f 1347 884 2137
f 1347 2137 2572
f 1163 1419 2138
f 1163 2138 2573
f 728 2529 2139
f 728 2139 952
f 729 2530 2140
f 729 2140 834
f 951 832 2141
f 951 2141 555
f 465 81 2142
f 465 2142 1269
f 1485 551 2143
f 1485 2143 2562
f 1765 1280 2144
f 1765 2144 1512
f 1080 1281 2145
f 1080 2145 1513
f 859 362 2146
f 859 2146 436
f 1082 2516 2147
f 1082 2147 436
f 129 1184 2148
f 129 2148 2743
f 1132 1319 2149
f 1132 2149 1542
f 1789 348 2150
f 1789 2150 2566
f 867 690 2151
f 867 2151 331
f 177 479 2152
f 177 2152 1147
f 525 1160 2153
f 525 2153 65
f 971 1915 2154
f 971 2154 1086
f 932 736 2155
f 932 2155 1087
f 1518 1305 2156
f 1518 2156 2579
f 1519 330 2157
f 1519 2157 2580
f 1090 735 2158
f 1090 2158 2652
f 707 2524 2159
f 707 2159 1873
f 1114 2525 2160
f 1114 2160 1874
f 1278 1086 2161
f 1278 2161 507
f 459 1087 2162
f 459 2162 2601
f 535 172 2163
f 535 2604 220
f 1596 601 2164
f 2605 2164 68
f 1322 1124 2165
f 1322 2165 1799
f 1323 1125 2166
f 1323 2166 1800
f 564 727 2167
f 564 2167 739
f 1122 2574 2168
f 1122 2168 1824
f 1123 2575 2169
f 1123 2169 1825
f 944 230 2170
f 944 2170 1100
f 641 497 2171
f 641 2171 954
f 200 362 2172
f 200 2172 961
f 1860 2516 2173
f 1860 2173 1274
f 654 1876 2174
f 654 2174 1043
f 866 2579 2175
f 866 2175 2546
f 1321 2580 2176
f 1321 2176 2547
f 1363 2663 2177
f 1363 2177 621
f 1364 2664 2178
f 1364 2178 424
f 1892 528 2179
f 1892 2179 991
f 1569 651 2180
f 1569 2180 713
f 1570 734 2181
f 1570 2181 15
f 1808 1603 2182
f 1808 2182 1602
f 145 146 2183
f 145 2183 611
f 575 883 2184
f 575 2184 2576
f 781 2704 2185
f 781 2185 1640
f 530 888 2186
f 530 2186 1203
f 785 2717 2187
f 785 2187 1652
f 487 782 2188
f 487 2188 1653
f 468 259 2189
f 468 2189 1924
f 980 351 2190
f 980 2190 1147
f 1526 64 2191
f 1526 2191 65
f 1296 96 2192
f 1296 2192 98
f 831 473 2193
f 831 2193 724
f 559 71 2194
f 559 2194 430
f 509 1547 2195
f 509 2195 872
f 775 2730 2196
f 775 2196 1906
f 481 1565 2197
f 2782 2197 541
f 767 1902 2198
f 767 2198 1670
f 768 1903 2199
f 768 2199 1671
f 1826 1311 2200
f 1826 2200 230
f 1827 1312 2201
f 1827 2201 497
f 324 747 2202
f 324 2202 578
f 1120 227 2203
f 1120 2203 1811
f 1304 646 2204
f 1304 2204 1812
f 254 253 2205
f 254 2205 1547
f 245 933 2206
f 245 2206 241
f 1345 675 2207
f 1345 2207 1591
f 1828 2745 2208
f 1828 2208 143
f 467 2660 2209
f 467 2209 2659
f 984 741 2210
f 984 2210 1815
f 979 1594 2211
f 979 2211 1816
f 1498 1148 2212
f 1498 2212 1145
f 476 855 2213
f 476 2213 1094
f 591 522 2214
f 591 2214 18
f 77 1169 2215
f 77 2215 1592
f 830 1429 2216
f 830 2216 2735
f 1921 2674 2217
f 1921 2217 2548
f 602 381 2218
f 602 2218 1627
f 389 2679 2219
f 389 2219 2585
f 60 2680 2220
f 60 2220 2586
f 1112 2755 2221
f 1112 2221 455
f 82 2756 2222
f 82 2222 964
f 759 597 2223
f 759 2646 1379
f 1150 992 2224
f 1150 2647 1380
f 968 813 2225
f 968 2225 1753
f 848 710 2226
f 848 2226 1754
f 194 195 2227
f 194 2227 1618
f 1356 31 2228
f 1356 2228 576
f 567 2615 2229
f 567 2229 1608
f 1119 203 2230
f 1119 2230 650
f 1201 41 2231
f 1201 2231 40
f 744 2807 2232
f 744 2232 1024
f 328 2808 2233
f 328 2233 1025
f 1366 661 2234
f 1366 2234 2656
f 442 1560 2235
f 442 2235 2657
f 663 215 2236
f 663 2236 2628
f 1862 863 2237
f 1862 2237 2629
f 377 1542 2238
f 377 2238 2685
f 1117 2566 2239
f 1117 2239 21
f 211 871 2240
f 211 2240 2713
f 1173 1635 2241
f 1173 2241 2714
f 758 1899 2242
f 758 2671 991
f 1909 175 2243
f 1909 2243 816
f 1910 572 2244
f 1910 2244 484
f 370 288 2245
f 2521 2245 1575
f 280 2800 2246
f 280 2246 2869
f 118 2801 2247
f 118 2247 2870
f 1887 2531 2248
f 1887 2248 2676
f 1888 2532 2249
f 1888 2249 2676
f 438 1348 2250
f 438 2250 816
f 3 1012 2251
f 3 2251 484
f 1624 2640 2252
f 1624 2252 1391
f 1625 2641 2253
f 1625 2253 837
f 993 256 2254
f 993 2498 257
f 1034 684 2255
f 1034 2255 1397
f 995 2648 2256
f 995 2256 1614
f 1383 2649 2257
f 1383 2257 93
f 1128 1864 2258
f 1128 2258 213
f 1270 1865 2259
f 1270 2259 1214
f 1676 1883 2260
f 1676 2260 1999
f 606 134 2261
f 606 2261 332
f 2612 1466 2262
f 2612 2262 1432
f 2613 166 2263
f 2613 2263 1679
f 737 1952 2264
f 737 2264 523
f 879 2667 2265
f 879 2265 1618
f 1619 2668 2266
f 1619 2266 576
f 1582 881 2267
f 1582 2267 931
f 1354 771 2268
f 1354 2268 931
f 178 1578 2269
f 178 2269 2661
f 658 1349 2270
f 658 2270 2662
f 1563 1925 2271
f 1563 2271 2679
f 1564 1926 2272
f 1564 2272 2680
f 1714 1026 2273
f 1714 2273 203
f 749 95 2274
f 749 2274 41
f 840 2682 2275
f 840 2275 1361
f 1539 2683 2276
f 1539 2276 158
f 644 458 2277
f 644 2277 1127
f 22 2686 2278
f 22 2278 2643
f 1140 1914 2279
f 1140 2279 1913
f 1561 2765 2280
f 1561 2280 2606
f 1644 2766 2281
f 1644 2281 2607
f 996 1629 2282
f 996 2282 1185
f 1904 1623 2283
f 1904 2283 1011
f 1905 2549 2284
f 1905 2284 885
f 137 2746 2285
f 137 2285 1465
f 1155 1580 2286
f 1155 2286 1551
f 566 977 2287
f 566 2287 1329
f 207 2770 2288
f 207 2288 1939
f 44 43 2289
f 44 2289 877
f 1376 174 2290
f 2589 2290 505
f 1341 1574 2291
f 2590 2291 435
f 1326 822 2292
f 1326 2292 1823
f 850 8 2293
f 850 2293 1135
f 289 2684 2294
f 289 2294 790
f 1344 242 2295
f 1344 2295 2691
f 91 1021 2296
f 91 2296 2692
f 1543 974 2297
f 1543 2297 2582
f 1137 743 2298
f 1137 2298 2583
f 997 143 2299
f 997 2795 1948
f 1405 1617 2300
f 1405 2300 1949
f 1357 532 2301
f 1357 2301 2698
f 28 2718 2302
f 28 2302 2699
f 2867 544 2303
f 2867 2303 1622
f 2868 148 2304
f 2868 2304 1604
f 1590 1351 2305
f 1590 2305 2700
f 1359 1167 2306
f 1359 2306 2701
f 674 1645 2307
f 674 2307 1632
f 144 1646 2308
f 144 2308 165
f 1330 743 2309
f 1330 2309 974
f 856 683 2310
f 856 2310 1645
f 1130 2560 2311
f 1130 2311 1646
f 1634 2709 2312
f 1634 2312 1935
f 676 2710 2313
f 676 2313 1936
f 317 1585 2314
f 317 2314 322
f 1339 894 2315
f 1339 2315 170
f 899 197 2316
f 899 2316 2628
f 50 2855 2317
f 50 2317 2629
f 181 182 2318
f 181 2318 1609
f 987 16 2319
f 987 2319 1610
f 543 374 2320
f 543 2320 149
f 1665 309 2321
f 1665 2321 2725
f 1666 437 2322
f 1666 2322 2726
f 1427 321 2323
f 1427 2323 2002
f 1428 168 2324
f 1428 2324 2003
f 1399 2017 2325
f 1399 2325 343
f 600 1960 2326
f 600 2326 1039
f 783 1961 2327
f 783 2327 599
f 1417 1041 2328
f 1417 2328 315
f 1418 1042 2329
f 1418 2329 367
f 401 80 2330
f 401 2330 2796
f 191 1965 2331
f 191 2331 1040
f 1373 1966 2332
f 1373 2332 1211
f 395 614 2333
f 395 2333 2747
f 141 545 2334
f 141 2334 2748
f 413 685 2335
f 413 2335 2016
f 201 1438 2336
f 201 2336 1917
f 1643 38 2337
f 1643 2337 1918
f 1064 1372 2338
f 1064 2338 922
f 1247 615 2339
f 1247 2339 1638
f 412 392 2340
f 412 2340 1204
f 1141 2747 2341
f 1141 2341 2561
f 911 2748 2342
f 911 2342 1579
f 1977 1381 2343
f 1977 2343 130
f 1946 1638 2344
f 1946 2344 1213
f 1987 536 2345
f 1987 2345 1250
f 1433 751 2346
f 1433 2346 595
f 1686 293 2347
f 1686 2347 975
f 854 140 2348
f 854 2348 965
f 1697 266 2349
f 1697 2349 1217
f 1231 1988 2350
f 1231 2350 311
f 1232 1989 2351
f 1232 2351 159
f 1239 273 2352
f 1239 2352 1636
f 114 110 2353
f 114 2353 1637
f 876 1693 2354
f 876 2354 1692
f 2900 2078 2355
f 2900 2355 929
f 910 2006 2356
f 910 2356 1893
f 529 134 2357
f 529 2357 1894
f 1070 1382 2358
f 1070 2358 2022
f 2858 1175 2359
f 2858 2359 408
f 2018 2672 2360
f 2018 2360 2778
f 762 2673 2361
f 762 2361 2779
f 210 622 2362
f 210 2362 1954
f 46 2025 2363
f 46 2363 47
f 287 1188 2364
f 287 2364 893
f 1236 790 2365
f 1236 2365 2767
f 1663 2825 2366
f 1663 2366 2767
f 260 2615 2367
f 260 2367 918
f 1394 2785 2368
f 1394 2368 305
f 155 2786 2369
f 155 2369 1063
f 688 1687 2370
f 688 2370 1956
f 607 2850 2371
f 607 2371 1957
f 1449 1991 2372
f 1449 2372 1667
f 1370 763 2373
f 1370 2373 52
f 1628 314 2374
f 1628 2374 1834
f 164 163 2375
f 164 2375 1102
f 101 1720 2376
f 101 2376 2769
f 308 1250 2377
f 308 2377 1467
f 1469 595 2378
f 1469 2378 1216
f 274 440 2379
f 274 2379 2800
f 111 2696 2380
f 111 2380 2801
f 1735 2859 2381
f 1735 2381 494
f 2056 2860 2382
f 2056 2382 1254
f 267 1470 2383
f 267 2383 1193
f 1718 2817 2384
f 1718 2384 2791
f 1240 356 2385
f 1240 2385 2877
f 1241 1654 2386
f 1241 2386 453
f 1681 750 2387
f 1681 2387 1993
f 1682 1404 2388
f 1682 2388 1994
f 1737 2719 2389
f 1737 2389 2811
f 1738 2720 2390
f 1738 2390 2812
f 2032 666 2391
f 2032 2391 321
f 2033 587 2392
f 2033 2392 168
f 779 2015 2393
f 779 2393 1930
f 691 2016 2394
f 691 2394 1931
f 1244 1040 2395
f 1244 2395 2770
f 898 1211 2396
f 898 2396 43
f 1205 585 2397
f 1205 2397 852
f 640 945 2398
f 640 2398 2834
f 1067 1724 2399
f 1067 2399 1496
f 1068 1725 2400
f 1068 2400 1497
f 2042 1065 2401
f 2042 2401 615
f 2043 138 2402
f 2043 2402 615
f 488 2571 2403
f 488 2403 798
f 482 1184 2404
f 482 2404 799
f 238 237 2405
f 238 2405 2831
f 89 90 2406
f 89 2406 2832
f 189 188 2407
f 189 2407 2839
f 26 27 2408
f 26 2408 2840
f 100 99 2409
f 100 2409 1479
f 1014 183 2410
f 1014 2410 2821
f 1431 665 2411
f 1431 2411 2822
f 1451 2805 2412
f 1451 2412 295
f 921 692 2413
f 921 2413 2864
f 923 618 2414
f 923 2414 2860
f 236 868 2415
f 236 2415 1640
f 1447 1715 2416
f 1447 2416 1203
f 297 1258 2417
f 297 2417 299
f 1463 1259 2418
f 1463 2418 152
f 912 1056 2419
f 912 2419 1470
f 105 2064 2420
f 105 2420 2049
f 2028 1698 2421
f 2028 2421 2883
f 2029 1454 2422
f 2029 2422 2884
f 699 356 2423
f 699 2423 1736
f 920 1654 2424
f 920 2424 2057
f 1704 2036 2425
f 1704 2425 291
f 1252 2037 2426
f 1252 2426 136
f 186 757 2427
f 186 2427 1652
f 1458 1723 2428
f 1458 2428 1653
f 339 2890 2429
f 339 2429 914
f 539 2891 2430
f 539 2430 797
f 803 2883 2431
f 803 2431 1258
f 925 2884 2432
f 925 2432 1259
f 1238 1728 2433
f 1238 2433 2058
f 1436 2051 2434
f 1436 2434 2059
f 1712 249 2435
f 1712 2435 1075
f 483 1684 2436
f 483 2436 2885
f 452 1685 2437
f 452 2437 2886
f 125 2076 2438
f 125 2712 2055
f 998 262 2439
f 998 2439 258
f 784 1709 2440
f 784 2440 290
f 773 1461 2441
f 773 2441 135
f 1739 709 2442
f 1739 2442 1480
f 1740 1227 2443
f 1740 2443 1056
f 1138 723 2444
f 1138 2444 1340
f 1162 518 2445
f 1162 2445 2027
f 1477 295 2446
f 1477 2446 1730
f 1478 2864 2447
f 1478 2447 1731
f 2080 284 2448
f 2080 2448 1481
f 1745 123 2449
f 1745 2449 1263
f 1008 853 2450
f 1008 2450 2869
f 1253 1527 2451
f 1253 2451 2870
f 926 494 2452
f 926 2452 608
f 2074 1254 2453
f 2074 2453 122
f 1734 286 2454
f 1734 2454 1249
f 1045 2881 2455
f 1045 2455 1420
f 1046 2065 2456
f 1046 2456 1660
f 319 2892 2457
f 319 2457 792
f 603 2893 2458
f 603 2458 696
f 1678 1456 2459
f 1678 2459 2887
f 616 1716 2460
f 616 2460 2888
f 548 804 2461
f 548 2461 1708
f 1073 1710 2462
f 1073 2462 1251
f 281 1744 2463
f 281 2463 1074
f 2081 928 2464
f 2081 2464 495
f 1741 2072 2465
f 1741 2465 608
f 1742 2073 2466
f 1742 2466 122
f 968 425 2467
f 968 2467 1753
f 848 376 2468
f 848 2468 1754
f 1091 344 2469
f 1091 2469 1490
f 403 1096 2470
f 403 2470 1491
f 326 1747 2471
f 326 2471 643
f 340 1757 2472
f 340 2472 841
f 371 1758 2473
f 371 2473 1775
f 2086 17 2474
f 2086 2474 1332
f 814 2092 2475
f 814 2475 2082
f 935 2093 2476
f 935 2476 2083
f 464 1340 2477
f 464 2477 628
f 825 2027 2478
f 825 2478 357
f 235 2114 2479
f 235 2479 2128
f 620 2115 2480
f 620 2480 2129
f 523 737 2481
f 523 2481 1879
f 647 61 2482
f 647 2482 1880
f 1108 457 2483
f 1108 2483 2133
f 1293 2225 2484
f 1293 2484 623
f 1294 2226 2485
f 1294 2485 808
f 432 551 2486
f 432 2486 635
f 433 828 2487
f 433 2487 939
f 491 989 2488
f 491 2488 2174
f 500 360 2489
f 500 2489 1766
f 366 499 2490
f 366 2490 1767
f 1805 1524 2491
f 1805 2491 1503
f 1143 1783 2492
f 1143 2492 1282
f 1583 721 2493
f 1583 2493 84
f 1511 234 2494
f 1511 2494 1791
f 959 1283 2495
f 959 2495 1792
f 404 2130 2496
f 404 2496 706
f 85 2131 2497
f 85 2497 1523
f 2254 993 2498
f 2254 2498 1544
f 324 747 2499
f 324 2499 578
f 816 1502 2500
f 816 2500 2243
f 484 6 2501
f 484 2501 2244
f 1942 565 2502
f 1942 2502 851
f 1943 12 2503
f 1943 2503 809
f 1314 1795 2504
f 1314 2504 1567
f 1315 1796 2505
f 1315 2505 1568
f 1268 254 2506
f 1268 2506 829
f 963 2099 2507
f 963 2507 524
f 1084 2100 2508
f 1084 2508 520
f 474 741 2509
f 474 2509 1132
f 1320 1594 2510
f 1320 2510 2150
f 1386 573 2511
f 1386 2511 347
f 1387 842 2512
f 1387 2512 429
f 1100 2170 2513
f 1100 2513 1788
f 954 2171 2514
f 954 2514 1528
f 362 859 2515
f 362 2515 2172
f 642 1082 2516
f 642 2516 2173
f 1924 1335 2517
f 1924 2517 998
f 621 2177 2518
f 621 2518 812
f 424 2178 2519
f 424 2519 812
f 147 775 2520
f 147 2520 148
f 370 764 2521
f 370 2521 2245
f 1297 1537 2522
f 1297 2522 811
f 1298 1538 2523
f 1298 2523 463
f 1275 1762 2524
f 1275 2524 707
f 358 1749 2525
f 358 2525 1114
f 1484 628 2526
f 1484 2526 1763
f 711 357 2527
f 711 2527 1764
f 1550 1840 2528
f 1550 2528 1839
f 327 1811 2529
f 327 2529 728
f 456 1812 2530
f 456 2530 729
f 966 2130 2531
f 966 2531 1887
f 847 2131 2532
f 847 2532 1888
f 1280 2144 2533
f 1280 2533 1514
f 1281 2145 2534
f 1281 2534 1515
f 1520 1147 2535
f 1520 2535 513
f 1264 65 2536
f 1264 2536 329
f 508 1039 2537
f 508 2537 2185
f 1898 599 2538
f 1898 2538 2186
f 1271 2090 2539
f 1271 2539 1124
f 1272 2091 2540
f 1272 2540 1125
f 1303 2133 2541
f 1303 2541 1146
f 1118 2134 2542
f 1118 2542 1325
f 187 1040 2543
f 187 2543 2187
f 1038 1211 2544
f 1038 2544 2188
f 958 348 2545
f 958 2545 1319
f 1265 554 2546
f 1265 2546 866
f 439 1310 2547
f 439 2547 1321
f 1623 485 2548
f 1623 2548 668
f 1627 1015 2549
f 1627 2549 1158
f 2154 359 2550
f 2154 2550 1836
f 932 480 2551
f 932 2551 1837
f 843 1602 2552
f 843 2552 510
f 431 1603 2553
f 431 2553 1110
f 1522 247 2554
f 1522 2554 2106
f 1345 97 2555
f 1345 2555 1591
f 724 503 2556
f 724 2556 2193
f 430 69 2557
f 430 2557 2194
f 196 940 2558
f 196 2558 2136
f 1498 1148 2559
f 1498 2559 1145
f 776 142 2560
f 776 2560 2311
f 341 1941 2561
f 341 2561 414
f 950 1485 2562
f 950 2562 1530
f 1276 1535 2563
f 1276 2563 2123
f 967 1536 2564
f 967 2564 2124
f 1542 2149 2565
f 1542 2565 2238
f 470 1789 2566
f 470 2566 1117
f 2165 1558 2567
f 2165 2567 619
f 2166 1559 2568
f 2166 2568 1083
f 232 504 2569
f 232 2569 1803
f 79 562 2570
f 79 2570 1804
f 1971 592 2571
f 1971 2571 1422
f 445 316 2572
f 445 2572 1817
f 472 652 2573
f 472 2573 1818
f 1850 1578 2574
f 1850 2574 386
f 1851 1349 2575
f 1851 2575 337
f 1169 575 2576
f 1169 2576 2215
f 1334 657 2577
f 1334 2577 1577
f 1331 1556 2578
f 1331 2578 67
f 1786 866 2579
f 1786 2579 2156
f 56 1321 2580
f 56 2580 2157
f 611 2183 2581
f 611 2581 876
f 1324 1543 2582
f 1324 2582 1853
f 1548 1137 2583
f 1548 2583 1854
f 2135 1174 2584
f 2135 2584 627
f 589 823 2585
f 589 2585 389
f 739 564 2586
f 739 2586 60
f 1824 948 2587
f 1824 2587 1531
f 1825 949 2588
f 1825 2588 1532
f 1376 1847 2589
f 1376 2589 2290
f 1341 1848 2590
f 1341 2590 2291
f 1499 1237 2591
f 1499 2591 394
f 654 1435 2592
f 654 2592 427
f 715 2161 2593
f 715 2593 1551
f 630 2162 2594
f 630 2594 1329
f 976 179 2595
f 976 2595 2105
f 10 1810 2596
f 10 2596 2096
f 227 1831 2597
f 227 2597 2203
f 646 1587 2598
f 646 2598 2204
f 446 1857 2599
f 446 2599 537
f 507 860 2600
f 507 2600 2161
f 14 1798 2601
f 14 2601 2162
f 444 871 2602
f 444 2602 668
f 51 1635 2603
f 51 2603 1158
f 2163 535 2604
f 2163 2604 677
f 1596 2164 2605
f 1596 2605 1
f 180 1561 2606
f 180 2606 1363
f 1938 1644 2607
f 1938 2607 1364
f 846 1533 2608
f 846 2608 1843
f 1529 557 2609
f 1529 2609 1844
f 2180 345 2610
f 2180 2610 713
f 2181 815 2611
f 2181 2611 15
f 312 540 2612
f 312 2612 314
f 162 907 2613
f 162 2613 163
f 1608 2229 2614
f 1608 2614 720
f 938 260 2615
f 938 2615 567
f 1362 880 2616
f 1362 2616 1489
f 1584 1337 2617
f 1584 2617 461
f 243 1200 2618
f 243 2618 1026
f 904 1033 2619
f 904 2619 95
f 1597 1338 2620
f 1597 2620 2106
f 2192 732 2621
f 2192 2621 1591
f 1891 215 2622
f 1891 2622 760
f 1168 863 2623
f 1168 2623 957
f 753 1555 2624
f 753 2624 878
f 988 66 2625
f 988 2625 1769
f 947 634 2626
f 947 2626 714
f 1095 560 2627
f 1095 2627 383
f 1288 663 2628
f 1288 2628 899
f 1507 1862 2629
f 1507 2629 50
f 1598 1206 2630
f 1598 2630 2136
f 1599 1207 2631
f 1599 2631 1145
f 192 2407 2632
f 192 2632 1342
f 29 2408 2633
f 29 2633 1035
f 175 579 2634
f 175 2634 1615
f 572 1000 2635
f 572 2635 1616
f 2326 1974 2636
f 2326 2636 772
f 2327 1975 2637
f 2327 2637 98
f 351 588 2638
f 351 2638 2190
f 64 1385 2639
f 64 2639 2191
f 1885 1624 2640
f 1885 2640 455
f 1886 1625 2641
f 1886 2641 964
f 1127 2277 2642
f 1127 2642 510
f 23 22 2643
f 23 2643 1110
f 230 2200 2644
f 230 2644 2170
f 497 2201 2645
f 497 2645 2171
f 2223 759 2646
f 2223 2646 228
f 2224 1150 2647
f 2224 2647 74
f 1199 1407 2648
f 1199 2648 995
f 94 1408 2649
f 94 2649 1383
f 2331 1985 2650
f 2331 2650 1965
f 2332 1986 2651
f 2332 2651 1966
f 473 2193 2652
f 473 2652 1090
f 71 2194 2653
f 71 2653 517
f 2141 1115 2654
f 2141 2654 1085
f 2142 1116 2655
f 2142 2655 568
f 1913 2279 2656
f 1913 2656 1366
f 1914 2279 2657
f 1914 2657 442
f 1381 1165 2658
f 1381 2658 685
f 845 662 2659
f 845 2659 467
f 86 969 2660
f 86 2660 467
f 1768 661 2661
f 1768 2661 178
f 7 1560 2662
f 7 2662 658
f 1609 1133 2663
f 1609 2663 2177
f 1610 858 2664
f 1610 2664 2178
f 1103 2088 2665
f 1103 2665 1867
f 80 1866 2666
f 80 2666 401
f 1037 1415 2667
f 1037 2667 879
f 972 1416 2668
f 972 2668 1619
f 331 1372 2669
f 331 2669 1988
f 372 2179 2670
f 372 2670 769
f 2242 758 2671
f 2242 2671 353
f 1183 2132 2672
f 1183 2672 2018
f 19 2132 2673
f 19 2673 762
f 209 1939 2674
f 209 2674 1333
f 381 877 2675
f 381 2675 1922
f 632 2249 2676
f 632 2676 2248
f 1630 1935 2677
f 1630 2677 1944
f 1631 1936 2678
f 1631 2678 1945
f 861 389 2679
f 861 2679 2271
f 986 60 2680
f 986 2680 2272
f 146 1190 2681
f 146 2681 900
f 478 777 2682
f 478 2682 1175
f 59 1013 2683
f 59 2683 55
f 1648 1882 2684
f 1648 2684 289
f 458 377 2685
f 458 2685 2277
f 21 2239 2686
f 21 2686 22
f 1351 2305 2687
f 1351 2687 1904
f 1167 2306 2688
f 1167 2688 1905
f 1580 1753 2689
f 1580 2689 2286
f 977 1754 2690
f 977 2690 2287
f 1907 1344 2691
f 1907 2691 2206
f 92 91 2692
f 92 2692 1607
f 1228 310 2693
f 1228 2693 1432
f 1229 160 2694
f 1229 2694 1679
f 440 1094 2695
f 440 2695 2379
f 953 18 2696
f 953 2696 111
f 1153 669 2697
f 1153 2697 258
f 1932 1357 2698
f 1932 2698 2227
f 533 28 2699
f 533 2699 2228
f 761 1590 2700
f 761 2700 1180
f 4 1359 2701
f 4 2701 1367
f 1645 856 2702
f 1645 2702 2307
f 1646 1130 2703
f 1646 2703 2308
f 1863 239 2704
f 1863 2704 1655
f 888 1856 2705
f 888 2705 1656
f 1189 2303 2706
f 1189 2706 294
f 636 1969 2707
f 636 2707 1092
f 821 1970 2708
f 821 2708 1092
f 1172 1954 2709
f 1172 2709 1634
f 526 47 2710
f 526 2710 676
f 2454 286 2711
f 2454 2711 697
f 2438 125 2712
f 2438 2712 1899
f 590 2240 2713
f 590 2713 752
f 1374 2241 2714
f 1374 2714 1626
f 946 185 2715
f 946 2715 2128
f 1573 725 2716
f 1573 2716 2129
f 1881 190 2717
f 1881 2717 1657
f 782 1861 2718
f 782 2718 1658
f 335 387 2719
f 335 2719 1737
f 2031 387 2720
f 2031 2720 1738
f 961 200 2721
f 961 2721 1981
f 1274 1860 2722
f 1274 2722 1982
f 1302 129 2723
f 1302 2723 131
f 1698 2338 2724
f 1698 2724 2421
f 418 1665 2725
f 418 2725 1041
f 700 1666 2726
f 700 2726 1042
f 318 309 2727
f 318 2727 1632
f 870 437 2728
f 870 2728 165
f 908 306 2729
f 908 2729 2260
f 671 1421 2730
f 671 2730 2196
f 204 1195 2731
f 204 2731 205
f 582 1196 2732
f 582 2732 42
f 687 1962 2733
f 687 2733 1222
f 610 1963 2734
f 610 2734 1223
f 259 830 2735
f 259 2735 2189
f 2320 1976 2736
f 2320 2736 149
f 183 1094 2737
f 183 2737 2410
f 665 18 2738
f 665 2738 2411
f 974 2297 2739
f 974 2739 2309
f 743 2298 2740
f 743 2740 2309
f 1420 1983 2741
f 1420 2741 2455
f 1660 1984 2742
f 1660 2742 2456
f 726 391 2743
f 726 2743 1920
f 1395 2347 2744
f 1395 2744 1185
f 1396 2348 2745
f 1396 2745 1186
f 1220 1957 2746
f 1220 2746 1956
f 1397 2333 2747
f 1397 2747 1141
f 684 2334 2748
f 684 2748 911
f 1030 537 2749
f 1030 2749 1997
f 1031 765 2750
f 1031 2750 1998
f 252 251 2751
f 252 2751 253
f 1111 513 2752
f 1111 2752 1879
f 1291 329 2753
f 1291 2753 1880
f 1247 615 2754
f 1247 2754 1638
f 822 385 2755
f 822 2755 179
f 8 9 2756
f 8 2756 1810
f 1151 2290 2757
f 1151 2757 173
f 1152 2291 2758
f 1152 2758 534
f 1677 1188 2759
f 1677 2759 288
f 1928 2328 2760
f 1928 2760 689
f 1929 2329 2761
f 1929 2761 161
f 1225 1691 2762
f 1225 2762 488
f 1226 1995 2763
f 1226 2763 482
f 2344 1638 2764
f 2344 2764 1213
f 655 385 2765
f 655 2765 1561
f 738 9 2766
f 738 2766 1644
f 1400 1663 2767
f 1400 2767 2365
f 266 267 2768
f 266 2768 2349
f 102 101 2769
f 102 2769 103
f 208 2288 2770
f 208 2770 1244
f 43 44 2771
f 43 2771 898
f 902 242 2772
f 902 2772 1402
f 1191 1021 2773
f 1191 2773 2207
f 1065 796 2774
f 1065 2774 292
f 138 1713 2775
f 138 2775 373
f 1192 532 2776
f 1192 2776 1403
f 903 681 2777
f 903 2777 2212
f 276 2360 2778
f 276 2778 1636
f 1437 2361 2779
f 1437 2779 1637
f 1611 788 2780
f 1611 2780 305
f 421 1377 2781
f 421 2781 1063
f 481 1777 2782
f 481 2782 2197
f 994 1368 2783
f 994 2783 1179
f 1149 1369 2784
f 1149 2784 13
f 694 1987 2785
f 694 2785 1394
f 1870 1433 2786
f 1870 2786 155
f 1250 698 2787
f 1250 2787 2377
f 595 1246 2788
f 595 2788 2378
f 2323 321 2789
f 2323 2789 1208
f 2324 168 2790
f 2324 2790 1209
f 1194 1718 2791
f 1194 2791 2202
f 984 1859 2792
f 984 2792 1815
f 979 37 2793
f 979 2793 1816
f 1629 996 2794
f 1629 2794 2264
f 2299 997 2795
f 2299 2795 514
f 511 401 2796
f 511 2796 1450
f 1254 2382 2797
f 1254 2797 2453
f 392 2381 2798
f 392 2798 592
f 2383 2050 2799
f 2383 2799 2035
f 278 2379 2800
f 278 2800 2246
f 2040 111 2801
f 2040 2801 2247
f 1010 1950 2802
f 1010 2802 1425
f 1023 1464 2803
f 1023 2803 1669
f 1465 2043 2804
f 1465 2804 2042
f 613 294 2805
f 613 2805 1451
f 692 543 2806
f 692 2806 2413
f 853 744 2807
f 853 2807 2450
f 1527 328 2808
f 1527 2808 2451
f 1467 2377 2809
f 1467 2809 299
f 1216 2378 2810
f 1216 2810 152
f 279 2389 2811
f 279 2811 2246
f 117 2390 2812
f 117 2812 2247
f 1233 1897 2813
f 1233 2813 202
f 682 88 2814
f 682 2814 1439
f 203 2230 2815
f 203 2815 2273
f 41 2231 2816
f 41 2816 2274
f 2049 2420 2817
f 2049 2817 1718
f 1720 1262 2818
f 1720 2818 2376
f 2024 1176 2819
f 2024 2819 1722
f 45 1696 2820
f 45 2820 670
f 1389 2410 2821
f 1389 2821 1636
f 1230 2411 2822
f 1230 2822 1637
f 2354 1693 2823
f 2354 2823 1692
f 790 1236 2824
f 790 2824 1019
f 133 2366 2825
f 133 2825 2261
f 1991 913 2826
f 1991 2826 2372
f 763 598 2827
f 763 2827 2373
f 2419 2063 2828
f 2419 2828 1727
f 265 264 2829
f 265 2829 2041
f 2064 2420 2830
f 2064 2830 271
f 1640 236 2831
f 1640 2831 1407
f 1203 1447 2832
f 1203 2832 1408
f 852 1413 2833
f 852 2833 206
f 521 1504 2834
f 521 2834 1401
f 2052 2403 2835
f 2052 2835 1472
f 1729 2404 2836
f 1729 2836 1473
f 1052 489 2837
f 1052 2837 1706
f 516 989 2838
f 516 2838 1443
f 1652 186 2839
f 1652 2839 1415
f 1653 1458 2840
f 1653 2840 1416
f 263 1479 2841
f 263 2841 1707
f 2069 271 2842
f 2069 2842 653
f 356 2385 2843
f 356 2843 2423
f 1654 2386 2844
f 1654 2844 2424
f 914 1441 2845
f 914 2845 1988
f 797 1442 2846
f 797 2846 1989
f 666 2391 2847
f 666 2847 1444
f 587 2392 2848
f 587 2848 1688
f 1687 443 2849
f 1687 2849 688
f 1434 2021 2850
f 1434 2850 607
f 2435 1221 2851
f 2435 2851 268
f 1462 1730 2852
f 1462 2852 299
f 1069 1731 2853
f 1069 2853 152
f 197 754 2854
f 197 2854 2316
f 33 32 2855
f 33 2855 2317
f 2443 1075 2856
f 2443 2856 1056
f 2442 918 2857
f 2442 2857 1480
f 659 55 2858
f 659 2858 408
f 1475 1062 2859
f 1475 2859 1735
f 1476 923 2860
f 1476 2860 2056
f 1496 2399 2861
f 1496 2861 299
f 1497 2400 2862
f 1497 2862 152
f 295 2412 2863
f 295 2863 2446
f 150 921 2864
f 150 2864 2447
f 2060 784 2865
f 2060 2865 1736
f 1453 2441 2866
f 1453 2866 2057
f 415 2034 2867
f 415 2867 1875
f 1365 1032 2868
f 1365 2868 1876
f 2066 2450 2869
f 2066 2869 2246
f 2067 2451 2870
f 2067 2870 2247
f 2444 723 2871
f 2444 2871 588
f 1162 518 2872
f 1162 2872 1385
f 1391 1642 2873
f 1391 2873 2252
f 837 39 2874
f 837 2874 2253
f 617 1249 2875
f 617 2875 1732
f 618 1452 2876
f 618 2876 2414
f 547 1240 2877
f 547 2877 702
f 453 2386 2878
f 453 2878 493
f 285 1678 2879
f 285 2879 2078
f 124 1716 2880
f 124 2880 2079
f 1197 2054 2881
f 1197 2881 323
f 2065 1733 2882
f 2065 2882 171
f 296 2028 2883
f 296 2883 803
f 490 2029 2884
f 490 2884 925
f 2058 2433 2885
f 2058 2885 2436
f 2059 2434 2886
f 2059 2886 2437
f 2072 1678 2887
f 2072 2887 2465
f 2073 616 2888
f 2073 2888 2466
f 2439 1375 2889
f 2439 2889 258
f 1684 307 2890
f 1684 2890 339
f 1685 157 2891
f 1685 2891 539
f 2012 1719 2892
f 2012 2892 319
f 2013 1471 2893
f 2013 2893 603
f 2425 291 2894
f 2425 2894 1036
f 2426 136 2895
f 2426 2895 1700
f 1482 281 2896
f 1482 2896 548
f 119 2464 2897
f 119 2897 1073
f 1074 2077 2898
f 1074 2898 806
f 495 1743 2899
f 495 2899 807
f 283 282 2900
f 283 2900 804
f 120 121 2901
f 120 2901 1710
f 608 2465 2902
f 608 2902 1459
f 122 2466 2903
f 122 2903 927
