v 2.229345 -0.992723 -0.862826
v 2.931756 -1.129655 0.0
v 1.920432 -1.567396 0.0
v 2.881063 -0.493146 -0.521968
v -2.033406 -0.91003 -0.96422
v -1.200688 -1.577575 -0.799188
v -0.063012 -1.583021 -0.865082
v -2.734184 -1.717948 -0.749581
v -2.267049 -1.753901 -0.662106
v -2.941731 -1.787431 -0.442574
v -3.557869 -1.325941 -0.37803
v -3.616627 -0.350374 -0.338492
v 1.734568 -2.965876 -0.986396
v 1.911792 -2.895773 -0.950117
v -3.23261 -1.834299 -1.087832
v -3.078699 -2.553982 -1.046834
v -3.240554 -2.555467 -0.856262
v 1.953911 -2.462233 -0.830594
v 1.98533 -2.221319 -0.893145
v 2.021591 -1.755289 -0.912093
v 1.966698 -1.22816 -1.153716
v 3.233975 2.059193 -0.072431
v 3.528445 1.060127 -0.489443
v 3.36004 0.165487 -0.412685
v 3.71636 2.343387 0.0
v 4.120842 0.627141 -0.185461
v 3.98851 1.297806 -0.539537
v 2.361089 1.76666 -0.202595
v 2.637461 1.01726 -0.581611
v 0.737904 1.604213 -0.281713
v 0.939271 0.379986 -1.185872
v -0.406155 1.005088 -0.971088
v 0.021051 -0.831931 -1.511548
v -1.215563 1.757097 -0.133494
v -1.551526 1.400025 -1.050193
v -1.479588 0.295746 -1.440042
v -2.187634 -0.375454 -1.406902
v -2.672899 1.90511 -0.067168
v -2.68493 1.262021 -1.11049
v -3.35851 1.810253 -0.380095
v -3.507689 1.700214 0.0
v -3.302419 -3.017921 -1.128514
v -3.900566 1.002504 0.0
v -3.674766 0.517345 -6.3e-05
v 4.897808 1.946794 -0.628057
v 4.752337 1.723388 -0.591296
v 4.982822 1.503071 -0.507606
v 4.533113 1.989009 -0.578975
v 5.04969 2.032731 7.1e-05
v 5.218821 1.803552 -0.199306
v 4.634996 2.369115 -0.140117
v 5.158322 1.23677 -0.418043
v 5.528186 1.44018 -0.250666
v 5.672187 1.164767 -0.35408
v 5.908842 1.388968 0.001026
v 5.757506 0.9579 -0.210732
v 4.920855 0.812339 0.000318
v 4.312225 1.683392 -0.639944
v 4.342351 2.581176 -0.140317
v 4.407729 2.53164 -0.486692
v 4.113935 2.334131 -0.526471
v 4.061989 2.231988 -1.178382
v 2.407309 -0.97498 0.805091
v 2.835437 -0.231101 0.57789
v -2.306662 -1.116976 0.961238
v -1.782298 -1.020581 0.943381
v -0.535144 -1.615983 0.920556
v -1.764045 -1.764987 0.406586
v -2.684452 -1.891207 0.447388
v -3.304804 -1.582192 0.643445
v -3.665774 -0.73408 0.446286
v 1.806371 -2.949735 0.984058
v -2.918293 -1.904184 1.004659
v -3.347304 -2.573628 0.955211
v -2.981187 -2.142718 0.858353
v 2.02453 -2.195334 0.811284
v 1.710406 -2.272223 0.954296
v 1.717145 -1.80953 1.004092
v 1.966698 -1.22816 1.153716
v 3.189664 0.907503 0.500122
v 4.068249 0.798926 0.400813
v 2.013534 -0.662303 1.191491
v 1.859443 1.450393 0.632222
v 0.760722 1.205036 0.700545
v -0.752416 0.438132 1.467349
v -1.479588 0.295746 1.440042
v -1.744732 1.734849 0.433807
v -2.187634 -0.375454 1.406902
v -2.71748 1.576797 0.875971
v -3.379131 0.767915 0.885996
v -3.223286 -3.00178 1.126176
v -3.72947 -0.869371 0.096946
v -3.86074 -0.188349 -0.024962
v 4.925499 1.917814 0.613413
v 5.133171 1.715563 0.334258
v 4.615408 1.639641 0.577768
v 5.233176 1.442459 0.362988
v 4.472349 2.325133 0.443764
v 4.733657 1.227371 0.592883
v 5.672187 1.164767 0.35408
v 4.187258 2.590221 0.135844
v 4.423033 2.561337 0.603562
v 4.314039 2.32946 0.57751
v 4.04473 2.254459 0.744209
v 4.036947 1.992167 1.072561
v 0.939271 0.379986 1.185872
v -0.956007 -1.825728 0.0
v 3.115383 1.49239 0.380228
v -0.559706 1.69418 0.18610700000000002
v -3.55232 0.21961300000000006 0.0
v 2.91987 0.084875 -0.64246
v -2.981187 -2.142718 -0.858353
v 2.126237 -1.330172 0.721011
v -3.921874 -0.538502 -0.145307
v -3.132772 -2.528669 0.848639
v 4.312225 1.683392 0.639944
v 4.546655 2.709095 0.80378
v 5.573803 0.952578 0.243886
v 5.378289 1.768448 0.00044099999999999695
v 4.314039 2.32946 -0.57751
v 1.705953 -3.006628 -0.83263
v -3.84447 0.498176 -0.053132
v 0.44655 -1.67295 0.0
v -2.47375 0.300945 -1.316695
v -0.910602 1.204118 0.83774
v 3.886058 1.550141 0.50483
v -0.11519000000000001 0.458427 -1.346197
v 0.960321 -0.308052 1.243133
v 3.342159 -0.384674 0.201349
v 2.247981 -3.342804 -1.127459
v -2.462835 -1.3055 -0.966395
v 1.807583 1.756546 -0.177627
v -2.591357 -1.510845 0.88547
v 4.38099 2.207701 -0.839016
v 2.053108 -1.738285 0.824853
v 2.318787 -1.29409 -0.673863
v 1.841282 -2.716008 0.708009
v 4.35668 2.682996 -0.71905
v -3.733767 -1.141917 0.111139
v 4.688114 2.046378 0.604518
v 5.92711 1.131195 0.0011180000000000079
v -2.986345 -2.93377 1.087679
v 4.215419 2.350484 0.885764
v 4.681847 2.551036 0.886235
v -3.107105 -2.947818 -1.092235
v 4.79841 1.473149 -0.570618
v -3.469715 1.961504 0.07114100000000001
v -1.395501 -0.698702 1.553257
v -3.177824 -2.279173 -1.04758
v -1.551526 1.400025 1.050193
v 2.495354 0.250522 -1.132081
v -1.576196 -1.696317 -0.358146
v 4.416475 0.921264 -0.458839
v 1.678986 -2.513137 -0.891745
v -3.569993 -0.731989 -0.649435
v 1.49748 -1.283201 1.088258
v 3.961908 2.347745 0.374747
v -2.955052 -1.49684 1.128812
v 2.723503 1.898839 0.0
v -3.823638 -1.557534 0.081533
v 4.097362 2.3666 1.239986
v 3.065544 -0.788768 0.0
v 4.022592 2.123052 -0.903284
v 5.471928 1.345179 0.313899
v 5.470775 1.009574 -0.355371
v 4.262798 2.490674 -0.818316
v -2.946527 -2.939327 -0.986343
v -3.316551 -3.168932 1.121229
v 1.771416 -2.769024 0.9461
v 4.918466 2.084725 0.532713
v 4.59262 2.569879 0.790452
v 4.973133 1.992779 -0.533466
v -3.67645 -0.551317 0.077574
v 2.013534 -0.662303 -1.191491
v -3.160225 -0.018851999999999994 1.113626
v -0.977375 -1.793126 0.498747
v -3.476235 1.287798 -0.704766
v -0.969076 0.901205 -1.146223
v 1.572979 -1.827591 -0.985823
v 2.637461 1.01726 0.581611
v -0.406155 1.005088 0.971088
v 5.096148 2.75972 0.774729
v -4.252683 -1.437854 -0.14561999999999997
v 2.126553 -3.549679 -0.701005
v -1.776785 -1.275107 -0.914703
v -2.892162 -1.781087 0.0
v -3.23261 -1.834299 1.087832
v 2.031262 -3.256709 1.111122
v -2.975439 -3.308754 1.25324
v -2.126375 -1.866497 0.502895
v 4.152166 1.868775 -1.225002
v 2.669281 -0.930664 0.557166
v 3.559394 0.706516 -0.452535
v 3.758215 2.206683 -0.323051
v 2.61797 -1.235597 -0.520238
v 4.982822 1.503071 0.507606
v 4.354411 2.102985 0.80258
v 4.99671 0.81056 -0.280771
v -3.042899 -3.193907 -1.207296
v 4.328606 2.563996 0.343892
v 5.813217 1.415581 0.195261
v 4.837331 2.235678 0.479332
v 4.760921 1.881357 -0.61312
v 4.47609 2.606654 -0.692301
v -1.395501 -0.698702 -1.553257
v -2.296056 1.06281 1.171139
v 1.975941 0.827957 -1.018423
v 0.316341 0.785311 1.08626
v 0.960321 -0.308052 -1.243133
v -3.08565 1.65734 -0.784479
v -2.937658 -1.002749 -1.219413
v -3.556552 0.704883 -0.28063
v -3.87514 1.480358 0.0
v -0.07847 -1.688266 0.80023
v -1.683863 1.789041 -0.121501
v 3.98291 1.987391 -0.639809
v -2.223917 -1.541268 0.87926
v -3.650579 -1.142448 0.0
v 2.5392 -0.727778 -0.750475
v 3.280681 0.510802 0.499434
v -4.107191 -1.83652 0.12014900000000002
v -3.068444 -2.260195 1.03507
v -2.922908 -3.637036 1.059206
v 1.640095 -0.674556 1.246804
v 1.83279 -3.296508 -0.865078
v 1.918641 -2.083654 1.001275
v 1.83279 -3.296508 0.865078
v 1.604939 -1.556997 0.0
v 2.61797 -1.235597 0.520238
v 3.4583 2.151656 0.102662
v 4.094116 2.426172 -1.381032
v -2.446375 -1.893261 -0.49411
v -3.223246 -3.225388 -0.976573
v 4.277169 2.652435 0.591369
v 4.382053 2.433474 0.798757
v 4.209941 2.600612 -0.337597
v 5.373646 0.885375 0.20884
v 4.148865 2.148829 0.986567
v 5.730427 1.435668 -0.209848
v 5.923808 1.025283 -0.153084
v 4.59262 2.569879 -0.790452
v 4.963546 1.783161 0.553515
v 5.00244 2.105746 -0.468233
v -3.476235 1.287798 0.704766
v 2.811504 0.469098 0.657443
v -3.112555 0.457376 -1.084816
v -0.487217 -1.193519 -1.504026
v 4.634996 2.369115 0.140117
v 0.223642 1.684075 -0.160743
v -3.80184 1.012668 -0.115288
v -0.524231 -1.399266 1.313019
v 3.737014 0.181837 -0.176819
v -1.996117 1.387891 -1.064104
v -3.47843 1.975409 0.0
v 3.814876 1.968416 0.443
v -1.79513 0.033438999999999997 1.37116
v 2.361089 1.76666 0.202595
v -4.018866 -1.413191 0.154149
v -3.595973 -0.346391 0.426453
v -1.88316 -1.829718 -0.401567
v 4.496191 1.024566 0.579491
v 2.346081 -0.74535 -1.013296
v -3.256731 -3.032131 0.849693
v 1.884318 -2.724404 -0.701999
v 3.276333 1.863773 -0.294266
v -3.139394 -1.687482 -0.638546
v 1.310865 -1.136322 0.914838
v 4.821336 2.621498 0.789636
v 5.588763 1.573846 0.0006859999999999922
v 4.082988 2.175805 1.45093
v -2.508885 -1.719933 0.721675
v 4.199317 2.304652 -1.17454
v 4.733657 1.227371 -0.592883
v 2.141273 -1.234642 0.941254
v 1.900481 -3.131932 0.728621
v 4.113935 2.334131 0.526471
v 5.70463 0.849158 0.12813
v 4.146067 2.278102 -0.707372
v 4.509555 2.719807 -0.819972
v 5.800778 1.078596 -0.31945
v -2.888628 -3.200302 -1.210934
v 5.001903 1.914398 0.486724
v 4.918466 2.084725 -0.532713
v -1.053434 -0.342553 -1.690245
v 2.0817 0.283249 1.259461
v 1.504951 1.483493 -0.585976
v 1.473886 -1.818947 -0.799576
v -0.536767 -0.144454 1.682232
v -3.709741 1.351194 -0.211745
v 1.473886 -1.818947 0.799576
v -2.649338 -0.241719 -1.339644
v -1.017767 1.607824 -0.541965
v 1.49748 -1.283201 -1.088258
v -0.977375 -1.793126 -0.498747
v -1.456655 -1.295527 0.89424
v -3.306875 0.379713 0.98762
v -3.053102 1.96881 -0.051104
v 2.078928 -3.584991 0.917088
v -3.67251 0.16663 -0.048579
v -3.55012 -0.984868 0.675228
v -3.347304 -2.573628 -0.955211
v -4.029726 -1.043238 0.13630500000000004
v 3.929251 0.411689 0.0
v 2.688131 -0.517509 0.672975
v 2.396355 1.242239 -0.597722
v -3.387254 -1.486027 -0.672861
v -3.162498 -2.556375 1.058409
v 2.993075 -0.708434 -0.342596
v 3.377233 1.5878 0.400781
v 1.970051 -3.141862 -1.065178
v 4.522247 1.398278 -0.644892
v 2.021366 -2.881725 0.945561
v 1.974215 -1.469208 1.068951
v -2.736599 -3.394849 -1.269577
v 3.961908 2.347745 -0.374747
v -2.126375 -1.866497 -0.502895
v 5.158322 1.23677 0.418043
v -2.787341 -3.278502 1.138621
v 5.373646 0.885375 -0.20884
v 4.036947 1.992167 -1.072561
v 2.663024 -1.440487 0.478149
v 2.663024 -1.440487 -0.478149
v 4.022592 2.123052 0.903284
v 4.148883 1.759918 0.573765
v 4.497719 2.54748 0.937659
v 4.314791 2.142163 -0.54065
v 4.440143 2.510529 -0.269164
v 5.979357 1.325532 0.125337
v 4.995978 2.148785 -0.344534
v 4.656565 2.680542 -0.799684
v 4.871155 1.741238 0.592326
v 4.926194 1.859813 -0.582137
v -1.292756 1.656509 0.5140300000000001
v 4.152166 1.868775 1.225002
v -3.096267 -0.6681 -1.140081
v 0.489819 -1.524947 -0.672392
v -1.807421 0.657142 1.209422
v 2.399389 0.782091 0.915279
v 0.939974 -0.894739 1.019809
v -0.221516 1.686349 -0.151403
v 2.60743 -0.208248 0.974218
v -1.778934 -1.550199 0.776454
v -3.582867 0.734419 -0.697787
v -1.79513 0.033438999999999997 -1.37116
v -2.079597 1.817785 -0.13837499999999997
v 1.640095 -0.674556 -1.246804
v 1.648793 -2.280014 -0.929365
v -3.75063 -0.191863 0.063305
v 2.738132 1.687333 -0.295046
v -3.27979 -1.162072 -0.784602
v -2.276341 -0.689823 1.268026
v -3.53391 -1.330455 0.568246
v 3.559394 0.706516 0.452535
v -3.581963 -1.413947 -0.10437099999999999
v 2.108912 -0.357128 1.259691
v -1.456655 -1.295527 -0.89424
v -3.519716 1.685231 0.31713
v 2.669281 -0.930664 -0.557166
v 2.734183 0.038769 -0.86581
v 4.99671 0.81056 0.280771
v 3.479418 1.97825 0.317478
v -3.339489 -2.328145 0.827572
v 3.886058 1.550141 -0.50483
v 5.397967 1.174238 -0.346802
v 1.900481 -3.131932 -0.728621
v -3.137383 -2.776449 -0.844117
v 5.127157 1.942759 0.211214
v 4.452383 2.524558 0.130255
v -3.087335 -3.350463 -0.831656
v 1.941767 -1.759457 0.997454
v -2.734184 -1.717948 0.749581
v 4.430999 1.535753 0.638888
v -2.837147 -1.791733 -0.921563
v -2.856957 -3.449728 1.356844
v 4.342998 2.664049 -0.904347
v 2.138771 -3.397683 1.214726
v 4.104292 2.537976 -0.543437
v 4.615662 2.63387 0.977986
v 2.318787 -1.29409 0.673863
v 2.126237 -1.330172 -0.721011
v 5.397967 1.174238 0.346802
v 4.192789 2.411967 0.668016
v 4.102304 2.29996 -1.025862
v 4.801436 2.750224 -0.858918
v 4.155551 2.388662 1.09196
v 5.979357 1.325532 -0.125337
v 4.561299 2.133066 -0.547248
v 5.851404 0.929008 -0.105362
v 4.861611 2.001639 0.621913
v 5.001903 1.914398 -0.486724
v -2.298249 0.768333 -1.203884
v 0.03408699999999998 -0.225059 -1.542949
v -0.11519 0.458427 1.346197
v 0.737904 1.604213 0.281713
v 4.712067 0.770512 -0.333393
v -3.716312 1.021474 0.057693
v -1.929731 1.617188 0.80639
v -2.649338 -0.241719 1.339644
v 0.544825 -1.133123 1.096902
v -3.424258 0.158638 -0.918279
v 2.706963 -1.528854 0.0
v -3.686518 -0.955181 -0.320349
v 4.153175 2.084823 0.799668
v -1.200688 -1.577575 0.799188
v 2.519027 1.485931 0.422962
v 5.85775 0.997026 0.236768
v 1.945206 -2.015769 -0.672724
v -4.042715 -0.87671 -0.168968
v -3.623861 0.911561 0.0
v -2.276341 -0.689823 -1.268026
v -0.559706 1.69418 -0.186107
v -2.703112 1.825435 -0.395127
v -2.981824 -3.608887 -1.346959
v -2.042059 -1.312976 0.940911
v -1.552229 -1.555077 -0.735708
v 2.025468 -3.556842 -1.204841
v 3.377233 1.5878 -0.400781
v 3.43895 -0.08258 -0.257015
v 1.310865 -1.136322 -0.914838
v 4.712067 0.770512 0.333393
v -3.498521 -1.762078 0.762472
v 2.50049 -0.03502899999999998 -1.170179
v -4.331331 -1.69259 -0.04359299999999999
v 2.201939 -3.226457 0.996503
v 4.068249 0.798926 -0.400813
v -3.327526 -2.075729 -1.005328
v 3.47341 1.366149 0.454658
v -2.513608 -2.012858 0.558673
v -3.712832 1.794492 0.0
v 4.6248 2.708372 -0.989445
v 4.104292 2.537976 0.543437
v 4.215419 2.350484 -0.885764
v -3.32033 -2.827513 -1.063914
v 1.718315 -2.775468 -0.921796
v -1.971059 -1.992958 0.500845
v 2.410367 -0.777999 0.841105
v 1.596751 -1.722028 0.684655
v 4.148883 1.759918 -0.573765
v -2.884711 -3.063896 0.993766
v 2.407309 -0.97498 -0.805091
v 1.721745 -3.116887 0.979111
v -1.933565 -1.993029 -0.438902
v 4.533113 1.989009 0.578975
v 4.369751 2.298204 0.921894
v 5.608974 1.317869 -0.319719
v 4.22473 2.624525 -0.491916
v -2.499138 -2.03809 -0.504529
v 4.352603 2.524888 0.890532
v 4.474625 2.465214 -0.75189
v 4.061989 2.231988 1.178382
v 4.801436 2.750224 0.858918
v 5.511556 0.863525 -0.17761299999999997
v 5.608974 1.317869 0.319719
v 5.931474 1.233483 -0.215613
v 4.154566 2.19048 -1.129552
v 4.825996 2.089176 -0.576083
v 4.973133 1.992779 0.533466
v 4.963546 1.783161 -0.553515
v 0.760722 1.205036 -0.700545
v 1.930747 -2.463535 0.894743
v -3.008323 -1.759271 0.655672
v -0.752416 0.438132 -1.467349
v -3.536654 0.442277 0.322
v 0.939974 -0.894739 -1.019809
v 4.3427 2.112281 0.516692
v 2.857666 -0.930625 0.39119500000000007
v 0.546875 -0.39094 1.363244
v -0.969076 0.901205 1.146223
v 3.814876 1.968416 -0.443
v -2.566746 -1.211312 1.167101
v -2.049879 -1.562369 -0.829319
v -2.52472 -3.561609 1.161535
v -2.137524 1.753182 0.433142
v 1.807583 1.756546 0.177627
v 3.737014 0.18183699999999997 0.176819
v -3.81743 0.150343 0.048629
v -3.637643 -0.356271 0.0
v -0.894132 1.712652 -0.151911
v -2.870422 -3.601724 -0.843123
v 1.19204 -1.330605 0.678707
v -2.070413 0.207766 1.335106
v 2.108912 -0.357128 -1.259691
v 2.747937 0.712253 -0.615674
v -1.744732 1.734849 -0.433807
v -1.802864 -0.282523 -1.401315
v -1.266738 -1.691944 0.557922
v -3.660928 1.770041 0.115431
v -3.327526 -2.075729 1.005328
v 2.835437 -0.231101 -0.57789
v -0.953236 -1.545941 -0.89918
v 2.679445 0.687427 0.720573
v 4.041657 1.039756 -0.496922
v 4.082988 2.175805 -1.45093
v -2.591357 -1.510845 -0.88547
v 4.615408 1.639641 -0.577768
v -3.19417 -3.348553 1.007196
v 3.4583 2.151656 -0.102662
v 1.857471 -2.950722 -0.669988
v 2.126553 -3.549679 0.701005
v -4.229164 -1.473093 0.11156000000000002
v -3.519716 1.685231 -0.31713
v 5.566339 1.498677 0.190905
v 4.79841 1.473149 0.570618
v -2.120746 -2.045137 -0.411171
v 1.54175 -1.643613 -1.01419
v 2.229345 -0.992723 0.862826
v -3.053267 -2.764905 1.043008
v 2.113587 -3.011851 0.851648
v 1.650318 -1.645881 1.053347
v 2.111557 -1.376942 -0.89657
v 4.416475 0.921264 0.458839
v -3.030605 -2.311222 -0.88433
v 3.967085 2.280648 0.537643
v 5.247762 0.848549 -0.10854599999999999
v -3.333954 -3.058673 -0.974748
v 5.672385 1.007694 -0.341778
v 4.760921 1.881357 0.61312
v 4.187258 2.590221 -0.135844
v 4.74405 2.179337 0.556057
v 4.411541 2.663824 0.713132
v 4.154566 2.19048 1.129552
v 4.359483 2.615839 -0.596817
v 4.273005 2.310529 0.762172
v 4.273005 2.310529 -0.762172
v 2.110033 -3.148257 -1.068816
v -2.106039 -2.019111 0.510759
v 5.931474 1.233483 0.215613
v 4.681847 2.551036 -0.886235
v -2.641567 -2.003164 0.575611
v 5.511556 0.863525 0.177613
v 4.854957 2.660227 0.92431
v 4.369751 2.298204 -0.921894
v -2.571019 -1.995375 -0.58623
v 5.884856 1.062202 -0.249545
v 5.836005 0.945722 0.0010920000000000166
v 4.872539 2.159259 -0.542891
v 5.075994 1.900999 0.443793
v 5.075994 1.900999 -0.443793
v 1.63008 0.420236 -1.172369
v -1.610025 -1.711571 0.0
v -3.19641 0.797564 -0.985913
v -0.536767 -0.144454 -1.682232
v 2.986408 -0.413503 0.42896400000000007
v -1.807421 0.657142 -1.209422
v 0.544825 -1.133123 -1.096902
v -0.533528 -0.58228 1.701405
v 1.975941 0.827957 1.018423
v -2.955052 -1.49684 -1.128812
v -0.535144 -1.615983 -0.920556
v -3.271035 -1.609292 0.0
v -2.47375 0.300945 1.316695
v -3.087335 -3.350463 0.831656
v 5.763952 1.062109 0.338641
v -2.79063 0.46881 -1.224273
v -1.996117 1.387891 1.064104
v -2.037371 -1.73636 0.656787
v -3.84447 0.498176 0.053132
v 1.462507 1.745481 0.222394
v 3.280681 0.510802 -0.499434
v 0.289039 1.496446 -0.430055
v -3.15021 -1.259588 1.001021
v 4.245225 2.008532 -0.772641
v 2.396607 -1.593239 -0.389972
v -2.137524 1.753182 -0.433142
v 5.096148 2.75972 -0.774729
v -3.684619 1.35069 0.501428
v -3.570243 -0.06009300000000001 -0.344854
v -3.26181 -2.821069 1.088218
v 4.95536 1.236724 -0.50523
v -3.529709 -0.06599799999999997 0.437217
v -0.626493 1.585426 0.4431360000000001
v -3.077669 1.871112 0.217368
v -1.292756 1.656509 -0.51403
v 2.440236 -3.509564 -1.019417
v -0.953236 -1.545941 0.89918
v 1.529305 -2.092083 0.887353
v 4.041657 1.039756 0.496922
v -1.74779 -1.667608 -0.60634
v 1.645819 -1.087442 1.173773
v 1.645819 -1.087442 -1.173773
v 4.739441 2.299169 -0.369987
v 3.06109 0.397226 0.574193
v -1.776785 -1.275107 0.914703
v 2.649413 0.03153500000000001 1.024796
v 2.688131 -0.517509 -0.672975
v 3.009101 1.971604 -0.03422
v 2.347317 1.066114 -0.758763
v -2.119856 -1.1288 -0.97096
v 4.277227 1.077746 -0.550819
v -3.890388 -1.750102 0.017612000000000013
v -3.873622 -0.759035 -0.197169
v -2.631547 -3.559891 -1.33738
v 4.063205 2.509679 0.342987
v 2.803736 -1.255869 0.43832800000000005
v 5.06084 2.053335 0.309324
v 5.197562 0.922406 0.302473
v 1.960643 -2.71286 0.90089
v 1.6249 -2.087301 -0.963391
v 1.857471 -2.950722 0.669988
v 2.059222 -3.230076 -0.674936
v -3.211005 -1.850398 -0.700723
v 2.346081 -0.74535 1.013296
v -3.357009 1.781675 -0.071216
v 2.036036 -1.57908 -0.967151
v 1.991892 -1.7484 0.65277
v 2.514167 -1.077721 -0.706614
v -3.030605 -2.311222 0.88433
v 3.967085 2.280648 -0.537643
v 4.079812 2.571649 -0.000951
v -3.169489 -2.110039 -1.076796
v 1.880971 -2.733242 -0.8902
v 4.059885 1.86046 0.470087
v 4.440713 2.398472 0.629128
v -3.091252 -3.340925 -1.235864
v 4.560751 1.785154 0.562428
v 1.926176 -3.28888 -1.093746
v 5.421809 1.685349 0.123555
v -2.03574 -1.981182 -0.547873
v -3.256731 -3.032131 -0.849693
v 4.43261 1.878873 -0.577888
v 4.303193 2.347123 1.044413
v -3.042899 -3.193907 1.207296
v 4.440143 2.510529 0.269164
v -2.685663 -2.028649 -0.514928
v 1.970051 -3.141862 1.065178
v 4.058311 2.293363 1.338054
v 4.26732 2.121987 0.61494
v 4.155551 2.388662 -1.09196
v 5.77341 1.225861 -0.323025
v 4.753015 2.699695 0.973279
v 4.32063 2.385528 -0.682583
v 4.462368 2.725999 0.882675
v 5.580727 0.99933 0.349867
v 4.146067 2.278102 0.707372
v -2.539874 -2.049824 0.460098
v 5.934596 1.054796 0.07703900000000001
v 5.00244 2.105746 0.468233
v 5.105589 1.864086 -0.347113
v 5.370709 0.980272 -0.337432
v -2.120746 -2.045137 0.411171
v 4.554459 2.511417 -0.850571
v 4.852578 1.889721 0.605031
v 4.852578 1.889721 -0.605031
v 1.63008 0.42023599999999994 1.172369
v 1.570685 0.938327 -0.989108
v -3.695452 -0.193624 -0.101369
v 0.034087000000000006 -0.225059 1.542949
v -1.061272 -1.141877 -1.49623
v -3.283698 -0.730967 0.793898
v 0.927497 -1.558489 0.0
v -2.68493 1.262021 1.11049
v 0.546875 -0.39094 -1.363244
v -0.543078 -1.810473 0.563825
v -0.543078 -1.810473 -0.563825
v 1.451825 -1.576856 -0.702758
v 2.616001 0.447717 0.960748
v 2.399389 0.782091 -0.915279
v -2.070413 0.207766 -1.335106
v -3.49052 -1.760417 -0.903104
v 2.396355 1.242239 0.597722
v 0.223642 1.684075 0.160743
v -3.283698 -0.730967 -0.793898
v -1.802864 -0.282523 1.401315
v -3.520188 0.140164 -0.618561
v 3.528445 1.060127 0.489443
v 1.756349 -2.446399 -0.705428
v -3.675638 1.471512 0.062201
v 4.103303 2.038565 -1.363737
v 5.233176 1.442459 -0.362988
v -2.930312 1.10358 -1.125876
v -1.552899 1.128654 1.15104
v -1.552899 1.128654 -1.15104
v -0.626493 1.585426 -0.443136
v 1.677597 -2.237953 0.696318
v -2.292049 -0.933921 -1.128136
v -3.583763 -0.052271 0.0
v 4.655453 0.758022 9.800000000000086e-05
v -1.215563 1.757097 0.13349400000000006
v -3.424258 0.15863800000000003 0.918279
v 3.06109 0.397226 -0.574193
v 2.857666 -0.930625 -0.39119499999999996
v 1.428883 -0.98669 1.133905
v -3.734989 1.589433 0.295202
v -3.184812 -2.768053 0.850127
v -3.335942 -1.365685 0.72459
v -1.552229 -1.555077 0.735708
v 2.13239 1.755821 -0.180271
v -2.508885 -1.719933 -0.721675
v -2.64722 -1.84401 0.594347
v 3.881998 1.764428 -0.476337
v 3.945464 2.1301 0.689536
v 3.036361 1.913989 0.169838
v 2.690576 -0.368057 -0.819343
v -1.376186 -1.661988 -0.718954
v -4.297769 -1.889903 0.177707
v -3.242148 2.021387 0.0
v 3.955635 0.432417 0.197586
v 2.743995 -0.129852 0.718277
v 1.737623 -2.485017 0.918334
v 2.534227 -1.617078 0.0
v -3.900964 -0.780883 0.091579
v 2.254361 -3.550931 1.235118
v -2.649491 -3.404362 -1.100352
v 4.567896 1.149805 -0.642484
v 5.072165 2.04363 -0.209228
v 4.235494 2.636171 0.803613
v 2.514167 -1.077721 0.706614
v 1.818266 -2.313852 -0.968652
v 1.92973 -3.298418 0.689538
v 1.92973 -3.298418 -0.689538
v 4.063205 2.509679 -0.342987
v -3.330406 -3.18519 0.950058
v 1.804927 -1.581954 1.089198
v 4.74325 1.05921 0.563421
v -3.120761 -2.15777 0.766432
v -3.120761 -2.15777 -0.766432
v 5.218821 1.803552 0.199306
v 1.805207 -1.268427 -1.165317
v 2.0796 -1.473377 -0.654997
v 3.727093 2.308406 0.150049
v -1.985123 -2.116661 0.394256
v 4.43261 1.878873 0.577888
v 4.477781 1.687858 -0.597407
v -3.227676 -3.14166 -1.103969
v -2.147113 -1.903198 -0.362462
v 4.094116 2.426172 1.381032
v 1.802387 -3.089615 -0.961851
v 2.201939 -3.226457 -0.996503
v -2.884711 -3.063896 -0.993766
v 4.084506 2.570978 0.218168
v 4.192789 2.411967 -0.668016
v -2.770335 -3.208138 1.031045
v -3.660928 1.770041 -0.115431
v -2.629199 -2.138983 0.436227
v -2.552923 -2.142304 -0.454579
v 4.199317 2.304652 1.17454
v 1.898573 -3.068274 0.994338
v 4.245225 2.008532 0.772641
v 4.752337 1.723388 0.591296
v 5.783731 1.341471 0.28459
v 4.354411 2.102985 -0.80258
v 5.710154 1.360653 -0.290072
v 5.757506 0.9579 0.210732
v 4.04473 2.254459 -0.744209
v 4.497719 2.54748 -0.937659
v 4.149438 2.34055 -1.353693
v 4.212974 2.303184 0.587113
v 5.47963 1.11131 0.364188
v 5.47963 1.11131 -0.364188
v 5.961686 1.110978 -0.090324
v 5.449164 0.847535 -0.10390899999999999
v -3.817381 0.150348 -0.048728
v 4.748031 2.683805 -0.800044
v 4.674691 2.598833 0.808006
v 4.935561 2.016016 0.5857
v 4.788476 2.028047 -0.608619
v 4.982364 1.8733 0.53619
v 4.982364 1.8733 -0.53619
v 2.0817 0.283249 -1.259461
v 0.021051 -0.831931 1.511548
v -2.825835 0.755899 1.209042
v 0.539252 0.353984 1.254493
v -3.82037 -1.239135 -0.269807
v -1.576196 -1.696317 0.358146
v 0.539252 0.353984 -1.254493
v -3.08565 1.65734 0.784479
v 1.756349 -2.446399 0.705428
v 0.93066 -1.216516 0.831196
v -3.673607 -0.720796 0.0
v -0.09413499999999997 -1.769086 -0.556924
v 3.758215 2.206683 0.323051
v 1.504951 1.483493 0.585976
v -3.672559 0.166625 0.048678
v 1.462507 1.745481 -0.222394
v -3.101125 -0.35476 1.162409
v 1.933899 -3.546253 -0.912438
v -3.675638 1.471512 -0.062201
v -0.221516 1.686349 0.151403
v -3.684619 1.35069 -0.501428
v -2.298249 0.768333 1.203884
v 2.495354 0.250522 1.132081
v -2.572286 0.835495 -1.252192
v -1.454529 0.875045 1.238858
v -1.454529 0.875045 -1.238858
v -2.90708 -0.345582 -1.281557
v -1.017767 1.607824 0.5419650000000001
v 4.380854 0.704574 -0.0001300000000000051
v 3.115383 1.49239 -0.380228
v 3.199571 -0.153739 -0.38015
v 2.377814 -3.484109 0.800332
v -1.782298 -1.020581 -0.943381
v 4.148865 2.148829 -0.986567
v 2.948387 0.783357 0.515058
v -3.15021 -1.259588 -1.001021
v -3.917882 -1.082831 -0.289171
v -3.556552 0.704883 0.28063
v 1.451825 -1.576856 0.702758
v 1.804927 -1.581954 -1.089198
v -2.709403 -1.879947 -0.508775
v 2.811504 0.469098 -0.657443
v -3.535416 0.191408 -0.338478
v -3.709741 1.351194 0.211745
v -3.339489 -2.328145 -0.827572
v 5.421809 1.685349 -0.123555
v -1.683863 1.789041 0.12150100000000003
v 2.60743 -0.208248 -0.974218
v -2.037371 -1.73636 -0.656787
v -2.337617 -1.334842 0.966761
v 1.337875 -0.945716 -1.021299
v 3.881998 1.764428 0.476337
v -3.355398 -0.969157 0.766213
v 2.339597 1.807702 0.0
v -3.314868 -1.599081 0.439626
v 2.803736 -1.255869 -0.438328
v 4.153175 2.084823 -0.799668
v 3.955635 0.432417 -0.197586
v -2.729567 -3.602976 1.377236
v -3.008412 -2.89976 0.904635
v -3.077669 1.871112 -0.217368
v 1.596751 -1.722028 -0.684655
v 4.747988 2.300163 -0.00027599999999999847
v 3.058366 1.773346 0.297337
v 5.011084 1.06677 -0.458562
v -1.091175 -1.70712 0.727242
v -1.091175 -1.70712 -0.727242
v -4.075028 -1.904403 -0.041323999999999986
v -3.141072 -2.785287 -1.032318
v 4.366867 1.131136 0.630581
v 2.013095 -2.051912 -0.911043
v 2.736198 -0.346225 0.659345
v 1.709173 -3.133145 0.80794
v 1.720031 -2.105568 0.971354
v 1.981186 -3.441282 1.180532
v 2.024692 -1.074646 1.172465
v 4.430999 1.535753 -0.638888
v 2.0796 -1.473377 0.654997
v -2.918293 -1.904184 -1.004659
v -3.843256 -0.981402 0.116282
v -0.866132 1.75467 1.734723475976807e-17
v -2.944625 -3.282121 0.817054
v -2.668957 -3.397513 -0.943626
v 4.017509 1.996169 0.731654
v 2.222082 -0.957342 -1.014137
v -3.047974 -2.109628 1.063497
v 3.727093 2.308406 -0.150049
v 4.735139 2.645464 -0.95089
v 4.097362 2.3666 -1.239986
v 5.250485 1.123029 0.385234
v 1.60129 -2.267132 -0.787696
v 2.960118 -0.941827 0.2847430000000001
v -2.147113 -1.903198 0.362462
v 4.094112 1.889281 -0.578435
v 5.103427 1.624404 0.434275
v 5.842092 1.427708 -0.130724
v 4.084506 2.570978 -0.218168
v 4.477781 1.687858 0.597407
v 1.994078 -2.713047 -0.824553
v 4.74405 2.179337 -0.556057
v -3.19417 -3.348553 -1.007196
v 2.217369 -3.156093 -0.888927
v -3.121673 -3.120319 1.136456
v 1.709173 -3.133145 -0.80794
v -3.413372 1.871604 0.142309
v 5.685194 1.452202 0.188749
v 4.129926 2.30877 1.402259
v 4.209941 2.600612 0.337597
v 4.102304 2.29996 1.025862
v 5.137075 0.824518 -0.144842
v 4.38099 2.207701 0.839016
v 5.837875 1.141493 0.305184
v -3.851206 1.007586 0.099831
v 1.911792 -2.895773 0.950117
v 4.382053 2.433474 -0.798757
v 4.079122 2.264104 -0.84501
v 5.851404 0.929008 0.10536200000000001
v -2.065655 -2.124623 -0.36872
v -2.583303 -2.089191 0.577616
v 4.212974 2.303184 -0.587113
v 5.598282 1.094735 0.386994
v 4.07851 2.41181 0.472193
v 4.444739 2.475795 0.860515
v -3.805575 -0.190109 -0.101447
v 5.60337 0.852748 0.162335
v 4.152557 2.235471 -1.217046
v 5.580727 0.99933 -0.349867
v 4.418954 2.707401 -0.782531
v 5.030289 1.827419 -0.440803
v 5.959462 1.157227 -0.187097
v 4.656565 2.680542 0.799684
v 4.674691 2.598833 -0.808006
v -2.629199 -2.138983 -0.436227
v 4.852582 1.816115 0.603105
v 4.697607 1.768061 -0.576663
v 4.953739 1.95258 -0.592256
v 5.020077 1.97817 0.480978
v -3.122061 -0.998702 1.065015
v 0.316341 0.785311 -1.08626
v -1.053434 -0.342553 1.690245
v -3.082741 -3.598298 -1.054556
v 0.93066 -1.216516 -0.831196
v -2.572286 0.835495 1.252192
v -1.395728 -1.723811 0.0
v -2.870422 -3.601724 0.843123
v -2.941731 -1.787431 0.442574
v -0.533528 -0.58228 -1.701405
v -1.929731 1.617188 -0.80639
v 0.480235 -1.631521 0.401961
v 4.995978 2.148785 0.344534
v 3.36004 0.165487 0.412685
v -1.278903 1.192051 0.946843
v -1.782928 -0.770786 -1.173619
v 2.327021 -3.352317 0.958234
v -2.033406 -0.91003 0.96422
v 1.958254 1.130271 0.861813
v -0.04157 -1.143825 1.395176
v 0.289039 1.496446 0.430055
v 3.342159 -0.384674 -0.201349
v 1.454817 -1.430228 0.976569
v -3.415655 -0.308965 0.671045
v 4.103303 2.038565 1.363737
v -2.697367 1.871291 0.218796
v 2.50049 -0.035029000000000005 1.170179
v -0.247999 1.565146 -0.389142
v 3.98851 1.297806 0.539537
v 1.821946 1.618209 -0.403751
v 1.991892 -1.7484 -0.65277
v -3.522115 -1.366623 0.0
v -3.044646 0.224321 -1.164934
v -3.55012 -0.984868 -0.675228
v -3.422698 -2.070796 0.773898
v -3.422698 -2.070796 -0.773898
v -2.030191 0.547622 1.189762
v -2.030191 0.547622 -1.189762
v -3.544507 0.4671470000000001 0.0
v -4.201904 -1.668554 -0.214859
v -2.566746 -1.211312 -1.167101
v -1.04607 1.509097 -0.76106
v 0.97453 -0.525273 1.140353
v 0.97453 -0.525273 -1.140353
v -3.734989 1.589433 -0.295202
v -1.407658 -1.236026 1.11293
v 2.70696 0.393597 -0.849582
v -3.112555 0.457376 1.084816
v 2.13239 1.755821 0.180271
v 5.011084 1.06677 0.458562
v -3.519086 1.70322 0.066709
v 1.921881 -2.157616 -0.692678
v -3.36599 -1.48517 -0.888076
v 2.898733 0.271916 0.651298
v -3.35851 1.810253 0.380095
v -1.777628 -1.473076 -0.845827
v -1.74779 -1.667608 0.60634
v -2.466779 -1.857679 0.570461
v -3.683069 -1.591975 -0.115233
v -3.36599 -1.48517 0.888076
v 2.343303 -3.507846 -1.195262
v -1.266738 -1.691944 -0.557922
v 1.90637 -2.282284 0.964887
v 2.743995 -0.129852 -0.718277
v 3.861841 0.560638 0.311961
v 3.861841 0.560638 -0.311961
v 4.389484 2.190421 -0.47332
v 3.857922 2.141554 0.521067
v 4.138494 2.557838 -0.652651
v 2.406969 1.645328 -0.341479
v 1.454817 -1.430228 -0.976569
v 2.107985 -3.363571 -0.677007
v -3.030627 -3.493327 1.32265
v -0.523838 -1.850065 0.388007
v -0.523838 -1.850065 -0.388007
v 2.274533 -1.433487 0.567366
v 2.059844 -1.561331 0.858957
v -4.387148 -1.967814 0.045602000000000004
v 2.486533 -1.274971 -0.627822
v 4.359048 0.700414 0.166651
v 3.945464 2.1301 -0.689536
v 2.690576 -0.368057 0.819343
v 1.805207 -1.268427 1.165317
v 1.643403 -2.076583 0.689565
v -3.022819 -2.52224 0.979148
v 2.384638 -0.591919 -1.043058
v -1.978016 -2.086834 -0.494327
v 4.449011 1.260929 -0.647431
v 2.222082 -0.957342 1.014137
v 2.637655 -0.768176 -0.637039
v -3.896204 -0.629183 0.077883
v 2.141273 -1.234642 -0.941254
v 5.133171 1.715563 -0.334258
v -1.365948 1.769608 0.13390100000000002
v 3.036361 1.913989 -0.169838
v 2.960118 -0.941827 -0.284743
v 5.647186 1.394606 0.257833
v 2.059222 -3.230076 0.674936
v -2.787341 -3.278502 -1.138621
v 4.560751 1.785154 -0.562428
v 3.828001 2.35254 0.233341
v 4.44385 2.449921 0.495432
v -2.892438 -1.95081 0.87812
v -2.892438 -1.95081 -0.87812
v 5.260653 1.184173 -0.352062
v 4.596478 1.512987 0.598982
v -3.333954 -3.058673 0.974748
v 1.705953 -3.006628 0.83263
v 1.529305 -2.092083 -0.887353
v 4.303615 1.799914 0.610388
v 4.303615 1.799914 -0.610388
v 4.339601 2.592642 -0.258891
v 3.922437 1.972461 -0.483563
v 5.213434 0.856784 0.0005650000000000099
v 1.741854 -3.114181 -0.700705
v -3.121673 -3.120319 -1.136456
v 4.211815 2.28249 1.039137
v 1.926176 -3.28888 1.093746
v 2.021366 -2.881725 -0.945561
v -3.008412 -2.89976 -0.904635
v -2.946527 -2.939327 0.986343
v 2.057496 -2.887282 0.844225
v 5.77341 1.225861 0.323025
v 4.079122 2.264104 0.84501
v 4.837331 2.235678 -0.479332
v 5.598282 1.094735 -0.386994
v 4.169404 2.306276 1.284031
v -3.716312 1.021474 -0.057693
v -2.062725 -1.884246 -0.307336
v 5.470775 1.009574 0.355371
v 4.825996 2.089176 0.576083
v 4.07851 2.41181 -0.472193
v 4.289048 2.172969 0.858693
v 4.289048 2.172969 -0.858693
v -2.695135 -2.12165 0.508064
v -3.765736 0.50707 0.106281
v -2.583303 -2.089191 -0.577616
v -1.978016 -2.086834 0.494327
v 4.194233 2.408334 -1.008471
v 5.60337 0.852748 -0.16233499999999998
v -3.022819 -2.52224 -0.979148
v 4.748031 2.683805 0.800044
v 4.11268 2.195089 -1.366908
v 4.117367 2.568514 0.3845
v 4.47609 2.606654 0.692301
v 5.755282 1.004149 -0.307505
v 5.835498 1.43628 0.0009460000000000024
v 5.030289 1.827419 0.440803
v 4.138687 2.474013 0.642311
v 5.923808 1.025283 0.153084
v 4.520603 2.639162 -0.745542
v 5.783731 1.341471 -0.28459
v 4.755192 2.568818 0.876311
v 4.755192 2.568818 -0.876311
v 4.821325 2.691794 -0.791887
v -3.469715 1.961504 -0.071141
v 4.908019 1.796041 -0.587882
v 5.020077 1.97817 -0.480978
v 4.861611 2.001639 -0.621913
v 4.926194 1.859813 0.582137
v -3.695565 -0.19362 0.051497
v 1.859443 1.450393 -0.632222
v -1.061272 -1.141877 1.49623
v -0.071941 -1.346991 -1.237379
v -1.278903 1.192051 -0.946843
v -3.314868 -1.599081 -0.439626
v 2.396607 -1.593239 0.389972
v -2.922908 -3.637036 -1.059206
v 1.660355 0.019396999999999998 1.246002
v 1.660355 0.019397 -1.246002
v -3.977657 -1.750845 -0.184909
v -2.79063 0.46881 1.224273
v 0.912699 -1.455066 0.576185
v 0.912699 -1.455066 -0.576185
v 2.815366 1.377583 -0.413399
v 5.604888 1.546091 -0.113773
v -0.894132 1.712652 0.15191100000000007
v -1.405685 0.573835 1.352181
v -1.405685 0.573835 -1.352181
v 0.733818 1.740873 0.0
v -2.687022 0.076781 -1.290565
v -2.267049 -1.753901 0.662106
v 3.43895 -0.08258000000000001 0.257015
v 0.857323 0.985001 0.874029
v 2.440236 -3.509564 1.019417
v 1.821946 1.618209 0.403751
v -1.837859 -0.540871 1.295851
v -1.837859 -0.540871 -1.295851
v -3.582867 0.734419 0.697787
v -2.079597 1.817785 0.138375
v 4.454962 2.523303 -0.0006029999999999996
v -1.980388 1.134038 1.143196
v -1.980388 1.134038 -1.143196
v 1.328862 -1.352627 -0.758733
v -0.094135 -1.769086 0.556924
v -3.536654 0.442277 -0.322
v 3.61965 0.472046 -0.391742
v -2.292049 -0.933921 1.128136
v 3.47341 1.366149 -0.454658
v -3.601668 1.293049 0.0
v -2.937658 -1.002749 1.219413
v -3.122061 -0.998702 -1.065015
v 2.910769 -0.638444 0.431191
v -1.407658 -1.236026 -1.11293
v -2.256285 0.547326 1.238301
v -2.256285 0.547326 -1.238301
v -3.676599 -0.729578 -0.330724
v -3.743747 -1.367219 0.100951
v 1.348219 -1.282064 0.845204
v -3.527168 1.583508 0.512679
v -3.527168 1.583508 -0.512679
v -3.281816 -2.305055 1.001878
v -1.338488 1.613735 0.7254410000000001
v 2.452588 -0.244072 1.138797
v 2.452588 -0.244072 -1.138797
v 0.53915 0.148262 1.321014
v 0.53915 0.148262 -1.321014
v -3.51684 0.14900200000000002 0.430359
v 1.700797 -2.794792 0.82425
v -2.649491 -3.404362 1.100352
v 4.175444 1.350332 0.613988
v 4.175444 1.350332 -0.613988
v -3.631179 -1.157838 0.50561
v -1.376186 -1.661988 0.718954
v -1.764045 -1.764987 -0.406586
v -2.161843 -1.325837 -0.957465
v 2.183003 1.65407 -0.341767
v 2.482917 0.997637 0.702425
v 5.137075 0.824518 0.144842
v -2.317557 -1.8742 -0.470587
v -0.179548 1.471301 -0.544513
v 2.406969 1.645328 0.341479
v 2.91987 0.084875 0.64246
v 1.838895 -1.087204 1.201408
v 1.838895 -1.087204 -1.201408
v 2.327021 -3.352317 -0.958234
v 4.126565 0.642027 -2.7755575615628914e-17
v 4.159229 1.949902 0.923197
v 2.274533 -1.433487 -0.567366
v 2.486533 -1.274971 0.627822
v 1.839523 -3.405292 -0.883488
v -4.154334 -1.677827 0.16585200000000003
v -3.357996 -1.811803 0.975625
v 2.5392 -0.727778 0.750475
v 1.974215 -1.469208 -1.068951
v 2.986408 -0.413503 -0.428964
v 4.389484 2.190421 0.47332
v -3.357996 -1.811803 -0.975625
v 2.514162 0.988713 -0.674527
v 4.031515 1.968248 -0.91846
v 2.616001 0.447717 -0.960748
v 2.111557 -1.376942 0.89657
v 2.180012 -1.130557 -0.821812
v 1.740323 -1.67983 -0.664098
v -1.365948 1.769608 -0.133901
v 1.337875 -0.945716 1.021299
v 1.428883 -0.98669 -1.133905
v 5.241466 1.040469 -0.383965
v 2.047696 -2.050138 0.814712
v 1.572979 -1.827591 0.985823
v 1.717145 -1.80953 -1.004092
v 2.893096 -1.302168 0.332049
v 2.893096 -1.302168 -0.332049
v 3.233975 2.059193 0.072431
v 1.586321 -2.273752 0.880969
v -2.687162 -1.539807 0.988048
v -2.687162 -1.539807 -0.988048
v -0.972089 -1.774507 0.76857
v -0.972089 -1.774507 -0.76857
v 4.342998 2.664049 0.904347
v 5.103427 1.624404 -0.434275
v -1.88316 -1.829718 0.401567
v 4.024858 2.106568 -1.208099
v 4.728809 0.878731 0.405801
v 4.728809 0.878731 -0.405801
v 4.303193 2.347123 -1.044413
v 4.596478 1.512987 -0.598982
v 4.344028 2.585635 0.470949
v -2.770335 -3.208138 -1.031045
v 2.217369 -3.156093 0.888927
v -3.330406 -3.18519 -0.950058
v -3.413372 1.871604 -0.142309
v -3.357009 1.781675 0.071216
v -2.964215 -1.978727 0.776572
v -2.964215 -1.978727 -0.776572
v 4.971394 2.146686 -0.224781
v -3.091252 -3.340925 1.235864
v -3.223246 -3.225388 0.976573
v -3.281816 -2.305055 -1.001878
v 4.761601 1.363013 0.57137
v 4.304562 1.906537 0.572242
v 4.304562 1.906537 -0.572242
v 5.334328 1.402713 0.332639
v -3.240554 -2.555467 0.856262
v -3.132772 -2.528669 -0.848639
v -3.18675 -3.457336 -1.025606
v 1.839523 -3.405292 0.883488
v 4.119993 2.063095 1.049178
v 4.117367 2.568514 -0.3845
v 2.057496 -2.887282 -0.844225
v -4.070739 -0.947648 0.11055400000000001
v 5.469641 0.838722 0.0007980000000000209
v 5.370709 0.980272 0.337432
v 1.663494 -2.485963 -0.790773
v 1.898573 -3.068274 -0.994338
v 4.863709 2.722151 -0.93666
v -3.053102 1.96881 0.051104
v 4.688114 2.046378 -0.604518
v 5.963117 1.307775 0.0010980000000000018
v 4.444739 2.475795 -0.860515
v 4.010847 2.270246 0.622149
v 4.010847 2.270246 -0.622149
v -3.686972 0.515966 0.053185
v 5.563253 1.235295 0.317238
v 5.563253 1.235295 -0.317238
v -3.805688 -0.190106 0.051472
v 4.194233 2.408334 1.008471
v -2.513187 -2.130859 0.49792
v -2.144393 -2.117408 -0.464489
v 4.229332 2.274522 0.672749
v 4.229332 2.274522 -0.672749
v 4.11268 2.195089 1.366908
v -3.141072 -2.785287 1.032318
v -3.053267 -2.764905 -1.043008
v 5.741781 1.463956 0.124891
v 5.959462 1.157227 0.187097
v 4.89385 2.220523 0.417713
v 4.203325 2.589186 0.219164
v -2.065655 -2.124623 0.36872
v 5.674999 0.950754 0.22796
v 5.674999 0.950754 -0.22796
v 4.043796 2.386524 0.400392
v 4.043796 2.386524 -0.400392
v 1.994078 -2.713047 0.824553
v 4.169404 2.306276 -1.284031
v 4.788476 2.028047 0.608619
v 4.462368 2.725999 -0.882675
v 5.78079 0.891286 0.0010590000000000113
v 4.520603 2.639162 0.745542
v 5.095375 1.961238 0.401516
v 4.6248 2.708372 0.989445
v 4.824747 1.946835 -0.626358
v 5.895899 1.18273 -0.164705
v -2.641567 -2.003164 -0.575611
v 4.871155 1.741238 -0.592326
v 4.964945 2.053575 -0.499903
v -3.86082 1.479723 0.062137
v 4.908019 1.796041 0.587882
v 4.729447 2.606204 0.807513
v 4.729447 2.606204 -0.807513
v 4.971872 1.924079 0.586026
v -3.65524 -0.194907 0.019208999999999997
v -3.811194 0.501935 -0.092033
v 5.01143 1.875569 -0.463205
v 1.210555 -1.460061 -0.576841
v -0.487217 -1.193519 1.504026
v 2.738132 1.687333 0.295046
v 3.199571 -0.153739 0.38015
v -2.825835 0.755899 -1.209042
v 1.736425 -2.743683 -0.736866
v 4.221814 1.660769 0.59409
v -3.821694 1.477989 -0.107631
v 5.471928 1.345179 -0.313899
v 0.005537 0.163519 1.472265
v 0.005537 0.163519 -1.472265
v 1.958254 1.130271 -0.861813
v -4.216296 -1.160854 -0.10403399999999997
v -3.096267 -0.6681 1.140081
v -1.04607 1.509097 0.76106
v -3.211005 -1.850398 0.700723
v -3.27808 1.432418 0.853958
v 1.663494 -2.485963 0.790773
v 0.489819 -1.524947 0.672392
v 0.480235 -1.631521 -0.401961
v -2.944625 -3.282121 -0.817054
v -0.524231 -1.399266 -1.313019
v 0.305671 1.298417 -0.629719
v -3.160225 -0.018852000000000008 -1.113626
v -1.376176 -0.948757 1.451608
v -1.376176 -0.948757 -1.451608
v -0.247999 1.565146 0.389142
v -3.695872 1.156978 0.316829
v -3.695872 1.156978 -0.316829
v 3.136321 0.171237 -0.539896
v 3.61965 0.472046 0.391742
v -2.656867 -1.853045 0.0
v 0.550658 -0.633015 1.331311
v 0.550658 -0.633015 -1.331311
v -3.526766 -0.317542 -0.560837
v 4.452383 2.524558 -0.130255
v 4.912303 2.162645 -8.999999999997899e-05
v -2.433366 0.078222 1.371269
v -2.433366 0.078222 -1.371269
v -3.569993 -0.731989 0.649435
v 1.497138 1.618935 -0.401108
v 4.95536 1.236724 0.50523
v -1.338488 1.613735 -0.725441
v -2.837147 -1.791733 0.921563
v -3.570384 0.385564 0.52448
v -3.570384 0.385564 -0.52448
v 2.519027 1.485931 -0.422962
v -1.796156 0.452382 1.243643
v -1.796156 0.452382 -1.243643
v -2.430508 -0.822313 1.254486
v -2.430508 -0.822313 -1.254486
v 3.33521 -0.375755 0.0
v -0.422877 -1.7512 0.823423
v 4.442912 2.343263 -0.53322
v 3.857922 2.141554 -0.521067
v 1.612396 -1.485728 -1.099731
v -0.547248 1.742126 1.3877787807814457e-17
v -3.557869 -1.325941 0.37803
v -3.53391 -1.330455 -0.568246
v 3.058366 1.773346 -0.297337
v 0.927775 0.19522499999999998 1.233043
v 0.927775 0.195225 -1.233043
v 2.301359 1.397721 0.546015
v -2.119856 -1.1288 0.97096
v 4.120842 0.627141 0.185461
v 3.966639 1.969285 0.549291
v 2.128139 1.788397 0.0
v 2.731512 0.219003 -0.891585
v 1.945206 -2.015769 0.672724
v 2.668936 0.206182 1.014371
v 1.612396 -1.485728 1.099731
v -4.309744 -1.743848 0.150329
v 4.143794 2.01372 -1.201386
v 2.024692 -1.074646 -1.172465
v -3.082741 -3.598298 1.054556
v 2.5704 0.738683 0.830405
v 2.515314 -1.507063 0.483275
v 2.515314 -1.507063 -0.483275
v 1.741854 -3.114181 0.700705
v 2.384638 -0.591919 1.043058
v -2.736599 -3.394849 1.269577
v -2.856957 -3.449728 -1.356844
v 4.216374 0.852328 -0.405873
v 4.496191 1.024566 -0.579491
v -2.697367 1.871291 -0.218796
v 4.031515 1.968248 0.91846
v 2.637655 -0.768176 0.637039
v 2.618307 -0.549092 -0.805491
v -2.503818 -1.909806 0.431456
v 2.180012 -1.130557 0.821812
v -1.227613 1.709095 0.2760290000000001
v -3.008323 -1.759271 -0.655672
v 2.0482 -1.581983 0.555832
v 2.0482 -1.581983 -0.555832
v 1.933899 -3.546253 0.912438
v 2.078928 -3.584991 -0.917088
v 2.247981 -3.342804 1.127459
v 2.138771 -3.397683 -1.214726
v 4.561299 2.133066 0.547248
v 2.386465 -1.116066 -0.761367
v 4.235494 2.636171 -0.803613
v 2.058189 -0.931238 1.163518
v -1.601625 -1.593321 0.605607
v -1.601625 -1.593321 -0.605607
v -3.742608 -0.729374 -0.149361
v 2.993075 -0.708434 0.342596
v 2.670253 -1.108365 0.544018
v 2.670253 -1.108365 -0.544018
v -1.226563 -1.655159 0.687343
v -1.226563 -1.655159 -0.687343
v 1.864064 -2.469953 -0.935601
v 3.828001 2.35254 -0.233341
v 2.113587 -3.011851 -0.851648
v -1.108758 -1.770749 0.473033
v -1.108758 -1.770749 -0.473033
v 1.918641 -2.083654 -1.001275
v -4.273069 -1.798884 -0.099878
v -2.791754 -3.635993 -1.078555
v 4.32063 2.385528 0.682583
v 4.277227 1.077746 0.550819
v 1.524407 -1.125312 1.142248
v 1.524407 -1.125312 -1.142248
v -3.144012 -2.333635 0.829994
v -3.144012 -2.333635 -0.829994
v 2.679445 0.687427 -0.720573
v -3.063133 -1.440555 1.090926
v -3.063133 -1.440555 -1.090926
v 5.672385 1.007694 0.341778
v -2.144393 -2.117408 0.464489
v 4.342351 2.581176 0.140317
v -3.169489 -2.110039 1.076796
v -3.047974 -2.109628 -1.063497
v -2.042059 -1.312976 -0.940911
v 4.046673 2.341349 -1.45253
v 4.262798 2.490674 0.818316
v 5.004627 0.908637 0.345273
v 5.004627 0.908637 -0.345273
v 4.761601 1.363013 -0.57137
v 5.247762 0.848549 0.10854600000000002
v 4.211815 2.28249 -1.039137
v 5.105589 1.864086 0.347113
v 5.680007 1.510009 0.0007859999999999968
v -2.749867 -3.295148 0.966073
v 2.235942 -3.243103 0.823955
v 5.383208 1.619661 -0.202452
v 5.70463 0.849158 -0.12812999999999997
v -3.135041 -3.243787 1.189436
v -3.135041 -3.243787 -1.189436
v -3.805841 -0.798961 0.099237
v 4.221814 1.660769 -0.59409
v 1.544087 -2.080722 0.786432
v 1.544087 -2.080722 -0.786432
v -2.062725 -1.884246 0.307336
v -3.166971 -3.002766 0.812106
v -3.166971 -3.002766 -0.812106
v -2.695135 -2.12165 -0.508064
v 1.886443 -3.191742 1.047318
v 1.886443 -3.191742 -1.047318
v 4.0247 2.187859 0.814219
v 4.0247 2.187859 -0.814219
v 4.017509 1.996169 -0.731654
v 4.152557 2.235471 1.217046
v 4.088356 2.510913 0.453793
v 4.088356 2.510913 -0.453793
v 5.425783 1.264372 0.329687
v 4.307092 2.367482 0.877202
v 4.307092 2.367482 -0.877202
v 4.459682 1.778884 0.588185
v 4.554459 2.511417 0.850571
v 4.197609 2.164063 0.857433
v 4.197609 2.164063 -0.857433
v -3.932489 -0.556566 0.03735400000000001
v 4.328606 2.563996 -0.343892
v -2.106039 -2.019111 -0.510759
v 4.228523 2.435029 1.098575
v 4.460582 2.622875 -0.957002
v 5.915025 1.382159 -0.13682
v 4.89385 2.220523 -0.417713
v -1.985123 -2.116661 -0.394256
v -3.078699 -2.553982 1.046834
v -3.162498 -2.556375 -1.058409
v 3.252224 2.026347 0.148215
v 4.112302 2.285832 0.5955
v 4.112302 2.285832 -0.5955
v 4.305411 2.059245 -0.539407
v 4.278045 1.97666 0.537351
v 4.029016 2.519175 0.249385
v 4.029016 2.519175 -0.249385
v -2.03574 -1.981182 0.547873
v -3.302419 -3.017921 1.128514
v -3.223286 -3.00178 -1.126176
v -2.685663 -2.028649 0.514928
v 1.864064 -2.469953 0.935601
v -3.238225 2.005405 -0.075645
v 4.465268 2.695425 0.757267
v 5.095375 1.961238 -0.401516
v 5.690122 1.092917 -0.37085
v 4.484667 2.534451 -0.708888
v 5.847989 1.311569 0.261476
v 4.927885 2.15656 0.516579
v 1.734568 -2.965876 0.986396
v 1.806371 -2.949735 -0.984058
v 4.697607 1.768061 0.576663
v 5.884856 1.062202 0.249545
v 5.85775 0.997026 -0.236768
v 4.821325 2.691794 0.791887
v 4.821336 2.621498 -0.789636
v -3.519086 1.70322 -0.066709
v 4.697024 1.862575 -0.604048
v 5.908782 1.066916 0.0011210000000000113
v 4.148927 2.388726 1.376879
v 4.863709 2.722151 0.93666
v -2.539874 -2.049824 -0.460098
v 4.753015 2.699695 -0.973279
v -3.821694 1.477989 0.107631
v 4.197516 2.349135 -1.253043
v 5.434594 0.970412 0.330823
v 5.434594 0.970412 -0.330823
v 4.991904 1.760829 0.510386
v 4.991904 1.760829 -0.510386
v 4.646703 2.728688 0.822295
v 4.646703 2.728688 -0.822295
v -3.828633 0.149083 0.0
v -3.765736 0.50707 -0.106281
v 5.01143 1.875569 0.463205
v 4.925394 1.955229 0.618837
v 4.971872 1.924079 -0.586026
v 1.570685 0.938327 0.989108
v -0.910602 1.204118 -0.83774
v -3.27808 1.432418 -0.853958
v -3.109047 1.789477 0.565323
v 3.189664 0.907503 -0.500122
v -1.120716 0.424016 1.45699
v -1.120716 0.424016 -1.45699
v 1.289448 -1.546597 0.0
v -1.489699 -0.024215 1.510987
v -1.489699 -0.024215 -1.510987
v 2.815366 1.377583 0.413399
v 4.856249 2.593812 0.867067
v 4.856249 2.593812 -0.867067
v 2.309358 -3.345468 -0.801508
v 4.83289 2.262727 0.283787
v 0.857323 0.985001 -0.874029
v -2.52472 -3.561609 -1.161535
v 2.970902 -0.959664 4.163336342344337e-17
v 0.305671 1.298417 0.629719
v -4.227645 -1.227895 0.06989400000000001
v -2.901159 -0.619504 -1.284058
v -1.782928 -0.770786 1.173619
v 1.677597 -2.237953 -0.696318
v -2.013663 0.810726 1.158827
v -2.013663 0.810726 -1.158827
v -3.044646 0.224321 1.164934
v 0.530629 -1.316423 0.929842
v 0.530629 -1.316423 -0.929842
v -1.001366 -1.335897 1.353338
v -1.001366 -1.335897 -1.353338
v -2.901159 -0.619504 1.284058
v -3.244771 1.19554 0.910945
v 3.590526 1.70109 0.411994
v 3.590526 1.70109 -0.411994
v 3.136321 0.171237 0.539896
v -2.223917 -1.541268 -0.87926
v -2.593513 -3.536154 0.94245
v -3.306875 0.379713 -0.98762
v -0.597781 1.48962 0.6410470000000001
v 1.497138 1.618935 0.401108
v 2.898733 0.271916 -0.651298
v -2.64722 -1.84401 -0.594347
v -2.050292 -0.755566 -1.114167
v -3.355398 -0.969157 -0.766213
v 1.664159 -0.189659 1.266729
v 1.664159 -0.189659 -1.266729
v -3.27979 -1.162072 0.784602
v 1.921881 -2.157616 0.692678
v -1.403848 1.533059 0.902827
v -1.403848 1.533059 -0.902827
v -2.064786 0.018789 1.411866
v -2.064786 0.018789 -1.411866
v -1.936032 -1.829617 0.488916
v -1.936032 -1.829617 -0.488916
v -3.667859 -0.964867 0.464702
v 2.183003 1.65407 0.341767
v -3.120907 -1.707924 -0.431829
v -2.317557 -1.8742 0.470587
v -4.015306 -1.659952 0.13033100000000003
v 2.301359 1.397721 -0.546015
v -3.520188 0.140164 0.618561
v 2.45706 -1.400958 0.539866
v 2.348182 -1.624595 0.0
v -3.884588 -1.261469 0.148322
v -2.049879 -1.562369 0.829319
v 2.715712 1.828219 -0.167709
v 1.794465 1.787719 0.0
v 2.734183 0.038769 0.86581
v 2.649413 0.03153500000000001 -1.024796
v -0.11266599999999999 -1.806584 -0.383324
v -3.655148 1.190938 0.573692
v -3.655148 1.190938 -0.573692
v 0.516872 -0.020712999999999995 1.356627
v 0.516872 -0.020712999999999995 -1.356627
v 2.910769 -0.638444 -0.431191
v -1.686329 -1.414405 0.869373
v 4.359048 0.700414 -0.16665100000000002
v 0.234527 1.730117 0.0
v 3.67471 0.338839 0.30784
v 3.67471 0.338839 -0.30784
v 5.177545 1.932323 0.0002139999999999989
v 2.347317 1.066114 0.758763
v -2.725776 -1.214862 1.190384
v -2.725776 -1.214862 -1.190384
v -0.812845 -1.785424 0.768511
v -0.812845 -1.785424 -0.768511
v -0.954897 1.677544 -0.293034
v -3.415655 -0.308965 -0.671045
v 2.45706 -1.400958 -0.539866
v 4.119993 2.063095 -1.049178
v 4.449011 1.260929 0.647431
v -3.526766 -0.317542 0.560837
v 1.219163 -1.218342 0.823029
v 1.219163 -1.218342 -0.823029
v 2.70696 0.393597 0.849582
v 2.618307 -0.549092 0.805491
v 4.963526 0.797382 -0.14344
v 3.870548 2.292106 -0.368964
v -3.07531 1.846 -0.363149
v 2.058189 -0.931238 -1.163518
v 4.143794 2.01372 1.201386
v -1.396332 1.723782 -0.267642
v -3.451965 -2.077314 0.931974
v -3.451965 -2.077314 -0.931974
v 2.386465 -1.116066 0.761367
v -2.890885 -3.415616 -0.819125
v -2.057387 1.841308 5.204170427930421e-18
v 1.599889 -1.595526 0.623185
v 1.599889 -1.595526 -0.623185
v -3.335942 -1.365685 -0.72459
v 3.823349 2.141733 0.428356
v 2.292449 -0.871852 -0.8824
v -3.074557 -3.486847 0.843432
v 1.941325 -3.434803 0.701314
v 1.941325 -3.434803 -0.701314
v -3.57817 0.837714 0.288502
v -3.57817 0.8377140000000001 -0.288502
v 4.474318 2.418432 -0.361347
v 4.024858 2.106568 1.208099
v -3.392806 1.769365 0.0
v -4.073086 -1.649491 -0.238382
v -1.397474 -1.693815 0.570541
v -1.397474 -1.693815 -0.570541
v 4.359483 2.615839 0.596817
v -3.387254 -1.486027 0.672861
v 4.159229 1.949902 -0.923197
v -2.981824 -3.608887 1.346959
v -3.030627 -3.493327 -1.32265
v 2.824356 -1.407256 0.355013
v 2.824356 -1.407256 -0.355013
v 5.216855 1.636645 -0.279797
v 2.025468 -3.556842 1.204841
v 1.981186 -3.441282 -1.180532
v 3.286426 -0.300744 0.276331
v 3.286426 -0.300744 -0.276331
v 4.474318 2.418432 0.361347
v 2.099566 -1.259996 1.055763
v -3.010917 -1.884498 1.08351
v -3.010917 -1.884498 -1.08351
v 1.635139 -0.965221 1.184968
v 1.635139 -0.965221 -1.184968
v 1.90637 -2.282284 -0.964887
v 2.071448 -1.410118 -1.006192
v 4.046673 2.341349 1.45253
v 4.297891 0.911506 0.447987
v 4.094112 1.889281 0.578435
v 1.941767 -1.759457 -0.997454
v 1.54175 -1.643613 1.01419
v 1.650318 -1.645881 -1.053347
v -2.048681 -2.165282 0.450843
v -2.048681 -2.165282 -0.450843
v 5.679621 0.8395 0.0009850000000000136
v -4.405365 -1.921443 0.19297800000000004
v 4.641547 1.285422 -0.622034
v -3.177824 -2.279173 1.04758
v -3.068444 -2.260195 -1.03507
v -1.686329 -1.414405 -0.869373
v 4.121121 1.614451 0.587188
v 4.121121 1.614451 -0.587188
v 4.440713 2.398472 -0.629128
v 5.383208 1.619661 0.202452
v 2.001343 -2.847715 0.762517
v 2.001343 -2.847715 -0.762517
v 5.449164 0.847535 0.10390900000000003
v 4.141189 1.008775 -0.499342
v 5.573803 0.952578 -0.24388599999999994
v -2.822497 -3.186549 1.120984
v -2.822497 -3.186549 -1.120984
v 2.170039 -3.134504 0.978866
v 2.170039 -3.134504 -0.978866
v 2.604217 0.728827 -0.769671
v 1.60129 -2.267132 0.787696
v -3.227676 -3.14166 1.103969
v -3.316551 -3.168932 -1.121229
v 5.687035 1.499636 -0.110765
v 5.425783 1.264372 -0.329687
v 3.928869 2.223919 0.615683
v 3.928869 2.223919 -0.615683
v 1.818266 -2.313852 0.968652
v 5.299005 0.908991 -0.260177
v 4.459682 1.778884 -0.588185
v -3.235873 -2.335338 0.820588
v -3.235873 -2.335338 -0.820588
v 4.354196 2.711836 0.826545
v 4.296538 2.243779 0.925459
v 4.296538 2.243779 -0.925459
v 4.26732 2.121987 -0.61494
v 4.715646 1.502195 0.584339
v 4.872539 2.159259 0.542891
v 1.802387 -3.089615 0.961851
v 1.721745 -3.116887 -0.979111
v 4.228523 2.435029 -1.098575
v -2.503818 -1.909806 -0.431456
v 4.138687 2.474013 -0.642311
v 4.203325 2.589186 -0.219164
v -3.016419 -2.765091 0.966671
v -3.016419 -2.765091 -0.966671
v 3.252224 2.026347 -0.148215
v 4.138494 2.557838 0.652651
v 5.241466 1.040469 0.383965
v 5.886832 1.385674 0.172365
v 4.278045 1.97666 -0.537351
v 4.104864 2.298353 0.915735
v 4.104864 2.298353 -0.915735
v 5.681726 1.282503 0.333871
v 4.273414 2.686575 -0.753674
v 4.404221 1.662433 0.61661
v 1.586321 -2.273752 -0.880969
v -3.238225 2.005405 0.07564500000000002
v 4.484667 2.534451 0.708888
v 5.847989 1.311569 -0.261476
v 5.837875 1.141493 -0.305184
v 5.097062 1.954206 -0.328795
v -2.060902 -2.031698 0.372079
v -2.060902 -2.031698 -0.372079
v 5.895899 1.18273 0.164705
v 4.574545 2.669863 -0.780363
v 4.305411 2.059245 0.539407
v -3.975337 -0.554961 -0.01440699999999999
v 4.824747 1.946835 0.626358
v 4.148927 2.388726 -1.376879
v 5.755282 1.004149 0.307505
v 4.935561 2.016016 -0.5857
v -2.571019 -1.995375 0.58623
v -3.740631 -0.558176 0.085478
v 5.934596 1.054796 -0.07703899999999997
v -3.32033 -2.827513 1.063914
v -3.26181 -2.821069 -1.088218
v 4.927885 2.15656 -0.516579
v 4.927282 1.486953 -0.526327
v -3.609021 1.745588 -0.133304
v 4.197516 2.349135 1.253043
v -3.88734 1.003866 -0.057635
v -3.703058 1.022838 -6.899999999999962e-05
v 1.718315 -2.775468 0.921796
v 1.771416 -2.769024 -0.9461
v 4.035753 2.399538 0.343957
v 4.035753 2.399538 -0.343957
v 4.662221 2.556346 0.940618
v 4.662221 2.556346 -0.940618
v 5.480649 0.941387 0.316248
v -3.768245 1.475619 0.124295
v 4.332083 2.586481 0.194917
v 5.425352 1.035967 -0.34272
v 4.728931 2.721892 0.832625
v 4.728931 2.721892 -0.832625
v 5.058179 1.788186 0.417387
v 5.057495 2.002751 0.451974
v 4.936066 1.737668 0.557276
v 5.580223 1.04747 0.372696
v 4.111934 2.234814 -1.399949
v -2.667969 -2.036634 0.471396
v -2.667969 -2.036634 -0.471396
v -3.703099 0.163192 -0.084205
v -3.786822 0.153783 0.084233
v 4.751519 2.039658 0.634134
v 4.751519 2.039658 -0.634134
v 4.861618 1.854067 -0.618095
v 4.953739 1.95258 0.592256
v 4.991709 1.844295 -0.520761
f 563 1539 3
f 308 162 1494
f 9 688 1512
f 1530 807 578
f 1308 929 350
f 548 1615 15
f 601 716 1180
f 716 601 931
f 931 803 716
f 1580 1184 803
f 1499 666 947
f 666 154 18
f 1343 1149 926
f 18 19 666
f 21 1619 1140
f 1305 718 798
f 23 27 425
f 1094 363 23
f 194 469 265
f 308 917 162
f 29 1296 1481
f 1481 1070 788
f 252 1556 816
f 1317 942 1517
f 1110 1337 981
f 549 1271 1059
f 178 672 1060
f 284 1486 1074
f 1486 284 205
f 1057 286 925
f 645 207 759
f 939 1522 482
f 843 1576 174
f 1149 1343 3
f 655 1250 1089
f 1585 1250 655
f 1250 650 1069
f 346 809 939
f 209 127 30
f 392 652 33
f 1059 33 545
f 545 33 1283
f 673 1478 937
f 247 648 905
f 1083 1275 911
f 1519 410 1083
f 253 412 906
f 412 253 39
f 1501 39 253
f 37 1288 1528
f 1514 343 541
f 400 335 1564
f 1575 210 40
f 1401 1499 407
f 947 407 1499
f 1143 948 1376
f 301 1430 433
f 17 301 619
f 1673 1036 366
f 335 1097 662
f 1520 1097 350
f 1518 1239 799
f 46 1240 146
f 48 1203 995
f 620 995 1657
f 387 51 581
f 1557 50 705
f 1607 1394 669
f 1394 53 669
f 53 1258 669
f 854 1651 1042
f 1454 56 1041
f 629 1687 1238
f 1210 1021 749
f 823 1153 1386
f 1153 1656 1386
f 153 395 1553
f 589 1117 983
f 620 1657 1006
f 1117 1399 835
f 1594 51 387
f 59 48 120
f 377 964 1670
f 1714 1361 609
f 1008 1654 216
f 58 61 134
f 1654 976 1410
f 1216 134 1416
f 1678 741 1434
f 1434 620 1678
f 1342 3 1062
f 1098 830 192
f 176 107 1546
f 764 902 176
f 68 540 764
f 952 556 1529
f 1281 1125 69
f 1125 1338 69
f 1534 953 1125
f 1024 540 1402
f 71 769 1531
f 218 1531 769
f 550 813 927
f 1265 1179 715
f 715 930 1265
f 930 715 362
f 362 1107 1579
f 767 1267 674
f 1154 135 370
f 958 76 226
f 226 832 1655
f 1584 605 1318
f 509 156 1104
f 972 313 713
f 1301 129 162
f 1078 129 252
f 80 108 1487
f 475 697 1555
f 353 960 81
f 353 81 665
f 1329 1109 355
f 285 355 781
f 83 914 660
f 468 85 393
f 1259 288 647
f 898 1073 1485
f 1485 148 898
f 1058 898 1274
f 355 285 1064
f 984 82 1351
f 3 1342 1584
f 1584 480 228
f 480 1484 228
f 224 938 1151
f 394 84 772
f 394 772 1516
f 208 1495 181
f 1282 915 399
f 915 214 1503
f 1503 214 1268
f 663 65 295
f 1082 351 913
f 1085 921 473
f 397 473 89
f 473 921 1480
f 561 896 1523
f 1523 955 561
f 1277 796 1084
f 1294 1537 296
f 1502 398 1067
f 761 651 90
f 1508 90 651
f 950 1480 572
f 307 568 1218
f 507 74 115
f 684 115 980
f 1263 649 896
f 1277 802 1095
f 1277 1095 409
f 122 557 43
f 429 213 254
f 1464 487 254
f 1208 396 871
f 396 667 1718
f 396 1710 667
f 1247 646 1730
f 591 882 1730
f 93 591 348
f 1222 908 1491
f 1664 739 96
f 1390 95 717
f 717 95 1637
f 95 97 1637
f 99 1291 1185
f 99 1664 1001
f 164 118 55
f 1681 740 992
f 743 277 875
f 1035 1628 277
f 57 1009 1124
f 1385 596 1676
f 1385 945 714
f 1567 372 1116
f 1491 908 1286
f 59 1379 1086
f 1379 59 101
f 997 623 1173
f 997 1173 102
f 103 98 613
f 1713 1436 609
f 1675 706 234
f 1713 609 996
f 1587 963 513
f 1206 634 1432
f 1335 323 691
f 1622 842 1315
f 1622 1335 842
f 1142 103 465
f 443 1142 465
f 627 1215 869
f 1193 334 1419
f 975 1621 1314
f 1621 81 1314
f 69 689 461
f 371 1179 461
f 1179 70 461
f 772 914 1477
f 772 1477 84
f 294 1546 107
f 260 540 1024
f 692 159 1252
f 361 1509 255
f 34 30 125
f 1340 333 87
f 12 259 212
f 1295 343 1514
f 1279 1517 111
f 1279 111 489
f 1036 1632 512
f 1036 1373 1190
f 1326 1062 971
f 984 274 1351
f 1695 93 408
f 139 1354 173
f 1372 980 115
f 1658 1189 362
f 372 1256 116
f 1417 1005 722
f 102 382 448
f 520 706 234
f 100 1209 879
f 100 879 1377
f 804 1557 119
f 1394 1071 53
f 1303 387 120
f 166 1670 964
f 225 1136 1591
f 1712 154 1360
f 1257 1709 250
f 1457 1710 667
f 1546 1090 123
f 1269 650 1069
f 1254 782 554
f 1254 246 541
f 1072 1340 786
f 1515 181 1276
f 924 665 126
f 1116 1256 372
f 32 897 127
f 462 542 1074
f 1310 1549 128
f 1521 938 355
f 1253 543 1610
f 1253 1610 1078
f 1407 225 1136
f 860 967 600
f 1512 688 131
f 588 936 675
f 1122 1536 925
f 1532 474 1081
f 1093 1299 470
f 1077 953 1534
f 1602 562 741
f 163 134 278
f 1613 313 972
f 1342 605 1584
f 843 1576 987
f 681 1158 2
f 1229 767 137
f 699 1267 1648
f 522 446 138
f 1636 873 631
f 1398 173 139
f 1262 354 795
f 1452 615 140
f 202 1348 1491
f 55 56 240
f 1238 534 1688
f 263 568 507
f 263 684 1189
f 634 1215 523
f 323 867 105
f 235 382 1384
f 881 448 520
f 1704 1430 827
f 1404 1015 366
f 1706 1240 146
f 1706 569 52
f 696 254 147
f 572 863 950
f 941 1505 1274
f 941 1274 1498
f 1615 15 610
f 999 1381 112
f 468 1482 783
f 1108 397 87
f 1317 1146 151
f 1545 1110 806
f 294 957 152
f 294 152 902
f 1332 1553 153
f 1641 589 27
f 1255 434 154
f 1255 1199 264
f 1284 1102 155
f 1564 662 335
f 978 1320 156
f 1129 1616 82
f 996 1713 157
f 996 157 771
f 1161 1614 158
f 1559 1375 1096
f 1127 1252 159
f 1296 1070 1481
f 1103 1354 354
f 500 183 1496
f 143 1679 1212
f 1012 736 521
f 466 192 1098
f 850 1355 1494
f 383 1409 163
f 191 1602 1420
f 1188 502 164
f 1676 1198 237
f 1021 749 165
f 885 1467 1642
f 873 731 166
f 138 1682 446
f 1673 366 1015
f 1270 729 233
f 1439 1703 1002
f 91 861 142
f 460 767 1229
f 599 1638 137
f 94 140 202
f 1724 1222 908
f 117 1234 171
f 531 1488 1048
f 1469 47 1166
f 1458 1203 995
f 773 1731 1247
f 44 1247 299
f 1110 981 482
f 151 759 657
f 1502 398 775
f 679 775 919
f 653 1561 176
f 969 176 1546
f 1106 1479 177
f 940 289 41
f 32 127 178
f 1478 178 1060
f 1365 598 1156
f 1365 1156 1623
f 80 405 180
f 793 1123 491
f 125 1515 181
f 468 181 393
f 1244 1048 1488
f 754 182 531
f 354 1262 763
f 1629 423 500
f 1345 1591 184
f 416 184 525
f 5 9 356
f 911 1099 1275
f 799 1125 1281
f 1061 550 927
f 158 1614 187
f 1375 1138 955
f 72 312 275
f 1114 599 137
f 1649 1439 861
f 496 1324 1589
f 1167 540 1402
f 1529 1438 556
f 1566 1420 191
f 1566 191 1322
f 1336 830 192
f 707 229 1135
f 23 425 193
f 1481 559 483
f 845 497 194
f 1361 315 1714
f 974 606 195
f 1343 563 3
f 853 1725 196
f 853 196 97
f 1415 1215 869
f 1661 1419 238
f 1573 868 198
f 1573 198 395
f 145 1011 199
f 145 1644 729
f 1223 1719 866
f 1223 866 1039
f 1042 1220 201
f 1377 553 100
f 1665 519 202
f 1449 1222 1724
f 1054 756 203
f 1734 203 893
f 138 522 204
f 886 1425 375
f 490 1271 1506
f 490 1506 356
f 1087 1500 206
f 555 651 89
f 657 759 207
f 1536 1057 925
f 1079 1495 208
f 1079 208 106
f 1311 1522 209
f 1550 652 392
f 39 412 210
f 39 210 40
f 1560 1300 211
f 1376 1097 794
f 934 1091 212
f 110 463 1113
f 1709 1257 213
f 871 1718 396
f 67 915 214
f 969 1090 1546
f 1292 35 906
f 1340 1085 87
f 852 1008 216
f 852 1410 1145
f 808 271 217
f 414 1541 342
f 402 769 218
f 11 927 1061
f 1 4 358
f 606 358 1357
f 793 245 582
f 80 353 665
f 160 258 1137
f 590 826 1066
f 998 75 844
f 1614 1380 187
f 903 1589 223
f 1182 1324 496
f 82 1616 224
f 82 224 938
f 727 1407 225
f 727 225 862
f 370 1154 226
f 78 226 832
f 188 441 275
f 1175 993 508
f 3 1149 228
f 3 228 1584
f 192 707 1356
f 192 1356 466
f 22 25 361
f 1431 361 1509
f 383 320 455
f 1389 455 792
f 9 688 232
f 1125 1669 799
f 1404 729 233
f 724 859 1397
f 1600 520 234
f 1173 234 431
f 1418 1686 881
f 1418 881 325
f 327 60 236
f 1437 711 1714
f 530 1717 237
f 530 237 1640
f 920 1577 521
f 920 1411 1217
f 53 1071 239
f 445 1047 54
f 750 888 534
f 1702 1454 56
f 873 375 1425
f 1232 1425 886
f 1723 853 1468
f 282 242 170
f 581 821 1286
f 638 705 50
f 1266 1105 244
f 1508 244 90
f 64 1511 1128
f 1572 1109 1329
f 554 1254 246
f 1076 928 291
f 33 905 247
f 33 247 1059
f 1348 1491 248
f 1348 248 98
f 394 84 916
f 645 1492 31
f 1473 1709 250
f 1473 1023 44
f 67 915 251
f 67 251 575
f 418 1556 252
f 1301 252 129
f 35 906 253
f 672 1088 1501
f 40 819 1177
f 40 1177 1596
f 810 1509 255
f 810 1315 612
f 1485 148 663
f 932 481 1100
f 812 159 257
f 1316 944 474
f 1540 838 258
f 1540 258 160
f 71 477 259
f 649 919 775
f 1120 540 260
f 1530 618 807
f 714 1169 261
f 99 1567 1001
f 1588 174 981
f 1588 981 1337
f 1002 1703 263
f 1183 1403 439
f 1639 498 264
f 1639 264 857
f 497 194 265
f 1309 788 349
f 799 1518 1341
f 1061 306 11
f 156 1104 267
f 1151 339 938
f 378 1715 531
f 1236 630 1721
f 119 55 502
f 1637 502 1188
f 1595 920 270
f 1022 1217 1411
f 133 808 271
f 1161 1293 73
f 1465 1668 272
f 1038 884 668
f 823 1386 273
f 723 835 58
f 113 1339 1147
f 836 1147 972
f 227 831 275
f 790 709 1393
f 747 634 1432
f 1675 431 234
f 883 743 277
f 883 277 1035
f 1433 1207 278
f 1433 278 878
f 1693 886 279
f 1693 279 1471
f 629 1238 1688
f 516 1041 1642
f 199 145 1644
f 614 1604 1191
f 1055 242 757
f 755 457 170
f 390 894 283
f 390 283 329
f 542 1074 284
f 905 284 648
f 338 781 285
f 547 285 1477
f 30 1290 286
f 30 286 459
f 1004 179 287
f 1401 1149 407
f 85 1259 288
f 85 288 1073
f 1278 940 289
f 1278 1095 409
f 576 1155 290
f 979 1584 1318
f 37 1288 291
f 37 1497 211
f 34 1563 292
f 1578 573 484
f 718 1305 293
f 1130 1617 174
f 970 1546 294
f 825 1364 957
f 66 1498 295
f 583 342 414
f 1084 1294 296
f 90 943 761
f 412 210 1575
f 921 572 1480
f 1192 833 1344
f 1192 1344 1590
f 1473 44 299
f 1248 1730 752
f 71 352 811
f 649 811 896
f 1184 1430 301
f 1184 301 803
f 838 258 302
f 1695 1196 408
f 425 193 961
f 1314 960 81
f 830 1336 304
f 698 1544 1128
f 29 1296 305
f 1146 657 151
f 266 1061 306
f 266 306 659
f 1107 74 307
f 222 980 607
f 1551 681 308
f 1141 308 1611
f 108 822 309
f 108 665 80
f 14 1200 310
f 1362 860 600
f 1630 146 311
f 1333 983 589
f 1229 137 1638
f 597 872 72
f 79 1613 313
f 79 313 713
f 1582 479 841
f 281 1604 614
f 1574 1361 315
f 1574 608 1304
f 807 618 316
f 9 1125 232
f 97 196 317
f 1188 848 381
f 622 142 1643
f 1513 903 223
f 639 1153 1656
f 1467 452 1642
f 1145 191 320
f 163 320 383
f 594 1538 321
f 1605 1326 401
f 814 1565 322
f 1606 1327 401
f 1408 691 323
f 1408 323 867
f 1005 126 612
f 1435 738 197
f 1715 1418 325
f 1715 325 378
f 120 962 326
f 1216 1663 134
f 59 1285 327
f 1422 327 236
f 55 1677 328
f 1204 328 141
f 243 1427 329
f 243 329 1689
f 241 1693 890
f 1425 430 1232
f 1725 1243 331
f 1725 331 196
f 1476 758 332
f 1734 1240 46
f 125 1515 1264
f 125 1264 910
f 1133 1419 334
f 1133 334 1335
f 1497 211 335
f 785 335 400
f 7 1504 336
f 1546 1269 123
f 86 1073 1297
f 86 1297 256
f 1123 1325 338
f 1558 914 660
f 267 1151 339
f 480 1068 650
f 1272 32 1126
f 1495 1276 181
f 1572 977 341
f 1572 341 1109
f 486 176 764
f 295 686 1552
f 212 1278 343
f 212 343 1295
f 782 124 658
f 1486 485 205
f 484 34 345
f 906 564 412
f 174 1617 346
f 174 346 939
f 1360 154 708
f 1360 708 1618
f 1701 1211 348
f 173 1247 1354
f 1542 965 349
f 1542 349 990
f 1586 1308 350
f 948 794 1376
f 88 1082 351
f 1096 1299 1559
f 685 1523 352
f 813 1307 927
f 220 80 353
f 1078 1555 475
f 160 1103 354
f 590 954 763
f 82 1329 355
f 82 355 938
f 185 791 356
f 951 578 807
f 1596 863 950
f 41 802 1095
f 985 440 358
f 985 358 4
f 111 959 359
f 111 1317 1517
f 57 1124 360
f 975 420 511
f 230 1431 361
f 230 771 720
f 74 1189 362
f 74 362 1107
f 27 23 363
f 27 363 1635
f 1652 1210 364
f 1000 364 1720
f 862 225 365
f 498 365 1362
f 1190 1036 366
f 17 366 619
f 908 595 367
f 1557 367 119
f 248 1086 368
f 248 623 1612
f 233 1270 369
f 1191 369 899
f 713 972 370
f 78 370 226
f 271 133 371
f 953 689 1700
f 1683 116 372
f 1001 372 1567
f 8 1162 837
f 8 1180 1341
f 189 318 1330
f 1182 968 1324
f 166 873 375
f 1682 375 886
f 1013 1192 833
f 625 1645 312
f 1027 1670 377
f 1228 1413 711
f 632 325 1236
f 632 1236 1470
f 113 1581 379
f 1342 971 1062
f 136 1349 380
f 1134 1343 563
f 1414 1188 381
f 1209 748 879
f 103 1368 382
f 103 382 276
f 1168 320 383
f 847 1668 1465
f 330 528 430
f 1471 430 1232
f 1595 105 867
f 1022 736 1411
f 55 1426 386
f 1204 386 750
f 48 1203 387
f 48 962 326
f 56 1702 388
f 56 388 1395
f 1735 457 755
f 892 517 1452
f 172 1476 390
f 172 1053 1241
f 544 658 782
f 1501 782 39
f 1260 1550 392
f 1260 542 462
f 208 181 393
f 1549 1259 647
f 1075 661 394
f 1075 394 558
f 273 1386 1170
f 1333 1170 153
f 44 1208 396
f 44 396 1710
f 150 1108 397
f 671 1087 1500
f 88 1287 398
f 88 398 1507
f 339 1282 399
f 768 1503 1268
f 1273 785 400
f 1514 664 1295
f 2 1606 401
f 2 401 1605
f 11 218 402
f 11 402 929
f 1622 1335 1133
f 1622 738 1186
f 295 1119 404
f 295 575 1505
f 1127 1252 405
f 1532 1312 1081
f 1221 1045 1453
f 1692 1453 870
f 926 1149 407
f 926 407 829
f 114 1695 408
f 114 591 882
f 1593 1278 409
f 1593 409 934
f 37 1083 410
f 37 1300 211
f 340 109 1306
f 1126 673 32
f 1334 564 412
f 1334 412 1575
f 1331 281 1604
f 899 1604 1191
f 1313 583 414
f 808 414 217
f 356 1633 415
f 356 694 6
f 574 525 416
f 574 1345 184
f 265 1309 417
f 265 1510 469
f 24 1556 418
f 1279 789 489
f 1089 1250 1570
f 1617 1152 346
f 360 677 420
f 1385 1169 714
f 955 1138 421
f 70 1265 1179
f 151 1317 422
f 151 422 482
f 183 500 423
f 763 1066 590
f 1346 188 424
f 912 1393 790
f 26 961 425
f 26 1332 1553
f 15 610 426
f 659 931 601
f 309 108 427
f 1509 427 126
f 69 1338 635
f 69 529 689
f 41 254 733
f 1457 777 1710
f 846 1716 430
f 1463 430 1722
f 880 1044 431
f 1713 593 1436
f 1680 1034 432
f 524 1416 1216
f 619 301 433
f 1440 1704 827
f 13 862 434
f 1451 611 14
f 190 556 1438
f 1402 1690 1167
f 984 82 436
f 63 1336 192
f 290 979 1584
f 797 1584 480
f 58 690 852
f 1678 562 741
f 142 1643 439
f 818 439 1403
f 1588 219 440
f 1148 1349 380
f 1450 737 1666
f 1450 1003 1711
f 260 1530 442
f 260 1691 1024
f 140 615 443
f 519 1348 202
f 1415 869 444
f 1415 444 1212
f 53 1258 445
f 53 445 239
f 1194 377 446
f 236 446 522
f 232 799 533
f 232 533 688
f 325 881 448
f 325 1660 632
f 1447 522 449
f 1447 1205 641
f 161 867 450
f 626 1595 270
f 1455 1721 451
f 1455 451 182
f 319 1467 452
f 1388 1640 237
f 164 502 453
f 1414 1209 381
f 386 1687 1238
f 386 888 750
f 272 1389 455
f 884 455 668
f 283 1054 456
f 283 1705 243
f 282 1246 457
f 895 457 637
f 332 1736 458
f 1240 458 1706
f 560 30 459
f 1272 897 32
f 1114 1267 699
f 1114 699 1711
f 904 813 461
f 904 461 69
f 178 127 462
f 178 1483 784
f 409 1277 1592
f 409 1592 934
f 419 209 545
f 1570 900 1250
f 1435 197 1694
f 1435 1694 722
f 2 1157 466
f 2 850 1494
f 128 1549 467
f 938 1282 339
f 125 181 468
f 125 468 910
f 690 1510 469
f 690 1008 852
f 133 808 470
f 1161 1559 158
f 951 1382 471
f 951 471 807
f 817 223 472
f 1330 1115 318
f 87 1085 473
f 87 473 397
f 1543 1316 474
f 774 558 1075
f 252 1078 475
f 252 475 303
f 1211 348 1731
f 93 752 1730
f 12 1102 477
f 12 477 676
f 673 292 1563
f 1306 839 1072
f 369 1063 479
f 369 479 1582
f 1569 1104 480
f 1569 480 768
f 256 1297 481
f 256 1527 88
f 174 981 482
f 174 482 939
f 29 1481 483
f 1144 1647 657
f 215 1578 484
f 215 484 345
f 344 1486 485
f 344 485 37
f 824 1363 486
f 1358 486 1119
f 147 254 487
f 863 487 946
f 187 1380 488
f 1138 1579 421
f 1141 789 489
f 806 959 359
f 6 356 490
f 1562 654 294
f 245 793 491
f 949 1571 1319
f 425 27 1641
f 1332 1641 153
f 746 62 493
f 1230 1038 884
f 131 688 494
f 1560 1376 211
f 146 46 495
f 146 1172 311
f 1649 1396 496
f 1183 496 552
f 22 25 497
f 1674 497 265
f 1010 365 498
f 1255 498 264
f 298 1590 499
f 298 499 1080
f 258 302 500
f 258 500 1321
f 40 1596 501
f 40 1106 1479
f 1391 1042 1220
f 269 1220 617
f 196 331 503
f 196 503 1291
f 1423 725 504
f 442 1691 260
f 655 1089 505
f 1156 1625 798
f 63 436 506
f 1581 1339 113
f 142 91 1218
f 1016 818 439
f 312 1645 508
f 1638 508 599
f 1155 797 1624
f 78 713 370
f 380 1148 510
f 719 510 604
f 261 1169 511
f 1369 1621 577
f 112 1632 512
f 716 1659 803
f 157 276 513
f 157 513 771
f 319 751 514
f 1656 868 198
f 42 433 515
f 724 1176 233
f 1446 1041 516
f 54 1021 1210
f 389 1231 517
f 389 517 1696
f 59 101 518
f 1007 1671 236
f 140 1026 519
f 140 519 1348
f 102 1600 520
f 613 1686 235
f 238 1012 521
f 1193 521 1577
f 60 236 522
f 1636 522 449
f 143 634 523
f 1415 523 1215
f 278 432 524
f 278 524 1216
f 616 1609 525
f 310 1646 1014
f 435 190 640
f 435 1690 1167
f 328 1448 1692
f 328 1221 141
f 241 890 528
f 1425 1716 430
f 1700 689 529
f 635 1728 69
f 118 1717 530
f 118 883 1225
f 451 1721 1461
f 451 1461 182
f 134 1416 532
f 1420 792 1566
f 447 232 533
f 1462 1729 799
f 240 888 534
f 240 1454 1702
f 388 1702 535
f 388 1233 1395
f 456 283 536
f 1203 858 387
f 757 1468 1043
f 1724 595 908
f 1053 243 1445
f 1249 887 1469
f 645 759 539
f 645 539 31
f 902 152 540
f 902 540 764
f 177 670 541
f 177 541 343
f 392 1260 542
f 392 905 33
f 162 1494 1355
f 162 1355 129
f 36 1074 1298
f 36 1298 344
f 464 1283 545
f 464 900 1570
f 288 647 546
f 898 546 1058
f 338 285 547
f 338 547 1558
f 1162 1615 548
f 1162 548 1560
f 490 1562 549
f 490 549 1271
f 186 1533 550
f 186 550 813
f 481 901 551
f 1527 1287 88
f 439 1183 840
f 439 840 732
f 740 100 1018
f 1448 1018 1692
f 124 782 554
f 1076 554 928
f 397 150 555
f 397 555 89
f 1541 342 556
f 1077 556 190
f 1472 122 557
f 1731 1031 773
f 474 774 558
f 474 1516 1081
f 193 1481 559
f 1092 559 24
f 249 30 560
f 249 560 923
f 1375 896 561
f 1375 561 955
f 852 1602 562
f 852 562 1187
f 1327 700 563
f 1327 563 1134
f 345 484 564
f 345 564 1334
f 1463 753 565
f 846 565 1049
f 244 1105 566
f 244 1547 1084
f 12 676 801
f 1564 801 664
f 74 307 1703
f 74 1703 263
f 146 1706 569
f 1387 569 273
f 259 676 570
f 919 1537 679
f 109 1276 571
f 1072 571 786
f 1202 38 572
f 1685 572 863
f 292 34 573
f 1060 1526 35
f 956 1345 574
f 1131 1490 860
f 404 295 575
f 1561 575 67
f 832 1155 576
f 1648 674 1267
f 81 1621 577
f 81 924 665
f 1353 152 578
f 1353 578 951
f 156 978 1370
f 156 1370 267
f 293 718 1371
f 293 1371 419
f 1427 329 581
f 858 581 387
f 220 793 582
f 909 1511 1253
f 66 1313 583
f 66 583 295
f 341 1109 584
f 341 1544 698
f 4 985 585
f 4 693 959
f 1674 265 990
f 1431 822 309
f 305 1144 587
f 305 587 1261
f 791 185 588
f 5 588 675
f 153 1641 589
f 153 589 1333
f 160 954 590
f 160 1535 1137
f 795 114 591
f 795 1354 354
f 1331 1604 592
f 841 1367 479
f 1412 1227 593
f 431 1039 1173
f 229 1538 594
f 1356 1157 466
f 1235 1724 595
f 1235 595 367
f 237 1676 596
f 237 1124 1388
f 169 72 597
f 169 597 1442
f 708 1365 598
f 708 598 154
f 275 508 599
f 1328 599 1114
f 365 1362 600
f 710 600 967
f 266 659 601
f 266 601 1180
f 436 82 1329
f 436 1329 1572
f 1457 1177 603
f 1457 603 1177
f 926 1343 604
f 1623 798 1156
f 972 1342 605
f 135 605 1154
f 440 358 606
f 1349 606 974
f 75 222 607
f 715 1658 362
f 315 61 608
f 315 608 1574
f 518 101 609
f 1437 609 1714
f 1184 426 610
f 1632 1381 112
f 1712 1451 611
f 1712 611 1360
f 324 810 612
f 324 1622 1186
f 102 98 613
f 102 613 1686
f 199 281 614
f 1397 614 1191
f 96 1452 615
f 96 1683 372
f 310 525 616
f 1407 616 1136
f 119 717 617
f 119 617 269
f 442 1530 618
f 442 618 982
f 515 433 619
f 1176 1404 233
f 48 995 620
f 48 620 1434
f 444 385 1012
f 1661 1012 238
f 189 1643 622
f 1182 1396 496
f 368 248 623
f 1719 623 200
f 1239 799 624
f 1239 624 1405
f 188 1645 625
f 1013 1406 1192
f 161 450 626
f 1022 865 1217
f 465 1215 627
f 1694 627 197
f 383 847 628
f 383 1034 1680
f 54 280 629
f 54 629 1047
f 531 1236 630
f 1461 630 1721
f 120 1636 631
f 120 731 61
f 117 1470 632
f 117 632 1660
f 118 1377 633
f 118 633 1717
f 104 1206 634
f 1019 634 143
f 428 1338 635
f 1700 1030 529
f 1459 535 636
f 141 1045 1221
f 170 457 637
f 1449 637 1724
f 1689 705 638
f 887 988 1469
f 1467 319 639
f 1720 639 1153
f 526 851 640
f 526 1378 1626
f 241 1447 641
f 241 641 528
f 1475 389 1696
f 1055 1243 242
f 1476 332 643
f 1237 643 203
f 106 285 1064
f 1310 1521 128
f 286 1261 645
f 286 645 459
f 591 1730 646
f 1354 646 1247
f 467 1549 647
f 467 647 760
f 1275 284 648
f 1275 1506 1099
f 1289 919 649
f 1289 649 811
f 123 1269 650
f 907 650 1068
f 206 555 651
f 1100 901 481
f 209 1550 652
f 939 1283 464
f 1302 1090 653
f 1302 653 1561
f 549 770 654
f 549 654 1562
f 179 505 655
f 179 655 287
f 1325 338 656
f 1325 1571 245
f 587 1144 657
f 587 657 207
f 344 1298 658
f 344 1528 37
f 15 426 1143
f 15 1143 1376
f 405 180 660
f 405 1312 1127
f 1554 1075 661
f 1554 661 778
f 155 1564 662
f 1520 662 1097
f 256 1485 663
f 256 663 88
f 400 1514 664
f 400 664 1564
f 427 108 665
f 427 665 126
f 264 1199 666
f 264 666 857
f 487 1718 667
f 487 667 946
f 320 191 668
f 320 668 1168
f 47 1166 669
f 47 669 52
f 39 782 670
f 39 1479 40
f 910 468 671
f 150 671 1087
f 35 1060 672
f 35 672 1088
f 411 923 673
f 411 673 1563
f 1400 1648 979
f 1400 979 290
f 410 1519 675
f 1300 675 936
f 110 801 676
f 110 676 1113
f 57 395 677
f 57 677 360
f 34 839 678
f 1150 989 215
f 296 1537 679
f 296 679 775
f 559 483 680
f 559 680 1279
f 358 1551 681
f 358 681 1357
f 579 224 1151
f 1370 1151 267
f 357 41 683
f 1105 683 566
f 818 1403 684
f 1672 684 980
f 1601 352 685
f 1601 955 421
f 342 1552 686
f 764 1352 1598
f 812 944 1316
f 965 1122 1536
f 8 494 688
f 1518 688 533
f 371 271 689
f 371 689 461
f 363 1510 690
f 363 690 1635
f 1653 104 691
f 1653 842 1315
f 586 1159 692
f 586 692 159
f 585 4 693
f 1337 806 1110
f 415 356 694
f 1353 1599 152
f 1321 500 1629
f 826 973 1366
f 1202 572 1685
f 819 1443 1177
f 303 1314 697
f 303 697 475
f 64 1128 698
f 977 698 341
f 1442 169 699
f 1655 699 77
f 401 1327 700
f 401 700 1326
f 1398 1701 701
f 838 701 302
f 1608 298 702
f 1346 912 424
f 314 592 703
f 314 703 994
f 273 983 1333
f 273 1333 1170
f 1181 49 705
f 329 705 1689
f 1384 1675 706
f 1660 706 520
f 63 192 707
f 63 1581 506
f 347 598 708
f 347 708 154
f 275 227 709
f 275 993 508
f 365 225 710
f 365 710 600
f 1194 1413 711
f 1194 711 855
f 1649 1439 712
f 1649 1183 496
f 509 78 713
f 1320 713 978
f 99 1291 714
f 99 714 261
f 75 1372 715
f 75 715 1179
f 112 1373 716
f 112 716 1180
f 367 1390 717
f 367 717 119
f 21 798 718
f 1576 1130 174
f 380 1134 719
f 380 719 510
f 25 230 720
f 845 996 609
f 1690 435 721
f 640 1378 526
f 443 615 722
f 443 722 1694
f 495 995 723
f 1172 723 835
f 42 1176 1650
f 1440 1011 145
f 316 1423 725
f 1125 1024 851
f 626 161 726
f 626 1620 270
f 13 862 1667
f 1451 1200 14
f 525 130 728
f 525 1646 310
f 167 145 729
f 1015 729 1404
f 101 609 730
f 1223 730 1039
f 631 873 731
f 631 731 120
f 1643 439 732
f 318 732 1115
f 429 254 733
f 1257 777 1023
f 1213 1728 734
f 1213 734 877
f 1462 1729 735
f 447 735 533
f 1424 1708 736
f 1424 736 1012
f 625 872 737
f 1406 737 1666
f 1133 197 738
f 1133 738 1622
f 331 892 739
f 331 739 1664
f 201 864 740
f 1677 1448 328
f 134 1663 741
f 1420 815 1602
f 239 445 1047
f 1426 1687 386
f 406 636 743
f 406 743 1698
f 278 1207 744
f 278 874 432
f 641 1716 745
f 641 745 1205
f 1697 847 746
f 1383 746 493
f 103 276 747
f 103 1215 465
f 381 1209 748
f 381 1025 848
f 364 1210 749
f 364 749 1720
f 141 1204 750
f 1459 1702 535
f 452 319 751
f 1035 1640 883
f 1472 93 752
f 1472 752 122
f 1471 430 1722
f 1245 1456 1489
f 171 117 754
f 171 754 144
f 389 1475 755
f 389 755 170
f 456 1054 756
f 456 1203 858
f 282 1246 757
f 1474 757 1043
f 390 1476 758
f 1249 1736 1469
f 482 151 759
f 482 759 1065
f 546 647 760
f 1251 915 251
f 1067 901 761
f 1067 761 943
f 208 106 762
f 208 762 393
f 1597 1262 763
f 1597 763 1066
f 952 1352 764
f 952 764 68
f 31 897 765
f 1311 1550 209
f 1480 1105 766
f 89 766 651
f 1524 674 767
f 76 767 460
f 339 399 768
f 339 768 1569
f 477 1102 769
f 477 769 71
f 7 549 770
f 7 770 336
f 361 255 771
f 361 771 230
f 1081 1516 772
f 83 772 914
f 44 1247 773
f 44 773 1208
f 1543 474 774
f 925 1290 286
f 175 679 775
f 175 775 1502
f 416 956 1345
f 1609 1136 616
f 1707 1257 777
f 1707 777 1457
f 340 109 778
f 340 778 1554
f 177 1106 779
f 177 1548 343
f 206 1500 780
f 206 780 901
f 656 338 781
f 656 781 1319
f 391 1501 782
f 1101 782 658
f 671 468 783
f 671 783 337
f 672 178 784
f 672 784 544
f 291 928 785
f 291 1497 37
f 333 1340 786
f 1264 786 571
f 677 395 1553
f 677 975 420
f 417 1309 788
f 1094 788 23
f 1611 1141 789
f 418 789 24
f 499 709 790
f 499 790 1080
f 5 588 791
f 911 791 356
f 1662 1420 792
f 1662 792 1389
f 80 180 793
f 80 793 220
f 350 1097 794
f 350 794 948
f 408 114 795
f 408 795 1262
f 463 934 796
f 1294 796 1084
f 290 1155 797
f 290 797 1584
f 604 1623 798
f 1140 798 21
f 10 1341 799
f 10 799 186
f 483 680 942
f 1647 1146 657
f 567 676 801
f 567 801 1564
f 683 41 802
f 683 802 1277
f 17 1659 803
f 17 803 301
f 50 1557 804
f 50 1394 1607
f 215 989 805
f 215 805 1583
f 693 1337 806
f 693 806 959
f 9 1512 807
f 9 807 316
f 65 470 808
f 1313 808 414
f 419 1371 809
f 419 809 464
f 126 1509 810
f 1634 810 324
f 300 1289 811
f 300 1523 352
f 28 159 812
f 28 812 687
f 1601 1307 813
f 70 813 461
f 195 1565 814
f 1357 1158 681
f 741 1029 815
f 741 815 1602
f 303 26 816
f 303 816 252
f 1603 223 817
f 1330 817 1115
f 1672 1016 818
f 1672 818 684
f 297 38 819
f 297 819 1443
f 287 1401 820
f 287 1585 655
f 51 581 821
f 1086 821 248
f 692 1431 822
f 692 822 1252
f 569 273 823
f 569 823 1153
f 404 575 824
f 1358 824 486
f 6 490 825
f 1359 825 957
f 221 973 826
f 221 826 590
f 145 1440 827
f 145 1673 167
f 261 99 828
f 261 1369 1621
f 947 407 829
f 1618 1365 708
f 64 698 830
f 64 830 543
f 1666 1450 831
f 1666 831 227
f 77 1655 832
f 77 832 576
f 376 702 833
f 376 833 188
f 79 274 834
f 1129 1351 82
f 311 1172 835
f 983 835 1117
f 113 971 836
f 113 836 1147
f 373 1162 837
f 373 999 8
f 1398 139 838
f 1398 838 701
f 478 34 839
f 478 839 1306
f 552 1183 840
f 1589 840 1392
f 703 1493 841
f 703 841 1174
f 691 1335 842
f 691 842 1653
f 1148 987 843
f 1588 843 174
f 222 75 844
f 1107 1380 488
f 25 497 845
f 25 845 720
f 1201 565 1463
f 1201 1463 1722
f 62 383 847
f 62 847 231
f 317 1188 848
f 945 1676 1385
f 1684 154 849
f 1684 849 1401
f 466 2 850
f 466 850 1355
f 190 1125 851
f 190 851 526
f 438 1187 852
f 438 852 690
f 95 1723 853
f 95 853 97
f 239 1651 854
f 239 854 1047
f 518 609 855
f 1671 855 1194
f 615 96 856
f 615 1417 722
f 611 1014 857
f 611 857 18
f 536 456 858
f 1020 858 581
f 233 724 859
f 233 859 369
f 1646 1362 860
f 728 860 1131
f 622 142 861
f 1396 861 1649
f 121 13 862
f 121 1255 434
f 147 487 863
f 147 863 1685
f 502 617 864
f 992 864 740
f 1620 270 865
f 1460 865 1022
f 200 1719 866
f 1173 866 1039
f 385 161 867
f 1212 867 1679
f 1009 1573 868
f 514 868 1656
f 197 627 869
f 197 1028 1133
f 553 1453 870
f 553 1018 100
f 43 557 871
f 43 871 1242
f 312 597 872
f 312 872 625
f 449 1636 873
f 449 1205 1447
f 744 278 874
f 1409 1680 383
f 535 636 875
f 1233 875 277
f 504 442 982
f 1214 1627 1423
f 1700 1030 877
f 1700 877 1213
f 120 61 878
f 120 1216 326
f 633 1377 1726
f 633 1726 1025
f 276 1044 880
f 276 1227 157
f 235 1686 881
f 235 881 448
f 93 1730 882
f 93 882 114
f 530 118 883
f 530 883 1640
f 272 455 884
f 272 884 1230
f 516 1642 885
f 516 1021 1446
f 138 1046 886
f 138 886 1682
f 538 1249 887
f 538 887 638
f 454 386 1238
f 454 1238 1687
f 754 117 889
f 1244 1037 268
f 330 1693 890
f 330 890 753
f 735 1729 891
f 735 891 1032
f 642 517 892
f 642 1243 1055
f 46 1734 893
f 46 893 495
f 1054 283 1699
f 45 1476 643
f 1474 457 895
f 1474 895 537
f 88 1299 1096
f 88 1096 1507
f 1492 1272 897
f 1492 897 31
f 288 1073 898
f 288 898 546
f 1063 413 899
f 1063 899 369
f 545 464 900
f 1504 900 336
f 651 206 901
f 651 901 761
f 107 294 902
f 107 902 176
f 1392 1589 903
f 1392 903 1513
f 186 69 904
f 186 904 813
f 542 392 905
f 542 905 284
f 484 1292 906
f 484 906 564
f 123 1090 907
f 123 907 650
f 49 1286 908
f 49 908 367
f 220 1280 909
f 220 909 1511
f 150 1525 910
f 150 910 671
f 1519 1083 911
f 5 911 791
f 702 1346 912
f 1080 912 790
f 1313 66 913
f 1093 913 351
f 547 1558 914
f 547 914 1477
f 760 546 915
f 760 915 1282
f 661 394 916
f 661 916 1276
f 418 252 917
f 418 1611 789
f 797 1624 1104
f 797 1104 480
f 1568 570 919
f 1568 919 1289
f 105 334 920
f 105 920 1595
f 38 1085 921
f 38 921 572
f 781 1319 922
f 781 922 355
f 340 411 923
f 340 923 249
f 577 81 924
f 577 924 1369
f 132 1122 925
f 132 925 1290
f 20 604 926
f 20 926 829
f 218 11 927
f 218 927 1307
f 246 554 928
f 1514 1273 400
f 155 402 929
f 155 1520 662
f 1579 362 930
f 1579 930 421
f 1580 803 931
f 1580 931 659
f 1500 780 932
f 1297 932 481
f 1501 391 933
f 1298 933 658
f 110 1091 934
f 110 934 463
f 183 1262 935
f 183 935 1366
f 131 588 936
f 131 936 494
f 292 1292 937
f 292 937 673
f 128 467 938
f 128 938 1521
f 209 652 939
f 209 939 1522
f 501 41 940
f 1106 940 779
f 295 1505 941
f 295 941 1498
f 800 1647 942
f 800 942 1517
f 296 90 943
f 296 1502 175
f 257 812 944
f 1127 1532 1312
f 1291 714 945
f 1291 945 1676
f 603 1178 946
f 603 946 1457
f 19 829 947
f 19 947 666
f 306 659 948
f 1586 948 350
f 245 582 949
f 245 949 1571
f 357 1596 950
f 1105 950 1480
f 185 1382 951
f 185 1633 356
f 342 1352 952
f 342 952 556
f 271 1077 953
f 271 953 689
f 354 160 954
f 354 954 763
f 685 1601 955
f 685 955 1523
f 1131 574 956
f 1347 956 1609
f 694 1359 957
f 694 1599 415
f 460 76 958
f 1442 1655 699
f 489 4 959
f 489 959 111
f 697 1314 960
f 697 960 1555
f 816 26 961
f 816 961 1556
f 387 48 962
f 387 962 120
f 1315 1587 963
f 1315 963 1653
f 446 377 964
f 446 964 1350
f 28 1542 965
f 28 965 1122
f 293 505 1089
f 293 1089 419
f 184 1591 967
f 184 967 1490
f 374 817 968
f 374 968 189
f 653 176 969
f 653 969 1090
f 654 294 970
f 654 970 1546
f 379 113 971
f 1135 1538 229
f 135 605 972
f 135 972 370
f 1629 423 973
f 695 973 221
f 136 1349 974
f 1134 1565 1327
f 787 677 975
f 787 975 1132
f 744 1654 976
f 1409 976 163
f 830 304 977
f 830 977 698
f 79 713 978
f 79 978 834
f 674 1648 979
f 674 979 1318
f 1429 222 980
f 1429 980 507
f 262 1588 981
f 262 981 174
f 1428 442 982
f 876 1627 1214
f 311 835 983
f 311 983 1630
f 1339 274 984
f 506 984 436
f 219 440 985
f 219 985 585
f 701 1701 986
f 701 986 1196
f 510 1148 987
f 1619 987 21
f 638 887 988
f 638 988 50
f 678 1150 989
f 1340 989 805
f 586 22 990
f 586 990 1542
f 681 308 1494
f 681 1494 2
f 502 864 992
f 502 992 453
f 709 275 993
f 709 993 1175
f 281 314 994
f 281 1644 199
f 893 495 995
f 893 995 1458
f 720 845 996
f 720 996 771
f 1612 623 997
f 98 997 102
f 73 1293 998
f 73 998 844
f 837 373 999
f 837 999 1381
f 1652 364 1000
f 52 1000 569
f 96 1664 1001
f 96 1001 372
f 712 1439 1002
f 712 1002 263
f 831 1450 1003
f 831 1003 1328
f 598 347 1004
f 598 1004 179
f 116 1417 1005
f 116 1005 1256
f 58 1657 1006
f 1399 1006 438
f 59 327 1007
f 59 1007 1671
f 469 690 1008
f 1304 1008 1654
f 514 751 1009
f 514 1009 868
f 862 365 1010
f 862 1010 121
f 724 1397 1011
f 724 1011 42
f 621 1424 1012
f 621 1012 1661
f 188 833 1013
f 188 1013 625
f 14 611 1014
f 14 1014 310
f 167 729 1015
f 167 1015 1673
f 142 1672 1016
f 142 1016 439
f 312 1229 1017
f 312 1017 508
f 870 553 1018
f 870 1018 1692
f 104 634 1019
f 1408 1679 867
f 536 858 1020
f 1705 1427 243
f 885 516 1021
f 885 1021 165
f 161 1460 1708
f 161 1708 1424
f 250 1473 1023
f 250 1023 1257
f 725 1691 1024
f 725 1024 1125
f 748 879 1025
f 748 1025 381
f 170 389 1026
f 1665 1026 519
f 61 1670 1027
f 61 1228 315
f 869 1661 1028
f 869 1028 197
f 134 1662 1029
f 134 1029 741
f 734 1728 1030
f 734 1030 877
f 557 1731 1031
f 557 1031 871
f 533 1405 1032
f 533 1032 735
f 1438 526 1033
f 435 1033 721
f 628 383 1034
f 1668 1389 272
f 452 1642 1035
f 452 1035 751
f 16 1632 1036
f 16 1036 1219
f 889 754 1037
f 1470 1721 1236
f 493 668 1038
f 493 1727 746
f 593 1412 1039
f 593 1039 730
f 520 102 1040
f 1444 1234 117
f 280 1454 1041
f 280 1041 1446
f 55 854 1042
f 55 1042 201
f 537 1474 1043
f 1390 1723 95
f 382 1384 1044
f 382 1044 276
f 636 406 1045
f 636 1045 141
f 204 138 1046
f 1447 1046 241
f 742 239 1047
f 742 1047 445
f 144 1244 1048
f 1715 1048 531
f 528 1245 1049
f 1716 1049 846
f 1722 384 1050
f 753 1456 1245
f 254 429 1051
f 254 1051 696
f 332 1734 1052
f 332 1052 458
f 1249 172 1053
f 1249 1053 538
f 45 1699 1054
f 1237 1054 203
f 94 757 1055
f 94 1055 642
f 348 1731 1056
f 348 1056 1701
f 1261 305 1057
f 1261 1057 286
f 251 1251 1058
f 251 1505 575
f 7 549 1059
f 7 1059 1504
f 937 1526 1060
f 937 1060 1478
f 1533 266 1061
f 1533 1061 550
f 700 1326 1062
f 1539 1062 3
f 592 413 1063
f 592 1493 703
f 644 285 1064
f 644 1064 1310
f 539 759 1065
f 539 1065 1311
f 1366 1597 1066
f 1366 1066 826
f 551 901 1067
f 1287 1067 398
f 768 1268 1068
f 768 1068 480
f 900 336 1069
f 900 1069 1250
f 349 1296 1070
f 349 1070 788
f 119 804 1071
f 119 1071 269
f 109 1306 1072
f 109 1072 571
f 783 1482 1073
f 783 1073 337
f 784 1483 1074
f 784 1074 544
f 30 249 1075
f 30 1075 774
f 1288 554 1076
f 1288 1076 291
f 217 271 1077
f 217 1077 556
f 909 1555 1078
f 909 1078 1253
f 84 1495 1079
f 84 1079 1477
f 702 912 1080
f 702 1080 298
f 83 1312 1081
f 83 1081 772
f 663 148 1082
f 663 1082 88
f 485 205 1083
f 485 1083 37
f 90 244 1084
f 90 1084 296
f 1583 805 1085
f 1583 1085 38
f 1285 59 1086
f 51 1086 821
f 555 150 1087
f 555 1087 206
f 253 35 1088
f 253 1088 1501
f 966 293 1089
f 966 1089 505
f 214 1302 1090
f 214 1090 1268
f 801 110 1091
f 801 1091 664
f 193 559 1092
f 193 1092 961
f 65 913 1093
f 65 1093 470
f 417 788 1094
f 1510 1094 363
f 289 41 1095
f 289 1095 1278
f 896 1263 1096
f 896 1096 1375
f 211 335 1097
f 211 1097 1376
f 543 830 1098
f 543 1355 1610
f 356 1506 1099
f 356 1099 911
f 780 932 1100
f 780 1100 901
f 391 933 1101
f 391 1101 782
f 402 769 1102
f 402 1102 155
f 139 1354 1103
f 139 1540 838
f 918 156 1104
f 918 1104 1624
f 357 683 1105
f 357 1105 950
f 501 40 1106
f 501 1106 940
f 1631 307 1107
f 1631 1107 1380
f 333 786 1108
f 333 1108 87
f 922 584 1109
f 922 1109 355
f 422 1545 1110
f 422 1110 482
f 762 1310 1111
f 762 1111 1259
f 765 1311 1112
f 765 1112 1260
f 570 919 1113
f 570 1113 676
f 1003 1328 1114
f 1003 1114 1711
f 472 817 1115
f 1513 1115 1392
f 924 1369 1116
f 924 1116 1634
f 27 589 1117
f 27 1117 1635
f 352 300 1118
f 1307 1118 218
f 686 295 1119
f 686 1119 1598
f 152 540 1120
f 152 1120 578
f 588 131 1121
f 588 1382 185
f 687 28 1122
f 687 1122 132
f 180 793 1123
f 180 1123 660
f 596 237 1124
f 596 1124 360
f 316 9 1125
f 316 1125 725
f 923 673 1126
f 923 1126 560
f 257 159 1127
f 257 1127 1532
f 949 1511 1128
f 949 1128 1319
f 978 834 1129
f 978 1129 579
f 718 1323 1130
f 718 1130 580
f 130 956 1131
f 130 1131 728
f 26 303 1132
f 26 1132 1553
f 403 197 1133
f 403 1133 1419
f 136 380 1134
f 136 1134 1565
f 379 1538 1135
f 379 1135 1581
f 776 1609 1136
f 776 1136 1591
f 221 1535 1137
f 221 1137 695
f 187 488 1138
f 187 1138 1375
f 436 63 1139
f 436 1139 1572
f 604 798 1140
f 604 1140 1619
f 4 489 1141
f 1551 1141 308
f 98 1348 1142
f 98 1142 103
f 659 1580 1143
f 659 1143 948
f 29 483 1144
f 29 1144 305
f 163 320 1145
f 163 1145 976
f 942 1317 1146
f 942 1146 1647
f 274 1339 1147
f 1613 1147 972
f 1 1349 1148
f 1 1148 843
f 820 1401 1149
f 1585 1149 228
f 34 678 1150
f 34 1578 573
f 682 1370 1151
f 682 1151 224
f 809 1371 1152
f 809 1152 346
f 1000 1720 1153
f 1000 1153 569
f 76 226 1154
f 76 1524 767
f 78 832 1155
f 78 1155 509
f 179 598 1156
f 179 1156 1625
f 594 1356 1157
f 594 1605 321
f 814 1357 1158
f 814 1606 322
f 22 586 1159
f 22 1159 230
f 77 699 1160
f 77 1160 576
f 133 371 1161
f 133 1161 470
f 494 8 1162
f 494 1162 936
f 824 575 1163
f 824 1163 176
f 825 490 1164
f 825 1164 294
f 1384 706 1165
f 448 1165 325
f 988 1469 1166
f 988 1166 669
f 68 540 1167
f 1529 1167 435
f 62 383 1168
f 62 1168 231
f 420 1385 1169
f 420 1169 511
f 395 1386 1170
f 395 1170 153
f 1034 532 1171
f 1034 1171 1668
f 495 146 1172
f 495 1172 723
f 200 623 1173
f 200 1173 866
f 1644 729 1174
f 994 1174 703
f 1645 508 1175
f 424 1175 912
f 515 42 1176
f 515 1176 619
f 1051 733 1177
f 1051 1177 1443
f 863 946 1178
f 863 1178 603
f 998 75 1179
f 998 1179 371
f 999 112 1180
f 999 1180 8
f 329 581 1181
f 329 1181 705
f 189 968 1182
f 189 1182 622
f 712 1649 1183
f 712 1183 1403
f 149 1430 1184
f 149 1184 610
f 503 1291 1185
f 1664 1185 99
f 1005 722 1186
f 1005 1186 324
f 1006 620 1187
f 1006 1187 438
f 97 1637 1188
f 97 1188 317
f 115 1658 1189
f 115 1189 684
f 17 1659 1190
f 17 1190 366
f 859 1397 1191
f 859 1191 369
f 227 1406 1192
f 227 1192 1590
f 238 1419 1193
f 238 1193 521
f 236 1671 1194
f 236 1194 446
f 1014 857 1195
f 1014 1362 1646
f 1496 701 1196
f 1262 1196 408
f 751 1035 1197
f 751 1197 1009
f 1466 237 1198
f 1025 1198 1676
f 154 849 1199
f 154 1199 1255
f 727 1407 1200
f 727 1200 13
f 384 1722 1201
f 384 1201 565
f 297 38 1202
f 297 1202 1685
f 1733 456 1203
f 1733 1203 1458
f 55 386 1204
f 55 1204 328
f 873 449 1205
f 873 1205 745
f 513 276 1206
f 513 1653 963
f 608 61 1207
f 608 1654 1304
f 1031 773 1208
f 1031 1208 871
f 453 164 1209
f 1681 1209 100
f 445 1258 1210
f 445 1210 54
f 93 1731 1211
f 93 1211 1695
f 385 867 1212
f 1424 1212 621
f 635 428 1213
f 635 1213 1728
f 504 1423 1214
f 504 1214 876
f 747 634 1215
f 747 1215 103
f 878 278 1216
f 878 1216 120
f 270 920 1217
f 270 1217 865
f 507 142 1218
f 507 1218 1429
f 827 145 1219
f 827 1219 16
f 864 201 1220
f 864 1220 617
f 527 328 1692
f 527 1692 1448
f 202 1449 1222
f 202 1222 1491
f 101 1719 1223
f 101 1223 730
f 721 1690 1224
f 721 1224 1626
f 743 1698 1225
f 743 1225 883
f 56 1041 1226
f 56 1226 1035
f 880 1412 1227
f 880 1227 276
f 1027 1413 1228
f 1027 1228 61
f 597 312 1229
f 597 1229 460
f 746 1038 1230
f 746 1465 847
f 1026 389 1231
f 1026 1732 140
f 279 1471 1232
f 279 1232 886
f 535 875 1233
f 535 1233 388
f 1040 520 1234
f 1686 1234 171
f 537 1724 1235
f 537 1390 1723
f 378 325 1236
f 378 1236 531
f 45 643 1237
f 45 1237 1054
f 888 534 1238
f 888 1238 386
f 533 1518 1239
f 533 1239 1405
f 1052 458 1240
f 1052 1240 1734
f 283 1699 1241
f 283 1241 243
f 213 43 1242
f 213 1242 254
f 892 642 1243
f 892 1243 331
f 754 1037 1244
f 754 1244 144
f 890 753 1245
f 890 1245 528
f 94 757 1246
f 1475 1735 755
f 1056 1731 1247
f 1056 1247 173
f 122 1709 1248
f 122 1248 752
f 390 1736 1249
f 390 1249 172
f 228 1585 1250
f 228 1250 1484
f 546 915 1251
f 546 1251 1058
f 108 1487 1252
f 108 1252 822
f 64 543 1253
f 64 1253 1511
f 670 782 1254
f 670 1254 541
f 1010 498 1255
f 1010 1255 121
f 126 810 1634
f 126 1634 924
f 429 213 1257
f 429 1257 733
f 52 669 1652
f 52 1652 1000
f 393 85 1259
f 393 1259 762
f 127 462 1260
f 127 1260 765
f 207 587 1261
f 207 1261 645
f 1496 1196 1262
f 1496 1262 183
f 775 649 1263
f 775 1507 398
f 1108 786 1264
f 1525 1264 910
f 421 70 1265
f 421 1265 930
f 766 651 1266
f 766 1266 1105
f 137 767 1267
f 137 1267 1114
f 907 1090 1268
f 907 1268 1068
f 336 770 1269
f 336 1269 1069
f 1174 729 1270
f 1174 1582 841
f 247 1059 1271
f 247 1271 648
f 560 459 1272
f 560 1272 1126
f 928 1514 1273
f 928 1273 785
f 148 898 1274
f 148 1274 1082
f 205 284 1275
f 205 1275 1083
f 778 109 1276
f 778 1276 661
f 566 683 1277
f 1547 1277 1084
f 779 940 1278
f 1548 1278 343
f 24 559 1279
f 24 1279 789
f 353 220 1280
f 353 1280 960
f 186 799 1281
f 186 1281 69
f 467 938 1282
f 467 1282 760
f 652 939 1283
f 652 1283 33
f 12 567 1284
f 12 1284 1102
f 51 1086 1285
f 51 1285 327
f 1181 49 1286
f 1181 1286 581
f 551 1527 1287
f 551 1287 1067
f 124 1528 1288
f 124 1288 554
f 71 1568 1289
f 71 1289 1531
f 774 132 1290
f 774 1290 30
f 317 196 1291
f 317 1291 848
f 573 292 1292
f 573 1292 484
f 371 1161 1293
f 371 1293 998
f 463 796 1294
f 463 1294 1537
f 1091 212 1295
f 1091 1295 664
f 965 349 1296
f 965 1296 1536
f 337 1073 1297
f 337 1297 932
f 544 1074 1298
f 544 1298 933
f 351 88 1299
f 351 1299 1093
f 410 37 1300
f 410 1300 675
f 917 162 1301
f 917 1301 252
f 67 1561 1302
f 67 1302 214
f 60 387 1303
f 60 1303 522
f 469 1008 1304
f 469 1304 194
f 1625 798 1305
f 505 1305 966
f 411 340 1306
f 411 1306 478
f 352 1601 1307
f 352 1307 1118
f 11 306 1308
f 11 1308 929
f 990 265 1309
f 990 1309 349
f 106 762 1310
f 106 1310 644
f 31 765 1311
f 31 1311 539
f 660 405 1312
f 660 1312 83
f 65 913 1313
f 65 1313 808
f 1132 303 1314
f 1132 1314 975
f 255 810 1315
f 255 1315 1587
f 687 812 1316
f 687 1316 132
f 359 111 1317
f 1545 1317 422
f 1154 605 1318
f 1524 1318 674
f 584 922 1319
f 1544 1319 1128
f 509 713 1320
f 1624 1320 918
f 1137 258 1321
f 1137 1321 1629
f 668 455 1322
f 668 1322 191
f 21 987 1323
f 21 1323 718
f 223 1603 1324
f 223 1324 1589
f 491 1123 1325
f 491 1325 245
f 321 1538 1326
f 321 1326 1605
f 322 1565 1327
f 322 1327 1606
f 275 831 1328
f 275 1328 599
f 602 436 1329
f 602 1329 82
f 374 189 1330
f 374 1330 817
f 314 281 1331
f 314 1331 592
f 425 1641 1332
f 425 1332 26
f 704 273 1333
f 704 1333 983
f 38 345 1334
f 38 1334 819
f 105 334 1335
f 105 1335 323
f 1139 63 1336
f 1139 1336 304
f 585 219 1337
f 585 1337 693
f 953 1125 1338
f 953 1338 428
f 506 1581 1339
f 506 1339 984
f 678 1072 1340
f 678 1340 989
f 266 1533 1341
f 266 1341 1180
f 836 971 1342
f 836 1342 972
f 719 1134 1343
f 719 1343 604
f 298 1608 1344
f 298 1344 1590
f 776 416 1345
f 776 1345 1591
f 376 188 1346
f 376 1346 702
f 130 525 1347
f 130 1347 956
f 443 140 1348
f 443 1348 1142
f 440 606 1349
f 440 1349 1
f 166 375 1350
f 166 1350 964
f 834 1129 1351
f 834 1351 274
f 686 1598 1352
f 686 1352 342
f 415 1599 1353
f 415 1353 951
f 591 795 1354
f 591 1354 646
f 1098 466 1355
f 1098 1355 543
f 229 707 1356
f 229 1356 594
f 195 606 1357
f 195 1357 814
f 404 824 1358
f 404 1358 1119
f 6 825 1359
f 6 1359 694
f 18 611 1360
f 18 1360 1618
f 845 609 1361
f 845 1361 194
f 1195 1014 1362
f 1639 1362 498
f 176 824 1363
f 176 1363 486
f 294 825 1364
f 294 1364 957
f 829 1623 1365
f 829 1365 19
f 423 183 1366
f 423 1366 973
f 1063 479 1367
f 1063 1367 592
f 613 103 1368
f 613 1368 235
f 828 261 1369
f 828 1369 1116
f 579 978 1370
f 1616 1370 682
f 580 718 1371
f 1617 1371 1152
f 607 75 1372
f 607 1372 980
f 512 112 1373
f 512 1373 1036
f 483 800 1374
f 483 1374 1144
f 158 187 1375
f 158 1375 1559
f 548 15 1376
f 548 1376 1560
f 1225 118 1377
f 1225 1377 1698
f 1224 640 1378
f 1224 1378 1626
f 368 1086 1379
f 368 1719 623
f 844 222 1380
f 844 1380 1614
f 610 1632 1381
f 610 1381 1615
f 1121 588 1382
f 1512 1382 471
f 231 493 1383
f 1697 1383 746
f 448 235 1384
f 448 1384 1165
f 360 596 1385
f 360 1385 420
f 198 1656 1386
f 198 1386 395
f 146 569 1387
f 146 1387 1630
f 1009 1124 1388
f 1009 1388 1640
f 1171 1668 1389
f 1171 1389 1662
f 1235 537 1390
f 1235 1390 367
f 269 1651 1391
f 269 1391 1220
f 732 1115 1392
f 732 1392 840
f 1175 912 1393
f 1175 1393 709
f 804 50 1394
f 804 1394 1071
f 1035 56 1395
f 1035 1395 1628
f 622 1182 1396
f 622 1396 861
f 199 614 1397
f 199 1397 1011
f 92 1701 1398
f 92 1398 139
f 58 1006 1399
f 58 1399 835
f 576 1160 1400
f 576 1400 290
f 1004 1684 1401
f 1004 1401 287
f 851 1024 1402
f 851 1402 1690
f 263 712 1403
f 263 1403 684
f 619 1176 1404
f 619 1404 366
f 891 1729 1405
f 891 1405 1032
f 625 1013 1406
f 625 1406 737
f 310 616 1407
f 310 1407 1200
f 104 1019 1408
f 104 1408 691
f 744 874 1409
f 744 1409 976
f 216 1654 1410
f 216 1410 852
f 521 736 1411
f 521 1411 920
f 431 880 1412
f 431 1412 1039
f 377 1027 1413
f 377 1413 1194
f 164 1188 1414
f 164 1414 1209
f 143 523 1415
f 143 1415 1212
f 432 524 1416
f 432 1416 1034
f 856 615 1417
f 1683 1417 116
f 171 1686 1418
f 171 1418 144
f 1028 1661 1419
f 1028 1419 403
f 1029 1662 1420
f 1029 1420 815
f 986 1196 1421
f 986 1421 1211
f 1007 236 1422
f 1007 1422 327
f 618 316 1423
f 618 1423 982
f 385 1212 1424
f 385 1424 161
f 745 1716 1425
f 745 1425 873
f 854 55 1426
f 854 1426 1687
f 1020 1705 1427
f 1020 1427 581
f 876 1691 1428
f 876 1428 1627
f 307 222 1429
f 307 1429 1218
f 16 1632 1430
f 16 1430 827
f 1159 692 1431
f 1159 1431 230
f 276 1206 1432
f 276 1432 747
f 61 1207 1433
f 61 1433 878
f 326 48 1434
f 1663 1434 741
f 1186 722 1435
f 1186 1435 738
f 730 609 1436
f 730 1436 593
f 855 609 1437
f 855 1437 711
f 435 1529 1438
f 435 1438 1033
f 91 568 1439
f 91 1439 861
f 42 1704 1440
f 42 1440 1011
f 529 69 1441
f 529 1441 1030
f 460 597 1442
f 460 1442 958
f 696 1051 1443
f 696 1443 297
f 520 1234 1444
f 520 1444 1660
f 538 638 1445
f 538 1445 1053
f 54 280 1446
f 54 1446 1021
f 204 522 1447
f 204 1447 1046
f 740 201 1448
f 740 1448 1018
f 170 637 1449
f 1665 1449 202
f 72 1711 1450
f 72 1450 737
f 13 434 1451
f 13 1451 1200
f 739 892 1452
f 739 1452 96
f 406 1698 1453
f 406 1453 1045
f 534 280 1454
f 534 1454 240
f 268 1037 1455
f 268 1455 182
f 1050 753 1456
f 1050 1456 565
f 41 603 1457
f 41 1457 946
f 203 893 1458
f 203 1458 1733
f 141 750 1459
f 141 1459 636
f 726 161 1460
f 1620 1460 865
f 531 630 1461
f 531 1461 182
f 447 1669 1462
f 447 1462 735
f 846 430 1463
f 846 1463 565
f 1242 871 1464
f 1242 1464 254
f 1230 272 1465
f 1230 1465 746
f 1025 633 1466
f 1025 1466 1198
f 165 885 1467
f 1720 1467 639
f 242 757 1468
f 1725 1468 853
f 458 1736 1469
f 458 1469 47
f 889 117 1470
f 889 1470 1037
f 330 1693 1471
f 330 1471 753
f 476 93 1472
f 476 1472 557
f 1248 1709 1473
f 1248 1473 1730
f 282 757 1474
f 282 1474 457
f 94 1735 1475
f 94 1475 642
f 894 172 1476
f 894 1476 45
f 106 1079 1477
f 106 1477 644
f 32 673 1478
f 32 1478 178
f 670 39 1479
f 670 1479 177
f 89 473 1480
f 89 1480 766
f 23 788 1481
f 23 1481 193
f 85 468 1482
f 85 1482 1073
f 462 178 1483
f 462 1483 1074
f 650 1250 1484
f 650 1484 480
f 86 1073 1485
f 86 1485 256
f 36 1074 1486
f 36 1486 344
f 405 1252 1487
f 405 1487 80
f 182 268 1488
f 182 1488 531
f 565 1456 1489
f 565 1489 1049
f 574 1131 1490
f 574 1490 184
f 821 248 1491
f 821 1491 1286
f 459 1272 1492
f 459 1492 645
f 1367 841 1493
f 1367 1493 592
f 991 681 1494
f 991 1494 308
f 916 84 1495
f 916 1495 1276
f 302 701 1496
f 302 1496 500
f 785 335 1497
f 785 1497 291
f 1082 1274 1498
f 1082 1498 913
f 1199 666 1499
f 1199 1499 849
f 337 671 1500
f 337 1500 932
f 544 672 1501
f 544 1501 933
f 943 296 1502
f 943 1502 1067
f 399 768 1503
f 399 1503 915
f 545 900 1504
f 545 1504 1059
f 1058 1274 1505
f 1058 1505 251
f 648 1275 1506
f 648 1506 1271
f 1263 775 1507
f 1263 1507 1096
f 1266 244 1508
f 1266 1508 651
f 309 427 1509
f 309 1509 1431
f 417 1094 1510
f 417 1510 265
f 582 949 1511
f 582 1511 220
f 1121 131 1512
f 1121 1512 1382
f 472 223 1513
f 472 1513 1115
f 246 541 1514
f 246 1514 928
f 571 1276 1515
f 571 1515 1264
f 558 474 1516
f 558 1516 394
f 680 800 1517
f 680 1517 1279
f 8 688 1518
f 8 1518 1341
f 5 911 1519
f 5 1519 675
f 929 155 1520
f 929 1520 350
f 1064 355 1521
f 1064 1521 1310
f 1065 482 1522
f 1065 1522 1311
f 811 300 1523
f 811 1523 896
f 1154 1318 1524
f 1154 1524 76
f 1108 1264 1525
f 1108 1525 150
f 1292 937 1526
f 1292 1526 35
f 481 256 1527
f 481 1527 551
f 658 344 1528
f 658 1528 124
f 68 1167 1529
f 68 1529 952
f 1120 260 1530
f 1120 1530 578
f 1118 300 1531
f 1118 1531 218
f 944 257 1532
f 944 1532 474
f 10 186 1533
f 10 1533 1341
f 190 1077 1534
f 190 1534 1125
f 590 160 1535
f 590 1535 221
f 305 1296 1536
f 305 1536 1057
f 1113 463 1537
f 1113 1537 919
f 971 379 1538
f 971 1538 1326
f 700 563 1539
f 700 1539 1062
f 1103 139 1540
f 1103 1540 160
f 217 414 1541
f 217 1541 556
f 159 28 1542
f 159 1542 586
f 132 1316 1543
f 132 1543 774
f 584 341 1544
f 584 1544 1319
f 359 806 1545
f 359 1545 1317
f 770 654 1546
f 770 1546 1269
f 566 244 1547
f 566 1547 1277
f 779 177 1548
f 779 1548 1278
f 1111 1310 1549
f 1111 1549 1259
f 1112 1311 1550
f 1112 1550 1260
f 4 1141 1551
f 4 1551 358
f 583 342 1552
f 583 1552 295
f 787 677 1553
f 787 1553 1132
f 249 1075 1554
f 249 1554 340
f 1280 909 1555
f 1280 1555 960
f 1092 24 1556
f 1092 1556 961
f 49 705 1557
f 49 1557 367
f 1123 660 1558
f 1123 1558 338
f 470 1299 1559
f 470 1559 1161
f 936 1300 1560
f 936 1560 1162
f 1163 575 1561
f 1163 1561 176
f 1164 490 1562
f 1164 1562 294
f 478 34 1563
f 478 1563 411
f 1284 567 1564
f 1284 1564 155
f 974 136 1565
f 974 1565 195
f 455 792 1566
f 455 1566 1322
f 828 99 1567
f 828 1567 1116
f 259 570 1568
f 259 1568 71
f 267 1104 1569
f 267 1569 339
f 419 1089 1570
f 419 1570 464
f 656 1319 1571
f 656 1571 1325
f 304 1139 1572
f 304 1572 977
f 57 1009 1573
f 57 1573 395
f 194 1361 1574
f 194 1574 1304
f 819 1334 1575
f 819 1575 40
f 1323 1130 1576
f 1323 1576 987
f 334 1193 1577
f 334 1577 920
f 1150 34 1578
f 1150 1578 215
f 488 1107 1579
f 488 1579 1138
f 426 1184 1580
f 426 1580 1143
f 707 63 1581
f 707 1581 1135
f 1270 369 1582
f 1270 1582 1174
f 345 215 1583
f 345 1583 38
f 437 290 1584
f 437 1584 979
f 820 287 1585
f 820 1585 1149
f 306 1308 1586
f 306 1586 948
f 771 513 1587
f 771 1587 255
f 1 440 1588
f 1 1588 843
f 552 496 1589
f 552 1589 840
f 709 227 1590
f 709 1590 499
f 710 225 1591
f 710 1591 967
f 796 934 1592
f 796 1592 1277
f 212 934 1593
f 212 1593 1278
f 327 60 1594
f 327 1594 51
f 450 867 1595
f 450 1595 626
f 41 501 1596
f 41 1596 357
f 935 1262 1597
f 935 1597 1366
f 486 1119 1598
f 486 1598 764
f 957 694 1599
f 957 1599 152
f 1173 234 1600
f 1173 1600 102
f 70 813 1601
f 70 1601 421
f 1145 852 1602
f 1145 1602 191
f 968 817 1603
f 968 1603 1324
f 413 592 1604
f 413 1604 899
f 1157 594 1605
f 1157 1605 2
f 1158 814 1606
f 1158 1606 2
f 988 50 1607
f 988 1607 669
f 833 702 1608
f 833 1608 1344
f 416 956 1609
f 416 1609 776
f 129 1355 1610
f 129 1610 1078
f 917 308 1611
f 917 1611 418
f 98 248 1612
f 98 1612 997
f 274 79 1613
f 274 1613 1147
f 73 1161 1614
f 73 1614 844
f 837 1162 1615
f 837 1615 1381
f 579 1129 1616
f 579 1616 1370
f 580 1130 1617
f 580 1617 1371
f 19 18 1618
f 19 1618 1365
f 510 987 1619
f 510 1619 604
f 726 626 1620
f 726 1620 1460
f 511 261 1621
f 511 1621 975
f 612 1315 1622
f 612 1622 324
f 20 604 1623
f 20 1623 829
f 509 1155 1624
f 509 1624 1320
f 505 179 1625
f 505 1625 1305
f 1033 721 1626
f 1033 1626 526
f 982 1428 1627
f 982 1627 1423
f 1233 1395 1628
f 1233 1628 277
f 695 1137 1629
f 695 1629 973
f 273 1387 1630
f 273 1630 704
f 222 307 1631
f 222 1631 1380
f 149 1430 1632
f 149 1632 610
f 951 185 1633
f 951 1633 415
f 1256 1116 1634
f 1256 1634 324
f 1399 1117 1635
f 1399 1635 438
f 1303 522 1636
f 1303 1636 120
f 617 717 1637
f 617 1637 502
f 1017 508 1638
f 1017 1638 1229
f 1195 1362 1639
f 1195 1639 857
f 1197 1035 1640
f 1197 1640 1009
f 492 27 1641
f 492 1641 425
f 1226 1041 1642
f 1226 1642 1035
f 318 189 1643
f 318 1643 732
f 994 281 1644
f 994 1644 1174
f 424 188 1645
f 424 1645 1175
f 728 525 1646
f 728 1646 860
f 1374 1144 1647
f 1374 1647 800
f 1160 699 1648
f 1160 1648 1400
f 168 1439 1649
f 168 1649 712
f 724 42 1650
f 724 1650 1176
f 1071 269 1651
f 1071 1651 239
f 1258 669 1652
f 1258 1652 1210
f 1206 513 1653
f 1206 1653 104
f 1207 608 1654
f 1207 1654 744
f 958 226 1655
f 958 1655 1442
f 319 639 1656
f 319 1656 514
f 723 995 1657
f 723 1657 58
f 1372 715 1658
f 1372 1658 115
f 1373 716 1659
f 1373 1659 1190
f 1165 706 1660
f 1165 1660 325
f 444 621 1661
f 444 1661 869
f 532 1171 1662
f 532 1662 134
f 326 1216 1663
f 326 1663 1434
f 503 331 1664
f 503 1664 1185
f 170 1026 1665
f 170 1665 1449
f 441 1450 1666
f 441 1666 831
f 727 13 1667
f 727 1667 862
f 628 1034 1668
f 628 1668 847
f 232 1125 1669
f 232 1669 447
f 731 166 1670
f 731 1670 61
f 518 59 1671
f 518 1671 855
f 507 142 1672
f 507 1672 980
f 1219 145 1673
f 1219 1673 1036
f 22 990 1674
f 22 1674 497
f 1044 1384 1675
f 1044 1675 431
f 848 1025 1676
f 848 1676 1291
f 201 1448 1677
f 201 1677 55
f 1187 620 1678
f 1187 1678 562
f 1019 143 1679
f 1019 1679 1408
f 874 432 1680
f 874 1680 1409
f 453 1209 1681
f 453 1681 992
f 1350 446 1682
f 1350 1682 375
f 856 96 1683
f 856 1683 1417
f 347 154 1684
f 347 1684 1004
f 696 147 1685
f 696 1685 297
f 1040 102 1686
f 1040 1686 1234
f 1047 854 1687
f 1047 1687 629
f 280 534 1688
f 280 1688 629
f 1445 243 1689
f 1445 1689 638
f 640 851 1690
f 640 1690 1224
f 504 725 1691
f 504 1691 876
f 1221 1453 1692
f 1221 1692 328
f 1046 886 1693
f 1046 1693 241
f 465 443 1694
f 465 1694 627
f 1421 1196 1695
f 1421 1695 1211
f 642 1475 1696
f 642 1696 517
f 231 1383 1697
f 231 1697 847
f 553 1453 1698
f 553 1698 1377
f 894 172 1699
f 894 1699 45
f 428 953 1700
f 428 1700 1213
f 173 92 1701
f 173 1701 1056
f 750 1459 1702
f 750 1702 240
f 568 1439 1703
f 568 1703 307
f 433 42 1704
f 433 1704 1430
f 536 283 1705
f 536 1705 1020
f 47 458 1706
f 47 1706 52
f 733 1257 1707
f 733 1707 1177
f 1022 1460 1708
f 1022 1708 736
f 43 122 1709
f 43 1709 213
f 1023 44 1710
f 1023 1710 777
f 169 72 1711
f 169 1711 699
f 434 1451 1712
f 434 1712 154
f 1227 593 1713
f 1227 1713 157
f 1228 711 1714
f 1228 1714 315
f 144 1418 1715
f 144 1715 1048
f 528 641 1716
f 528 1716 1049
f 1466 633 1717
f 1466 1717 237
f 1464 871 1718
f 1464 1718 487
f 1379 368 1719
f 1379 1719 101
f 165 749 1720
f 165 1720 1467
f 1037 1470 1721
f 1037 1721 1455
f 753 1471 1722
f 753 1722 1050
f 1043 537 1723
f 1043 1723 1468
f 895 637 1724
f 895 1724 537
f 242 1468 1725
f 242 1725 1243
f 879 1377 1726
f 879 1726 1025
f 1038 746 1727
f 1038 1727 493
f 1441 69 1728
f 1441 1728 1030
f 624 799 1729
f 624 1729 1405
f 299 1247 1730
f 299 1730 1473
f 476 93 1731
f 476 1731 557
f 1231 1026 1732
f 1231 1732 517
f 756 456 1733
f 756 1733 203
f 643 203 1734
f 643 1734 332
f 1246 94 1735
f 1246 1735 457
f 758 332 1736
f 758 1736 390
