v 2.229345 -0.992723 -0.862826
v 2.931756 -1.129655 0.0
v 1.920432 -1.567396 0.0
v 2.881063 -0.493146 -0.521968
v -2.033406 -0.91003 -0.96422
v -1.200688 -1.577575 -0.799188
v -0.063012 -1.583021 -0.865082
v -2.734184 -1.717948 -0.749581
v -2.267049 -1.753901 -0.662106
v -2.941731 -1.787431 -0.442574
v -3.557869 -1.325941 -0.37803
v -3.616627 -0.350374 -0.338492
v 1.734568 -2.965876 -0.986396
v 1.911792 -2.895773 -0.950117
v -3.23261 -1.834299 -1.087832
v -3.078699 -2.553982 -1.046834
v -3.240554 -2.555467 -0.856262
v 1.953911 -2.462233 -0.830594
v 1.98533 -2.221319 -0.893145
v 2.021591 -1.755289 -0.912093
v 1.966698 -1.22816 -1.153716
v 3.233975 2.059193 -0.072431
v 3.528445 1.060127 -0.489443
v 3.36004 0.165487 -0.412685
v 3.71636 2.343387 0.0
v 4.120842 0.627141 -0.185461
v 3.98851 1.297806 -0.539537
v 2.361089 1.76666 -0.202595
v 2.637461 1.01726 -0.581611
v 0.737904 1.604213 -0.281713
v 0.939271 0.379986 -1.185872
v -0.406155 1.005088 -0.971088
v 0.021051 -0.831931 -1.511548
v -1.215563 1.757097 -0.133494
v -1.551526 1.400025 -1.050193
v -1.479588 0.295746 -1.440042
v -2.187634 -0.375454 -1.406902
v -2.672899 1.90511 -0.067168
v -2.68493 1.262021 -1.11049
v -3.35851 1.810253 -0.380095
v -3.507689 1.700214 0.0
v -3.302419 -3.017921 -1.128514
v -3.900566 1.002504 0.0
v -3.674766 0.517345 -6.3e-05
v 4.897808 1.946794 -0.628057
v 4.752337 1.723388 -0.591296
v 4.982822 1.503071 -0.507606
v 4.533113 1.989009 -0.578975
v 5.04969 2.032731 7.1e-05
v 5.218821 1.803552 -0.199306
v 4.634996 2.369115 -0.140117
v 5.158322 1.23677 -0.418043
v 5.528186 1.44018 -0.250666
v 5.672187 1.164767 -0.35408
v 5.908842 1.388968 0.001026
v 5.757506 0.9579 -0.210732
v 4.920855 0.812339 0.000318
v 4.312225 1.683392 -0.639944
v 4.342351 2.581176 -0.140317
v 4.407729 2.53164 -0.486692
v 4.113935 2.334131 -0.526471
v 4.061989 2.231988 -1.178382
v 2.407309 -0.97498 0.805091
v 2.835437 -0.231101 0.57789
v -2.306662 -1.116976 0.961238
v -1.782298 -1.020581 0.943381
v -0.535144 -1.615983 0.920556
v -1.764045 -1.764987 0.406586
v -2.684452 -1.891207 0.447388
v -3.304804 -1.582192 0.643445
v -3.665774 -0.73408 0.446286
v 1.806371 -2.949735 0.984058
v -2.918293 -1.904184 1.004659
v -3.347304 -2.573628 0.955211
v -2.981187 -2.142718 0.858353
v 2.02453 -2.195334 0.811284
v 1.710406 -2.272223 0.954296
v 1.717145 -1.80953 1.004092
v 1.966698 -1.22816 1.153716
v 3.189664 0.907503 0.500122
v 4.068249 0.798926 0.400813
v 2.013534 -0.662303 1.191491
v 1.859443 1.450393 0.632222
v 0.760722 1.205036 0.700545
v -0.752416 0.438132 1.467349
v -1.479588 0.295746 1.440042
v -1.744732 1.734849 0.433807
v -2.187634 -0.375454 1.406902
v -2.71748 1.576797 0.875971
v -3.379131 0.767915 0.885996
v -3.223286 -3.00178 1.126176
v -3.72947 -0.869371 0.096946
v -3.86074 -0.188349 -0.024962
v 4.925499 1.917814 0.613413
v 5.133171 1.715563 0.334258
v 4.615408 1.639641 0.577768
v 5.233176 1.442459 0.362988
v 4.472349 2.325133 0.443764
v 4.733657 1.227371 0.592883
v 5.672187 1.164767 0.35408
v 4.187258 2.590221 0.135844
v 4.423033 2.561337 0.603562
v 4.314039 2.32946 0.57751
v 4.04473 2.254459 0.744209
v 4.036947 1.992167 1.072561
v 0.939271 0.379986 1.185872
v -0.956007 -1.825728 0.0
v 3.115383 1.49239 0.380228
v -0.559706 1.69418 0.18610700000000002
v -3.55232 0.21961300000000006 0.0
v 2.91987 0.084875 -0.64246
v -2.981187 -2.142718 -0.858353
v 2.126237 -1.330172 0.721011
v -3.921874 -0.538502 -0.145307
v -3.132772 -2.528669 0.848639
v 4.312225 1.683392 0.639944
v 4.546655 2.709095 0.80378
v 5.573803 0.952578 0.243886
v 5.378289 1.768448 0.00044099999999999695
v 4.314039 2.32946 -0.57751
v 1.705953 -3.006628 -0.83263
v -3.84447 0.498176 -0.053132
v 0.44655 -1.67295 0.0
v -2.47375 0.300945 -1.316695
v -0.910602 1.204118 0.83774
v 3.886058 1.550141 0.50483
v -0.11519000000000001 0.458427 -1.346197
v 0.960321 -0.308052 1.243133
v 3.342159 -0.384674 0.201349
v 2.247981 -3.342804 -1.127459
v -2.462835 -1.3055 -0.966395
v 1.807583 1.756546 -0.177627
v -2.591357 -1.510845 0.88547
v 4.38099 2.207701 -0.839016
v 2.053108 -1.738285 0.824853
v 2.318787 -1.29409 -0.673863
v 1.841282 -2.716008 0.708009
v 4.35668 2.682996 -0.71905
v -3.733767 -1.141917 0.111139
v 4.688114 2.046378 0.604518
v 5.92711 1.131195 0.0011180000000000079
v -2.986345 -2.93377 1.087679
v 4.215419 2.350484 0.885764
v 4.681847 2.551036 0.886235
v -3.107105 -2.947818 -1.092235
v 4.79841 1.473149 -0.570618
v -3.469715 1.961504 0.07114100000000001
v -1.395501 -0.698702 1.553257
v -3.177824 -2.279173 -1.04758
v -1.551526 1.400025 1.050193
v 2.495354 0.250522 -1.132081
v -1.576196 -1.696317 -0.358146
v 4.416475 0.921264 -0.458839
v 1.678986 -2.513137 -0.891745
v -3.569993 -0.731989 -0.649435
v 1.49748 -1.283201 1.088258
v 3.961908 2.347745 0.374747
v -2.955052 -1.49684 1.128812
v 2.723503 1.898839 0.0
v -3.823638 -1.557534 0.081533
v 4.097362 2.3666 1.239986
v 3.065544 -0.788768 0.0
v 4.022592 2.123052 -0.903284
v 5.471928 1.345179 0.313899
v 5.470775 1.009574 -0.355371
v 4.262798 2.490674 -0.818316
v -2.946527 -2.939327 -0.986343
v -3.316551 -3.168932 1.121229
v 1.771416 -2.769024 0.9461
v 4.918466 2.084725 0.532713
v 4.59262 2.569879 0.790452
v 4.973133 1.992779 -0.533466
v -3.67645 -0.551317 0.077574
v 2.013534 -0.662303 -1.191491
v -3.160225 -0.018851999999999994 1.113626
v -0.977375 -1.793126 0.498747
v -3.476235 1.287798 -0.704766
v -0.969076 0.901205 -1.146223
v 1.572979 -1.827591 -0.985823
v 2.637461 1.01726 0.581611
v -0.406155 1.005088 0.971088
v 5.096148 2.75972 0.774729
v -4.252683 -1.437854 -0.14561999999999997
v 2.126553 -3.549679 -0.701005
v -1.776785 -1.275107 -0.914703
v -2.892162 -1.781087 0.0
v -3.23261 -1.834299 1.087832
v 2.031262 -3.256709 1.111122
v -2.975439 -3.308754 1.25324
v -2.126375 -1.866497 0.502895
v 4.152166 1.868775 -1.225002
v 2.669281 -0.930664 0.557166
v 3.559394 0.706516 -0.452535
v 3.758215 2.206683 -0.323051
v 2.61797 -1.235597 -0.520238
v 4.982822 1.503071 0.507606
v 4.354411 2.102985 0.80258
v 4.99671 0.81056 -0.280771
v -3.042899 -3.193907 -1.207296
v 4.328606 2.563996 0.343892
v 5.813217 1.415581 0.195261
v 4.837331 2.235678 0.479332
v 4.760921 1.881357 -0.61312
v 4.47609 2.606654 -0.692301
v -1.395501 -0.698702 -1.553257
v -2.296056 1.06281 1.171139
v 1.975941 0.827957 -1.018423
v 0.316341 0.785311 1.08626
v 0.960321 -0.308052 -1.243133
v -3.08565 1.65734 -0.784479
v -2.937658 -1.002749 -1.219413
v -3.556552 0.704883 -0.28063
v -3.87514 1.480358 0.0
v -0.07847 -1.688266 0.80023
v -1.683863 1.789041 -0.121501
v 3.98291 1.987391 -0.639809
v -2.223917 -1.541268 0.87926
v -3.650579 -1.142448 0.0
v 2.5392 -0.727778 -0.750475
v 3.280681 0.510802 0.499434
v -4.107191 -1.83652 0.12014900000000002
v -3.068444 -2.260195 1.03507
v -2.922908 -3.637036 1.059206
v 1.640095 -0.674556 1.246804
v 1.83279 -3.296508 -0.865078
v 1.918641 -2.083654 1.001275
v 1.83279 -3.296508 0.865078
v 1.604939 -1.556997 0.0
v 2.61797 -1.235597 0.520238
v 3.4583 2.151656 0.102662
v 4.094116 2.426172 -1.381032
v -2.446375 -1.893261 -0.49411
v -3.223246 -3.225388 -0.976573
v 4.277169 2.652435 0.591369
v 4.382053 2.433474 0.798757
v 4.209941 2.600612 -0.337597
v 5.373646 0.885375 0.20884
v 4.148865 2.148829 0.986567
v 5.730427 1.435668 -0.209848
v 5.923808 1.025283 -0.153084
v 4.59262 2.569879 -0.790452
v 4.963546 1.783161 0.553515
v 5.00244 2.105746 -0.468233
v -3.476235 1.287798 0.704766
v 2.811504 0.469098 0.657443
v -3.112555 0.457376 -1.084816
v -0.487217 -1.193519 -1.504026
v 4.634996 2.369115 0.140117
v 0.223642 1.684075 -0.160743
v -3.80184 1.012668 -0.115288
v -0.524231 -1.399266 1.313019
v 3.737014 0.181837 -0.176819
v -1.996117 1.387891 -1.064104
v -3.47843 1.975409 0.0
v 3.814876 1.968416 0.443
v -1.79513 0.033438999999999997 1.37116
v 2.361089 1.76666 0.202595
v -4.018866 -1.413191 0.154149
v -3.595973 -0.346391 0.426453
v -1.88316 -1.829718 -0.401567
v 4.496191 1.024566 0.579491
v 2.346081 -0.74535 -1.013296
v -3.256731 -3.032131 0.849693
v 1.884318 -2.724404 -0.701999
v 3.276333 1.863773 -0.294266
v -3.139394 -1.687482 -0.638546
v 1.310865 -1.136322 0.914838
v 4.821336 2.621498 0.789636
v 5.588763 1.573846 0.0006859999999999922
v 4.082988 2.175805 1.45093
v -2.508885 -1.719933 0.721675
v 4.199317 2.304652 -1.17454
v 4.733657 1.227371 -0.592883
v 2.141273 -1.234642 0.941254
v 1.900481 -3.131932 0.728621
v 4.113935 2.334131 0.526471
v 5.70463 0.849158 0.12813
v 4.146067 2.278102 -0.707372
v 4.509555 2.719807 -0.819972
v 5.800778 1.078596 -0.31945
v -2.888628 -3.200302 -1.210934
v 5.001903 1.914398 0.486724
v 4.918466 2.084725 -0.532713
v -1.053434 -0.342553 -1.690245
v 2.0817 0.283249 1.259461
v 1.504951 1.483493 -0.585976
v 1.473886 -1.818947 -0.799576
v -0.536767 -0.144454 1.682232
v -3.709741 1.351194 -0.211745
v 1.473886 -1.818947 0.799576
v -2.649338 -0.241719 -1.339644
v -1.017767 1.607824 -0.541965
v 1.49748 -1.283201 -1.088258
v -0.977375 -1.793126 -0.498747
v -1.456655 -1.295527 0.89424
v -3.306875 0.379713 0.98762
v -3.053102 1.96881 -0.051104
v 2.078928 -3.584991 0.917088
v -3.67251 0.16663 -0.048579
v -3.55012 -0.984868 0.675228
v -3.347304 -2.573628 -0.955211
v -4.029726 -1.043238 0.13630500000000004
v 3.929251 0.411689 0.0
v 2.688131 -0.517509 0.672975
v 2.396355 1.242239 -0.597722
v -3.387254 -1.486027 -0.672861
v -3.162498 -2.556375 1.058409
v 2.993075 -0.708434 -0.342596
v 3.377233 1.5878 0.400781
v 1.970051 -3.141862 -1.065178
v 4.522247 1.398278 -0.644892
v 2.021366 -2.881725 0.945561
v 1.974215 -1.469208 1.068951
v -2.736599 -3.394849 -1.269577
v 3.961908 2.347745 -0.374747
v -2.126375 -1.866497 -0.502895
v 5.158322 1.23677 0.418043
v -2.787341 -3.278502 1.138621
v 5.373646 0.885375 -0.20884
v 4.036947 1.992167 -1.072561
v 2.663024 -1.440487 0.478149
v 2.663024 -1.440487 -0.478149
v 4.022592 2.123052 0.903284
v 4.148883 1.759918 0.573765
v 4.497719 2.54748 0.937659
v 4.314791 2.142163 -0.54065
v 4.440143 2.510529 -0.269164
v 5.979357 1.325532 0.125337
v 4.995978 2.148785 -0.344534
v 4.656565 2.680542 -0.799684
v 4.871155 1.741238 0.592326
v 4.926194 1.859813 -0.582137
v -1.292756 1.656509 0.5140300000000001
v 4.152166 1.868775 1.225002
v -3.096267 -0.6681 -1.140081
v 0.489819 -1.524947 -0.672392
v -1.807421 0.657142 1.209422
v 2.399389 0.782091 0.915279
v 0.939974 -0.894739 1.019809
v -0.221516 1.686349 -0.151403
v 2.60743 -0.208248 0.974218
v -1.778934 -1.550199 0.776454
v -3.582867 0.734419 -0.697787
v -1.79513 0.033438999999999997 -1.37116
v -2.079597 1.817785 -0.13837499999999997
v 1.640095 -0.674556 -1.246804
v 1.648793 -2.280014 -0.929365
v -3.75063 -0.191863 0.063305
v 2.738132 1.687333 -0.295046
v -3.27979 -1.162072 -0.784602
v -2.276341 -0.689823 1.268026
v -3.53391 -1.330455 0.568246
v 3.559394 0.706516 0.452535
v -3.581963 -1.413947 -0.10437099999999999
v 2.108912 -0.357128 1.259691
v -1.456655 -1.295527 -0.89424
v -3.519716 1.685231 0.31713
v 2.669281 -0.930664 -0.557166
v 2.734183 0.038769 -0.86581
v 4.99671 0.81056 0.280771
v 3.479418 1.97825 0.317478
v -3.339489 -2.328145 0.827572
v 3.886058 1.550141 -0.50483
v 5.397967 1.174238 -0.346802
v 1.900481 -3.131932 -0.728621
v -3.137383 -2.776449 -0.844117
v 5.127157 1.942759 0.211214
v 4.452383 2.524558 0.130255
v -3.087335 -3.350463 -0.831656
v 1.941767 -1.759457 0.997454
v -2.734184 -1.717948 0.749581
v 4.430999 1.535753 0.638888
v -2.837147 -1.791733 -0.921563
v -2.856957 -3.449728 1.356844
v 4.342998 2.664049 -0.904347
v 2.138771 -3.397683 1.214726
v 4.104292 2.537976 -0.543437
v 4.615662 2.63387 0.977986
v 2.318787 -1.29409 0.673863
v 2.126237 -1.330172 -0.721011
v 5.397967 1.174238 0.346802
v 4.192789 2.411967 0.668016
v 4.102304 2.29996 -1.025862
v 4.801436 2.750224 -0.858918
v 4.155551 2.388662 1.09196
v 5.979357 1.325532 -0.125337
v 4.561299 2.133066 -0.547248
v 5.851404 0.929008 -0.105362
v 4.861611 2.001639 0.621913
v 5.001903 1.914398 -0.486724
v -2.298249 0.768333 -1.203884
v 0.03408699999999998 -0.225059 -1.542949
v -0.11519 0.458427 1.346197
v 0.737904 1.604213 0.281713
v 4.712067 0.770512 -0.333393
v -3.716312 1.021474 0.057693
v -1.929731 1.617188 0.80639
v -2.649338 -0.241719 1.339644
v 0.544825 -1.133123 1.096902
v -3.424258 0.158638 -0.918279
v 2.706963 -1.528854 0.0
v -3.686518 -0.955181 -0.320349
v 4.153175 2.084823 0.799668
v -1.200688 -1.577575 0.799188
v 2.519027 1.485931 0.422962
v 5.85775 0.997026 0.236768
v 1.945206 -2.015769 -0.672724
v -4.042715 -0.87671 -0.168968
v -3.623861 0.911561 0.0
v -2.276341 -0.689823 -1.268026
v -0.559706 1.69418 -0.186107
v -2.703112 1.825435 -0.395127
v -2.981824 -3.608887 -1.346959
v -2.042059 -1.312976 0.940911
v -1.552229 -1.555077 -0.735708
v 2.025468 -3.556842 -1.204841
v 3.377233 1.5878 -0.400781
v 3.43895 -0.08258 -0.257015
v 1.310865 -1.136322 -0.914838
v 4.712067 0.770512 0.333393
v -3.498521 -1.762078 0.762472
v 2.50049 -0.03502899999999998 -1.170179
v -4.331331 -1.69259 -0.04359299999999999
v 2.201939 -3.226457 0.996503
v 4.068249 0.798926 -0.400813
v -3.327526 -2.075729 -1.005328
v 3.47341 1.366149 0.454658
v -2.513608 -2.012858 0.558673
v -3.712832 1.794492 0.0
v 4.6248 2.708372 -0.989445
v 4.104292 2.537976 0.543437
v 4.215419 2.350484 -0.885764
v -3.32033 -2.827513 -1.063914
v 1.718315 -2.775468 -0.921796
v -1.971059 -1.992958 0.500845
v 2.410367 -0.777999 0.841105
v 1.596751 -1.722028 0.684655
v 4.148883 1.759918 -0.573765
v -2.884711 -3.063896 0.993766
v 2.407309 -0.97498 -0.805091
v 1.721745 -3.116887 0.979111
v -1.933565 -1.993029 -0.438902
v 4.533113 1.989009 0.578975
v 4.369751 2.298204 0.921894
v 5.608974 1.317869 -0.319719
v 4.22473 2.624525 -0.491916
v -2.499138 -2.03809 -0.504529
v 4.352603 2.524888 0.890532
v 4.474625 2.465214 -0.75189
v 4.061989 2.231988 1.178382
v 4.801436 2.750224 0.858918
v 5.511556 0.863525 -0.17761299999999997
v 5.608974 1.317869 0.319719
v 5.931474 1.233483 -0.215613
v 4.154566 2.19048 -1.129552
v 4.825996 2.089176 -0.576083
v 4.973133 1.992779 0.533466
v 4.963546 1.783161 -0.553515
v 0.760722 1.205036 -0.700545
v 1.930747 -2.463535 0.894743
v -3.008323 -1.759271 0.655672
v -0.752416 0.438132 -1.467349
v -3.536654 0.442277 0.322
v 0.939974 -0.894739 -1.019809
v 4.3427 2.112281 0.516692
v 2.857666 -0.930625 0.39119500000000007
v 0.546875 -0.39094 1.363244
v -0.969076 0.901205 1.146223
v 3.814876 1.968416 -0.443
v -2.566746 -1.211312 1.167101
v -2.049879 -1.562369 -0.829319
v -2.52472 -3.561609 1.161535
v -2.137524 1.753182 0.433142
v 1.807583 1.756546 0.177627
v 3.737014 0.18183699999999997 0.176819
v -3.81743 0.150343 0.048629
v -3.637643 -0.356271 0.0
v -0.894132 1.712652 -0.151911
v -2.870422 -3.601724 -0.843123
v 1.19204 -1.330605 0.678707
v -2.070413 0.207766 1.335106
v 2.108912 -0.357128 -1.259691
v 2.747937 0.712253 -0.615674
v -1.744732 1.734849 -0.433807
v -1.802864 -0.282523 -1.401315
v -1.266738 -1.691944 0.557922
v -3.660928 1.770041 0.115431
v -3.327526 -2.075729 1.005328
v 2.835437 -0.231101 -0.57789
v -0.953236 -1.545941 -0.89918
v 2.679445 0.687427 0.720573
v 4.041657 1.039756 -0.496922
v 4.082988 2.175805 -1.45093
v -2.591357 -1.510845 -0.88547
v 4.615408 1.639641 -0.577768
v -3.19417 -3.348553 1.007196
v 3.4583 2.151656 -0.102662
v 1.857471 -2.950722 -0.669988
v 2.126553 -3.549679 0.701005
v -4.229164 -1.473093 0.11156000000000002
v -3.519716 1.685231 -0.31713
v 5.566339 1.498677 0.190905
v 4.79841 1.473149 0.570618
v -2.120746 -2.045137 -0.411171
v 1.54175 -1.643613 -1.01419
v 2.229345 -0.992723 0.862826
v -3.053267 -2.764905 1.043008
v 2.113587 -3.011851 0.851648
v 1.650318 -1.645881 1.053347
v 2.111557 -1.376942 -0.89657
v 4.416475 0.921264 0.458839
v -3.030605 -2.311222 -0.88433
v 3.967085 2.280648 0.537643
v 5.247762 0.848549 -0.10854599999999999
v -3.333954 -3.058673 -0.974748
v 5.672385 1.007694 -0.341778
v 4.760921 1.881357 0.61312
v 4.187258 2.590221 -0.135844
v 4.74405 2.179337 0.556057
v 4.411541 2.663824 0.713132
v 4.154566 2.19048 1.129552
v 4.359483 2.615839 -0.596817
v 4.273005 2.310529 0.762172
v 4.273005 2.310529 -0.762172
v 2.110033 -3.148257 -1.068816
v -2.106039 -2.019111 0.510759
v 5.931474 1.233483 0.215613
v 4.681847 2.551036 -0.886235
v -2.641567 -2.003164 0.575611
v 5.511556 0.863525 0.177613
v 4.854957 2.660227 0.92431
v 4.369751 2.298204 -0.921894
v -2.571019 -1.995375 -0.58623
v 5.884856 1.062202 -0.249545
v 5.836005 0.945722 0.0010920000000000166
v 4.872539 2.159259 -0.542891
v 5.075994 1.900999 0.443793
v 5.075994 1.900999 -0.443793
v 1.63008 0.420236 -1.172369
v -1.610025 -1.711571 0.0
v -3.19641 0.797564 -0.985913
v -0.536767 -0.144454 -1.682232
v 2.986408 -0.413503 0.42896400000000007
v -1.807421 0.657142 -1.209422
v 0.544825 -1.133123 -1.096902
v -0.533528 -0.58228 1.701405
v 1.975941 0.827957 1.018423
v -2.955052 -1.49684 -1.128812
v -0.535144 -1.615983 -0.920556
v -3.271035 -1.609292 0.0
v -2.47375 0.300945 1.316695
v -3.087335 -3.350463 0.831656
v 5.763952 1.062109 0.338641
v -2.79063 0.46881 -1.224273
v -1.996117 1.387891 1.064104
v -2.037371 -1.73636 0.656787
v -3.84447 0.498176 0.053132
v 1.462507 1.745481 0.222394
v 3.280681 0.510802 -0.499434
v 0.289039 1.496446 -0.430055
v -3.15021 -1.259588 1.001021
v 4.245225 2.008532 -0.772641
v 2.396607 -1.593239 -0.389972
v -2.137524 1.753182 -0.433142
v 5.096148 2.75972 -0.774729
v -3.684619 1.35069 0.501428
v -3.570243 -0.06009300000000001 -0.344854
v -3.26181 -2.821069 1.088218
v 4.95536 1.236724 -0.50523
v -3.529709 -0.06599799999999997 0.437217
v -0.626493 1.585426 0.4431360000000001
v -3.077669 1.871112 0.217368
v -1.292756 1.656509 -0.51403
v 2.440236 -3.509564 -1.019417
v -0.953236 -1.545941 0.89918
v 1.529305 -2.092083 0.887353
v 4.041657 1.039756 0.496922
v -1.74779 -1.667608 -0.60634
v 1.645819 -1.087442 1.173773
v 1.645819 -1.087442 -1.173773
v 4.739441 2.299169 -0.369987
v 3.06109 0.397226 0.574193
v -1.776785 -1.275107 0.914703
v 2.649413 0.03153500000000001 1.024796
v 2.688131 -0.517509 -0.672975
v 3.009101 1.971604 -0.03422
v 2.347317 1.066114 -0.758763
v -2.119856 -1.1288 -0.97096
v 4.277227 1.077746 -0.550819
v -3.890388 -1.750102 0.017612000000000013
v -3.873622 -0.759035 -0.197169
v -2.631547 -3.559891 -1.33738
v 4.063205 2.509679 0.342987
v 2.803736 -1.255869 0.43832800000000005
v 5.06084 2.053335 0.309324
v 5.197562 0.922406 0.302473
v 1.960643 -2.71286 0.90089
v 1.6249 -2.087301 -0.963391
v 1.857471 -2.950722 0.669988
v 2.059222 -3.230076 -0.674936
v -3.211005 -1.850398 -0.700723
v 2.346081 -0.74535 1.013296
v -3.357009 1.781675 -0.071216
v 2.036036 -1.57908 -0.967151
v 1.991892 -1.7484 0.65277
v 2.514167 -1.077721 -0.706614
v -3.030605 -2.311222 0.88433
v 3.967085 2.280648 -0.537643
v 4.079812 2.571649 -0.000951
v -3.169489 -2.110039 -1.076796
v 1.880971 -2.733242 -0.8902
v 4.059885 1.86046 0.470087
v 4.440713 2.398472 0.629128
v -3.091252 -3.340925 -1.235864
v 4.560751 1.785154 0.562428
v 1.926176 -3.28888 -1.093746
v 5.421809 1.685349 0.123555
v -2.03574 -1.981182 -0.547873
v -3.256731 -3.032131 -0.849693
v 4.43261 1.878873 -0.577888
v 4.303193 2.347123 1.044413
v -3.042899 -3.193907 1.207296
v 4.440143 2.510529 0.269164
v -2.685663 -2.028649 -0.514928
v 1.970051 -3.141862 1.065178
v 4.058311 2.293363 1.338054
v 4.26732 2.121987 0.61494
v 4.155551 2.388662 -1.09196
v 5.77341 1.225861 -0.323025
v 4.753015 2.699695 0.973279
v 4.32063 2.385528 -0.682583
v 4.462368 2.725999 0.882675
v 5.580727 0.99933 0.349867
v 4.146067 2.278102 0.707372
v -2.539874 -2.049824 0.460098
v 5.934596 1.054796 0.07703900000000001
v 5.00244 2.105746 0.468233
v 5.105589 1.864086 -0.347113
v 5.370709 0.980272 -0.337432
v -2.120746 -2.045137 0.411171
v 4.554459 2.511417 -0.850571
v 4.852578 1.889721 0.605031
v 4.852578 1.889721 -0.605031
v 1.63008 0.42023599999999994 1.172369
v 1.570685 0.938327 -0.989108
v -3.695452 -0.193624 -0.101369
v 0.034087000000000006 -0.225059 1.542949
v -1.061272 -1.141877 -1.49623
v -3.283698 -0.730967 0.793898
v 0.927497 -1.558489 0.0
v -2.68493 1.262021 1.11049
v 0.546875 -0.39094 -1.363244
v -0.543078 -1.810473 0.563825
v -0.543078 -1.810473 -0.563825
v 1.451825 -1.576856 -0.702758
v 2.616001 0.447717 0.960748
v 2.399389 0.782091 -0.915279
v -2.070413 0.207766 -1.335106
v -3.49052 -1.760417 -0.903104
v 2.396355 1.242239 0.597722
v 0.223642 1.684075 0.160743
v -3.283698 -0.730967 -0.793898
v -1.802864 -0.282523 1.401315
v -3.520188 0.140164 -0.618561
v 3.528445 1.060127 0.489443
v 1.756349 -2.446399 -0.705428
v -3.675638 1.471512 0.062201
v 4.103303 2.038565 -1.363737
v 5.233176 1.442459 -0.362988
v -2.930312 1.10358 -1.125876
v -1.552899 1.128654 1.15104
v -1.552899 1.128654 -1.15104
v -0.626493 1.585426 -0.443136
v 1.677597 -2.237953 0.696318
v -2.292049 -0.933921 -1.128136
v -3.583763 -0.052271 0.0
v 4.655453 0.758022 9.800000000000086e-05
v -1.215563 1.757097 0.13349400000000006
v -3.424258 0.15863800000000003 0.918279
v 3.06109 0.397226 -0.574193
v 2.857666 -0.930625 -0.39119499999999996
v 1.428883 -0.98669 1.133905
v -3.734989 1.589433 0.295202
v -3.184812 -2.768053 0.850127
v -3.335942 -1.365685 0.72459
v -1.552229 -1.555077 0.735708
v 2.13239 1.755821 -0.180271
v -2.508885 -1.719933 -0.721675
v -2.64722 -1.84401 0.594347
v 3.881998 1.764428 -0.476337
v 3.945464 2.1301 0.689536
v 3.036361 1.913989 0.169838
v 2.690576 -0.368057 -0.819343
v -1.376186 -1.661988 -0.718954
v -4.297769 -1.889903 0.177707
v -3.242148 2.021387 0.0
v 3.955635 0.432417 0.197586
v 2.743995 -0.129852 0.718277
v 1.737623 -2.485017 0.918334
v 2.534227 -1.617078 0.0
v -3.900964 -0.780883 0.091579
v 2.254361 -3.550931 1.235118
v -2.649491 -3.404362 -1.100352
v 4.567896 1.149805 -0.642484
v 5.072165 2.04363 -0.209228
v 4.235494 2.636171 0.803613
v 2.514167 -1.077721 0.706614
v 1.818266 -2.313852 -0.968652
v 1.92973 -3.298418 0.689538
v 1.92973 -3.298418 -0.689538
v 4.063205 2.509679 -0.342987
v -3.330406 -3.18519 0.950058
v 1.804927 -1.581954 1.089198
v 4.74325 1.05921 0.563421
v -3.120761 -2.15777 0.766432
v -3.120761 -2.15777 -0.766432
v 5.218821 1.803552 0.199306
v 1.805207 -1.268427 -1.165317
v 2.0796 -1.473377 -0.654997
v 3.727093 2.308406 0.150049
v -1.985123 -2.116661 0.394256
v 4.43261 1.878873 0.577888
v 4.477781 1.687858 -0.597407
v -3.227676 -3.14166 -1.103969
v -2.147113 -1.903198 -0.362462
v 4.094116 2.426172 1.381032
v 1.802387 -3.089615 -0.961851
v 2.201939 -3.226457 -0.996503
v -2.884711 -3.063896 -0.993766
v 4.084506 2.570978 0.218168
v 4.192789 2.411967 -0.668016
v -2.770335 -3.208138 1.031045
v -3.660928 1.770041 -0.115431
v -2.629199 -2.138983 0.436227
v -2.552923 -2.142304 -0.454579
v 4.199317 2.304652 1.17454
v 1.898573 -3.068274 0.994338
v 4.245225 2.008532 0.772641
v 4.752337 1.723388 0.591296
v 5.783731 1.341471 0.28459
v 4.354411 2.102985 -0.80258
v 5.710154 1.360653 -0.290072
v 5.757506 0.9579 0.210732
v 4.04473 2.254459 -0.744209
v 4.497719 2.54748 -0.937659
v 4.149438 2.34055 -1.353693
v 4.212974 2.303184 0.587113
v 5.47963 1.11131 0.364188
v 5.47963 1.11131 -0.364188
v 5.961686 1.110978 -0.090324
v 5.449164 0.847535 -0.10390899999999999
v -3.817381 0.150348 -0.048728
v 4.748031 2.683805 -0.800044
v 4.674691 2.598833 0.808006
v 4.935561 2.016016 0.5857
v 4.788476 2.028047 -0.608619
v 4.982364 1.8733 0.53619
v 4.982364 1.8733 -0.53619
v 2.0817 0.283249 -1.259461
v 0.021051 -0.831931 1.511548
v -2.825835 0.755899 1.209042
v 0.539252 0.353984 1.254493
v -3.82037 -1.239135 -0.269807
v -1.576196 -1.696317 0.358146
v 0.539252 0.353984 -1.254493
v -3.08565 1.65734 0.784479
v 1.756349 -2.446399 0.705428
v 0.93066 -1.216516 0.831196
v -3.673607 -0.720796 0.0
v -0.09413499999999997 -1.769086 -0.556924
v 3.758215 2.206683 0.323051
v 1.504951 1.483493 0.585976
v -3.672559 0.166625 0.048678
v 1.462507 1.745481 -0.222394
v -3.101125 -0.35476 1.162409
v 1.933899 -3.546253 -0.912438
v -3.675638 1.471512 -0.062201
v -0.221516 1.686349 0.151403
v -3.684619 1.35069 -0.501428
v -2.298249 0.768333 1.203884
v 2.495354 0.250522 1.132081
v -2.572286 0.835495 -1.252192
v -1.454529 0.875045 1.238858
v -1.454529 0.875045 -1.238858
v -2.90708 -0.345582 -1.281557
v -1.017767 1.607824 0.5419650000000001
v 4.380854 0.704574 -0.0001300000000000051
v 3.115383 1.49239 -0.380228
v 3.199571 -0.153739 -0.38015
v 2.377814 -3.484109 0.800332
v -1.782298 -1.020581 -0.943381
v 4.148865 2.148829 -0.986567
v 2.948387 0.783357 0.515058
v -3.15021 -1.259588 -1.001021
v -3.917882 -1.082831 -0.289171
v -3.556552 0.704883 0.28063
v 1.451825 -1.576856 0.702758
v 1.804927 -1.581954 -1.089198
v -2.709403 -1.879947 -0.508775
v 2.811504 0.469098 -0.657443
v -3.535416 0.191408 -0.338478
v -3.709741 1.351194 0.211745
v -3.339489 -2.328145 -0.827572
v 5.421809 1.685349 -0.123555
v -1.683863 1.789041 0.12150100000000003
v 2.60743 -0.208248 -0.974218
v -2.037371 -1.73636 -0.656787
v -2.337617 -1.334842 0.966761
v 1.337875 -0.945716 -1.021299
v 3.881998 1.764428 0.476337
v -3.355398 -0.969157 0.766213
v 2.339597 1.807702 0.0
v -3.314868 -1.599081 0.439626
v 2.803736 -1.255869 -0.438328
v 4.153175 2.084823 -0.799668
v 3.955635 0.432417 -0.197586
v -2.729567 -3.602976 1.377236
v -3.008412 -2.89976 0.904635
v -3.077669 1.871112 -0.217368
v 1.596751 -1.722028 -0.684655
v 4.747988 2.300163 -0.00027599999999999847
v 3.058366 1.773346 0.297337
v 5.011084 1.06677 -0.458562
v -1.091175 -1.70712 0.727242
v -1.091175 -1.70712 -0.727242
v -4.075028 -1.904403 -0.041323999999999986
v -3.141072 -2.785287 -1.032318
v 4.366867 1.131136 0.630581
v 2.013095 -2.051912 -0.911043
v 2.736198 -0.346225 0.659345
v 1.709173 -3.133145 0.80794
v 1.720031 -2.105568 0.971354
v 1.981186 -3.441282 1.180532
v 2.024692 -1.074646 1.172465
v 4.430999 1.535753 -0.638888
v 2.0796 -1.473377 0.654997
v -2.918293 -1.904184 -1.004659
v -3.843256 -0.981402 0.116282
v -0.866132 1.75467 1.734723475976807e-17
v -2.944625 -3.282121 0.817054
v -2.668957 -3.397513 -0.943626
v 4.017509 1.996169 0.731654
v 2.222082 -0.957342 -1.014137
v -3.047974 -2.109628 1.063497
v 3.727093 2.308406 -0.150049
v 4.735139 2.645464 -0.95089
v 4.097362 2.3666 -1.239986
v 5.250485 1.123029 0.385234
v 1.60129 -2.267132 -0.787696
v 2.960118 -0.941827 0.2847430000000001
v -2.147113 -1.903198 0.362462
v 4.094112 1.889281 -0.578435
v 5.103427 1.624404 0.434275
v 5.842092 1.427708 -0.130724
v 4.084506 2.570978 -0.218168
v 4.477781 1.687858 0.597407
v 1.994078 -2.713047 -0.824553
v 4.74405 2.179337 -0.556057
v -3.19417 -3.348553 -1.007196
v 2.217369 -3.156093 -0.888927
v -3.121673 -3.120319 1.136456
v 1.709173 -3.133145 -0.80794
v -3.413372 1.871604 0.142309
v 5.685194 1.452202 0.188749
v 4.129926 2.30877 1.402259
v 4.209941 2.600612 0.337597
v 4.102304 2.29996 1.025862
v 5.137075 0.824518 -0.144842
v 4.38099 2.207701 0.839016
v 5.837875 1.141493 0.305184
v -3.851206 1.007586 0.099831
v 1.911792 -2.895773 0.950117
v 4.382053 2.433474 -0.798757
v 4.079122 2.264104 -0.84501
v 5.851404 0.929008 0.10536200000000001
v -2.065655 -2.124623 -0.36872
v -2.583303 -2.089191 0.577616
v 4.212974 2.303184 -0.587113
v 5.598282 1.094735 0.386994
v 4.07851 2.41181 0.472193
v 4.444739 2.475795 0.860515
v -3.805575 -0.190109 -0.101447
v 5.60337 0.852748 0.162335
v 4.152557 2.235471 -1.217046
v 5.580727 0.99933 -0.349867
v 4.418954 2.707401 -0.782531
v 5.030289 1.827419 -0.440803
v 5.959462 1.157227 -0.187097
v 4.656565 2.680542 0.799684
v 4.674691 2.598833 -0.808006
v -2.629199 -2.138983 -0.436227
v 4.852582 1.816115 0.603105
v 4.697607 1.768061 -0.576663
v 4.953739 1.95258 -0.592256
v 5.020077 1.97817 0.480978
v -3.122061 -0.998702 1.065015
v 0.316341 0.785311 -1.08626
v -1.053434 -0.342553 1.690245
v -3.082741 -3.598298 -1.054556
v 0.93066 -1.216516 -0.831196
v -2.572286 0.835495 1.252192
v -1.395728 -1.723811 0.0
v -2.870422 -3.601724 0.843123
v -2.941731 -1.787431 0.442574
v -0.533528 -0.58228 -1.701405
v -1.929731 1.617188 -0.80639
v 0.480235 -1.631521 0.401961
v 4.995978 2.148785 0.344534
v 3.36004 0.165487 0.412685
v -1.278903 1.192051 0.946843
v -1.782928 -0.770786 -1.173619
v 2.327021 -3.352317 0.958234
v -2.033406 -0.91003 0.96422
v 1.958254 1.130271 0.861813
v -0.04157 -1.143825 1.395176
v 0.289039 1.496446 0.430055
v 3.342159 -0.384674 -0.201349
v 1.454817 -1.430228 0.976569
v -3.415655 -0.308965 0.671045
v 4.103303 2.038565 1.363737
v -2.697367 1.871291 0.218796
v 2.50049 -0.035029000000000005 1.170179
v -0.247999 1.565146 -0.389142
v 3.98851 1.297806 0.539537
v 1.821946 1.618209 -0.403751
v 1.991892 -1.7484 -0.65277
v -3.522115 -1.366623 0.0
v -3.044646 0.224321 -1.164934
v -3.55012 -0.984868 -0.675228
v -3.422698 -2.070796 0.773898
v -3.422698 -2.070796 -0.773898
v -2.030191 0.547622 1.189762
v -2.030191 0.547622 -1.189762
v -3.544507 0.4671470000000001 0.0
v -4.201904 -1.668554 -0.214859
v -2.566746 -1.211312 -1.167101
v -1.04607 1.509097 -0.76106
v 0.97453 -0.525273 1.140353
v 0.97453 -0.525273 -1.140353
v -3.734989 1.589433 -0.295202
v -1.407658 -1.236026 1.11293
v 2.70696 0.393597 -0.849582
v -3.112555 0.457376 1.084816
v 2.13239 1.755821 0.180271
v 5.011084 1.06677 0.458562
v -3.519086 1.70322 0.066709
v 1.921881 -2.157616 -0.692678
v -3.36599 -1.48517 -0.888076
v 2.898733 0.271916 0.651298
v -3.35851 1.810253 0.380095
v -1.777628 -1.473076 -0.845827
v -1.74779 -1.667608 0.60634
v -2.466779 -1.857679 0.570461
v -3.683069 -1.591975 -0.115233
v -3.36599 -1.48517 0.888076
v 2.343303 -3.507846 -1.195262
v -1.266738 -1.691944 -0.557922
v 1.90637 -2.282284 0.964887
v 2.743995 -0.129852 -0.718277
v 3.861841 0.560638 0.311961
v 3.861841 0.560638 -0.311961
v 4.389484 2.190421 -0.47332
v 3.857922 2.141554 0.521067
v 4.138494 2.557838 -0.652651
v 2.406969 1.645328 -0.341479
v 1.454817 -1.430228 -0.976569
v 2.107985 -3.363571 -0.677007
v -3.030627 -3.493327 1.32265
v -0.523838 -1.850065 0.388007
v -0.523838 -1.850065 -0.388007
v 2.274533 -1.433487 0.567366
v 2.059844 -1.561331 0.858957
v -4.387148 -1.967814 0.045602000000000004
v 2.486533 -1.274971 -0.627822
v 4.359048 0.700414 0.166651
v 3.945464 2.1301 -0.689536
v 2.690576 -0.368057 0.819343
v 1.805207 -1.268427 1.165317
v 1.643403 -2.076583 0.689565
v -3.022819 -2.52224 0.979148
v 2.384638 -0.591919 -1.043058
v -1.978016 -2.086834 -0.494327
v 4.449011 1.260929 -0.647431
v 2.222082 -0.957342 1.014137
v 2.637655 -0.768176 -0.637039
v -3.896204 -0.629183 0.077883
v 2.141273 -1.234642 -0.941254
v 5.133171 1.715563 -0.334258
v -1.365948 1.769608 0.13390100000000002
v 3.036361 1.913989 -0.169838
v 2.960118 -0.941827 -0.284743
v 5.647186 1.394606 0.257833
v 2.059222 -3.230076 0.674936
v -2.787341 -3.278502 -1.138621
v 4.560751 1.785154 -0.562428
v 3.828001 2.35254 0.233341
v 4.44385 2.449921 0.495432
v -2.892438 -1.95081 0.87812
v -2.892438 -1.95081 -0.87812
v 5.260653 1.184173 -0.352062
v 4.596478 1.512987 0.598982
v -3.333954 -3.058673 0.974748
v 1.705953 -3.006628 0.83263
v 1.529305 -2.092083 -0.887353
v 4.303615 1.799914 0.610388
v 4.303615 1.799914 -0.610388
v 4.339601 2.592642 -0.258891
v 3.922437 1.972461 -0.483563
v 5.213434 0.856784 0.0005650000000000099
v 1.741854 -3.114181 -0.700705
v -3.121673 -3.120319 -1.136456
v 4.211815 2.28249 1.039137
v 1.926176 -3.28888 1.093746
v 2.021366 -2.881725 -0.945561
v -3.008412 -2.89976 -0.904635
v -2.946527 -2.939327 0.986343
v 2.057496 -2.887282 0.844225
v 5.77341 1.225861 0.323025
v 4.079122 2.264104 0.84501
v 4.837331 2.235678 -0.479332
v 5.598282 1.094735 -0.386994
v 4.169404 2.306276 1.284031
v -3.716312 1.021474 -0.057693
v -2.062725 -1.884246 -0.307336
v 5.470775 1.009574 0.355371
v 4.825996 2.089176 0.576083
v 4.07851 2.41181 -0.472193
v 4.289048 2.172969 0.858693
v 4.289048 2.172969 -0.858693
v -2.695135 -2.12165 0.508064
v -3.765736 0.50707 0.106281
v -2.583303 -2.089191 -0.577616
v -1.978016 -2.086834 0.494327
v 4.194233 2.408334 -1.008471
v 5.60337 0.852748 -0.16233499999999998
v -3.022819 -2.52224 -0.979148
v 4.748031 2.683805 0.800044
v 4.11268 2.195089 -1.366908
v 4.117367 2.568514 0.3845
v 4.47609 2.606654 0.692301
v 5.755282 1.004149 -0.307505
v 5.835498 1.43628 0.0009460000000000024
v 5.030289 1.827419 0.440803
v 4.138687 2.474013 0.642311
v 5.923808 1.025283 0.153084
v 4.520603 2.639162 -0.745542
v 5.783731 1.341471 -0.28459
v 4.755192 2.568818 0.876311
v 4.755192 2.568818 -0.876311
v 4.821325 2.691794 -0.791887
v -3.469715 1.961504 -0.071141
v 4.908019 1.796041 -0.587882
v 5.020077 1.97817 -0.480978
v 4.861611 2.001639 -0.621913
v 4.926194 1.859813 0.582137
v -3.695565 -0.19362 0.051497
v 1.859443 1.450393 -0.632222
v -1.061272 -1.141877 1.49623
v -0.071941 -1.346991 -1.237379
v -1.278903 1.192051 -0.946843
v -3.314868 -1.599081 -0.439626
v 2.396607 -1.593239 0.389972
v -2.922908 -3.637036 -1.059206
v 1.660355 0.019396999999999998 1.246002
v 1.660355 0.019397 -1.246002
v -3.977657 -1.750845 -0.184909
v -2.79063 0.46881 1.224273
v 0.912699 -1.455066 0.576185
v 0.912699 -1.455066 -0.576185
v 2.815366 1.377583 -0.413399
v 5.604888 1.546091 -0.113773
v -0.894132 1.712652 0.15191100000000007
v -1.405685 0.573835 1.352181
v -1.405685 0.573835 -1.352181
v 0.733818 1.740873 0.0
v -2.687022 0.076781 -1.290565
v -2.267049 -1.753901 0.662106
v 3.43895 -0.08258000000000001 0.257015
v 0.857323 0.985001 0.874029
v 2.440236 -3.509564 1.019417
v 1.821946 1.618209 0.403751
v -1.837859 -0.540871 1.295851
v -1.837859 -0.540871 -1.295851
v -3.582867 0.734419 0.697787
v -2.079597 1.817785 0.138375
v 4.454962 2.523303 -0.0006029999999999996
v -1.980388 1.134038 1.143196
v -1.980388 1.134038 -1.143196
v 1.328862 -1.352627 -0.758733
v -0.094135 -1.769086 0.556924
v -3.536654 0.442277 -0.322
v 3.61965 0.472046 -0.391742
v -2.292049 -0.933921 1.128136
v 3.47341 1.366149 -0.454658
v -3.601668 1.293049 0.0
v -2.937658 -1.002749 1.219413
v -3.122061 -0.998702 -1.065015
v 2.910769 -0.638444 0.431191
v -1.407658 -1.236026 -1.11293
v -2.256285 0.547326 1.238301
v -2.256285 0.547326 -1.238301
v -3.676599 -0.729578 -0.330724
v -3.743747 -1.367219 0.100951
v 1.348219 -1.282064 0.845204
v -3.527168 1.583508 0.512679
v -3.527168 1.583508 -0.512679
v -3.281816 -2.305055 1.001878
v -1.338488 1.613735 0.7254410000000001
v 2.452588 -0.244072 1.138797
v 2.452588 -0.244072 -1.138797
v 0.53915 0.148262 1.321014
v 0.53915 0.148262 -1.321014
v -3.51684 0.14900200000000002 0.430359
v 1.700797 -2.794792 0.82425
v -2.649491 -3.404362 1.100352
v 4.175444 1.350332 0.613988
v 4.175444 1.350332 -0.613988
v -3.631179 -1.157838 0.50561
v -1.376186 -1.661988 0.718954
v -1.764045 -1.764987 -0.406586
v -2.161843 -1.325837 -0.957465
v 2.183003 1.65407 -0.341767
v 2.482917 0.997637 0.702425
v 5.137075 0.824518 0.144842
v -2.317557 -1.8742 -0.470587
v -0.179548 1.471301 -0.544513
v 2.406969 1.645328 0.341479
v 2.91987 0.084875 0.64246
v 1.838895 -1.087204 1.201408
v 1.838895 -1.087204 -1.201408
v 2.327021 -3.352317 -0.958234
v 4.126565 0.642027 -2.7755575615628914e-17
v 4.159229 1.949902 0.923197
v 2.274533 -1.433487 -0.567366
v 2.486533 -1.274971 0.627822
v 1.839523 -3.405292 -0.883488
v -4.154334 -1.677827 0.16585200000000003
v -3.357996 -1.811803 0.975625
v 2.5392 -0.727778 0.750475
v 1.974215 -1.469208 -1.068951
v 2.986408 -0.413503 -0.428964
v 4.389484 2.190421 0.47332
v -3.357996 -1.811803 -0.975625
v 2.514162 0.988713 -0.674527
v 4.031515 1.968248 -0.91846
v 2.616001 0.447717 -0.960748
v 2.111557 -1.376942 0.89657
v 2.180012 -1.130557 -0.821812
v 1.740323 -1.67983 -0.664098
v -1.365948 1.769608 -0.133901
v 1.337875 -0.945716 1.021299
v 1.428883 -0.98669 -1.133905
v 5.241466 1.040469 -0.383965
v 2.047696 -2.050138 0.814712
v 1.572979 -1.827591 0.985823
v 1.717145 -1.80953 -1.004092
v 2.893096 -1.302168 0.332049
v 2.893096 -1.302168 -0.332049
v 3.233975 2.059193 0.072431
v 1.586321 -2.273752 0.880969
v -2.687162 -1.539807 0.988048
v -2.687162 -1.539807 -0.988048
v -0.972089 -1.774507 0.76857
v -0.972089 -1.774507 -0.76857
v 4.342998 2.664049 0.904347
v 5.103427 1.624404 -0.434275
v -1.88316 -1.829718 0.401567
v 4.024858 2.106568 -1.208099
v 4.728809 0.878731 0.405801
v 4.728809 0.878731 -0.405801
v 4.303193 2.347123 -1.044413
v 4.596478 1.512987 -0.598982
v 4.344028 2.585635 0.470949
v -2.770335 -3.208138 -1.031045
v 2.217369 -3.156093 0.888927
v -3.330406 -3.18519 -0.950058
v -3.413372 1.871604 -0.142309
v -3.357009 1.781675 0.071216
v -2.964215 -1.978727 0.776572
v -2.964215 -1.978727 -0.776572
v 4.971394 2.146686 -0.224781
v -3.091252 -3.340925 1.235864
v -3.223246 -3.225388 0.976573
v -3.281816 -2.305055 -1.001878
v 4.761601 1.363013 0.57137
v 4.304562 1.906537 0.572242
v 4.304562 1.906537 -0.572242
v 5.334328 1.402713 0.332639
v -3.240554 -2.555467 0.856262
v -3.132772 -2.528669 -0.848639
v -3.18675 -3.457336 -1.025606
v 1.839523 -3.405292 0.883488
v 4.119993 2.063095 1.049178
v 4.117367 2.568514 -0.3845
v 2.057496 -2.887282 -0.844225
v -4.070739 -0.947648 0.11055400000000001
v 5.469641 0.838722 0.0007980000000000209
v 5.370709 0.980272 0.337432
v 1.663494 -2.485963 -0.790773
v 1.898573 -3.068274 -0.994338
v 4.863709 2.722151 -0.93666
v -3.053102 1.96881 0.051104
v 4.688114 2.046378 -0.604518
v 5.963117 1.307775 0.0010980000000000018
v 4.444739 2.475795 -0.860515
v 4.010847 2.270246 0.622149
v 4.010847 2.270246 -0.622149
v -3.686972 0.515966 0.053185
v 5.563253 1.235295 0.317238
v 5.563253 1.235295 -0.317238
v -3.805688 -0.190106 0.051472
v 4.194233 2.408334 1.008471
v -2.513187 -2.130859 0.49792
v -2.144393 -2.117408 -0.464489
v 4.229332 2.274522 0.672749
v 4.229332 2.274522 -0.672749
v 4.11268 2.195089 1.366908
v -3.141072 -2.785287 1.032318
v -3.053267 -2.764905 -1.043008
v 5.741781 1.463956 0.124891
v 5.959462 1.157227 0.187097
v 4.89385 2.220523 0.417713
v 4.203325 2.589186 0.219164
v -2.065655 -2.124623 0.36872
v 5.674999 0.950754 0.22796
v 5.674999 0.950754 -0.22796
v 4.043796 2.386524 0.400392
v 4.043796 2.386524 -0.400392
v 1.994078 -2.713047 0.824553
v 4.169404 2.306276 -1.284031
v 4.788476 2.028047 0.608619
v 4.462368 2.725999 -0.882675
v 5.78079 0.891286 0.0010590000000000113
v 4.520603 2.639162 0.745542
v 5.095375 1.961238 0.401516
v 4.6248 2.708372 0.989445
v 4.824747 1.946835 -0.626358
v 5.895899 1.18273 -0.164705
v -2.641567 -2.003164 -0.575611
v 4.871155 1.741238 -0.592326
v 4.964945 2.053575 -0.499903
v -3.86082 1.479723 0.062137
v 4.908019 1.796041 0.587882
v 4.729447 2.606204 0.807513
v 4.729447 2.606204 -0.807513
v 4.971872 1.924079 0.586026
v -3.65524 -0.194907 0.019208999999999997
v -3.811194 0.501935 -0.092033
v 5.01143 1.875569 -0.463205
v 1.210555 -1.460061 -0.576841
v -0.487217 -1.193519 1.504026
v 2.738132 1.687333 0.295046
v 3.199571 -0.153739 0.38015
v -2.825835 0.755899 -1.209042
v 1.736425 -2.743683 -0.736866
v 4.221814 1.660769 0.59409
v -3.821694 1.477989 -0.107631
v 5.471928 1.345179 -0.313899
v 0.005537 0.163519 1.472265
v 0.005537 0.163519 -1.472265
v 1.958254 1.130271 -0.861813
v -4.216296 -1.160854 -0.10403399999999997
v -3.096267 -0.6681 1.140081
v -1.04607 1.509097 0.76106
v -3.211005 -1.850398 0.700723
v -3.27808 1.432418 0.853958
v 1.663494 -2.485963 0.790773
v 0.489819 -1.524947 0.672392
v 0.480235 -1.631521 -0.401961
v -2.944625 -3.282121 -0.817054
v -0.524231 -1.399266 -1.313019
v 0.305671 1.298417 -0.629719
v -3.160225 -0.018852000000000008 -1.113626
v -1.376176 -0.948757 1.451608
v -1.376176 -0.948757 -1.451608
v -0.247999 1.565146 0.389142
v -3.695872 1.156978 0.316829
v -3.695872 1.156978 -0.316829
v 3.136321 0.171237 -0.539896
v 3.61965 0.472046 0.391742
v -2.656867 -1.853045 0.0
v 0.550658 -0.633015 1.331311
v 0.550658 -0.633015 -1.331311
v -3.526766 -0.317542 -0.560837
v 4.452383 2.524558 -0.130255
v 4.912303 2.162645 -8.999999999997899e-05
v -2.433366 0.078222 1.371269
v -2.433366 0.078222 -1.371269
v -3.569993 -0.731989 0.649435
v 1.497138 1.618935 -0.401108
v 4.95536 1.236724 0.50523
v -1.338488 1.613735 -0.725441
v -2.837147 -1.791733 0.921563
v -3.570384 0.385564 0.52448
v -3.570384 0.385564 -0.52448
v 2.519027 1.485931 -0.422962
v -1.796156 0.452382 1.243643
v -1.796156 0.452382 -1.243643
v -2.430508 -0.822313 1.254486
v -2.430508 -0.822313 -1.254486
v 3.33521 -0.375755 0.0
v -0.422877 -1.7512 0.823423
v 4.442912 2.343263 -0.53322
v 3.857922 2.141554 -0.521067
v 1.612396 -1.485728 -1.099731
v -0.547248 1.742126 1.3877787807814457e-17
v -3.557869 -1.325941 0.37803
v -3.53391 -1.330455 -0.568246
v 3.058366 1.773346 -0.297337
v 0.927775 0.19522499999999998 1.233043
v 0.927775 0.195225 -1.233043
v 2.301359 1.397721 0.546015
v -2.119856 -1.1288 0.97096
v 4.120842 0.627141 0.185461
v 3.966639 1.969285 0.549291
v 2.128139 1.788397 0.0
v 2.731512 0.219003 -0.891585
v 1.945206 -2.015769 0.672724
v 2.668936 0.206182 1.014371
v 1.612396 -1.485728 1.099731
v -4.309744 -1.743848 0.150329
v 4.143794 2.01372 -1.201386
v 2.024692 -1.074646 -1.172465
v -3.082741 -3.598298 1.054556
v 2.5704 0.738683 0.830405
v 2.515314 -1.507063 0.483275
v 2.515314 -1.507063 -0.483275
v 1.741854 -3.114181 0.700705
v 2.384638 -0.591919 1.043058
v -2.736599 -3.394849 1.269577
v -2.856957 -3.449728 -1.356844
v 4.216374 0.852328 -0.405873
v 4.496191 1.024566 -0.579491
v -2.697367 1.871291 -0.218796
v 4.031515 1.968248 0.91846
v 2.637655 -0.768176 0.637039
v 2.618307 -0.549092 -0.805491
v -2.503818 -1.909806 0.431456
v 2.180012 -1.130557 0.821812
v -1.227613 1.709095 0.2760290000000001
v -3.008323 -1.759271 -0.655672
v 2.0482 -1.581983 0.555832
v 2.0482 -1.581983 -0.555832
v 1.933899 -3.546253 0.912438
v 2.078928 -3.584991 -0.917088
v 2.247981 -3.342804 1.127459
v 2.138771 -3.397683 -1.214726
v 4.561299 2.133066 0.547248
v 2.386465 -1.116066 -0.761367
v 4.235494 2.636171 -0.803613
v 2.058189 -0.931238 1.163518
v -1.601625 -1.593321 0.605607
v -1.601625 -1.593321 -0.605607
v -3.742608 -0.729374 -0.149361
v 2.993075 -0.708434 0.342596
v 2.670253 -1.108365 0.544018
v 2.670253 -1.108365 -0.544018
v -1.226563 -1.655159 0.687343
v -1.226563 -1.655159 -0.687343
v 1.864064 -2.469953 -0.935601
v 3.828001 2.35254 -0.233341
v 2.113587 -3.011851 -0.851648
v -1.108758 -1.770749 0.473033
v -1.108758 -1.770749 -0.473033
v 1.918641 -2.083654 -1.001275
v -4.273069 -1.798884 -0.099878
v -2.791754 -3.635993 -1.078555
v 4.32063 2.385528 0.682583
v 4.277227 1.077746 0.550819
v 1.524407 -1.125312 1.142248
v 1.524407 -1.125312 -1.142248
v -3.144012 -2.333635 0.829994
v -3.144012 -2.333635 -0.829994
v 2.679445 0.687427 -0.720573
v -3.063133 -1.440555 1.090926
v -3.063133 -1.440555 -1.090926
v 5.672385 1.007694 0.341778
v -2.144393 -2.117408 0.464489
v 4.342351 2.581176 0.140317
v -3.169489 -2.110039 1.076796
v -3.047974 -2.109628 -1.063497
v -2.042059 -1.312976 -0.940911
v 4.046673 2.341349 -1.45253
v 4.262798 2.490674 0.818316
v 5.004627 0.908637 0.345273
v 5.004627 0.908637 -0.345273
v 4.761601 1.363013 -0.57137
v 5.247762 0.848549 0.10854600000000002
v 4.211815 2.28249 -1.039137
v 5.105589 1.864086 0.347113
v 5.680007 1.510009 0.0007859999999999968
v -2.749867 -3.295148 0.966073
v 2.235942 -3.243103 0.823955
v 5.383208 1.619661 -0.202452
v 5.70463 0.849158 -0.12812999999999997
v -3.135041 -3.243787 1.189436
v -3.135041 -3.243787 -1.189436
v -3.805841 -0.798961 0.099237
v 4.221814 1.660769 -0.59409
v 1.544087 -2.080722 0.786432
v 1.544087 -2.080722 -0.786432
v -2.062725 -1.884246 0.307336
v -3.166971 -3.002766 0.812106
v -3.166971 -3.002766 -0.812106
v -2.695135 -2.12165 -0.508064
v 1.886443 -3.191742 1.047318
v 1.886443 -3.191742 -1.047318
v 4.0247 2.187859 0.814219
v 4.0247 2.187859 -0.814219
v 4.017509 1.996169 -0.731654
v 4.152557 2.235471 1.217046
v 4.088356 2.510913 0.453793
v 4.088356 2.510913 -0.453793
v 5.425783 1.264372 0.329687
v 4.307092 2.367482 0.877202
v 4.307092 2.367482 -0.877202
v 4.459682 1.778884 0.588185
v 4.554459 2.511417 0.850571
v 4.197609 2.164063 0.857433
v 4.197609 2.164063 -0.857433
v -3.932489 -0.556566 0.03735400000000001
v 4.328606 2.563996 -0.343892
v -2.106039 -2.019111 -0.510759
v 4.228523 2.435029 1.098575
v 4.460582 2.622875 -0.957002
v 5.915025 1.382159 -0.13682
v 4.89385 2.220523 -0.417713
v -1.985123 -2.116661 -0.394256
v -3.078699 -2.553982 1.046834
v -3.162498 -2.556375 -1.058409
v 3.252224 2.026347 0.148215
v 4.112302 2.285832 0.5955
v 4.112302 2.285832 -0.5955
v 4.305411 2.059245 -0.539407
v 4.278045 1.97666 0.537351
v 4.029016 2.519175 0.249385
v 4.029016 2.519175 -0.249385
v -2.03574 -1.981182 0.547873
v -3.302419 -3.017921 1.128514
v -3.223286 -3.00178 -1.126176
v -2.685663 -2.028649 0.514928
v 1.864064 -2.469953 0.935601
v -3.238225 2.005405 -0.075645
v 4.465268 2.695425 0.757267
v 5.095375 1.961238 -0.401516
v 5.690122 1.092917 -0.37085
v 4.484667 2.534451 -0.708888
v 5.847989 1.311569 0.261476
v 4.927885 2.15656 0.516579
v 1.734568 -2.965876 0.986396
v 1.806371 -2.949735 -0.984058
v 4.697607 1.768061 0.576663
v 5.884856 1.062202 0.249545
v 5.85775 0.997026 -0.236768
v 4.821325 2.691794 0.791887
v 4.821336 2.621498 -0.789636
v -3.519086 1.70322 -0.066709
v 4.697024 1.862575 -0.604048
v 5.908782 1.066916 0.0011210000000000113
v 4.148927 2.388726 1.376879
v 4.863709 2.722151 0.93666
v -2.539874 -2.049824 -0.460098
v 4.753015 2.699695 -0.973279
v -3.821694 1.477989 0.107631
v 4.197516 2.349135 -1.253043
v 5.434594 0.970412 0.330823
v 5.434594 0.970412 -0.330823
v 4.991904 1.760829 0.510386
v 4.991904 1.760829 -0.510386
v 4.646703 2.728688 0.822295
v 4.646703 2.728688 -0.822295
v -3.828633 0.149083 0.0
v -3.765736 0.50707 -0.106281
v 5.01143 1.875569 0.463205
v 4.925394 1.955229 0.618837
v 4.971872 1.924079 -0.586026
v 1.570685 0.938327 0.989108
v -0.910602 1.204118 -0.83774
v -3.27808 1.432418 -0.853958
v -3.109047 1.789477 0.565323
v 3.189664 0.907503 -0.500122
v -1.120716 0.424016 1.45699
v -1.120716 0.424016 -1.45699
v 1.289448 -1.546597 0.0
v -1.489699 -0.024215 1.510987
v -1.489699 -0.024215 -1.510987
v 2.815366 1.377583 0.413399
v 4.856249 2.593812 0.867067
v 4.856249 2.593812 -0.867067
v 2.309358 -3.345468 -0.801508
v 4.83289 2.262727 0.283787
v 0.857323 0.985001 -0.874029
v -2.52472 -3.561609 -1.161535
v 2.970902 -0.959664 4.163336342344337e-17
v 0.305671 1.298417 0.629719
v -4.227645 -1.227895 0.06989400000000001
v -2.901159 -0.619504 -1.284058
v -1.782928 -0.770786 1.173619
v 1.677597 -2.237953 -0.696318
v -2.013663 0.810726 1.158827
v -2.013663 0.810726 -1.158827
v -3.044646 0.224321 1.164934
v 0.530629 -1.316423 0.929842
v 0.530629 -1.316423 -0.929842
v -1.001366 -1.335897 1.353338
v -1.001366 -1.335897 -1.353338
v -2.901159 -0.619504 1.284058
v -3.244771 1.19554 0.910945
v 3.590526 1.70109 0.411994
v 3.590526 1.70109 -0.411994
v 3.136321 0.171237 0.539896
v -2.223917 -1.541268 -0.87926
v -2.593513 -3.536154 0.94245
v -3.306875 0.379713 -0.98762
v -0.597781 1.48962 0.6410470000000001
v 1.497138 1.618935 0.401108
v 2.898733 0.271916 -0.651298
v -2.64722 -1.84401 -0.594347
v -2.050292 -0.755566 -1.114167
v -3.355398 -0.969157 -0.766213
v 1.664159 -0.189659 1.266729
v 1.664159 -0.189659 -1.266729
v -3.27979 -1.162072 0.784602
v 1.921881 -2.157616 0.692678
v -1.403848 1.533059 0.902827
v -1.403848 1.533059 -0.902827
v -2.064786 0.018789 1.411866
v -2.064786 0.018789 -1.411866
v -1.936032 -1.829617 0.488916
v -1.936032 -1.829617 -0.488916
v -3.667859 -0.964867 0.464702
v 2.183003 1.65407 0.341767
v -3.120907 -1.707924 -0.431829
v -2.317557 -1.8742 0.470587
v -4.015306 -1.659952 0.13033100000000003
v 2.301359 1.397721 -0.546015
v -3.520188 0.140164 0.618561
v 2.45706 -1.400958 0.539866
v 2.348182 -1.624595 0.0
v -3.884588 -1.261469 0.148322
v -2.049879 -1.562369 0.829319
v 2.715712 1.828219 -0.167709
v 1.794465 1.787719 0.0
v 2.734183 0.038769 0.86581
v 2.649413 0.03153500000000001 -1.024796
v -0.11266599999999999 -1.806584 -0.383324
v -3.655148 1.190938 0.573692
v -3.655148 1.190938 -0.573692
v 0.516872 -0.020712999999999995 1.356627
v 0.516872 -0.020712999999999995 -1.356627
v 2.910769 -0.638444 -0.431191
v -1.686329 -1.414405 0.869373
v 4.359048 0.700414 -0.16665100000000002
v 0.234527 1.730117 0.0
v 3.67471 0.338839 0.30784
v 3.67471 0.338839 -0.30784
v 5.177545 1.932323 0.0002139999999999989
v 2.347317 1.066114 0.758763
v -2.725776 -1.214862 1.190384
v -2.725776 -1.214862 -1.190384
v -0.812845 -1.785424 0.768511
v -0.812845 -1.785424 -0.768511
v -0.954897 1.677544 -0.293034
v -3.415655 -0.308965 -0.671045
v 2.45706 -1.400958 -0.539866
v 4.119993 2.063095 -1.049178
v 4.449011 1.260929 0.647431
v -3.526766 -0.317542 0.560837
v 1.219163 -1.218342 0.823029
v 1.219163 -1.218342 -0.823029
v 2.70696 0.393597 0.849582
v 2.618307 -0.549092 0.805491
v 4.963526 0.797382 -0.14344
v 3.870548 2.292106 -0.368964
v -3.07531 1.846 -0.363149
v 2.058189 -0.931238 -1.163518
v 4.143794 2.01372 1.201386
v -1.396332 1.723782 -0.267642
v -3.451965 -2.077314 0.931974
v -3.451965 -2.077314 -0.931974
v 2.386465 -1.116066 0.761367
v -2.890885 -3.415616 -0.819125
v -2.057387 1.841308 5.204170427930421e-18
v 1.599889 -1.595526 0.623185
v 1.599889 -1.595526 -0.623185
v -3.335942 -1.365685 -0.72459
v 3.823349 2.141733 0.428356
v 2.292449 -0.871852 -0.8824
v -3.074557 -3.486847 0.843432
v 1.941325 -3.434803 0.701314
v 1.941325 -3.434803 -0.701314
v -3.57817 0.837714 0.288502
v -3.57817 0.8377140000000001 -0.288502
v 4.474318 2.418432 -0.361347
v 4.024858 2.106568 1.208099
v -3.392806 1.769365 0.0
v -4.073086 -1.649491 -0.238382
v -1.397474 -1.693815 0.570541
v -1.397474 -1.693815 -0.570541
v 4.359483 2.615839 0.596817
v -3.387254 -1.486027 0.672861
v 4.159229 1.949902 -0.923197
v -2.981824 -3.608887 1.346959
v -3.030627 -3.493327 -1.32265
v 2.824356 -1.407256 0.355013
v 2.824356 -1.407256 -0.355013
v 5.216855 1.636645 -0.279797
v 2.025468 -3.556842 1.204841
v 1.981186 -3.441282 -1.180532
v 3.286426 -0.300744 0.276331
v 3.286426 -0.300744 -0.276331
v 4.474318 2.418432 0.361347
v 2.099566 -1.259996 1.055763
v -3.010917 -1.884498 1.08351
v -3.010917 -1.884498 -1.08351
v 1.635139 -0.965221 1.184968
v 1.635139 -0.965221 -1.184968
v 1.90637 -2.282284 -0.964887
v 2.071448 -1.410118 -1.006192
v 4.046673 2.341349 1.45253
v 4.297891 0.911506 0.447987
v 4.094112 1.889281 0.578435
v 1.941767 -1.759457 -0.997454
v 1.54175 -1.643613 1.01419
v 1.650318 -1.645881 -1.053347
v -2.048681 -2.165282 0.450843
v -2.048681 -2.165282 -0.450843
v 5.679621 0.8395 0.0009850000000000136
v -4.405365 -1.921443 0.19297800000000004
v 4.641547 1.285422 -0.622034
v -3.177824 -2.279173 1.04758
v -3.068444 -2.260195 -1.03507
v -1.686329 -1.414405 -0.869373
v 4.121121 1.614451 0.587188
v 4.121121 1.614451 -0.587188
v 4.440713 2.398472 -0.629128
v 5.383208 1.619661 0.202452
v 2.001343 -2.847715 0.762517
v 2.001343 -2.847715 -0.762517
v 5.449164 0.847535 0.10390900000000003
v 4.141189 1.008775 -0.499342
v 5.573803 0.952578 -0.24388599999999994
v -2.822497 -3.186549 1.120984
v -2.822497 -3.186549 -1.120984
v 2.170039 -3.134504 0.978866
v 2.170039 -3.134504 -0.978866
v 2.604217 0.728827 -0.769671
v 1.60129 -2.267132 0.787696
v -3.227676 -3.14166 1.103969
v -3.316551 -3.168932 -1.121229
v 5.687035 1.499636 -0.110765
v 5.425783 1.264372 -0.329687
v 3.928869 2.223919 0.615683
v 3.928869 2.223919 -0.615683
v 1.818266 -2.313852 0.968652
v 5.299005 0.908991 -0.260177
v 4.459682 1.778884 -0.588185
v -3.235873 -2.335338 0.820588
v -3.235873 -2.335338 -0.820588
v 4.354196 2.711836 0.826545
v 4.296538 2.243779 0.925459
v 4.296538 2.243779 -0.925459
v 4.26732 2.121987 -0.61494
v 4.715646 1.502195 0.584339
v 4.872539 2.159259 0.542891
v 1.802387 -3.089615 0.961851
v 1.721745 -3.116887 -0.979111
v 4.228523 2.435029 -1.098575
v -2.503818 -1.909806 -0.431456
v 4.138687 2.474013 -0.642311
v 4.203325 2.589186 -0.219164
v -3.016419 -2.765091 0.966671
v -3.016419 -2.765091 -0.966671
v 3.252224 2.026347 -0.148215
v 4.138494 2.557838 0.652651
v 5.241466 1.040469 0.383965
v 5.886832 1.385674 0.172365
v 4.278045 1.97666 -0.537351
v 4.104864 2.298353 0.915735
v 4.104864 2.298353 -0.915735
v 5.681726 1.282503 0.333871
v 4.273414 2.686575 -0.753674
v 4.404221 1.662433 0.61661
v 1.586321 -2.273752 -0.880969
v -3.238225 2.005405 0.07564500000000002
v 4.484667 2.534451 0.708888
v 5.847989 1.311569 -0.261476
v 5.837875 1.141493 -0.305184
v 5.097062 1.954206 -0.328795
v -2.060902 -2.031698 0.372079
v -2.060902 -2.031698 -0.372079
v 5.895899 1.18273 0.164705
v 4.574545 2.669863 -0.780363
v 4.305411 2.059245 0.539407
v -3.975337 -0.554961 -0.01440699999999999
v 4.824747 1.946835 0.626358
v 4.148927 2.388726 -1.376879
v 5.755282 1.004149 0.307505
v 4.935561 2.016016 -0.5857
v -2.571019 -1.995375 0.58623
v -3.740631 -0.558176 0.085478
v 5.934596 1.054796 -0.07703899999999997
v -3.32033 -2.827513 1.063914
v -3.26181 -2.821069 -1.088218
v 4.927885 2.15656 -0.516579
v 4.927282 1.486953 -0.526327
v -3.609021 1.745588 -0.133304
v 4.197516 2.349135 1.253043
v -3.88734 1.003866 -0.057635
v -3.703058 1.022838 -6.899999999999962e-05
v 1.718315 -2.775468 0.921796
v 1.771416 -2.769024 -0.9461
v 4.035753 2.399538 0.343957
v 4.035753 2.399538 -0.343957
v 4.662221 2.556346 0.940618
v 4.662221 2.556346 -0.940618
v 5.480649 0.941387 0.316248
v -3.768245 1.475619 0.124295
v 4.332083 2.586481 0.194917
v 5.425352 1.035967 -0.34272
v 4.728931 2.721892 0.832625
v 4.728931 2.721892 -0.832625
v 5.058179 1.788186 0.417387
v 5.057495 2.002751 0.451974
v 4.936066 1.737668 0.557276
v 5.580223 1.04747 0.372696
v 4.111934 2.234814 -1.399949
v -2.667969 -2.036634 0.471396
v -2.667969 -2.036634 -0.471396
v -3.703099 0.163192 -0.084205
v -3.786822 0.153783 0.084233
v 4.751519 2.039658 0.634134
v 4.751519 2.039658 -0.634134
v 4.861618 1.854067 -0.618095
v 4.953739 1.95258 0.592256
v 4.991709 1.844295 -0.520761
v -2.715246 1.746763 0.604653
v -3.7505 -0.191867 -0.11323
v -2.71748 1.576797 -0.875971
v -2.296056 1.06281 -1.171139
v -3.290393 -0.424259 -0.984153
v -3.709827 1.417763 0.0
v -0.04157 -1.143825 -1.395176
v -3.244771 1.19554 -0.910945
v 1.373216 -0.56462 1.106245
v 1.373216 -0.56462 -1.106245
v -2.092921 -1.839622 0.0
v 4.854957 2.660227 -0.92431
v 3.163181 1.209972 0.462438
v 3.163181 1.209972 -0.462438
v -3.698925 1.787941 0.06664
v -2.930312 1.10358 1.125876
v -3.661286 1.470876 -7.4e-05
v -3.290393 -0.424259 0.984153
v 0.921312 0.755659 0.99933
v 0.921312 0.755659 -0.99933
v -4.111927 -1.333141 -0.26716
v -0.071941 -1.346991 1.237379
v -1.200768 0.978822 1.103391
v -1.200768 0.978822 -1.103391
v 2.881063 -0.493146 0.521968
v 2.736198 -0.346225 -0.659345
v -3.504525 0.405574 0.847066
v -3.504525 0.405574 -0.847066
v -3.300372 -2.795728 0.878984
v -3.300372 -2.795728 -0.878984
v 2.747937 0.712253 0.615674
v 2.948387 0.783357 -0.515058
v 3.479418 1.97825 -0.317478
v 5.321136 1.795562 -0.119606
v -1.402349 -1.127845 1.309055
v -1.402349 -1.127845 -1.309055
v 5.604888 1.546091 0.113773
v -3.470778 -0.078218 -0.546398
v -3.120907 -1.707924 0.431829
v -0.597781 1.48962 -0.641047
v 0.725959 1.478055 0.461804
v 0.725959 1.478055 -0.461804
v 3.276333 1.863773 0.294266
v -4.129295 -1.228786 0.120745
v -2.050292 -0.755566 1.114167
v -3.639586 -1.140102 -0.3338
v -3.678793 -0.926816 0.0
v -2.787011 0.264495 1.237352
v -2.787011 0.264495 -1.237352
v 0.956456 -1.070504 0.921063
v 0.956456 -1.070504 -0.921063
v -2.38292 -0.41745 1.375045
v -2.38292 -0.41745 -1.375045
v 4.059885 1.86046 -0.470087
v -0.422877 -1.7512 -0.823423
v 1.649027 0.224458 1.211969
v 1.649027 0.224458 -1.211969
v -3.395381 1.726325 0.55477
v -3.395381 1.726325 -0.55477
v -2.1584 0.381542 1.272962
v -2.1584 0.381542 -1.272962
v -0.179548 1.471301 0.544513
v 1.947264 -2.443232 0.732587
v 1.947264 -2.443232 -0.732587
v -3.566995 0.656967 0.0
v 4.66969 0.738163 0.188296
v -2.306662 -1.116976 -0.961238
v -1.582187 1.567542 0.982349
v -1.582187 1.567542 -0.982349
v 3.787342 2.396113 -0.001159
v 2.715712 1.828219 0.167709
v -3.188954 -1.408279 0.963611
v -3.188954 -1.408279 -0.963611
v 4.137657 1.944837 1.061024
v 4.137657 1.944837 -1.061024
v -0.112666 -1.806584 0.383324
v -4.192486 -1.953852 0.017312999999999995
v -3.18675 -3.457336 1.025606
v 3.731689 0.186391 0.0
v -2.161843 -1.325837 0.957465
v 2.136269 -0.187666 1.278057
v 2.136269 -0.187666 -1.278057
v -1.81092 0.287592 1.292257
v -1.81092 0.287592 -1.292257
v 4.74325 1.05921 -0.563421
v 0.542386 -0.188227 1.370375
v 0.542386 -0.188227 -1.370375
v -1.396332 1.723782 0.267642
v 1.867657 -0.920633 1.206933
v 1.867657 -0.920633 -1.206933
v -3.639696 -1.242349 0.05719
v -2.547737 -1.833025 -0.609321
v 0.912989 -1.499314 0.419547
v 0.912989 -1.499314 -0.419547
v -0.228904 1.734267 4.625929269271485e-18
v 2.243492 -1.584783 0.431143
v 2.243492 -1.584783 -0.431143
v 2.790657 0.044324 0.717488
v 2.790657 0.044324 -0.717488
v -3.438226 -0.721479 0.728141
v -3.438226 -0.721479 -0.728141
v -3.11957 -3.183977 0.870739
v -3.11957 -3.183977 -0.870739
v 2.721135 -1.520418 0.362378
v 2.721135 -1.520418 -0.362378
v 2.543372 -0.548031 0.937182
v 2.543372 -0.548031 -0.937182
v -1.227613 1.709095 -0.276029
v 2.266003 1.273253 0.663332
v 2.266003 1.273253 -0.663332
v 3.870548 2.292106 0.368964
v -2.975439 -3.308754 -1.25324
v 4.522247 1.398278 0.644892
v 4.058311 2.293363 -1.338054
v -3.49052 -1.760417 0.903104
v -3.498521 -1.762078 -0.762472
v 2.031262 -3.256709 -1.111122
v 1.643403 -2.076583 -0.689565
v -2.845816 -3.273661 1.218321
v 1.776024 -2.980086 0.707575
v 1.776024 -2.980086 -0.707575
v -1.714432 1.747956 -0.24759399999999998
v -2.672899 1.90511 0.067168
v -2.740824 -3.597601 0.875006
v -2.740824 -3.597601 -0.875006
v 4.352603 2.524888 -0.890532
v 2.520417 -0.954785 0.739445
v 2.520417 -0.954785 -0.739445
v -3.27751 -1.177346 0.9153
v -3.27751 -1.177346 -0.9153
v 4.577573 2.389535 0.256196
v 4.577573 2.389535 -0.256196
v -0.972514 -1.822778 0.372649
v -0.972514 -1.822778 -0.372649
v 3.849352 0.664451 0.387198
v 3.849352 0.664451 -0.387198
v 2.14888 -3.221616 1.076203
v 5.216855 1.636645 0.279797
v 4.22473 2.624525 0.491916
v 4.329607 1.464801 -0.661485
v -2.765069 -1.561164 1.084313
v -2.765069 -1.561164 -1.084313
v -3.672431 1.044224 0.364991
v -3.672431 1.044224 -0.364991
v -3.470778 -0.078218 0.546398
v 4.735139 2.645464 0.95089
v 1.721211 -1.590185 0.601932
v 4.971394 2.146686 0.224781
v 5.803425 1.260787 0.210002
v 5.803425 1.260787 -0.210002
v 2.244147 -3.545557 0.732888
v 2.244147 -3.545557 -0.732888
v -3.107105 -2.947818 1.092235
v -2.986345 -2.93377 -1.087679
v 5.06084 2.053335 -0.309324
v -1.406693 -1.697325 0.450399
v -1.406693 -1.697325 -0.450399
v -3.066022 -1.953125 0.719516
v -3.066022 -1.953125 -0.719516
v 2.17745 -1.127765 0.974416
v 2.17745 -1.127765 -0.974416
v 4.277169 2.652435 -0.591369
v -2.631547 -3.559891 1.33738
v -2.729567 -3.602976 -1.377236
v 2.757946 -1.099958 0.471684
v 2.757946 -1.099958 -0.471684
v -3.699784 -0.759901 0.088664
v 2.549322 -1.335209 0.535156
v 2.549322 -1.335209 -0.535156
v 3.045715 -0.767786 0.261741
v 3.045715 -0.767786 -0.261741
v 1.328862 -1.352627 0.758733
v 1.348219 -1.282064 -0.845204
v -2.969687 -2.097941 0.982836
v -2.969687 -2.097941 -0.982836
v 4.744871 0.950945 0.491082
v 5.334328 1.402713 -0.332639
v 2.036036 -1.57908 0.967151
v 2.059844 -1.561331 -0.858957
v 5.197562 0.922406 -0.302473
v -4.424122 -1.831742 0.13083900000000004
v 3.378799 0.073736 0.355362
v 3.378799 0.073736 -0.355362
v 4.216374 0.852328 0.405873
v 4.047406 2.207209 1.015108
v 4.047406 2.207209 -1.015108
v 4.43302 2.024714 0.563794
v 4.43302 2.024714 -0.563794
v 2.343303 -3.507846 1.195262
v 2.254361 -3.550931 -1.235118
v -4.175757 -1.808223 -0.140659
v 1.5167 -1.45305 1.068516
v 1.5167 -1.45305 -1.068516
v -1.777628 -1.473076 0.845827
v -1.778934 -1.550199 -0.776454
v 2.013095 -2.051912 0.911043
v 2.047696 -2.050138 -0.814712
v 5.112563 0.840686 0.00048000000000000473
v -1.366873 -1.340211 0.907567
v -1.366873 -1.340211 -0.907567
v 1.438439 -1.148029 1.098069
v 1.438439 -1.148029 -1.098069
v 5.568745 0.834653 -0.07139
v 3.823349 2.141733 -0.428356
v 4.399629 0.850459 -0.39185500000000006
v 5.566339 1.498677 -0.190905
v 4.697024 1.862575 0.604048
v 4.615662 2.63387 -0.977986
v 4.085564 1.288885 0.544406
v 4.085564 1.288885 -0.544406
v 1.6249 -2.087301 0.963391
v 1.720031 -2.105568 -0.971354
v 5.998088 1.231874 0.107334
v 5.998088 1.231874 -0.107334
v -3.251541 -2.56405 1.023627
v -3.251541 -2.56405 -1.023627
v -2.80326 -3.21358 0.942403
v -2.80326 -3.21358 -0.942403
v 3.98291 1.987391 0.639809
v 2.187495 -3.161535 0.800285
v 2.187495 -3.161535 -0.800285
v 5.299005 0.908991 0.260177
v -2.547737 -1.833025 0.609321
v 1.798719 1.714447 0.259352
v 1.798719 1.714447 -0.259352
v 5.296963 1.322443 0.357984
v -2.04111 -2.075348 0.540201
v -2.04111 -2.075348 -0.540201
v -3.06981 -2.928755 0.845236
v -3.06981 -2.928755 -0.845236
v 4.44385 2.449921 -0.495432
v 4.715646 1.502195 -0.584339
v -3.978115 -0.82344 0.09928
v 3.989434 2.118832 0.765086
v 3.989434 2.118832 -0.765086
v -3.412068 -2.356105 0.865813
v -3.412068 -2.356105 -0.865813
v 4.12616 2.12093 1.17252
v 4.12616 2.12093 -1.17252
v 1.945632 -2.87671 0.703118
v 1.945632 -2.87671 -0.703118
v 4.460582 2.622875 0.957002
v 4.296769 2.260422 0.528796
v 4.296769 2.260422 -0.528796
v 5.152698 1.830661 -0.287042
v 1.880971 -2.733242 0.8902
v 1.960643 -2.71286 -0.90089
v -3.04661 -2.510881 0.900772
v -3.04661 -2.510881 -0.900772
v 5.681726 1.282503 -0.333871
v 4.991713 1.163096 0.504149
v 4.232341 1.903079 0.534362
v 4.232341 1.903079 -0.534362
v 4.273414 2.686575 0.753674
v 4.172143 2.303394 0.778972
v 4.172143 2.303394 -0.778972
v 4.222795 2.228178 0.952752
v 4.222795 2.228178 -0.952752
v -3.184143 -3.298048 1.156892
v -3.184143 -3.298048 -1.156892
v 5.710154 1.360653 0.290072
v 4.354196 2.711836 -0.826545
v 1.841888 -3.246003 1.014774
v 1.841888 -3.246003 -1.014774
v 4.121994 2.458034 0.570029
v 4.121994 2.458034 -0.570029
v 4.245861 2.375093 1.141312
v 4.245861 2.375093 -1.141312
v 3.247406 2.073333 0.0
v 4.38638 1.770868 0.596666
v 4.38638 1.770868 -0.596666
v 5.097062 1.954206 0.328795
v -1.933565 -1.993029 0.438902
v -1.971059 -1.992958 -0.500845
v 5.842092 1.427708 0.130724
v 5.813217 1.415581 -0.195261
v -3.227504 1.961738 -0.131029
v 5.250485 1.123029 -0.385234
v 1.678986 -2.513137 0.891745
v 1.737623 -2.485017 -0.918334
v 2.604217 0.728827 0.769671
v 2.5704 0.738683 -0.830405
v 4.520165 2.557971 0.762427
v 4.520165 2.557971 -0.762427
v -2.709403 -1.879947 0.508775
v -2.684452 -1.891207 -0.447388
v 4.290375 2.112337 0.80019
v 4.290375 2.112337 -0.80019
v 4.339601 2.592642 0.258891
v -3.380836 1.819691 0.123273
v 5.912147 1.117911 0.254197
v 5.912147 1.117911 -0.254197
v 4.862636 1.684144 0.570155
v -2.552923 -2.142304 0.454579
v -2.513187 -2.130859 -0.49792
v -3.88734 1.003866 0.057635
v 5.897758 1.009309 0.080583
v 5.897758 1.009309 -0.08058299999999999
v 1.735077 -3.022732 0.972751
v 1.735077 -3.022732 -0.972751
v -3.301857 -3.074776 1.114869
v -3.301857 -3.074776 -1.114869
v 5.480649 0.941387 -0.3162479999999999
v -3.768245 1.475619 -0.124295
v -3.714787 1.473248 0.107668
v 4.332083 2.586481 -0.194917
v 5.425352 1.035967 0.34272
v 4.574545 2.669863 0.780363
v 4.149438 2.34055 1.353693
v 5.057495 2.002751 -0.451974
v 4.936066 1.737668 -0.557276
v 4.00011 2.424158 0.313254
v 4.00011 2.424158 -0.313254
v 5.580223 1.04747 -0.372696
v 4.101754 2.557092 0.265856
v 4.101754 2.557092 -0.265856
v 4.111934 2.234814 1.399949
v 5.681086 1.054964 0.35586
v 4.737893 2.564648 0.830389
v 4.737893 2.564648 -0.830389
v -3.720269 0.512205 0.092064
v -3.720269 0.512205 -0.092064
v 4.140097 2.295949 -1.367196
v -2.688607 -2.101208 0.550465
v -2.688607 -2.101208 -0.550465
v -3.845923 -0.188822 -0.06918
v -3.640457 -0.195379 -0.024909
v 4.719171 2.751091 0.865965
v 4.719171 2.751091 -0.865965
v 4.798297 2.118191 0.591085
v 4.798297 2.118191 -0.591085
v 4.852582 1.816115 -0.603105
v 4.93795 2.181155 0.486939
v 4.93795 2.181155 -0.486939
v 4.861618 1.854067 0.618095
v 4.93588 2.051665 0.572853
v 4.93588 2.051665 -0.572853
v 4.991709 1.844295 0.520761
v 4.953403 1.907939 -0.605609
v -1.077209 -0.869649 1.633144
v -1.077209 -0.869649 -1.633144
v -2.348005 -1.869142 0.0
v 3.486028 -0.141683 0.0
v -0.15511399999999997 -1.828285 0.0
v -3.661331 0.167886 5.799999999999989e-05
v -1.714432 1.747956 0.247594
v 3.454971 2.169877 0.0
v -0.645496 0.179261 1.584316
v -0.645496 0.179261 -1.584316
v 0.010485999999999995 -0.502317 1.576297
v 0.010485999999999995 -0.502317 -1.576297
v 2.023441 0.529338 1.144399
v 2.023441 0.529338 -1.144399
v -2.417777 -1.553136 -0.887222
v 0.243473 1.134082 0.819993
v 0.243473 1.134082 -0.819993
v 3.747724 1.184933 0.518662
v 3.747724 1.184933 -0.518662
v -2.616467 -0.511373 1.344133
v -2.616467 -0.511373 -1.344133
v 3.321825 0.26669 0.46575
v 3.321825 0.26669 -0.46575
v -2.417777 -1.553136 0.887222
v -2.890885 -3.415616 0.819125
v -3.1103 -1.69172 0.0
v -2.90708 -0.345582 1.281557
v -3.101125 -0.35476 -1.162409
v 1.456656 1.785879 0.0
v -2.715246 1.746763 -0.604653
v 2.553871 1.284278 0.512335
v 2.553871 1.284278 -0.512335
v -3.251181 0.175063 1.053445
v -3.251181 0.175063 -1.053445
v -2.687022 0.076781 1.290565
v -0.952525 -1.440582 1.16865
v -0.952525 -1.440582 -1.16865
v 1.517126 1.334367 0.741076
v 1.517126 1.334367 -0.741076
v -2.205791 1.356023 1.081662
v -2.205791 1.356023 -1.081662
v -0.674657 1.333008 0.761059
v -0.674657 1.333008 -0.761059
v -3.569386 -0.761644 -0.035893
v 1.601721 -1.262359 1.14142
v 1.601721 -1.262359 -1.14142
v -1.757573 -0.945337 1.075832
v -1.757573 -0.945337 -1.075832
v -3.458251 -0.12594999999999998 0.731712
v -3.458251 -0.12595 -0.731712
v -3.442151 1.105486 0.762934
v -3.442151 1.105486 -0.762934
v -1.799827 -1.753136 0.0
v -3.338742 1.598933 0.689636
v -3.338742 1.598933 -0.689636
v 2.896234 -1.31956 0.0
v -3.697889 -0.951955 0.098793
v 2.107985 -3.363571 0.677007
v 4.150297 1.820575 0.917046
v 4.150297 1.820575 -0.917046
v -1.733703 1.083864 1.181489
v -1.733703 1.083864 -1.181489
v -3.697974 1.466697 0.433432
v -3.697974 1.466697 -0.433432
v -2.536112 0.656633 1.269661
v -2.536112 0.656633 -1.269661
v -2.703112 1.825435 0.395127
v -0.0723 -1.450245 1.087397
v -0.0723 -1.450245 -1.087397
v -3.442085 -1.48412 0.406377
v -3.442085 -1.48412 -0.406377
v 5.296963 1.322443 -0.357984
v -3.639586 -1.140102 0.3338
v -3.631179 -1.157838 -0.50561
v 4.636582 2.263383 0.471997
v 2.953029 -0.12769 0.520499
v 2.953029 -0.12769 -0.520499
v 1.210555 -1.460061 0.576841
v 1.19204 -1.330605 -0.678707
v 3.541188 1.849183 0.386366
v 3.541188 1.849183 -0.386366
v -0.954897 1.677544 0.2930340000000001
v -3.238094 -0.979377 0.961631
v -3.238094 -0.979377 -0.961631
v 0.538756 -1.408602 0.764911
v 0.538756 -1.408602 -0.764911
v 2.292449 -0.871852 0.8824
v 2.410367 -0.777999 -0.841105
v 0.950215 0.042751 1.256188
v 0.950215 0.042751 -1.256188
v 4.66969 0.738163 -0.188296
v 2.439827 -0.395385 1.131324
v 2.439827 -0.395385 -1.131324
v -1.950547 -0.275573 1.377028
v -1.950547 -0.275573 -1.377028
v -3.381262 -1.828189 0.697034
v -3.381262 -1.828189 -0.697034
v 4.636582 2.263383 -0.471997
v 3.086666 1.632991 0.338863
v 3.086666 1.632991 -0.338863
v -1.519339 -1.653776 0.501741
v -1.519339 -1.653776 -0.501741
v 5.072165 2.04363 0.209228
v -0.680046 -1.768325 0.81908
v -0.680046 -1.768325 -0.81908
v -3.599077 0.796217 0.0
v 4.317602 2.588926 -0.000745
v -1.179474 1.786649 2.7755575615628914e-17
v -3.03125 -3.09594 1.106355
v -3.03125 -3.09594 -1.106355
v 1.980621 -3.043895 0.964237
v 1.980621 -3.043895 -0.964237
v -4.333831 -1.548255 0.056938000000000016
v 2.790681 0.219187 0.718263
v 2.790681 0.219187 -0.718263
v -3.074557 -3.486847 -0.843432
v -0.267035 1.627058 0.26657700000000006
v -0.267035 1.627058 -0.266577
v -4.207566 -1.922824 0.15510400000000002
v 4.176065 2.636883 -0.618384
v 5.321136 1.795562 0.119606
v -3.253309 -2.137354 0.760713
v -3.253309 -2.137354 -0.760713
v -1.932916 0.232972 1.304589
v -1.932916 0.232972 -1.304589
v -1.465432 1.655336 0.722125
v -1.465432 1.655336 -0.722125
v -3.914006 -1.486854 0.149147
v -2.791754 -3.635993 1.078555
v -2.749867 -3.295148 -0.966073
v 4.744871 0.950945 -0.491082
v -3.608593 1.163581 0.0
v -3.319817 -1.365015 0.886015
v -3.319817 -1.365015 -0.886015
v 2.235942 -3.243103 -0.823955
v -2.027242 -1.813012 0.555232
v -2.027242 -1.813012 -0.555232
v -1.67651 1.826886 1.1102230246251566e-17
v -4.112449 -0.875765 0.016326000000000014
v 1.937009 -1.625419 1.026843
v 1.937009 -1.625419 -1.026843
v 4.105198 0.672581 0.300001
v 4.105198 0.672581 -0.300001
v -2.299356 -1.025449 1.044687
v -2.299356 -1.025449 -1.044687
v 0.948819 -0.638568 1.102958
v 0.948819 -0.638568 -1.102958
v 2.197935 -3.583948 0.936437
v 2.197935 -3.583948 -0.936437
v -4.001496 -1.375703 -0.285641
v -3.389388 -2.305625 0.950348
v -3.389388 -2.305625 -0.950348
v -2.811581 -1.79821 0.712737
v -2.811581 -1.79821 -0.712737
v 3.053144 -0.609681 0.326931
v 3.053144 -0.609681 -0.326931
v 1.747671 -2.067518 0.638841
v 1.747671 -2.067518 -0.638841
v -3.676599 -0.729578 0.330724
v -3.665774 -0.73408 -0.446286
v 1.818846 -1.756976 1.023593
v 1.818846 -1.756976 -1.023593
v 5.127157 1.942759 -0.211214
v 2.847364 -1.103812 0.4023010000000001
v 2.847364 -1.103812 -0.402301
v 4.641547 1.285422 0.622034
v -2.603284 -2.176802 0.510638
v -2.603284 -2.176802 -0.510638
v -3.664355 0.932851 0.370749
v -3.664355 0.9328510000000001 -0.370749
v 2.710721 -0.830091 0.532493
v 2.710721 -0.830091 -0.532493
v -3.117476 -1.866892 1.108034
v -3.117476 -1.866892 -1.108034
v -3.949814 -0.963797 0.140806
v 1.644178 -0.857872 1.208494
v 1.644178 -0.857872 -1.208494
v 5.323232 0.866039 0.0006600000000000208
v -3.09873 -3.539123 1.252987
v -3.09873 -3.539123 -1.252987
v 1.736425 -2.743683 0.736866
v 1.700797 -2.794792 -0.82425
v 4.176065 2.636883 0.618384
v 5.647186 1.394606 -0.257833
v 4.197644 2.394643 1.248646
v 4.197644 2.394643 -1.248646
v 4.141189 1.008775 0.499342
v 1.919391 -3.487078 1.110869
v 1.919391 -3.487078 -1.110869
v 1.963153 -1.588839 0.612861
v 1.963153 -1.588839 -0.612861
v 2.647368 -0.61155 0.669485
v 2.647368 -0.61155 -0.669485
v 3.700363 0.265794 0.240762
v 3.700363 0.265794 -0.240762
v -3.339637 -2.846837 0.966368
v -3.339637 -2.846837 -0.966368
v 3.745669 2.266001 0.24193
v 3.745669 2.266001 -0.24193
v -3.570243 -0.06009299999999999 0.344854
v -3.529709 -0.065998 -0.437217
v 3.118124 -0.703925 0.0
v -1.592146 -1.408592 0.838483
v -1.592146 -1.408592 -0.838483
v 4.399629 0.850459 0.391855
v 2.148553 -1.103067 1.06541
v 2.148553 -1.103067 -1.06541
v 5.961686 1.110978 0.09032400000000003
v 1.230116 -1.085439 0.894543
v 1.230116 -1.085439 -0.894543
v 1.98533 -2.221319 0.893145
v 2.02453 -2.195334 -0.811284
v 2.422296 -1.510915 0.494169
v 2.422296 -1.510915 -0.494169
v -2.031698 -1.097344 0.966701
v -2.031698 -1.097344 -0.966701
v 5.528186 1.44018 0.250666
v -2.699957 -3.390295 1.185593
v -2.699957 -3.390295 -1.185593
v 2.096552 1.678482 0.32681
v 2.096552 1.678482 -0.32681
v 4.333503 0.951176 -0.481517
v 5.373133 1.541142 -0.246712
v 2.281229 -3.33825 1.043475
v 2.281229 -3.33825 -1.043475
v 4.410844 2.500167 0.351972
v 4.410844 2.500167 -0.351972
v 2.354287 -1.193746 0.735189
v 2.354287 -1.193746 -0.735189
v 4.076852 1.746601 0.527436
v 4.076852 1.746601 -0.527436
v 2.042206 1.777154 0.0
v 4.247733 1.381058 0.649596
v 4.247733 1.381058 -0.649596
v 1.480629 -1.640132 0.953447
v 1.480629 -1.640132 -0.953447
v 4.12329 2.086854 1.295135
v 4.12329 2.086854 -1.295135
v 1.828658 -2.477348 0.67347
v 1.828658 -2.477348 -0.67347
v -1.305099 -1.70846 0.48423
v -1.305099 -1.70846 -0.48423
v 4.423033 2.561337 -0.603562
v 3.892378 2.149432 0.603589
v 3.892378 2.149432 -0.603589
v 4.15109 2.102939 0.889759
v 4.15109 2.102939 -0.889759
v 5.152698 1.830661 0.287042
v -2.928681 -3.072892 0.924772
v -2.928681 -3.072892 -0.924772
v 4.059714 2.194906 0.888152
v 4.059714 2.194906 -0.888152
v -2.629466 1.918204 1.0408340855860843e-17
v 2.07369 -3.020848 0.782654
v 2.07369 -3.020848 -0.782654
v 5.3569 0.85112 0.13832400000000003
v 5.3569 0.85112 -0.13832399999999997
v 4.404221 1.662433 -0.61661
v -3.007483 -2.270712 0.984279
v -3.007483 -2.270712 -0.984279
v 4.44076 2.490353 0.629287
v 5.797411 0.880032 -0.07230599999999998
v 5.223191 1.371491 0.388069
v 5.153735 0.831575 0.218348
v 5.153735 0.831575 -0.218348
v 4.679116 1.438434 -0.589658
v 5.579253 0.837796 0.0008960000000000079
v 4.460786 2.695616 0.949972
v 4.460786 2.695616 -0.949972
v -3.348274 1.767738 -8.5e-05
v 5.223571 0.974029 0.362117
v 5.223571 0.974029 -0.362117
v -3.227504 1.961738 0.131029
v 4.274886 2.22003 0.679075
v 4.274886 2.22003 -0.679075
v -2.12403 -2.137733 0.406853
v -2.12403 -2.137733 -0.406853
v 4.024214 2.527933 -0.000987
v 4.964945 2.053575 0.499903
v 5.764774 1.279824 0.308562
v 5.764774 1.279824 -0.308562
v -3.445903 1.923509 -0.123229
v 3.009101 1.971604 0.03422
v -1.978344 -2.023535 0.398257
v -1.978344 -2.023535 -0.398257
v 1.648793 -2.280014 0.929365
v 1.710406 -2.272223 -0.954296
v 4.560024 1.604023 0.589333
v 5.687035 1.499636 0.110765
v 5.741781 1.463956 -0.124891
v -3.910546 -0.601719 -0.163159
v 4.244622 2.554467 0.811726
v 4.244622 2.554467 -0.811726
v 5.941384 1.330818 0.178936
v 5.941384 1.330818 -0.178936
v 1.801127 -2.48469 0.938593
v 1.801127 -2.48469 -0.938593
v 4.101726 2.312318 1.438163
v 4.101726 2.312318 -1.438163
v -3.86082 1.479723 -0.062137
v 4.735445 2.749285 0.940329
v 4.735445 2.749285 -0.940329
v -2.499138 -2.03809 0.504529
v -2.513608 -2.012858 -0.558673
v 4.917973 1.68148 0.544201
v 4.917973 1.68148 -0.544201
v -3.609021 1.745588 0.133304
v -3.557104 1.72113 -0.11547
v 5.638369 0.904402 0.222548
v 5.638369 0.904402 -0.22254799999999997
v -3.040038 -2.780893 0.914614
v -3.040038 -2.780893 -0.914614
v -2.618068 -2.046419 0.441284
v -2.618068 -2.046419 -0.441284
v 4.281287 2.055751 0.787
v 4.281287 2.055751 -0.787
v 4.377095 1.871713 0.595743
v 4.377095 1.871713 -0.595743
v 1.972647 -2.728848 0.772496
v 1.972647 -2.728848 -0.772496
v -3.297886 -2.54902 0.861657
v -3.297886 -2.54902 -0.861657
v 4.763337 2.590834 0.929248
v 4.763337 2.590834 -0.929248
v 5.87863 0.986485 0.128292
v 5.87863 0.986485 -0.128292
v 5.388455 1.119419 0.351883
v 5.388455 1.119419 -0.351883
v -3.217306 -3.187686 1.075214
v -3.217306 -3.187686 -1.075214
v 1.811797 -3.135641 0.933096
v 1.811797 -3.135641 -0.933096
v -3.856649 0.496801 0.0
v -2.141621 -2.024301 0.470257
v -2.141621 -2.024301 -0.470257
v 4.418954 2.707401 0.782531
v 4.465268 2.695425 -0.757267
v 5.058179 1.788186 -0.417387
v -3.177108 -2.979305 1.139084
v -3.177108 -2.979305 -1.139084
v 4.829566 2.580797 0.821827
v 4.829566 2.580797 -0.821827
v -3.80184 1.012668 0.115288
v -3.752468 1.017751 -0.099865
v 4.538177 2.513353 0.776566
v 4.538177 2.513353 -0.776566
v 5.535184 0.98018 0.341257
v 5.535184 0.98018 -0.341257
v 5.849792 1.19348 0.181047
v 5.849792 1.19348 -0.181047
v 1.848272 -2.92726 0.996966
v 1.848272 -2.92726 -0.996966
v 4.077563 2.305187 0.510338
v 4.077563 2.305187 -0.510338
v 4.683344 2.554221 0.821927
v 4.683344 2.554221 -0.821927
v 4.211652 2.602538 0.264011
v 4.211652 2.602538 -0.264011
v -3.778908 -0.541975 0.064258
v 4.055262 2.505284 0.297282
v 4.055262 2.505284 -0.297282
v 5.030641 2.102197 -0.432329
v -4.351543 -1.947675 0.02502
v 5.800778 1.078596 0.31945
v 5.763952 1.062109 -0.338641
v -3.744907 0.158493 -0.097274
v -3.745007 0.158482 0.097274
v 2.514162 0.988713 0.674527
v 2.482917 0.997637 -0.702425
v 4.636909 2.750501 0.856859
v 4.636909 2.750501 -0.856859
v 4.983034 1.806343 0.505779
v 4.983034 1.806343 -0.505779
v -2.678971 -2.007694 0.558395
v -2.678971 -2.007694 -0.558395
v 4.816181 1.79786 0.604026
v 4.816181 1.79786 -0.604026
v 5.067202 2.027704 0.422291
v 4.141759 2.279958 1.29534
v 4.141759 2.279958 -1.29534
v 4.275405 2.319905 1.0464
v 4.275405 2.319905 -1.0464
v 4.881855 2.194544 0.530288
v 4.881855 2.194544 -0.530288
v 4.842883 2.021333 0.638025
v 4.842883 2.021333 -0.638025
v 4.953403 1.907939 0.605609
v 4.925499 1.917814 -0.613413
v 4.728963 2.036146 0.614307
v 4.728963 2.036146 -0.614307
f 1833 1539 3
f 1907 162 1494
f 9 688 1512
f 1530 2212 578
f 1308 929 350
f 548 2249 15
f 601 2198 1895
f 2198 601 931
f 931 803 2198
f 1580 2227 1973
f 1499 2315 947
f 666 154 18
f 2266 1149 926
f 18 2287 1800
f 21 1619 1140
f 1305 718 798
f 2094 27 425
f 1094 363 2094
f 194 469 1769
f 1907 917 2277
f 29 2107 1481
f 1481 1070 1750
f 252 2270 816
f 1317 942 2190
f 2168 1843 981
f 549 1271 2144
f 1760 672 1060
f 284 1486 1074
f 1486 284 205
f 1057 286 925
f 645 207 2089
f 939 1522 482
f 843 1576 174
f 1149 2266 3
f 655 1250 1089
f 1585 1250 655
f 1250 650 1830
f 1746 809 2222
f 209 127 30
f 2087 652 33
f 1059 1743 545
f 545 1743 1283
f 2118 1478 937
f 247 648 905
f 1083 1275 911
f 1519 410 1083
f 2116 1739 906
f 1739 2116 39
f 1740 39 2116
f 37 1288 1528
f 1764 343 541
f 400 1741 2125
f 1575 210 1795
f 2233 1499 407
f 947 407 1499
f 1143 948 1809
f 301 1952 433
f 2397 301 1766
f 2387 1985 366
f 335 2159 662
f 1520 2159 1866
f 1518 2450 799
f 46 1240 1968
f 48 1203 995
f 620 995 1657
f 387 1868 2173
f 1770 50 2238
f 1607 2298 669
f 2298 53 1913
f 53 1258 1913
f 854 2365 1042
f 1454 56 1041
f 1886 1687 2425
f 1210 1021 749
f 823 2347 1386
f 2347 1916 1386
f 1941 395 1553
f 589 1117 983
f 2393 2007 1006
f 2309 1399 1876
f 1594 1868 387
f 59 48 120
f 377 964 2002
f 2049 1361 2353
f 1008 2320 216
f 58 61 134
f 2320 976 1410
f 2350 134 1416
f 1678 741 1434
f 1434 2393 1678
f 1342 3 1832
f 1098 1761 2246
f 1869 107 2080
f 764 902 1869
f 68 2128 764
f 952 2211 1529
f 1281 2078 69
f 2078 1338 69
f 1534 953 2078
f 1747 2128 1402
f 2234 769 1531
f 218 1531 1783
f 550 2145 927
f 1265 1894 2197
f 2197 930 1265
f 930 2197 362
f 1972 2226 1579
f 767 1267 674
f 1932 135 370
f 958 2286 226
f 226 832 1655
f 1883 605 1318
f 509 156 1104
f 2215 313 713
f 1301 129 2277
f 1078 129 2079
f 80 1749 1487
f 475 697 2269
f 353 1871 81
f 353 81 665
f 1329 2167 355
f 285 1817 781
f 83 914 1845
f 468 85 393
f 1259 288 647
f 898 1073 1485
f 1485 148 898
f 1058 2076 1274
f 1817 285 1064
f 984 82 1351
f 3 2265 1883
f 1584 2153 228
f 2153 1484 228
f 1745 2221 1151
f 1777 84 2113
f 394 772 1516
f 208 2091 181
f 1282 915 399
f 2143 214 1503
f 1503 214 2160
f 663 65 295
f 1082 351 1781
f 1085 921 473
f 397 1737 89
f 1737 2142 1480
f 561 896 1865
f 1865 2208 561
f 2244 796 1084
f 1294 1537 1763
f 1502 398 2110
f 761 1752 90
f 1508 90 1752
f 950 1480 572
f 307 568 1218
f 507 74 115
f 684 115 1984
f 1263 649 2158
f 1277 802 2207
f 1277 2207 409
f 2408 557 43
f 429 213 1751
f 1464 487 1751
f 1208 396 2418
f 396 667 2041
f 396 1710 667
f 2063 646 1730
f 1738 882 2441
f 93 591 348
f 1222 908 1491
f 1664 739 96
f 2323 95 717
f 717 1874 1637
f 1874 97 1637
f 99 1291 1185
f 2241 1664 1849
f 164 118 55
f 1681 2355 1997
f 743 277 875
f 2342 1628 277
f 57 1934 1124
f 1385 596 2346
f 1385 945 714
f 1567 372 2308
f 1491 1884 1286
f 2182 1379 1086
f 1379 2182 101
f 997 2301 1173
f 997 1173 102
f 103 98 613
f 2048 1436 2353
f 1675 706 2258
f 2048 2353 996
f 1587 963 513
f 1206 634 1432
f 1335 323 1970
f 1622 842 1955
f 1622 2134 842
f 1142 1979 465
f 1923 1142 465
f 627 2349 869
f 1193 1810 2321
f 975 1920 2217
f 1920 81 2217
f 2021 689 461
f 2228 1179 461
f 1894 70 461
f 2113 914 1477
f 2113 1477 84
f 1870 2080 107
f 260 2128 1024
f 692 1807 1252
f 361 2155 255
f 34 30 125
f 1824 333 87
f 12 259 212
f 1295 343 1764
f 1279 1517 111
f 1279 111 2152
f 1036 2335 512
f 1985 1373 1190
f 2288 1832 971
f 984 2281 1351
f 1695 93 408
f 139 2119 173
f 1372 1984 115
f 1658 1189 362
f 372 1256 116
f 2006 1005 2392
f 102 382 448
f 520 1990 234
f 100 1209 879
f 100 879 2054
f 804 1770 119
f 2298 1942 53
f 1303 387 1980
f 2368 1670 964
f 225 1136 1591
f 1712 2016 2372
f 1257 1709 250
f 1753 1710 667
f 2080 1812 123
f 1269 650 1830
f 1254 2141 554
f 1254 246 541
f 2157 1340 786
f 2117 181 1798
f 924 2093 126
f 2308 1256 372
f 32 897 127
f 2085 542 1074
f 2164 1822 128
f 1521 938 355
f 1253 543 1610
f 1253 1610 1078
f 2000 225 1136
f 1957 967 600
f 1512 688 2090
f 1803 936 2220
f 2296 1536 925
f 2295 1960 1081
f 1093 1299 470
f 1077 953 1534
f 1602 562 2391
f 163 134 278
f 1613 313 2215
f 2265 605 1883
f 843 1576 2282
f 681 1158 2
f 2394 1799 137
f 2015 1267 1648
f 522 1898 138
f 1636 873 631
f 1398 173 139
f 2225 354 795
f 1943 615 140
f 202 2150 1491
f 55 56 240
f 2425 2028 1688
f 263 568 507
f 1765 684 2396
f 1991 1215 523
f 323 1921 105
f 235 382 1384
f 881 448 520
f 1704 1430 827
f 1404 1966 366
f 1706 1240 146
f 1706 569 52
f 696 254 147
f 572 863 950
f 941 1505 1771
f 941 1771 2122
f 2249 15 610
f 999 1911 112
f 468 1482 783
f 2201 397 87
f 1317 1146 151
f 1545 1110 806
f 1870 2317 152
f 1870 152 902
f 1332 1553 1941
f 1641 589 1946
f 2257 434 154
f 1255 1199 264
f 1284 2235 155
f 1564 662 1741
f 2120 1320 156
f 1825 1616 82
f 996 2048 157
f 996 157 1847
f 1877 2248 158
f 1559 1375 1096
f 1127 1252 1807
f 2107 1070 1481
f 1827 2119 354
f 2188 183 1496
f 143 1679 1212
f 1012 736 521
f 466 2246 1098
f 850 1906 1494
f 1922 2327 163
f 1811 1602 2322
f 1188 2292 164
f 2346 1198 1958
f 1021 749 165
f 2423 2039 1642
f 873 731 166
f 138 1682 1898
f 2387 366 1966
f 1270 2325 1839
f 1439 1703 1002
f 2414 861 1889
f 460 1799 2394
f 599 1976 137
f 94 140 202
f 2453 1222 908
f 2044 1234 171
f 531 1488 2398
f 1469 47 1166
f 1458 1203 995
f 773 2442 1247
f 2081 2063 299
f 2168 981 482
f 151 759 657
f 1502 398 2102
f 679 1754 2124
f 653 1561 176
f 969 1869 2080
f 1106 1479 177
f 940 289 1742
f 32 127 178
f 1478 1760 1060
f 1365 1948 1156
f 1365 2237 1623
f 80 2106 180
f 1767 2443 491
f 125 2117 181
f 468 181 393
f 2055 1048 1488
f 754 182 531
f 354 2225 763
f 1917 423 2188
f 1345 1591 184
f 416 184 525
f 5 9 356
f 2123 1099 1772
f 2022 2078 1281
f 2146 550 927
f 158 2248 187
f 1808 1138 955
f 72 312 275
f 2256 599 137
f 1649 2037 861
f 496 1814 1589
f 1167 2128 1402
f 1529 1438 2211
f 1566 2322 1811
f 1566 1811 1322
f 1336 1761 2246
f 707 229 1135
f 23 425 193
f 1481 559 1768
f 845 497 2274
f 1361 315 2049
f 974 606 195
f 1343 1833 3
f 853 2380 196
f 853 196 97
f 1415 2349 869
f 1993 2321 238
f 1573 2340 198
f 1573 198 2166
f 145 1011 2185
f 1890 1644 729
f 2432 2025 866
f 2432 866 1039
f 1042 1220 2011
f 2054 553 100
f 2458 519 202
f 2069 1222 2453
f 2461 756 203
f 2452 203 893
f 138 522 204
f 1998 2344 375
f 490 1271 2112
f 490 2112 1936
f 1087 1500 206
f 2115 651 89
f 657 2089 207
f 1536 1057 925
f 1755 2091 208
f 1755 208 106
f 2165 1522 209
f 1823 652 2087
f 39 1739 210
f 39 210 2130
f 1560 1300 211
f 1376 1097 794
f 1801 1091 212
f 110 463 1113
f 1709 1257 2375
f 2418 2041 396
f 67 2143 214
f 969 1812 2080
f 2202 1805 906
f 2082 1085 87
f 852 1008 216
f 852 1410 2135
f 2099 271 217
f 414 1541 1930
f 402 1783 218
f 11 927 2146
f 1 4 358
f 606 358 1357
f 793 245 582
f 80 353 665
f 2203 258 1137
f 590 826 1066
f 998 75 1910
f 2248 1380 187
f 903 1589 223
f 1182 1814 496
f 82 2251 224
f 82 224 938
f 2407 2000 225
f 2407 225 862
f 370 1932 226
f 78 226 832
f 188 441 275
f 1956 993 2329
f 3 1149 228
f 3 228 1883
f 192 707 1356
f 192 1356 466
f 22 25 361
f 1779 361 2155
f 383 320 455
f 1389 455 792
f 9 1828 232
f 2078 1669 2022
f 1404 2325 1839
f 2405 859 1996
f 1600 520 234
f 1875 2258 431
f 1418 2420 881
f 1418 881 325
f 2302 60 236
f 1437 2436 2049
f 530 1717 237
f 530 2331 1640
f 2312 1577 1974
f 2312 1411 1217
f 53 1942 239
f 1986 2356 54
f 750 888 534
f 2401 1454 56
f 1862 375 1425
f 1232 2344 1998
f 1723 853 1468
f 282 242 170
f 581 821 1286
f 1981 2238 50
f 1266 1105 244
f 1508 2126 90
f 2151 1511 1128
f 1842 2167 1329
f 554 1254 246
f 1076 928 291
f 1743 905 247
f 1743 247 1059
f 2150 1491 1867
f 2150 1867 98
f 1777 84 916
f 645 1756 31
f 1473 1709 250
f 2058 1023 44
f 67 2143 251
f 67 251 575
f 418 2270 252
f 1301 2079 129
f 1805 906 253
f 2137 1088 1501
f 40 819 1177
f 40 1177 1596
f 810 2155 255
f 810 1315 612
f 1485 148 663
f 932 481 1796
f 812 159 257
f 2307 944 474
f 1540 2250 258
f 1540 258 2203
f 2234 477 259
f 649 919 1754
f 1120 2128 260
f 1530 618 2212
f 714 1912 261
f 2241 1567 1849
f 1588 174 981
f 2163 981 1843
f 1002 2271 263
f 1838 1403 2324
f 1977 498 264
f 1977 264 2395
f 497 194 1769
f 2175 788 349
f 799 1518 1341
f 2146 306 11
f 156 1104 267
f 1151 339 2221
f 378 1715 1882
f 1236 2376 2064
f 119 55 502
f 1637 2292 1188
f 1595 920 270
f 2454 1217 1411
f 133 2099 271
f 1161 1293 73
f 1465 2004 272
f 1038 884 2313
f 823 1386 1821
f 2333 835 58
f 113 1339 1147
f 836 1147 972
f 227 831 275
f 790 2133 1393
f 747 634 1432
f 1675 431 2258
f 883 743 277
f 883 277 2342
f 1433 1207 278
f 1433 278 878
f 1693 2412 279
f 1693 279 1471
f 629 2425 1688
f 516 1041 1642
f 2185 1890 1644
f 614 2255 1191
f 1055 242 2074
f 2072 2354 170
f 390 894 283
f 390 283 329
f 542 1074 284
f 905 2077 648
f 338 781 285
f 547 2088 1477
f 30 1290 286
f 1778 2114 459
f 1004 179 287
f 2233 1149 407
f 2084 1259 288
f 2084 288 1073
f 1278 2139 289
f 1278 2207 409
f 576 1155 290
f 2232 1883 1318
f 2096 1288 291
f 2096 1497 211
f 1844 1563 292
f 1578 573 484
f 2121 1305 293
f 1826 1617 174
f 970 2080 1870
f 825 1364 957
f 66 2122 295
f 583 1930 414
f 1084 1294 1763
f 90 943 761
f 1739 210 1575
f 2142 572 1480
f 1192 2263 1344
f 1192 1344 1590
f 2058 2081 299
f 1248 2441 752
f 71 352 811
f 649 811 2158
f 1184 1952 301
f 2227 301 1973
f 2250 1780 302
f 1695 2214 408
f 425 193 1872
f 2217 960 81
f 1761 1336 2267
f 698 1544 1834
f 29 2107 305
f 1146 657 151
f 266 2146 306
f 266 306 1852
f 1107 74 1951
f 2334 980 607
f 1551 681 308
f 1141 2231 1611
f 108 2174 309
f 1749 665 80
f 14 1200 2187
f 2330 1957 600
f 1630 2341 311
f 1333 983 589
f 2394 137 1976
f 1982 872 2426
f 79 1613 313
f 79 313 713
f 1582 1861 841
f 1848 1604 614
f 1574 1361 315
f 1574 608 1940
f 2212 618 316
f 9 1125 232
f 2338 196 317
f 1962 848 2402
f 2184 142 1643
f 1513 1860 2204
f 639 2347 1656
f 2039 452 1642
f 1145 191 320
f 163 320 1922
f 594 1904 321
f 1840 1326 401
f 814 1905 322
f 1841 1327 401
f 1408 1970 323
f 2326 323 1921
f 1005 126 612
f 1435 738 197
f 1715 1418 325
f 1715 325 378
f 1980 962 326
f 2350 1663 134
f 2042 1285 327
f 1422 2302 236
f 55 1677 328
f 1204 1949 2283
f 2437 1427 329
f 2437 1891 1689
f 241 1693 890
f 2344 430 1232
f 1725 1243 331
f 2380 2029 196
f 2075 758 332
f 2452 1240 46
f 125 2117 1264
f 125 1264 910
f 1133 2321 1810
f 1133 1810 2134
f 1497 211 335
f 2103 1741 400
f 7 1504 2161
f 1546 1269 123
f 86 1073 1297
f 86 1819 256
f 1123 1325 338
f 1558 914 1845
f 2284 1151 1786
f 2153 1829 650
f 2092 32 1126
f 2091 1798 181
f 1842 977 341
f 1842 341 1109
f 2316 1869 764
f 295 686 2278
f 212 2245 343
f 212 343 1295
f 2141 124 658
f 1486 485 205
f 484 34 345
f 906 564 2105
f 174 2252 346
f 174 346 939
f 2372 2016 708
f 1360 708 1618
f 2434 1211 348
f 173 1247 2119
f 1542 965 349
f 1542 349 990
f 1586 1308 350
f 2209 794 1809
f 88 1082 351
f 1096 1299 1559
f 685 1523 352
f 2145 1307 927
f 220 80 353
f 1078 2269 475
f 160 1827 354
f 590 954 763
f 82 1329 355
f 82 355 938
f 185 791 356
f 1931 578 807
f 1596 863 950
f 1742 802 1095
f 985 1864 358
f 985 2247 4
f 1835 959 359
f 1835 1317 2190
f 57 2339 360
f 975 420 2280
f 230 1431 361
f 230 2273 720
f 74 2396 1972
f 74 1972 2226
f 27 2094 363
f 1946 363 1635
f 1652 1210 364
f 2014 2403 1720
f 862 225 365
f 498 365 2330
f 1190 1985 366
f 2397 366 1766
f 2178 595 367
f 1557 367 2196
f 248 1086 368
f 1867 623 1612
f 1839 1270 369
f 1191 2191 899
f 713 2215 370
f 2236 370 226
f 271 133 371
f 1959 689 1700
f 1683 116 372
f 1849 372 1567
f 8 1162 837
f 2229 1180 1341
f 1855 318 1330
f 1182 2254 1814
f 2368 1862 375
f 1682 375 1998
f 1013 1192 2263
f 2186 1645 312
f 1027 2002 377
f 1228 1413 711
f 632 2343 1236
f 632 1236 2445
f 113 2303 379
f 1342 971 1832
f 136 2304 380
f 1134 1343 1833
f 1414 1962 381
f 1209 748 879
f 103 1368 382
f 103 382 276
f 1168 320 1922
f 2261 2004 1465
f 330 528 430
f 2446 430 1232
f 1595 105 1921
f 1022 736 1411
f 55 1426 386
f 1204 1950 750
f 48 1203 387
f 1924 962 326
f 56 2401 388
f 56 388 1395
f 1735 457 755
f 2451 517 1452
f 172 1476 390
f 172 1053 1241
f 544 658 782
f 1740 782 39
f 1260 1550 392
f 1260 542 2085
f 208 181 393
f 1549 1259 647
f 1075 661 394
f 1075 394 558
f 2206 1386 1170
f 1333 1170 153
f 44 1208 396
f 44 396 1710
f 1804 2201 397
f 2136 1087 1500
f 2095 1287 398
f 2095 398 1507
f 1786 1282 399
f 768 1503 2160
f 1273 2103 400
f 1764 664 1295
f 2131 1841 401
f 2131 401 1840
f 1782 218 402
f 2149 402 929
f 1622 2134 1133
f 1622 738 1988
f 1935 1119 404
f 1935 575 2111
f 1127 1252 405
f 2295 1312 1081
f 1221 1045 1453
f 2424 2027 870
f 926 1149 407
f 926 407 1933
f 114 1695 408
f 2366 591 882
f 1593 2245 409
f 1593 409 2181
f 37 1083 410
f 2096 1300 211
f 1831 109 1306
f 1126 2118 32
f 1334 564 412
f 1334 412 1575
f 1331 1848 1604
f 899 2255 1191
f 2290 583 414
f 1816 414 217
f 356 2279 415
f 1936 694 6
f 574 525 416
f 574 2224 1888
f 265 2175 417
f 1769 2156 469
f 1919 2270 418
f 1279 789 2152
f 1909 2154 1570
f 1617 1152 346
f 360 1802 420
f 1385 1912 714
f 955 1138 1851
f 70 1265 1894
f 151 1317 422
f 151 422 1818
f 183 2188 423
f 763 1066 590
f 1346 1873 424
f 912 1393 790
f 2218 961 425
f 2218 1332 1553
f 15 610 426
f 2172 931 601
f 309 108 427
f 1509 427 126
f 69 1338 635
f 2021 2449 689
f 41 254 733
f 1753 777 1710
f 846 1944 430
f 2377 430 2065
f 880 2001 431
f 2048 2435 1436
f 1680 1034 432
f 524 1416 2350
f 1766 301 2272
f 2415 1704 827
f 13 862 434
f 2427 611 14
f 190 2211 1438
f 1402 1690 1167
f 984 82 2162
f 1863 1336 192
f 290 979 1584
f 797 1584 2153
f 58 690 852
f 1678 562 741
f 142 1643 439
f 1965 2324 1403
f 2163 219 1864
f 1148 2304 380
f 2035 737 1666
f 1450 1003 1711
f 260 1530 442
f 260 1691 1024
f 140 615 443
f 519 2150 202
f 1415 869 444
f 1415 444 1212
f 53 1258 445
f 53 2259 239
f 1194 377 446
f 236 1898 522
f 232 799 533
f 232 533 1828
f 325 881 448
f 2343 1660 632
f 1447 2318 449
f 2421 1205 641
f 161 867 450
f 626 1595 270
f 1455 2064 451
f 1455 451 182
f 319 2039 452
f 1388 1640 2331
f 164 2292 453
f 1414 1209 381
f 386 1687 1238
f 1950 888 750
f 272 1389 455
f 884 1975 2313
f 283 2461 456
f 283 1705 243
f 282 1246 457
f 895 2354 637
f 332 1736 458
f 1240 2381 1706
f 560 1778 459
f 2092 897 32
f 1114 1267 2015
f 1114 2015 1711
f 904 1775 461
f 904 461 2021
f 178 127 462
f 178 1483 784
f 409 2244 1592
f 409 1592 2181
f 419 209 545
f 1570 900 2154
f 1435 197 1694
f 1435 1694 2392
f 2 1157 466
f 2 850 1494
f 128 1822 467
f 2221 1282 339
f 125 181 468
f 125 1759 910
f 690 2156 469
f 1790 1008 852
f 133 808 470
f 1877 1559 158
f 951 1382 471
f 1931 471 807
f 1899 2204 472
f 2293 1115 318
f 87 1085 473
f 87 473 397
f 1543 2307 474
f 2104 558 1075
f 1815 1078 475
f 1815 475 303
f 1211 348 2442
f 2062 752 2441
f 12 1102 477
f 12 477 676
f 673 292 1563
f 1306 839 1072
f 2191 1063 479
f 2191 479 1582
f 1569 1104 480
f 1569 480 768
f 256 2199 481
f 256 1527 88
f 174 981 482
f 174 482 939
f 29 1481 1768
f 2444 2018 657
f 1858 1578 484
f 1858 484 345
f 344 1486 485
f 344 2170 37
f 824 1363 486
f 1358 486 1119
f 147 1751 487
f 2026 2382 946
f 187 1380 488
f 1138 1579 1851
f 1141 789 2152
f 806 959 359
f 6 1936 490
f 1562 654 294
f 245 1767 491
f 2189 1571 1319
f 425 27 1641
f 1332 1641 2297
f 746 62 493
f 2455 1038 884
f 2090 688 494
f 1560 1376 211
f 1968 46 495
f 2341 1172 311
f 2404 1995 496
f 1838 496 552
f 2005 2083 497
f 1674 497 1769
f 1010 365 498
f 1255 498 264
f 298 1590 499
f 2223 1887 1080
f 1780 302 500
f 1780 500 1321
f 40 1596 501
f 2130 1106 1479
f 1391 1042 1220
f 269 2364 1773
f 196 2029 503
f 196 503 1291
f 2410 725 504
f 2360 1691 260
f 655 1089 2311
f 2237 1625 798
f 63 2162 506
f 2303 1339 113
f 1889 2414 1218
f 1016 818 2324
f 312 1645 508
f 1976 2329 599
f 1155 797 2310
f 2236 713 370
f 380 1148 510
f 719 510 1915
f 261 1169 511
f 1369 1621 2262
f 112 2335 512
f 2198 1659 803
f 157 2428 513
f 157 513 1847
f 2332 751 514
f 1916 2340 198
f 42 433 515
f 2405 1176 233
f 1446 1041 516
f 54 1021 1210
f 2460 1231 517
f 2460 517 1696
f 2182 101 518
f 1007 2433 236
f 140 2066 519
f 140 519 1348
f 102 1600 520
f 613 1686 235
f 238 1012 521
f 1193 1974 1577
f 60 236 522
f 1636 2318 449
f 143 1991 523
f 1415 523 2349
f 1992 432 524
f 1992 524 1216
f 616 1609 1853
f 2187 1646 1014
f 435 190 640
f 2359 1690 1167
f 328 1448 1692
f 1949 1221 2283
f 241 2431 528
f 1425 1944 430
f 1700 689 529
f 635 2388 69
f 118 1717 530
f 118 883 2384
f 451 2064 1461
f 451 1461 182
f 134 1416 532
f 2322 792 1566
f 2379 232 533
f 1462 2389 2022
f 240 888 534
f 240 1454 2401
f 388 2401 535
f 388 2337 1395
f 456 283 536
f 1203 858 387
f 2447 1468 1043
f 2453 595 908
f 2046 2437 1445
f 1249 887 1469
f 645 2089 539
f 645 539 31
f 902 152 540
f 902 540 764
f 1744 670 541
f 2127 541 343
f 392 1260 542
f 2087 905 33
f 162 1494 1906
f 2277 1906 129
f 36 1074 1298
f 36 1820 344
f 1787 1283 545
f 1787 900 1570
f 288 647 546
f 2076 546 1058
f 338 2088 547
f 338 547 1558
f 1878 2249 548
f 1878 548 1560
f 490 2180 549
f 490 549 1271
f 2101 1533 550
f 2101 550 1775
f 481 2140 551
f 1527 1287 88
f 2324 1838 840
f 2324 840 1953
f 2355 100 1018
f 1448 1885 2424
f 124 2141 1785
f 1076 1785 928
f 397 1804 555
f 397 2115 89
f 1541 342 556
f 1077 2211 190
f 1472 2408 557
f 2442 2057 773
f 474 2104 558
f 1960 1516 1081
f 193 1481 559
f 1092 2098 24
f 249 1778 560
f 249 560 923
f 1375 896 561
f 1808 561 2208
f 852 1602 562
f 852 562 1989
f 1327 700 563
f 2289 1833 1134
f 345 484 564
f 345 564 1334
f 1463 753 565
f 846 1748 2399
f 244 1105 566
f 2126 1547 1084
f 12 676 801
f 2125 801 664
f 74 1951 1703
f 74 2271 1765
f 146 1706 569
f 1387 569 273
f 259 676 2275
f 2124 1537 679
f 109 1276 571
f 2157 571 786
f 1202 1859 572
f 2348 572 863
f 292 1844 573
f 1060 1526 35
f 956 2224 574
f 1131 2210 860
f 404 1935 575
f 2179 575 67
f 1947 1155 576
f 1648 674 1267
f 81 1920 2262
f 81 924 2093
f 1353 152 578
f 1353 578 1931
f 156 2120 1370
f 156 1937 267
f 293 2121 1371
f 293 1938 419
f 1427 329 581
f 858 2173 387
f 220 793 582
f 1918 1511 1253
f 66 2290 583
f 66 583 295
f 341 1109 584
f 341 1544 698
f 4 985 2268
f 1762 693 959
f 1674 265 990
f 1779 2174 309
f 305 2444 587
f 1846 587 1261
f 791 185 2291
f 5 1803 2220
f 2297 1641 589
f 2297 589 1333
f 160 954 590
f 2203 1535 1137
f 795 2366 591
f 795 1354 354
f 1331 1604 1900
f 841 1367 1861
f 1412 1227 593
f 431 1039 1875
f 229 1904 594
f 2239 1157 466
f 2008 2453 595
f 2008 595 367
f 1958 2346 596
f 1958 2339 1388
f 169 2426 1982
f 169 1982 2371
f 708 1365 1948
f 708 598 154
f 275 2329 599
f 1856 599 2256
f 365 2330 600
f 710 600 967
f 266 2172 601
f 266 601 1895
f 436 82 1329
f 436 1329 1842
f 1457 1177 2345
f 1457 2345 1177
f 926 2266 1915
f 1623 798 2237
f 972 2265 605
f 135 605 1154
f 1864 358 606
f 2304 606 974
f 75 2334 607
f 2197 1658 362
f 315 2429 608
f 315 608 1574
f 518 101 609
f 1437 2353 2049
f 1184 426 610
f 2335 1911 112
f 1712 2427 611
f 1712 611 2372
f 2305 810 612
f 324 1622 1988
f 2336 98 613
f 2336 613 1686
f 199 1848 614
f 1996 614 1191
f 96 1452 615
f 2363 1683 372
f 310 1853 616
f 2000 616 1136
f 2196 717 617
f 119 1773 269
f 2010 1530 618
f 2010 618 982
f 515 2272 619
f 1176 1404 1839
f 48 995 620
f 1924 2393 1434
f 444 385 1012
f 1993 1012 238
f 1855 1643 2184
f 1182 1995 496
f 368 1867 623
f 2025 623 200
f 2450 799 624
f 2450 624 2061
f 1873 1645 2186
f 1013 1999 1192
f 161 450 626
f 2454 865 1217
f 465 2349 627
f 1694 627 197
f 383 847 628
f 383 1034 1680
f 54 280 629
f 54 629 2356
f 1882 1236 630
f 1461 2376 2064
f 120 1636 631
f 120 731 61
f 117 2445 632
f 117 632 1660
f 118 1377 633
f 118 2422 1717
f 104 1206 634
f 1019 1991 143
f 2378 1338 635
f 1700 2060 529
f 1459 535 2033
f 2283 1045 1221
f 170 2354 637
f 2069 637 2453
f 1689 2238 1981
f 2413 988 1469
f 1467 319 639
f 1720 639 1153
f 2409 851 640
f 1963 1378 1626
f 241 2421 641
f 241 641 528
f 1475 389 1696
f 1055 1243 242
f 2463 332 643
f 1237 643 203
f 106 285 1064
f 2164 1521 128
f 2114 1261 645
f 2114 645 459
f 1738 2441 646
f 1354 646 2063
f 467 1822 2086
f 467 2086 760
f 1275 2077 648
f 1772 1506 1099
f 1836 919 649
f 1836 649 811
f 123 1269 650
f 907 650 1829
f 206 2115 651
f 1796 2140 481
f 209 1823 652
f 2222 1283 464
f 1302 1090 653
f 1302 653 2179
f 1791 770 654
f 1791 654 2180
f 179 2311 655
f 179 655 287
f 1325 338 656
f 2017 1571 245
f 587 2444 657
f 587 657 207
f 344 2200 658
f 344 1528 37
f 15 426 1143
f 15 1143 1809
f 2106 180 660
f 405 1312 1127
f 1554 1075 661
f 1554 661 778
f 1837 1564 662
f 1520 662 2159
f 256 1485 663
f 256 2169 88
f 400 1764 664
f 400 664 2125
f 427 1749 665
f 427 2093 126
f 264 1199 666
f 264 1800 2395
f 2382 2041 667
f 2382 667 946
f 320 191 668
f 320 668 1168
f 47 1166 669
f 47 669 52
f 39 782 670
f 39 1479 2130
f 910 1759 671
f 150 2136 1087
f 35 1060 672
f 35 2137 1088
f 411 923 673
f 411 673 1563
f 1400 1648 979
f 1400 979 290
f 410 1519 675
f 1300 675 936
f 110 801 676
f 110 676 1113
f 57 2166 677
f 57 1802 360
f 2183 839 678
f 1150 989 2213
f 1763 1537 679
f 296 679 775
f 559 1768 680
f 2098 680 1279
f 2247 1551 681
f 358 681 1357
f 579 224 1151
f 1937 1151 267
f 357 41 683
f 1105 2138 566
f 1965 1403 684
f 2386 684 1984
f 1601 352 685
f 1601 955 1851
f 342 2278 686
f 764 2176 1892
f 812 944 1316
f 965 1122 1536
f 8 494 688
f 1518 1828 533
f 371 271 689
f 2228 689 461
f 363 1510 690
f 363 690 1635
f 2319 104 691
f 2319 842 1955
f 2358 1159 692
f 2358 692 1807
f 585 1762 693
f 1843 806 1110
f 415 1936 694
f 2177 1893 152
f 1321 500 1917
f 826 2438 1927
f 1202 572 2348
f 819 2013 1177
f 303 1314 697
f 303 697 475
f 64 1128 698
f 977 698 341
f 2371 169 699
f 1655 699 77
f 401 1327 700
f 401 700 1326
f 1398 2434 701
f 2250 701 302
f 1608 2223 702
f 2299 912 424
f 2294 592 703
f 2294 703 994
f 273 983 1333
f 2206 1333 1170
f 1181 49 705
f 1891 2238 1689
f 2367 1675 706
f 1660 1990 520
f 1863 192 707
f 63 1581 506
f 2362 1948 708
f 2362 708 2016
f 275 227 709
f 275 993 2329
f 365 225 710
f 365 710 600
f 1194 1413 711
f 1194 711 2052
f 1649 2037 712
f 2404 1183 496
f 509 2236 713
f 1320 713 978
f 99 1987 714
f 99 714 261
f 75 1372 715
f 75 715 1179
f 112 1373 716
f 112 716 1180
f 367 2323 717
f 367 717 2196
f 21 798 718
f 1576 1826 174
f 380 1134 719
f 380 719 510
f 25 230 720
f 1806 996 2353
f 1690 2359 721
f 640 1378 2409
f 443 615 722
f 1923 2392 1694
f 495 995 723
f 1172 723 835
f 2038 1176 1650
f 2415 1011 145
f 316 2410 725
f 2078 1747 851
f 626 161 726
f 626 1620 270
f 2036 862 1667
f 2427 1200 14
f 525 2300 728
f 525 1646 2187
f 167 1890 729
f 1966 2325 1404
f 101 609 730
f 2432 2051 1039
f 631 873 731
f 631 731 120
f 1643 439 732
f 318 732 1115
f 429 254 733
f 2040 777 1023
f 2030 2388 734
f 2030 734 2242
f 1462 2389 735
f 2379 2031 533
f 2003 1708 736
f 2003 736 1012
f 2186 872 737
f 1406 737 2406
f 1133 2390 738
f 1133 738 1622
f 2029 2451 739
f 2029 739 1664
f 201 864 740
f 1677 1448 2369
f 134 1663 741
f 2322 815 1602
f 239 445 1047
f 1426 1687 2370
f 406 2400 743
f 406 743 1698
f 278 1207 744
f 1992 874 432
f 641 1716 745
f 641 745 1205
f 1697 2261 746
f 2374 2059 493
f 1979 276 747
f 1979 2349 465
f 381 1209 748
f 2402 2043 848
f 364 1210 749
f 2403 749 1720
f 141 1204 750
f 1459 2034 535
f 452 2332 751
f 2342 1640 883
f 1472 93 752
f 1472 752 122
f 2446 430 2065
f 2056 2417 1489
f 171 2044 754
f 171 2430 144
f 389 1475 755
f 2460 2072 170
f 456 2461 756
f 2067 1203 858
f 282 1246 757
f 1474 2447 1043
f 390 1476 758
f 1249 2448 1469
f 1818 151 759
f 1818 759 1065
f 546 2086 760
f 1251 1758 251
f 1067 2140 761
f 1067 761 943
f 208 106 762
f 208 762 393
f 1597 2225 763
f 1597 763 1066
f 952 1352 764
f 952 764 68
f 31 897 765
f 2165 1823 209
f 1480 1794 766
f 89 766 651
f 1524 674 2314
f 76 1799 460
f 1786 399 768
f 1786 768 1569
f 477 1102 769
f 477 769 2234
f 7 1791 770
f 7 770 336
f 361 255 771
f 361 771 230
f 1081 1516 772
f 83 2113 914
f 2081 1247 773
f 2081 773 1208
f 1543 474 2104
f 925 1290 286
f 175 679 775
f 175 2102 1502
f 416 1926 2224
f 2264 1136 616
f 2383 2040 777
f 2383 777 1457
f 1831 109 778
f 1831 778 1554
f 177 1106 779
f 2127 1548 343
f 206 1500 780
f 206 780 901
f 656 338 781
f 656 781 1319
f 391 1740 782
f 1797 2141 658
f 671 468 783
f 2136 783 337
f 672 178 784
f 2137 784 544
f 291 928 785
f 291 1497 2096
f 333 1340 786
f 1264 786 571
f 677 2166 1553
f 1802 975 420
f 417 2175 788
f 1094 1750 23
f 1611 1141 789
f 418 789 1919
f 1887 2133 790
f 1887 790 1080
f 5 2291 791
f 2123 791 356
f 1994 2322 792
f 1994 792 1389
f 80 180 793
f 80 793 220
f 1866 1097 794
f 1866 794 2209
f 408 2366 795
f 408 795 2225
f 463 1801 796
f 1294 796 1084
f 290 1155 797
f 290 797 1584
f 2216 1623 798
f 1140 798 21
f 10 1341 799
f 10 2022 186
f 483 680 942
f 2018 1146 657
f 567 676 801
f 1774 801 2125
f 683 1742 802
f 2138 802 1277
f 17 1659 803
f 2397 1973 301
f 50 1770 804
f 50 1394 1607
f 2213 989 805
f 2213 805 1583
f 693 1843 806
f 693 806 959
f 9 1512 807
f 9 2212 316
f 65 470 808
f 2290 1816 414
f 419 1938 809
f 2285 809 1787
f 126 1509 810
f 1634 810 2305
f 300 1836 811
f 300 1523 352
f 28 159 812
f 28 812 687
f 1601 1307 2145
f 70 1775 461
f 195 1905 814
f 2240 1158 681
f 2024 1029 815
f 2391 815 1602
f 303 26 816
f 303 816 252
f 1603 223 817
f 2293 1899 1115
f 1672 1016 818
f 2386 1965 684
f 297 38 819
f 297 819 2013
f 287 1854 820
f 287 1585 655
f 51 581 821
f 1086 821 248
f 692 1779 822
f 692 822 1252
f 569 1821 823
f 569 823 1153
f 404 575 824
f 1358 824 486
f 6 490 825
f 1359 825 957
f 1813 2438 826
f 221 826 590
f 145 2415 827
f 1890 1673 167
f 261 99 828
f 261 1369 1621
f 947 407 1933
f 1618 1365 708
f 64 698 830
f 64 1761 543
f 1666 2035 831
f 2406 831 227
f 77 1655 832
f 2361 1947 576
f 376 702 833
f 376 833 188
f 79 2281 834
f 1825 1351 82
f 311 1172 835
f 983 1876 2309
f 113 971 836
f 113 836 1147
f 373 1162 837
f 373 999 8
f 1398 139 838
f 1398 2250 701
f 478 34 839
f 478 839 1306
f 552 1838 840
f 1589 840 2100
f 703 1493 841
f 703 2205 1174
f 1970 1335 842
f 691 842 2319
f 1148 1897 843
f 1588 843 174
f 2334 75 1910
f 1107 1380 488
f 25 497 845
f 25 1806 720
f 1201 1748 1463
f 1201 2377 2065
f 62 383 847
f 62 847 1850
f 317 1962 848
f 945 2346 1385
f 1684 154 849
f 1684 849 1401
f 466 2 850
f 466 850 1355
f 190 2078 851
f 190 851 2409
f 438 1989 852
f 2306 852 1790
f 95 1723 853
f 95 853 97
f 239 2365 854
f 239 2012 1047
f 518 609 855
f 2433 2052 1194
f 615 96 856
f 615 1417 722
f 1983 1014 857
f 1983 857 18
f 2459 2067 858
f 1020 858 2173
f 233 2405 859
f 1839 859 369
f 1646 1362 860
f 728 860 1131
f 2184 1889 861
f 1396 861 2404
f 121 2036 862
f 121 2257 434
f 147 487 863
f 147 863 2348
f 502 1773 864
f 1997 864 740
f 2373 270 865
f 2045 865 1022
f 200 2025 866
f 1875 866 1039
f 385 161 867
f 1212 867 1679
f 1934 1573 868
f 514 2340 1656
f 197 627 869
f 2023 1028 1133
f 2439 1453 870
f 2439 1018 100
f 2032 557 871
f 2032 871 1242
f 312 597 872
f 312 872 2186
f 449 1636 873
f 449 1205 2421
f 744 1992 874
f 2327 1680 1922
f 535 2400 875
f 1233 875 277
f 504 442 982
f 1214 1627 1964
f 1700 2060 877
f 1700 877 1213
f 1980 61 878
f 1980 2350 326
f 633 2054 1726
f 2422 1726 1025
f 276 2001 880
f 2428 1227 157
f 235 1686 881
f 235 881 448
f 2062 2441 882
f 2062 882 114
f 530 118 883
f 530 883 1640
f 272 455 884
f 272 884 1230
f 516 1642 885
f 516 2050 1446
f 138 1046 2412
f 138 1998 1682
f 538 1249 887
f 538 2413 638
f 454 1950 1238
f 454 2425 1687
f 754 2044 889
f 1244 1037 268
f 330 1693 890
f 330 890 753
f 735 2389 891
f 735 891 2243
f 2071 517 892
f 2071 1243 1055
f 46 2452 893
f 46 893 495
f 2461 283 2073
f 45 2463 643
f 1474 457 895
f 1474 895 537
f 2095 1299 1096
f 2095 1096 1507
f 1756 2092 897
f 1756 897 31
f 288 1073 898
f 288 898 546
f 1063 413 899
f 1063 899 2191
f 545 1787 900
f 1504 900 2161
f 651 206 901
f 1752 901 761
f 107 1870 902
f 107 902 1869
f 2100 1589 903
f 2100 1860 1513
f 186 69 904
f 2101 904 1775
f 542 392 905
f 542 905 284
f 484 2202 906
f 484 906 564
f 123 1812 907
f 123 907 650
f 49 1286 1884
f 49 2178 367
f 2097 1280 909
f 2097 909 1511
f 150 1525 910
f 150 910 671
f 1519 1083 911
f 5 2123 791
f 1925 2299 912
f 1080 912 790
f 2290 66 913
f 1093 1781 351
f 547 1558 914
f 547 914 1477
f 760 546 915
f 760 915 1282
f 661 1777 916
f 661 916 1276
f 418 2079 917
f 418 1611 789
f 797 2310 1908
f 797 1908 2153
f 1568 1881 919
f 1568 919 1289
f 105 334 920
f 105 920 1595
f 1859 1085 921
f 1859 921 572
f 781 1319 922
f 781 922 1817
f 2193 411 923
f 2193 923 249
f 577 81 924
f 2262 1945 1369
f 1961 2296 925
f 1961 925 1290
f 20 1915 926
f 20 926 1933
f 218 11 927
f 218 927 1307
f 246 554 928
f 2109 1273 400
f 155 402 929
f 1837 1520 662
f 1579 1972 930
f 1579 930 1851
f 1580 1973 931
f 1580 931 659
f 1500 780 932
f 2199 932 481
f 1501 391 933
f 2200 933 658
f 110 1091 934
f 110 934 463
f 183 1262 935
f 183 935 1366
f 131 1803 936
f 131 936 494
f 292 1292 937
f 292 937 673
f 128 467 938
f 128 938 1521
f 209 652 939
f 209 939 1522
f 501 41 940
f 1106 2139 779
f 1935 2111 941
f 295 941 2122
f 800 1647 942
f 800 942 2190
f 296 90 943
f 2108 1502 175
f 257 812 944
f 1127 1532 1312
f 1987 714 945
f 1987 945 1676
f 2345 1178 946
f 2345 946 1457
f 2287 1933 947
f 2287 947 1800
f 306 659 948
f 1586 2209 1866
f 245 582 949
f 245 2189 1571
f 357 1596 950
f 1794 950 1480
f 185 1382 951
f 185 2279 356
f 342 1352 952
f 342 952 556
f 271 1077 1959
f 271 1959 689
f 354 160 954
f 354 954 763
f 685 1601 955
f 685 2208 1865
f 1131 574 956
f 1347 1926 1609
f 694 1359 957
f 694 1599 415
f 460 2286 958
f 2371 1655 699
f 489 1762 959
f 489 959 111
f 697 2217 960
f 697 960 1555
f 816 2218 961
f 816 961 1556
f 387 1924 962
f 387 962 1980
f 1315 1587 963
f 1315 963 2319
f 2195 377 964
f 2195 964 1350
f 28 1542 965
f 28 965 1122
f 293 505 1089
f 293 1909 419
f 184 1591 967
f 1888 967 1490
f 374 817 968
f 374 968 189
f 653 176 969
f 653 969 1812
f 654 294 970
f 654 970 1546
f 379 113 971
f 1135 1904 229
f 135 605 972
f 135 2215 370
f 1917 423 973
f 695 2438 1813
f 136 2304 974
f 1134 1565 2289
f 787 677 975
f 787 975 1132
f 744 2320 976
f 1409 1971 163
f 830 304 977
f 830 977 698
f 79 713 978
f 79 978 834
f 674 1648 979
f 674 2232 1318
f 1429 2334 980
f 1429 980 507
f 262 2163 981
f 262 981 174
f 1428 442 982
f 2352 1627 1214
f 311 1876 983
f 311 983 1630
f 1339 1896 984
f 506 984 2162
f 219 1864 985
f 219 985 2268
f 1969 2434 986
f 1969 986 1196
f 510 1148 987
f 1619 2282 21
f 1981 2413 988
f 1981 988 50
f 678 1150 989
f 1824 989 805
f 586 22 990
f 586 990 1542
f 681 308 1494
f 681 1494 2
f 2292 864 992
f 2292 992 453
f 709 275 993
f 2133 993 1956
f 281 314 994
f 281 1644 2185
f 893 495 995
f 893 995 1458
f 720 1806 996
f 720 996 2273
f 1612 2301 997
f 98 997 2336
f 73 1293 998
f 73 998 1910
f 837 373 999
f 837 999 1911
f 1652 364 1000
f 52 2014 569
f 96 1664 1001
f 2363 1001 372
f 712 2037 1002
f 712 1002 263
f 831 2035 1003
f 831 1003 1328
f 598 347 1004
f 598 1004 179
f 116 2006 1005
f 116 1005 1256
f 58 2007 1006
f 1399 1006 438
f 2042 327 1007
f 2042 1007 2433
f 469 690 1008
f 1304 1008 2320
f 514 751 2253
f 514 1934 868
f 862 365 1010
f 862 1010 121
f 2405 1397 1011
f 724 1011 2038
f 2456 2003 1012
f 2456 1012 1993
f 188 833 1013
f 188 1013 625
f 14 1983 1014
f 14 1014 2187
f 167 2325 1015
f 167 1015 1673
f 142 1672 1016
f 142 1016 439
f 312 1229 1017
f 312 1017 508
f 870 2439 1018
f 870 1018 2424
f 104 1991 1019
f 2326 1679 1921
f 2459 858 1020
f 2070 1427 2437
f 885 516 2050
f 2423 2050 165
f 2260 2045 1708
f 2260 1708 2003
f 2419 2058 1023
f 2419 1023 2040
f 725 1691 1024
f 725 1747 2078
f 748 879 1025
f 748 2043 2402
f 170 2460 1026
f 2458 2066 519
f 61 2002 1027
f 2429 1228 315
f 869 1661 1028
f 869 1028 197
f 134 1662 1029
f 134 1029 741
f 734 1728 1030
f 734 1030 2242
f 557 1731 1031
f 557 1031 871
f 533 2061 1032
f 533 1032 2031
f 1438 1963 1033
f 2009 1033 721
f 628 383 1034
f 2004 1389 272
f 452 1642 1035
f 452 1035 751
f 16 2335 1036
f 16 1036 1219
f 889 754 1037
f 2445 2064 1236
f 493 668 1038
f 493 1727 2059
f 593 1412 1039
f 593 1039 2051
f 520 102 1040
f 1444 1234 2044
f 2440 1454 1041
f 2440 1041 1446
f 55 854 1042
f 55 1042 2011
f 537 1474 1043
f 1390 1723 95
f 382 1384 1044
f 382 2001 276
f 2400 406 1045
f 636 1045 2283
f 204 138 1046
f 2020 1046 241
f 742 239 1047
f 742 2356 1986
f 144 2055 1048
f 1715 2398 1882
f 528 2056 1049
f 1716 2399 846
f 2065 384 1050
f 753 1456 1245
f 254 429 1051
f 254 1051 696
f 332 1734 1052
f 332 1052 458
f 1249 172 1053
f 1249 1053 538
f 45 1699 1054
f 1237 2461 203
f 2462 757 1055
f 94 1055 642
f 348 2442 1056
f 348 1056 2434
f 1261 1846 1057
f 1261 1057 2114
f 251 1251 1058
f 251 2111 575
f 7 549 2144
f 7 2144 1504
f 937 1526 1060
f 937 1060 1478
f 1533 266 1061
f 1533 1061 550
f 700 1326 1062
f 1539 1832 3
f 1900 413 1063
f 592 1493 703
f 1792 285 1064
f 1792 1064 2164
f 1793 759 1065
f 1793 1065 2165
f 1927 1597 1066
f 1927 1066 826
f 551 2140 1067
f 1287 2110 398
f 768 2160 1068
f 768 1068 480
f 900 2161 1069
f 900 1069 2154
f 349 1296 1070
f 349 1070 788
f 119 804 1071
f 119 1071 269
f 109 1306 1072
f 109 2157 571
f 783 1482 1073
f 783 1073 337
f 784 1483 1074
f 784 1074 544
f 30 249 1075
f 30 1075 774
f 1288 1785 1076
f 1288 1076 291
f 217 271 1077
f 217 1077 556
f 1918 2269 1078
f 1918 1078 1253
f 84 1495 1079
f 84 1079 1477
f 1925 912 1080
f 1925 1080 2223
f 83 1312 1081
f 83 1081 772
f 663 148 1082
f 2169 1082 88
f 485 205 1083
f 2170 1083 37
f 90 2126 1084
f 90 1084 1763
f 1583 805 1085
f 1583 1085 2328
f 1285 59 1086
f 51 1086 821
f 555 150 1087
f 2115 1087 206
f 253 35 1088
f 2116 1088 1740
f 966 293 1089
f 966 1089 2311
f 214 1302 1090
f 214 1090 1268
f 801 110 1091
f 801 1091 664
f 193 559 1092
f 193 1092 1872
f 65 913 2219
f 65 2219 470
f 417 788 1094
f 1510 1094 363
f 289 1742 1095
f 289 2207 1278
f 896 1263 1096
f 896 1096 1375
f 211 335 1097
f 211 1097 1376
f 543 1761 1098
f 543 2230 1610
f 1936 2112 1099
f 356 1099 2123
f 780 932 1100
f 780 1100 2140
f 391 933 1101
f 391 1101 2141
f 402 769 1102
f 402 2235 155
f 139 2119 1827
f 139 1540 838
f 918 156 1908
f 918 1908 2310
f 357 683 1105
f 357 1794 950
f 501 1795 1106
f 501 1106 940
f 1631 1951 1107
f 1631 1107 1380
f 333 786 1108
f 333 2201 87
f 922 584 1109
f 922 1109 1817
f 422 1545 1110
f 422 1110 1818
f 762 1310 1111
f 762 1111 1259
f 765 1311 1112
f 765 1112 1260
f 1881 2124 1113
f 2275 1113 676
f 1003 1856 1114
f 1003 1114 1711
f 472 1899 1115
f 1513 1115 1392
f 1945 1369 1116
f 1945 1116 1634
f 1946 589 1117
f 1946 1117 1635
f 352 300 1118
f 1307 2148 218
f 686 1935 1119
f 686 1119 1598
f 152 2128 1120
f 152 1120 578
f 1803 131 1121
f 2291 1382 185
f 687 28 1122
f 687 2296 1961
f 180 1767 2443
f 180 2443 660
f 596 1958 2339
f 596 2339 360
f 316 9 1125
f 316 2078 725
f 923 1776 1126
f 923 1126 560
f 257 1807 1127
f 257 1127 1532
f 949 1511 1128
f 2189 1834 1319
f 978 834 1129
f 978 1129 579
f 718 1323 1130
f 718 1130 580
f 2300 956 1131
f 2300 1131 728
f 26 303 1132
f 26 1132 1553
f 403 2390 1133
f 403 1133 2321
f 136 380 1134
f 136 1134 1565
f 379 1538 1135
f 379 1135 2303
f 776 2264 1136
f 776 1136 1591
f 2194 1535 1137
f 2194 1137 695
f 187 488 1138
f 187 1138 1808
f 436 1863 1139
f 436 1139 1842
f 2216 798 1140
f 2216 1140 1619
f 4 489 1141
f 1551 1141 2231
f 98 1348 1142
f 98 1142 1979
f 659 1580 1143
f 659 1143 948
f 29 483 1144
f 29 1144 305
f 163 320 1145
f 163 1145 1971
f 942 1317 1146
f 942 1146 1647
f 274 1339 1147
f 1613 1147 1914
f 1 1349 1148
f 1 1148 843
f 820 2233 1149
f 1585 1149 228
f 2183 678 1150
f 1844 1578 573
f 682 1937 1151
f 682 1151 1745
f 809 1938 1152
f 809 1152 1746
f 2014 1720 1153
f 2014 1153 569
f 2286 226 1932
f 76 1524 1799
f 78 1947 1155
f 78 1155 509
f 179 598 1156
f 179 1156 1625
f 594 2239 1157
f 594 1605 321
f 814 2240 1158
f 814 1606 322
f 2005 586 1159
f 2005 1159 230
f 2361 2015 1160
f 2361 1160 576
f 133 371 1161
f 133 1161 470
f 494 8 1162
f 494 1162 936
f 824 575 1163
f 824 1163 176
f 825 490 1164
f 825 1164 294
f 2367 706 1165
f 448 1165 1978
f 988 1469 1166
f 988 1166 669
f 68 2128 1167
f 1529 1167 2009
f 62 1922 1168
f 62 1168 1850
f 420 1385 1169
f 420 1169 2280
f 395 1386 1170
f 395 1170 1941
f 1034 532 1171
f 1034 1171 1668
f 495 1968 1172
f 495 1172 723
f 200 2301 1173
f 200 1875 866
f 1644 729 1174
f 994 1174 703
f 1645 508 1175
f 424 1175 912
f 515 2038 1176
f 515 1176 619
f 2357 733 1177
f 2357 1177 2013
f 2026 946 1178
f 2026 1178 2345
f 998 75 1179
f 998 1179 2228
f 999 112 1180
f 999 1180 2229
f 329 581 1181
f 329 1181 705
f 189 968 1182
f 189 1182 622
f 712 2404 1183
f 712 1838 1403
f 149 1952 1184
f 149 1184 610
f 503 1291 1185
f 1664 1185 2241
f 1005 2392 1186
f 1005 1988 324
f 1006 2393 1187
f 1006 1989 438
f 97 1637 1188
f 2338 1962 317
f 115 1658 1189
f 115 1189 684
f 17 1659 1190
f 17 1190 366
f 859 1996 1191
f 859 1191 2191
f 227 1999 1192
f 227 1192 1590
f 238 2321 1193
f 238 1193 521
f 236 2433 1194
f 236 1194 446
f 1014 857 1195
f 1014 1362 1646
f 1496 1969 1196
f 1262 2214 408
f 751 1939 1197
f 751 1197 2253
f 1466 237 1198
f 2043 1198 1676
f 154 849 1199
f 154 1199 2257
f 2407 1407 1200
f 727 1200 2036
f 384 2065 1201
f 384 1201 565
f 297 1859 1202
f 297 1202 1685
f 2465 2067 1203
f 2465 1203 1458
f 55 386 1204
f 55 1204 328
f 873 449 1205
f 1862 1205 745
f 513 2428 1206
f 513 1653 963
f 608 2429 1207
f 608 1654 1304
f 2057 773 1208
f 2057 1208 2418
f 453 164 1209
f 1681 1209 100
f 445 1258 1210
f 1986 1210 54
f 93 1731 1211
f 93 1211 1695
f 385 867 1212
f 1424 1212 621
f 635 2378 1213
f 635 2030 2388
f 504 2410 1214
f 504 1214 2352
f 747 634 1215
f 747 1215 1979
f 878 278 1216
f 878 1216 1980
f 270 920 1217
f 270 2053 865
f 507 1889 1218
f 507 1218 1429
f 827 145 1219
f 827 1219 16
f 864 2011 1220
f 864 2364 1773
f 527 1949 1692
f 527 2424 1448
f 202 2069 1222
f 202 1222 1491
f 101 1719 1223
f 101 1223 730
f 721 1690 1224
f 721 1224 1626
f 743 1698 1225
f 743 2384 883
f 56 1041 1226
f 56 2385 1035
f 880 1412 1227
f 880 1227 276
f 1027 1413 1228
f 1027 1228 61
f 597 312 1229
f 597 1229 460
f 2059 1038 2455
f 746 1465 2261
f 1026 2460 1231
f 2066 2464 140
f 279 2446 1232
f 279 1232 1998
f 535 875 1233
f 535 2337 388
f 1040 520 1234
f 2019 1234 171
f 537 1724 1235
f 537 1390 1723
f 378 1978 1236
f 378 1236 1882
f 45 643 1237
f 45 1237 1054
f 888 2028 1238
f 888 1238 1950
f 533 1518 1239
f 533 1239 2061
f 1052 2047 1240
f 1052 1240 2068
f 283 2073 1241
f 283 1241 243
f 213 2032 1242
f 213 1242 1751
f 892 2071 1243
f 892 1243 331
f 754 1037 1244
f 2430 2055 144
f 890 753 1245
f 2431 2056 528
f 2462 757 1246
f 1475 1735 755
f 1056 2442 1247
f 1056 1247 173
f 122 1709 1248
f 122 1248 752
f 390 1736 1249
f 390 1249 172
f 228 1585 1250
f 228 1250 1484
f 546 915 1251
f 546 1251 1058
f 108 1487 1252
f 108 1252 2174
f 2151 543 1253
f 2151 1253 1511
f 670 782 1254
f 670 1254 541
f 1857 498 1255
f 1857 2257 121
f 126 810 1634
f 126 1634 1945
f 429 2375 1257
f 429 1257 733
f 2147 1913 1652
f 2147 1652 1000
f 393 85 1259
f 393 1259 762
f 127 462 1260
f 127 1260 765
f 207 587 1261
f 207 1261 645
f 1496 2214 1262
f 1496 1262 183
f 1754 649 1263
f 2102 1507 398
f 1108 786 1264
f 1525 1264 910
f 2171 70 1265
f 2171 1265 930
f 766 1752 1266
f 766 1266 2129
f 137 767 1267
f 137 1267 2256
f 907 1090 1268
f 907 1268 1829
f 336 770 1269
f 336 1269 1830
f 1954 2325 1270
f 1954 1582 2205
f 247 1059 1271
f 247 1271 648
f 560 459 1272
f 560 1272 1126
f 928 2109 1273
f 928 1273 785
f 148 2076 1274
f 148 1274 1082
f 205 2077 1275
f 205 1275 1083
f 2192 109 1276
f 2192 1276 661
f 566 2138 1277
f 1547 2244 1084
f 779 2139 1278
f 1548 2245 343
f 24 2098 1279
f 1919 1279 789
f 353 220 1280
f 353 1280 1871
f 186 2022 1281
f 186 1281 69
f 467 2221 1282
f 467 1282 760
f 652 2222 1283
f 652 1283 33
f 12 2276 1284
f 12 1284 2235
f 51 1086 1285
f 1868 1285 327
f 1181 49 1286
f 1181 1286 581
f 551 1527 1287
f 551 1287 1784
f 124 1528 1288
f 124 1288 1785
f 71 1568 1289
f 71 1289 1531
f 774 1961 1290
f 774 1290 30
f 317 196 1291
f 317 1987 848
f 573 292 1292
f 573 2202 484
f 371 1161 1293
f 371 1293 998
f 463 796 1294
f 463 1294 1537
f 1091 212 1295
f 1091 1295 664
f 965 349 1296
f 965 1296 1536
f 337 1073 1297
f 337 1297 932
f 544 1074 1298
f 544 1298 933
f 351 1788 1299
f 351 1299 1093
f 410 1789 1300
f 410 1300 675
f 917 2277 1301
f 917 1301 2079
f 67 2179 1302
f 67 1302 214
f 1967 387 1303
f 1967 1303 2318
f 469 1008 1940
f 469 1940 194
f 1625 798 1305
f 2311 1929 966
f 411 1831 1306
f 411 1306 478
f 352 1601 1307
f 352 1307 1118
f 11 306 1308
f 2149 1308 929
f 990 265 1309
f 990 1309 349
f 106 762 1310
f 106 1310 644
f 31 765 1311
f 31 1311 539
f 660 2106 1312
f 1845 1312 83
f 65 913 1313
f 65 1313 1816
f 1132 303 1314
f 1132 1314 975
f 255 810 1315
f 255 1315 1587
f 687 812 1316
f 687 2307 132
f 359 1835 1317
f 1545 1317 422
f 1154 605 1318
f 1524 1318 674
f 584 922 1319
f 1544 1319 1834
f 509 713 1320
f 2310 1928 918
f 1137 1780 1321
f 1137 1321 1629
f 2313 1975 1322
f 668 1322 191
f 21 2282 1323
f 21 1323 718
f 223 1603 1324
f 223 1324 1589
f 491 2443 2017
f 491 2017 245
f 321 1538 1326
f 321 1326 1840
f 322 1565 1327
f 322 1327 1841
f 275 831 1328
f 275 1328 599
f 602 436 1329
f 602 1329 82
f 374 1855 1330
f 374 1330 1899
f 314 281 1331
f 314 1331 592
f 425 1641 1332
f 425 1332 2218
f 704 1821 1333
f 704 1333 983
f 38 345 1334
f 38 1334 819
f 105 334 1335
f 105 1335 323
f 1139 1863 1336
f 1139 1336 2267
f 2268 219 1337
f 585 1337 693
f 953 2078 1338
f 953 1338 2378
f 506 1581 1339
f 506 1339 984
f 678 2157 1340
f 678 1340 989
f 266 1533 1341
f 266 1341 1895
f 836 971 1342
f 836 2265 972
f 719 1134 1343
f 719 2266 1915
f 298 1608 1344
f 298 1344 1590
f 776 416 1345
f 776 1345 1591
f 376 1873 1346
f 376 1346 1925
f 130 525 1347
f 130 1347 956
f 443 140 1348
f 1923 1348 1142
f 440 606 1349
f 440 1349 1
f 2368 375 1350
f 2368 1350 964
f 834 1825 1351
f 834 1351 2281
f 686 1598 1352
f 686 1352 342
f 415 1599 1353
f 415 1353 1931
f 591 795 1354
f 591 1354 646
f 1098 466 1355
f 1098 2230 543
f 229 707 1356
f 229 1901 594
f 195 606 1357
f 195 1902 814
f 404 824 1358
f 404 1358 1119
f 6 825 1359
f 6 1359 694
f 18 1983 1360
f 18 1360 1618
f 1806 2353 1361
f 845 1361 2274
f 1195 1014 1362
f 1977 2330 498
f 176 824 1363
f 1869 1363 2316
f 294 825 1364
f 1870 1364 2317
f 829 1623 1365
f 829 1365 19
f 423 183 1366
f 423 1366 2438
f 1063 479 1367
f 1063 1367 1900
f 613 103 1368
f 613 1368 235
f 828 261 1369
f 828 1369 1116
f 579 2120 1370
f 1616 1370 682
f 580 2121 1371
f 1617 1371 1152
f 607 75 1372
f 607 1372 1984
f 512 112 1373
f 512 1373 1985
f 483 800 1374
f 483 1374 1144
f 158 187 1375
f 158 1375 1559
f 548 15 1376
f 548 1376 1560
f 1225 118 1377
f 1225 1377 1698
f 2351 640 1378
f 2351 1378 1626
f 368 1086 1379
f 368 1719 623
f 844 222 1380
f 844 1380 1614
f 610 1632 1381
f 610 1381 1615
f 1121 2291 1382
f 1512 1382 471
f 1850 493 1383
f 1697 2374 2059
f 448 235 1384
f 448 2367 1165
f 360 596 1385
f 360 1385 420
f 198 1916 1386
f 198 1386 395
f 146 569 1387
f 2341 1387 1630
f 1934 1124 1388
f 2253 1388 1640
f 2457 2004 1389
f 2457 1389 1994
f 1235 537 1390
f 2008 2323 367
f 269 1651 1391
f 269 1391 2364
f 732 1115 1392
f 1953 2100 840
f 1175 912 1393
f 1956 1393 2133
f 804 50 1394
f 804 1394 1942
f 1035 56 1395
f 1939 1395 1628
f 622 1182 1396
f 622 1396 861
f 199 614 1397
f 199 1397 1011
f 92 2434 1398
f 92 1398 139
f 58 1006 1399
f 58 1399 1876
f 576 1160 1400
f 576 1400 290
f 1004 1684 1401
f 1004 1401 287
f 851 1747 1402
f 851 1402 1690
f 263 712 1403
f 1765 1403 684
f 619 1176 1404
f 1766 1404 366
f 891 1729 1405
f 891 1405 2243
f 625 1013 1406
f 625 1406 737
f 310 616 1407
f 310 1407 1200
f 104 1019 1408
f 104 1408 1970
f 744 874 1409
f 744 1409 1971
f 216 2320 1410
f 216 1410 852
f 521 736 1411
f 1974 1411 2312
f 431 880 1412
f 431 1412 1039
f 377 1027 1413
f 377 1413 1194
f 164 1188 1414
f 164 1414 1209
f 143 523 1415
f 143 1415 1212
f 432 524 1416
f 432 1416 1034
f 856 615 1417
f 1683 2006 116
f 171 2420 1418
f 171 1418 144
f 1028 1661 1419
f 1028 1419 403
f 1029 1662 1420
f 1029 1420 815
f 986 1196 1421
f 986 1421 1211
f 1007 236 1422
f 1007 1422 327
f 618 316 1423
f 618 1964 982
f 385 1212 1424
f 385 1424 161
f 745 1944 1425
f 745 1425 1862
f 854 55 1426
f 2012 1426 1687
f 1020 2070 1427
f 1020 1427 581
f 876 1691 1428
f 876 1428 1627
f 307 222 1429
f 307 1429 1218
f 16 1632 1430
f 16 1430 827
f 1159 692 1431
f 1159 1431 230
f 2428 1206 1432
f 2428 1432 747
f 2429 1207 1433
f 2429 1433 878
f 326 1924 1434
f 1663 1434 741
f 1186 2392 1435
f 1988 1435 738
f 730 609 1436
f 2051 1436 2435
f 855 609 1437
f 2052 1437 2436
f 435 1529 1438
f 435 1438 1033
f 91 568 1439
f 91 2037 861
f 42 1704 1440
f 2038 1440 1011
f 2449 2021 1441
f 2449 1441 2060
f 460 597 1442
f 460 1442 958
f 696 1051 1443
f 696 1443 297
f 520 1234 1444
f 520 2411 1660
f 538 638 1445
f 538 1445 2046
f 54 2440 1446
f 54 1446 1021
f 204 2318 1447
f 204 2020 1046
f 740 201 1448
f 740 1448 1885
f 170 637 1449
f 2458 2069 202
f 72 1711 1450
f 72 2035 737
f 13 434 1451
f 2036 1451 1200
f 739 2451 1452
f 739 1452 96
f 406 1698 1453
f 406 1453 1045
f 534 280 1454
f 534 1454 240
f 268 1037 1455
f 268 1455 182
f 1050 753 1456
f 1050 1456 565
f 41 2345 1457
f 41 1753 946
f 203 893 1458
f 203 1458 2465
f 141 750 1459
f 2283 1459 636
f 726 161 1460
f 2373 1460 865
f 531 630 1461
f 531 1461 182
f 447 1669 1462
f 447 1462 2031
f 846 430 1463
f 846 1463 1748
f 1242 871 1464
f 1242 1464 1751
f 1230 272 1465
f 1230 1465 746
f 1025 2422 1466
f 2043 1466 1198
f 165 2423 1467
f 1720 1467 639
f 242 2447 1468
f 2380 1468 853
f 458 2448 1469
f 2381 1469 47
f 889 2044 1470
f 889 1470 1037
f 330 1693 1471
f 330 1471 753
f 476 93 1472
f 476 1472 557
f 1248 1709 1473
f 1248 1473 2441
f 282 2074 1474
f 282 1474 457
f 94 1735 1475
f 94 1475 642
f 894 172 1476
f 894 2463 45
f 106 1755 1477
f 106 1477 644
f 32 2118 1478
f 32 1478 178
f 670 39 1479
f 670 1479 1744
f 89 1737 1480
f 89 1480 766
f 23 1750 1481
f 23 1481 193
f 85 468 1482
f 2084 1482 1073
f 462 178 1483
f 2085 1483 1074
f 650 1250 1484
f 650 1484 2153
f 86 1073 1485
f 86 1485 256
f 36 1074 1486
f 36 1486 344
f 405 1252 1487
f 2106 1487 80
f 182 2416 1488
f 182 1488 531
f 565 2417 1489
f 1748 1489 2399
f 574 1131 1490
f 574 1490 1888
f 821 248 1491
f 821 1491 1286
f 459 1272 1492
f 459 1492 645
f 1367 841 1493
f 1367 1493 592
f 991 681 1494
f 991 1494 1907
f 916 84 1495
f 916 1495 1798
f 302 1969 1496
f 302 1496 500
f 2103 335 1497
f 785 1497 291
f 1082 1274 1498
f 1082 1498 1781
f 1199 666 1499
f 1199 1499 849
f 337 2136 1500
f 337 1500 932
f 544 2137 1501
f 544 1501 933
f 943 2108 1502
f 943 1502 1067
f 399 768 1503
f 399 1503 1758
f 545 900 1504
f 545 1504 1059
f 1058 1771 1505
f 1058 1505 251
f 648 1772 1506
f 648 1506 1271
f 1263 775 1507
f 1263 1507 1096
f 1266 244 1508
f 1266 1508 1752
f 309 427 1509
f 309 1509 1779
f 417 1094 1510
f 417 1510 265
f 582 949 1511
f 582 1511 2097
f 1121 2090 1512
f 1121 1512 1382
f 472 2204 1513
f 472 1513 1115
f 246 541 1514
f 246 2109 928
f 571 1276 1515
f 571 1515 1264
f 558 1960 1516
f 558 1516 394
f 680 800 1517
f 680 1517 1279
f 8 688 1518
f 2229 1518 1341
f 5 911 1519
f 5 1519 675
f 929 1837 1520
f 929 1520 350
f 1064 1817 1521
f 1064 1521 2164
f 1065 1818 1522
f 1065 1522 2165
f 811 300 1523
f 811 1865 2158
f 1154 1318 1524
f 1154 1524 76
f 1108 1264 1525
f 1108 1525 1804
f 1292 937 1526
f 1292 1526 1805
f 481 256 1527
f 481 1527 551
f 658 344 1528
f 658 1528 124
f 68 1167 1529
f 68 1529 952
f 1120 260 1530
f 1120 1530 578
f 1118 300 1531
f 2148 1531 218
f 944 257 1532
f 944 2295 1960
f 10 2101 1533
f 10 1533 1341
f 190 1077 1534
f 190 1534 2078
f 590 160 1535
f 590 1535 221
f 305 2107 1536
f 1846 1536 1057
f 1113 463 1537
f 1113 1537 2124
f 971 379 1538
f 971 1538 2288
f 700 563 1539
f 700 1539 1062
f 1103 139 1540
f 1103 1540 2203
f 217 414 1541
f 217 1541 556
f 159 28 1542
f 159 1542 586
f 132 2307 1543
f 132 1543 2104
f 584 341 1544
f 584 1544 1319
f 359 806 1545
f 359 1545 1317
f 770 654 1546
f 770 1546 1269
f 566 244 1547
f 566 1547 1879
f 779 177 1548
f 779 1548 1880
f 1111 2164 1549
f 1111 1549 1259
f 1112 2165 1550
f 1112 1550 1260
f 4 1141 1551
f 4 1551 2247
f 583 1930 1552
f 583 2278 295
f 787 677 1553
f 787 1553 1132
f 249 1075 1554
f 249 1554 340
f 1280 909 1555
f 1280 1555 960
f 1092 24 1556
f 1092 1556 961
f 49 2238 1557
f 49 1557 367
f 1123 660 1558
f 1123 1558 338
f 470 1299 1559
f 470 1559 1877
f 936 1300 1560
f 936 1560 1878
f 1163 575 1561
f 1163 1561 176
f 1164 490 1562
f 1164 1562 294
f 478 34 1563
f 478 1563 411
f 1284 1774 1564
f 1284 1564 155
f 974 136 1565
f 974 1905 195
f 455 792 1566
f 1975 1566 1322
f 828 99 1567
f 828 1567 2308
f 259 570 1568
f 259 1568 71
f 267 1104 1569
f 2284 1569 1786
f 419 1909 1570
f 2285 1570 1787
f 656 1319 1571
f 656 1571 2017
f 2267 1139 1572
f 304 1572 977
f 57 1934 1573
f 57 1573 2166
f 2274 1361 1574
f 194 1574 1940
f 819 1334 1575
f 819 1575 40
f 1323 1826 1576
f 1323 1576 2282
f 1810 1193 1577
f 334 1577 920
f 1150 1844 1578
f 1150 1578 215
f 488 2226 1579
f 488 1579 1138
f 426 2227 1580
f 426 1580 1143
f 707 63 1581
f 707 2303 1135
f 1270 2191 1582
f 1270 1582 1954
f 345 215 1583
f 345 1583 2328
f 437 290 1584
f 437 1883 2232
f 820 287 1585
f 820 1585 1149
f 306 1308 1586
f 306 1586 948
f 1847 513 1587
f 771 1587 255
f 1 440 1588
f 1 1588 843
f 552 496 1589
f 552 1589 840
f 709 227 1590
f 2133 1590 499
f 710 225 1591
f 710 1591 967
f 796 1801 1592
f 796 1592 2244
f 212 1801 1593
f 212 1593 2245
f 2302 1967 1594
f 327 1594 1868
f 450 1921 1595
f 450 1595 626
f 41 501 1596
f 41 1596 357
f 935 1757 1597
f 935 1597 1927
f 486 1119 1598
f 2316 1892 764
f 957 694 1599
f 2317 1893 152
f 1173 234 1600
f 1173 1600 102
f 70 2145 1601
f 70 1601 421
f 2135 852 1602
f 2135 1602 1811
f 968 817 1603
f 2254 1603 1324
f 413 1900 1604
f 413 2255 899
f 1157 594 1605
f 1157 1605 2131
f 1158 814 1606
f 1158 1606 2131
f 988 50 1607
f 988 1607 669
f 833 702 1608
f 2263 1608 1344
f 416 1926 1609
f 416 2264 776
f 129 2230 1610
f 129 1610 1078
f 917 2231 1611
f 917 1611 418
f 98 1867 1612
f 98 1612 997
f 2281 79 1613
f 274 1613 1147
f 73 1877 1614
f 73 1614 844
f 837 1878 1615
f 837 1615 1381
f 579 1129 1616
f 579 1616 1370
f 580 1130 1617
f 580 1617 1371
f 19 18 1618
f 19 1618 1365
f 510 987 1619
f 510 1619 604
f 726 626 1620
f 726 2373 1460
f 511 261 1621
f 2280 1920 975
f 612 1315 1622
f 612 1622 2305
f 20 2216 1623
f 20 1623 829
f 509 1155 1624
f 509 1624 1320
f 505 179 1625
f 505 1625 1305
f 1033 721 1626
f 1033 1626 1963
f 982 1428 1627
f 982 1627 1964
f 2337 1395 1628
f 1233 1628 277
f 695 1137 1629
f 695 1629 973
f 273 1387 1630
f 273 1630 704
f 222 307 1631
f 222 1631 1380
f 149 1430 1632
f 149 1632 610
f 951 185 1633
f 1931 2279 415
f 1256 2308 1634
f 1256 1634 324
f 1399 2309 1635
f 1399 1635 438
f 1303 2318 1636
f 1303 1636 120
f 617 717 1637
f 617 1637 502
f 1017 2329 1638
f 1017 1638 2394
f 1195 2330 1639
f 1195 1639 2395
f 1197 2342 1640
f 1197 1640 2253
f 492 1946 1641
f 492 1641 425
f 1226 1041 1642
f 2385 1642 1035
f 318 1855 1643
f 318 1643 732
f 994 281 1644
f 994 1644 1174
f 424 1873 1645
f 424 1645 1175
f 728 525 1646
f 728 1646 860
f 1374 1144 1647
f 1374 1647 800
f 1160 2015 1648
f 1160 1648 1400
f 168 2037 1649
f 168 2404 712
f 724 2038 1650
f 2405 1650 1176
f 1071 269 1651
f 1071 1651 239
f 1258 1913 1652
f 1258 1652 1210
f 1206 513 1653
f 1206 1653 104
f 1207 608 1654
f 1207 1654 744
f 958 226 1655
f 958 1655 1442
f 319 639 1656
f 319 1656 514
f 723 995 1657
f 2333 2007 58
f 1372 715 1658
f 1372 1658 115
f 1373 716 1659
f 1373 1659 1190
f 1165 1990 1660
f 1165 1660 2343
f 444 2456 1661
f 444 1661 869
f 532 2457 1662
f 532 1662 134
f 326 2350 1663
f 326 1663 1434
f 503 2029 1664
f 503 1664 1185
f 170 1026 1665
f 170 1665 1449
f 441 2035 1666
f 441 2406 831
f 727 2036 1667
f 2407 1667 862
f 628 1034 1668
f 628 1668 847
f 232 2078 1669
f 232 1669 447
f 731 166 1670
f 731 2002 61
f 518 2042 1671
f 518 1671 855
f 507 142 1672
f 507 1672 980
f 1219 1890 1673
f 1219 1673 1036
f 22 990 1674
f 22 1674 497
f 1044 2367 1675
f 2001 1675 431
f 848 2043 1676
f 848 1676 1987
f 201 1448 1677
f 2011 1677 55
f 1187 2393 1678
f 1989 1678 562
f 1019 143 1679
f 1019 1679 2326
f 874 432 1680
f 874 1680 2327
f 453 1209 1681
f 453 1681 1997
f 1350 2195 1682
f 1350 1682 375
f 856 2363 1683
f 856 1683 2006
f 347 154 1684
f 347 1684 1004
f 696 147 1685
f 696 1685 297
f 1040 2336 1686
f 1040 2019 1234
f 1047 2012 1687
f 1047 1687 1886
f 280 534 1688
f 280 1688 629
f 1445 2437 1689
f 1445 1689 638
f 640 851 1690
f 640 1690 1224
f 504 725 1691
f 504 1691 876
f 1221 2027 1692
f 1221 1692 1949
f 1046 2412 1693
f 1046 1693 241
f 465 1923 1694
f 465 1694 627
f 1421 2214 1695
f 1421 1695 1211
f 642 1475 1696
f 642 1696 517
f 231 2374 1697
f 231 1697 847
f 2439 1453 1698
f 553 1698 2054
f 894 172 1699
f 894 1699 45
f 428 953 1700
f 428 1700 1213
f 173 92 1701
f 173 1701 1056
f 750 1459 1702
f 750 1702 240
f 568 1439 1703
f 568 1703 1951
f 433 42 1704
f 433 1704 1952
f 536 283 1705
f 2459 2070 1020
f 47 2381 1706
f 47 1706 52
f 733 1257 1707
f 733 1707 1177
f 1022 2045 1708
f 1022 1708 736
f 43 122 1709
f 43 1709 213
f 1023 44 1710
f 1023 1710 777
f 169 72 1711
f 169 1711 699
f 434 1451 1712
f 434 1712 2016
f 1227 2435 2048
f 1227 2048 157
f 1228 2436 2049
f 1228 2049 315
f 144 1418 1715
f 144 1715 1048
f 528 641 1716
f 528 1716 1049
f 1466 2422 1717
f 1466 1717 237
f 1464 2418 1718
f 1464 1718 2382
f 1379 368 1719
f 1379 1719 101
f 165 749 1720
f 165 1720 1467
f 1037 1470 1721
f 1037 1721 1455
f 753 1471 1722
f 753 1722 1050
f 1043 537 1723
f 1043 1723 1468
f 895 637 1724
f 895 1724 537
f 242 1468 1725
f 242 1725 1243
f 879 2054 1726
f 879 1726 1025
f 1038 2059 1727
f 1038 1727 493
f 1441 69 1728
f 1441 1728 1030
f 624 2022 1729
f 624 1729 1405
f 299 2063 1730
f 299 1730 2058
f 476 93 1731
f 476 1731 557
f 1231 2066 1732
f 1231 1732 517
f 756 2067 1733
f 756 1733 203
f 643 203 1734
f 643 1734 332
f 1246 2462 1735
f 1246 1735 457
f 758 332 1736
f 758 1736 390
f 473 397 1737
f 473 1737 2142
f 591 646 1738
f 591 1738 882
f 2105 906 1739
f 2105 1739 1575
f 1501 1088 1740
f 1501 1740 391
f 335 2103 1741
f 335 1741 662
f 41 940 1742
f 41 1742 683
f 33 905 1743
f 33 1743 1283
f 177 1479 1744
f 2127 1744 541
f 224 938 1745
f 224 1745 682
f 346 939 1746
f 346 1746 1152
f 1024 725 1747
f 1024 1747 2128
f 565 1489 1748
f 565 1748 1201
f 108 427 1749
f 108 1749 1487
f 788 1094 1750
f 788 1750 1070
f 254 429 1751
f 254 1751 147
f 651 901 1752
f 651 1752 766
f 1457 777 1753
f 1457 1753 41
f 775 679 1754
f 775 1754 1263
f 1079 2091 1755
f 1079 1755 1477
f 1492 2092 1756
f 1492 1756 645
f 1262 408 1757
f 1262 1757 935
f 915 1251 1758
f 915 1758 399
f 468 671 1759
f 468 1759 125
f 178 672 1760
f 178 1760 1478
f 830 64 1761
f 830 1761 304
f 4 489 1762
f 4 1762 585
f 296 90 1763
f 296 1763 679
f 1514 541 1764
f 1514 1764 400
f 263 2271 1765
f 263 1765 1403
f 619 2272 1766
f 619 1766 1404
f 793 180 1767
f 793 1767 245
f 483 29 1768
f 483 1768 800
f 265 2156 1769
f 265 1769 1674
f 1557 2238 1770
f 1557 1770 119
f 1274 1058 1771
f 1274 1771 1498
f 1275 648 1772
f 1275 1772 911
f 617 119 1773
f 617 1773 502
f 2276 801 1774
f 2276 1774 1284
f 813 70 1775
f 813 1775 550
f 673 923 1776
f 673 1776 937
f 394 661 1777
f 394 1777 772
f 30 249 1778
f 30 1778 286
f 1431 692 1779
f 1431 1779 361
f 258 2250 1780
f 258 1780 1137
f 913 1498 1781
f 913 1781 1093
f 11 218 1782
f 11 2149 1308
f 769 402 1783
f 769 1783 1531
f 1067 551 1784
f 1067 1784 1502
f 554 2141 1785
f 554 1785 928
f 339 1282 1786
f 339 1786 1151
f 464 1283 1787
f 464 1787 809
f 88 1287 1788
f 88 1788 351
f 37 410 1789
f 37 1789 1288
f 690 2306 1790
f 690 1790 1008
f 549 2180 1791
f 549 1791 7
f 644 285 1792
f 644 1792 1310
f 539 759 1793
f 539 1793 1311
f 1105 357 1794
f 1105 2129 1266
f 40 501 1795
f 40 1795 1575
f 1100 932 1796
f 1100 1796 2140
f 1101 933 1797
f 1101 1797 2141
f 1276 1515 1798
f 1276 1798 916
f 2314 137 1799
f 2314 1799 1524
f 2315 264 1800
f 2315 1800 947
f 934 1091 1801
f 934 1801 463
f 677 57 1802
f 677 1802 975
f 588 5 1803
f 588 1803 1121
f 150 1525 1804
f 150 1804 555
f 35 1526 1805
f 35 1805 253
f 845 1361 1806
f 845 1806 25
f 159 257 1807
f 159 1807 2358
f 1375 561 1808
f 1375 1808 187
f 1376 794 1809
f 1376 1809 15
f 334 2134 1810
f 334 1810 1577
f 191 2135 1811
f 191 1811 1322
f 1090 653 1812
f 1090 1812 907
f 2194 826 1813
f 2194 1813 695
f 1324 2254 1814
f 1324 1814 1589
f 252 418 1815
f 252 1815 303
f 808 65 1816
f 2099 1816 217
f 355 2167 1817
f 355 1817 1521
f 482 2168 1818
f 482 1818 1522
f 1297 86 1819
f 1297 2199 932
f 1298 36 1820
f 1298 2200 933
f 273 569 1821
f 273 1821 704
f 1549 2164 1822
f 1549 1822 647
f 1550 2165 1823
f 1550 1823 392
f 1340 989 1824
f 1340 1824 333
f 1129 1616 1825
f 1129 1825 834
f 1130 1617 1826
f 1130 1826 1323
f 1103 139 1827
f 1103 1827 160
f 688 9 1828
f 688 1828 1518
f 1068 1268 1829
f 1068 1829 2153
f 1069 336 1830
f 1069 1830 1250
f 340 411 1831
f 340 1831 1554
f 1062 2288 1832
f 1062 1832 1539
f 563 2289 1833
f 563 1833 1539
f 1128 2189 1834
f 1128 1834 698
f 111 2190 1835
f 111 1835 959
f 1289 919 1836
f 1289 1836 300
f 155 1564 1837
f 155 1837 929
f 1183 712 1838
f 1183 1838 496
f 233 1176 1839
f 233 1839 859
f 1605 321 1840
f 1605 1840 2131
f 1606 322 1841
f 1606 1841 2131
f 1572 1139 1842
f 1572 1842 977
f 1337 219 1843
f 1337 1843 693
f 34 1563 1844
f 34 1844 1150
f 660 1312 1845
f 660 1845 1558
f 305 1536 1846
f 305 1846 587
f 2273 996 1847
f 771 1847 1587
f 281 199 1848
f 281 1848 1331
f 1001 1664 1849
f 1001 1849 372
f 231 847 1850
f 231 1850 1383
f 421 1601 1851
f 421 1851 930
f 659 306 1852
f 659 1852 931
f 525 310 1853
f 525 1853 1347
f 1401 849 1854
f 1401 1854 287
f 189 374 1855
f 189 1855 622
f 1328 1003 1856
f 1328 1856 599
f 1010 121 1857
f 1010 1857 498
f 215 1578 1858
f 215 1858 345
f 2328 1085 1859
f 2328 1859 297
f 903 2204 1860
f 903 1860 2100
f 479 1367 1861
f 479 1861 1582
f 873 166 1862
f 873 1862 1205
f 63 436 1863
f 63 1863 707
f 440 2163 1864
f 440 1864 606
f 1523 685 1865
f 1523 1865 811
f 350 1586 1866
f 350 1866 1520
f 248 1491 1867
f 248 1867 368
f 51 581 1868
f 51 1868 1285
f 176 969 1869
f 176 1869 1363
f 294 970 1870
f 294 1870 1364
f 960 81 1871
f 960 1871 1280
f 961 425 1872
f 961 1872 1092
f 188 376 1873
f 188 1873 625
f 95 717 1874
f 95 1874 97
f 1173 200 1875
f 1173 1875 234
f 835 311 1876
f 835 1876 58
f 1161 73 1877
f 1161 1877 470
f 1162 837 1878
f 1162 1878 936
f 1277 566 1879
f 1277 1879 409
f 1278 779 1880
f 1278 1880 409
f 570 1113 1881
f 570 1881 1568
f 531 2398 1882
f 531 1882 630
f 1584 437 1883
f 1584 1883 228
f 908 1491 1884
f 908 2178 595
f 1018 2424 1885
f 1018 1885 2355
f 629 2425 1886
f 629 1886 2356
f 499 2223 1887
f 499 1887 2133
f 184 2224 1888
f 184 1888 967
f 142 507 1889
f 142 1889 2184
f 145 1219 1890
f 145 1890 2185
f 329 2437 1891
f 329 1891 705
f 1598 2176 1892
f 1598 1892 2316
f 1599 2177 1893
f 1599 1893 2317
f 1179 715 1894
f 1179 1894 461
f 1180 716 1895
f 1180 1895 1341
f 274 1339 1896
f 274 1896 1613
f 987 1148 1897
f 987 1897 1619
f 446 236 1898
f 2195 1898 1682
f 817 374 1899
f 817 1899 2204
f 592 1331 1900
f 592 1900 1367
f 1356 466 1901
f 1356 1901 229
f 1357 681 1902
f 1357 1902 195
f 92 173 2132
f 92 2132 139
f 1538 1135 1904
f 1538 1904 321
f 1565 974 1905
f 1565 1905 322
f 1355 850 1906
f 2230 1906 129
f 308 991 1907
f 2231 1907 917
f 1104 156 1908
f 1104 1908 480
f 1089 293 1909
f 1089 1909 2154
f 844 222 1910
f 844 1910 73
f 1381 1632 1911
f 1381 1911 837
f 1169 1385 1912
f 1169 1912 261
f 669 2298 1913
f 669 1913 2147
f 972 135 1914
f 972 1914 1147
f 604 20 1915
f 604 1915 510
f 1656 2347 1916
f 1656 1916 2340
f 1629 1321 1917
f 1629 1917 973
f 909 1555 1918
f 909 1918 1511
f 24 1556 1919
f 24 1919 1279
f 1621 2280 1920
f 1621 1920 2262
f 867 1679 1921
f 867 1921 450
f 383 1680 1922
f 383 1922 62
f 443 1348 1923
f 443 1923 722
f 48 387 1924
f 48 1924 620
f 702 376 1925
f 702 1925 2223
f 956 1347 1926
f 956 1926 2224
f 1366 935 1927
f 1366 1927 2438
f 1320 156 1928
f 1320 1928 1624
f 1305 293 1929
f 1305 1929 505
f 342 1541 1930
f 342 1930 1552
f 951 471 1931
f 951 1931 1633
f 1154 76 1932
f 1154 1932 135
f 829 2287 1933
f 829 1933 20
f 1009 514 1934
f 1009 1934 1388
f 295 686 1935
f 295 1935 941
f 356 415 1936
f 356 1936 1099
f 1370 156 1937
f 1370 1937 682
f 1371 293 1938
f 1371 1938 1152
f 1035 751 1939
f 1035 1939 1395
f 1304 608 1940
f 1304 1940 1008
f 2297 1332 1941
f 153 1941 1170
f 1071 804 1942
f 1071 1942 239
f 1452 517 1943
f 1452 1943 615
f 1716 846 1944
f 1716 1944 745
f 924 126 1945
f 924 1945 577
f 27 363 1946
f 27 1946 492
f 832 77 1947
f 832 1947 78
f 598 2362 1948
f 598 1948 1156
f 328 1204 1949
f 2369 1949 527
f 386 1204 1950
f 2370 1950 454
f 307 1631 1951
f 307 1951 568
f 1430 149 1952
f 1430 1952 1704
f 732 439 1953
f 732 1953 1392
f 1174 729 1954
f 1174 1954 2205
f 1315 2319 1955
f 1315 1955 1622
f 1175 508 1956
f 1175 1956 1393
f 860 1362 1957
f 860 1957 2210
f 237 1198 1958
f 237 1958 1388
f 953 1077 1959
f 953 1959 1700
f 474 944 1960
f 474 1960 558
f 132 687 1961
f 132 1961 774
f 1188 2338 1962
f 1188 1962 1414
f 526 1438 1963
f 526 1963 1378
f 1423 618 1964
f 1423 1964 1214
f 818 2324 1965
f 818 1965 2386
f 1015 2325 1966
f 1015 1966 2387
f 60 2302 1967
f 60 1967 2318
f 146 1240 1968
f 146 1968 1387
f 701 2434 1969
f 701 1969 302
f 691 104 1970
f 691 1970 842
f 976 744 1971
f 976 1971 1410
f 362 930 1972
f 362 1972 2396
f 803 931 1973
f 803 1973 2397
f 521 1193 1974
f 521 1974 1411
f 455 1566 1975
f 455 1975 884
f 1638 2329 1976
f 1638 1976 2394
f 1639 2330 1977
f 1639 1977 2395
f 325 378 1978
f 325 1978 448
f 103 98 1979
f 103 1979 276
f 120 1303 1980
f 120 1980 61
f 638 1689 1981
f 638 1981 2413
f 597 872 1982
f 597 1982 1442
f 611 14 1983
f 611 1983 1360
f 980 607 1984
f 980 1984 1672
f 1036 512 1985
f 1036 1985 1673
f 445 1210 1986
f 445 1986 742
f 1291 317 1987
f 1291 1987 99
f 1186 1435 1988
f 1186 1988 1005
f 1187 1678 1989
f 1187 1989 1006
f 706 2258 1990
f 706 1990 1165
f 634 1215 1991
f 634 1991 104
f 278 1216 1992
f 278 1992 744
f 1661 2456 1993
f 1661 1993 1419
f 1662 2457 1994
f 1662 1994 1420
f 1396 1182 1995
f 1396 1995 2404
f 1397 614 1996
f 1397 1996 2405
f 992 453 1997
f 992 1997 864
f 886 279 1998
f 886 1998 138
f 1406 1013 1999
f 1406 1999 2406
f 1407 616 2000
f 1407 2000 2407
f 1044 382 2001
f 1044 2001 1675
f 1670 731 2002
f 1670 2002 964
f 1424 621 2003
f 1424 2003 2260
f 1668 1171 2004
f 1668 2004 2261
f 22 586 2005
f 22 2005 497
f 1417 856 2006
f 1417 2006 722
f 1657 723 2007
f 1657 2007 620
f 1235 2453 2008
f 1235 2008 1390
f 435 1529 2009
f 435 2009 1033
f 442 1530 2010
f 442 2010 982
f 201 1677 2011
f 201 2011 864
f 854 1426 2012
f 854 2012 239
f 1443 1051 2013
f 1443 2013 297
f 1000 52 2014
f 1000 2014 2403
f 699 1711 2015
f 699 2015 2361
f 154 434 2016
f 154 2016 347
f 1325 656 2017
f 1325 2017 2443
f 1647 1146 2018
f 1647 2018 1144
f 1686 1040 2019
f 1686 2420 881
f 1447 204 2020
f 1447 2421 449
f 69 904 2021
f 69 2021 1441
f 799 10 2022
f 799 2022 624
f 197 1028 2023
f 197 2390 738
f 741 1029 2024
f 741 2391 562
f 1719 623 2025
f 1719 2025 2432
f 863 2382 2026
f 863 2026 1596
f 1453 1221 2027
f 1453 2027 870
f 534 888 2028
f 534 2028 1688
f 331 2380 2029
f 331 2029 2451
f 1213 635 2030
f 1213 2030 2242
f 735 1462 2031
f 735 2031 2243
f 43 557 2032
f 43 2032 213
f 636 1459 2033
f 636 2033 1045
f 1702 1459 2034
f 1702 2034 240
f 1450 72 2035
f 1450 2035 1003
f 13 1451 2036
f 13 2036 121
f 1439 91 2037
f 1439 2037 1002
f 42 1440 2038
f 42 2038 515
f 1467 2423 2039
f 1467 2039 319
f 1257 250 2040
f 1257 2040 1707
f 1718 2418 2041
f 1718 2041 2382
f 59 1285 2042
f 59 2042 518
f 1025 748 2043
f 1025 2043 1466
f 117 1444 2044
f 117 2044 1470
f 1460 2260 2045
f 1460 2045 865
f 1053 243 2046
f 1053 2046 538
f 458 1469 2047
f 458 2047 1052
f 1713 2435 2048
f 1713 2048 1227
f 1714 2436 2049
f 1714 2049 1228
f 1021 1446 2050
f 1021 2050 165
f 730 1223 2051
f 730 2051 1436
f 855 1671 2052
f 855 2052 1437
f 1217 865 2053
f 1217 2053 270
f 1377 633 2054
f 1377 2054 1698
f 1244 2430 2055
f 1244 2055 2416
f 1245 2431 2056
f 1245 2056 2417
f 1031 2442 2057
f 1031 2057 2418
f 1473 250 2058
f 1473 2058 1730
f 746 1230 2059
f 746 2059 1697
f 1030 1441 2060
f 1030 2060 2242
f 1405 624 2061
f 1405 2061 2243
f 93 752 2062
f 93 2062 114
f 1247 2081 2063
f 1247 2063 2119
f 1721 2445 2064
f 1721 2064 1455
f 1722 2446 2065
f 1722 2065 1050
f 1026 1231 2066
f 1026 2066 1665
f 456 756 2067
f 456 2067 536
f 1734 1052 2068
f 1734 2068 203
f 1449 637 2069
f 1449 2069 2458
f 1705 243 2070
f 1705 2070 2459
f 642 517 2071
f 642 2071 1055
f 755 2460 2072
f 755 2072 457
f 1699 2461 2073
f 1699 2073 172
f 757 1055 2074
f 757 2074 282
f 1476 894 2075
f 1476 2075 758
f 898 148 2076
f 898 2076 546
f 284 205 2077
f 284 2077 905
f 1125 232 2078
f 1125 2078 316
f 1815 418 2079
f 1815 2079 1078
f 1546 123 2080
f 1546 2080 970
f 44 1208 2081
f 44 2081 2058
f 1824 805 2082
f 1824 2082 87
f 25 497 2083
f 25 2083 230
f 85 1259 2084
f 85 2084 1482
f 462 1260 2085
f 462 2085 1483
f 647 546 2086
f 647 2086 1822
f 392 905 2087
f 392 2087 1823
f 285 338 2088
f 285 2088 644
f 759 657 2089
f 759 2089 539
f 131 494 2090
f 131 2090 1121
f 1495 1079 2091
f 1495 2091 1798
f 1272 1492 2092
f 1272 2092 1126
f 665 81 2093
f 665 2093 427
f 23 425 2094
f 23 2094 1094
f 1788 1287 2095
f 1788 2095 1299
f 1789 1288 2096
f 1789 2096 1300
f 220 1280 2097
f 220 2097 582
f 559 1092 2098
f 559 2098 680
f 808 133 2099
f 808 2099 1816
f 1392 1953 2100
f 1392 2100 1513
f 186 10 2101
f 186 2101 904
f 775 175 2102
f 775 2102 1507
f 785 1273 2103
f 785 2103 1497
f 774 132 2104
f 774 2104 1075
f 412 564 2105
f 412 2105 1575
f 405 1487 2106
f 405 2106 1312
f 1296 1070 2107
f 1296 2107 1536
f 296 943 2108
f 296 2108 679
f 1514 246 2109
f 1514 2109 400
f 1784 1287 2110
f 1784 2110 1502
f 1505 941 2111
f 1505 2111 251
f 1506 1099 2112
f 1506 2112 1271
f 772 83 2113
f 772 2113 1777
f 286 1057 2114
f 286 2114 1778
f 555 397 2115
f 555 2115 1087
f 253 906 2116
f 253 2116 1088
f 1515 1798 2117
f 1515 2117 1264
f 1776 1126 2118
f 1776 2118 937
f 1354 2063 2119
f 1354 2119 354
f 978 1320 2120
f 978 2120 579
f 718 1305 2121
f 718 2121 580
f 1498 1771 2122
f 1498 2122 913
f 911 1772 2123
f 911 2123 5
f 919 1754 2124
f 919 2124 1881
f 1564 1741 2125
f 1564 2125 1774
f 244 1508 2126
f 244 2126 1547
f 177 1744 2127
f 177 2127 1548
f 540 152 2128
f 540 2128 764
f 1794 1105 2129
f 1794 2129 766
f 1795 1106 2130
f 1795 2130 210
f 2 1158 2131
f 2 2131 1157
f 1903 92 2132
f 1903 2132 173
f 709 1590 2133
f 709 2133 993
f 1335 842 2134
f 1335 2134 334
f 1145 1410 2135
f 1145 2135 191
f 671 150 2136
f 671 2136 783
f 672 35 2137
f 672 2137 784
f 683 1105 2138
f 683 2138 802
f 940 1106 2139
f 940 2139 289
f 901 780 2140
f 901 2140 761
f 782 391 2141
f 782 2141 1254
f 921 473 2142
f 921 2142 572
f 1758 251 2143
f 1758 2143 1503
f 1059 1271 2144
f 1059 2144 1504
f 813 70 2145
f 813 2145 550
f 1061 266 2146
f 1061 2146 550
f 52 1000 2147
f 52 2147 669
f 1118 1307 2148
f 1118 2148 1531
f 1782 11 2149
f 1782 2149 402
f 1348 519 2150
f 1348 2150 98
f 64 543 2151
f 64 2151 1128
f 489 1141 2152
f 489 2152 111
f 480 1908 2153
f 480 2153 1068
f 1250 1089 2154
f 1250 2154 1069
f 1509 810 2155
f 1509 2155 1779
f 1510 690 2156
f 1510 2156 265
f 1072 678 2157
f 1072 2157 109
f 896 1263 2158
f 896 2158 1865
f 1097 335 2159
f 1097 2159 1866
f 1268 1068 2160
f 1268 2160 214
f 336 1069 2161
f 336 2161 7
f 436 63 2162
f 436 2162 602
f 1588 440 2163
f 1588 2163 262
f 1310 1111 2164
f 1310 2164 1792
f 1311 1112 2165
f 1311 2165 1793
f 395 198 2166
f 395 2166 1553
f 1109 1842 2167
f 1109 2167 1817
f 1110 1843 2168
f 1110 2168 1818
f 663 256 2169
f 663 2169 1082
f 485 344 2170
f 485 2170 1083
f 421 70 2171
f 421 2171 930
f 1852 266 2172
f 1852 2172 931
f 581 1868 2173
f 581 2173 1020
f 822 1779 2174
f 822 2174 1252
f 1309 265 2175
f 1309 2175 349
f 1352 1598 2176
f 1352 2176 764
f 1353 1599 2177
f 1353 2177 152
f 1884 908 2178
f 1884 2178 49
f 1561 575 2179
f 1561 2179 653
f 1562 490 2180
f 1562 2180 654
f 1801 1593 2181
f 1801 2181 1592
f 59 1086 2182
f 59 2182 518
f 34 839 2183
f 34 2183 1150
f 622 1855 2184
f 622 2184 861
f 199 281 2185
f 199 2185 1011
f 625 1873 2186
f 625 2186 737
f 310 525 2187
f 310 2187 1200
f 500 1496 2188
f 500 2188 1917
f 949 245 2189
f 949 2189 1128
f 1517 800 2190
f 1517 2190 111
f 369 859 2191
f 369 2191 1270
f 778 109 2192
f 778 2192 661
f 340 411 2193
f 340 2193 249
f 221 1535 2194
f 221 2194 826
f 446 377 2195
f 446 2195 1898
f 119 1557 2196
f 119 2196 617
f 715 1894 2197
f 715 2197 1658
f 716 1895 2198
f 716 2198 1659
f 1819 1297 2199
f 1819 2199 256
f 1820 1298 2200
f 1820 2200 344
f 1108 333 2201
f 1108 2201 1804
f 1292 573 2202
f 1292 2202 1805
f 160 1103 2203
f 160 2203 1535
f 223 903 2204
f 223 2204 817
f 841 703 2205
f 841 2205 1582
f 1821 1386 2206
f 1821 2206 1333
f 1095 289 2207
f 1095 2207 802
f 955 685 2208
f 955 2208 1808
f 948 1586 2209
f 948 2209 1809
f 1490 1131 2210
f 1490 2210 967
f 556 952 2211
f 556 2211 1077
f 807 578 2212
f 807 2212 9
f 215 1150 2213
f 215 2213 1583
f 1196 1421 2214
f 1196 2214 1496
f 1914 135 2215
f 1914 2215 1613
f 604 20 2216
f 604 2216 1619
f 1314 697 2217
f 1314 2217 975
f 26 816 2218
f 26 2218 1553
f 1093 913 2219
f 1093 2219 470
f 675 5 2220
f 675 2220 936
f 938 467 2221
f 938 2221 1745
f 939 652 2222
f 939 2222 1746
f 298 499 2223
f 298 2223 1608
f 1345 184 2224
f 1345 2224 416
f 1757 408 2225
f 1757 2225 1597
f 1107 74 2226
f 1107 2226 488
f 1184 301 2227
f 1184 2227 426
f 371 689 2228
f 371 2228 998
f 8 1518 2229
f 8 2229 999
f 1355 1098 2230
f 1355 2230 1906
f 308 1551 2231
f 308 2231 1907
f 979 437 2232
f 979 2232 674
f 1854 820 2233
f 1854 2233 1499
f 71 1531 2234
f 71 2234 259
f 1102 402 2235
f 1102 2235 12
f 78 509 2236
f 78 2236 226
f 1156 1625 2237
f 1156 2237 1365
f 705 1891 2238
f 705 2238 49
f 1901 594 2239
f 1901 2239 466
f 1902 814 2240
f 1902 2240 681
f 99 1185 2241
f 99 2241 1567
f 877 1213 2242
f 877 2242 2060
f 1032 2031 2243
f 1032 2243 2061
f 1879 1547 2244
f 1879 2244 409
f 1880 1548 2245
f 1880 2245 409
f 192 1336 2246
f 192 2246 466
f 358 985 2247
f 358 2247 681
f 1614 1877 2248
f 1614 2248 1380
f 1615 1878 2249
f 1615 2249 610
f 838 1398 2250
f 838 2250 1540
f 1616 82 2251
f 1616 2251 224
f 1617 174 2252
f 1617 2252 346
f 1009 514 2253
f 1009 2253 1388
f 968 1182 2254
f 968 2254 1603
f 1604 614 2255
f 1604 2255 413
f 1114 1856 2256
f 1114 2256 1267
f 1255 1857 2257
f 1255 2257 1199
f 234 1875 2258
f 234 2258 1990
f 445 742 2259
f 445 2259 53
f 161 1460 2260
f 161 2260 1424
f 847 1697 2261
f 847 2261 1668
f 577 1945 2262
f 577 2262 81
f 833 1013 2263
f 833 2263 1608
f 1609 616 2264
f 1609 2264 416
f 1342 836 2265
f 1342 2265 3
f 1343 719 2266
f 1343 2266 3
f 304 1572 2267
f 304 2267 1761
f 585 1337 2268
f 585 2268 4
f 1555 1918 2269
f 1555 2269 697
f 1556 1919 2270
f 1556 2270 816
f 1703 1002 2271
f 1703 2271 74
f 433 515 2272
f 433 2272 301
f 771 230 2273
f 771 2273 1847
f 194 497 2274
f 194 2274 1574
f 570 259 2275
f 570 2275 1113
f 567 12 2276
f 567 2276 801
f 162 1907 2277
f 162 2277 1906
f 1552 583 2278
f 1552 2278 342
f 1633 185 2279
f 1633 2279 1931
f 511 1621 2280
f 511 2280 1169
f 1896 1613 2281
f 1896 2281 984
f 1897 1619 2282
f 1897 2282 843
f 141 1204 2283
f 141 2283 1459
f 267 1151 2284
f 267 2284 1569
f 419 809 2285
f 419 2285 1570
f 76 460 2286
f 76 2286 1932
f 19 18 2287
f 19 2287 829
f 1326 1538 2288
f 1326 2288 1062
f 1327 1565 2289
f 1327 2289 563
f 1313 913 2290
f 1313 2290 1816
f 588 5 2291
f 588 2291 1121
f 502 1637 2292
f 502 2292 864
f 1330 318 2293
f 1330 2293 1899
f 314 994 2294
f 314 2294 592
f 1532 944 2295
f 1532 2295 1312
f 1122 687 2296
f 1122 2296 1536
f 153 1333 2297
f 153 2297 1941
f 1394 1607 2298
f 1394 2298 1942
f 1346 424 2299
f 1346 2299 1925
f 130 525 2300
f 130 2300 956
f 623 200 2301
f 623 2301 1612
f 327 1422 2302
f 327 2302 1594
f 1581 1339 2303
f 1581 2303 707
f 1349 1148 2304
f 1349 2304 606
f 324 1634 2305
f 324 2305 1622
f 438 1635 2306
f 438 2306 852
f 1316 687 2307
f 1316 2307 944
f 1116 828 2308
f 1116 2308 1634
f 1117 983 2309
f 1117 2309 1635
f 1624 1155 2310
f 1624 2310 1928
f 505 179 2311
f 505 2311 1929
f 920 1577 2312
f 920 2312 1217
f 668 1322 2313
f 668 2313 1038
f 767 137 2314
f 767 2314 674
f 666 264 2315
f 666 2315 1499
f 486 1363 2316
f 486 2316 1598
f 957 1364 2317
f 957 2317 1599
f 522 60 2318
f 522 2318 204
f 1653 963 2319
f 1653 2319 104
f 1654 1304 2320
f 1654 2320 744
f 1419 403 2321
f 1419 2321 1993
f 1420 815 2322
f 1420 2322 1994
f 1390 2008 2323
f 1390 2323 95
f 439 1953 2324
f 439 2324 1016
f 729 1954 2325
f 729 2325 167
f 1408 1019 2326
f 1408 2326 323
f 1409 874 2327
f 1409 2327 163
f 38 345 2328
f 38 2328 297
f 508 1956 2329
f 508 2329 1017
f 1362 1957 2330
f 1362 2330 1195
f 237 530 2331
f 237 2331 1388
f 319 452 2332
f 319 2332 514
f 723 835 2333
f 723 2333 2007
f 222 1429 2334
f 222 2334 1910
f 1632 16 2335
f 1632 2335 1911
f 102 997 2336
f 102 2336 1040
f 1233 535 2337
f 1233 2337 1628
f 97 196 2338
f 97 2338 1188
f 1124 1388 2339
f 1124 2339 57
f 868 514 2340
f 868 2340 1573
f 1968 1172 2341
f 1968 2341 1387
f 1939 1628 2342
f 1939 2342 1197
f 1978 1165 2343
f 1978 2343 1236
f 1425 375 2344
f 1425 2344 430
f 603 1457 2345
f 603 2345 1177
f 1676 1198 2346
f 1676 2346 945
f 1153 639 2347
f 1153 2347 823
f 1685 147 2348
f 1685 2348 1202
f 1215 1979 2349
f 1215 2349 523
f 1216 1980 2350
f 1216 2350 524
f 1224 640 2351
f 1224 2351 1626
f 876 504 2352
f 876 2352 1627
f 609 1437 2353
f 609 2353 1436
f 457 2072 2354
f 457 2354 895
f 740 1997 2355
f 740 2355 1885
f 1047 742 2356
f 1047 2356 1886
f 1051 733 2357
f 1051 2357 2013
f 586 1159 2358
f 586 2358 159
f 2009 1167 2359
f 2009 2359 721
f 442 260 2360
f 442 2360 1428
f 77 699 2361
f 77 2361 1947
f 347 2016 2362
f 347 2362 598
f 96 1001 2363
f 96 2363 856
f 1220 864 2364
f 1220 2364 1391
f 1651 239 2365
f 1651 2365 1391
f 114 408 2366
f 114 2366 882
f 1384 448 2367
f 1384 2367 1044
f 166 1862 2368
f 166 2368 1670
f 328 1677 2369
f 328 2369 1949
f 386 1426 2370
f 386 2370 1950
f 1442 1982 2371
f 1442 2371 1655
f 1360 611 2372
f 1360 2372 708
f 1620 726 2373
f 1620 2373 270
f 1383 231 2374
f 1383 2374 493
f 213 1709 2375
f 213 2375 429
f 630 1236 2376
f 630 2376 1461
f 1463 430 2377
f 1463 2377 1201
f 428 953 2378
f 428 2378 1213
f 447 232 2379
f 447 2379 2031
f 1725 1468 2380
f 1725 2380 331
f 2047 1469 2381
f 2047 2381 1240
f 487 1464 2382
f 487 2382 863
f 1707 2040 2383
f 1707 2383 1177
f 1225 118 2384
f 1225 2384 743
f 1226 1642 2385
f 1226 2385 56
f 1672 818 2386
f 1672 2386 1984
f 1673 1015 2387
f 1673 2387 1985
f 1728 69 2388
f 1728 2388 734
f 1729 2022 2389
f 1729 2389 891
f 2023 197 2390
f 2023 2390 403
f 2024 741 2391
f 2024 2391 815
f 722 2006 2392
f 722 2392 1923
f 620 2007 2393
f 620 2393 1924
f 1229 1017 2394
f 1229 2394 460
f 857 1195 2395
f 857 2395 18
f 1189 362 2396
f 1189 2396 684
f 17 803 2397
f 17 2397 366
f 1048 1715 2398
f 1048 2398 1488
f 1049 1716 2399
f 1049 2399 1489
f 2033 1045 2400
f 2033 2400 535
f 2034 240 2401
f 2034 2401 535
f 381 1962 2402
f 381 2402 748
f 364 1000 2403
f 364 2403 749
f 1649 168 2404
f 1649 2404 861
f 724 1650 2405
f 724 2405 1011
f 1666 441 2406
f 1666 2406 737
f 727 1667 2407
f 727 2407 1200
f 122 43 2408
f 122 2408 1472
f 526 190 2409
f 526 2409 1378
f 1423 316 2410
f 1423 2410 1214
f 1444 520 2411
f 1444 2411 117
f 886 138 2412
f 886 2412 279
f 887 538 2413
f 887 2413 1469
f 91 568 2414
f 91 2414 861
f 1440 1704 2415
f 1440 2415 1011
f 268 1244 2416
f 268 2416 182
f 1456 1245 2417
f 1456 2417 565
f 871 1031 2418
f 871 2418 1464
f 250 2058 2419
f 250 2419 2040
f 2019 1686 2420
f 2019 2420 171
f 2020 1447 2421
f 2020 2421 241
f 633 118 2422
f 633 2422 1726
f 885 1642 2423
f 885 2423 2050
f 1692 2027 2424
f 1692 2424 527
f 1238 2028 2425
f 1238 2425 454
f 72 169 2426
f 72 2426 737
f 1451 1712 2427
f 1451 2427 1200
f 276 1227 2428
f 276 2428 747
f 61 1228 2429
f 61 2429 878
f 754 171 2430
f 754 2430 1244
f 890 241 2431
f 890 2431 1245
f 1223 1719 2432
f 1223 2432 2051
f 1671 2042 2433
f 1671 2433 2052
f 1701 92 2434
f 1701 2434 1056
f 593 1227 2435
f 593 2435 2051
f 711 1228 2436
f 711 2436 2052
f 243 2070 2437
f 243 2437 2046
f 973 423 2438
f 973 2438 695
f 553 1698 2439
f 553 2439 100
f 280 1454 2440
f 280 2440 54
f 1730 646 2441
f 1730 2441 1473
f 1731 1211 2442
f 1731 2442 1031
f 1123 660 2443
f 1123 2443 1325
f 1144 305 2444
f 1144 2444 2018
f 1470 117 2445
f 1470 2445 1721
f 1471 279 2446
f 1471 2446 1722
f 2074 242 2447
f 2074 2447 1474
f 1736 458 2448
f 1736 2448 1249
f 529 689 2449
f 529 2449 2060
f 1239 1518 2450
f 1239 2450 2061
f 892 331 2451
f 892 2451 517
f 2068 1240 2452
f 2068 2452 203
f 1724 637 2453
f 1724 2453 1235
f 1022 865 2454
f 1022 2454 1411
f 1230 2059 2455
f 1230 2455 884
f 621 2003 2456
f 621 2456 444
f 1171 2004 2457
f 1171 2457 532
f 1665 1449 2458
f 1665 2458 2066
f 536 1705 2459
f 536 2459 2067
f 389 755 2460
f 389 2460 1696
f 1054 1699 2461
f 1054 2461 1237
f 94 1735 2462
f 94 2462 1055
f 2075 894 2463
f 2075 2463 332
f 1732 2066 2464
f 1732 2464 517
f 1733 2067 2465
f 1733 2465 203
