v 2.229345 -0.992723 -0.862826
v 2.5392 -0.727778 -0.750475
v 2.669281 -0.930664 -0.557166
v 2.514167 -1.077721 -0.706614
v 2.318787 -1.29409 -0.673863
v 2.960118 -0.941827 -0.284743
v 2.881063 -0.493146 -0.521968
v -2.033406 -0.91003 -0.96422
v -1.782298 -1.020581 -0.943381
v -2.462835 -1.3055 -0.966395
v -2.049879 -1.562369 -0.829319
v -1.200688 -1.577575 -0.799188
v -0.972089 -1.774507 -0.76857
v -0.063012 -1.583021 -0.865082
v -0.543078 -1.810473 -0.563825
v -1.108758 -1.770749 -0.473033
v -0.523838 -1.850065 -0.388007
v -2.267049 -1.753901 -0.662106
v -1.88316 -1.829718 -0.401567
v -2.941731 -1.787431 -0.442574
v -3.616627 -0.350374 -0.338492
v -3.570243 -0.060093 -0.344854
v -3.535416 0.191408 -0.338478
v -3.55232 0.219613 0.0
v 1.734568 -2.965876 -0.986396
v 1.802387 -3.089615 -0.961851
v 1.721745 -3.116887 -0.979111
v 2.247981 -3.342804 -1.127459
v 1.709173 -3.133145 -0.80794
v 1.900481 -3.131932 -0.728621
v 2.126553 -3.549679 -0.701005
v 1.857471 -2.950722 -0.669988
v 1.884318 -2.724404 -0.701999
v -2.837147 -1.791733 -0.921563
v -2.918293 -1.904184 -1.004659
v -3.23261 -1.834299 -1.087832
v -3.49052 -1.760417 -0.903104
v -3.078699 -2.553982 -1.046834
v -3.177824 -2.279173 -1.04758
v -3.327526 -2.075729 -1.005328
v -3.347304 -2.573628 -0.955211
v -3.030605 -2.311222 -0.88433
v 1.953911 -2.462233 -0.830594
v 1.98533 -2.221319 -0.893145
v 1.678986 -2.513137 -0.891745
v 1.648793 -2.280014 -0.929365
v 1.6249 -2.087301 -0.963391
v 1.60129 -2.267132 -0.787696
v 1.473886 -1.818947 -0.799576
v 1.756349 -2.446399 -0.705428
v 1.804927 -1.581954 -1.089198
v 1.818266 -2.313852 -0.968652
v 1.945206 -2.015769 -0.672724
v 1.966698 -1.22816 -1.153716
v 3.233975 2.059193 -0.072431
v 3.276333 1.863773 -0.294266
v 3.528445 1.060127 -0.489443
v 3.71636 2.343387 0.0
v 3.4583 2.151656 -0.102662
v 4.120842 0.627141 -0.185461
v 4.041657 1.039756 -0.496922
v 2.361089 1.76666 -0.202595
v 2.637461 1.01726 -0.581611
v 2.811504 0.469098 -0.657443
v 2.91987 0.084875 -0.64246
v 2.734183 0.038769 -0.86581
v 2.70696 0.393597 -0.849582
v 2.346081 -0.74535 -1.013296
v 0.737904 1.604213 -0.281713
v 0.316341 0.785311 -1.08626
v -0.559706 1.69418 -0.186107
v 0.034087 -0.225059 -1.542949
v -1.053434 -0.342553 -1.690245
v 1.644178 -0.857872 -1.208494
v 1.640095 -0.674556 -1.246804
v 1.504951 1.483493 -0.585976
v -1.683863 1.789041 -0.121501
v -1.744732 1.734849 -0.433807
v -2.030191 0.547622 -1.189762
v -2.079597 1.817785 -0.138375
v -2.298249 0.768333 -1.203884
v -2.292049 -0.933921 -1.128136
v -3.08565 1.65734 -0.784479
v -3.35851 1.810253 -0.380095
v -3.19641 0.797564 -0.985913
v -3.709741 1.351194 -0.211745
v -3.302419 -3.017921 -1.128514
v -3.107105 -2.947818 -1.092235
v -3.227676 -3.14166 -1.103969
v -3.316551 -3.168932 -1.121229
v -2.736599 -3.394849 -1.269577
v -2.631547 -3.559891 -1.33738
v -2.981824 -3.608887 -1.346959
v -3.091252 -3.340925 -1.235864
v -3.333954 -3.058673 -0.974748
v -3.19417 -3.348553 -1.007196
v -2.52472 -3.561609 -1.161535
v -2.944625 -3.282121 -0.817054
v -3.900566 1.002504 0.0
v -3.84447 0.498176 -0.053132
v -3.87514 1.480358 0.0
v -3.712832 1.794492 0.0
v -3.47843 1.975409 0.0
v -3.242148 2.021387 0.0
v -3.80184 1.012668 -0.115288
v -3.357009 1.781675 -0.071216
v -3.674766 0.517345 -6.3e-05
v -3.348274 1.767738 -8.5e-05
v -2.03574 -1.981182 -0.547873
v -2.120746 -2.045137 -0.411171
v -2.499138 -2.03809 -0.504529
v -2.571019 -1.995375 -0.58623
v -2.685663 -2.028649 -0.514928
v -2.065655 -2.124623 -0.36872
v -1.978016 -2.086834 -0.494327
v -2.552923 -2.142304 -0.454579
v -2.629199 -2.138983 -0.436227
v -2.583303 -2.089191 -0.577616
v 4.897808 1.946794 -0.628057
v 4.973133 1.992779 -0.533466
v 5.001903 1.914398 -0.486724
v 4.760921 1.881357 -0.61312
v 4.963546 1.783161 -0.553515
v 4.918466 2.084725 -0.532713
v 5.00244 2.105746 -0.468233
v 4.752337 1.723388 -0.591296
v 4.995978 2.148785 -0.344534
v 4.912303 2.162645 -9e-05
v 5.158322 1.23677 -0.418043
v 4.761601 1.363013 -0.57137
v 4.733657 1.227371 -0.592883
v 5.588763 1.573846 0.000686
v 5.730427 1.435668 -0.209848
v 5.710154 1.360653 -0.290072
v 5.672187 1.164767 -0.35408
v 5.931474 1.233483 -0.215613
v 5.92711 1.131195 0.001118
v 5.923808 1.025283 -0.153084
v 5.959462 1.157227 -0.187097
v 5.370709 0.980272 -0.337432
v 5.373646 0.885375 -0.20884
v 4.567896 1.149805 -0.642484
v 4.496191 1.024566 -0.579491
v 4.148883 1.759918 -0.573765
v 4.342351 2.581176 -0.140317
v 4.454962 2.523303 -0.000603
v 4.209941 2.600612 -0.337597
v 4.328606 2.563996 -0.343892
v 4.47609 2.606654 -0.692301
v 4.509555 2.719807 -0.819972
v 4.801436 2.750224 -0.858918
v 5.096148 2.75972 -0.774729
v 4.440713 2.398472 -0.629128
v 4.681847 2.551036 -0.886235
v 4.262798 2.490674 -0.818316
v 4.735139 2.645464 -0.95089
v 4.035753 2.399538 -0.343957
v 3.870548 2.292106 -0.368964
v 4.273005 2.310529 -0.762172
v 4.215419 2.350484 -0.885764
v 4.061989 2.231988 -1.178382
v 4.097362 2.3666 -1.239986
v 4.094116 2.426172 -1.381032
v 4.046673 2.341349 -1.45253
v 4.094112 1.889281 -0.578435
v 4.148927 2.388726 -1.376879
v 4.199317 2.304652 -1.17454
v 4.153175 2.084823 -0.799668
v 4.148865 2.148829 -0.986567
v 4.11268 2.195089 -1.366908
v 4.111934 2.234814 -1.399949
v 2.407309 -0.97498 0.805091
v 2.126237 -1.330172 0.721011
v 2.45706 -1.400958 0.539866
v 2.803736 -1.255869 0.438328
v 2.663024 -1.440487 0.478149
v 2.835437 -0.231101 0.57789
v 2.688131 -0.517509 0.672975
v -2.306662 -1.116976 0.961238
v -1.778934 -1.550199 0.776454
v -1.266738 -1.691944 0.557922
v -1.108758 -1.770749 0.473033
v -2.126375 -1.866497 0.502895
v -3.55012 -0.984868 0.675228
v -3.283698 -0.730967 0.793898
v 1.806371 -2.949735 0.984058
v 2.021366 -2.881725 0.945561
v 1.721745 -3.116887 0.979111
v 1.802387 -3.089615 0.961851
v 2.031262 -3.256709 1.111122
v 2.113587 -3.011851 0.851648
v 1.709173 -3.133145 0.80794
v 1.83279 -3.296508 0.865078
v 2.078928 -3.584991 0.917088
v 2.126553 -3.549679 0.701005
v 2.377814 -3.484109 0.800332
v 1.841282 -2.716008 0.708009
v -2.918293 -1.904184 1.004659
v -3.23261 -1.834299 1.087832
v -3.498521 -1.762078 0.762472
v -3.068444 -2.260195 1.03507
v -3.162498 -2.556375 1.058409
v -3.347304 -2.573628 0.955211
v -2.981187 -2.142718 0.858353
v -3.030605 -2.311222 0.88433
v -3.132772 -2.528669 0.848639
v 2.02453 -2.195334 0.811284
v 1.930747 -2.463535 0.894743
v 2.053108 -1.738285 0.824853
v 1.710406 -2.272223 0.954296
v 1.717145 -1.80953 1.004092
v 1.529305 -2.092083 0.887353
v 1.663494 -2.485963 0.790773
v 1.473886 -1.818947 0.799576
v 1.596751 -1.722028 0.684655
v 1.601721 -1.262359 1.14142
v 3.115383 1.49239 0.380228
v 3.98851 1.297806 0.539537
v 2.60743 -0.208248 0.974218
v 2.346081 -0.74535 1.013296
v 2.0817 0.283249 1.259461
v 1.859443 1.450393 0.632222
v 0.939271 0.379986 1.185872
v -0.406155 1.005088 0.971088
v -0.536767 -0.144454 1.682232
v -0.487217 -1.193519 1.504026
v -1.292756 1.656509 0.51403
v 1.644178 -0.857872 1.208494
v 1.63008 0.420236 1.172369
v -1.79513 0.033439 1.37116
v -1.683863 1.789041 0.121501
v -2.030191 0.547622 1.189762
v -2.296056 1.06281 1.171139
v -3.160225 -0.018852 1.113626
v -3.424258 0.158638 0.918279
v -3.223286 -3.00178 1.126176
v -3.316551 -3.168932 1.121229
v -3.227676 -3.14166 1.103969
v -2.975439 -3.308754 1.25324
v -2.856957 -3.449728 1.356844
v -2.729567 -3.602976 1.377236
v -2.787341 -3.278502 1.138621
v -3.330406 -3.18519 0.950058
v -3.19417 -3.348553 1.007196
v -2.922908 -3.637036 1.059206
v -3.256731 -3.032131 0.849693
v -2.52472 -3.561609 1.161535
v -3.67645 -0.551317 0.077574
v -3.72947 -0.869371 0.096946
v -3.699784 -0.759901 0.088664
v -3.697889 -0.951955 0.098793
v -3.733767 -1.141917 0.111139
v -3.743747 -1.367219 0.100951
v -3.823638 -1.557534 0.081533
v -3.828485 -1.786559 -0.114095
v -3.805841 -0.798961 0.099237
v -3.884588 -1.261469 0.148322
v -4.297769 -1.889903 0.177707
v -4.227645 -1.227895 0.069894
v -3.921874 -0.538502 -0.145307
v -4.252683 -1.437854 -0.14562
v -4.331331 -1.69259 -0.043593
v -3.86074 -0.188349 -0.024962
v -3.81743 0.150343 0.048629
v -3.84447 0.498176 0.053132
v -3.469715 1.961504 0.071141
v -3.660928 1.770041 0.115431
v -3.75063 -0.191863 0.063305
v -3.675638 1.471512 0.062201
v -3.357009 1.781675 0.071216
v -3.67251 0.16663 -0.048579
v -1.971059 -1.992958 0.500845
v -2.120746 -2.045137 0.411171
v -2.513608 -2.012858 0.558673
v -2.539874 -2.049824 0.460098
v -1.985123 -2.116661 0.394256
v -1.978016 -2.086834 0.494327
v -2.513187 -2.130859 0.49792
v -2.629199 -2.138983 0.436227
v -2.583303 -2.089191 0.577616
v 4.925499 1.917814 0.613413
v 5.001903 1.914398 0.486724
v 4.973133 1.992779 0.533466
v 4.963546 1.783161 0.553515
v 4.918466 2.084725 0.532713
v 5.00244 2.105746 0.468233
v 4.615408 1.639641 0.577768
v 4.761601 1.363013 0.57137
v 5.566339 1.498677 0.190905
v 5.672187 1.164767 0.35408
v 5.931474 1.233483 0.215613
v 5.85775 0.997026 0.236768
v 5.370709 0.980272 0.337432
v 4.359483 2.615839 0.596817
v 4.546655 2.709095 0.80378
v 4.59262 2.569879 0.790452
v 4.821336 2.621498 0.789636
v 4.801436 2.750224 0.858918
v 5.096148 2.75972 0.774729
v 4.382053 2.433474 0.798757
v 4.681847 2.551036 0.886235
v 4.497719 2.54748 0.937659
v 4.854957 2.660227 0.92431
v 4.615662 2.63387 0.977986
v 4.138687 2.474013 0.642311
v 4.088356 2.510913 0.453793
v 4.035753 2.399538 0.343957
v 4.753015 2.699695 0.973279
v 3.857922 2.141554 0.521067
v 4.215419 2.350484 0.885764
v 4.273005 2.310529 0.762172
v 4.097362 2.3666 1.239986
v 4.058311 2.293363 1.338054
v 4.094116 2.426172 1.381032
v 4.022592 2.123052 0.903284
v 4.036947 1.992167 1.072561
v 4.103303 2.038565 1.363737
v 3.966639 1.969285 0.549291
v 4.303193 2.347123 1.044413
v 4.211815 2.28249 1.039137
v 4.153175 2.084823 0.799668
v 4.11268 2.195089 1.366908
v 4.111934 2.234814 1.399949
v -3.507689 1.700214 0.0
v -0.956007 -1.825728 0.0
v -2.68493 1.262021 -1.11049
v -1.551526 1.400025 1.050193
v -2.734184 -1.717948 -0.749581
v 3.36004 0.16548699999999994 -0.412685
v 3.881998 1.764428 -0.476337
v 4.472349 2.325133 0.443764
v 5.528186 1.44018 -0.250666
v 0.760722 1.205036 0.700545
v 0.927497 -1.558489 0.0
v -2.684452 -1.891207 0.447388
v -2.187634 -0.375454 -1.406902
v 2.384638 -0.591919 -1.043058
v -2.47375 0.300945 1.316695
v 4.113935 2.334131 0.526471
v 3.189664 0.907503 0.500122
v 4.920855 0.812339 0.0003180000000000127
v 4.533113 1.989009 -0.578975
v 5.133171 1.715563 0.334258
v -1.479588 0.295746 1.440042
v -0.535144 -1.615983 0.920556
v 2.970902 -0.959664 0.0
v -2.955052 -1.49684 1.128812
v -3.557869 -1.325941 -0.37803
v -0.40615500000000004 1.005088 -0.971088
v -3.109047 1.789477 0.565323
v 2.811504 0.469098 0.657443
v 3.98851 1.297806 -0.539537
v 5.218821 1.803552 -0.199306
v 4.187258 2.590221 0.135844
v 4.38099 2.207701 -0.839016
v 5.573803 0.952578 0.243886
v 1.975941 0.827957 -1.018423
v -3.096267 -0.6681 -1.140081
v 1.451825 -1.576856 0.702758
v -0.752416 0.438132 1.467349
v 3.814876 1.968416 0.443
v -3.304804 -1.582192 0.643445
v -1.744732 1.734849 0.433807
v -1.610025 -1.711571 0.0
v 2.706963 -1.528854 0.0
v -0.969076 0.901205 -1.146223
v 4.022592 2.123052 -0.903284
v 2.637461 1.01726 0.581611
v -2.187634 -0.375454 1.406902
v 4.733657 1.227371 0.592883
v 3.189664 0.907503 -0.500122
v 5.127157 1.942759 0.211214
v 5.884856 1.062202 -0.24954499999999996
v 4.407729 2.53164 -0.486692
v 5.471928 1.345179 0.313899
v 0.960321 -0.308052 -1.243133
v -3.665774 -0.73408 0.446286
v -1.395501 -0.698702 -1.553257
v 0.939974 -0.894739 1.019809
v -3.476235 1.287798 0.704766
v 2.021591 -1.755289 -0.912093
v -1.017767 1.607824 -0.541965
v 3.342159 -0.384674 -0.201349
v 1.807583 1.756546 -0.177627
v -1.782298 -1.020581 0.943381
v 2.384638 -0.591919 1.043058
v -2.892162 -1.781087 0.0
v 4.00011 2.424158 -0.313254
v 4.120842 0.627141 0.185461
v 4.26732 2.121987 0.61494
v 4.982822 1.503071 -0.507606
v 4.982822 1.503071 0.507606
v 5.908842 1.388968 0.0010259999999999991
v 4.634996 2.369115 0.140117
v 5.373646 0.885375 0.20884
v 4.497719 2.54748 -0.937659
v 0.939271 0.379986 -1.185872
v -2.47375 0.300945 -1.316695
v 0.316341 0.785311 1.08626
v 1.604939 -1.556997 0.0
v -2.672899 1.90511 -0.067168
v 0.034087 -0.225059 1.542949
v -1.405685 0.573835 -1.352181
v -3.379131 0.767915 0.885996
v -0.977375 -1.793126 0.498747
v -2.591357 -1.510845 0.88547
v 1.966698 -1.22816 1.153716
v 2.723503 1.898839 0.0
v -3.650579 -1.142448 0.0
v 3.280681 0.510802 0.49943399999999993
v 3.559394 0.706516 -0.452535
v 5.233176 1.442459 0.362988
v 4.477781 1.687858 -0.597407
v 4.655453 0.758022 9.799999999998699e-05
v 4.440143 2.510529 0.269164
v 5.470775 1.009574 -0.355371
v 4.688114 2.046378 0.604518
v 4.04473 2.254459 0.744209
v 5.70463 0.849158 0.12813000000000002
v 5.959462 1.157227 0.187097
v 4.192789 2.411967 -0.668016
v 2.0817 0.283249 -1.259461
v 1.601721 -1.262359 -1.14142
v -1.576196 -1.696317 -0.358146
v 0.960321 -0.308052 1.243133
v 0.480235 -1.631521 0.401961
v 4.634996 2.369115 -0.140117
v -3.101125 -0.35476 1.162409
v -2.955052 -1.49684 -1.128812
v 0.223642 1.684075 -0.16074299999999997
v -3.556552 0.704883 -0.28063
v -1.929731 1.617188 0.80639
v -1.929731 1.617188 -0.80639
v -1.456655 -1.295527 0.89424
v 2.396607 -1.593239 -0.389972
v -3.271035 -1.609292 0.0
v 3.857922 2.141554 -0.521067
v 2.669281 -0.930664 0.557166
v 2.738132 1.687333 -0.295046
v -2.466779 -1.857679 0.570461
v 3.559394 0.706516 0.452535
v 2.993075 -0.708434 -0.342596
v 5.813217 1.415581 0.195261
v 1.804927 -1.581954 1.089198
v 4.152166 1.868775 1.225002
v 4.430999 1.535753 0.638888
v 1.83279 -3.296508 -0.865078
v 5.197562 0.922406 0.302473
v 4.440713 2.398472 0.629128
v 4.79841 1.473149 -0.570618
v 4.837331 2.235678 0.479332
v 4.063205 2.509679 -0.342987
v 5.757506 0.9579 -0.210732
v 4.314039 2.32946 -0.57751
v -2.566746 -1.211312 1.167101
v -1.551526 1.400025 -1.050193
v -2.71748 1.576797 0.875971
v -3.595973 -0.346391 0.426453
v 0.489819 -1.524947 -0.672392
v 0.760722 1.205036 -0.700545
v 2.013534 -0.662303 -1.191491
v -1.053434 -0.342553 1.690245
v -2.649338 -0.241719 -1.339644
v 2.399389 0.782091 0.915279
v -2.572286 0.835495 -1.252192
v -1.456655 -1.295527 -0.89424
v -3.601668 1.293049 0.0
v -4.229164 -1.473093 0.11156
v 2.361089 1.76666 0.202595
v -3.686518 -0.955181 -0.320349
v 1.348219 -1.282064 0.845204
v 4.152166 1.868775 -1.225002
v -0.559706 1.69418 0.18610700000000002
v -3.53391 -1.330455 0.568246
v 3.929251 0.411689 0.0
v -2.037371 -1.73636 0.656787
v 4.496191 1.024566 0.579491
v 3.4583 2.151656 0.102662
v 2.986408 -0.413503 0.428964
v 1.451825 -1.576856 -0.702758
v 5.378289 1.768448 0.00044099999999999695
v 5.397967 1.174238 -0.346802
v 4.063205 2.509679 0.342987
v 2.857666 -0.930625 -0.391195
v 2.141273 -1.234642 0.941254
v 4.38099 2.207701 0.839016
v 1.970051 -3.141862 -1.065178
v 5.397967 1.174238 0.346802
v 4.389484 2.190421 0.47332
v 4.59262 2.569879 -0.790452
v 4.561299 2.133066 -0.547248
v 4.146067 2.278102 -0.707372
v 5.851404 0.929008 -0.10536199999999998
v 4.871155 1.741238 0.592326
v 4.926194 1.859813 -0.582137
v -0.487217 -1.193519 -1.504026
v -1.79513 0.033438999999999997 -1.37116
v 0.939974 -0.894739 -1.019809
v -0.752416 0.438132 -1.467349
v -0.969076 0.901205 1.146223
v 4.00011 2.424158 0.313254
v 4.99671 0.81056 0.28077100000000005
v 0.737904 1.604213 0.281713
v -1.807421 0.657142 1.209422
v 2.396607 -1.593239 0.389972
v -3.582867 0.734419 -0.697787
v -0.07847000000000001 -1.688266 0.80023
v -2.986345 -2.93377 1.087679
v -4.107191 -1.83652 0.120149
v -3.536654 0.442277 0.322
v -3.053102 1.96881 -0.051104
v -2.937658 -1.002749 -1.219413
v 3.36004 0.165487 0.412685
v 4.141189 1.008775 -0.499342
v -3.008323 -1.759271 0.655672
v 4.314791 2.142163 -0.54065
v -0.894132 1.712652 -0.151911
v 2.396355 1.242239 -0.597722
v -2.042059 -1.312976 0.940911
v 3.377233 1.5878 -0.400781
v -3.137383 -2.776449 -0.844117
v -1.74779 -1.667608 -0.60634
v 4.068249 0.798926 0.400813
v 3.377233 1.5878 0.400781
v 2.835437 -0.23110100000000003 -0.57789
v 1.572979 -1.827591 -0.985823
v -2.709403 -1.879947 -0.508775
v 4.995978 2.148785 0.344534
v 5.783731 1.341471 -0.28459
v -3.042899 -3.193907 -1.207296
v 1.612396 -1.485728 1.099731
v 2.201939 -3.226457 0.996503
v 2.343303 -3.507846 -1.195262
v 2.126237 -1.330172 -0.721011
v 2.410367 -0.777999 0.841105
v 4.342998 2.664049 0.904347
v 4.312225 1.683392 0.639944
v 4.102304 2.29996 -1.025862
v 4.113935 2.334131 -0.526471
v 4.155551 2.388662 1.09196
v 5.421809 1.685349 0.123555
v 4.314039 2.32946 0.57751
v 4.359483 2.615839 -0.596817
v 4.328606 2.563996 0.343892
v 5.511556 0.863525 -0.17761299999999997
v 5.608974 1.317869 0.319719
v 5.757506 0.9579 0.21073200000000003
v 4.861611 2.001639 0.621913
v 4.825996 2.089176 -0.576083
v -0.11519 0.458427 1.346197
v -2.137524 1.753182 0.433142
v -3.476235 1.287798 -0.704766
v 1.63008 0.42023599999999994 -1.172369
v 2.519027 1.485931 0.422962
v -2.825835 0.755899 1.209042
v 0.544825 -1.133123 -1.096902
v -3.27979 -1.162072 -0.784602
v 0.544825 -1.133123 1.096902
v -0.221516 1.686349 -0.151403
v 3.737014 0.181837 -0.176819
v -2.870422 -3.601724 -0.843123
v -1.807421 0.657142 -1.209422
v 2.495354 0.250522 -1.132081
v 4.712067 0.770512 -0.333393
v -1.200688 -1.577575 0.799188
v 1.310865 -1.136322 -0.914838
v -4.111927 -1.333141 -0.26716
v -2.79063 0.46881 -1.224273
v -1.278903 1.192051 0.946843
v 1.807583 1.756546 0.177627
v -3.637643 -0.356271 0.0
v 2.803736 -1.255869 -0.438328
v -3.15021 -1.259588 1.001021
v 2.747937 0.712253 -0.615674
v -1.215563 1.757097 -0.133494
v 2.025468 -3.556842 -1.204841
v -1.552229 -1.555077 -0.735708
v -3.519716 1.685231 0.31713
v 2.61797 -1.235597 0.520238
v -2.223917 -1.541268 0.87926
v 4.522247 1.398278 -0.644892
v -2.981187 -2.142718 -0.858353
v 3.115383 1.49239 -0.380228
v 3.479418 1.97825 0.317478
v -3.339489 -2.328145 0.827572
v 3.886058 1.550141 0.50483
v 4.354411 2.102985 -0.80258
v 2.679445 0.687427 0.720573
v 4.359048 0.700414 0.166651
v 1.918641 -2.083654 1.001275
v -2.037371 -1.73636 -0.656787
v 5.158322 1.23677 0.418043
v 1.900481 -3.131932 0.728621
v 2.138771 -3.397683 1.214726
v 4.6248 2.708372 -0.989445
v 2.318787 -1.29409 0.673863
v 1.838895 -1.087204 1.201408
v 1.911792 -2.895773 -0.950117
v -2.946527 -2.939327 -0.986343
v -2.884711 -3.063896 0.993766
v 2.407309 -0.97498 -0.805091
v 2.036036 -1.57908 -0.967151
v 4.303193 2.347123 -1.044413
v 3.945464 2.1301 0.689536
v 4.533113 1.989009 0.578975
v 5.608974 1.317869 -0.319719
v 5.979357 1.325532 -0.125337
v 4.760921 1.881357 0.61312
v 4.148865 2.148829 0.986567
v 3.967085 2.280648 -0.537643
v 4.187258 2.590221 -0.135844
v 4.474625 2.465214 -0.75189
v 4.411541 2.663824 0.713132
v 5.511556 0.863525 0.177613
v 5.836005 0.945722 0.0010920000000000183
v 4.872539 2.159259 -0.542891
v 5.075994 1.900999 0.443793
v 5.075994 1.900999 -0.443793
v 1.660355 0.019397 1.246002
v -3.424258 0.158638 -0.918279
v -1.576196 -1.696317 0.358146
v 1.737623 -2.485017 0.918334
v 0.021051 -0.831931 1.511548
v -0.536767 -0.14445399999999997 -1.682232
v -1.395501 -0.698702 1.553257
v -3.716312 1.021474 0.057693
v 2.893096 -1.302168 0.332049
v 1.975941 0.827957 1.018423
v -3.569993 -0.731989 -0.649435
v 0.93066 -1.216516 -0.831196
v 3.528445 1.060127 0.489443
v -3.623861 0.911561 0.0
v -2.276341 -0.689823 1.268026
v 3.737014 0.181837 0.176819
v -1.996117 1.387891 1.064104
v 1.462507 1.745481 0.222394
v 0.289039 1.496446 -0.430055
v 2.108912 -0.357128 -1.259691
v 1.428883 -0.98669 1.133905
v -3.240554 -2.555467 -0.856262
v -1.802864 -0.282523 -1.401315
v -3.139394 -1.687482 -0.638546
v -2.930312 1.10358 -1.125876
v -3.529709 -0.065998 0.437217
v -0.626493 1.585426 0.443136
v -1.292756 1.656509 -0.51403
v 4.068249 0.798926 -0.400813
v -2.508885 -1.719933 0.721675
v 1.933899 -3.546253 -0.912438
v -3.327526 -2.075729 1.005328
v -0.953236 -1.545941 0.89918
v 4.036947 1.992167 -1.072561
v -3.742608 -0.729374 -0.149361
v 4.739441 2.299169 -0.369987
v -1.776785 -1.275107 0.914703
v -2.591357 -1.510845 -0.88547
v 2.649413 0.03153500000000001 1.024796
v 2.688131 -0.517509 -0.672975
v 3.009101 1.971604 -0.03422
v 2.347317 1.066114 -0.758763
v 2.910769 -0.638444 0.431191
v -3.734989 1.589433 0.295202
v 1.643403 -2.076583 0.689565
v -3.519086 1.70322 -0.066709
v -2.126375 -1.866497 -0.502895
v 4.354411 2.102985 0.80258
v -3.087335 -3.350463 0.831656
v 1.974215 -1.469208 1.068951
v -4.018866 -1.413191 0.154149
v 1.718315 -2.775468 -0.921796
v 4.104292 2.537976 -0.543437
v 4.79841 1.473149 0.570618
v 2.254361 -3.550931 1.235118
v 4.148883 1.759918 0.573765
v -2.649491 -3.404362 -1.100352
v 1.54175 -1.643613 -1.01419
v 2.229345 -0.992723 0.862826
v -3.053267 -2.764905 1.043008
v 1.960643 -2.71286 0.90089
v 2.111557 -1.376942 -0.89657
v 2.201939 -3.226457 -0.996503
v -3.141072 -2.785287 -1.032318
v 4.366867 1.131136 0.630581
v 5.247762 0.848549 -0.10854599999999998
v 4.430999 1.535753 -0.638888
v 5.672385 1.007694 -0.341778
v 3.967085 2.280648 0.537643
v 5.979357 1.325532 0.125337
v 4.061989 2.231988 1.178382
v 4.74405 2.179337 0.556057
v 4.43261 1.878873 -0.577888
v 4.35668 2.682996 -0.71905
v 4.084506 2.570978 0.218168
v 4.352603 2.524888 0.890532
v 4.656565 2.680542 -0.799684
v 4.369751 2.298204 -0.921894
v 5.06084 2.053335 0.309324
v 4.462368 2.725999 0.882675
v 5.580727 0.99933 0.34986700000000004
v 4.04473 2.254459 -0.744209
v 5.105589 1.864086 -0.347113
v 5.851404 0.929008 0.10536200000000003
v 4.852578 1.889721 0.605031
v 4.852578 1.889721 -0.605031
v 0.44655 -1.67295 0.0
v -3.306875 0.379713 0.98762
v -3.122061 -0.998702 1.065015
v -3.387254 -1.486027 -0.672861
v -3.695452 -0.193624 -0.101369
v 0.546875 -0.39094 -1.363244
v 1.570685 0.938327 -0.989108
v 0.539252 0.353984 1.254493
v -0.543078 -1.810473 0.563825
v 3.342159 -0.384674 0.201349
v 0.93066 -1.216516 0.831196
v -2.276341 -0.689823 -1.268026
v -3.112555 0.457376 -1.084816
v 2.616001 0.447717 0.960748
v 3.280681 0.510802 -0.499434
v -3.977657 -1.750845 -0.184909
v -2.703112 1.825435 -0.395127
v -2.070413 0.207766 1.335106
v 2.396355 1.242239 0.597722
v 0.223642 1.684075 0.160743
v -3.283698 -0.730967 -0.793898
v 5.233176 1.442459 -0.362988
v 4.99671 0.81056 -0.280771
v -1.552899 1.128654 1.15104
v -1.552899 1.128654 -1.15104
v -3.27808 1.432418 0.853958
v -0.626493 1.585426 -0.443136
v -3.082741 -3.598298 -1.054556
v -3.583763 -0.052271 0.0
v -0.953236 -1.545941 -0.89918
v -1.215563 1.757097 0.133494
v 1.328862 -1.352627 -0.758733
v 4.041657 1.039756 0.496922
v -1.776785 -1.275107 -0.914703
v 4.359048 0.700414 -0.166651
v 2.663024 -1.440487 -0.478149
v -3.335942 -1.365685 0.72459
v -1.552229 -1.555077 0.735708
v 2.13239 1.755821 -0.180271
v -2.734184 -1.717948 0.749581
v -2.508885 -1.719933 -0.721675
v 3.036361 1.913989 0.169838
v -3.519716 1.685231 -0.31713
v 2.690576 -0.368057 -0.819343
v -3.32033 -2.827513 -1.063914
v -3.008412 -2.89976 0.904635
v 4.342998 2.664049 -0.904347
v 1.90637 -2.282284 0.964887
v 2.743995 -0.129852 0.718277
v 1.857471 -2.950722 0.669988
v 2.059222 -3.230076 -0.674936
v -3.896204 -0.629183 0.077883
v 1.771416 -2.769024 0.9461
v 5.072165 2.04363 -0.209228
v 1.645819 -1.087442 1.173773
v 1.991892 -1.7484 0.65277
v 2.514167 -1.077721 0.706614
v -1.933565 -1.993029 -0.438902
v 1.880971 -2.733242 -0.8902
v 4.74325 1.05921 0.563421
v 4.312225 1.683392 -0.639944
v 3.945464 2.1301 -0.689536
v -3.120761 -2.15777 0.766432
v -3.120761 -2.15777 -0.766432
v 5.218821 1.803552 0.199306
v 1.805207 -1.268427 -1.165317
v 2.0796 -1.473377 -0.654997
v -2.944625 -3.282121 0.817054
v 5.800778 1.078596 -0.31945
v -2.856957 -3.449728 -1.356844
v 4.22473 2.624525 -0.491916
v 4.449011 1.260929 -0.647431
v 3.727093 2.308406 0.150049
v 4.235494 2.636171 0.803613
v 4.43261 1.878873 0.577888
v -2.147113 -1.903198 0.362462
v -3.042899 -3.193907 1.207296
v 2.110033 -3.148257 -1.068816
v -2.884711 -3.063896 -0.993766
v 5.763952 1.062109 0.338641
v 1.970051 -3.141862 1.065178
v 5.842092 1.427708 -0.130724
v 4.199317 2.304652 1.17454
v 4.32063 2.385528 0.682583
v 4.154566 2.19048 -1.129552
v 5.685194 1.452202 0.188749
v 4.209941 2.600612 0.337597
v 4.369751 2.298204 0.921894
v -3.821694 1.477989 -0.107631
v 4.752337 1.723388 0.591296
v 4.146067 2.278102 0.707372
v 5.934596 1.054796 0.07703900000000004
v 4.212974 2.303184 -0.587113
v 5.47963 1.11131 0.364188
v 5.47963 1.11131 -0.364188
v 5.449164 0.847535 -0.10390899999999999
v -3.817381 0.150348 -0.048728
v 4.748031 2.683805 -0.800044
v 4.674691 2.598833 0.808006
v 4.935561 2.016016 0.5857
v 4.788476 2.028047 -0.608619
v 4.982364 1.8733 0.53619
v 4.982364 1.8733 -0.53619
v 0.021051 -0.831931 -1.511548
v -1.407658 -1.236026 -1.11293
v -0.11519 0.458427 -1.346197
v -2.649338 -0.24171899999999996 1.339644
v -1.395728 -1.723811 0.0
v 0.546875 -0.39094 1.363244
v -0.533528 -0.58228 1.701405
v -0.535144 -1.615983 -0.920556
v 2.857666 -0.930625 0.391195
v -3.673607 -0.720796 0.0
v 1.289448 -1.546597 0.0
v 1.504951 1.483493 0.585976
v -3.672559 0.166625 0.048678
v 1.462507 1.745481 -0.222394
v -2.033406 -0.91003 0.96422
v 4.712067 0.770512 0.333393
v -3.675638 1.471512 -0.062201
v 2.399389 0.782091 -0.915279
v -2.070413 0.207766 -1.335106
v 3.199571 -0.15373900000000004 -0.38015
v -2.137524 1.753182 -0.433142
v -3.82037 -1.239135 -0.269807
v -4.070739 -0.947648 0.110554
v -0.221516 1.686349 0.151403
v -2.298249 0.768333 1.203884
v 2.495354 0.250522 1.132081
v -1.454529 0.875045 -1.238858
v -3.520188 0.140164 -0.618561
v -2.90708 -0.345582 -1.281557
v -3.169489 -2.110039 -1.076796
v -1.017767 1.607824 0.541965
v 3.886058 1.550141 -0.50483
v 3.758215 2.206683 0.323051
v 2.948387 0.783357 0.515058
v -3.15021 -1.259588 -1.001021
v -3.556552 0.704883 0.28063
v 3.06109 0.397226 -0.574193
v -3.709741 1.351194 0.211745
v -3.355398 -0.969157 0.766213
v -3.655148 1.190938 -0.573692
v 0.97453 -0.525273 -1.140353
v 2.60743 -0.208248 -0.974218
v -2.119856 -1.1288 -0.97096
v -1.407658 -1.236026 1.11293
v -3.184812 -2.768053 0.850127
v -2.64722 -1.84401 0.594347
v 5.241466 1.040469 -0.383965
v -1.74779 -1.667608 0.60634
v 4.175444 1.350332 0.613988
v 2.339597 1.807702 0.0
v -1.376186 -1.661988 -0.718954
v -3.314868 -1.599081 0.439626
v -0.422877 -1.7512 0.823423
v 3.955635 0.432417 0.197586
v -3.077669 1.871112 -0.217368
v 1.596751 -1.722028 -0.684655
v 2.534227 -1.617078 0.0
v 1.612396 -1.485728 -1.099731
v 3.058366 1.773346 0.297337
v 4.561299 2.133066 0.547248
v -3.26181 -2.821069 1.088218
v -3.211005 -1.850398 -0.700723
v 3.922437 1.972461 -0.483563
v 1.650318 -1.645881 1.053347
v -4.075028 -1.904403 -0.041324
v 2.486533 -1.274971 -0.627822
v 1.92973 -3.298418 0.689538
v 1.92973 -3.298418 -0.689538
v 4.079812 2.571649 -0.0009510000000000005
v 2.013095 -2.051912 -0.911043
v 2.736198 -0.346225 0.659345
v 1.981186 -3.441282 1.180532
v 2.024692 -1.074646 1.172465
v 2.0796 -1.473377 0.654997
v -3.519086 1.70322 0.066709
v -0.866132 1.75467 6.938893903907228e-18
v 4.017509 1.996169 0.731654
v 2.222082 -0.957342 -1.014137
v 5.421809 1.685349 -0.123555
v -3.047974 -2.109628 1.063497
v -2.888628 -3.200302 -1.210934
v 5.250485 1.123029 0.385234
v 4.154566 2.19048 1.129552
v 4.245225 2.008532 0.772641
v 4.245225 2.008532 -0.772641
v 4.477781 1.687858 0.597407
v 4.143794 2.01372 -1.201386
v -2.147113 -1.903198 -0.362462
v 5.103427 1.624404 0.434275
v 4.554459 2.511417 -0.850571
v 1.994078 -2.713047 -0.824553
v 1.756349 -2.446399 0.705428
v 4.452383 2.524558 0.130255
v 4.74405 2.179337 -0.556057
v -2.770335 -3.208138 1.031045
v 2.217369 -3.156093 -0.888927
v -3.330406 -3.18519 -0.950058
v -3.144012 -2.333635 -0.829994
v 4.102304 2.29996 1.025862
v 4.155551 2.388662 -1.09196
v 4.104292 2.537976 0.543437
v 5.77341 1.225861 -0.323025
v 5.783731 1.341471 0.28459
v 5.137075 0.824518 -0.144842
v -3.851206 1.007586 0.099831
v 1.911792 -2.895773 0.950117
v 4.212974 2.303184 0.587113
v 5.598282 1.094735 0.38699400000000006
v 4.07851 2.41181 -0.472193
v 5.961686 1.110978 -0.090324
v -3.805575 -0.190109 -0.101447
v 5.60337 0.852748 0.16233500000000003
v 5.580727 0.99933 -0.349867
v 4.418954 2.707401 -0.782531
v 4.47609 2.606654 0.692301
v 5.030289 1.827419 -0.440803
v 4.656565 2.680542 0.799684
v 4.674691 2.598833 -0.808006
v 4.852582 1.816115 0.603105
v 4.697607 1.768061 -0.576663
v 4.953739 1.95258 -0.592256
v 5.020077 1.97817 0.480978
v -0.910602 1.204118 0.83774
v 1.920432 -1.567396 0.0
v 1.210555 -1.460061 -0.576841
v -2.870422 -3.601724 0.843123
v -2.941731 -1.787431 0.442574
v -0.533528 -0.58228 -1.701405
v 0.539252 0.353984 -1.254493
v -0.09413500000000002 -1.769086 -0.556924
v -4.042715 -0.87671 -0.168968
v -1.996117 1.387891 -1.064104
v 2.327021 -3.352317 0.958234
v 1.958254 1.130271 0.861813
v -0.04157 -1.143825 1.395176
v 0.289039 1.496446 0.430055
v -1.802864 -0.282523 1.401315
v -3.339489 -2.328145 -0.827572
v -3.415655 -0.308965 0.671045
v 3.43895 -0.08257999999999999 0.257015
v 2.50049 -0.035029000000000005 1.170179
v 2.50049 -0.035029000000000005 -1.170179
v -3.077669 1.871112 0.217368
v -2.572286 0.835495 1.252192
v -1.454529 0.875045 1.238858
v -2.446375 -1.893261 -0.49411
v -1.837859 -0.540871 -1.295851
v -0.247999 1.565146 -0.389142
v 1.821946 1.618209 -0.403751
v 1.991892 -1.7484 -0.65277
v -3.522115 -1.366623 0.0
v -3.044646 0.224321 -1.164934
v -3.55012 -0.984868 -0.675228
v -3.422698 -2.070796 0.773898
v -3.544507 0.467147 0.0
v 3.47341 1.366149 0.454658
v -2.566746 -1.211312 -1.167101
v 5.011084 1.06677 -0.458562
v -3.655148 1.190938 0.573692
v -1.04607 1.509097 -0.76106
v 0.97453 -0.525273 1.140353
v -3.734989 1.589433 -0.295202
v 1.454817 -1.430228 -0.976569
v 1.19204 -1.330605 0.678707
v 1.926176 -3.28888 -1.093746
v -3.112555 0.457376 1.084816
v 2.13239 1.755821 0.180271
v 5.011084 1.06677 0.4585620000000001
v -2.337617 -1.334842 0.966761
v 1.337875 -0.945716 -1.021299
v 1.921881 -2.157616 -0.692678
v -3.36599 -1.48517 -0.888076
v 2.898733 0.271916 0.651298
v -3.890388 -1.750102 0.017611999999999996
v -1.777628 -1.473076 -0.845827
v -1.764045 -1.764987 0.406586
v -3.36599 -1.48517 0.888076
v 2.440236 -3.509564 -1.019417
v 3.955635 0.432417 -0.197586
v -1.266738 -1.691944 -0.557922
v 2.743995 -0.129852 -0.718277
v 4.389484 2.190421 -0.47332
v 2.406969 1.645328 -0.341479
v 5.04969 2.032731 7.100000000000162e-05
v 1.838895 -1.087204 -1.201408
v -3.843256 -0.981402 0.116282
v -1.091175 -1.70712 0.727242
v -3.030627 -3.493327 1.32265
v 4.416475 0.921264 0.458839
v 4.416475 0.921264 -0.458839
v -4.387148 -1.967814 0.045602
v 2.931756 -1.129655 0.0
v 2.61797 -1.235597 -0.520238
v 3.98291 1.987391 -0.639809
v 1.720031 -2.105568 0.971354
v 2.690576 -0.368057 0.819343
v 1.805207 -1.268427 1.165317
v -3.022819 -2.52224 0.979148
v 4.059885 1.86046 0.470087
v 1.921881 -2.157616 0.692678
v -2.641567 -2.003164 0.575611
v 2.486533 -1.274971 0.627822
v 4.560751 1.785154 0.562428
v 2.222082 -0.957342 1.014137
v 2.637655 -0.768176 -0.637039
v 3.727093 2.308406 -0.150049
v -2.106039 -2.019111 0.510759
v 2.141273 -1.234642 -0.941254
v 5.133171 1.715563 -0.334258
v -1.365948 1.769608 0.133901
v 3.036361 1.913989 -0.169838
v 5.647186 1.394606 0.257833
v 2.059222 -3.230076 0.674936
v -2.787341 -3.278502 -1.138621
v 4.084506 2.570978 -0.218168
v 4.560751 1.785154 -0.562428
v -2.892438 -1.95081 0.87812
v -2.892438 -1.95081 -0.87812
v -3.333954 -3.058673 0.974748
v 1.705953 -3.006628 0.83263
v 5.471928 1.345179 -0.313899
v 1.529305 -2.092083 -0.887353
v 4.303615 1.799914 0.610388
v 4.303615 1.799914 -0.610388
v 4.339601 2.592642 -0.258891
v -3.223246 -3.225388 -0.976573
v 5.213434 0.856784 0.0005650000000000273
v 1.741854 -3.114181 -0.700705
v 5.837875 1.141493 0.305184
v 1.926176 -3.28888 1.093746
v 2.021366 -2.881725 -0.945561
v -2.946527 -2.939327 0.986343
v 2.057496 -2.887282 0.844225
v 4.079122 2.264104 0.84501
v 4.079122 2.264104 -0.84501
v 4.837331 2.235678 -0.479332
v 5.598282 1.094735 -0.386994
v 4.169404 2.306276 1.284031
v 4.169404 2.306276 -1.284031
v -3.716312 1.021474 -0.057693
v -2.062725 -1.884246 -0.307336
v 5.470775 1.009574 0.355371
v 4.825996 2.089176 0.576083
v 4.07851 2.41181 0.472193
v 4.3427 2.112281 0.516692
v 4.289048 2.172969 0.858693
v 4.289048 2.172969 -0.858693
v 4.444739 2.475795 0.860515
v -3.765736 0.50707 0.106281
v 5.60337 0.852748 -0.16233499999999998
v -3.022819 -2.52224 -0.979148
v 4.748031 2.683805 0.800044
v 5.755282 1.004149 -0.307505
v 5.835498 1.43628 0.0009459999999999955
v 5.030289 1.827419 0.440803
v 4.138687 2.474013 -0.642311
v 4.423033 2.561337 0.603562
v 5.923808 1.025283 0.15308400000000003
v 4.520603 2.639162 -0.745542
v 4.755192 2.568818 0.876311
v 4.755192 2.568818 -0.876311
v 4.821325 2.691794 -0.791887
v -3.469715 1.961504 -0.071141
v 4.908019 1.796041 -0.587882
v 5.020077 1.97817 -0.480978
v 4.861611 2.001639 -0.621913
v 4.926194 1.859813 0.582137
v -3.695565 -0.19362 0.051497
v -1.061272 -1.141877 -1.49623
v 1.859443 1.450393 -0.632222
v 1.640095 -0.674556 1.246804
v -1.061272 -1.141877 1.49623
v -0.071941 -1.346991 -1.237379
v -1.278903 1.192051 -0.946843
v -3.314868 -1.599081 -0.439626
v 1.660355 0.01939699999999999 -1.246002
v 3.47341 1.366149 -0.454658
v -2.79063 0.46881 1.224273
v 0.912699 -1.455066 0.576185
v 0.912699 -1.455066 -0.576185
v 3.199571 -0.15373899999999996 0.38014999999999993
v 5.604888 1.546091 -0.113773
v -0.894132 1.712652 0.151911
v -1.405685 0.573835 1.352181
v 0.733818 1.740873 0.0
v -2.687022 0.076781 -1.290565
v -2.267049 -1.753901 0.662106
v 3.43895 -0.08258000000000007 -0.257015
v -1.479588 0.295746 -1.440042
v 0.857323 0.985001 0.874029
v 2.440236 -3.509564 1.019417
v 1.821946 1.618209 0.403751
v -1.837859 -0.540871 1.295851
v -3.582867 0.734419 0.697787
v 4.082988 2.175805 -1.45093
v -2.079597 1.817785 0.138375
v -1.980388 1.134038 1.143196
v -1.980388 1.134038 -1.143196
v -1.782928 -0.770786 -1.173619
v -3.695872 1.156978 -0.316829
v -3.08565 1.65734 0.784479
v -0.094135 -1.769086 0.556924
v -3.536654 0.442277 -0.322
v 3.61965 0.4720460000000001 0.391742
v -2.292049 -0.933921 1.128136
v -2.937658 -1.002749 1.219413
v -3.122061 -0.998702 -1.065015
v -2.256285 0.547326 1.238301
v -2.256285 0.547326 -1.238301
v -3.676599 -0.729578 -0.330724
v -3.527168 1.583508 -0.512679
v -3.281816 -2.305055 1.001878
v -1.338488 1.613735 0.725441
v 3.814876 1.968416 -0.443
v 2.452588 -0.244072 1.138797
v 2.452588 -0.244072 -1.138797
v 0.53915 0.148262 1.321014
v 0.53915 0.148262 -1.321014
v -4.201904 -1.668554 -0.214859
v -3.51684 0.149002 0.430359
v 1.700797 -2.794792 0.82425
v -2.649491 -3.404362 1.100352
v 4.175444 1.350332 -0.613988
v -3.873622 -0.759035 -0.197169
v -3.631179 -1.157838 0.50561
v -1.376186 -1.661988 0.718954
v -1.764045 -1.764987 -0.406586
v -2.161843 -1.325837 -0.957465
v 4.159229 1.949902 0.923197
v 2.183003 1.65407 -0.341767
v 2.482917 0.997637 0.702425
v 3.861841 0.560638 -0.311961
v 3.065544 -0.788768 0.0
v 5.137075 0.824518 0.14484200000000005
v -2.317557 -1.8742 -0.470587
v -0.179548 1.471301 -0.544513
v 2.406969 1.645328 0.341479
v 2.107985 -3.363571 -0.677007
v -3.697974 1.466697 0.433432
v 2.91987 0.084875 0.64246
v 2.327021 -3.352317 -0.958234
v -1.091175 -1.70712 -0.727242
v 1.645819 -1.087442 -1.173773
v 2.274533 -1.433487 0.567366
v 2.274533 -1.433487 -0.567366
v -4.154334 -1.677827 0.165852
v -3.357996 -1.811803 0.975625
v 1.310865 -1.136322 0.914838
v 2.5392 -0.727778 0.750475
v -2.922908 -3.637036 -1.059206
v 1.974215 -1.469208 -1.068951
v 1.705953 -3.006628 -0.83263
v 2.986408 -0.41350300000000006 -0.428964
v -3.357996 -1.811803 -0.975625
v 2.514162 0.988713 -0.674527
v 4.031515 1.968248 -0.91846
v 2.616001 0.447717 -0.960748
v 4.615408 1.639641 -0.577768
v 2.111557 -1.376942 0.89657
v 2.180012 -1.130557 -0.821812
v 1.740323 -1.67983 -0.664098
v -1.365948 1.769608 -0.133901
v -3.256731 -3.032131 -0.849693
v 2.047696 -2.050138 0.814712
v 1.572979 -1.827591 0.985823
v 1.717145 -1.80953 -1.004092
v 2.893096 -1.302168 -0.332049
v 3.233975 2.059193 0.072431
v 1.586321 -2.273752 0.880969
v -2.687162 -1.539807 0.988048
v -2.687162 -1.539807 -0.988048
v -0.972089 -1.774507 0.76857
v 2.670253 -1.108365 0.544018
v 5.103427 1.624404 -0.434275
v 3.828001 2.35254 0.233341
v -1.88316 -1.829718 0.401567
v 5.260653 1.184173 -0.352062
v 4.728809 0.878731 0.405801
v 4.728809 0.878731 -0.405801
v 4.304562 1.906537 0.572242
v 4.596478 1.512987 0.598982
v 4.344028 2.585635 0.470949
v 4.452383 2.524558 -0.130255
v -2.770335 -3.208138 -1.031045
v 2.217369 -3.156093 0.888927
v -3.413372 1.871604 0.142309
v -3.413372 1.871604 -0.142309
v -2.964215 -1.978727 0.776572
v -2.964215 -1.978727 -0.776572
v 4.129926 2.30877 1.402259
v 4.971394 2.146686 -0.224781
v -3.091252 -3.340925 1.235864
v -3.223246 -3.225388 0.976573
v -3.281816 -2.305055 -1.001878
v 4.304562 1.906537 -0.572242
v -3.121673 -3.120319 -1.136456
v 5.334328 1.402713 0.332639
v -3.240554 -2.555467 0.856262
v 1.839523 -3.405292 0.883488
v 1.839523 -3.405292 -0.883488
v 4.119993 2.063095 1.049178
v 4.119993 2.063095 -1.049178
v 4.382053 2.433474 -0.798757
v 2.057496 -2.887282 -0.844225
v 5.77341 1.225861 0.323025
v 5.469641 0.838722 0.0007980000000000209
v 1.663494 -2.485963 -0.790773
v 4.221814 1.660769 0.59409
v 4.863709 2.722151 -0.93666
v -3.053102 1.96881 0.051104
v 4.688114 2.046378 -0.604518
v -2.695135 -2.12165 0.508064
v 5.963117 1.307775 0.0010979999999999983
v -3.900964 -0.780883 0.091579
v 4.010847 2.270246 0.622149
v 4.010847 2.270246 -0.622149
v -3.686972 0.515966 0.053185
v 5.563253 1.235295 0.317238
v 5.563253 1.235295 -0.317238
v -3.805688 -0.190106 0.051472
v 4.194233 2.408334 1.008471
v 4.194233 2.408334 -1.008471
v -2.144393 -2.117408 -0.464489
v 4.229332 2.274522 0.672749
v 4.229332 2.274522 -0.672749
v -3.141072 -2.785287 1.032318
v -3.053267 -2.764905 -1.043008
v 4.117367 2.568514 -0.3845
v 5.741781 1.463956 0.124891
v 4.89385 2.220523 0.417713
v 4.203325 2.589186 0.219164
v -2.065655 -2.124623 0.36872
v 5.674999 0.950754 0.22796
v 5.674999 0.950754 -0.22796
v 4.138494 2.557838 0.652651
v 4.138494 2.557838 -0.652651
v 1.994078 -2.713047 0.824553
v 4.788476 2.028047 0.608619
v 4.462368 2.725999 -0.882675
v 5.78079 0.891286 0.0010590000000000252
v 4.520603 2.639162 0.745542
v 5.095375 1.961238 0.401516
v 4.6248 2.708372 0.989445
v 4.824747 1.946835 -0.626358
v 5.895899 1.18273 -0.164705
v -2.641567 -2.003164 -0.575611
v 4.871155 1.741238 -0.592326
v 4.964945 2.053575 -0.499903
v -3.86082 1.479723 0.062137
v 4.908019 1.796041 0.587882
v 4.729447 2.606204 0.807513
v 4.729447 2.606204 -0.807513
v 4.971872 1.924079 0.586026
v -3.65524 -0.194907 0.019208999999999997
v -3.811194 0.501935 -0.092033
v 5.01143 1.875569 -0.463205
v 3.136321 0.17123699999999997 -0.539896
v 2.738132 1.687333 0.295046
v 2.108912 -0.357128 1.259691
v -2.68493 1.262021 1.11049
v -3.581963 -1.413947 -0.104371
v -2.825835 0.755899 -1.209042
v 1.736425 -2.743683 -0.736866
v 0.005537 0.163519 1.472265
v 0.005537 0.163519 -1.472265
v 1.958254 1.130271 -0.861813
v -3.422698 -2.070796 -0.773898
v -3.096267 -0.6681 1.140081
v -1.04607 1.509097 0.76106
v -3.211005 -1.850398 0.700723
v 0.489819 -1.524947 0.672392
v 0.480235 -1.631521 -0.401961
v -0.524231 -1.399266 1.313019
v -0.524231 -1.399266 -1.313019
v 0.305671 1.298417 -0.629719
v -3.160225 -0.018852000000000008 -1.113626
v -1.376176 -0.948757 1.451608
v -1.376176 -0.948757 -1.451608
v -0.977375 -1.793126 -0.498747
v -0.247999 1.565146 0.389142
v 1.677597 -2.237953 0.696318
v -3.695872 1.156978 0.316829
v 3.06109 0.3972260000000001 0.574193
v 3.61965 0.472046 -0.391742
v -2.656867 -1.853045 0.0
v 0.550658 -0.633015 1.331311
v 0.550658 -0.633015 -1.331311
v -3.526766 -0.317542 -0.560837
v -3.087335 -3.350463 -0.831656
v -2.433366 0.078222 1.371269
v -2.433366 0.078222 -1.371269
v -3.569993 -0.731989 0.649435
v 1.497138 1.618935 -0.401108
v 4.95536 1.236724 0.50523
v 4.95536 1.236724 -0.50523
v -3.527168 1.583508 0.512679
v -1.338488 1.613735 -0.725441
v 3.881998 1.764428 0.476337
v 4.747988 2.300163 -0.00027599999999999847
v -2.837147 -1.791733 0.921563
v -3.570384 0.385564 0.52448
v -3.570384 0.385564 -0.52448
v 2.519027 1.485931 -0.422962
v -1.796156 0.452382 1.243643
v -1.796156 0.452382 -1.243643
v 1.454817 -1.430228 0.976569
v -2.430508 -0.822313 1.254486
v -2.430508 -0.822313 -1.254486
v 3.33521 -0.375755 0.0
v 3.861841 0.560638 0.311961
v -0.547248 1.742126 3.469446951953614e-18
v -3.557869 -1.325941 0.37803
v -3.53391 -1.330455 -0.568246
v 3.058366 1.773346 -0.297337
v 0.927775 0.195225 1.233043
v 0.927775 0.19522499999999995 -1.233043
v 2.301359 1.397721 0.546015
v -3.697974 1.466697 -0.433432
v -2.119856 -1.1288 0.97096
v -4.216296 -1.160854 -0.104034
v 4.126565 0.642027 0.0
v 1.219163 -1.218342 -0.823029
v 2.128139 1.788397 0.0
v 2.731512 0.219003 -0.891585
v -0.523838 -1.850065 0.388007
v 2.059844 -1.561331 0.858957
v 2.668936 0.206182 1.014371
v -4.309744 -1.743848 0.150329
v 1.599889 -1.595526 0.623185
v 2.024692 -1.074646 -1.172465
v -3.082741 -3.598298 1.054556
v 4.103303 2.038565 -1.363737
v 2.5704 0.738683 0.830405
v 2.515314 -1.507063 -0.483275
v 1.741854 -3.114181 0.700705
v 4.277227 1.077746 -0.550819
v -2.736599 -3.394849 1.269577
v -2.668957 -3.397513 -0.943626
v -2.697367 1.871291 -0.218796
v 4.031515 1.968248 0.91846
v 2.637655 -0.768176 0.637039
v 2.618307 -0.549092 -0.805491
v -2.503818 -1.909806 0.431456
v 2.180012 -1.130557 0.821812
v -1.227613 1.709095 0.276029
v -3.008323 -1.759271 -0.655672
v 2.0482 -1.581983 -0.555832
v 1.933899 -3.546253 0.912438
v 2.078928 -3.584991 -0.917088
v 2.247981 -3.342804 1.127459
v 2.138771 -3.397683 -1.214726
v 2.386465 -1.116066 -0.761367
v 4.235494 2.636171 -0.803613
v 3.870548 2.292106 0.368964
v 2.058189 -0.931238 1.163518
v -1.601625 -1.593321 0.605607
v -1.601625 -1.593321 -0.605607
v 4.440143 2.510529 -0.269164
v 2.993075 -0.708434 0.342596
v 2.670253 -1.108365 -0.544018
v -1.226563 -1.655159 0.687343
v -1.226563 -1.655159 -0.687343
v 1.864064 -2.469953 -0.935601
v 3.828001 2.35254 -0.233341
v 4.44385 2.449921 0.495432
v 2.113587 -3.011851 -0.851648
v 1.918641 -2.083654 -1.001275
v -4.273069 -1.798884 -0.099878
v 2.515314 -1.507063 0.483275
v 4.32063 2.385528 -0.682583
v 4.277227 1.077746 0.550819
v 1.524407 -1.125312 1.142248
v 1.524407 -1.125312 -1.142248
v 4.596478 1.512987 -0.598982
v -3.660928 1.770041 -0.115431
v -3.030627 -3.493327 -1.32265
v -3.144012 -2.333635 0.829994
v 2.679445 0.687427 -0.720573
v -3.063133 -1.440555 1.090926
v -3.063133 -1.440555 -1.090926
v 5.672385 1.007694 0.341778
v -2.144393 -2.117408 0.464489
v 4.342351 2.581176 0.140317
v -3.169489 -2.110039 1.076796
v -3.047974 -2.109628 -1.063497
v -2.042059 -1.312976 -0.940911
v 4.262798 2.490674 0.818316
v 5.004627 0.908637 0.34527300000000005
v 5.004627 0.908637 -0.345273
v 5.247762 0.848549 0.10854600000000003
v 4.211815 2.28249 -1.039137
v 5.105589 1.864086 0.347113
v 5.680007 1.510009 0.0007859999999999985
v -3.132772 -2.528669 -0.848639
v -2.749867 -3.295148 0.966073
v 2.235942 -3.243103 0.823955
v -3.008412 -2.89976 -0.904635
v 5.383208 1.619661 -0.202452
v 5.70463 0.849158 -0.12812999999999997
v -3.135041 -3.243787 1.189436
v -3.135041 -3.243787 -1.189436
v 4.221814 1.660769 -0.59409
v 1.544087 -2.080722 0.786432
v 1.544087 -2.080722 -0.786432
v -2.062725 -1.884246 0.307336
v -3.166971 -3.002766 0.812106
v -2.695135 -2.12165 -0.508064
v 1.886443 -3.191742 1.047318
v 1.886443 -3.191742 -1.047318
v 4.0247 2.187859 0.814219
v 4.0247 2.187859 -0.814219
v 4.017509 1.996169 -0.731654
v 4.152557 2.235471 1.217046
v 4.088356 2.510913 -0.453793
v 5.425783 1.264372 0.329687
v 4.307092 2.367482 0.877202
v 4.307092 2.367482 -0.877202
v 4.459682 1.778884 0.588185
v 4.554459 2.511417 0.850571
v 4.197609 2.164063 0.857433
v 4.197609 2.164063 -0.857433
v -3.932489 -0.556566 0.037354
v 4.117367 2.568514 0.3845
v -2.106039 -2.019111 -0.510759
v 4.228523 2.435029 1.098575
v 4.460582 2.622875 -0.957002
v 5.915025 1.382159 -0.13682
v 4.89385 2.220523 -0.417713
v 4.203325 2.589186 -0.219164
v -1.985123 -2.116661 -0.394256
v -3.078699 -2.553982 1.046834
v -3.162498 -2.556375 -1.058409
v 3.252224 2.026347 0.148215
v 4.112302 2.285832 0.5955
v 4.112302 2.285832 -0.5955
v 4.305411 2.059245 -0.539407
v 4.278045 1.97666 0.537351
v -2.03574 -1.981182 0.547873
v -3.302419 -3.017921 1.128514
v -3.223286 -3.00178 -1.126176
v -2.685663 -2.028649 0.514928
v 1.864064 -2.469953 0.935601
v -3.238225 2.005405 -0.075645
v 4.465268 2.695425 0.757267
v 5.095375 1.961238 -0.401516
v 5.690122 1.092917 -0.37085
v 4.484667 2.534451 -0.708888
v 5.847989 1.311569 0.261476
v 4.927885 2.15656 0.516579
v 1.734568 -2.965876 0.986396
v 1.806371 -2.949735 -0.984058
v 4.697607 1.768061 0.576663
v 5.884856 1.062202 0.249545
v 5.85775 0.997026 -0.236768
v 4.821325 2.691794 0.791887
v 4.821336 2.621498 -0.789636
v 4.697024 1.862575 -0.604048
v 5.908782 1.066916 0.0011210000000000152
v 4.148927 2.388726 1.376879
v 4.863709 2.722151 0.93666
v -2.539874 -2.049824 -0.460098
v 4.753015 2.699695 -0.973279
v -3.821694 1.477989 0.107631
v 4.197516 2.349135 -1.253043
v 5.434594 0.970412 0.330823
v 5.434594 0.970412 -0.330823
v -3.7505 -0.191867 -0.11323
v 4.991904 1.760829 0.510386
v 4.991904 1.760829 -0.510386
v 4.646703 2.728688 0.822295
v 4.646703 2.728688 -0.822295
v -3.828633 0.149083 0.0
v -3.765736 0.50707 -0.106281
v 5.01143 1.875569 0.463205
v 4.925394 1.955229 0.618837
v 4.971872 1.924079 -0.586026
v 1.570685 0.938327 0.989108
v -2.697367 1.871291 0.218796
v 2.815366 1.377583 -0.413399
v -0.910602 1.204118 -0.83774
v -3.27808 1.432418 -0.853958
v 2.013534 -0.662303 1.191491
v -1.120716 0.424016 1.45699
v -1.120716 0.424016 -1.45699
v -3.917882 -1.082831 -0.289171
v -1.489699 -0.024215 1.510987
v -1.489699 -0.024215 -1.510987
v 2.815366 1.377583 0.413399
v 4.856249 2.593812 0.867067
v 4.856249 2.593812 -0.867067
v 2.309358 -3.345468 -0.801508
v 4.83289 2.262727 0.283787
v 0.857323 0.985001 -0.874029
v 4.442912 2.343263 -0.53322
v 2.960118 -0.941827 0.284743
v 0.305671 1.298417 0.629719
v -3.166971 -3.002766 -0.812106
v -2.901159 -0.619504 -1.284058
v -1.782928 -0.770786 1.173619
v 1.677597 -2.237953 -0.696318
v -2.013663 0.810726 1.158827
v -2.013663 0.810726 -1.158827
v 4.380854 0.704574 -0.00013
v -3.044646 0.224321 1.164934
v 0.530629 -1.316423 0.929842
v 0.530629 -1.316423 -0.929842
v -1.001366 -1.335897 1.353338
v -1.001366 -1.335897 -1.353338
v -2.901159 -0.619504 1.284058
v -3.244771 1.19554 0.910945
v 3.590526 1.70109 0.411994
v 3.590526 1.70109 -0.411994
v 3.136321 0.17123700000000003 0.539896
v -2.223917 -1.541268 -0.87926
v -2.593513 -3.536154 0.94245
v -3.306875 0.379713 -0.98762
v -0.597781 1.48962 0.641047
v 1.497138 1.618935 0.401108
v 2.898733 0.271916 -0.651298
v -2.64722 -1.84401 -0.594347
v -2.050292 -0.755566 -1.114167
v -3.355398 -0.969157 -0.766213
v -3.35851 1.810253 0.380095
v 1.664159 -0.189659 1.266729
v 1.664159 -0.189659 -1.266729
v -3.27979 -1.162072 0.784602
v 1.941767 -1.759457 0.997454
v -1.403848 1.533059 0.902827
v -1.403848 1.533059 -0.902827
v -2.064786 0.018789 1.411866
v -2.064786 0.018789 -1.411866
v 3.758215 2.206683 -0.323051
v -1.936032 -1.829617 0.488916
v -1.936032 -1.829617 -0.488916
v -3.667859 -0.964867 0.464702
v 2.183003 1.65407 0.341767
v -4.029726 -1.043238 0.136305
v -3.120907 -1.707924 -0.431829
v -2.317557 -1.8742 0.470587
v -4.015306 -1.659952 0.130331
v 2.301359 1.397721 -0.546015
v -3.520188 0.140164 0.618561
v 2.348182 -1.624595 0.0
v 1.219163 -1.218342 0.823029
v -2.049879 -1.562369 0.829319
v 2.715712 1.828219 -0.167709
v 1.794465 1.787719 0.0
v 2.734183 0.038769 0.86581
v 2.649413 0.03153500000000001 -1.024796
v -0.11266600000000004 -1.806584 -0.383324
v 0.516872 -0.020712999999999995 1.356627
v 0.516872 -0.020712999999999995 -1.356627
v 2.910769 -0.638444 -0.431191
v -1.686329 -1.414405 0.869373
v 0.234527 1.730117 1.1102230246251566e-17
v 3.67471 0.338839 0.30784
v 3.67471 0.338839 -0.30784
v 5.177545 1.932323 0.00021400000000000585
v 2.347317 1.066114 0.758763
v -2.725776 -1.214862 1.190384
v -2.725776 -1.214862 -1.190384
v -0.812845 -1.785424 0.768511
v -0.812845 -1.785424 -0.768511
v -0.954897 1.677544 -0.293034
v 4.216374 0.852328 -0.405873
v -3.415655 -0.308965 -0.671045
v 2.45706 -1.400958 -0.539866
v 4.449011 1.260929 0.647431
v -3.526766 -0.317542 0.560837
v 2.70696 0.393597 0.849582
v 2.618307 -0.549092 0.805491
v 4.963526 0.797382 -0.14344
v 1.337875 -0.945716 1.021299
v 1.428883 -0.98669 -1.133905
v 2.0482 -1.581983 0.555832
v -3.07531 1.846 -0.363149
v 2.058189 -0.931238 -1.163518
v 4.143794 2.01372 1.201386
v 1.945206 -2.015769 0.672724
v -1.396332 1.723782 -0.267642
v -3.451965 -2.077314 0.931974
v -3.451965 -2.077314 -0.931974
v 2.386465 -1.116066 0.761367
v -2.890885 -3.415616 -0.819125
v -2.057387 1.841308 0.0
v 1.599889 -1.595526 -0.623185
v -3.335942 -1.365685 -0.72459
v 3.823349 2.141733 0.428356
v 2.292449 -0.871852 -0.8824
v -3.074557 -3.486847 0.843432
v 1.941325 -3.434803 0.701314
v 1.941325 -3.434803 -0.701314
v -3.684619 1.35069 0.501428
v -3.684619 1.35069 -0.501428
v -3.57817 0.837714 0.288502
v -3.57817 0.837714 -0.288502
v 4.474318 2.418432 -0.361347
v 4.024858 2.106568 1.208099
v 4.024858 2.106568 -1.208099
v -2.791754 -3.635993 -1.078555
v -4.073086 -1.649491 -0.238382
v -1.397474 -1.693815 0.570541
v -1.397474 -1.693815 -0.570541
v 4.192789 2.411967 0.668016
v -3.387254 -1.486027 0.672861
v 4.159229 1.949902 -0.923197
v -2.981824 -3.608887 1.346959
v 2.824356 -1.407256 0.355013
v 2.824356 -1.407256 -0.355013
v 5.216855 1.636645 -0.279797
v 2.025468 -3.556842 1.204841
v 1.981186 -3.441282 -1.180532
v 3.286426 -0.30074399999999996 0.276331
v 3.286426 -0.300744 -0.276331
v 4.474318 2.418432 0.361347
v 2.099566 -1.259996 1.055763
v -3.010917 -1.884498 1.08351
v -3.010917 -1.884498 -1.08351
v 1.90637 -2.282284 -0.964887
v 2.071448 -1.410118 -1.006192
v 4.046673 2.341349 1.45253
v 4.297891 0.911506 0.447987
v 1.49748 -1.283201 1.088258
v 1.49748 -1.283201 -1.088258
v 4.094112 1.889281 0.578435
v 1.941767 -1.759457 -0.997454
v 1.54175 -1.643613 1.01419
v 1.650318 -1.645881 -1.053347
v -2.048681 -2.165282 0.450843
v -2.048681 -2.165282 -0.450843
v 5.679621 0.8395 0.0009850000000000206
v -4.405365 -1.921443 0.192978
v -3.121673 -3.120319 1.136456
v 4.641547 1.285422 -0.622034
v -3.177824 -2.279173 1.04758
v -3.068444 -2.260195 -1.03507
v -1.686329 -1.414405 -0.869373
v 4.121121 1.614451 0.587188
v 4.121121 1.614451 -0.587188
v -3.18675 -3.457336 -1.025606
v 5.383208 1.619661 0.202452
v 2.001343 -2.847715 0.762517
v 2.001343 -2.847715 -0.762517
v 5.449164 0.847535 0.10390900000000003
v 1.898573 -3.068274 0.994338
v 1.898573 -3.068274 -0.994338
v 5.573803 0.952578 -0.24388599999999994
v -2.822497 -3.186549 1.120984
v -2.822497 -3.186549 -1.120984
v 2.170039 -3.134504 0.978866
v 2.170039 -3.134504 -0.978866
v 2.604217 0.728827 -0.769671
v 4.152557 2.235471 -1.217046
v 4.444739 2.475795 -0.860515
v 1.60129 -2.267132 0.787696
v 5.687035 1.499636 -0.110765
v 5.425783 1.264372 -0.329687
v 3.928869 2.223919 0.615683
v 3.928869 2.223919 -0.615683
v 1.818266 -2.313852 0.968652
v 5.299005 0.908991 -0.260177
v 4.459682 1.778884 -0.588185
v -3.235873 -2.335338 0.820588
v -3.235873 -2.335338 -0.820588
v 4.354196 2.711836 0.826545
v 4.296538 2.243779 0.925459
v 4.296538 2.243779 -0.925459
v 4.26732 2.121987 -0.61494
v 4.277169 2.652435 0.591369
v 4.715646 1.502195 0.584339
v 4.872539 2.159259 0.542891
v 4.228523 2.435029 -1.098575
v -2.503818 -1.909806 -0.431456
v -3.016419 -2.765091 0.966671
v -3.016419 -2.765091 -0.966671
v 3.252224 2.026347 -0.148215
v 4.043796 2.386524 0.400392
v 4.043796 2.386524 -0.400392
v 5.241466 1.040469 0.383965
v 5.886832 1.385674 0.172365
v 4.278045 1.97666 -0.537351
v 4.104864 2.298353 0.915735
v 4.104864 2.298353 -0.915735
v 5.681726 1.282503 0.333871
v 4.029016 2.519175 0.249385
v 4.029016 2.519175 -0.249385
v 4.273414 2.686575 -0.753674
v 4.404221 1.662433 0.61661
v 1.586321 -2.273752 -0.880969
v -3.238225 2.005405 0.075645
v 4.484667 2.534451 0.708888
v 5.847989 1.311569 -0.261476
v 5.837875 1.141493 -0.30518399999999996
v 5.097062 1.954206 -0.328795
v -2.060902 -2.031698 0.372079
v -2.060902 -2.031698 -0.372079
v 5.895899 1.18273 0.164705
v 4.574545 2.669863 -0.780363
v 4.305411 2.059245 0.539407
v -3.975337 -0.554961 -0.014407
v 4.824747 1.946835 0.626358
v 5.755282 1.004149 0.307505
v 4.935561 2.016016 -0.5857
v -2.571019 -1.995375 0.58623
v -3.740631 -0.558176 0.085478
v 5.934596 1.054796 -0.07703899999999997
v -3.32033 -2.827513 1.063914
v -3.26181 -2.821069 -1.088218
v 4.927885 2.15656 -0.516579
v 4.927282 1.486953 -0.526327
v -3.609021 1.745588 -0.133304
v 4.197516 2.349135 1.253043
v -3.88734 1.003866 -0.057635
v -3.703058 1.022838 -6.899999999999962e-05
v 1.718315 -2.775468 0.921796
v 1.771416 -2.769024 -0.9461
v 4.662221 2.556346 0.940618
v 4.662221 2.556346 -0.940618
v 5.480649 0.941387 0.316248
v -3.768245 1.475619 0.124295
v 4.332083 2.586481 0.194917
v 5.425352 1.035967 -0.34272
v 4.728931 2.721892 0.832625
v 4.728931 2.721892 -0.832625
v 5.058179 1.788186 0.417387
v 4.149438 2.34055 -1.353693
v 5.057495 2.002751 0.451974
v 4.936066 1.737668 0.557276
v 5.580223 1.04747 0.3726960000000001
v -2.667969 -2.036634 0.471396
v -2.667969 -2.036634 -0.471396
v -3.703099 0.163192 -0.084205
v -3.786822 0.153783 0.084233
v 4.751519 2.039658 0.634134
v 4.751519 2.039658 -0.634134
v 4.861618 1.854067 -0.618095
v 4.953739 1.95258 0.592256
v 4.991709 1.844295 -0.520761
f 1012 3 601
f 3 4 601
f 4 873 1359
f 3 1367 4
f 6 346 484
f 1012 7 3
f 484 442 6
f 6 442 346
f 1393 982 11
f 15 815 937
f 15 1570 815
f 987 1149 16
f 1149 1286 16
f 15 17 1286
f 17 15 1557
f 17 1557 1286
f 1521 11 591
f 11 982 591
f 591 982 522
f 1048 19 364
f 1134 364 19
f 23 22 733
f 22 21 733
f 25 26 27
f 27 29 25
f 27 26 29
f 1207 972 1619
f 1599 1356 31
f 1035 30 32
f 30 1373 32
f 32 1650 33
f 755 903 1373
f 755 1145 903
f 33 1270 32
f 1356 985 31
f 34 1178 328
f 1178 34 35
f 429 1625 36
f 40 837 1201
f 1161 36 40
f 1439 41 1201
f 1392 582 1643
f 582 42 1643
f 1643 42 1058
f 869 37 1274
f 768 945 1671
f 945 41 640
f 945 1201 41
f 37 1589 1274
f 1696 45 48
f 1411 1696 48
f 1411 48 1507
f 45 1370 1723
f 1374 52 47
f 46 47 52
f 46 52 45
f 45 52 1370
f 1173 51 1633
f 1173 1633 1374
f 1626 1370 52
f 487 1038 1658
f 50 1214 33
f 33 1214 1270
f 898 50 33
f 1507 50 978
f 50 898 43
f 1411 53 1168
f 53 957 1168
f 877 957 53
f 43 44 50
f 1158 51 54
f 865 770 51
f 1015 1584 885
f 352 61 647
f 56 59 1539
f 63 1310 371
f 844 64 574
f 65 1526 1264
f 58 59 55
f 1486 439 583
f 439 1321 583
f 560 1564 986
f 59 56 1683
f 1596 1349 2
f 67 1659 64
f 1331 67 1526
f 67 64 1526
f 1526 65 1331
f 66 65 988
f 825 1164 563
f 1349 1596 337
f 68 337 1596
f 68 1596 461
f 337 68 461
f 422 563 638
f 1548 1077 956
f 397 70 1500
f 349 731 1143
f 808 496 935
f 1494 73 378
f 1076 1285 73
f 74 75 461
f 1077 76 956
f 75 848 461
f 1150 74 461
f 75 74 1150
f 566 1329 498
f 75 977 848
f 711 460 76
f 1300 76 69
f 1272 1559 72
f 710 72 1559
f 403 624 73
f 78 77 1587
f 456 433 1304
f 466 1515 734
f 78 80 77
f 1509 79 81
f 1312 826 79
f 826 1116 79
f 82 716 1528
f 81 465 1509
f 826 465 1116
f 1315 82 964
f 326 83 721
f 552 1118 1488
f 1107 86 1325
f 1523 1309 506
f 835 620 1573
f 620 358 1573
f 1573 358 725
f 85 1269 717
f 643 85 552
f 83 326 84
f 1583 83 84
f 82 850 964
f 1411 1507 53
f 978 53 1507
f 1161 1387 36
f 1161 979 1387
f 1025 34 328
f 87 89 90
f 92 1383 774
f 774 1383 888
f 1383 94 888
f 90 904 87
f 90 89 904
f 1033 89 96
f 94 1647 1408
f 1647 94 1383
f 1203 1447 88
f 97 92 675
f 1504 1404 521
f 783 1033 98
f 1191 783 98
f 1345 1191 1591
f 561 1591 1296
f 1345 1591 561
f 97 1345 1607
f 93 92 1157
f 1607 92 97
f 41 1439 749
f 682 1715 1439
f 749 1170 41
f 640 41 1170
f 1170 521 640
f 22 23 1573
f 467 969 86
f 1107 467 86
f 105 1480 1720
f 1720 793 105
f 793 824 1047
f 1194 106 664
f 1047 107 1480
f 106 108 664
f 108 324 664
f 1450 862 1194
f 862 84 1194
f 591 1541 109
f 1541 762 109
f 1431 110 895
f 1048 1703 19
f 745 953 112
f 953 111 112
f 1527 1253 527
f 1253 113 527
f 1680 527 1468
f 527 1738 1468
f 762 1703 1437
f 762 115 109
f 1437 115 762
f 1468 1738 116
f 1738 117 116
f 1253 1414 113
f 118 1414 112
f 111 116 112
f 116 118 112
f 1230 1431 1637
f 114 1230 1637
f 116 117 118
f 120 121 1483
f 1745 123 495
f 120 1710 1255
f 1255 1072 120
f 122 805 1073
f 125 1072 1255
f 122 1743 927
f 127 125 1435
f 127 1701 125
f 1181 391 1476
f 1254 123 1717
f 1023 1218 1464
f 1302 130 450
f 1565 353 758
f 130 1302 131
f 450 130 1641
f 1405 332 726
f 133 332 1089
f 1400 1061 1663
f 133 529 134
f 136 1699 607
f 138 373 139
f 138 1713 1461
f 606 134 529
f 136 1252 1699
f 607 1252 136
f 140 1473 141
f 854 1729 140
f 140 1668 854
f 131 965 1396
f 142 131 143
f 143 131 1186
f 997 564 739
f 143 776 142
f 1343 1130 776
f 128 1198 654
f 148 147 1032
f 1032 1365 148
f 148 1365 147
f 921 1705 150
f 146 1306 427
f 152 151 1069
f 1604 427 491
f 1604 491 374
f 1454 543 612
f 491 454 1501
f 897 154 490
f 1068 1497 1259
f 1068 156 152
f 155 751 1210
f 452 1685 157
f 595 156 1725
f 1469 1216 152
f 157 388 452
f 388 876 1693
f 1694 921 751
f 921 1246 1433
f 1469 595 1731
f 1469 1731 1216
f 1685 158 1371
f 388 157 1685
f 158 610 437
f 160 492 159
f 1232 159 492
f 161 538 162
f 367 1418 538
f 161 162 163
f 163 164 1102
f 367 538 652
f 516 454 989
f 163 166 164
f 163 162 166
f 159 1232 1424
f 603 1229 696
f 167 1471 1679
f 587 168 1054
f 1398 1674 169
f 1209 1428 472
f 472 1428 1613
f 894 789 1209
f 1339 170 1660
f 170 1046 1660
f 1046 170 1733
f 171 1733 170
f 165 1202 144
f 587 1613 168
f 1428 168 1613
f 607 917 139
f 917 138 139
f 134 606 133
f 142 776 1641
f 164 1733 1102
f 1102 1733 171
f 171 170 1102
f 330 165 144
f 839 330 1646
f 330 144 1646
f 514 61 352
f 61 514 647
f 158 437 1539
f 1270 45 670
f 987 16 1286
f 324 1194 84
f 108 1194 324
f 328 1353 1196
f 596 1009 1590
f 176 175 174
f 174 175 579
f 175 627 1180
f 1376 1615 176
f 1151 505 1376
f 816 1502 1366
f 878 178 1348
f 181 182 994
f 182 405 994
f 1368 1133 181
f 621 1609 1363
f 183 476 1094
f 1142 1350 335
f 1048 364 1412
f 184 1299 1542
f 1299 185 946
f 846 1299 184
f 474 1533 184
f 188 189 1457
f 191 187 1657
f 188 1457 192
f 188 192 189
f 1415 189 193
f 193 189 192
f 1355 879 1206
f 1355 1206 1598
f 195 194 1598
f 785 913 1652
f 913 186 1652
f 754 1649 191
f 197 1649 754
f 1020 191 1192
f 196 874 1403
f 195 874 196
f 194 195 1098
f 195 196 1098
f 347 1624 1177
f 199 1624 347
f 1624 199 1391
f 1119 203 202
f 204 1024 887
f 201 205 204
f 201 1005 205
f 1277 1195 767
f 767 961 1277
f 961 767 585
f 1670 585 767
f 1670 1205 585
f 585 1119 1588
f 984 200 1154
f 212 1002 1172
f 213 622 1662
f 1172 214 212
f 214 1172 359
f 1288 1662 663
f 215 663 214
f 215 214 1336
f 207 752 208
f 622 757 1449
f 679 1449 757
f 590 211 1002
f 1449 1667 622
f 590 1534 211
f 1128 213 197
f 1336 663 215
f 1244 197 899
f 899 208 1244
f 1582 760 1336
f 663 1336 1586
f 1336 760 1586
f 899 207 208
f 216 531 1004
f 1623 668 1333
f 359 1634 471
f 631 523 218
f 361 1518 1305
f 1366 1140 714
f 746 408 1265
f 947 1088 1620
f 634 861 1563
f 1578 1003 219
f 753 1147 1555
f 219 1122 1578
f 535 386 220
f 1489 535 220
f 1489 220 386
f 221 1266 833
f 1324 1543 1099
f 1287 1524 224
f 360 225 1271
f 942 1280 345
f 1514 1284 851
f 1489 1078 228
f 819 1484 941
f 229 221 1484
f 221 628 1484
f 221 229 619
f 1266 968 1489
f 1489 228 759
f 931 1582 1336
f 759 228 1078
f 1322 619 229
f 1484 819 333
f 503 819 1525
f 224 550 399
f 1293 942 558
f 942 507 1512
f 1512 507 1278
f 1276 569 930
f 1280 651 345
f 1615 175 176
f 625 1493 944
f 1284 1506 851
f 77 231 1017
f 227 1352 363
f 1120 432 327
f 77 1592 231
f 231 1103 1352
f 1104 233 1508
f 1508 832 232
f 1311 232 722
f 232 1115 722
f 551 350 457
f 1511 234 428
f 706 235 234
f 234 235 428
f 706 1549 235
f 235 946 428
f 555 1267 404
f 663 1586 1288
f 1177 1567 347
f 1386 984 1154
f 1005 206 1384
f 237 238 1446
f 239 1344 242
f 237 1446 243
f 237 243 238
f 1407 238 244
f 244 238 1200
f 1338 1199 244
f 995 1199 1338
f 933 245 1597
f 1026 1714 246
f 781 508 1640
f 508 236 1640
f 1129 1344 241
f 242 1344 1129
f 1200 1413 600
f 600 772 1200
f 902 772 600
f 245 933 1522
f 1614 245 241
f 1655 508 781
f 247 241 245
f 203 1714 202
f 1714 203 246
f 246 203 1205
f 246 1205 852
f 248 249 250
f 250 249 251
f 251 249 252
f 252 253 254
f 1268 981 255
f 1712 256 249
f 249 256 252
f 993 257 252
f 252 257 253
f 257 254 253
f 1544 259 468
f 468 1639 1335
f 830 938 1327
f 259 261 468
f 468 261 262
f 468 262 1639
f 1327 1126 261
f 1375 872 998
f 1479 265 100
f 100 265 99
f 102 101 103
f 103 266 104
f 1470 267 103
f 103 267 266
f 268 1740 1227
f 820 1740 1261
f 1740 820 1056
f 1224 626 912
f 912 626 1727
f 626 269 1727
f 1727 269 267
f 882 270 1193
f 626 1721 269
f 1721 664 269
f 269 664 882
f 102 24 267
f 270 882 108
f 267 24 108
f 107 1261 271
f 271 1480 107
f 1261 709 1739
f 1474 918 1739
f 263 801 1739
f 1739 801 1262
f 1227 756 1712
f 268 1227 1712
f 263 260 1707
f 1261 248 653
f 248 251 252
f 829 1492 1268
f 653 248 252
f 720 1608 829
f 829 1268 255
f 829 255 981
f 1193 950 1697
f 1193 1530 950
f 476 1445 1540
f 476 183 1445
f 1412 1183 1702
f 1183 272 1702
f 440 853 1711
f 1350 275 335
f 275 1737 335
f 274 275 1350
f 272 276 1702
f 273 1389 1014
f 1014 277 1445
f 277 276 272
f 274 278 275
f 275 278 1737
f 278 279 1737
f 1008 1219 1711
f 1219 280 1711
f 280 278 1711
f 1636 1014 1389
f 280 279 278
f 1260 282 283
f 806 1074 284
f 804 283 285
f 285 283 286
f 283 929 286
f 1734 1456 286
f 1459 417 1010
f 991 528 372
f 867 1499 394
f 1301 672 288
f 1565 372 481
f 370 1301 288
f 1677 370 288
f 1648 1204 289
f 132 541 1236
f 1236 1061 1400
f 291 688 1455
f 1036 1460 1704
f 291 1455 1704
f 1704 1455 1212
f 688 291 1704
f 395 1472 293
f 293 1049 1686
f 293 1686 395
f 796 547 702
f 547 419 702
f 1057 1638 419
f 502 341 1141
f 1395 448 1686
f 589 823 996
f 737 1378 218
f 1372 1189 1064
f 295 296 1248
f 298 1462 1730
f 1462 298 299
f 300 449 1698
f 1055 1698 1426
f 1067 1258 1496
f 1496 1258 297
f 302 1426 1724
f 302 1055 1426
f 1496 303 1067
f 304 1724 303
f 1724 304 302
f 1394 305 1611
f 1611 305 339
f 1394 778 1242
f 1051 908 306
f 483 1684 306
f 307 1684 483
f 303 308 1250
f 1250 1477 698
f 1451 1672 295
f 908 1676 1189
f 483 501 307
f 1430 306 908
f 1242 778 1676
f 308 1730 1250
f 308 1467 1730
f 1730 1467 298
f 299 298 1467
f 302 1250 698
f 501 1684 307
f 1595 309 687
f 310 311 795
f 795 311 1231
f 310 1689 1228
f 313 314 312
f 906 1417 315
f 313 1605 317
f 316 317 1605
f 316 906 315
f 309 1595 318
f 309 318 1665
f 1347 315 604
f 1632 1347 884
f 390 1231 486
f 1423 1231 311
f 792 1228 319
f 320 319 1432
f 1673 319 320
f 666 1053 321
f 1208 445 1427
f 1136 1427 445
f 317 1420 322
f 1420 1045 322
f 1045 1197 322
f 322 1197 323
f 1632 674 1187
f 666 321 1136
f 1136 321 1427
f 608 1741 1459
f 323 1197 313
f 313 317 322
f 313 322 323
f 674 1006 1305
f 361 1305 318
f 181 405 182
f 251 248 250
f 324 1193 108
f 744 1195 515
f 1277 362 1195
f 1193 270 108
f 106 1194 108
f 1602 632 1289
f 1308 1101 706
f 1557 1286 325
f 705 1109 426
f 939 721 326
f 939 326 1509
f 360 225 1091
f 500 569 930
f 1521 18 745
f 1521 745 10
f 1264 719 329
f 714 560 947
f 1519 839 330
f 56 1121 1539
f 867 394 331
f 1444 1706 666
f 129 726 1664
f 799 1226 1044
f 503 819 333
f 1503 399 224
f 1168 931 400
f 1593 400 932
f 1292 1142 335
f 409 1542 817
f 954 1528 716
f 826 398 465
f 1123 1349 337
f 1123 337 638
f 722 951 338
f 811 1511 428
f 1182 501 1684
f 1182 1684 1361
f 963 586 631
f 723 941 222
f 1034 1141 341
f 1668 1396 854
f 1023 1218 342
f 1688 691 1443
f 769 1648 343
f 1732 896 1475
f 1091 462 1493
f 728 1508 1104
f 405 1569 713
f 405 1332 1557
f 435 1341 864
f 931 505 1582
f 1533 707 573
f 1533 573 984
f 979 1387 842
f 436 958 859
f 70 1282 349
f 1272 499 624
f 1530 950 350
f 467 1289 632
f 1520 177 1147
f 464 833 221
f 57 647 352
f 57 839 1084
f 701 758 353
f 1617 1405 726
f 1390 145 354
f 1189 1430 908
f 1232 1675 355
f 1232 355 1424
f 290 1225 915
f 290 915 1388
f 638 422 1083
f 638 1532 848
f 1568 1315 512
f 1387 1114 842
f 400 971 1336
f 400 1336 931
f 500 550 360
f 500 1490 952
f 584 1518 361
f 478 840 777
f 335 934 515
f 335 515 853
f 1103 1352 363
f 551 432 457
f 812 424 364
f 1183 364 1412
f 999 1616 365
f 999 627 816
f 349 810 366
f 1487 366 1081
f 1419 766 1163
f 1419 1163 165
f 340 554 368
f 841 1138 588
f 1537 1297 369
f 1100 633 822
f 1188 1677 370
f 446 1575 856
f 57 583 371
f 719 371 574
f 1249 697 372
f 1399 769 343
f 1700 1252 373
f 1473 1654 545
f 147 1365 374
f 775 692 1694
f 289 1204 375
f 910 1691 290
f 808 72 710
f 1279 1087 334
f 571 458 377
f 817 377 1542
f 466 1515 809
f 9 1106 8
f 1580 968 379
f 971 1086 334
f 1108 1267 730
f 1108 730 1303
f 1354 1168 957
f 1627 1158 54
f 731 1487 967
f 1587 646 78
f 442 1140 383
f 1264 827 329
f 1137 1548 956
f 1543 570 1099
f 822 1506 385
f 519 655 180
f 1578 1122 386
f 1578 386 535
f 527 1142 1292
f 1082 436 958
f 1371 876 388
f 1371 388 1685
f 1510 414 589
f 1317 523 441
f 1632 1136 891
f 1632 891 1187
f 126 1254 450
f 1409 685 1130
f 1735 896 392
f 794 1677 287
f 786 1663 1061
f 1434 607 1699
f 146 1306 394
f 415 394 1622
f 614 1726 395
f 614 395 1651
f 1725 897 396
f 1725 1433 595
f 711 1500 397
f 711 553 422
f 336 1538 1298
f 620 1523 835
f 1097 1503 399
f 1097 399 223
f 818 932 400
f 818 400 971
f 828 433 721
f 1103 551 363
f 225 1271 402
f 814 942 226
f 499 624 403
f 729 1509 1105
f 1517 1267 404
f 1289 1101 843
f 621 181 405
f 325 405 1557
f 976 455 406
f 1094 648 440
f 1623 668 407
f 485 1362 1011
f 1144 1265 408
f 1310 439 1486
f 470 817 409
f 348 958 1082
f 841 351 1290
f 631 441 523
f 57 371 411
f 57 411 647
f 896 392 412
f 343 412 1648
f 1381 685 413
f 1023 1669 691
f 564 739 414
f 341 414 502
f 900 394 415
f 1728 791 1238
f 1044 799 416
f 920 1473 1654
f 1741 1459 417
f 451 867 1499
f 1441 914 795
f 1665 884 318
f 919 547 419
f 919 419 1057
f 1065 1460 420
f 137 420 688
f 155 1210 421
f 1360 1243 775
f 825 563 422
f 825 422 357
f 865 770 423
f 970 1631 736
f 1286 987 424
f 1286 424 812
f 1322 1531 425
f 1558 813 402
f 334 705 426
f 334 426 1086
f 654 1306 427
f 654 427 491
f 185 946 428
f 185 1275 707
f 1178 1625 429
f 1568 1387 512
f 503 333 943
f 1500 1282 70
f 1110 962 431
f 1309 431 506
f 363 1120 432
f 363 432 551
f 78 1304 433
f 78 433 828
f 1561 742 434
f 385 434 1506
f 1152 1341 435
f 1354 931 1168
f 387 1545 436
f 387 436 859
f 1121 1539 437
f 330 870 165
f 1348 878 438
f 761 579 1009
f 1553 990 439
f 1553 439 1018
f 1546 1094 440
f 1546 440 1142
f 410 340 441
f 947 1563 634
f 1560 484 442
f 1160 442 1621
f 1236 1061 443
f 1019 910 1691
f 211 1534 444
f 1634 1313 471
f 317 316 445
f 317 1585 890
f 1188 1575 446
f 1425 1030 779
f 29 26 447
f 29 447 30
f 395 1686 448
f 395 1141 1397
f 331 1064 449
f 1052 1231 390
f 1717 1254 450
f 1717 450 1302
f 1678 690 451
f 1456 1237 1734
f 147 1436 1235
f 775 1235 671
f 1461 1713 453
f 1461 453 1060
f 153 1501 454
f 1377 454 421
f 1314 1112 455
f 369 1113 1516
f 366 1081 729
f 1491 834 403
f 233 635 1267
f 951 1267 555
f 733 571 458
f 1308 1549 706
f 1557 1109 705
f 1080 808 496
f 69 637 460
f 69 460 76
f 1584 885 461
f 992 461 1150
f 225 1091 462
f 814 462 1079
f 336 1298 463
f 336 1505 512
f 1138 1340 464
f 1566 941 723
f 326 1509 465
f 1269 465 568
f 9 1106 466
f 982 1364 522
f 845 969 467
f 845 467 1289
f 669 1544 468
f 669 468 1335
f 857 408 469
f 1330 974 570
f 348 409 470
f 557 1529 1114
f 1630 1313 471
f 1580 1155 379
f 652 1163 472
f 1339 894 789
f 1318 559 473
f 1352 1090 838
f 741 1533 474
f 859 1319 958
f 1328 389 475
f 647 1139 411
f 180 1552 476
f 855 476 1540
f 764 1185 477
f 370 1575 1188
f 55 58 478
f 1440 584 1518
f 177 1520 1088
f 878 661 438
f 49 526 480
f 1593 480 932
f 353 1565 886
f 353 1405 1617
f 1184 1664 482
f 1184 482 1729
f 1692 501 483
f 1238 1430 791
f 3 1560 484
f 3 484 1367
f 173 1351 1166
f 881 1166 1333
f 1423 1231 486
f 1423 792 1228
f 1653 598 487
f 26 1416 447
f 1422 1204 488
f 1225 798 915
f 331 867 489
f 331 489 542
f 1454 897 490
f 1705 1478 150
f 342 1218 491
f 342 989 516
f 1442 797 492
f 1666 766 1419
f 453 1713 493
f 453 493 1406
f 1735 1257 494
f 1735 494 392
f 1483 807 495
f 1743 1254 126
f 815 1080 1281
f 734 1281 1515
f 378 1494 641
f 809 1106 466
f 848 977 498
f 1294 498 556
f 366 810 499
f 366 1491 834
f 224 550 500
f 224 500 930
f 876 1692 501
f 876 501 1182
f 764 1185 1395
f 764 1395 975
f 1092 724 503
f 1092 503 636
f 344 1091 1311
f 344 1311 230
f 864 1376 505
f 1550 505 931
f 85 552 506
f 85 506 1523
f 345 942 507
f 1332 1109 1557
f 202 868 1233
f 1005 852 206
f 254 669 1153
f 981 720 829
f 24 1127 510
f 962 1602 632
f 1485 350 950
f 721 1583 83
f 358 1505 512
f 358 1114 725
f 410 1111 513
f 1520 513 1088
f 997 1572 514
f 143 1343 776
f 859 934 515
f 362 515 1195
f 165 1613 892
f 165 892 1202
f 731 382 1571
f 1318 883 1090
f 63 1310 518
f 1659 825 1164
f 1326 655 519
f 976 580 648
f 56 1321 520
f 56 1519 1121
f 1058 1682 521
f 1058 521 1401
f 424 1364 522
f 1541 522 591
f 389 1317 523
f 389 523 1629
f 217 866 524
f 217 963 631
f 1160 827 525
f 849 988 66
f 1029 49 526
f 47 1173 1374
f 1353 1527 527
f 20 527 387
f 1237 1734 528
f 1237 528 1499
f 135 606 529
f 1700 909 1252
f 1203 88 530
f 89 1408 96
f 444 1004 531
f 444 531 871
f 785 187 1657
f 940 1403 196
f 903 1145 1498
f 1358 1619 782
f 5 1359 534
f 1152 1354 435
f 1011 1489 535
f 172 1348 438
f 302 694 536
f 302 1672 698
f 446 1695 537
f 446 1215 856
f 160 1690 1229
f 1424 1229 696
f 421 454 539
f 1421 1685 452
f 787 320 1432
f 1605 906 316
f 481 769 541
f 481 541 132
f 449 331 542
f 1611 542 339
f 374 147 543
f 374 1501 491
f 415 1728 544
f 415 1189 1372
f 141 1473 545
f 1397 1651 395
f 375 289 546
f 1422 1225 488
f 292 796 547
f 292 547 1709
f 1744 283 804
f 926 608 1459
f 124 1073 549
f 124 1716 125
f 712 399 550
f 1558 1271 402
f 401 1103 1485
f 401 1485 950
f 632 467 1107
f 431 1107 506
f 397 711 553
f 1323 1532 376
f 1265 1144 554
f 217 1495 340
f 1085 951 555
f 1085 1511 811
f 459 630 1513
f 459 1513 14
f 1320 960 557
f 1320 557 1594
f 379 1293 558
f 715 1512 1278
f 1282 349 1143
f 1503 1287 224
f 1095 1564 560
f 1095 560 383
f 1157 1296 561
f 1607 561 1345
f 403 834 562
f 1096 1312 497
f 1331 1164 563
f 1556 1123 849
f 341 414 564
f 1396 1186 131
f 434 1133 565
f 434 651 1514
f 1631 736 566
f 1150 1581 75
f 1327 938 567
f 1327 567 1126
f 398 465 568
f 1093 959 463
f 327 1535 569
f 728 569 500
f 1554 1330 570
f 821 636 1092
f 21 1117 571
f 21 571 733
f 484 1367 1174
f 484 1174 999
f 1386 707 573
f 1386 573 984
f 63 371 574
f 1162 1659 825
f 1571 382 575
f 883 735 1090
f 533 1356 576
f 533 1619 1358
f 466 1644 577
f 466 858 12
f 324 1193 1530
f 324 662 969
f 438 761 1180
f 438 816 661
f 519 976 580
f 519 1552 180
f 450 1641 581
f 450 581 1381
f 1025 1392 582
f 1196 768 869
f 520 1321 583
f 1519 1084 839
f 478 840 584
f 478 584 1440
f 203 1205 585
f 203 585 1119
f 218 631 586
f 218 586 1645
f 1675 355 587
f 1443 587 1688
f 351 841 588
f 980 1577 1334
f 389 1328 589
f 389 589 1629
f 1171 1534 590
f 207 590 752
f 18 1521 591
f 1680 1142 527
f 412 392 592
f 1204 889 488
f 192 193 593
f 1128 754 197
f 190 532 1357
f 1037 879 1206
f 1246 1433 595
f 1246 595 1478
f 173 1590 596
f 1582 1151 505
f 1004 759 597
f 1362 1489 1011
f 1458 1653 598
f 898 1650 33
f 1682 521 1404
f 88 783 1656
f 508 1655 600
f 750 600 1413
f 1596 2 601
f 1167 1359 534
f 1633 51 602
f 957 602 1354
f 167 1679 1398
f 789 1398 169
f 418 1665 604
f 1417 604 315
f 417 1010 605
f 867 605 489
f 332 133 606
f 1664 1226 482
f 393 1434 607
f 1220 607 917
f 548 1245 608
f 548 608 1708
f 320 1673 609
f 320 890 787
f 1685 158 610
f 1442 1223 492
f 145 354 611
f 1032 1436 147
f 153 543 612
f 1377 1210 421
f 1676 778 613
f 1064 1698 449
f 356 1726 614
f 356 919 1240
f 493 1713 615
f 493 1247 1406
f 549 124 616
f 1218 901 491
f 1734 697 1249
f 806 1062 1475
f 1072 125 1452
f 1263 923 1476
f 1266 221 619
f 1266 1531 968
f 836 1283 620
f 836 620 358
f 812 364 621
f 812 621 405
f 1128 213 622
f 1128 622 1722
f 402 814 623
f 402 623 813
f 72 1272 624
f 72 935 808
f 462 1493 625
f 462 1284 1079
f 107 1224 626
f 107 626 1721
f 365 999 1615
f 365 1615 1376
f 464 221 628
f 464 628 1566
f 1117 1295 629
f 470 960 348
f 498 556 630
f 498 630 1329
f 340 217 631
f 340 631 441
f 1603 1107 632
f 1603 632 962
f 369 1100 633
f 369 1314 1113
f 560 947 634
f 560 634 475
f 432 327 635
f 432 635 457
f 570 821 636
f 570 1525 1099
f 430 69 637
f 430 637 955
f 461 337 638
f 461 638 848
f 759 1078 639
f 1379 1580 1155
f 1671 945 640
f 905 1401 1058
f 497 1494 641
f 497 641 336
f 708 37 642
f 20 1353 527
f 326 465 643
f 326 1488 84
f 458 733 644
f 946 1549 235
f 473 1287 645
f 1090 645 838
f 382 575 646
f 1081 1536 456
f 60 1139 647
f 739 1572 997
f 406 976 648
f 1177 1307 198
f 1207 1619 649
f 1207 649 1599
f 199 1391 650
f 1154 1588 200
f 565 434 651
f 1569 651 345
f 1606 538 652
f 1339 652 472
f 1492 1268 653
f 1131 1474 918
f 1435 127 654
f 901 654 491
f 385 1326 655
f 385 655 434
f 10 745 656
f 1568 1178 429
f 219 1122 657
f 219 1555 753
f 7 1012 658
f 7 748 988
f 1683 56 1018
f 1440 866 524
f 518 1162 660
f 518 660 1273
f 479 878 661
f 479 1366 1620
f 578 324 662
f 1303 1600 380
f 1410 1662 663
f 1410 663 214
f 1718 1194 664
f 824 664 1721
f 591 18 665
f 591 665 109
f 390 486 666
f 390 666 1706
f 244 1200 667
f 244 1597 1338
f 444 407 668
f 444 668 1333
f 257 993 669
f 257 669 254
f 1159 1270 670
f 1458 763 598
f 1063 916 671
f 1243 671 775
f 392 494 672
f 392 672 1301
f 1618 194 673
f 1357 940 532
f 1030 1187 674
f 1645 674 1305
f 91 92 675
f 91 675 1021
f 526 480 676
f 1173 1635 51
f 172 535 677
f 1590 1351 173
f 508 236 1233
f 1039 750 600
f 913 186 679
f 1649 1244 197
f 534 1167 680
f 771 680 602
f 28 782 681
f 1148 903 1498
f 88 1447 682
f 88 1682 599
f 477 370 683
f 1629 1378 737
f 141 800 684
f 1668 911 727
f 581 1381 685
f 776 685 1130
f 1060 1654 686
f 135 1044 1226
f 1684 1361 687
f 1441 1222 795
f 393 1687 688
f 1220 688 137
f 312 906 689
f 312 689 313
f 417 1050 690
f 417 867 605
f 342 1023 691
f 342 691 1443
f 543 775 692
f 543 692 149
f 354 876 693
f 1238 693 1430
f 1055 302 694
f 300 1394 1611
f 490 1705 925
f 490 925 154
f 355 1424 696
f 1428 1674 169
f 528 1734 697
f 528 697 372
f 295 1477 698
f 295 698 1672
f 356 1388 699
f 356 699 1726
f 492 1223 700
f 492 1042 160
f 1701 758 701
f 923 1016 1476
f 615 796 702
f 1247 702 419
f 1482 548 1708
f 1074 1257 284
f 1483 495 704
f 1251 704 122
f 1279 1557 705
f 1279 705 334
f 555 404 973
f 555 973 1085
f 1567 1314 1113
f 1567 1113 1386
f 1082 642 708
f 1082 708 348
f 653 1131 709
f 653 709 1261
f 376 1559 710
f 848 1294 498
f 1273 76 711
f 357 711 422
f 223 399 712
f 1322 1558 425
f 860 1109 713
f 860 713 1569
f 1316 1140 714
f 1316 714 560
f 379 558 715
f 379 715 1551
f 336 954 716
f 336 1315 512
f 568 1269 717
f 568 959 1093
f 1340 464 718
f 1340 1577 351
f 411 371 719
f 1291 719 329
f 872 1375 720
f 872 720 981
f 1346 828 721
f 1346 721 1583
f 230 1311 722
f 230 1537 369
f 554 368 723
f 554 1324 1144
f 1562 1092 724
f 1562 724 831
f 629 1573 725
f 1529 725 1114
f 391 1181 726
f 391 726 129
f 1579 911 727
f 1579 727 564
f 327 569 728
f 327 728 1104
f 456 1081 729
f 456 729 1105
f 380 1303 730
f 380 1517 404
f 71 955 731
f 71 731 1571
f 1647 1383 732
f 1647 732 1296
f 24 23 733
f 24 733 1127
f 12 466 734
f 1149 734 13
f 575 883 735
f 1169 1017 77
f 480 676 736
f 480 736 932
f 523 218 737
f 523 737 1629
f 9 850 738
f 9 738 466
f 1510 414 739
f 60 739 1572
f 572 1574 740
f 1616 1341 365
f 1612 474 741
f 1612 984 200
f 180 1561 742
f 855 1363 621
f 857 974 1330
f 990 1137 1548
f 648 406 744
f 648 853 440
f 328 656 745
f 1527 745 112
f 659 1175 746
f 659 746 408
f 84 324 747
f 84 1118 1488
f 658 7 748
f 1349 849 1123
f 87 95 749
f 1447 1715 682
f 1681 1039 750
f 1681 852 1005
f 1433 1210 751
f 1433 751 921
f 1002 590 1667
f 210 1667 622
f 177 1147 753
f 1003 753 219
f 593 191 754
f 1342 754 1128
f 30 1373 755
f 875 755 1145
f 1221 1712 756
f 830 1707 938
f 186 679 757
f 1457 1722 1027
f 1198 991 758
f 127 758 1701
f 216 1004 759
f 1630 1379 1155
f 1333 1582 760
f 209 760 1171
f 172 438 761
f 172 1590 677
f 19 1541 762
f 19 762 1703
f 1723 1458 763
f 1723 763 1370
f 370 1301 764
f 370 764 477
f 413 685 765
f 1669 1031 691
f 700 1666 766
f 1418 766 367
f 204 1384 767
f 204 767 1195
f 582 905 768
f 582 768 1196
f 372 1399 769
f 372 769 481
f 54 51 770
f 1584 992 461
f 534 1152 771
f 534 771 680
f 667 1200 772
f 1597 772 1402
f 135 909 773
f 1453 1060 686
f 91 888 774
f 91 774 92
f 147 1235 775
f 147 775 543
f 581 685 776
f 581 776 1641
f 58 478 777
f 1013 1182 876
f 536 1394 778
f 1672 778 613
f 605 1010 779
f 605 779 1706
f 183 1142 780
f 1014 780 273
f 239 1655 781
f 1199 1407 244
f 487 1658 782
f 1416 972 1207
f 599 88 783
f 1404 783 1504
f 290 1388 784
f 290 1212 910
f 190 1657 785
f 1037 1415 1206
f 133 1663 786
f 133 786 529
f 1719 1432 787
f 1045 787 1420
f 449 542 788
f 449 788 300
f 167 1398 789
f 167 1660 1046
f 289 541 790
f 1019 790 910
f 544 1728 791
f 1189 791 1430
f 486 1423 792
f 1427 1673 609
f 101 1720 793
f 101 793 102
f 494 926 794
f 494 794 1677
f 418 1222 795
f 1041 795 310
f 1465 615 796
f 137 1065 420
f 454 539 797
f 454 1232 516
f 488 1225 798
f 488 1049 889
f 482 1226 799
f 482 799 1729
f 545 141 800
f 1057 1651 919
f 1479 263 801
f 1479 801 100
f 1478 595 1731
f 1259 1463 1497
f 296 295 803
f 296 803 301
f 548 1482 804
f 548 804 285
f 549 1073 805
f 549 1218 901
f 282 1260 806
f 1481 806 1062
f 121 1483 807
f 1263 1745 1476
f 556 1080 808
f 556 808 1294
f 1285 1515 809
f 1285 809 1106
f 70 349 810
f 70 810 936
f 369 1297 811
f 369 811 1516
f 325 1286 812
f 325 812 405
f 425 1558 813
f 968 1293 379
f 225 402 814
f 225 814 462
f 734 1570 815
f 734 815 1281
f 1180 438 816
f 1180 816 627
f 571 1117 817
f 571 817 377
f 334 932 818
f 334 818 971
f 1099 1525 819
f 222 819 941
f 107 1261 820
f 107 820 1224
f 1554 570 821
f 956 1300 76
f 1326 385 822
f 1112 822 633
f 414 502 823
f 414 823 589
f 1718 793 824
f 1718 824 664
f 660 1162 825
f 660 825 357
f 497 1312 826
f 497 1538 336
f 1621 1160 827
f 1621 827 1095
f 80 78 828
f 80 828 1346
f 567 1492 829
f 567 829 1608
f 1221 756 830
f 1221 830 259
f 559 473 831
f 559 831 1562
f 233 1508 832
f 233 951 1267
f 718 464 833
f 718 833 1334
f 729 366 834
f 729 834 562
f 1309 1523 835
f 23 835 1573
f 463 959 836
f 463 1505 336
f 36 1625 837
f 36 837 40
f 227 1352 838
f 1276 838 645
f 352 57 839
f 352 839 1646
f 361 584 840
f 361 1595 318
f 340 368 841
f 340 841 410
f 557 1114 842
f 557 842 979
f 510 962 843
f 1308 843 1101
f 719 574 844
f 719 844 1264
f 662 969 845
f 1146 845 1289
f 185 1299 846
f 185 846 707
f 552 1601 847
f 552 847 506
f 376 710 848
f 376 848 1532
f 748 1349 849
f 748 849 988
f 8 9 850
f 8 850 82
f 434 1514 851
f 434 851 1506
f 750 1413 852
f 750 852 1681
f 744 648 853
f 744 853 515
f 1184 1729 854
f 1302 965 131
f 180 1363 855
f 180 855 476
f 218 1378 856
f 218 856 1645
f 62 408 857
f 62 857 743
f 577 466 858
f 1364 1610 424
f 1612 1319 859
f 362 859 515
f 345 1569 860
f 345 860 507
f 475 389 861
f 475 861 634
f 511 401 862
f 511 862 1450
f 49 1411 863
f 49 1593 480
f 365 1341 864
f 365 864 1376
f 1635 51 865
f 970 865 1631
f 746 1440 866
f 746 866 1265
f 690 417 867
f 690 867 451
f 236 1233 868
f 1446 1714 1026
f 642 37 869
f 642 869 1196
f 437 1121 870
f 437 870 1666
f 211 444 871
f 1172 1634 359
f 509 998 872
f 509 872 981
f 5 1359 873
f 1152 1574 1341
f 593 193 874
f 593 1020 191
f 30 447 875
f 30 875 755
f 611 1022 876
f 611 876 354
f 978 53 877
f 1626 1374 52
f 177 753 878
f 177 878 479
f 594 673 879
f 594 879 190
f 407 485 880
f 1004 880 597
f 173 1151 881
f 173 881 1166
f 267 269 882
f 267 882 1193
f 517 575 883
f 517 883 1318
f 604 1347 884
f 604 884 1665
f 1167 1015 885
f 1596 885 461
f 481 1565 886
f 1089 1405 332
f 201 204 887
f 1119 1391 650
f 530 94 888
f 530 1656 88
f 592 1204 889
f 975 1686 1395
f 609 320 890
f 1208 890 1585
f 666 1444 891
f 666 891 1136
f 587 1688 892
f 587 892 1613
f 287 446 1695
f 1010 1425 779
f 472 1209 894
f 472 894 1339
f 665 1431 895
f 1142 1048 780
f 343 1732 896
f 343 896 412
f 1661 1454 897
f 1661 897 396
f 763 1038 898
f 763 898 43
f 213 197 899
f 1288 899 1007
f 146 394 900
f 146 1390 145
f 616 549 901
f 1043 901 654
f 1655 600 902
f 242 902 1129
f 1658 1373 903
f 681 903 1148
f 95 87 904
f 1170 1504 521
f 42 582 905
f 42 905 1058
f 540 312 906
f 1228 906 1689
f 538 162 907
f 538 1229 1690
f 305 1051 908
f 1242 908 1676
f 529 135 909
f 1699 909 1252
f 443 790 910
f 1687 1455 688
f 1034 1579 911
f 684 911 1668
f 99 265 912
f 99 912 1256
f 187 679 913
f 187 913 785
f 542 339 914
f 542 1231 1052
f 699 1388 1736
f 699 1736 1049
f 539 1063 916
f 539 1685 610
f 137 1220 917
f 1465 1713 615
f 263 1739 918
f 263 918 260
f 614 356 919
f 614 919 1651
f 686 1654 920
f 686 1044 1453
f 692 1066 921
f 692 921 1694
f 613 1064 922
f 1451 1248 295
f 618 1263 923
f 618 923 701
f 803 295 924
f 1258 1059 297
f 695 1705 925
f 695 925 802
f 703 608 926
f 703 1257 1074
f 126 1743 927
f 126 1165 450
f 1073 124 1710
f 119 1483 704
f 1481 283 929
f 1481 929 617
f 1524 224 930
f 1524 930 1276
f 435 1354 931
f 435 931 1550
f 1087 334 932
f 630 932 1329
f 1402 1597 933
f 1402 933 1522
f 387 335 934
f 387 934 859
f 624 72 935
f 624 935 73
f 397 70 936
f 1323 1559 376
f 14 815 937
f 14 937 459
f 260 1707 938
f 260 1131 918
f 433 456 939
f 433 939 721
f 673 1357 940
f 1098 940 196
f 628 1566 941
f 628 941 1484
f 623 814 942
f 623 942 1293
f 724 503 943
f 724 943 1287
f 230 1493 944
f 230 944 369
f 1589 1274 945
f 1589 945 1201
f 1576 644 946
f 1576 946 1299
f 513 1563 947
f 513 947 1088
f 833 1334 948
f 833 948 1266
f 563 1331 949
f 563 949 638
f 1217 401 950
f 1217 950 1697
f 832 233 951
f 1115 951 722
f 728 500 952
f 728 952 504
f 18 1142 953
f 18 953 745
f 641 378 954
f 641 954 336
f 559 71 955
f 559 955 430
f 384 1137 956
f 384 956 1300
f 381 602 957
f 381 957 877
f 409 348 958
f 409 958 1319
f 717 568 959
f 1523 1283 620
f 629 470 960
f 629 1529 725
f 1588 585 961
f 1588 961 200
f 24 1110 962
f 24 962 510
f 524 217 963
f 1518 963 586
f 10 850 964
f 10 964 656
f 854 1396 965
f 854 965 1302
f 380 1600 966
f 380 966 1101
f 382 1304 967
f 382 967 731
f 425 813 968
f 425 968 1531
f 747 324 969
f 1118 1601 552
f 676 736 970
f 676 970 865
f 471 359 971
f 1155 1551 379
f 782 1619 972
f 782 972 487
f 706 404 973
f 706 1511 234
f 469 857 974
f 1144 1543 1324
f 1301 764 975
f 1301 975 1686
f 179 455 976
f 1326 976 519
f 566 1380 977
f 566 977 498
f 44 877 978
f 44 978 50
f 708 37 979
f 1594 979 557
f 351 1290 980
f 351 980 1577
f 254 1268 981
f 254 1547 1153
f 738 1393 982
f 738 1644 466
f 621 364 983
f 621 983 855
f 741 1612 984
f 741 984 1533
f 533 1148 985
f 533 985 1356
f 475 60 986
f 475 986 560
f 858 1369 987
f 858 1610 577
f 525 7 988
f 525 988 65
f 491 342 989
f 491 989 454
f 62 1553 990
f 62 990 1137
f 128 1198 991
f 128 991 528
f 770 1337 992
f 770 992 1150
f 256 252 993
f 1221 1544 259
f 565 651 994
f 1368 994 181
f 240 241 995
f 240 995 239
f 477 1185 996
f 477 1629 1378
f 143 1186 997
f 143 997 1343
f 1639 262 998
f 258 998 509
f 346 484 999
f 1502 999 816
f 873 4 1000
f 1574 1000 572
f 870 1666 1001
f 870 1001 165
f 210 1667 1002
f 210 1002 212
f 878 178 1003
f 878 1003 753
f 407 444 1004
f 407 1004 880
f 1438 201 1005
f 1438 1005 678
f 318 1305 1006
f 318 1632 884
f 207 899 1007
f 1171 1586 760
f 853 1711 1008
f 853 1008 335
f 174 596 1009
f 174 1009 579
f 287 1459 1010
f 287 1010 893
f 1351 485 1011
f 677 1011 535
f 2 601 1012
f 2 1012 658
f 58 59 1013
f 58 1013 777
f 183 1445 1014
f 183 1014 780
f 680 1167 1015
f 1627 1015 54
f 701 923 1016
f 701 1016 353
f 735 1169 1017
f 1352 1017 231
f 659 55 1018
f 659 1018 1553
f 289 790 1019
f 289 1019 546
f 874 593 1020
f 874 1020 1192
f 888 91 1021
f 888 1656 530
f 1235 1436 1022
f 452 1693 388
f 927 1464 1023
f 1165 1023 413
f 198 1307 1024
f 198 1024 887
f 35 34 1025
f 35 1025 1392
f 243 1446 1026
f 243 1026 246
f 192 1457 1027
f 192 1027 1342
f 332 726 1028
f 332 1028 606
f 47 46 1029
f 47 1029 526
f 537 1425 1030
f 1215 1030 674
f 765 1669 1031
f 1409 1031 144
f 145 1365 1032
f 145 1032 1436
f 904 89 1033
f 1504 1033 783
f 684 800 1034
f 684 1034 911
f 29 30 1035
f 29 1035 1159
f 784 1460 1036
f 784 1212 290
f 190 879 1037
f 190 1037 785
f 598 763 1038
f 598 1038 487
f 508 1681 1039
f 508 1039 600
f 187 1244 1040
f 187 1040 191
f 418 795 1041
f 1417 1689 906
f 700 492 1042
f 1418 1690 538
f 616 901 1043
f 1716 1435 125
f 920 686 1044
f 920 1044 416
f 312 1466 1719
f 312 1719 1432
f 162 1733 1471
f 162 1471 1679
f 105 1480 1047
f 105 1047 793
f 895 1703 1048
f 895 1048 1142
f 798 915 1049
f 798 1049 488
f 285 548 1050
f 1678 1050 690
f 339 305 1051
f 339 1684 687
f 489 605 1052
f 489 1052 542
f 486 1673 1053
f 486 1053 666
f 355 1674 1054
f 355 1054 587
f 300 1698 1055
f 300 1055 694
f 265 1740 1056
f 265 1056 912
f 545 1654 1057
f 545 1057 800
f 38 1643 1058
f 38 1058 1234
f 924 803 1059
f 1477 1730 1250
f 773 1461 1060
f 773 1060 1453
f 393 786 1061
f 393 1061 443
f 617 1481 1062
f 1399 1732 343
f 421 155 1063
f 421 1063 539
f 294 1189 1064
f 294 1064 613
f 796 292 1065
f 796 1065 137
f 149 692 1066
f 1454 1066 490
f 301 1258 1067
f 1724 1067 303
f 154 1259 1068
f 1725 1068 156
f 1731 151 1069
f 802 1463 1259
f 103 102 1070
f 103 1070 104
f 495 1743 1071
f 495 1071 123
f 1263 120 1072
f 1263 1072 618
f 119 1710 1073
f 1251 1073 122
f 281 806 1074
f 281 1074 703
f 268 1740 1075
f 268 1075 1712
f 935 496 1076
f 935 1076 73
f 1273 518 1077
f 1273 1077 76
f 968 1489 1078
f 968 1078 1580
f 226 814 1079
f 1280 1514 651
f 14 815 1080
f 14 1080 1513
f 967 1536 1081
f 967 1081 1487
f 1545 642 1082
f 1545 1082 436
f 553 422 1083
f 553 1083 1323
f 583 520 1084
f 583 1084 57
f 338 951 1085
f 1297 1085 811
f 715 1278 1086
f 715 1086 971
f 630 459 1087
f 630 1087 932
f 479 177 1088
f 479 1088 1620
f 481 886 1089
f 481 1089 132
f 473 1318 1090
f 473 1090 645
f 952 1490 1091
f 952 1091 504
f 69 430 1092
f 69 1092 821
f 1298 568 1093
f 1298 1093 463
f 580 648 1094
f 580 1094 476
f 329 1564 1095
f 329 1095 827
f 403 1312 1096
f 403 1494 73
f 333 1503 1097
f 333 1097 1484
f 673 940 1098
f 673 1098 194
f 222 1324 1099
f 222 1099 819
f 944 625 1100
f 944 1100 369
f 404 380 1101
f 404 1101 706
f 1606 163 1102
f 1606 1339 652
f 1592 231 1103
f 1592 1103 401
f 635 327 1104
f 635 1104 233
f 939 456 1105
f 939 1105 1509
f 954 1285 1106
f 954 1106 1528
f 847 1601 1107
f 847 1107 506
f 350 457 1108
f 350 1108 1303
f 507 860 1109
f 507 1109 1278
f 23 24 1110
f 23 1110 835
f 441 410 1111
f 441 1111 1317
f 179 822 1112
f 179 1112 455
f 707 1275 1113
f 707 1113 1386
f 512 358 1114
f 512 1114 1387
f 832 232 1115
f 832 1115 951
f 81 79 1116
f 81 1116 465
f 470 817 1117
f 470 1117 629
f 747 84 1118
f 747 1118 969
f 1642 202 1119
f 1642 1119 1391
f 227 838 1120
f 227 1120 363
f 330 1519 1121
f 330 1121 870
f 948 657 1122
f 948 1122 1266
f 949 1556 1123
f 949 1123 638
f 712 1322 1124
f 712 1124 1271
f 936 1323 1125
f 936 1125 1272
f 1375 261 1126
f 1375 1608 720
f 644 946 1127
f 644 1127 733
f 1027 1342 1128
f 1027 1128 1722
f 247 241 1129
f 1522 1129 1402
f 352 1343 1130
f 352 1130 1646
f 938 260 1492
f 938 1492 567
f 474 184 1132
f 1319 1132 409
f 742 434 1133
f 742 1133 1609
f 424 364 1134
f 424 1134 522
f 850 10 1135
f 850 1393 738
f 1347 1632 1136
f 1347 1136 445
f 743 62 1137
f 743 1137 384
f 368 841 1138
f 368 1138 723
f 986 60 1139
f 986 1139 1564
f 346 442 1140
f 346 1140 1366
f 448 395 1141
f 448 1141 502
f 665 18 1142
f 665 1142 895
f 955 731 1143
f 955 1143 637
f 469 408 1144
f 469 1144 1543
f 31 1599 1145
f 31 1145 1498
f 662 1303 1146
f 662 1146 845
f 980 1520 1147
f 980 1147 1334
f 28 533 1148
f 28 1148 681
f 12 734 1149
f 1369 1149 987
f 423 770 1150
f 1631 1380 566
f 596 173 1151
f 596 1151 174
f 5 534 1152
f 5 1152 1574
f 509 1547 1153
f 509 1153 258
f 199 650 1154
f 199 1154 1386
f 471 1630 1155
f 471 1155 1551
f 535 172 1156
f 535 1156 1578
f 732 93 1157
f 732 1157 1296
f 602 51 1158
f 602 1158 1627
f 25 29 1159
f 25 1159 670
f 7 525 1160
f 1560 1160 442
f 37 1589 1161
f 37 1161 979
f 63 574 1162
f 63 1162 518
f 367 652 1163
f 367 1163 766
f 67 1331 1164
f 67 1164 1659
f 927 126 1165
f 927 1165 1023
f 485 1351 1166
f 1623 1166 1333
f 1 1359 1167
f 1 1167 885
f 863 1411 1168
f 1593 1168 400
f 575 735 1169
f 575 1587 646
f 95 904 1170
f 95 1170 749
f 207 1007 1171
f 207 1171 590
f 211 1002 1172
f 211 1172 871
f 526 47 1173
f 526 1173 1635
f 572 1367 1174
f 572 1616 740
f 55 659 1175
f 55 1175 478
f 210 622 1176
f 210 1176 212
f 406 744 1177
f 406 1177 455
f 656 328 1178
f 656 1178 964
f 994 651 1179
f 994 1179 405
f 579 761 1180
f 579 1180 175
f 1016 1476 1181
f 1016 1181 726
f 777 1013 1182
f 777 1182 840
f 983 364 1183
f 1540 1183 272
f 129 1664 1184
f 1302 1184 854
f 823 1395 1185
f 823 1185 996
f 564 1396 1186
f 564 1186 997
f 779 1030 1187
f 779 1444 1706
f 287 1677 1188
f 287 1188 446
f 544 415 1189
f 544 1189 791
f 146 145 1190
f 146 1190 427
f 1656 783 1191
f 1021 1191 675
f 1657 191 1192
f 532 1192 940
f 266 267 1193
f 266 1193 1697
f 1070 1382 1194
f 1070 1194 1450
f 1024 204 1195
f 1024 1195 744
f 1025 582 1196
f 1025 1196 328
f 1628 313 1197
f 1466 1197 1045
f 127 654 1198
f 127 1198 758
f 239 995 1199
f 239 1199 781
f 243 238 1200
f 243 1200 1413
f 39 1439 1201
f 39 1201 837
f 1031 691 1202
f 1031 1202 144
f 89 1408 1203
f 89 1203 87
f 412 1648 1204
f 412 1204 592
f 206 1670 1205
f 206 1205 852
f 193 1415 1206
f 193 1206 1598
f 447 1416 1207
f 447 1207 1599
f 609 1427 1208
f 609 1208 890
f 169 1428 1209
f 169 1209 789
f 612 153 1210
f 612 1661 1454
f 1038 898 1211
f 1038 1373 1658
f 1036 784 1212
f 1036 1212 1704
f 800 1057 1213
f 800 1213 1034
f 45 48 1214
f 45 1214 1270
f 537 1030 1215
f 537 1215 446
f 151 1731 1216
f 151 1216 152
f 511 401 1217
f 511 1217 1697
f 1742 549 1218
f 1742 1218 1464
f 279 1737 1219
f 279 1219 280
f 393 607 1220
f 393 1220 688
f 256 1712 1221
f 256 1221 993
f 687 339 1222
f 687 1665 309
f 610 539 1223
f 610 1666 437
f 1056 820 1224
f 1056 1224 912
f 546 375 1225
f 1691 1225 290
f 606 1028 1226
f 606 1226 135
f 263 1740 1227
f 263 1227 1707
f 540 906 1228
f 1432 1228 319
f 907 538 1229
f 1679 1229 603
f 110 1431 1230
f 110 1230 114
f 914 795 1231
f 914 1231 542
f 797 492 1232
f 797 1232 454
f 678 508 1233
f 678 1233 1438
f 682 88 1234
f 682 1234 38
f 452 1421 1235
f 452 1235 1022
f 790 443 1236
f 790 1236 541
f 451 1456 1237
f 451 1237 1499
f 354 1728 1238
f 354 1238 693
f 276 1702 1239
f 276 1239 1636
f 547 1709 1240
f 547 1240 919
f 453 1060 1241
f 453 1241 1057
f 305 1394 1242
f 305 1242 908
f 1063 155 1243
f 1063 1243 671
f 679 187 1244
f 679 1244 208
f 1050 548 1245
f 1050 1741 417
f 150 1478 1246
f 150 1246 921
f 615 702 1247
f 615 1247 493
f 922 613 1248
f 1698 1248 296
f 617 1734 1249
f 617 1399 1732
f 304 302 1250
f 304 1250 303
f 119 704 1251
f 119 1251 1073
f 139 373 1252
f 139 1252 607
f 112 1527 1253
f 112 1253 1414
f 1071 123 1254
f 1071 1254 1743
f 124 1710 1255
f 124 1255 125
f 101 99 1256
f 101 1256 103
f 926 703 1257
f 926 1257 494
f 803 1059 1258
f 803 1258 301
f 925 802 1259
f 925 1259 154
f 281 806 1260
f 1482 1744 804
f 1075 1740 1261
f 1075 1261 248
f 100 1720 1262
f 100 1262 801
f 121 1745 1263
f 121 1263 120
f 525 65 1264
f 525 1264 827
f 217 1495 1265
f 217 1265 866
f 386 1489 1266
f 386 1266 1122
f 457 635 1267
f 457 1267 1108
f 252 254 1268
f 252 1268 653
f 643 465 1269
f 643 1269 85
f 1035 32 1270
f 1035 1270 1159
f 550 360 1271
f 550 1271 712
f 810 499 1272
f 810 1272 936
f 357 660 1273
f 357 1273 711
f 768 869 1274
f 768 1274 945
f 428 185 1275
f 428 1516 811
f 1120 838 1276
f 1535 1276 569
f 200 362 1277
f 200 1277 961
f 426 1109 1278
f 426 1278 1086
f 459 937 1279
f 459 1279 1087
f 226 942 1280
f 226 1280 1079
f 496 1080 1281
f 496 1281 1076
f 637 460 1282
f 637 1282 1143
f 959 1523 1283
f 959 1283 836
f 625 462 1284
f 625 1284 1100
f 378 73 1285
f 378 1285 954
f 1570 15 1286
f 13 1286 1149
f 831 473 1287
f 831 1287 724
f 213 899 1288
f 213 1288 1662
f 966 1600 1289
f 966 1289 1101
f 410 841 1290
f 410 1520 513
f 411 719 1291
f 411 1291 1139
f 387 527 1292
f 387 1292 335
f 813 968 1293
f 813 1293 623
f 710 848 1294
f 710 1294 808
f 21 22 1295
f 21 1295 1117
f 1033 96 1296
f 1033 1296 98
f 338 1537 1297
f 338 1297 1085
f 398 1538 1298
f 398 1298 568
f 377 1576 1299
f 377 1299 1542
f 821 384 1300
f 821 1300 69
f 592 392 1301
f 592 1301 889
f 129 1717 1302
f 129 1302 1184
f 578 662 1303
f 1530 1303 350
f 646 382 1304
f 646 1304 78
f 586 1518 1305
f 586 1305 1645
f 128 654 1306
f 128 1499 528
f 744 1177 1307
f 744 1307 1024
f 510 843 1308
f 510 1308 1549
f 1110 431 1309
f 1110 1309 835
f 990 439 1310
f 990 1310 1548
f 504 1091 1311
f 504 1311 232
f 562 403 1312
f 562 1312 79
f 531 1630 1313
f 531 1313 1634
f 633 369 1314
f 633 1314 1112
f 716 336 1315
f 716 1315 82
f 383 1140 1316
f 383 1316 560
f 861 389 1317
f 861 1317 1563
f 71 559 1318
f 71 1318 517
f 474 1612 1319
f 474 1319 1132
f 348 708 1320
f 348 1320 960
f 1018 56 1321
f 1018 1321 439
f 223 712 1322
f 223 1322 229
f 397 936 1323
f 397 1323 553
f 723 554 1324
f 723 1324 222
f 969 1118 1325
f 969 1325 86
f 179 822 1326
f 179 1326 976
f 259 830 1327
f 259 1327 261
f 60 475 1328
f 60 1328 739
f 736 932 1329
f 736 1329 566
f 743 857 1330
f 743 1330 384
f 66 65 1331
f 1556 1331 949
f 713 405 1332
f 713 1332 1109
f 209 760 1333
f 1534 1333 444
f 657 948 1334
f 1555 1334 1147
f 1153 669 1335
f 1153 1335 1639
f 359 214 1336
f 359 1336 971
f 54 1015 1337
f 54 1337 770
f 245 1614 1338
f 245 1338 1597
f 1102 1606 1339
f 1102 1339 170
f 588 1138 1340
f 588 1340 351
f 740 1574 1341
f 740 1341 1616
f 593 192 1342
f 593 1342 754
f 514 997 1343
f 514 1343 352
f 240 239 1344
f 240 1344 241
f 675 97 1345
f 675 1345 1191
f 401 80 1346
f 401 1346 862
f 316 445 1347
f 316 1347 315
f 1156 172 1348
f 1156 1348 178
f 658 2 1349
f 658 1349 748
f 440 1142 1350
f 440 1350 274
f 677 1590 1351
f 677 1351 1011
f 735 1090 1352
f 735 1352 1017
f 642 1545 1353
f 642 1353 1196
f 771 1152 1354
f 771 1354 602
f 194 1618 1355
f 194 1355 1598
f 649 576 1356
f 649 1356 1599
f 594 190 1357
f 594 1357 673
f 28 782 1358
f 28 1358 533
f 601 4 1359
f 601 1359 1
f 155 751 1360
f 155 1360 1243
f 1595 687 1361
f 840 1361 1182
f 880 597 1362
f 880 1362 485
f 742 1609 1363
f 742 1363 180
f 577 1610 1364
f 577 1364 982
f 1190 145 1365
f 1190 1365 427
f 661 816 1366
f 661 1366 479
f 1000 4 1367
f 1000 1367 572
f 565 994 1368
f 565 1368 1133
f 12 1149 1369
f 12 1369 858
f 43 763 1370
f 43 1370 1626
f 1013 876 1371
f 1539 1371 158
f 1622 415 1372
f 331 1372 1064
f 1211 1038 1373
f 1650 1373 32
f 877 1633 1374
f 877 1374 44
f 262 261 1375
f 262 1375 998
f 174 176 1376
f 174 1376 1151
f 153 454 1377
f 153 1377 1210
f 683 477 1378
f 683 1378 856
f 759 216 1379
f 759 1379 639
f 1150 423 1380
f 1150 1380 1581
f 1165 450 1381
f 1165 1381 413
f 102 793 1382
f 102 1382 1070
f 93 92 1383
f 93 1383 732
f 205 204 1384
f 205 1384 1005
f 574 64 1385
f 574 1385 1162
f 347 199 1386
f 347 1386 1567
f 429 36 1387
f 429 1387 1568
f 1240 356 1388
f 1240 1388 1709
f 1239 273 1389
f 1239 1389 1636
f 900 146 1390
f 900 1728 415
f 887 201 1391
f 887 1391 1624
f 837 1643 1392
f 837 1392 1625
f 1135 850 1393
f 1521 1393 11
f 694 300 1394
f 694 1394 536
f 502 448 1395
f 502 1395 823
f 727 1668 1396
f 727 1396 564
f 1034 1141 1397
f 1034 1397 1651
f 603 1679 1398
f 603 1398 1674
f 1249 617 1399
f 1249 1399 372
f 132 1663 1400
f 132 1400 1236
f 640 1671 1401
f 640 1401 521
f 902 1129 1402
f 902 1402 772
f 1192 940 1403
f 1192 1403 874
f 599 783 1404
f 599 1404 1682
f 886 353 1405
f 886 1405 1089
f 1057 453 1406
f 1057 1406 1638
f 781 1199 1407
f 781 1407 1640
f 530 94 1408
f 530 1408 1203
f 765 1031 1409
f 765 1409 685
f 212 1176 1410
f 212 1410 214
f 1029 1696 1411
f 1029 1411 49
f 780 1048 1412
f 780 1412 1702
f 246 243 1413
f 246 1413 852
f 117 1738 1414
f 117 1414 118
f 785 1037 1415
f 785 1415 1652
f 487 972 1416
f 487 1416 1653
f 418 1041 1417
f 418 1417 604
f 700 1042 1418
f 700 1418 766
f 1001 1666 1419
f 1001 1419 165
f 890 787 1420
f 890 1420 317
f 671 916 1421
f 671 1421 1235
f 375 1204 1422
f 375 1422 1225
f 310 311 1423
f 310 1423 1228
f 160 159 1424
f 160 1424 1229
f 893 1010 1425
f 1695 1425 537
f 296 1698 1426
f 296 1426 301
f 1053 1673 1427
f 1053 1427 321
f 1054 1674 1428
f 1054 1428 168
f 756 830 1429
f 756 1429 1227
f 483 306 1430
f 483 1430 693
f 109 665 1431
f 109 1431 115
f 540 1228 1432
f 540 1432 312
f 396 1725 1433
f 396 1433 1210
f 786 393 1434
f 786 1434 1699
f 1043 1716 1435
f 1043 1435 654
f 611 145 1436
f 611 1436 1022
f 114 1703 1437
f 114 1437 1637
f 202 201 1438
f 202 1438 1233
f 38 1643 1439
f 38 1439 682
f 1175 746 1440
f 1175 1440 478
f 339 1222 1441
f 339 1441 914
f 539 1223 1442
f 539 1442 797
f 516 342 1443
f 1675 1443 587
f 1187 779 1444
f 1187 1444 891
f 272 1540 1445
f 272 1445 277
f 236 868 1446
f 236 1446 1640
f 87 1715 1447
f 87 1447 1203
f 1008 335 1448
f 1008 1448 1219
f 208 679 1449
f 208 1449 752
f 104 1070 1450
f 104 1450 511
f 613 1248 1451
f 613 1451 1672
f 618 701 1452
f 618 1452 1072
f 135 773 1453
f 135 1453 1044
f 149 543 1454
f 149 1454 1066
f 910 443 1455
f 910 1455 1212
f 285 286 1456
f 1678 1456 451
f 186 1722 1457
f 186 1457 1652
f 25 670 1458
f 25 1458 1653
f 794 926 1459
f 794 1459 287
f 292 1709 1460
f 292 1460 1065
f 373 773 1461
f 373 1461 138
f 297 1059 1462
f 297 1462 299
f 1069 802 1463
f 1069 1463 152
f 122 927 1464
f 122 1464 1742
f 137 917 1465
f 137 1465 796
f 314 312 1466
f 1628 1466 1197
f 303 308 1467
f 303 1467 299
f 111 1680 1468
f 111 1468 116
f 156 595 1469
f 156 1469 152
f 1256 912 1470
f 1256 1470 103
f 1046 167 1471
f 1046 1471 1733
f 1049 699 1472
f 1049 1472 293
f 416 920 1473
f 1729 1473 140
f 709 1739 1474
f 709 1474 1131
f 284 806 1475
f 1735 1475 896
f 123 1745 1476
f 123 1476 391
f 924 295 1477
f 924 1477 1059
f 695 1705 1478
f 695 1478 802
f 264 263 1479
f 264 1479 265
f 1262 1720 1480
f 1262 1480 1739
f 282 806 1481
f 282 1481 283
f 281 1744 1482
f 281 1482 703
f 928 120 1483
f 928 1483 119
f 223 1097 1484
f 223 1484 229
f 551 1103 1485
f 551 1485 350
f 371 1310 1486
f 371 1486 583
f 349 731 1487
f 349 1487 366
f 643 326 1488
f 643 1488 552
f 597 759 1489
f 597 1489 1362
f 360 500 1490
f 360 1490 1091
f 499 366 1491
f 499 1491 403
f 1131 260 1492
f 1131 1492 653
f 344 1091 1493
f 344 1493 230
f 1096 403 1494
f 1096 1494 497
f 554 1265 1495
f 554 1495 340
f 299 297 1496
f 299 1496 303
f 152 1463 1497
f 152 1497 1068
f 985 1148 1498
f 985 1498 31
f 1306 394 1499
f 1306 1499 128
f 460 1282 1500
f 460 1500 711
f 543 374 1501
f 543 1501 153
f 346 999 1502
f 346 1502 1366
f 943 333 1503
f 943 1503 1287
f 904 1033 1504
f 904 1504 1170
f 836 358 1505
f 836 1505 463
f 1100 1284 1506
f 1100 1506 822
f 1214 50 1507
f 1214 1507 48
f 504 728 1508
f 504 1508 232
f 562 729 1509
f 562 1509 79
f 1328 739 1510
f 1328 1510 589
f 973 706 1511
f 973 1511 1085
f 558 715 1512
f 558 1512 942
f 556 630 1513
f 556 1513 1080
f 1079 1284 1514
f 1079 1514 1280
f 1076 1285 1515
f 1076 1515 1281
f 1275 428 1516
f 1275 1516 1113
f 730 380 1517
f 730 1517 1267
f 524 963 1518
f 524 1518 1440
f 520 1084 1519
f 520 1519 56
f 1290 980 1520
f 1290 1520 410
f 1135 10 1521
f 1135 1521 1393
f 247 245 1522
f 247 1522 1129
f 717 85 1523
f 717 1523 959
f 645 1287 1524
f 645 1524 1276
f 636 570 1525
f 636 1525 503
f 844 64 1526
f 844 1526 1264
f 328 745 1527
f 328 1527 1353
f 8 1106 1528
f 8 1528 82
f 960 629 1529
f 960 1529 557
f 578 324 1530
f 578 1530 1303
f 619 1266 1531
f 619 1531 1322
f 1083 638 1532
f 1083 1532 1323
f 846 184 1533
f 846 1533 707
f 209 1333 1534
f 209 1534 1171
f 1120 1276 1535
f 1120 1535 327
f 1304 967 1536
f 1304 1536 456
f 722 230 1537
f 722 1537 338
f 826 497 1538
f 826 1538 398
f 1013 59 1539
f 1013 1539 1371
f 983 1183 1540
f 983 1540 855
f 1134 19 1541
f 1134 1541 522
f 1132 184 1542
f 1132 1542 409
f 974 469 1543
f 974 1543 570
f 993 1221 1544
f 993 1544 669
f 20 387 1545
f 20 1545 1353
f 183 1094 1546
f 183 1546 1142
f 981 254 1547
f 981 1547 509
f 518 1310 1548
f 518 1548 1077
f 1127 510 1549
f 1127 1549 946
f 864 435 1550
f 864 1550 505
f 971 471 1551
f 971 1551 715
f 580 519 1552
f 580 1552 476
f 408 62 1553
f 408 1553 659
f 384 1330 1554
f 384 1554 821
f 657 219 1555
f 657 1555 1334
f 66 849 1556
f 66 1556 1331
f 937 15 1557
f 937 1557 1279
f 1124 1322 1558
f 1124 1558 1271
f 1125 1323 1559
f 1125 1559 1272
f 7 1160 1560
f 7 1560 3
f 655 180 1561
f 655 1561 434
f 430 1092 1562
f 430 1562 559
f 1111 513 1563
f 1111 1563 1317
f 1291 329 1564
f 1291 1564 1139
f 991 758 1565
f 991 1565 372
f 1138 723 1566
f 1138 1566 464
f 455 1314 1567
f 455 1567 1177
f 964 1315 1568
f 964 1568 1178
f 1179 651 1569
f 1179 1569 405
f 13 734 1570
f 13 1570 1286
f 517 575 1571
f 517 1571 71
f 647 514 1572
f 647 1572 60
f 1295 22 1573
f 1295 1573 629
f 873 5 1574
f 873 1574 1000
f 683 370 1575
f 683 1575 856
f 458 644 1576
f 458 1576 377
f 718 1334 1577
f 718 1577 1340
f 178 1156 1578
f 178 1578 1003
f 341 1034 1579
f 341 1579 564
f 639 1379 1580
f 639 1580 1078
f 977 1380 1581
f 977 1581 75
f 881 1151 1582
f 881 1582 1333
f 862 1346 1583
f 862 1583 84
f 1337 992 1584
f 1337 1584 1015
f 445 1208 1585
f 445 1585 317
f 1007 1171 1586
f 1007 1586 1288
f 1169 575 1587
f 1169 1587 77
f 650 1119 1588
f 650 1588 1154
f 40 1201 1589
f 40 1589 1161
f 761 172 1590
f 761 1590 1009
f 98 1296 1591
f 98 1591 1191
f 80 77 1592
f 80 1592 401
f 863 49 1593
f 863 1593 1168
f 708 1320 1594
f 708 1594 979
f 840 361 1595
f 840 1595 1361
f 1 601 1596
f 1 1596 885
f 667 244 1597
f 667 1597 772
f 874 193 1598
f 874 1598 195
f 875 447 1599
f 875 1599 1145
f 1146 1303 1600
f 1146 1600 1289
f 1325 1118 1601
f 1325 1601 1107
f 843 962 1602
f 843 1602 1289
f 431 962 1603
f 431 1603 1107
f 1365 374 1604
f 1365 1604 427
f 689 906 1605
f 689 1605 313
f 161 538 1606
f 161 1606 163
f 1157 561 1607
f 1157 1607 92
f 1126 567 1608
f 1126 1608 1375
f 181 1133 1609
f 181 1609 621
f 987 858 1610
f 987 1610 424
f 788 300 1611
f 788 1611 542
f 362 859 1612
f 362 1612 200
f 1163 165 1613
f 1163 1613 472
f 995 241 1614
f 995 1614 1338
f 627 175 1615
f 627 1615 999
f 1174 572 1616
f 1174 1616 999
f 1016 353 1617
f 1016 1617 726
f 879 673 1618
f 879 1618 1355
f 576 533 1619
f 576 1619 649
f 714 1366 1620
f 714 1620 947
f 383 442 1621
f 383 1621 1095
f 331 394 1622
f 331 1622 1372
f 485 407 1623
f 485 1623 1166
f 198 1177 1624
f 198 1624 887
f 35 1178 1625
f 35 1625 1392
f 44 43 1626
f 44 1626 1374
f 680 1015 1627
f 680 1627 602
f 314 313 1628
f 314 1628 1466
f 996 477 1629
f 996 1629 589
f 216 531 1630
f 216 1630 1379
f 423 865 1631
f 423 1631 1380
f 1006 318 1632
f 1006 1632 674
f 381 602 1633
f 381 1633 877
f 871 1172 1634
f 871 1634 531
f 676 526 1635
f 676 1635 865
f 277 276 1636
f 277 1636 1014
f 115 1437 1637
f 115 1637 1431
f 1247 1406 1638
f 1247 1638 419
f 258 1153 1639
f 258 1639 998
f 238 1407 1640
f 238 1640 1446
f 131 130 1641
f 131 1641 142
f 201 202 1642
f 201 1642 1391
f 39 1439 1643
f 39 1643 837
f 982 738 1644
f 982 1644 577
f 1215 856 1645
f 1215 1645 674
f 1409 1130 1646
f 1409 1646 144
f 96 1408 1647
f 96 1647 1296
f 541 769 1648
f 541 1648 289
f 1040 191 1649
f 1040 1649 1244
f 1211 1373 1650
f 1211 1650 898
f 1213 1057 1651
f 1213 1651 1034
f 189 1415 1652
f 189 1652 1457
f 26 1416 1653
f 26 1653 25
f 1241 1060 1654
f 1241 1654 1057
f 242 239 1655
f 242 1655 902
f 1021 888 1656
f 1021 1656 1191
f 532 190 1657
f 532 1657 1192
f 681 782 1658
f 681 1658 903
f 1385 1162 1659
f 1385 1659 64
f 789 167 1660
f 789 1660 1339
f 1210 612 1661
f 1210 1661 396
f 1176 622 1662
f 1176 1662 1410
f 1089 132 1663
f 1089 1663 133
f 1028 726 1664
f 1028 1664 1226
f 1222 687 1665
f 1222 1665 418
f 1223 610 1666
f 1223 1666 700
f 752 590 1667
f 752 1667 1449
f 141 140 1668
f 141 1668 684
f 413 1023 1669
f 413 1669 765
f 1384 767 1670
f 1384 1670 206
f 905 768 1671
f 905 1671 1401
f 536 778 1672
f 536 1672 302
f 792 319 1673
f 792 1673 486
f 696 603 1674
f 696 1674 355
f 516 1232 1675
f 516 1675 1443
f 294 1189 1676
f 294 1676 613
f 672 494 1677
f 672 1677 288
f 285 1050 1678
f 285 1678 1456
f 907 1229 1679
f 907 1679 162
f 953 1142 1680
f 953 1680 111
f 678 508 1681
f 678 1681 1005
f 1234 88 1682
f 1234 1682 1058
f 55 1018 1683
f 55 1683 59
f 1051 306 1684
f 1051 1684 339
f 916 1421 1685
f 916 1685 539
f 889 1049 1686
f 889 1686 1301
f 443 1455 1687
f 443 1687 393
f 1202 691 1688
f 1202 1688 892
f 1041 310 1689
f 1041 1689 1417
f 1042 160 1690
f 1042 1690 1418
f 546 1225 1691
f 546 1691 1019
f 693 876 1692
f 693 1692 483
f 1022 876 1693
f 1022 1693 452
f 1360 775 1694
f 1360 1694 751
f 893 287 1695
f 893 1695 1425
f 46 45 1696
f 46 1696 1029
f 104 266 1697
f 104 1697 511
f 922 1064 1698
f 922 1698 1248
f 529 786 1699
f 529 1699 909
f 773 373 1700
f 773 1700 909
f 1452 125 1701
f 1452 1701 701
f 273 780 1702
f 273 1702 1239
f 110 895 1703
f 110 1703 114
f 420 1460 1704
f 420 1704 688
f 1066 921 1705
f 1066 1705 490
f 1052 605 1706
f 1052 1706 390
f 1429 830 1707
f 1429 1707 1227
f 703 1482 1708
f 703 1708 608
f 784 1460 1709
f 784 1709 1388
f 928 120 1710
f 928 1710 119
f 274 440 1711
f 274 1711 278
f 248 249 1712
f 248 1712 1075
f 917 1465 1713
f 917 1713 138
f 868 1446 1714
f 868 1714 202
f 749 87 1715
f 749 1715 1439
f 616 124 1716
f 616 1716 1043
f 391 123 1717
f 391 1717 129
f 1382 793 1718
f 1382 1718 1194
f 1045 1466 1719
f 1045 1719 787
f 99 100 1720
f 99 1720 101
f 1047 107 1721
f 1047 1721 824
f 757 186 1722
f 757 1722 622
f 670 1458 1723
f 670 1723 45
f 301 1426 1724
f 301 1724 1067
f 154 897 1725
f 154 1725 1068
f 1472 699 1726
f 1472 1726 395
f 1470 912 1727
f 1470 1727 267
f 1390 900 1728
f 1390 1728 354
f 416 799 1729
f 416 1729 1473
f 1059 1477 1730
f 1059 1730 1462
f 802 1478 1731
f 802 1731 1069
f 1062 617 1732
f 1062 1732 1475
f 166 162 1733
f 166 1733 164
f 929 286 1734
f 929 1734 617
f 284 1475 1735
f 284 1735 1257
f 915 1388 1736
f 915 1736 1049
f 1448 335 1737
f 1448 1737 1219
f 113 527 1738
f 113 1738 1414
f 271 1261 1739
f 271 1739 1480
f 264 263 1740
f 264 1740 265
f 1245 1050 1741
f 1245 1741 608
f 805 549 1742
f 805 1742 122
f 704 122 1743
f 704 1743 495
f 1260 281 1744
f 1260 1744 283
f 807 495 1745
f 807 1745 121
